source,source_url,published_at,symbol,related_symbols,title,summary,quality_flag,event_type,sentiment,impact_score,confidence
cninfo_disclosure,http://www.cninfo.com.cn/new/disclosure/detail?stockCode=000630&announcementId=1225335106&orgId=gssz0000630&announcementTime=2026-05-29 00:00:00,2026-05-29 00:00:00,000630,000630,2025年年度权益分派实施公告,2025年年度权益分派实施公告,ok,,,,
cninfo_disclosure,http://www.cninfo.com.cn/new/disclosure/detail?stockCode=000630&announcementId=1225321199&orgId=gssz0000630&announcementTime=2026-05-21 00:00:00,2026-05-21 00:00:00,000630,000630,十一届一次董事会会议决议公告,十一届一次董事会会议决议公告,ok,,,,
cninfo_disclosure,http://www.cninfo.com.cn/new/disclosure/detail?stockCode=000630&announcementId=1225304286&orgId=gssz0000630&announcementTime=2026-05-14 00:00:00,2026-05-14 00:00:00,000630,000630,关于独立董事辞职的公告,关于独立董事辞职的公告,ok,,,,
cninfo_disclosure,http://www.cninfo.com.cn/new/disclosure/detail?stockCode=000630&announcementId=1225304285&orgId=gssz0000630&announcementTime=2026-05-14 00:00:00,2026-05-14 00:00:00,000630,000630,关于选举第十一届董事会职工董事的公告,关于选举第十一届董事会职工董事的公告,ok,,,,
cninfo_disclosure,http://www.cninfo.com.cn/new/disclosure/detail?stockCode=000630&announcementId=1225304284&orgId=gssz0000630&announcementTime=2026-05-14 00:00:00,2026-05-14 00:00:00,000630,000630,安徽承义律师事务所关于铜陵有色金属集团股份有限公司召开2025年年度股东会的法律意见书,安徽承义律师事务所关于铜陵有色金属集团股份有限公司召开2025年年度股东会的法律意见书,ok,,,,
cninfo_disclosure,http://www.cninfo.com.cn/new/disclosure/detail?stockCode=000630&announcementId=1225304283&orgId=gssz0000630&announcementTime=2026-05-14 00:00:00,2026-05-14 00:00:00,000630,000630,2025年度股东会决议的公告,2025年度股东会决议的公告,ok,,,,
cninfo_disclosure,http://www.cninfo.com.cn/new/disclosure/detail?stockCode=000630&announcementId=1225226181&orgId=gssz0000630&announcementTime=2026-04-29 00:00:00,2026-04-29 00:00:00,000630,000630,董事会议事规则,董事会议事规则,ok,,,,
cninfo_disclosure,http://www.cninfo.com.cn/new/disclosure/detail?stockCode=000630&announcementId=1225226180&orgId=gssz0000630&announcementTime=2026-04-29 00:00:00,2026-04-29 00:00:00,000630,000630,关于计提资产减值准备的公告,关于计提资产减值准备的公告,ok,,,,
cninfo_disclosure,http://www.cninfo.com.cn/new/disclosure/detail?stockCode=000630&announcementId=1225226179&orgId=gssz0000630&announcementTime=2026-04-29 00:00:00,2026-04-29 00:00:00,000630,000630,关于2025年度股东会增加临时提案暨股东会补充通知,关于2025年度股东会增加临时提案暨股东会补充通知,ok,,,,
cninfo_disclosure,http://www.cninfo.com.cn/new/disclosure/detail?stockCode=000630&announcementId=1225226178&orgId=gssz0000630&announcementTime=2026-04-29 00:00:00,2026-04-29 00:00:00,000630,000630,十届三十次董事会会议决议公告,十届三十次董事会会议决议公告,ok,,,,
cninfo_disclosure,http://www.cninfo.com.cn/new/disclosure/detail?stockCode=000630&announcementId=1225226176&orgId=gssz0000630&announcementTime=2026-04-29 00:00:00,2026-04-29 00:00:00,000630,000630,2026年一季度报告,2026年一季度报告,ok,,,,
cninfo_disclosure,http://www.cninfo.com.cn/new/disclosure/detail?stockCode=000630&announcementId=1225119744&orgId=gssz0000630&announcementTime=2026-04-20 00:00:00,2026-04-20 00:00:00,000630,000630,关于铜陵有色金属集团股份有限公司涉及财务公司关联交易的存款、贷款等金融业务的专项说明,关于铜陵有色金属集团股份有限公司涉及财务公司关联交易的存款、贷款等金融业务的专项说明,ok,,,,
cninfo_disclosure,http://www.cninfo.com.cn/new/disclosure/detail?stockCode=000630&announcementId=1225119743&orgId=gssz0000630&announcementTime=2026-04-20 00:00:00,2026-04-20 00:00:00,000630,000630,关于续聘会计师事务所的公告,关于续聘会计师事务所的公告,ok,,,,
cninfo_disclosure,http://www.cninfo.com.cn/new/disclosure/detail?stockCode=000630&announcementId=1225119742&orgId=gssz0000630&announcementTime=2026-04-20 00:00:00,2026-04-20 00:00:00,000630,000630,关于变更财务顾问主办人的公告,关于变更财务顾问主办人的公告,ok,,,,
cninfo_disclosure,http://www.cninfo.com.cn/new/disclosure/detail?stockCode=000630&announcementId=1225119741&orgId=gssz0000630&announcementTime=2026-04-20 00:00:00,2026-04-20 00:00:00,000630,000630,2026年第一次独立董事专门会议决议,2026年第一次独立董事专门会议决议,ok,,,,
cninfo_disclosure,http://www.cninfo.com.cn/new/disclosure/detail?stockCode=000630&announcementId=1225119740&orgId=gssz0000630&announcementTime=2026-04-20 00:00:00,2026-04-20 00:00:00,000630,000630,2025年度董事会工作报告,2025年度董事会工作报告,ok,,,,
cninfo_disclosure,http://www.cninfo.com.cn/new/disclosure/detail?stockCode=000630&announcementId=1225119739&orgId=gssz0000630&announcementTime=2026-04-20 00:00:00,2026-04-20 00:00:00,000630,000630,关于确认董事及高级管理人员2025年度薪酬及2026年度薪酬方案的公告,关于确认董事及高级管理人员2025年度薪酬及2026年度薪酬方案的公告,ok,,,,
cninfo_disclosure,http://www.cninfo.com.cn/new/disclosure/detail?stockCode=000630&announcementId=1225119738&orgId=gssz0000630&announcementTime=2026-04-20 00:00:00,2026-04-20 00:00:00,000630,000630,2025年度独立董事述职报告（朱明）（已离任）,2025年度独立董事述职报告（朱明）（已离任）,ok,,,,
cninfo_disclosure,http://www.cninfo.com.cn/new/disclosure/detail?stockCode=000630&announcementId=1225119737&orgId=gssz0000630&announcementTime=2026-04-20 00:00:00,2026-04-20 00:00:00,000630,000630,2025年度独立董事述职报告（姚禄仕）,2025年度独立董事述职报告（姚禄仕）,ok,,,,
cninfo_disclosure,http://www.cninfo.com.cn/new/disclosure/detail?stockCode=000630&announcementId=1225119736&orgId=gssz0000630&announcementTime=2026-04-20 00:00:00,2026-04-20 00:00:00,000630,000630,2025年度独立董事述职报告（汤书昆）,2025年度独立董事述职报告（汤书昆）,ok,,,,
cninfo_disclosure,http://www.cninfo.com.cn/new/disclosure/detail?stockCode=000630&announcementId=1225119735&orgId=gssz0000630&announcementTime=2026-04-20 00:00:00,2026-04-20 00:00:00,000630,000630,2025年度独立董事述职报告（尤佳）,2025年度独立董事述职报告（尤佳）,ok,,,,
cninfo_disclosure,http://www.cninfo.com.cn/new/disclosure/detail?stockCode=000630&announcementId=1225119734&orgId=gssz0000630&announcementTime=2026-04-20 00:00:00,2026-04-20 00:00:00,000630,000630,关于召开2025年度网上业绩说明会的通知公告,关于召开2025年度网上业绩说明会的通知公告,ok,,,,
cninfo_disclosure,http://www.cninfo.com.cn/new/disclosure/detail?stockCode=000630&announcementId=1225119733&orgId=gssz0000630&announcementTime=2026-04-20 00:00:00,2026-04-20 00:00:00,000630,000630,铜陵有色金属集团股份有限公司2025环境、社会和公司治理（ESG)报告,铜陵有色金属集团股份有限公司2025环境、社会和公司治理（ESG)报告,ok,,,,
cninfo_disclosure,http://www.cninfo.com.cn/new/disclosure/detail?stockCode=000630&announcementId=1225119732&orgId=gssz0000630&announcementTime=2026-04-20 00:00:00,2026-04-20 00:00:00,000630,000630,内部控制审计报告,内部控制审计报告,ok,,,,
cninfo_disclosure,http://www.cninfo.com.cn/new/disclosure/detail?stockCode=000630&announcementId=1225119731&orgId=gssz0000630&announcementTime=2026-04-20 00:00:00,2026-04-20 00:00:00,000630,000630,2025年度内部控制评价报告,2025年度内部控制评价报告,ok,,,,
cninfo_disclosure,http://www.cninfo.com.cn/new/disclosure/detail?stockCode=000630&announcementId=1225119730&orgId=gssz0000630&announcementTime=2026-04-20 00:00:00,2026-04-20 00:00:00,000630,000630,套期保值管理制度,套期保值管理制度,ok,,,,
cninfo_disclosure,http://www.cninfo.com.cn/new/disclosure/detail?stockCode=000630&announcementId=1225119729&orgId=gssz0000630&announcementTime=2026-04-20 00:00:00,2026-04-20 00:00:00,000630,000630,关于“质量回报双提升”行动方案的进展公告,关于“质量回报双提升”行动方案的进展公告,ok,,,,
cninfo_disclosure,http://www.cninfo.com.cn/new/disclosure/detail?stockCode=000630&announcementId=1225119728&orgId=gssz0000630&announcementTime=2026-04-20 00:00:00,2026-04-20 00:00:00,000630,000630,关于2026年向金融机构申请综合授信额度的公告,关于2026年向金融机构申请综合授信额度的公告,ok,,,,
cninfo_disclosure,http://www.cninfo.com.cn/new/disclosure/detail?stockCode=000630&announcementId=1225119727&orgId=gssz0000630&announcementTime=2026-04-20 00:00:00,2026-04-20 00:00:00,000630,000630,关于同一控制下企业合并追溯调整财务数据的公告,关于同一控制下企业合并追溯调整财务数据的公告,ok,,,,
cninfo_disclosure,http://www.cninfo.com.cn/new/disclosure/detail?stockCode=000630&announcementId=1225119726&orgId=gssz0000630&announcementTime=2026-04-20 00:00:00,2026-04-20 00:00:00,000630,000630,关于铜陵有色金属集团股份有限公司同一控制下企业合并追溯调整财务报表的专项说明,关于铜陵有色金属集团股份有限公司同一控制下企业合并追溯调整财务报表的专项说明,ok,,,,
cninfo_disclosure,http://www.cninfo.com.cn/new/disclosure/detail?stockCode=000630&announcementId=1225119725&orgId=gssz0000630&announcementTime=2026-04-20 00:00:00,2026-04-20 00:00:00,000630,000630,关于会计政策变更的公告,关于会计政策变更的公告,ok,,,,
cninfo_disclosure,http://www.cninfo.com.cn/new/disclosure/detail?stockCode=000630&announcementId=1225119724&orgId=gssz0000630&announcementTime=2026-04-20 00:00:00,2026-04-20 00:00:00,000630,000630,关于计提资产减值准备的公告,关于计提资产减值准备的公告,ok,,,,
cninfo_disclosure,http://www.cninfo.com.cn/new/disclosure/detail?stockCode=000630&announcementId=1225119723&orgId=gssz0000630&announcementTime=2026-04-20 00:00:00,2026-04-20 00:00:00,000630,000630,独立董事候选人声明与承诺（尤佳）,独立董事候选人声明与承诺（尤佳）,ok,,,,
cninfo_disclosure,http://www.cninfo.com.cn/new/disclosure/detail?stockCode=000630&announcementId=1225119722&orgId=gssz0000630&announcementTime=2026-04-20 00:00:00,2026-04-20 00:00:00,000630,000630,独立董事提名人声明与承诺（一）,独立董事提名人声明与承诺（一）,ok,,,,
cninfo_disclosure,http://www.cninfo.com.cn/new/disclosure/detail?stockCode=000630&announcementId=1225119721&orgId=gssz0000630&announcementTime=2026-04-20 00:00:00,2026-04-20 00:00:00,000630,000630,独立董事提名人声明与承诺（二）,独立董事提名人声明与承诺（二）,ok,,,,
cninfo_disclosure,http://www.cninfo.com.cn/new/disclosure/detail?stockCode=000630&announcementId=1225119720&orgId=gssz0000630&announcementTime=2026-04-20 00:00:00,2026-04-20 00:00:00,000630,000630,独立董事提名人声明与承诺（三）,独立董事提名人声明与承诺（三）,ok,,,,
cninfo_disclosure,http://www.cninfo.com.cn/new/disclosure/detail?stockCode=000630&announcementId=1225119719&orgId=gssz0000630&announcementTime=2026-04-20 00:00:00,2026-04-20 00:00:00,000630,000630,独立董事候选人声明与承诺（朱卫东）,独立董事候选人声明与承诺（朱卫东）,ok,,,,
cninfo_disclosure,http://www.cninfo.com.cn/new/disclosure/detail?stockCode=000630&announcementId=1225119718&orgId=gssz0000630&announcementTime=2026-04-20 00:00:00,2026-04-20 00:00:00,000630,000630,独立董事候选人声明与承诺（汤书昆）,独立董事候选人声明与承诺（汤书昆）,ok,,,,
cninfo_disclosure,http://www.cninfo.com.cn/new/disclosure/detail?stockCode=000630&announcementId=1225119717&orgId=gssz0000630&announcementTime=2026-04-20 00:00:00,2026-04-20 00:00:00,000630,000630,关于2026年度金融类日常关联交易预计的公告,关于2026年度金融类日常关联交易预计的公告,ok,,,,
cninfo_disclosure,http://www.cninfo.com.cn/new/disclosure/detail?stockCode=000630&announcementId=1225119716&orgId=gssz0000630&announcementTime=2026-04-20 00:00:00,2026-04-20 00:00:00,000630,000630,关于开展2026年度货币类期货和衍生品套期保值业务的可行性分析报告,关于开展2026年度货币类期货和衍生品套期保值业务的可行性分析报告,ok,,,,
cninfo_disclosure,http://www.cninfo.com.cn/new/disclosure/detail?stockCode=000630&announcementId=1225119715&orgId=gssz0000630&announcementTime=2026-04-20 00:00:00,2026-04-20 00:00:00,000630,000630,关于开展2026年度商品类期货和衍生品套期保值业务的可行性分析报告,关于开展2026年度商品类期货和衍生品套期保值业务的可行性分析报告,ok,,,,
cninfo_disclosure,http://www.cninfo.com.cn/new/disclosure/detail?stockCode=000630&announcementId=1225119714&orgId=gssz0000630&announcementTime=2026-04-20 00:00:00,2026-04-20 00:00:00,000630,000630,关于开展2026年度货币类期货和衍生品套期保值业务的公告,关于开展2026年度货币类期货和衍生品套期保值业务的公告,ok,,,,
cninfo_disclosure,http://www.cninfo.com.cn/new/disclosure/detail?stockCode=000630&announcementId=1225119713&orgId=gssz0000630&announcementTime=2026-04-20 00:00:00,2026-04-20 00:00:00,000630,000630,关于开展2026年度商品类期货和衍生品套期保值业务并追认套期保值业务的公告,关于开展2026年度商品类期货和衍生品套期保值业务并追认套期保值业务的公告,ok,,,,
cninfo_disclosure,http://www.cninfo.com.cn/new/disclosure/detail?stockCode=000630&announcementId=1225119712&orgId=gssz0000630&announcementTime=2026-04-20 00:00:00,2026-04-20 00:00:00,000630,000630,关于召开2025年度股东会的通知,关于召开2025年度股东会的通知,ok,,,,
cninfo_disclosure,http://www.cninfo.com.cn/new/disclosure/detail?stockCode=000630&announcementId=1225119711&orgId=gssz0000630&announcementTime=2026-04-20 00:00:00,2026-04-20 00:00:00,000630,000630,十届二十九次董事会会议决议公告,十届二十九次董事会会议决议公告,ok,,,,
cninfo_disclosure,http://www.cninfo.com.cn/new/disclosure/detail?stockCode=000630&announcementId=1225119710&orgId=gssz0000630&announcementTime=2026-04-20 00:00:00,2026-04-20 00:00:00,000630,000630,关于2025年度利润分配预案的公告,关于2025年度利润分配预案的公告,ok,,,,
cninfo_disclosure,http://www.cninfo.com.cn/new/disclosure/detail?stockCode=000630&announcementId=1225119709&orgId=gssz0000630&announcementTime=2026-04-20 00:00:00,2026-04-20 00:00:00,000630,000630,关于铜陵有色金属集团财务有限公司的风险评估报告,关于铜陵有色金属集团财务有限公司的风险评估报告,ok,,,,
cninfo_disclosure,http://www.cninfo.com.cn/new/disclosure/detail?stockCode=000630&announcementId=1225119708&orgId=gssz0000630&announcementTime=2026-04-20 00:00:00,2026-04-20 00:00:00,000630,000630,独立财务顾问关于铜陵有色金属集团股份有限公司发行股份、可转换公司债券及支付现金购买资产并募集配套资金暨关联交易2025年度业绩承诺实现情况的核查意见,独立财务顾问关于铜陵有色金属集团股份有限公司发行股份、可转换公司债券及支付现金购买资产并募集配套资金暨关联交易2025年度业绩承诺实现情况的核查意见,ok,,,,
cninfo_disclosure,http://www.cninfo.com.cn/new/disclosure/detail?stockCode=000630&announcementId=1225119707&orgId=gssz0000630&announcementTime=2026-04-20 00:00:00,2026-04-20 00:00:00,000630,000630,关于铜陵有色金属集团股份有限公司实际盈利数与盈利预测数差异的鉴证报告,关于铜陵有色金属集团股份有限公司实际盈利数与盈利预测数差异的鉴证报告,ok,,,,
cninfo_disclosure,http://www.cninfo.com.cn/new/disclosure/detail?stockCode=000630&announcementId=1225119706&orgId=gssz0000630&announcementTime=2026-04-20 00:00:00,2026-04-20 00:00:00,000630,000630,关于中铁建铜冠投资有限公司2025年度业绩承诺完成情况鉴证报告,关于中铁建铜冠投资有限公司2025年度业绩承诺完成情况鉴证报告,ok,,,,
cninfo_disclosure,http://www.cninfo.com.cn/new/disclosure/detail?stockCode=000630&announcementId=1225119705&orgId=gssz0000630&announcementTime=2026-04-20 00:00:00,2026-04-20 00:00:00,000630,000630,关于控股子公司中铁建铜冠2025年度业绩承诺实现情况的公告,关于控股子公司中铁建铜冠2025年度业绩承诺实现情况的公告,ok,,,,
cninfo_disclosure,http://www.cninfo.com.cn/new/disclosure/detail?stockCode=000630&announcementId=1225119704&orgId=gssz0000630&announcementTime=2026-04-20 00:00:00,2026-04-20 00:00:00,000630,000630,关于会计师事务所2025年度履职情况的评估报告,关于会计师事务所2025年度履职情况的评估报告,ok,,,,
cninfo_disclosure,http://www.cninfo.com.cn/new/disclosure/detail?stockCode=000630&announcementId=1225119703&orgId=gssz0000630&announcementTime=2026-04-20 00:00:00,2026-04-20 00:00:00,000630,000630,2025年度审计委员会履职暨对会计师事务所履行监督职责的总结报告,2025年度审计委员会履职暨对会计师事务所履行监督职责的总结报告,ok,,,,
cninfo_disclosure,http://www.cninfo.com.cn/new/disclosure/detail?stockCode=000630&announcementId=1225119702&orgId=gssz0000630&announcementTime=2026-04-20 00:00:00,2026-04-20 00:00:00,000630,000630,非经营性资金占用及其他关联资金往来情况的专项审计说明,非经营性资金占用及其他关联资金往来情况的专项审计说明,ok,,,,
cninfo_disclosure,http://www.cninfo.com.cn/new/disclosure/detail?stockCode=000630&announcementId=1225119701&orgId=gssz0000630&announcementTime=2026-04-20 00:00:00,2026-04-20 00:00:00,000630,000630,2025年度非经营性资金占用及其他关联资金往来情况汇总表,2025年度非经营性资金占用及其他关联资金往来情况汇总表,ok,,,,
cninfo_disclosure,http://www.cninfo.com.cn/new/disclosure/detail?stockCode=000630&announcementId=1225119700&orgId=gssz0000630&announcementTime=2026-04-20 00:00:00,2026-04-20 00:00:00,000630,000630,董事会关于独立董事独立性自查情况的专项报告,董事会关于独立董事独立性自查情况的专项报告,ok,,,,
cninfo_disclosure,http://www.cninfo.com.cn/new/disclosure/detail?stockCode=000630&announcementId=1225119699&orgId=gssz0000630&announcementTime=2026-04-20 00:00:00,2026-04-20 00:00:00,000630,000630,2025年年度审计报告,2025年年度审计报告,ok,,,,
cninfo_disclosure,http://www.cninfo.com.cn/new/disclosure/detail?stockCode=000630&announcementId=1225119697&orgId=gssz0000630&announcementTime=2026-04-20 00:00:00,2026-04-20 00:00:00,000630,000630,2025年年度报告,2025年年度报告,ok,,,,
cninfo_disclosure,http://www.cninfo.com.cn/new/disclosure/detail?stockCode=000630&announcementId=1225119696&orgId=gssz0000630&announcementTime=2026-04-20 00:00:00,2026-04-20 00:00:00,000630,000630,2025年年度报告摘要,2025年年度报告摘要,ok,,,,
cninfo_disclosure,http://www.cninfo.com.cn/new/disclosure/detail?stockCode=000630&announcementId=1224956479&orgId=gssz0000630&announcementTime=2026-01-30 00:00:00,2026-01-30 00:00:00,000630,000630,股票交易异常波动公告,股票交易异常波动公告,ok,,,,
cninfo_disclosure,http://www.cninfo.com.cn/new/disclosure/detail?stockCode=000630&announcementId=1224950548&orgId=gssz0000630&announcementTime=2026-01-27 00:00:00,2026-01-27 00:00:00,000630,000630,股票交易异常波动公告,股票交易异常波动公告,ok,,,,
cninfo_disclosure,http://www.cninfo.com.cn/new/disclosure/detail?stockCode=000630&announcementId=1224913878&orgId=gssz0000630&announcementTime=2026-01-05 00:00:00,2026-01-05 00:00:00,000630,000630,关于控股子公司项目延期的公告,关于控股子公司项目延期的公告,ok,,,,
cninfo_disclosure,http://www.cninfo.com.cn/new/disclosure/detail?stockCode=000630&announcementId=1224907663&orgId=gssz0000630&announcementTime=2025-12-31 00:00:00,2025-12-31 00:00:00,000630,000630,关于选举第十届董事会职工董事的公告,关于选举第十届董事会职工董事的公告,ok,,,,
cninfo_disclosure,http://www.cninfo.com.cn/new/disclosure/detail?stockCode=000630&announcementId=1224904793&orgId=gssz0000630&announcementTime=2025-12-30 00:00:00,2025-12-30 00:00:00,000630,000630,安徽承义律师事务所关于铜陵有色金属集团股份有限公司召开2025年第三次临时股东会的法律意见书,安徽承义律师事务所关于铜陵有色金属集团股份有限公司召开2025年第三次临时股东会的法律意见书,ok,,,,
cninfo_disclosure,http://www.cninfo.com.cn/new/disclosure/detail?stockCode=000630&announcementId=1224904792&orgId=gssz0000630&announcementTime=2025-12-30 00:00:00,2025-12-30 00:00:00,000630,000630,2025年第三次临时股东会决议的公告,2025年第三次临时股东会决议的公告,ok,,,,
cninfo_disclosure,http://www.cninfo.com.cn/new/disclosure/detail?stockCode=000630&announcementId=1224881678&orgId=gssz0000630&announcementTime=2025-12-17 00:00:00,2025-12-17 00:00:00,000630,000630,关于铜陵有色金属集团财务有限公司为关联方提供金融服务的风险处置预案,关于铜陵有色金属集团财务有限公司为关联方提供金融服务的风险处置预案,ok,,,,
cninfo_disclosure,http://www.cninfo.com.cn/new/disclosure/detail?stockCode=000630&announcementId=1224881677&orgId=gssz0000630&announcementTime=2025-12-17 00:00:00,2025-12-17 00:00:00,000630,000630,董事会专门委员会工作细则,董事会专门委员会工作细则,ok,,,,
cninfo_disclosure,http://www.cninfo.com.cn/new/disclosure/detail?stockCode=000630&announcementId=1224881676&orgId=gssz0000630&announcementTime=2025-12-17 00:00:00,2025-12-17 00:00:00,000630,000630,董事和高级管理人员所持本公司股份及其变动管理制度,董事和高级管理人员所持本公司股份及其变动管理制度,ok,,,,
cninfo_disclosure,http://www.cninfo.com.cn/new/disclosure/detail?stockCode=000630&announcementId=1224881675&orgId=gssz0000630&announcementTime=2025-12-17 00:00:00,2025-12-17 00:00:00,000630,000630,董事和高级管理人员离职管理制度,董事和高级管理人员离职管理制度,ok,,,,
cninfo_disclosure,http://www.cninfo.com.cn/new/disclosure/detail?stockCode=000630&announcementId=1224881674&orgId=gssz0000630&announcementTime=2025-12-17 00:00:00,2025-12-17 00:00:00,000630,000630,独立董事工作制度,独立董事工作制度,ok,,,,
cninfo_disclosure,http://www.cninfo.com.cn/new/disclosure/detail?stockCode=000630&announcementId=1224881673&orgId=gssz0000630&announcementTime=2025-12-17 00:00:00,2025-12-17 00:00:00,000630,000630,董事会秘书工作细则,董事会秘书工作细则,ok,,,,
cninfo_disclosure,http://www.cninfo.com.cn/new/disclosure/detail?stockCode=000630&announcementId=1224881672&orgId=gssz0000630&announcementTime=2025-12-17 00:00:00,2025-12-17 00:00:00,000630,000630,信息披露事务管理制度,信息披露事务管理制度,ok,,,,
cninfo_disclosure,http://www.cninfo.com.cn/new/disclosure/detail?stockCode=000630&announcementId=1224881671&orgId=gssz0000630&announcementTime=2025-12-17 00:00:00,2025-12-17 00:00:00,000630,000630,内幕信息知情人管理制度,内幕信息知情人管理制度,ok,,,,
cninfo_disclosure,http://www.cninfo.com.cn/new/disclosure/detail?stockCode=000630&announcementId=1224881670&orgId=gssz0000630&announcementTime=2025-12-17 00:00:00,2025-12-17 00:00:00,000630,000630,经理工作细则,经理工作细则,ok,,,,
cninfo_disclosure,http://www.cninfo.com.cn/new/disclosure/detail?stockCode=000630&announcementId=1224881669&orgId=gssz0000630&announcementTime=2025-12-17 00:00:00,2025-12-17 00:00:00,000630,000630,信息披露暂缓与豁免管理制度,信息披露暂缓与豁免管理制度,ok,,,,
cninfo_disclosure,http://www.cninfo.com.cn/new/disclosure/detail?stockCode=000630&announcementId=1224881668&orgId=gssz0000630&announcementTime=2025-12-17 00:00:00,2025-12-17 00:00:00,000630,000630,投资者关系管理制度,投资者关系管理制度,ok,,,,
cninfo_disclosure,http://www.cninfo.com.cn/new/disclosure/detail?stockCode=000630&announcementId=1224881667&orgId=gssz0000630&announcementTime=2025-12-17 00:00:00,2025-12-17 00:00:00,000630,000630,董事会决议跟踪落实及后评估制度,董事会决议跟踪落实及后评估制度,ok,,,,
cninfo_disclosure,http://www.cninfo.com.cn/new/disclosure/detail?stockCode=000630&announcementId=1224881666&orgId=gssz0000630&announcementTime=2025-12-17 00:00:00,2025-12-17 00:00:00,000630,000630,董事会授权管理制度,董事会授权管理制度,ok,,,,
cninfo_disclosure,http://www.cninfo.com.cn/new/disclosure/detail?stockCode=000630&announcementId=1224881665&orgId=gssz0000630&announcementTime=2025-12-17 00:00:00,2025-12-17 00:00:00,000630,000630,内部审计制度,内部审计制度,ok,,,,
cninfo_disclosure,http://www.cninfo.com.cn/new/disclosure/detail?stockCode=000630&announcementId=1224881664&orgId=gssz0000630&announcementTime=2025-12-17 00:00:00,2025-12-17 00:00:00,000630,000630,子公司管理办法,子公司管理办法,ok,,,,
eastmoney_stock_news,http://finance.eastmoney.com/a/202604303726683750.html,2026-04-30 20:27:00,600362,600362,600362，又拟分拆上市！,【导读】江西铜业重启分拆上市计划，控股子公司江铜铜箔拟港股IPO 4月30日晚间，江西铜业发布公告称，公司拟分拆控股子公司江西省江铜铜箔科技股份有限公司（以下简称江铜铜箔）至香港联交所上市。 此前，江西铜业拟分拆江铜铜箔至深交所上市，并在2023年6月过会，但2024年6月终止分拆上市计划,ok,,,,
eastmoney_stock_news,http://finance.eastmoney.com/a/202606103766792144.html,2026-06-10 17:37:00,600362,600362,解密主力资金出逃股 连续5日净流出684股,7.06 5.65 -5.87 300573 兴齐眼药 23 7.03 10.02 -24.81 688167 炬光科技 5 7.00 7.26 -14.43 000983 山西焦煤 7 6.90 8.84 -1.78 300409 道氏技术 13 6.41 9.50 -19.51 600362,ok,,,,
eastmoney_stock_news,http://finance.eastmoney.com/a/202606083763665446.html,2026-06-08 17:12:00,600362,600362,有色金属行业资金流出榜：紫金矿业、北方稀土等净流出资金居前,20048.98 600489 中金黄金 -6.44 1.78 -18835.52 002149 西部材料 -2.49 11.55 -18159.62 000831 中国稀土 -4.77 4.55 -17118.36 000060 中金岭南 -6.71 5.65 -15203.88 600362,ok,,,,
eastmoney_stock_news,http://finance.eastmoney.com/a/202606093765150767.html,2026-06-09 16:35:00,600362,600362,解密主力资金出逃股 连续5日净流出652股,江苏国信 7 6.25 5.41 1.74 300602 飞荣达 5 6.08 8.69 -6.16 002432 九安医疗 7 6.05 4.95 -9.53 688516 奥特维 12 6.03 7.06 -28.66 000983 山西焦煤 6 5.88 8.22 2.19 600362,ok,,,,
cninfo_disclosure,http://www.cninfo.com.cn/new/disclosure/detail?stockCode=600362&announcementId=1225354387&orgId=gssh0600362&announcementTime=2026-06-06 00:00:00,2026-06-06 00:00:00,600362,600362,江西铜业股份有限公司2025年年度股东会决议公告,江西铜业股份有限公司2025年年度股东会决议公告,ok,,,,
cninfo_disclosure,http://www.cninfo.com.cn/new/disclosure/detail?stockCode=600362&announcementId=1225354379&orgId=gssh0600362&announcementTime=2026-06-06 00:00:00,2026-06-06 00:00:00,600362,600362,北京德恒律师事务所关于江西铜业股份有限公司2025年年度股东会的法律意见,北京德恒律师事务所关于江西铜业股份有限公司2025年年度股东会的法律意见,ok,,,,
cninfo_disclosure,http://www.cninfo.com.cn/new/disclosure/detail?stockCode=600362&announcementId=1225284285&orgId=gssh0600362&announcementTime=2026-05-09 00:00:00,2026-05-09 00:00:00,600362,600362,江西铜业股份有限公司2025年年度股东会会议资料,江西铜业股份有限公司2025年年度股东会会议资料,ok,,,,
cninfo_disclosure,http://www.cninfo.com.cn/new/disclosure/detail?stockCode=600362&announcementId=1225278636&orgId=gssh0600362&announcementTime=2026-05-07 00:00:00,2026-05-07 00:00:00,600362,600362,江西铜业股份有限公司关于召开2025年年度股东会的通知,江西铜业股份有限公司关于召开2025年年度股东会的通知,ok,,,,
cninfo_disclosure,http://www.cninfo.com.cn/new/disclosure/detail?stockCode=600362&announcementId=1225278618&orgId=gssh0600362&announcementTime=2026-05-07 00:00:00,2026-05-07 00:00:00,600362,600362,江西铜业股份有限公司关于参加江西辖区上市公司2026年投资者网上集体接待日活动的公告,江西铜业股份有限公司关于参加江西辖区上市公司2026年投资者网上集体接待日活动的公告,ok,,,,
cninfo_disclosure,http://www.cninfo.com.cn/new/disclosure/detail?stockCode=600362&announcementId=1225272496&orgId=gssh0600362&announcementTime=2026-05-01 00:00:00,2026-05-01 00:00:00,600362,600362,江西铜业股份有限公司关于拟筹划控股子公司分拆上市的提示性公告,江西铜业股份有限公司关于拟筹划控股子公司分拆上市的提示性公告,ok,,,,
cninfo_disclosure,http://www.cninfo.com.cn/new/disclosure/detail?stockCode=600362&announcementId=1225226781&orgId=gssh0600362&announcementTime=2026-04-29 00:00:00,2026-04-29 00:00:00,600362,600362,江西铜业股份有限公司2026年第一季度报告,江西铜业股份有限公司2026年第一季度报告,ok,,,,
cninfo_disclosure,http://www.cninfo.com.cn/new/disclosure/detail?stockCode=600362&announcementId=1225226659&orgId=gssh0600362&announcementTime=2026-04-29 00:00:00,2026-04-29 00:00:00,600362,600362,江西铜业股份有限公司第十届董事会第十七次会议决议公告,江西铜业股份有限公司第十届董事会第十七次会议决议公告,ok,,,,
cninfo_disclosure,http://www.cninfo.com.cn/new/disclosure/detail?stockCode=600362&announcementId=1225092285&orgId=gssh0600362&announcementTime=2026-04-11 00:00:00,2026-04-11 00:00:00,600362,600362,江西铜业股份有限公司关于控股股东公开发行可交换公司债券发行完成的公告,江西铜业股份有限公司关于控股股东公开发行可交换公司债券发行完成的公告,ok,,,,
cninfo_disclosure,http://www.cninfo.com.cn/new/disclosure/detail?stockCode=600362&announcementId=1225078769&orgId=gssh0600362&announcementTime=2026-04-04 00:00:00,2026-04-04 00:00:00,600362,600362,江西铜业股份有限公司关于召开2025年度业绩说明会的公告,江西铜业股份有限公司关于召开2025年度业绩说明会的公告,ok,,,,
cninfo_disclosure,http://www.cninfo.com.cn/new/disclosure/detail?stockCode=600362&announcementId=1225034790&orgId=gssh0600362&announcementTime=2026-03-27 00:00:00,2026-03-27 00:00:00,600362,600362,江西铜业股份有限公司2025年度内部控制审计报告,江西铜业股份有限公司2025年度内部控制审计报告,ok,,,,
cninfo_disclosure,http://www.cninfo.com.cn/new/disclosure/detail?stockCode=600362&announcementId=1225034786&orgId=gssh0600362&announcementTime=2026-03-27 00:00:00,2026-03-27 00:00:00,600362,600362,江西铜业股份有限公司独立董事2025年度述职报告（刘志宏）,江西铜业股份有限公司独立董事2025年度述职报告（刘志宏）,ok,,,,
cninfo_disclosure,http://www.cninfo.com.cn/new/disclosure/detail?stockCode=600362&announcementId=1225034784&orgId=gssh0600362&announcementTime=2026-03-27 00:00:00,2026-03-27 00:00:00,600362,600362,江西铜业股份有限公司2025年度内部控制评价报告,江西铜业股份有限公司2025年度内部控制评价报告,ok,,,,
cninfo_disclosure,http://www.cninfo.com.cn/new/disclosure/detail?stockCode=600362&announcementId=1225034783&orgId=gssh0600362&announcementTime=2026-03-27 00:00:00,2026-03-27 00:00:00,600362,600362,江西铜业股份有限公司2025年度可持续发展报告,江西铜业股份有限公司2025年度可持续发展报告,ok,,,,
cninfo_disclosure,http://www.cninfo.com.cn/new/disclosure/detail?stockCode=600362&announcementId=1225034776&orgId=gssh0600362&announcementTime=2026-03-27 00:00:00,2026-03-27 00:00:00,600362,600362,江西铜业股份有限公司关于2025年度计提资产减值准备的公告,江西铜业股份有限公司关于2025年度计提资产减值准备的公告,ok,,,,
cninfo_disclosure,http://www.cninfo.com.cn/new/disclosure/detail?stockCode=600362&announcementId=1225034774&orgId=gssh0600362&announcementTime=2026-03-27 00:00:00,2026-03-27 00:00:00,600362,600362,江西铜业股份有限公司2025年度可持续发展报告摘要,江西铜业股份有限公司2025年度可持续发展报告摘要,ok,,,,
cninfo_disclosure,http://www.cninfo.com.cn/new/disclosure/detail?stockCode=600362&announcementId=1225034773&orgId=gssh0600362&announcementTime=2026-03-27 00:00:00,2026-03-27 00:00:00,600362,600362,江西铜业股份有限公司2025年非经营性资金占用及其他关联资金往来情况的专项说明,江西铜业股份有限公司2025年非经营性资金占用及其他关联资金往来情况的专项说明,ok,,,,
cninfo_disclosure,http://www.cninfo.com.cn/new/disclosure/detail?stockCode=600362&announcementId=1225034769&orgId=gssh0600362&announcementTime=2026-03-27 00:00:00,2026-03-27 00:00:00,600362,600362,江西铜业股份有限公司独立董事2025年度述职报告（王丰）,江西铜业股份有限公司独立董事2025年度述职报告（王丰）,ok,,,,
cninfo_disclosure,http://www.cninfo.com.cn/new/disclosure/detail?stockCode=600362&announcementId=1225034762&orgId=gssh0600362&announcementTime=2026-03-27 00:00:00,2026-03-27 00:00:00,600362,600362,江西铜业股份有限公司关于控股股东拟公开发行可交换公司债券办理持有股份担保及信托登记的公告,江西铜业股份有限公司关于控股股东拟公开发行可交换公司债券办理持有股份担保及信托登记的公告,ok,,,,
cninfo_disclosure,http://www.cninfo.com.cn/new/disclosure/detail?stockCode=600362&announcementId=1225034758&orgId=gssh0600362&announcementTime=2026-03-27 00:00:00,2026-03-27 00:00:00,600362,600362,江西铜业股份有限公司2025年年度报告,江西铜业股份有限公司2025年年度报告,ok,,,,
cninfo_disclosure,http://www.cninfo.com.cn/new/disclosure/detail?stockCode=600362&announcementId=1225034748&orgId=gssh0600362&announcementTime=2026-03-27 00:00:00,2026-03-27 00:00:00,600362,600362,江西铜业股份有限公司关于2025年度末期利润分配方案公告,江西铜业股份有限公司关于2025年度末期利润分配方案公告,ok,,,,
cninfo_disclosure,http://www.cninfo.com.cn/new/disclosure/detail?stockCode=600362&announcementId=1225034747&orgId=gssh0600362&announcementTime=2026-03-27 00:00:00,2026-03-27 00:00:00,600362,600362,江西铜业股份有限公司董事会关于独立董事独立性自查情况的专项意见,江西铜业股份有限公司董事会关于独立董事独立性自查情况的专项意见,ok,,,,
cninfo_disclosure,http://www.cninfo.com.cn/new/disclosure/detail?stockCode=600362&announcementId=1225034742&orgId=gssh0600362&announcementTime=2026-03-27 00:00:00,2026-03-27 00:00:00,600362,600362,江西铜业股份有限公司董事会独立审核委员会（审计委员会）2025年度对会计师事务所履行监督职责情况报告,江西铜业股份有限公司董事会独立审核委员会（审计委员会）2025年度对会计师事务所履行监督职责情况报告,ok,,,,
cninfo_disclosure,http://www.cninfo.com.cn/new/disclosure/detail?stockCode=600362&announcementId=1225034739&orgId=gssh0600362&announcementTime=2026-03-27 00:00:00,2026-03-27 00:00:00,600362,600362,江西铜业股份有限公司2025年度审计报告,江西铜业股份有限公司2025年度审计报告,ok,,,,
cninfo_disclosure,http://www.cninfo.com.cn/new/disclosure/detail?stockCode=600362&announcementId=1225034737&orgId=gssh0600362&announcementTime=2026-03-27 00:00:00,2026-03-27 00:00:00,600362,600362,江西铜业股份有限公司关于控股子公司江西铜业集团财务有限公司的风险持续评估报告,江西铜业股份有限公司关于控股子公司江西铜业集团财务有限公司的风险持续评估报告,ok,,,,
cninfo_disclosure,http://www.cninfo.com.cn/new/disclosure/detail?stockCode=600362&announcementId=1225034736&orgId=gssh0600362&announcementTime=2026-03-27 00:00:00,2026-03-27 00:00:00,600362,600362,江西铜业股份有限公司2025年度对会计师事务所履职情况评估报告,江西铜业股份有限公司2025年度对会计师事务所履职情况评估报告,ok,,,,
cninfo_disclosure,http://www.cninfo.com.cn/new/disclosure/detail?stockCode=600362&announcementId=1225034734&orgId=gssh0600362&announcementTime=2026-03-27 00:00:00,2026-03-27 00:00:00,600362,600362,江西铜业股份有限公司关于开展期货及衍生品套期保值业务的可行性分析报告,江西铜业股份有限公司关于开展期货及衍生品套期保值业务的可行性分析报告,ok,,,,
cninfo_disclosure,http://www.cninfo.com.cn/new/disclosure/detail?stockCode=600362&announcementId=1225034731&orgId=gssh0600362&announcementTime=2026-03-27 00:00:00,2026-03-27 00:00:00,600362,600362,江西铜业股份有限公司2025年年度报告摘要,江西铜业股份有限公司2025年年度报告摘要,ok,,,,
cninfo_disclosure,http://www.cninfo.com.cn/new/disclosure/detail?stockCode=600362&announcementId=1225034729&orgId=gssh0600362&announcementTime=2026-03-27 00:00:00,2026-03-27 00:00:00,600362,600362,江西铜业股份有限公司独立董事2025年度述职报告（刘淑英）,江西铜业股份有限公司独立董事2025年度述职报告（刘淑英）,ok,,,,
cninfo_disclosure,http://www.cninfo.com.cn/new/disclosure/detail?stockCode=600362&announcementId=1225034723&orgId=gssh0600362&announcementTime=2026-03-27 00:00:00,2026-03-27 00:00:00,600362,600362,江西铜业股份有限公司独立审核委员会（审计委员会）2025年履职情况报告,江西铜业股份有限公司独立审核委员会（审计委员会）2025年履职情况报告,ok,,,,
cninfo_disclosure,http://www.cninfo.com.cn/new/disclosure/detail?stockCode=600362&announcementId=1225034721&orgId=gssh0600362&announcementTime=2026-03-27 00:00:00,2026-03-27 00:00:00,600362,600362,江西铜业股份有限公司第十届董事会第十六次会议决议公告,江西铜业股份有限公司第十届董事会第十六次会议决议公告,ok,,,,
cninfo_disclosure,http://www.cninfo.com.cn/new/disclosure/detail?stockCode=600362&announcementId=1225034706&orgId=gssh0600362&announcementTime=2026-03-27 00:00:00,2026-03-27 00:00:00,600362,600362,江西铜业股份有限公司独立董事2025年度述职报告（赖丹）,江西铜业股份有限公司独立董事2025年度述职报告（赖丹）,ok,,,,
cninfo_disclosure,http://www.cninfo.com.cn/new/disclosure/detail?stockCode=600362&announcementId=1225034700&orgId=gssh0600362&announcementTime=2026-03-27 00:00:00,2026-03-27 00:00:00,600362,600362,江西铜业股份有限公司涉及财务公司关联交易的专项说明,江西铜业股份有限公司涉及财务公司关联交易的专项说明,ok,,,,
cninfo_disclosure,http://www.cninfo.com.cn/new/disclosure/detail?stockCode=600362&announcementId=1225027145&orgId=gssh0600362&announcementTime=2026-03-25 00:00:00,2026-03-25 00:00:00,600362,600362,江西铜业股份有限公司关于选举职工董事的公告,江西铜业股份有限公司关于选举职工董事的公告,ok,,,,
cninfo_disclosure,http://www.cninfo.com.cn/new/disclosure/detail?stockCode=600362&announcementId=1225011379&orgId=gssh0600362&announcementTime=2026-03-17 00:00:00,2026-03-17 00:00:00,600362,600362,江西铜业股份有限公司2026年第一次临时股东会决议公告,江西铜业股份有限公司2026年第一次临时股东会决议公告,ok,,,,
cninfo_disclosure,http://www.cninfo.com.cn/new/disclosure/detail?stockCode=600362&announcementId=1225011360&orgId=gssh0600362&announcementTime=2026-03-17 00:00:00,2026-03-17 00:00:00,600362,600362,北京德恒律师事务所关于江西铜业股份有限公司2026年第一次临时股东会的法律意见,北京德恒律师事务所关于江西铜业股份有限公司2026年第一次临时股东会的法律意见,ok,,,,
cninfo_disclosure,http://www.cninfo.com.cn/new/disclosure/detail?stockCode=600362&announcementId=1224996778&orgId=gssh0600362&announcementTime=2026-03-05 00:00:00,2026-03-05 00:00:00,600362,600362,江西铜业股份有限公司关于全资子公司正式要约收购SolGold plc全部股份生效的公告,江西铜业股份有限公司关于全资子公司正式要约收购SolGold plc全部股份生效的公告,ok,,,,
cninfo_disclosure,http://www.cninfo.com.cn/new/disclosure/detail?stockCode=600362&announcementId=1224992936&orgId=gssh0600362&announcementTime=2026-03-03 00:00:00,2026-03-03 00:00:00,600362,600362,江西铜业股份有限公司关于全资子公司正式要约收购SolGold plc全部股份的进展公告,江西铜业股份有限公司关于全资子公司正式要约收购SolGold plc全部股份的进展公告,ok,,,,
cninfo_disclosure,http://www.cninfo.com.cn/new/disclosure/detail?stockCode=600362&announcementId=1224986921&orgId=gssh0600362&announcementTime=2026-02-28 00:00:00,2026-02-28 00:00:00,600362,600362,江西铜业股份有限公司2026年第一次临时股东会会议资料,江西铜业股份有限公司2026年第一次临时股东会会议资料,ok,,,,
cninfo_disclosure,http://www.cninfo.com.cn/new/disclosure/detail?stockCode=600362&announcementId=1224983081&orgId=gssh0600362&announcementTime=2026-02-25 00:00:00,2026-02-25 00:00:00,600362,600362,江西铜业股份有限公司关于召开2026年第一临时股东会的通知,江西铜业股份有限公司关于召开2026年第一临时股东会的通知,ok,,,,
cninfo_disclosure,http://www.cninfo.com.cn/new/disclosure/detail?stockCode=600362&announcementId=1224982767&orgId=gssh0600362&announcementTime=2026-02-24 00:00:00,2026-02-24 00:00:00,600362,600362,江西铜业股份有限公司关于全资子公司正式要约收购SolGold plc全部股份的进展公告,江西铜业股份有限公司关于全资子公司正式要约收购SolGold plc全部股份的进展公告,ok,,,,
cninfo_disclosure,http://www.cninfo.com.cn/new/disclosure/detail?stockCode=600362&announcementId=1224939581&orgId=gssh0600362&announcementTime=2026-01-20 00:00:00,2026-01-20 00:00:00,600362,600362,江西铜业股份有限公司关于与中国兵工物资集团有限公司签订《合作框架协议》的公告,江西铜业股份有限公司关于与中国兵工物资集团有限公司签订《合作框架协议》的公告,ok,,,,
cninfo_disclosure,http://www.cninfo.com.cn/new/disclosure/detail?stockCode=600362&announcementId=1224939579&orgId=gssh0600362&announcementTime=2026-01-20 00:00:00,2026-01-20 00:00:00,600362,600362,江西铜业股份有限公司第十届董事会第十五次会议决议公告,江西铜业股份有限公司第十届董事会第十五次会议决议公告,ok,,,,
cninfo_disclosure,http://www.cninfo.com.cn/new/disclosure/detail?stockCode=600362&announcementId=1224939576&orgId=gssh0600362&announcementTime=2026-01-20 00:00:00,2026-01-20 00:00:00,600362,600362,江西铜业第十届董事会独立董事专门会议2026年第一次会议的审核意见,江西铜业第十届董事会独立董事专门会议2026年第一次会议的审核意见,ok,,,,
cninfo_disclosure,http://www.cninfo.com.cn/new/disclosure/detail?stockCode=600362&announcementId=1224939572&orgId=gssh0600362&announcementTime=2026-01-20 00:00:00,2026-01-20 00:00:00,600362,600362,江西铜业股份有限公司关于子公司浙江江铜富冶和鼎铜业有限公司对外担保的公告,江西铜业股份有限公司关于子公司浙江江铜富冶和鼎铜业有限公司对外担保的公告,ok,,,,
cninfo_disclosure,http://www.cninfo.com.cn/new/disclosure/detail?stockCode=600362&announcementId=1224935218&orgId=gssh0600362&announcementTime=2026-01-16 00:00:00,2026-01-16 00:00:00,600362,600362,江西铜业股份有限公司关于全资子公司与第一量子全资子公司签署合作协议的公告,江西铜业股份有限公司关于全资子公司与第一量子全资子公司签署合作协议的公告,ok,,,,
cninfo_disclosure,http://www.cninfo.com.cn/new/disclosure/detail?stockCode=600362&announcementId=1224908511&orgId=gssh0600362&announcementTime=2025-12-31 00:00:00,2025-12-31 00:00:00,600362,600362,江西铜业股份有限公司总经理工作细则,江西铜业股份有限公司总经理工作细则,ok,,,,
cninfo_disclosure,http://www.cninfo.com.cn/new/disclosure/detail?stockCode=600362&announcementId=1224908509&orgId=gssh0600362&announcementTime=2025-12-31 00:00:00,2025-12-31 00:00:00,600362,600362,江西铜业股份有限公司第十届董事会第十四次会议决议公告,江西铜业股份有限公司第十届董事会第十四次会议决议公告,ok,,,,
cninfo_disclosure,http://www.cninfo.com.cn/new/disclosure/detail?stockCode=600362&announcementId=1224908507&orgId=gssh0600362&announcementTime=2025-12-31 00:00:00,2025-12-31 00:00:00,600362,600362,江西铜业股份有限公司关于聘任公司副总经理的公告,江西铜业股份有限公司关于聘任公司副总经理的公告,ok,,,,
cninfo_disclosure,http://www.cninfo.com.cn/new/disclosure/detail?stockCode=600362&announcementId=1224908485&orgId=gssh0600362&announcementTime=2025-12-31 00:00:00,2025-12-31 00:00:00,600362,600362,江西铜业第十届董事会独立董事专门会议2025年第一次会议的审核意见,江西铜业第十届董事会独立董事专门会议2025年第一次会议的审核意见,ok,,,,
cninfo_disclosure,http://www.cninfo.com.cn/new/disclosure/detail?stockCode=600362&announcementId=1224908477&orgId=gssh0600362&announcementTime=2025-12-31 00:00:00,2025-12-31 00:00:00,600362,600362,江西铜业股份有限公司关于与深圳江铜融资租赁有限公司签署《融资租赁合作框架协议》的关联交易公告,江西铜业股份有限公司关于与深圳江铜融资租赁有限公司签署《融资租赁合作框架协议》的关联交易公告,ok,,,,
cninfo_disclosure,http://www.cninfo.com.cn/new/disclosure/detail?stockCode=600362&announcementId=1224908473&orgId=gssh0600362&announcementTime=2025-12-31 00:00:00,2025-12-31 00:00:00,600362,600362,江西铜业股份有限公司关于全资子公司江西铜业集团财务有限公司与公司控股股东江西铜业集团有限公司签署《金融服务协议》的关联交易公告,江西铜业股份有限公司关于全资子公司江西铜业集团财务有限公司与公司控股股东江西铜业集团有限公司签署《金融服务协议》的关联交易公告,ok,,,,
cninfo_disclosure,http://www.cninfo.com.cn/new/disclosure/detail?stockCode=600362&announcementId=1224897504&orgId=gssh0600362&announcementTime=2025-12-25 00:00:00,2025-12-25 00:00:00,600362,600362,江西铜业股份有限公司关于全资子公司正式要约收购SolGold plc全部股份的公告,江西铜业股份有限公司关于全资子公司正式要约收购SolGold plc全部股份的公告,ok,,,,
cninfo_disclosure,http://www.cninfo.com.cn/new/disclosure/detail?stockCode=600362&announcementId=1224872383&orgId=gssh0600362&announcementTime=2025-12-13 00:00:00,2025-12-13 00:00:00,600362,600362,江西铜业股份有限公司关于筹划收购境外上市公司股份的进展公告,江西铜业股份有限公司关于筹划收购境外上市公司股份的进展公告,ok,,,,
cninfo_disclosure,http://www.cninfo.com.cn/new/disclosure/detail?stockCode=600362&announcementId=1224837704&orgId=gssh0600362&announcementTime=2025-12-01 00:00:00,2025-12-01 00:00:00,600362,600362,江西铜业股份有限公司关于筹划收购境外上市公司股份的提示性公告,江西铜业股份有限公司关于筹划收购境外上市公司股份的提示性公告,ok,,,,
cninfo_disclosure,http://www.cninfo.com.cn/new/disclosure/detail?stockCode=600362&announcementId=1224816881&orgId=gssh0600362&announcementTime=2025-11-21 00:00:00,2025-11-21 00:00:00,600362,600362,江西铜业股份有限公司关于召开2025年第三季度业绩说明会的公告,江西铜业股份有限公司关于召开2025年第三季度业绩说明会的公告,ok,,,,
cninfo_disclosure,http://www.cninfo.com.cn/new/disclosure/detail?stockCode=600362&announcementId=1224816864&orgId=gssh0600362&announcementTime=2025-11-21 00:00:00,2025-11-21 00:00:00,600362,600362,北京德恒律师事务所关于江西铜业股份有限公司差异化分红事项的法律意见,北京德恒律师事务所关于江西铜业股份有限公司差异化分红事项的法律意见,ok,,,,
cninfo_disclosure,http://www.cninfo.com.cn/new/disclosure/detail?stockCode=600362&announcementId=1224816852&orgId=gssh0600362&announcementTime=2025-11-21 00:00:00,2025-11-21 00:00:00,600362,600362,江西铜业股份有限公司2025年半年度权益分派实施公告,江西铜业股份有限公司2025年半年度权益分派实施公告,ok,,,,
cninfo_disclosure,http://www.cninfo.com.cn/new/disclosure/detail?stockCode=600362&announcementId=1224753941&orgId=gssh0600362&announcementTime=2025-10-29 00:00:00,2025-10-29 00:00:00,600362,600362,江西铜业股份有限公司2025年第三季度报告,江西铜业股份有限公司2025年第三季度报告,ok,,,,
cninfo_disclosure,http://www.cninfo.com.cn/new/disclosure/detail?stockCode=600362&announcementId=1224753940&orgId=gssh0600362&announcementTime=2025-10-29 00:00:00,2025-10-29 00:00:00,600362,600362,江西铜业股份有限公司募集资金使用管理办法,江西铜业股份有限公司募集资金使用管理办法,ok,,,,
cninfo_disclosure,http://www.cninfo.com.cn/new/disclosure/detail?stockCode=600362&announcementId=1224753939&orgId=gssh0600362&announcementTime=2025-10-29 00:00:00,2025-10-29 00:00:00,600362,600362,江西铜业股份有限公司关联交易管理办法,江西铜业股份有限公司关联交易管理办法,ok,,,,
cninfo_disclosure,http://www.cninfo.com.cn/new/disclosure/detail?stockCode=600362&announcementId=1224753938&orgId=gssh0600362&announcementTime=2025-10-29 00:00:00,2025-10-29 00:00:00,600362,600362,江西铜业股份有限公司独立董事工作制度,江西铜业股份有限公司独立董事工作制度,ok,,,,
cninfo_disclosure,http://www.cninfo.com.cn/new/disclosure/detail?stockCode=600362&announcementId=1224753937&orgId=gssh0600362&announcementTime=2025-10-29 00:00:00,2025-10-29 00:00:00,600362,600362,江西铜业股份有限公司董事会议事规则,江西铜业股份有限公司董事会议事规则,ok,,,,
cninfo_disclosure,http://www.cninfo.com.cn/new/disclosure/detail?stockCode=600362&announcementId=1224753936&orgId=gssh0600362&announcementTime=2025-10-29 00:00:00,2025-10-29 00:00:00,600362,600362,江西铜业股份有限公司股东会议事规则,江西铜业股份有限公司股东会议事规则,ok,,,,
cninfo_disclosure,http://www.cninfo.com.cn/new/disclosure/detail?stockCode=600362&announcementId=1224753935&orgId=gssh0600362&announcementTime=2025-10-29 00:00:00,2025-10-29 00:00:00,600362,600362,江西铜业股份有限公司章程,江西铜业股份有限公司章程,ok,,,,
cninfo_disclosure,http://www.cninfo.com.cn/new/disclosure/detail?stockCode=600362&announcementId=1224753934&orgId=gssh0600362&announcementTime=2025-10-29 00:00:00,2025-10-29 00:00:00,600362,600362,北京德恒律师事务所关于江西铜业股份有限公司2025年第一次临时股东大会、2025年第一次A股类别股东大会、2025年第一次H股类别股东大会的法律意见,北京德恒律师事务所关于江西铜业股份有限公司2025年第一次临时股东大会、2025年第一次A股类别股东大会、2025年第一次H股类别股东大会的法律意见,ok,,,,
cninfo_disclosure,http://www.cninfo.com.cn/new/disclosure/detail?stockCode=600362&announcementId=1224753933&orgId=gssh0600362&announcementTime=2025-10-29 00:00:00,2025-10-29 00:00:00,600362,600362,江西铜业股份有限公司2025年第一次临时股东大会、2025年第一次A股类别股东大会、2025年第一次H股类别股东大会决议公告,江西铜业股份有限公司2025年第一次临时股东大会、2025年第一次A股类别股东大会、2025年第一次H股类别股东大会决议公告,ok,,,,
cninfo_disclosure,http://www.cninfo.com.cn/new/disclosure/detail?stockCode=600362&announcementId=1224713514&orgId=gssh0600362&announcementTime=2025-10-16 00:00:00,2025-10-16 00:00:00,600362,600362,江西铜业股份有限公司2025年第一次临时股东大会、2025年第一次A股类别股东大会、2025年第一次H股类别股东大会会议资料,江西铜业股份有限公司2025年第一次临时股东大会、2025年第一次A股类别股东大会、2025年第一次H股类别股东大会会议资料,ok,,,,
cninfo_disclosure,http://www.cninfo.com.cn/new/disclosure/detail?stockCode=600362&announcementId=1224702754&orgId=gssh0600362&announcementTime=2025-10-10 00:00:00,2025-10-10 00:00:00,600362,600362,江西铜业集团有限公司关于《股票交易异常波动问询函》的回复,江西铜业集团有限公司关于《股票交易异常波动问询函》的回复,ok,,,,
cninfo_disclosure,http://www.cninfo.com.cn/new/disclosure/detail?stockCode=600362&announcementId=1224702753&orgId=gssh0600362&announcementTime=2025-10-10 00:00:00,2025-10-10 00:00:00,600362,600362,江西铜业股份有限公司股票交易异常波动公告,江西铜业股份有限公司股票交易异常波动公告,ok,,,,
cninfo_disclosure,http://www.cninfo.com.cn/new/disclosure/detail?stockCode=600362&announcementId=1224702752&orgId=gssh0600362&announcementTime=2025-10-10 00:00:00,2025-10-10 00:00:00,600362,600362,江西铜业股份有限公司关于召开2025年第一次临时股东大会、2025年第一次A股类别股东大会、2025年第一次H股类别股东大会的通知,江西铜业股份有限公司关于召开2025年第一次临时股东大会、2025年第一次A股类别股东大会、2025年第一次H股类别股东大会的通知,ok,,,,
cninfo_disclosure,http://www.cninfo.com.cn/new/disclosure/detail?stockCode=600362&announcementId=1224643841&orgId=gssh0600362&announcementTime=2025-09-09 00:00:00,2025-09-09 00:00:00,600362,600362,江西铜业股份有限公司关于召开2025年半年度业绩说明会的公告,江西铜业股份有限公司关于召开2025年半年度业绩说明会的公告,ok,,,,
cninfo_disclosure,http://www.cninfo.com.cn/new/disclosure/detail?stockCode=600362&announcementId=1224607200&orgId=gssh0600362&announcementTime=2025-08-29 00:00:00,2025-08-29 00:00:00,600362,600362,江西铜业股份有限公司关于控股子公司江西铜业集团财务有限公司的风险持续评估报告,江西铜业股份有限公司关于控股子公司江西铜业集团财务有限公司的风险持续评估报告,ok,,,,
cninfo_disclosure,http://www.cninfo.com.cn/new/disclosure/detail?stockCode=600362&announcementId=1224607199&orgId=gssh0600362&announcementTime=2025-08-29 00:00:00,2025-08-29 00:00:00,600362,600362,江西铜业股份有限公司董事会秘书工作制度（修订）,江西铜业股份有限公司董事会秘书工作制度（修订）,ok,,,,
cninfo_disclosure,http://www.cninfo.com.cn/new/disclosure/detail?stockCode=600362&announcementId=1224607198&orgId=gssh0600362&announcementTime=2025-08-29 00:00:00,2025-08-29 00:00:00,600362,600362,江西铜业股份有限公司募集资金使用管理办法（修订）,江西铜业股份有限公司募集资金使用管理办法（修订）,ok,,,,
cninfo_disclosure,http://www.cninfo.com.cn/new/disclosure/detail?stockCode=600362&announcementId=1224607197&orgId=gssh0600362&announcementTime=2025-08-29 00:00:00,2025-08-29 00:00:00,600362,600362,江西铜业股份有限公司关联交易管理办法（修订）,江西铜业股份有限公司关联交易管理办法（修订）,ok,,,,
cninfo_disclosure,http://www.cninfo.com.cn/new/disclosure/detail?stockCode=600362&announcementId=1224607196&orgId=gssh0600362&announcementTime=2025-08-29 00:00:00,2025-08-29 00:00:00,600362,600362,江西铜业股份有限公司董事会环境、社会及管治发展委员会工作细则（修订）,江西铜业股份有限公司董事会环境、社会及管治发展委员会工作细则（修订）,ok,,,,
cninfo_disclosure,http://www.cninfo.com.cn/new/disclosure/detail?stockCode=600362&announcementId=1224607195&orgId=gssh0600362&announcementTime=2025-08-29 00:00:00,2025-08-29 00:00:00,600362,600362,江西铜业股份有限公司董事会提名委员会议事规则（修订）,江西铜业股份有限公司董事会提名委员会议事规则（修订）,ok,,,,
cninfo_disclosure,http://www.cninfo.com.cn/new/disclosure/detail?stockCode=600362&announcementId=1224607194&orgId=gssh0600362&announcementTime=2025-08-29 00:00:00,2025-08-29 00:00:00,600362,600362,江西铜业股份有限公司董事会薪酬委员会议事规则（修订）,江西铜业股份有限公司董事会薪酬委员会议事规则（修订）,ok,,,,
cninfo_disclosure,http://www.cninfo.com.cn/new/disclosure/detail?stockCode=600362&announcementId=1224607193&orgId=gssh0600362&announcementTime=2025-08-29 00:00:00,2025-08-29 00:00:00,600362,600362,江西铜业股份有限公司董事会独立审核委员会（审计委员会）议事规则（修订）,江西铜业股份有限公司董事会独立审核委员会（审计委员会）议事规则（修订）,ok,,,,
cninfo_disclosure,http://www.cninfo.com.cn/new/disclosure/detail?stockCode=601899&announcementId=1225357786&orgId=9900004143&announcementTime=2026-06-09 00:00:00,2026-06-09 00:00:00,601899,601899,紫金矿业集团股份有限公司第九届董事会临时会议决议公告,紫金矿业集团股份有限公司第九届董事会临时会议决议公告,ok,,,,
cninfo_disclosure,http://www.cninfo.com.cn/new/disclosure/detail?stockCode=601899&announcementId=1225355503&orgId=9900004143&announcementTime=2026-06-06 00:00:00,2026-06-06 00:00:00,601899,601899,紫金矿业集团股份有限公司第九届董事会临时会议决议公告,紫金矿业集团股份有限公司第九届董事会临时会议决议公告,ok,,,,
cninfo_disclosure,http://www.cninfo.com.cn/new/disclosure/detail?stockCode=601899&announcementId=1225355500&orgId=9900004143&announcementTime=2026-06-06 00:00:00,2026-06-06 00:00:00,601899,601899,福建至理律师事务所关于紫金矿业集团股份有限公司2025年年度股东会的法律意见书,福建至理律师事务所关于紫金矿业集团股份有限公司2025年年度股东会的法律意见书,ok,,,,
cninfo_disclosure,http://www.cninfo.com.cn/new/disclosure/detail?stockCode=601899&announcementId=1225355497&orgId=9900004143&announcementTime=2026-06-06 00:00:00,2026-06-06 00:00:00,601899,601899,紫金矿业集团股份有限公司2025年年度股东会决议公告,紫金矿业集团股份有限公司2025年年度股东会决议公告,ok,,,,
cninfo_disclosure,http://www.cninfo.com.cn/new/disclosure/detail?stockCode=601899&announcementId=1225355495&orgId=9900004143&announcementTime=2026-06-06 00:00:00,2026-06-06 00:00:00,601899,601899,紫金矿业集团股份有限公司债务融资工具信息披露事务管理制度,紫金矿业集团股份有限公司债务融资工具信息披露事务管理制度,ok,,,,
cninfo_disclosure,http://www.cninfo.com.cn/new/disclosure/detail?stockCode=601899&announcementId=1225355459&orgId=9900004143&announcementTime=2026-06-06 00:00:00,2026-06-06 00:00:00,601899,601899,紫金矿业集团股份有限公司内幕信息及知情人管理制度,紫金矿业集团股份有限公司内幕信息及知情人管理制度,ok,,,,
cninfo_disclosure,http://www.cninfo.com.cn/new/disclosure/detail?stockCode=601899&announcementId=1225347320&orgId=9900004143&announcementTime=2026-06-03 00:00:00,2026-06-03 00:00:00,601899,601899,紫金矿业集团股份有限公司关于调整2025年年度股东会现场会议召开地点的公告,紫金矿业集团股份有限公司关于调整2025年年度股东会现场会议召开地点的公告,ok,,,,
cninfo_disclosure,http://www.cninfo.com.cn/new/disclosure/detail?stockCode=601899&announcementId=1225339211&orgId=9900004143&announcementTime=2026-05-30 00:00:00,2026-05-30 00:00:00,601899,601899,紫金矿业H股市场公告,紫金矿业H股市场公告,ok,,,,
cninfo_disclosure,http://www.cninfo.com.cn/new/disclosure/detail?stockCode=601899&announcementId=1225331065&orgId=9900004143&announcementTime=2026-05-27 00:00:00,2026-05-27 00:00:00,601899,601899,紫金矿业集团股份有限公司2025年年度股东会会议材料,紫金矿业集团股份有限公司2025年年度股东会会议材料,ok,,,,
cninfo_disclosure,http://www.cninfo.com.cn/new/disclosure/detail?stockCode=601899&announcementId=1225309069&orgId=9900004143&announcementTime=2026-05-16 00:00:00,2026-05-16 00:00:00,601899,601899,紫金矿业集团股份有限公司关于召开2025年年度股东会的通知,紫金矿业集团股份有限公司关于召开2025年年度股东会的通知,ok,,,,
cninfo_disclosure,http://www.cninfo.com.cn/new/disclosure/detail?stockCode=601899&announcementId=1225286410&orgId=9900004143&announcementTime=2026-05-09 00:00:00,2026-05-09 00:00:00,601899,601899,紫金矿业集团股份有限公司第九届董事会临时会议决议公告,紫金矿业集团股份有限公司第九届董事会临时会议决议公告,ok,,,,
cninfo_disclosure,http://www.cninfo.com.cn/new/disclosure/detail?stockCode=601899&announcementId=1225286409&orgId=9900004143&announcementTime=2026-05-09 00:00:00,2026-05-09 00:00:00,601899,601899,紫金矿业集团股份有限公司九届二次职工（会员）代表大会决议公告,紫金矿业集团股份有限公司九届二次职工（会员）代表大会决议公告,ok,,,,
cninfo_disclosure,http://www.cninfo.com.cn/new/disclosure/detail?stockCode=601899&announcementId=1225286404&orgId=9900004143&announcementTime=2026-05-09 00:00:00,2026-05-09 00:00:00,601899,601899,紫金矿业集团股份有限公司2026年员工持股计划（草案）,紫金矿业集团股份有限公司2026年员工持股计划（草案）,ok,,,,
cninfo_disclosure,http://www.cninfo.com.cn/new/disclosure/detail?stockCode=601899&announcementId=1225286353&orgId=9900004143&announcementTime=2026-05-09 00:00:00,2026-05-09 00:00:00,601899,601899,紫金矿业集团股份有限公司董事会提名与薪酬委员会关于公司2026年员工持股计划相关事项的核查意见,紫金矿业集团股份有限公司董事会提名与薪酬委员会关于公司2026年员工持股计划相关事项的核查意见,ok,,,,
cninfo_disclosure,http://www.cninfo.com.cn/new/disclosure/detail?stockCode=601899&announcementId=1225286352&orgId=9900004143&announcementTime=2026-05-09 00:00:00,2026-05-09 00:00:00,601899,601899,紫金矿业集团股份有限公司董事会秘书管理制度,紫金矿业集团股份有限公司董事会秘书管理制度,ok,,,,
cninfo_disclosure,http://www.cninfo.com.cn/new/disclosure/detail?stockCode=601899&announcementId=1225286342&orgId=9900004143&announcementTime=2026-05-09 00:00:00,2026-05-09 00:00:00,601899,601899,紫金矿业集团股份有限公司2026年员工持股计划管理办法,紫金矿业集团股份有限公司2026年员工持股计划管理办法,ok,,,,
cninfo_disclosure,http://www.cninfo.com.cn/new/disclosure/detail?stockCode=601899&announcementId=1225286337&orgId=9900004143&announcementTime=2026-05-09 00:00:00,2026-05-09 00:00:00,601899,601899,福建至理律师事务所关于紫金矿业集团股份有限公司2026年员工持股计划法律意见书,福建至理律师事务所关于紫金矿业集团股份有限公司2026年员工持股计划法律意见书,ok,,,,
cninfo_disclosure,http://www.cninfo.com.cn/new/disclosure/detail?stockCode=601899&announcementId=1225286335&orgId=9900004143&announcementTime=2026-05-09 00:00:00,2026-05-09 00:00:00,601899,601899,紫金矿业集团股份有限公司2026年员工持股计划（草案）摘要,紫金矿业集团股份有限公司2026年员工持股计划（草案）摘要,ok,,,,
cninfo_disclosure,http://www.cninfo.com.cn/new/disclosure/detail?stockCode=601899&announcementId=1225272773&orgId=9900004143&announcementTime=2026-05-01 00:00:00,2026-05-01 00:00:00,601899,601899,紫金矿业H股市场公告,紫金矿业H股市场公告,ok,,,,
cninfo_disclosure,http://www.cninfo.com.cn/new/disclosure/detail?stockCode=601899&announcementId=1225201092&orgId=9900004143&announcementTime=2026-04-28 00:00:00,2026-04-28 00:00:00,601899,601899,紫金矿业H股市场公告,紫金矿业H股市场公告,ok,,,,
cninfo_disclosure,http://www.cninfo.com.cn/new/disclosure/detail?stockCode=601899&announcementId=1225141516&orgId=9900004143&announcementTime=2026-04-22 00:00:00,2026-04-22 00:00:00,601899,601899,紫金矿业集团股份有限公司证券违法违规行为内部问责制度,紫金矿业集团股份有限公司证券违法违规行为内部问责制度,ok,,,,
cninfo_disclosure,http://www.cninfo.com.cn/new/disclosure/detail?stockCode=601899&announcementId=1225141515&orgId=9900004143&announcementTime=2026-04-22 00:00:00,2026-04-22 00:00:00,601899,601899,紫金矿业集团股份有限公司未来三年（2026-2028年度）股东分红回报规划,紫金矿业集团股份有限公司未来三年（2026-2028年度）股东分红回报规划,ok,,,,
cninfo_disclosure,http://www.cninfo.com.cn/new/disclosure/detail?stockCode=601899&announcementId=1225141513&orgId=9900004143&announcementTime=2026-04-22 00:00:00,2026-04-22 00:00:00,601899,601899,紫金矿业集团股份有限公司投资者关系管理制度,紫金矿业集团股份有限公司投资者关系管理制度,ok,,,,
cninfo_disclosure,http://www.cninfo.com.cn/new/disclosure/detail?stockCode=601899&announcementId=1225141512&orgId=9900004143&announcementTime=2026-04-22 00:00:00,2026-04-22 00:00:00,601899,601899,紫金矿业集团股份有限公司信息披露管理办法,紫金矿业集团股份有限公司信息披露管理办法,ok,,,,
cninfo_disclosure,http://www.cninfo.com.cn/new/disclosure/detail?stockCode=601899&announcementId=1225141511&orgId=9900004143&announcementTime=2026-04-22 00:00:00,2026-04-22 00:00:00,601899,601899,紫金矿业集团股份有限公司市值管理制度,紫金矿业集团股份有限公司市值管理制度,ok,,,,
cninfo_disclosure,http://www.cninfo.com.cn/new/disclosure/detail?stockCode=601899&announcementId=1225141510&orgId=9900004143&announcementTime=2026-04-22 00:00:00,2026-04-22 00:00:00,601899,601899,紫金矿业集团股份有限公司总裁工作细则,紫金矿业集团股份有限公司总裁工作细则,ok,,,,
cninfo_disclosure,http://www.cninfo.com.cn/new/disclosure/detail?stockCode=601899&announcementId=1225141509&orgId=9900004143&announcementTime=2026-04-22 00:00:00,2026-04-22 00:00:00,601899,601899,紫金矿业集团股份有限公司第九届董事会第三次会议决议公告,紫金矿业集团股份有限公司第九届董事会第三次会议决议公告,ok,,,,
cninfo_disclosure,http://www.cninfo.com.cn/new/disclosure/detail?stockCode=601899&announcementId=1225141507&orgId=9900004143&announcementTime=2026-04-22 00:00:00,2026-04-22 00:00:00,601899,601899,紫金矿业集团股份有限公司2026年第一季度报告,紫金矿业集团股份有限公司2026年第一季度报告,ok,,,,
cninfo_disclosure,http://www.cninfo.com.cn/new/disclosure/detail?stockCode=601899&announcementId=1225102175&orgId=9900004143&announcementTime=2026-04-15 00:00:00,2026-04-15 00:00:00,601899,601899,紫金矿业集团股份有限公司关于回购股份实施结果暨股份变动的公告,紫金矿业集团股份有限公司关于回购股份实施结果暨股份变动的公告,ok,,,,
cninfo_disclosure,http://www.cninfo.com.cn/new/disclosure/detail?stockCode=601899&announcementId=1225078771&orgId=9900004143&announcementTime=2026-04-04 00:00:00,2026-04-04 00:00:00,601899,601899,中信证券股份有限公司关于紫金矿业集团股份有限公司分拆所属子公司紫金黄金国际有限公司境外上市之持续督导核查意见,中信证券股份有限公司关于紫金矿业集团股份有限公司分拆所属子公司紫金黄金国际有限公司境外上市之持续督导核查意见,ok,,,,
cninfo_disclosure,http://www.cninfo.com.cn/new/disclosure/detail?stockCode=601899&announcementId=1225075988&orgId=9900004143&announcementTime=2026-04-03 00:00:00,2026-04-03 00:00:00,601899,601899,紫金矿业集团股份有限公司关于以集中竞价交易方式回购公司A股股份的进展公告,紫金矿业集团股份有限公司关于以集中竞价交易方式回购公司A股股份的进展公告,ok,,,,
cninfo_disclosure,http://www.cninfo.com.cn/new/disclosure/detail?stockCode=601899&announcementId=1225075985&orgId=9900004143&announcementTime=2026-04-03 00:00:00,2026-04-03 00:00:00,601899,601899,紫金矿业集团股份有限公司关于2023年股票期权激励计划第一个行权期自主行权完毕暨股份变动公告,紫金矿业集团股份有限公司关于2023年股票期权激励计划第一个行权期自主行权完毕暨股份变动公告,ok,,,,
cninfo_disclosure,http://www.cninfo.com.cn/new/disclosure/detail?stockCode=601899&announcementId=1225071936&orgId=9900004143&announcementTime=2026-04-02 00:00:00,2026-04-02 00:00:00,601899,601899,紫金矿业H股市场公告,紫金矿业H股市场公告,ok,,,,
cninfo_disclosure,http://www.cninfo.com.cn/new/disclosure/detail?stockCode=601899&announcementId=1225027508&orgId=9900004143&announcementTime=2026-03-25 00:00:00,2026-03-25 00:00:00,601899,601899,紫金矿业集团股份有限公司关于回购A股股份事项前十名股东和前十名无限售条件股东持股情况的公告,紫金矿业集团股份有限公司关于回购A股股份事项前十名股东和前十名无限售条件股东持股情况的公告,ok,,,,
cninfo_disclosure,http://www.cninfo.com.cn/new/disclosure/detail?stockCode=601899&announcementId=1225025170&orgId=9900004143&announcementTime=2026-03-24 00:00:00,2026-03-24 00:00:00,601899,601899,紫金矿业集团股份有限公司关于以集中竞价交易方式首次回购公司A股股份的公告,紫金矿业集团股份有限公司关于以集中竞价交易方式首次回购公司A股股份的公告,ok,,,,
cninfo_disclosure,http://www.cninfo.com.cn/new/disclosure/detail?stockCode=601899&announcementId=1225024230&orgId=9900004143&announcementTime=2026-03-23 00:00:00,2026-03-23 00:00:00,601899,601899,紫金矿业集团股份有限公司关于拟通过协议收购A股和认购定向增发H股的方式获得赤峰吉隆黄金矿业股份有限公司控制权的公告,紫金矿业集团股份有限公司关于拟通过协议收购A股和认购定向增发H股的方式获得赤峰吉隆黄金矿业股份有限公司控制权的公告,ok,,,,
cninfo_disclosure,http://www.cninfo.com.cn/new/disclosure/detail?stockCode=601899&announcementId=1225023679&orgId=9900004143&announcementTime=2026-03-21 00:00:00,2026-03-21 00:00:00,601899,601899,紫金矿业集团股份有限公司关于续聘会计师事务所的公告,紫金矿业集团股份有限公司关于续聘会计师事务所的公告,ok,,,,
cninfo_disclosure,http://www.cninfo.com.cn/new/disclosure/detail?stockCode=601899&announcementId=1225023678&orgId=9900004143&announcementTime=2026-03-21 00:00:00,2026-03-21 00:00:00,601899,601899,紫金矿业集团股份有限公司涉及财务公司关联交易的存贷款等金融业务的专项说明,紫金矿业集团股份有限公司涉及财务公司关联交易的存贷款等金融业务的专项说明,ok,,,,
cninfo_disclosure,http://www.cninfo.com.cn/new/disclosure/detail?stockCode=601899&announcementId=1225023677&orgId=9900004143&announcementTime=2026-03-21 00:00:00,2026-03-21 00:00:00,601899,601899,紫金矿业集团股份有限公司2025年年度报告摘要,紫金矿业集团股份有限公司2025年年度报告摘要,ok,,,,
cninfo_disclosure,http://www.cninfo.com.cn/new/disclosure/detail?stockCode=601899&announcementId=1225023676&orgId=9900004143&announcementTime=2026-03-21 00:00:00,2026-03-21 00:00:00,601899,601899,紫金矿业集团股份有限公司第九届董事会第二次会议决议公告,紫金矿业集团股份有限公司第九届董事会第二次会议决议公告,ok,,,,
cninfo_disclosure,http://www.cninfo.com.cn/new/disclosure/detail?stockCode=601899&announcementId=1225023675&orgId=9900004143&announcementTime=2026-03-21 00:00:00,2026-03-21 00:00:00,601899,601899,紫金矿业集团股份有限公司第八届董事会审计与内控委员会2025年度对会计师事务所履行监督职责情况的报告,紫金矿业集团股份有限公司第八届董事会审计与内控委员会2025年度对会计师事务所履行监督职责情况的报告,ok,,,,
cninfo_disclosure,http://www.cninfo.com.cn/new/disclosure/detail?stockCode=601899&announcementId=1225023674&orgId=9900004143&announcementTime=2026-03-21 00:00:00,2026-03-21 00:00:00,601899,601899,紫金矿业集团股份有限公司关于控股子公司紫金矿业集团财务有限公司的风险持续评估报告,紫金矿业集团股份有限公司关于控股子公司紫金矿业集团财务有限公司的风险持续评估报告,ok,,,,
cninfo_disclosure,http://www.cninfo.com.cn/new/disclosure/detail?stockCode=601899&announcementId=1225023673&orgId=9900004143&announcementTime=2026-03-21 00:00:00,2026-03-21 00:00:00,601899,601899,紫金矿业集团股份有限公司2025年年度审计报告,紫金矿业集团股份有限公司2025年年度审计报告,ok,,,,
cninfo_disclosure,http://www.cninfo.com.cn/new/disclosure/detail?stockCode=601899&announcementId=1225023672&orgId=9900004143&announcementTime=2026-03-21 00:00:00,2026-03-21 00:00:00,601899,601899,紫金矿业集团股份有限公司2025年度募集资金存放、管理与实际使用情况的专项报告,紫金矿业集团股份有限公司2025年度募集资金存放、管理与实际使用情况的专项报告,ok,,,,
cninfo_disclosure,http://www.cninfo.com.cn/new/disclosure/detail?stockCode=601899&announcementId=1225023671&orgId=9900004143&announcementTime=2026-03-21 00:00:00,2026-03-21 00:00:00,601899,601899,紫金矿业集团股份有限公司2025年度内部控制审计报告,紫金矿业集团股份有限公司2025年度内部控制审计报告,ok,,,,
cninfo_disclosure,http://www.cninfo.com.cn/new/disclosure/detail?stockCode=601899&announcementId=1225023670&orgId=9900004143&announcementTime=2026-03-21 00:00:00,2026-03-21 00:00:00,601899,601899,紫金矿业集团股份有限公司2026年度担保计划的公告,紫金矿业集团股份有限公司2026年度担保计划的公告,ok,,,,
cninfo_disclosure,http://www.cninfo.com.cn/new/disclosure/detail?stockCode=601899&announcementId=1225023669&orgId=9900004143&announcementTime=2026-03-21 00:00:00,2026-03-21 00:00:00,601899,601899,紫金矿业集团股份有限公司2025年度利润分配方案公告,紫金矿业集团股份有限公司2025年度利润分配方案公告,ok,,,,
cninfo_disclosure,http://www.cninfo.com.cn/new/disclosure/detail?stockCode=601899&announcementId=1225023668&orgId=9900004143&announcementTime=2026-03-21 00:00:00,2026-03-21 00:00:00,601899,601899,紫金矿业集团股份有限公司信息披露暂缓与豁免事务管理制度,紫金矿业集团股份有限公司信息披露暂缓与豁免事务管理制度,ok,,,,
cninfo_disclosure,http://www.cninfo.com.cn/new/disclosure/detail?stockCode=601899&announcementId=1225023667&orgId=9900004143&announcementTime=2026-03-21 00:00:00,2026-03-21 00:00:00,601899,601899,紫金矿业集团股份有限公司2025年度会计师事务所履职情况评估报告,紫金矿业集团股份有限公司2025年度会计师事务所履职情况评估报告,ok,,,,
cninfo_disclosure,http://www.cninfo.com.cn/new/disclosure/detail?stockCode=601899&announcementId=1225023666&orgId=9900004143&announcementTime=2026-03-21 00:00:00,2026-03-21 00:00:00,601899,601899,紫金矿业集团股份有限公司第八届独立董事2025年度述职报告（孙文德）,紫金矿业集团股份有限公司第八届独立董事2025年度述职报告（孙文德）,ok,,,,
cninfo_disclosure,http://www.cninfo.com.cn/new/disclosure/detail?stockCode=601899&announcementId=1225023665&orgId=9900004143&announcementTime=2026-03-21 00:00:00,2026-03-21 00:00:00,601899,601899,紫金矿业集团股份有限公司董事会关于独立董事独立性情况评估的专项意见,紫金矿业集团股份有限公司董事会关于独立董事独立性情况评估的专项意见,ok,,,,
cninfo_disclosure,http://www.cninfo.com.cn/new/disclosure/detail?stockCode=601899&announcementId=1225023664&orgId=9900004143&announcementTime=2026-03-21 00:00:00,2026-03-21 00:00:00,601899,601899,紫金矿业集团股份有限公司2025年度内部控制评价报告,紫金矿业集团股份有限公司2025年度内部控制评价报告,ok,,,,
cninfo_disclosure,http://www.cninfo.com.cn/new/disclosure/detail?stockCode=601899&announcementId=1225023663&orgId=9900004143&announcementTime=2026-03-21 00:00:00,2026-03-21 00:00:00,601899,601899,紫金矿业集团股份有限公司第八届独立董事2025年度述职报告（何福龙）,紫金矿业集团股份有限公司第八届独立董事2025年度述职报告（何福龙）,ok,,,,
cninfo_disclosure,http://www.cninfo.com.cn/new/disclosure/detail?stockCode=601899&announcementId=1225023662&orgId=9900004143&announcementTime=2026-03-21 00:00:00,2026-03-21 00:00:00,601899,601899,德勤华永会计师事务所（特殊普通合伙）关于紫金矿业集团股份有限公司非经营性资金占用及其他关联资金往来情况汇总表的专项审计报告,德勤华永会计师事务所（特殊普通合伙）关于紫金矿业集团股份有限公司非经营性资金占用及其他关联资金往来情况汇总表的专项审计报告,ok,,,,
cninfo_disclosure,http://www.cninfo.com.cn/new/disclosure/detail?stockCode=601899&announcementId=1225023661&orgId=9900004143&announcementTime=2026-03-21 00:00:00,2026-03-21 00:00:00,601899,601899,紫金矿业集团股份有限公司关于子公司开展期货及衍生品交易的公告,紫金矿业集团股份有限公司关于子公司开展期货及衍生品交易的公告,ok,,,,
cninfo_disclosure,http://www.cninfo.com.cn/new/disclosure/detail?stockCode=601899&announcementId=1225023660&orgId=9900004143&announcementTime=2026-03-21 00:00:00,2026-03-21 00:00:00,601899,601899,紫金矿业集团股份有限公司第八届独立董事2025年度述职报告（薄少川）,紫金矿业集团股份有限公司第八届独立董事2025年度述职报告（薄少川）,ok,,,,
cninfo_disclosure,http://www.cninfo.com.cn/new/disclosure/detail?stockCode=601899&announcementId=1225023659&orgId=9900004143&announcementTime=2026-03-21 00:00:00,2026-03-21 00:00:00,601899,601899,紫金矿业集团股份有限公司第八届董事会审计与内控委员会2025年度履职情况报告,紫金矿业集团股份有限公司第八届董事会审计与内控委员会2025年度履职情况报告,ok,,,,
cninfo_disclosure,http://www.cninfo.com.cn/new/disclosure/detail?stockCode=601899&announcementId=1225023658&orgId=9900004143&announcementTime=2026-03-21 00:00:00,2026-03-21 00:00:00,601899,601899,紫金矿业集团股份有限公司2025年年度报告,紫金矿业集团股份有限公司2025年年度报告,ok,,,,
cninfo_disclosure,http://www.cninfo.com.cn/new/disclosure/detail?stockCode=601899&announcementId=1225023657&orgId=9900004143&announcementTime=2026-03-21 00:00:00,2026-03-21 00:00:00,601899,601899,紫金矿业集团股份有限公司2025年度可持续发展报告摘要,紫金矿业集团股份有限公司2025年度可持续发展报告摘要,ok,,,,
cninfo_disclosure,http://www.cninfo.com.cn/new/disclosure/detail?stockCode=601899&announcementId=1225023656&orgId=9900004143&announcementTime=2026-03-21 00:00:00,2026-03-21 00:00:00,601899,601899,紫金矿业集团股份有限公司第八届独立董事2025年度述职报告（吴小敏）,紫金矿业集团股份有限公司第八届独立董事2025年度述职报告（吴小敏）,ok,,,,
cninfo_disclosure,http://www.cninfo.com.cn/new/disclosure/detail?stockCode=601899&announcementId=1225023655&orgId=9900004143&announcementTime=2026-03-21 00:00:00,2026-03-21 00:00:00,601899,601899,紫金矿业集团股份有限公司2025年度募集资金存放、管理与实际使用情况审核报告,紫金矿业集团股份有限公司2025年度募集资金存放、管理与实际使用情况审核报告,ok,,,,
cninfo_disclosure,http://www.cninfo.com.cn/new/disclosure/detail?stockCode=601899&announcementId=1225023654&orgId=9900004143&announcementTime=2026-03-21 00:00:00,2026-03-21 00:00:00,601899,601899,紫金矿业集团股份有限公司关于以集中竞价方式回购A股股份方案的公告暨回购报告书,紫金矿业集团股份有限公司关于以集中竞价方式回购A股股份方案的公告暨回购报告书,ok,,,,
cninfo_disclosure,http://www.cninfo.com.cn/new/disclosure/detail?stockCode=601899&announcementId=1225023653&orgId=9900004143&announcementTime=2026-03-21 00:00:00,2026-03-21 00:00:00,601899,601899,紫金矿业集团股份有限公司2025年度可持续发展报告,紫金矿业集团股份有限公司2025年度可持续发展报告,ok,,,,
cninfo_disclosure,http://www.cninfo.com.cn/new/disclosure/detail?stockCode=601899&announcementId=1225023652&orgId=9900004143&announcementTime=2026-03-21 00:00:00,2026-03-21 00:00:00,601899,601899,兴业证券股份有限公司关于紫金矿业集团股份有限公司2025年度募集资金存放、管理与使用情况的核查意见,兴业证券股份有限公司关于紫金矿业集团股份有限公司2025年度募集资金存放、管理与使用情况的核查意见,ok,,,,
cninfo_disclosure,http://www.cninfo.com.cn/new/disclosure/detail?stockCode=601899&announcementId=1225023651&orgId=9900004143&announcementTime=2026-03-21 00:00:00,2026-03-21 00:00:00,601899,601899,紫金矿业集团股份有限公司第八届独立董事2025年度述职报告（李常青）,紫金矿业集团股份有限公司第八届独立董事2025年度述职报告（李常青）,ok,,,,
cninfo_disclosure,http://www.cninfo.com.cn/new/disclosure/detail?stockCode=601899&announcementId=1225023650&orgId=9900004143&announcementTime=2026-03-21 00:00:00,2026-03-21 00:00:00,601899,601899,紫金矿业集团股份有限公司关于开展期货和衍生品业务的可行性分析报告,紫金矿业集团股份有限公司关于开展期货和衍生品业务的可行性分析报告,ok,,,,
cninfo_disclosure,http://www.cninfo.com.cn/new/disclosure/detail?stockCode=601899&announcementId=1225023649&orgId=9900004143&announcementTime=2026-03-21 00:00:00,2026-03-21 00:00:00,601899,601899,紫金矿业集团股份有限公司第八届独立董事2025年度述职报告（毛景文）,紫金矿业集团股份有限公司第八届独立董事2025年度述职报告（毛景文）,ok,,,,
cninfo_disclosure,http://www.cninfo.com.cn/new/disclosure/detail?stockCode=601899&announcementId=1225023648&orgId=9900004143&announcementTime=2026-03-21 00:00:00,2026-03-21 00:00:00,601899,601899,紫金矿业集团股份有限公司内部审计管理制度,紫金矿业集团股份有限公司内部审计管理制度,ok,,,,
cninfo_disclosure,http://www.cninfo.com.cn/new/disclosure/detail?stockCode=601899&announcementId=1225008174&orgId=9900004143&announcementTime=2026-03-14 00:00:00,2026-03-14 00:00:00,601899,601899,紫金矿业集团股份有限公司关于召开2025年度业绩说明会的公告,紫金矿业集团股份有限公司关于召开2025年度业绩说明会的公告,ok,,,,
cninfo_disclosure,http://www.cninfo.com.cn/new/disclosure/detail?stockCode=601899&announcementId=1225007115&orgId=9900004143&announcementTime=2026-03-13 00:00:00,2026-03-13 00:00:00,601899,601899,紫金矿业集团股份有限公司关于全资子公司与专业投资机构共同投资的公告,紫金矿业集团股份有限公司关于全资子公司与专业投资机构共同投资的公告,ok,,,,
cninfo_disclosure,http://www.cninfo.com.cn/new/disclosure/detail?stockCode=601899&announcementId=1224992174&orgId=9900004143&announcementTime=2026-03-03 00:00:00,2026-03-03 00:00:00,601899,601899,紫金矿业集团股份有限公司关于2023年股票期权激励计划第一个行权期自主行权结果暨股份变动月度公告,紫金矿业集团股份有限公司关于2023年股票期权激励计划第一个行权期自主行权结果暨股份变动月度公告,ok,,,,
cninfo_disclosure,http://www.cninfo.com.cn/new/disclosure/detail?stockCode=601899&announcementId=1224991243&orgId=9900004143&announcementTime=2026-03-03 00:00:00,2026-03-03 00:00:00,601899,601899,紫金矿业H股市场公告,紫金矿业H股市场公告,ok,,,,
cninfo_disclosure,http://www.cninfo.com.cn/new/disclosure/detail?stockCode=601899&announcementId=1224972233&orgId=9900004143&announcementTime=2026-02-09 00:00:00,2026-02-09 00:00:00,601899,601899,紫金矿业集团股份有限公司关于三年（2026-2028年）主要矿产品产量规划和2035年远景目标纲要的公告,紫金矿业集团股份有限公司关于三年（2026-2028年）主要矿产品产量规划和2035年远景目标纲要的公告,ok,,,,
cninfo_disclosure,http://www.cninfo.com.cn/new/disclosure/detail?stockCode=601899&announcementId=1224968955&orgId=9900004143&announcementTime=2026-02-06 00:00:00,2026-02-06 00:00:00,601899,601899,紫金矿业集团股份有限公司关于为全资子公司提供担保的实施公告,紫金矿业集团股份有限公司关于为全资子公司提供担保的实施公告,ok,,,,
cninfo_disclosure,http://www.cninfo.com.cn/new/disclosure/detail?stockCode=601899&announcementId=1224968949&orgId=9900004143&announcementTime=2026-02-06 00:00:00,2026-02-06 00:00:00,601899,601899,紫金矿业集团股份有限公司关于15亿美元零息可转换公司债券发行完成的公告,紫金矿业集团股份有限公司关于15亿美元零息可转换公司债券发行完成的公告,ok,,,,
cninfo_disclosure,http://www.cninfo.com.cn/new/disclosure/detail?stockCode=601899&announcementId=1224965300&orgId=9900004143&announcementTime=2026-02-04 00:00:00,2026-02-04 00:00:00,601899,601899,紫金矿业集团股份有限公司关于2023年股票期权激励计划第一个行权期自主行权结果暨股份变动月度公告,紫金矿业集团股份有限公司关于2023年股票期权激励计划第一个行权期自主行权结果暨股份变动月度公告,ok,,,,
cninfo_disclosure,http://www.cninfo.com.cn/new/disclosure/detail?stockCode=601899&announcementId=1224965070&orgId=9900004143&announcementTime=2026-02-04 00:00:00,2026-02-04 00:00:00,601899,601899,紫金矿业H股市场公告,紫金矿业H股市场公告,ok,,,,
cninfo_disclosure,http://www.cninfo.com.cn/new/disclosure/detail?stockCode=601899&announcementId=1224957529&orgId=9900004143&announcementTime=2026-01-30 00:00:00,2026-01-30 00:00:00,601899,601899,紫金矿业集团股份有限公司关于根据一般性授权拟发行15亿美元零息可转换公司债券的公告,紫金矿业集团股份有限公司关于根据一般性授权拟发行15亿美元零息可转换公司债券的公告,ok,,,,
cninfo_disclosure,http://www.cninfo.com.cn/new/disclosure/detail?stockCode=601899&announcementId=1224951157&orgId=9900004143&announcementTime=2026-01-27 00:00:00,2026-01-27 00:00:00,601899,601899,紫金矿业集团股份有限公司关于拟收购Allied Gold Corporation 100%股权的公告,紫金矿业集团股份有限公司关于拟收购Allied Gold Corporation 100%股权的公告,ok,,,,
cninfo_disclosure,http://www.cninfo.com.cn/new/disclosure/detail?stockCode=601899&announcementId=1224948177&orgId=9900004143&announcementTime=2026-01-24 00:00:00,2026-01-24 00:00:00,601899,601899,紫金矿业集团股份有限公司关于巨龙铜矿二期工程建成投产的公告,紫金矿业集团股份有限公司关于巨龙铜矿二期工程建成投产的公告,ok,,,,
cctv_macro,,2026-06-10 00:00:00,,,【新思想引领新征程】提升农业综合生产能力 加快农业现代化步伐,【新思想引领新征程】提升农业综合生产能力 加快农业现代化步伐,ok,,,,
cctv_macro,,2026-06-10 00:00:00,,,李希在河南调研,李希在河南调研,ok,,,,
cctv_macro,,2026-06-10 00:00:00,,,【伟大征程】长征：气壮山河的英雄史诗,【伟大征程】长征：气壮山河的英雄史诗,ok,,,,
cctv_macro,,2026-06-10 00:00:00,,,树立和践行正确政绩观学习教育继续派出的4个中央指导组完成进驻,树立和践行正确政绩观学习教育继续派出的4个中央指导组完成进驻,ok,,,,
cctv_macro,,2026-06-10 00:00:00,,,5月居民消费价格指数总体平稳 工业生产者出厂价格指数继续上涨,5月居民消费价格指数总体平稳 工业生产者出厂价格指数继续上涨,ok,,,,
cctv_macro,,2026-06-10 00:00:00,,,5月汽车出口延续快速增长态势,5月汽车出口延续快速增长态势,ok,,,,
cctv_macro,,2026-06-10 00:00:00,,,【一线调研】新型电网筑牢能源大国绿色转型基石,【一线调研】新型电网筑牢能源大国绿色转型基石,ok,,,,
cctv_macro,,2026-06-10 00:00:00,,,第五届全球媒体创新论坛在重庆举行,第五届全球媒体创新论坛在重庆举行,ok,,,,
cctv_macro,,2026-06-10 00:00:00,,,“活力中国调研行”主题采访活动今天启动,“活力中国调研行”主题采访活动今天启动,ok,,,,
cctv_macro,,2026-06-10 00:00:00,,,国务院新闻办举行“新征程上的奋斗者”中外记者见面会,国务院新闻办举行“新征程上的奋斗者”中外记者见面会,ok,,,,
cctv_macro,,2026-06-10 00:00:00,,,国内联播快讯,国内联播快讯,ok,,,,
cctv_macro,,2026-06-10 00:00:00,,,联合国“文明对话国际日”主题活动在日内瓦举行,联合国“文明对话国际日”主题活动在日内瓦举行,ok,,,,
cctv_macro,,2026-06-10 00:00:00,,,美称打击伊朗防空系统等 伊朗称打击美军基地,美称打击伊朗防空系统等 伊朗称打击美军基地,ok,,,,
cctv_macro,,2026-06-10 00:00:00,,,国际联播快讯,国际联播快讯,ok,,,,
akshare_futures_main_sina,https://vip.stock.finance.sina.com.cn/quotes_service/view/qihuohangqing.html,2025-04-07 00:00:00,000630,000630,沪铜主连价格下跌触发商品冲击,"沪铜主连(CU0) 2025-04-07 收盘 7.364e+04; 1日涨跌 -6.62%, 5日涨跌 -8.46%. 该事件按产业链映射进入相关股票的事件因子。",commodity_shock:copper:CU0,commodity_shock,negative,-0.6771908017402115,0.7
akshare_futures_main_sina,https://vip.stock.finance.sina.com.cn/quotes_service/view/qihuohangqing.html,2025-04-08 00:00:00,000630,000630,沪铜主连价格下跌触发商品冲击,"沪铜主连(CU0) 2025-04-08 收盘 7.336e+04; 1日涨跌 -0.38%, 5日涨跌 -8.24%. 该事件按产业链映射进入相关股票的事件因子。",commodity_shock:copper:CU0,commodity_shock,negative,-0.6594121325828644,0.7
akshare_futures_main_sina,https://vip.stock.finance.sina.com.cn/quotes_service/view/qihuohangqing.html,2025-04-09 00:00:00,000630,000630,沪铜主连价格下跌触发商品冲击,"沪铜主连(CU0) 2025-04-09 收盘 7.213e+04; 1日涨跌 -1.68%, 5日涨跌 -10.32%. 该事件按产业链映射进入相关股票的事件因子。",commodity_shock:copper:CU0,commodity_shock,negative,-0.8255626010195201,0.7
akshare_futures_main_sina,https://vip.stock.finance.sina.com.cn/quotes_service/view/qihuohangqing.html,2025-04-10 00:00:00,000630,000630,沪铜主连价格下跌触发商品冲击,"沪铜主连(CU0) 2025-04-10 收盘 7.53e+04; 1日涨跌 4.39%, 5日涨跌 -5.75%. 该事件按产业链映射进入相关股票的事件因子。",commodity_shock:copper:CU0,commodity_shock,negative,-0.4596319939917386,0.7
akshare_futures_main_sina,https://vip.stock.finance.sina.com.cn/quotes_service/view/qihuohangqing.html,2025-09-25 00:00:00,000630,000630,沪铜主连价格上涨触发商品冲击,"沪铜主连(CU0) 2025-09-25 收盘 8.271e+04; 1日涨跌 3.44%, 5日涨跌 3.93%. 该事件按产业链映射进入相关股票的事件因子。",commodity_shock:copper:CU0,commodity_shock,positive,0.3146519225936171,0.7
akshare_futures_main_sina,https://vip.stock.finance.sina.com.cn/quotes_service/view/qihuohangqing.html,2025-10-09 00:00:00,000630,000630,沪铜主连价格上涨触发商品冲击,"沪铜主连(CU0) 2025-10-09 收盘 8.675e+04; 1日涨跌 4.38%, 5日涨跌 8.49%. 该事件按产业链映射进入相关股票的事件因子。",commodity_shock:copper:CU0,commodity_shock,positive,0.679339669834917,0.7
akshare_futures_main_sina,https://vip.stock.finance.sina.com.cn/quotes_service/view/qihuohangqing.html,2025-12-05 00:00:00,000630,000630,沪铜主连价格上涨触发商品冲击,"沪铜主连(CU0) 2025-12-05 收盘 9.278e+04; 1日涨跌 1.98%, 5日涨跌 6.12%. 该事件按产业链映射进入相关股票的事件因子。",commodity_shock:copper:CU0,commodity_shock,positive,0.4895344847306422,0.7
akshare_futures_main_sina,https://vip.stock.finance.sina.com.cn/quotes_service/view/qihuohangqing.html,2025-12-26 00:00:00,000630,000630,沪铜主连价格上涨触发商品冲击,"沪铜主连(CU0) 2025-12-26 收盘 9.872e+04; 1日涨跌 2.61%, 5日涨跌 5.95%. 该事件按产业链映射进入相关股票的事件因子。",commodity_shock:copper:CU0,commodity_shock,positive,0.47563854904485936,0.7
akshare_futures_main_sina,https://vip.stock.finance.sina.com.cn/quotes_service/view/qihuohangqing.html,2026-01-05 00:00:00,000630,000630,沪铜主连价格上涨触发商品冲击,"沪铜主连(CU0) 2026-01-05 收盘 1.014e+05; 1日涨跌 3.17%, 5日涨跌 5.34%. 该事件按产业链映射进入相关股票的事件因子。",commodity_shock:copper:CU0,commodity_shock,positive,0.4273983993347876,0.7
akshare_futures_main_sina,https://vip.stock.finance.sina.com.cn/quotes_service/view/qihuohangqing.html,2026-01-06 00:00:00,000630,000630,沪铜主连价格上涨触发商品冲击,"沪铜主连(CU0) 2026-01-06 收盘 1.053e+05; 1日涨跌 3.92%, 5日涨跌 6.69%. 该事件按产业链映射进入相关股票的事件因子。",commodity_shock:copper:CU0,commodity_shock,positive,0.5348460291734192,0.7
akshare_futures_main_sina,https://vip.stock.finance.sina.com.cn/quotes_service/view/qihuohangqing.html,2026-01-29 00:00:00,000630,000630,沪铜主连价格上涨触发商品冲击,"沪铜主连(CU0) 2026-01-29 收盘 1.091e+05; 1日涨跌 5.87%, 5日涨跌 8.35%. 该事件按产业链映射进入相关股票的事件因子。",commodity_shock:copper:CU0,commodity_shock,positive,0.6681231380337636,0.7
akshare_futures_main_sina,https://vip.stock.finance.sina.com.cn/quotes_service/view/qihuohangqing.html,2026-01-30 00:00:00,000630,000630,沪铜主连价格下跌触发商品冲击,"沪铜主连(CU0) 2026-01-30 收盘 1.037e+05; 1日涨跌 -4.98%, 5日涨跌 2.31%. 该事件按产业链映射进入相关股票的事件因子。",commodity_shock:copper:CU0,commodity_shock,negative,-0.39813032719274144,0.7
akshare_futures_main_sina,https://vip.stock.finance.sina.com.cn/quotes_service/view/qihuohangqing.html,2026-02-02 00:00:00,000630,000630,沪铜主连价格下跌触发商品冲击,"沪铜主连(CU0) 2026-02-02 收盘 9.858e+04; 1日涨跌 -4.92%, 5日涨跌 -3.24%. 该事件按产业链映射进入相关股票的事件因子。",commodity_shock:copper:CU0,commodity_shock,negative,-0.39351851851851816,0.7
akshare_futures_main_sina,https://vip.stock.finance.sina.com.cn/quotes_service/view/qihuohangqing.html,2026-02-03 00:00:00,000630,000630,沪铜主连价格上涨触发商品冲击,"沪铜主连(CU0) 2026-02-03 收盘 1.045e+05; 1日涨跌 6.01%, 5日涨跌 1.85%. 该事件按产业链映射进入相关股票的事件因子。",commodity_shock:copper:CU0,commodity_shock,positive,0.48042199229052507,0.7
akshare_futures_main_sina,https://vip.stock.finance.sina.com.cn/quotes_service/view/qihuohangqing.html,2026-02-05 00:00:00,000630,000630,沪铜主连价格下跌触发商品冲击,"沪铜主连(CU0) 2026-02-05 收盘 1.01e+05; 1日涨跌 -3.97%, 5日涨跌 -7.45%. 该事件按产业链映射进入相关股票的事件因子。",commodity_shock:copper:CU0,commodity_shock,negative,-0.59609568325543,0.7
akshare_futures_main_sina,https://vip.stock.finance.sina.com.cn/quotes_service/view/qihuohangqing.html,2026-03-19 00:00:00,000630,000630,沪铜主连价格下跌触发商品冲击,"沪铜主连(CU0) 2026-03-19 收盘 9.442e+04; 1日涨跌 -4.25%, 5日涨跌 -6.52%. 该事件按产业链映射进入相关股票的事件因子。",commodity_shock:copper:CU0,commodity_shock,negative,-0.5219285219285217,0.7
akshare_futures_main_sina,https://vip.stock.finance.sina.com.cn/quotes_service/view/qihuohangqing.html,2026-03-20 00:00:00,000630,000630,沪铜主连价格下跌触发商品冲击,"沪铜主连(CU0) 2026-03-20 收盘 9.474e+04; 1日涨跌 0.34%, 5日涨跌 -5.55%. 该事件按产业链映射进入相关股票的事件因子。",commodity_shock:copper:CU0,commodity_shock,negative,-0.4442229089821552,0.7
akshare_futures_main_sina,https://vip.stock.finance.sina.com.cn/quotes_service/view/qihuohangqing.html,2026-03-23 00:00:00,000630,000630,沪铜主连价格下跌触发商品冲击,"沪铜主连(CU0) 2026-03-23 收盘 9.21e+04; 1日涨跌 -2.79%, 5日涨跌 -7.64%. 该事件按产业链映射进入相关股票的事件因子。",commodity_shock:copper:CU0,commodity_shock,negative,-0.6113116726835139,0.7
akshare_futures_main_sina,https://vip.stock.finance.sina.com.cn/quotes_service/view/qihuohangqing.html,2026-05-12 00:00:00,000630,000630,沪铜主连价格上涨触发商品冲击,"沪铜主连(CU0) 2026-05-12 收盘 1.065e+05; 1日涨跌 1.81%, 5日涨跌 5.42%. 该事件按产业链映射进入相关股票的事件因子。",commodity_shock:copper:CU0,commodity_shock,positive,0.43393051568840946,0.7
akshare_futures_main_sina,https://vip.stock.finance.sina.com.cn/quotes_service/view/qihuohangqing.html,2026-05-13 00:00:00,000630,000630,沪铜主连价格上涨触发商品冲击,"沪铜主连(CU0) 2026-05-13 收盘 1.085e+05; 1日涨跌 1.88%, 5日涨跌 5.70%. 该事件按产业链映射进入相关股票的事件因子。",commodity_shock:copper:CU0,commodity_shock,positive,0.45587375803623686,0.7
akshare_futures_main_sina,https://vip.stock.finance.sina.com.cn/quotes_service/view/qihuohangqing.html,2025-04-07 00:00:00,600362,600362,沪铜主连价格下跌触发商品冲击,"沪铜主连(CU0) 2025-04-07 收盘 7.364e+04; 1日涨跌 -6.62%, 5日涨跌 -8.46%. 该事件按产业链映射进入相关股票的事件因子。",commodity_shock:copper:CU0,commodity_shock,negative,-0.6771908017402115,0.7
akshare_futures_main_sina,https://vip.stock.finance.sina.com.cn/quotes_service/view/qihuohangqing.html,2025-04-08 00:00:00,600362,600362,沪铜主连价格下跌触发商品冲击,"沪铜主连(CU0) 2025-04-08 收盘 7.336e+04; 1日涨跌 -0.38%, 5日涨跌 -8.24%. 该事件按产业链映射进入相关股票的事件因子。",commodity_shock:copper:CU0,commodity_shock,negative,-0.6594121325828644,0.7
akshare_futures_main_sina,https://vip.stock.finance.sina.com.cn/quotes_service/view/qihuohangqing.html,2025-04-09 00:00:00,600362,600362,沪铜主连价格下跌触发商品冲击,"沪铜主连(CU0) 2025-04-09 收盘 7.213e+04; 1日涨跌 -1.68%, 5日涨跌 -10.32%. 该事件按产业链映射进入相关股票的事件因子。",commodity_shock:copper:CU0,commodity_shock,negative,-0.8255626010195201,0.7
akshare_futures_main_sina,https://vip.stock.finance.sina.com.cn/quotes_service/view/qihuohangqing.html,2025-04-10 00:00:00,600362,600362,沪铜主连价格下跌触发商品冲击,"沪铜主连(CU0) 2025-04-10 收盘 7.53e+04; 1日涨跌 4.39%, 5日涨跌 -5.75%. 该事件按产业链映射进入相关股票的事件因子。",commodity_shock:copper:CU0,commodity_shock,negative,-0.4596319939917386,0.7
akshare_futures_main_sina,https://vip.stock.finance.sina.com.cn/quotes_service/view/qihuohangqing.html,2025-09-25 00:00:00,600362,600362,沪铜主连价格上涨触发商品冲击,"沪铜主连(CU0) 2025-09-25 收盘 8.271e+04; 1日涨跌 3.44%, 5日涨跌 3.93%. 该事件按产业链映射进入相关股票的事件因子。",commodity_shock:copper:CU0,commodity_shock,positive,0.3146519225936171,0.7
akshare_futures_main_sina,https://vip.stock.finance.sina.com.cn/quotes_service/view/qihuohangqing.html,2025-10-09 00:00:00,600362,600362,沪铜主连价格上涨触发商品冲击,"沪铜主连(CU0) 2025-10-09 收盘 8.675e+04; 1日涨跌 4.38%, 5日涨跌 8.49%. 该事件按产业链映射进入相关股票的事件因子。",commodity_shock:copper:CU0,commodity_shock,positive,0.679339669834917,0.7
akshare_futures_main_sina,https://vip.stock.finance.sina.com.cn/quotes_service/view/qihuohangqing.html,2025-12-05 00:00:00,600362,600362,沪铜主连价格上涨触发商品冲击,"沪铜主连(CU0) 2025-12-05 收盘 9.278e+04; 1日涨跌 1.98%, 5日涨跌 6.12%. 该事件按产业链映射进入相关股票的事件因子。",commodity_shock:copper:CU0,commodity_shock,positive,0.4895344847306422,0.7
akshare_futures_main_sina,https://vip.stock.finance.sina.com.cn/quotes_service/view/qihuohangqing.html,2025-12-26 00:00:00,600362,600362,沪铜主连价格上涨触发商品冲击,"沪铜主连(CU0) 2025-12-26 收盘 9.872e+04; 1日涨跌 2.61%, 5日涨跌 5.95%. 该事件按产业链映射进入相关股票的事件因子。",commodity_shock:copper:CU0,commodity_shock,positive,0.47563854904485936,0.7
akshare_futures_main_sina,https://vip.stock.finance.sina.com.cn/quotes_service/view/qihuohangqing.html,2026-01-05 00:00:00,600362,600362,沪铜主连价格上涨触发商品冲击,"沪铜主连(CU0) 2026-01-05 收盘 1.014e+05; 1日涨跌 3.17%, 5日涨跌 5.34%. 该事件按产业链映射进入相关股票的事件因子。",commodity_shock:copper:CU0,commodity_shock,positive,0.4273983993347876,0.7
akshare_futures_main_sina,https://vip.stock.finance.sina.com.cn/quotes_service/view/qihuohangqing.html,2026-01-06 00:00:00,600362,600362,沪铜主连价格上涨触发商品冲击,"沪铜主连(CU0) 2026-01-06 收盘 1.053e+05; 1日涨跌 3.92%, 5日涨跌 6.69%. 该事件按产业链映射进入相关股票的事件因子。",commodity_shock:copper:CU0,commodity_shock,positive,0.5348460291734192,0.7
akshare_futures_main_sina,https://vip.stock.finance.sina.com.cn/quotes_service/view/qihuohangqing.html,2026-01-29 00:00:00,600362,600362,沪铜主连价格上涨触发商品冲击,"沪铜主连(CU0) 2026-01-29 收盘 1.091e+05; 1日涨跌 5.87%, 5日涨跌 8.35%. 该事件按产业链映射进入相关股票的事件因子。",commodity_shock:copper:CU0,commodity_shock,positive,0.6681231380337636,0.7
akshare_futures_main_sina,https://vip.stock.finance.sina.com.cn/quotes_service/view/qihuohangqing.html,2026-01-30 00:00:00,600362,600362,沪铜主连价格下跌触发商品冲击,"沪铜主连(CU0) 2026-01-30 收盘 1.037e+05; 1日涨跌 -4.98%, 5日涨跌 2.31%. 该事件按产业链映射进入相关股票的事件因子。",commodity_shock:copper:CU0,commodity_shock,negative,-0.39813032719274144,0.7
akshare_futures_main_sina,https://vip.stock.finance.sina.com.cn/quotes_service/view/qihuohangqing.html,2026-02-02 00:00:00,600362,600362,沪铜主连价格下跌触发商品冲击,"沪铜主连(CU0) 2026-02-02 收盘 9.858e+04; 1日涨跌 -4.92%, 5日涨跌 -3.24%. 该事件按产业链映射进入相关股票的事件因子。",commodity_shock:copper:CU0,commodity_shock,negative,-0.39351851851851816,0.7
akshare_futures_main_sina,https://vip.stock.finance.sina.com.cn/quotes_service/view/qihuohangqing.html,2026-02-03 00:00:00,600362,600362,沪铜主连价格上涨触发商品冲击,"沪铜主连(CU0) 2026-02-03 收盘 1.045e+05; 1日涨跌 6.01%, 5日涨跌 1.85%. 该事件按产业链映射进入相关股票的事件因子。",commodity_shock:copper:CU0,commodity_shock,positive,0.48042199229052507,0.7
akshare_futures_main_sina,https://vip.stock.finance.sina.com.cn/quotes_service/view/qihuohangqing.html,2026-02-05 00:00:00,600362,600362,沪铜主连价格下跌触发商品冲击,"沪铜主连(CU0) 2026-02-05 收盘 1.01e+05; 1日涨跌 -3.97%, 5日涨跌 -7.45%. 该事件按产业链映射进入相关股票的事件因子。",commodity_shock:copper:CU0,commodity_shock,negative,-0.59609568325543,0.7
akshare_futures_main_sina,https://vip.stock.finance.sina.com.cn/quotes_service/view/qihuohangqing.html,2026-03-19 00:00:00,600362,600362,沪铜主连价格下跌触发商品冲击,"沪铜主连(CU0) 2026-03-19 收盘 9.442e+04; 1日涨跌 -4.25%, 5日涨跌 -6.52%. 该事件按产业链映射进入相关股票的事件因子。",commodity_shock:copper:CU0,commodity_shock,negative,-0.5219285219285217,0.7
akshare_futures_main_sina,https://vip.stock.finance.sina.com.cn/quotes_service/view/qihuohangqing.html,2026-03-20 00:00:00,600362,600362,沪铜主连价格下跌触发商品冲击,"沪铜主连(CU0) 2026-03-20 收盘 9.474e+04; 1日涨跌 0.34%, 5日涨跌 -5.55%. 该事件按产业链映射进入相关股票的事件因子。",commodity_shock:copper:CU0,commodity_shock,negative,-0.4442229089821552,0.7
akshare_futures_main_sina,https://vip.stock.finance.sina.com.cn/quotes_service/view/qihuohangqing.html,2026-03-23 00:00:00,600362,600362,沪铜主连价格下跌触发商品冲击,"沪铜主连(CU0) 2026-03-23 收盘 9.21e+04; 1日涨跌 -2.79%, 5日涨跌 -7.64%. 该事件按产业链映射进入相关股票的事件因子。",commodity_shock:copper:CU0,commodity_shock,negative,-0.6113116726835139,0.7
akshare_futures_main_sina,https://vip.stock.finance.sina.com.cn/quotes_service/view/qihuohangqing.html,2026-05-12 00:00:00,600362,600362,沪铜主连价格上涨触发商品冲击,"沪铜主连(CU0) 2026-05-12 收盘 1.065e+05; 1日涨跌 1.81%, 5日涨跌 5.42%. 该事件按产业链映射进入相关股票的事件因子。",commodity_shock:copper:CU0,commodity_shock,positive,0.43393051568840946,0.7
akshare_futures_main_sina,https://vip.stock.finance.sina.com.cn/quotes_service/view/qihuohangqing.html,2026-05-13 00:00:00,600362,600362,沪铜主连价格上涨触发商品冲击,"沪铜主连(CU0) 2026-05-13 收盘 1.085e+05; 1日涨跌 1.88%, 5日涨跌 5.70%. 该事件按产业链映射进入相关股票的事件因子。",commodity_shock:copper:CU0,commodity_shock,positive,0.45587375803623686,0.7
akshare_futures_main_sina,https://vip.stock.finance.sina.com.cn/quotes_service/view/qihuohangqing.html,2025-04-07 00:00:00,601899,601899,沪铜主连价格下跌触发商品冲击,"沪铜主连(CU0) 2025-04-07 收盘 7.364e+04; 1日涨跌 -6.62%, 5日涨跌 -8.46%. 该事件按产业链映射进入相关股票的事件因子。",commodity_shock:copper:CU0,commodity_shock,negative,-0.6771908017402115,0.7
akshare_futures_main_sina,https://vip.stock.finance.sina.com.cn/quotes_service/view/qihuohangqing.html,2025-04-08 00:00:00,601899,601899,沪铜主连价格下跌触发商品冲击,"沪铜主连(CU0) 2025-04-08 收盘 7.336e+04; 1日涨跌 -0.38%, 5日涨跌 -8.24%. 该事件按产业链映射进入相关股票的事件因子。",commodity_shock:copper:CU0,commodity_shock,negative,-0.6594121325828644,0.7
akshare_futures_main_sina,https://vip.stock.finance.sina.com.cn/quotes_service/view/qihuohangqing.html,2025-04-09 00:00:00,601899,601899,沪铜主连价格下跌触发商品冲击,"沪铜主连(CU0) 2025-04-09 收盘 7.213e+04; 1日涨跌 -1.68%, 5日涨跌 -10.32%. 该事件按产业链映射进入相关股票的事件因子。",commodity_shock:copper:CU0,commodity_shock,negative,-0.8255626010195201,0.7
akshare_futures_main_sina,https://vip.stock.finance.sina.com.cn/quotes_service/view/qihuohangqing.html,2025-04-10 00:00:00,601899,601899,沪铜主连价格下跌触发商品冲击,"沪铜主连(CU0) 2025-04-10 收盘 7.53e+04; 1日涨跌 4.39%, 5日涨跌 -5.75%. 该事件按产业链映射进入相关股票的事件因子。",commodity_shock:copper:CU0,commodity_shock,negative,-0.4596319939917386,0.7
akshare_futures_main_sina,https://vip.stock.finance.sina.com.cn/quotes_service/view/qihuohangqing.html,2025-09-25 00:00:00,601899,601899,沪铜主连价格上涨触发商品冲击,"沪铜主连(CU0) 2025-09-25 收盘 8.271e+04; 1日涨跌 3.44%, 5日涨跌 3.93%. 该事件按产业链映射进入相关股票的事件因子。",commodity_shock:copper:CU0,commodity_shock,positive,0.3146519225936171,0.7
akshare_futures_main_sina,https://vip.stock.finance.sina.com.cn/quotes_service/view/qihuohangqing.html,2025-10-09 00:00:00,601899,601899,沪铜主连价格上涨触发商品冲击,"沪铜主连(CU0) 2025-10-09 收盘 8.675e+04; 1日涨跌 4.38%, 5日涨跌 8.49%. 该事件按产业链映射进入相关股票的事件因子。",commodity_shock:copper:CU0,commodity_shock,positive,0.679339669834917,0.7
akshare_futures_main_sina,https://vip.stock.finance.sina.com.cn/quotes_service/view/qihuohangqing.html,2025-12-05 00:00:00,601899,601899,沪铜主连价格上涨触发商品冲击,"沪铜主连(CU0) 2025-12-05 收盘 9.278e+04; 1日涨跌 1.98%, 5日涨跌 6.12%. 该事件按产业链映射进入相关股票的事件因子。",commodity_shock:copper:CU0,commodity_shock,positive,0.4895344847306422,0.7
akshare_futures_main_sina,https://vip.stock.finance.sina.com.cn/quotes_service/view/qihuohangqing.html,2025-12-26 00:00:00,601899,601899,沪铜主连价格上涨触发商品冲击,"沪铜主连(CU0) 2025-12-26 收盘 9.872e+04; 1日涨跌 2.61%, 5日涨跌 5.95%. 该事件按产业链映射进入相关股票的事件因子。",commodity_shock:copper:CU0,commodity_shock,positive,0.47563854904485936,0.7
akshare_futures_main_sina,https://vip.stock.finance.sina.com.cn/quotes_service/view/qihuohangqing.html,2026-01-05 00:00:00,601899,601899,沪铜主连价格上涨触发商品冲击,"沪铜主连(CU0) 2026-01-05 收盘 1.014e+05; 1日涨跌 3.17%, 5日涨跌 5.34%. 该事件按产业链映射进入相关股票的事件因子。",commodity_shock:copper:CU0,commodity_shock,positive,0.4273983993347876,0.7
akshare_futures_main_sina,https://vip.stock.finance.sina.com.cn/quotes_service/view/qihuohangqing.html,2026-01-06 00:00:00,601899,601899,沪铜主连价格上涨触发商品冲击,"沪铜主连(CU0) 2026-01-06 收盘 1.053e+05; 1日涨跌 3.92%, 5日涨跌 6.69%. 该事件按产业链映射进入相关股票的事件因子。",commodity_shock:copper:CU0,commodity_shock,positive,0.5348460291734192,0.7
akshare_futures_main_sina,https://vip.stock.finance.sina.com.cn/quotes_service/view/qihuohangqing.html,2026-01-29 00:00:00,601899,601899,沪铜主连价格上涨触发商品冲击,"沪铜主连(CU0) 2026-01-29 收盘 1.091e+05; 1日涨跌 5.87%, 5日涨跌 8.35%. 该事件按产业链映射进入相关股票的事件因子。",commodity_shock:copper:CU0,commodity_shock,positive,0.6681231380337636,0.7
akshare_futures_main_sina,https://vip.stock.finance.sina.com.cn/quotes_service/view/qihuohangqing.html,2026-01-30 00:00:00,601899,601899,沪铜主连价格下跌触发商品冲击,"沪铜主连(CU0) 2026-01-30 收盘 1.037e+05; 1日涨跌 -4.98%, 5日涨跌 2.31%. 该事件按产业链映射进入相关股票的事件因子。",commodity_shock:copper:CU0,commodity_shock,negative,-0.39813032719274144,0.7
akshare_futures_main_sina,https://vip.stock.finance.sina.com.cn/quotes_service/view/qihuohangqing.html,2026-02-02 00:00:00,601899,601899,沪铜主连价格下跌触发商品冲击,"沪铜主连(CU0) 2026-02-02 收盘 9.858e+04; 1日涨跌 -4.92%, 5日涨跌 -3.24%. 该事件按产业链映射进入相关股票的事件因子。",commodity_shock:copper:CU0,commodity_shock,negative,-0.39351851851851816,0.7
akshare_futures_main_sina,https://vip.stock.finance.sina.com.cn/quotes_service/view/qihuohangqing.html,2026-02-03 00:00:00,601899,601899,沪铜主连价格上涨触发商品冲击,"沪铜主连(CU0) 2026-02-03 收盘 1.045e+05; 1日涨跌 6.01%, 5日涨跌 1.85%. 该事件按产业链映射进入相关股票的事件因子。",commodity_shock:copper:CU0,commodity_shock,positive,0.48042199229052507,0.7
akshare_futures_main_sina,https://vip.stock.finance.sina.com.cn/quotes_service/view/qihuohangqing.html,2026-02-05 00:00:00,601899,601899,沪铜主连价格下跌触发商品冲击,"沪铜主连(CU0) 2026-02-05 收盘 1.01e+05; 1日涨跌 -3.97%, 5日涨跌 -7.45%. 该事件按产业链映射进入相关股票的事件因子。",commodity_shock:copper:CU0,commodity_shock,negative,-0.59609568325543,0.7
akshare_futures_main_sina,https://vip.stock.finance.sina.com.cn/quotes_service/view/qihuohangqing.html,2026-03-19 00:00:00,601899,601899,沪铜主连价格下跌触发商品冲击,"沪铜主连(CU0) 2026-03-19 收盘 9.442e+04; 1日涨跌 -4.25%, 5日涨跌 -6.52%. 该事件按产业链映射进入相关股票的事件因子。",commodity_shock:copper:CU0,commodity_shock,negative,-0.5219285219285217,0.7
akshare_futures_main_sina,https://vip.stock.finance.sina.com.cn/quotes_service/view/qihuohangqing.html,2026-03-20 00:00:00,601899,601899,沪铜主连价格下跌触发商品冲击,"沪铜主连(CU0) 2026-03-20 收盘 9.474e+04; 1日涨跌 0.34%, 5日涨跌 -5.55%. 该事件按产业链映射进入相关股票的事件因子。",commodity_shock:copper:CU0,commodity_shock,negative,-0.4442229089821552,0.7
akshare_futures_main_sina,https://vip.stock.finance.sina.com.cn/quotes_service/view/qihuohangqing.html,2026-03-23 00:00:00,601899,601899,沪铜主连价格下跌触发商品冲击,"沪铜主连(CU0) 2026-03-23 收盘 9.21e+04; 1日涨跌 -2.79%, 5日涨跌 -7.64%. 该事件按产业链映射进入相关股票的事件因子。",commodity_shock:copper:CU0,commodity_shock,negative,-0.6113116726835139,0.7
akshare_futures_main_sina,https://vip.stock.finance.sina.com.cn/quotes_service/view/qihuohangqing.html,2026-05-12 00:00:00,601899,601899,沪铜主连价格上涨触发商品冲击,"沪铜主连(CU0) 2026-05-12 收盘 1.065e+05; 1日涨跌 1.81%, 5日涨跌 5.42%. 该事件按产业链映射进入相关股票的事件因子。",commodity_shock:copper:CU0,commodity_shock,positive,0.43393051568840946,0.7
akshare_futures_main_sina,https://vip.stock.finance.sina.com.cn/quotes_service/view/qihuohangqing.html,2026-05-13 00:00:00,601899,601899,沪铜主连价格上涨触发商品冲击,"沪铜主连(CU0) 2026-05-13 收盘 1.085e+05; 1日涨跌 1.88%, 5日涨跌 5.70%. 该事件按产业链映射进入相关股票的事件因子。",commodity_shock:copper:CU0,commodity_shock,positive,0.45587375803623686,0.7
akshare_futures_main_sina,https://vip.stock.finance.sina.com.cn/quotes_service/view/qihuohangqing.html,2025-02-05 00:00:00,000630,000630,沪金主连价格上涨触发商品冲击,"沪金主连(AU0) 2025-02-05 收盘 670.6; 1日涨跌 3.57%, 5日涨跌 4.82%. 该事件按产业链映射进入相关股票的事件因子。",commodity_shock:gold:AU0,commodity_shock,positive,0.3858826471599617,0.7
akshare_futures_main_sina,https://vip.stock.finance.sina.com.cn/quotes_service/view/qihuohangqing.html,2025-02-11 00:00:00,000630,000630,沪金主连价格上涨触发商品冲击,"沪金主连(AU0) 2025-02-11 收盘 685.7; 1日涨跌 0.98%, 5日涨跌 5.90%. 该事件按产业链映射进入相关股票的事件因子。",commodity_shock:gold:AU0,commodity_shock,positive,0.4719399573771508,0.7
akshare_futures_main_sina,https://vip.stock.finance.sina.com.cn/quotes_service/view/qihuohangqing.html,2025-04-14 00:00:00,000630,000630,沪金主连价格上涨触发商品冲击,"沪金主连(AU0) 2025-04-14 收盘 763.6; 1日涨跌 0.84%, 5日涨跌 6.33%. 该事件按产业链映射进入相关股票的事件因子。",commodity_shock:gold:AU0,commodity_shock,positive,0.5063911554206477,0.7
akshare_futures_main_sina,https://vip.stock.finance.sina.com.cn/quotes_service/view/qihuohangqing.html,2025-04-15 00:00:00,000630,000630,沪金主连价格上涨触发商品冲击,"沪金主连(AU0) 2025-04-15 收盘 764.4; 1日涨跌 0.10%, 5日涨跌 6.29%. 该事件按产业链映射进入相关股票的事件因子。",commodity_shock:gold:AU0,commodity_shock,positive,0.5029893495731486,0.7
akshare_futures_main_sina,https://vip.stock.finance.sina.com.cn/quotes_service/view/qihuohangqing.html,2025-04-16 00:00:00,000630,000630,沪金主连价格上涨触发商品冲击,"沪金主连(AU0) 2025-04-16 收盘 781.6; 1日涨跌 2.24%, 5日涨跌 7.34%. 该事件按产业链映射进入相关股票的事件因子。",commodity_shock:gold:AU0,commodity_shock,positive,0.587359573708353,0.7
akshare_futures_main_sina,https://vip.stock.finance.sina.com.cn/quotes_service/view/qihuohangqing.html,2025-04-17 00:00:00,000630,000630,沪金主连价格上涨触发商品冲击,"沪金主连(AU0) 2025-04-17 收盘 789.2; 1日涨跌 0.97%, 5日涨跌 6.01%. 该事件按产业链映射进入相关股票的事件因子。",commodity_shock:gold:AU0,commodity_shock,positive,0.48076509778637444,0.7
akshare_futures_main_sina,https://vip.stock.finance.sina.com.cn/quotes_service/view/qihuohangqing.html,2025-04-21 00:00:00,000630,000630,沪金主连价格上涨触发商品冲击,"沪金主连(AU0) 2025-04-21 收盘 805.1; 1日涨跌 1.77%, 5日涨跌 5.42%. 该事件按产业链映射进入相关股票的事件因子。",commodity_shock:gold:AU0,commodity_shock,positive,0.43392174322979393,0.7
akshare_futures_main_sina,https://vip.stock.finance.sina.com.cn/quotes_service/view/qihuohangqing.html,2025-04-22 00:00:00,000630,000630,沪金主连价格上涨触发商品冲击,"沪金主连(AU0) 2025-04-22 收盘 831.4; 1日涨跌 3.27%, 5日涨跌 8.76%. 该事件按产业链映射进入相关股票的事件因子。",commodity_shock:gold:AU0,commodity_shock,positive,0.7009575637067655,0.7
akshare_futures_main_sina,https://vip.stock.finance.sina.com.cn/quotes_service/view/qihuohangqing.html,2025-04-23 00:00:00,000630,000630,沪金主连价格下跌触发商品冲击,"沪金主连(AU0) 2025-04-23 收盘 784.3; 1日涨跌 -5.67%, 5日涨跌 0.34%. 该事件按产业链映射进入相关股票的事件因子。",commodity_shock:gold:AU0,commodity_shock,negative,-0.453585432152221,0.7
akshare_futures_main_sina,https://vip.stock.finance.sina.com.cn/quotes_service/view/qihuohangqing.html,2025-04-29 00:00:00,000630,000630,沪金主连价格下跌触发商品冲击,"沪金主连(AU0) 2025-04-29 收盘 785.1; 1日涨跌 0.65%, 5日涨跌 -5.57%. 该事件按产业链映射进入相关股票的事件因子。",commodity_shock:gold:AU0,commodity_shock,negative,-0.44531043275360194,0.7
akshare_futures_main_sina,https://vip.stock.finance.sina.com.cn/quotes_service/view/qihuohangqing.html,2025-05-15 00:00:00,000630,000630,沪金主连价格下跌触发商品冲击,"沪金主连(AU0) 2025-05-15 收盘 739.8; 1日涨跌 -2.88%, 5日涨跌 -6.44%. 该事件按产业链映射进入相关股票的事件因子。",commodity_shock:gold:AU0,commodity_shock,negative,-0.5155416171375089,0.7
akshare_futures_main_sina,https://vip.stock.finance.sina.com.cn/quotes_service/view/qihuohangqing.html,2025-05-21 00:00:00,000630,000630,沪金主连价格上涨触发商品冲击,"沪金主连(AU0) 2025-05-21 收盘 778.8; 1日涨跌 3.23%, 5日涨跌 2.24%. 该事件按产业链映射进入相关股票的事件因子。",commodity_shock:gold:AU0,commodity_shock,positive,0.25875553434608456,0.7
akshare_futures_main_sina,https://vip.stock.finance.sina.com.cn/quotes_service/view/qihuohangqing.html,2025-05-22 00:00:00,000630,000630,沪金主连价格上涨触发商品冲击,"沪金主连(AU0) 2025-05-22 收盘 780.1; 1日涨跌 0.17%, 5日涨跌 5.44%. 该事件按产业链映射进入相关股票的事件因子。",commodity_shock:gold:AU0,commodity_shock,positive,0.43556540780189756,0.7
akshare_futures_main_sina,https://vip.stock.finance.sina.com.cn/quotes_service/view/qihuohangqing.html,2025-10-09 00:00:00,000630,000630,沪金主连价格上涨触发商品冲击,"沪金主连(AU0) 2025-10-09 收盘 914.3; 1日涨跌 4.57%, 5日涨跌 6.32%. 该事件按产业链映射进入相关股票的事件因子。",commodity_shock:gold:AU0,commodity_shock,positive,0.5053023255813951,0.7
akshare_futures_main_sina,https://vip.stock.finance.sina.com.cn/quotes_service/view/qihuohangqing.html,2025-10-10 00:00:00,000630,000630,沪金主连价格上涨触发商品冲击,"沪金主连(AU0) 2025-10-10 收盘 901.6; 1日涨跌 -1.40%, 5日涨跌 5.48%. 该事件按产业链映射进入相关股票的事件因子。",commodity_shock:gold:AU0,commodity_shock,positive,0.4384125795582179,0.7
akshare_futures_main_sina,https://vip.stock.finance.sina.com.cn/quotes_service/view/qihuohangqing.html,2025-10-13 00:00:00,000630,000630,沪金主连价格上涨触发商品冲击,"沪金主连(AU0) 2025-10-13 收盘 927.6; 1日涨跌 2.88%, 5日涨跌 8.35%. 该事件按产业链映射进入相关股票的事件因子。",commodity_shock:gold:AU0,commodity_shock,positive,0.6681774641964342,0.7
akshare_futures_main_sina,https://vip.stock.finance.sina.com.cn/quotes_service/view/qihuohangqing.html,2025-10-14 00:00:00,000630,000630,沪金主连价格上涨触发商品冲击,"沪金主连(AU0) 2025-10-14 收盘 939; 1日涨跌 1.23%, 5日涨跌 8.36%. 该事件按产业链映射进入相关股票的事件因子。",commodity_shock:gold:AU0,commodity_shock,positive,0.668974749573005,0.7
akshare_futures_main_sina,https://vip.stock.finance.sina.com.cn/quotes_service/view/qihuohangqing.html,2025-10-15 00:00:00,000630,000630,沪金主连价格上涨触发商品冲击,"沪金主连(AU0) 2025-10-15 收盘 960.3; 1日涨跌 2.27%, 5日涨跌 9.83%. 该事件按产业链映射进入相关股票的事件因子。",commodity_shock:gold:AU0,commodity_shock,positive,0.7862763037511442,0.7
akshare_futures_main_sina,https://vip.stock.finance.sina.com.cn/quotes_service/view/qihuohangqing.html,2025-10-16 00:00:00,000630,000630,沪金主连价格上涨触发商品冲击,"沪金主连(AU0) 2025-10-16 收盘 966.4; 1日涨跌 0.63%, 5日涨跌 5.70%. 该事件按产业链映射进入相关股票的事件因子。",commodity_shock:gold:AU0,commodity_shock,positive,0.45585790532854986,0.7
akshare_futures_main_sina,https://vip.stock.finance.sina.com.cn/quotes_service/view/qihuohangqing.html,2025-10-17 00:00:00,000630,000630,沪金主连价格上涨触发商品冲击,"沪金主连(AU0) 2025-10-17 收盘 999.8; 1日涨跌 3.45%, 5日涨跌 10.90%. 该事件按产业链映射进入相关股票的事件因子。",commodity_shock:gold:AU0,commodity_shock,positive,0.85,0.7
akshare_futures_main_sina,https://vip.stock.finance.sina.com.cn/quotes_service/view/qihuohangqing.html,2025-10-21 00:00:00,000630,000630,沪金主连价格上涨触发商品冲击,"沪金主连(AU0) 2025-10-21 收盘 994.1; 1日涨跌 2.45%, 5日涨跌 5.87%. 该事件按产业链映射进入相关股票的事件因子。",commodity_shock:gold:AU0,commodity_shock,positive,0.4692751709301568,0.7
akshare_futures_main_sina,https://vip.stock.finance.sina.com.cn/quotes_service/view/qihuohangqing.html,2025-10-22 00:00:00,000630,000630,沪金主连价格下跌触发商品冲击,"沪金主连(AU0) 2025-10-22 收盘 952.6; 1日涨跌 -4.17%, 5日涨跌 -0.81%. 该事件按产业链映射进入相关股票的事件因子。",commodity_shock:gold:AU0,commodity_shock,negative,-0.333983864153069,0.7
akshare_futures_main_sina,https://vip.stock.finance.sina.com.cn/quotes_service/view/qihuohangqing.html,2025-10-24 00:00:00,000630,000630,沪金主连价格下跌触发商品冲击,"沪金主连(AU0) 2025-10-24 收盘 938.1; 1日涨跌 -0.44%, 5日涨跌 -6.17%. 该事件按产业链映射进入相关股票的事件因子。",commodity_shock:gold:AU0,commodity_shock,negative,-0.4936987397479493,0.7
akshare_futures_main_sina,https://vip.stock.finance.sina.com.cn/quotes_service/view/qihuohangqing.html,2025-10-28 00:00:00,000630,000630,沪金主连价格下跌触发商品冲击,"沪金主连(AU0) 2025-10-28 收盘 901.4; 1日涨跌 -3.51%, 5日涨跌 -9.32%. 该事件按产业链映射进入相关股票的事件因子。",commodity_shock:gold:AU0,commodity_shock,negative,-0.7458704705953361,0.7
akshare_futures_main_sina,https://vip.stock.finance.sina.com.cn/quotes_service/view/qihuohangqing.html,2026-01-21 00:00:00,000630,000630,沪金主连价格上涨触发商品冲击,"沪金主连(AU0) 2026-01-21 收盘 1092; 1日涨跌 3.03%, 5日涨跌 4.67%. 该事件按产业链映射进入相关股票的事件因子。",commodity_shock:gold:AU0,commodity_shock,positive,0.3734835853504279,0.7
akshare_futures_main_sina,https://vip.stock.finance.sina.com.cn/quotes_service/view/qihuohangqing.html,2026-01-23 00:00:00,000630,000630,沪金主连价格上涨触发商品冲击,"沪金主连(AU0) 2026-01-23 收盘 1116; 1日涨跌 2.58%, 5日涨跌 7.74%. 该事件按产业链映射进入相关股票的事件因子。",commodity_shock:gold:AU0,commodity_shock,positive,0.6191405118300342,0.7
akshare_futures_main_sina,https://vip.stock.finance.sina.com.cn/quotes_service/view/qihuohangqing.html,2026-01-26 00:00:00,000630,000630,沪金主连价格上涨触发商品冲击,"沪金主连(AU0) 2026-01-26 收盘 1143; 1日涨跌 2.48%, 5日涨跌 8.70%. 该事件按产业链映射进入相关股票的事件因子。",commodity_shock:gold:AU0,commodity_shock,positive,0.6961019205172079,0.7
akshare_futures_main_sina,https://vip.stock.finance.sina.com.cn/quotes_service/view/qihuohangqing.html,2026-01-27 00:00:00,000630,000630,沪金主连价格上涨触发商品冲击,"沪金主连(AU0) 2026-01-27 收盘 1148; 1日涨跌 0.44%, 5日涨跌 8.32%. 该事件按产业链映射进入相关股票的事件因子。",commodity_shock:gold:AU0,commodity_shock,positive,0.665710836100212,0.7
akshare_futures_main_sina,https://vip.stock.finance.sina.com.cn/quotes_service/view/qihuohangqing.html,2026-01-28 00:00:00,000630,000630,沪金主连价格上涨触发商品冲击,"沪金主连(AU0) 2026-01-28 收盘 1186; 1日涨跌 3.29%, 5日涨跌 8.60%. 该事件按产业链映射进入相关股票的事件因子。",commodity_shock:gold:AU0,commodity_shock,positive,0.6877231529799506,0.7
akshare_futures_main_sina,https://vip.stock.finance.sina.com.cn/quotes_service/view/qihuohangqing.html,2026-01-29 00:00:00,000630,000630,沪金主连价格上涨触发商品冲击,"沪金主连(AU0) 2026-01-29 收盘 1249; 1日涨跌 5.30%, 5日涨跌 14.85%. 该事件按产业链映射进入相关股票的事件因子。",commodity_shock:gold:AU0,commodity_shock,positive,0.85,0.7
akshare_futures_main_sina,https://vip.stock.finance.sina.com.cn/quotes_service/view/qihuohangqing.html,2026-01-30 00:00:00,000630,000630,沪金主连价格下跌触发商品冲击,"沪金主连(AU0) 2026-01-30 收盘 1161; 1日涨跌 -7.02%, 5日涨跌 4.10%. 该事件按产业链映射进入相关股票的事件因子。",commodity_shock:gold:AU0,commodity_shock,negative,-0.561675419495324,0.7
akshare_futures_main_sina,https://vip.stock.finance.sina.com.cn/quotes_service/view/qihuohangqing.html,2026-02-02 00:00:00,000630,000630,沪金主连价格下跌触发商品冲击,"沪金主连(AU0) 2026-02-02 收盘 1009; 1日涨跌 -13.16%, 5日涨跌 -11.78%. 该事件按产业链映射进入相关股票的事件因子。",commodity_shock:gold:AU0,commodity_shock,negative,-0.85,0.7
akshare_futures_main_sina,https://vip.stock.finance.sina.com.cn/quotes_service/view/qihuohangqing.html,2026-02-03 00:00:00,000630,000630,沪金主连价格上涨触发商品冲击,"沪金主连(AU0) 2026-02-03 收盘 1094; 1日涨跌 8.45%, 5日涨跌 -4.75%. 该事件按产业链映射进入相关股票的事件因子。",commodity_shock:gold:AU0,commodity_shock,positive,0.6756295855641472,0.7
akshare_futures_main_sina,https://vip.stock.finance.sina.com.cn/quotes_service/view/qihuohangqing.html,2026-02-04 00:00:00,000630,000630,沪金主连价格上涨触发商品冲击,"沪金主连(AU0) 2026-02-04 收盘 1142; 1日涨跌 4.38%, 5日涨跌 -3.75%. 该事件按产业链映射进入相关股票的事件因子。",commodity_shock:gold:AU0,commodity_shock,positive,0.3504909579622968,0.7
akshare_futures_main_sina,https://vip.stock.finance.sina.com.cn/quotes_service/view/qihuohangqing.html,2026-02-05 00:00:00,000630,000630,沪金主连价格下跌触发商品冲击,"沪金主连(AU0) 2026-02-05 收盘 1106; 1日涨跌 -3.15%, 5日涨跌 -11.48%. 该事件按产业链映射进入相关股票的事件因子。",commodity_shock:gold:AU0,commodity_shock,negative,-0.85,0.7
akshare_futures_main_sina,https://vip.stock.finance.sina.com.cn/quotes_service/view/qihuohangqing.html,2026-02-06 00:00:00,000630,000630,沪金主连价格下跌触发商品冲击,"沪金主连(AU0) 2026-02-06 收盘 1090; 1日涨跌 -1.41%, 5日涨跌 -6.14%. 该事件按产业链映射进入相关股票的事件因子。",commodity_shock:gold:AU0,commodity_shock,negative,-0.491122935716624,0.7
akshare_futures_main_sina,https://vip.stock.finance.sina.com.cn/quotes_service/view/qihuohangqing.html,2026-02-09 00:00:00,000630,000630,沪金主连价格上涨触发商品冲击,"沪金主连(AU0) 2026-02-09 收盘 1126; 1日涨跌 3.29%, 5日涨跌 11.63%. 该事件按产业链映射进入相关股票的事件因子。",commodity_shock:gold:AU0,commodity_shock,positive,0.85,0.7
akshare_futures_main_sina,https://vip.stock.finance.sina.com.cn/quotes_service/view/qihuohangqing.html,2026-02-24 00:00:00,000630,000630,沪金主连价格上涨触发商品冲击,"沪金主连(AU0) 2026-02-24 收盘 1150; 1日涨跌 3.64%, 5日涨跌 2.18%. 该事件按产业链映射进入相关股票的事件因子。",commodity_shock:gold:AU0,commodity_shock,positive,0.2911449418971266,0.7
akshare_futures_main_sina,https://vip.stock.finance.sina.com.cn/quotes_service/view/qihuohangqing.html,2026-03-02 00:00:00,000630,000630,沪金主连价格上涨触发商品冲击,"沪金主连(AU0) 2026-03-02 收盘 1197; 1日涨跌 4.30%, 5日涨跌 7.85%. 该事件按产业链映射进入相关股票的事件因子。",commodity_shock:gold:AU0,commodity_shock,positive,0.6278353301504378,0.7
akshare_futures_main_sina,https://vip.stock.finance.sina.com.cn/quotes_service/view/qihuohangqing.html,2026-03-19 00:00:00,000630,000630,沪金主连价格下跌触发商品冲击,"沪金主连(AU0) 2026-03-19 收盘 1065; 1日涨跌 -4.61%, 5日涨跌 -7.49%. 该事件按产业链映射进入相关股票的事件因子。",commodity_shock:gold:AU0,commodity_shock,negative,-0.5992774767264137,0.7
akshare_futures_main_sina,https://vip.stock.finance.sina.com.cn/quotes_service/view/qihuohangqing.html,2026-03-20 00:00:00,000630,000630,沪金主连价格下跌触发商品冲击,"沪金主连(AU0) 2026-03-20 收盘 1042; 1日涨跌 -2.18%, 5日涨跌 -8.26%. 该事件按产业链映射进入相关股票的事件因子。",commodity_shock:gold:AU0,commodity_shock,negative,-0.6611849634650948,0.7
akshare_futures_main_sina,https://vip.stock.finance.sina.com.cn/quotes_service/view/qihuohangqing.html,2026-03-23 00:00:00,000630,000630,沪金主连价格下跌触发商品冲击,"沪金主连(AU0) 2026-03-23 收盘 942.8; 1日涨跌 -9.52%, 5日涨跌 -15.93%. 该事件按产业链映射进入相关股票的事件因子。",commodity_shock:gold:AU0,commodity_shock,negative,-0.85,0.7
akshare_futures_main_sina,https://vip.stock.finance.sina.com.cn/quotes_service/view/qihuohangqing.html,2026-03-24 00:00:00,000630,000630,沪金主连价格下跌触发商品冲击,"沪金主连(AU0) 2026-03-24 收盘 979.8; 1日涨跌 3.92%, 5日涨跌 -12.45%. 该事件按产业链映射进入相关股票的事件因子。",commodity_shock:gold:AU0,commodity_shock,negative,-0.85,0.7
akshare_futures_main_sina,https://vip.stock.finance.sina.com.cn/quotes_service/view/qihuohangqing.html,2026-03-25 00:00:00,000630,000630,沪金主连价格下跌触发商品冲击,"沪金主连(AU0) 2026-03-25 收盘 1014; 1日涨跌 3.49%, 5日涨跌 -9.21%. 该事件按产业链映射进入相关股票的事件因子。",commodity_shock:gold:AU0,commodity_shock,negative,-0.7364160607471613,0.7
akshare_futures_main_sina,https://vip.stock.finance.sina.com.cn/quotes_service/view/qihuohangqing.html,2026-03-26 00:00:00,000630,000630,沪金主连价格下跌触发商品冲击,"沪金主连(AU0) 2026-03-26 收盘 996; 1日涨跌 -1.77%, 5日涨跌 -6.50%. 该事件按产业链映射进入相关股票的事件因子。",commodity_shock:gold:AU0,commodity_shock,negative,-0.5202861273304169,0.7
akshare_futures_main_sina,https://vip.stock.finance.sina.com.cn/quotes_service/view/qihuohangqing.html,2026-03-30 00:00:00,000630,000630,沪金主连价格上涨触发商品冲击,"沪金主连(AU0) 2026-03-30 收盘 1015; 1日涨跌 1.62%, 5日涨跌 7.65%. 该事件按产业链映射进入相关股票的事件因子。",commodity_shock:gold:AU0,commodity_shock,positive,0.611624946966483,0.7
akshare_futures_main_sina,https://vip.stock.finance.sina.com.cn/quotes_service/view/qihuohangqing.html,2026-04-01 00:00:00,000630,000630,沪金主连价格上涨触发商品冲击,"沪金主连(AU0) 2026-04-01 收盘 1053; 1日涨跌 3.24%, 5日涨跌 3.87%. 该事件按产业链映射进入相关股票的事件因子。",commodity_shock:gold:AU0,commodity_shock,positive,0.30944021460412685,0.7
akshare_futures_main_sina,https://vip.stock.finance.sina.com.cn/quotes_service/view/qihuohangqing.html,2026-06-08 00:00:00,000630,000630,沪金主连价格下跌触发商品冲击,"沪金主连(AU0) 2026-06-08 收盘 942.2; 1日涨跌 -3.27%, 5日涨跌 -4.21%. 该事件按产业链映射进入相关股票的事件因子。",commodity_shock:gold:AU0,commodity_shock,negative,-0.3365664206266903,0.7
akshare_futures_main_sina,https://vip.stock.finance.sina.com.cn/quotes_service/view/qihuohangqing.html,2026-06-10 00:00:00,000630,000630,沪金主连价格下跌触发商品冲击,"沪金主连(AU0) 2026-06-10 收盘 919.3; 1日涨跌 -2.93%, 5日涨跌 -5.91%. 该事件按产业链映射进入相关股票的事件因子。",commodity_shock:gold:AU0,commodity_shock,negative,-0.4729193105989271,0.7
akshare_futures_main_sina,https://vip.stock.finance.sina.com.cn/quotes_service/view/qihuohangqing.html,2025-02-05 00:00:00,600362,600362,沪金主连价格上涨触发商品冲击,"沪金主连(AU0) 2025-02-05 收盘 670.6; 1日涨跌 3.57%, 5日涨跌 4.82%. 该事件按产业链映射进入相关股票的事件因子。",commodity_shock:gold:AU0,commodity_shock,positive,0.3858826471599617,0.7
akshare_futures_main_sina,https://vip.stock.finance.sina.com.cn/quotes_service/view/qihuohangqing.html,2025-02-11 00:00:00,600362,600362,沪金主连价格上涨触发商品冲击,"沪金主连(AU0) 2025-02-11 收盘 685.7; 1日涨跌 0.98%, 5日涨跌 5.90%. 该事件按产业链映射进入相关股票的事件因子。",commodity_shock:gold:AU0,commodity_shock,positive,0.4719399573771508,0.7
akshare_futures_main_sina,https://vip.stock.finance.sina.com.cn/quotes_service/view/qihuohangqing.html,2025-04-14 00:00:00,600362,600362,沪金主连价格上涨触发商品冲击,"沪金主连(AU0) 2025-04-14 收盘 763.6; 1日涨跌 0.84%, 5日涨跌 6.33%. 该事件按产业链映射进入相关股票的事件因子。",commodity_shock:gold:AU0,commodity_shock,positive,0.5063911554206477,0.7
akshare_futures_main_sina,https://vip.stock.finance.sina.com.cn/quotes_service/view/qihuohangqing.html,2025-04-15 00:00:00,600362,600362,沪金主连价格上涨触发商品冲击,"沪金主连(AU0) 2025-04-15 收盘 764.4; 1日涨跌 0.10%, 5日涨跌 6.29%. 该事件按产业链映射进入相关股票的事件因子。",commodity_shock:gold:AU0,commodity_shock,positive,0.5029893495731486,0.7
akshare_futures_main_sina,https://vip.stock.finance.sina.com.cn/quotes_service/view/qihuohangqing.html,2025-04-16 00:00:00,600362,600362,沪金主连价格上涨触发商品冲击,"沪金主连(AU0) 2025-04-16 收盘 781.6; 1日涨跌 2.24%, 5日涨跌 7.34%. 该事件按产业链映射进入相关股票的事件因子。",commodity_shock:gold:AU0,commodity_shock,positive,0.587359573708353,0.7
akshare_futures_main_sina,https://vip.stock.finance.sina.com.cn/quotes_service/view/qihuohangqing.html,2025-04-17 00:00:00,600362,600362,沪金主连价格上涨触发商品冲击,"沪金主连(AU0) 2025-04-17 收盘 789.2; 1日涨跌 0.97%, 5日涨跌 6.01%. 该事件按产业链映射进入相关股票的事件因子。",commodity_shock:gold:AU0,commodity_shock,positive,0.48076509778637444,0.7
akshare_futures_main_sina,https://vip.stock.finance.sina.com.cn/quotes_service/view/qihuohangqing.html,2025-04-21 00:00:00,600362,600362,沪金主连价格上涨触发商品冲击,"沪金主连(AU0) 2025-04-21 收盘 805.1; 1日涨跌 1.77%, 5日涨跌 5.42%. 该事件按产业链映射进入相关股票的事件因子。",commodity_shock:gold:AU0,commodity_shock,positive,0.43392174322979393,0.7
akshare_futures_main_sina,https://vip.stock.finance.sina.com.cn/quotes_service/view/qihuohangqing.html,2025-04-22 00:00:00,600362,600362,沪金主连价格上涨触发商品冲击,"沪金主连(AU0) 2025-04-22 收盘 831.4; 1日涨跌 3.27%, 5日涨跌 8.76%. 该事件按产业链映射进入相关股票的事件因子。",commodity_shock:gold:AU0,commodity_shock,positive,0.7009575637067655,0.7
akshare_futures_main_sina,https://vip.stock.finance.sina.com.cn/quotes_service/view/qihuohangqing.html,2025-04-23 00:00:00,600362,600362,沪金主连价格下跌触发商品冲击,"沪金主连(AU0) 2025-04-23 收盘 784.3; 1日涨跌 -5.67%, 5日涨跌 0.34%. 该事件按产业链映射进入相关股票的事件因子。",commodity_shock:gold:AU0,commodity_shock,negative,-0.453585432152221,0.7
akshare_futures_main_sina,https://vip.stock.finance.sina.com.cn/quotes_service/view/qihuohangqing.html,2025-04-29 00:00:00,600362,600362,沪金主连价格下跌触发商品冲击,"沪金主连(AU0) 2025-04-29 收盘 785.1; 1日涨跌 0.65%, 5日涨跌 -5.57%. 该事件按产业链映射进入相关股票的事件因子。",commodity_shock:gold:AU0,commodity_shock,negative,-0.44531043275360194,0.7
akshare_futures_main_sina,https://vip.stock.finance.sina.com.cn/quotes_service/view/qihuohangqing.html,2025-05-15 00:00:00,600362,600362,沪金主连价格下跌触发商品冲击,"沪金主连(AU0) 2025-05-15 收盘 739.8; 1日涨跌 -2.88%, 5日涨跌 -6.44%. 该事件按产业链映射进入相关股票的事件因子。",commodity_shock:gold:AU0,commodity_shock,negative,-0.5155416171375089,0.7
akshare_futures_main_sina,https://vip.stock.finance.sina.com.cn/quotes_service/view/qihuohangqing.html,2025-05-21 00:00:00,600362,600362,沪金主连价格上涨触发商品冲击,"沪金主连(AU0) 2025-05-21 收盘 778.8; 1日涨跌 3.23%, 5日涨跌 2.24%. 该事件按产业链映射进入相关股票的事件因子。",commodity_shock:gold:AU0,commodity_shock,positive,0.25875553434608456,0.7
akshare_futures_main_sina,https://vip.stock.finance.sina.com.cn/quotes_service/view/qihuohangqing.html,2025-05-22 00:00:00,600362,600362,沪金主连价格上涨触发商品冲击,"沪金主连(AU0) 2025-05-22 收盘 780.1; 1日涨跌 0.17%, 5日涨跌 5.44%. 该事件按产业链映射进入相关股票的事件因子。",commodity_shock:gold:AU0,commodity_shock,positive,0.43556540780189756,0.7
akshare_futures_main_sina,https://vip.stock.finance.sina.com.cn/quotes_service/view/qihuohangqing.html,2025-10-09 00:00:00,600362,600362,沪金主连价格上涨触发商品冲击,"沪金主连(AU0) 2025-10-09 收盘 914.3; 1日涨跌 4.57%, 5日涨跌 6.32%. 该事件按产业链映射进入相关股票的事件因子。",commodity_shock:gold:AU0,commodity_shock,positive,0.5053023255813951,0.7
akshare_futures_main_sina,https://vip.stock.finance.sina.com.cn/quotes_service/view/qihuohangqing.html,2025-10-10 00:00:00,600362,600362,沪金主连价格上涨触发商品冲击,"沪金主连(AU0) 2025-10-10 收盘 901.6; 1日涨跌 -1.40%, 5日涨跌 5.48%. 该事件按产业链映射进入相关股票的事件因子。",commodity_shock:gold:AU0,commodity_shock,positive,0.4384125795582179,0.7
akshare_futures_main_sina,https://vip.stock.finance.sina.com.cn/quotes_service/view/qihuohangqing.html,2025-10-13 00:00:00,600362,600362,沪金主连价格上涨触发商品冲击,"沪金主连(AU0) 2025-10-13 收盘 927.6; 1日涨跌 2.88%, 5日涨跌 8.35%. 该事件按产业链映射进入相关股票的事件因子。",commodity_shock:gold:AU0,commodity_shock,positive,0.6681774641964342,0.7
akshare_futures_main_sina,https://vip.stock.finance.sina.com.cn/quotes_service/view/qihuohangqing.html,2025-10-14 00:00:00,600362,600362,沪金主连价格上涨触发商品冲击,"沪金主连(AU0) 2025-10-14 收盘 939; 1日涨跌 1.23%, 5日涨跌 8.36%. 该事件按产业链映射进入相关股票的事件因子。",commodity_shock:gold:AU0,commodity_shock,positive,0.668974749573005,0.7
akshare_futures_main_sina,https://vip.stock.finance.sina.com.cn/quotes_service/view/qihuohangqing.html,2025-10-15 00:00:00,600362,600362,沪金主连价格上涨触发商品冲击,"沪金主连(AU0) 2025-10-15 收盘 960.3; 1日涨跌 2.27%, 5日涨跌 9.83%. 该事件按产业链映射进入相关股票的事件因子。",commodity_shock:gold:AU0,commodity_shock,positive,0.7862763037511442,0.7
akshare_futures_main_sina,https://vip.stock.finance.sina.com.cn/quotes_service/view/qihuohangqing.html,2025-10-16 00:00:00,600362,600362,沪金主连价格上涨触发商品冲击,"沪金主连(AU0) 2025-10-16 收盘 966.4; 1日涨跌 0.63%, 5日涨跌 5.70%. 该事件按产业链映射进入相关股票的事件因子。",commodity_shock:gold:AU0,commodity_shock,positive,0.45585790532854986,0.7
akshare_futures_main_sina,https://vip.stock.finance.sina.com.cn/quotes_service/view/qihuohangqing.html,2025-10-17 00:00:00,600362,600362,沪金主连价格上涨触发商品冲击,"沪金主连(AU0) 2025-10-17 收盘 999.8; 1日涨跌 3.45%, 5日涨跌 10.90%. 该事件按产业链映射进入相关股票的事件因子。",commodity_shock:gold:AU0,commodity_shock,positive,0.85,0.7
akshare_futures_main_sina,https://vip.stock.finance.sina.com.cn/quotes_service/view/qihuohangqing.html,2025-10-21 00:00:00,600362,600362,沪金主连价格上涨触发商品冲击,"沪金主连(AU0) 2025-10-21 收盘 994.1; 1日涨跌 2.45%, 5日涨跌 5.87%. 该事件按产业链映射进入相关股票的事件因子。",commodity_shock:gold:AU0,commodity_shock,positive,0.4692751709301568,0.7
akshare_futures_main_sina,https://vip.stock.finance.sina.com.cn/quotes_service/view/qihuohangqing.html,2025-10-22 00:00:00,600362,600362,沪金主连价格下跌触发商品冲击,"沪金主连(AU0) 2025-10-22 收盘 952.6; 1日涨跌 -4.17%, 5日涨跌 -0.81%. 该事件按产业链映射进入相关股票的事件因子。",commodity_shock:gold:AU0,commodity_shock,negative,-0.333983864153069,0.7
akshare_futures_main_sina,https://vip.stock.finance.sina.com.cn/quotes_service/view/qihuohangqing.html,2025-10-24 00:00:00,600362,600362,沪金主连价格下跌触发商品冲击,"沪金主连(AU0) 2025-10-24 收盘 938.1; 1日涨跌 -0.44%, 5日涨跌 -6.17%. 该事件按产业链映射进入相关股票的事件因子。",commodity_shock:gold:AU0,commodity_shock,negative,-0.4936987397479493,0.7
akshare_futures_main_sina,https://vip.stock.finance.sina.com.cn/quotes_service/view/qihuohangqing.html,2025-10-28 00:00:00,600362,600362,沪金主连价格下跌触发商品冲击,"沪金主连(AU0) 2025-10-28 收盘 901.4; 1日涨跌 -3.51%, 5日涨跌 -9.32%. 该事件按产业链映射进入相关股票的事件因子。",commodity_shock:gold:AU0,commodity_shock,negative,-0.7458704705953361,0.7
akshare_futures_main_sina,https://vip.stock.finance.sina.com.cn/quotes_service/view/qihuohangqing.html,2026-01-21 00:00:00,600362,600362,沪金主连价格上涨触发商品冲击,"沪金主连(AU0) 2026-01-21 收盘 1092; 1日涨跌 3.03%, 5日涨跌 4.67%. 该事件按产业链映射进入相关股票的事件因子。",commodity_shock:gold:AU0,commodity_shock,positive,0.3734835853504279,0.7
akshare_futures_main_sina,https://vip.stock.finance.sina.com.cn/quotes_service/view/qihuohangqing.html,2026-01-23 00:00:00,600362,600362,沪金主连价格上涨触发商品冲击,"沪金主连(AU0) 2026-01-23 收盘 1116; 1日涨跌 2.58%, 5日涨跌 7.74%. 该事件按产业链映射进入相关股票的事件因子。",commodity_shock:gold:AU0,commodity_shock,positive,0.6191405118300342,0.7
akshare_futures_main_sina,https://vip.stock.finance.sina.com.cn/quotes_service/view/qihuohangqing.html,2026-01-26 00:00:00,600362,600362,沪金主连价格上涨触发商品冲击,"沪金主连(AU0) 2026-01-26 收盘 1143; 1日涨跌 2.48%, 5日涨跌 8.70%. 该事件按产业链映射进入相关股票的事件因子。",commodity_shock:gold:AU0,commodity_shock,positive,0.6961019205172079,0.7
akshare_futures_main_sina,https://vip.stock.finance.sina.com.cn/quotes_service/view/qihuohangqing.html,2026-01-27 00:00:00,600362,600362,沪金主连价格上涨触发商品冲击,"沪金主连(AU0) 2026-01-27 收盘 1148; 1日涨跌 0.44%, 5日涨跌 8.32%. 该事件按产业链映射进入相关股票的事件因子。",commodity_shock:gold:AU0,commodity_shock,positive,0.665710836100212,0.7
akshare_futures_main_sina,https://vip.stock.finance.sina.com.cn/quotes_service/view/qihuohangqing.html,2026-01-28 00:00:00,600362,600362,沪金主连价格上涨触发商品冲击,"沪金主连(AU0) 2026-01-28 收盘 1186; 1日涨跌 3.29%, 5日涨跌 8.60%. 该事件按产业链映射进入相关股票的事件因子。",commodity_shock:gold:AU0,commodity_shock,positive,0.6877231529799506,0.7
akshare_futures_main_sina,https://vip.stock.finance.sina.com.cn/quotes_service/view/qihuohangqing.html,2026-01-29 00:00:00,600362,600362,沪金主连价格上涨触发商品冲击,"沪金主连(AU0) 2026-01-29 收盘 1249; 1日涨跌 5.30%, 5日涨跌 14.85%. 该事件按产业链映射进入相关股票的事件因子。",commodity_shock:gold:AU0,commodity_shock,positive,0.85,0.7
akshare_futures_main_sina,https://vip.stock.finance.sina.com.cn/quotes_service/view/qihuohangqing.html,2026-01-30 00:00:00,600362,600362,沪金主连价格下跌触发商品冲击,"沪金主连(AU0) 2026-01-30 收盘 1161; 1日涨跌 -7.02%, 5日涨跌 4.10%. 该事件按产业链映射进入相关股票的事件因子。",commodity_shock:gold:AU0,commodity_shock,negative,-0.561675419495324,0.7
akshare_futures_main_sina,https://vip.stock.finance.sina.com.cn/quotes_service/view/qihuohangqing.html,2026-02-02 00:00:00,600362,600362,沪金主连价格下跌触发商品冲击,"沪金主连(AU0) 2026-02-02 收盘 1009; 1日涨跌 -13.16%, 5日涨跌 -11.78%. 该事件按产业链映射进入相关股票的事件因子。",commodity_shock:gold:AU0,commodity_shock,negative,-0.85,0.7
akshare_futures_main_sina,https://vip.stock.finance.sina.com.cn/quotes_service/view/qihuohangqing.html,2026-02-03 00:00:00,600362,600362,沪金主连价格上涨触发商品冲击,"沪金主连(AU0) 2026-02-03 收盘 1094; 1日涨跌 8.45%, 5日涨跌 -4.75%. 该事件按产业链映射进入相关股票的事件因子。",commodity_shock:gold:AU0,commodity_shock,positive,0.6756295855641472,0.7
akshare_futures_main_sina,https://vip.stock.finance.sina.com.cn/quotes_service/view/qihuohangqing.html,2026-02-04 00:00:00,600362,600362,沪金主连价格上涨触发商品冲击,"沪金主连(AU0) 2026-02-04 收盘 1142; 1日涨跌 4.38%, 5日涨跌 -3.75%. 该事件按产业链映射进入相关股票的事件因子。",commodity_shock:gold:AU0,commodity_shock,positive,0.3504909579622968,0.7
akshare_futures_main_sina,https://vip.stock.finance.sina.com.cn/quotes_service/view/qihuohangqing.html,2026-02-05 00:00:00,600362,600362,沪金主连价格下跌触发商品冲击,"沪金主连(AU0) 2026-02-05 收盘 1106; 1日涨跌 -3.15%, 5日涨跌 -11.48%. 该事件按产业链映射进入相关股票的事件因子。",commodity_shock:gold:AU0,commodity_shock,negative,-0.85,0.7
akshare_futures_main_sina,https://vip.stock.finance.sina.com.cn/quotes_service/view/qihuohangqing.html,2026-02-06 00:00:00,600362,600362,沪金主连价格下跌触发商品冲击,"沪金主连(AU0) 2026-02-06 收盘 1090; 1日涨跌 -1.41%, 5日涨跌 -6.14%. 该事件按产业链映射进入相关股票的事件因子。",commodity_shock:gold:AU0,commodity_shock,negative,-0.491122935716624,0.7
akshare_futures_main_sina,https://vip.stock.finance.sina.com.cn/quotes_service/view/qihuohangqing.html,2026-02-09 00:00:00,600362,600362,沪金主连价格上涨触发商品冲击,"沪金主连(AU0) 2026-02-09 收盘 1126; 1日涨跌 3.29%, 5日涨跌 11.63%. 该事件按产业链映射进入相关股票的事件因子。",commodity_shock:gold:AU0,commodity_shock,positive,0.85,0.7
akshare_futures_main_sina,https://vip.stock.finance.sina.com.cn/quotes_service/view/qihuohangqing.html,2026-02-24 00:00:00,600362,600362,沪金主连价格上涨触发商品冲击,"沪金主连(AU0) 2026-02-24 收盘 1150; 1日涨跌 3.64%, 5日涨跌 2.18%. 该事件按产业链映射进入相关股票的事件因子。",commodity_shock:gold:AU0,commodity_shock,positive,0.2911449418971266,0.7
akshare_futures_main_sina,https://vip.stock.finance.sina.com.cn/quotes_service/view/qihuohangqing.html,2026-03-02 00:00:00,600362,600362,沪金主连价格上涨触发商品冲击,"沪金主连(AU0) 2026-03-02 收盘 1197; 1日涨跌 4.30%, 5日涨跌 7.85%. 该事件按产业链映射进入相关股票的事件因子。",commodity_shock:gold:AU0,commodity_shock,positive,0.6278353301504378,0.7
akshare_futures_main_sina,https://vip.stock.finance.sina.com.cn/quotes_service/view/qihuohangqing.html,2026-03-19 00:00:00,600362,600362,沪金主连价格下跌触发商品冲击,"沪金主连(AU0) 2026-03-19 收盘 1065; 1日涨跌 -4.61%, 5日涨跌 -7.49%. 该事件按产业链映射进入相关股票的事件因子。",commodity_shock:gold:AU0,commodity_shock,negative,-0.5992774767264137,0.7
akshare_futures_main_sina,https://vip.stock.finance.sina.com.cn/quotes_service/view/qihuohangqing.html,2026-03-20 00:00:00,600362,600362,沪金主连价格下跌触发商品冲击,"沪金主连(AU0) 2026-03-20 收盘 1042; 1日涨跌 -2.18%, 5日涨跌 -8.26%. 该事件按产业链映射进入相关股票的事件因子。",commodity_shock:gold:AU0,commodity_shock,negative,-0.6611849634650948,0.7
akshare_futures_main_sina,https://vip.stock.finance.sina.com.cn/quotes_service/view/qihuohangqing.html,2026-03-23 00:00:00,600362,600362,沪金主连价格下跌触发商品冲击,"沪金主连(AU0) 2026-03-23 收盘 942.8; 1日涨跌 -9.52%, 5日涨跌 -15.93%. 该事件按产业链映射进入相关股票的事件因子。",commodity_shock:gold:AU0,commodity_shock,negative,-0.85,0.7
akshare_futures_main_sina,https://vip.stock.finance.sina.com.cn/quotes_service/view/qihuohangqing.html,2026-03-24 00:00:00,600362,600362,沪金主连价格下跌触发商品冲击,"沪金主连(AU0) 2026-03-24 收盘 979.8; 1日涨跌 3.92%, 5日涨跌 -12.45%. 该事件按产业链映射进入相关股票的事件因子。",commodity_shock:gold:AU0,commodity_shock,negative,-0.85,0.7
akshare_futures_main_sina,https://vip.stock.finance.sina.com.cn/quotes_service/view/qihuohangqing.html,2026-03-25 00:00:00,600362,600362,沪金主连价格下跌触发商品冲击,"沪金主连(AU0) 2026-03-25 收盘 1014; 1日涨跌 3.49%, 5日涨跌 -9.21%. 该事件按产业链映射进入相关股票的事件因子。",commodity_shock:gold:AU0,commodity_shock,negative,-0.7364160607471613,0.7
akshare_futures_main_sina,https://vip.stock.finance.sina.com.cn/quotes_service/view/qihuohangqing.html,2026-03-26 00:00:00,600362,600362,沪金主连价格下跌触发商品冲击,"沪金主连(AU0) 2026-03-26 收盘 996; 1日涨跌 -1.77%, 5日涨跌 -6.50%. 该事件按产业链映射进入相关股票的事件因子。",commodity_shock:gold:AU0,commodity_shock,negative,-0.5202861273304169,0.7
akshare_futures_main_sina,https://vip.stock.finance.sina.com.cn/quotes_service/view/qihuohangqing.html,2026-03-30 00:00:00,600362,600362,沪金主连价格上涨触发商品冲击,"沪金主连(AU0) 2026-03-30 收盘 1015; 1日涨跌 1.62%, 5日涨跌 7.65%. 该事件按产业链映射进入相关股票的事件因子。",commodity_shock:gold:AU0,commodity_shock,positive,0.611624946966483,0.7
akshare_futures_main_sina,https://vip.stock.finance.sina.com.cn/quotes_service/view/qihuohangqing.html,2026-04-01 00:00:00,600362,600362,沪金主连价格上涨触发商品冲击,"沪金主连(AU0) 2026-04-01 收盘 1053; 1日涨跌 3.24%, 5日涨跌 3.87%. 该事件按产业链映射进入相关股票的事件因子。",commodity_shock:gold:AU0,commodity_shock,positive,0.30944021460412685,0.7
akshare_futures_main_sina,https://vip.stock.finance.sina.com.cn/quotes_service/view/qihuohangqing.html,2026-06-08 00:00:00,600362,600362,沪金主连价格下跌触发商品冲击,"沪金主连(AU0) 2026-06-08 收盘 942.2; 1日涨跌 -3.27%, 5日涨跌 -4.21%. 该事件按产业链映射进入相关股票的事件因子。",commodity_shock:gold:AU0,commodity_shock,negative,-0.3365664206266903,0.7
akshare_futures_main_sina,https://vip.stock.finance.sina.com.cn/quotes_service/view/qihuohangqing.html,2026-06-10 00:00:00,600362,600362,沪金主连价格下跌触发商品冲击,"沪金主连(AU0) 2026-06-10 收盘 919.3; 1日涨跌 -2.93%, 5日涨跌 -5.91%. 该事件按产业链映射进入相关股票的事件因子。",commodity_shock:gold:AU0,commodity_shock,negative,-0.4729193105989271,0.7
akshare_futures_main_sina,https://vip.stock.finance.sina.com.cn/quotes_service/view/qihuohangqing.html,2025-02-05 00:00:00,601899,601899,沪金主连价格上涨触发商品冲击,"沪金主连(AU0) 2025-02-05 收盘 670.6; 1日涨跌 3.57%, 5日涨跌 4.82%. 该事件按产业链映射进入相关股票的事件因子。",commodity_shock:gold:AU0,commodity_shock,positive,0.3858826471599617,0.7
akshare_futures_main_sina,https://vip.stock.finance.sina.com.cn/quotes_service/view/qihuohangqing.html,2025-02-11 00:00:00,601899,601899,沪金主连价格上涨触发商品冲击,"沪金主连(AU0) 2025-02-11 收盘 685.7; 1日涨跌 0.98%, 5日涨跌 5.90%. 该事件按产业链映射进入相关股票的事件因子。",commodity_shock:gold:AU0,commodity_shock,positive,0.4719399573771508,0.7
akshare_futures_main_sina,https://vip.stock.finance.sina.com.cn/quotes_service/view/qihuohangqing.html,2025-04-14 00:00:00,601899,601899,沪金主连价格上涨触发商品冲击,"沪金主连(AU0) 2025-04-14 收盘 763.6; 1日涨跌 0.84%, 5日涨跌 6.33%. 该事件按产业链映射进入相关股票的事件因子。",commodity_shock:gold:AU0,commodity_shock,positive,0.5063911554206477,0.7
akshare_futures_main_sina,https://vip.stock.finance.sina.com.cn/quotes_service/view/qihuohangqing.html,2025-04-15 00:00:00,601899,601899,沪金主连价格上涨触发商品冲击,"沪金主连(AU0) 2025-04-15 收盘 764.4; 1日涨跌 0.10%, 5日涨跌 6.29%. 该事件按产业链映射进入相关股票的事件因子。",commodity_shock:gold:AU0,commodity_shock,positive,0.5029893495731486,0.7
akshare_futures_main_sina,https://vip.stock.finance.sina.com.cn/quotes_service/view/qihuohangqing.html,2025-04-16 00:00:00,601899,601899,沪金主连价格上涨触发商品冲击,"沪金主连(AU0) 2025-04-16 收盘 781.6; 1日涨跌 2.24%, 5日涨跌 7.34%. 该事件按产业链映射进入相关股票的事件因子。",commodity_shock:gold:AU0,commodity_shock,positive,0.587359573708353,0.7
akshare_futures_main_sina,https://vip.stock.finance.sina.com.cn/quotes_service/view/qihuohangqing.html,2025-04-17 00:00:00,601899,601899,沪金主连价格上涨触发商品冲击,"沪金主连(AU0) 2025-04-17 收盘 789.2; 1日涨跌 0.97%, 5日涨跌 6.01%. 该事件按产业链映射进入相关股票的事件因子。",commodity_shock:gold:AU0,commodity_shock,positive,0.48076509778637444,0.7
akshare_futures_main_sina,https://vip.stock.finance.sina.com.cn/quotes_service/view/qihuohangqing.html,2025-04-21 00:00:00,601899,601899,沪金主连价格上涨触发商品冲击,"沪金主连(AU0) 2025-04-21 收盘 805.1; 1日涨跌 1.77%, 5日涨跌 5.42%. 该事件按产业链映射进入相关股票的事件因子。",commodity_shock:gold:AU0,commodity_shock,positive,0.43392174322979393,0.7
akshare_futures_main_sina,https://vip.stock.finance.sina.com.cn/quotes_service/view/qihuohangqing.html,2025-04-22 00:00:00,601899,601899,沪金主连价格上涨触发商品冲击,"沪金主连(AU0) 2025-04-22 收盘 831.4; 1日涨跌 3.27%, 5日涨跌 8.76%. 该事件按产业链映射进入相关股票的事件因子。",commodity_shock:gold:AU0,commodity_shock,positive,0.7009575637067655,0.7
akshare_futures_main_sina,https://vip.stock.finance.sina.com.cn/quotes_service/view/qihuohangqing.html,2025-04-23 00:00:00,601899,601899,沪金主连价格下跌触发商品冲击,"沪金主连(AU0) 2025-04-23 收盘 784.3; 1日涨跌 -5.67%, 5日涨跌 0.34%. 该事件按产业链映射进入相关股票的事件因子。",commodity_shock:gold:AU0,commodity_shock,negative,-0.453585432152221,0.7
akshare_futures_main_sina,https://vip.stock.finance.sina.com.cn/quotes_service/view/qihuohangqing.html,2025-04-29 00:00:00,601899,601899,沪金主连价格下跌触发商品冲击,"沪金主连(AU0) 2025-04-29 收盘 785.1; 1日涨跌 0.65%, 5日涨跌 -5.57%. 该事件按产业链映射进入相关股票的事件因子。",commodity_shock:gold:AU0,commodity_shock,negative,-0.44531043275360194,0.7
akshare_futures_main_sina,https://vip.stock.finance.sina.com.cn/quotes_service/view/qihuohangqing.html,2025-05-15 00:00:00,601899,601899,沪金主连价格下跌触发商品冲击,"沪金主连(AU0) 2025-05-15 收盘 739.8; 1日涨跌 -2.88%, 5日涨跌 -6.44%. 该事件按产业链映射进入相关股票的事件因子。",commodity_shock:gold:AU0,commodity_shock,negative,-0.5155416171375089,0.7
akshare_futures_main_sina,https://vip.stock.finance.sina.com.cn/quotes_service/view/qihuohangqing.html,2025-05-21 00:00:00,601899,601899,沪金主连价格上涨触发商品冲击,"沪金主连(AU0) 2025-05-21 收盘 778.8; 1日涨跌 3.23%, 5日涨跌 2.24%. 该事件按产业链映射进入相关股票的事件因子。",commodity_shock:gold:AU0,commodity_shock,positive,0.25875553434608456,0.7
akshare_futures_main_sina,https://vip.stock.finance.sina.com.cn/quotes_service/view/qihuohangqing.html,2025-05-22 00:00:00,601899,601899,沪金主连价格上涨触发商品冲击,"沪金主连(AU0) 2025-05-22 收盘 780.1; 1日涨跌 0.17%, 5日涨跌 5.44%. 该事件按产业链映射进入相关股票的事件因子。",commodity_shock:gold:AU0,commodity_shock,positive,0.43556540780189756,0.7
akshare_futures_main_sina,https://vip.stock.finance.sina.com.cn/quotes_service/view/qihuohangqing.html,2025-10-09 00:00:00,601899,601899,沪金主连价格上涨触发商品冲击,"沪金主连(AU0) 2025-10-09 收盘 914.3; 1日涨跌 4.57%, 5日涨跌 6.32%. 该事件按产业链映射进入相关股票的事件因子。",commodity_shock:gold:AU0,commodity_shock,positive,0.5053023255813951,0.7
akshare_futures_main_sina,https://vip.stock.finance.sina.com.cn/quotes_service/view/qihuohangqing.html,2025-10-10 00:00:00,601899,601899,沪金主连价格上涨触发商品冲击,"沪金主连(AU0) 2025-10-10 收盘 901.6; 1日涨跌 -1.40%, 5日涨跌 5.48%. 该事件按产业链映射进入相关股票的事件因子。",commodity_shock:gold:AU0,commodity_shock,positive,0.4384125795582179,0.7
akshare_futures_main_sina,https://vip.stock.finance.sina.com.cn/quotes_service/view/qihuohangqing.html,2025-10-13 00:00:00,601899,601899,沪金主连价格上涨触发商品冲击,"沪金主连(AU0) 2025-10-13 收盘 927.6; 1日涨跌 2.88%, 5日涨跌 8.35%. 该事件按产业链映射进入相关股票的事件因子。",commodity_shock:gold:AU0,commodity_shock,positive,0.6681774641964342,0.7
akshare_futures_main_sina,https://vip.stock.finance.sina.com.cn/quotes_service/view/qihuohangqing.html,2025-10-14 00:00:00,601899,601899,沪金主连价格上涨触发商品冲击,"沪金主连(AU0) 2025-10-14 收盘 939; 1日涨跌 1.23%, 5日涨跌 8.36%. 该事件按产业链映射进入相关股票的事件因子。",commodity_shock:gold:AU0,commodity_shock,positive,0.668974749573005,0.7
akshare_futures_main_sina,https://vip.stock.finance.sina.com.cn/quotes_service/view/qihuohangqing.html,2025-10-15 00:00:00,601899,601899,沪金主连价格上涨触发商品冲击,"沪金主连(AU0) 2025-10-15 收盘 960.3; 1日涨跌 2.27%, 5日涨跌 9.83%. 该事件按产业链映射进入相关股票的事件因子。",commodity_shock:gold:AU0,commodity_shock,positive,0.7862763037511442,0.7
akshare_futures_main_sina,https://vip.stock.finance.sina.com.cn/quotes_service/view/qihuohangqing.html,2025-10-16 00:00:00,601899,601899,沪金主连价格上涨触发商品冲击,"沪金主连(AU0) 2025-10-16 收盘 966.4; 1日涨跌 0.63%, 5日涨跌 5.70%. 该事件按产业链映射进入相关股票的事件因子。",commodity_shock:gold:AU0,commodity_shock,positive,0.45585790532854986,0.7
akshare_futures_main_sina,https://vip.stock.finance.sina.com.cn/quotes_service/view/qihuohangqing.html,2025-10-17 00:00:00,601899,601899,沪金主连价格上涨触发商品冲击,"沪金主连(AU0) 2025-10-17 收盘 999.8; 1日涨跌 3.45%, 5日涨跌 10.90%. 该事件按产业链映射进入相关股票的事件因子。",commodity_shock:gold:AU0,commodity_shock,positive,0.85,0.7
akshare_futures_main_sina,https://vip.stock.finance.sina.com.cn/quotes_service/view/qihuohangqing.html,2025-10-21 00:00:00,601899,601899,沪金主连价格上涨触发商品冲击,"沪金主连(AU0) 2025-10-21 收盘 994.1; 1日涨跌 2.45%, 5日涨跌 5.87%. 该事件按产业链映射进入相关股票的事件因子。",commodity_shock:gold:AU0,commodity_shock,positive,0.4692751709301568,0.7
akshare_futures_main_sina,https://vip.stock.finance.sina.com.cn/quotes_service/view/qihuohangqing.html,2025-10-22 00:00:00,601899,601899,沪金主连价格下跌触发商品冲击,"沪金主连(AU0) 2025-10-22 收盘 952.6; 1日涨跌 -4.17%, 5日涨跌 -0.81%. 该事件按产业链映射进入相关股票的事件因子。",commodity_shock:gold:AU0,commodity_shock,negative,-0.333983864153069,0.7
akshare_futures_main_sina,https://vip.stock.finance.sina.com.cn/quotes_service/view/qihuohangqing.html,2025-10-24 00:00:00,601899,601899,沪金主连价格下跌触发商品冲击,"沪金主连(AU0) 2025-10-24 收盘 938.1; 1日涨跌 -0.44%, 5日涨跌 -6.17%. 该事件按产业链映射进入相关股票的事件因子。",commodity_shock:gold:AU0,commodity_shock,negative,-0.4936987397479493,0.7
akshare_futures_main_sina,https://vip.stock.finance.sina.com.cn/quotes_service/view/qihuohangqing.html,2025-10-28 00:00:00,601899,601899,沪金主连价格下跌触发商品冲击,"沪金主连(AU0) 2025-10-28 收盘 901.4; 1日涨跌 -3.51%, 5日涨跌 -9.32%. 该事件按产业链映射进入相关股票的事件因子。",commodity_shock:gold:AU0,commodity_shock,negative,-0.7458704705953361,0.7
akshare_futures_main_sina,https://vip.stock.finance.sina.com.cn/quotes_service/view/qihuohangqing.html,2026-01-21 00:00:00,601899,601899,沪金主连价格上涨触发商品冲击,"沪金主连(AU0) 2026-01-21 收盘 1092; 1日涨跌 3.03%, 5日涨跌 4.67%. 该事件按产业链映射进入相关股票的事件因子。",commodity_shock:gold:AU0,commodity_shock,positive,0.3734835853504279,0.7
akshare_futures_main_sina,https://vip.stock.finance.sina.com.cn/quotes_service/view/qihuohangqing.html,2026-01-23 00:00:00,601899,601899,沪金主连价格上涨触发商品冲击,"沪金主连(AU0) 2026-01-23 收盘 1116; 1日涨跌 2.58%, 5日涨跌 7.74%. 该事件按产业链映射进入相关股票的事件因子。",commodity_shock:gold:AU0,commodity_shock,positive,0.6191405118300342,0.7
akshare_futures_main_sina,https://vip.stock.finance.sina.com.cn/quotes_service/view/qihuohangqing.html,2026-01-26 00:00:00,601899,601899,沪金主连价格上涨触发商品冲击,"沪金主连(AU0) 2026-01-26 收盘 1143; 1日涨跌 2.48%, 5日涨跌 8.70%. 该事件按产业链映射进入相关股票的事件因子。",commodity_shock:gold:AU0,commodity_shock,positive,0.6961019205172079,0.7
akshare_futures_main_sina,https://vip.stock.finance.sina.com.cn/quotes_service/view/qihuohangqing.html,2026-01-27 00:00:00,601899,601899,沪金主连价格上涨触发商品冲击,"沪金主连(AU0) 2026-01-27 收盘 1148; 1日涨跌 0.44%, 5日涨跌 8.32%. 该事件按产业链映射进入相关股票的事件因子。",commodity_shock:gold:AU0,commodity_shock,positive,0.665710836100212,0.7
akshare_futures_main_sina,https://vip.stock.finance.sina.com.cn/quotes_service/view/qihuohangqing.html,2026-01-28 00:00:00,601899,601899,沪金主连价格上涨触发商品冲击,"沪金主连(AU0) 2026-01-28 收盘 1186; 1日涨跌 3.29%, 5日涨跌 8.60%. 该事件按产业链映射进入相关股票的事件因子。",commodity_shock:gold:AU0,commodity_shock,positive,0.6877231529799506,0.7
akshare_futures_main_sina,https://vip.stock.finance.sina.com.cn/quotes_service/view/qihuohangqing.html,2026-01-29 00:00:00,601899,601899,沪金主连价格上涨触发商品冲击,"沪金主连(AU0) 2026-01-29 收盘 1249; 1日涨跌 5.30%, 5日涨跌 14.85%. 该事件按产业链映射进入相关股票的事件因子。",commodity_shock:gold:AU0,commodity_shock,positive,0.85,0.7
akshare_futures_main_sina,https://vip.stock.finance.sina.com.cn/quotes_service/view/qihuohangqing.html,2026-01-30 00:00:00,601899,601899,沪金主连价格下跌触发商品冲击,"沪金主连(AU0) 2026-01-30 收盘 1161; 1日涨跌 -7.02%, 5日涨跌 4.10%. 该事件按产业链映射进入相关股票的事件因子。",commodity_shock:gold:AU0,commodity_shock,negative,-0.561675419495324,0.7
akshare_futures_main_sina,https://vip.stock.finance.sina.com.cn/quotes_service/view/qihuohangqing.html,2026-02-02 00:00:00,601899,601899,沪金主连价格下跌触发商品冲击,"沪金主连(AU0) 2026-02-02 收盘 1009; 1日涨跌 -13.16%, 5日涨跌 -11.78%. 该事件按产业链映射进入相关股票的事件因子。",commodity_shock:gold:AU0,commodity_shock,negative,-0.85,0.7
akshare_futures_main_sina,https://vip.stock.finance.sina.com.cn/quotes_service/view/qihuohangqing.html,2026-02-03 00:00:00,601899,601899,沪金主连价格上涨触发商品冲击,"沪金主连(AU0) 2026-02-03 收盘 1094; 1日涨跌 8.45%, 5日涨跌 -4.75%. 该事件按产业链映射进入相关股票的事件因子。",commodity_shock:gold:AU0,commodity_shock,positive,0.6756295855641472,0.7
akshare_futures_main_sina,https://vip.stock.finance.sina.com.cn/quotes_service/view/qihuohangqing.html,2026-02-04 00:00:00,601899,601899,沪金主连价格上涨触发商品冲击,"沪金主连(AU0) 2026-02-04 收盘 1142; 1日涨跌 4.38%, 5日涨跌 -3.75%. 该事件按产业链映射进入相关股票的事件因子。",commodity_shock:gold:AU0,commodity_shock,positive,0.3504909579622968,0.7
akshare_futures_main_sina,https://vip.stock.finance.sina.com.cn/quotes_service/view/qihuohangqing.html,2026-02-05 00:00:00,601899,601899,沪金主连价格下跌触发商品冲击,"沪金主连(AU0) 2026-02-05 收盘 1106; 1日涨跌 -3.15%, 5日涨跌 -11.48%. 该事件按产业链映射进入相关股票的事件因子。",commodity_shock:gold:AU0,commodity_shock,negative,-0.85,0.7
akshare_futures_main_sina,https://vip.stock.finance.sina.com.cn/quotes_service/view/qihuohangqing.html,2026-02-06 00:00:00,601899,601899,沪金主连价格下跌触发商品冲击,"沪金主连(AU0) 2026-02-06 收盘 1090; 1日涨跌 -1.41%, 5日涨跌 -6.14%. 该事件按产业链映射进入相关股票的事件因子。",commodity_shock:gold:AU0,commodity_shock,negative,-0.491122935716624,0.7
akshare_futures_main_sina,https://vip.stock.finance.sina.com.cn/quotes_service/view/qihuohangqing.html,2026-02-09 00:00:00,601899,601899,沪金主连价格上涨触发商品冲击,"沪金主连(AU0) 2026-02-09 收盘 1126; 1日涨跌 3.29%, 5日涨跌 11.63%. 该事件按产业链映射进入相关股票的事件因子。",commodity_shock:gold:AU0,commodity_shock,positive,0.85,0.7
akshare_futures_main_sina,https://vip.stock.finance.sina.com.cn/quotes_service/view/qihuohangqing.html,2026-02-24 00:00:00,601899,601899,沪金主连价格上涨触发商品冲击,"沪金主连(AU0) 2026-02-24 收盘 1150; 1日涨跌 3.64%, 5日涨跌 2.18%. 该事件按产业链映射进入相关股票的事件因子。",commodity_shock:gold:AU0,commodity_shock,positive,0.2911449418971266,0.7
akshare_futures_main_sina,https://vip.stock.finance.sina.com.cn/quotes_service/view/qihuohangqing.html,2026-03-02 00:00:00,601899,601899,沪金主连价格上涨触发商品冲击,"沪金主连(AU0) 2026-03-02 收盘 1197; 1日涨跌 4.30%, 5日涨跌 7.85%. 该事件按产业链映射进入相关股票的事件因子。",commodity_shock:gold:AU0,commodity_shock,positive,0.6278353301504378,0.7
akshare_futures_main_sina,https://vip.stock.finance.sina.com.cn/quotes_service/view/qihuohangqing.html,2026-03-19 00:00:00,601899,601899,沪金主连价格下跌触发商品冲击,"沪金主连(AU0) 2026-03-19 收盘 1065; 1日涨跌 -4.61%, 5日涨跌 -7.49%. 该事件按产业链映射进入相关股票的事件因子。",commodity_shock:gold:AU0,commodity_shock,negative,-0.5992774767264137,0.7
akshare_futures_main_sina,https://vip.stock.finance.sina.com.cn/quotes_service/view/qihuohangqing.html,2026-03-20 00:00:00,601899,601899,沪金主连价格下跌触发商品冲击,"沪金主连(AU0) 2026-03-20 收盘 1042; 1日涨跌 -2.18%, 5日涨跌 -8.26%. 该事件按产业链映射进入相关股票的事件因子。",commodity_shock:gold:AU0,commodity_shock,negative,-0.6611849634650948,0.7
akshare_futures_main_sina,https://vip.stock.finance.sina.com.cn/quotes_service/view/qihuohangqing.html,2026-03-23 00:00:00,601899,601899,沪金主连价格下跌触发商品冲击,"沪金主连(AU0) 2026-03-23 收盘 942.8; 1日涨跌 -9.52%, 5日涨跌 -15.93%. 该事件按产业链映射进入相关股票的事件因子。",commodity_shock:gold:AU0,commodity_shock,negative,-0.85,0.7
akshare_futures_main_sina,https://vip.stock.finance.sina.com.cn/quotes_service/view/qihuohangqing.html,2026-03-24 00:00:00,601899,601899,沪金主连价格下跌触发商品冲击,"沪金主连(AU0) 2026-03-24 收盘 979.8; 1日涨跌 3.92%, 5日涨跌 -12.45%. 该事件按产业链映射进入相关股票的事件因子。",commodity_shock:gold:AU0,commodity_shock,negative,-0.85,0.7
akshare_futures_main_sina,https://vip.stock.finance.sina.com.cn/quotes_service/view/qihuohangqing.html,2026-03-25 00:00:00,601899,601899,沪金主连价格下跌触发商品冲击,"沪金主连(AU0) 2026-03-25 收盘 1014; 1日涨跌 3.49%, 5日涨跌 -9.21%. 该事件按产业链映射进入相关股票的事件因子。",commodity_shock:gold:AU0,commodity_shock,negative,-0.7364160607471613,0.7
akshare_futures_main_sina,https://vip.stock.finance.sina.com.cn/quotes_service/view/qihuohangqing.html,2026-03-26 00:00:00,601899,601899,沪金主连价格下跌触发商品冲击,"沪金主连(AU0) 2026-03-26 收盘 996; 1日涨跌 -1.77%, 5日涨跌 -6.50%. 该事件按产业链映射进入相关股票的事件因子。",commodity_shock:gold:AU0,commodity_shock,negative,-0.5202861273304169,0.7
akshare_futures_main_sina,https://vip.stock.finance.sina.com.cn/quotes_service/view/qihuohangqing.html,2026-03-30 00:00:00,601899,601899,沪金主连价格上涨触发商品冲击,"沪金主连(AU0) 2026-03-30 收盘 1015; 1日涨跌 1.62%, 5日涨跌 7.65%. 该事件按产业链映射进入相关股票的事件因子。",commodity_shock:gold:AU0,commodity_shock,positive,0.611624946966483,0.7
akshare_futures_main_sina,https://vip.stock.finance.sina.com.cn/quotes_service/view/qihuohangqing.html,2026-04-01 00:00:00,601899,601899,沪金主连价格上涨触发商品冲击,"沪金主连(AU0) 2026-04-01 收盘 1053; 1日涨跌 3.24%, 5日涨跌 3.87%. 该事件按产业链映射进入相关股票的事件因子。",commodity_shock:gold:AU0,commodity_shock,positive,0.30944021460412685,0.7
akshare_futures_main_sina,https://vip.stock.finance.sina.com.cn/quotes_service/view/qihuohangqing.html,2026-06-08 00:00:00,601899,601899,沪金主连价格下跌触发商品冲击,"沪金主连(AU0) 2026-06-08 收盘 942.2; 1日涨跌 -3.27%, 5日涨跌 -4.21%. 该事件按产业链映射进入相关股票的事件因子。",commodity_shock:gold:AU0,commodity_shock,negative,-0.3365664206266903,0.7
akshare_futures_main_sina,https://vip.stock.finance.sina.com.cn/quotes_service/view/qihuohangqing.html,2026-06-10 00:00:00,601899,601899,沪金主连价格下跌触发商品冲击,"沪金主连(AU0) 2026-06-10 收盘 919.3; 1日涨跌 -2.93%, 5日涨跌 -5.91%. 该事件按产业链映射进入相关股票的事件因子。",commodity_shock:gold:AU0,commodity_shock,negative,-0.4729193105989271,0.7
akshare_futures_main_sina,https://vip.stock.finance.sina.com.cn/quotes_service/view/qihuohangqing.html,2026-01-06 00:00:00,601899,601899,碳酸锂主连价格上涨触发商品冲击,"碳酸锂主连(LC0) 2026-01-06 收盘 1.379e+05; 1日涨跌 6.12%, 5日涨跌 5.68%. 该事件按产业链映射进入相关股票的事件因子。",commodity_shock:lithium:LC0,commodity_shock,positive,0.4899215263886756,0.7
akshare_futures_main_sina,https://vip.stock.finance.sina.com.cn/quotes_service/view/qihuohangqing.html,2026-01-07 00:00:00,601899,601899,碳酸锂主连价格上涨触发商品冲击,"碳酸锂主连(LC0) 2026-01-07 收盘 1.423e+05; 1日涨跌 3.16%, 5日涨跌 19.76%. 该事件按产业链映射进入相关股票的事件因子。",commodity_shock:lithium:LC0,commodity_shock,positive,0.85,0.7
akshare_futures_main_sina,https://vip.stock.finance.sina.com.cn/quotes_service/view/qihuohangqing.html,2026-01-08 00:00:00,601899,601899,碳酸锂主连价格上涨触发商品冲击,"碳酸锂主连(LC0) 2026-01-08 收盘 1.45e+05; 1日涨跌 1.90%, 5日涨跌 19.26%. 该事件按产业链映射进入相关股票的事件因子。",commodity_shock:lithium:LC0,commodity_shock,positive,0.85,0.7
akshare_futures_main_sina,https://vip.stock.finance.sina.com.cn/quotes_service/view/qihuohangqing.html,2026-01-09 00:00:00,601899,601899,碳酸锂主连价格上涨触发商品冲击,"碳酸锂主连(LC0) 2026-01-09 收盘 1.434e+05; 1日涨跌 -1.09%, 5日涨跌 17.96%. 该事件按产业链映射进入相关股票的事件因子。",commodity_shock:lithium:LC0,commodity_shock,positive,0.85,0.7
akshare_futures_main_sina,https://vip.stock.finance.sina.com.cn/quotes_service/view/qihuohangqing.html,2026-01-12 00:00:00,601899,601899,碳酸锂主连价格上涨触发商品冲击,"碳酸锂主连(LC0) 2026-01-12 收盘 1.561e+05; 1日涨跌 8.81%, 5日涨跌 20.06%. 该事件按产业链映射进入相关股票的事件因子。",commodity_shock:lithium:LC0,commodity_shock,positive,0.85,0.7
akshare_futures_main_sina,https://vip.stock.finance.sina.com.cn/quotes_service/view/qihuohangqing.html,2026-01-13 00:00:00,601899,601899,碳酸锂主连价格上涨触发商品冲击,"碳酸锂主连(LC0) 2026-01-13 收盘 1.67e+05; 1日涨跌 7.00%, 5日涨跌 21.05%. 该事件按产业链映射进入相关股票的事件因子。",commodity_shock:lithium:LC0,commodity_shock,positive,0.85,0.7
akshare_futures_main_sina,https://vip.stock.finance.sina.com.cn/quotes_service/view/qihuohangqing.html,2026-01-14 00:00:00,601899,601899,碳酸锂主连价格上涨触发商品冲击,"碳酸锂主连(LC0) 2026-01-14 收盘 1.619e+05; 1日涨跌 -3.02%, 5日涨跌 13.80%. 该事件按产业链映射进入相关股票的事件因子。",commodity_shock:lithium:LC0,commodity_shock,positive,0.85,0.7
akshare_futures_main_sina,https://vip.stock.finance.sina.com.cn/quotes_service/view/qihuohangqing.html,2026-01-15 00:00:00,601899,601899,碳酸锂主连价格上涨触发商品冲击,"碳酸锂主连(LC0) 2026-01-15 收盘 1.632e+05; 1日涨跌 0.79%, 5日涨跌 12.57%. 该事件按产业链映射进入相关股票的事件因子。",commodity_shock:lithium:LC0,commodity_shock,positive,0.85,0.7
akshare_futures_main_sina,https://vip.stock.finance.sina.com.cn/quotes_service/view/qihuohangqing.html,2026-01-16 00:00:00,601899,601899,碳酸锂主连价格下跌触发商品冲击,"碳酸锂主连(LC0) 2026-01-16 收盘 1.462e+05; 1日涨跌 -10.43%, 5日涨跌 1.94%. 该事件按产业链映射进入相关股票的事件因子。",commodity_shock:lithium:LC0,commodity_shock,negative,-0.8342114936894989,0.7
akshare_futures_main_sina,https://vip.stock.finance.sina.com.cn/quotes_service/view/qihuohangqing.html,2026-01-19 00:00:00,601899,601899,碳酸锂主连价格下跌触发商品冲击,"碳酸锂主连(LC0) 2026-01-19 收盘 1.473e+05; 1日涨跌 0.73%, 5日涨跌 -5.64%. 该事件按产业链映射进入相关股票的事件因子。",commodity_shock:lithium:LC0,commodity_shock,negative,-0.4511085479943615,0.7
akshare_futures_main_sina,https://vip.stock.finance.sina.com.cn/quotes_service/view/qihuohangqing.html,2026-01-20 00:00:00,601899,601899,碳酸锂主连价格上涨触发商品冲击,"碳酸锂主连(LC0) 2026-01-20 收盘 1.605e+05; 1日涨跌 8.99%, 5日涨跌 -3.88%. 该事件按产业链映射进入相关股票的事件因子。",commodity_shock:lithium:LC0,commodity_shock,positive,0.7192720358549511,0.7
akshare_futures_main_sina,https://vip.stock.finance.sina.com.cn/quotes_service/view/qihuohangqing.html,2026-01-21 00:00:00,601899,601899,碳酸锂主连价格上涨触发商品冲击,"碳酸锂主连(LC0) 2026-01-21 收盘 1.667e+05; 1日涨跌 3.89%, 5日涨跌 2.96%. 该事件按产业链映射进入相关股票的事件因子。",commodity_shock:lithium:LC0,commodity_shock,positive,0.31102803738317775,0.7
akshare_futures_main_sina,https://vip.stock.finance.sina.com.cn/quotes_service/view/qihuohangqing.html,2026-01-23 00:00:00,601899,601899,碳酸锂主连价格上涨触发商品冲击,"碳酸锂主连(LC0) 2026-01-23 收盘 1.815e+05; 1日涨跌 7.55%, 5日涨跌 24.16%. 该事件按产业链映射进入相关股票的事件因子。",commodity_shock:lithium:LC0,commodity_shock,positive,0.85,0.7
akshare_futures_main_sina,https://vip.stock.finance.sina.com.cn/quotes_service/view/qihuohangqing.html,2026-01-26 00:00:00,601899,601899,碳酸锂主连价格上涨触发商品冲击,"碳酸锂主连(LC0) 2026-01-26 收盘 1.657e+05; 1日涨跌 -8.73%, 5日涨跌 12.51%. 该事件按产业链映射进入相关股票的事件因子。",commodity_shock:lithium:LC0,commodity_shock,positive,0.85,0.7
akshare_futures_main_sina,https://vip.stock.finance.sina.com.cn/quotes_service/view/qihuohangqing.html,2026-01-27 00:00:00,601899,601899,碳酸锂主连价格上涨触发商品冲击,"碳酸锂主连(LC0) 2026-01-27 收盘 1.796e+05; 1日涨跌 8.40%, 5日涨跌 11.90%. 该事件按产业链映射进入相关股票的事件因子。",commodity_shock:lithium:LC0,commodity_shock,positive,0.85,0.7
akshare_futures_main_sina,https://vip.stock.finance.sina.com.cn/quotes_service/view/qihuohangqing.html,2026-01-28 00:00:00,601899,601899,碳酸锂主连价格下跌触发商品冲击,"碳酸锂主连(LC0) 2026-01-28 收盘 1.663e+05; 1日涨跌 -7.42%, 5日涨跌 -0.28%. 该事件按产业链映射进入相关股票的事件因子。",commodity_shock:lithium:LC0,commodity_shock,negative,-0.5933184855233851,0.7
akshare_futures_main_sina,https://vip.stock.finance.sina.com.cn/quotes_service/view/qihuohangqing.html,2026-01-30 00:00:00,601899,601899,碳酸锂主连价格下跌触发商品冲击,"碳酸锂主连(LC0) 2026-01-30 收盘 1.482e+05; 1日涨跌 -10.08%, 5日涨跌 -18.36%. 该事件按产业链映射进入相关股票的事件因子。",commodity_shock:lithium:LC0,commodity_shock,negative,-0.85,0.7
akshare_futures_main_sina,https://vip.stock.finance.sina.com.cn/quotes_service/view/qihuohangqing.html,2026-02-02 00:00:00,601899,601899,碳酸锂主连价格下跌触发商品冲击,"碳酸锂主连(LC0) 2026-02-02 收盘 1.324e+05; 1日涨跌 -10.63%, 5日涨跌 -20.06%. 该事件按产业链映射进入相关股票的事件因子。",commodity_shock:lithium:LC0,commodity_shock,negative,-0.85,0.7
akshare_futures_main_sina,https://vip.stock.finance.sina.com.cn/quotes_service/view/qihuohangqing.html,2026-02-03 00:00:00,601899,601899,碳酸锂主连价格下跌触发商品冲击,"碳酸锂主连(LC0) 2026-02-03 收盘 1.481e+05; 1日涨跌 11.82%, 5日涨跌 -17.54%. 该事件按产业链映射进入相关股票的事件因子。",commodity_shock:lithium:LC0,commodity_shock,negative,-0.85,0.7
akshare_futures_main_sina,https://vip.stock.finance.sina.com.cn/quotes_service/view/qihuohangqing.html,2026-02-04 00:00:00,601899,601899,碳酸锂主连价格下跌触发商品冲击,"碳酸锂主连(LC0) 2026-02-04 收盘 1.472e+05; 1日涨跌 -0.59%, 5日涨跌 -11.46%. 该事件按产业链映射进入相关股票的事件因子。",commodity_shock:lithium:LC0,commodity_shock,negative,-0.85,0.7
akshare_futures_main_sina,https://vip.stock.finance.sina.com.cn/quotes_service/view/qihuohangqing.html,2026-02-05 00:00:00,601899,601899,碳酸锂主连价格下跌触发商品冲击,"碳酸锂主连(LC0) 2026-02-05 收盘 1.328e+05; 1日涨跌 -9.81%, 5日涨跌 -19.44%. 该事件按产业链映射进入相关股票的事件因子。",commodity_shock:lithium:LC0,commodity_shock,negative,-0.85,0.7
akshare_futures_main_sina,https://vip.stock.finance.sina.com.cn/quotes_service/view/qihuohangqing.html,2026-02-06 00:00:00,601899,601899,碳酸锂主连价格下跌触发商品冲击,"碳酸锂主连(LC0) 2026-02-06 收盘 1.329e+05; 1日涨跌 0.11%, 5日涨跌 -10.31%. 该事件按产业链映射进入相关股票的事件因子。",commodity_shock:lithium:LC0,commodity_shock,negative,-0.8248313090418353,0.7
akshare_futures_main_sina,https://vip.stock.finance.sina.com.cn/quotes_service/view/qihuohangqing.html,2026-02-09 00:00:00,601899,601899,碳酸锂主连价格上涨触发商品冲击,"碳酸锂主连(LC0) 2026-02-09 收盘 1.37e+05; 1日涨跌 3.07%, 5日涨跌 3.44%. 该事件按产业链映射进入相关股票的事件因子。",commodity_shock:lithium:LC0,commodity_shock,positive,0.27544548474781116,0.7
akshare_futures_main_sina,https://vip.stock.finance.sina.com.cn/quotes_service/view/qihuohangqing.html,2026-02-10 00:00:00,601899,601899,碳酸锂主连价格下跌触发商品冲击,"碳酸锂主连(LC0) 2026-02-10 收盘 1.373e+05; 1日涨跌 0.25%, 5日涨跌 -7.27%. 该事件按产业链映射进入相关股票的事件因子。",commodity_shock:lithium:LC0,commodity_shock,negative,-0.5812288993923023,0.7
akshare_futures_main_sina,https://vip.stock.finance.sina.com.cn/quotes_service/view/qihuohangqing.html,2026-02-11 00:00:00,601899,601899,碳酸锂主连价格上涨触发商品冲击,"碳酸锂主连(LC0) 2026-02-11 收盘 1.503e+05; 1日涨跌 9.41%, 5日涨跌 2.06%. 该事件按产业链映射进入相关股票的事件因子。",commodity_shock:lithium:LC0,commodity_shock,positive,0.7525848259793211,0.7
akshare_futures_main_sina,https://vip.stock.finance.sina.com.cn/quotes_service/view/qihuohangqing.html,2026-02-12 00:00:00,601899,601899,碳酸锂主连价格上涨触发商品冲击,"碳酸锂主连(LC0) 2026-02-12 收盘 1.494e+05; 1日涨跌 -0.56%, 5日涨跌 12.53%. 该事件按产业链映射进入相关股票的事件因子。",commodity_shock:lithium:LC0,commodity_shock,positive,0.85,0.7
akshare_futures_main_sina,https://vip.stock.finance.sina.com.cn/quotes_service/view/qihuohangqing.html,2026-02-13 00:00:00,601899,601899,碳酸锂主连价格上涨触发商品冲击,"碳酸锂主连(LC0) 2026-02-13 收盘 1.526e+05; 1日涨跌 2.15%, 5日涨跌 14.84%. 该事件按产业链映射进入相关股票的事件因子。",commodity_shock:lithium:LC0,commodity_shock,positive,0.85,0.7
akshare_futures_main_sina,https://vip.stock.finance.sina.com.cn/quotes_service/view/qihuohangqing.html,2026-02-24 00:00:00,601899,601899,碳酸锂主连价格上涨触发商品冲击,"碳酸锂主连(LC0) 2026-02-24 收盘 1.641e+05; 1日涨跌 7.52%, 5日涨跌 19.80%. 该事件按产业链映射进入相关股票的事件因子。",commodity_shock:lithium:LC0,commodity_shock,positive,0.85,0.7
akshare_futures_main_sina,https://vip.stock.finance.sina.com.cn/quotes_service/view/qihuohangqing.html,2026-02-25 00:00:00,601899,601899,碳酸锂主连价格上涨触发商品冲击,"碳酸锂主连(LC0) 2026-02-25 收盘 1.665e+05; 1日涨跌 1.44%, 5日涨跌 21.22%. 该事件按产业链映射进入相关股票的事件因子。",commodity_shock:lithium:LC0,commodity_shock,positive,0.85,0.7
akshare_futures_main_sina,https://vip.stock.finance.sina.com.cn/quotes_service/view/qihuohangqing.html,2026-02-26 00:00:00,601899,601899,碳酸锂主连价格上涨触发商品冲击,"碳酸锂主连(LC0) 2026-02-26 收盘 1.737e+05; 1日涨跌 4.31%, 5日涨跌 15.57%. 该事件按产业链映射进入相关股票的事件因子。",commodity_shock:lithium:LC0,commodity_shock,positive,0.85,0.7
akshare_futures_main_sina,https://vip.stock.finance.sina.com.cn/quotes_service/view/qihuohangqing.html,2026-02-27 00:00:00,601899,601899,碳酸锂主连价格上涨触发商品冲击,"碳酸锂主连(LC0) 2026-02-27 收盘 1.76e+05; 1日涨跌 1.37%, 5日涨跌 17.82%. 该事件按产业链映射进入相关股票的事件因子。",commodity_shock:lithium:LC0,commodity_shock,positive,0.85,0.7
akshare_futures_main_sina,https://vip.stock.finance.sina.com.cn/quotes_service/view/qihuohangqing.html,2026-03-02 00:00:00,601899,601899,碳酸锂主连价格上涨触发商品冲击,"碳酸锂主连(LC0) 2026-03-02 收盘 1.72e+05; 1日涨跌 -2.28%, 5日涨跌 12.70%. 该事件按产业链映射进入相关股票的事件因子。",commodity_shock:lithium:LC0,commodity_shock,positive,0.85,0.7
akshare_futures_main_sina,https://vip.stock.finance.sina.com.cn/quotes_service/view/qihuohangqing.html,2026-03-03 00:00:00,601899,601899,碳酸锂主连价格下跌触发商品冲击,"碳酸锂主连(LC0) 2026-03-03 收盘 1.509e+05; 1日涨跌 -12.30%, 5日涨跌 -8.08%. 该事件按产业链映射进入相关股票的事件因子。",commodity_shock:lithium:LC0,commodity_shock,negative,-0.85,0.7
akshare_futures_main_sina,https://vip.stock.finance.sina.com.cn/quotes_service/view/qihuohangqing.html,2026-03-04 00:00:00,601899,601899,碳酸锂主连价格下跌触发商品冲击,"碳酸锂主连(LC0) 2026-03-04 收盘 1.531e+05; 1日涨跌 1.46%, 5日涨跌 -8.06%. 该事件按产业链映射进入相关股票的事件因子。",commodity_shock:lithium:LC0,commodity_shock,negative,-0.644882268140317,0.7
akshare_futures_main_sina,https://vip.stock.finance.sina.com.cn/quotes_service/view/qihuohangqing.html,2026-03-05 00:00:00,601899,601899,碳酸锂主连价格下跌触发商品冲击,"碳酸锂主连(LC0) 2026-03-05 收盘 1.559e+05; 1日涨跌 1.83%, 5日涨跌 -10.25%. 该事件按产业链映射进入相关股票的事件因子。",commodity_shock:lithium:LC0,commodity_shock,negative,-0.8199930899458714,0.7
akshare_futures_main_sina,https://vip.stock.finance.sina.com.cn/quotes_service/view/qihuohangqing.html,2026-03-06 00:00:00,601899,601899,碳酸锂主连价格下跌触发商品冲击,"碳酸锂主连(LC0) 2026-03-06 收盘 1.562e+05; 1日涨跌 0.19%, 5日涨跌 -11.29%. 该事件按产业链映射进入相关股票的事件因子。",commodity_shock:lithium:LC0,commodity_shock,negative,-0.85,0.7
akshare_futures_main_sina,https://vip.stock.finance.sina.com.cn/quotes_service/view/qihuohangqing.html,2026-03-09 00:00:00,601899,601899,碳酸锂主连价格下跌触发商品冲击,"碳酸锂主连(LC0) 2026-03-09 收盘 1.611e+05; 1日涨跌 3.14%, 5日涨跌 -6.37%. 该事件按产业链映射进入相关股票的事件因子。",commodity_shock:lithium:LC0,commodity_shock,negative,-0.5097081734682014,0.7
akshare_futures_main_sina,https://vip.stock.finance.sina.com.cn/quotes_service/view/qihuohangqing.html,2026-03-10 00:00:00,601899,601899,碳酸锂主连价格上涨触发商品冲击,"碳酸锂主连(LC0) 2026-03-10 收盘 1.63e+05; 1日涨跌 1.20%, 5日涨跌 8.05%. 该事件按产业链映射进入相关股票的事件因子。",commodity_shock:lithium:LC0,commodity_shock,positive,0.6437756860665509,0.7
akshare_futures_main_sina,https://vip.stock.finance.sina.com.cn/quotes_service/view/qihuohangqing.html,2026-03-11 00:00:00,601899,601899,碳酸锂主连价格下跌触发商品冲击,"碳酸锂主连(LC0) 2026-03-11 收盘 1.55e+05; 1日涨跌 -4.88%, 5日涨跌 1.29%. 该事件按产业链映射进入相关股票的事件因子。",commodity_shock:lithium:LC0,commodity_shock,negative,-0.39067484662576657,0.7
akshare_futures_main_sina,https://vip.stock.finance.sina.com.cn/quotes_service/view/qihuohangqing.html,2026-03-13 00:00:00,601899,601899,碳酸锂主连价格下跌触发商品冲击,"碳酸锂主连(LC0) 2026-03-13 收盘 1.521e+05; 1日涨跌 -3.12%, 5日涨跌 -2.61%. 该事件按产业链映射进入相关股票的事件因子。",commodity_shock:lithium:LC0,commodity_shock,negative,-0.24971333927888928,0.7
akshare_futures_main_sina,https://vip.stock.finance.sina.com.cn/quotes_service/view/qihuohangqing.html,2026-03-16 00:00:00,601899,601899,碳酸锂主连价格上涨触发商品冲击,"碳酸锂主连(LC0) 2026-03-16 收盘 1.596e+05; 1日涨跌 4.96%, 5日涨跌 -0.89%. 该事件按产业链映射进入相关股票的事件因子。",commodity_shock:lithium:LC0,commodity_shock,positive,0.3966333508679636,0.7
akshare_futures_main_sina,https://vip.stock.finance.sina.com.cn/quotes_service/view/qihuohangqing.html,2026-03-18 00:00:00,601899,601899,碳酸锂主连价格下跌触发商品冲击,"碳酸锂主连(LC0) 2026-03-18 收盘 1.501e+05; 1日涨跌 -3.35%, 5日涨跌 -3.17%. 该事件按产业链映射进入相关股票的事件因子。",commodity_shock:lithium:LC0,commodity_shock,negative,-0.2678341488539786,0.7
akshare_futures_main_sina,https://vip.stock.finance.sina.com.cn/quotes_service/view/qihuohangqing.html,2026-03-19 00:00:00,601899,601899,碳酸锂主连价格下跌触发商品冲击,"碳酸锂主连(LC0) 2026-03-19 收盘 1.426e+05; 1日涨跌 -5.01%, 5日涨跌 -9.16%. 该事件按产业链映射进入相关股票的事件因子。",commodity_shock:lithium:LC0,commodity_shock,negative,-0.7328322079245764,0.7
akshare_futures_main_sina,https://vip.stock.finance.sina.com.cn/quotes_service/view/qihuohangqing.html,2026-03-20 00:00:00,601899,601899,碳酸锂主连价格下跌触发商品冲击,"碳酸锂主连(LC0) 2026-03-20 收盘 1.439e+05; 1日涨跌 0.88%, 5日涨跌 -5.41%. 该事件按产业链映射进入相关股票的事件因子。",commodity_shock:lithium:LC0,commodity_shock,negative,-0.43240399789584405,0.7
akshare_futures_main_sina,https://vip.stock.finance.sina.com.cn/quotes_service/view/qihuohangqing.html,2026-03-23 00:00:00,601899,601899,碳酸锂主连价格下跌触发商品冲击,"碳酸锂主连(LC0) 2026-03-23 收盘 1.49e+05; 1日涨跌 3.60%, 5日涨跌 -6.63%. 该事件按产业链映射进入相关股票的事件因子。",commodity_shock:lithium:LC0,commodity_shock,negative,-0.5302593659942367,0.7
akshare_futures_main_sina,https://vip.stock.finance.sina.com.cn/quotes_service/view/qihuohangqing.html,2026-03-25 00:00:00,601899,601899,碳酸锂主连价格上涨触发商品冲击,"碳酸锂主连(LC0) 2026-03-25 收盘 1.591e+05; 1日涨跌 4.04%, 5日涨跌 6.00%. 该事件按产业链映射进入相关股票的事件因子。",commodity_shock:lithium:LC0,commodity_shock,positive,0.479616306954437,0.7
akshare_futures_main_sina,https://vip.stock.finance.sina.com.cn/quotes_service/view/qihuohangqing.html,2026-03-26 00:00:00,601899,601899,碳酸锂主连价格上涨触发商品冲击,"碳酸锂主连(LC0) 2026-03-26 收盘 1.572e+05; 1日涨跌 -1.21%, 5日涨跌 10.24%. 该事件按产业链映射进入相关股票的事件因子。",commodity_shock:lithium:LC0,commodity_shock,positive,0.8190743338008417,0.7
akshare_futures_main_sina,https://vip.stock.finance.sina.com.cn/quotes_service/view/qihuohangqing.html,2026-03-27 00:00:00,601899,601899,碳酸锂主连价格上涨触发商品冲击,"碳酸锂主连(LC0) 2026-03-27 收盘 1.684e+05; 1日涨跌 7.15%, 5日涨跌 17.09%. 该事件按产业链映射进入相关股票的事件因子。",commodity_shock:lithium:LC0,commodity_shock,positive,0.85,0.7
akshare_futures_main_sina,https://vip.stock.finance.sina.com.cn/quotes_service/view/qihuohangqing.html,2026-03-30 00:00:00,601899,601899,碳酸锂主连价格上涨触发商品冲击,"碳酸锂主连(LC0) 2026-03-30 收盘 1.716e+05; 1日涨跌 1.89%, 5日涨跌 15.15%. 该事件按产业链映射进入相关股票的事件因子。",commodity_shock:lithium:LC0,commodity_shock,positive,0.85,0.7
akshare_futures_main_sina,https://vip.stock.finance.sina.com.cn/quotes_service/view/qihuohangqing.html,2026-03-31 00:00:00,601899,601899,碳酸锂主连价格下跌触发商品冲击,"碳酸锂主连(LC0) 2026-03-31 收盘 1.572e+05; 1日涨跌 -8.40%, 5日涨跌 2.79%. 该事件按产业链映射进入相关股票的事件因子。",commodity_shock:lithium:LC0,commodity_shock,negative,-0.6721827292856313,0.7
akshare_futures_main_sina,https://vip.stock.finance.sina.com.cn/quotes_service/view/qihuohangqing.html,2026-04-03 00:00:00,601899,601899,碳酸锂主连价格下跌触发商品冲击,"碳酸锂主连(LC0) 2026-04-03 收盘 1.579e+05; 1日涨跌 -0.80%, 5日涨跌 -6.28%. 该事件按产业链映射进入相关股票的事件因子。",commodity_shock:lithium:LC0,commodity_shock,negative,-0.5024934694846825,0.7
akshare_futures_main_sina,https://vip.stock.finance.sina.com.cn/quotes_service/view/qihuohangqing.html,2026-04-07 00:00:00,601899,601899,碳酸锂主连价格下跌触发商品冲击,"碳酸锂主连(LC0) 2026-04-07 收盘 1.609e+05; 1日涨跌 1.90%, 5日涨跌 -6.27%. 该事件按产业链映射进入相关股票的事件因子。",commodity_shock:lithium:LC0,commodity_shock,negative,-0.5015732432117472,0.7
akshare_futures_main_sina,https://vip.stock.finance.sina.com.cn/quotes_service/view/qihuohangqing.html,2026-04-09 00:00:00,601899,601899,碳酸锂主连价格下跌触发商品冲击,"碳酸锂主连(LC0) 2026-04-09 收盘 1.536e+05; 1日涨跌 -3.80%, 5日涨跌 -3.19%. 该事件按产业链映射进入相关股票的事件因子。",commodity_shock:lithium:LC0,commodity_shock,negative,-0.30372133817817293,0.7
akshare_futures_main_sina,https://vip.stock.finance.sina.com.cn/quotes_service/view/qihuohangqing.html,2026-04-13 00:00:00,601899,601899,碳酸锂主连价格上涨触发商品冲击,"碳酸锂主连(LC0) 2026-04-13 收盘 1.665e+05; 1日涨跌 5.65%, 5日涨跌 5.47%. 该事件按产业链映射进入相关股票的事件因子。",commodity_shock:lithium:LC0,commodity_shock,positive,0.45177664974619347,0.7
akshare_futures_main_sina,https://vip.stock.finance.sina.com.cn/quotes_service/view/qihuohangqing.html,2026-04-15 00:00:00,601899,601899,碳酸锂主连价格上涨触发商品冲击,"碳酸锂主连(LC0) 2026-04-15 收盘 1.687e+05; 1日涨跌 1.09%, 5日涨跌 5.66%. 该事件按产业链映射进入相关股票的事件因子。",commodity_shock:lithium:LC0,commodity_shock,positive,0.45307605563212583,0.7
akshare_futures_main_sina,https://vip.stock.finance.sina.com.cn/quotes_service/view/qihuohangqing.html,2026-04-16 00:00:00,601899,601899,碳酸锂主连价格上涨触发商品冲击,"碳酸锂主连(LC0) 2026-04-16 收盘 1.76e+05; 1日涨跌 4.35%, 5日涨跌 14.61%. 该事件按产业链映射进入相关股票的事件因子。",commodity_shock:lithium:LC0,commodity_shock,positive,0.85,0.7
akshare_futures_main_sina,https://vip.stock.finance.sina.com.cn/quotes_service/view/qihuohangqing.html,2026-04-17 00:00:00,601899,601899,碳酸锂主连价格上涨触发商品冲击,"碳酸锂主连(LC0) 2026-04-17 收盘 1.776e+05; 1日涨跌 0.89%, 5日涨跌 12.66%. 该事件按产业链映射进入相关股票的事件因子。",commodity_shock:lithium:LC0,commodity_shock,positive,0.85,0.7
akshare_futures_main_sina,https://vip.stock.finance.sina.com.cn/quotes_service/view/qihuohangqing.html,2026-04-20 00:00:00,601899,601899,碳酸锂主连价格上涨触发商品冲击,"碳酸锂主连(LC0) 2026-04-20 收盘 1.802e+05; 1日涨跌 1.49%, 5日涨跌 8.23%. 该事件按产业链映射进入相关股票的事件因子。",commodity_shock:lithium:LC0,commodity_shock,positive,0.6582582582582575,0.7
akshare_futures_main_sina,https://vip.stock.finance.sina.com.cn/quotes_service/view/qihuohangqing.html,2026-04-21 00:00:00,601899,601899,碳酸锂主连价格上涨触发商品冲击,"碳酸锂主连(LC0) 2026-04-21 收盘 1.743e+05; 1日涨跌 -3.30%, 5日涨跌 4.45%. 该事件按产业链映射进入相关股票的事件因子。",commodity_shock:lithium:LC0,commodity_shock,positive,0.3557899784224414,0.7
akshare_futures_main_sina,https://vip.stock.finance.sina.com.cn/quotes_service/view/qihuohangqing.html,2026-04-30 00:00:00,601899,601899,碳酸锂主连价格上涨触发商品冲击,"碳酸锂主连(LC0) 2026-04-30 收盘 1.891e+05; 1日涨跌 2.83%, 5日涨跌 6.25%. 该事件按产业链映射进入相关股票的事件因子。",commodity_shock:lithium:LC0,commodity_shock,positive,0.49988761519442626,0.7
akshare_futures_main_sina,https://vip.stock.finance.sina.com.cn/quotes_service/view/qihuohangqing.html,2026-05-06 00:00:00,601899,601899,碳酸锂主连价格上涨触发商品冲击,"碳酸锂主连(LC0) 2026-05-06 收盘 1.994e+05; 1日涨跌 5.46%, 5日涨跌 12.09%. 该事件按产业链映射进入相关股票的事件因子。",commodity_shock:lithium:LC0,commodity_shock,positive,0.85,0.7
akshare_futures_main_sina,https://vip.stock.finance.sina.com.cn/quotes_service/view/qihuohangqing.html,2026-05-07 00:00:00,601899,601899,碳酸锂主连价格上涨触发商品冲击,"碳酸锂主连(LC0) 2026-05-07 收盘 1.991e+05; 1日涨跌 -0.17%, 5日涨跌 10.25%. 该事件按产业链映射进入相关股票的事件因子。",commodity_shock:lithium:LC0,commodity_shock,positive,0.8196721311475414,0.7
akshare_futures_main_sina,https://vip.stock.finance.sina.com.cn/quotes_service/view/qihuohangqing.html,2026-05-08 00:00:00,601899,601899,碳酸锂主连价格上涨触发商品冲击,"碳酸锂主连(LC0) 2026-05-08 收盘 1.966e+05; 1日涨跌 -1.26%, 5日涨跌 10.04%. 该事件按产业链映射进入相关股票的事件因子。",commodity_shock:lithium:LC0,commodity_shock,positive,0.8034934497816586,0.7
akshare_futures_main_sina,https://vip.stock.finance.sina.com.cn/quotes_service/view/qihuohangqing.html,2026-05-11 00:00:00,601899,601899,碳酸锂主连价格上涨触发商品冲击,"碳酸锂主连(LC0) 2026-05-11 收盘 2.05e+05; 1日涨跌 4.30%, 5日涨跌 11.50%. 该事件按产业链映射进入相关股票的事件因子。",commodity_shock:lithium:LC0,commodity_shock,positive,0.85,0.7
akshare_futures_main_sina,https://vip.stock.finance.sina.com.cn/quotes_service/view/qihuohangqing.html,2026-05-12 00:00:00,601899,601899,碳酸锂主连价格上涨触发商品冲击,"碳酸锂主连(LC0) 2026-05-12 收盘 2.053e+05; 1日涨跌 0.12%, 5日涨跌 8.56%. 该事件按产业链映射进入相关股票的事件因子。",commodity_shock:lithium:LC0,commodity_shock,positive,0.6845779564205632,0.7
akshare_futures_main_sina,https://vip.stock.finance.sina.com.cn/quotes_service/view/qihuohangqing.html,2026-05-14 00:00:00,601899,601899,碳酸锂主连价格下跌触发商品冲击,"碳酸锂主连(LC0) 2026-05-14 收盘 1.918e+05; 1日涨跌 -5.05%, 5日涨跌 -3.67%. 该事件按产业链映射进入相关股票的事件因子。",commodity_shock:lithium:LC0,commodity_shock,negative,-0.404040404040404,0.7
akshare_futures_main_sina,https://vip.stock.finance.sina.com.cn/quotes_service/view/qihuohangqing.html,2026-05-18 00:00:00,601899,601899,碳酸锂主连价格下跌触发商品冲击,"碳酸锂主连(LC0) 2026-05-18 收盘 1.922e+05; 1日涨跌 1.79%, 5日涨跌 -6.26%. 该事件按产业链映射进入相关股票的事件因子。",commodity_shock:lithium:LC0,commodity_shock,negative,-0.5010242903131399,0.7
akshare_futures_main_sina,https://vip.stock.finance.sina.com.cn/quotes_service/view/qihuohangqing.html,2026-05-19 00:00:00,601899,601899,碳酸锂主连价格下跌触发商品冲击,"碳酸锂主连(LC0) 2026-05-19 收盘 1.844e+05; 1日涨跌 -4.05%, 5日涨跌 -10.16%. 该事件按产业链映射进入相关股票的事件因子。",commodity_shock:lithium:LC0,commodity_shock,negative,-0.8130176361687615,0.7
akshare_futures_main_sina,https://vip.stock.finance.sina.com.cn/quotes_service/view/qihuohangqing.html,2026-05-20 00:00:00,601899,601899,碳酸锂主连价格下跌触发商品冲击,"碳酸锂主连(LC0) 2026-05-20 收盘 1.831e+05; 1日涨跌 -0.70%, 5日涨跌 -9.34%. 该事件按产业链映射进入相关股票的事件因子。",commodity_shock:lithium:LC0,commodity_shock,negative,-0.747078629431571,0.7
akshare_futures_main_sina,https://vip.stock.finance.sina.com.cn/quotes_service/view/qihuohangqing.html,2026-05-21 00:00:00,601899,601899,碳酸锂主连价格下跌触发商品冲击,"碳酸锂主连(LC0) 2026-05-21 收盘 1.776e+05; 1日涨跌 -3.00%, 5日涨跌 -7.38%. 该事件按产业链映射进入相关股票的事件因子。",commodity_shock:lithium:LC0,commodity_shock,negative,-0.5907384230287862,0.7
akshare_futures_main_sina,https://vip.stock.finance.sina.com.cn/quotes_service/view/qihuohangqing.html,2026-05-22 00:00:00,601899,601899,碳酸锂主连价格上涨触发商品冲击,"碳酸锂主连(LC0) 2026-05-22 收盘 1.845e+05; 1日涨跌 3.86%, 5日涨跌 -2.30%. 该事件按产业链映射进入相关股票的事件因子。",commodity_shock:lithium:LC0,commodity_shock,positive,0.3090090090090083,0.7
akshare_futures_main_sina,https://vip.stock.finance.sina.com.cn/quotes_service/view/qihuohangqing.html,2026-05-25 00:00:00,601899,601899,碳酸锂主连价格下跌触发商品冲击,"碳酸锂主连(LC0) 2026-05-25 收盘 1.812e+05; 1日涨跌 -1.77%, 5日涨跌 -5.71%. 该事件按产业链映射进入相关股票的事件因子。",commodity_shock:lithium:LC0,commodity_shock,negative,-0.4570714954729942,0.7
akshare_futures_main_sina,https://vip.stock.finance.sina.com.cn/quotes_service/view/qihuohangqing.html,2026-05-27 00:00:00,601899,601899,碳酸锂主连价格下跌触发商品冲击,"碳酸锂主连(LC0) 2026-05-27 收盘 1.73e+05; 1日涨跌 -1.68%, 5日涨跌 -5.52%. 该事件按产业链映射进入相关股票的事件因子。",commodity_shock:lithium:LC0,commodity_shock,negative,-0.4412889131622064,0.7
akshare_futures_main_sina,https://vip.stock.finance.sina.com.cn/quotes_service/view/qihuohangqing.html,2026-05-28 00:00:00,601899,601899,碳酸锂主连价格上涨触发商品冲击,"碳酸锂主连(LC0) 2026-05-28 收盘 1.789e+05; 1日涨跌 3.39%, 5日涨跌 0.71%. 该事件按产业链映射进入相关股票的事件因子。",commodity_shock:lithium:LC0,commodity_shock,positive,0.27098265895953766,0.7
akshare_futures_main_sina,https://vip.stock.finance.sina.com.cn/quotes_service/view/qihuohangqing.html,2026-06-02 00:00:00,601899,601899,碳酸锂主连价格下跌触发商品冲击,"碳酸锂主连(LC0) 2026-06-02 收盘 1.73e+05; 1日涨跌 -3.31%, 5日涨跌 -1.69%. 该事件按产业链映射进入相关股票的事件因子。",commodity_shock:lithium:LC0,commodity_shock,negative,-0.26472889882616,0.7
akshare_futures_main_sina,https://vip.stock.finance.sina.com.cn/quotes_service/view/qihuohangqing.html,2026-06-03 00:00:00,601899,601899,碳酸锂主连价格下跌触发商品冲击,"碳酸锂主连(LC0) 2026-06-03 收盘 1.668e+05; 1日涨跌 -3.60%, 5日涨跌 -3.61%. 该事件按产业链映射进入相关股票的事件因子。",commodity_shock:lithium:LC0,commodity_shock,negative,-0.28855491329479754,0.7
akshare_futures_main_sina,https://vip.stock.finance.sina.com.cn/quotes_service/view/qihuohangqing.html,2026-06-04 00:00:00,601899,601899,碳酸锂主连价格下跌触发商品冲击,"碳酸锂主连(LC0) 2026-06-04 收盘 1.607e+05; 1日涨跌 -3.61%, 5日涨跌 -10.13%. 该事件按产业链映射进入相关股票的事件因子。",commodity_shock:lithium:LC0,commodity_shock,negative,-0.8104662864810468,0.7
akshare_futures_main_sina,https://vip.stock.finance.sina.com.cn/quotes_service/view/qihuohangqing.html,2026-06-05 00:00:00,601899,601899,碳酸锂主连价格下跌触发商品冲击,"碳酸锂主连(LC0) 2026-06-05 收盘 1.644e+05; 1日涨跌 2.25%, 5日涨跌 -8.56%. 该事件按产业链映射进入相关股票的事件因子。",commodity_shock:lithium:LC0,commodity_shock,negative,-0.6845443418270838,0.7
akshare_futures_main_sina,https://vip.stock.finance.sina.com.cn/quotes_service/view/qihuohangqing.html,2026-06-08 00:00:00,601899,601899,碳酸锂主连价格下跌触发商品冲击,"碳酸锂主连(LC0) 2026-06-08 收盘 1.633e+05; 1日涨跌 -0.62%, 5日涨跌 -8.70%. 该事件按产业链映射进入相关股票的事件因子。",commodity_shock:lithium:LC0,commodity_shock,negative,-0.6958077138065955,0.7
akshare_futures_main_sina,https://vip.stock.finance.sina.com.cn/quotes_service/view/qihuohangqing.html,2026-06-09 00:00:00,601899,601899,碳酸锂主连价格上涨触发商品冲击,"碳酸锂主连(LC0) 2026-06-09 收盘 1.685e+05; 1日涨跌 3.13%, 5日涨跌 -2.61%. 该事件按产业链映射进入相关股票的事件因子。",commodity_shock:lithium:LC0,commodity_shock,positive,0.2507652748867386,0.7
akshare_futures_main_sina,https://vip.stock.finance.sina.com.cn/quotes_service/view/qihuohangqing.html,2025-12-29 00:00:00,000630,000630,沪银主连价格上涨触发商品冲击,"沪银主连(AG0) 2025-12-29 收盘 1.82e+04; 1日涨跌 -0.62%, 5日涨跌 12.31%. 该事件按产业链映射进入相关股票的事件因子。",commodity_shock:silver:AG0,commodity_shock,positive,0.85,0.7
akshare_futures_main_sina,https://vip.stock.finance.sina.com.cn/quotes_service/view/qihuohangqing.html,2025-12-30 00:00:00,000630,000630,沪银主连价格上涨触发商品冲击,"沪银主连(AG0) 2025-12-30 收盘 1.814e+04; 1日涨跌 -0.36%, 5日涨跌 10.33%. 该事件按产业链映射进入相关股票的事件因子。",commodity_shock:silver:AG0,commodity_shock,positive,0.8267137035460124,0.7
akshare_futures_main_sina,https://vip.stock.finance.sina.com.cn/quotes_service/view/qihuohangqing.html,2025-12-31 00:00:00,000630,000630,沪银主连价格下跌触发商品冲击,"沪银主连(AG0) 2025-12-31 收盘 1.707e+04; 1日涨跌 -5.88%, 5日涨跌 -3.04%. 该事件按产业链映射进入相关股票的事件因子。",commodity_shock:silver:AG0,commodity_shock,negative,-0.47012127894156563,0.7
akshare_futures_main_sina,https://vip.stock.finance.sina.com.cn/quotes_service/view/qihuohangqing.html,2026-01-05 00:00:00,000630,000630,沪银主连价格上涨触发商品冲击,"沪银主连(AG0) 2026-01-05 收盘 1.825e+04; 1日涨跌 6.87%, 5日涨跌 4.89%. 该事件按产业链映射进入相关股票的事件因子。",commodity_shock:silver:AG0,commodity_shock,positive,0.5496075904884616,0.7
akshare_futures_main_sina,https://vip.stock.finance.sina.com.cn/quotes_service/view/qihuohangqing.html,2026-01-06 00:00:00,000630,000630,沪银主连价格上涨触发商品冲击,"沪银主连(AG0) 2026-01-06 收盘 1.945e+04; 1日涨跌 6.60%, 5日涨跌 6.18%. 该事件按产业链映射进入相关股票的事件因子。",commodity_shock:silver:AG0,commodity_shock,positive,0.5283060229078753,0.7
akshare_futures_main_sina,https://vip.stock.finance.sina.com.cn/quotes_service/view/qihuohangqing.html,2026-01-07 00:00:00,000630,000630,沪银主连价格上涨触发商品冲击,"沪银主连(AG0) 2026-01-07 收盘 1.929e+04; 1日涨跌 -0.83%, 5日涨跌 5.96%. 该事件按产业链映射进入相关股票的事件因子。",commodity_shock:silver:AG0,commodity_shock,positive,0.4767920900851408,0.7
akshare_futures_main_sina,https://vip.stock.finance.sina.com.cn/quotes_service/view/qihuohangqing.html,2026-01-08 00:00:00,000630,000630,沪银主连价格下跌触发商品冲击,"沪银主连(AG0) 2026-01-08 收盘 1.845e+04; 1日涨跌 -4.35%, 5日涨跌 1.71%. 该事件按产业链映射进入相关股票的事件因子。",commodity_shock:silver:AG0,commodity_shock,negative,-0.3483670295489887,0.7
akshare_futures_main_sina,https://vip.stock.finance.sina.com.cn/quotes_service/view/qihuohangqing.html,2026-01-09 00:00:00,000630,000630,沪银主连价格上涨触发商品冲击,"沪银主连(AG0) 2026-01-09 收盘 1.873e+04; 1日涨跌 1.52%, 5日涨跌 9.70%. 该事件按产业链映射进入相关股票的事件因子。",commodity_shock:silver:AG0,commodity_shock,positive,0.7763851470071454,0.7
akshare_futures_main_sina,https://vip.stock.finance.sina.com.cn/quotes_service/view/qihuohangqing.html,2026-01-12 00:00:00,000630,000630,沪银主连价格上涨触发商品冲击,"沪银主连(AG0) 2026-01-12 收盘 2.094e+04; 1日涨跌 11.82%, 5日涨跌 14.79%. 该事件按产业链映射进入相关股票的事件因子。",commodity_shock:silver:AG0,commodity_shock,positive,0.85,0.7
akshare_futures_main_sina,https://vip.stock.finance.sina.com.cn/quotes_service/view/qihuohangqing.html,2026-01-13 00:00:00,000630,000630,沪银主连价格上涨触发商品冲击,"沪银主连(AG0) 2026-01-13 收盘 2.1e+04; 1日涨跌 0.28%, 5日涨跌 7.98%. 该事件按产业链映射进入相关股票的事件因子。",commodity_shock:silver:AG0,commodity_shock,positive,0.6382891219411881,0.7
akshare_futures_main_sina,https://vip.stock.finance.sina.com.cn/quotes_service/view/qihuohangqing.html,2026-01-14 00:00:00,000630,000630,沪银主连价格上涨触发商品冲击,"沪银主连(AG0) 2026-01-14 收盘 2.276e+04; 1日涨跌 8.37%, 5日涨跌 18.00%. 该事件按产业链映射进入相关股票的事件因子。",commodity_shock:silver:AG0,commodity_shock,positive,0.85,0.7
akshare_futures_main_sina,https://vip.stock.finance.sina.com.cn/quotes_service/view/qihuohangqing.html,2026-01-15 00:00:00,000630,000630,沪银主连价格上涨触发商品冲击,"沪银主连(AG0) 2026-01-15 收盘 2.266e+04; 1日涨跌 -0.43%, 5日涨跌 22.85%. 该事件按产业链映射进入相关股票的事件因子。",commodity_shock:silver:AG0,commodity_shock,positive,0.85,0.7
akshare_futures_main_sina,https://vip.stock.finance.sina.com.cn/quotes_service/view/qihuohangqing.html,2026-01-16 00:00:00,000630,000630,沪银主连价格上涨触发商品冲击,"沪银主连(AG0) 2026-01-16 收盘 2.248e+04; 1日涨跌 -0.80%, 5日涨跌 20.03%. 该事件按产业链映射进入相关股票的事件因子。",commodity_shock:silver:AG0,commodity_shock,positive,0.85,0.7
akshare_futures_main_sina,https://vip.stock.finance.sina.com.cn/quotes_service/view/qihuohangqing.html,2026-01-19 00:00:00,000630,000630,沪银主连价格上涨触发商品冲击,"沪银主连(AG0) 2026-01-19 收盘 2.319e+04; 1日涨跌 3.14%, 5日涨跌 10.71%. 该事件按产业链映射进入相关股票的事件因子。",commodity_shock:silver:AG0,commodity_shock,positive,0.85,0.7
akshare_futures_main_sina,https://vip.stock.finance.sina.com.cn/quotes_service/view/qihuohangqing.html,2026-01-20 00:00:00,000630,000630,沪银主连价格上涨触发商品冲击,"沪银主连(AG0) 2026-01-20 收盘 2.306e+04; 1日涨跌 -0.55%, 5日涨跌 9.80%. 该事件按产业链映射进入相关股票的事件因子。",commodity_shock:silver:AG0,commodity_shock,positive,0.7838506951056949,0.7
akshare_futures_main_sina,https://vip.stock.finance.sina.com.cn/quotes_service/view/qihuohangqing.html,2026-01-23 00:00:00,000630,000630,沪银主连价格上涨触发商品冲击,"沪银主连(AG0) 2026-01-23 收盘 2.496e+04; 1日涨跌 6.97%, 5日涨跌 11.04%. 该事件按产业链映射进入相关股票的事件因子。",commodity_shock:silver:AG0,commodity_shock,positive,0.85,0.7
akshare_futures_main_sina,https://vip.stock.finance.sina.com.cn/quotes_service/view/qihuohangqing.html,2026-01-26 00:00:00,000630,000630,沪银主连价格上涨触发商品冲击,"沪银主连(AG0) 2026-01-26 收盘 2.721e+04; 1日涨跌 8.98%, 5日涨跌 17.33%. 该事件按产业链映射进入相关股票的事件因子。",commodity_shock:silver:AG0,commodity_shock,positive,0.85,0.7
akshare_futures_main_sina,https://vip.stock.finance.sina.com.cn/quotes_service/view/qihuohangqing.html,2026-01-27 00:00:00,000630,000630,沪银主连价格上涨触发商品冲击,"沪银主连(AG0) 2026-01-27 收盘 2.83e+04; 1日涨跌 4.02%, 5日涨跌 22.71%. 该事件按产业链映射进入相关股票的事件因子。",commodity_shock:silver:AG0,commodity_shock,positive,0.85,0.7
akshare_futures_main_sina,https://vip.stock.finance.sina.com.cn/quotes_service/view/qihuohangqing.html,2026-01-28 00:00:00,000630,000630,沪银主连价格上涨触发商品冲击,"沪银主连(AG0) 2026-01-28 收盘 2.922e+04; 1日涨跌 3.25%, 5日涨跌 26.32%. 该事件按产业链映射进入相关股票的事件因子。",commodity_shock:silver:AG0,commodity_shock,positive,0.85,0.7
akshare_futures_main_sina,https://vip.stock.finance.sina.com.cn/quotes_service/view/qihuohangqing.html,2026-01-29 00:00:00,000630,000630,沪银主连价格上涨触发商品冲击,"沪银主连(AG0) 2026-01-29 收盘 3.089e+04; 1日涨跌 5.72%, 5日涨跌 32.36%. 该事件按产业链映射进入相关股票的事件因子。",commodity_shock:silver:AG0,commodity_shock,positive,0.85,0.7
akshare_futures_main_sina,https://vip.stock.finance.sina.com.cn/quotes_service/view/qihuohangqing.html,2026-01-30 00:00:00,000630,000630,沪银主连价格上涨触发商品冲击,"沪银主连(AG0) 2026-01-30 收盘 2.794e+04; 1日涨跌 -9.55%, 5日涨跌 11.92%. 该事件按产业链映射进入相关股票的事件因子。",commodity_shock:silver:AG0,commodity_shock,positive,0.85,0.7
akshare_futures_main_sina,https://vip.stock.finance.sina.com.cn/quotes_service/view/qihuohangqing.html,2026-02-02 00:00:00,000630,000630,沪银主连价格下跌触发商品冲击,"沪银主连(AG0) 2026-02-02 收盘 2.483e+04; 1日涨跌 -11.13%, 5日涨跌 -8.73%. 该事件按产业链映射进入相关股票的事件因子。",commodity_shock:silver:AG0,commodity_shock,negative,-0.85,0.7
akshare_futures_main_sina,https://vip.stock.finance.sina.com.cn/quotes_service/view/qihuohangqing.html,2026-02-03 00:00:00,000630,000630,沪银主连价格下跌触发商品冲击,"沪银主连(AG0) 2026-02-03 收盘 2.145e+04; 1日涨跌 -13.64%, 5日涨跌 -24.22%. 该事件按产业链映射进入相关股票的事件因子。",commodity_shock:silver:AG0,commodity_shock,negative,-0.85,0.7
akshare_futures_main_sina,https://vip.stock.finance.sina.com.cn/quotes_service/view/qihuohangqing.html,2026-02-04 00:00:00,000630,000630,沪银主连价格下跌触发商品冲击,"沪银主连(AG0) 2026-02-04 收盘 2.351e+04; 1日涨跌 9.63%, 5日涨跌 -19.54%. 该事件按产业链映射进入相关股票的事件因子。",commodity_shock:silver:AG0,commodity_shock,negative,-0.85,0.7
akshare_futures_main_sina,https://vip.stock.finance.sina.com.cn/quotes_service/view/qihuohangqing.html,2026-02-05 00:00:00,000630,000630,沪银主连价格下跌触发商品冲击,"沪银主连(AG0) 2026-02-05 收盘 2.026e+04; 1日涨跌 -13.85%, 5日涨跌 -34.43%. 该事件按产业链映射进入相关股票的事件因子。",commodity_shock:silver:AG0,commodity_shock,negative,-0.85,0.7
akshare_futures_main_sina,https://vip.stock.finance.sina.com.cn/quotes_service/view/qihuohangqing.html,2026-02-06 00:00:00,000630,000630,沪银主连价格下跌触发商品冲击,"沪银主连(AG0) 2026-02-06 收盘 1.88e+04; 1日涨跌 -7.19%, 5日涨跌 -32.72%. 该事件按产业链映射进入相关股票的事件因子。",commodity_shock:silver:AG0,commodity_shock,negative,-0.85,0.7
akshare_futures_main_sina,https://vip.stock.finance.sina.com.cn/quotes_service/view/qihuohangqing.html,2026-02-09 00:00:00,000630,000630,沪银主连价格下跌触发商品冲击,"沪银主连(AG0) 2026-02-09 收盘 2.087e+04; 1日涨跌 11.03%, 5日涨跌 -15.94%. 该事件按产业链映射进入相关股票的事件因子。",commodity_shock:silver:AG0,commodity_shock,negative,-0.85,0.7
akshare_futures_main_sina,https://vip.stock.finance.sina.com.cn/quotes_service/view/qihuohangqing.html,2026-02-10 00:00:00,000630,000630,沪银主连价格下跌触发商品冲击,"沪银主连(AG0) 2026-02-10 收盘 2.028e+04; 1日涨跌 -2.82%, 5日涨跌 -5.42%. 该事件按产业链映射进入相关股票的事件因子。",commodity_shock:silver:AG0,commodity_shock,negative,-0.43346078522801434,0.7
akshare_futures_main_sina,https://vip.stock.finance.sina.com.cn/quotes_service/view/qihuohangqing.html,2026-02-11 00:00:00,000630,000630,沪银主连价格下跌触发商品冲击,"沪银主连(AG0) 2026-02-11 收盘 2.094e+04; 1日涨跌 3.25%, 5日涨跌 -10.92%. 该事件按产业链映射进入相关股票的事件因子。",commodity_shock:silver:AG0,commodity_shock,negative,-0.85,0.7
akshare_futures_main_sina,https://vip.stock.finance.sina.com.cn/quotes_service/view/qihuohangqing.html,2026-02-13 00:00:00,000630,000630,沪银主连价格上涨触发商品冲击,"沪银主连(AG0) 2026-02-13 收盘 1.978e+04; 1日涨跌 -4.09%, 5日涨跌 5.23%. 该事件按产业链映射进入相关股票的事件因子。",commodity_shock:silver:AG0,commodity_shock,positive,0.4183201234108189,0.7
akshare_futures_main_sina,https://vip.stock.finance.sina.com.cn/quotes_service/view/qihuohangqing.html,2026-02-24 00:00:00,000630,000630,沪银主连价格上涨触发商品冲击,"沪银主连(AG0) 2026-02-24 收盘 2.233e+04; 1日涨跌 12.87%, 5日涨跌 6.97%. 该事件按产业链映射进入相关股票的事件因子。",commodity_shock:silver:AG0,commodity_shock,positive,0.85,0.7
akshare_futures_main_sina,https://vip.stock.finance.sina.com.cn/quotes_service/view/qihuohangqing.html,2026-02-25 00:00:00,000630,000630,沪银主连价格上涨触发商品冲击,"沪银主连(AG0) 2026-02-25 收盘 2.303e+04; 1日涨跌 3.14%, 5日涨跌 13.53%. 该事件按产业链映射进入相关股票的事件因子。",commodity_shock:silver:AG0,commodity_shock,positive,0.85,0.7
akshare_futures_main_sina,https://vip.stock.finance.sina.com.cn/quotes_service/view/qihuohangqing.html,2026-02-26 00:00:00,000630,000630,沪银主连价格上涨触发商品冲击,"沪银主连(AG0) 2026-02-26 收盘 2.257e+04; 1日涨跌 -1.98%, 5日涨跌 7.77%. 该事件按产业链映射进入相关股票的事件因子。",commodity_shock:silver:AG0,commodity_shock,positive,0.6218487394957979,0.7
akshare_futures_main_sina,https://vip.stock.finance.sina.com.cn/quotes_service/view/qihuohangqing.html,2026-02-27 00:00:00,000630,000630,沪银主连价格上涨触发商品冲击,"沪银主连(AG0) 2026-02-27 收盘 2.302e+04; 1日涨跌 1.98%, 5日涨跌 11.60%. 该事件按产业链映射进入相关股票的事件因子。",commodity_shock:silver:AG0,commodity_shock,positive,0.85,0.7
akshare_futures_main_sina,https://vip.stock.finance.sina.com.cn/quotes_service/view/qihuohangqing.html,2026-03-02 00:00:00,000630,000630,沪银主连价格上涨触发商品冲击,"沪银主连(AG0) 2026-03-02 收盘 2.443e+04; 1日涨跌 6.13%, 5日涨跌 23.50%. 该事件按产业链映射进入相关股票的事件因子。",commodity_shock:silver:AG0,commodity_shock,positive,0.85,0.7
akshare_futures_main_sina,https://vip.stock.finance.sina.com.cn/quotes_service/view/qihuohangqing.html,2026-03-03 00:00:00,000630,000630,沪银主连价格下跌触发商品冲击,"沪银主连(AG0) 2026-03-03 收盘 2.164e+04; 1日涨跌 -11.40%, 5日涨跌 -3.05%. 该事件按产业链映射进入相关股票的事件因子。",commodity_shock:silver:AG0,commodity_shock,negative,-0.85,0.7
akshare_futures_main_sina,https://vip.stock.finance.sina.com.cn/quotes_service/view/qihuohangqing.html,2026-03-04 00:00:00,000630,000630,沪银主连价格下跌触发商品冲击,"沪银主连(AG0) 2026-03-04 收盘 2.158e+04; 1日涨跌 -0.31%, 5日涨跌 -6.30%. 该事件按产业链映射进入相关股票的事件因子。",commodity_shock:silver:AG0,commodity_shock,negative,-0.5040600981371313,0.7
akshare_futures_main_sina,https://vip.stock.finance.sina.com.cn/quotes_service/view/qihuohangqing.html,2026-03-06 00:00:00,000630,000630,沪银主连价格下跌触发商品冲击,"沪银主连(AG0) 2026-03-06 收盘 2.153e+04; 1日涨跌 0.77%, 5日涨跌 -6.46%. 该事件按产业链映射进入相关股票的事件因子。",commodity_shock:silver:AG0,commodity_shock,negative,-0.5164429384421565,0.7
akshare_futures_main_sina,https://vip.stock.finance.sina.com.cn/quotes_service/view/qihuohangqing.html,2026-03-09 00:00:00,000630,000630,沪银主连价格下跌触发商品冲击,"沪银主连(AG0) 2026-03-09 收盘 2.155e+04; 1日涨跌 0.07%, 5日涨跌 -11.80%. 该事件按产业链映射进入相关股票的事件因子。",commodity_shock:silver:AG0,commodity_shock,negative,-0.85,0.7
akshare_futures_main_sina,https://vip.stock.finance.sina.com.cn/quotes_service/view/qihuohangqing.html,2026-03-10 00:00:00,000630,000630,沪银主连价格上涨触发商品冲击,"沪银主连(AG0) 2026-03-10 收盘 2.276e+04; 1日涨跌 5.62%, 5日涨跌 5.14%. 该事件按产业链映射进入相关股票的事件因子。",commodity_shock:silver:AG0,commodity_shock,positive,0.44962175708915453,0.7
akshare_futures_main_sina,https://vip.stock.finance.sina.com.cn/quotes_service/view/qihuohangqing.html,2026-03-13 00:00:00,000630,000630,沪银主连价格下跌触发商品冲击,"沪银主连(AG0) 2026-03-13 收盘 2.092e+04; 1日涨跌 -5.16%, 5日涨跌 -2.83%. 该事件按产业链映射进入相关股票的事件因子。",commodity_shock:silver:AG0,commodity_shock,negative,-0.4130178587616715,0.7
akshare_futures_main_sina,https://vip.stock.finance.sina.com.cn/quotes_service/view/qihuohangqing.html,2026-03-16 00:00:00,000630,000630,沪银主连价格下跌触发商品冲击,"沪银主连(AG0) 2026-03-16 收盘 2.03e+04; 1日涨跌 -2.97%, 5日涨跌 -5.78%. 该事件按产业链映射进入相关股票的事件因子。",commodity_shock:silver:AG0,commodity_shock,negative,-0.4626166055599388,0.7
akshare_futures_main_sina,https://vip.stock.finance.sina.com.cn/quotes_service/view/qihuohangqing.html,2026-03-17 00:00:00,000630,000630,沪银主连价格下跌触发商品冲击,"沪银主连(AG0) 2026-03-17 收盘 2.031e+04; 1日涨跌 0.03%, 5日涨跌 -10.77%. 该事件按产业链映射进入相关股票的事件因子。",commodity_shock:silver:AG0,commodity_shock,negative,-0.85,0.7
akshare_futures_main_sina,https://vip.stock.finance.sina.com.cn/quotes_service/view/qihuohangqing.html,2026-03-18 00:00:00,000630,000630,沪银主连价格下跌触发商品冲击,"沪银主连(AG0) 2026-03-18 收盘 1.998e+04; 1日涨跌 -1.62%, 5日涨跌 -10.23%. 该事件按产业链映射进入相关股票的事件因子。",commodity_shock:silver:AG0,commodity_shock,negative,-0.8181164629762758,0.7
akshare_futures_main_sina,https://vip.stock.finance.sina.com.cn/quotes_service/view/qihuohangqing.html,2026-03-19 00:00:00,000630,000630,沪银主连价格下跌触发商品冲击,"沪银主连(AG0) 2026-03-19 收盘 1.798e+04; 1日涨跌 -9.99%, 5日涨跌 -18.48%. 该事件按产业链映射进入相关股票的事件因子。",commodity_shock:silver:AG0,commodity_shock,negative,-0.85,0.7
akshare_futures_main_sina,https://vip.stock.finance.sina.com.cn/quotes_service/view/qihuohangqing.html,2026-03-20 00:00:00,000630,000630,沪银主连价格下跌触发商品冲击,"沪银主连(AG0) 2026-03-20 收盘 1.762e+04; 1日涨跌 -2.00%, 5日涨跌 -15.76%. 该事件按产业链映射进入相关股票的事件因子。",commodity_shock:silver:AG0,commodity_shock,negative,-0.85,0.7
akshare_futures_main_sina,https://vip.stock.finance.sina.com.cn/quotes_service/view/qihuohangqing.html,2026-03-23 00:00:00,000630,000630,沪银主连价格下跌触发商品冲击,"沪银主连(AG0) 2026-03-23 收盘 1.541e+04; 1日涨跌 -12.56%, 5日涨跌 -24.09%. 该事件按产业链映射进入相关股票的事件因子。",commodity_shock:silver:AG0,commodity_shock,negative,-0.85,0.7
akshare_futures_main_sina,https://vip.stock.finance.sina.com.cn/quotes_service/view/qihuohangqing.html,2026-03-24 00:00:00,000630,000630,沪银主连价格下跌触发商品冲击,"沪银主连(AG0) 2026-03-24 收盘 1.708e+04; 1日涨跌 10.86%, 5日涨跌 -15.87%. 该事件按产业链映射进入相关股票的事件因子。",commodity_shock:silver:AG0,commodity_shock,negative,-0.85,0.7
akshare_futures_main_sina,https://vip.stock.finance.sina.com.cn/quotes_service/view/qihuohangqing.html,2026-03-25 00:00:00,000630,000630,沪银主连价格下跌触发商品冲击,"沪银主连(AG0) 2026-03-25 收盘 1.811e+04; 1日涨跌 6.01%, 5日涨跌 -9.35%. 该事件按产业链映射进入相关股票的事件因子。",commodity_shock:silver:AG0,commodity_shock,negative,-0.7483483483483484,0.7
akshare_futures_main_sina,https://vip.stock.finance.sina.com.cn/quotes_service/view/qihuohangqing.html,2026-03-26 00:00:00,000630,000630,沪银主连价格下跌触发商品冲击,"沪银主连(AG0) 2026-03-26 收盘 1.747e+04; 1日涨跌 -3.53%, 5日涨跌 -2.85%. 该事件按产业链映射进入相关股票的事件因子。",commodity_shock:silver:AG0,commodity_shock,negative,-0.28225940036441965,0.7
akshare_futures_main_sina,https://vip.stock.finance.sina.com.cn/quotes_service/view/qihuohangqing.html,2026-03-30 00:00:00,000630,000630,沪银主连价格上涨触发商品冲击,"沪银主连(AG0) 2026-03-30 收盘 1.771e+04; 1日涨跌 1.25%, 5日涨跌 14.90%. 该事件按产业链映射进入相关股票的事件因子。",commodity_shock:silver:AG0,commodity_shock,positive,0.85,0.7
akshare_futures_main_sina,https://vip.stock.finance.sina.com.cn/quotes_service/view/qihuohangqing.html,2026-03-31 00:00:00,000630,000630,沪银主连价格上涨触发商品冲击,"沪银主连(AG0) 2026-03-31 收盘 1.813e+04; 1日涨跌 2.37%, 5日涨跌 6.09%. 该事件按产业链映射进入相关股票的事件因子。",commodity_shock:silver:AG0,commodity_shock,positive,0.48744512730465317,0.7
akshare_futures_main_sina,https://vip.stock.finance.sina.com.cn/quotes_service/view/qihuohangqing.html,2026-04-01 00:00:00,000630,000630,沪银主连价格上涨触发商品冲击,"沪银主连(AG0) 2026-04-01 收盘 1.892e+04; 1日涨跌 4.37%, 5日涨跌 4.46%. 该事件按产业链映射进入相关股票的事件因子。",commodity_shock:silver:AG0,commodity_shock,positive,0.3564684445916839,0.7
akshare_futures_main_sina,https://vip.stock.finance.sina.com.cn/quotes_service/view/qihuohangqing.html,2026-04-02 00:00:00,000630,000630,沪银主连价格下跌触发商品冲击,"沪银主连(AG0) 2026-04-02 收盘 1.762e+04; 1日涨跌 -6.86%, 5日涨跌 0.85%. 该事件按产业链映射进入相关股票的事件因子。",commodity_shock:silver:AG0,commodity_shock,negative,-0.5484723543714978,0.7
akshare_futures_main_sina,https://vip.stock.finance.sina.com.cn/quotes_service/view/qihuohangqing.html,2026-04-08 00:00:00,000630,000630,沪银主连价格上涨触发商品冲击,"沪银主连(AG0) 2026-04-08 收盘 1.899e+04; 1日涨跌 6.03%, 5日涨跌 4.76%. 该事件按产业链映射进入相关股票的事件因子。",commodity_shock:silver:AG0,commodity_shock,positive,0.4824659370113924,0.7
akshare_futures_main_sina,https://vip.stock.finance.sina.com.cn/quotes_service/view/qihuohangqing.html,2026-04-09 00:00:00,000630,000630,沪银主连价格下跌触发商品冲击,"沪银主连(AG0) 2026-04-09 收盘 1.822e+04; 1日涨跌 -4.02%, 5日涨跌 -3.66%. 该事件按产业链映射进入相关股票的事件因子。",commodity_shock:silver:AG0,commodity_shock,negative,-0.3214661891721091,0.7
akshare_futures_main_sina,https://vip.stock.finance.sina.com.cn/quotes_service/view/qihuohangqing.html,2026-04-10 00:00:00,000630,000630,沪银主连价格上涨触发商品冲击,"沪银主连(AG0) 2026-04-10 收盘 1.858e+04; 1日涨跌 1.96%, 5日涨跌 5.46%. 该事件按产业链映射进入相关股票的事件因子。",commodity_shock:silver:AG0,commodity_shock,positive,0.4367516032007259,0.7
akshare_futures_main_sina,https://vip.stock.finance.sina.com.cn/quotes_service/view/qihuohangqing.html,2026-04-14 00:00:00,000630,000630,沪银主连价格上涨触发商品冲击,"沪银主连(AG0) 2026-04-14 收盘 1.921e+04; 1日涨跌 4.24%, 5日涨跌 7.27%. 该事件按产业链映射进入相关股票的事件因子。",commodity_shock:silver:AG0,commodity_shock,positive,0.5816394907303994,0.7
akshare_futures_main_sina,https://vip.stock.finance.sina.com.cn/quotes_service/view/qihuohangqing.html,2026-04-16 00:00:00,000630,000630,沪银主连价格上涨触发商品冲击,"沪银主连(AG0) 2026-04-16 收盘 1.992e+04; 1日涨跌 1.87%, 5日涨跌 9.33%. 该事件按产业链映射进入相关股票的事件因子。",commodity_shock:silver:AG0,commodity_shock,positive,0.7462277091906717,0.7
akshare_futures_main_sina,https://vip.stock.finance.sina.com.cn/quotes_service/view/qihuohangqing.html,2026-04-20 00:00:00,000630,000630,沪银主连价格上涨触发商品冲击,"沪银主连(AG0) 2026-04-20 收盘 1.985e+04; 1日涨跌 1.45%, 5日涨跌 7.73%. 该事件按产业链映射进入相关股票的事件因子。",commodity_shock:silver:AG0,commodity_shock,positive,0.6181561669108468,0.7
akshare_futures_main_sina,https://vip.stock.finance.sina.com.cn/quotes_service/view/qihuohangqing.html,2026-04-23 00:00:00,000630,000630,沪银主连价格下跌触发商品冲击,"沪银主连(AG0) 2026-04-23 收盘 1.897e+04; 1日涨跌 -3.16%, 5日涨跌 -4.81%. 该事件按产业链映射进入相关股票的事件因子。",commodity_shock:silver:AG0,commodity_shock,negative,-0.38464240903387736,0.7
akshare_futures_main_sina,https://vip.stock.finance.sina.com.cn/quotes_service/view/qihuohangqing.html,2026-04-24 00:00:00,000630,000630,沪银主连价格下跌触发商品冲击,"沪银主连(AG0) 2026-04-24 收盘 1.844e+04; 1日涨跌 -2.77%, 5日涨跌 -5.76%. 该事件按产业链映射进入相关股票的事件因子。",commodity_shock:silver:AG0,commodity_shock,negative,-0.46111394992335164,0.7
akshare_futures_main_sina,https://vip.stock.finance.sina.com.cn/quotes_service/view/qihuohangqing.html,2026-04-28 00:00:00,000630,000630,沪银主连价格下跌触发商品冲击,"沪银主连(AG0) 2026-04-28 收盘 1.807e+04; 1日涨跌 -4.00%, 5日涨跌 -8.06%. 该事件按产业链映射进入相关股票的事件因子。",commodity_shock:silver:AG0,commodity_shock,negative,-0.6451941179463692,0.7
akshare_futures_main_sina,https://vip.stock.finance.sina.com.cn/quotes_service/view/qihuohangqing.html,2026-04-29 00:00:00,000630,000630,沪银主连价格下跌触发商品冲击,"沪银主连(AG0) 2026-04-29 收盘 1.81e+04; 1日涨跌 0.17%, 5日涨跌 -7.59%. 该事件按产业链映射进入相关股票的事件因子。",commodity_shock:silver:AG0,commodity_shock,negative,-0.6073726130909831,0.7
akshare_futures_main_sina,https://vip.stock.finance.sina.com.cn/quotes_service/view/qihuohangqing.html,2026-05-06 00:00:00,000630,000630,沪银主连价格上涨触发商品冲击,"沪银主连(AG0) 2026-05-06 收盘 1.885e+04; 1日涨跌 3.95%, 5日涨跌 2.22%. 该事件按产业链映射进入相关股票的事件因子。",commodity_shock:silver:AG0,commodity_shock,positive,0.31585332230493535,0.7
akshare_futures_main_sina,https://vip.stock.finance.sina.com.cn/quotes_service/view/qihuohangqing.html,2026-05-07 00:00:00,000630,000630,沪银主连价格上涨触发商品冲击,"沪银主连(AG0) 2026-05-07 收盘 1.949e+04; 1日涨跌 3.41%, 5日涨跌 3.58%. 该事件按产业链映射进入相关股票的事件因子。",commodity_shock:silver:AG0,commodity_shock,positive,0.28607863974495196,0.7
akshare_futures_main_sina,https://vip.stock.finance.sina.com.cn/quotes_service/view/qihuohangqing.html,2026-05-08 00:00:00,000630,000630,沪银主连价格上涨触发商品冲击,"沪银主连(AG0) 2026-05-08 收盘 1.984e+04; 1日涨跌 1.78%, 5日涨跌 9.81%. 该事件按产业链映射进入相关股票的事件因子。",commodity_shock:silver:AG0,commodity_shock,positive,0.7845915430595536,0.7
akshare_futures_main_sina,https://vip.stock.finance.sina.com.cn/quotes_service/view/qihuohangqing.html,2026-05-11 00:00:00,000630,000630,沪银主连价格上涨触发商品冲击,"沪银主连(AG0) 2026-05-11 收盘 1.993e+04; 1日涨跌 0.45%, 5日涨跌 10.11%. 该事件按产业链映射进入相关股票的事件因子。",commodity_shock:silver:AG0,commodity_shock,positive,0.8088844687551795,0.7
akshare_futures_main_sina,https://vip.stock.finance.sina.com.cn/quotes_service/view/qihuohangqing.html,2026-05-12 00:00:00,000630,000630,沪银主连价格上涨触发商品冲击,"沪银主连(AG0) 2026-05-12 收盘 2.078e+04; 1日涨跌 4.27%, 5日涨跌 14.58%. 该事件按产业链映射进入相关股票的事件因子。",commodity_shock:silver:AG0,commodity_shock,positive,0.85,0.7
akshare_futures_main_sina,https://vip.stock.finance.sina.com.cn/quotes_service/view/qihuohangqing.html,2026-05-13 00:00:00,000630,000630,沪银主连价格上涨触发商品冲击,"沪银主连(AG0) 2026-05-13 收盘 2.135e+04; 1日涨跌 2.74%, 5日涨跌 13.25%. 该事件按产业链映射进入相关股票的事件因子。",commodity_shock:silver:AG0,commodity_shock,positive,0.85,0.7
akshare_futures_main_sina,https://vip.stock.finance.sina.com.cn/quotes_service/view/qihuohangqing.html,2026-05-14 00:00:00,000630,000630,沪银主连价格上涨触发商品冲击,"沪银主连(AG0) 2026-05-14 收盘 2.144e+04; 1日涨跌 0.45%, 5日涨跌 10.01%. 该事件按产业链映射进入相关股票的事件因子。",commodity_shock:silver:AG0,commodity_shock,positive,0.8006976863489452,0.7
akshare_futures_main_sina,https://vip.stock.finance.sina.com.cn/quotes_service/view/qihuohangqing.html,2026-05-15 00:00:00,000630,000630,沪银主连价格下跌触发商品冲击,"沪银主连(AG0) 2026-05-15 收盘 1.923e+04; 1日涨跌 -10.31%, 5日涨跌 -3.05%. 该事件按产业链映射进入相关股票的事件因子。",commodity_shock:silver:AG0,commodity_shock,negative,-0.8244730460734937,0.7
akshare_futures_main_sina,https://vip.stock.finance.sina.com.cn/quotes_service/view/qihuohangqing.html,2026-05-18 00:00:00,000630,000630,沪银主连价格下跌触发商品冲击,"沪银主连(AG0) 2026-05-18 收盘 1.861e+04; 1日涨跌 -3.26%, 5日涨跌 -6.63%. 该事件按产业链映射进入相关股票的事件因子。",commodity_shock:silver:AG0,commodity_shock,negative,-0.5306839279442022,0.7
akshare_futures_main_sina,https://vip.stock.finance.sina.com.cn/quotes_service/view/qihuohangqing.html,2026-05-19 00:00:00,000630,000630,沪银主连价格下跌触发商品冲击,"沪银主连(AG0) 2026-05-19 收盘 1.871e+04; 1日涨跌 0.54%, 5日涨跌 -9.97%. 该事件按产业链映射进入相关股票的事件因子。",commodity_shock:silver:AG0,commodity_shock,negative,-0.7973434717743872,0.7
akshare_futures_main_sina,https://vip.stock.finance.sina.com.cn/quotes_service/view/qihuohangqing.html,2026-05-20 00:00:00,000630,000630,沪银主连价格下跌触发商品冲击,"沪银主连(AG0) 2026-05-20 收盘 1.848e+04; 1日涨跌 -1.20%, 5日涨跌 -13.42%. 该事件按产业链映射进入相关股票的事件因子。",commodity_shock:silver:AG0,commodity_shock,negative,-0.85,0.7
akshare_futures_main_sina,https://vip.stock.finance.sina.com.cn/quotes_service/view/qihuohangqing.html,2026-05-21 00:00:00,000630,000630,沪银主连价格下跌触发商品冲击,"沪银主连(AG0) 2026-05-21 收盘 1.831e+04; 1日涨跌 -0.92%, 5日涨跌 -14.60%. 该事件按产业链映射进入相关股票的事件因子。",commodity_shock:silver:AG0,commodity_shock,negative,-0.85,0.7
akshare_futures_main_sina,https://vip.stock.finance.sina.com.cn/quotes_service/view/qihuohangqing.html,2026-05-29 00:00:00,000630,000630,沪银主连价格上涨触发商品冲击,"沪银主连(AG0) 2026-05-29 收盘 1.836e+04; 1日涨跌 3.19%, 5日涨跌 -1.73%. 该事件按产业链映射进入相关股票的事件因子。",commodity_shock:silver:AG0,commodity_shock,positive,0.2554243957279372,0.7
akshare_futures_main_sina,https://vip.stock.finance.sina.com.cn/quotes_service/view/qihuohangqing.html,2026-06-08 00:00:00,000630,000630,沪银主连价格下跌触发商品冲击,"沪银主连(AG0) 2026-06-08 收盘 1.62e+04; 1日涨跌 -7.55%, 5日涨跌 -10.75%. 该事件按产业链映射进入相关股票的事件因子。",commodity_shock:silver:AG0,commodity_shock,negative,-0.85,0.7
akshare_futures_main_sina,https://vip.stock.finance.sina.com.cn/quotes_service/view/qihuohangqing.html,2026-06-09 00:00:00,000630,000630,沪银主连价格下跌触发商品冲击,"沪银主连(AG0) 2026-06-09 收盘 1.646e+04; 1日涨跌 1.57%, 5日涨跌 -11.14%. 该事件按产业链映射进入相关股票的事件因子。",commodity_shock:silver:AG0,commodity_shock,negative,-0.85,0.7
akshare_futures_main_sina,https://vip.stock.finance.sina.com.cn/quotes_service/view/qihuohangqing.html,2026-06-10 00:00:00,000630,000630,沪银主连价格下跌触发商品冲击,"沪银主连(AG0) 2026-06-10 收盘 1.562e+04; 1日涨跌 -5.08%, 5日涨跌 -13.25%. 该事件按产业链映射进入相关股票的事件因子。",commodity_shock:silver:AG0,commodity_shock,negative,-0.85,0.7
akshare_futures_main_sina,https://vip.stock.finance.sina.com.cn/quotes_service/view/qihuohangqing.html,2025-12-29 00:00:00,600362,600362,沪银主连价格上涨触发商品冲击,"沪银主连(AG0) 2025-12-29 收盘 1.82e+04; 1日涨跌 -0.62%, 5日涨跌 12.31%. 该事件按产业链映射进入相关股票的事件因子。",commodity_shock:silver:AG0,commodity_shock,positive,0.85,0.7
akshare_futures_main_sina,https://vip.stock.finance.sina.com.cn/quotes_service/view/qihuohangqing.html,2025-12-30 00:00:00,600362,600362,沪银主连价格上涨触发商品冲击,"沪银主连(AG0) 2025-12-30 收盘 1.814e+04; 1日涨跌 -0.36%, 5日涨跌 10.33%. 该事件按产业链映射进入相关股票的事件因子。",commodity_shock:silver:AG0,commodity_shock,positive,0.8267137035460124,0.7
akshare_futures_main_sina,https://vip.stock.finance.sina.com.cn/quotes_service/view/qihuohangqing.html,2025-12-31 00:00:00,600362,600362,沪银主连价格下跌触发商品冲击,"沪银主连(AG0) 2025-12-31 收盘 1.707e+04; 1日涨跌 -5.88%, 5日涨跌 -3.04%. 该事件按产业链映射进入相关股票的事件因子。",commodity_shock:silver:AG0,commodity_shock,negative,-0.47012127894156563,0.7
akshare_futures_main_sina,https://vip.stock.finance.sina.com.cn/quotes_service/view/qihuohangqing.html,2026-01-05 00:00:00,600362,600362,沪银主连价格上涨触发商品冲击,"沪银主连(AG0) 2026-01-05 收盘 1.825e+04; 1日涨跌 6.87%, 5日涨跌 4.89%. 该事件按产业链映射进入相关股票的事件因子。",commodity_shock:silver:AG0,commodity_shock,positive,0.5496075904884616,0.7
akshare_futures_main_sina,https://vip.stock.finance.sina.com.cn/quotes_service/view/qihuohangqing.html,2026-01-06 00:00:00,600362,600362,沪银主连价格上涨触发商品冲击,"沪银主连(AG0) 2026-01-06 收盘 1.945e+04; 1日涨跌 6.60%, 5日涨跌 6.18%. 该事件按产业链映射进入相关股票的事件因子。",commodity_shock:silver:AG0,commodity_shock,positive,0.5283060229078753,0.7
akshare_futures_main_sina,https://vip.stock.finance.sina.com.cn/quotes_service/view/qihuohangqing.html,2026-01-07 00:00:00,600362,600362,沪银主连价格上涨触发商品冲击,"沪银主连(AG0) 2026-01-07 收盘 1.929e+04; 1日涨跌 -0.83%, 5日涨跌 5.96%. 该事件按产业链映射进入相关股票的事件因子。",commodity_shock:silver:AG0,commodity_shock,positive,0.4767920900851408,0.7
akshare_futures_main_sina,https://vip.stock.finance.sina.com.cn/quotes_service/view/qihuohangqing.html,2026-01-08 00:00:00,600362,600362,沪银主连价格下跌触发商品冲击,"沪银主连(AG0) 2026-01-08 收盘 1.845e+04; 1日涨跌 -4.35%, 5日涨跌 1.71%. 该事件按产业链映射进入相关股票的事件因子。",commodity_shock:silver:AG0,commodity_shock,negative,-0.3483670295489887,0.7
akshare_futures_main_sina,https://vip.stock.finance.sina.com.cn/quotes_service/view/qihuohangqing.html,2026-01-09 00:00:00,600362,600362,沪银主连价格上涨触发商品冲击,"沪银主连(AG0) 2026-01-09 收盘 1.873e+04; 1日涨跌 1.52%, 5日涨跌 9.70%. 该事件按产业链映射进入相关股票的事件因子。",commodity_shock:silver:AG0,commodity_shock,positive,0.7763851470071454,0.7
akshare_futures_main_sina,https://vip.stock.finance.sina.com.cn/quotes_service/view/qihuohangqing.html,2026-01-12 00:00:00,600362,600362,沪银主连价格上涨触发商品冲击,"沪银主连(AG0) 2026-01-12 收盘 2.094e+04; 1日涨跌 11.82%, 5日涨跌 14.79%. 该事件按产业链映射进入相关股票的事件因子。",commodity_shock:silver:AG0,commodity_shock,positive,0.85,0.7
akshare_futures_main_sina,https://vip.stock.finance.sina.com.cn/quotes_service/view/qihuohangqing.html,2026-01-13 00:00:00,600362,600362,沪银主连价格上涨触发商品冲击,"沪银主连(AG0) 2026-01-13 收盘 2.1e+04; 1日涨跌 0.28%, 5日涨跌 7.98%. 该事件按产业链映射进入相关股票的事件因子。",commodity_shock:silver:AG0,commodity_shock,positive,0.6382891219411881,0.7
akshare_futures_main_sina,https://vip.stock.finance.sina.com.cn/quotes_service/view/qihuohangqing.html,2026-01-14 00:00:00,600362,600362,沪银主连价格上涨触发商品冲击,"沪银主连(AG0) 2026-01-14 收盘 2.276e+04; 1日涨跌 8.37%, 5日涨跌 18.00%. 该事件按产业链映射进入相关股票的事件因子。",commodity_shock:silver:AG0,commodity_shock,positive,0.85,0.7
akshare_futures_main_sina,https://vip.stock.finance.sina.com.cn/quotes_service/view/qihuohangqing.html,2026-01-15 00:00:00,600362,600362,沪银主连价格上涨触发商品冲击,"沪银主连(AG0) 2026-01-15 收盘 2.266e+04; 1日涨跌 -0.43%, 5日涨跌 22.85%. 该事件按产业链映射进入相关股票的事件因子。",commodity_shock:silver:AG0,commodity_shock,positive,0.85,0.7
akshare_futures_main_sina,https://vip.stock.finance.sina.com.cn/quotes_service/view/qihuohangqing.html,2026-01-16 00:00:00,600362,600362,沪银主连价格上涨触发商品冲击,"沪银主连(AG0) 2026-01-16 收盘 2.248e+04; 1日涨跌 -0.80%, 5日涨跌 20.03%. 该事件按产业链映射进入相关股票的事件因子。",commodity_shock:silver:AG0,commodity_shock,positive,0.85,0.7
akshare_futures_main_sina,https://vip.stock.finance.sina.com.cn/quotes_service/view/qihuohangqing.html,2026-01-19 00:00:00,600362,600362,沪银主连价格上涨触发商品冲击,"沪银主连(AG0) 2026-01-19 收盘 2.319e+04; 1日涨跌 3.14%, 5日涨跌 10.71%. 该事件按产业链映射进入相关股票的事件因子。",commodity_shock:silver:AG0,commodity_shock,positive,0.85,0.7
akshare_futures_main_sina,https://vip.stock.finance.sina.com.cn/quotes_service/view/qihuohangqing.html,2026-01-20 00:00:00,600362,600362,沪银主连价格上涨触发商品冲击,"沪银主连(AG0) 2026-01-20 收盘 2.306e+04; 1日涨跌 -0.55%, 5日涨跌 9.80%. 该事件按产业链映射进入相关股票的事件因子。",commodity_shock:silver:AG0,commodity_shock,positive,0.7838506951056949,0.7
akshare_futures_main_sina,https://vip.stock.finance.sina.com.cn/quotes_service/view/qihuohangqing.html,2026-01-23 00:00:00,600362,600362,沪银主连价格上涨触发商品冲击,"沪银主连(AG0) 2026-01-23 收盘 2.496e+04; 1日涨跌 6.97%, 5日涨跌 11.04%. 该事件按产业链映射进入相关股票的事件因子。",commodity_shock:silver:AG0,commodity_shock,positive,0.85,0.7
akshare_futures_main_sina,https://vip.stock.finance.sina.com.cn/quotes_service/view/qihuohangqing.html,2026-01-26 00:00:00,600362,600362,沪银主连价格上涨触发商品冲击,"沪银主连(AG0) 2026-01-26 收盘 2.721e+04; 1日涨跌 8.98%, 5日涨跌 17.33%. 该事件按产业链映射进入相关股票的事件因子。",commodity_shock:silver:AG0,commodity_shock,positive,0.85,0.7
akshare_futures_main_sina,https://vip.stock.finance.sina.com.cn/quotes_service/view/qihuohangqing.html,2026-01-27 00:00:00,600362,600362,沪银主连价格上涨触发商品冲击,"沪银主连(AG0) 2026-01-27 收盘 2.83e+04; 1日涨跌 4.02%, 5日涨跌 22.71%. 该事件按产业链映射进入相关股票的事件因子。",commodity_shock:silver:AG0,commodity_shock,positive,0.85,0.7
akshare_futures_main_sina,https://vip.stock.finance.sina.com.cn/quotes_service/view/qihuohangqing.html,2026-01-28 00:00:00,600362,600362,沪银主连价格上涨触发商品冲击,"沪银主连(AG0) 2026-01-28 收盘 2.922e+04; 1日涨跌 3.25%, 5日涨跌 26.32%. 该事件按产业链映射进入相关股票的事件因子。",commodity_shock:silver:AG0,commodity_shock,positive,0.85,0.7
akshare_futures_main_sina,https://vip.stock.finance.sina.com.cn/quotes_service/view/qihuohangqing.html,2026-01-29 00:00:00,600362,600362,沪银主连价格上涨触发商品冲击,"沪银主连(AG0) 2026-01-29 收盘 3.089e+04; 1日涨跌 5.72%, 5日涨跌 32.36%. 该事件按产业链映射进入相关股票的事件因子。",commodity_shock:silver:AG0,commodity_shock,positive,0.85,0.7
akshare_futures_main_sina,https://vip.stock.finance.sina.com.cn/quotes_service/view/qihuohangqing.html,2026-01-30 00:00:00,600362,600362,沪银主连价格上涨触发商品冲击,"沪银主连(AG0) 2026-01-30 收盘 2.794e+04; 1日涨跌 -9.55%, 5日涨跌 11.92%. 该事件按产业链映射进入相关股票的事件因子。",commodity_shock:silver:AG0,commodity_shock,positive,0.85,0.7
akshare_futures_main_sina,https://vip.stock.finance.sina.com.cn/quotes_service/view/qihuohangqing.html,2026-02-02 00:00:00,600362,600362,沪银主连价格下跌触发商品冲击,"沪银主连(AG0) 2026-02-02 收盘 2.483e+04; 1日涨跌 -11.13%, 5日涨跌 -8.73%. 该事件按产业链映射进入相关股票的事件因子。",commodity_shock:silver:AG0,commodity_shock,negative,-0.85,0.7
akshare_futures_main_sina,https://vip.stock.finance.sina.com.cn/quotes_service/view/qihuohangqing.html,2026-02-03 00:00:00,600362,600362,沪银主连价格下跌触发商品冲击,"沪银主连(AG0) 2026-02-03 收盘 2.145e+04; 1日涨跌 -13.64%, 5日涨跌 -24.22%. 该事件按产业链映射进入相关股票的事件因子。",commodity_shock:silver:AG0,commodity_shock,negative,-0.85,0.7
akshare_futures_main_sina,https://vip.stock.finance.sina.com.cn/quotes_service/view/qihuohangqing.html,2026-02-04 00:00:00,600362,600362,沪银主连价格下跌触发商品冲击,"沪银主连(AG0) 2026-02-04 收盘 2.351e+04; 1日涨跌 9.63%, 5日涨跌 -19.54%. 该事件按产业链映射进入相关股票的事件因子。",commodity_shock:silver:AG0,commodity_shock,negative,-0.85,0.7
akshare_futures_main_sina,https://vip.stock.finance.sina.com.cn/quotes_service/view/qihuohangqing.html,2026-02-05 00:00:00,600362,600362,沪银主连价格下跌触发商品冲击,"沪银主连(AG0) 2026-02-05 收盘 2.026e+04; 1日涨跌 -13.85%, 5日涨跌 -34.43%. 该事件按产业链映射进入相关股票的事件因子。",commodity_shock:silver:AG0,commodity_shock,negative,-0.85,0.7
akshare_futures_main_sina,https://vip.stock.finance.sina.com.cn/quotes_service/view/qihuohangqing.html,2026-02-06 00:00:00,600362,600362,沪银主连价格下跌触发商品冲击,"沪银主连(AG0) 2026-02-06 收盘 1.88e+04; 1日涨跌 -7.19%, 5日涨跌 -32.72%. 该事件按产业链映射进入相关股票的事件因子。",commodity_shock:silver:AG0,commodity_shock,negative,-0.85,0.7
akshare_futures_main_sina,https://vip.stock.finance.sina.com.cn/quotes_service/view/qihuohangqing.html,2026-02-09 00:00:00,600362,600362,沪银主连价格下跌触发商品冲击,"沪银主连(AG0) 2026-02-09 收盘 2.087e+04; 1日涨跌 11.03%, 5日涨跌 -15.94%. 该事件按产业链映射进入相关股票的事件因子。",commodity_shock:silver:AG0,commodity_shock,negative,-0.85,0.7
akshare_futures_main_sina,https://vip.stock.finance.sina.com.cn/quotes_service/view/qihuohangqing.html,2026-02-10 00:00:00,600362,600362,沪银主连价格下跌触发商品冲击,"沪银主连(AG0) 2026-02-10 收盘 2.028e+04; 1日涨跌 -2.82%, 5日涨跌 -5.42%. 该事件按产业链映射进入相关股票的事件因子。",commodity_shock:silver:AG0,commodity_shock,negative,-0.43346078522801434,0.7
akshare_futures_main_sina,https://vip.stock.finance.sina.com.cn/quotes_service/view/qihuohangqing.html,2026-02-11 00:00:00,600362,600362,沪银主连价格下跌触发商品冲击,"沪银主连(AG0) 2026-02-11 收盘 2.094e+04; 1日涨跌 3.25%, 5日涨跌 -10.92%. 该事件按产业链映射进入相关股票的事件因子。",commodity_shock:silver:AG0,commodity_shock,negative,-0.85,0.7
akshare_futures_main_sina,https://vip.stock.finance.sina.com.cn/quotes_service/view/qihuohangqing.html,2026-02-13 00:00:00,600362,600362,沪银主连价格上涨触发商品冲击,"沪银主连(AG0) 2026-02-13 收盘 1.978e+04; 1日涨跌 -4.09%, 5日涨跌 5.23%. 该事件按产业链映射进入相关股票的事件因子。",commodity_shock:silver:AG0,commodity_shock,positive,0.4183201234108189,0.7
akshare_futures_main_sina,https://vip.stock.finance.sina.com.cn/quotes_service/view/qihuohangqing.html,2026-02-24 00:00:00,600362,600362,沪银主连价格上涨触发商品冲击,"沪银主连(AG0) 2026-02-24 收盘 2.233e+04; 1日涨跌 12.87%, 5日涨跌 6.97%. 该事件按产业链映射进入相关股票的事件因子。",commodity_shock:silver:AG0,commodity_shock,positive,0.85,0.7
akshare_futures_main_sina,https://vip.stock.finance.sina.com.cn/quotes_service/view/qihuohangqing.html,2026-02-25 00:00:00,600362,600362,沪银主连价格上涨触发商品冲击,"沪银主连(AG0) 2026-02-25 收盘 2.303e+04; 1日涨跌 3.14%, 5日涨跌 13.53%. 该事件按产业链映射进入相关股票的事件因子。",commodity_shock:silver:AG0,commodity_shock,positive,0.85,0.7
akshare_futures_main_sina,https://vip.stock.finance.sina.com.cn/quotes_service/view/qihuohangqing.html,2026-02-26 00:00:00,600362,600362,沪银主连价格上涨触发商品冲击,"沪银主连(AG0) 2026-02-26 收盘 2.257e+04; 1日涨跌 -1.98%, 5日涨跌 7.77%. 该事件按产业链映射进入相关股票的事件因子。",commodity_shock:silver:AG0,commodity_shock,positive,0.6218487394957979,0.7
akshare_futures_main_sina,https://vip.stock.finance.sina.com.cn/quotes_service/view/qihuohangqing.html,2026-02-27 00:00:00,600362,600362,沪银主连价格上涨触发商品冲击,"沪银主连(AG0) 2026-02-27 收盘 2.302e+04; 1日涨跌 1.98%, 5日涨跌 11.60%. 该事件按产业链映射进入相关股票的事件因子。",commodity_shock:silver:AG0,commodity_shock,positive,0.85,0.7
akshare_futures_main_sina,https://vip.stock.finance.sina.com.cn/quotes_service/view/qihuohangqing.html,2026-03-02 00:00:00,600362,600362,沪银主连价格上涨触发商品冲击,"沪银主连(AG0) 2026-03-02 收盘 2.443e+04; 1日涨跌 6.13%, 5日涨跌 23.50%. 该事件按产业链映射进入相关股票的事件因子。",commodity_shock:silver:AG0,commodity_shock,positive,0.85,0.7
akshare_futures_main_sina,https://vip.stock.finance.sina.com.cn/quotes_service/view/qihuohangqing.html,2026-03-03 00:00:00,600362,600362,沪银主连价格下跌触发商品冲击,"沪银主连(AG0) 2026-03-03 收盘 2.164e+04; 1日涨跌 -11.40%, 5日涨跌 -3.05%. 该事件按产业链映射进入相关股票的事件因子。",commodity_shock:silver:AG0,commodity_shock,negative,-0.85,0.7
akshare_futures_main_sina,https://vip.stock.finance.sina.com.cn/quotes_service/view/qihuohangqing.html,2026-03-04 00:00:00,600362,600362,沪银主连价格下跌触发商品冲击,"沪银主连(AG0) 2026-03-04 收盘 2.158e+04; 1日涨跌 -0.31%, 5日涨跌 -6.30%. 该事件按产业链映射进入相关股票的事件因子。",commodity_shock:silver:AG0,commodity_shock,negative,-0.5040600981371313,0.7
akshare_futures_main_sina,https://vip.stock.finance.sina.com.cn/quotes_service/view/qihuohangqing.html,2026-03-06 00:00:00,600362,600362,沪银主连价格下跌触发商品冲击,"沪银主连(AG0) 2026-03-06 收盘 2.153e+04; 1日涨跌 0.77%, 5日涨跌 -6.46%. 该事件按产业链映射进入相关股票的事件因子。",commodity_shock:silver:AG0,commodity_shock,negative,-0.5164429384421565,0.7
akshare_futures_main_sina,https://vip.stock.finance.sina.com.cn/quotes_service/view/qihuohangqing.html,2026-03-09 00:00:00,600362,600362,沪银主连价格下跌触发商品冲击,"沪银主连(AG0) 2026-03-09 收盘 2.155e+04; 1日涨跌 0.07%, 5日涨跌 -11.80%. 该事件按产业链映射进入相关股票的事件因子。",commodity_shock:silver:AG0,commodity_shock,negative,-0.85,0.7
akshare_futures_main_sina,https://vip.stock.finance.sina.com.cn/quotes_service/view/qihuohangqing.html,2026-03-10 00:00:00,600362,600362,沪银主连价格上涨触发商品冲击,"沪银主连(AG0) 2026-03-10 收盘 2.276e+04; 1日涨跌 5.62%, 5日涨跌 5.14%. 该事件按产业链映射进入相关股票的事件因子。",commodity_shock:silver:AG0,commodity_shock,positive,0.44962175708915453,0.7
akshare_futures_main_sina,https://vip.stock.finance.sina.com.cn/quotes_service/view/qihuohangqing.html,2026-03-13 00:00:00,600362,600362,沪银主连价格下跌触发商品冲击,"沪银主连(AG0) 2026-03-13 收盘 2.092e+04; 1日涨跌 -5.16%, 5日涨跌 -2.83%. 该事件按产业链映射进入相关股票的事件因子。",commodity_shock:silver:AG0,commodity_shock,negative,-0.4130178587616715,0.7
akshare_futures_main_sina,https://vip.stock.finance.sina.com.cn/quotes_service/view/qihuohangqing.html,2026-03-16 00:00:00,600362,600362,沪银主连价格下跌触发商品冲击,"沪银主连(AG0) 2026-03-16 收盘 2.03e+04; 1日涨跌 -2.97%, 5日涨跌 -5.78%. 该事件按产业链映射进入相关股票的事件因子。",commodity_shock:silver:AG0,commodity_shock,negative,-0.4626166055599388,0.7
akshare_futures_main_sina,https://vip.stock.finance.sina.com.cn/quotes_service/view/qihuohangqing.html,2026-03-17 00:00:00,600362,600362,沪银主连价格下跌触发商品冲击,"沪银主连(AG0) 2026-03-17 收盘 2.031e+04; 1日涨跌 0.03%, 5日涨跌 -10.77%. 该事件按产业链映射进入相关股票的事件因子。",commodity_shock:silver:AG0,commodity_shock,negative,-0.85,0.7
akshare_futures_main_sina,https://vip.stock.finance.sina.com.cn/quotes_service/view/qihuohangqing.html,2026-03-18 00:00:00,600362,600362,沪银主连价格下跌触发商品冲击,"沪银主连(AG0) 2026-03-18 收盘 1.998e+04; 1日涨跌 -1.62%, 5日涨跌 -10.23%. 该事件按产业链映射进入相关股票的事件因子。",commodity_shock:silver:AG0,commodity_shock,negative,-0.8181164629762758,0.7
akshare_futures_main_sina,https://vip.stock.finance.sina.com.cn/quotes_service/view/qihuohangqing.html,2026-03-19 00:00:00,600362,600362,沪银主连价格下跌触发商品冲击,"沪银主连(AG0) 2026-03-19 收盘 1.798e+04; 1日涨跌 -9.99%, 5日涨跌 -18.48%. 该事件按产业链映射进入相关股票的事件因子。",commodity_shock:silver:AG0,commodity_shock,negative,-0.85,0.7
akshare_futures_main_sina,https://vip.stock.finance.sina.com.cn/quotes_service/view/qihuohangqing.html,2026-03-20 00:00:00,600362,600362,沪银主连价格下跌触发商品冲击,"沪银主连(AG0) 2026-03-20 收盘 1.762e+04; 1日涨跌 -2.00%, 5日涨跌 -15.76%. 该事件按产业链映射进入相关股票的事件因子。",commodity_shock:silver:AG0,commodity_shock,negative,-0.85,0.7
akshare_futures_main_sina,https://vip.stock.finance.sina.com.cn/quotes_service/view/qihuohangqing.html,2026-03-23 00:00:00,600362,600362,沪银主连价格下跌触发商品冲击,"沪银主连(AG0) 2026-03-23 收盘 1.541e+04; 1日涨跌 -12.56%, 5日涨跌 -24.09%. 该事件按产业链映射进入相关股票的事件因子。",commodity_shock:silver:AG0,commodity_shock,negative,-0.85,0.7
akshare_futures_main_sina,https://vip.stock.finance.sina.com.cn/quotes_service/view/qihuohangqing.html,2026-03-24 00:00:00,600362,600362,沪银主连价格下跌触发商品冲击,"沪银主连(AG0) 2026-03-24 收盘 1.708e+04; 1日涨跌 10.86%, 5日涨跌 -15.87%. 该事件按产业链映射进入相关股票的事件因子。",commodity_shock:silver:AG0,commodity_shock,negative,-0.85,0.7
akshare_futures_main_sina,https://vip.stock.finance.sina.com.cn/quotes_service/view/qihuohangqing.html,2026-03-25 00:00:00,600362,600362,沪银主连价格下跌触发商品冲击,"沪银主连(AG0) 2026-03-25 收盘 1.811e+04; 1日涨跌 6.01%, 5日涨跌 -9.35%. 该事件按产业链映射进入相关股票的事件因子。",commodity_shock:silver:AG0,commodity_shock,negative,-0.7483483483483484,0.7
akshare_futures_main_sina,https://vip.stock.finance.sina.com.cn/quotes_service/view/qihuohangqing.html,2026-03-26 00:00:00,600362,600362,沪银主连价格下跌触发商品冲击,"沪银主连(AG0) 2026-03-26 收盘 1.747e+04; 1日涨跌 -3.53%, 5日涨跌 -2.85%. 该事件按产业链映射进入相关股票的事件因子。",commodity_shock:silver:AG0,commodity_shock,negative,-0.28225940036441965,0.7
akshare_futures_main_sina,https://vip.stock.finance.sina.com.cn/quotes_service/view/qihuohangqing.html,2026-03-30 00:00:00,600362,600362,沪银主连价格上涨触发商品冲击,"沪银主连(AG0) 2026-03-30 收盘 1.771e+04; 1日涨跌 1.25%, 5日涨跌 14.90%. 该事件按产业链映射进入相关股票的事件因子。",commodity_shock:silver:AG0,commodity_shock,positive,0.85,0.7
akshare_futures_main_sina,https://vip.stock.finance.sina.com.cn/quotes_service/view/qihuohangqing.html,2026-03-31 00:00:00,600362,600362,沪银主连价格上涨触发商品冲击,"沪银主连(AG0) 2026-03-31 收盘 1.813e+04; 1日涨跌 2.37%, 5日涨跌 6.09%. 该事件按产业链映射进入相关股票的事件因子。",commodity_shock:silver:AG0,commodity_shock,positive,0.48744512730465317,0.7
akshare_futures_main_sina,https://vip.stock.finance.sina.com.cn/quotes_service/view/qihuohangqing.html,2026-04-01 00:00:00,600362,600362,沪银主连价格上涨触发商品冲击,"沪银主连(AG0) 2026-04-01 收盘 1.892e+04; 1日涨跌 4.37%, 5日涨跌 4.46%. 该事件按产业链映射进入相关股票的事件因子。",commodity_shock:silver:AG0,commodity_shock,positive,0.3564684445916839,0.7
akshare_futures_main_sina,https://vip.stock.finance.sina.com.cn/quotes_service/view/qihuohangqing.html,2026-04-02 00:00:00,600362,600362,沪银主连价格下跌触发商品冲击,"沪银主连(AG0) 2026-04-02 收盘 1.762e+04; 1日涨跌 -6.86%, 5日涨跌 0.85%. 该事件按产业链映射进入相关股票的事件因子。",commodity_shock:silver:AG0,commodity_shock,negative,-0.5484723543714978,0.7
akshare_futures_main_sina,https://vip.stock.finance.sina.com.cn/quotes_service/view/qihuohangqing.html,2026-04-08 00:00:00,600362,600362,沪银主连价格上涨触发商品冲击,"沪银主连(AG0) 2026-04-08 收盘 1.899e+04; 1日涨跌 6.03%, 5日涨跌 4.76%. 该事件按产业链映射进入相关股票的事件因子。",commodity_shock:silver:AG0,commodity_shock,positive,0.4824659370113924,0.7
akshare_futures_main_sina,https://vip.stock.finance.sina.com.cn/quotes_service/view/qihuohangqing.html,2026-04-09 00:00:00,600362,600362,沪银主连价格下跌触发商品冲击,"沪银主连(AG0) 2026-04-09 收盘 1.822e+04; 1日涨跌 -4.02%, 5日涨跌 -3.66%. 该事件按产业链映射进入相关股票的事件因子。",commodity_shock:silver:AG0,commodity_shock,negative,-0.3214661891721091,0.7
akshare_futures_main_sina,https://vip.stock.finance.sina.com.cn/quotes_service/view/qihuohangqing.html,2026-04-10 00:00:00,600362,600362,沪银主连价格上涨触发商品冲击,"沪银主连(AG0) 2026-04-10 收盘 1.858e+04; 1日涨跌 1.96%, 5日涨跌 5.46%. 该事件按产业链映射进入相关股票的事件因子。",commodity_shock:silver:AG0,commodity_shock,positive,0.4367516032007259,0.7
akshare_futures_main_sina,https://vip.stock.finance.sina.com.cn/quotes_service/view/qihuohangqing.html,2026-04-14 00:00:00,600362,600362,沪银主连价格上涨触发商品冲击,"沪银主连(AG0) 2026-04-14 收盘 1.921e+04; 1日涨跌 4.24%, 5日涨跌 7.27%. 该事件按产业链映射进入相关股票的事件因子。",commodity_shock:silver:AG0,commodity_shock,positive,0.5816394907303994,0.7
akshare_futures_main_sina,https://vip.stock.finance.sina.com.cn/quotes_service/view/qihuohangqing.html,2026-04-16 00:00:00,600362,600362,沪银主连价格上涨触发商品冲击,"沪银主连(AG0) 2026-04-16 收盘 1.992e+04; 1日涨跌 1.87%, 5日涨跌 9.33%. 该事件按产业链映射进入相关股票的事件因子。",commodity_shock:silver:AG0,commodity_shock,positive,0.7462277091906717,0.7
akshare_futures_main_sina,https://vip.stock.finance.sina.com.cn/quotes_service/view/qihuohangqing.html,2026-04-20 00:00:00,600362,600362,沪银主连价格上涨触发商品冲击,"沪银主连(AG0) 2026-04-20 收盘 1.985e+04; 1日涨跌 1.45%, 5日涨跌 7.73%. 该事件按产业链映射进入相关股票的事件因子。",commodity_shock:silver:AG0,commodity_shock,positive,0.6181561669108468,0.7
akshare_futures_main_sina,https://vip.stock.finance.sina.com.cn/quotes_service/view/qihuohangqing.html,2026-04-23 00:00:00,600362,600362,沪银主连价格下跌触发商品冲击,"沪银主连(AG0) 2026-04-23 收盘 1.897e+04; 1日涨跌 -3.16%, 5日涨跌 -4.81%. 该事件按产业链映射进入相关股票的事件因子。",commodity_shock:silver:AG0,commodity_shock,negative,-0.38464240903387736,0.7
akshare_futures_main_sina,https://vip.stock.finance.sina.com.cn/quotes_service/view/qihuohangqing.html,2026-04-24 00:00:00,600362,600362,沪银主连价格下跌触发商品冲击,"沪银主连(AG0) 2026-04-24 收盘 1.844e+04; 1日涨跌 -2.77%, 5日涨跌 -5.76%. 该事件按产业链映射进入相关股票的事件因子。",commodity_shock:silver:AG0,commodity_shock,negative,-0.46111394992335164,0.7
akshare_futures_main_sina,https://vip.stock.finance.sina.com.cn/quotes_service/view/qihuohangqing.html,2026-04-28 00:00:00,600362,600362,沪银主连价格下跌触发商品冲击,"沪银主连(AG0) 2026-04-28 收盘 1.807e+04; 1日涨跌 -4.00%, 5日涨跌 -8.06%. 该事件按产业链映射进入相关股票的事件因子。",commodity_shock:silver:AG0,commodity_shock,negative,-0.6451941179463692,0.7
akshare_futures_main_sina,https://vip.stock.finance.sina.com.cn/quotes_service/view/qihuohangqing.html,2026-04-29 00:00:00,600362,600362,沪银主连价格下跌触发商品冲击,"沪银主连(AG0) 2026-04-29 收盘 1.81e+04; 1日涨跌 0.17%, 5日涨跌 -7.59%. 该事件按产业链映射进入相关股票的事件因子。",commodity_shock:silver:AG0,commodity_shock,negative,-0.6073726130909831,0.7
akshare_futures_main_sina,https://vip.stock.finance.sina.com.cn/quotes_service/view/qihuohangqing.html,2026-05-06 00:00:00,600362,600362,沪银主连价格上涨触发商品冲击,"沪银主连(AG0) 2026-05-06 收盘 1.885e+04; 1日涨跌 3.95%, 5日涨跌 2.22%. 该事件按产业链映射进入相关股票的事件因子。",commodity_shock:silver:AG0,commodity_shock,positive,0.31585332230493535,0.7
akshare_futures_main_sina,https://vip.stock.finance.sina.com.cn/quotes_service/view/qihuohangqing.html,2026-05-07 00:00:00,600362,600362,沪银主连价格上涨触发商品冲击,"沪银主连(AG0) 2026-05-07 收盘 1.949e+04; 1日涨跌 3.41%, 5日涨跌 3.58%. 该事件按产业链映射进入相关股票的事件因子。",commodity_shock:silver:AG0,commodity_shock,positive,0.28607863974495196,0.7
akshare_futures_main_sina,https://vip.stock.finance.sina.com.cn/quotes_service/view/qihuohangqing.html,2026-05-08 00:00:00,600362,600362,沪银主连价格上涨触发商品冲击,"沪银主连(AG0) 2026-05-08 收盘 1.984e+04; 1日涨跌 1.78%, 5日涨跌 9.81%. 该事件按产业链映射进入相关股票的事件因子。",commodity_shock:silver:AG0,commodity_shock,positive,0.7845915430595536,0.7
akshare_futures_main_sina,https://vip.stock.finance.sina.com.cn/quotes_service/view/qihuohangqing.html,2026-05-11 00:00:00,600362,600362,沪银主连价格上涨触发商品冲击,"沪银主连(AG0) 2026-05-11 收盘 1.993e+04; 1日涨跌 0.45%, 5日涨跌 10.11%. 该事件按产业链映射进入相关股票的事件因子。",commodity_shock:silver:AG0,commodity_shock,positive,0.8088844687551795,0.7
akshare_futures_main_sina,https://vip.stock.finance.sina.com.cn/quotes_service/view/qihuohangqing.html,2026-05-12 00:00:00,600362,600362,沪银主连价格上涨触发商品冲击,"沪银主连(AG0) 2026-05-12 收盘 2.078e+04; 1日涨跌 4.27%, 5日涨跌 14.58%. 该事件按产业链映射进入相关股票的事件因子。",commodity_shock:silver:AG0,commodity_shock,positive,0.85,0.7
akshare_futures_main_sina,https://vip.stock.finance.sina.com.cn/quotes_service/view/qihuohangqing.html,2026-05-13 00:00:00,600362,600362,沪银主连价格上涨触发商品冲击,"沪银主连(AG0) 2026-05-13 收盘 2.135e+04; 1日涨跌 2.74%, 5日涨跌 13.25%. 该事件按产业链映射进入相关股票的事件因子。",commodity_shock:silver:AG0,commodity_shock,positive,0.85,0.7
akshare_futures_main_sina,https://vip.stock.finance.sina.com.cn/quotes_service/view/qihuohangqing.html,2026-05-14 00:00:00,600362,600362,沪银主连价格上涨触发商品冲击,"沪银主连(AG0) 2026-05-14 收盘 2.144e+04; 1日涨跌 0.45%, 5日涨跌 10.01%. 该事件按产业链映射进入相关股票的事件因子。",commodity_shock:silver:AG0,commodity_shock,positive,0.8006976863489452,0.7
akshare_futures_main_sina,https://vip.stock.finance.sina.com.cn/quotes_service/view/qihuohangqing.html,2026-05-15 00:00:00,600362,600362,沪银主连价格下跌触发商品冲击,"沪银主连(AG0) 2026-05-15 收盘 1.923e+04; 1日涨跌 -10.31%, 5日涨跌 -3.05%. 该事件按产业链映射进入相关股票的事件因子。",commodity_shock:silver:AG0,commodity_shock,negative,-0.8244730460734937,0.7
akshare_futures_main_sina,https://vip.stock.finance.sina.com.cn/quotes_service/view/qihuohangqing.html,2026-05-18 00:00:00,600362,600362,沪银主连价格下跌触发商品冲击,"沪银主连(AG0) 2026-05-18 收盘 1.861e+04; 1日涨跌 -3.26%, 5日涨跌 -6.63%. 该事件按产业链映射进入相关股票的事件因子。",commodity_shock:silver:AG0,commodity_shock,negative,-0.5306839279442022,0.7
akshare_futures_main_sina,https://vip.stock.finance.sina.com.cn/quotes_service/view/qihuohangqing.html,2026-05-19 00:00:00,600362,600362,沪银主连价格下跌触发商品冲击,"沪银主连(AG0) 2026-05-19 收盘 1.871e+04; 1日涨跌 0.54%, 5日涨跌 -9.97%. 该事件按产业链映射进入相关股票的事件因子。",commodity_shock:silver:AG0,commodity_shock,negative,-0.7973434717743872,0.7
akshare_futures_main_sina,https://vip.stock.finance.sina.com.cn/quotes_service/view/qihuohangqing.html,2026-05-20 00:00:00,600362,600362,沪银主连价格下跌触发商品冲击,"沪银主连(AG0) 2026-05-20 收盘 1.848e+04; 1日涨跌 -1.20%, 5日涨跌 -13.42%. 该事件按产业链映射进入相关股票的事件因子。",commodity_shock:silver:AG0,commodity_shock,negative,-0.85,0.7
akshare_futures_main_sina,https://vip.stock.finance.sina.com.cn/quotes_service/view/qihuohangqing.html,2026-05-21 00:00:00,600362,600362,沪银主连价格下跌触发商品冲击,"沪银主连(AG0) 2026-05-21 收盘 1.831e+04; 1日涨跌 -0.92%, 5日涨跌 -14.60%. 该事件按产业链映射进入相关股票的事件因子。",commodity_shock:silver:AG0,commodity_shock,negative,-0.85,0.7
akshare_futures_main_sina,https://vip.stock.finance.sina.com.cn/quotes_service/view/qihuohangqing.html,2026-05-29 00:00:00,600362,600362,沪银主连价格上涨触发商品冲击,"沪银主连(AG0) 2026-05-29 收盘 1.836e+04; 1日涨跌 3.19%, 5日涨跌 -1.73%. 该事件按产业链映射进入相关股票的事件因子。",commodity_shock:silver:AG0,commodity_shock,positive,0.2554243957279372,0.7
akshare_futures_main_sina,https://vip.stock.finance.sina.com.cn/quotes_service/view/qihuohangqing.html,2026-06-08 00:00:00,600362,600362,沪银主连价格下跌触发商品冲击,"沪银主连(AG0) 2026-06-08 收盘 1.62e+04; 1日涨跌 -7.55%, 5日涨跌 -10.75%. 该事件按产业链映射进入相关股票的事件因子。",commodity_shock:silver:AG0,commodity_shock,negative,-0.85,0.7
akshare_futures_main_sina,https://vip.stock.finance.sina.com.cn/quotes_service/view/qihuohangqing.html,2026-06-09 00:00:00,600362,600362,沪银主连价格下跌触发商品冲击,"沪银主连(AG0) 2026-06-09 收盘 1.646e+04; 1日涨跌 1.57%, 5日涨跌 -11.14%. 该事件按产业链映射进入相关股票的事件因子。",commodity_shock:silver:AG0,commodity_shock,negative,-0.85,0.7
akshare_futures_main_sina,https://vip.stock.finance.sina.com.cn/quotes_service/view/qihuohangqing.html,2026-06-10 00:00:00,600362,600362,沪银主连价格下跌触发商品冲击,"沪银主连(AG0) 2026-06-10 收盘 1.562e+04; 1日涨跌 -5.08%, 5日涨跌 -13.25%. 该事件按产业链映射进入相关股票的事件因子。",commodity_shock:silver:AG0,commodity_shock,negative,-0.85,0.7
