date,symbol,event_count_3d,event_count_20d,positive_event_count,negative_event_count,event_risk_count,event_impact_score,event_confidence_mean,latest_event_type,latest_event_title
2025-10-31,000977,20,20,0,0,0,-0.015,0.37799999999999995,general_news,理财产品业务管理制度（2025年10月修订）
2025-11-03,000977,22,22,1,0,0,0.024850030742095783,0.4009090909090908,buyback_dividend,关于回购公司股份的进展公告
2025-11-04,000977,22,22,1,0,0,0.024850030742095776,0.4009090909090908,buyback_dividend,关于回购公司股份的进展公告
2025-11-05,000977,22,22,1,0,0,0.024850030742095776,0.4009090909090908,buyback_dividend,关于回购公司股份的进展公告
2025-11-06,000977,2,22,1,0,0,0.024850030742095776,0.4009090909090908,buyback_dividend,关于回购公司股份的进展公告
2025-11-07,000977,1,22,1,0,0,0.024850030742095776,0.4009090909090908,buyback_dividend,关于回购公司股份的进展公告
2025-11-10,000977,0,22,1,0,0,0.02485003074209577,0.4009090909090908,buyback_dividend,关于回购公司股份的进展公告
2025-11-11,000977,0,22,1,0,0,0.024850030742095793,0.4009090909090908,buyback_dividend,关于回购公司股份的进展公告
2025-11-12,000977,0,22,1,0,0,0.024850030742095776,0.4009090909090908,buyback_dividend,关于回购公司股份的进展公告
2025-11-13,000977,0,22,1,0,0,0.024850030742095783,0.4009090909090908,buyback_dividend,关于回购公司股份的进展公告
2025-11-14,000977,0,22,1,0,0,0.024850030742095772,0.4009090909090908,buyback_dividend,关于回购公司股份的进展公告
2025-11-17,000977,1,23,1,0,0,0.01806376260768726,0.39869565217391295,general_news,关于公司2025年度第五期科技创新债券发行情况公告
2025-11-18,000977,1,23,1,0,0,0.018063762607687262,0.39869565217391295,general_news,关于公司2025年度第五期科技创新债券发行情况公告
2025-11-19,000977,1,23,1,0,0,0.01806376260768727,0.39869565217391295,general_news,关于公司2025年度第五期科技创新债券发行情况公告
2025-11-20,000977,1,23,1,0,0,0.018063762607687262,0.39869565217391295,general_news,关于公司2025年度第五期科技创新债券发行情况公告
2025-11-21,000977,1,24,1,0,0,0.06972297405187651,0.40833333333333327,fund_flow,关于公司2025年度第七期超短期融资券发行情况公告
2025-11-24,000977,1,24,1,0,0,0.0697229740518765,0.40833333333333327,fund_flow,关于公司2025年度第七期超短期融资券发行情况公告
2025-11-25,000977,1,24,1,0,0,0.06972297405187652,0.40833333333333327,fund_flow,关于公司2025年度第七期超短期融资券发行情况公告
2025-11-26,000977,2,25,2,0,0,0.23871423801749492,0.4171999999999999,buyback_dividend,关于股份回购实施完成暨股份变动的公告
2025-11-27,000977,1,25,2,0,0,0.23871423801749495,0.4171999999999999,buyback_dividend,关于股份回购实施完成暨股份变动的公告
2025-11-28,000977,1,25,2,0,0,0.23871423801749492,0.4171999999999999,buyback_dividend,关于股份回购实施完成暨股份变动的公告
2025-12-01,000977,1,5,2,0,0,0.3088715974196501,0.574,buyback_dividend,关于股份回购实施完成暨股份变动的公告
2025-12-02,000977,0,4,2,0,0,0.3114465500076926,0.5599999999999999,buyback_dividend,关于股份回购实施完成暨股份变动的公告
2025-12-03,000977,0,4,2,0,0,0.3114465500076926,0.5599999999999999,buyback_dividend,关于股份回购实施完成暨股份变动的公告
2025-12-04,000977,1,4,1,0,0,0.10830348636978858,0.49,general_news,关于选举职工代表董事的公告
2025-12-05,000977,1,4,1,0,0,0.10830348636978855,0.49,general_news,关于选举职工代表董事的公告
2025-12-08,000977,2,5,2,0,0,0.2666257185002106,0.518,buyback_dividend,关于回购股份注销完成暨股份变动的公告
2025-12-09,000977,9,12,2,0,0,0.02675062515948217,0.4433333333333333,general_news,关于办理应收账款转让及无追索权保理业务的公告
2025-12-10,000977,8,12,2,0,0,0.02675062515948218,0.4433333333333333,general_news,关于办理应收账款转让及无追索权保理业务的公告
2025-12-11,000977,8,12,2,0,0,0.02675062515948218,0.4433333333333333,general_news,关于办理应收账款转让及无追索权保理业务的公告
2025-12-12,000977,7,12,2,0,0,0.026750625159482185,0.4433333333333333,general_news,关于办理应收账款转让及无追索权保理业务的公告
2025-12-15,000977,0,12,2,0,0,0.026750625159482167,0.4433333333333333,general_news,关于办理应收账款转让及无追索权保理业务的公告
2025-12-16,000977,0,11,2,0,0,0.02685423856778583,0.4518181818181818,general_news,关于办理应收账款转让及无追索权保理业务的公告
2025-12-17,000977,0,11,2,0,0,0.02685423856778583,0.4518181818181818,general_news,关于办理应收账款转让及无追索权保理业务的公告
2025-12-18,000977,0,11,2,0,0,0.026854238567785852,0.4518181818181818,general_news,关于办理应收账款转让及无追索权保理业务的公告
2025-12-19,000977,0,11,2,0,0,0.02685423856778583,0.4518181818181818,general_news,关于办理应收账款转让及无追索权保理业务的公告
2025-12-22,000977,0,10,2,0,0,0.025719917575059925,0.434,general_news,关于办理应收账款转让及无追索权保理业务的公告
2025-12-23,000977,0,10,2,0,0,0.025719917575059918,0.434,general_news,关于办理应收账款转让及无追索权保理业务的公告
2025-12-24,000977,0,10,2,0,0,0.025719917575059904,0.434,general_news,关于办理应收账款转让及无追索权保理业务的公告
2025-12-25,000977,0,10,2,0,0,0.025719917575059908,0.434,general_news,关于办理应收账款转让及无追索权保理业务的公告
2025-12-26,000977,3,13,2,0,0,-0.07535479889617447,0.4576923076923076,shareholder_change,2025年第四次临时股东会决议公告
2025-12-29,000977,3,12,1,0,0,-0.07729976798875442,0.4433333333333333,shareholder_change,2025年第四次临时股东会决议公告
2025-12-30,000977,3,12,1,0,0,-0.07729976798875444,0.4433333333333333,shareholder_change,2025年第四次临时股东会决议公告
2025-12-31,000977,3,12,1,0,0,-0.07729976798875444,0.4433333333333333,shareholder_change,2025年第四次临时股东会决议公告
2026-01-01,000977,0,12,1,0,0,-0.07729976798875442,0.4433333333333333,shareholder_change,2025年第四次临时股东会决议公告
2026-01-02,000977,0,12,1,0,0,-0.07729976798875442,0.4433333333333333,shareholder_change,2025年第四次临时股东会决议公告
2026-01-05,000977,0,11,1,0,0,-0.07820768463769662,0.4518181818181818,shareholder_change,2025年第四次临时股东会决议公告
2026-01-06,000977,0,10,0,0,0,-0.08659452083868951,0.434,shareholder_change,2025年第四次临时股东会决议公告
2026-01-07,000977,0,10,0,0,0,-0.08659452083868954,0.434,shareholder_change,2025年第四次临时股东会决议公告
2026-01-08,000977,0,10,0,0,0,-0.0865945208386895,0.434,shareholder_change,2025年第四次临时股东会决议公告
2026-01-09,000977,0,3,0,0,0,-0.09999999999999999,0.5366666666666666,shareholder_change,2025年第四次临时股东会决议公告
2026-01-12,000977,0,3,0,0,0,-0.09999999999999999,0.5366666666666666,shareholder_change,2025年第四次临时股东会决议公告
2026-01-13,000977,0,3,0,0,0,-0.1,0.5366666666666666,shareholder_change,2025年第四次临时股东会决议公告
2026-01-14,000977,0,3,0,0,0,-0.1,0.5366666666666666,shareholder_change,2025年第四次临时股东会决议公告
2026-01-15,000977,0,3,0,0,0,-0.09999999999999999,0.5366666666666666,shareholder_change,2025年第四次临时股东会决议公告
2026-01-16,000977,0,3,0,0,0,-0.1,0.5366666666666666,shareholder_change,2025年第四次临时股东会决议公告
2026-01-19,000977,0,3,0,0,0,-0.09999999999999999,0.5366666666666666,shareholder_change,2025年第四次临时股东会决议公告
2026-01-20,000977,0,3,0,0,0,-0.09999999999999999,0.5366666666666666,shareholder_change,2025年第四次临时股东会决议公告
2026-01-21,000977,0,3,0,0,0,-0.09999999999999999,0.5366666666666666,shareholder_change,2025年第四次临时股东会决议公告
2026-01-22,000977,0,3,0,0,0,-0.1,0.5366666666666666,shareholder_change,2025年第四次临时股东会决议公告
2026-01-23,000977,0,3,0,0,0,-0.09999999999999999,0.5366666666666666,shareholder_change,2025年第四次临时股东会决议公告
2026-01-27,000977,1,1,0,0,0,-0.15,0.63,shareholder_change,关于公司部分董事、高级管理人员减持股份的预披露公告
2026-01-28,000977,1,1,0,0,0,-0.15,0.63,shareholder_change,关于公司部分董事、高级管理人员减持股份的预披露公告
2026-01-29,000977,1,1,0,0,0,-0.15,0.63,shareholder_change,关于公司部分董事、高级管理人员减持股份的预披露公告
2026-01-30,000977,1,1,0,0,0,-0.15,0.63,shareholder_change,关于公司部分董事、高级管理人员减持股份的预披露公告
2026-02-02,000977,0,1,0,0,0,-0.14999999999999997,0.63,shareholder_change,关于公司部分董事、高级管理人员减持股份的预披露公告
2026-02-03,000977,0,1,0,0,0,-0.15,0.63,shareholder_change,关于公司部分董事、高级管理人员减持股份的预披露公告
2026-02-04,000977,0,1,0,0,0,-0.15,0.63,shareholder_change,关于公司部分董事、高级管理人员减持股份的预披露公告
2026-02-05,000977,0,1,0,0,0,-0.15,0.63,shareholder_change,关于公司部分董事、高级管理人员减持股份的预披露公告
2026-02-06,000977,0,1,0,0,0,-0.15,0.63,shareholder_change,关于公司部分董事、高级管理人员减持股份的预披露公告
2026-02-09,000977,0,1,0,0,0,-0.15,0.63,shareholder_change,关于公司部分董事、高级管理人员减持股份的预披露公告
2026-02-10,000977,0,1,0,0,0,-0.15,0.63,shareholder_change,关于公司部分董事、高级管理人员减持股份的预披露公告
2026-02-11,000977,0,1,0,0,0,-0.15,0.63,shareholder_change,关于公司部分董事、高级管理人员减持股份的预披露公告
2026-02-12,000977,0,1,0,0,0,-0.15,0.63,shareholder_change,关于公司部分董事、高级管理人员减持股份的预披露公告
2026-02-13,000977,0,1,0,0,0,-0.15,0.63,shareholder_change,关于公司部分董事、高级管理人员减持股份的预披露公告
2026-02-16,000977,0,1,0,0,0,-0.15,0.63,shareholder_change,关于公司部分董事、高级管理人员减持股份的预披露公告
2026-02-17,000977,0,1,0,0,0,-0.15,0.63,shareholder_change,关于公司部分董事、高级管理人员减持股份的预披露公告
2026-02-18,000977,0,1,0,0,0,-0.15,0.63,shareholder_change,关于公司部分董事、高级管理人员减持股份的预披露公告
2026-02-19,000977,0,1,0,0,0,-0.15,0.63,shareholder_change,关于公司部分董事、高级管理人员减持股份的预披露公告
2026-02-20,000977,0,1,0,0,0,-0.15,0.63,shareholder_change,关于公司部分董事、高级管理人员减持股份的预披露公告
2026-02-23,000977,0,1,0,0,0,-0.15,0.63,shareholder_change,关于公司部分董事、高级管理人员减持股份的预披露公告
2026-02-24,000977,0,1,0,0,0,-0.15,0.63,shareholder_change,关于公司部分董事、高级管理人员减持股份的预披露公告
2026-02-25,000977,0,1,0,0,0,-0.15,0.63,shareholder_change,关于公司部分董事、高级管理人员减持股份的预披露公告
2026-02-26,000977,0,1,0,0,0,-0.15,0.63,shareholder_change,关于公司部分董事、高级管理人员减持股份的预披露公告
2026-03-09,000977,1,1,0,0,0,0.0,0.35,general_news,关于完成注册资本工商变更登记及章程备案的公告
2026-03-10,000977,1,1,0,0,0,0.0,0.35,general_news,关于完成注册资本工商变更登记及章程备案的公告
2026-03-11,000977,1,1,0,0,0,0.0,0.35,general_news,关于完成注册资本工商变更登记及章程备案的公告
2026-03-12,000977,1,1,0,0,0,0.0,0.35,general_news,关于完成注册资本工商变更登记及章程备案的公告
2026-03-13,000977,0,1,0,0,0,0.0,0.35,general_news,关于完成注册资本工商变更登记及章程备案的公告
2026-03-16,000977,0,1,0,0,0,0.0,0.35,general_news,关于完成注册资本工商变更登记及章程备案的公告
2026-03-17,000977,0,1,0,0,0,0.0,0.35,general_news,关于完成注册资本工商变更登记及章程备案的公告
2026-03-18,000977,0,1,0,0,0,0.0,0.35,general_news,关于完成注册资本工商变更登记及章程备案的公告
2026-03-19,000977,0,1,0,0,0,0.0,0.35,general_news,关于完成注册资本工商变更登记及章程备案的公告
2026-03-20,000977,0,1,0,0,0,0.0,0.35,general_news,关于完成注册资本工商变更登记及章程备案的公告
2026-03-23,000977,0,1,0,0,0,0.0,0.35,general_news,关于完成注册资本工商变更登记及章程备案的公告
2026-03-24,000977,0,1,0,0,0,0.0,0.35,general_news,关于完成注册资本工商变更登记及章程备案的公告
2026-03-25,000977,0,1,0,0,0,0.0,0.35,general_news,关于完成注册资本工商变更登记及章程备案的公告
2026-03-26,000977,0,1,0,0,0,0.0,0.35,general_news,关于完成注册资本工商变更登记及章程备案的公告
2026-03-27,000977,0,1,0,0,0,0.0,0.35,general_news,关于完成注册资本工商变更登记及章程备案的公告
2026-03-30,000977,0,1,0,0,0,0.0,0.35,general_news,关于完成注册资本工商变更登记及章程备案的公告
2026-03-31,000977,0,1,0,0,0,0.0,0.35,general_news,关于完成注册资本工商变更登记及章程备案的公告
2026-04-01,000977,0,1,0,0,0,0.0,0.35,general_news,关于完成注册资本工商变更登记及章程备案的公告
2026-04-02,000977,0,1,0,0,0,0.0,0.35,general_news,关于完成注册资本工商变更登记及章程备案的公告
2026-04-03,000977,0,1,0,0,0,0.0,0.35,general_news,关于完成注册资本工商变更登记及章程备案的公告
2026-04-06,000977,0,1,0,0,0,0.0,0.35,general_news,关于完成注册资本工商变更登记及章程备案的公告
2026-04-13,000977,31,31,1,0,0,0.012903225806451615,0.37709677419354826,general_news,2025年年度报告摘要
2026-04-14,000977,31,31,1,0,0,0.01290322580645161,0.37709677419354826,general_news,2025年年度报告摘要
2026-04-15,000977,31,31,1,0,0,0.012903225806451615,0.37709677419354826,general_news,2025年年度报告摘要
2026-04-16,000977,31,31,1,0,0,0.012903225806451608,0.37709677419354826,general_news,2025年年度报告摘要
2026-04-17,000977,0,31,1,0,0,0.012903225806451611,0.37709677419354826,general_news,2025年年度报告摘要
2026-04-20,000977,0,31,1,0,0,0.012903225806451615,0.37709677419354826,general_news,2025年年度报告摘要
2026-04-21,000977,0,31,1,0,0,0.012903225806451608,0.37709677419354826,general_news,2025年年度报告摘要
2026-04-22,000977,0,31,1,0,0,0.012903225806451616,0.37709677419354826,general_news,2025年年度报告摘要
2026-04-23,000977,0,31,1,0,0,0.012903225806451618,0.37709677419354826,general_news,2025年年度报告摘要
2026-04-24,000977,0,31,1,0,0,0.012903225806451616,0.37709677419354826,general_news,2025年年度报告摘要
2026-04-27,000977,1,32,1,0,0,0.010419636236149665,0.37625,general_news,关于公司2026年度第一期科技创新债券发行情况公告
2026-04-28,000977,1,32,1,0,0,0.010419636236149664,0.37625,general_news,关于公司2026年度第一期科技创新债券发行情况公告
2026-04-29,000977,1,32,1,0,0,0.01041963623614966,0.37625,general_news,关于公司2026年度第一期科技创新债券发行情况公告
2026-04-30,000977,3,34,1,0,0,0.02784301849621426,0.3747058823529411,general_news,浪潮信息000977.SZ)：2026年一季报净利润为6.05亿元、同比较去年同期上涨30.74%
2026-05-01,000977,2,34,1,0,0,0.02784301849621426,0.3747058823529411,general_news,浪潮信息000977.SZ)：2026年一季报净利润为6.05亿元、同比较去年同期上涨30.74%
2026-05-04,000977,2,34,1,0,0,0.027843018496214265,0.3747058823529411,general_news,浪潮信息000977.SZ)：2026年一季报净利润为6.05亿元、同比较去年同期上涨30.74%
2026-05-05,000977,2,34,1,0,0,0.027843018496214268,0.3747058823529411,general_news,浪潮信息000977.SZ)：2026年一季报净利润为6.05亿元、同比较去年同期上涨30.74%
2026-05-06,000977,0,34,1,0,0,0.027843018496214268,0.3747058823529411,general_news,浪潮信息000977.SZ)：2026年一季报净利润为6.05亿元、同比较去年同期上涨30.74%
2026-05-07,000977,0,34,1,0,0,0.02784301849621426,0.3747058823529411,general_news,浪潮信息000977.SZ)：2026年一季报净利润为6.05亿元、同比较去年同期上涨30.74%
2026-05-08,000977,0,34,1,0,0,0.02784301849621426,0.3747058823529411,general_news,浪潮信息000977.SZ)：2026年一季报净利润为6.05亿元、同比较去年同期上涨30.74%
2026-05-11,000977,8,42,1,0,0,-0.06104438650762572,0.3966666666666668,shareholder_change,浪潮信息000977.SZ)：董事彭震、高管刘军完成减持计划，合计减持3万股
2026-05-12,000977,8,11,0,0,0,-0.0658769330333561,0.45181818181818173,shareholder_change,浪潮信息000977.SZ)：董事彭震、高管刘军完成减持计划，合计减持3万股
2026-05-13,000977,9,12,1,0,0,0.02146498264259538,0.4733333333333332,buyback_dividend,2025年年度分红派息实施公告
2026-05-14,000977,9,12,1,0,0,0.02146498264259538,0.4733333333333332,buyback_dividend,2025年年度分红派息实施公告
2026-05-15,000977,1,12,1,0,0,0.02146498264259539,0.4733333333333332,buyback_dividend,2025年年度分红派息实施公告
2026-05-18,000977,1,12,1,0,0,0.021464982642595394,0.4733333333333332,buyback_dividend,2025年年度分红派息实施公告
2026-05-19,000977,0,12,1,0,0,0.021464982642595398,0.4733333333333332,buyback_dividend,2025年年度分红派息实施公告
2026-05-20,000977,0,12,1,0,0,0.02146498264259538,0.4733333333333332,buyback_dividend,2025年年度分红派息实施公告
2026-05-21,000977,0,12,1,0,0,0.021464982642595377,0.4733333333333332,buyback_dividend,2025年年度分红派息实施公告
2026-05-22,000977,0,12,1,0,0,0.02146498264259537,0.4733333333333332,buyback_dividend,2025年年度分红派息实施公告
2026-05-25,000977,0,12,1,0,0,0.021464982642595387,0.4733333333333332,buyback_dividend,2025年年度分红派息实施公告
2026-05-26,000977,0,11,1,0,0,0.02174637102189333,0.48454545454545445,buyback_dividend,2025年年度分红派息实施公告
2026-05-27,000977,1,12,1,0,0,0.06548786650446631,0.4733333333333332,general_news,涨超2.7%，碳中和ETF华夏(159790近3月涨幅为4.13%
2026-05-28,000977,1,12,1,0,0,0.06548786650446632,0.4733333333333332,general_news,涨超2.7%，碳中和ETF华夏(159790近3月涨幅为4.13%
2026-05-29,000977,1,12,1,0,0,0.06548786650446632,0.4733333333333332,general_news,涨超2.7%，碳中和ETF华夏(159790近3月涨幅为4.13%
2026-06-01,000977,4,13,2,0,0,0.1443072006515361,0.5284615384615384,fund_flow,计算机行业今日涨1.99%，主力资金净流入56.79亿元
2026-06-02,000977,3,13,2,0,0,0.14430720065153618,0.5284615384615384,fund_flow,计算机行业今日涨1.99%，主力资金净流入56.79亿元
2026-06-03,000977,4,14,2,0,0,0.14576800762507997,0.5357142857142857,fund_flow,计算机行业今日净流出资金38.50亿元，浪潮信息等15股净流出资金超亿元
2026-06-04,000977,4,14,2,0,0,0.1457680076250799,0.5357142857142857,fund_flow,计算机行业今日净流出资金38.50亿元，浪潮信息等15股净流出资金超亿元
2026-06-05,000977,4,14,2,0,0,0.14576800762508,0.5357142857142857,fund_flow,计算机行业今日净流出资金38.50亿元，浪潮信息等15股净流出资金超亿元
2026-06-08,000977,1,14,2,0,0,0.14576800762507994,0.5357142857142857,fund_flow,计算机行业今日净流出资金38.50亿元，浪潮信息等15股净流出资金超亿元
2026-06-09,000977,1,7,2,0,0,0.1556591055579835,0.6014285714285714,fund_flow,解密主力资金出逃股 连续5日净流出652股
2026-06-10,000977,2,8,2,0,0,0.15390039995582575,0.605,fund_flow,英伟达概念下跌3.37%，主力资金净流出65股
2025-12-09,002371,4,4,0,0,0,-0.0375,0.41999999999999993,shareholder_change,股东会议事规则（2025年12月）
2025-12-10,002371,4,4,0,0,0,-0.0375,0.41999999999999993,shareholder_change,股东会议事规则（2025年12月）
2025-12-11,002371,4,4,0,0,0,-0.0375,0.41999999999999993,shareholder_change,股东会议事规则（2025年12月）
2025-12-12,002371,4,4,0,0,0,-0.0375,0.41999999999999993,shareholder_change,股东会议事规则（2025年12月）
2025-12-15,002371,0,4,0,0,0,-0.03749999999999999,0.41999999999999993,shareholder_change,股东会议事规则（2025年12月）
2025-12-16,002371,1,5,0,0,0,-0.022327137180311638,0.40599999999999997,general_news,关于实际控制人协议转让股份的提示性公告
2025-12-17,002371,1,5,0,0,0,-0.02232713718031164,0.40599999999999997,general_news,关于实际控制人协议转让股份的提示性公告
2025-12-18,002371,1,5,0,0,0,-0.022327137180311638,0.40599999999999997,general_news,关于实际控制人协议转让股份的提示性公告
2025-12-19,002371,1,5,0,0,0,-0.022327137180311634,0.40599999999999997,general_news,关于实际控制人协议转让股份的提示性公告
2025-12-22,002371,1,6,0,0,0,-0.013007507898466742,0.39666666666666667,general_news,关于实际控制人协议转让股份的进展公告
2025-12-23,002371,1,6,0,0,0,-0.013007507898466745,0.39666666666666667,general_news,关于实际控制人协议转让股份的进展公告
2025-12-24,002371,1,6,0,0,0,-0.013007507898466747,0.39666666666666667,general_news,关于实际控制人协议转让股份的进展公告
2025-12-25,002371,1,6,0,0,0,-0.013007507898466749,0.39666666666666667,general_news,关于实际控制人协议转让股份的进展公告
2025-12-26,002371,0,6,0,0,0,-0.013007507898466747,0.39666666666666667,general_news,关于实际控制人协议转让股份的进展公告
2025-12-29,002371,0,6,0,0,0,-0.013007507898466749,0.39666666666666667,general_news,关于实际控制人协议转让股份的进展公告
2025-12-30,002371,0,6,0,0,0,-0.013007507898466747,0.39666666666666667,general_news,关于实际控制人协议转让股份的进展公告
2025-12-31,002371,0,6,0,0,0,-0.013007507898466745,0.39666666666666667,general_news,关于实际控制人协议转让股份的进展公告
2026-01-01,002371,0,6,0,0,0,-0.01300750789846675,0.39666666666666667,general_news,关于实际控制人协议转让股份的进展公告
2026-01-02,002371,0,6,0,0,0,-0.013007507898466745,0.39666666666666667,general_news,关于实际控制人协议转让股份的进展公告
2026-01-05,002371,10,16,0,0,0,-0.0003093860947783572,0.3675,general_news,北方华创2025年员工持股计划（草案）
2026-01-06,002371,10,16,0,0,0,-0.0003093860947783572,0.3675,general_news,北方华创2025年员工持股计划（草案）
2026-01-07,002371,11,17,0,0,0,-0.00027381575880072376,0.3664705882352941,general_news,关于实际控制人协议转让股份的进展公告
2026-01-08,002371,11,17,0,0,0,-0.00027381575880072387,0.3664705882352941,general_news,关于实际控制人协议转让股份的进展公告
2026-01-09,002371,12,14,0,0,0,0.0,0.35,general_news,2025年员工持股计划第一次持有人会议决议的公告
2026-01-12,002371,3,15,0,0,0,0.0,0.3499999999999999,general_news,关于2025年股票期权激励计划授予登记完成公告
2026-01-13,002371,2,15,0,0,0,0.0,0.3499999999999999,general_news,关于2025年股票期权激励计划授予登记完成公告
2026-01-14,002371,2,15,0,0,0,0.0,0.3499999999999999,general_news,关于2025年股票期权激励计划授予登记完成公告
2026-01-15,002371,2,16,0,0,0,0.0,0.35,general_news,关于2025年员工持股计划开户完成的公告
2026-01-16,002371,1,15,0,0,0,0.0,0.3499999999999999,general_news,关于2025年员工持股计划开户完成的公告
2026-01-19,002371,1,15,0,0,0,0.0,0.3499999999999999,general_news,关于2025年员工持股计划开户完成的公告
2026-01-20,002371,1,14,0,0,0,0.0,0.35,general_news,关于2025年员工持股计划开户完成的公告
2026-01-21,002371,0,14,0,0,0,0.0,0.35,general_news,关于2025年员工持股计划开户完成的公告
2026-01-22,002371,0,14,0,0,0,0.0,0.35,general_news,关于2025年员工持股计划开户完成的公告
2026-01-23,002371,0,14,0,0,0,0.0,0.35,general_news,关于2025年员工持股计划开户完成的公告
2026-01-26,002371,0,14,0,0,0,0.0,0.35,general_news,关于2025年员工持股计划开户完成的公告
2026-01-27,002371,0,14,0,0,0,0.0,0.35,general_news,关于2025年员工持股计划开户完成的公告
2026-01-28,002371,0,14,0,0,0,0.0,0.35,general_news,关于2025年员工持股计划开户完成的公告
2026-01-29,002371,0,14,0,0,0,0.0,0.35,general_news,关于2025年员工持股计划开户完成的公告
2026-01-30,002371,0,14,0,0,0,0.0,0.35,general_news,关于2025年员工持股计划开户完成的公告
2026-02-02,002371,1,15,0,0,0,0.0,0.3499999999999999,general_news,关于2025年员工持股计划实施进展的公告
2026-02-03,002371,1,15,0,0,0,0.0,0.3499999999999999,general_news,关于2025年员工持股计划实施进展的公告
2026-02-04,002371,1,15,0,0,0,0.0,0.3499999999999999,general_news,关于2025年员工持股计划实施进展的公告
2026-02-05,002371,1,5,0,0,0,0.0,0.35,general_news,关于2025年员工持股计划实施进展的公告
2026-02-06,002371,0,5,0,0,0,0.0,0.35,general_news,关于2025年员工持股计划实施进展的公告
2026-02-09,002371,0,3,0,0,0,0.0,0.3499999999999999,general_news,关于2025年员工持股计划实施进展的公告
2026-02-10,002371,0,2,0,0,0,0.0,0.35,general_news,关于2025年员工持股计划实施进展的公告
2026-02-11,002371,0,2,0,0,0,0.0,0.35,general_news,关于2025年员工持股计划实施进展的公告
2026-02-12,002371,2,4,0,0,0,0.0,0.35,general_news,关于归还部分暂时补充流动资金的闲置募集资金的公告
2026-02-13,002371,2,4,0,0,0,0.0,0.35,general_news,关于归还部分暂时补充流动资金的闲置募集资金的公告
2026-02-16,002371,2,3,0,0,0,0.0,0.3499999999999999,general_news,关于归还部分暂时补充流动资金的闲置募集资金的公告
2026-02-17,002371,2,3,0,0,0,0.0,0.3499999999999999,general_news,关于归还部分暂时补充流动资金的闲置募集资金的公告
2026-02-18,002371,0,3,0,0,0,0.0,0.3499999999999999,general_news,关于归还部分暂时补充流动资金的闲置募集资金的公告
2026-02-19,002371,0,3,0,0,0,0.0,0.3499999999999999,general_news,关于归还部分暂时补充流动资金的闲置募集资金的公告
2026-02-20,002371,0,3,0,0,0,0.0,0.3499999999999999,general_news,关于归还部分暂时补充流动资金的闲置募集资金的公告
2026-02-23,002371,0,3,0,0,0,0.0,0.3499999999999999,general_news,关于归还部分暂时补充流动资金的闲置募集资金的公告
2026-02-24,002371,0,3,0,0,0,0.0,0.3499999999999999,general_news,关于归还部分暂时补充流动资金的闲置募集资金的公告
2026-02-25,002371,0,3,0,0,0,0.0,0.3499999999999999,general_news,关于归还部分暂时补充流动资金的闲置募集资金的公告
2026-02-26,002371,0,3,0,0,0,0.0,0.3499999999999999,general_news,关于归还部分暂时补充流动资金的闲置募集资金的公告
2026-02-27,002371,0,3,0,0,0,0.0,0.3499999999999999,general_news,关于归还部分暂时补充流动资金的闲置募集资金的公告
2026-03-02,002371,1,4,0,0,0,0.0,0.35,general_news,关于2025年员工持股计划实施进展的公告
2026-03-03,002371,1,3,0,0,0,0.0,0.3499999999999999,general_news,关于2025年员工持股计划实施进展的公告
2026-03-04,002371,1,3,0,0,0,0.0,0.3499999999999999,general_news,关于2025年员工持股计划实施进展的公告
2026-03-05,002371,1,3,0,0,0,0.0,0.3499999999999999,general_news,关于2025年员工持股计划实施进展的公告
2026-03-06,002371,0,3,0,0,0,0.0,0.3499999999999999,general_news,关于2025年员工持股计划实施进展的公告
2026-03-09,002371,0,3,0,0,0,0.0,0.3499999999999999,general_news,关于2025年员工持股计划实施进展的公告
2026-03-10,002371,0,3,0,0,0,0.0,0.3499999999999999,general_news,关于2025年员工持股计划实施进展的公告
2026-03-11,002371,0,3,0,0,0,0.0,0.3499999999999999,general_news,关于2025年员工持股计划实施进展的公告
2026-03-12,002371,0,3,0,0,0,0.0,0.3499999999999999,general_news,关于2025年员工持股计划实施进展的公告
2026-03-13,002371,0,3,0,0,0,0.0,0.3499999999999999,general_news,关于2025年员工持股计划实施进展的公告
2026-03-16,002371,0,1,0,0,0,0.0,0.35,general_news,关于2025年员工持股计划实施进展的公告
2026-03-17,002371,0,1,0,0,0,0.0,0.35,general_news,关于2025年员工持股计划实施进展的公告
2026-03-18,002371,0,1,0,0,0,0.0,0.35,general_news,关于2025年员工持股计划实施进展的公告
2026-03-19,002371,0,1,0,0,0,0.0,0.35,general_news,关于2025年员工持股计划实施进展的公告
2026-03-20,002371,0,1,0,0,0,0.0,0.35,general_news,关于2025年员工持股计划实施进展的公告
2026-03-23,002371,0,1,0,0,0,0.0,0.35,general_news,关于2025年员工持股计划实施进展的公告
2026-03-24,002371,6,7,0,0,0,0.0,0.35000000000000003,general_news,第八届董事会第三十一次会议决议公告
2026-03-25,002371,6,7,0,0,0,0.0,0.35000000000000003,general_news,第八届董事会第三十一次会议决议公告
2026-03-26,002371,6,7,0,0,0,0.0,0.35000000000000003,general_news,第八届董事会第三十一次会议决议公告
2026-03-27,002371,6,7,0,0,0,0.0,0.35000000000000003,general_news,第八届董事会第三十一次会议决议公告
2026-03-30,002371,3,10,0,0,0,0.0,0.35,general_news,关于2022年股票期权激励计划部分股票期权注销完成的公告
2026-03-31,002371,3,9,0,0,0,0.0,0.35,general_news,关于2022年股票期权激励计划部分股票期权注销完成的公告
2026-04-01,002371,3,9,0,0,0,0.0,0.35,general_news,关于2022年股票期权激励计划部分股票期权注销完成的公告
2026-04-02,002371,4,10,0,0,0,0.0,0.35,general_news,关于2022年股权激励计划预留授予部分第二个行权期采用自主行权模式的提示性公告
2026-04-03,002371,1,10,0,0,0,0.0,0.35,general_news,关于2022年股权激励计划预留授予部分第二个行权期采用自主行权模式的提示性公告
2026-04-06,002371,1,10,0,0,0,0.0,0.35,general_news,关于2022年股权激励计划预留授予部分第二个行权期采用自主行权模式的提示性公告
2026-04-07,002371,1,10,0,0,0,0.0,0.35,general_news,关于2022年股权激励计划预留授予部分第二个行权期采用自主行权模式的提示性公告
2026-04-08,002371,0,10,0,0,0,0.0,0.35,general_news,关于2022年股权激励计划预留授予部分第二个行权期采用自主行权模式的提示性公告
2026-04-09,002371,0,10,0,0,0,0.0,0.35,general_news,关于2022年股权激励计划预留授予部分第二个行权期采用自主行权模式的提示性公告
2026-04-10,002371,0,10,0,0,0,0.0,0.35,general_news,关于2022年股权激励计划预留授予部分第二个行权期采用自主行权模式的提示性公告
2026-04-13,002371,0,10,0,0,0,0.0,0.35,general_news,关于2022年股权激励计划预留授予部分第二个行权期采用自主行权模式的提示性公告
2026-04-14,002371,0,10,0,0,0,0.0,0.35,general_news,关于2022年股权激励计划预留授予部分第二个行权期采用自主行权模式的提示性公告
2026-04-15,002371,0,10,0,0,0,0.0,0.35,general_news,关于2022年股权激励计划预留授予部分第二个行权期采用自主行权模式的提示性公告
2026-04-16,002371,0,10,0,0,0,0.0,0.35,general_news,关于2022年股权激励计划预留授予部分第二个行权期采用自主行权模式的提示性公告
2026-04-17,002371,0,10,0,0,0,0.0,0.35,general_news,关于2022年股权激励计划预留授予部分第二个行权期采用自主行权模式的提示性公告
2026-04-20,002371,37,47,0,0,0,-0.0013361925517955898,0.3619148936170213,general_news,2025年度董事会工作报告
2026-04-21,002371,37,47,0,0,0,-0.00133619255179559,0.3619148936170213,general_news,2025年度董事会工作报告
2026-04-22,002371,37,47,0,0,0,-0.00133619255179559,0.3619148936170213,general_news,2025年度董事会工作报告
2026-04-23,002371,37,47,0,0,0,-0.0013361925517955898,0.3619148936170213,general_news,2025年度董事会工作报告
2026-04-24,002371,0,41,0,0,0,-0.001342243590213164,0.36365853658536584,general_news,中信建投证券股份有限公司关于北方华创科技集团股份有限公司2025年度募集资金存放、管理和使用情况的专项核查报告
2026-04-27,002371,0,41,0,0,0,-0.001342243590213164,0.36365853658536584,general_news,中信建投证券股份有限公司关于北方华创科技集团股份有限公司2025年度募集资金存放、管理和使用情况的专项核查报告
2026-04-28,002371,0,38,0,0,0,-0.0013476470922805489,0.3647368421052631,general_news,独立董事候选人声明与承诺（吴西彬）
2026-04-29,002371,0,38,0,0,0,-0.0013476470922805495,0.3647368421052631,general_news,独立董事候选人声明与承诺（吴西彬）
2026-04-30,002371,3,41,0,0,0,0.00939866875275105,0.3636585365853658,general_news,北方华创002371.SZ)：2026年一季报净利润为16.35亿元、同比较去年同期上涨3.42%
2026-05-01,002371,3,41,0,0,0,0.009398668752751053,0.3636585365853658,general_news,北方华创002371.SZ)：2026年一季报净利润为16.35亿元、同比较去年同期上涨3.42%
2026-05-04,002371,3,40,0,0,0,0.009416482601491067,0.364,general_news,北方华创002371.SZ)：2026年一季报净利润为16.35亿元、同比较去年同期上涨3.42%
2026-05-05,002371,3,40,0,0,0,0.009416482601491064,0.364,general_news,北方华创002371.SZ)：2026年一季报净利润为16.35亿元、同比较去年同期上涨3.42%
2026-05-06,002371,0,40,0,0,0,0.009416482601491069,0.364,general_news,北方华创002371.SZ)：2026年一季报净利润为16.35亿元、同比较去年同期上涨3.42%
2026-05-07,002371,0,40,0,0,0,0.009416482601491066,0.364,general_news,北方华创002371.SZ)：2026年一季报净利润为16.35亿元、同比较去年同期上涨3.42%
2026-05-08,002371,0,40,0,0,0,0.009416482601491066,0.364,general_news,北方华创002371.SZ)：2026年一季报净利润为16.35亿元、同比较去年同期上涨3.42%
2026-05-11,002371,0,40,0,0,0,0.009416482601491066,0.364,general_news,北方华创002371.SZ)：2026年一季报净利润为16.35亿元、同比较去年同期上涨3.42%
2026-05-12,002371,6,46,0,0,0,-0.03664098030511355,0.37434782608695666,general_news,关联交易管理制度（2026年5月）
2026-05-13,002371,6,46,0,0,0,-0.03664098030511356,0.37434782608695666,general_news,关联交易管理制度（2026年5月）
2026-05-14,002371,6,46,0,0,0,-0.03664098030511358,0.37434782608695666,general_news,关联交易管理制度（2026年5月）
2026-05-15,002371,6,46,0,0,0,-0.036640980305113584,0.37434782608695666,general_news,关联交易管理制度（2026年5月）
2026-05-18,002371,0,46,0,0,0,-0.03664098030511358,0.37434782608695666,general_news,关联交易管理制度（2026年5月）
2026-05-19,002371,0,9,0,0,0,-0.043116028805124496,0.4122222222222222,general_news,第九届董事会第一次会议决议公告
2026-05-20,002371,0,9,0,0,0,-0.043116028805124496,0.4122222222222222,general_news,第九届董事会第一次会议决议公告
2026-05-21,002371,0,9,0,0,0,-0.0431160288051245,0.4122222222222222,general_news,第九届董事会第一次会议决议公告
2026-05-22,002371,0,9,0,0,0,-0.04311602880512449,0.4122222222222222,general_news,第九届董事会第一次会议决议公告
2026-05-25,002371,0,9,0,0,0,-0.0431160288051245,0.4122222222222222,general_news,第九届董事会第一次会议决议公告
2026-05-26,002371,0,9,0,0,0,-0.0431160288051245,0.4122222222222222,general_news,第九届董事会第一次会议决议公告
2026-05-27,002371,0,9,0,0,0,-0.043116028805124496,0.4122222222222222,general_news,第九届董事会第一次会议决议公告
2026-05-28,002371,0,9,0,0,0,-0.043116028805124496,0.4122222222222222,general_news,第九届董事会第一次会议决议公告
2026-05-29,002371,0,9,0,0,0,-0.0431160288051245,0.4122222222222222,general_news,第九届董事会第一次会议决议公告
2026-06-01,002371,1,7,0,0,0,-0.015719560324744666,0.43,general_news,关于2025年员工持股计划完成股票购买的公告
2026-06-02,002371,1,7,0,0,0,-0.015719560324744662,0.43,general_news,关于2025年员工持股计划完成股票购买的公告
2026-06-03,002371,1,7,0,0,0,-0.015719560324744662,0.43,general_news,关于2025年员工持股计划完成股票购买的公告
2026-06-04,002371,1,7,0,0,0,-0.015719560324744662,0.43,general_news,关于2025年员工持股计划完成股票购买的公告
2026-06-05,002371,0,7,0,0,0,-0.015719560324744666,0.43,general_news,关于2025年员工持股计划完成股票购买的公告
2026-06-08,002371,0,7,0,0,0,-0.01571956032474467,0.43,general_news,关于2025年员工持股计划完成股票购买的公告
2026-06-09,002371,1,8,0,0,0,0.10707706840274216,0.45499999999999996,fund_flow,63.76亿主力资金净流入，国家大基金持股概念涨6.31%
2026-06-10,002371,2,9,0,0,0,0.05773030995284412,0.4433333333333333,general_news,电子行业资金流出榜：沪电股份、京东方A等净流出资金居前
2025-09-08,002415,25,25,1,0,0,2.954774641511171e-18,0.3948,general_news,公司章程（2025年9月）
2025-09-09,002415,26,26,2,0,0,0.02603266304375861,0.40384615384615385,buyback_dividend,关于回购股份注销完成暨股份变动的公告
2025-09-10,002415,26,26,2,0,0,0.026032663043758616,0.40384615384615385,buyback_dividend,关于回购股份注销完成暨股份变动的公告
2025-09-11,002415,26,26,2,0,0,0.02603266304375862,0.40384615384615385,buyback_dividend,关于回购股份注销完成暨股份变动的公告
2025-09-12,002415,1,26,2,0,0,0.026032663043758616,0.40384615384615385,buyback_dividend,关于回购股份注销完成暨股份变动的公告
2025-09-15,002415,0,26,2,0,0,0.02603266304375863,0.40384615384615385,buyback_dividend,关于回购股份注销完成暨股份变动的公告
2025-09-16,002415,0,26,2,0,0,0.026032663043758612,0.40384615384615385,buyback_dividend,关于回购股份注销完成暨股份变动的公告
2025-09-17,002415,0,26,2,0,0,0.026032663043758626,0.40384615384615385,buyback_dividend,关于回购股份注销完成暨股份变动的公告
2025-09-18,002415,0,26,2,0,0,0.026032663043758626,0.40384615384615385,buyback_dividend,关于回购股份注销完成暨股份变动的公告
2025-09-19,002415,0,26,2,0,0,0.026032663043758623,0.40384615384615385,buyback_dividend,关于回购股份注销完成暨股份变动的公告
2025-09-22,002415,0,26,2,0,0,0.026032663043758616,0.40384615384615385,buyback_dividend,关于回购股份注销完成暨股份变动的公告
2025-09-23,002415,0,26,2,0,0,0.026032663043758616,0.40384615384615385,buyback_dividend,关于回购股份注销完成暨股份变动的公告
2025-09-24,002415,3,29,2,0,0,-0.0491661771055857,0.4175862068965517,shareholder_change,国浩律师（杭州）事务所关于公司2025年第一次临时股东大会之法律意见书
2025-09-25,002415,3,29,2,0,0,-0.04916617710558567,0.4175862068965517,shareholder_change,国浩律师（杭州）事务所关于公司2025年第一次临时股东大会之法律意见书
2025-09-26,002415,4,30,2,0,0,-0.03887694353453236,0.4153333333333333,general_news,2025年半年度权益分派实施公告
2025-09-29,002415,4,30,2,0,0,-0.03887694353453235,0.4153333333333333,general_news,2025年半年度权益分派实施公告
2025-09-30,002415,1,30,2,0,0,-0.03887694353453237,0.4153333333333333,general_news,2025年半年度权益分派实施公告
2025-10-01,002415,1,30,2,0,0,-0.03887694353453236,0.4153333333333333,general_news,2025年半年度权益分派实施公告
2025-10-02,002415,0,30,2,0,0,-0.03887694353453236,0.4153333333333333,general_news,2025年半年度权益分派实施公告
2025-10-03,002415,0,30,2,0,0,-0.03887694353453234,0.4153333333333333,general_news,2025年半年度权益分派实施公告
2025-10-06,002415,0,30,2,0,0,-0.038876943534532346,0.4153333333333333,general_news,2025年半年度权益分派实施公告
2025-10-07,002415,0,5,1,0,0,-0.05557658097553454,0.518,general_news,2025年半年度权益分派实施公告
2025-10-08,002415,0,5,1,0,0,-0.05557658097553456,0.518,general_news,2025年半年度权益分派实施公告
2025-10-09,002415,0,5,1,0,0,-0.055576580975534556,0.518,general_news,2025年半年度权益分派实施公告
2025-10-10,002415,0,4,0,0,0,-0.06927267071148918,0.49,general_news,2025年半年度权益分派实施公告
2025-10-13,002415,0,4,0,0,0,-0.06927267071148917,0.49,general_news,2025年半年度权益分派实施公告
2025-10-14,002415,0,4,0,0,0,-0.0692726707114892,0.49,general_news,2025年半年度权益分派实施公告
2025-10-15,002415,0,4,0,0,0,-0.06927267071148918,0.49,general_news,2025年半年度权益分派实施公告
2025-10-16,002415,0,4,0,0,0,-0.06927267071148918,0.49,general_news,2025年半年度权益分派实施公告
2025-10-17,002415,0,4,0,0,0,-0.06927267071148918,0.49,general_news,2025年半年度权益分派实施公告
2025-10-20,002415,3,7,0,0,0,-0.0030982643522688876,0.43,general_news,2025年三季度报告
2025-10-21,002415,3,7,0,0,0,-0.003098264352268888,0.43,general_news,2025年三季度报告
2025-10-22,002415,3,7,0,0,0,-0.003098264352268887,0.43,general_news,2025年三季度报告
2025-10-23,002415,3,7,0,0,0,-0.0030982643522688862,0.43,general_news,2025年三季度报告
2025-10-24,002415,0,7,0,0,0,-0.0030982643522688876,0.43,general_news,2025年三季度报告
2025-10-27,002415,0,3,0,0,0,0.0,0.3499999999999999,general_news,2025年三季度报告
2025-10-28,002415,0,3,0,0,0,0.0,0.3499999999999999,general_news,2025年三季度报告
2025-10-29,002415,0,3,0,0,0,0.0,0.3499999999999999,general_news,2025年三季度报告
2025-10-30,002415,0,3,0,0,0,0.0,0.3499999999999999,general_news,2025年三季度报告
2025-10-31,002415,0,3,0,0,0,0.0,0.3499999999999999,general_news,2025年三季度报告
2025-11-03,002415,0,3,0,0,0,0.0,0.3499999999999999,general_news,2025年三季度报告
2025-11-04,002415,0,3,0,0,0,0.0,0.3499999999999999,general_news,2025年三季度报告
2025-11-05,002415,0,3,0,0,0,0.0,0.3499999999999999,general_news,2025年三季度报告
2025-11-06,002415,0,3,0,0,0,0.0,0.3499999999999999,general_news,2025年三季度报告
2025-11-07,002415,0,3,0,0,0,0.0,0.3499999999999999,general_news,2025年三季度报告
2025-11-10,002415,1,4,0,0,0,0.0,0.35,general_news,关于为子公司提供担保的进展公告
2025-11-11,002415,1,4,0,0,0,0.0,0.35,general_news,关于为子公司提供担保的进展公告
2025-11-12,002415,1,4,0,0,0,0.0,0.35,general_news,关于为子公司提供担保的进展公告
2025-11-13,002415,1,4,0,0,0,0.0,0.35,general_news,关于为子公司提供担保的进展公告
2025-11-14,002415,0,4,0,0,0,0.0,0.35,general_news,关于为子公司提供担保的进展公告
2025-11-17,002415,0,4,0,0,0,0.0,0.35,general_news,关于为子公司提供担保的进展公告
2025-11-18,002415,0,1,0,0,0,0.0,0.35,general_news,关于为子公司提供担保的进展公告
2025-11-19,002415,0,1,0,0,0,0.0,0.35,general_news,关于为子公司提供担保的进展公告
2025-11-20,002415,0,1,0,0,0,0.0,0.35,general_news,关于为子公司提供担保的进展公告
2025-11-21,002415,0,1,0,0,0,0.0,0.35,general_news,关于为子公司提供担保的进展公告
2025-11-24,002415,0,1,0,0,0,0.0,0.35,general_news,关于为子公司提供担保的进展公告
2025-11-25,002415,0,1,0,0,0,0.0,0.35,general_news,关于为子公司提供担保的进展公告
2025-11-26,002415,0,1,0,0,0,0.0,0.35,general_news,关于为子公司提供担保的进展公告
2025-11-27,002415,0,1,0,0,0,0.0,0.35,general_news,关于为子公司提供担保的进展公告
2025-11-28,002415,0,1,0,0,0,0.0,0.35,general_news,关于为子公司提供担保的进展公告
2025-12-01,002415,0,1,0,0,0,0.0,0.35,general_news,关于为子公司提供担保的进展公告
2025-12-02,002415,0,1,0,0,0,0.0,0.35,general_news,关于为子公司提供担保的进展公告
2025-12-03,002415,0,1,0,0,0,0.0,0.35,general_news,关于为子公司提供担保的进展公告
2025-12-04,002415,0,1,0,0,0,0.0,0.35,general_news,关于为子公司提供担保的进展公告
2025-12-05,002415,0,1,0,0,0,0.0,0.35,general_news,关于为子公司提供担保的进展公告
2025-12-08,002415,0,1,0,0,0,0.0,0.35,general_news,关于为子公司提供担保的进展公告
2026-01-21,002415,3,3,0,0,0,0.0,0.3499999999999999,general_news,2025年度业绩快报
2026-01-22,002415,3,3,0,0,0,0.0,0.3499999999999999,general_news,2025年度业绩快报
2026-01-23,002415,3,3,0,0,0,0.0,0.3499999999999999,general_news,2025年度业绩快报
2026-01-26,002415,3,3,0,0,0,0.0,0.3499999999999999,general_news,2025年度业绩快报
2026-01-27,002415,0,3,0,0,0,0.0,0.3499999999999999,general_news,2025年度业绩快报
2026-01-28,002415,0,3,0,0,0,0.0,0.3499999999999999,general_news,2025年度业绩快报
2026-01-29,002415,0,3,0,0,0,0.0,0.3499999999999999,general_news,2025年度业绩快报
2026-01-30,002415,0,3,0,0,0,0.0,0.3499999999999999,general_news,2025年度业绩快报
2026-02-02,002415,0,3,0,0,0,0.0,0.3499999999999999,general_news,2025年度业绩快报
2026-02-03,002415,0,3,0,0,0,0.0,0.3499999999999999,general_news,2025年度业绩快报
2026-02-04,002415,0,3,0,0,0,0.0,0.3499999999999999,general_news,2025年度业绩快报
2026-02-05,002415,0,3,0,0,0,0.0,0.3499999999999999,general_news,2025年度业绩快报
2026-02-06,002415,0,3,0,0,0,0.0,0.3499999999999999,general_news,2025年度业绩快报
2026-02-09,002415,0,3,0,0,0,0.0,0.3499999999999999,general_news,2025年度业绩快报
2026-02-10,002415,0,3,0,0,0,0.0,0.3499999999999999,general_news,2025年度业绩快报
2026-02-11,002415,0,3,0,0,0,0.0,0.3499999999999999,general_news,2025年度业绩快报
2026-02-12,002415,0,3,0,0,0,0.0,0.3499999999999999,general_news,2025年度业绩快报
2026-02-13,002415,0,3,0,0,0,0.0,0.3499999999999999,general_news,2025年度业绩快报
2026-02-16,002415,0,3,0,0,0,0.0,0.3499999999999999,general_news,2025年度业绩快报
2026-02-17,002415,0,3,0,0,0,0.0,0.3499999999999999,general_news,2025年度业绩快报
2026-02-18,002415,0,3,0,0,0,0.0,0.3499999999999999,general_news,2025年度业绩快报
2026-02-19,002415,0,3,0,0,0,0.0,0.3499999999999999,general_news,2025年度业绩快报
2026-02-20,002415,0,3,0,0,0,0.0,0.3499999999999999,general_news,2025年度业绩快报
2026-03-30,002415,1,1,0,0,0,0.0,0.35,general_news,关于为子公司提供担保的进展公告
2026-03-31,002415,1,1,0,0,0,0.0,0.35,general_news,关于为子公司提供担保的进展公告
2026-04-01,002415,1,1,0,0,0,0.0,0.35,general_news,关于为子公司提供担保的进展公告
2026-04-02,002415,1,1,0,0,0,0.0,0.35,general_news,关于为子公司提供担保的进展公告
2026-04-03,002415,0,1,0,0,0,0.0,0.35,general_news,关于为子公司提供担保的进展公告
2026-04-06,002415,0,1,0,0,0,0.0,0.35,general_news,关于为子公司提供担保的进展公告
2026-04-07,002415,0,1,0,0,0,0.0,0.35,general_news,关于为子公司提供担保的进展公告
2026-04-08,002415,0,1,0,0,0,0.0,0.35,general_news,关于为子公司提供担保的进展公告
2026-04-09,002415,0,1,0,0,0,0.0,0.35,general_news,关于为子公司提供担保的进展公告
2026-04-10,002415,0,1,0,0,0,0.0,0.35,general_news,关于为子公司提供担保的进展公告
2026-04-13,002415,0,1,0,0,0,0.0,0.35,general_news,关于为子公司提供担保的进展公告
2026-04-14,002415,0,1,0,0,0,0.0,0.35,general_news,关于为子公司提供担保的进展公告
2026-04-15,002415,0,1,0,0,0,0.0,0.35,general_news,关于为子公司提供担保的进展公告
2026-04-16,002415,0,1,0,0,0,0.0,0.35,general_news,关于为子公司提供担保的进展公告
2026-04-17,002415,0,1,0,0,0,0.0,0.35,general_news,关于为子公司提供担保的进展公告
2026-04-20,002415,36,37,1,0,0,-0.00416091223272768,0.3727027027027026,general_news,关于2026年度为子公司提供担保的公告
2026-04-21,002415,36,37,1,0,0,-0.004160912232727681,0.3727027027027026,general_news,关于2026年度为子公司提供担保的公告
2026-04-22,002415,36,37,1,0,0,-0.004160912232727682,0.3727027027027026,general_news,关于2026年度为子公司提供担保的公告
2026-04-23,002415,36,37,1,0,0,-0.004160912232727683,0.3727027027027026,general_news,关于2026年度为子公司提供担保的公告
2026-04-24,002415,0,37,1,0,0,-0.004160912232727677,0.3727027027027026,general_news,关于2026年度为子公司提供担保的公告
2026-04-27,002415,2,39,1,0,0,-0.003615647011068026,0.37153846153846143,general_news,2025年度环境、社会和公司治理（ESG）报告（英文版）
2026-04-28,002415,2,38,1,0,0,-0.0036199913014494526,0.37210526315789466,general_news,2025年度环境、社会和公司治理（ESG）报告（英文版）
2026-04-29,002415,2,38,1,0,0,-0.003619991301449452,0.37210526315789466,general_news,2025年度环境、社会和公司治理（ESG）报告（英文版）
2026-04-30,002415,2,38,1,0,0,-0.003619991301449452,0.37210526315789466,general_news,2025年度环境、社会和公司治理（ESG）报告（英文版）
2026-05-01,002415,0,38,1,0,0,-0.0036199913014494534,0.37210526315789466,general_news,2025年度环境、社会和公司治理（ESG）报告（英文版）
2026-05-04,002415,0,38,1,0,0,-0.003619991301449452,0.37210526315789466,general_news,2025年度环境、社会和公司治理（ESG）报告（英文版）
2026-05-05,002415,0,38,1,0,0,-0.003619991301449452,0.37210526315789466,general_news,2025年度环境、社会和公司治理（ESG）报告（英文版）
2026-05-06,002415,0,38,1,0,0,-0.0036199913014494526,0.37210526315789466,general_news,2025年度环境、社会和公司治理（ESG）报告（英文版）
2026-05-07,002415,0,38,1,0,0,-0.0036199913014494504,0.37210526315789466,general_news,2025年度环境、社会和公司治理（ESG）报告（英文版）
2026-05-08,002415,0,38,1,0,0,-0.0036199913014494513,0.37210526315789466,general_news,2025年度环境、社会和公司治理（ESG）报告（英文版）
2026-05-11,002415,2,40,1,0,0,-0.07567503809563252,0.385,shareholder_change,国浩律师（杭州）事务所关于公司2025年度股东会之法律意见书
2026-05-12,002415,2,40,1,0,0,-0.07567503809563253,0.385,shareholder_change,国浩律师（杭州）事务所关于公司2025年度股东会之法律意见书
2026-05-13,002415,2,40,1,0,0,-0.07567503809563254,0.385,shareholder_change,国浩律师（杭州）事务所关于公司2025年度股东会之法律意见书
2026-05-14,002415,3,41,1,0,0,-0.05035727990043602,0.38414634146341464,general_news,2025年度权益分派实施公告
2026-05-15,002415,1,41,1,0,0,-0.05035727990043601,0.38414634146341464,general_news,2025年度权益分派实施公告
2026-05-18,002415,1,41,1,0,0,-0.05035727990043599,0.38414634146341464,general_news,2025年度权益分派实施公告
2026-05-19,002415,1,5,0,0,0,-0.0695507405681196,0.462,general_news,2025年度权益分派实施公告
2026-05-20,002415,0,5,0,0,0,-0.06955074056811962,0.462,general_news,2025年度权益分派实施公告
2026-05-21,002415,0,5,0,0,0,-0.06955074056811962,0.462,general_news,2025年度权益分派实施公告
2026-05-22,002415,0,5,0,0,0,-0.0695507405681196,0.462,general_news,2025年度权益分派实施公告
2026-05-25,002415,0,5,0,0,0,-0.06955074056811962,0.462,general_news,2025年度权益分派实施公告
2026-05-26,002415,0,3,0,0,0,-0.07420733450112682,0.5366666666666666,general_news,2025年度权益分派实施公告
2026-05-27,002415,0,3,0,0,0,-0.0742073345011268,0.5366666666666666,general_news,2025年度权益分派实施公告
2026-05-28,002415,1,4,0,0,0,-0.01567680531997687,0.49,general_news,4股今日获机构买入评级
2026-05-29,002415,1,4,0,0,0,-0.015676805319976873,0.49,general_news,4股今日获机构买入评级
2026-06-01,002415,4,7,0,0,0,0.08328192018876632,0.51,fund_flow,解密主力资金出逃股 连续5日净流出650股
2026-06-02,002415,5,8,0,0,0,0.09993706010821717,0.525,fund_flow,足球概念下跌2.79%，主力资金净流出28股
2026-06-03,002415,6,10,0,0,0,0.09082361583757054,0.518,fund_flow,光纤概念涨3.86%，主力资金净流入64股
2026-06-04,002415,6,10,0,0,0,0.09082361583757055,0.518,fund_flow,光纤概念涨3.86%，主力资金净流入64股
2026-06-05,002415,6,11,0,0,0,0.09261849877227453,0.5027272727272727,general_news,今日盘中突破半年线个股
2026-06-08,002415,3,11,0,0,0,0.09261849877227452,0.5027272727272727,general_news,今日盘中突破半年线个股
2026-06-09,002415,2,10,0,0,0,0.10897021001911378,0.48999999999999994,fund_flow,存储芯片概念涨5.64%，主力资金净流入133股
2026-03-31,300308,43,43,2,0,0,-0.0046511627906976735,0.38906976744186056,general_news,关于调整控股孙公司2025年度增资方案的公告
2026-04-01,300308,43,43,2,0,0,-0.004651162790697674,0.38906976744186056,general_news,关于调整控股孙公司2025年度增资方案的公告
2026-04-02,300308,43,43,2,0,0,-0.004651162790697672,0.38906976744186056,general_news,关于调整控股孙公司2025年度增资方案的公告
2026-04-03,300308,43,43,2,0,0,-0.004651162790697673,0.38906976744186056,general_news,关于调整控股孙公司2025年度增资方案的公告
2026-04-06,300308,0,43,2,0,0,-0.004651162790697674,0.38906976744186056,general_news,关于调整控股孙公司2025年度增资方案的公告
2026-04-07,300308,0,43,2,0,0,-0.004651162790697673,0.38906976744186056,general_news,关于调整控股孙公司2025年度增资方案的公告
2026-04-08,300308,0,43,2,0,0,-0.004651162790697676,0.38906976744186056,general_news,关于调整控股孙公司2025年度增资方案的公告
2026-04-09,300308,0,43,2,0,0,-0.004651162790697673,0.38906976744186056,general_news,关于调整控股孙公司2025年度增资方案的公告
2026-04-10,300308,0,43,2,0,0,-0.004651162790697673,0.38906976744186056,general_news,关于调整控股孙公司2025年度增资方案的公告
2026-04-13,300308,0,43,2,0,0,-0.004651162790697675,0.38906976744186056,general_news,关于调整控股孙公司2025年度增资方案的公告
2026-04-14,300308,0,43,2,0,0,-0.004651162790697674,0.38906976744186056,general_news,关于调整控股孙公司2025年度增资方案的公告
2026-04-15,300308,1,44,2,0,0,-0.0038817045521752883,0.38818181818181824,general_news,关于变更2026年第一季度报告预约披露时间的公告
2026-04-16,300308,1,44,2,0,0,-0.003881704552175289,0.38818181818181824,general_news,关于变更2026年第一季度报告预约披露时间的公告
2026-04-17,300308,4,47,2,0,0,-0.0023377661441931815,0.38574468085106395,general_news,2026年第一季度报告披露的提示性公告
2026-04-20,300308,8,51,2,0,0,-0.03494562973412362,0.393921568627451,general_news,关于举行2025年度业绩说明会的公告
2026-04-21,300308,7,51,2,0,0,-0.03494562973412362,0.393921568627451,general_news,关于举行2025年度业绩说明会的公告
2026-04-22,300308,8,52,2,0,0,-0.03040621276534888,0.39307692307692316,general_news,2025年度权益分派实施公告
2026-04-23,300308,5,52,2,0,0,-0.03040621276534888,0.39307692307692316,general_news,2025年度权益分派实施公告
2026-04-24,300308,5,52,2,0,0,-0.03040621276534888,0.39307692307692316,general_news,2025年度权益分派实施公告
2026-04-27,300308,1,52,2,0,0,-0.03040621276534889,0.39307692307692316,general_news,2025年度权益分派实施公告
2026-04-28,300308,0,52,2,0,0,-0.030406212765348883,0.39307692307692316,general_news,2025年度权益分派实施公告
2026-04-29,300308,0,52,2,0,0,-0.030406212765348883,0.39307692307692316,general_news,2025年度权益分派实施公告
2026-04-30,300308,0,52,2,0,0,-0.03040621276534889,0.39307692307692316,general_news,2025年度权益分派实施公告
2026-05-01,300308,0,9,0,0,0,-0.03858733798403956,0.4122222222222222,general_news,2025年度权益分派实施公告
2026-05-04,300308,0,9,0,0,0,-0.03858733798403956,0.4122222222222222,general_news,2025年度权益分派实施公告
2026-05-05,300308,0,9,0,0,0,-0.038587337984039564,0.4122222222222222,general_news,2025年度权益分派实施公告
2026-05-06,300308,0,9,0,0,0,-0.038587337984039564,0.4122222222222222,general_news,2025年度权益分派实施公告
2026-05-07,300308,0,9,0,0,0,-0.038587337984039564,0.4122222222222222,general_news,2025年度权益分派实施公告
2026-05-08,300308,0,9,0,0,0,-0.03858733798403956,0.4122222222222222,general_news,2025年度权益分派实施公告
2026-05-11,300308,11,20,4,0,0,0.06774804223222188,0.4339999999999999,commodity_shock,关于调整公司第四期限制性股票激励计划首次授予部分归属价格的公告
2026-05-12,300308,12,21,4,0,0,0.0715417766249201,0.4299999999999999,general_news,千元A股+1！300308，大涨超7%
2026-05-13,300308,12,21,4,0,0,0.07154177662492012,0.4299999999999999,general_news,千元A股+1！300308，大涨超7%
2026-05-14,300308,13,22,4,0,0,0.061859039347746676,0.42636363636363633,general_news,关于参加2026年山东辖区上市公司投资者网上集体接待日活动的公告
2026-05-15,300308,2,22,4,0,0,0.06185903934774666,0.42636363636363633,general_news,关于参加2026年山东辖区上市公司投资者网上集体接待日活动的公告
2026-05-18,300308,1,18,4,0,0,0.06252983801997147,0.4433333333333333,general_news,关于参加2026年山东辖区上市公司投资者网上集体接待日活动的公告
2026-05-19,300308,1,18,4,0,0,0.06252983801997145,0.4433333333333333,general_news,关于参加2026年山东辖区上市公司投资者网上集体接待日活动的公告
2026-05-20,300308,0,18,4,0,0,0.06252983801997146,0.4433333333333333,general_news,关于参加2026年山东辖区上市公司投资者网上集体接待日活动的公告
2026-05-21,300308,0,14,4,0,0,0.06501495783816685,0.4299999999999999,general_news,关于参加2026年山东辖区上市公司投资者网上集体接待日活动的公告
2026-05-22,300308,1,15,4,0,0,-0.0003466844635560405,0.44333333333333325,shareholder_change,关于特定股东部分股票进行质押交易及解除质押的公告
2026-05-25,300308,1,14,4,0,0,-0.00034814108768288146,0.4499999999999999,shareholder_change,关于特定股东部分股票进行质押交易及解除质押的公告
2026-05-26,300308,1,14,4,0,0,-0.0003481410876828872,0.4499999999999999,shareholder_change,关于特定股东部分股票进行质押交易及解除质押的公告
2026-05-27,300308,1,14,4,0,0,-0.00034814108768290185,0.4499999999999999,shareholder_change,关于特定股东部分股票进行质押交易及解除质押的公告
2026-05-28,300308,10,24,4,0,0,-0.013211724708395134,0.41999999999999993,general_news,第五届董事会第三十三次会议决议公告
2026-05-29,300308,11,25,4,0,0,-0.011996730475000448,0.41720000000000007,general_news,关于公司第四期限制性股票激励计划首次授予部分第一个归属期归属结果暨股份上市公告
2026-06-01,300308,12,26,4,0,0,-0.01051266299111081,0.41461538461538466,general_news,中际旭创关于网络传闻的澄清公告
2026-06-02,300308,13,27,4,0,0,-0.009199821701069841,0.41222222222222227,general_news,300308，成交额A股第一！
2026-06-03,300308,3,27,4,0,0,-0.009199821701069841,0.41222222222222227,general_news,300308，成交额A股第一！
2026-06-04,300308,2,27,4,0,0,-0.009199821701069845,0.41222222222222227,general_news,300308，成交额A股第一！
2026-06-05,300308,4,29,5,0,0,0.021064354253954583,0.4175862068965518,commodity_shock,突发跳水！300308，天量成交
2026-06-08,300308,2,29,5,0,0,0.02106435425395459,0.4175862068965518,commodity_shock,突发跳水！300308，天量成交
2026-06-09,300308,3,19,1,0,0,0.015432295713216925,0.39421052631578946,general_news,关于使用部分自有资金进行现金管理的进展公告
2026-06-10,300308,5,21,2,0,0,0.09802021629428244,0.40333333333333327,order_contract,中际旭创回应被美国国防部列入1260H清单：认定和依据均不符合客观事实 未对公司经营产生实质性影响
2025-08-26,300502,21,21,1,0,0,0.02619047619047619,0.38999999999999996,order_contract,关于增加向关联方采购商品的日常交易预计金额的公告
2025-08-27,300502,21,21,1,0,0,0.026190476190476188,0.38999999999999996,order_contract,关于增加向关联方采购商品的日常交易预计金额的公告
2025-08-28,300502,21,21,1,0,0,0.02619047619047619,0.38999999999999996,order_contract,关于增加向关联方采购商品的日常交易预计金额的公告
2025-08-29,300502,21,21,1,0,0,0.026190476190476195,0.38999999999999996,order_contract,关于增加向关联方采购商品的日常交易预计金额的公告
2025-09-01,300502,0,21,1,0,0,0.026190476190476188,0.38999999999999996,order_contract,关于增加向关联方采购商品的日常交易预计金额的公告
2025-09-02,300502,0,21,1,0,0,0.026190476190476184,0.38999999999999996,order_contract,关于增加向关联方采购商品的日常交易预计金额的公告
2025-09-03,300502,0,21,1,0,0,0.026190476190476198,0.38999999999999996,order_contract,关于增加向关联方采购商品的日常交易预计金额的公告
2025-09-04,300502,0,21,1,0,0,0.026190476190476195,0.38999999999999996,order_contract,关于增加向关联方采购商品的日常交易预计金额的公告
2025-09-05,300502,1,22,1,0,0,0.021849037237801402,0.38818181818181813,general_news,关于参加举办四川辖区2025年投资者网上集体接待日及半年度报告业绩说明会的公告
2025-09-08,300502,1,22,1,0,0,0.021849037237801402,0.38818181818181813,general_news,关于参加举办四川辖区2025年投资者网上集体接待日及半年度报告业绩说明会的公告
2025-09-09,300502,2,23,1,0,0,0.016890963312984526,0.38652173913043475,general_news,关于2024年限制性股票激励计划预留授予第一期归属结果暨股份上市的公告
2025-09-10,300502,2,23,1,0,0,0.016890963312984515,0.38652173913043475,general_news,关于2024年限制性股票激励计划预留授予第一期归属结果暨股份上市的公告
2025-09-11,300502,4,26,1,0,0,-0.0386692806425942,0.40384615384615385,general_news,第五届董事会第十次会议决议公告
2025-09-12,300502,4,26,1,0,0,-0.03866928064259421,0.40384615384615385,general_news,第五届董事会第十次会议决议公告
2025-09-15,300502,3,26,1,0,0,-0.0386692806425942,0.40384615384615385,general_news,第五届董事会第十次会议决议公告
2025-09-16,300502,3,26,1,0,0,-0.0386692806425942,0.40384615384615385,general_news,第五届董事会第十次会议决议公告
2025-09-17,300502,0,26,1,0,0,-0.03866928064259419,0.40384615384615385,general_news,第五届董事会第十次会议决议公告
2025-09-18,300502,0,26,1,0,0,-0.0386692806425942,0.40384615384615385,general_news,第五届董事会第十次会议决议公告
2025-09-19,300502,0,26,1,0,0,-0.0386692806425942,0.40384615384615385,general_news,第五届董事会第十次会议决议公告
2025-09-22,300502,0,26,1,0,0,-0.03866928064259421,0.40384615384615385,general_news,第五届董事会第十次会议决议公告
2025-09-23,300502,0,26,1,0,0,-0.03866928064259421,0.40384615384615385,general_news,第五届董事会第十次会议决议公告
2025-09-24,300502,0,26,1,0,0,-0.03866928064259421,0.40384615384615385,general_news,第五届董事会第十次会议决议公告
2025-09-25,300502,0,26,1,0,0,-0.0386692806425942,0.40384615384615385,general_news,第五届董事会第十次会议决议公告
2025-09-26,300502,0,5,0,0,0,-0.07184165859209722,0.462,shareholder_change,北京国枫律师事务所关于成都新易盛通信技术股份有限公司2025年第一次临时股东大会的法律意见书
2025-09-29,300502,0,5,0,0,0,-0.07184165859209724,0.462,shareholder_change,北京国枫律师事务所关于成都新易盛通信技术股份有限公司2025年第一次临时股东大会的法律意见书
2025-09-30,300502,2,7,0,0,0,-0.14050220376062927,0.51,shareholder_change,成都新易盛通信技术股份有限公司股东询价转让计划书
2025-10-01,300502,2,7,0,0,0,-0.14050220376062933,0.51,shareholder_change,成都新易盛通信技术股份有限公司股东询价转让计划书
2025-10-02,300502,2,7,0,0,0,-0.14050220376062933,0.51,shareholder_change,成都新易盛通信技术股份有限公司股东询价转让计划书
2025-10-03,300502,2,7,0,0,0,-0.1405022037606293,0.51,shareholder_change,成都新易盛通信技术股份有限公司股东询价转让计划书
2025-10-06,300502,0,6,0,0,0,-0.1422590350371241,0.5366666666666666,shareholder_change,成都新易盛通信技术股份有限公司股东询价转让计划书
2025-10-07,300502,0,6,0,0,0,-0.14225903503712412,0.5366666666666666,shareholder_change,成都新易盛通信技术股份有限公司股东询价转让计划书
2025-10-08,300502,0,6,0,0,0,-0.14225903503712412,0.5366666666666666,shareholder_change,成都新易盛通信技术股份有限公司股东询价转让计划书
2025-10-09,300502,1,7,0,0,0,-0.14703264430093257,0.55,shareholder_change,股东询价转让定价情况提示性公告
2025-10-10,300502,1,6,0,0,0,-0.14829129540054298,0.5833333333333334,shareholder_change,股东询价转让定价情况提示性公告
2025-10-13,300502,1,3,0,0,0,-0.15,0.63,shareholder_change,股东询价转让定价情况提示性公告
2025-10-14,300502,1,3,0,0,0,-0.15,0.63,shareholder_change,股东询价转让定价情况提示性公告
2025-10-15,300502,0,3,0,0,0,-0.15,0.63,shareholder_change,股东询价转让定价情况提示性公告
2025-10-16,300502,0,3,0,0,0,-0.15,0.63,shareholder_change,股东询价转让定价情况提示性公告
2025-10-17,300502,0,3,0,0,0,-0.15000000000000002,0.63,shareholder_change,股东询价转让定价情况提示性公告
2025-10-20,300502,0,3,0,0,0,-0.15000000000000002,0.63,shareholder_change,股东询价转让定价情况提示性公告
2025-10-21,300502,2,5,0,0,0,-0.15,0.63,shareholder_change,关于股东询价转让结果报告书暨控股股东权益变动触及1%整数倍的提示性公告
2025-10-22,300502,2,5,0,0,0,-0.15000000000000002,0.63,shareholder_change,关于股东询价转让结果报告书暨控股股东权益变动触及1%整数倍的提示性公告
2025-10-23,300502,2,5,0,0,0,-0.14999999999999997,0.63,shareholder_change,关于股东询价转让结果报告书暨控股股东权益变动触及1%整数倍的提示性公告
2025-10-24,300502,2,5,0,0,0,-0.14999999999999997,0.63,shareholder_change,关于股东询价转让结果报告书暨控股股东权益变动触及1%整数倍的提示性公告
2025-10-27,300502,0,5,0,0,0,-0.15,0.63,shareholder_change,关于股东询价转让结果报告书暨控股股东权益变动触及1%整数倍的提示性公告
2025-10-28,300502,0,5,0,0,0,-0.14999999999999997,0.63,shareholder_change,关于股东询价转让结果报告书暨控股股东权益变动触及1%整数倍的提示性公告
2025-10-29,300502,0,5,0,0,0,-0.15000000000000002,0.63,shareholder_change,关于股东询价转让结果报告书暨控股股东权益变动触及1%整数倍的提示性公告
2025-10-30,300502,3,8,0,0,0,-0.026040595644809955,0.525,general_news,2025年三季度报告
2025-10-31,300502,3,6,0,0,0,-0.02509344265200261,0.48999999999999994,general_news,2025年三季度报告
2025-11-03,300502,3,6,0,0,0,-0.025093442652002602,0.48999999999999994,general_news,2025年三季度报告
2025-11-04,300502,3,6,0,0,0,-0.02509344265200261,0.48999999999999994,general_news,2025年三季度报告
2025-11-05,300502,0,6,0,0,0,-0.025093442652002602,0.48999999999999994,general_news,2025年三季度报告
2025-11-06,300502,0,6,0,0,0,-0.025093442652002602,0.48999999999999994,general_news,2025年三季度报告
2025-11-07,300502,0,6,0,0,0,-0.025093442652002605,0.48999999999999994,general_news,2025年三季度报告
2025-11-10,300502,0,5,0,0,0,-0.02334312019848267,0.4619999999999999,general_news,2025年三季度报告
2025-11-11,300502,0,5,0,0,0,-0.023343120198482663,0.4619999999999999,general_news,2025年三季度报告
2025-11-12,300502,0,5,0,0,0,-0.02334312019848267,0.4619999999999999,general_news,2025年三季度报告
2025-11-13,300502,0,5,0,0,0,-0.02334312019848267,0.4619999999999999,general_news,2025年三季度报告
2025-11-14,300502,0,5,0,0,0,-0.023343120198482666,0.4619999999999999,general_news,2025年三季度报告
2025-11-17,300502,0,5,0,0,0,-0.023343120198482673,0.4619999999999999,general_news,2025年三季度报告
2025-11-18,300502,0,5,0,0,0,-0.02334312019848267,0.4619999999999999,general_news,2025年三季度报告
2025-11-19,300502,0,5,0,0,0,-0.023343120198482663,0.4619999999999999,general_news,2025年三季度报告
2025-11-20,300502,0,5,0,0,0,-0.02334312019848267,0.4619999999999999,general_news,2025年三季度报告
2025-11-21,300502,0,3,0,0,0,0.0,0.3499999999999999,general_news,2025年三季度报告
2025-11-24,300502,0,3,0,0,0,0.0,0.3499999999999999,general_news,2025年三季度报告
2025-11-25,300502,0,3,0,0,0,0.0,0.3499999999999999,general_news,2025年三季度报告
2025-11-26,300502,0,3,0,0,0,0.0,0.3499999999999999,general_news,2025年三季度报告
2025-11-27,300502,0,3,0,0,0,0.0,0.3499999999999999,general_news,2025年三季度报告
2025-11-28,300502,0,3,0,0,0,0.0,0.3499999999999999,general_news,2025年三季度报告
2025-12-22,300502,1,1,0,0,0,0.0,0.35,general_news,关于2024年限制性股票激励计划首次授予第一期第二批次归属结果暨股份上市的公告
2025-12-23,300502,1,1,0,0,0,0.0,0.35,general_news,关于2024年限制性股票激励计划首次授予第一期第二批次归属结果暨股份上市的公告
2025-12-24,300502,1,1,0,0,0,0.0,0.35,general_news,关于2024年限制性股票激励计划首次授予第一期第二批次归属结果暨股份上市的公告
2025-12-25,300502,1,1,0,0,0,0.0,0.35,general_news,关于2024年限制性股票激励计划首次授予第一期第二批次归属结果暨股份上市的公告
2025-12-26,300502,1,1,0,0,0,0.0,0.35,general_news,关于2024年限制性股票激励计划首次授予第一期第二批次归属结果暨股份上市的公告
2025-12-29,300502,0,1,0,0,0,0.0,0.35,general_news,关于2024年限制性股票激励计划首次授予第一期第二批次归属结果暨股份上市的公告
2025-12-30,300502,0,1,0,0,0,0.0,0.35,general_news,关于2024年限制性股票激励计划首次授予第一期第二批次归属结果暨股份上市的公告
2025-12-31,300502,0,1,0,0,0,0.0,0.35,general_news,关于2024年限制性股票激励计划首次授予第一期第二批次归属结果暨股份上市的公告
2026-01-01,300502,0,1,0,0,0,0.0,0.35,general_news,关于2024年限制性股票激励计划首次授予第一期第二批次归属结果暨股份上市的公告
2026-01-02,300502,0,1,0,0,0,0.0,0.35,general_news,关于2024年限制性股票激励计划首次授予第一期第二批次归属结果暨股份上市的公告
2026-01-05,300502,0,1,0,0,0,0.0,0.35,general_news,关于2024年限制性股票激励计划首次授予第一期第二批次归属结果暨股份上市的公告
2026-01-06,300502,0,1,0,0,0,0.0,0.35,general_news,关于2024年限制性股票激励计划首次授予第一期第二批次归属结果暨股份上市的公告
2026-01-07,300502,0,1,0,0,0,0.0,0.35,general_news,关于2024年限制性股票激励计划首次授予第一期第二批次归属结果暨股份上市的公告
2026-01-08,300502,0,1,0,0,0,0.0,0.35,general_news,关于2024年限制性股票激励计划首次授予第一期第二批次归属结果暨股份上市的公告
2026-01-09,300502,0,1,0,0,0,0.0,0.35,general_news,关于2024年限制性股票激励计划首次授予第一期第二批次归属结果暨股份上市的公告
2026-01-12,300502,0,1,0,0,0,0.0,0.35,general_news,关于2024年限制性股票激励计划首次授予第一期第二批次归属结果暨股份上市的公告
2026-01-13,300502,0,1,0,0,0,0.0,0.35,general_news,关于2024年限制性股票激励计划首次授予第一期第二批次归属结果暨股份上市的公告
2026-01-14,300502,0,1,0,0,0,0.0,0.35,general_news,关于2024年限制性股票激励计划首次授予第一期第二批次归属结果暨股份上市的公告
2026-01-15,300502,0,1,0,0,0,0.0,0.35,general_news,关于2024年限制性股票激励计划首次授予第一期第二批次归属结果暨股份上市的公告
2026-01-16,300502,0,1,0,0,0,0.0,0.35,general_news,关于2024年限制性股票激励计划首次授予第一期第二批次归属结果暨股份上市的公告
2026-01-19,300502,0,1,0,0,0,0.0,0.35,general_news,关于2024年限制性股票激励计划首次授予第一期第二批次归属结果暨股份上市的公告
2026-01-20,300502,0,1,0,0,0,0.0,0.35,general_news,关于2024年限制性股票激励计划首次授予第一期第二批次归属结果暨股份上市的公告
2026-01-21,300502,0,1,0,0,0,0.0,0.35,general_news,关于2024年限制性股票激励计划首次授予第一期第二批次归属结果暨股份上市的公告
2026-01-30,300502,1,1,0,0,0,0.0,0.35,general_news,2025年度业绩预告
2026-02-02,300502,1,1,0,0,0,0.0,0.35,general_news,2025年度业绩预告
2026-02-03,300502,1,1,0,0,0,0.0,0.35,general_news,2025年度业绩预告
2026-02-04,300502,1,1,0,0,0,0.0,0.35,general_news,2025年度业绩预告
2026-02-05,300502,0,1,0,0,0,0.0,0.35,general_news,2025年度业绩预告
2026-02-06,300502,0,1,0,0,0,0.0,0.35,general_news,2025年度业绩预告
2026-02-09,300502,0,1,0,0,0,0.0,0.35,general_news,2025年度业绩预告
2026-02-10,300502,0,1,0,0,0,0.0,0.35,general_news,2025年度业绩预告
2026-02-11,300502,0,1,0,0,0,0.0,0.35,general_news,2025年度业绩预告
2026-02-12,300502,0,1,0,0,0,0.0,0.35,general_news,2025年度业绩预告
2026-02-13,300502,0,1,0,0,0,0.0,0.35,general_news,2025年度业绩预告
2026-02-16,300502,0,1,0,0,0,0.0,0.35,general_news,2025年度业绩预告
2026-02-17,300502,0,1,0,0,0,0.0,0.35,general_news,2025年度业绩预告
2026-02-18,300502,0,1,0,0,0,0.0,0.35,general_news,2025年度业绩预告
2026-02-19,300502,0,1,0,0,0,0.0,0.35,general_news,2025年度业绩预告
2026-02-20,300502,0,1,0,0,0,0.0,0.35,general_news,2025年度业绩预告
2026-02-23,300502,0,1,0,0,0,0.0,0.35,general_news,2025年度业绩预告
2026-02-24,300502,0,1,0,0,0,0.0,0.35,general_news,2025年度业绩预告
2026-02-25,300502,0,1,0,0,0,0.0,0.35,general_news,2025年度业绩预告
2026-02-26,300502,0,1,0,0,0,0.0,0.35,general_news,2025年度业绩预告
2026-02-27,300502,0,1,0,0,0,0.0,0.35,general_news,2025年度业绩预告
2026-03-30,300502,6,6,0,0,0,-0.024999999999999994,0.39666666666666667,general_news,第五届董事会第十二次会议决议公告
2026-03-31,300502,6,6,0,0,0,-0.025,0.39666666666666667,general_news,第五届董事会第十二次会议决议公告
2026-04-01,300502,6,6,0,0,0,-0.024999999999999994,0.39666666666666667,general_news,第五届董事会第十二次会议决议公告
2026-04-02,300502,6,6,0,0,0,-0.025,0.39666666666666667,general_news,第五届董事会第十二次会议决议公告
2026-04-03,300502,0,6,0,0,0,-0.025,0.39666666666666667,general_news,第五届董事会第十二次会议决议公告
2026-04-06,300502,0,6,0,0,0,-0.025,0.39666666666666667,general_news,第五届董事会第十二次会议决议公告
2026-04-07,300502,0,6,0,0,0,-0.024999999999999998,0.39666666666666667,general_news,第五届董事会第十二次会议决议公告
2026-04-08,300502,0,6,0,0,0,-0.025,0.39666666666666667,general_news,第五届董事会第十二次会议决议公告
2026-04-09,300502,0,6,0,0,0,-0.024999999999999998,0.39666666666666667,general_news,第五届董事会第十二次会议决议公告
2026-04-10,300502,0,6,0,0,0,-0.025,0.39666666666666667,general_news,第五届董事会第十二次会议决议公告
2026-04-13,300502,2,8,0,0,0,-0.12077779476248145,0.45499999999999996,shareholder_change,成都新易盛通信技术股份有限公司2026年第一次临时股东会决议公告
2026-04-14,300502,2,8,0,0,0,-0.12077779476248142,0.45499999999999996,shareholder_change,成都新易盛通信技术股份有限公司2026年第一次临时股东会决议公告
2026-04-15,300502,2,8,0,0,0,-0.12077779476248145,0.45499999999999996,shareholder_change,成都新易盛通信技术股份有限公司2026年第一次临时股东会决议公告
2026-04-16,300502,2,8,0,0,0,-0.12077779476248145,0.45499999999999996,shareholder_change,成都新易盛通信技术股份有限公司2026年第一次临时股东会决议公告
2026-04-17,300502,2,8,0,0,0,-0.12077779476248146,0.45499999999999996,shareholder_change,成都新易盛通信技术股份有限公司2026年第一次临时股东会决议公告
2026-04-20,300502,0,8,0,0,0,-0.12077779476248145,0.45499999999999996,shareholder_change,成都新易盛通信技术股份有限公司2026年第一次临时股东会决议公告
2026-04-21,300502,0,8,0,0,0,-0.12077779476248146,0.45499999999999996,shareholder_change,成都新易盛通信技术股份有限公司2026年第一次临时股东会决议公告
2026-04-22,300502,0,8,0,0,0,-0.12077779476248146,0.45499999999999996,shareholder_change,成都新易盛通信技术股份有限公司2026年第一次临时股东会决议公告
2026-04-23,300502,0,8,0,0,0,-0.12077779476248145,0.45499999999999996,shareholder_change,成都新易盛通信技术股份有限公司2026年第一次临时股东会决议公告
2026-04-24,300502,31,39,0,0,0,-0.006831902874677531,0.37871794871794867,general_news,第五届董事会第十三次会议决议公告
2026-04-27,300502,31,39,0,0,0,-0.006831902874677527,0.37871794871794867,general_news,第五届董事会第十三次会议决议公告
2026-04-28,300502,31,33,0,0,0,-0.006758589888678711,0.37545454545454543,general_news,关于2024年限制性股票激励计划首次授予第二期归属条件成就的公告
2026-04-29,300502,31,33,0,0,0,-0.006758589888678714,0.37545454545454543,general_news,关于2024年限制性股票激励计划首次授予第二期归属条件成就的公告
2026-04-30,300502,1,34,0,0,0,-0.006287012664093014,0.3747058823529412,general_news,关于完成工商登记变更并换发营业执照的公告
2026-05-01,300502,1,34,0,0,0,-0.006287012664093014,0.3747058823529412,general_news,关于完成工商登记变更并换发营业执照的公告
2026-05-04,300502,1,34,0,0,0,-0.006287012664093014,0.3747058823529412,general_news,关于完成工商登记变更并换发营业执照的公告
2026-05-05,300502,1,34,0,0,0,-0.006287012664093016,0.3747058823529412,general_news,关于完成工商登记变更并换发营业执照的公告
2026-05-06,300502,0,34,0,0,0,-0.006287012664093016,0.3747058823529412,general_news,关于完成工商登记变更并换发营业执照的公告
2026-05-07,300502,0,34,0,0,0,-0.006287012664093015,0.3747058823529412,general_news,关于完成工商登记变更并换发营业执照的公告
2026-05-08,300502,0,34,0,0,0,-0.006287012664093013,0.3747058823529412,general_news,关于完成工商登记变更并换发营业执照的公告
2026-05-11,300502,0,34,0,0,0,-0.006287012664093015,0.3747058823529412,general_news,关于完成工商登记变更并换发营业执照的公告
2026-05-12,300502,0,34,0,0,0,-0.006287012664093015,0.3747058823529412,general_news,关于完成工商登记变更并换发营业执照的公告
2026-05-13,300502,0,34,0,0,0,-0.0062870126640930165,0.3747058823529412,general_news,关于完成工商登记变更并换发营业执照的公告
2026-05-14,300502,0,32,0,0,0,-0.004496885667119631,0.35875,general_news,关于完成工商登记变更并换发营业执照的公告
2026-05-15,300502,2,34,0,0,0,-0.08399118322576664,0.3747058823529411,shareholder_change,北京国枫律师事务所关于成都新易盛通信技术股份有限公司2025年度股东会的法律意见书
2026-05-18,300502,2,34,0,0,0,-0.08399118322576664,0.3747058823529411,shareholder_change,北京国枫律师事务所关于成都新易盛通信技术股份有限公司2025年度股东会的法律意见书
2026-05-19,300502,3,35,0,0,0,-0.05660817654053589,0.37399999999999994,general_news,关于2024年限制性股票激励计划首次授予第二期归属结果暨股份上市的公告
2026-05-20,300502,3,35,0,0,0,-0.056608176540535876,0.37399999999999994,general_news,关于2024年限制性股票激励计划首次授予第二期归属结果暨股份上市的公告
2026-05-21,300502,1,35,0,0,0,-0.056608176540535904,0.37399999999999994,general_news,关于2024年限制性股票激励计划首次授予第二期归属结果暨股份上市的公告
2026-05-22,300502,1,35,0,0,0,-0.05660817654053589,0.37399999999999994,general_news,关于2024年限制性股票激励计划首次授予第二期归属结果暨股份上市的公告
2026-05-25,300502,0,4,0,0,0,-0.0771582291194345,0.49,general_news,关于2024年限制性股票激励计划首次授予第二期归属结果暨股份上市的公告
2026-05-26,300502,1,5,0,0,0,0.020841140530384904,0.462,general_news,午后突发！300502，大涨！股价突破700元，市值一度站上7000亿，创历史新高｜盘中速报
2026-05-27,300502,1,5,0,0,0,0.020841140530384893,0.462,general_news,午后突发！300502，大涨！股价突破700元，市值一度站上7000亿，创历史新高｜盘中速报
2026-05-28,300502,1,5,0,0,0,0.020841140530384918,0.462,general_news,午后突发！300502，大涨！股价突破700元，市值一度站上7000亿，创历史新高｜盘中速报
2026-05-29,300502,1,5,0,0,0,0.020841140530384904,0.462,general_news,午后突发！300502，大涨！股价突破700元，市值一度站上7000亿，创历史新高｜盘中速报
2026-06-01,300502,0,4,0,0,0,0.02112596993316883,0.49,general_news,午后突发！300502，大涨！股价突破700元，市值一度站上7000亿，创历史新高｜盘中速报
2026-06-02,300502,0,4,0,0,0,0.02112596993316884,0.49,general_news,午后突发！300502，大涨！股价突破700元，市值一度站上7000亿，创历史新高｜盘中速报
2026-06-03,300502,0,4,0,0,0,0.021125969933168835,0.49,general_news,午后突发！300502，大涨！股价突破700元，市值一度站上7000亿，创历史新高｜盘中速报
2026-06-04,300502,1,5,1,0,0,0.3083787346079523,0.534,buyback_dividend,2025年年度分红派息、转增股本实施公告
2026-06-05,300502,1,5,1,0,0,0.3083787346079523,0.534,buyback_dividend,2025年年度分红派息、转增股本实施公告
2026-06-08,300502,1,5,1,0,0,0.30837873460795234,0.534,buyback_dividend,2025年年度分红派息、转增股本实施公告
2026-06-09,300502,1,5,1,0,0,0.3083787346079523,0.534,buyback_dividend,2025年年度分红派息、转增股本实施公告
2026-06-10,300502,6,11,1,0,0,-0.03838221642128891,0.5099999999999999,general_news,7000亿光模块龙头 筹划在港股上市
2026-03-03,603019,1,1,0,0,0,-0.15,0.63,shareholder_change,中科曙光董事、高管减持股份计划公告
2026-03-04,603019,1,1,0,0,0,-0.15,0.63,shareholder_change,中科曙光董事、高管减持股份计划公告
2026-03-05,603019,1,1,0,0,0,-0.15,0.63,shareholder_change,中科曙光董事、高管减持股份计划公告
2026-03-06,603019,1,1,0,0,0,-0.15,0.63,shareholder_change,中科曙光董事、高管减持股份计划公告
2026-03-09,603019,0,1,0,0,0,-0.14999999999999997,0.63,shareholder_change,中科曙光董事、高管减持股份计划公告
2026-03-10,603019,3,4,0,0,0,-0.06092317725730359,0.49,general_news,中科曙光第五届董事会第二十八次会议决议公告
2026-03-11,603019,3,4,0,0,0,-0.0609231772573036,0.49,general_news,中科曙光第五届董事会第二十八次会议决议公告
2026-03-12,603019,3,4,0,0,0,-0.06092317725730359,0.49,general_news,中科曙光第五届董事会第二十八次会议决议公告
2026-03-13,603019,3,4,0,0,0,-0.06092317725730358,0.49,general_news,中科曙光第五届董事会第二十八次会议决议公告
2026-03-16,603019,0,4,0,0,0,-0.06092317725730359,0.49,general_news,中科曙光第五届董事会第二十八次会议决议公告
2026-03-17,603019,0,4,0,0,0,-0.06092317725730358,0.49,general_news,中科曙光第五届董事会第二十八次会议决议公告
2026-03-18,603019,0,4,0,0,0,-0.0609231772573036,0.49,general_news,中科曙光第五届董事会第二十八次会议决议公告
2026-03-19,603019,0,4,0,0,0,-0.06092317725730359,0.49,general_news,中科曙光第五届董事会第二十八次会议决议公告
2026-03-20,603019,1,5,0,0,0,-0.11021543777950331,0.518,shareholder_change,中科曙光2026年第一次临时股东会会议材料
2026-03-23,603019,1,5,0,0,0,-0.11021543777950331,0.518,shareholder_change,中科曙光2026年第一次临时股东会会议材料
2026-03-24,603019,1,5,0,0,0,-0.11021543777950332,0.518,shareholder_change,中科曙光2026年第一次临时股东会会议材料
2026-03-25,603019,1,5,0,0,0,-0.11021543777950332,0.518,shareholder_change,中科曙光2026年第一次临时股东会会议材料
2026-03-26,603019,2,7,0,0,0,-0.13897303179592488,0.55,shareholder_change,中科曙光2026年第一次临时股东会决议公告
2026-03-27,603019,2,7,0,0,0,-0.13897303179592482,0.55,shareholder_change,中科曙光2026年第一次临时股东会决议公告
2026-03-30,603019,2,7,0,0,0,-0.13897303179592485,0.55,shareholder_change,中科曙光2026年第一次临时股东会决议公告
2026-03-31,603019,2,7,0,0,0,-0.1389730317959249,0.55,shareholder_change,中科曙光2026年第一次临时股东会决议公告
2026-04-01,603019,0,7,0,0,0,-0.1389730317959248,0.55,shareholder_change,中科曙光2026年第一次临时股东会决议公告
2026-04-02,603019,0,7,0,0,0,-0.13897303179592482,0.55,shareholder_change,中科曙光2026年第一次临时股东会决议公告
2026-04-03,603019,0,6,0,0,0,-0.13882188146712413,0.5366666666666667,shareholder_change,中科曙光2026年第一次临时股东会决议公告
2026-04-06,603019,0,6,0,0,0,-0.13882188146712413,0.5366666666666667,shareholder_change,中科曙光2026年第一次临时股东会决议公告
2026-04-07,603019,0,6,0,0,0,-0.1388218814671241,0.5366666666666667,shareholder_change,中科曙光2026年第一次临时股东会决议公告
2026-04-08,603019,2,8,0,0,0,-0.024382491714041943,0.49,general_news,中科曙光关于变更签字注册会计师的公告
2026-04-09,603019,2,8,0,0,0,-0.024382491714041946,0.49,general_news,中科曙光关于变更签字注册会计师的公告
2026-04-10,603019,2,5,0,0,0,-0.023869468384312885,0.518,general_news,中科曙光关于变更签字注册会计师的公告
2026-04-13,603019,2,5,0,0,0,-0.023869468384312878,0.518,general_news,中科曙光关于变更签字注册会计师的公告
2026-04-14,603019,0,5,0,0,0,-0.023869468384312878,0.518,general_news,中科曙光关于变更签字注册会计师的公告
2026-04-15,603019,50,55,0,0,0,-0.012204142494966937,0.3856363636363637,general_news,中科曙光第五届董事会第二十九次会议决议公告
2026-04-16,603019,51,56,0,0,0,-0.011933555128247656,0.38499999999999995,general_news,中科曙光关于2026年度日常关联交易预计的补充公告
2026-04-17,603019,51,56,0,0,0,-0.011933555128247652,0.38499999999999995,general_news,中科曙光关于2026年度日常关联交易预计的补充公告
2026-04-20,603019,51,55,0,0,0,-0.011868847419314441,0.3805454545454547,general_news,中科曙光关于2026年度日常关联交易预计的补充公告
2026-04-21,603019,1,55,0,0,0,-0.011868847419314444,0.3805454545454547,general_news,中科曙光关于2026年度日常关联交易预计的补充公告
2026-04-22,603019,0,55,0,0,0,-0.01186884741931444,0.3805454545454547,general_news,中科曙光关于2026年度日常关联交易预计的补充公告
2026-04-23,603019,0,55,0,0,0,-0.011868847419314441,0.3805454545454547,general_news,中科曙光关于2026年度日常关联交易预计的补充公告
2026-04-24,603019,0,55,0,0,0,-0.011868847419314441,0.3805454545454547,general_news,中科曙光关于2026年度日常关联交易预计的补充公告
2026-04-27,603019,10,63,0,0,0,-0.008637743225872574,0.3722222222222224,general_news,中科曙光603019.SH)：2026年一季报净利润为2.28亿元、同比较去年同期上涨22.19%
2026-04-28,603019,10,63,0,0,0,-0.008637743225872574,0.3722222222222224,general_news,中科曙光603019.SH)：2026年一季报净利润为2.28亿元、同比较去年同期上涨22.19%
2026-04-29,603019,10,63,0,0,0,-0.008637743225872576,0.3722222222222224,general_news,中科曙光603019.SH)：2026年一季报净利润为2.28亿元、同比较去年同期上涨22.19%
2026-04-30,603019,11,64,0,0,0,-0.007916911842708334,0.371875,general_news,中科曙光2026年度“提质增效重回报”行动方案
2026-05-01,603019,1,64,0,0,0,-0.007916911842708334,0.371875,general_news,中科曙光2026年度“提质增效重回报”行动方案
2026-05-04,603019,1,64,0,0,0,-0.007916911842708336,0.371875,general_news,中科曙光2026年度“提质增效重回报”行动方案
2026-05-05,603019,1,64,0,0,0,-0.007916911842708336,0.371875,general_news,中科曙光2026年度“提质增效重回报”行动方案
2026-05-06,603019,0,64,0,0,0,-0.007916911842708334,0.371875,general_news,中科曙光2026年度“提质增效重回报”行动方案
2026-05-07,603019,7,71,0,3,3,-0.21343215727247805,0.38943661971831006,regulatory_inquiry,中科曙光关于向不特定对象发行可转换公司债券审核问询函回复的提示性公告
2026-05-08,603019,7,71,0,3,3,-0.21343215727247797,0.38943661971831006,regulatory_inquiry,中科曙光关于向不特定对象发行可转换公司债券审核问询函回复的提示性公告
2026-05-11,603019,7,69,0,3,3,-0.21402790045194464,0.3905797101449277,regulatory_inquiry,中科曙光关于向不特定对象发行可转换公司债券审核问询函回复的提示性公告
2026-05-12,603019,7,69,0,3,3,-0.21402790045194456,0.3905797101449277,regulatory_inquiry,中科曙光关于向不特定对象发行可转换公司债券审核问询函回复的提示性公告
2026-05-13,603019,0,69,0,3,3,-0.21402790045194442,0.3905797101449277,regulatory_inquiry,中科曙光关于向不特定对象发行可转换公司债券审核问询函回复的提示性公告
2026-05-14,603019,0,69,0,3,3,-0.21402790045194445,0.3905797101449277,regulatory_inquiry,中科曙光关于向不特定对象发行可转换公司债券审核问询函回复的提示性公告
2026-05-15,603019,0,69,0,3,3,-0.21402790045194459,0.3905797101449277,regulatory_inquiry,中科曙光关于向不特定对象发行可转换公司债券审核问询函回复的提示性公告
2026-05-18,603019,0,18,0,3,3,-0.26273928347202674,0.4433333333333333,general_news,中科曙光第六届董事会第一次会议决议公告
2026-05-19,603019,0,18,0,3,3,-0.2627392834720267,0.4433333333333333,general_news,中科曙光第六届董事会第一次会议决议公告
2026-05-20,603019,0,18,0,3,3,-0.2627392834720268,0.4433333333333333,general_news,中科曙光第六届董事会第一次会议决议公告
2026-05-21,603019,0,18,0,3,3,-0.2627392834720268,0.4433333333333333,general_news,中科曙光第六届董事会第一次会议决议公告
2026-05-22,603019,0,18,0,3,3,-0.2627392834720267,0.4433333333333333,general_news,中科曙光第六届董事会第一次会议决议公告
2026-05-25,603019,0,18,0,3,3,-0.2627392834720267,0.4433333333333333,general_news,中科曙光第六届董事会第一次会议决议公告
2026-05-26,603019,2,10,1,3,3,0.11695271768021481,0.518,buyback_dividend,北京市中伦律师事务所关于曙光信息产业股份有限公司差异化分红的法律意见书
2026-05-27,603019,3,11,1,3,3,0.12742094675447166,0.5281818181818182,fund_flow,计算机行业5月27日资金流向日报
2026-05-28,603019,4,12,1,3,3,0.13346352695373792,0.5366666666666666,fund_flow,37.44亿元主力资金今日撤离计算机板块
2026-05-29,603019,5,13,1,3,3,0.10198053212158786,0.5223076923076923,general_news,中科曙光关于向不特定对象发行可转换公司债券申请获得上海证券交易所上市审核委员会审核通过的公告
2026-06-01,603019,6,15,1,3,3,0.12721210808570063,0.5553333333333333,fund_flow,解密主力资金出逃股 连续5日净流出650股
2026-06-02,603019,5,15,1,3,3,0.12721210808570077,0.5553333333333333,fund_flow,解密主力资金出逃股 连续5日净流出650股
2026-06-03,603019,4,15,1,3,3,0.12721210808570074,0.5553333333333333,fund_flow,解密主力资金出逃股 连续5日净流出650股
2026-06-04,603019,3,15,1,3,3,0.12721210808570071,0.5553333333333333,fund_flow,解密主力资金出逃股 连续5日净流出650股
2026-06-05,603019,4,16,1,3,3,0.13257669470777284,0.56,fund_flow,新型工业化概念涨2.21%，主力资金净流入这些股
2026-02-09,603501,1,1,1,0,0,0.20000000000000004,0.63,commodity_shock,关于部分行使超额配售权、稳定价格行动及稳定价格期结束的公告
2026-02-10,603501,1,1,1,0,0,0.20000000000000004,0.63,commodity_shock,关于部分行使超额配售权、稳定价格行动及稳定价格期结束的公告
2026-02-11,603501,1,1,1,0,0,0.2,0.63,commodity_shock,关于部分行使超额配售权、稳定价格行动及稳定价格期结束的公告
2026-02-12,603501,2,2,2,0,0,0.20000000000000004,0.63,commodity_shock,关于可转换公司债券转股价格调整暨转股停牌的公告
2026-02-13,603501,1,2,2,0,0,0.2,0.63,commodity_shock,关于可转换公司债券转股价格调整暨转股停牌的公告
2026-02-16,603501,1,2,2,0,0,0.20000000000000004,0.63,commodity_shock,关于可转换公司债券转股价格调整暨转股停牌的公告
2026-02-17,603501,1,2,2,0,0,0.2,0.63,commodity_shock,关于可转换公司债券转股价格调整暨转股停牌的公告
2026-02-18,603501,0,2,2,0,0,0.2,0.63,commodity_shock,关于可转换公司债券转股价格调整暨转股停牌的公告
2026-02-19,603501,0,2,2,0,0,0.2,0.63,commodity_shock,关于可转换公司债券转股价格调整暨转股停牌的公告
2026-02-20,603501,0,2,2,0,0,0.19999999999999998,0.63,commodity_shock,关于可转换公司债券转股价格调整暨转股停牌的公告
2026-02-23,603501,0,2,2,0,0,0.19999999999999998,0.63,commodity_shock,关于可转换公司债券转股价格调整暨转股停牌的公告
2026-02-24,603501,0,2,2,0,0,0.20000000000000004,0.63,commodity_shock,关于可转换公司债券转股价格调整暨转股停牌的公告
2026-02-25,603501,0,2,2,0,0,0.2,0.63,commodity_shock,关于可转换公司债券转股价格调整暨转股停牌的公告
2026-02-26,603501,0,2,2,0,0,0.2,0.63,commodity_shock,关于可转换公司债券转股价格调整暨转股停牌的公告
2026-02-27,603501,0,2,2,0,0,0.2,0.63,commodity_shock,关于可转换公司债券转股价格调整暨转股停牌的公告
2026-03-02,603501,1,3,2,0,0,0.026311763573153183,0.5366666666666666,general_news,关于2022年员工持股计划的进展公告
2026-03-03,603501,1,3,2,0,0,0.026311763573153193,0.5366666666666666,general_news,关于2022年员工持股计划的进展公告
2026-03-04,603501,1,3,2,0,0,0.026311763573153187,0.5366666666666666,general_news,关于2022年员工持股计划的进展公告
2026-03-05,603501,1,3,2,0,0,0.026311763573153193,0.5366666666666666,general_news,关于2022年员工持股计划的进展公告
2026-03-06,603501,0,3,2,0,0,0.026311763573153187,0.5366666666666666,general_news,关于2022年员工持股计划的进展公告
2026-03-09,603501,7,10,2,0,0,0.0015014123392207055,0.40599999999999997,general_news,关于董事、高级管理人员离任暨补选董事的公告
2026-03-10,603501,7,9,1,0,0,0.0010104623784430932,0.38111111111111107,general_news,关于董事、高级管理人员离任暨补选董事的公告
2026-03-11,603501,7,9,1,0,0,0.001010462378443093,0.38111111111111107,general_news,关于董事、高级管理人员离任暨补选董事的公告
2026-03-12,603501,7,9,1,0,0,0.0010104623784430932,0.38111111111111107,general_news,关于董事、高级管理人员离任暨补选董事的公告
2026-03-13,603501,0,9,1,0,0,0.0010104623784430928,0.38111111111111107,general_news,关于董事、高级管理人员离任暨补选董事的公告
2026-03-16,603501,0,8,0,0,0,0.0,0.35,general_news,关于董事、高级管理人员离任暨补选董事的公告
2026-03-17,603501,0,8,0,0,0,0.0,0.35,general_news,关于董事、高级管理人员离任暨补选董事的公告
2026-03-18,603501,0,8,0,0,0,0.0,0.35,general_news,关于董事、高级管理人员离任暨补选董事的公告
2026-03-19,603501,1,9,0,0,0,0.0,0.35,general_news,H股公告-董事会召开日期
2026-03-20,603501,1,9,0,0,0,0.0,0.35,general_news,H股公告-董事会召开日期
2026-03-23,603501,2,10,0,0,0,0.0,0.35,general_news,关于增资荣芯半导体（宁波）有限公司暨关联交易的公告
2026-03-24,603501,2,10,0,0,0,0.0,0.35,general_news,关于增资荣芯半导体（宁波）有限公司暨关联交易的公告
2026-03-25,603501,1,10,0,0,0,0.0,0.35,general_news,关于增资荣芯半导体（宁波）有限公司暨关联交易的公告
2026-03-26,603501,1,10,0,0,0,0.0,0.35,general_news,关于增资荣芯半导体（宁波）有限公司暨关联交易的公告
2026-03-27,603501,0,10,0,0,0,0.0,0.35,general_news,关于增资荣芯半导体（宁波）有限公司暨关联交易的公告
2026-03-30,603501,0,10,0,0,0,0.0,0.35,general_news,关于增资荣芯半导体（宁波）有限公司暨关联交易的公告
2026-03-31,603501,28,37,2,0,0,0.0331625450223151,0.3802702702702702,industry_policy,关于会计政策变更的公告
2026-04-01,603501,28,37,2,0,0,0.03316254502231511,0.3802702702702702,industry_policy,关于会计政策变更的公告
2026-04-02,603501,29,38,2,0,0,0.03169044693265455,0.37947368421052624,general_news,关于可转债转股、H股发行并上市交易及股权激励计划自主行权结果暨股份变动公告
2026-04-03,603501,29,38,2,0,0,0.03169044693265456,0.37947368421052624,general_news,关于可转债转股、H股发行并上市交易及股权激励计划自主行权结果暨股份变动公告
2026-04-06,603501,2,39,3,0,0,0.05502211626472098,0.3858974358974358,buyback_dividend,关于以集中竞价交易方式回购股份的回购报告书
2026-04-07,603501,2,32,3,0,0,0.05541841459241873,0.39375,buyback_dividend,关于以集中竞价交易方式回购股份的回购报告书
2026-04-08,603501,2,33,4,0,0,0.0911196161673438,0.4009090909090909,buyback_dividend,关于以集中竞价方式首次回购股份的进展公告
2026-04-09,603501,2,33,4,0,0,0.0911196161673438,0.4009090909090909,buyback_dividend,关于以集中竞价方式首次回购股份的进展公告
2026-04-10,603501,1,33,4,0,0,0.09111961616734382,0.4009090909090909,buyback_dividend,关于以集中竞价方式首次回购股份的进展公告
2026-04-13,603501,2,34,4,0,0,0.06171450416270954,0.4076470588235294,shareholder_change,关于回购A股股份事项前十大股东、前十大无限售条件股东持股情况的公告
2026-04-14,603501,1,34,4,0,0,0.06171450416270955,0.4076470588235294,shareholder_change,关于回购A股股份事项前十大股东、前十大无限售条件股东持股情况的公告
2026-04-15,603501,1,34,4,0,0,0.06171450416270954,0.4076470588235294,shareholder_change,关于回购A股股份事项前十大股东、前十大无限售条件股东持股情况的公告
2026-04-16,603501,3,36,4,0,0,-0.008690333956315946,0.42,shareholder_change,关于召开2025年年度股东会的通知
2026-04-17,603501,2,36,4,0,0,-0.008690333956315965,0.42,shareholder_change,关于召开2025年年度股东会的通知
2026-04-20,603501,3,36,4,0,0,-0.007133654919832156,0.42,general_news,H股公告-董事会会议日期
2026-04-21,603501,3,35,4,0,0,-0.007157465116251832,0.422,general_news,H股公告-董事会会议日期
2026-04-22,603501,1,35,4,0,0,-0.007157465116251833,0.422,general_news,H股公告-董事会会议日期
2026-04-23,603501,1,35,4,0,0,-0.007157465116251841,0.422,general_news,H股公告-董事会会议日期
2026-04-24,603501,1,36,5,0,0,0.13017951624502272,0.4277777777777778,buyback_dividend,关于召开2025年年度业绩暨现金分红说明会的公告
2026-04-27,603501,1,36,5,0,0,0.13017951624502275,0.4277777777777778,buyback_dividend,关于召开2025年年度业绩暨现金分红说明会的公告
2026-04-28,603501,3,38,5,0,0,0.06307309378567384,0.42368421052631583,general_news,平安证券股份有限公司关于豪威集成电路（集团）股份有限公司可转换公司债券回售有关事项的核查意见
2026-04-29,603501,4,39,5,0,0,0.04861775159825368,0.42179487179487185,general_news,关于“韦尔转债”回售的第一次提示性公告
2026-04-30,603501,11,47,5,1,1,-0.03955929430456643,0.4214893617021278,performance_miss,豪威集团603501.SH)2026年一季报净利润为5.03亿元、较去年同期下降41.92%
2026-05-01,603501,12,20,3,1,1,-0.03817984037112656,0.462,general_news,关于“韦尔转债”回售的第三次提示性公告
2026-05-04,603501,10,19,3,1,1,-0.038235639161933316,0.4678947368421053,general_news,关于“韦尔转债”回售的第三次提示性公告
2026-05-05,603501,9,18,2,1,1,-0.03918700977635396,0.4588888888888889,general_news,关于“韦尔转债”回售的第三次提示性公告
2026-05-06,603501,1,18,2,1,1,-0.03918700977635397,0.4588888888888889,general_news,关于“韦尔转债”回售的第三次提示性公告
2026-05-07,603501,2,20,3,1,1,0.04085249097389923,0.4620000000000001,buyback_dividend,关于以集中竞价方式回购股份的进展公告
2026-05-08,603501,5,23,3,1,1,-0.007591371625798407,0.47173913043478277,shareholder_change,2025年年度股东会决议公告
2026-05-11,603501,6,23,2,1,1,-0.007342046422761139,0.45956521739130446,general_news,关于“韦尔转债”回售的第六次提示性公告
2026-05-12,603501,7,23,2,1,1,-0.005962847940867689,0.44739130434782615,general_news,关于“韦尔转债”回售的第七次提示性公告
2026-05-13,603501,6,24,2,1,1,-0.0050708204989834095,0.44333333333333336,general_news,关于“韦尔转债”回售的第八次提示性公告
2026-05-14,603501,4,25,2,1,1,-0.004324533589120413,0.4396,general_news,关于“韦尔转债”回售的第九次提示性公告
2026-05-15,603501,3,25,2,1,1,-0.004324533589120413,0.4396,general_news,关于“韦尔转债”回售的第九次提示性公告
2026-05-18,603501,3,24,3,1,1,0.0710773068116777,0.43166666666666664,buyback_dividend,关于回购股份注销并减少注册资本通知债权人公告
2026-05-19,603501,3,24,3,1,1,0.056883501324408794,0.43166666666666664,general_news,关于“韦尔转债”回售结果的公告
2026-05-20,603501,2,24,3,1,1,0.056883501324408794,0.43166666666666664,general_news,关于“韦尔转债”回售结果的公告
2026-05-21,603501,2,24,3,1,1,0.0568835013244088,0.43166666666666664,general_news,关于“韦尔转债”回售结果的公告
2026-05-22,603501,1,24,3,1,1,0.05688350132440881,0.43166666666666664,general_news,关于“韦尔转债”回售结果的公告
2026-05-25,603501,3,26,2,1,1,0.026270208391157818,0.4146153846153845,general_news,关于可转换公司债券跟踪评级结果的公告
2026-05-26,603501,3,26,2,1,1,0.026270208391157825,0.4146153846153845,general_news,关于可转换公司债券跟踪评级结果的公告
2026-05-27,603501,3,26,2,1,1,0.026270208391157825,0.4146153846153845,general_news,关于可转换公司债券跟踪评级结果的公告
2026-05-28,603501,3,26,2,1,1,0.026270208391157825,0.4146153846153845,general_news,关于可转换公司债券跟踪评级结果的公告
2026-05-29,603501,6,30,6,1,1,0.13222366658903853,0.44333333333333325,commodity_shock,北京市天元律师事务所关于豪威集成电路（集团）股份有限公司股票期权激励计划调整行权价格的法律意见
2026-06-01,603501,7,21,6,0,0,0.09906242219471945,0.45666666666666667,general_news,短线防风险 93只个股短期均线现死叉
2026-06-02,603501,8,22,7,0,0,0.15275022138617175,0.4645454545454546,buyback_dividend,豪威集团回购208万股 金额1.96亿元
2026-06-03,603501,10,24,8,0,0,0.19116421800100314,0.47833333333333333,fund_flow,电子行业6月3日资金流向日报
2026-06-04,603501,5,25,8,0,0,0.16616199550771193,0.4732,general_news,电子行业资金流入榜：京东方A、兆易创新等净流入资金居前
2026-06-05,603501,5,25,8,0,0,0.166161995507712,0.4732,general_news,电子行业资金流入榜：京东方A、兆易创新等净流入资金居前
2026-06-08,603501,3,20,7,0,0,0.1681121110665118,0.4619999999999999,general_news,电子行业资金流入榜：京东方A、兆易创新等净流入资金居前
2026-06-09,603501,3,21,7,0,0,0.1620899602259899,0.48333333333333334,fund_flow,中芯国际概念涨6.71%，主力资金净流入66股
2026-06-10,603501,3,22,7,0,0,0.16004969345009082,0.4899999999999999,fund_flow,英伟达概念下跌3.37%，主力资金净流出65股
2025-09-10,688041,2,2,0,0,0,0.0,0.35,general_news,海光信息技术股份有限公司2025年限制性股票激励计划（草案）
2025-09-11,688041,2,2,0,0,0,0.0,0.35,general_news,海光信息技术股份有限公司2025年限制性股票激励计划（草案）
2025-09-12,688041,2,2,0,0,0,0.0,0.35,general_news,海光信息技术股份有限公司2025年限制性股票激励计划（草案）
2025-09-15,688041,2,2,0,0,0,0.0,0.35,general_news,海光信息技术股份有限公司2025年限制性股票激励计划（草案）
2025-09-16,688041,0,2,0,0,0,0.0,0.35,general_news,海光信息技术股份有限公司2025年限制性股票激励计划（草案）
2025-09-17,688041,0,2,0,0,0,0.0,0.35,general_news,海光信息技术股份有限公司2025年限制性股票激励计划（草案）
2025-09-18,688041,0,2,0,0,0,0.0,0.35,general_news,海光信息技术股份有限公司2025年限制性股票激励计划（草案）
2025-09-19,688041,1,3,0,0,0,-0.09659309127005271,0.44333333333333336,shareholder_change,海光信息技术股份有限公司2025年第二次临时股东会会议资料
2025-09-22,688041,2,4,0,0,0,-0.055422723950950166,0.42000000000000004,general_news,海光信息技术股份有限公司董事会薪酬与考核委员会关于公司2025年限制性股票激励激励计划激励对象名单的审核意见及公示情况说明
2025-09-23,688041,2,4,0,0,0,-0.05542272395095017,0.42000000000000004,general_news,海光信息技术股份有限公司董事会薪酬与考核委员会关于公司2025年限制性股票激励激励计划激励对象名单的审核意见及公示情况说明
2025-09-24,688041,2,4,0,0,0,-0.05542272395095018,0.42000000000000004,general_news,海光信息技术股份有限公司董事会薪酬与考核委员会关于公司2025年限制性股票激励激励计划激励对象名单的审核意见及公示情况说明
2025-09-25,688041,1,4,0,0,0,-0.05542272395095018,0.42000000000000004,general_news,海光信息技术股份有限公司董事会薪酬与考核委员会关于公司2025年限制性股票激励激励计划激励对象名单的审核意见及公示情况说明
2025-09-26,688041,3,7,0,0,0,-0.0888920364305156,0.47000000000000003,shareholder_change,海光信息技术股份有限公司2025年第二次临时股东会决议公告
2025-09-29,688041,3,7,0,0,0,-0.08889203643051558,0.47000000000000003,shareholder_change,海光信息技术股份有限公司2025年第二次临时股东会决议公告
2025-09-30,688041,3,7,0,0,0,-0.08889203643051558,0.47000000000000003,shareholder_change,海光信息技术股份有限公司2025年第二次临时股东会决议公告
2025-10-01,688041,4,8,1,0,0,0.09340999827531672,0.49,ma_restructuring,海光信息技术股份有限公司关于重大资产重组的进展公告
2025-10-02,688041,1,8,1,0,0,0.0934099982753167,0.49,ma_restructuring,海光信息技术股份有限公司关于重大资产重组的进展公告
2025-10-03,688041,1,8,1,0,0,0.09340999827531674,0.49,ma_restructuring,海光信息技术股份有限公司关于重大资产重组的进展公告
2025-10-06,688041,1,8,1,0,0,0.09340999827531671,0.49,ma_restructuring,海光信息技术股份有限公司关于重大资产重组的进展公告
2025-10-07,688041,0,8,1,0,0,0.09340999827531672,0.49,ma_restructuring,海光信息技术股份有限公司关于重大资产重组的进展公告
2025-10-08,688041,0,8,1,0,0,0.09340999827531672,0.49,ma_restructuring,海光信息技术股份有限公司关于重大资产重组的进展公告
2025-10-09,688041,0,8,1,0,0,0.09340999827531675,0.49,ma_restructuring,海光信息技术股份有限公司关于重大资产重组的进展公告
2025-10-10,688041,0,8,1,0,0,0.0934099982753167,0.49,ma_restructuring,海光信息技术股份有限公司关于重大资产重组的进展公告
2025-10-13,688041,0,6,1,0,0,0.09666619724306527,0.5366666666666666,ma_restructuring,海光信息技术股份有限公司关于重大资产重组的进展公告
2025-10-14,688041,0,6,1,0,0,0.09666619724306524,0.5366666666666666,ma_restructuring,海光信息技术股份有限公司关于重大资产重组的进展公告
2025-10-15,688041,0,6,1,0,0,0.09666619724306526,0.5366666666666666,ma_restructuring,海光信息技术股份有限公司关于重大资产重组的进展公告
2025-10-16,688041,3,9,1,0,0,0.009713178227529443,0.4744444444444444,general_news,海光信息技术股份有限公司关于首次公开发行股票募投项目结项并将节余募集资金永久补充流动资金的公告
2025-10-17,688041,3,9,1,0,0,0.009713178227529448,0.4744444444444444,general_news,海光信息技术股份有限公司关于首次公开发行股票募投项目结项并将节余募集资金永久补充流动资金的公告
2025-10-20,688041,3,8,1,0,0,0.010731426582154376,0.45499999999999996,general_news,海光信息技术股份有限公司关于首次公开发行股票募投项目结项并将节余募集资金永久补充流动资金的公告
2025-10-21,688041,3,7,1,0,0,0.010810935955090702,0.4699999999999999,general_news,海光信息技术股份有限公司关于首次公开发行股票募投项目结项并将节余募集资金永久补充流动资金的公告
2025-10-22,688041,0,7,1,0,0,0.010810935955090698,0.4699999999999999,general_news,海光信息技术股份有限公司关于首次公开发行股票募投项目结项并将节余募集资金永久补充流动资金的公告
2025-10-23,688041,0,7,1,0,0,0.010810935955090696,0.4699999999999999,general_news,海光信息技术股份有限公司关于首次公开发行股票募投项目结项并将节余募集资金永久补充流动资金的公告
2025-10-24,688041,0,7,1,0,0,0.010810935955090695,0.4699999999999999,general_news,海光信息技术股份有限公司关于首次公开发行股票募投项目结项并将节余募集资金永久补充流动资金的公告
2025-10-27,688041,0,4,1,0,0,0.016935585331340645,0.41999999999999993,general_news,海光信息技术股份有限公司关于首次公开发行股票募投项目结项并将节余募集资金永久补充流动资金的公告
2025-10-28,688041,0,4,1,0,0,0.016935585331340642,0.41999999999999993,general_news,海光信息技术股份有限公司关于首次公开发行股票募投项目结项并将节余募集资金永久补充流动资金的公告
2025-10-29,688041,0,4,1,0,0,0.01693558533134065,0.41999999999999993,general_news,海光信息技术股份有限公司关于首次公开发行股票募投项目结项并将节余募集资金永久补充流动资金的公告
2025-10-30,688041,1,5,2,0,0,0.3215065885287697,0.462,ma_restructuring,海光信息技术股份有限公司关于重大资产重组的进展公告
2025-10-31,688041,1,5,2,0,0,0.3215065885287698,0.462,ma_restructuring,海光信息技术股份有限公司关于重大资产重组的进展公告
2025-11-03,688041,1,4,1,0,0,0.32005556740241736,0.42000000000000004,ma_restructuring,海光信息技术股份有限公司关于重大资产重组的进展公告
2025-11-04,688041,1,4,1,0,0,0.3200555674024173,0.42000000000000004,ma_restructuring,海光信息技术股份有限公司关于重大资产重组的进展公告
2025-11-05,688041,0,4,1,0,0,0.3200555674024173,0.42000000000000004,ma_restructuring,海光信息技术股份有限公司关于重大资产重组的进展公告
2025-11-06,688041,0,4,1,0,0,0.32005556740241725,0.42000000000000004,ma_restructuring,海光信息技术股份有限公司关于重大资产重组的进展公告
2025-11-07,688041,0,4,1,0,0,0.32005556740241725,0.42000000000000004,ma_restructuring,海光信息技术股份有限公司关于重大资产重组的进展公告
2025-11-10,688041,1,5,1,0,0,0.07235278534148266,0.406,general_news,海光信息技术股份有限公司关于召开2025年第三季度业绩说明会的公告
2025-11-11,688041,1,5,1,0,0,0.07235278534148266,0.406,general_news,海光信息技术股份有限公司关于召开2025年第三季度业绩说明会的公告
2025-11-12,688041,1,5,1,0,0,0.07235278534148264,0.406,general_news,海光信息技术股份有限公司关于召开2025年第三季度业绩说明会的公告
2025-11-13,688041,1,5,1,0,0,0.07235278534148265,0.406,general_news,海光信息技术股份有限公司关于召开2025年第三季度业绩说明会的公告
2025-11-14,688041,1,5,1,0,0,0.07235278534148265,0.406,general_news,海光信息技术股份有限公司关于召开2025年第三季度业绩说明会的公告
2025-11-17,688041,0,2,1,0,0,0.07740577482109258,0.49,general_news,海光信息技术股份有限公司关于召开2025年第三季度业绩说明会的公告
2025-11-18,688041,0,2,1,0,0,0.0774057748210926,0.49,general_news,海光信息技术股份有限公司关于召开2025年第三季度业绩说明会的公告
2025-11-19,688041,0,2,1,0,0,0.07740577482109262,0.49,general_news,海光信息技术股份有限公司关于召开2025年第三季度业绩说明会的公告
2025-11-20,688041,0,2,1,0,0,0.07740577482109261,0.49,general_news,海光信息技术股份有限公司关于召开2025年第三季度业绩说明会的公告
2025-11-21,688041,0,2,1,0,0,0.07740577482109261,0.49,general_news,海光信息技术股份有限公司关于召开2025年第三季度业绩说明会的公告
2025-11-24,688041,8,10,1,0,0,0.0020488251277507355,0.378,general_news,海光信息技术股份有限公司关于向激励对象首次授予限制性股票的公告
2025-11-25,688041,8,10,1,0,0,0.002048825127750736,0.378,general_news,海光信息技术股份有限公司关于向激励对象首次授予限制性股票的公告
2025-11-26,688041,8,10,1,0,0,0.0020488251277507355,0.378,general_news,海光信息技术股份有限公司关于向激励对象首次授予限制性股票的公告
2025-11-27,688041,8,10,1,0,0,0.0020488251277507355,0.378,general_news,海光信息技术股份有限公司关于向激励对象首次授予限制性股票的公告
2025-11-28,688041,0,10,1,0,0,0.002048825127750735,0.378,general_news,海光信息技术股份有限公司关于向激励对象首次授予限制性股票的公告
2025-12-01,688041,1,10,1,0,0,0.11223938607951311,0.378,ma_restructuring,海光信息技术股份有限公司关于重大资产重组的进展公告
2025-12-02,688041,1,10,1,0,0,0.11223938607951307,0.378,ma_restructuring,海光信息技术股份有限公司关于重大资产重组的进展公告
2025-12-03,688041,1,10,1,0,0,0.11223938607951309,0.378,ma_restructuring,海光信息技术股份有限公司关于重大资产重组的进展公告
2025-12-04,688041,1,10,1,0,0,0.11223938607951307,0.378,ma_restructuring,海光信息技术股份有限公司关于重大资产重组的进展公告
2025-12-05,688041,0,10,1,0,0,0.11223938607951309,0.378,ma_restructuring,海光信息技术股份有限公司关于重大资产重组的进展公告
2025-12-08,688041,0,10,1,0,0,0.11223938607951306,0.378,ma_restructuring,海光信息技术股份有限公司关于重大资产重组的进展公告
2025-12-09,688041,0,10,1,0,0,0.11223938607951307,0.378,ma_restructuring,海光信息技术股份有限公司关于重大资产重组的进展公告
2025-12-10,688041,6,16,4,0,0,0.18930212186534234,0.4375,ma_restructuring,海光信息技术股份有限公司关于终止重大资产重组的公告
2025-12-11,688041,6,15,4,0,0,0.18968420919179724,0.4433333333333332,ma_restructuring,海光信息技术股份有限公司关于终止重大资产重组的公告
2025-12-12,688041,6,15,4,0,0,0.18968420919179732,0.4433333333333332,ma_restructuring,海光信息技术股份有限公司关于终止重大资产重组的公告
2025-12-15,688041,6,15,4,0,0,0.18968420919179724,0.4433333333333332,ma_restructuring,海光信息技术股份有限公司关于终止重大资产重组的公告
2025-12-16,688041,0,15,4,0,0,0.18968420919179735,0.4433333333333332,ma_restructuring,海光信息技术股份有限公司关于终止重大资产重组的公告
2025-12-17,688041,0,15,4,0,0,0.18968420919179727,0.4433333333333332,ma_restructuring,海光信息技术股份有限公司关于终止重大资产重组的公告
2025-12-18,688041,0,15,4,0,0,0.18968420919179715,0.4433333333333332,ma_restructuring,海光信息技术股份有限公司关于终止重大资产重组的公告
2025-12-19,688041,0,15,4,0,0,0.18968420919179718,0.4433333333333332,ma_restructuring,海光信息技术股份有限公司关于终止重大资产重组的公告
2025-12-22,688041,1,16,4,0,0,0.0372280535143972,0.45499999999999996,shareholder_change,海光信息技术股份有限公司2025年第三次临时股东会会议资料
2025-12-23,688041,1,8,4,0,0,0.03916348995449307,0.56,shareholder_change,海光信息技术股份有限公司2025年第三次临时股东会会议资料
2025-12-24,688041,1,8,4,0,0,0.03916348995449308,0.56,shareholder_change,海光信息技术股份有限公司2025年第三次临时股东会会议资料
2025-12-25,688041,1,8,4,0,0,0.0391634899544931,0.56,shareholder_change,海光信息技术股份有限公司2025年第三次临时股东会会议资料
2025-12-26,688041,1,8,4,0,0,0.03916348995449308,0.56,shareholder_change,海光信息技术股份有限公司2025年第三次临时股东会会议资料
2025-12-29,688041,0,8,4,0,0,0.039163489954493064,0.56,shareholder_change,海光信息技术股份有限公司2025年第三次临时股东会会议资料
2025-12-30,688041,5,12,6,0,0,0.18912028421743435,0.5833333333333333,ma_restructuring,中信证券股份有限公司关于海光信息技术股份有限公司终止重大资产重组事项相关内幕信息知情人自查期间买卖股票情况的自查报告的专项核查意见
2025-12-31,688041,5,12,6,0,0,0.18912028421743435,0.5833333333333333,ma_restructuring,中信证券股份有限公司关于海光信息技术股份有限公司终止重大资产重组事项相关内幕信息知情人自查期间买卖股票情况的自查报告的专项核查意见
2026-01-01,688041,5,12,6,0,0,0.18912028421743438,0.5833333333333333,ma_restructuring,中信证券股份有限公司关于海光信息技术股份有限公司终止重大资产重组事项相关内幕信息知情人自查期间买卖股票情况的自查报告的专项核查意见
2026-01-02,688041,5,12,6,0,0,0.18912028421743432,0.5833333333333333,ma_restructuring,中信证券股份有限公司关于海光信息技术股份有限公司终止重大资产重组事项相关内幕信息知情人自查期间买卖股票情况的自查报告的专项核查意见
2026-01-05,688041,0,12,6,0,0,0.18912028421743426,0.5833333333333333,ma_restructuring,中信证券股份有限公司关于海光信息技术股份有限公司终止重大资产重组事项相关内幕信息知情人自查期间买卖股票情况的自查报告的专项核查意见
2026-01-06,688041,0,12,6,0,0,0.18912028421743438,0.5833333333333333,ma_restructuring,中信证券股份有限公司关于海光信息技术股份有限公司终止重大资产重组事项相关内幕信息知情人自查期间买卖股票情况的自查报告的专项核查意见
2026-01-07,688041,0,12,6,0,0,0.1891202842174343,0.5833333333333333,ma_restructuring,中信证券股份有限公司关于海光信息技术股份有限公司终止重大资产重组事项相关内幕信息知情人自查期间买卖股票情况的自查报告的专项核查意见
2026-01-08,688041,0,12,6,0,0,0.18912028421743424,0.5833333333333333,ma_restructuring,中信证券股份有限公司关于海光信息技术股份有限公司终止重大资产重组事项相关内幕信息知情人自查期间买卖股票情况的自查报告的专项核查意见
2026-01-09,688041,0,12,6,0,0,0.18912028421743426,0.5833333333333333,ma_restructuring,中信证券股份有限公司关于海光信息技术股份有限公司终止重大资产重组事项相关内幕信息知情人自查期间买卖股票情况的自查报告的专项核查意见
2026-01-12,688041,0,6,3,0,0,0.18841542065097108,0.63,ma_restructuring,中信证券股份有限公司关于海光信息技术股份有限公司终止重大资产重组事项相关内幕信息知情人自查期间买卖股票情况的自查报告的专项核查意见
2026-01-13,688041,0,6,3,0,0,0.1884154206509711,0.63,ma_restructuring,中信证券股份有限公司关于海光信息技术股份有限公司终止重大资产重组事项相关内幕信息知情人自查期间买卖股票情况的自查报告的专项核查意见
2026-01-14,688041,0,6,3,0,0,0.18841542065097114,0.63,ma_restructuring,中信证券股份有限公司关于海光信息技术股份有限公司终止重大资产重组事项相关内幕信息知情人自查期间买卖股票情况的自查报告的专项核查意见
2026-01-15,688041,0,6,3,0,0,0.18841542065097114,0.63,ma_restructuring,中信证券股份有限公司关于海光信息技术股份有限公司终止重大资产重组事项相关内幕信息知情人自查期间买卖股票情况的自查报告的专项核查意见
2026-01-16,688041,0,6,3,0,0,0.1884154206509711,0.63,ma_restructuring,中信证券股份有限公司关于海光信息技术股份有限公司终止重大资产重组事项相关内幕信息知情人自查期间买卖股票情况的自查报告的专项核查意见
2026-01-19,688041,0,6,3,0,0,0.1884154206509711,0.63,ma_restructuring,中信证券股份有限公司关于海光信息技术股份有限公司终止重大资产重组事项相关内幕信息知情人自查期间买卖股票情况的自查报告的专项核查意见
2026-01-20,688041,0,6,3,0,0,0.18841542065097108,0.63,ma_restructuring,中信证券股份有限公司关于海光信息技术股份有限公司终止重大资产重组事项相关内幕信息知情人自查期间买卖股票情况的自查报告的专项核查意见
2026-01-21,688041,0,6,3,0,0,0.1884154206509711,0.63,ma_restructuring,中信证券股份有限公司关于海光信息技术股份有限公司终止重大资产重组事项相关内幕信息知情人自查期间买卖股票情况的自查报告的专项核查意见
2026-01-22,688041,0,5,3,0,0,0.21,0.63,ma_restructuring,中信证券股份有限公司关于海光信息技术股份有限公司终止重大资产重组事项相关内幕信息知情人自查期间买卖股票情况的自查报告的专项核查意见
2026-01-23,688041,3,8,3,0,0,-0.03666635134371503,0.5700000000000001,general_news,中信证券股份有限公司关于海光信息技术股份有限公司差异化权益分派事项的核查意见
2026-01-26,688041,3,8,3,0,0,-0.036666351343715035,0.5700000000000001,general_news,中信证券股份有限公司关于海光信息技术股份有限公司差异化权益分派事项的核查意见
2026-01-27,688041,3,8,3,0,0,-0.036666351343715035,0.5700000000000001,general_news,中信证券股份有限公司关于海光信息技术股份有限公司差异化权益分派事项的核查意见
2026-01-28,688041,3,8,3,0,0,-0.03666635134371505,0.5700000000000001,general_news,中信证券股份有限公司关于海光信息技术股份有限公司差异化权益分派事项的核查意见
2026-01-29,688041,0,8,3,0,0,-0.036666351343715035,0.5700000000000001,general_news,中信证券股份有限公司关于海光信息技术股份有限公司差异化权益分派事项的核查意见
2026-01-30,688041,0,3,0,0,0,-0.049999999999999996,0.47000000000000003,general_news,中信证券股份有限公司关于海光信息技术股份有限公司差异化权益分派事项的核查意见
2026-02-02,688041,0,3,0,0,0,-0.049999999999999996,0.47000000000000003,general_news,中信证券股份有限公司关于海光信息技术股份有限公司差异化权益分派事项的核查意见
2026-02-03,688041,0,3,0,0,0,-0.05,0.47000000000000003,general_news,中信证券股份有限公司关于海光信息技术股份有限公司差异化权益分派事项的核查意见
2026-02-04,688041,0,3,0,0,0,-0.049999999999999996,0.47000000000000003,general_news,中信证券股份有限公司关于海光信息技术股份有限公司差异化权益分派事项的核查意见
2026-02-05,688041,0,3,0,0,0,-0.05,0.47000000000000003,general_news,中信证券股份有限公司关于海光信息技术股份有限公司差异化权益分派事项的核查意见
2026-02-06,688041,0,3,0,0,0,-0.049999999999999996,0.47000000000000003,general_news,中信证券股份有限公司关于海光信息技术股份有限公司差异化权益分派事项的核查意见
2026-02-09,688041,0,3,0,0,0,-0.049999999999999996,0.47000000000000003,general_news,中信证券股份有限公司关于海光信息技术股份有限公司差异化权益分派事项的核查意见
2026-02-10,688041,0,3,0,0,0,-0.05,0.47000000000000003,general_news,中信证券股份有限公司关于海光信息技术股份有限公司差异化权益分派事项的核查意见
2026-02-11,688041,0,3,0,0,0,-0.05,0.47000000000000003,general_news,中信证券股份有限公司关于海光信息技术股份有限公司差异化权益分派事项的核查意见
2026-02-12,688041,0,3,0,0,0,-0.049999999999999996,0.47000000000000003,general_news,中信证券股份有限公司关于海光信息技术股份有限公司差异化权益分派事项的核查意见
2026-02-13,688041,0,3,0,0,0,-0.05,0.47000000000000003,general_news,中信证券股份有限公司关于海光信息技术股份有限公司差异化权益分派事项的核查意见
2026-02-16,688041,0,3,0,0,0,-0.049999999999999996,0.47000000000000003,general_news,中信证券股份有限公司关于海光信息技术股份有限公司差异化权益分派事项的核查意见
2026-02-17,688041,0,3,0,0,0,-0.049999999999999996,0.47000000000000003,general_news,中信证券股份有限公司关于海光信息技术股份有限公司差异化权益分派事项的核查意见
2026-02-18,688041,0,3,0,0,0,-0.049999999999999996,0.47000000000000003,general_news,中信证券股份有限公司关于海光信息技术股份有限公司差异化权益分派事项的核查意见
2026-02-19,688041,0,3,0,0,0,-0.05,0.47000000000000003,general_news,中信证券股份有限公司关于海光信息技术股份有限公司差异化权益分派事项的核查意见
2026-02-20,688041,0,3,0,0,0,-0.049999999999999996,0.47000000000000003,general_news,中信证券股份有限公司关于海光信息技术股份有限公司差异化权益分派事项的核查意见
2026-02-26,688041,2,2,0,0,0,0.0,0.35,general_news,海光信息技术股份有限公司2025年度业绩快报公告
2026-02-27,688041,2,2,0,0,0,0.0,0.35,general_news,海光信息技术股份有限公司2025年度业绩快报公告
2026-03-02,688041,2,2,0,0,0,0.0,0.35,general_news,海光信息技术股份有限公司2025年度业绩快报公告
2026-03-03,688041,2,2,0,0,0,0.0,0.35,general_news,海光信息技术股份有限公司2025年度业绩快报公告
2026-03-04,688041,0,2,0,0,0,0.0,0.35,general_news,海光信息技术股份有限公司2025年度业绩快报公告
2026-03-05,688041,0,2,0,0,0,0.0,0.35,general_news,海光信息技术股份有限公司2025年度业绩快报公告
2026-03-06,688041,0,2,0,0,0,0.0,0.35,general_news,海光信息技术股份有限公司2025年度业绩快报公告
2026-03-09,688041,0,2,0,0,0,0.0,0.35,general_news,海光信息技术股份有限公司2025年度业绩快报公告
2026-03-10,688041,0,2,0,0,0,0.0,0.35,general_news,海光信息技术股份有限公司2025年度业绩快报公告
2026-03-11,688041,0,2,0,0,0,0.0,0.35,general_news,海光信息技术股份有限公司2025年度业绩快报公告
2026-03-12,688041,3,5,0,0,0,-0.04586215485521841,0.406,shareholder_change,海光信息技术股份有限公司关于召开2026年第一次临时股东会的通知
2026-03-13,688041,3,5,0,0,0,-0.045862154855218405,0.406,shareholder_change,海光信息技术股份有限公司关于召开2026年第一次临时股东会的通知
2026-03-16,688041,3,5,0,0,0,-0.04586215485521841,0.406,shareholder_change,海光信息技术股份有限公司关于召开2026年第一次临时股东会的通知
2026-03-17,688041,3,5,0,0,0,-0.04586215485521842,0.406,shareholder_change,海光信息技术股份有限公司关于召开2026年第一次临时股东会的通知
2026-03-18,688041,0,5,0,0,0,-0.04586215485521841,0.406,shareholder_change,海光信息技术股份有限公司关于召开2026年第一次临时股东会的通知
2026-03-19,688041,0,5,0,0,0,-0.045862154855218426,0.406,shareholder_change,海光信息技术股份有限公司关于召开2026年第一次临时股东会的通知
2026-03-20,688041,0,5,0,0,0,-0.04586215485521842,0.406,shareholder_change,海光信息技术股份有限公司关于召开2026年第一次临时股东会的通知
2026-03-23,688041,1,6,0,0,0,-0.1005510345458918,0.44333333333333336,shareholder_change,海光信息技术股份有限公司2026年第一次临时股东会会议资料
2026-03-24,688041,1,6,0,0,0,-0.1005510345458918,0.44333333333333336,shareholder_change,海光信息技术股份有限公司2026年第一次临时股东会会议资料
2026-03-25,688041,1,6,0,0,0,-0.10055103454589179,0.44333333333333336,shareholder_change,海光信息技术股份有限公司2026年第一次临时股东会会议资料
2026-03-26,688041,1,6,0,0,0,-0.1005510345458918,0.44333333333333336,shareholder_change,海光信息技术股份有限公司2026年第一次临时股东会会议资料
2026-03-27,688041,0,6,0,0,0,-0.10055103454589182,0.44333333333333336,shareholder_change,海光信息技术股份有限公司2026年第一次临时股东会会议资料
2026-03-30,688041,2,6,0,0,0,-0.1385856323679467,0.5366666666666667,shareholder_change,海光信息技术股份有限公司2026年第一次临时股东会决议公告
2026-03-31,688041,2,6,0,0,0,-0.13858563236794672,0.5366666666666667,shareholder_change,海光信息技术股份有限公司2026年第一次临时股东会决议公告
2026-04-01,688041,2,6,0,0,0,-0.13858563236794672,0.5366666666666667,shareholder_change,海光信息技术股份有限公司2026年第一次临时股东会决议公告
2026-04-02,688041,2,6,0,0,0,-0.13858563236794677,0.5366666666666667,shareholder_change,海光信息技术股份有限公司2026年第一次临时股东会决议公告
2026-04-03,688041,0,6,0,0,0,-0.1385856323679467,0.5366666666666667,shareholder_change,海光信息技术股份有限公司2026年第一次临时股东会决议公告
2026-04-06,688041,0,6,0,0,0,-0.13858563236794674,0.5366666666666667,shareholder_change,海光信息技术股份有限公司2026年第一次临时股东会决议公告
2026-04-07,688041,0,6,0,0,0,-0.13858563236794677,0.5366666666666667,shareholder_change,海光信息技术股份有限公司2026年第一次临时股东会决议公告
2026-04-08,688041,26,32,0,0,0,-0.00854660188612002,0.39374999999999993,general_news,海光信息技术股份有限公司董事会审计委员会对会计师事务所履行监督职责情况报告
2026-04-09,688041,27,33,0,0,0,-0.014435534699888215,0.40090909090909094,shareholder_change,海光信息技术股份有限公司关于持股5%以上股东权益变动触及1%刻度的提示性公告
2026-04-10,688041,27,33,0,0,0,-0.014435534699888215,0.40090909090909094,shareholder_change,海光信息技术股份有限公司关于持股5%以上股东权益变动触及1%刻度的提示性公告
2026-04-13,688041,27,30,0,0,0,-0.014353993438685217,0.39666666666666667,shareholder_change,海光信息技术股份有限公司关于持股5%以上股东权益变动触及1%刻度的提示性公告
2026-04-14,688041,1,30,0,0,0,-0.014353993438685219,0.39666666666666667,shareholder_change,海光信息技术股份有限公司关于持股5%以上股东权益变动触及1%刻度的提示性公告
2026-04-15,688041,0,30,0,0,0,-0.014353993438685214,0.39666666666666667,shareholder_change,海光信息技术股份有限公司关于持股5%以上股东权益变动触及1%刻度的提示性公告
2026-04-16,688041,0,30,0,0,0,-0.01435399343868522,0.39666666666666667,shareholder_change,海光信息技术股份有限公司关于持股5%以上股东权益变动触及1%刻度的提示性公告
2026-04-17,688041,0,30,0,0,0,-0.014353993438685222,0.39666666666666667,shareholder_change,海光信息技术股份有限公司关于持股5%以上股东权益变动触及1%刻度的提示性公告
2026-04-20,688041,1,31,0,0,0,-0.03704205334261861,0.4067741935483871,shareholder_change,海光信息技术股份有限公司关于持股5%以上股东减持股份计划完成暨减持结果公告
2026-04-21,688041,3,32,0,0,0,-0.04744075810331001,0.405,shareholder_change,海光信息技术股份有限公司2025年年度股东会会议资料
2026-04-22,688041,4,33,0,0,0,-0.04086664681684519,0.4033333333333333,general_news,中信证券股份有限公司关于海光信息技术股份有限公司持续督导保荐总结报告书
2026-04-23,688041,4,33,0,0,0,-0.040866646816845195,0.4033333333333333,general_news,中信证券股份有限公司关于海光信息技术股份有限公司持续督导保荐总结报告书
2026-04-24,688041,4,33,0,0,0,-0.04086664681684521,0.4033333333333333,general_news,中信证券股份有限公司关于海光信息技术股份有限公司持续督导保荐总结报告书
2026-04-27,688041,1,33,0,0,0,-0.04086664681684521,0.4033333333333333,general_news,中信证券股份有限公司关于海光信息技术股份有限公司持续督导保荐总结报告书
2026-04-28,688041,2,33,0,0,0,-0.024128153040361717,0.38636363636363635,general_news,中信证券股份有限公司关于海光信息技术股份有限公司2025年度持续督导跟踪报告
2026-04-29,688041,4,35,0,0,0,-0.06366202359879136,0.40028571428571424,shareholder_change,北京市中伦律师事务所关于海光信息技术股份有限公司2025年年度股东会的法律意见书
2026-04-30,688041,4,35,0,0,0,-0.06366202359879135,0.40028571428571424,shareholder_change,北京市中伦律师事务所关于海光信息技术股份有限公司2025年年度股东会的法律意见书
2026-05-01,688041,4,35,0,0,0,-0.06366202359879135,0.40028571428571424,shareholder_change,北京市中伦律师事务所关于海光信息技术股份有限公司2025年年度股东会的法律意见书
2026-05-04,688041,2,35,0,0,0,-0.06366202359879132,0.40028571428571424,shareholder_change,北京市中伦律师事务所关于海光信息技术股份有限公司2025年年度股东会的法律意见书
2026-05-05,688041,0,35,0,0,0,-0.06366202359879135,0.40028571428571424,shareholder_change,北京市中伦律师事务所关于海光信息技术股份有限公司2025年年度股东会的法律意见书
2026-05-06,688041,1,36,0,0,0,-0.014699267051549211,0.39888888888888885,general_news,688041，市值突破8000亿
2026-05-07,688041,1,36,0,0,0,-0.014699267051549217,0.39888888888888885,general_news,688041，市值突破8000亿
2026-05-08,688041,1,36,0,0,0,-0.0146992670515492,0.39888888888888885,general_news,688041，市值突破8000亿
2026-05-11,688041,1,9,0,0,0,-0.015189161446970675,0.4833333333333333,general_news,688041，市值突破8000亿
2026-05-12,688041,0,9,0,0,0,-0.015189161446970663,0.4833333333333333,general_news,688041，市值突破8000亿
2026-05-13,688041,0,9,0,0,0,-0.015189161446970674,0.4833333333333333,general_news,688041，市值突破8000亿
2026-05-14,688041,0,9,0,0,0,-0.015189161446970674,0.4833333333333333,general_news,688041，市值突破8000亿
2026-05-15,688041,0,9,0,0,0,-0.015189161446970677,0.4833333333333333,general_news,688041，市值突破8000亿
2026-05-18,688041,0,9,0,0,0,-0.015189161446970656,0.4833333333333333,general_news,688041，市值突破8000亿
2026-05-19,688041,0,9,0,0,0,-0.015189161446970679,0.4833333333333333,general_news,688041，市值突破8000亿
2026-05-20,688041,0,9,0,0,0,-0.015189161446970662,0.4833333333333333,general_news,688041，市值突破8000亿
2026-05-21,688041,0,8,0,0,0,-0.010191814249061274,0.45499999999999996,general_news,688041，市值突破8000亿
2026-05-22,688041,0,6,0,0,0,-0.004130815209118922,0.44333333333333336,general_news,688041，市值突破8000亿
2026-05-25,688041,0,5,0,0,0,-0.004366344212255527,0.462,general_news,688041，市值突破8000亿
2026-05-26,688041,0,5,0,0,0,-0.004366344212255523,0.462,general_news,688041，市值突破8000亿
2026-05-27,688041,0,5,0,0,0,-0.004366344212255522,0.462,general_news,688041，市值突破8000亿
2026-05-28,688041,0,5,0,0,0,-0.00436634421225551,0.462,general_news,688041，市值突破8000亿
2026-05-29,688041,0,3,0,0,0,-0.005970778808542716,0.5366666666666666,general_news,688041，市值突破8000亿
2026-06-01,688041,0,1,0,0,0,0.1,0.35,general_news,688041，市值突破8000亿
2026-06-02,688041,0,1,0,0,0,0.1,0.35,general_news,688041，市值突破8000亿
2026-06-03,688041,0,1,0,0,0,0.1,0.35,general_news,688041，市值突破8000亿
2026-06-04,688041,0,1,0,0,0,0.1,0.35,general_news,688041，市值突破8000亿
2026-06-05,688041,0,1,0,0,0,0.10000000000000002,0.35,general_news,688041，市值突破8000亿
2026-06-09,688041,1,1,0,0,0,0.0,0.35,general_news,15只科创板股今日大宗交易平台发生交易
2026-06-10,688041,3,3,0,0,0,0.052321726018771476,0.44333333333333336,general_news,科创板股今日大宗交易成交明细
2025-11-11,688256,25,25,0,0,0,-0.018,0.3836,shareholder_change,股东会议事规则
2025-11-12,688256,25,25,0,0,0,-0.018,0.3836,shareholder_change,股东会议事规则
2025-11-13,688256,25,25,0,0,0,-0.018,0.3836,shareholder_change,股东会议事规则
2025-11-14,688256,25,25,0,0,0,-0.018,0.3836,shareholder_change,股东会议事规则
2025-11-17,688256,0,25,0,0,0,-0.018,0.3836,shareholder_change,股东会议事规则
2025-11-18,688256,0,25,0,0,0,-0.018,0.3836,shareholder_change,股东会议事规则
2025-11-19,688256,0,25,0,0,0,-0.018000000000000002,0.3836,shareholder_change,股东会议事规则
2025-11-20,688256,1,26,0,0,0,-0.03468493969716998,0.39307692307692305,shareholder_change,2025年第一次临时股东大会会议资料
2025-11-21,688256,1,26,0,0,0,-0.034684939697169966,0.39307692307692305,shareholder_change,2025年第一次临时股东大会会议资料
2025-11-24,688256,2,27,0,0,0,-0.015292367947912354,0.40185185185185185,industry_policy,关于设立募集资金专项账户并签订募集资金专户存储监管协议的公告
2025-11-25,688256,2,27,0,0,0,-0.015292367947912354,0.40185185185185185,industry_policy,关于设立募集资金专项账户并签订募集资金专户存储监管协议的公告
2025-11-26,688256,1,27,0,0,0,-0.015292367947912347,0.40185185185185185,industry_policy,关于设立募集资金专项账户并签订募集资金专户存储监管协议的公告
2025-11-27,688256,1,27,0,0,0,-0.015292367947912357,0.40185185185185185,industry_policy,关于设立募集资金专项账户并签订募集资金专户存储监管协议的公告
2025-11-28,688256,3,30,0,0,0,-0.0580211530119509,0.4153333333333333,shareholder_change,北京市中伦律师事务所关于中科寒武纪科技股份有限公司2025年第一次临时股东大会的法律意见书
2025-12-01,688256,6,33,0,1,1,-0.14703170545635424,0.42636363636363644,general_news,关于完成董事会换届选举及选举董事长、董事会专门委员会委员、聘任高级管理人员、证券事务代表的公告
2025-12-02,688256,6,33,0,1,1,-0.14703170545635422,0.42636363636363644,general_news,关于完成董事会换届选举及选举董事长、董事会专门委员会委员、聘任高级管理人员、证券事务代表的公告
2025-12-03,688256,6,33,0,1,1,-0.14703170545635427,0.42636363636363644,general_news,关于完成董事会换届选举及选举董事长、董事会专门委员会委员、聘任高级管理人员、证券事务代表的公告
2025-12-04,688256,3,33,0,1,1,-0.14703170545635422,0.42636363636363644,general_news,关于完成董事会换届选举及选举董事长、董事会专门委员会委员、聘任高级管理人员、证券事务代表的公告
2025-12-05,688256,0,33,0,1,1,-0.14703170545635424,0.42636363636363644,general_news,关于完成董事会换届选举及选举董事长、董事会专门委员会委员、聘任高级管理人员、证券事务代表的公告
2025-12-08,688256,1,34,0,1,1,-0.1477737260072341,0.4323529411764706,shareholder_change,2025年第二次临时股东会会议资料
2025-12-09,688256,1,34,0,1,1,-0.14777372600723404,0.4323529411764706,shareholder_change,2025年第二次临时股东会会议资料
2025-12-10,688256,1,34,0,1,1,-0.14777372600723404,0.4323529411764706,shareholder_change,2025年第二次临时股东会会议资料
2025-12-11,688256,1,34,0,1,1,-0.14777372600723407,0.4323529411764706,shareholder_change,2025年第二次临时股东会会议资料
2025-12-12,688256,0,9,0,1,1,-0.17543703514061737,0.5677777777777778,shareholder_change,2025年第二次临时股东会会议资料
2025-12-15,688256,0,9,0,1,1,-0.17543703514061743,0.5677777777777778,shareholder_change,2025年第二次临时股东会会议资料
2025-12-16,688256,3,12,0,2,2,-0.313605356486506,0.5833333333333333,shareholder_change,2025年第二次临时股东会决议公告
2025-12-17,688256,3,12,0,2,2,-0.313605356486506,0.5833333333333333,shareholder_change,2025年第二次临时股东会决议公告
2025-12-18,688256,3,12,0,2,2,-0.313605356486506,0.5833333333333333,shareholder_change,2025年第二次临时股东会决议公告
2025-12-19,688256,3,12,0,2,2,-0.313605356486506,0.5833333333333333,shareholder_change,2025年第二次临时股东会决议公告
2025-12-22,688256,0,11,0,2,2,-0.3146642214348678,0.579090909090909,shareholder_change,2025年第二次临时股东会决议公告
2025-12-23,688256,0,10,0,2,2,-0.3182665249295543,0.574,shareholder_change,2025年第二次临时股东会决议公告
2025-12-24,688256,0,10,0,2,2,-0.31826652492955443,0.574,shareholder_change,2025年第二次临时股东会决议公告
2025-12-25,688256,0,10,0,2,2,-0.31826652492955426,0.574,shareholder_change,2025年第二次临时股东会决议公告
2025-12-26,688256,0,10,0,2,2,-0.3182665249295543,0.574,shareholder_change,2025年第二次临时股东会决议公告
2025-12-29,688256,0,7,0,2,2,-0.33254789297215076,0.59,shareholder_change,2025年第二次临时股东会决议公告
2025-12-30,688256,0,4,0,1,1,-0.33520513266731383,0.63,shareholder_change,2025年第二次临时股东会决议公告
2025-12-31,688256,0,4,0,1,1,-0.33520513266731383,0.63,shareholder_change,2025年第二次临时股东会决议公告
2026-01-01,688256,0,4,0,1,1,-0.3352051326673139,0.63,shareholder_change,2025年第二次临时股东会决议公告
2026-01-02,688256,0,4,0,1,1,-0.3352051326673139,0.63,shareholder_change,2025年第二次临时股东会决议公告
2026-01-05,688256,0,4,0,1,1,-0.3352051326673139,0.63,shareholder_change,2025年第二次临时股东会决议公告
2026-01-06,688256,0,3,0,1,1,-0.35,0.63,shareholder_change,2025年第二次临时股东会决议公告
2026-01-07,688256,0,3,0,1,1,-0.35,0.63,shareholder_change,2025年第二次临时股东会决议公告
2026-01-08,688256,0,3,0,1,1,-0.35000000000000003,0.63,shareholder_change,2025年第二次临时股东会决议公告
2026-01-09,688256,0,3,0,1,1,-0.35,0.63,shareholder_change,2025年第二次临时股东会决议公告
2026-01-12,688256,0,3,0,1,1,-0.35,0.63,shareholder_change,2025年第二次临时股东会决议公告
2026-01-13,688256,0,3,0,1,1,-0.35000000000000003,0.63,shareholder_change,2025年第二次临时股东会决议公告
2026-01-14,688256,0,3,0,1,1,-0.35,0.63,shareholder_change,2025年第二次临时股东会决议公告
2026-01-15,688256,0,3,0,1,1,-0.35,0.63,shareholder_change,2025年第二次临时股东会决议公告
2026-02-02,688256,1,1,0,0,0,0.0,0.35,general_news,2025年年度业绩预告
2026-02-03,688256,1,1,0,0,0,0.0,0.35,general_news,2025年年度业绩预告
2026-02-04,688256,1,1,0,0,0,0.0,0.35,general_news,2025年年度业绩预告
2026-02-05,688256,1,1,0,0,0,0.0,0.35,general_news,2025年年度业绩预告
2026-02-06,688256,0,1,0,0,0,0.0,0.35,general_news,2025年年度业绩预告
2026-02-09,688256,0,1,0,0,0,0.0,0.35,general_news,2025年年度业绩预告
2026-02-10,688256,0,1,0,0,0,0.0,0.35,general_news,2025年年度业绩预告
2026-02-11,688256,0,1,0,0,0,0.0,0.35,general_news,2025年年度业绩预告
2026-02-12,688256,0,1,0,0,0,0.0,0.35,general_news,2025年年度业绩预告
2026-02-13,688256,0,1,0,0,0,0.0,0.35,general_news,2025年年度业绩预告
2026-02-16,688256,0,1,0,0,0,0.0,0.35,general_news,2025年年度业绩预告
2026-02-17,688256,0,1,0,0,0,0.0,0.35,general_news,2025年年度业绩预告
2026-02-18,688256,0,1,0,0,0,0.0,0.35,general_news,2025年年度业绩预告
2026-02-19,688256,0,1,0,0,0,0.0,0.35,general_news,2025年年度业绩预告
2026-02-20,688256,0,1,0,0,0,0.0,0.35,general_news,2025年年度业绩预告
2026-02-23,688256,0,1,0,0,0,0.0,0.35,general_news,2025年年度业绩预告
2026-02-24,688256,0,1,0,0,0,0.0,0.35,general_news,2025年年度业绩预告
2026-02-25,688256,0,1,0,0,0,0.0,0.35,general_news,2025年年度业绩预告
2026-02-26,688256,0,1,0,0,0,0.0,0.35,general_news,2025年年度业绩预告
2026-02-27,688256,0,1,0,0,0,0.0,0.35,general_news,2025年年度业绩预告
2026-03-02,688256,1,2,0,0,0,0.0,0.35,general_news,2025年度业绩快报公告
2026-03-03,688256,1,1,0,0,0,0.0,0.35,general_news,2025年度业绩快报公告
2026-03-04,688256,1,1,0,0,0,0.0,0.35,general_news,2025年度业绩快报公告
2026-03-05,688256,1,1,0,0,0,0.0,0.35,general_news,2025年度业绩快报公告
2026-03-06,688256,0,1,0,0,0,0.0,0.35,general_news,2025年度业绩快报公告
2026-03-09,688256,0,1,0,0,0,0.0,0.35,general_news,2025年度业绩快报公告
2026-03-10,688256,0,1,0,0,0,0.0,0.35,general_news,2025年度业绩快报公告
2026-03-11,688256,0,1,0,0,0,0.0,0.35,general_news,2025年度业绩快报公告
2026-03-12,688256,0,1,0,0,0,0.0,0.35,general_news,2025年度业绩快报公告
2026-03-13,688256,26,27,0,0,0,-0.00573479595634651,0.36037037037037034,general_news,2025年度内部控制审计报告
2026-03-16,688256,26,27,0,0,0,-0.005734795956346508,0.36037037037037034,general_news,2025年度内部控制审计报告
2026-03-17,688256,26,27,0,0,0,-0.005734795956346509,0.36037037037037034,general_news,2025年度内部控制审计报告
2026-03-18,688256,26,27,0,0,0,-0.005734795956346509,0.36037037037037034,general_news,2025年度内部控制审计报告
2026-03-19,688256,0,27,0,0,0,-0.005734795956346508,0.36037037037037034,general_news,2025年度内部控制审计报告
2026-03-20,688256,0,27,0,0,0,-0.005734795956346509,0.36037037037037034,general_news,2025年度内部控制审计报告
2026-03-23,688256,0,27,0,0,0,-0.005734795956346509,0.36037037037037034,general_news,2025年度内部控制审计报告
2026-03-24,688256,0,27,0,0,0,-0.00573479595634651,0.36037037037037034,general_news,2025年度内部控制审计报告
2026-03-25,688256,0,27,0,0,0,-0.00573479595634651,0.36037037037037034,general_news,2025年度内部控制审计报告
2026-03-26,688256,1,28,0,0,0,-0.034114229303106,0.36999999999999994,shareholder_change,2025年年度股东会会议资料
2026-03-27,688256,1,28,0,0,0,-0.03411422930310599,0.36999999999999994,shareholder_change,2025年年度股东会会议资料
2026-03-30,688256,1,28,0,0,0,-0.03411422930310599,0.36999999999999994,shareholder_change,2025年年度股东会会议资料
2026-03-31,688256,1,27,0,0,0,-0.03427857985104178,0.37074074074074065,shareholder_change,2025年年度股东会会议资料
2026-04-01,688256,0,27,0,0,0,-0.03427857985104177,0.37074074074074065,shareholder_change,2025年年度股东会会议资料
2026-04-02,688256,0,27,0,0,0,-0.034278579851041775,0.37074074074074065,shareholder_change,2025年年度股东会会议资料
2026-04-03,688256,4,31,0,0,0,-0.06329602763699307,0.38612903225806444,general_news,中信证券股份有限公司关于中科寒武纪科技股份有限公司2025年度持续督导跟踪报告
2026-04-06,688256,4,31,0,0,0,-0.06329602763699306,0.38612903225806444,general_news,中信证券股份有限公司关于中科寒武纪科技股份有限公司2025年度持续督导跟踪报告
2026-04-07,688256,4,31,0,0,0,-0.06329602763699306,0.38612903225806444,general_news,中信证券股份有限公司关于中科寒武纪科技股份有限公司2025年度持续督导跟踪报告
2026-04-08,688256,4,31,0,0,0,-0.06329602763699302,0.38612903225806444,general_news,中信证券股份有限公司关于中科寒武纪科技股份有限公司2025年度持续督导跟踪报告
2026-04-09,688256,2,33,0,0,0,-0.034407990881440004,0.3839393939393939,general_news,关于向特定对象发行股票限售股上市流通公告
2026-04-10,688256,2,33,0,0,0,-0.03440799088144001,0.3839393939393939,general_news,关于向特定对象发行股票限售股上市流通公告
2026-04-13,688256,2,7,0,0,0,-0.03851260676621416,0.4699999999999999,general_news,中信证券股份有限公司关于中科寒武纪科技股份有限公司2025年度向特定对象发行A股股票限售股上市流通的核查意见
2026-04-14,688256,2,7,0,0,0,-0.03851260676621417,0.4699999999999999,general_news,中信证券股份有限公司关于中科寒武纪科技股份有限公司2025年度向特定对象发行A股股票限售股上市流通的核查意见
2026-04-15,688256,1,8,0,0,0,-0.023849781937049827,0.455,general_news,关于召开2025年度业绩说明会的公告
2026-04-16,688256,1,8,0,0,0,-0.023849781937049827,0.455,general_news,关于召开2025年度业绩说明会的公告
2026-04-17,688256,1,8,0,0,0,-0.023849781937049834,0.455,general_news,关于召开2025年度业绩说明会的公告
2026-04-20,688256,1,8,0,0,0,-0.023849781937049827,0.455,general_news,关于召开2025年度业绩说明会的公告
2026-04-21,688256,0,8,0,0,0,-0.02384978193704982,0.455,general_news,关于召开2025年度业绩说明会的公告
2026-04-22,688256,0,8,0,0,0,-0.023849781937049827,0.455,general_news,关于召开2025年度业绩说明会的公告
2026-04-23,688256,0,8,0,0,0,-0.02384978193704983,0.455,general_news,关于召开2025年度业绩说明会的公告
2026-04-24,688256,0,8,0,0,0,-0.023849781937049827,0.455,general_news,关于召开2025年度业绩说明会的公告
2026-04-27,688256,0,7,0,0,0,-0.021029691122160313,0.43,general_news,关于召开2025年度业绩说明会的公告
2026-04-28,688256,0,7,0,0,0,-0.021029691122160313,0.43,general_news,关于召开2025年度业绩说明会的公告
2026-04-29,688256,2,9,0,0,0,-0.0031144858607769256,0.4122222222222222,general_news,中信证券股份有限公司关于中科寒武纪科技股份有限公司差异化权益分派特殊除权除息事项的核查意见
2026-04-30,688256,5,12,0,0,0,-0.0012588440421726342,0.39666666666666667,general_news,寒武纪688256.SH)：2026年一季报净利润为10.13亿元
2026-05-01,688256,5,12,0,0,0,-0.001258844042172634,0.39666666666666667,general_news,寒武纪688256.SH)：2026年一季报净利润为10.13亿元
2026-05-04,688256,5,8,0,0,0,0.0,0.35,general_news,寒武纪688256.SH)：2026年一季报净利润为10.13亿元
2026-05-05,688256,3,8,0,0,0,0.0,0.35,general_news,寒武纪688256.SH)：2026年一季报净利润为10.13亿元
2026-05-06,688256,0,8,0,0,0,0.0,0.35,general_news,寒武纪688256.SH)：2026年一季报净利润为10.13亿元
2026-05-07,688256,0,8,0,0,0,0.0,0.35,general_news,寒武纪688256.SH)：2026年一季报净利润为10.13亿元
2026-05-08,688256,0,8,0,0,0,0.0,0.35,general_news,寒武纪688256.SH)：2026年一季报净利润为10.13亿元
2026-05-11,688256,0,6,0,0,0,0.0,0.35000000000000003,general_news,寒武纪688256.SH)：2026年一季报净利润为10.13亿元
2026-05-12,688256,0,6,0,0,0,0.0,0.35000000000000003,general_news,寒武纪688256.SH)：2026年一季报净利润为10.13亿元
2026-05-13,688256,0,6,0,0,0,0.0,0.35000000000000003,general_news,寒武纪688256.SH)：2026年一季报净利润为10.13亿元
2026-05-14,688256,0,6,0,0,0,0.0,0.35000000000000003,general_news,寒武纪688256.SH)：2026年一季报净利润为10.13亿元
2026-05-15,688256,0,6,0,0,0,0.0,0.35000000000000003,general_news,寒武纪688256.SH)：2026年一季报净利润为10.13亿元
2026-05-18,688256,0,5,0,0,0,0.0,0.35,general_news,寒武纪688256.SH)：2026年一季报净利润为10.13亿元
2026-05-19,688256,0,5,0,0,0,0.0,0.35,general_news,寒武纪688256.SH)：2026年一季报净利润为10.13亿元
2026-05-20,688256,0,5,0,0,0,0.0,0.35,general_news,寒武纪688256.SH)：2026年一季报净利润为10.13亿元
2026-05-21,688256,0,5,0,0,0,0.0,0.35,general_news,寒武纪688256.SH)：2026年一季报净利润为10.13亿元
2026-05-22,688256,0,5,0,0,0,0.0,0.35,general_news,寒武纪688256.SH)：2026年一季报净利润为10.13亿元
2026-05-25,688256,3,8,0,0,0,0.0,0.35,general_news,中信证券股份有限公司关于中科寒武纪科技股份有限公司2022年度向特定对象发行A股股票募投项目结项并将节余募集资金永久补充流动资金的核查意见
2026-05-26,688256,3,8,0,0,0,0.0,0.35,general_news,中信证券股份有限公司关于中科寒武纪科技股份有限公司2022年度向特定对象发行A股股票募投项目结项并将节余募集资金永久补充流动资金的核查意见
2026-05-27,688256,3,8,0,0,0,0.0,0.35,general_news,中信证券股份有限公司关于中科寒武纪科技股份有限公司2022年度向特定对象发行A股股票募投项目结项并将节余募集资金永久补充流动资金的核查意见
2026-05-28,688256,3,8,0,0,0,0.0,0.35,general_news,中信证券股份有限公司关于中科寒武纪科技股份有限公司2022年度向特定对象发行A股股票募投项目结项并将节余募集资金永久补充流动资金的核查意见
2026-05-29,688256,0,8,0,0,0,0.0,0.35,general_news,中信证券股份有限公司关于中科寒武纪科技股份有限公司2022年度向特定对象发行A股股票募投项目结项并将节余募集资金永久补充流动资金的核查意见
2026-06-01,688256,0,3,0,0,0,0.0,0.3499999999999999,general_news,中信证券股份有限公司关于中科寒武纪科技股份有限公司2022年度向特定对象发行A股股票募投项目结项并将节余募集资金永久补充流动资金的核查意见
2026-06-02,688256,0,3,0,0,0,0.0,0.3499999999999999,general_news,中信证券股份有限公司关于中科寒武纪科技股份有限公司2022年度向特定对象发行A股股票募投项目结项并将节余募集资金永久补充流动资金的核查意见
2026-06-03,688256,0,3,0,0,0,0.0,0.3499999999999999,general_news,中信证券股份有限公司关于中科寒武纪科技股份有限公司2022年度向特定对象发行A股股票募投项目结项并将节余募集资金永久补充流动资金的核查意见
2026-06-04,688256,0,3,0,0,0,0.0,0.3499999999999999,general_news,中信证券股份有限公司关于中科寒武纪科技股份有限公司2022年度向特定对象发行A股股票募投项目结项并将节余募集资金永久补充流动资金的核查意见
2026-06-05,688256,0,3,0,0,0,0.0,0.3499999999999999,general_news,中信证券股份有限公司关于中科寒武纪科技股份有限公司2022年度向特定对象发行A股股票募投项目结项并将节余募集资金永久补充流动资金的核查意见
2026-06-08,688256,2,5,0,0,0,0.13014596173340948,0.462,fund_flow,主力动向：6月8日特大单净流出627.12亿元
2026-06-09,688256,2,5,0,0,0,0.13014596173340942,0.462,fund_flow,主力动向：6月8日特大单净流出627.12亿元
2026-06-10,688256,4,7,0,0,0,0.1005947760882989,0.47000000000000003,general_news,电子行业资金流出榜：沪电股份、京东方A等净流出资金居前
2026-01-28,688981,5,5,0,0,0,-0.06,0.462,general_news,港股公告：董事会会议日期通知
2026-01-29,688981,5,5,0,0,0,-0.06,0.462,general_news,港股公告：董事会会议日期通知
2026-01-30,688981,5,5,0,0,0,-0.05999999999999999,0.462,general_news,港股公告：董事会会议日期通知
2026-02-02,688981,5,5,0,0,0,-0.06,0.462,general_news,港股公告：董事会会议日期通知
2026-02-03,688981,0,5,0,0,0,-0.06,0.462,general_news,港股公告：董事会会议日期通知
2026-02-04,688981,0,5,0,0,0,-0.06,0.462,general_news,港股公告：董事会会议日期通知
2026-02-05,688981,1,6,0,0,0,-0.03687444910720601,0.44333333333333336,general_news,港股公告：证券变动月报表
2026-02-06,688981,1,6,0,0,0,-0.03687444910720601,0.44333333333333336,general_news,港股公告：证券变动月报表
2026-02-09,688981,1,6,0,0,0,-0.036874449107206,0.44333333333333336,general_news,港股公告：证券变动月报表
2026-02-10,688981,1,6,0,0,0,-0.036874449107206005,0.44333333333333336,general_news,港股公告：证券变动月报表
2026-02-11,688981,5,11,0,0,0,-0.006654688927819934,0.4009090909090908,general_news,中芯国际集成电路制造有限公司关于本次交易相关内幕信息知情人买卖股票情况的自查报告的公告
2026-02-12,688981,5,11,0,0,0,-0.006654688927819934,0.4009090909090908,general_news,中芯国际集成电路制造有限公司关于本次交易相关内幕信息知情人买卖股票情况的自查报告的公告
2026-02-13,688981,7,13,0,0,0,-0.050192931977164915,0.43615384615384606,shareholder_change,上海市锦天城律师事务所关于2026年第一次临时股东大会的法律意见书
2026-02-16,688981,8,14,0,0,0,-0.04271062667413715,0.4299999999999999,general_news,港股公告：翌日披露报表
2026-02-17,688981,3,14,0,0,0,-0.04271062667413717,0.4299999999999999,general_news,港股公告：翌日披露报表
2026-02-18,688981,3,14,0,0,0,-0.04271062667413715,0.4299999999999999,general_news,港股公告：翌日披露报表
2026-02-19,688981,1,14,0,0,0,-0.042710626674137143,0.4299999999999999,general_news,港股公告：翌日披露报表
2026-02-20,688981,0,14,0,0,0,-0.04271062667413715,0.4299999999999999,general_news,港股公告：翌日披露报表
2026-02-23,688981,0,14,0,0,0,-0.04271062667413716,0.4299999999999999,general_news,港股公告：翌日披露报表
2026-02-24,688981,0,14,0,0,0,-0.04271062667413715,0.4299999999999999,general_news,港股公告：翌日披露报表
2026-02-25,688981,0,14,0,0,0,-0.042710626674137143,0.4299999999999999,general_news,港股公告：翌日披露报表
2026-02-26,688981,1,15,0,0,0,-0.023367907892206816,0.4246666666666666,general_news,中芯国际关于发行股份购买资产暨关联交易的申请文件获得上海证券交易所受理的公告
2026-02-27,688981,1,15,0,0,0,-0.02336790789220682,0.4246666666666666,general_news,中芯国际关于发行股份购买资产暨关联交易的申请文件获得上海证券交易所受理的公告
2026-03-02,688981,1,10,0,0,0,-0.022001768656543606,0.40599999999999997,general_news,中芯国际关于发行股份购买资产暨关联交易的申请文件获得上海证券交易所受理的公告
2026-03-03,688981,1,10,0,0,0,-0.0220017686565436,0.40599999999999997,general_news,中芯国际关于发行股份购买资产暨关联交易的申请文件获得上海证券交易所受理的公告
2026-03-04,688981,2,12,0,0,0,-0.0068457332052395455,0.39666666666666656,general_news,港股公告：翌日披露报表
2026-03-05,688981,2,12,0,0,0,-0.006845733205239546,0.39666666666666656,general_news,港股公告：翌日披露报表
2026-03-06,688981,2,12,0,0,0,-0.006845733205239546,0.39666666666666656,general_news,港股公告：翌日披露报表
2026-03-09,688981,3,12,0,0,0,-0.004499506200024144,0.39666666666666656,general_news,港股公告：翌日披露报表
2026-03-10,688981,1,12,0,0,0,-0.0044995062000241426,0.39666666666666656,general_news,港股公告：翌日披露报表
2026-03-11,688981,2,13,0,0,0,-0.0027854311879360084,0.393076923076923,general_news,港股公告：翌日披露报表
2026-03-12,688981,2,13,0,0,0,-0.002785431187936008,0.393076923076923,general_news,港股公告：翌日披露报表
2026-03-13,688981,1,13,0,0,0,-0.0027854311879360084,0.393076923076923,general_news,港股公告：翌日披露报表
2026-03-16,688981,1,6,0,0,0,0.0,0.35000000000000003,general_news,港股公告：翌日披露报表
2026-03-17,688981,1,6,0,0,0,0.0,0.35000000000000003,general_news,港股公告：董事会批准发布2025年度业绩通知
2026-03-18,688981,1,6,0,0,0,0.0,0.35000000000000003,general_news,港股公告：董事会批准发布2025年度业绩通知
2026-03-19,688981,1,6,0,0,0,0.0,0.35000000000000003,general_news,港股公告：董事会批准发布2025年度业绩通知
2026-03-20,688981,1,6,0,0,0,0.0,0.35000000000000003,general_news,港股公告：董事会批准发布2025年度业绩通知
2026-03-23,688981,0,6,0,0,0,0.0,0.35000000000000003,general_news,港股公告：董事会批准发布2025年度业绩通知
2026-03-24,688981,0,6,0,0,0,0.0,0.35000000000000003,general_news,港股公告：董事会批准发布2025年度业绩通知
2026-03-25,688981,0,6,0,0,0,0.0,0.35000000000000003,general_news,港股公告：董事会批准发布2025年度业绩通知
2026-03-26,688981,0,6,0,0,0,0.0,0.35000000000000003,general_news,港股公告：董事会批准发布2025年度业绩通知
2026-03-27,688981,14,20,0,0,0,0.0,0.3499999999999999,general_news,中芯国际2025年年度报告
2026-03-30,688981,14,19,0,0,0,0.0,0.3499999999999999,general_news,中芯国际2025年年度报告
2026-03-31,688981,14,19,0,0,0,0.0,0.3499999999999999,general_news,中芯国际2025年年度报告
2026-04-01,688981,14,19,0,0,0,0.0,0.3499999999999999,general_news,中芯国际2025年年度报告
2026-04-02,688981,1,20,0,0,0,0.0,0.3499999999999999,general_news,港股公告：授出限制性股票单位
2026-04-03,688981,2,21,0,0,0,0.0,0.3499999999999999,general_news,港股公告：证券变动月报表
2026-04-06,688981,2,19,0,0,0,0.0,0.3499999999999999,general_news,港股公告：证券变动月报表
2026-04-07,688981,2,18,0,0,0,0.0,0.3499999999999999,general_news,港股公告：证券变动月报表
2026-04-08,688981,1,18,0,0,0,0.0,0.3499999999999999,general_news,港股公告：证券变动月报表
2026-04-09,688981,12,30,0,5,5,-0.2328490663381107,0.3966666666666666,general_news,中芯国际集成电路制造有限公司发行股份购买资产暨关联交易报告书（修订稿）
2026-04-10,688981,13,31,0,5,5,-0.21625280465302363,0.39516129032258057,general_news,港股公告：翌日披露报表
2026-04-13,688981,13,30,0,5,5,-0.21646515927263232,0.3966666666666666,general_news,港股公告：翌日披露报表
2026-04-14,688981,13,30,0,5,5,-0.21646515927263246,0.3966666666666666,general_news,港股公告：翌日披露报表
2026-04-15,688981,1,30,0,5,5,-0.21646515927263238,0.3966666666666666,general_news,港股公告：翌日披露报表
2026-04-16,688981,0,30,0,5,5,-0.2164651592726325,0.3966666666666666,general_news,港股公告：翌日披露报表
2026-04-17,688981,0,29,0,5,5,-0.216967208703794,0.3982758620689655,general_news,港股公告：翌日披露报表
2026-04-20,688981,0,29,0,5,5,-0.216967208703794,0.3982758620689655,general_news,港股公告：翌日披露报表
2026-04-21,688981,0,29,0,5,5,-0.216967208703794,0.3982758620689655,general_news,港股公告：翌日披露报表
2026-04-22,688981,0,29,0,5,5,-0.21696720870379385,0.3982758620689655,general_news,港股公告：翌日披露报表
2026-04-23,688981,0,29,0,5,5,-0.21696720870379405,0.3982758620689655,general_news,港股公告：翌日披露报表
2026-04-24,688981,0,29,0,5,5,-0.21696720870379393,0.3982758620689655,general_news,港股公告：翌日披露报表
2026-04-27,688981,0,15,0,5,5,-0.25097130768964376,0.44333333333333325,general_news,港股公告：翌日披露报表
2026-04-28,688981,0,15,0,5,5,-0.2509713076896439,0.44333333333333325,general_news,港股公告：翌日披露报表
2026-04-29,688981,0,15,0,5,5,-0.2509713076896438,0.44333333333333325,general_news,港股公告：翌日披露报表
2026-04-30,688981,6,21,1,5,5,0.041190920774117706,0.4376190476190476,ma_restructuring,688981，收购芯片资产，即将上会！铜箔龙头，一周暴涨超66%
2026-05-01,688981,9,24,2,5,5,0.07827161292088271,0.4416666666666666,general_news,中芯国际关于召开2026年第一季度业绩说明会的预告公告
2026-05-04,688981,9,22,2,5,5,0.07857681948878828,0.45,general_news,中芯国际关于召开2026年第一季度业绩说明会的预告公告
2026-05-05,688981,9,22,2,5,5,0.07857681948878836,0.45,general_news,中芯国际关于召开2026年第一季度业绩说明会的预告公告
2026-05-06,688981,3,22,2,5,5,0.07857681948878835,0.45,general_news,中芯国际关于召开2026年第一季度业绩说明会的预告公告
2026-05-07,688981,1,23,2,5,5,0.061933811367713504,0.44565217391304346,general_news,港股公告：证券变动月报表
2026-05-08,688981,1,23,2,5,5,0.06193381136771348,0.44565217391304346,general_news,港股公告：证券变动月报表
2026-05-11,688981,1,10,2,0,0,0.07957189364683545,0.43,general_news,港股公告：证券变动月报表
2026-05-12,688981,2,11,3,0,0,0.195572098906404,0.45545454545454533,ma_restructuring,中芯国际关于发行股份购买资产暨关联交易事项获得上海证券交易所并购重组审核委员会审议通过的公告
2026-05-13,688981,5,15,3,0,0,0.0799897815981195,0.42733333333333323,general_news,中芯国际集成电路制造有限公司发行股份购买资产暨关联交易报告书（注册稿）
2026-05-14,688981,5,15,3,0,0,0.0799897815981195,0.42733333333333323,general_news,中芯国际集成电路制造有限公司发行股份购买资产暨关联交易报告书（注册稿）
2026-05-15,688981,14,24,3,0,0,0.03598152481394217,0.39833333333333326,general_news,中芯国际688981.SH)：2026年一季报净利润为13.61亿元、同比较去年同期上涨0.36%
2026-05-18,688981,13,24,3,0,0,0.03598152481394218,0.39833333333333326,general_news,中芯国际688981.SH)：2026年一季报净利润为13.61亿元、同比较去年同期上涨0.36%
2026-05-19,688981,9,24,3,0,0,0.03598152481394217,0.39833333333333326,general_news,中芯国际688981.SH)：2026年一季报净利润为13.61亿元、同比较去年同期上涨0.36%
2026-05-20,688981,9,24,3,0,0,0.03598152481394218,0.39833333333333326,general_news,中芯国际688981.SH)：2026年一季报净利润为13.61亿元、同比较去年同期上涨0.36%
2026-05-21,688981,0,24,3,0,0,0.035981524813942165,0.39833333333333326,general_news,中芯国际688981.SH)：2026年一季报净利润为13.61亿元、同比较去年同期上涨0.36%
2026-05-22,688981,5,29,3,0,0,0.018312366566477445,0.3899999999999999,general_news,国泰海通证券股份有限公司关于中芯国际集成电路制造有限公司发行股份购买资产暨关联交易报告书之独立财务顾问报告
2026-05-25,688981,6,30,4,0,0,0.04211539825253094,0.3979999999999999,commodity_shock,A股，两大板块掀涨停潮！688347、688981，双双新高
2026-05-26,688981,7,31,5,0,0,0.09566572653977758,0.4054838709677419,ma_restructuring,上证早知道｜300054 半导体抛光液获突破性进展；688981 机构大买6.81亿元；300851披露重组预案 今日复牌
2026-05-27,688981,7,31,5,0,0,0.09566572653977759,0.4054838709677419,ma_restructuring,上证早知道｜300054 半导体抛光液获突破性进展；688981 机构大买6.81亿元；300851披露重组预案 今日复牌
2026-05-28,688981,2,31,5,0,0,0.09566572653977758,0.4054838709677419,ma_restructuring,上证早知道｜300054 半导体抛光液获突破性进展；688981 机构大买6.81亿元；300851披露重组预案 今日复牌
2026-05-29,688981,2,31,5,0,0,0.09566572653977755,0.4054838709677419,ma_restructuring,上证早知道｜300054 半导体抛光液获突破性进展；688981 机构大买6.81亿元；300851披露重组预案 今日复牌
2026-06-01,688981,0,22,3,0,0,0.09545441035986957,0.3918181818181818,ma_restructuring,上证早知道｜300054 半导体抛光液获突破性进展；688981 机构大买6.81亿元；300851披露重组预案 今日复牌
2026-06-02,688981,0,22,3,0,0,0.09545441035986953,0.3918181818181818,ma_restructuring,上证早知道｜300054 半导体抛光液获突破性进展；688981 机构大买6.81亿元；300851披露重组预案 今日复牌
2026-06-03,688981,1,23,3,0,0,0.06700749274360646,0.38999999999999996,general_news,港股公告：证券变动月报表
2026-06-04,688981,4,26,3,0,0,-0.017784634529154374,0.40692307692307694,shareholder_change,中芯国际关于召开2026年度股东会的通知
2026-06-05,688981,5,27,3,0,0,-0.014879709986845482,0.4048148148148148,general_news,港股公告：翌日披露报表
2026-06-08,688981,5,26,3,0,0,-0.01491839940018111,0.40692307692307694,general_news,港股公告：翌日披露报表
2026-06-09,688981,4,26,3,0,0,-0.0149183994001811,0.40692307692307694,general_news,港股公告：翌日披露报表
2026-06-10,688981,2,27,3,0,0,-0.011178812109743055,0.4048148148148148,general_news,科创板股今日大宗交易成交明细
