source,source_url,published_at,symbol,related_symbols,title,summary,quality_flag
eastmoney_stock_news,http://finance.eastmoney.com/a/202606053762026920.html,2026-06-05 17:04:00,300308,300308,突发跳水！300308，天量成交,值得注意的是，中际旭创（300308）全日成交583.2亿元，成交额创该股历史天量，且位列A股成交额首位。同时，纵观A股历史，这一成交额位列第四，超越了新易盛今年4月创下的纪录，仅次于东方财富、中国石油与中国平安。 港股方面，中芯国际、华虹半导体双双跌超7%。,ok
eastmoney_stock_news,http://finance.eastmoney.com/a/202606023757371842.html,2026-06-02 12:36:00,300308,300308,300308，成交额A股第一！,沪深北三市半日成交18201亿元，中际旭创（300308）成交额228.36亿元，位居A股第一。,ok
eastmoney_stock_news,http://finance.eastmoney.com/a/202605123734187455.html,2026-05-12 10:15:00,300308,300308,千元A股+1！300308，大涨超7%,5月12日，光模块龙头中际旭创（300308）盘中大涨超7%，股价突破1000元，成为A股市场又一只千元股，也是创业板第二只千元股（第一只为爱美客，后因实施高送转除权，股价回至千元下方）。,ok
eastmoney_stock_news,http://finance.eastmoney.com/a/202606103767085155.html,2026-06-10 23:28:26,300308,300308,中际旭创回应被美国国防部列入1260H清单：认定和依据均不符合客观事实 未对公司经营产生实质性影响,中际旭创300308.SZ)公告称，公司注意到美国国防部将公司列入“1260H清单”，公司确认该认定不符合客观事实，公司既非中国军工企业，也非军民融合企业。公司将采取合适措施维护利益。本次事件未对公司经营产生实质性影响，订单获取、生产运营及供应链一切正常。,ok
cninfo_disclosure,http://www.cninfo.com.cn/new/disclosure/detail?stockCode=300308&announcementId=1225364128&orgId=9900022016&announcementTime=2026-06-10 23:26:35,2026-06-10 23:26:35,300308,300308,中际旭创自愿性信息披露公告,中际旭创自愿性信息披露公告,ok
cninfo_disclosure,http://www.cninfo.com.cn/new/disclosure/detail?stockCode=300308&announcementId=1225358180&orgId=9900022016&announcementTime=2026-06-09 00:00:00,2026-06-09 00:00:00,300308,300308,关于使用部分自有资金进行现金管理的进展公告,关于使用部分自有资金进行现金管理的进展公告,ok
cninfo_disclosure,http://www.cninfo.com.cn/new/disclosure/detail?stockCode=300308&announcementId=1225351974&orgId=9900022016&announcementTime=2026-06-05 00:00:00,2026-06-05 00:00:00,300308,300308,关于公司第三期限制性股票激励计划预留部分第一个归属期归属结果暨股份上市公告,关于公司第三期限制性股票激励计划预留部分第一个归属期归属结果暨股份上市公告,ok
cninfo_disclosure,http://www.cninfo.com.cn/new/disclosure/detail?stockCode=300308&announcementId=1225340998&orgId=9900022016&announcementTime=2026-06-01 00:00:00,2026-06-01 00:00:00,300308,300308,中际旭创关于网络传闻的澄清公告,中际旭创关于网络传闻的澄清公告,ok
cninfo_disclosure,http://www.cninfo.com.cn/new/disclosure/detail?stockCode=300308&announcementId=1225336549&orgId=9900022016&announcementTime=2026-05-29 00:00:00,2026-05-29 00:00:00,300308,300308,关于公司第四期限制性股票激励计划首次授予部分第一个归属期归属结果暨股份上市公告,关于公司第四期限制性股票激励计划首次授予部分第一个归属期归属结果暨股份上市公告,ok
cninfo_disclosure,http://www.cninfo.com.cn/new/disclosure/detail?stockCode=300308&announcementId=1225334260&orgId=9900022016&announcementTime=2026-05-28 00:00:00,2026-05-28 00:00:00,300308,300308,独立董事提名人声明与承诺(一),独立董事提名人声明与承诺(一),ok
cninfo_disclosure,http://www.cninfo.com.cn/new/disclosure/detail?stockCode=300308&announcementId=1225334259&orgId=9900022016&announcementTime=2026-05-28 00:00:00,2026-05-28 00:00:00,300308,300308,独立董事候选人声明与承诺(成波）,独立董事候选人声明与承诺(成波）,ok
cninfo_disclosure,http://www.cninfo.com.cn/new/disclosure/detail?stockCode=300308&announcementId=1225334258&orgId=9900022016&announcementTime=2026-05-28 00:00:00,2026-05-28 00:00:00,300308,300308,独立董事提名人声明与承诺(三),独立董事提名人声明与承诺(三),ok
cninfo_disclosure,http://www.cninfo.com.cn/new/disclosure/detail?stockCode=300308&announcementId=1225334257&orgId=9900022016&announcementTime=2026-05-28 00:00:00,2026-05-28 00:00:00,300308,300308,独立董事候选人声明与承诺(黄国滨),独立董事候选人声明与承诺(黄国滨),ok
cninfo_disclosure,http://www.cninfo.com.cn/new/disclosure/detail?stockCode=300308&announcementId=1225334256&orgId=9900022016&announcementTime=2026-05-28 00:00:00,2026-05-28 00:00:00,300308,300308,独立董事候选人声明与承诺(屈文洲）,独立董事候选人声明与承诺(屈文洲）,ok
cninfo_disclosure,http://www.cninfo.com.cn/new/disclosure/detail?stockCode=300308&announcementId=1225334255&orgId=9900022016&announcementTime=2026-05-28 00:00:00,2026-05-28 00:00:00,300308,300308,独立董事提名人声明与承诺(二),独立董事提名人声明与承诺(二),ok
cninfo_disclosure,http://www.cninfo.com.cn/new/disclosure/detail?stockCode=300308&announcementId=1225334254&orgId=9900022016&announcementTime=2026-05-28 00:00:00,2026-05-28 00:00:00,300308,300308,独立董事候选人声明与承诺(战淑萍）,独立董事候选人声明与承诺(战淑萍）,ok
cninfo_disclosure,http://www.cninfo.com.cn/new/disclosure/detail?stockCode=300308&announcementId=1225334253&orgId=9900022016&announcementTime=2026-05-28 00:00:00,2026-05-28 00:00:00,300308,300308,独立董事提名人声明与承诺(四),独立董事提名人声明与承诺(四),ok
cninfo_disclosure,http://www.cninfo.com.cn/new/disclosure/detail?stockCode=300308&announcementId=1225334252&orgId=9900022016&announcementTime=2026-05-28 00:00:00,2026-05-28 00:00:00,300308,300308,关于召开2026年第二次临时股东会的通知,关于召开2026年第二次临时股东会的通知,ok
cninfo_disclosure,http://www.cninfo.com.cn/new/disclosure/detail?stockCode=300308&announcementId=1225334251&orgId=9900022016&announcementTime=2026-05-28 00:00:00,2026-05-28 00:00:00,300308,300308,第五届董事会第三十三次会议决议公告,第五届董事会第三十三次会议决议公告,ok
cninfo_disclosure,http://www.cninfo.com.cn/new/disclosure/detail?stockCode=300308&announcementId=1225325912&orgId=9900022016&announcementTime=2026-05-22 17:48:27,2026-05-22 17:48:27,300308,300308,关于特定股东部分股票进行质押交易及解除质押的公告,关于特定股东部分股票进行质押交易及解除质押的公告,ok
cninfo_disclosure,http://www.cninfo.com.cn/new/disclosure/detail?stockCode=300308&announcementId=1225303206&orgId=9900022016&announcementTime=2026-05-14 00:00:00,2026-05-14 00:00:00,300308,300308,关于参加2026年山东辖区上市公司投资者网上集体接待日活动的公告,关于参加2026年山东辖区上市公司投资者网上集体接待日活动的公告,ok
cninfo_disclosure,http://www.cninfo.com.cn/new/disclosure/detail?stockCode=300308&announcementId=1225286800&orgId=9900022016&announcementTime=2026-05-09 00:00:00,2026-05-09 00:00:00,300308,300308,关于作废第四期限制性股票激励计划部分激励对象已获授但尚未归属的限制性股票的公告,关于作废第四期限制性股票激励计划部分激励对象已获授但尚未归属的限制性股票的公告,ok
cninfo_disclosure,http://www.cninfo.com.cn/new/disclosure/detail?stockCode=300308&announcementId=1225286799&orgId=9900022016&announcementTime=2026-05-09 00:00:00,2026-05-09 00:00:00,300308,300308,关于作废第三期限制性股票激励计划部分激励对象已获授但尚未归属的限制性股票的公告,关于作废第三期限制性股票激励计划部分激励对象已获授但尚未归属的限制性股票的公告,ok
cninfo_disclosure,http://www.cninfo.com.cn/new/disclosure/detail?stockCode=300308&announcementId=1225286798&orgId=9900022016&announcementTime=2026-05-09 00:00:00,2026-05-09 00:00:00,300308,300308,上海泽昌律师事务所关于公司调整第三期限制性股票激励计划预留部分归属价格、预留部分第一个归属期归属条件成就暨作废部分激励对象已获授但尚未归属的限制性股票的法律意见书,上海泽昌律师事务所关于公司调整第三期限制性股票激励计划预留部分归属价格、预留部分第一个归属期归属条件成就暨作废部分激励对象已获授但尚未归属的限制性股票的法律意见书,ok
cninfo_disclosure,http://www.cninfo.com.cn/new/disclosure/detail?stockCode=300308&announcementId=1225286797&orgId=9900022016&announcementTime=2026-05-09 00:00:00,2026-05-09 00:00:00,300308,300308,上海泽昌律师事务所关于公司调整第四期限制性股票激励计划首次授予部分归属价格、首次授予部分第一个归属期归属条件成就暨作废部分激励对象已获授但尚未归属的限制性股票的法律意见书,上海泽昌律师事务所关于公司调整第四期限制性股票激励计划首次授予部分归属价格、首次授予部分第一个归属期归属条件成就暨作废部分激励对象已获授但尚未归属的限制性股票的法律意见书,ok
cninfo_disclosure,http://www.cninfo.com.cn/new/disclosure/detail?stockCode=300308&announcementId=1225286796&orgId=9900022016&announcementTime=2026-05-09 00:00:00,2026-05-09 00:00:00,300308,300308,薪酬与考核委员会关于公司第三期限制性股票激励计划股份归属及激励对象名单的核查意见,薪酬与考核委员会关于公司第三期限制性股票激励计划股份归属及激励对象名单的核查意见,ok
cninfo_disclosure,http://www.cninfo.com.cn/new/disclosure/detail?stockCode=300308&announcementId=1225286795&orgId=9900022016&announcementTime=2026-05-09 00:00:00,2026-05-09 00:00:00,300308,300308,薪酬与考核委员会关于公司第四期限制性股票激励计划股份归属及激励对象名单的核查意见,薪酬与考核委员会关于公司第四期限制性股票激励计划股份归属及激励对象名单的核查意见,ok
cninfo_disclosure,http://www.cninfo.com.cn/new/disclosure/detail?stockCode=300308&announcementId=1225286794&orgId=9900022016&announcementTime=2026-05-09 00:00:00,2026-05-09 00:00:00,300308,300308,关于公司第三期限制性股票激励计划预留部分第一个归属期归属条件成就的公告,关于公司第三期限制性股票激励计划预留部分第一个归属期归属条件成就的公告,ok
cninfo_disclosure,http://www.cninfo.com.cn/new/disclosure/detail?stockCode=300308&announcementId=1225286793&orgId=9900022016&announcementTime=2026-05-09 00:00:00,2026-05-09 00:00:00,300308,300308,关于公司第四期限制性股票激励计划首次授予部分第一个归属期归属条件成就的公告,关于公司第四期限制性股票激励计划首次授予部分第一个归属期归属条件成就的公告,ok
cninfo_disclosure,http://www.cninfo.com.cn/new/disclosure/detail?stockCode=300308&announcementId=1225286792&orgId=9900022016&announcementTime=2026-05-09 00:00:00,2026-05-09 00:00:00,300308,300308,第五届董事会第三十二次会议决议公告,第五届董事会第三十二次会议决议公告,ok
cninfo_disclosure,http://www.cninfo.com.cn/new/disclosure/detail?stockCode=300308&announcementId=1225286791&orgId=9900022016&announcementTime=2026-05-09 00:00:00,2026-05-09 00:00:00,300308,300308,关于调整公司第四期限制性股票激励计划首次授予部分归属价格的公告,关于调整公司第四期限制性股票激励计划首次授予部分归属价格的公告,ok
cninfo_disclosure,http://www.cninfo.com.cn/new/disclosure/detail?stockCode=300308&announcementId=1225286790&orgId=9900022016&announcementTime=2026-05-09 00:00:00,2026-05-09 00:00:00,300308,300308,关于调整公司第三期限制性股票激励计划预留部分归属价格的公告,关于调整公司第三期限制性股票激励计划预留部分归属价格的公告,ok
cninfo_disclosure,http://www.cninfo.com.cn/new/disclosure/detail?stockCode=300308&announcementId=1225145429&orgId=9900022016&announcementTime=2026-04-22 17:11:11,2026-04-22 17:11:11,300308,300308,2025年度权益分派实施公告,2025年度权益分派实施公告,ok
cninfo_disclosure,http://www.cninfo.com.cn/new/disclosure/detail?stockCode=300308&announcementId=1225129982&orgId=9900022016&announcementTime=2026-04-20 19:32:13,2026-04-20 19:32:13,300308,300308,关于举行2025年度业绩说明会的公告,关于举行2025年度业绩说明会的公告,ok
cninfo_disclosure,http://www.cninfo.com.cn/new/disclosure/detail?stockCode=300308&announcementId=1225129981&orgId=9900022016&announcementTime=2026-04-20 19:32:13,2026-04-20 19:32:13,300308,300308,北京中银（苏州）律师事务所关于公司2025年度股东会之法律意见书,北京中银（苏州）律师事务所关于公司2025年度股东会之法律意见书,ok
cninfo_disclosure,http://www.cninfo.com.cn/new/disclosure/detail?stockCode=300308&announcementId=1225129980&orgId=9900022016&announcementTime=2026-04-20 19:32:11,2026-04-20 19:32:11,300308,300308,2025年度股东会决议公告,2025年度股东会决议公告,ok
cninfo_disclosure,http://www.cninfo.com.cn/new/disclosure/detail?stockCode=300308&announcementId=1225129944&orgId=9900022016&announcementTime=2026-04-20 19:30:30,2026-04-20 19:30:30,300308,300308,关于公司第三期限制性股票激励计划首次授予部分第二个归属期归属结果暨股份上市公告,关于公司第三期限制性股票激励计划首次授予部分第二个归属期归属结果暨股份上市公告,ok
cninfo_disclosure,http://www.cninfo.com.cn/new/disclosure/detail?stockCode=300308&announcementId=1225111944&orgId=9900022016&announcementTime=2026-04-17 00:00:00,2026-04-17 00:00:00,300308,300308,2026年第一季度报告披露的提示性公告,2026年第一季度报告披露的提示性公告,ok
cninfo_disclosure,http://www.cninfo.com.cn/new/disclosure/detail?stockCode=300308&announcementId=1225111943&orgId=9900022016&announcementTime=2026-04-17 00:00:00,2026-04-17 00:00:00,300308,300308,第五届董事会第三十一次会议决议公告,第五届董事会第三十一次会议决议公告,ok
cninfo_disclosure,http://www.cninfo.com.cn/new/disclosure/detail?stockCode=300308&announcementId=1225111941&orgId=9900022016&announcementTime=2026-04-17 00:00:00,2026-04-17 00:00:00,300308,300308,2026年一季度报告,2026年一季度报告,ok
cninfo_disclosure,http://www.cninfo.com.cn/new/disclosure/detail?stockCode=300308&announcementId=1225100461&orgId=9900022016&announcementTime=2026-04-15 00:00:00,2026-04-15 00:00:00,300308,300308,关于变更2026年第一季度报告预约披露时间的公告,关于变更2026年第一季度报告预约披露时间的公告,ok
cninfo_disclosure,http://www.cninfo.com.cn/new/disclosure/detail?stockCode=300308&announcementId=1225056498&orgId=9900022016&announcementTime=2026-03-31 00:00:00,2026-03-31 00:00:00,300308,300308,2025年度报告披露的提示性公告,2025年度报告披露的提示性公告,ok
cninfo_disclosure,http://www.cninfo.com.cn/new/disclosure/detail?stockCode=300308&announcementId=1225056497&orgId=9900022016&announcementTime=2026-03-31 00:00:00,2026-03-31 00:00:00,300308,300308,国泰海通证券股份有限公司关于公司2025年度募集资金存放、管理与使用情况的核查意见,国泰海通证券股份有限公司关于公司2025年度募集资金存放、管理与使用情况的核查意见,ok
cninfo_disclosure,http://www.cninfo.com.cn/new/disclosure/detail?stockCode=300308&announcementId=1225056496&orgId=9900022016&announcementTime=2026-03-31 00:00:00,2026-03-31 00:00:00,300308,300308,关于续聘2026年度审计机构的公告,关于续聘2026年度审计机构的公告,ok
cninfo_disclosure,http://www.cninfo.com.cn/new/disclosure/detail?stockCode=300308&announcementId=1225056495&orgId=9900022016&announcementTime=2026-03-31 00:00:00,2026-03-31 00:00:00,300308,300308,2025年度财务决算报告,2025年度财务决算报告,ok
cninfo_disclosure,http://www.cninfo.com.cn/new/disclosure/detail?stockCode=300308&announcementId=1225056494&orgId=9900022016&announcementTime=2026-03-31 00:00:00,2026-03-31 00:00:00,300308,300308,关于提请股东会授权董事会制定2026年中期分红方案的公告,关于提请股东会授权董事会制定2026年中期分红方案的公告,ok
cninfo_disclosure,http://www.cninfo.com.cn/new/disclosure/detail?stockCode=300308&announcementId=1225056493&orgId=9900022016&announcementTime=2026-03-31 00:00:00,2026-03-31 00:00:00,300308,300308,2025年度董事会工作报告,2025年度董事会工作报告,ok
cninfo_disclosure,http://www.cninfo.com.cn/new/disclosure/detail?stockCode=300308&announcementId=1225056492&orgId=9900022016&announcementTime=2026-03-31 00:00:00,2026-03-31 00:00:00,300308,300308,未来三年（2026年-2028年）股东回报规划,未来三年（2026年-2028年）股东回报规划,ok
cninfo_disclosure,http://www.cninfo.com.cn/new/disclosure/detail?stockCode=300308&announcementId=1225056491&orgId=9900022016&announcementTime=2026-03-31 00:00:00,2026-03-31 00:00:00,300308,300308,关于确认董事、高级管理人员2025年度薪酬及2026年度薪酬方案的公告,关于确认董事、高级管理人员2025年度薪酬及2026年度薪酬方案的公告,ok
cninfo_disclosure,http://www.cninfo.com.cn/new/disclosure/detail?stockCode=300308&announcementId=1225056490&orgId=9900022016&announcementTime=2026-03-31 00:00:00,2026-03-31 00:00:00,300308,300308,2025年度独立董事述职报告（战淑萍）,2025年度独立董事述职报告（战淑萍）,ok
cninfo_disclosure,http://www.cninfo.com.cn/new/disclosure/detail?stockCode=300308&announcementId=1225056489&orgId=9900022016&announcementTime=2026-03-31 00:00:00,2026-03-31 00:00:00,300308,300308,2025年度独立董事述职报告（成波）,2025年度独立董事述职报告（成波）,ok
cninfo_disclosure,http://www.cninfo.com.cn/new/disclosure/detail?stockCode=300308&announcementId=1225056488&orgId=9900022016&announcementTime=2026-03-31 00:00:00,2026-03-31 00:00:00,300308,300308,2025年度独立董事述职报告（Yan Zhuang),2025年度独立董事述职报告（Yan Zhuang),ok
cninfo_disclosure,http://www.cninfo.com.cn/new/disclosure/detail?stockCode=300308&announcementId=1225056487&orgId=9900022016&announcementTime=2026-03-31 00:00:00,2026-03-31 00:00:00,300308,300308,2025年度独立董事述职报告（屈文洲）,2025年度独立董事述职报告（屈文洲）,ok
cninfo_disclosure,http://www.cninfo.com.cn/new/disclosure/detail?stockCode=300308&announcementId=1225056486&orgId=9900022016&announcementTime=2026-03-31 00:00:00,2026-03-31 00:00:00,300308,300308,2025年环境、社会及公司治理（ESG）报告,2025年环境、社会及公司治理（ESG）报告,ok
cninfo_disclosure,http://www.cninfo.com.cn/new/disclosure/detail?stockCode=300308&announcementId=1225056485&orgId=9900022016&announcementTime=2026-03-31 00:00:00,2026-03-31 00:00:00,300308,300308,Zhongji InnoLight ESG Report（2025）,Zhongji InnoLight ESG Report（2025）,ok
cninfo_disclosure,http://www.cninfo.com.cn/new/disclosure/detail?stockCode=300308&announcementId=1225056484&orgId=9900022016&announcementTime=2026-03-31 00:00:00,2026-03-31 00:00:00,300308,300308,2025年度内部控制审计报告,2025年度内部控制审计报告,ok
cninfo_disclosure,http://www.cninfo.com.cn/new/disclosure/detail?stockCode=300308&announcementId=1225056483&orgId=9900022016&announcementTime=2026-03-31 00:00:00,2026-03-31 00:00:00,300308,300308,2025年度内部控制自我评价报告,2025年度内部控制自我评价报告,ok
cninfo_disclosure,http://www.cninfo.com.cn/new/disclosure/detail?stockCode=300308&announcementId=1225056482&orgId=9900022016&announcementTime=2026-03-31 00:00:00,2026-03-31 00:00:00,300308,300308,董事及高级管理人员薪酬管理制度(2026年3月),董事及高级管理人员薪酬管理制度(2026年3月),ok
cninfo_disclosure,http://www.cninfo.com.cn/new/disclosure/detail?stockCode=300308&announcementId=1225056481&orgId=9900022016&announcementTime=2026-03-31 00:00:00,2026-03-31 00:00:00,300308,300308,会计师事务所选聘制度(2026年3月),会计师事务所选聘制度(2026年3月),ok
cninfo_disclosure,http://www.cninfo.com.cn/new/disclosure/detail?stockCode=300308&announcementId=1225056480&orgId=9900022016&announcementTime=2026-03-31 00:00:00,2026-03-31 00:00:00,300308,300308,关于第三期员工持股计划第三个锁定期解锁条件成就的公告,关于第三期员工持股计划第三个锁定期解锁条件成就的公告,ok
cninfo_disclosure,http://www.cninfo.com.cn/new/disclosure/detail?stockCode=300308&announcementId=1225056479&orgId=9900022016&announcementTime=2026-03-31 00:00:00,2026-03-31 00:00:00,300308,300308,关于作废部分激励对象已获授但尚未归属的限制性股票的公告,关于作废部分激励对象已获授但尚未归属的限制性股票的公告,ok
cninfo_disclosure,http://www.cninfo.com.cn/new/disclosure/detail?stockCode=300308&announcementId=1225056478&orgId=9900022016&announcementTime=2026-03-31 00:00:00,2026-03-31 00:00:00,300308,300308,上海泽昌律师事务所关于公司调整第三期限制性股票激励计划首次授予部分归属价格、首次授予部分第二个归属期归属条件成就暨作废部分激励对象已获授但尚未归属的限制性股票的法律意见书,上海泽昌律师事务所关于公司调整第三期限制性股票激励计划首次授予部分归属价格、首次授予部分第二个归属期归属条件成就暨作废部分激励对象已获授但尚未归属的限制性股票的法律意见书,ok
cninfo_disclosure,http://www.cninfo.com.cn/new/disclosure/detail?stockCode=300308&announcementId=1225056477&orgId=9900022016&announcementTime=2026-03-31 00:00:00,2026-03-31 00:00:00,300308,300308,薪酬与考核委员会关于公司第三期股权激励计划首次授予部分股份归属及激励对象名单的核查意见,薪酬与考核委员会关于公司第三期股权激励计划首次授予部分股份归属及激励对象名单的核查意见,ok
cninfo_disclosure,http://www.cninfo.com.cn/new/disclosure/detail?stockCode=300308&announcementId=1225056476&orgId=9900022016&announcementTime=2026-03-31 00:00:00,2026-03-31 00:00:00,300308,300308,关于公司第三期限制性股票激励计划首次授予部分第二个归属期归属条件成就的公告,关于公司第三期限制性股票激励计划首次授予部分第二个归属期归属条件成就的公告,ok
cninfo_disclosure,http://www.cninfo.com.cn/new/disclosure/detail?stockCode=300308&announcementId=1225056475&orgId=9900022016&announcementTime=2026-03-31 00:00:00,2026-03-31 00:00:00,300308,300308,关于公司及子公司向银行申请综合授信额度并提供担保的公告,关于公司及子公司向银行申请综合授信额度并提供担保的公告,ok
cninfo_disclosure,http://www.cninfo.com.cn/new/disclosure/detail?stockCode=300308&announcementId=1225056474&orgId=9900022016&announcementTime=2026-03-31 00:00:00,2026-03-31 00:00:00,300308,300308,关于开展外汇套期保值业务的可行性分析报告,关于开展外汇套期保值业务的可行性分析报告,ok
cninfo_disclosure,http://www.cninfo.com.cn/new/disclosure/detail?stockCode=300308&announcementId=1225056473&orgId=9900022016&announcementTime=2026-03-31 00:00:00,2026-03-31 00:00:00,300308,300308,关于继续开展外汇套期保值业务的公告,关于继续开展外汇套期保值业务的公告,ok
cninfo_disclosure,http://www.cninfo.com.cn/new/disclosure/detail?stockCode=300308&announcementId=1225056472&orgId=9900022016&announcementTime=2026-03-31 00:00:00,2026-03-31 00:00:00,300308,300308,关于继续使用自有资金进行现金管理的公告,关于继续使用自有资金进行现金管理的公告,ok
cninfo_disclosure,http://www.cninfo.com.cn/new/disclosure/detail?stockCode=300308&announcementId=1225056471&orgId=9900022016&announcementTime=2026-03-31 00:00:00,2026-03-31 00:00:00,300308,300308,关于召开2025年度股东会的通知,关于召开2025年度股东会的通知,ok
cninfo_disclosure,http://www.cninfo.com.cn/new/disclosure/detail?stockCode=300308&announcementId=1225056470&orgId=9900022016&announcementTime=2026-03-31 00:00:00,2026-03-31 00:00:00,300308,300308,第五届董事会独立董事专门会议第九次会议决议公告,第五届董事会独立董事专门会议第九次会议决议公告,ok
cninfo_disclosure,http://www.cninfo.com.cn/new/disclosure/detail?stockCode=300308&announcementId=1225056469&orgId=9900022016&announcementTime=2026-03-31 00:00:00,2026-03-31 00:00:00,300308,300308,第五届董事会第二十九次会议决议公告,第五届董事会第二十九次会议决议公告,ok
cninfo_disclosure,http://www.cninfo.com.cn/new/disclosure/detail?stockCode=300308&announcementId=1225056468&orgId=9900022016&announcementTime=2026-03-31 00:00:00,2026-03-31 00:00:00,300308,300308,关于2025年度利润分配预案的公告,关于2025年度利润分配预案的公告,ok
cninfo_disclosure,http://www.cninfo.com.cn/new/disclosure/detail?stockCode=300308&announcementId=1225056467&orgId=9900022016&announcementTime=2026-03-31 00:00:00,2026-03-31 00:00:00,300308,300308,2025年度募集资金存放、管理与使用情况的专项报告,2025年度募集资金存放、管理与使用情况的专项报告,ok
cninfo_disclosure,http://www.cninfo.com.cn/new/disclosure/detail?stockCode=300308&announcementId=1225056466&orgId=9900022016&announcementTime=2026-03-31 00:00:00,2026-03-31 00:00:00,300308,300308,2025年度募集资金存放、管理与使用情况专项报告及鉴证报告,2025年度募集资金存放、管理与使用情况专项报告及鉴证报告,ok
cninfo_disclosure,http://www.cninfo.com.cn/new/disclosure/detail?stockCode=300308&announcementId=1225056465&orgId=9900022016&announcementTime=2026-03-31 00:00:00,2026-03-31 00:00:00,300308,300308,关于会计师事务所2025年度履职情况的评估报告,关于会计师事务所2025年度履职情况的评估报告,ok
cninfo_disclosure,http://www.cninfo.com.cn/new/disclosure/detail?stockCode=300308&announcementId=1225056464&orgId=9900022016&announcementTime=2026-03-31 00:00:00,2026-03-31 00:00:00,300308,300308,董事会审计委员会对会计师事务所2025年度履职情况评估及履行监督职责情况的报告,董事会审计委员会对会计师事务所2025年度履职情况评估及履行监督职责情况的报告,ok
cninfo_disclosure,http://www.cninfo.com.cn/new/disclosure/detail?stockCode=300308&announcementId=1225056463&orgId=9900022016&announcementTime=2026-03-31 00:00:00,2026-03-31 00:00:00,300308,300308,关于公司控股股东及其他关联方占用资金情况专项报告,关于公司控股股东及其他关联方占用资金情况专项报告,ok
cninfo_disclosure,http://www.cninfo.com.cn/new/disclosure/detail?stockCode=300308&announcementId=1225056462&orgId=9900022016&announcementTime=2026-03-31 00:00:00,2026-03-31 00:00:00,300308,300308,董事会对独立董事独立性评估的专项意见,董事会对独立董事独立性评估的专项意见,ok
cninfo_disclosure,http://www.cninfo.com.cn/new/disclosure/detail?stockCode=300308&announcementId=1225056461&orgId=9900022016&announcementTime=2026-03-31 00:00:00,2026-03-31 00:00:00,300308,300308,2025年年度审计报告,2025年年度审计报告,ok
cninfo_disclosure,http://www.cninfo.com.cn/new/disclosure/detail?stockCode=300308&announcementId=1225056459&orgId=9900022016&announcementTime=2026-03-31 00:00:00,2026-03-31 00:00:00,300308,300308,2025年年度报告,2025年年度报告,ok
cninfo_disclosure,http://www.cninfo.com.cn/new/disclosure/detail?stockCode=300308&announcementId=1225056458&orgId=9900022016&announcementTime=2026-03-31 00:00:00,2026-03-31 00:00:00,300308,300308,2025年年度报告摘要,2025年年度报告摘要,ok
cninfo_disclosure,http://www.cninfo.com.cn/new/disclosure/detail?stockCode=300308&announcementId=1225056457&orgId=9900022016&announcementTime=2026-03-31 00:00:00,2026-03-31 00:00:00,300308,300308,关于调整公司第三期限制性股票激励计划首次授予部分归属价格的公告,关于调整公司第三期限制性股票激励计划首次授予部分归属价格的公告,ok
cninfo_disclosure,http://www.cninfo.com.cn/new/disclosure/detail?stockCode=300308&announcementId=1225056455&orgId=9900022016&announcementTime=2026-03-31 00:00:00,2026-03-31 00:00:00,300308,300308,关于控股孙公司2026年度增资的公告,关于控股孙公司2026年度增资的公告,ok
cninfo_disclosure,http://www.cninfo.com.cn/new/disclosure/detail?stockCode=300308&announcementId=1225056454&orgId=9900022016&announcementTime=2026-03-31 00:00:00,2026-03-31 00:00:00,300308,300308,关于调整控股孙公司2025年度增资方案的公告,关于调整控股孙公司2025年度增资方案的公告,ok
eastmoney_stock_news,http://finance.eastmoney.com/a/202605263749588647.html,2026-05-26 15:02:52,300502,300502,午后突发！300502，大涨！股价突破700元，市值一度站上7000亿，创历史新高｜盘中速报,5月26日消息，光模块龙头新易盛（300502）涨幅一度扩大至6.76%，股价突破700元，续创历史新高，总市值突破7000亿。截至发稿，股价涨6.42%，报701.35元。,ok
eastmoney_stock_news,http://finance.eastmoney.com/a/202606103766944598.html,2026-06-10 21:22:00,300502,300502,新易盛拟发行H股并在香港联交所主板挂牌上市,6月10日，新易盛（300502）发布公告，为进一步提高公司的资本实力和综合竞争力，公司正在筹划发行境外上市外资股（H股）股票并在香港联合交易所有限公司主板挂牌上市。 2026年一季度，新易盛实现收入83.38亿元，归母净利润27.80亿元。,ok
eastmoney_stock_news,http://finance.eastmoney.com/a/202606103766908458.html,2026-06-10 20:42:30,300502,300502,新易盛：筹划发行H股并在香港联交所上市,6月10日，新易盛300502.SZ)公告称，公司第五届董事会第十四次会议审议通过发行H股股票并在香港联交所主板上市的议案。此举旨在提高资本实力和综合竞争力，提升国际影响力。该事项尚需提交股东会审议，并需经证监会备案及香港联交所、香港证监会核准，存在不确定性。,ok
eastmoney_stock_news,http://finance.eastmoney.com/a/202606103766920730.html,2026-06-10 20:56:41,300502,300502,新易盛：实际控制人调整一致行动协议 若审议事项存在不一致情形以黄晓雷表决意向为准,新易盛300502.SZ)公告称，公司实际控制人高光荣与黄晓雷调整一致行动协议，并于2026年6月9日签署《一致行动协议之补充协议》。调整后，双方在股东会审议事项中若存在不一致情形，以黄晓雷表决意向为准。本次调整不会导致公司实际控制人发生变化，不涉及控制权变更。,ok
eastmoney_stock_news,http://finance.eastmoney.com/a/202606103766921476.html,2026-06-10 21:03:53,300502,300502,新易盛拟发行H股股票并在香港联交所上市,北京商报讯（记者马换换李佳雪）6月10日晚间，新易盛（300502）披露公告称，为进一步提高公司的资本实力和综合竞争力，提升国际影响力，公司正在筹划发行境外上市外资股（H股）股票并在香港联交所主板挂牌上市。,ok
eastmoney_stock_news,http://finance.eastmoney.com/a/202606103766944726.html,2026-06-10 21:22:00,300502,300502,新易盛：财务总监林小凤获提名非独立董事候选人,6月10日，新易盛（300502）发布公告，李天蜀因工作安排，申请辞去董事职务，辞职后不再担任公司其他职务。 经董事会提名委员会提名，林小凤获提名为非独立董事候选人，任期自公司股东会审议通过之日起至第五届董事会届满时止。,ok
eastmoney_stock_news,http://finance.eastmoney.com/a/202606103766988155.html,2026-06-10 21:38:00,300502,300502,7000亿光模块龙头 筹划在港股上市,6月10日晚，新易盛（300502.SZ）发布公告称，为进一步提高公司的资本实力和综合竞争力，提升国际影响力，公司正在筹划发行境外上市外资股（H股）股票并在香港联合交易所有限公司主板挂牌上市。,ok
cninfo_disclosure,http://www.cninfo.com.cn/new/disclosure/detail?stockCode=300502&announcementId=1225351859&orgId=9900026455&announcementTime=2026-06-04 17:52:29,2026-06-04 17:52:29,300502,300502,2025年年度分红派息、转增股本实施公告,2025年年度分红派息、转增股本实施公告,ok
cninfo_disclosure,http://www.cninfo.com.cn/new/disclosure/detail?stockCode=300502&announcementId=1225317887&orgId=9900026455&announcementTime=2026-05-19 19:48:10,2026-05-19 19:48:10,300502,300502,关于2024年限制性股票激励计划首次授予第二期归属结果暨股份上市的公告,关于2024年限制性股票激励计划首次授予第二期归属结果暨股份上市的公告,ok
cninfo_disclosure,http://www.cninfo.com.cn/new/disclosure/detail?stockCode=300502&announcementId=1225310859&orgId=9900026455&announcementTime=2026-05-15 19:06:30,2026-05-15 19:06:30,300502,300502,北京国枫律师事务所关于成都新易盛通信技术股份有限公司2025年度股东会的法律意见书,北京国枫律师事务所关于成都新易盛通信技术股份有限公司2025年度股东会的法律意见书,ok
cninfo_disclosure,http://www.cninfo.com.cn/new/disclosure/detail?stockCode=300502&announcementId=1225310858&orgId=9900026455&announcementTime=2026-05-15 19:06:30,2026-05-15 19:06:30,300502,300502,成都新易盛通信技术股份有限公司2025年度股东会决议公告,成都新易盛通信技术股份有限公司2025年度股东会决议公告,ok
cninfo_disclosure,http://www.cninfo.com.cn/new/disclosure/detail?stockCode=300502&announcementId=1225272513&orgId=9900026455&announcementTime=2026-04-30 17:36:26,2026-04-30 17:36:26,300502,300502,关于完成工商登记变更并换发营业执照的公告,关于完成工商登记变更并换发营业执照的公告,ok
cninfo_disclosure,http://www.cninfo.com.cn/new/disclosure/detail?stockCode=300502&announcementId=1225172628&orgId=9900026455&announcementTime=2026-04-24 00:00:00,2026-04-24 00:00:00,300502,300502,关于2025年年度报告披露的提示性公告,关于2025年年度报告披露的提示性公告,ok
cninfo_disclosure,http://www.cninfo.com.cn/new/disclosure/detail?stockCode=300502&announcementId=1225172627&orgId=9900026455&announcementTime=2026-04-24 00:00:00,2026-04-24 00:00:00,300502,300502,关于2026年第一季度报告披露的提示性公告,关于2026年第一季度报告披露的提示性公告,ok
cninfo_disclosure,http://www.cninfo.com.cn/new/disclosure/detail?stockCode=300502&announcementId=1225172626&orgId=9900026455&announcementTime=2026-04-24 00:00:00,2026-04-24 00:00:00,300502,300502,2025年度财务决算报告,2025年度财务决算报告,ok
cninfo_disclosure,http://www.cninfo.com.cn/new/disclosure/detail?stockCode=300502&announcementId=1225172625&orgId=9900026455&announcementTime=2026-04-24 00:00:00,2026-04-24 00:00:00,300502,300502,关于确认董事、高级管理人员2025年度薪酬及2026年度薪酬方案的公告,关于确认董事、高级管理人员2025年度薪酬及2026年度薪酬方案的公告,ok
cninfo_disclosure,http://www.cninfo.com.cn/new/disclosure/detail?stockCode=300502&announcementId=1225172624&orgId=9900026455&announcementTime=2026-04-24 00:00:00,2026-04-24 00:00:00,300502,300502,2025年度董事会工作报告,2025年度董事会工作报告,ok
cninfo_disclosure,http://www.cninfo.com.cn/new/disclosure/detail?stockCode=300502&announcementId=1225172623&orgId=9900026455&announcementTime=2026-04-24 00:00:00,2026-04-24 00:00:00,300502,300502,2025年度独立董事述职报告（夏常源）,2025年度独立董事述职报告（夏常源）,ok
cninfo_disclosure,http://www.cninfo.com.cn/new/disclosure/detail?stockCode=300502&announcementId=1225172622&orgId=9900026455&announcementTime=2026-04-24 00:00:00,2026-04-24 00:00:00,300502,300502,2025年度独立董事述职报告（杨曼曼）,2025年度独立董事述职报告（杨曼曼）,ok
cninfo_disclosure,http://www.cninfo.com.cn/new/disclosure/detail?stockCode=300502&announcementId=1225172621&orgId=9900026455&announcementTime=2026-04-24 00:00:00,2026-04-24 00:00:00,300502,300502,2025年度独立董事述职报告（弋涛）,2025年度独立董事述职报告（弋涛）,ok
cninfo_disclosure,http://www.cninfo.com.cn/new/disclosure/detail?stockCode=300502&announcementId=1225172620&orgId=9900026455&announcementTime=2026-04-24 00:00:00,2026-04-24 00:00:00,300502,300502,关于举办2025年度业绩网上说明会的公告,关于举办2025年度业绩网上说明会的公告,ok
cninfo_disclosure,http://www.cninfo.com.cn/new/disclosure/detail?stockCode=300502&announcementId=1225172619&orgId=9900026455&announcementTime=2026-04-24 00:00:00,2026-04-24 00:00:00,300502,300502,2025年社会责任暨环境、社会及管治（ESG）报告,2025年社会责任暨环境、社会及管治（ESG）报告,ok
cninfo_disclosure,http://www.cninfo.com.cn/new/disclosure/detail?stockCode=300502&announcementId=1225172618&orgId=9900026455&announcementTime=2026-04-24 00:00:00,2026-04-24 00:00:00,300502,300502,2025年度内部控制审计报告,2025年度内部控制审计报告,ok
cninfo_disclosure,http://www.cninfo.com.cn/new/disclosure/detail?stockCode=300502&announcementId=1225172617&orgId=9900026455&announcementTime=2026-04-24 00:00:00,2026-04-24 00:00:00,300502,300502,2025年度内部控制自我评价报告,2025年度内部控制自我评价报告,ok
cninfo_disclosure,http://www.cninfo.com.cn/new/disclosure/detail?stockCode=300502&announcementId=1225172616&orgId=9900026455&announcementTime=2026-04-24 00:00:00,2026-04-24 00:00:00,300502,300502,董事、高级管理人员薪酬管理制度,董事、高级管理人员薪酬管理制度,ok
cninfo_disclosure,http://www.cninfo.com.cn/new/disclosure/detail?stockCode=300502&announcementId=1225172615&orgId=9900026455&announcementTime=2026-04-24 00:00:00,2026-04-24 00:00:00,300502,300502,关于“质量回报双提升”行动方案的进展公告,关于“质量回报双提升”行动方案的进展公告,ok
cninfo_disclosure,http://www.cninfo.com.cn/new/disclosure/detail?stockCode=300502&announcementId=1225172614&orgId=9900026455&announcementTime=2026-04-24 00:00:00,2026-04-24 00:00:00,300502,300502,关于公司2024年限制性股票激励计划首次授予第二期归属条件成就及作废部分限制性股票事项的法律意见书,关于公司2024年限制性股票激励计划首次授予第二期归属条件成就及作废部分限制性股票事项的法律意见书,ok
cninfo_disclosure,http://www.cninfo.com.cn/new/disclosure/detail?stockCode=300502&announcementId=1225172613&orgId=9900026455&announcementTime=2026-04-24 00:00:00,2026-04-24 00:00:00,300502,300502,董事会薪酬与考核委员会关于2024年限制性股票激励计划首次授予第二期可归属激励对象名单的核查意见,董事会薪酬与考核委员会关于2024年限制性股票激励计划首次授予第二期可归属激励对象名单的核查意见,ok
cninfo_disclosure,http://www.cninfo.com.cn/new/disclosure/detail?stockCode=300502&announcementId=1225172612&orgId=9900026455&announcementTime=2026-04-24 00:00:00,2026-04-24 00:00:00,300502,300502,关于2024年限制性股票激励计划首次授予第二期归属条件成就的公告,关于2024年限制性股票激励计划首次授予第二期归属条件成就的公告,ok
cninfo_disclosure,http://www.cninfo.com.cn/new/disclosure/detail?stockCode=300502&announcementId=1225172611&orgId=9900026455&announcementTime=2026-04-24 00:00:00,2026-04-24 00:00:00,300502,300502,关于向银行申请综合授信额度并提供担保的公告,关于向银行申请综合授信额度并提供担保的公告,ok
cninfo_disclosure,http://www.cninfo.com.cn/new/disclosure/detail?stockCode=300502&announcementId=1225172610&orgId=9900026455&announcementTime=2026-04-24 00:00:00,2026-04-24 00:00:00,300502,300502,关于召开2025年度股东会的通知,关于召开2025年度股东会的通知,ok
cninfo_disclosure,http://www.cninfo.com.cn/new/disclosure/detail?stockCode=300502&announcementId=1225172609&orgId=9900026455&announcementTime=2026-04-24 00:00:00,2026-04-24 00:00:00,300502,300502,第五届董事会第十三次会议决议公告,第五届董事会第十三次会议决议公告,ok
cninfo_disclosure,http://www.cninfo.com.cn/new/disclosure/detail?stockCode=300502&announcementId=1225172608&orgId=9900026455&announcementTime=2026-04-24 00:00:00,2026-04-24 00:00:00,300502,300502,关于2025年度利润分配及资本公积转增股本预案的公告,关于2025年度利润分配及资本公积转增股本预案的公告,ok
cninfo_disclosure,http://www.cninfo.com.cn/new/disclosure/detail?stockCode=300502&announcementId=1225172606&orgId=9900026455&announcementTime=2026-04-24 00:00:00,2026-04-24 00:00:00,300502,300502,2026年一季度报告,2026年一季度报告,ok
cninfo_disclosure,http://www.cninfo.com.cn/new/disclosure/detail?stockCode=300502&announcementId=1225172605&orgId=9900026455&announcementTime=2026-04-24 00:00:00,2026-04-24 00:00:00,300502,300502,关于会计师事务所2025年度履职情况的评估报告,关于会计师事务所2025年度履职情况的评估报告,ok
cninfo_disclosure,http://www.cninfo.com.cn/new/disclosure/detail?stockCode=300502&announcementId=1225172604&orgId=9900026455&announcementTime=2026-04-24 00:00:00,2026-04-24 00:00:00,300502,300502,董事会审计委员会对会计师事务所2025年度履职情况评估及履行监督职责情况的报告,董事会审计委员会对会计师事务所2025年度履职情况评估及履行监督职责情况的报告,ok
cninfo_disclosure,http://www.cninfo.com.cn/new/disclosure/detail?stockCode=300502&announcementId=1225172603&orgId=9900026455&announcementTime=2026-04-24 00:00:00,2026-04-24 00:00:00,300502,300502,关于成都新易盛通信技术股份有限公司非经营性资金占用及其他关联资金往来情况的专项审计说明,关于成都新易盛通信技术股份有限公司非经营性资金占用及其他关联资金往来情况的专项审计说明,ok
cninfo_disclosure,http://www.cninfo.com.cn/new/disclosure/detail?stockCode=300502&announcementId=1225172602&orgId=9900026455&announcementTime=2026-04-24 00:00:00,2026-04-24 00:00:00,300502,300502,上市公司非经营性资金占用及其他关联资金往来情况汇总表,上市公司非经营性资金占用及其他关联资金往来情况汇总表,ok
cninfo_disclosure,http://www.cninfo.com.cn/new/disclosure/detail?stockCode=300502&announcementId=1225172601&orgId=9900026455&announcementTime=2026-04-24 00:00:00,2026-04-24 00:00:00,300502,300502,董事会关于独立董事独立性自查情况的专项意见,董事会关于独立董事独立性自查情况的专项意见,ok
cninfo_disclosure,http://www.cninfo.com.cn/new/disclosure/detail?stockCode=300502&announcementId=1225172600&orgId=9900026455&announcementTime=2026-04-24 00:00:00,2026-04-24 00:00:00,300502,300502,2025年年度审计报告,2025年年度审计报告,ok
cninfo_disclosure,http://www.cninfo.com.cn/new/disclosure/detail?stockCode=300502&announcementId=1225172598&orgId=9900026455&announcementTime=2026-04-24 00:00:00,2026-04-24 00:00:00,300502,300502,2025年年度报告,2025年年度报告,ok
cninfo_disclosure,http://www.cninfo.com.cn/new/disclosure/detail?stockCode=300502&announcementId=1225172597&orgId=9900026455&announcementTime=2026-04-24 00:00:00,2026-04-24 00:00:00,300502,300502,2025年年度报告摘要,2025年年度报告摘要,ok
cninfo_disclosure,http://www.cninfo.com.cn/new/disclosure/detail?stockCode=300502&announcementId=1225172596&orgId=9900026455&announcementTime=2026-04-24 00:00:00,2026-04-24 00:00:00,300502,300502,关于作废部分限制性股票的公告,关于作废部分限制性股票的公告,ok
cninfo_disclosure,http://www.cninfo.com.cn/new/disclosure/detail?stockCode=300502&announcementId=1225099334&orgId=9900026455&announcementTime=2026-04-13 19:32:09,2026-04-13 19:32:09,300502,300502,北京国枫律师事务所关于成都新易盛通信技术股份有限公司2026年第一次临时股东大会的法律意见书,北京国枫律师事务所关于成都新易盛通信技术股份有限公司2026年第一次临时股东大会的法律意见书,ok
cninfo_disclosure,http://www.cninfo.com.cn/new/disclosure/detail?stockCode=300502&announcementId=1225099333&orgId=9900026455&announcementTime=2026-04-13 19:32:09,2026-04-13 19:32:09,300502,300502,成都新易盛通信技术股份有限公司2026年第一次临时股东会决议公告,成都新易盛通信技术股份有限公司2026年第一次临时股东会决议公告,ok
cninfo_disclosure,http://www.cninfo.com.cn/new/disclosure/detail?stockCode=300502&announcementId=1225040990&orgId=9900026455&announcementTime=2026-03-28 00:00:00,2026-03-28 00:00:00,300502,300502,成都新易盛通信技术股份有限公司章程（2026年3月）,成都新易盛通信技术股份有限公司章程（2026年3月）,ok
cninfo_disclosure,http://www.cninfo.com.cn/new/disclosure/detail?stockCode=300502&announcementId=1225040989&orgId=9900026455&announcementTime=2026-03-28 00:00:00,2026-03-28 00:00:00,300502,300502,关于调整董事会人数、变更公司注册资本、经营范围暨修改《公司章程》的的公告,关于调整董事会人数、变更公司注册资本、经营范围暨修改《公司章程》的的公告,ok
cninfo_disclosure,http://www.cninfo.com.cn/new/disclosure/detail?stockCode=300502&announcementId=1225040988&orgId=9900026455&announcementTime=2026-03-28 00:00:00,2026-03-28 00:00:00,300502,300502,关于选举产生第五届董事会职工代表董事的公告,关于选举产生第五届董事会职工代表董事的公告,ok
cninfo_disclosure,http://www.cninfo.com.cn/new/disclosure/detail?stockCode=300502&announcementId=1225040987&orgId=9900026455&announcementTime=2026-03-28 00:00:00,2026-03-28 00:00:00,300502,300502,关于预计2026年并确认2025年日常关联交易情况的公告,关于预计2026年并确认2025年日常关联交易情况的公告,ok
cninfo_disclosure,http://www.cninfo.com.cn/new/disclosure/detail?stockCode=300502&announcementId=1225040986&orgId=9900026455&announcementTime=2026-03-28 00:00:00,2026-03-28 00:00:00,300502,300502,关于召开2026年第一次临时股东会的通知,关于召开2026年第一次临时股东会的通知,ok
cninfo_disclosure,http://www.cninfo.com.cn/new/disclosure/detail?stockCode=300502&announcementId=1225040985&orgId=9900026455&announcementTime=2026-03-28 00:00:00,2026-03-28 00:00:00,300502,300502,第五届董事会第十二次会议决议公告,第五届董事会第十二次会议决议公告,ok
cninfo_disclosure,http://www.cninfo.com.cn/new/disclosure/detail?stockCode=300502&announcementId=1224960617&orgId=9900026455&announcementTime=2026-01-30 20:42:11,2026-01-30 20:42:11,300502,300502,2025年度业绩预告,2025年度业绩预告,ok
cninfo_disclosure,http://www.cninfo.com.cn/new/disclosure/detail?stockCode=300502&announcementId=1224890980&orgId=9900026455&announcementTime=2025-12-22 17:30:09,2025-12-22 17:30:09,300502,300502,关于2024年限制性股票激励计划首次授予第一期第二批次归属结果暨股份上市的公告,关于2024年限制性股票激励计划首次授予第一期第二批次归属结果暨股份上市的公告,ok
cninfo_disclosure,http://www.cninfo.com.cn/new/disclosure/detail?stockCode=300502&announcementId=1224761870&orgId=9900026455&announcementTime=2025-10-30 00:00:00,2025-10-30 00:00:00,300502,300502,关于2025年第三季度报告披露的提示性公告,关于2025年第三季度报告披露的提示性公告,ok
cninfo_disclosure,http://www.cninfo.com.cn/new/disclosure/detail?stockCode=300502&announcementId=1224761869&orgId=9900026455&announcementTime=2025-10-30 00:00:00,2025-10-30 00:00:00,300502,300502,第五届董事会第十一次会议决议公告,第五届董事会第十一次会议决议公告,ok
cninfo_disclosure,http://www.cninfo.com.cn/new/disclosure/detail?stockCode=300502&announcementId=1224761867&orgId=9900026455&announcementTime=2025-10-30 00:00:00,2025-10-30 00:00:00,300502,300502,2025年三季度报告,2025年三季度报告,ok
cninfo_disclosure,http://www.cninfo.com.cn/new/disclosure/detail?stockCode=300502&announcementId=1224723569&orgId=9900026455&announcementTime=2025-10-21 18:40:11,2025-10-21 18:40:11,300502,300502,中国国际金融股份有限公司关于成都新易盛通信技术股份有限公司股东向特定机构投资者询价转让股份的核查报告,中国国际金融股份有限公司关于成都新易盛通信技术股份有限公司股东向特定机构投资者询价转让股份的核查报告,ok
cninfo_disclosure,http://www.cninfo.com.cn/new/disclosure/detail?stockCode=300502&announcementId=1224723568&orgId=9900026455&announcementTime=2025-10-21 18:40:11,2025-10-21 18:40:11,300502,300502,关于股东询价转让结果报告书暨控股股东权益变动触及1%整数倍的提示性公告,关于股东询价转让结果报告书暨控股股东权益变动触及1%整数倍的提示性公告,ok
cninfo_disclosure,http://www.cninfo.com.cn/new/disclosure/detail?stockCode=300502&announcementId=1224703196&orgId=9900026455&announcementTime=2025-10-09 18:36:29,2025-10-09 18:36:29,300502,300502,股东询价转让定价情况提示性公告,股东询价转让定价情况提示性公告,ok
cninfo_disclosure,http://www.cninfo.com.cn/new/disclosure/detail?stockCode=300502&announcementId=1224696708&orgId=9900026455&announcementTime=2025-09-30 18:52:10,2025-09-30 18:52:10,300502,300502,中国国际金融股份有限公司关于成都新易盛通信技术股份有限公司股东向特定机构投资者询价转让股份相关资格的核查意见,中国国际金融股份有限公司关于成都新易盛通信技术股份有限公司股东向特定机构投资者询价转让股份相关资格的核查意见,ok
cninfo_disclosure,http://www.cninfo.com.cn/new/disclosure/detail?stockCode=300502&announcementId=1224696707&orgId=9900026455&announcementTime=2025-09-30 18:52:10,2025-09-30 18:52:10,300502,300502,成都新易盛通信技术股份有限公司股东询价转让计划书,成都新易盛通信技术股份有限公司股东询价转让计划书,ok
cninfo_disclosure,http://www.cninfo.com.cn/new/disclosure/detail?stockCode=300502&announcementId=1224653724&orgId=9900026455&announcementTime=2025-09-11 19:56:29,2025-09-11 19:56:29,300502,300502,第五届董事会第十次会议决议公告,第五届董事会第十次会议决议公告,ok
cninfo_disclosure,http://www.cninfo.com.cn/new/disclosure/detail?stockCode=300502&announcementId=1224653723&orgId=9900026455&announcementTime=2025-09-11 19:56:29,2025-09-11 19:56:29,300502,300502,成都新易盛通信技术股份有限公司2025年第一次临时股东大会决议公告,成都新易盛通信技术股份有限公司2025年第一次临时股东大会决议公告,ok
cninfo_disclosure,http://www.cninfo.com.cn/new/disclosure/detail?stockCode=300502&announcementId=1224653722&orgId=9900026455&announcementTime=2025-09-11 19:56:29,2025-09-11 19:56:29,300502,300502,北京国枫律师事务所关于成都新易盛通信技术股份有限公司2025年第一次临时股东大会的法律意见书,北京国枫律师事务所关于成都新易盛通信技术股份有限公司2025年第一次临时股东大会的法律意见书,ok
cninfo_disclosure,http://www.cninfo.com.cn/new/disclosure/detail?stockCode=300502&announcementId=1224647947&orgId=9900026455&announcementTime=2025-09-09 19:12:30,2025-09-09 19:12:30,300502,300502,关于2024年限制性股票激励计划预留授予第一期归属结果暨股份上市的公告,关于2024年限制性股票激励计划预留授予第一期归属结果暨股份上市的公告,ok
cninfo_disclosure,http://www.cninfo.com.cn/new/disclosure/detail?stockCode=300502&announcementId=1224640468&orgId=9900026455&announcementTime=2025-09-05 16:16:27,2025-09-05 16:16:27,300502,300502,关于参加举办四川辖区2025年投资者网上集体接待日及半年度报告业绩说明会的公告,关于参加举办四川辖区2025年投资者网上集体接待日及半年度报告业绩说明会的公告,ok
cninfo_disclosure,http://www.cninfo.com.cn/new/disclosure/detail?stockCode=300502&announcementId=1224571170&orgId=9900026455&announcementTime=2025-08-26 00:00:00,2025-08-26 00:00:00,300502,300502,关于2025年半年度报告披露的提示性公告,关于2025年半年度报告披露的提示性公告,ok
cninfo_disclosure,http://www.cninfo.com.cn/new/disclosure/detail?stockCode=300502&announcementId=1224571169&orgId=9900026455&announcementTime=2025-08-26 00:00:00,2025-08-26 00:00:00,300502,300502,2025年半年度报告摘要,2025年半年度报告摘要,ok
cninfo_disclosure,http://www.cninfo.com.cn/new/disclosure/detail?stockCode=300502&announcementId=1224571168&orgId=9900026455&announcementTime=2025-08-26 00:00:00,2025-08-26 00:00:00,300502,300502,总经理工作细则,总经理工作细则,ok
cninfo_disclosure,http://www.cninfo.com.cn/new/disclosure/detail?stockCode=300502&announcementId=1224571167&orgId=9900026455&announcementTime=2025-08-26 00:00:00,2025-08-26 00:00:00,300502,300502,重大信息内部报告制度,重大信息内部报告制度,ok
cninfo_disclosure,http://www.cninfo.com.cn/new/disclosure/detail?stockCode=300502&announcementId=1224571166&orgId=9900026455&announcementTime=2025-08-26 00:00:00,2025-08-26 00:00:00,300502,300502,重大经营与投资决策管理制度,重大经营与投资决策管理制度,ok
cninfo_disclosure,http://www.cninfo.com.cn/new/disclosure/detail?stockCode=300502&announcementId=1224571165&orgId=9900026455&announcementTime=2025-08-26 00:00:00,2025-08-26 00:00:00,300502,300502,信息披露暂缓与豁免管理制度,信息披露暂缓与豁免管理制度,ok
cninfo_disclosure,http://www.cninfo.com.cn/new/disclosure/detail?stockCode=300502&announcementId=1224571164&orgId=9900026455&announcementTime=2025-08-26 00:00:00,2025-08-26 00:00:00,300502,300502,信息披露事务管理制度,信息披露事务管理制度,ok
cninfo_disclosure,http://www.cninfo.com.cn/new/disclosure/detail?stockCode=300502&announcementId=1224571163&orgId=9900026455&announcementTime=2025-08-26 00:00:00,2025-08-26 00:00:00,300502,300502,突发事件处理制度,突发事件处理制度,ok
cninfo_disclosure,http://www.cninfo.com.cn/new/disclosure/detail?stockCode=300502&announcementId=1224571162&orgId=9900026455&announcementTime=2025-08-26 00:00:00,2025-08-26 00:00:00,300502,300502,投资者来访管理制度,投资者来访管理制度,ok
cninfo_disclosure,http://www.cninfo.com.cn/new/disclosure/detail?stockCode=300502&announcementId=1224571161&orgId=9900026455&announcementTime=2025-08-26 00:00:00,2025-08-26 00:00:00,300502,300502,投资者关系管理制度,投资者关系管理制度,ok
cninfo_disclosure,http://www.cninfo.com.cn/new/disclosure/detail?stockCode=300502&announcementId=1224571160&orgId=9900026455&announcementTime=2025-08-26 00:00:00,2025-08-26 00:00:00,300502,300502,上海荣正企业咨询服务（集团）股份有限公司关于成都新易盛通信技术股份有限公司2024年限制性股票激励计划预留授予第一期归属条件成就相关事项之独立财务顾问报告,上海荣正企业咨询服务（集团）股份有限公司关于成都新易盛通信技术股份有限公司2024年限制性股票激励计划预留授予第一期归属条件成就相关事项之独立财务顾问报告,ok
cninfo_disclosure,http://www.cninfo.com.cn/new/disclosure/detail?stockCode=300502&announcementId=1224571159&orgId=9900026455&announcementTime=2025-08-26 00:00:00,2025-08-26 00:00:00,300502,300502,融资与对外担保管理制度,融资与对外担保管理制度,ok
cninfo_disclosure,http://www.cninfo.com.cn/new/disclosure/detail?stockCode=300502&announcementId=1224571158&orgId=9900026455&announcementTime=2025-08-26 00:00:00,2025-08-26 00:00:00,300502,300502,年报信息披露重大差错责任追究制度,年报信息披露重大差错责任追究制度,ok
cninfo_disclosure,http://www.cninfo.com.cn/new/disclosure/detail?stockCode=300502&announcementId=1224571157&orgId=9900026455&announcementTime=2025-08-26 00:00:00,2025-08-26 00:00:00,300502,300502,内幕信息知情人登记制度,内幕信息知情人登记制度,ok
cninfo_disclosure,http://www.cninfo.com.cn/new/disclosure/detail?stockCode=300502&announcementId=1224571156&orgId=9900026455&announcementTime=2025-08-26 00:00:00,2025-08-26 00:00:00,300502,300502,内部审计制度,内部审计制度,ok
cninfo_disclosure,http://www.cninfo.com.cn/new/disclosure/detail?stockCode=300502&announcementId=1224571155&orgId=9900026455&announcementTime=2025-08-26 00:00:00,2025-08-26 00:00:00,300502,300502,募集资金管理制度,募集资金管理制度,ok
cninfo_disclosure,http://www.cninfo.com.cn/new/disclosure/detail?stockCode=300502&announcementId=1224571154&orgId=9900026455&announcementTime=2025-08-26 00:00:00,2025-08-26 00:00:00,300502,300502,开展外汇套期保值业务的可行性分析报告,开展外汇套期保值业务的可行性分析报告,ok
cninfo_disclosure,http://www.cninfo.com.cn/new/disclosure/detail?stockCode=300502&announcementId=1224571153&orgId=9900026455&announcementTime=2025-08-26 00:00:00,2025-08-26 00:00:00,300502,300502,监事会关于2024年限制性股票激励计划预留授予第一期可归属激励对象名单的核查意见,监事会关于2024年限制性股票激励计划预留授予第一期可归属激励对象名单的核查意见,ok
cninfo_disclosure,http://www.cninfo.com.cn/new/disclosure/detail?stockCode=300502&announcementId=1224571152&orgId=9900026455&announcementTime=2025-08-26 00:00:00,2025-08-26 00:00:00,300502,300502,规范与关联方资金往来制度,规范与关联方资金往来制度,ok
cninfo_disclosure,http://www.cninfo.com.cn/new/disclosure/detail?stockCode=300502&announcementId=1224571151&orgId=9900026455&announcementTime=2025-08-26 00:00:00,2025-08-26 00:00:00,300502,300502,关于召开2025年第一次临时股东大会通知,关于召开2025年第一次临时股东大会通知,ok
cninfo_disclosure,http://www.cninfo.com.cn/new/disclosure/detail?stockCode=300502&announcementId=1224571150&orgId=9900026455&announcementTime=2025-08-26 00:00:00,2025-08-26 00:00:00,300502,300502,关于增加向关联方采购商品的日常交易预计金额的公告,关于增加向关联方采购商品的日常交易预计金额的公告,ok
eastmoney_stock_news,http://finance.eastmoney.com/a/202605093732252730.html,2026-05-09 18:18:19,000977,000977,浪潮信息000977.SZ)：董事彭震、高管刘军完成减持计划，合计减持3万股,2026年5月8日，浪潮电子信息产业股份有限公司（000977.SZ）发布公告称，公司董事彭震先生、高级管理人员刘军先生已完成此前披露的股份减持计划。本次减持通过集中竞价交易方式进行，减持股份来源为股权激励计划行权所得股份。,ok
eastmoney_stock_news,http://finance.eastmoney.com/a/202604303726018429.html,2026-04-30 09:37:01,000977,000977,浪潮信息000977.SZ)：2026年一季报净利润为6.05亿元、同比较去年同期上涨30.74%,2026年4月30日，浪潮信息000977.SZ)发布2026年一季报。 公司营业总收入为354.70亿元，在已披露的同业公司中排名第1。,ok
eastmoney_stock_news,http://finance.eastmoney.com/a/202606103766697827.html,2026-06-10 16:23:00,000977,000977,英伟达概念下跌3.37%，主力资金净流出65股,一博科技 -2.49 9.16 855.08 688112 鼎阳科技 1.86 3.02 1765.50 300825 阿尔特 -0.20 6.75 1959.57 688316 青云科技 1.79 6.37 2104.31 688368 晶丰明源 1.98 5.23 2441.16 000977,ok
eastmoney_stock_news,http://finance.eastmoney.com/a/202606093765150767.html,2026-06-09 16:35:00,000977,000977,解密主力资金出逃股 连续5日净流出652股,9.57 -16.71 603799 华友钴业 10 23.52 8.10 -17.64 603993 洛阳钼业 5 21.26 8.95 -13.63 603881 数据港 15 18.86 9.08 -19.80 002230 科大讯飞 6 16.97 12.32 -9.42 000977,ok
eastmoney_stock_news,http://finance.eastmoney.com/a/202606013755961234.html,2026-06-01 14:04:09,000977,000977,涨超2.0%，碳中和ETF华夏(159790近3月涨幅为3.75%,截至2026年6月1日 09:55，中证内地低碳经济主题指数000977强势上涨1.55%，成分股锦浪科技上涨6.92%，贝特瑞上涨5.71%，爱旭股份上涨4.71%，德业股份，亿纬锂能等个股跟涨。碳中和ETF华夏(159790)上涨2.05%，最新价报0.85元。,ok
eastmoney_stock_news,http://finance.eastmoney.com/a/202606033759061717.html,2026-06-03 16:46:00,000977,000977,计算机行业今日净流出资金38.50亿元，浪潮信息等15股净流出资金超亿元,3924.73 300469 信息发展 1.64 2.64 3260.80 002236 大华股份 0.59 1.53 3199.19 688188 柏楚电子 0.16 1.16 2653.94 计算机行业资金流出榜 代码 简称 今日涨跌幅（%） 今日换手率（%） 主力资金流量（万元） 000977,ok
eastmoney_stock_news,http://finance.eastmoney.com/a/202606013755314939.html,2026-06-01 09:14:00,000977,000977,32股受融资客青睐，净买入超亿元,3.93 电子 688141 杰华特 -7.57 23345.44 159123.59 3.69 电子 301205 联特科技 7.93 22488.89 173365.88 6.58 通信 002008 大族激光 -3.04 22144.17 609291.10 4.83 机械设备 000977,ok
eastmoney_stock_news,http://finance.eastmoney.com/a/202606013756128920.html,2026-06-01 17:32:00,000977,000977,计算机行业今日涨1.99%，主力资金净流入56.79亿元,2.94 32525.00 300170 汉得信息 6.32 11.90 32371.79 300085 银之杰 7.55 10.60 29534.05 300339 润和软件 12.26 9.98 27173.56 300033 同花顺 0.49 4.16 21046.39 000977,ok
eastmoney_stock_news,http://finance.eastmoney.com/a/202605273751179752.html,2026-05-27 09:41:03,000977,000977,涨超2.7%，碳中和ETF华夏(159790近3月涨幅为4.13%,截至2026年5月27日 09:35，中证内地低碳经济主题指数000977强势上涨2.96%，成分股罗博特科上涨10.89%，TCL中环上涨9.97%，阳光电源上涨6.64%，锦浪科技，德业股份等个股跟涨。碳中和ETF华夏(159790)上涨2.76%，最新价报0.86元。,ok
cninfo_disclosure,http://www.cninfo.com.cn/new/disclosure/detail?stockCode=000977&announcementId=1225302010&orgId=gssz0000977&announcementTime=2026-05-13,2026-05-13 00:00:00,000977,000977,2025年年度分红派息实施公告,2025年年度分红派息实施公告,ok
cninfo_disclosure,http://www.cninfo.com.cn/new/disclosure/detail?stockCode=000977&announcementId=1225286944&orgId=gssz0000977&announcementTime=2026-05-09,2026-05-09 00:00:00,000977,000977,关于选举职工代表董事的公告,关于选举职工代表董事的公告,ok
cninfo_disclosure,http://www.cninfo.com.cn/new/disclosure/detail?stockCode=000977&announcementId=1225286943&orgId=gssz0000977&announcementTime=2026-05-09,2026-05-09 00:00:00,000977,000977,关于召开2025年度及2026年第一季度网上业绩说明会的公告,关于召开2025年度及2026年第一季度网上业绩说明会的公告,ok
cninfo_disclosure,http://www.cninfo.com.cn/new/disclosure/detail?stockCode=000977&announcementId=1225286942&orgId=gssz0000977&announcementTime=2026-05-09,2026-05-09 00:00:00,000977,000977,关于完成董事会换届选举并聘任高级管理人员、证券事务代表的公告,关于完成董事会换届选举并聘任高级管理人员、证券事务代表的公告,ok
cninfo_disclosure,http://www.cninfo.com.cn/new/disclosure/detail?stockCode=000977&announcementId=1225286941&orgId=gssz0000977&announcementTime=2026-05-09,2026-05-09 00:00:00,000977,000977,北京市君致律师事务所关于浪潮信息2025年度股东会的法律意见书,北京市君致律师事务所关于浪潮信息2025年度股东会的法律意见书,ok
cninfo_disclosure,http://www.cninfo.com.cn/new/disclosure/detail?stockCode=000977&announcementId=1225286940&orgId=gssz0000977&announcementTime=2026-05-09,2026-05-09 00:00:00,000977,000977,2025年度股东会决议公告,2025年度股东会决议公告,ok
cninfo_disclosure,http://www.cninfo.com.cn/new/disclosure/detail?stockCode=000977&announcementId=1225286939&orgId=gssz0000977&announcementTime=2026-05-09,2026-05-09 00:00:00,000977,000977,第十届董事会第一次会议决议公告,第十届董事会第一次会议决议公告,ok
cninfo_disclosure,http://www.cninfo.com.cn/new/disclosure/detail?stockCode=000977&announcementId=1225286938&orgId=gssz0000977&announcementTime=2026-05-09,2026-05-09 00:00:00,000977,000977,关于公司部分董事、高级管理人员股份减持计划实施完成的公告,关于公司部分董事、高级管理人员股份减持计划实施完成的公告,ok
cninfo_disclosure,http://www.cninfo.com.cn/new/disclosure/detail?stockCode=000977&announcementId=1225257759&orgId=gssz0000977&announcementTime=2026-04-30,2026-04-30 00:00:00,000977,000977,2026年一季度报告,2026年一季度报告,ok
cninfo_disclosure,http://www.cninfo.com.cn/new/disclosure/detail?stockCode=000977&announcementId=1225189765&orgId=gssz0000977&announcementTime=2026-04-25,2026-04-25 00:00:00,000977,000977,关于公司2026年度第一期科技创新债券发行情况公告,关于公司2026年度第一期科技创新债券发行情况公告,ok
cninfo_disclosure,http://www.cninfo.com.cn/new/disclosure/detail?stockCode=000977&announcementId=1225096668&orgId=gssz0000977&announcementTime=2026-04-11,2026-04-11 00:00:00,000977,000977,2025年度董事会工作报告,2025年度董事会工作报告,ok
cninfo_disclosure,http://www.cninfo.com.cn/new/disclosure/detail?stockCode=000977&announcementId=1225096667&orgId=gssz0000977&announcementTime=2026-04-11,2026-04-11 00:00:00,000977,000977,关于授权董事会制定中期分红方案的公告,关于授权董事会制定中期分红方案的公告,ok
cninfo_disclosure,http://www.cninfo.com.cn/new/disclosure/detail?stockCode=000977&announcementId=1225096666&orgId=gssz0000977&announcementTime=2026-04-11,2026-04-11 00:00:00,000977,000977,关于续聘会计师事务所的公告,关于续聘会计师事务所的公告,ok
cninfo_disclosure,http://www.cninfo.com.cn/new/disclosure/detail?stockCode=000977&announcementId=1225096665&orgId=gssz0000977&announcementTime=2026-04-11,2026-04-11 00:00:00,000977,000977,独立董事王爱国2025年度述职报告,独立董事王爱国2025年度述职报告,ok
cninfo_disclosure,http://www.cninfo.com.cn/new/disclosure/detail?stockCode=000977&announcementId=1225096664&orgId=gssz0000977&announcementTime=2026-04-11,2026-04-11 00:00:00,000977,000977,独立董事关鑫2025年度述职报告,独立董事关鑫2025年度述职报告,ok
cninfo_disclosure,http://www.cninfo.com.cn/new/disclosure/detail?stockCode=000977&announcementId=1225096663&orgId=gssz0000977&announcementTime=2026-04-11,2026-04-11 00:00:00,000977,000977,独立董事刘培德2025年度述职报告,独立董事刘培德2025年度述职报告,ok
cninfo_disclosure,http://www.cninfo.com.cn/new/disclosure/detail?stockCode=000977&announcementId=1225096662&orgId=gssz0000977&announcementTime=2026-04-11,2026-04-11 00:00:00,000977,000977,浪潮信息2025年度可持续发展报告,浪潮信息2025年度可持续发展报告,ok
cninfo_disclosure,http://www.cninfo.com.cn/new/disclosure/detail?stockCode=000977&announcementId=1225096661&orgId=gssz0000977&announcementTime=2026-04-11,2026-04-11 00:00:00,000977,000977,浪潮信息2025年度内部控制审计报告,浪潮信息2025年度内部控制审计报告,ok
cninfo_disclosure,http://www.cninfo.com.cn/new/disclosure/detail?stockCode=000977&announcementId=1225096660&orgId=gssz0000977&announcementTime=2026-04-11,2026-04-11 00:00:00,000977,000977,2025年度内部控制自我评价报告,2025年度内部控制自我评价报告,ok
cninfo_disclosure,http://www.cninfo.com.cn/new/disclosure/detail?stockCode=000977&announcementId=1225096659&orgId=gssz0000977&announcementTime=2026-04-11,2026-04-11 00:00:00,000977,000977,董事、高级管理人员离职管理制度（2026年4月修订）,董事、高级管理人员离职管理制度（2026年4月修订）,ok
cninfo_disclosure,http://www.cninfo.com.cn/new/disclosure/detail?stockCode=000977&announcementId=1225096658&orgId=gssz0000977&announcementTime=2026-04-11,2026-04-11 00:00:00,000977,000977,内部审计制度（2026年4月）,内部审计制度（2026年4月）,ok
cninfo_disclosure,http://www.cninfo.com.cn/new/disclosure/detail?stockCode=000977&announcementId=1225096657&orgId=gssz0000977&announcementTime=2026-04-11,2026-04-11 00:00:00,000977,000977,关于会计政策变更的公告,关于会计政策变更的公告,ok
cninfo_disclosure,http://www.cninfo.com.cn/new/disclosure/detail?stockCode=000977&announcementId=1225096656&orgId=gssz0000977&announcementTime=2026-04-11,2026-04-11 00:00:00,000977,000977,独立董事候选人声明与承诺（刘培德）,独立董事候选人声明与承诺（刘培德）,ok
cninfo_disclosure,http://www.cninfo.com.cn/new/disclosure/detail?stockCode=000977&announcementId=1225096655&orgId=gssz0000977&announcementTime=2026-04-11,2026-04-11 00:00:00,000977,000977,独立董事提名人声明与承诺（张敏）（1）,独立董事提名人声明与承诺（张敏）（1）,ok
cninfo_disclosure,http://www.cninfo.com.cn/new/disclosure/detail?stockCode=000977&announcementId=1225096654&orgId=gssz0000977&announcementTime=2026-04-11,2026-04-11 00:00:00,000977,000977,独立董事提名人声明与承诺（关鑫）,独立董事提名人声明与承诺（关鑫）,ok
cninfo_disclosure,http://www.cninfo.com.cn/new/disclosure/detail?stockCode=000977&announcementId=1225096653&orgId=gssz0000977&announcementTime=2026-04-11,2026-04-11 00:00:00,000977,000977,独立董事候选人声明与承诺（张敏）,独立董事候选人声明与承诺（张敏）,ok
cninfo_disclosure,http://www.cninfo.com.cn/new/disclosure/detail?stockCode=000977&announcementId=1225096652&orgId=gssz0000977&announcementTime=2026-04-11,2026-04-11 00:00:00,000977,000977,独立董事候选人声明与承诺（关鑫）,独立董事候选人声明与承诺（关鑫）,ok
cninfo_disclosure,http://www.cninfo.com.cn/new/disclosure/detail?stockCode=000977&announcementId=1225096651&orgId=gssz0000977&announcementTime=2026-04-11,2026-04-11 00:00:00,000977,000977,独立董事提名人声明与承诺（刘培德）,独立董事提名人声明与承诺（刘培德）,ok
cninfo_disclosure,http://www.cninfo.com.cn/new/disclosure/detail?stockCode=000977&announcementId=1225096650&orgId=gssz0000977&announcementTime=2026-04-11,2026-04-11 00:00:00,000977,000977,关于董事会换届选举的公告,关于董事会换届选举的公告,ok
cninfo_disclosure,http://www.cninfo.com.cn/new/disclosure/detail?stockCode=000977&announcementId=1225096649&orgId=gssz0000977&announcementTime=2026-04-11,2026-04-11 00:00:00,000977,000977,关于开展金融衍生品交易业务的可行性分析报告,关于开展金融衍生品交易业务的可行性分析报告,ok
cninfo_disclosure,http://www.cninfo.com.cn/new/disclosure/detail?stockCode=000977&announcementId=1225096648&orgId=gssz0000977&announcementTime=2026-04-11,2026-04-11 00:00:00,000977,000977,关于公司拟开展金融衍生品交易业务的公告,关于公司拟开展金融衍生品交易业务的公告,ok
cninfo_disclosure,http://www.cninfo.com.cn/new/disclosure/detail?stockCode=000977&announcementId=1225096647&orgId=gssz0000977&announcementTime=2026-04-11,2026-04-11 00:00:00,000977,000977,关于召开2025年度股东会的通知,关于召开2025年度股东会的通知,ok
cninfo_disclosure,http://www.cninfo.com.cn/new/disclosure/detail?stockCode=000977&announcementId=1225096646&orgId=gssz0000977&announcementTime=2026-04-11,2026-04-11 00:00:00,000977,000977,第九届董事会第十九次会议决议公告,第九届董事会第十九次会议决议公告,ok
cninfo_disclosure,http://www.cninfo.com.cn/new/disclosure/detail?stockCode=000977&announcementId=1225096645&orgId=gssz0000977&announcementTime=2026-04-11,2026-04-11 00:00:00,000977,000977,关于2025年年度利润分配预案的公告,关于2025年年度利润分配预案的公告,ok
cninfo_disclosure,http://www.cninfo.com.cn/new/disclosure/detail?stockCode=000977&announcementId=1225096644&orgId=gssz0000977&announcementTime=2026-04-11,2026-04-11 00:00:00,000977,000977,董事会审计委员会对会计师事务所2025年度履职情况评估及履行监督职责情况的报告,董事会审计委员会对会计师事务所2025年度履职情况评估及履行监督职责情况的报告,ok
cninfo_disclosure,http://www.cninfo.com.cn/new/disclosure/detail?stockCode=000977&announcementId=1225096643&orgId=gssz0000977&announcementTime=2026-04-11,2026-04-11 00:00:00,000977,000977,会计师事务所关于公司2025年度非经营性资金占用及其他关联资金往来的专项说明,会计师事务所关于公司2025年度非经营性资金占用及其他关联资金往来的专项说明,ok
cninfo_disclosure,http://www.cninfo.com.cn/new/disclosure/detail?stockCode=000977&announcementId=1225096642&orgId=gssz0000977&announcementTime=2026-04-11,2026-04-11 00:00:00,000977,000977,2025年度非经营性资金占用及其他关联资金往来情况汇总表,2025年度非经营性资金占用及其他关联资金往来情况汇总表,ok
cninfo_disclosure,http://www.cninfo.com.cn/new/disclosure/detail?stockCode=000977&announcementId=1225096641&orgId=gssz0000977&announcementTime=2026-04-11,2026-04-11 00:00:00,000977,000977,董事会关于独立董事独立性情况的专项评估报告,董事会关于独立董事独立性情况的专项评估报告,ok
cninfo_disclosure,http://www.cninfo.com.cn/new/disclosure/detail?stockCode=000977&announcementId=1225096640&orgId=gssz0000977&announcementTime=2026-04-11,2026-04-11 00:00:00,000977,000977,2025年年度审计报告,2025年年度审计报告,ok
cninfo_disclosure,http://www.cninfo.com.cn/new/disclosure/detail?stockCode=000977&announcementId=1225096638&orgId=gssz0000977&announcementTime=2026-04-11,2026-04-11 00:00:00,000977,000977,2025年年度报告,2025年年度报告,ok
cninfo_disclosure,http://www.cninfo.com.cn/new/disclosure/detail?stockCode=000977&announcementId=1225096637&orgId=gssz0000977&announcementTime=2026-04-11,2026-04-11 00:00:00,000977,000977,2025年年度报告摘要,2025年年度报告摘要,ok
cninfo_disclosure,http://www.cninfo.com.cn/new/disclosure/detail?stockCode=000977&announcementId=1224999130&orgId=gssz0000977&announcementTime=2026-03-07,2026-03-07 00:00:00,000977,000977,关于完成注册资本工商变更登记及章程备案的公告,关于完成注册资本工商变更登记及章程备案的公告,ok
cninfo_disclosure,http://www.cninfo.com.cn/new/disclosure/detail?stockCode=000977&announcementId=1224951312&orgId=gssz0000977&announcementTime=2026-01-27,2026-01-27 00:00:00,000977,000977,关于公司部分董事、高级管理人员减持股份的预披露公告,关于公司部分董事、高级管理人员减持股份的预披露公告,ok
cninfo_disclosure,http://www.cninfo.com.cn/new/disclosure/detail?stockCode=000977&announcementId=1224899312&orgId=gssz0000977&announcementTime=2025-12-26,2025-12-26 00:00:00,000977,000977,公司章程（2025年12月修订）,公司章程（2025年12月修订）,ok
cninfo_disclosure,http://www.cninfo.com.cn/new/disclosure/detail?stockCode=000977&announcementId=1224899311&orgId=gssz0000977&announcementTime=2025-12-26,2025-12-26 00:00:00,000977,000977,北京市君致律师事务所关于浪潮信息2025年第四次临时股东会的法律意见书,北京市君致律师事务所关于浪潮信息2025年第四次临时股东会的法律意见书,ok
cninfo_disclosure,http://www.cninfo.com.cn/new/disclosure/detail?stockCode=000977&announcementId=1224899310&orgId=gssz0000977&announcementTime=2025-12-26,2025-12-26 00:00:00,000977,000977,2025年第四次临时股东会决议公告,2025年第四次临时股东会决议公告,ok
cninfo_disclosure,http://www.cninfo.com.cn/new/disclosure/detail?stockCode=000977&announcementId=1224859980&orgId=gssz0000977&announcementTime=2025-12-09,2025-12-09 00:00:00,000977,000977,董事、高级管理人员离职管理制度（2025年12月）,董事、高级管理人员离职管理制度（2025年12月）,ok
cninfo_disclosure,http://www.cninfo.com.cn/new/disclosure/detail?stockCode=000977&announcementId=1224859979&orgId=gssz0000977&announcementTime=2025-12-09,2025-12-09 00:00:00,000977,000977,董事、高级管理人员薪酬管理制度（2025年12月）,董事、高级管理人员薪酬管理制度（2025年12月）,ok
cninfo_disclosure,http://www.cninfo.com.cn/new/disclosure/detail?stockCode=000977&announcementId=1224859978&orgId=gssz0000977&announcementTime=2025-12-09,2025-12-09 00:00:00,000977,000977,关于减少注册资本暨修订《公司章程》的公告,关于减少注册资本暨修订《公司章程》的公告,ok
cninfo_disclosure,http://www.cninfo.com.cn/new/disclosure/detail?stockCode=000977&announcementId=1224859977&orgId=gssz0000977&announcementTime=2025-12-09,2025-12-09 00:00:00,000977,000977,2026年度日常关联交易预计公告,2026年度日常关联交易预计公告,ok
cninfo_disclosure,http://www.cninfo.com.cn/new/disclosure/detail?stockCode=000977&announcementId=1224859976&orgId=gssz0000977&announcementTime=2025-12-09,2025-12-09 00:00:00,000977,000977,关于召开2025年第四次临时股东会的通知,关于召开2025年第四次临时股东会的通知,ok
cninfo_disclosure,http://www.cninfo.com.cn/new/disclosure/detail?stockCode=000977&announcementId=1224859975&orgId=gssz0000977&announcementTime=2025-12-09,2025-12-09 00:00:00,000977,000977,第九届董事会第十八次会议决议公告,第九届董事会第十八次会议决议公告,ok
cninfo_disclosure,http://www.cninfo.com.cn/new/disclosure/detail?stockCode=000977&announcementId=1224859974&orgId=gssz0000977&announcementTime=2025-12-09,2025-12-09 00:00:00,000977,000977,关于办理应收账款转让及无追索权保理业务的公告,关于办理应收账款转让及无追索权保理业务的公告,ok
cninfo_disclosure,http://www.cninfo.com.cn/new/disclosure/detail?stockCode=000977&announcementId=1224853933&orgId=gssz0000977&announcementTime=2025-12-06,2025-12-06 00:00:00,000977,000977,关于回购股份注销完成暨股份变动的公告,关于回购股份注销完成暨股份变动的公告,ok
cninfo_disclosure,http://www.cninfo.com.cn/new/disclosure/detail?stockCode=000977&announcementId=1224847630&orgId=gssz0000977&announcementTime=2025-12-04,2025-12-04 00:00:00,000977,000977,关于选举职工代表董事的公告,关于选举职工代表董事的公告,ok
cninfo_disclosure,http://www.cninfo.com.cn/new/disclosure/detail?stockCode=000977&announcementId=1224826210&orgId=gssz0000977&announcementTime=2025-11-26,2025-11-26 00:00:00,000977,000977,关于股份回购实施完成暨股份变动的公告,关于股份回购实施完成暨股份变动的公告,ok
cninfo_disclosure,http://www.cninfo.com.cn/new/disclosure/detail?stockCode=000977&announcementId=1224817575&orgId=gssz0000977&announcementTime=2025-11-21,2025-11-21 00:00:00,000977,000977,关于公司2025年度第七期超短期融资券发行情况公告,关于公司2025年度第七期超短期融资券发行情况公告,ok
cninfo_disclosure,http://www.cninfo.com.cn/new/disclosure/detail?stockCode=000977&announcementId=1224807103&orgId=gssz0000977&announcementTime=2025-11-15,2025-11-15 00:00:00,000977,000977,关于公司2025年度第五期科技创新债券发行情况公告,关于公司2025年度第五期科技创新债券发行情况公告,ok
cninfo_disclosure,http://www.cninfo.com.cn/new/disclosure/detail?stockCode=000977&announcementId=1224781100&orgId=gssz0000977&announcementTime=2025-11-03,2025-11-03 00:00:00,000977,000977,关于回购公司股份的进展公告,关于回购公司股份的进展公告,ok
cninfo_disclosure,http://www.cninfo.com.cn/new/disclosure/detail?stockCode=000977&announcementId=1224781081&orgId=gssz0000977&announcementTime=2025-11-01,2025-11-01 00:00:00,000977,000977,关于公司2025年度第六期超短期融资券发行情况公告,关于公司2025年度第六期超短期融资券发行情况公告,ok
cninfo_disclosure,http://www.cninfo.com.cn/new/disclosure/detail?stockCode=000977&announcementId=1224777801&orgId=gssz0000977&announcementTime=2025-10-31,2025-10-31 00:00:00,000977,000977,董事、高级管理人员持有和买卖本公司股票管理制度（2025年10月修订）,董事、高级管理人员持有和买卖本公司股票管理制度（2025年10月修订）,ok
cninfo_disclosure,http://www.cninfo.com.cn/new/disclosure/detail?stockCode=000977&announcementId=1224777800&orgId=gssz0000977&announcementTime=2025-10-31,2025-10-31 00:00:00,000977,000977,董事会向经理层授权管理办法（2025年10月修订）,董事会向经理层授权管理办法（2025年10月修订）,ok
cninfo_disclosure,http://www.cninfo.com.cn/new/disclosure/detail?stockCode=000977&announcementId=1224777799&orgId=gssz0000977&announcementTime=2025-10-31,2025-10-31 00:00:00,000977,000977,董事会秘书工作制度（2025年10月修订）,董事会秘书工作制度（2025年10月修订）,ok
cninfo_disclosure,http://www.cninfo.com.cn/new/disclosure/detail?stockCode=000977&announcementId=1224777798&orgId=gssz0000977&announcementTime=2025-10-31,2025-10-31 00:00:00,000977,000977,独立董事年报工作制度（2025年10月修订）,独立董事年报工作制度（2025年10月修订）,ok
cninfo_disclosure,http://www.cninfo.com.cn/new/disclosure/detail?stockCode=000977&announcementId=1224777797&orgId=gssz0000977&announcementTime=2025-10-31,2025-10-31 00:00:00,000977,000977,对外担保管理制度（2025年10月修订）,对外担保管理制度（2025年10月修订）,ok
cninfo_disclosure,http://www.cninfo.com.cn/new/disclosure/detail?stockCode=000977&announcementId=1224777796&orgId=gssz0000977&announcementTime=2025-10-31,2025-10-31 00:00:00,000977,000977,防范控股股东及关联方资金占用管理办法（2025年10月修订）,防范控股股东及关联方资金占用管理办法（2025年10月修订）,ok
cninfo_disclosure,http://www.cninfo.com.cn/new/disclosure/detail?stockCode=000977&announcementId=1224777795&orgId=gssz0000977&announcementTime=2025-10-31,2025-10-31 00:00:00,000977,000977,独立董事专门会议工作细则（2025年10月修订）,独立董事专门会议工作细则（2025年10月修订）,ok
cninfo_disclosure,http://www.cninfo.com.cn/new/disclosure/detail?stockCode=000977&announcementId=1224777794&orgId=gssz0000977&announcementTime=2025-10-31,2025-10-31 00:00:00,000977,000977,对外投资管理制度（2025年10月修订）,对外投资管理制度（2025年10月修订）,ok
cninfo_disclosure,http://www.cninfo.com.cn/new/disclosure/detail?stockCode=000977&announcementId=1224777793&orgId=gssz0000977&announcementTime=2025-10-31,2025-10-31 00:00:00,000977,000977,证券投资管理制度（2025年10月修订）,证券投资管理制度（2025年10月修订）,ok
cninfo_disclosure,http://www.cninfo.com.cn/new/disclosure/detail?stockCode=000977&announcementId=1224777792&orgId=gssz0000977&announcementTime=2025-10-31,2025-10-31 00:00:00,000977,000977,董事会提名委员会工作细则（2025年10月修订）,董事会提名委员会工作细则（2025年10月修订）,ok
cninfo_disclosure,http://www.cninfo.com.cn/new/disclosure/detail?stockCode=000977&announcementId=1224777791&orgId=gssz0000977&announcementTime=2025-10-31,2025-10-31 00:00:00,000977,000977,董事会薪酬与考核委员会工作细则（2025年10月修订）,董事会薪酬与考核委员会工作细则（2025年10月修订）,ok
cninfo_disclosure,http://www.cninfo.com.cn/new/disclosure/detail?stockCode=000977&announcementId=1224777790&orgId=gssz0000977&announcementTime=2025-10-31,2025-10-31 00:00:00,000977,000977,董事会战略与可持续发展委员会工作细则（2025年10月修订）,董事会战略与可持续发展委员会工作细则（2025年10月修订）,ok
cninfo_disclosure,http://www.cninfo.com.cn/new/disclosure/detail?stockCode=000977&announcementId=1224777789&orgId=gssz0000977&announcementTime=2025-10-31,2025-10-31 00:00:00,000977,000977,独立董事工作制度（2025年10月修订）,独立董事工作制度（2025年10月修订）,ok
cninfo_disclosure,http://www.cninfo.com.cn/new/disclosure/detail?stockCode=000977&announcementId=1224777788&orgId=gssz0000977&announcementTime=2025-10-31,2025-10-31 00:00:00,000977,000977,累积投票制实施细则（2025年10月修订）,累积投票制实施细则（2025年10月修订）,ok
cninfo_disclosure,http://www.cninfo.com.cn/new/disclosure/detail?stockCode=000977&announcementId=1224777787&orgId=gssz0000977&announcementTime=2025-10-31,2025-10-31 00:00:00,000977,000977,控股股东、实际控制人行为规范（2025年10月修订）,控股股东、实际控制人行为规范（2025年10月修订）,ok
cninfo_disclosure,http://www.cninfo.com.cn/new/disclosure/detail?stockCode=000977&announcementId=1224777786&orgId=gssz0000977&announcementTime=2025-10-31,2025-10-31 00:00:00,000977,000977,利润分配管理制度（2025年10月修订）,利润分配管理制度（2025年10月修订）,ok
cninfo_disclosure,http://www.cninfo.com.cn/new/disclosure/detail?stockCode=000977&announcementId=1224777785&orgId=gssz0000977&announcementTime=2025-10-31,2025-10-31 00:00:00,000977,000977,关联交易管理制度（2025年10月修订）,关联交易管理制度（2025年10月修订）,ok
cninfo_disclosure,http://www.cninfo.com.cn/new/disclosure/detail?stockCode=000977&announcementId=1224777784&orgId=gssz0000977&announcementTime=2025-10-31,2025-10-31 00:00:00,000977,000977,公司信用类债券信息披露管理办法（2025年10月修订）,公司信用类债券信息披露管理办法（2025年10月修订）,ok
cninfo_disclosure,http://www.cninfo.com.cn/new/disclosure/detail?stockCode=000977&announcementId=1224777783&orgId=gssz0000977&announcementTime=2025-10-31,2025-10-31 00:00:00,000977,000977,募集资金管理办法（2025年10月修订）,募集资金管理办法（2025年10月修订）,ok
cninfo_disclosure,http://www.cninfo.com.cn/new/disclosure/detail?stockCode=000977&announcementId=1224777782&orgId=gssz0000977&announcementTime=2025-10-31,2025-10-31 00:00:00,000977,000977,理财产品业务管理制度（2025年10月修订）,理财产品业务管理制度（2025年10月修订）,ok
eastmoney_stock_news,http://finance.eastmoney.com/a/202604253718945711.html,2026-04-25 10:22:38,603019,603019,中科曙光603019.SH)：2026年一季报净利润为2.28亿元、同比较去年同期上涨22.19%,2026年4月25日，中科曙光603019.SH)发布2026年一季报。 公司营业总收入为31.99亿元，较去年同报告期营业总收入增加6.13亿元，实现5年连续上涨，同比较去年同期上涨23.71%。,ok
eastmoney_stock_news,http://finance.eastmoney.com/a/202606013756128920.html,2026-06-01 17:32:00,603019,603019,计算机行业今日涨1.99%，主力资金净流入56.79亿元,603039 泛微网络 9.99 4.27 12206.50 300302 同有科技 2.90 10.26 11929.89 688227 品高股份 5.37 6.56 10596.62 计算机行业资金流出榜  代码 简称 今日涨跌幅（%） 今日换手率（%） 主力资金流量（万元） 603019,ok
eastmoney_stock_news,http://finance.eastmoney.com/a/202606013756128014.html,2026-06-01 17:32:00,603019,603019,Web3.0概念上涨3.59%，5股主力资金净流入超亿元,1.22 2.51 -1921.12 -13.11 603300 海南华铁 0.54 1.57 -1985.33 -11.30 000863 三湘印象 0.80 2.08 -1987.04 -16.35 688400 凌云光 -9.44 5.29 -25243.61 -17.93 603019,ok
eastmoney_stock_news,http://finance.eastmoney.com/a/202606013756128294.html,2026-06-01 17:32:00,603019,603019,解密主力资金出逃股 连续5日净流出650股,8.15 -14.24 600498 烽火通信 8 26.25 7.90 -18.69 301269 华大九天 5 25.99 10.78 -15.32 600418 江淮汽车 9 25.06 11.31 -22.02 688313 仕佳光子 5 24.80 9.00 -19.67 603019,ok
eastmoney_stock_news,http://finance.eastmoney.com/a/202605283752871757.html,2026-05-28 17:25:00,603019,603019,37.44亿元主力资金今日撤离计算机板块,-18406.68 300803 指南针 -1.75 3.94 -16818.71 300033 同花顺 -1.03 4.34 -16536.16 301236 软通动力 -3.37 4.03 -16446.38 300017 网宿科技 -0.70 5.51 -16083.95 603019,ok
eastmoney_stock_news,http://finance.eastmoney.com/a/202606053762008435.html,2026-06-05 16:44:00,603019,603019,新型工业化概念涨2.21%，主力资金净流入这些股,8.37 -11699.31 -9.21 002975 博杰股份 -7.86 12.49 -19400.75 -8.33 002957 科瑞技术 -6.88 9.10 -23011.22 -9.81 300456 赛微电子 -4.16 6.91 -25317.92 -14.01 603019,ok
eastmoney_stock_news,http://finance.eastmoney.com/a/202605273751349637.html,2026-05-27 16:46:00,603019,603019,计算机行业5月27日资金流向日报,002376 新北洋 -0.72 2.52 1079.18 300508 维宏股份 1.80 5.92 971.52 603039 泛微网络 -1.53 2.30 880.33 计算机行业资金流出榜  代码 简称 今日涨跌幅（%） 今日换手率（%） 主力资金流量（万元） 603019,ok
cninfo_disclosure,http://www.cninfo.com.cn/new/disclosure/detail?stockCode=603019&announcementId=1225336192&orgId=9900023134&announcementTime=2026-05-29 00:00:00,2026-05-29 00:00:00,603019,603019,中科曙光关于向不特定对象发行可转换公司债券申请获得上海证券交易所上市审核委员会审核通过的公告,中科曙光关于向不特定对象发行可转换公司债券申请获得上海证券交易所上市审核委员会审核通过的公告,ok
cninfo_disclosure,http://www.cninfo.com.cn/new/disclosure/detail?stockCode=603019&announcementId=1225329891&orgId=9900023134&announcementTime=2026-05-26 00:00:00,2026-05-26 00:00:00,603019,603019,中科曙光2025年年度权益分派实施公告,中科曙光2025年年度权益分派实施公告,ok
cninfo_disclosure,http://www.cninfo.com.cn/new/disclosure/detail?stockCode=603019&announcementId=1225329890&orgId=9900023134&announcementTime=2026-05-26 00:00:00,2026-05-26 00:00:00,603019,603019,北京市中伦律师事务所关于曙光信息产业股份有限公司差异化分红的法律意见书,北京市中伦律师事务所关于曙光信息产业股份有限公司差异化分红的法律意见书,ok
cninfo_disclosure,http://www.cninfo.com.cn/new/disclosure/detail?stockCode=603019&announcementId=1225280512&orgId=9900023134&announcementTime=2026-05-07 00:00:00,2026-05-07 00:00:00,603019,603019,中科曙光关于向不特定对象发行可转换公司债券审核问询函回复的提示性公告,中科曙光关于向不特定对象发行可转换公司债券审核问询函回复的提示性公告,ok
cninfo_disclosure,http://www.cninfo.com.cn/new/disclosure/detail?stockCode=603019&announcementId=1225280508&orgId=9900023134&announcementTime=2026-05-07 00:00:00,2026-05-07 00:00:00,603019,603019,中科曙光2025年年度股东会决议公告,中科曙光2025年年度股东会决议公告,ok
cninfo_disclosure,http://www.cninfo.com.cn/new/disclosure/detail?stockCode=603019&announcementId=1225280506&orgId=9900023134&announcementTime=2026-05-07 00:00:00,2026-05-07 00:00:00,603019,603019,中科曙光关于董事会完成换届选举及聘任高级管理人员、内部审计负责人、证券事务代表的公告,中科曙光关于董事会完成换届选举及聘任高级管理人员、内部审计负责人、证券事务代表的公告,ok
cninfo_disclosure,http://www.cninfo.com.cn/new/disclosure/detail?stockCode=603019&announcementId=1225280501&orgId=9900023134&announcementTime=2026-05-07 00:00:00,2026-05-07 00:00:00,603019,603019,北京市中伦律师事务所关于曙光信息产业股份有限公司2025年年度股东会的法律意见书,北京市中伦律师事务所关于曙光信息产业股份有限公司2025年年度股东会的法律意见书,ok
cninfo_disclosure,http://www.cninfo.com.cn/new/disclosure/detail?stockCode=603019&announcementId=1225280499&orgId=9900023134&announcementTime=2026-05-07 00:00:00,2026-05-07 00:00:00,603019,603019,大信会计师事务所（特殊普通合伙）关于曙光信息产业股份有限公司2026年度向不特定对象发行可转换公司债券申请文件的审核问询函之回复报告,大信会计师事务所（特殊普通合伙）关于曙光信息产业股份有限公司2026年度向不特定对象发行可转换公司债券申请文件的审核问询函之回复报告,ok
cninfo_disclosure,http://www.cninfo.com.cn/new/disclosure/detail?stockCode=603019&announcementId=1225280497&orgId=9900023134&announcementTime=2026-05-07 00:00:00,2026-05-07 00:00:00,603019,603019,关于曙光信息产业股份有限公司向不特定对象发行可转换公司债券申请文件的审核问询函之回复报告,关于曙光信息产业股份有限公司向不特定对象发行可转换公司债券申请文件的审核问询函之回复报告,ok
cninfo_disclosure,http://www.cninfo.com.cn/new/disclosure/detail?stockCode=603019&announcementId=1225280496&orgId=9900023134&announcementTime=2026-05-07 00:00:00,2026-05-07 00:00:00,603019,603019,中科曙光第六届董事会第一次会议决议公告,中科曙光第六届董事会第一次会议决议公告,ok
cninfo_disclosure,http://www.cninfo.com.cn/new/disclosure/detail?stockCode=603019&announcementId=1225259115&orgId=9900023134&announcementTime=2026-04-30 00:00:00,2026-04-30 00:00:00,603019,603019,中科曙光2026年度“提质增效重回报”行动方案,中科曙光2026年度“提质增效重回报”行动方案,ok
cninfo_disclosure,http://www.cninfo.com.cn/new/disclosure/detail?stockCode=603019&announcementId=1225181445&orgId=9900023134&announcementTime=2026-04-25 00:00:00,2026-04-25 00:00:00,603019,603019,北京市中伦律师事务所关于曙光信息产业股份有限公司2026年度向不特定对象发行可转换公司债券的法律意见书,北京市中伦律师事务所关于曙光信息产业股份有限公司2026年度向不特定对象发行可转换公司债券的法律意见书,ok
cninfo_disclosure,http://www.cninfo.com.cn/new/disclosure/detail?stockCode=603019&announcementId=1225181441&orgId=9900023134&announcementTime=2026-04-25 00:00:00,2026-04-25 00:00:00,603019,603019,曙光信息产业股份有限公司最近三年的财务报告及其审计报告以及最近一期的财务报告,曙光信息产业股份有限公司最近三年的财务报告及其审计报告以及最近一期的财务报告,ok
cninfo_disclosure,http://www.cninfo.com.cn/new/disclosure/detail?stockCode=603019&announcementId=1225181434&orgId=9900023134&announcementTime=2026-04-25 00:00:00,2026-04-25 00:00:00,603019,603019,中信证券股份有限公司关于曙光信息产业股份有限公司向不特定对象发行可转换公司债券之上市保荐书,中信证券股份有限公司关于曙光信息产业股份有限公司向不特定对象发行可转换公司债券之上市保荐书,ok
cninfo_disclosure,http://www.cninfo.com.cn/new/disclosure/detail?stockCode=603019&announcementId=1225181417&orgId=9900023134&announcementTime=2026-04-25 00:00:00,2026-04-25 00:00:00,603019,603019,中信证券股份有限公司关于曙光信息产业股份有限公司向不特定对象发行可转换公司债券之发行保荐书,中信证券股份有限公司关于曙光信息产业股份有限公司向不特定对象发行可转换公司债券之发行保荐书,ok
cninfo_disclosure,http://www.cninfo.com.cn/new/disclosure/detail?stockCode=603019&announcementId=1225181415&orgId=9900023134&announcementTime=2026-04-25 00:00:00,2026-04-25 00:00:00,603019,603019,中科曙光第五届董事会第三十次会议决议公告,中科曙光第五届董事会第三十次会议决议公告,ok
cninfo_disclosure,http://www.cninfo.com.cn/new/disclosure/detail?stockCode=603019&announcementId=1225181318&orgId=9900023134&announcementTime=2026-04-25 00:00:00,2026-04-25 00:00:00,603019,603019,中科曙光关于向不特定对象发行可转换公司债券申请获得上海证券交易所受理的公告,中科曙光关于向不特定对象发行可转换公司债券申请获得上海证券交易所受理的公告,ok
cninfo_disclosure,http://www.cninfo.com.cn/new/disclosure/detail?stockCode=603019&announcementId=1225181297&orgId=9900023134&announcementTime=2026-04-25 00:00:00,2026-04-25 00:00:00,603019,603019,中科曙光2026年第一季度报告,中科曙光2026年第一季度报告,ok
cninfo_disclosure,http://www.cninfo.com.cn/new/disclosure/detail?stockCode=603019&announcementId=1225181286&orgId=9900023134&announcementTime=2026-04-25 00:00:00,2026-04-25 00:00:00,603019,603019,曙光信息产业股份有限公司向不特定对象发行可转换公司债券证券募集说明书（申报稿）,曙光信息产业股份有限公司向不特定对象发行可转换公司债券证券募集说明书（申报稿）,ok
cninfo_disclosure,http://www.cninfo.com.cn/new/disclosure/detail?stockCode=603019&announcementId=1225179646&orgId=9900023134&announcementTime=2026-04-25 00:00:00,2026-04-25 00:00:00,603019,603019,中科曙光2025年年度股东会会议材料,中科曙光2025年年度股东会会议材料,ok
cninfo_disclosure,http://www.cninfo.com.cn/new/disclosure/detail?stockCode=603019&announcementId=1225108478&orgId=9900023134&announcementTime=2026-04-16 00:00:00,2026-04-16 00:00:00,603019,603019,中科曙光关于2026年度日常关联交易预计的补充公告,中科曙光关于2026年度日常关联交易预计的补充公告,ok
cninfo_disclosure,http://www.cninfo.com.cn/new/disclosure/detail?stockCode=603019&announcementId=1225104583&orgId=9900023134&announcementTime=2026-04-15 00:00:00,2026-04-15 00:00:00,603019,603019,曙光信息产业股份有限公司信息披露管理制度(202604),曙光信息产业股份有限公司信息披露管理制度(202604),ok
cninfo_disclosure,http://www.cninfo.com.cn/new/disclosure/detail?stockCode=603019&announcementId=1225104582&orgId=9900023134&announcementTime=2026-04-15 00:00:00,2026-04-15 00:00:00,603019,603019,曙光信息产业股份有限公司重大信息内部报告制度（202604）,曙光信息产业股份有限公司重大信息内部报告制度（202604）,ok
cninfo_disclosure,http://www.cninfo.com.cn/new/disclosure/detail?stockCode=603019&announcementId=1225104581&orgId=9900023134&announcementTime=2026-04-15 00:00:00,2026-04-15 00:00:00,603019,603019,独立董事候选人声明与承诺（郑永琴）,独立董事候选人声明与承诺（郑永琴）,ok
cninfo_disclosure,http://www.cninfo.com.cn/new/disclosure/detail?stockCode=603019&announcementId=1225104580&orgId=9900023134&announcementTime=2026-04-15 00:00:00,2026-04-15 00:00:00,603019,603019,中科曙光关于2026年度董事、高级管理人员薪酬方案的公告,中科曙光关于2026年度董事、高级管理人员薪酬方案的公告,ok
cninfo_disclosure,http://www.cninfo.com.cn/new/disclosure/detail?stockCode=603019&announcementId=1225104579&orgId=9900023134&announcementTime=2026-04-15 00:00:00,2026-04-15 00:00:00,603019,603019,中科曙光关于会计师事务所2025年度履职情况评估报告,中科曙光关于会计师事务所2025年度履职情况评估报告,ok
cninfo_disclosure,http://www.cninfo.com.cn/new/disclosure/detail?stockCode=603019&announcementId=1225104578&orgId=9900023134&announcementTime=2026-04-15 00:00:00,2026-04-15 00:00:00,603019,603019,会计师事务所对中科曙光控股股东及其他关联方占用资金情况的专项说明,会计师事务所对中科曙光控股股东及其他关联方占用资金情况的专项说明,ok
cninfo_disclosure,http://www.cninfo.com.cn/new/disclosure/detail?stockCode=603019&announcementId=1225104577&orgId=9900023134&announcementTime=2026-04-15 00:00:00,2026-04-15 00:00:00,603019,603019,独立董事提名人声明与承诺（戴淑芬）,独立董事提名人声明与承诺（戴淑芬）,ok
cninfo_disclosure,http://www.cninfo.com.cn/new/disclosure/detail?stockCode=603019&announcementId=1225104576&orgId=9900023134&announcementTime=2026-04-15 00:00:00,2026-04-15 00:00:00,603019,603019,中科曙光2025年度独立董事述职报告(戴淑芬）,中科曙光2025年度独立董事述职报告(戴淑芬）,ok
cninfo_disclosure,http://www.cninfo.com.cn/new/disclosure/detail?stockCode=603019&announcementId=1225104575&orgId=9900023134&announcementTime=2026-04-15 00:00:00,2026-04-15 00:00:00,603019,603019,曙光信息产业股份有限公司年报信息披露重大差错责任追究制度(202604),曙光信息产业股份有限公司年报信息披露重大差错责任追究制度(202604),ok
cninfo_disclosure,http://www.cninfo.com.cn/new/disclosure/detail?stockCode=603019&announcementId=1225104574&orgId=9900023134&announcementTime=2026-04-15 00:00:00,2026-04-15 00:00:00,603019,603019,独立董事提名人声明与承诺（郑永琴）,独立董事提名人声明与承诺（郑永琴）,ok
cninfo_disclosure,http://www.cninfo.com.cn/new/disclosure/detail?stockCode=603019&announcementId=1225104573&orgId=9900023134&announcementTime=2026-04-15 00:00:00,2026-04-15 00:00:00,603019,603019,曙光信息产业股份有限公司内幕信息知情人登记管理制度（202604）,曙光信息产业股份有限公司内幕信息知情人登记管理制度（202604）,ok
cninfo_disclosure,http://www.cninfo.com.cn/new/disclosure/detail?stockCode=603019&announcementId=1225104572&orgId=9900023134&announcementTime=2026-04-15 00:00:00,2026-04-15 00:00:00,603019,603019,中科曙光2025年度内部控制评价报告,中科曙光2025年度内部控制评价报告,ok
cninfo_disclosure,http://www.cninfo.com.cn/new/disclosure/detail?stockCode=603019&announcementId=1225104571&orgId=9900023134&announcementTime=2026-04-15 00:00:00,2026-04-15 00:00:00,603019,603019,中科曙光关于2026年度申请银行综合授信额度的公告,中科曙光关于2026年度申请银行综合授信额度的公告,ok
cninfo_disclosure,http://www.cninfo.com.cn/new/disclosure/detail?stockCode=603019&announcementId=1225104570&orgId=9900023134&announcementTime=2026-04-15 00:00:00,2026-04-15 00:00:00,603019,603019,中科曙光关于2025年度利润分配方案的公告,中科曙光关于2025年度利润分配方案的公告,ok
cninfo_disclosure,http://www.cninfo.com.cn/new/disclosure/detail?stockCode=603019&announcementId=1225104569&orgId=9900023134&announcementTime=2026-04-15 00:00:00,2026-04-15 00:00:00,603019,603019,中科曙光2025年度环境、社会和公司治理报告,中科曙光2025年度环境、社会和公司治理报告,ok
cninfo_disclosure,http://www.cninfo.com.cn/new/disclosure/detail?stockCode=603019&announcementId=1225104568&orgId=9900023134&announcementTime=2026-04-15 00:00:00,2026-04-15 00:00:00,603019,603019,曙光信息产业股份有限公司董事、高级管理人员薪酬管理制度（202604）,曙光信息产业股份有限公司董事、高级管理人员薪酬管理制度（202604）,ok
cninfo_disclosure,http://www.cninfo.com.cn/new/disclosure/detail?stockCode=603019&announcementId=1225104567&orgId=9900023134&announcementTime=2026-04-15 00:00:00,2026-04-15 00:00:00,603019,603019,曙光信息产业股份有限公司董事会秘书工作细则（202604）,曙光信息产业股份有限公司董事会秘书工作细则（202604）,ok
cninfo_disclosure,http://www.cninfo.com.cn/new/disclosure/detail?stockCode=603019&announcementId=1225104566&orgId=9900023134&announcementTime=2026-04-15 00:00:00,2026-04-15 00:00:00,603019,603019,中科曙光2025年度董事会审计委员会履职报告,中科曙光2025年度董事会审计委员会履职报告,ok
cninfo_disclosure,http://www.cninfo.com.cn/new/disclosure/detail?stockCode=603019&announcementId=1225104565&orgId=9900023134&announcementTime=2026-04-15 00:00:00,2026-04-15 00:00:00,603019,603019,曙光信息产业股份有限公司投资者关系管理制度（202604）,曙光信息产业股份有限公司投资者关系管理制度（202604）,ok
cninfo_disclosure,http://www.cninfo.com.cn/new/disclosure/detail?stockCode=603019&announcementId=1225104564&orgId=9900023134&announcementTime=2026-04-15 00:00:00,2026-04-15 00:00:00,603019,603019,中科曙光关于续聘会计师事务所的公告,中科曙光关于续聘会计师事务所的公告,ok
cninfo_disclosure,http://www.cninfo.com.cn/new/disclosure/detail?stockCode=603019&announcementId=1225104563&orgId=9900023134&announcementTime=2026-04-15 00:00:00,2026-04-15 00:00:00,603019,603019,中科曙光2025年年度报告摘要,中科曙光2025年年度报告摘要,ok
cninfo_disclosure,http://www.cninfo.com.cn/new/disclosure/detail?stockCode=603019&announcementId=1225104562&orgId=9900023134&announcementTime=2026-04-15 00:00:00,2026-04-15 00:00:00,603019,603019,中科曙光关于董事会换届选举的公告,中科曙光关于董事会换届选举的公告,ok
cninfo_disclosure,http://www.cninfo.com.cn/new/disclosure/detail?stockCode=603019&announcementId=1225104561&orgId=9900023134&announcementTime=2026-04-15 00:00:00,2026-04-15 00:00:00,603019,603019,独立董事候选人声明与承诺（殷绪成）,独立董事候选人声明与承诺（殷绪成）,ok
cninfo_disclosure,http://www.cninfo.com.cn/new/disclosure/detail?stockCode=603019&announcementId=1225104560&orgId=9900023134&announcementTime=2026-04-15 00:00:00,2026-04-15 00:00:00,603019,603019,曙光信息产业股份有限公司信息披露暂缓与豁免业务管理制度(202604）,曙光信息产业股份有限公司信息披露暂缓与豁免业务管理制度(202604）,ok
cninfo_disclosure,http://www.cninfo.com.cn/new/disclosure/detail?stockCode=603019&announcementId=1225104559&orgId=9900023134&announcementTime=2026-04-15 00:00:00,2026-04-15 00:00:00,603019,603019,独立董事提名人声明与承诺（殷绪成）,独立董事提名人声明与承诺（殷绪成）,ok
cninfo_disclosure,http://www.cninfo.com.cn/new/disclosure/detail?stockCode=603019&announcementId=1225104558&orgId=9900023134&announcementTime=2026-04-15 00:00:00,2026-04-15 00:00:00,603019,603019,曙光信息产业股份有限公司募集资金管理办法（202604）,曙光信息产业股份有限公司募集资金管理办法（202604）,ok
cninfo_disclosure,http://www.cninfo.com.cn/new/disclosure/detail?stockCode=603019&announcementId=1225104557&orgId=9900023134&announcementTime=2026-04-15 00:00:00,2026-04-15 00:00:00,603019,603019,曙光信息产业股份有限公司关联交易规则（202604）,曙光信息产业股份有限公司关联交易规则（202604）,ok
cninfo_disclosure,http://www.cninfo.com.cn/new/disclosure/detail?stockCode=603019&announcementId=1225104556&orgId=9900023134&announcementTime=2026-04-15 00:00:00,2026-04-15 00:00:00,603019,603019,中科曙光第五届董事会第二十九次会议决议公告,中科曙光第五届董事会第二十九次会议决议公告,ok
cninfo_disclosure,http://www.cninfo.com.cn/new/disclosure/detail?stockCode=603019&announcementId=1225104555&orgId=9900023134&announcementTime=2026-04-15 00:00:00,2026-04-15 00:00:00,603019,603019,中科曙光2025年度审计报告,中科曙光2025年度审计报告,ok
cninfo_disclosure,http://www.cninfo.com.cn/new/disclosure/detail?stockCode=603019&announcementId=1225104554&orgId=9900023134&announcementTime=2026-04-15 00:00:00,2026-04-15 00:00:00,603019,603019,中科曙光关于2026年度日常关联交易预计的公告,中科曙光关于2026年度日常关联交易预计的公告,ok
cninfo_disclosure,http://www.cninfo.com.cn/new/disclosure/detail?stockCode=603019&announcementId=1225104553&orgId=9900023134&announcementTime=2026-04-15 00:00:00,2026-04-15 00:00:00,603019,603019,中科曙光2025年年度股东会通知,中科曙光2025年年度股东会通知,ok
cninfo_disclosure,http://www.cninfo.com.cn/new/disclosure/detail?stockCode=603019&announcementId=1225104552&orgId=9900023134&announcementTime=2026-04-15 00:00:00,2026-04-15 00:00:00,603019,603019,曙光信息产业股份有限公司防范控股股东及其关联方资金占用制度（202604）,曙光信息产业股份有限公司防范控股股东及其关联方资金占用制度（202604）,ok
cninfo_disclosure,http://www.cninfo.com.cn/new/disclosure/detail?stockCode=603019&announcementId=1225104551&orgId=9900023134&announcementTime=2026-04-15 00:00:00,2026-04-15 00:00:00,603019,603019,曙光信息产业股份有限公司会计师事务所选聘制度（202604）,曙光信息产业股份有限公司会计师事务所选聘制度（202604）,ok
cninfo_disclosure,http://www.cninfo.com.cn/new/disclosure/detail?stockCode=603019&announcementId=1225104550&orgId=9900023134&announcementTime=2026-04-15 00:00:00,2026-04-15 00:00:00,603019,603019,中科曙光2025年度内部控制审计报告,中科曙光2025年度内部控制审计报告,ok
cninfo_disclosure,http://www.cninfo.com.cn/new/disclosure/detail?stockCode=603019&announcementId=1225104549&orgId=9900023134&announcementTime=2026-04-15 00:00:00,2026-04-15 00:00:00,603019,603019,曙光信息产业股份有限公司对外投资制度（202604）,曙光信息产业股份有限公司对外投资制度（202604）,ok
cninfo_disclosure,http://www.cninfo.com.cn/new/disclosure/detail?stockCode=603019&announcementId=1225104548&orgId=9900023134&announcementTime=2026-04-15 00:00:00,2026-04-15 00:00:00,603019,603019,中科曙光2025年度独立董事述职报告(郑永琴）,中科曙光2025年度独立董事述职报告(郑永琴）,ok
cninfo_disclosure,http://www.cninfo.com.cn/new/disclosure/detail?stockCode=603019&announcementId=1225104547&orgId=9900023134&announcementTime=2026-04-15 00:00:00,2026-04-15 00:00:00,603019,603019,中科曙光关于修订及制定公司部分治理制度的公告,中科曙光关于修订及制定公司部分治理制度的公告,ok
cninfo_disclosure,http://www.cninfo.com.cn/new/disclosure/detail?stockCode=603019&announcementId=1225104546&orgId=9900023134&announcementTime=2026-04-15 00:00:00,2026-04-15 00:00:00,603019,603019,中科曙光董事会审计委员会对会计师事务所2025年度履行监督职责情况的报告,中科曙光董事会审计委员会对会计师事务所2025年度履行监督职责情况的报告,ok
cninfo_disclosure,http://www.cninfo.com.cn/new/disclosure/detail?stockCode=603019&announcementId=1225104545&orgId=9900023134&announcementTime=2026-04-15 00:00:00,2026-04-15 00:00:00,603019,603019,独立董事候选人声明与承诺（戴淑芬）,独立董事候选人声明与承诺（戴淑芬）,ok
cninfo_disclosure,http://www.cninfo.com.cn/new/disclosure/detail?stockCode=603019&announcementId=1225104544&orgId=9900023134&announcementTime=2026-04-15 00:00:00,2026-04-15 00:00:00,603019,603019,曙光信息产业股份有限公司对外担保制度（202604）,曙光信息产业股份有限公司对外担保制度（202604）,ok
cninfo_disclosure,http://www.cninfo.com.cn/new/disclosure/detail?stockCode=603019&announcementId=1225104543&orgId=9900023134&announcementTime=2026-04-15 00:00:00,2026-04-15 00:00:00,603019,603019,中科曙光2025年度独立董事述职报告(殷绪成）,中科曙光2025年度独立董事述职报告(殷绪成）,ok
cninfo_disclosure,http://www.cninfo.com.cn/new/disclosure/detail?stockCode=603019&announcementId=1225104542&orgId=9900023134&announcementTime=2026-04-15 00:00:00,2026-04-15 00:00:00,603019,603019,中科曙光2025年度环境、社会和公司治理报告摘要,中科曙光2025年度环境、社会和公司治理报告摘要,ok
cninfo_disclosure,http://www.cninfo.com.cn/new/disclosure/detail?stockCode=603019&announcementId=1225104541&orgId=9900023134&announcementTime=2026-04-15 00:00:00,2026-04-15 00:00:00,603019,603019,中科曙光关于控股股东、实际控制人变化的提示性公告,中科曙光关于控股股东、实际控制人变化的提示性公告,ok
cninfo_disclosure,http://www.cninfo.com.cn/new/disclosure/detail?stockCode=603019&announcementId=1225104539&orgId=9900023134&announcementTime=2026-04-15 00:00:00,2026-04-15 00:00:00,603019,603019,中科曙光2025年年度报告,中科曙光2025年年度报告,ok
cninfo_disclosure,http://www.cninfo.com.cn/new/disclosure/detail?stockCode=603019&announcementId=1225104538&orgId=9900023134&announcementTime=2026-04-15 00:00:00,2026-04-15 00:00:00,603019,603019,中科曙光关于召开2025年度暨2026年第一季度业绩说明会的公告,中科曙光关于召开2025年度暨2026年第一季度业绩说明会的公告,ok
cninfo_disclosure,http://www.cninfo.com.cn/new/disclosure/detail?stockCode=603019&announcementId=1225104537&orgId=9900023134&announcementTime=2026-04-15 00:00:00,2026-04-15 00:00:00,603019,603019,中科曙光关于独立董事独立性自查情况的专项报告,中科曙光关于独立董事独立性自查情况的专项报告,ok
cninfo_disclosure,http://www.cninfo.com.cn/new/disclosure/detail?stockCode=603019&announcementId=1225104536&orgId=9900023134&announcementTime=2026-04-15 00:00:00,2026-04-15 00:00:00,603019,603019,曙光信息产业股份有限公司董事和高级管理人员所持本公司股份及其变动管理制度（202604）,曙光信息产业股份有限公司董事和高级管理人员所持本公司股份及其变动管理制度（202604）,ok
cninfo_disclosure,http://www.cninfo.com.cn/new/disclosure/detail?stockCode=603019&announcementId=1225104535&orgId=9900023134&announcementTime=2026-04-15 00:00:00,2026-04-15 00:00:00,603019,603019,曙光信息产业股份有限公司规章制度管理办法（202604）,曙光信息产业股份有限公司规章制度管理办法（202604）,ok
cninfo_disclosure,http://www.cninfo.com.cn/new/disclosure/detail?stockCode=603019&announcementId=1225104534&orgId=9900023134&announcementTime=2026-04-15 00:00:00,2026-04-15 00:00:00,603019,603019,曙光信息产业股份有限公司总经理工作细则（202604）,曙光信息产业股份有限公司总经理工作细则（202604）,ok
cninfo_disclosure,http://www.cninfo.com.cn/new/disclosure/detail?stockCode=603019&announcementId=1225104533&orgId=9900023134&announcementTime=2026-04-15 00:00:00,2026-04-15 00:00:00,603019,603019,曙光信息产业股份有限公司累积投票制实施细则（202604）,曙光信息产业股份有限公司累积投票制实施细则（202604）,ok
cninfo_disclosure,http://www.cninfo.com.cn/new/disclosure/detail?stockCode=603019&announcementId=1225082342&orgId=9900023134&announcementTime=2026-04-08 00:00:00,2026-04-08 00:00:00,603019,603019,中科曙光2026年第一季度业绩快报公告,中科曙光2026年第一季度业绩快报公告,ok
cninfo_disclosure,http://www.cninfo.com.cn/new/disclosure/detail?stockCode=603019&announcementId=1225082338&orgId=9900023134&announcementTime=2026-04-08 00:00:00,2026-04-08 00:00:00,603019,603019,中科曙光关于变更签字注册会计师的公告,中科曙光关于变更签字注册会计师的公告,ok
cninfo_disclosure,http://www.cninfo.com.cn/new/disclosure/detail?stockCode=603019&announcementId=1225031364&orgId=9900023134&announcementTime=2026-03-26 00:00:00,2026-03-26 00:00:00,603019,603019,中科曙光2026年第一次临时股东会法律意见书,中科曙光2026年第一次临时股东会法律意见书,ok
cninfo_disclosure,http://www.cninfo.com.cn/new/disclosure/detail?stockCode=603019&announcementId=1225031363&orgId=9900023134&announcementTime=2026-03-26 00:00:00,2026-03-26 00:00:00,603019,603019,中科曙光2026年第一次临时股东会决议公告,中科曙光2026年第一次临时股东会决议公告,ok
cninfo_disclosure,http://www.cninfo.com.cn/new/disclosure/detail?stockCode=603019&announcementId=1225020056&orgId=9900023134&announcementTime=2026-03-20 00:00:00,2026-03-20 00:00:00,603019,603019,中科曙光2026年第一次临时股东会会议材料,中科曙光2026年第一次临时股东会会议材料,ok
cninfo_disclosure,http://www.cninfo.com.cn/new/disclosure/detail?stockCode=603019&announcementId=1225001927&orgId=9900023134&announcementTime=2026-03-10 00:00:00,2026-03-10 00:00:00,603019,603019,中科曙光关于聘任公司证券事务代表的公告,中科曙光关于聘任公司证券事务代表的公告,ok
cninfo_disclosure,http://www.cninfo.com.cn/new/disclosure/detail?stockCode=603019&announcementId=1225001923&orgId=9900023134&announcementTime=2026-03-10 00:00:00,2026-03-10 00:00:00,603019,603019,中科曙光关于召开2026年第一次临时股东会的通知,中科曙光关于召开2026年第一次临时股东会的通知,ok
cninfo_disclosure,http://www.cninfo.com.cn/new/disclosure/detail?stockCode=603019&announcementId=1225001920&orgId=9900023134&announcementTime=2026-03-10 00:00:00,2026-03-10 00:00:00,603019,603019,中科曙光第五届董事会第二十八次会议决议公告,中科曙光第五届董事会第二十八次会议决议公告,ok
cninfo_disclosure,http://www.cninfo.com.cn/new/disclosure/detail?stockCode=603019&announcementId=1224992639&orgId=9900023134&announcementTime=2026-03-03 00:00:00,2026-03-03 00:00:00,603019,603019,中科曙光董事、高管减持股份计划公告,中科曙光董事、高管减持股份计划公告,ok
eastmoney_stock_news,http://finance.eastmoney.com/a/202604303725794510.html,2026-04-30 09:12:48,688256,688256,寒武纪688256.SH)：2026年一季报净利润为10.13亿元,2026年4月30日，寒武纪688256.SH)发布2026年一季报。 公司营业总收入为28.85亿元。归母净利润为10.13亿元。经营活动现金净流入为8.34亿元。,ok
eastmoney_stock_news,http://finance.eastmoney.com/a/202606103766791754.html,2026-06-10 17:37:00,688256,688256,6月10日科创板主力资金净流出55.70亿元,万元） 主力资金流入率（%） 涨跌幅（%） 换手率（%） 688041 海光信息 144386.16 7.65 6.20 2.78 688012 中微公司 50007.16 5.74 1.43 3.16 688629 华丰科技 44891.41 12.23 8.47 14.92 688256,ok
eastmoney_stock_news,http://finance.eastmoney.com/a/202606103767001172.html,2026-06-10 21:47:00,688256,688256,电子行业资金流出榜：沪电股份、京东方A等净流出资金居前,13.57 59864.52 300666 江丰电子 8.36 12.60 58957.96 688012 中微公司 1.43 3.16 50007.16 002119 康强电子 10.01 13.72 46929.48 300604 长川科技 6.59 7.42 39208.07 688256,ok
eastmoney_stock_news,http://finance.eastmoney.com/a/202606083763665866.html,2026-06-08 17:12:00,688256,688256,电子行业资金流出榜：京东方A、寒武纪等净流出资金居前,北京君正 7.10 12.93 6396.15 300296 利亚德 3.34 11.29 6075.10 电子行业资金流出榜  代码 简称 今日涨跌幅（%） 今日换手率（%） 主力资金流量（万元） 000725 京东方A -2.18 12.66 -175707.94 688256,ok
eastmoney_stock_news,http://finance.eastmoney.com/a/202606083763702541.html,2026-06-08 17:34:00,688256,688256,主力动向：6月8日特大单净流出627.12亿元,非银金融 000063 中兴通讯 36.81 -5.93 -10.49 通信 688008 澜起科技 224.31 -6.30 -9.94 电子 688981 中芯国际 121.92 -4.30 -9.20 电子 300433 蓝思科技 42.64 -6.51 -8.87 电子 688256,ok
cninfo_disclosure,http://www.cninfo.com.cn/new/disclosure/detail?stockCode=688256&announcementId=1225327207&orgId=nssc1000595&announcementTime=2026-05-23 00:00:00,2026-05-23 00:00:00,688256,688256,关于2022年度向特定对象发行A股股票募投项目结项并将节余募集资金永久补充流动资金的公告,关于2022年度向特定对象发行A股股票募投项目结项并将节余募集资金永久补充流动资金的公告,ok
cninfo_disclosure,http://www.cninfo.com.cn/new/disclosure/detail?stockCode=688256&announcementId=1225327201&orgId=nssc1000595&announcementTime=2026-05-23 00:00:00,2026-05-23 00:00:00,688256,688256,关于申请综合授信额度的公告,关于申请综合授信额度的公告,ok
cninfo_disclosure,http://www.cninfo.com.cn/new/disclosure/detail?stockCode=688256&announcementId=1225327195&orgId=nssc1000595&announcementTime=2026-05-23 00:00:00,2026-05-23 00:00:00,688256,688256,中信证券股份有限公司关于中科寒武纪科技股份有限公司2022年度向特定对象发行A股股票募投项目结项并将节余募集资金永久补充流动资金的核查意见,中信证券股份有限公司关于中科寒武纪科技股份有限公司2022年度向特定对象发行A股股票募投项目结项并将节余募集资金永久补充流动资金的核查意见,ok
cninfo_disclosure,http://www.cninfo.com.cn/new/disclosure/detail?stockCode=688256&announcementId=1225264337&orgId=nssc1000595&announcementTime=2026-04-30 00:00:00,2026-04-30 00:00:00,688256,688256,2026年第一季度报告,2026年第一季度报告,ok
cninfo_disclosure,http://www.cninfo.com.cn/new/disclosure/detail?stockCode=688256&announcementId=1225264288&orgId=nssc1000595&announcementTime=2026-04-30 00:00:00,2026-04-30 00:00:00,688256,688256,关于2026年第一季度计提资产减值准备的公告,关于2026年第一季度计提资产减值准备的公告,ok
cninfo_disclosure,http://www.cninfo.com.cn/new/disclosure/detail?stockCode=688256&announcementId=1225239047&orgId=nssc1000595&announcementTime=2026-04-29 00:00:00,2026-04-29 00:00:00,688256,688256,2025年年度权益分派实施公告,2025年年度权益分派实施公告,ok
cninfo_disclosure,http://www.cninfo.com.cn/new/disclosure/detail?stockCode=688256&announcementId=1225239002&orgId=nssc1000595&announcementTime=2026-04-29 00:00:00,2026-04-29 00:00:00,688256,688256,中信证券股份有限公司关于中科寒武纪科技股份有限公司差异化权益分派特殊除权除息事项的核查意见,中信证券股份有限公司关于中科寒武纪科技股份有限公司差异化权益分派特殊除权除息事项的核查意见,ok
cninfo_disclosure,http://www.cninfo.com.cn/new/disclosure/detail?stockCode=688256&announcementId=1225101816&orgId=nssc1000595&announcementTime=2026-04-15 00:00:00,2026-04-15 00:00:00,688256,688256,关于召开2025年度业绩说明会的公告,关于召开2025年度业绩说明会的公告,ok
cninfo_disclosure,http://www.cninfo.com.cn/new/disclosure/detail?stockCode=688256&announcementId=1225085814&orgId=nssc1000595&announcementTime=2026-04-09 00:00:00,2026-04-09 00:00:00,688256,688256,关于向特定对象发行股票限售股上市流通公告,关于向特定对象发行股票限售股上市流通公告,ok
cninfo_disclosure,http://www.cninfo.com.cn/new/disclosure/detail?stockCode=688256&announcementId=1225085813&orgId=nssc1000595&announcementTime=2026-04-09 00:00:00,2026-04-09 00:00:00,688256,688256,中信证券股份有限公司关于中科寒武纪科技股份有限公司2025年度向特定对象发行A股股票限售股上市流通的核查意见,中信证券股份有限公司关于中科寒武纪科技股份有限公司2025年度向特定对象发行A股股票限售股上市流通的核查意见,ok
cninfo_disclosure,http://www.cninfo.com.cn/new/disclosure/detail?stockCode=688256&announcementId=1225076893&orgId=nssc1000595&announcementTime=2026-04-03 00:00:00,2026-04-03 00:00:00,688256,688256,中信证券股份有限公司关于中科寒武纪科技股份有限公司2025年度持续督导跟踪报告,中信证券股份有限公司关于中科寒武纪科技股份有限公司2025年度持续督导跟踪报告,ok
cninfo_disclosure,http://www.cninfo.com.cn/new/disclosure/detail?stockCode=688256&announcementId=1225076886&orgId=nssc1000595&announcementTime=2026-04-03 00:00:00,2026-04-03 00:00:00,688256,688256,北京市中伦律师事务所关于中科寒武纪科技股份有限公司2025年年度股东会的法律意见书,北京市中伦律师事务所关于中科寒武纪科技股份有限公司2025年年度股东会的法律意见书,ok
cninfo_disclosure,http://www.cninfo.com.cn/new/disclosure/detail?stockCode=688256&announcementId=1225076874&orgId=nssc1000595&announcementTime=2026-04-03 00:00:00,2026-04-03 00:00:00,688256,688256,2025年年度股东会决议公告,2025年年度股东会决议公告,ok
cninfo_disclosure,http://www.cninfo.com.cn/new/disclosure/detail?stockCode=688256&announcementId=1225076866&orgId=nssc1000595&announcementTime=2026-04-03 00:00:00,2026-04-03 00:00:00,688256,688256,中信证券股份有限公司关于中科寒武纪科技股份有限公司2025年度持续督导工作现场检查报告,中信证券股份有限公司关于中科寒武纪科技股份有限公司2025年度持续督导工作现场检查报告,ok
cninfo_disclosure,http://www.cninfo.com.cn/new/disclosure/detail?stockCode=688256&announcementId=1225030713&orgId=nssc1000595&announcementTime=2026-03-26 00:00:00,2026-03-26 00:00:00,688256,688256,2025年年度股东会会议资料,2025年年度股东会会议资料,ok
cninfo_disclosure,http://www.cninfo.com.cn/new/disclosure/detail?stockCode=688256&announcementId=1225007372&orgId=nssc1000595&announcementTime=2026-03-13 00:00:00,2026-03-13 00:00:00,688256,688256,董事会审计委员会对会计师事务所2025年度履行监督职责情况报告,董事会审计委员会对会计师事务所2025年度履行监督职责情况报告,ok
cninfo_disclosure,http://www.cninfo.com.cn/new/disclosure/detail?stockCode=688256&announcementId=1225007370&orgId=nssc1000595&announcementTime=2026-03-13 00:00:00,2026-03-13 00:00:00,688256,688256,关于2025年度利润分配及资本公积金转增股本方案公告,关于2025年度利润分配及资本公积金转增股本方案公告,ok
cninfo_disclosure,http://www.cninfo.com.cn/new/disclosure/detail?stockCode=688256&announcementId=1225007368&orgId=nssc1000595&announcementTime=2026-03-13 00:00:00,2026-03-13 00:00:00,688256,688256,2025年度独立董事述职报告（王秀丽）,2025年度独立董事述职报告（王秀丽）,ok
cninfo_disclosure,http://www.cninfo.com.cn/new/disclosure/detail?stockCode=688256&announcementId=1225007367&orgId=nssc1000595&announcementTime=2026-03-13 00:00:00,2026-03-13 00:00:00,688256,688256,关于公司2025年度募集资金存放、管理与实际使用情况的专项报告,关于公司2025年度募集资金存放、管理与实际使用情况的专项报告,ok
cninfo_disclosure,http://www.cninfo.com.cn/new/disclosure/detail?stockCode=688256&announcementId=1225007366&orgId=nssc1000595&announcementTime=2026-03-13 00:00:00,2026-03-13 00:00:00,688256,688256,2025年度内部控制评价报告,2025年度内部控制评价报告,ok
cninfo_disclosure,http://www.cninfo.com.cn/new/disclosure/detail?stockCode=688256&announcementId=1225007365&orgId=nssc1000595&announcementTime=2026-03-13 00:00:00,2026-03-13 00:00:00,688256,688256,2025年年度报告摘要,2025年年度报告摘要,ok
cninfo_disclosure,http://www.cninfo.com.cn/new/disclosure/detail?stockCode=688256&announcementId=1225007364&orgId=nssc1000595&announcementTime=2026-03-13 00:00:00,2026-03-13 00:00:00,688256,688256,关于首次实现盈利暨取消股票简称标识U的公告,关于首次实现盈利暨取消股票简称标识U的公告,ok
cninfo_disclosure,http://www.cninfo.com.cn/new/disclosure/detail?stockCode=688256&announcementId=1225007363&orgId=nssc1000595&announcementTime=2026-03-13 00:00:00,2026-03-13 00:00:00,688256,688256,2025年度独立董事述职报告（胡燏翀）,2025年度独立董事述职报告（胡燏翀）,ok
cninfo_disclosure,http://www.cninfo.com.cn/new/disclosure/detail?stockCode=688256&announcementId=1225007361&orgId=nssc1000595&announcementTime=2026-03-13 00:00:00,2026-03-13 00:00:00,688256,688256,董事、高级管理人员薪酬管理制度,董事、高级管理人员薪酬管理制度,ok
cninfo_disclosure,http://www.cninfo.com.cn/new/disclosure/detail?stockCode=688256&announcementId=1225007360&orgId=nssc1000595&announcementTime=2026-03-13 00:00:00,2026-03-13 00:00:00,688256,688256,关于召开2025年年度股东会的通知,关于召开2025年年度股东会的通知,ok
cninfo_disclosure,http://www.cninfo.com.cn/new/disclosure/detail?stockCode=688256&announcementId=1225007358&orgId=nssc1000595&announcementTime=2026-03-13 00:00:00,2026-03-13 00:00:00,688256,688256,2025年度可持续发展报告摘要,2025年度可持续发展报告摘要,ok
cninfo_disclosure,http://www.cninfo.com.cn/new/disclosure/detail?stockCode=688256&announcementId=1225007356&orgId=nssc1000595&announcementTime=2026-03-13 00:00:00,2026-03-13 00:00:00,688256,688256,2025年度独立董事述职报告（李寿双）,2025年度独立董事述职报告（李寿双）,ok
cninfo_disclosure,http://www.cninfo.com.cn/new/disclosure/detail?stockCode=688256&announcementId=1225007355&orgId=nssc1000595&announcementTime=2026-03-13 00:00:00,2026-03-13 00:00:00,688256,688256,会计师事务所2025年度履职情况评估报告,会计师事务所2025年度履职情况评估报告,ok
cninfo_disclosure,http://www.cninfo.com.cn/new/disclosure/detail?stockCode=688256&announcementId=1225007352&orgId=nssc1000595&announcementTime=2026-03-13 00:00:00,2026-03-13 00:00:00,688256,688256,2025年度内部控制审计报告,2025年度内部控制审计报告,ok
cninfo_disclosure,http://www.cninfo.com.cn/new/disclosure/detail?stockCode=688256&announcementId=1225007351&orgId=nssc1000595&announcementTime=2026-03-13 00:00:00,2026-03-13 00:00:00,688256,688256,2025年度“提质增效重回报”行动方案年度评估报告暨2026年度“提质增效重回报”行动方案,2025年度“提质增效重回报”行动方案年度评估报告暨2026年度“提质增效重回报”行动方案,ok
cninfo_disclosure,http://www.cninfo.com.cn/new/disclosure/detail?stockCode=688256&announcementId=1225007350&orgId=nssc1000595&announcementTime=2026-03-13 00:00:00,2026-03-13 00:00:00,688256,688256,中信证券股份有限公司关于中科寒武纪科技股份有限公司2025年度募集资金存放、管理与实际使用情况的专项核查意见,中信证券股份有限公司关于中科寒武纪科技股份有限公司2025年度募集资金存放、管理与实际使用情况的专项核查意见,ok
cninfo_disclosure,http://www.cninfo.com.cn/new/disclosure/detail?stockCode=688256&announcementId=1225007349&orgId=nssc1000595&announcementTime=2026-03-13 00:00:00,2026-03-13 00:00:00,688256,688256,2025年度独立董事述职报告（吕红兵）,2025年度独立董事述职报告（吕红兵）,ok
cninfo_disclosure,http://www.cninfo.com.cn/new/disclosure/detail?stockCode=688256&announcementId=1225007348&orgId=nssc1000595&announcementTime=2026-03-13 00:00:00,2026-03-13 00:00:00,688256,688256,董事会审计委员会2025年度履职情况报告,董事会审计委员会2025年度履职情况报告,ok
cninfo_disclosure,http://www.cninfo.com.cn/new/disclosure/detail?stockCode=688256&announcementId=1225007347&orgId=nssc1000595&announcementTime=2026-03-13 00:00:00,2026-03-13 00:00:00,688256,688256,2025年度审计报告,2025年度审计报告,ok
cninfo_disclosure,http://www.cninfo.com.cn/new/disclosure/detail?stockCode=688256&announcementId=1225007345&orgId=nssc1000595&announcementTime=2026-03-13 00:00:00,2026-03-13 00:00:00,688256,688256,2025年度独立董事述职报告（刘思义）,2025年度独立董事述职报告（刘思义）,ok
cninfo_disclosure,http://www.cninfo.com.cn/new/disclosure/detail?stockCode=688256&announcementId=1225007341&orgId=nssc1000595&announcementTime=2026-03-13 00:00:00,2026-03-13 00:00:00,688256,688256,天健会计师事务所（特殊普通合伙）关于中科寒武纪科技股份有限公司年度募集资金存放、管理与使用情况的鉴证报告,天健会计师事务所（特殊普通合伙）关于中科寒武纪科技股份有限公司年度募集资金存放、管理与使用情况的鉴证报告,ok
cninfo_disclosure,http://www.cninfo.com.cn/new/disclosure/detail?stockCode=688256&announcementId=1225007340&orgId=nssc1000595&announcementTime=2026-03-13 00:00:00,2026-03-13 00:00:00,688256,688256,2025年度可持续发展报告,2025年度可持续发展报告,ok
cninfo_disclosure,http://www.cninfo.com.cn/new/disclosure/detail?stockCode=688256&announcementId=1225007339&orgId=nssc1000595&announcementTime=2026-03-13 00:00:00,2026-03-13 00:00:00,688256,688256,天健会计师事务所（特殊普通合伙）关于中科寒武纪科技股份有限公司非经营性资金占用及其他关联资金往来情况汇总表的专项审计报告,天健会计师事务所（特殊普通合伙）关于中科寒武纪科技股份有限公司非经营性资金占用及其他关联资金往来情况汇总表的专项审计报告,ok
cninfo_disclosure,http://www.cninfo.com.cn/new/disclosure/detail?stockCode=688256&announcementId=1225007338&orgId=nssc1000595&announcementTime=2026-03-13 00:00:00,2026-03-13 00:00:00,688256,688256,关于续聘2026年度会计师事务所公告,关于续聘2026年度会计师事务所公告,ok
cninfo_disclosure,http://www.cninfo.com.cn/new/disclosure/detail?stockCode=688256&announcementId=1225007337&orgId=nssc1000595&announcementTime=2026-03-13 00:00:00,2026-03-13 00:00:00,688256,688256,董事会关于独立董事独立性情况的专项意见,董事会关于独立董事独立性情况的专项意见,ok
cninfo_disclosure,http://www.cninfo.com.cn/new/disclosure/detail?stockCode=688256&announcementId=1225007336&orgId=nssc1000595&announcementTime=2026-03-13 00:00:00,2026-03-13 00:00:00,688256,688256,2025年年度报告,2025年年度报告,ok
cninfo_disclosure,http://www.cninfo.com.cn/new/disclosure/detail?stockCode=688256&announcementId=1224988268&orgId=nssc1000595&announcementTime=2026-02-28 00:00:00,2026-02-28 00:00:00,688256,688256,2025年度业绩快报公告,2025年度业绩快报公告,ok
cninfo_disclosure,http://www.cninfo.com.cn/new/disclosure/detail?stockCode=688256&announcementId=1224959389&orgId=nssc1000595&announcementTime=2026-01-31 00:00:00,2026-01-31 00:00:00,688256,688256,2025年年度业绩预告,2025年年度业绩预告,ok
cninfo_disclosure,http://www.cninfo.com.cn/new/disclosure/detail?stockCode=688256&announcementId=1224878569&orgId=nssc1000595&announcementTime=2025-12-16 00:00:00,2025-12-16 00:00:00,688256,688256,关于使用公积金弥补亏损通知债权人的公告,关于使用公积金弥补亏损通知债权人的公告,ok
cninfo_disclosure,http://www.cninfo.com.cn/new/disclosure/detail?stockCode=688256&announcementId=1224878563&orgId=nssc1000595&announcementTime=2025-12-16 00:00:00,2025-12-16 00:00:00,688256,688256,北京市中伦律师事务所关于中科寒武纪科技股份有限公司2025年第二次临时股东会的法律意见书,北京市中伦律师事务所关于中科寒武纪科技股份有限公司2025年第二次临时股东会的法律意见书,ok
cninfo_disclosure,http://www.cninfo.com.cn/new/disclosure/detail?stockCode=688256&announcementId=1224878550&orgId=nssc1000595&announcementTime=2025-12-16 00:00:00,2025-12-16 00:00:00,688256,688256,2025年第二次临时股东会决议公告,2025年第二次临时股东会决议公告,ok
cninfo_disclosure,http://www.cninfo.com.cn/new/disclosure/detail?stockCode=688256&announcementId=1224854287&orgId=nssc1000595&announcementTime=2025-12-06 00:00:00,2025-12-06 00:00:00,688256,688256,2025年第二次临时股东会会议资料,2025年第二次临时股东会会议资料,ok
cninfo_disclosure,http://www.cninfo.com.cn/new/disclosure/detail?stockCode=688256&announcementId=1224834920&orgId=nssc1000595&announcementTime=2025-11-29 00:00:00,2025-11-29 00:00:00,688256,688256,关于完成董事会换届选举及选举董事长、董事会专门委员会委员、聘任高级管理人员、证券事务代表的公告,关于完成董事会换届选举及选举董事长、董事会专门委员会委员、聘任高级管理人员、证券事务代表的公告,ok
cninfo_disclosure,http://www.cninfo.com.cn/new/disclosure/detail?stockCode=688256&announcementId=1224834917&orgId=nssc1000595&announcementTime=2025-11-29 00:00:00,2025-11-29 00:00:00,688256,688256,关于使用公积金弥补亏损的公告,关于使用公积金弥补亏损的公告,ok
cninfo_disclosure,http://www.cninfo.com.cn/new/disclosure/detail?stockCode=688256&announcementId=1224834916&orgId=nssc1000595&announcementTime=2025-11-29 00:00:00,2025-11-29 00:00:00,688256,688256,关于召开2025年第二次临时股东会的通知,关于召开2025年第二次临时股东会的通知,ok
cninfo_disclosure,http://www.cninfo.com.cn/new/disclosure/detail?stockCode=688256&announcementId=1224832195&orgId=nssc1000595&announcementTime=2025-11-28 00:00:00,2025-11-28 00:00:00,688256,688256,北京市中伦律师事务所关于中科寒武纪科技股份有限公司2025年第一次临时股东大会的法律意见书,北京市中伦律师事务所关于中科寒武纪科技股份有限公司2025年第一次临时股东大会的法律意见书,ok
cninfo_disclosure,http://www.cninfo.com.cn/new/disclosure/detail?stockCode=688256&announcementId=1224832110&orgId=nssc1000595&announcementTime=2025-11-28 00:00:00,2025-11-28 00:00:00,688256,688256,2025年第一次临时股东大会决议公告,2025年第一次临时股东大会决议公告,ok
cninfo_disclosure,http://www.cninfo.com.cn/new/disclosure/detail?stockCode=688256&announcementId=1224832106&orgId=nssc1000595&announcementTime=2025-11-28 00:00:00,2025-11-28 00:00:00,688256,688256,关于选举第三届董事会职工代表董事的公告,关于选举第三届董事会职工代表董事的公告,ok
cninfo_disclosure,http://www.cninfo.com.cn/new/disclosure/detail?stockCode=688256&announcementId=1224821281&orgId=nssc1000595&announcementTime=2025-11-22 00:00:00,2025-11-22 00:00:00,688256,688256,关于设立募集资金专项账户并签订募集资金专户存储监管协议的公告,关于设立募集资金专项账户并签订募集资金专户存储监管协议的公告,ok
cninfo_disclosure,http://www.cninfo.com.cn/new/disclosure/detail?stockCode=688256&announcementId=1224815601&orgId=nssc1000595&announcementTime=2025-11-20 00:00:00,2025-11-20 00:00:00,688256,688256,2025年第一次临时股东大会会议资料,2025年第一次临时股东大会会议资料,ok
cninfo_disclosure,http://www.cninfo.com.cn/new/disclosure/detail?stockCode=688256&announcementId=1224797027&orgId=nssc1000595&announcementTime=2025-11-11 00:00:00,2025-11-11 00:00:00,688256,688256,关于取消监事会、变更注册资本、修订《公司章程》并办理工商变更登记、修订及制定公司部分治理制度的公告,关于取消监事会、变更注册资本、修订《公司章程》并办理工商变更登记、修订及制定公司部分治理制度的公告,ok
cninfo_disclosure,http://www.cninfo.com.cn/new/disclosure/detail?stockCode=688256&announcementId=1224797026&orgId=nssc1000595&announcementTime=2025-11-11 00:00:00,2025-11-11 00:00:00,688256,688256,董事会提名委员会关于第三届董事会独立董事候选人的审查意见,董事会提名委员会关于第三届董事会独立董事候选人的审查意见,ok
cninfo_disclosure,http://www.cninfo.com.cn/new/disclosure/detail?stockCode=688256&announcementId=1224797025&orgId=nssc1000595&announcementTime=2025-11-11 00:00:00,2025-11-11 00:00:00,688256,688256,独立董事候选人声明与承诺（李寿双）,独立董事候选人声明与承诺（李寿双）,ok
cninfo_disclosure,http://www.cninfo.com.cn/new/disclosure/detail?stockCode=688256&announcementId=1224797024&orgId=nssc1000595&announcementTime=2025-11-11 00:00:00,2025-11-11 00:00:00,688256,688256,独立董事候选人声明与承诺（刘思义）,独立董事候选人声明与承诺（刘思义）,ok
cninfo_disclosure,http://www.cninfo.com.cn/new/disclosure/detail?stockCode=688256&announcementId=1224797023&orgId=nssc1000595&announcementTime=2025-11-11 00:00:00,2025-11-11 00:00:00,688256,688256,独立董事候选人声明与承诺（胡燏翀）,独立董事候选人声明与承诺（胡燏翀）,ok
cninfo_disclosure,http://www.cninfo.com.cn/new/disclosure/detail?stockCode=688256&announcementId=1224797022&orgId=nssc1000595&announcementTime=2025-11-11 00:00:00,2025-11-11 00:00:00,688256,688256,独立董事提名人声明与承诺（刘思义）,独立董事提名人声明与承诺（刘思义）,ok
cninfo_disclosure,http://www.cninfo.com.cn/new/disclosure/detail?stockCode=688256&announcementId=1224797021&orgId=nssc1000595&announcementTime=2025-11-11 00:00:00,2025-11-11 00:00:00,688256,688256,独立董事提名人声明与承诺（李寿双）,独立董事提名人声明与承诺（李寿双）,ok
cninfo_disclosure,http://www.cninfo.com.cn/new/disclosure/detail?stockCode=688256&announcementId=1224797020&orgId=nssc1000595&announcementTime=2025-11-11 00:00:00,2025-11-11 00:00:00,688256,688256,独立董事提名人声明与承诺（胡燏翀）,独立董事提名人声明与承诺（胡燏翀）,ok
cninfo_disclosure,http://www.cninfo.com.cn/new/disclosure/detail?stockCode=688256&announcementId=1224797019&orgId=nssc1000595&announcementTime=2025-11-11 00:00:00,2025-11-11 00:00:00,688256,688256,关于公司董事会换届选举的公告,关于公司董事会换届选举的公告,ok
cninfo_disclosure,http://www.cninfo.com.cn/new/disclosure/detail?stockCode=688256&announcementId=1224797016&orgId=nssc1000595&announcementTime=2025-11-11 00:00:00,2025-11-11 00:00:00,688256,688256,第二届监事会第二十八次会议决议公告,第二届监事会第二十八次会议决议公告,ok
cninfo_disclosure,http://www.cninfo.com.cn/new/disclosure/detail?stockCode=688256&announcementId=1224797015&orgId=nssc1000595&announcementTime=2025-11-11 00:00:00,2025-11-11 00:00:00,688256,688256,关于变更签字注册会计师的公告,关于变更签字注册会计师的公告,ok
cninfo_disclosure,http://www.cninfo.com.cn/new/disclosure/detail?stockCode=688256&announcementId=1224797014&orgId=nssc1000595&announcementTime=2025-11-11 00:00:00,2025-11-11 00:00:00,688256,688256,关于召开2025年第一次临时股东大会的通知,关于召开2025年第一次临时股东大会的通知,ok
cninfo_disclosure,http://www.cninfo.com.cn/new/disclosure/detail?stockCode=688256&announcementId=1224797013&orgId=nssc1000595&announcementTime=2025-11-11 00:00:00,2025-11-11 00:00:00,688256,688256,独立董事工作制度,独立董事工作制度,ok
cninfo_disclosure,http://www.cninfo.com.cn/new/disclosure/detail?stockCode=688256&announcementId=1224797012&orgId=nssc1000595&announcementTime=2025-11-11 00:00:00,2025-11-11 00:00:00,688256,688256,公司章程,公司章程,ok
cninfo_disclosure,http://www.cninfo.com.cn/new/disclosure/detail?stockCode=688256&announcementId=1224797011&orgId=nssc1000595&announcementTime=2025-11-11 00:00:00,2025-11-11 00:00:00,688256,688256,内部审计管理制度,内部审计管理制度,ok
cninfo_disclosure,http://www.cninfo.com.cn/new/disclosure/detail?stockCode=688256&announcementId=1224797010&orgId=nssc1000595&announcementTime=2025-11-11 00:00:00,2025-11-11 00:00:00,688256,688256,信息披露管理制度,信息披露管理制度,ok
cninfo_disclosure,http://www.cninfo.com.cn/new/disclosure/detail?stockCode=688256&announcementId=1224797009&orgId=nssc1000595&announcementTime=2025-11-11 00:00:00,2025-11-11 00:00:00,688256,688256,投资者关系管理制度,投资者关系管理制度,ok
cninfo_disclosure,http://www.cninfo.com.cn/new/disclosure/detail?stockCode=688256&announcementId=1224797008&orgId=nssc1000595&announcementTime=2025-11-11 00:00:00,2025-11-11 00:00:00,688256,688256,募集资金管理制度,募集资金管理制度,ok
cninfo_disclosure,http://www.cninfo.com.cn/new/disclosure/detail?stockCode=688256&announcementId=1224797007&orgId=nssc1000595&announcementTime=2025-11-11 00:00:00,2025-11-11 00:00:00,688256,688256,控股股东、实际控制人行为规范,控股股东、实际控制人行为规范,ok
cninfo_disclosure,http://www.cninfo.com.cn/new/disclosure/detail?stockCode=688256&announcementId=1224797005&orgId=nssc1000595&announcementTime=2025-11-11 00:00:00,2025-11-11 00:00:00,688256,688256,会计师事务所选聘制度,会计师事务所选聘制度,ok
cninfo_disclosure,http://www.cninfo.com.cn/new/disclosure/detail?stockCode=688256&announcementId=1224797003&orgId=nssc1000595&announcementTime=2025-11-11 00:00:00,2025-11-11 00:00:00,688256,688256,信息披露暂缓与豁免业务管理制度,信息披露暂缓与豁免业务管理制度,ok
cninfo_disclosure,http://www.cninfo.com.cn/new/disclosure/detail?stockCode=688256&announcementId=1224797002&orgId=nssc1000595&announcementTime=2025-11-11 00:00:00,2025-11-11 00:00:00,688256,688256,累积投票制度实施细则,累积投票制度实施细则,ok
cninfo_disclosure,http://www.cninfo.com.cn/new/disclosure/detail?stockCode=688256&announcementId=1224797001&orgId=nssc1000595&announcementTime=2025-11-11 00:00:00,2025-11-11 00:00:00,688256,688256,关联交易管理制度,关联交易管理制度,ok
cninfo_disclosure,http://www.cninfo.com.cn/new/disclosure/detail?stockCode=688256&announcementId=1224797000&orgId=nssc1000595&announcementTime=2025-11-11 00:00:00,2025-11-11 00:00:00,688256,688256,董事会议事规则,董事会议事规则,ok
cninfo_disclosure,http://www.cninfo.com.cn/new/disclosure/detail?stockCode=688256&announcementId=1224796999&orgId=nssc1000595&announcementTime=2025-11-11 00:00:00,2025-11-11 00:00:00,688256,688256,股东会议事规则,股东会议事规则,ok
eastmoney_stock_news,http://finance.eastmoney.com/a/202605063728284313.html,2026-05-06 09:48:00,688041,688041,688041，市值突破8000亿,CPU方向早盘领涨，中国长城、禾盛新材一字涨停；海光信息（688041）涨超18%，市值突破8000亿元，澜起科技、龙芯中科、寒武纪、芯原股份等跟涨。 隔夜美股芯片股大涨，AMD股价涨4.02%，盘后涨超16%。,ok
eastmoney_stock_news,http://finance.eastmoney.com/a/202606103767001220.html,2026-06-10 21:44:00,688041,688041,科创板股今日大宗交易成交明细,29.34 -0.64 1936.44 688669 聚石化学 1 33.50 41.23 -14.28 1381.21 688268 华特气体 5 9.10 151.47 -20.56 1378.38 688097 博众精工 1 18.55 59.30 -10.02 1100.00 688041,ok
eastmoney_stock_news,http://finance.eastmoney.com/a/202606103766791754.html,2026-06-10 17:37:00,688041,688041,6月10日科创板主力资金净流出55.70亿元,主力资金净流入排名 代码 简称 主力资金净流入（万元） 主力资金流入率（%） 涨跌幅（%） 换手率（%） 688041 海光信息 144386.16 7.65 6.20 2.78 688012 中微公司 50007.16 5.74 1.43 3.16 688629 华丰科技 44891.41,ok
eastmoney_stock_news,http://finance.eastmoney.com/a/202606093765376378.html,2026-06-09 21:21:00,688041,688041,15只科创板股今日大宗交易平台发生交易,29.09 -0.68 1832.67 688575 亚辉龙 2 189.69 9.31 -2.00 1766.01 688107 安路科技 2 26.95 37.89 -6.67 1021.14 688653 康希通信 1 54.00 10.56 -23.59 570.24 688041,ok
cninfo_disclosure,http://www.cninfo.com.cn/new/disclosure/detail?stockCode=688041&announcementId=1225233276&orgId=9900048365&announcementTime=2026-04-29 00:00:00,2026-04-29 00:00:00,688041,688041,北京市中伦律师事务所关于海光信息技术股份有限公司2025年年度股东会的法律意见书,北京市中伦律师事务所关于海光信息技术股份有限公司2025年年度股东会的法律意见书,ok
cninfo_disclosure,http://www.cninfo.com.cn/new/disclosure/detail?stockCode=688041&announcementId=1225233257&orgId=9900048365&announcementTime=2026-04-29 00:00:00,2026-04-29 00:00:00,688041,688041,海光信息技术股份有限公司2025年年度股东会决议公告,海光信息技术股份有限公司2025年年度股东会决议公告,ok
cninfo_disclosure,http://www.cninfo.com.cn/new/disclosure/detail?stockCode=688041&announcementId=1225207602&orgId=9900048365&announcementTime=2026-04-28 00:00:00,2026-04-28 00:00:00,688041,688041,中信证券股份有限公司关于海光信息技术股份有限公司2025年度持续督导跟踪报告,中信证券股份有限公司关于海光信息技术股份有限公司2025年度持续督导跟踪报告,ok
cninfo_disclosure,http://www.cninfo.com.cn/new/disclosure/detail?stockCode=688041&announcementId=1225207545&orgId=9900048365&announcementTime=2026-04-28 00:00:00,2026-04-28 00:00:00,688041,688041,中信证券股份有限公司关于海光信息技术股份有限公司2025年度持续督导工作现场检查报告,中信证券股份有限公司关于海光信息技术股份有限公司2025年度持续督导工作现场检查报告,ok
cninfo_disclosure,http://www.cninfo.com.cn/new/disclosure/detail?stockCode=688041&announcementId=1225137011&orgId=9900048365&announcementTime=2026-04-22 00:00:00,2026-04-22 00:00:00,688041,688041,中信证券股份有限公司关于海光信息技术股份有限公司持续督导保荐总结报告书,中信证券股份有限公司关于海光信息技术股份有限公司持续督导保荐总结报告书,ok
cninfo_disclosure,http://www.cninfo.com.cn/new/disclosure/detail?stockCode=688041&announcementId=1225125971&orgId=9900048365&announcementTime=2026-04-21 00:00:00,2026-04-21 00:00:00,688041,688041,海光信息技术股份有限公司2025年年度股东会会议资料,海光信息技术股份有限公司2025年年度股东会会议资料,ok
cninfo_disclosure,http://www.cninfo.com.cn/new/disclosure/detail?stockCode=688041&announcementId=1225125807&orgId=9900048365&announcementTime=2026-04-21 00:00:00,2026-04-21 00:00:00,688041,688041,海光信息技术股份有限公司关于参与十五五·科技自立自强——科创板集成电路核心技术攻关之2025年度数字芯片设计行业集体业绩说明会的公告,海光信息技术股份有限公司关于参与十五五·科技自立自强——科创板集成电路核心技术攻关之2025年度数字芯片设计行业集体业绩说明会的公告,ok
cninfo_disclosure,http://www.cninfo.com.cn/new/disclosure/detail?stockCode=688041&announcementId=1225124326&orgId=9900048365&announcementTime=2026-04-20 00:00:00,2026-04-20 00:00:00,688041,688041,海光信息技术股份有限公司关于持股5%以上股东减持股份计划完成暨减持结果公告,海光信息技术股份有限公司关于持股5%以上股东减持股份计划完成暨减持结果公告,ok
cninfo_disclosure,http://www.cninfo.com.cn/new/disclosure/detail?stockCode=688041&announcementId=1225085386&orgId=9900048365&announcementTime=2026-04-09 00:00:00,2026-04-09 00:00:00,688041,688041,海光信息技术股份有限公司关于持股5%以上股东权益变动触及1%刻度的提示性公告,海光信息技术股份有限公司关于持股5%以上股东权益变动触及1%刻度的提示性公告,ok
cninfo_disclosure,http://www.cninfo.com.cn/new/disclosure/detail?stockCode=688041&announcementId=1225083119&orgId=9900048365&announcementTime=2026-04-08 00:00:00,2026-04-08 00:00:00,688041,688041,海光信息技术股份有限公司关于续聘会计师事务所的公告,海光信息技术股份有限公司关于续聘会计师事务所的公告,ok
cninfo_disclosure,http://www.cninfo.com.cn/new/disclosure/detail?stockCode=688041&announcementId=1225083116&orgId=9900048365&announcementTime=2026-04-08 00:00:00,2026-04-08 00:00:00,688041,688041,海光信息技术股份有限公司内部控制审计报告,海光信息技术股份有限公司内部控制审计报告,ok
cninfo_disclosure,http://www.cninfo.com.cn/new/disclosure/detail?stockCode=688041&announcementId=1225083115&orgId=9900048365&announcementTime=2026-04-08 00:00:00,2026-04-08 00:00:00,688041,688041,海光信息技术股份有限公司2025年度独立董事述职报告（黄简）,海光信息技术股份有限公司2025年度独立董事述职报告（黄简）,ok
cninfo_disclosure,http://www.cninfo.com.cn/new/disclosure/detail?stockCode=688041&announcementId=1225083112&orgId=9900048365&announcementTime=2026-04-08 00:00:00,2026-04-08 00:00:00,688041,688041,海光信息技术股份有限公司2026年第一季度报告,海光信息技术股份有限公司2026年第一季度报告,ok
cninfo_disclosure,http://www.cninfo.com.cn/new/disclosure/detail?stockCode=688041&announcementId=1225083111&orgId=9900048365&announcementTime=2026-04-08 00:00:00,2026-04-08 00:00:00,688041,688041,海光信息技术股份有限公司关于公司日常关联交易预计的公告,海光信息技术股份有限公司关于公司日常关联交易预计的公告,ok
cninfo_disclosure,http://www.cninfo.com.cn/new/disclosure/detail?stockCode=688041&announcementId=1225083109&orgId=9900048365&announcementTime=2026-04-08 00:00:00,2026-04-08 00:00:00,688041,688041,海光信息技术股份有限公司会计师事务所履职情况评估报告,海光信息技术股份有限公司会计师事务所履职情况评估报告,ok
cninfo_disclosure,http://www.cninfo.com.cn/new/disclosure/detail?stockCode=688041&announcementId=1225083108&orgId=9900048365&announcementTime=2026-04-08 00:00:00,2026-04-08 00:00:00,688041,688041,海光信息技术股份有限公司2025年年度报告摘要,海光信息技术股份有限公司2025年年度报告摘要,ok
cninfo_disclosure,http://www.cninfo.com.cn/new/disclosure/detail?stockCode=688041&announcementId=1225083107&orgId=9900048365&announcementTime=2026-04-08 00:00:00,2026-04-08 00:00:00,688041,688041,海光信息技术股份有限公司2025年度“提质增效重回报”行动方案年度评估报告暨2026年度“提质增效重回报”行动方案2026年度“提质增效重回报”行动方案,海光信息技术股份有限公司2025年度“提质增效重回报”行动方案年度评估报告暨2026年度“提质增效重回报”行动方案2026年度“提质增效重回报”行动方案,ok
cninfo_disclosure,http://www.cninfo.com.cn/new/disclosure/detail?stockCode=688041&announcementId=1225083104&orgId=9900048365&announcementTime=2026-04-08 00:00:00,2026-04-08 00:00:00,688041,688041,海光信息技术股份有限公司2025年度审计报告及财务报表,海光信息技术股份有限公司2025年度审计报告及财务报表,ok
cninfo_disclosure,http://www.cninfo.com.cn/new/disclosure/detail?stockCode=688041&announcementId=1225083103&orgId=9900048365&announcementTime=2026-04-08 00:00:00,2026-04-08 00:00:00,688041,688041,海光信息技术股份有限公司董事和高级管理人员薪酬管理制度,海光信息技术股份有限公司董事和高级管理人员薪酬管理制度,ok
cninfo_disclosure,http://www.cninfo.com.cn/new/disclosure/detail?stockCode=688041&announcementId=1225083102&orgId=9900048365&announcementTime=2026-04-08 00:00:00,2026-04-08 00:00:00,688041,688041,海光信息技术股份有限公司关于2025年度利润分配方案的公告,海光信息技术股份有限公司关于2025年度利润分配方案的公告,ok
cninfo_disclosure,http://www.cninfo.com.cn/new/disclosure/detail?stockCode=688041&announcementId=1225083096&orgId=9900048365&announcementTime=2026-04-08 00:00:00,2026-04-08 00:00:00,688041,688041,海光信息技术股份有限公司2025年度环境、社会和公司治理报告摘要,海光信息技术股份有限公司2025年度环境、社会和公司治理报告摘要,ok
cninfo_disclosure,http://www.cninfo.com.cn/new/disclosure/detail?stockCode=688041&announcementId=1225083093&orgId=9900048365&announcementTime=2026-04-08 00:00:00,2026-04-08 00:00:00,688041,688041,海光信息技术股份有限公司关于召开2025年年度股东会的通知,海光信息技术股份有限公司关于召开2025年年度股东会的通知,ok
cninfo_disclosure,http://www.cninfo.com.cn/new/disclosure/detail?stockCode=688041&announcementId=1225083089&orgId=9900048365&announcementTime=2026-04-08 00:00:00,2026-04-08 00:00:00,688041,688041,海光信息技术股份有限公司董事会关于独立董事独立性自查情况的专项报告,海光信息技术股份有限公司董事会关于独立董事独立性自查情况的专项报告,ok
cninfo_disclosure,http://www.cninfo.com.cn/new/disclosure/detail?stockCode=688041&announcementId=1225083088&orgId=9900048365&announcementTime=2026-04-08 00:00:00,2026-04-08 00:00:00,688041,688041,海光信息技术股份有限公司2025年年度报告,海光信息技术股份有限公司2025年年度报告,ok
cninfo_disclosure,http://www.cninfo.com.cn/new/disclosure/detail?stockCode=688041&announcementId=1225083086&orgId=9900048365&announcementTime=2026-04-08 00:00:00,2026-04-08 00:00:00,688041,688041,海光信息技术股份有限公司董事会审计委员会对会计师事务所履行监督职责情况报告,海光信息技术股份有限公司董事会审计委员会对会计师事务所履行监督职责情况报告,ok
cninfo_disclosure,http://www.cninfo.com.cn/new/disclosure/detail?stockCode=688041&announcementId=1225083079&orgId=9900048365&announcementTime=2026-04-08 00:00:00,2026-04-08 00:00:00,688041,688041,海光信息技术股份有限公司2025年度董事会审计委员会履职情况报告,海光信息技术股份有限公司2025年度董事会审计委员会履职情况报告,ok
cninfo_disclosure,http://www.cninfo.com.cn/new/disclosure/detail?stockCode=688041&announcementId=1225083076&orgId=9900048365&announcementTime=2026-04-08 00:00:00,2026-04-08 00:00:00,688041,688041,海光信息技术股份有限公司2025年度环境、社会和公司治理（ESG）报告,海光信息技术股份有限公司2025年度环境、社会和公司治理（ESG）报告,ok
cninfo_disclosure,http://www.cninfo.com.cn/new/disclosure/detail?stockCode=688041&announcementId=1225083074&orgId=9900048365&announcementTime=2026-04-08 00:00:00,2026-04-08 00:00:00,688041,688041,关于海光信息技术股份有限公司非经营性资金占用及其他关联资金往来情况汇总表的专项审计报告,关于海光信息技术股份有限公司非经营性资金占用及其他关联资金往来情况汇总表的专项审计报告,ok
cninfo_disclosure,http://www.cninfo.com.cn/new/disclosure/detail?stockCode=688041&announcementId=1225083071&orgId=9900048365&announcementTime=2026-04-08 00:00:00,2026-04-08 00:00:00,688041,688041,海光信息技术股份有限公司2025年度独立董事述职报告（徐艳梅）,海光信息技术股份有限公司2025年度独立董事述职报告（徐艳梅）,ok
cninfo_disclosure,http://www.cninfo.com.cn/new/disclosure/detail?stockCode=688041&announcementId=1225083065&orgId=9900048365&announcementTime=2026-04-08 00:00:00,2026-04-08 00:00:00,688041,688041,关于海光信息技术股份有限公司2025年度募集资金存放、管理与使用情况专项报告的鉴证报告,关于海光信息技术股份有限公司2025年度募集资金存放、管理与使用情况专项报告的鉴证报告,ok
cninfo_disclosure,http://www.cninfo.com.cn/new/disclosure/detail?stockCode=688041&announcementId=1225083061&orgId=9900048365&announcementTime=2026-04-08 00:00:00,2026-04-08 00:00:00,688041,688041,海光信息技术股份有限公司2025年度内部控制评价报告,海光信息技术股份有限公司2025年度内部控制评价报告,ok
cninfo_disclosure,http://www.cninfo.com.cn/new/disclosure/detail?stockCode=688041&announcementId=1225083056&orgId=9900048365&announcementTime=2026-04-08 00:00:00,2026-04-08 00:00:00,688041,688041,海光信息技术股份有限公司2025年度独立董事述职报告（胡劲为）,海光信息技术股份有限公司2025年度独立董事述职报告（胡劲为）,ok
cninfo_disclosure,http://www.cninfo.com.cn/new/disclosure/detail?stockCode=688041&announcementId=1225083054&orgId=9900048365&announcementTime=2026-04-08 00:00:00,2026-04-08 00:00:00,688041,688041,海光信息技术股份有限公司关于2025年度募集资金存放与实际使用情况的专项报告,海光信息技术股份有限公司关于2025年度募集资金存放与实际使用情况的专项报告,ok
cninfo_disclosure,http://www.cninfo.com.cn/new/disclosure/detail?stockCode=688041&announcementId=1225083050&orgId=9900048365&announcementTime=2026-04-08 00:00:00,2026-04-08 00:00:00,688041,688041,海光信息技术股份有限公司2025年度独立董事述职报告（张瑞萍）,海光信息技术股份有限公司2025年度独立董事述职报告（张瑞萍）,ok
cninfo_disclosure,http://www.cninfo.com.cn/new/disclosure/detail?stockCode=688041&announcementId=1225083049&orgId=9900048365&announcementTime=2026-04-08 00:00:00,2026-04-08 00:00:00,688041,688041,中信证券股份有限公司关于海光信息技术股份有限公司2025年度募集资金存放与实际使用情况的核查意见,中信证券股份有限公司关于海光信息技术股份有限公司2025年度募集资金存放与实际使用情况的核查意见,ok
cninfo_disclosure,http://www.cninfo.com.cn/new/disclosure/detail?stockCode=688041&announcementId=1225042769&orgId=9900048365&announcementTime=2026-03-28 00:00:00,2026-03-28 00:00:00,688041,688041,北京市中伦律师事务所关于海光信息技术股份有限公司2026年第一次临时股东会的法律意见书,北京市中伦律师事务所关于海光信息技术股份有限公司2026年第一次临时股东会的法律意见书,ok
cninfo_disclosure,http://www.cninfo.com.cn/new/disclosure/detail?stockCode=688041&announcementId=1225042762&orgId=9900048365&announcementTime=2026-03-28 00:00:00,2026-03-28 00:00:00,688041,688041,海光信息技术股份有限公司2026年第一次临时股东会决议公告,海光信息技术股份有限公司2026年第一次临时股东会决议公告,ok
cninfo_disclosure,http://www.cninfo.com.cn/new/disclosure/detail?stockCode=688041&announcementId=1225020945&orgId=9900048365&announcementTime=2026-03-21 00:00:00,2026-03-21 00:00:00,688041,688041,海光信息技术股份有限公司2026年第一次临时股东会会议资料,海光信息技术股份有限公司2026年第一次临时股东会会议资料,ok
cninfo_disclosure,http://www.cninfo.com.cn/new/disclosure/detail?stockCode=688041&announcementId=1225005201&orgId=9900048365&announcementTime=2026-03-12 00:00:00,2026-03-12 00:00:00,688041,688041,中信证券股份有限公司关于海光信息技术股份有限公司追加日常关联交易预计额度的核查意见,中信证券股份有限公司关于海光信息技术股份有限公司追加日常关联交易预计额度的核查意见,ok
cninfo_disclosure,http://www.cninfo.com.cn/new/disclosure/detail?stockCode=688041&announcementId=1225005198&orgId=9900048365&announcementTime=2026-03-12 00:00:00,2026-03-12 00:00:00,688041,688041,海光信息技术股份有限公司关于追加公司日常关联交易预计额度的公告,海光信息技术股份有限公司关于追加公司日常关联交易预计额度的公告,ok
cninfo_disclosure,http://www.cninfo.com.cn/new/disclosure/detail?stockCode=688041&announcementId=1225005197&orgId=9900048365&announcementTime=2026-03-12 00:00:00,2026-03-12 00:00:00,688041,688041,海光信息技术股份有限公司关于召开2026年第一次临时股东会的通知,海光信息技术股份有限公司关于召开2026年第一次临时股东会的通知,ok
cninfo_disclosure,http://www.cninfo.com.cn/new/disclosure/detail?stockCode=688041&announcementId=1224984532&orgId=9900048365&announcementTime=2026-02-26 00:00:00,2026-02-26 00:00:00,688041,688041,海光信息技术股份有限公司2026年第一季度业绩预告的自愿性披露公告,海光信息技术股份有限公司2026年第一季度业绩预告的自愿性披露公告,ok
cninfo_disclosure,http://www.cninfo.com.cn/new/disclosure/detail?stockCode=688041&announcementId=1224984531&orgId=9900048365&announcementTime=2026-02-26 00:00:00,2026-02-26 00:00:00,688041,688041,海光信息技术股份有限公司2025年度业绩快报公告,海光信息技术股份有限公司2025年度业绩快报公告,ok
cninfo_disclosure,http://www.cninfo.com.cn/new/disclosure/detail?stockCode=688041&announcementId=1224946659&orgId=9900048365&announcementTime=2026-01-23 00:00:00,2026-01-23 00:00:00,688041,688041,海光信息技术股份有限公司关于持股5%以上股东减持股份计划公告,海光信息技术股份有限公司关于持股5%以上股东减持股份计划公告,ok
cninfo_disclosure,http://www.cninfo.com.cn/new/disclosure/detail?stockCode=688041&announcementId=1224946579&orgId=9900048365&announcementTime=2026-01-23 00:00:00,2026-01-23 00:00:00,688041,688041,海光信息技术股份有限公司2025年中期权益分派实施公告,海光信息技术股份有限公司2025年中期权益分派实施公告,ok
cninfo_disclosure,http://www.cninfo.com.cn/new/disclosure/detail?stockCode=688041&announcementId=1224946577&orgId=9900048365&announcementTime=2026-01-23 00:00:00,2026-01-23 00:00:00,688041,688041,中信证券股份有限公司关于海光信息技术股份有限公司差异化权益分派事项的核查意见,中信证券股份有限公司关于海光信息技术股份有限公司差异化权益分派事项的核查意见,ok
cninfo_disclosure,http://www.cninfo.com.cn/new/disclosure/detail?stockCode=688041&announcementId=1224906245&orgId=9900048365&announcementTime=2025-12-30 00:00:00,2025-12-30 00:00:00,688041,688041,北京市中伦律师事务所关于海光信息技术股份有限公司2025年第三次临时股东会的法律意见书,北京市中伦律师事务所关于海光信息技术股份有限公司2025年第三次临时股东会的法律意见书,ok
cninfo_disclosure,http://www.cninfo.com.cn/new/disclosure/detail?stockCode=688041&announcementId=1224906228&orgId=9900048365&announcementTime=2025-12-30 00:00:00,2025-12-30 00:00:00,688041,688041,海光信息技术股份有限公司2025年第三次临时股东会决议公告,海光信息技术股份有限公司2025年第三次临时股东会决议公告,ok
cninfo_disclosure,http://www.cninfo.com.cn/new/disclosure/detail?stockCode=688041&announcementId=1224906224&orgId=9900048365&announcementTime=2025-12-30 00:00:00,2025-12-30 00:00:00,688041,688041,海光信息技术股份有限公司关于终止重大资产重组事项相关内幕信息知情人自查期间买卖股票情况的自查报告,海光信息技术股份有限公司关于终止重大资产重组事项相关内幕信息知情人自查期间买卖股票情况的自查报告,ok
cninfo_disclosure,http://www.cninfo.com.cn/new/disclosure/detail?stockCode=688041&announcementId=1224906222&orgId=9900048365&announcementTime=2025-12-30 00:00:00,2025-12-30 00:00:00,688041,688041,北京市中伦律师事务所关于海光信息技术股份有限公司终止重大资产重组事项相关内部信息知情人自查期间买卖股票情况的自查报告的专项核查意见书,北京市中伦律师事务所关于海光信息技术股份有限公司终止重大资产重组事项相关内部信息知情人自查期间买卖股票情况的自查报告的专项核查意见书,ok
cninfo_disclosure,http://www.cninfo.com.cn/new/disclosure/detail?stockCode=688041&announcementId=1224906212&orgId=9900048365&announcementTime=2025-12-30 00:00:00,2025-12-30 00:00:00,688041,688041,中信证券股份有限公司关于海光信息技术股份有限公司终止重大资产重组事项相关内幕信息知情人自查期间买卖股票情况的自查报告的专项核查意见,中信证券股份有限公司关于海光信息技术股份有限公司终止重大资产重组事项相关内幕信息知情人自查期间买卖股票情况的自查报告的专项核查意见,ok
cninfo_disclosure,http://www.cninfo.com.cn/new/disclosure/detail?stockCode=688041&announcementId=1224889060&orgId=9900048365&announcementTime=2025-12-22 00:00:00,2025-12-22 00:00:00,688041,688041,海光信息技术股份有限公司2025年第三次临时股东会会议资料,海光信息技术股份有限公司2025年第三次临时股东会会议资料,ok
cninfo_disclosure,http://www.cninfo.com.cn/new/disclosure/detail?stockCode=688041&announcementId=1224863812&orgId=9900048365&announcementTime=2025-12-10 00:00:00,2025-12-10 00:00:00,688041,688041,海光信息技术股份有限公司关于2025年中期现金分红方案的公告,海光信息技术股份有限公司关于2025年中期现金分红方案的公告,ok
cninfo_disclosure,http://www.cninfo.com.cn/new/disclosure/detail?stockCode=688041&announcementId=1224863810&orgId=9900048365&announcementTime=2025-12-10 00:00:00,2025-12-10 00:00:00,688041,688041,海光信息技术股份有限公司关于召开2025年第三次临时股东会的通知,海光信息技术股份有限公司关于召开2025年第三次临时股东会的通知,ok
cninfo_disclosure,http://www.cninfo.com.cn/new/disclosure/detail?stockCode=688041&announcementId=1224863809&orgId=9900048365&announcementTime=2025-12-10 00:00:00,2025-12-10 00:00:00,688041,688041,中信证券股份有限公司关于海光信息技术股份有限公司终止换股吸收合并曙光信息产业股份有限公司并募集配套资金暨关联交易之独立财务顾问核查意见,中信证券股份有限公司关于海光信息技术股份有限公司终止换股吸收合并曙光信息产业股份有限公司并募集配套资金暨关联交易之独立财务顾问核查意见,ok
cninfo_disclosure,http://www.cninfo.com.cn/new/disclosure/detail?stockCode=688041&announcementId=1224863808&orgId=9900048365&announcementTime=2025-12-10 00:00:00,2025-12-10 00:00:00,688041,688041,海光信息技术股份有限公司关于召开终止重大资产重组投资者说明会的公告,海光信息技术股份有限公司关于召开终止重大资产重组投资者说明会的公告,ok
cninfo_disclosure,http://www.cninfo.com.cn/new/disclosure/detail?stockCode=688041&announcementId=1224863807&orgId=9900048365&announcementTime=2025-12-10 00:00:00,2025-12-10 00:00:00,688041,688041,海光信息技术股份有限公司第二届董事会第十七次会议决议公告,海光信息技术股份有限公司第二届董事会第十七次会议决议公告,ok
cninfo_disclosure,http://www.cninfo.com.cn/new/disclosure/detail?stockCode=688041&announcementId=1224863806&orgId=9900048365&announcementTime=2025-12-10 00:00:00,2025-12-10 00:00:00,688041,688041,海光信息技术股份有限公司关于终止重大资产重组的公告,海光信息技术股份有限公司关于终止重大资产重组的公告,ok
cninfo_disclosure,http://www.cninfo.com.cn/new/disclosure/detail?stockCode=688041&announcementId=1224832906&orgId=9900048365&announcementTime=2025-11-29 00:00:00,2025-11-29 00:00:00,688041,688041,海光信息技术股份有限公司关于重大资产重组的进展公告,海光信息技术股份有限公司关于重大资产重组的进展公告,ok
cninfo_disclosure,http://www.cninfo.com.cn/new/disclosure/detail?stockCode=688041&announcementId=1224819520&orgId=9900048365&announcementTime=2025-11-22 00:00:00,2025-11-22 00:00:00,688041,688041,北京市中伦律师事务所关于海光信息技术股份有限公司股票激励计划授予事项的法律意见书,北京市中伦律师事务所关于海光信息技术股份有限公司股票激励计划授予事项的法律意见书,ok
cninfo_disclosure,http://www.cninfo.com.cn/new/disclosure/detail?stockCode=688041&announcementId=1224819510&orgId=9900048365&announcementTime=2025-11-22 00:00:00,2025-11-22 00:00:00,688041,688041,海光信息技术股份有限公司2025年限制性股票激励计划授予激励对象名单（截至授予日）,海光信息技术股份有限公司2025年限制性股票激励计划授予激励对象名单（截至授予日）,ok
cninfo_disclosure,http://www.cninfo.com.cn/new/disclosure/detail?stockCode=688041&announcementId=1224819497&orgId=9900048365&announcementTime=2025-11-22 00:00:00,2025-11-22 00:00:00,688041,688041,海光信息技术股份有限公司董事会薪酬与考核委员会关于公司2025年限制性股票激励计划首次授予激励对象名单的核查意见（截至授予日）,海光信息技术股份有限公司董事会薪酬与考核委员会关于公司2025年限制性股票激励计划首次授予激励对象名单的核查意见（截至授予日）,ok
cninfo_disclosure,http://www.cninfo.com.cn/new/disclosure/detail?stockCode=688041&announcementId=1224819494&orgId=9900048365&announcementTime=2025-11-22 00:00:00,2025-11-22 00:00:00,688041,688041,海光信息技术股份有限公司第二届董事会第十六次会议决议公告,海光信息技术股份有限公司第二届董事会第十六次会议决议公告,ok
cninfo_disclosure,http://www.cninfo.com.cn/new/disclosure/detail?stockCode=688041&announcementId=1224819492&orgId=9900048365&announcementTime=2025-11-22 00:00:00,2025-11-22 00:00:00,688041,688041,北京市中伦律师事务所关于海光信息技术股份有限公司股票激励计划授予事项的法律意见书,北京市中伦律师事务所关于海光信息技术股份有限公司股票激励计划授予事项的法律意见书,ok
cninfo_disclosure,http://www.cninfo.com.cn/new/disclosure/detail?stockCode=688041&announcementId=1224819488&orgId=9900048365&announcementTime=2025-11-22 00:00:00,2025-11-22 00:00:00,688041,688041,海光信息技术股份有限公司关于调整2025年限制性股票激励计划相关事项的公告,海光信息技术股份有限公司关于调整2025年限制性股票激励计划相关事项的公告,ok
cninfo_disclosure,http://www.cninfo.com.cn/new/disclosure/detail?stockCode=688041&announcementId=1224819486&orgId=9900048365&announcementTime=2025-11-22 00:00:00,2025-11-22 00:00:00,688041,688041,上海荣正企业咨询服务（集团）股份有限公司关于海光信息技术股份有限公司2025年限制性股票激励计划首次授予相关事项之独立财务顾问报告,上海荣正企业咨询服务（集团）股份有限公司关于海光信息技术股份有限公司2025年限制性股票激励计划首次授予相关事项之独立财务顾问报告,ok
cninfo_disclosure,http://www.cninfo.com.cn/new/disclosure/detail?stockCode=688041&announcementId=1224819485&orgId=9900048365&announcementTime=2025-11-22 00:00:00,2025-11-22 00:00:00,688041,688041,海光信息技术股份有限公司关于向激励对象首次授予限制性股票的公告,海光信息技术股份有限公司关于向激励对象首次授予限制性股票的公告,ok
cninfo_disclosure,http://www.cninfo.com.cn/new/disclosure/detail?stockCode=688041&announcementId=1224794454&orgId=9900048365&announcementTime=2025-11-10 00:00:00,2025-11-10 00:00:00,688041,688041,海光信息技术股份有限公司关于召开2025年第三季度业绩说明会的公告,海光信息技术股份有限公司关于召开2025年第三季度业绩说明会的公告,ok
cninfo_disclosure,http://www.cninfo.com.cn/new/disclosure/detail?stockCode=688041&announcementId=1224757701&orgId=9900048365&announcementTime=2025-10-30 00:00:00,2025-10-30 00:00:00,688041,688041,海光信息技术股份有限公司关于重大资产重组的进展公告,海光信息技术股份有限公司关于重大资产重组的进展公告,ok
cninfo_disclosure,http://www.cninfo.com.cn/new/disclosure/detail?stockCode=688041&announcementId=1224713921&orgId=9900048365&announcementTime=2025-10-16 00:00:00,2025-10-16 00:00:00,688041,688041,海光信息技术股份有限公司2025年第三季度报告,海光信息技术股份有限公司2025年第三季度报告,ok
cninfo_disclosure,http://www.cninfo.com.cn/new/disclosure/detail?stockCode=688041&announcementId=1224713920&orgId=9900048365&announcementTime=2025-10-16 00:00:00,2025-10-16 00:00:00,688041,688041,中信证券股份有限公司关于海光信息技术股份有限公司首次公开发行股票募投项目结项并将节余募集资金永久补充流动资金的核查意见,中信证券股份有限公司关于海光信息技术股份有限公司首次公开发行股票募投项目结项并将节余募集资金永久补充流动资金的核查意见,ok
cninfo_disclosure,http://www.cninfo.com.cn/new/disclosure/detail?stockCode=688041&announcementId=1224713919&orgId=9900048365&announcementTime=2025-10-16 00:00:00,2025-10-16 00:00:00,688041,688041,海光信息技术股份有限公司关于首次公开发行股票募投项目结项并将节余募集资金永久补充流动资金的公告,海光信息技术股份有限公司关于首次公开发行股票募投项目结项并将节余募集资金永久补充流动资金的公告,ok
cninfo_disclosure,http://www.cninfo.com.cn/new/disclosure/detail?stockCode=688041&announcementId=1224695019&orgId=9900048365&announcementTime=2025-10-01 00:00:00,2025-10-01 00:00:00,688041,688041,海光信息技术股份有限公司关于重大资产重组的进展公告,海光信息技术股份有限公司关于重大资产重组的进展公告,ok
cninfo_disclosure,http://www.cninfo.com.cn/new/disclosure/detail?stockCode=688041&announcementId=1224681689&orgId=9900048365&announcementTime=2025-09-26 00:00:00,2025-09-26 00:00:00,688041,688041,海光信息技术股份有限公司关于公司2025年限制性股票激励计划内幕信息知情人买卖公司股票情况的自查报告,海光信息技术股份有限公司关于公司2025年限制性股票激励计划内幕信息知情人买卖公司股票情况的自查报告,ok
cninfo_disclosure,http://www.cninfo.com.cn/new/disclosure/detail?stockCode=688041&announcementId=1224681688&orgId=9900048365&announcementTime=2025-09-26 00:00:00,2025-09-26 00:00:00,688041,688041,北京市中伦律师事务所关于海光信息技术股份有限公司2025年第二次临时股东会的法律意见书,北京市中伦律师事务所关于海光信息技术股份有限公司2025年第二次临时股东会的法律意见书,ok
cninfo_disclosure,http://www.cninfo.com.cn/new/disclosure/detail?stockCode=688041&announcementId=1224681687&orgId=9900048365&announcementTime=2025-09-26 00:00:00,2025-09-26 00:00:00,688041,688041,海光信息技术股份有限公司2025年第二次临时股东会决议公告,海光信息技术股份有限公司2025年第二次临时股东会决议公告,ok
cninfo_disclosure,http://www.cninfo.com.cn/new/disclosure/detail?stockCode=688041&announcementId=1224670049&orgId=9900048365&announcementTime=2025-09-20 00:00:00,2025-09-20 00:00:00,688041,688041,海光信息技术股份有限公司董事会薪酬与考核委员会关于公司2025年限制性股票激励激励计划激励对象名单的审核意见及公示情况说明,海光信息技术股份有限公司董事会薪酬与考核委员会关于公司2025年限制性股票激励激励计划激励对象名单的审核意见及公示情况说明,ok
cninfo_disclosure,http://www.cninfo.com.cn/new/disclosure/detail?stockCode=688041&announcementId=1224668556&orgId=9900048365&announcementTime=2025-09-19 00:00:00,2025-09-19 00:00:00,688041,688041,海光信息技术股份有限公司2025年第二次临时股东会会议资料,海光信息技术股份有限公司2025年第二次临时股东会会议资料,ok
cninfo_disclosure,http://www.cninfo.com.cn/new/disclosure/detail?stockCode=688041&announcementId=1224648368&orgId=9900048365&announcementTime=2025-09-10 00:00:00,2025-09-10 00:00:00,688041,688041,海光信息技术股份有限公司2025年限制性股票激励计划授予激励对象名单,海光信息技术股份有限公司2025年限制性股票激励计划授予激励对象名单,ok
cninfo_disclosure,http://www.cninfo.com.cn/new/disclosure/detail?stockCode=688041&announcementId=1224648367&orgId=9900048365&announcementTime=2025-09-10 00:00:00,2025-09-10 00:00:00,688041,688041,海光信息技术股份有限公司2025年限制性股票激励计划（草案）,海光信息技术股份有限公司2025年限制性股票激励计划（草案）,ok
eastmoney_stock_news,http://finance.eastmoney.com/a/202604303726124596.html,2026-04-30 10:28:04,002371,002371,北方华创002371.SZ)：2026年一季报净利润为16.35亿元、同比较去年同期上涨3.42%,2026年4月30日，北方华创002371.SZ)发布2026年一季报。 公司营业总收入为103.23亿元，在已披露的同业公司中排名第1，较去年同报告期营业总收入增加21.17亿元，实现5年连续上涨，同比较去年同期上涨25.80%。,ok
eastmoney_stock_news,http://finance.eastmoney.com/a/202606103767001172.html,2026-06-10 21:47:00,002371,002371,电子行业资金流出榜：沪电股份、京东方A等净流出资金居前,7.42 39208.07 688256 寒武纪 -3.07 2.20 38207.33 688072 拓荆科技 3.52 3.63 32108.79 688347 华虹宏力 -2.46 5.91 28257.45 300398 飞凯材料 1.04 18.57 27937.99 002371,ok
eastmoney_stock_news,http://finance.eastmoney.com/a/202606093765151419.html,2026-06-09 16:36:00,002371,002371,63.76亿主力资金净流入，国家大基金持股概念涨6.31%,688187 时代电气 8.86 2.24 3992.47 3.69 688361 中科飞测 5.77 2.08 3935.82 2.71 688035 德邦科技 6.80 3.67 2915.12 7.25 688720 艾森股份 8.38 7.34 2556.40 6.65 002371,ok
cninfo_disclosure,http://www.cninfo.com.cn/new/disclosure/detail?stockCode=002371&announcementId=1225338812&orgId=9900006137&announcementTime=2026-05-30 00:00:00,2026-05-30 00:00:00,002371,002371,关于2025年员工持股计划完成股票购买的公告,关于2025年员工持股计划完成股票购买的公告,ok
cninfo_disclosure,http://www.cninfo.com.cn/new/disclosure/detail?stockCode=002371&announcementId=1225292576&orgId=9900006137&announcementTime=2026-05-12 00:00:00,2026-05-12 00:00:00,002371,002371,关联交易管理制度（2026年5月）,关联交易管理制度（2026年5月）,ok
cninfo_disclosure,http://www.cninfo.com.cn/new/disclosure/detail?stockCode=002371&announcementId=1225292575&orgId=9900006137&announcementTime=2026-05-12 00:00:00,2026-05-12 00:00:00,002371,002371,关于举行2025年度暨2026年一季度网上业绩说明会的公告,关于举行2025年度暨2026年一季度网上业绩说明会的公告,ok
cninfo_disclosure,http://www.cninfo.com.cn/new/disclosure/detail?stockCode=002371&announcementId=1225292574&orgId=9900006137&announcementTime=2026-05-12 00:00:00,2026-05-12 00:00:00,002371,002371,关于董事会完成换届选举及聘任高级管理人员的公告,关于董事会完成换届选举及聘任高级管理人员的公告,ok
cninfo_disclosure,http://www.cninfo.com.cn/new/disclosure/detail?stockCode=002371&announcementId=1225292573&orgId=9900006137&announcementTime=2026-05-12 00:00:00,2026-05-12 00:00:00,002371,002371,2025年度股东会法律意见书,2025年度股东会法律意见书,ok
cninfo_disclosure,http://www.cninfo.com.cn/new/disclosure/detail?stockCode=002371&announcementId=1225292572&orgId=9900006137&announcementTime=2026-05-12 00:00:00,2026-05-12 00:00:00,002371,002371,2025年度股东会决议公告,2025年度股东会决议公告,ok
cninfo_disclosure,http://www.cninfo.com.cn/new/disclosure/detail?stockCode=002371&announcementId=1225292571&orgId=9900006137&announcementTime=2026-05-12 00:00:00,2026-05-12 00:00:00,002371,002371,第九届董事会第一次会议决议公告,第九届董事会第一次会议决议公告,ok
cninfo_disclosure,http://www.cninfo.com.cn/new/disclosure/detail?stockCode=002371&announcementId=1225259652&orgId=9900006137&announcementTime=2026-04-30 00:00:00,2026-04-30 00:00:00,002371,002371,关于2025年员工持股计划实施进展的公告,关于2025年员工持股计划实施进展的公告,ok
cninfo_disclosure,http://www.cninfo.com.cn/new/disclosure/detail?stockCode=002371&announcementId=1225259650&orgId=9900006137&announcementTime=2026-04-30 00:00:00,2026-04-30 00:00:00,002371,002371,2026年一季度报告,2026年一季度报告,ok
cninfo_disclosure,http://www.cninfo.com.cn/new/disclosure/detail?stockCode=002371&announcementId=1225122954&orgId=9900006137&announcementTime=2026-04-18 00:00:00,2026-04-18 00:00:00,002371,002371,独立董事述职报告（陈胜华）,独立董事述职报告（陈胜华）,ok
cninfo_disclosure,http://www.cninfo.com.cn/new/disclosure/detail?stockCode=002371&announcementId=1225122953&orgId=9900006137&announcementTime=2026-04-18 00:00:00,2026-04-18 00:00:00,002371,002371,独立董事述职报告（刘怡）,独立董事述职报告（刘怡）,ok
cninfo_disclosure,http://www.cninfo.com.cn/new/disclosure/detail?stockCode=002371&announcementId=1225122952&orgId=9900006137&announcementTime=2026-04-18 00:00:00,2026-04-18 00:00:00,002371,002371,独立董事述职报告（王志成）,独立董事述职报告（王志成）,ok
cninfo_disclosure,http://www.cninfo.com.cn/new/disclosure/detail?stockCode=002371&announcementId=1225122951&orgId=9900006137&announcementTime=2026-04-18 00:00:00,2026-04-18 00:00:00,002371,002371,独立董事述职报告（张大成）,独立董事述职报告（张大成）,ok
cninfo_disclosure,http://www.cninfo.com.cn/new/disclosure/detail?stockCode=002371&announcementId=1225122950&orgId=9900006137&announcementTime=2026-04-18 00:00:00,2026-04-18 00:00:00,002371,002371,独立董事述职报告（罗毅）,独立董事述职报告（罗毅）,ok
cninfo_disclosure,http://www.cninfo.com.cn/new/disclosure/detail?stockCode=002371&announcementId=1225122949&orgId=9900006137&announcementTime=2026-04-18 00:00:00,2026-04-18 00:00:00,002371,002371,独立董事述职报告（吴汉明）,独立董事述职报告（吴汉明）,ok
cninfo_disclosure,http://www.cninfo.com.cn/new/disclosure/detail?stockCode=002371&announcementId=1225122948&orgId=9900006137&announcementTime=2026-04-18 00:00:00,2026-04-18 00:00:00,002371,002371,2025环境、社会及治理报告,2025环境、社会及治理报告,ok
cninfo_disclosure,http://www.cninfo.com.cn/new/disclosure/detail?stockCode=002371&announcementId=1225122947&orgId=9900006137&announcementTime=2026-04-18 00:00:00,2026-04-18 00:00:00,002371,002371,2025年度内部控制审计报告,2025年度内部控制审计报告,ok
cninfo_disclosure,http://www.cninfo.com.cn/new/disclosure/detail?stockCode=002371&announcementId=1225122946&orgId=9900006137&announcementTime=2026-04-18 00:00:00,2026-04-18 00:00:00,002371,002371,2025年度内部控制评价报告,2025年度内部控制评价报告,ok
cninfo_disclosure,http://www.cninfo.com.cn/new/disclosure/detail?stockCode=002371&announcementId=1225122945&orgId=9900006137&announcementTime=2026-04-18 00:00:00,2026-04-18 00:00:00,002371,002371,董事及高级管理人员薪酬管理制度,董事及高级管理人员薪酬管理制度,ok
cninfo_disclosure,http://www.cninfo.com.cn/new/disclosure/detail?stockCode=002371&announcementId=1225122944&orgId=9900006137&announcementTime=2026-04-18 00:00:00,2026-04-18 00:00:00,002371,002371,关于会计政策变更的公告,关于会计政策变更的公告,ok
cninfo_disclosure,http://www.cninfo.com.cn/new/disclosure/detail?stockCode=002371&announcementId=1225122943&orgId=9900006137&announcementTime=2026-04-18 00:00:00,2026-04-18 00:00:00,002371,002371,独立董事提名人声明与承诺(王志成）,独立董事提名人声明与承诺(王志成）,ok
cninfo_disclosure,http://www.cninfo.com.cn/new/disclosure/detail?stockCode=002371&announcementId=1225122942&orgId=9900006137&announcementTime=2026-04-18 00:00:00,2026-04-18 00:00:00,002371,002371,独立董事提名人声明与承诺(刘怡）,独立董事提名人声明与承诺(刘怡）,ok
cninfo_disclosure,http://www.cninfo.com.cn/new/disclosure/detail?stockCode=002371&announcementId=1225122941&orgId=9900006137&announcementTime=2026-04-18 00:00:00,2026-04-18 00:00:00,002371,002371,独立董事提名人声明与承诺(张大成）,独立董事提名人声明与承诺(张大成）,ok
cninfo_disclosure,http://www.cninfo.com.cn/new/disclosure/detail?stockCode=002371&announcementId=1225122940&orgId=9900006137&announcementTime=2026-04-18 00:00:00,2026-04-18 00:00:00,002371,002371,独立董事提名人声明与承诺(吴西彬）,独立董事提名人声明与承诺(吴西彬）,ok
cninfo_disclosure,http://www.cninfo.com.cn/new/disclosure/detail?stockCode=002371&announcementId=1225122939&orgId=9900006137&announcementTime=2026-04-18 00:00:00,2026-04-18 00:00:00,002371,002371,独立董事候选人声明与承诺（刘怡）,独立董事候选人声明与承诺（刘怡）,ok
cninfo_disclosure,http://www.cninfo.com.cn/new/disclosure/detail?stockCode=002371&announcementId=1225122938&orgId=9900006137&announcementTime=2026-04-18 00:00:00,2026-04-18 00:00:00,002371,002371,独立董事候选人声明与承诺（张大成）,独立董事候选人声明与承诺（张大成）,ok
cninfo_disclosure,http://www.cninfo.com.cn/new/disclosure/detail?stockCode=002371&announcementId=1225122937&orgId=9900006137&announcementTime=2026-04-18 00:00:00,2026-04-18 00:00:00,002371,002371,独立董事候选人声明与承诺（王志成）,独立董事候选人声明与承诺（王志成）,ok
cninfo_disclosure,http://www.cninfo.com.cn/new/disclosure/detail?stockCode=002371&announcementId=1225122936&orgId=9900006137&announcementTime=2026-04-18 00:00:00,2026-04-18 00:00:00,002371,002371,独立董事候选人声明与承诺（吴西彬）,独立董事候选人声明与承诺（吴西彬）,ok
cninfo_disclosure,http://www.cninfo.com.cn/new/disclosure/detail?stockCode=002371&announcementId=1225122935&orgId=9900006137&announcementTime=2026-04-18 00:00:00,2026-04-18 00:00:00,002371,002371,关于董事会换届选举的公告,关于董事会换届选举的公告,ok
cninfo_disclosure,http://www.cninfo.com.cn/new/disclosure/detail?stockCode=002371&announcementId=1225122934&orgId=9900006137&announcementTime=2026-04-18 00:00:00,2026-04-18 00:00:00,002371,002371,中信建投证券股份有限公司关于北方华创科技集团股份有限公司2025年度募集资金存放、管理和使用情况的专项核查报告,中信建投证券股份有限公司关于北方华创科技集团股份有限公司2025年度募集资金存放、管理和使用情况的专项核查报告,ok
cninfo_disclosure,http://www.cninfo.com.cn/new/disclosure/detail?stockCode=002371&announcementId=1225122933&orgId=9900006137&announcementTime=2026-04-18 00:00:00,2026-04-18 00:00:00,002371,002371,关于公司2026年度日常关联交易的公告,关于公司2026年度日常关联交易的公告,ok
cninfo_disclosure,http://www.cninfo.com.cn/new/disclosure/detail?stockCode=002371&announcementId=1225122932&orgId=9900006137&announcementTime=2026-04-18 00:00:00,2026-04-18 00:00:00,002371,002371,关于召开2025年度股东会的通知,关于召开2025年度股东会的通知,ok
cninfo_disclosure,http://www.cninfo.com.cn/new/disclosure/detail?stockCode=002371&announcementId=1225122931&orgId=9900006137&announcementTime=2026-04-18 00:00:00,2026-04-18 00:00:00,002371,002371,2025年度董事会工作报告,2025年度董事会工作报告,ok
cninfo_disclosure,http://www.cninfo.com.cn/new/disclosure/detail?stockCode=002371&announcementId=1225122930&orgId=9900006137&announcementTime=2026-04-18 00:00:00,2026-04-18 00:00:00,002371,002371,第八届董事会第三十二次会议决议公告,第八届董事会第三十二次会议决议公告,ok
cninfo_disclosure,http://www.cninfo.com.cn/new/disclosure/detail?stockCode=002371&announcementId=1225122929&orgId=9900006137&announcementTime=2026-04-18 00:00:00,2026-04-18 00:00:00,002371,002371,关于同一控制下企业合并追溯调整财务数据的公告,关于同一控制下企业合并追溯调整财务数据的公告,ok
cninfo_disclosure,http://www.cninfo.com.cn/new/disclosure/detail?stockCode=002371&announcementId=1225122928&orgId=9900006137&announcementTime=2026-04-18 00:00:00,2026-04-18 00:00:00,002371,002371,关于2025年度利润分配及公积金转增股本预案的公告,关于2025年度利润分配及公积金转增股本预案的公告,ok
cninfo_disclosure,http://www.cninfo.com.cn/new/disclosure/detail?stockCode=002371&announcementId=1225122927&orgId=9900006137&announcementTime=2026-04-18 00:00:00,2026-04-18 00:00:00,002371,002371,2025年度募集资金存放与使用情况的专项报告,2025年度募集资金存放与使用情况的专项报告,ok
cninfo_disclosure,http://www.cninfo.com.cn/new/disclosure/detail?stockCode=002371&announcementId=1225122926&orgId=9900006137&announcementTime=2026-04-18 00:00:00,2026-04-18 00:00:00,002371,002371,募集资金存放、管理与实际使用情况审核报告,募集资金存放、管理与实际使用情况审核报告,ok
cninfo_disclosure,http://www.cninfo.com.cn/new/disclosure/detail?stockCode=002371&announcementId=1225122925&orgId=9900006137&announcementTime=2026-04-18 00:00:00,2026-04-18 00:00:00,002371,002371,关于对2025年度年审会计师事务所履职情况评估及第八届董事会审计委员会对年审会计师事务所履行监督职责情况的报告,关于对2025年度年审会计师事务所履职情况评估及第八届董事会审计委员会对年审会计师事务所履行监督职责情况的报告,ok
cninfo_disclosure,http://www.cninfo.com.cn/new/disclosure/detail?stockCode=002371&announcementId=1225122924&orgId=9900006137&announcementTime=2026-04-18 00:00:00,2026-04-18 00:00:00,002371,002371,第八届董事会审计委员会2025年度履职情况报告,第八届董事会审计委员会2025年度履职情况报告,ok
cninfo_disclosure,http://www.cninfo.com.cn/new/disclosure/detail?stockCode=002371&announcementId=1225122923&orgId=9900006137&announcementTime=2026-04-18 00:00:00,2026-04-18 00:00:00,002371,002371,会计师事务所对非经营性资金占用及其他关联资金往来情况汇总表的专项审计报告,会计师事务所对非经营性资金占用及其他关联资金往来情况汇总表的专项审计报告,ok
cninfo_disclosure,http://www.cninfo.com.cn/new/disclosure/detail?stockCode=002371&announcementId=1225122922&orgId=9900006137&announcementTime=2026-04-18 00:00:00,2026-04-18 00:00:00,002371,002371,非经营性资金占用及其他关联资金往来情况汇总表,非经营性资金占用及其他关联资金往来情况汇总表,ok
cninfo_disclosure,http://www.cninfo.com.cn/new/disclosure/detail?stockCode=002371&announcementId=1225122921&orgId=9900006137&announcementTime=2026-04-18 00:00:00,2026-04-18 00:00:00,002371,002371,董事会关于独立董事独立性评估的专项意见,董事会关于独立董事独立性评估的专项意见,ok
cninfo_disclosure,http://www.cninfo.com.cn/new/disclosure/detail?stockCode=002371&announcementId=1225122920&orgId=9900006137&announcementTime=2026-04-18 00:00:00,2026-04-18 00:00:00,002371,002371,2025年年度审计报告,2025年年度审计报告,ok
cninfo_disclosure,http://www.cninfo.com.cn/new/disclosure/detail?stockCode=002371&announcementId=1225122918&orgId=9900006137&announcementTime=2026-04-18 00:00:00,2026-04-18 00:00:00,002371,002371,2025年年度报告,2025年年度报告,ok
cninfo_disclosure,http://www.cninfo.com.cn/new/disclosure/detail?stockCode=002371&announcementId=1225122917&orgId=9900006137&announcementTime=2026-04-18 00:00:00,2026-04-18 00:00:00,002371,002371,2025年年度报告摘要,2025年年度报告摘要,ok
cninfo_disclosure,http://www.cninfo.com.cn/new/disclosure/detail?stockCode=002371&announcementId=1225072698&orgId=9900006137&announcementTime=2026-04-02 00:00:00,2026-04-02 00:00:00,002371,002371,关于2022年股权激励计划预留授予部分第二个行权期采用自主行权模式的提示性公告,关于2022年股权激励计划预留授予部分第二个行权期采用自主行权模式的提示性公告,ok
cninfo_disclosure,http://www.cninfo.com.cn/new/disclosure/detail?stockCode=002371&announcementId=1225040125&orgId=9900006137&announcementTime=2026-03-28 00:00:00,2026-03-28 00:00:00,002371,002371,关于董事会延期换届选举的提示性公告,关于董事会延期换届选举的提示性公告,ok
cninfo_disclosure,http://www.cninfo.com.cn/new/disclosure/detail?stockCode=002371&announcementId=1225040124&orgId=9900006137&announcementTime=2026-03-28 00:00:00,2026-03-28 00:00:00,002371,002371,关于2025年员工持股计划实施进展的公告,关于2025年员工持股计划实施进展的公告,ok
cninfo_disclosure,http://www.cninfo.com.cn/new/disclosure/detail?stockCode=002371&announcementId=1225040123&orgId=9900006137&announcementTime=2026-03-28 00:00:00,2026-03-28 00:00:00,002371,002371,关于2022年股票期权激励计划部分股票期权注销完成的公告,关于2022年股票期权激励计划部分股票期权注销完成的公告,ok
cninfo_disclosure,http://www.cninfo.com.cn/new/disclosure/detail?stockCode=002371&announcementId=1225024884&orgId=9900006137&announcementTime=2026-03-24 00:00:00,2026-03-24 00:00:00,002371,002371,关于注销2022年股票期权激励计划预留授予部分股票期权的公告,关于注销2022年股票期权激励计划预留授予部分股票期权的公告,ok
cninfo_disclosure,http://www.cninfo.com.cn/new/disclosure/detail?stockCode=002371&announcementId=1225024883&orgId=9900006137&announcementTime=2026-03-24 00:00:00,2026-03-24 00:00:00,002371,002371,中信建投证券股份有限公司关于北方华创科技集团股份有限公司2022年股票期权激励计划预留授予部分第二个行权期行权条件成就之独立财务顾问报告,中信建投证券股份有限公司关于北方华创科技集团股份有限公司2022年股票期权激励计划预留授予部分第二个行权期行权条件成就之独立财务顾问报告,ok
cninfo_disclosure,http://www.cninfo.com.cn/new/disclosure/detail?stockCode=002371&announcementId=1225024882&orgId=9900006137&announcementTime=2026-03-24 00:00:00,2026-03-24 00:00:00,002371,002371,北京金诚同达律师事务所关于北方华创科技集团股份有限公司2022年股票期权激励计划预留授予部分第二个行权期行权条件成就及注销部分股票期权相关事项的法律意见书,北京金诚同达律师事务所关于北方华创科技集团股份有限公司2022年股票期权激励计划预留授予部分第二个行权期行权条件成就及注销部分股票期权相关事项的法律意见书,ok
cninfo_disclosure,http://www.cninfo.com.cn/new/disclosure/detail?stockCode=002371&announcementId=1225024881&orgId=9900006137&announcementTime=2026-03-24 00:00:00,2026-03-24 00:00:00,002371,002371,董事会薪酬与考核委员会关于公司2022年股权激励计划预留授予部分相关事项的核查意见,董事会薪酬与考核委员会关于公司2022年股权激励计划预留授予部分相关事项的核查意见,ok
cninfo_disclosure,http://www.cninfo.com.cn/new/disclosure/detail?stockCode=002371&announcementId=1225024880&orgId=9900006137&announcementTime=2026-03-24 00:00:00,2026-03-24 00:00:00,002371,002371,关于2022年股票期权激励计划预留授予部分第二个行权期行权条件成就的公告,关于2022年股票期权激励计划预留授予部分第二个行权期行权条件成就的公告,ok
cninfo_disclosure,http://www.cninfo.com.cn/new/disclosure/detail?stockCode=002371&announcementId=1225024879&orgId=9900006137&announcementTime=2026-03-24 00:00:00,2026-03-24 00:00:00,002371,002371,第八届董事会第三十一次会议决议公告,第八届董事会第三十一次会议决议公告,ok
cninfo_disclosure,http://www.cninfo.com.cn/new/disclosure/detail?stockCode=002371&announcementId=1224988036&orgId=9900006137&announcementTime=2026-02-28 00:00:00,2026-02-28 00:00:00,002371,002371,关于2025年员工持股计划实施进展的公告,关于2025年员工持股计划实施进展的公告,ok
cninfo_disclosure,http://www.cninfo.com.cn/new/disclosure/detail?stockCode=002371&announcementId=1224976612&orgId=9900006137&announcementTime=2026-02-12 00:00:00,2026-02-12 00:00:00,002371,002371,关于实际控制人协议转让股份完成过户登记暨股份变动比例触及1%整数倍的公告,关于实际控制人协议转让股份完成过户登记暨股份变动比例触及1%整数倍的公告,ok
cninfo_disclosure,http://www.cninfo.com.cn/new/disclosure/detail?stockCode=002371&announcementId=1224976611&orgId=9900006137&announcementTime=2026-02-12 00:00:00,2026-02-12 00:00:00,002371,002371,关于归还部分暂时补充流动资金的闲置募集资金的公告,关于归还部分暂时补充流动资金的闲置募集资金的公告,ok
cninfo_disclosure,http://www.cninfo.com.cn/new/disclosure/detail?stockCode=002371&announcementId=1224958259&orgId=9900006137&announcementTime=2026-01-31 00:00:00,2026-01-31 00:00:00,002371,002371,关于2025年员工持股计划实施进展的公告,关于2025年员工持股计划实施进展的公告,ok
cninfo_disclosure,http://www.cninfo.com.cn/new/disclosure/detail?stockCode=002371&announcementId=1224933265&orgId=9900006137&announcementTime=2026-01-15 00:00:00,2026-01-15 00:00:00,002371,002371,关于2025年员工持股计划开户完成的公告,关于2025年员工持股计划开户完成的公告,ok
cninfo_disclosure,http://www.cninfo.com.cn/new/disclosure/detail?stockCode=002371&announcementId=1224928185&orgId=9900006137&announcementTime=2026-01-10 00:00:00,2026-01-10 00:00:00,002371,002371,关于2025年股票期权激励计划授予登记完成公告,关于2025年股票期权激励计划授予登记完成公告,ok
cninfo_disclosure,http://www.cninfo.com.cn/new/disclosure/detail?stockCode=002371&announcementId=1224926194&orgId=9900006137&announcementTime=2026-01-09 00:00:00,2026-01-09 00:00:00,002371,002371,2025年员工持股计划第一次持有人会议决议的公告,2025年员工持股计划第一次持有人会议决议的公告,ok
cninfo_disclosure,http://www.cninfo.com.cn/new/disclosure/detail?stockCode=002371&announcementId=1224921433&orgId=9900006137&announcementTime=2026-01-07 00:00:00,2026-01-07 00:00:00,002371,002371,关于实际控制人协议转让股份的进展公告,关于实际控制人协议转让股份的进展公告,ok
cninfo_disclosure,http://www.cninfo.com.cn/new/disclosure/detail?stockCode=002371&announcementId=1224914795&orgId=9900006137&announcementTime=2026-01-05 00:00:00,2026-01-05 00:00:00,002371,002371,中信建投证券股份有限公司关于北方华创科技集团股份有限公司2025年股票期权激励计划授予相关事项之独立财务顾问报告,中信建投证券股份有限公司关于北方华创科技集团股份有限公司2025年股票期权激励计划授予相关事项之独立财务顾问报告,ok
cninfo_disclosure,http://www.cninfo.com.cn/new/disclosure/detail?stockCode=002371&announcementId=1224914794&orgId=9900006137&announcementTime=2026-01-05 00:00:00,2026-01-05 00:00:00,002371,002371,北京金诚同达律师事务所关于北方华创科技集团股份有限公司2025年股票期权激励计划调整与授予事项之法律意见书,北京金诚同达律师事务所关于北方华创科技集团股份有限公司2025年股票期权激励计划调整与授予事项之法律意见书,ok
cninfo_disclosure,http://www.cninfo.com.cn/new/disclosure/detail?stockCode=002371&announcementId=1224914793&orgId=9900006137&announcementTime=2026-01-05 00:00:00,2026-01-05 00:00:00,002371,002371,关于向2025年股票期权激励计划激励对象授予股票期权的公告,关于向2025年股票期权激励计划激励对象授予股票期权的公告,ok
cninfo_disclosure,http://www.cninfo.com.cn/new/disclosure/detail?stockCode=002371&announcementId=1224914792&orgId=9900006137&announcementTime=2026-01-05 00:00:00,2026-01-05 00:00:00,002371,002371,关于调整公司2025年股票期权激励计划激励对象名单及授予权益数量的公告,关于调整公司2025年股票期权激励计划激励对象名单及授予权益数量的公告,ok
cninfo_disclosure,http://www.cninfo.com.cn/new/disclosure/detail?stockCode=002371&announcementId=1224914791&orgId=9900006137&announcementTime=2026-01-05 00:00:00,2026-01-05 00:00:00,002371,002371,第八届董事会第三十次会议决议公告,第八届董事会第三十次会议决议公告,ok
cninfo_disclosure,http://www.cninfo.com.cn/new/disclosure/detail?stockCode=002371&announcementId=1224914790&orgId=9900006137&announcementTime=2026-01-05 00:00:00,2026-01-05 00:00:00,002371,002371,中信建投证券股份有限公司关于北方华创科技集团股份有限公司2025年员工持股计划（草案）之独立财务顾问报告,中信建投证券股份有限公司关于北方华创科技集团股份有限公司2025年员工持股计划（草案）之独立财务顾问报告,ok
cninfo_disclosure,http://www.cninfo.com.cn/new/disclosure/detail?stockCode=002371&announcementId=1224914789&orgId=9900006137&announcementTime=2026-01-05 00:00:00,2026-01-05 00:00:00,002371,002371,北京金诚同达律师事务所关于北方华创科技集团股份有限公司2025年员工持股计划法律意见书,北京金诚同达律师事务所关于北方华创科技集团股份有限公司2025年员工持股计划法律意见书,ok
cninfo_disclosure,http://www.cninfo.com.cn/new/disclosure/detail?stockCode=002371&announcementId=1224914788&orgId=9900006137&announcementTime=2026-01-05 00:00:00,2026-01-05 00:00:00,002371,002371,董事会薪酬与考核委员会关于公司2025年员工持股计划及2025年股票期权激励计划相关事项的核查意见,董事会薪酬与考核委员会关于公司2025年员工持股计划及2025年股票期权激励计划相关事项的核查意见,ok
cninfo_disclosure,http://www.cninfo.com.cn/new/disclosure/detail?stockCode=002371&announcementId=1224914787&orgId=9900006137&announcementTime=2026-01-05 00:00:00,2026-01-05 00:00:00,002371,002371,北方华创2025年员工持股计划（草案）摘要,北方华创2025年员工持股计划（草案）摘要,ok
cninfo_disclosure,http://www.cninfo.com.cn/new/disclosure/detail?stockCode=002371&announcementId=1224914786&orgId=9900006137&announcementTime=2026-01-05 00:00:00,2026-01-05 00:00:00,002371,002371,北方华创2025年员工持股计划（草案）,北方华创2025年员工持股计划（草案）,ok
cninfo_disclosure,http://www.cninfo.com.cn/new/disclosure/detail?stockCode=002371&announcementId=1224888311&orgId=9900006137&announcementTime=2025-12-20 00:00:00,2025-12-20 00:00:00,002371,002371,关于实际控制人协议转让股份的进展公告,关于实际控制人协议转让股份的进展公告,ok
cninfo_disclosure,http://www.cninfo.com.cn/new/disclosure/detail?stockCode=002371&announcementId=1224880133&orgId=9900006137&announcementTime=2025-12-16 00:00:00,2025-12-16 00:00:00,002371,002371,关于实际控制人协议转让股份的提示性公告,关于实际控制人协议转让股份的提示性公告,ok
cninfo_disclosure,http://www.cninfo.com.cn/new/disclosure/detail?stockCode=002371&announcementId=1224858738&orgId=9900006137&announcementTime=2025-12-09 00:00:00,2025-12-09 00:00:00,002371,002371,对外担保管理制度（2025年12月）,对外担保管理制度（2025年12月）,ok
cninfo_disclosure,http://www.cninfo.com.cn/new/disclosure/detail?stockCode=002371&announcementId=1224858737&orgId=9900006137&announcementTime=2025-12-09 00:00:00,2025-12-09 00:00:00,002371,002371,公司章程（2025年12月）,公司章程（2025年12月）,ok
cninfo_disclosure,http://www.cninfo.com.cn/new/disclosure/detail?stockCode=002371&announcementId=1224858736&orgId=9900006137&announcementTime=2025-12-09 00:00:00,2025-12-09 00:00:00,002371,002371,董事会议事规则（2025年12月）,董事会议事规则（2025年12月）,ok
cninfo_disclosure,http://www.cninfo.com.cn/new/disclosure/detail?stockCode=002371&announcementId=1224858735&orgId=9900006137&announcementTime=2025-12-09 00:00:00,2025-12-09 00:00:00,002371,002371,股东会议事规则（2025年12月）,股东会议事规则（2025年12月）,ok
eastmoney_stock_news,http://finance.eastmoney.com/a/202604303726451084.html,2026-04-30 16:08:39,603501,603501,豪威集团603501.SH)2026年一季报净利润为5.03亿元、较去年同期下降41.92%,2026年4月30日，豪威集团603501.SH)发布2026年一季报。 公司营业总收入为64.14亿元，较去年同报告期营业总收入减少5806.90万元，同比较去年同期下降0.90%。,ok
eastmoney_stock_news,http://finance.eastmoney.com/a/202606103766697827.html,2026-06-10 16:23:00,603501,603501,英伟达概念下跌3.37%，主力资金净流出65股,35975.26 002015 协鑫能科 -9.99 7.14 -34211.03 300319 麦捷科技 -8.95 19.78 -34097.28 601689 拓普集团 -6.70 2.64 -31582.00 000938 紫光股份 -1.74 4.14 -30752.71 603501,ok
eastmoney_stock_news,http://finance.eastmoney.com/a/202606023757609091.html,2026-06-02 17:07:00,603501,603501,豪威集团回购208万股 金额1.96亿元,6月2日，豪威集团（603501/00501）发布公告，截至2026年5月31日已回购208万股，占总股本的0.17%，回购金额为1.96亿元，回购价格区间为90.59元/股至98.8元/股。 2026年一季度，豪威集团实现收入64.14亿元，归母净利润5.03亿元。,ok
eastmoney_stock_news,http://finance.eastmoney.com/a/202606093765150828.html,2026-06-09 16:36:00,603501,603501,中芯国际概念涨6.71%，主力资金净流入66股,688691 灿芯股份 4.93 6.91 2177.85 4.62 688605 先锋精科 11.33 8.50 2176.07 3.14 300567 精测电子 6.23 2.97 2171.86 1.74 688469 芯联集成 6.11 3.19 1918.65 1.43 603501,ok
eastmoney_stock_news,http://finance.eastmoney.com/a/202606093765151568.html,2026-06-09 16:36:00,603501,603501,汽车芯片概念涨4.59%，主力资金净流入这些股,300098 高新兴 1.35 2.67 2005.35 9.40 301488 豪恩汽电 4.90 29.60 1991.57 1.69 688469 芯联集成 6.11 3.19 1918.65 1.43 300012 华测检测 1.73 1.63 1897.06 5.79 603501,ok
eastmoney_stock_news,http://finance.eastmoney.com/a/202606043760469317.html,2026-06-04 16:54:00,603501,603501,电子行业资金流入榜：京东方A、兆易创新等净流入资金居前,62895.02 688041 海光信息 -0.05 1.08 -59968.35 300433 蓝思科技 -1.69 3.58 -48690.39 002185 华天科技 0.52 12.98 -42519.16 688521 芯原股份 1.10 3.82 -37555.93 603501,ok
eastmoney_stock_news,http://finance.eastmoney.com/a/202606013756003379.html,2026-06-01 15:17:00,603501,603501,短线防风险 93只个股短期均线现死叉,5.73 91.63 93.65 -2.15 82.30 -12.12 002779 中坚科技 -1.36 1.66 72.64 74.23 -2.13 69.42 -6.47 603289 泰瑞机器 0.76 3.21 11.25 11.48 -2.04 10.63 -7.42 603501,ok
eastmoney_stock_news,http://finance.eastmoney.com/a/202606033759068413.html,2026-06-03 16:46:00,603501,603501,电子行业6月3日资金流向日报,电子行业资金流入榜 代码 简称 今日涨跌幅（%） 今日换手率（%） 主力资金流量（万元） 002156 通富微电 9.99 11.63 354150.47 000100 TCL科技 7.00 12.47 166456.20 688256 寒武纪 6.01 2.64 126945.76 603501,ok
cninfo_disclosure,http://www.cninfo.com.cn/new/disclosure/detail?stockCode=603501&announcementId=1225345273&orgId=9900030772&announcementTime=2026-06-03 00:00:00,2026-06-03 00:00:00,603501,603501,关于以集中竞价方式回购股份的进展公告,关于以集中竞价方式回购股份的进展公告,ok
cninfo_disclosure,http://www.cninfo.com.cn/new/disclosure/detail?stockCode=603501&announcementId=1225336058&orgId=9900030772&announcementTime=2026-05-29 00:00:00,2026-05-29 00:00:00,603501,603501,北京市天元律师事务所关于豪威集成电路（集团）股份有限公司股票期权激励计划调整行权价格的法律意见,北京市天元律师事务所关于豪威集成电路（集团）股份有限公司股票期权激励计划调整行权价格的法律意见,ok
cninfo_disclosure,http://www.cninfo.com.cn/new/disclosure/detail?stockCode=603501&announcementId=1225336054&orgId=9900030772&announcementTime=2026-05-29 00:00:00,2026-05-29 00:00:00,603501,603501,关于可转换公司债券转股价格调整暨转股复牌的公告,关于可转换公司债券转股价格调整暨转股复牌的公告,ok
cninfo_disclosure,http://www.cninfo.com.cn/new/disclosure/detail?stockCode=603501&announcementId=1225336053&orgId=9900030772&announcementTime=2026-05-29 00:00:00,2026-05-29 00:00:00,603501,603501,北京市天元律师事务所关于豪威集成电路（集团）股份有限公司差异化分红事项的专项核查意见,北京市天元律师事务所关于豪威集成电路（集团）股份有限公司差异化分红事项的专项核查意见,ok
cninfo_disclosure,http://www.cninfo.com.cn/new/disclosure/detail?stockCode=603501&announcementId=1225336032&orgId=9900030772&announcementTime=2026-05-29 00:00:00,2026-05-29 00:00:00,603501,603501,2025年年度权益分派实施公告,2025年年度权益分派实施公告,ok
cninfo_disclosure,http://www.cninfo.com.cn/new/disclosure/detail?stockCode=603501&announcementId=1225336030&orgId=9900030772&announcementTime=2026-05-29 00:00:00,2026-05-29 00:00:00,603501,603501,关于调整股票期权行权价格的公告,关于调整股票期权行权价格的公告,ok
cninfo_disclosure,http://www.cninfo.com.cn/new/disclosure/detail?stockCode=603501&announcementId=1225336027&orgId=9900030772&announcementTime=2026-05-29 00:00:00,2026-05-29 00:00:00,603501,603501,豪威集成电路（集团）股份有限公司公开发行可转换公司债券受托管理事务报告（2025年度）,豪威集成电路（集团）股份有限公司公开发行可转换公司债券受托管理事务报告（2025年度）,ok
cninfo_disclosure,http://www.cninfo.com.cn/new/disclosure/detail?stockCode=603501&announcementId=1225326433&orgId=9900030772&announcementTime=2026-05-23 00:00:00,2026-05-23 00:00:00,603501,603501,关于可转换公司债券跟踪评级结果的公告,关于可转换公司债券跟踪评级结果的公告,ok
cninfo_disclosure,http://www.cninfo.com.cn/new/disclosure/detail?stockCode=603501&announcementId=1225326429&orgId=9900030772&announcementTime=2026-05-23 00:00:00,2026-05-23 00:00:00,603501,603501,豪威集成电路（集团）股份有限公司韦尔转债跟踪评级报告,豪威集成电路（集团）股份有限公司韦尔转债跟踪评级报告,ok
cninfo_disclosure,http://www.cninfo.com.cn/new/disclosure/detail?stockCode=603501&announcementId=1225326423&orgId=9900030772&announcementTime=2026-05-23 00:00:00,2026-05-23 00:00:00,603501,603501,关于实施2025年年度权益分派时“韦尔转债”停止转股的提示性公告,关于实施2025年年度权益分派时“韦尔转债”停止转股的提示性公告,ok
cninfo_disclosure,http://www.cninfo.com.cn/new/disclosure/detail?stockCode=603501&announcementId=1225314230&orgId=9900030772&announcementTime=2026-05-19 00:00:00,2026-05-19 00:00:00,603501,603501,关于“韦尔转债”回售结果的公告,关于“韦尔转债”回售结果的公告,ok
cninfo_disclosure,http://www.cninfo.com.cn/new/disclosure/detail?stockCode=603501&announcementId=1225311113&orgId=9900030772&announcementTime=2026-05-16 00:00:00,2026-05-16 00:00:00,603501,603501,关于回购股份注销并减少注册资本通知债权人公告,关于回购股份注销并减少注册资本通知债权人公告,ok
cninfo_disclosure,http://www.cninfo.com.cn/new/disclosure/detail?stockCode=603501&announcementId=1225304871&orgId=9900030772&announcementTime=2026-05-14 00:00:00,2026-05-14 00:00:00,603501,603501,关于“韦尔转债”回售的第九次提示性公告,关于“韦尔转债”回售的第九次提示性公告,ok
cninfo_disclosure,http://www.cninfo.com.cn/new/disclosure/detail?stockCode=603501&announcementId=1225301981&orgId=9900030772&announcementTime=2026-05-13 00:00:00,2026-05-13 00:00:00,603501,603501,关于“韦尔转债”回售的第八次提示性公告,关于“韦尔转债”回售的第八次提示性公告,ok
cninfo_disclosure,http://www.cninfo.com.cn/new/disclosure/detail?stockCode=603501&announcementId=1225291585&orgId=9900030772&announcementTime=2026-05-12 00:00:00,2026-05-12 00:00:00,603501,603501,关于“韦尔转债”回售的第七次提示性公告,关于“韦尔转债”回售的第七次提示性公告,ok
cninfo_disclosure,http://www.cninfo.com.cn/new/disclosure/detail?stockCode=603501&announcementId=1225285756&orgId=9900030772&announcementTime=2026-05-09 00:00:00,2026-05-09 00:00:00,603501,603501,关于“韦尔转债”回售的第六次提示性公告,关于“韦尔转债”回售的第六次提示性公告,ok
cninfo_disclosure,http://www.cninfo.com.cn/new/disclosure/detail?stockCode=603501&announcementId=1225283046&orgId=9900030772&announcementTime=2026-05-08 00:00:00,2026-05-08 00:00:00,603501,603501,2025年年度股东会决议公告,2025年年度股东会决议公告,ok
cninfo_disclosure,http://www.cninfo.com.cn/new/disclosure/detail?stockCode=603501&announcementId=1225283045&orgId=9900030772&announcementTime=2026-05-08 00:00:00,2026-05-08 00:00:00,603501,603501,北京市天元律师事务所关于豪威集成电路(集团)股份有限公司2025年年度股东会的法律意见,北京市天元律师事务所关于豪威集成电路(集团)股份有限公司2025年年度股东会的法律意见,ok
cninfo_disclosure,http://www.cninfo.com.cn/new/disclosure/detail?stockCode=603501&announcementId=1225283044&orgId=9900030772&announcementTime=2026-05-08 00:00:00,2026-05-08 00:00:00,603501,603501,关于“韦尔转债”回售的第五次提示性公告,关于“韦尔转债”回售的第五次提示性公告,ok
cninfo_disclosure,http://www.cninfo.com.cn/new/disclosure/detail?stockCode=603501&announcementId=1225279769&orgId=9900030772&announcementTime=2026-05-07 00:00:00,2026-05-07 00:00:00,603501,603501,关于以集中竞价方式回购股份的进展公告,关于以集中竞价方式回购股份的进展公告,ok
cninfo_disclosure,http://www.cninfo.com.cn/new/disclosure/detail?stockCode=603501&announcementId=1225279753&orgId=9900030772&announcementTime=2026-05-07 00:00:00,2026-05-07 00:00:00,603501,603501,关于“韦尔转债”回售的第四次提示性公告,关于“韦尔转债”回售的第四次提示性公告,ok
cninfo_disclosure,http://www.cninfo.com.cn/new/disclosure/detail?stockCode=603501&announcementId=1225272962&orgId=9900030772&announcementTime=2026-05-01 00:00:00,2026-05-01 00:00:00,603501,603501,关于“韦尔转债”回售的第三次提示性公告,关于“韦尔转债”回售的第三次提示性公告,ok
cninfo_disclosure,http://www.cninfo.com.cn/new/disclosure/detail?stockCode=603501&announcementId=1225258082&orgId=9900030772&announcementTime=2026-04-30 00:00:00,2026-04-30 00:00:00,603501,603501,关于“韦尔转债”回售的第二次提示性公告,关于“韦尔转债”回售的第二次提示性公告,ok
cninfo_disclosure,http://www.cninfo.com.cn/new/disclosure/detail?stockCode=603501&announcementId=1225258080&orgId=9900030772&announcementTime=2026-04-30 00:00:00,2026-04-30 00:00:00,603501,603501,2026年第一季度报告,2026年第一季度报告,ok
cninfo_disclosure,http://www.cninfo.com.cn/new/disclosure/detail?stockCode=603501&announcementId=1225258078&orgId=9900030772&announcementTime=2026-04-30 00:00:00,2026-04-30 00:00:00,603501,603501,关于2026年度“提质增效重回报”行动方案的公告,关于2026年度“提质增效重回报”行动方案的公告,ok
cninfo_disclosure,http://www.cninfo.com.cn/new/disclosure/detail?stockCode=603501&announcementId=1225258077&orgId=9900030772&announcementTime=2026-04-30 00:00:00,2026-04-30 00:00:00,603501,603501,2026年第二季度主要经营数据的公告,2026年第二季度主要经营数据的公告,ok
cninfo_disclosure,http://www.cninfo.com.cn/new/disclosure/detail?stockCode=603501&announcementId=1225258067&orgId=9900030772&announcementTime=2026-04-30 00:00:00,2026-04-30 00:00:00,603501,603501,关于会计政策变更的公告,关于会计政策变更的公告,ok
cninfo_disclosure,http://www.cninfo.com.cn/new/disclosure/detail?stockCode=603501&announcementId=1225258064&orgId=9900030772&announcementTime=2026-04-30 00:00:00,2026-04-30 00:00:00,603501,603501,关于增资睿晶半导体有限公司暨关联交易的公告,关于增资睿晶半导体有限公司暨关联交易的公告,ok
cninfo_disclosure,http://www.cninfo.com.cn/new/disclosure/detail?stockCode=603501&announcementId=1225258062&orgId=9900030772&announcementTime=2026-04-30 00:00:00,2026-04-30 00:00:00,603501,603501,第七届董事会第十五次会议决议公告,第七届董事会第十五次会议决议公告,ok
cninfo_disclosure,http://www.cninfo.com.cn/new/disclosure/detail?stockCode=603501&announcementId=1225224808&orgId=9900030772&announcementTime=2026-04-29 00:00:00,2026-04-29 00:00:00,603501,603501,关于“韦尔转债”回售的第一次提示性公告,关于“韦尔转债”回售的第一次提示性公告,ok
cninfo_disclosure,http://www.cninfo.com.cn/new/disclosure/detail?stockCode=603501&announcementId=1225205302&orgId=9900030772&announcementTime=2026-04-28 00:00:00,2026-04-28 00:00:00,603501,603501,平安证券股份有限公司关于豪威集成电路（集团）股份有限公司可转换公司债券回售有关事项的核查意见,平安证券股份有限公司关于豪威集成电路（集团）股份有限公司可转换公司债券回售有关事项的核查意见,ok
cninfo_disclosure,http://www.cninfo.com.cn/new/disclosure/detail?stockCode=603501&announcementId=1225205211&orgId=9900030772&announcementTime=2026-04-28 00:00:00,2026-04-28 00:00:00,603501,603501,关于“韦尔转债”回售的公告,关于“韦尔转债”回售的公告,ok
cninfo_disclosure,http://www.cninfo.com.cn/new/disclosure/detail?stockCode=603501&announcementId=1225162544&orgId=9900030772&announcementTime=2026-04-24 00:00:00,2026-04-24 00:00:00,603501,603501,关于召开2025年年度业绩暨现金分红说明会的公告,关于召开2025年年度业绩暨现金分红说明会的公告,ok
cninfo_disclosure,http://www.cninfo.com.cn/new/disclosure/detail?stockCode=603501&announcementId=1225115746&orgId=9900030772&announcementTime=2026-04-18 00:00:00,2026-04-18 00:00:00,603501,603501,H股公告-董事会会议日期,H股公告-董事会会议日期,ok
cninfo_disclosure,http://www.cninfo.com.cn/new/disclosure/detail?stockCode=603501&announcementId=1225108930&orgId=9900030772&announcementTime=2026-04-16 00:00:00,2026-04-16 00:00:00,603501,603501,关于召开2025年年度股东会的通知,关于召开2025年年度股东会的通知,ok
cninfo_disclosure,http://www.cninfo.com.cn/new/disclosure/detail?stockCode=603501&announcementId=1225108928&orgId=9900030772&announcementTime=2026-04-16 00:00:00,2026-04-16 00:00:00,603501,603501,2025年年度股东会会议资料,2025年年度股东会会议资料,ok
cninfo_disclosure,http://www.cninfo.com.cn/new/disclosure/detail?stockCode=603501&announcementId=1225092383&orgId=9900030772&announcementTime=2026-04-11 00:00:00,2026-04-11 00:00:00,603501,603501,关于回购A股股份事项前十大股东、前十大无限售条件股东持股情况的公告,关于回购A股股份事项前十大股东、前十大无限售条件股东持股情况的公告,ok
cninfo_disclosure,http://www.cninfo.com.cn/new/disclosure/detail?stockCode=603501&announcementId=1225082176&orgId=9900030772&announcementTime=2026-04-08 00:00:00,2026-04-08 00:00:00,603501,603501,关于以集中竞价方式首次回购股份的进展公告,关于以集中竞价方式首次回购股份的进展公告,ok
cninfo_disclosure,http://www.cninfo.com.cn/new/disclosure/detail?stockCode=603501&announcementId=1225079477&orgId=9900030772&announcementTime=2026-04-04 00:00:00,2026-04-04 00:00:00,603501,603501,关于以集中竞价交易方式回购股份的回购报告书,关于以集中竞价交易方式回购股份的回购报告书,ok
cninfo_disclosure,http://www.cninfo.com.cn/new/disclosure/detail?stockCode=603501&announcementId=1225070865&orgId=9900030772&announcementTime=2026-04-02 00:00:00,2026-04-02 00:00:00,603501,603501,关于可转债转股、H股发行并上市交易及股权激励计划自主行权结果暨股份变动公告,关于可转债转股、H股发行并上市交易及股权激励计划自主行权结果暨股份变动公告,ok
cninfo_disclosure,http://www.cninfo.com.cn/new/disclosure/detail?stockCode=603501&announcementId=1225055213&orgId=9900030772&announcementTime=2026-03-31 00:00:00,2026-03-31 00:00:00,603501,603501,2025年度审计报告及财务报表,2025年度审计报告及财务报表,ok
cninfo_disclosure,http://www.cninfo.com.cn/new/disclosure/detail?stockCode=603501&announcementId=1225055212&orgId=9900030772&announcementTime=2026-03-31 00:00:00,2026-03-31 00:00:00,603501,603501,2025年度独立董事履职情况报告（牟磊）,2025年度独立董事履职情况报告（牟磊）,ok
cninfo_disclosure,http://www.cninfo.com.cn/new/disclosure/detail?stockCode=603501&announcementId=1225055209&orgId=9900030772&announcementTime=2026-03-31 00:00:00,2026-03-31 00:00:00,603501,603501,2025年年度报告摘要,2025年年度报告摘要,ok
cninfo_disclosure,http://www.cninfo.com.cn/new/disclosure/detail?stockCode=603501&announcementId=1225055201&orgId=9900030772&announcementTime=2026-03-31 00:00:00,2026-03-31 00:00:00,603501,603501,2025年度独立董事履职情况报告（胡仁昱）,2025年度独立董事履职情况报告（胡仁昱）,ok
cninfo_disclosure,http://www.cninfo.com.cn/new/disclosure/detail?stockCode=603501&announcementId=1225055196&orgId=9900030772&announcementTime=2026-03-31 00:00:00,2026-03-31 00:00:00,603501,603501,董事会对独立董事独立性自查情况的专项报告,董事会对独立董事独立性自查情况的专项报告,ok
cninfo_disclosure,http://www.cninfo.com.cn/new/disclosure/detail?stockCode=603501&announcementId=1225055195&orgId=9900030772&announcementTime=2026-03-31 00:00:00,2026-03-31 00:00:00,603501,603501,2025年环境、社会及管治报告,2025年环境、社会及管治报告,ok
cninfo_disclosure,http://www.cninfo.com.cn/new/disclosure/detail?stockCode=603501&announcementId=1225055190&orgId=9900030772&announcementTime=2026-03-31 00:00:00,2026-03-31 00:00:00,603501,603501,2025年环境、社会及管治报告摘要,2025年环境、社会及管治报告摘要,ok
cninfo_disclosure,http://www.cninfo.com.cn/new/disclosure/detail?stockCode=603501&announcementId=1225055179&orgId=9900030772&announcementTime=2026-03-31 00:00:00,2026-03-31 00:00:00,603501,603501,第七届董事会第十三次会议决议公告,第七届董事会第十三次会议决议公告,ok
cninfo_disclosure,http://www.cninfo.com.cn/new/disclosure/detail?stockCode=603501&announcementId=1225055165&orgId=9900030772&announcementTime=2026-03-31 00:00:00,2026-03-31 00:00:00,603501,603501,关于2026年度为控股子公司提供担保额度的公告,关于2026年度为控股子公司提供担保额度的公告,ok
cninfo_disclosure,http://www.cninfo.com.cn/new/disclosure/detail?stockCode=603501&announcementId=1225055162&orgId=9900030772&announcementTime=2026-03-31 00:00:00,2026-03-31 00:00:00,603501,603501,2025年度独立董事履职情况报告（朱黎庭）,2025年度独立董事履职情况报告（朱黎庭）,ok
cninfo_disclosure,http://www.cninfo.com.cn/new/disclosure/detail?stockCode=603501&announcementId=1225055123&orgId=9900030772&announcementTime=2026-03-31 00:00:00,2026-03-31 00:00:00,603501,603501,关于公司未来三年（2026年-2028年）股东分红回报规划的公告,关于公司未来三年（2026年-2028年）股东分红回报规划的公告,ok
cninfo_disclosure,http://www.cninfo.com.cn/new/disclosure/detail?stockCode=603501&announcementId=1225055121&orgId=9900030772&announcementTime=2026-03-31 00:00:00,2026-03-31 00:00:00,603501,603501,关于对会计师事务所2025年度履职情况评估报告,关于对会计师事务所2025年度履职情况评估报告,ok
cninfo_disclosure,http://www.cninfo.com.cn/new/disclosure/detail?stockCode=603501&announcementId=1225055111&orgId=9900030772&announcementTime=2026-03-31 00:00:00,2026-03-31 00:00:00,603501,603501,2026年第一季度主要经营数据的公告,2026年第一季度主要经营数据的公告,ok
cninfo_disclosure,http://www.cninfo.com.cn/new/disclosure/detail?stockCode=603501&announcementId=1225055085&orgId=9900030772&announcementTime=2026-03-31 00:00:00,2026-03-31 00:00:00,603501,603501,关于变更回购股份用途并注销的公告,关于变更回购股份用途并注销的公告,ok
cninfo_disclosure,http://www.cninfo.com.cn/new/disclosure/detail?stockCode=603501&announcementId=1225055066&orgId=9900030772&announcementTime=2026-03-31 00:00:00,2026-03-31 00:00:00,603501,603501,董事会审计委员会2025年度履职报告,董事会审计委员会2025年度履职报告,ok
cninfo_disclosure,http://www.cninfo.com.cn/new/disclosure/detail?stockCode=603501&announcementId=1225055063&orgId=9900030772&announcementTime=2026-03-31 00:00:00,2026-03-31 00:00:00,603501,603501,2025年内部控制审计报告,2025年内部控制审计报告,ok
cninfo_disclosure,http://www.cninfo.com.cn/new/disclosure/detail?stockCode=603501&announcementId=1225055056&orgId=9900030772&announcementTime=2026-03-31 00:00:00,2026-03-31 00:00:00,603501,603501,2025年年度报告,2025年年度报告,ok
cninfo_disclosure,http://www.cninfo.com.cn/new/disclosure/detail?stockCode=603501&announcementId=1225055047&orgId=9900030772&announcementTime=2026-03-31 00:00:00,2026-03-31 00:00:00,603501,603501,2025年度独立董事履职情况报告（吴行军）,2025年度独立董事履职情况报告（吴行军）,ok
cninfo_disclosure,http://www.cninfo.com.cn/new/disclosure/detail?stockCode=603501&announcementId=1225055042&orgId=9900030772&announcementTime=2026-03-31 00:00:00,2026-03-31 00:00:00,603501,603501,关于会计政策变更的公告,关于会计政策变更的公告,ok
cninfo_disclosure,http://www.cninfo.com.cn/new/disclosure/detail?stockCode=603501&announcementId=1225055037&orgId=9900030772&announcementTime=2026-03-31 00:00:00,2026-03-31 00:00:00,603501,603501,2025年环境、社会及管治报告-英文,2025年环境、社会及管治报告-英文,ok
cninfo_disclosure,http://www.cninfo.com.cn/new/disclosure/detail?stockCode=603501&announcementId=1225055032&orgId=9900030772&announcementTime=2026-03-31 00:00:00,2026-03-31 00:00:00,603501,603501,董事会审计委员会对会计师事务所2025年度履行监督职责情况报告,董事会审计委员会对会计师事务所2025年度履行监督职责情况报告,ok
cninfo_disclosure,http://www.cninfo.com.cn/new/disclosure/detail?stockCode=603501&announcementId=1225055027&orgId=9900030772&announcementTime=2026-03-31 00:00:00,2026-03-31 00:00:00,603501,603501,2025年度内部控制评价报告,2025年度内部控制评价报告,ok
cninfo_disclosure,http://www.cninfo.com.cn/new/disclosure/detail?stockCode=603501&announcementId=1225055026&orgId=9900030772&announcementTime=2026-03-31 00:00:00,2026-03-31 00:00:00,603501,603501,关于豪威集成电路（集团）股份有限公司2025年度非经营性资金占用及其他关联资金往来情况汇总表的专项审计报告,关于豪威集成电路（集团）股份有限公司2025年度非经营性资金占用及其他关联资金往来情况汇总表的专项审计报告,ok
cninfo_disclosure,http://www.cninfo.com.cn/new/disclosure/detail?stockCode=603501&announcementId=1225055024&orgId=9900030772&announcementTime=2026-03-31 00:00:00,2026-03-31 00:00:00,603501,603501,2025年度独立董事履职情况报告（范明曦）,2025年度独立董事履职情况报告（范明曦）,ok
cninfo_disclosure,http://www.cninfo.com.cn/new/disclosure/detail?stockCode=603501&announcementId=1225055021&orgId=9900030772&announcementTime=2026-03-31 00:00:00,2026-03-31 00:00:00,603501,603501,关于确认董事、高级管理人员2025年度薪酬及2026年度薪酬方案的公告,关于确认董事、高级管理人员2025年度薪酬及2026年度薪酬方案的公告,ok
cninfo_disclosure,http://www.cninfo.com.cn/new/disclosure/detail?stockCode=603501&announcementId=1225055006&orgId=9900030772&announcementTime=2026-03-31 00:00:00,2026-03-31 00:00:00,603501,603501,关于申请2026年度银行综合授信额度及授权对外签署银行借款相关合同的公告,关于申请2026年度银行综合授信额度及授权对外签署银行借款相关合同的公告,ok
cninfo_disclosure,http://www.cninfo.com.cn/new/disclosure/detail?stockCode=603501&announcementId=1225054991&orgId=9900030772&announcementTime=2026-03-31 00:00:00,2026-03-31 00:00:00,603501,603501,关于2025年度利润分配预案的公告,关于2025年度利润分配预案的公告,ok
cninfo_disclosure,http://www.cninfo.com.cn/new/disclosure/detail?stockCode=603501&announcementId=1225054969&orgId=9900030772&announcementTime=2026-03-31 00:00:00,2026-03-31 00:00:00,603501,603501,关于续聘会计师事务所的公告,关于续聘会计师事务所的公告,ok
cninfo_disclosure,http://www.cninfo.com.cn/new/disclosure/detail?stockCode=603501&announcementId=1225021557&orgId=9900030772&announcementTime=2026-03-21 00:00:00,2026-03-21 00:00:00,603501,603501,关于增资荣芯半导体（宁波）有限公司暨关联交易的公告,关于增资荣芯半导体（宁波）有限公司暨关联交易的公告,ok
cninfo_disclosure,http://www.cninfo.com.cn/new/disclosure/detail?stockCode=603501&announcementId=1225016013&orgId=9900030772&announcementTime=2026-03-19 00:00:00,2026-03-19 00:00:00,603501,603501,H股公告-董事会召开日期,H股公告-董事会召开日期,ok
cninfo_disclosure,http://www.cninfo.com.cn/new/disclosure/detail?stockCode=603501&announcementId=1224999553&orgId=9900030772&announcementTime=2026-03-07 00:00:00,2026-03-07 00:00:00,603501,603501,豪威集成电路（集团）股份有限公司董事、高级管理人员离职管理制度,豪威集成电路（集团）股份有限公司董事、高级管理人员离职管理制度,ok
cninfo_disclosure,http://www.cninfo.com.cn/new/disclosure/detail?stockCode=603501&announcementId=1224999543&orgId=9900030772&announcementTime=2026-03-07 00:00:00,2026-03-07 00:00:00,603501,603501,第七届董事会第十一次会议决议公告,第七届董事会第十一次会议决议公告,ok
cninfo_disclosure,http://www.cninfo.com.cn/new/disclosure/detail?stockCode=603501&announcementId=1224999542&orgId=9900030772&announcementTime=2026-03-07 00:00:00,2026-03-07 00:00:00,603501,603501,关于变更注册资本修订公司章程及制定内部治理制度的公告,关于变更注册资本修订公司章程及制定内部治理制度的公告,ok
cninfo_disclosure,http://www.cninfo.com.cn/new/disclosure/detail?stockCode=603501&announcementId=1224999532&orgId=9900030772&announcementTime=2026-03-07 00:00:00,2026-03-07 00:00:00,603501,603501,关于统一采用中国企业会计准则编制财务报告的公告,关于统一采用中国企业会计准则编制财务报告的公告,ok
cninfo_disclosure,http://www.cninfo.com.cn/new/disclosure/detail?stockCode=603501&announcementId=1224999528&orgId=9900030772&announcementTime=2026-03-07 00:00:00,2026-03-07 00:00:00,603501,603501,公司章程（2026年3月修订）,公司章程（2026年3月修订）,ok
cninfo_disclosure,http://www.cninfo.com.cn/new/disclosure/detail?stockCode=603501&announcementId=1224999525&orgId=9900030772&announcementTime=2026-03-07 00:00:00,2026-03-07 00:00:00,603501,603501,豪威集成电路（集团）股份有限公司董事、高级管理人员薪酬管理制度,豪威集成电路（集团）股份有限公司董事、高级管理人员薪酬管理制度,ok
cninfo_disclosure,http://www.cninfo.com.cn/new/disclosure/detail?stockCode=603501&announcementId=1224999522&orgId=9900030772&announcementTime=2026-03-07 00:00:00,2026-03-07 00:00:00,603501,603501,关于董事、高级管理人员离任暨补选董事的公告,关于董事、高级管理人员离任暨补选董事的公告,ok
cninfo_disclosure,http://www.cninfo.com.cn/new/disclosure/detail?stockCode=603501&announcementId=1224986916&orgId=9900030772&announcementTime=2026-02-28 00:00:00,2026-02-28 00:00:00,603501,603501,关于2022年员工持股计划的进展公告,关于2022年员工持股计划的进展公告,ok
cninfo_disclosure,http://www.cninfo.com.cn/new/disclosure/detail?stockCode=603501&announcementId=1224977520&orgId=9900030772&announcementTime=2026-02-12 00:00:00,2026-02-12 00:00:00,603501,603501,关于可转换公司债券转股价格调整暨转股停牌的公告,关于可转换公司债券转股价格调整暨转股停牌的公告,ok
cninfo_disclosure,http://www.cninfo.com.cn/new/disclosure/detail?stockCode=603501&announcementId=1224971819&orgId=9900030772&announcementTime=2026-02-07 00:00:00,2026-02-07 00:00:00,603501,603501,关于部分行使超额配售权、稳定价格行动及稳定价格期结束的公告,关于部分行使超额配售权、稳定价格行动及稳定价格期结束的公告,ok
eastmoney_stock_news,http://finance.eastmoney.com/a/202605253748209673.html,2026-05-25 16:44:00,688981,688981,A股，两大板块掀涨停潮！688347、688981，双双新高,两市板块现明显分化，石油、汽车、医药等板块走低；半导体板块爆发，华虹公司（688347）午后涨停，股价突破200元大关，创历史新高；兆易创新尾盘一度触及涨停亦创新高；中芯国际（688981）盘中一度触及涨停，全日成交372.5亿元，位居A股成交额首位。,ok
eastmoney_stock_news,http://finance.eastmoney.com/a/202605263748592631.html,2026-05-26 07:03:00,688981,688981,上证早知道｜300054 半导体抛光液获突破性进展；688981 机构大买6.81亿元；300851披露重组预案 今日复牌,资金观潮 ○机构席位净买入中芯国际 5月25日交易公开信息显示，中芯国际（688981）获机构席位净买入6.81亿元，占总成交额比例1.83%。 光大证券研报表示，AI虹吸效应带来专用存储和消费电子等产能回流中国。,ok
eastmoney_stock_news,http://finance.eastmoney.com/a/202605153738233271.html,2026-05-15 08:58:59,688981,688981,中芯国际688981.SH)：2026年一季报净利润为13.61亿元,2026年5月15日，中芯国际688981.SH)发布2026年一季报。 公司营业总收入为176.17亿元。归母净利润为13.61亿元。经营活动现金净流入为51.32亿元。,ok
eastmoney_stock_news,http://finance.eastmoney.com/a/202605153738813634.html,2026-05-15 14:05:12,688981,688981,中芯国际688981.SH)：2026年一季报净利润为13.61亿元、同比较去年同期上涨0.36%,2026年5月15日，中芯国际688981.SH)发布2026年一季报。 公司营业总收入为176.17亿元，在已披露的同业公司中排名第1，较去年同报告期营业总收入增加13.16亿元，实现3年连续上涨，同比较去年同期上涨8.07%。,ok
eastmoney_stock_news,http://finance.eastmoney.com/a/202604303726750087.html,2026-04-30 21:56:00,688981,688981,688981，收购芯片资产，即将上会！铜箔龙头，一周暴涨超66%,中芯国际（688981）：上交所并购重组审核委员会定于5月11日召开审议会议审议公司发行股份购买资产暨关联交易事项。公司此前公告拟收购中芯北方49%股权。 信科移动：拟定增募资不超过70亿元，用于6G研发项目等。,ok
eastmoney_stock_news,http://finance.eastmoney.com/a/202606103767001220.html,2026-06-10 21:44:00,688981,688981,科创板股今日大宗交易成交明细,151.47 -20.56 1378.38 688097 博众精工 1 18.55 59.30 -10.02 1100.00 688041 海光信息 2 1.84 284.80 0.00 524.04 688073 毕得医药 2 13.00 36.72 -19.39 477.36 688981,ok
cninfo_disclosure,http://www.cninfo.com.cn/new/disclosure/detail?stockCode=688981&announcementId=1225352245&orgId=gshk0000981&announcementTime=2026-06-05 00:00:00,2026-06-05 00:00:00,688981,688981,港股公告：翌日披露报表,港股公告：翌日披露报表,ok
cninfo_disclosure,http://www.cninfo.com.cn/new/disclosure/detail?stockCode=688981&announcementId=1225349284&orgId=gshk0000981&announcementTime=2026-06-04 00:00:00,2026-06-04 00:00:00,688981,688981,中芯国际关于召开2026年度股东会的通知,中芯国际关于召开2026年度股东会的通知,ok
cninfo_disclosure,http://www.cninfo.com.cn/new/disclosure/detail?stockCode=688981&announcementId=1225349278&orgId=gshk0000981&announcementTime=2026-06-04 00:00:00,2026-06-04 00:00:00,688981,688981,港股公告：暂停办理股份过户登记,港股公告：暂停办理股份过户登记,ok
cninfo_disclosure,http://www.cninfo.com.cn/new/disclosure/detail?stockCode=688981&announcementId=1225349272&orgId=gshk0000981&announcementTime=2026-06-04 00:00:00,2026-06-04 00:00:00,688981,688981,中芯国际2026年度股东会会议资料,中芯国际2026年度股东会会议资料,ok
cninfo_disclosure,http://www.cninfo.com.cn/new/disclosure/detail?stockCode=688981&announcementId=1225346264&orgId=gshk0000981&announcementTime=2026-06-03 00:00:00,2026-06-03 00:00:00,688981,688981,港股公告：证券变动月报表,港股公告：证券变动月报表,ok
cninfo_disclosure,http://www.cninfo.com.cn/new/disclosure/detail?stockCode=688981&announcementId=1225324587&orgId=gshk0000981&announcementTime=2026-05-22 00:00:00,2026-05-22 00:00:00,688981,688981,国泰海通证券股份有限公司关于中芯国际集成电路制造有限公司发行股份购买资产暨关联交易报告书之独立财务顾问报告,国泰海通证券股份有限公司关于中芯国际集成电路制造有限公司发行股份购买资产暨关联交易报告书之独立财务顾问报告,ok
cninfo_disclosure,http://www.cninfo.com.cn/new/disclosure/detail?stockCode=688981&announcementId=1225324586&orgId=gshk0000981&announcementTime=2026-05-22 00:00:00,2026-05-22 00:00:00,688981,688981,中芯国际集成电路制造有限公司发行股份购买资产暨关联交易报告书（摘要）,中芯国际集成电路制造有限公司发行股份购买资产暨关联交易报告书（摘要）,ok
cninfo_disclosure,http://www.cninfo.com.cn/new/disclosure/detail?stockCode=688981&announcementId=1225324585&orgId=gshk0000981&announcementTime=2026-05-22 00:00:00,2026-05-22 00:00:00,688981,688981,中芯国际集成电路制造有限公司关于发行股份购买资产暨关联交易报告书修订说明的公告,中芯国际集成电路制造有限公司关于发行股份购买资产暨关联交易报告书修订说明的公告,ok
cninfo_disclosure,http://www.cninfo.com.cn/new/disclosure/detail?stockCode=688981&announcementId=1225324584&orgId=gshk0000981&announcementTime=2026-05-22 00:00:00,2026-05-22 00:00:00,688981,688981,中芯国际集成电路制造有限公司发行股份购买资产暨关联交易报告书,中芯国际集成电路制造有限公司发行股份购买资产暨关联交易报告书,ok
cninfo_disclosure,http://www.cninfo.com.cn/new/disclosure/detail?stockCode=688981&announcementId=1225324583&orgId=gshk0000981&announcementTime=2026-05-22 00:00:00,2026-05-22 00:00:00,688981,688981,中芯国际集成电路制造有限公司关于发行股份购买资产暨关联交易事项获得中国证券监督管理委员会同意注册批复的公告,中芯国际集成电路制造有限公司关于发行股份购买资产暨关联交易事项获得中国证券监督管理委员会同意注册批复的公告,ok
cninfo_disclosure,http://www.cninfo.com.cn/new/disclosure/detail?stockCode=688981&announcementId=1225307110&orgId=gshk0000981&announcementTime=2026-05-15 00:00:00,2026-05-15 00:00:00,688981,688981,港股公告：中芯国际截至2026年3月31日止三个月未经审核业绩公布,港股公告：中芯国际截至2026年3月31日止三个月未经审核业绩公布,ok
cninfo_disclosure,http://www.cninfo.com.cn/new/disclosure/detail?stockCode=688981&announcementId=1225307108&orgId=gshk0000981&announcementTime=2026-05-15 00:00:00,2026-05-15 00:00:00,688981,688981,中芯国际关于修订公司组织章程细则的公告,中芯国际关于修订公司组织章程细则的公告,ok
cninfo_disclosure,http://www.cninfo.com.cn/new/disclosure/detail?stockCode=688981&announcementId=1225307107&orgId=gshk0000981&announcementTime=2026-05-15 00:00:00,2026-05-15 00:00:00,688981,688981,中芯国际关于开展套期保值业务的可行性报告,中芯国际关于开展套期保值业务的可行性报告,ok
cninfo_disclosure,http://www.cninfo.com.cn/new/disclosure/detail?stockCode=688981&announcementId=1225307103&orgId=gshk0000981&announcementTime=2026-05-15 00:00:00,2026-05-15 00:00:00,688981,688981,中芯国际关于2026年度开展套期保值业务的公告,中芯国际关于2026年度开展套期保值业务的公告,ok
cninfo_disclosure,http://www.cninfo.com.cn/new/disclosure/detail?stockCode=688981&announcementId=1225307101&orgId=gshk0000981&announcementTime=2026-05-15 00:00:00,2026-05-15 00:00:00,688981,688981,中芯国际2026年第一季度报告,中芯国际2026年第一季度报告,ok
cninfo_disclosure,http://www.cninfo.com.cn/new/disclosure/detail?stockCode=688981&announcementId=1225307098&orgId=gshk0000981&announcementTime=2026-05-15 00:00:00,2026-05-15 00:00:00,688981,688981,中芯国际关于续聘2026年度会计师事务所的公告,中芯国际关于续聘2026年度会计师事务所的公告,ok
cninfo_disclosure,http://www.cninfo.com.cn/new/disclosure/detail?stockCode=688981&announcementId=1225307089&orgId=gshk0000981&announcementTime=2026-05-15 00:00:00,2026-05-15 00:00:00,688981,688981,中芯国际关于董事重选的公告,中芯国际关于董事重选的公告,ok
cninfo_disclosure,http://www.cninfo.com.cn/new/disclosure/detail?stockCode=688981&announcementId=1225300708&orgId=gshk0000981&announcementTime=2026-05-13 00:00:00,2026-05-13 00:00:00,688981,688981,国泰海通证券股份有限公司关于中芯国际集成电路制造有限公司发行股份购买资产暨关联交易之独立财务顾问报告（注册稿）,国泰海通证券股份有限公司关于中芯国际集成电路制造有限公司发行股份购买资产暨关联交易之独立财务顾问报告（注册稿）,ok
cninfo_disclosure,http://www.cninfo.com.cn/new/disclosure/detail?stockCode=688981&announcementId=1225300706&orgId=gshk0000981&announcementTime=2026-05-13 00:00:00,2026-05-13 00:00:00,688981,688981,中芯国际集成电路制造有限公司关于发行股份购买资产暨关联交易报告书修订说明的公告,中芯国际集成电路制造有限公司关于发行股份购买资产暨关联交易报告书修订说明的公告,ok
cninfo_disclosure,http://www.cninfo.com.cn/new/disclosure/detail?stockCode=688981&announcementId=1225300705&orgId=gshk0000981&announcementTime=2026-05-13 00:00:00,2026-05-13 00:00:00,688981,688981,中芯国际集成电路制造有限公司发行股份购买资产暨关联交易报告书（摘要）（注册稿）,中芯国际集成电路制造有限公司发行股份购买资产暨关联交易报告书（摘要）（注册稿）,ok
cninfo_disclosure,http://www.cninfo.com.cn/new/disclosure/detail?stockCode=688981&announcementId=1225300694&orgId=gshk0000981&announcementTime=2026-05-13 00:00:00,2026-05-13 00:00:00,688981,688981,中芯国际集成电路制造有限公司发行股份购买资产暨关联交易报告书（注册稿）,中芯国际集成电路制造有限公司发行股份购买资产暨关联交易报告书（注册稿）,ok
cninfo_disclosure,http://www.cninfo.com.cn/new/disclosure/detail?stockCode=688981&announcementId=1225292899&orgId=gshk0000981&announcementTime=2026-05-12 00:00:00,2026-05-12 00:00:00,688981,688981,中芯国际关于发行股份购买资产暨关联交易事项获得上海证券交易所并购重组审核委员会审议通过的公告,中芯国际关于发行股份购买资产暨关联交易事项获得上海证券交易所并购重组审核委员会审议通过的公告,ok
cninfo_disclosure,http://www.cninfo.com.cn/new/disclosure/detail?stockCode=688981&announcementId=1225279756&orgId=gshk0000981&announcementTime=2026-05-07 00:00:00,2026-05-07 00:00:00,688981,688981,港股公告：证券变动月报表,港股公告：证券变动月报表,ok
cninfo_disclosure,http://www.cninfo.com.cn/new/disclosure/detail?stockCode=688981&announcementId=1225273895&orgId=gshk0000981&announcementTime=2026-05-01 00:00:00,2026-05-01 00:00:00,688981,688981,中芯国际关于召开2026年第一季度业绩说明会的预告公告,中芯国际关于召开2026年第一季度业绩说明会的预告公告,ok
cninfo_disclosure,http://www.cninfo.com.cn/new/disclosure/detail?stockCode=688981&announcementId=1225273892&orgId=gshk0000981&announcementTime=2026-05-01 00:00:00,2026-05-01 00:00:00,688981,688981,中芯国际关于上海证券交易所科创板并购重组委员会审核公司发行股份购买资产暨关联交易事项会议安排的公告,中芯国际关于上海证券交易所科创板并购重组委员会审核公司发行股份购买资产暨关联交易事项会议安排的公告,ok
cninfo_disclosure,http://www.cninfo.com.cn/new/disclosure/detail?stockCode=688981&announcementId=1225272563&orgId=gshk0000981&announcementTime=2026-05-01 00:00:00,2026-05-01 00:00:00,688981,688981,港股公告：董事会会议日期通知,港股公告：董事会会议日期通知,ok
cninfo_disclosure,http://www.cninfo.com.cn/new/disclosure/detail?stockCode=688981&announcementId=1225265847&orgId=gshk0000981&announcementTime=2026-04-30 00:00:00,2026-04-30 00:00:00,688981,688981,中芯国际集成电路制造有限公司发行股份购买资产暨关联交易报告书（上会稿）,中芯国际集成电路制造有限公司发行股份购买资产暨关联交易报告书（上会稿）,ok
cninfo_disclosure,http://www.cninfo.com.cn/new/disclosure/detail?stockCode=688981&announcementId=1225265804&orgId=gshk0000981&announcementTime=2026-04-30 00:00:00,2026-04-30 00:00:00,688981,688981,中芯国际集成电路制造有限公司发行股份购买资产暨关联交易报告书摘要（上会稿）,中芯国际集成电路制造有限公司发行股份购买资产暨关联交易报告书摘要（上会稿）,ok
cninfo_disclosure,http://www.cninfo.com.cn/new/disclosure/detail?stockCode=688981&announcementId=1225265760&orgId=gshk0000981&announcementTime=2026-04-30 00:00:00,2026-04-30 00:00:00,688981,688981,中芯国际集成电路制造有限公司关于收到上海证券交易所审核中心意见落实函的公告,中芯国际集成电路制造有限公司关于收到上海证券交易所审核中心意见落实函的公告,ok
cninfo_disclosure,http://www.cninfo.com.cn/new/disclosure/detail?stockCode=688981&announcementId=1225265746&orgId=gshk0000981&announcementTime=2026-04-30 00:00:00,2026-04-30 00:00:00,688981,688981,中芯国际集成电路制造有限公司关于发行股份购买资产暨关联交易报告书（上会稿）修订说明的公告,中芯国际集成电路制造有限公司关于发行股份购买资产暨关联交易报告书（上会稿）修订说明的公告,ok
cninfo_disclosure,http://www.cninfo.com.cn/new/disclosure/detail?stockCode=688981&announcementId=1225265736&orgId=gshk0000981&announcementTime=2026-04-30 00:00:00,2026-04-30 00:00:00,688981,688981,国泰海通证券股份有限公司关于中芯国际集成电路制造有限公司发行股份购买资产暨关联交易报告书之独立财务顾问报告（上会稿）,国泰海通证券股份有限公司关于中芯国际集成电路制造有限公司发行股份购买资产暨关联交易报告书之独立财务顾问报告（上会稿）,ok
cninfo_disclosure,http://www.cninfo.com.cn/new/disclosure/detail?stockCode=688981&announcementId=1225088840&orgId=gshk0000981&announcementTime=2026-04-10 00:00:00,2026-04-10 00:00:00,688981,688981,港股公告：翌日披露报表,港股公告：翌日披露报表,ok
cninfo_disclosure,http://www.cninfo.com.cn/new/disclosure/detail?stockCode=688981&announcementId=1225086665&orgId=gshk0000981&announcementTime=2026-04-09 00:00:00,2026-04-09 00:00:00,688981,688981,中芯国际集成电路制造有限公司发行股份购买资产暨关联交易报告书（修订稿）,中芯国际集成电路制造有限公司发行股份购买资产暨关联交易报告书（修订稿）,ok
cninfo_disclosure,http://www.cninfo.com.cn/new/disclosure/detail?stockCode=688981&announcementId=1225086664&orgId=gshk0000981&announcementTime=2026-04-09 00:00:00,2026-04-09 00:00:00,688981,688981,中芯国际关于发行股份购买资产暨关联交易的审核问询函回复的提示性公告,中芯国际关于发行股份购买资产暨关联交易的审核问询函回复的提示性公告,ok
cninfo_disclosure,http://www.cninfo.com.cn/new/disclosure/detail?stockCode=688981&announcementId=1225086663&orgId=gshk0000981&announcementTime=2026-04-09 00:00:00,2026-04-09 00:00:00,688981,688981,国泰海通证券股份有限公司关于中芯国际集成电路制造有限公司发行股份购买资产暨关联交易申请的审核问询函回复之核查意见,国泰海通证券股份有限公司关于中芯国际集成电路制造有限公司发行股份购买资产暨关联交易申请的审核问询函回复之核查意见,ok
cninfo_disclosure,http://www.cninfo.com.cn/new/disclosure/detail?stockCode=688981&announcementId=1225086662&orgId=gshk0000981&announcementTime=2026-04-09 00:00:00,2026-04-09 00:00:00,688981,688981,中芯国际集成电路制造有限公司发行股份购买资产暨关联交易报告书（摘要）（修订稿）,中芯国际集成电路制造有限公司发行股份购买资产暨关联交易报告书（摘要）（修订稿）,ok
cninfo_disclosure,http://www.cninfo.com.cn/new/disclosure/detail?stockCode=688981&announcementId=1225086661&orgId=gshk0000981&announcementTime=2026-04-09 00:00:00,2026-04-09 00:00:00,688981,688981,上海市锦天城律师事务所关于中芯国际集成电路制造有限公司发行股份购买资产暨关联交易之补充法律意见书（二）,上海市锦天城律师事务所关于中芯国际集成电路制造有限公司发行股份购买资产暨关联交易之补充法律意见书（二）,ok
cninfo_disclosure,http://www.cninfo.com.cn/new/disclosure/detail?stockCode=688981&announcementId=1225086660&orgId=gshk0000981&announcementTime=2026-04-09 00:00:00,2026-04-09 00:00:00,688981,688981,国泰海通证券股份有限公司关于中芯国际集成电路制造有限公司发行股份购买资产暨关联交易之独立财务顾问报告（修订稿）,国泰海通证券股份有限公司关于中芯国际集成电路制造有限公司发行股份购买资产暨关联交易之独立财务顾问报告（修订稿）,ok
cninfo_disclosure,http://www.cninfo.com.cn/new/disclosure/detail?stockCode=688981&announcementId=1225086659&orgId=gshk0000981&announcementTime=2026-04-09 00:00:00,2026-04-09 00:00:00,688981,688981,上海东洲资产评估有限公司关于中芯国际集成电路制造有限公司发行股份购买资产暨关联交易申请的审核问询函中资产评估相关问题回复核查意见,上海东洲资产评估有限公司关于中芯国际集成电路制造有限公司发行股份购买资产暨关联交易申请的审核问询函中资产评估相关问题回复核查意见,ok
cninfo_disclosure,http://www.cninfo.com.cn/new/disclosure/detail?stockCode=688981&announcementId=1225086658&orgId=gshk0000981&announcementTime=2026-04-09 00:00:00,2026-04-09 00:00:00,688981,688981,中芯国际关于发行股份购买资产暨关联交易报告书（修订稿）修订说明的公告,中芯国际关于发行股份购买资产暨关联交易报告书（修订稿）修订说明的公告,ok
cninfo_disclosure,http://www.cninfo.com.cn/new/disclosure/detail?stockCode=688981&announcementId=1225086657&orgId=gshk0000981&announcementTime=2026-04-09 00:00:00,2026-04-09 00:00:00,688981,688981,安永华明会计师事务所（特殊普通合伙）关于中芯国际集成电路制造有限公司发行股份购买资产暨关联交易申请的审核问询函中相关财务问题的专项核查意见,安永华明会计师事务所（特殊普通合伙）关于中芯国际集成电路制造有限公司发行股份购买资产暨关联交易申请的审核问询函中相关财务问题的专项核查意见,ok
cninfo_disclosure,http://www.cninfo.com.cn/new/disclosure/detail?stockCode=688981&announcementId=1225086656&orgId=gshk0000981&announcementTime=2026-04-09 00:00:00,2026-04-09 00:00:00,688981,688981,中芯国际集成电路制造有限公司关于发行股份购买资产暨关联交易申请的审核问询函回复,中芯国际集成电路制造有限公司关于发行股份购买资产暨关联交易申请的审核问询函回复,ok
cninfo_disclosure,http://www.cninfo.com.cn/new/disclosure/detail?stockCode=688981&announcementId=1225085626&orgId=gshk0000981&announcementTime=2026-04-09 00:00:00,2026-04-09 00:00:00,688981,688981,港股公告：翌日披露报表,港股公告：翌日披露报表,ok
cninfo_disclosure,http://www.cninfo.com.cn/new/disclosure/detail?stockCode=688981&announcementId=1225084819&orgId=gshk0000981&announcementTime=2026-04-09 00:00:00,2026-04-09 00:00:00,688981,688981,港股公告：2025年年报,港股公告：2025年年报,ok
cninfo_disclosure,http://www.cninfo.com.cn/new/disclosure/detail?stockCode=688981&announcementId=1225076890&orgId=gshk0000981&announcementTime=2026-04-03 00:00:00,2026-04-03 00:00:00,688981,688981,港股公告：证券变动月报表,港股公告：证券变动月报表,ok
cninfo_disclosure,http://www.cninfo.com.cn/new/disclosure/detail?stockCode=688981&announcementId=1225072811&orgId=gshk0000981&announcementTime=2026-04-02 00:00:00,2026-04-02 00:00:00,688981,688981,港股公告：授出限制性股票单位,港股公告：授出限制性股票单位,ok
cninfo_disclosure,http://www.cninfo.com.cn/new/disclosure/detail?stockCode=688981&announcementId=1225037117&orgId=gshk0000981&announcementTime=2026-03-27 00:00:00,2026-03-27 00:00:00,688981,688981,董事会审计委员会2025年度履职情况报告,董事会审计委员会2025年度履职情况报告,ok
cninfo_disclosure,http://www.cninfo.com.cn/new/disclosure/detail?stockCode=688981&announcementId=1225037116&orgId=gshk0000981&announcementTime=2026-03-27 00:00:00,2026-03-27 00:00:00,688981,688981,中芯国际2025年年度报告摘要,中芯国际2025年年度报告摘要,ok
cninfo_disclosure,http://www.cninfo.com.cn/new/disclosure/detail?stockCode=688981&announcementId=1225037115&orgId=gshk0000981&announcementTime=2026-03-27 00:00:00,2026-03-27 00:00:00,688981,688981,港股公告：2025年年度业绩公告,港股公告：2025年年度业绩公告,ok
cninfo_disclosure,http://www.cninfo.com.cn/new/disclosure/detail?stockCode=688981&announcementId=1225037110&orgId=gshk0000981&announcementTime=2026-03-27 00:00:00,2026-03-27 00:00:00,688981,688981,中芯国际2025年度内部控制评价报告,中芯国际2025年度内部控制评价报告,ok
cninfo_disclosure,http://www.cninfo.com.cn/new/disclosure/detail?stockCode=688981&announcementId=1225037100&orgId=gshk0000981&announcementTime=2026-03-27 00:00:00,2026-03-27 00:00:00,688981,688981,中芯国际2025年度审计报告,中芯国际2025年度审计报告,ok
cninfo_disclosure,http://www.cninfo.com.cn/new/disclosure/detail?stockCode=688981&announcementId=1225037098&orgId=gshk0000981&announcementTime=2026-03-27 00:00:00,2026-03-27 00:00:00,688981,688981,中芯国际2025年度环境、社会及管治（ESG）报告摘要,中芯国际2025年度环境、社会及管治（ESG）报告摘要,ok
cninfo_disclosure,http://www.cninfo.com.cn/new/disclosure/detail?stockCode=688981&announcementId=1225037075&orgId=gshk0000981&announcementTime=2026-03-27 00:00:00,2026-03-27 00:00:00,688981,688981,中芯国际关于会计师事务所2025年度履职情况的评估报告,中芯国际关于会计师事务所2025年度履职情况的评估报告,ok
cninfo_disclosure,http://www.cninfo.com.cn/new/disclosure/detail?stockCode=688981&announcementId=1225037068&orgId=gshk0000981&announcementTime=2026-03-27 00:00:00,2026-03-27 00:00:00,688981,688981,中芯国际2025年度环境、社会及管治（ESG）报告,中芯国际2025年度环境、社会及管治（ESG）报告,ok
cninfo_disclosure,http://www.cninfo.com.cn/new/disclosure/detail?stockCode=688981&announcementId=1225037065&orgId=gshk0000981&announcementTime=2026-03-27 00:00:00,2026-03-27 00:00:00,688981,688981,中芯国际2026年度“提质增效重回报”行动方案,中芯国际2026年度“提质增效重回报”行动方案,ok
cninfo_disclosure,http://www.cninfo.com.cn/new/disclosure/detail?stockCode=688981&announcementId=1225037057&orgId=gshk0000981&announcementTime=2026-03-27 00:00:00,2026-03-27 00:00:00,688981,688981,中芯国际2025年年度报告,中芯国际2025年年度报告,ok
cninfo_disclosure,http://www.cninfo.com.cn/new/disclosure/detail?stockCode=688981&announcementId=1225037055&orgId=gshk0000981&announcementTime=2026-03-27 00:00:00,2026-03-27 00:00:00,688981,688981,中芯国际关于2026年度为子公司提供担保额度预计的公告,中芯国际关于2026年度为子公司提供担保额度预计的公告,ok
cninfo_disclosure,http://www.cninfo.com.cn/new/disclosure/detail?stockCode=688981&announcementId=1225037051&orgId=gshk0000981&announcementTime=2026-03-27 00:00:00,2026-03-27 00:00:00,688981,688981,中芯国际2025年度非经营性资金占用及其他关联资金往来情况的专项说明,中芯国际2025年度非经营性资金占用及其他关联资金往来情况的专项说明,ok
cninfo_disclosure,http://www.cninfo.com.cn/new/disclosure/detail?stockCode=688981&announcementId=1225037042&orgId=gshk0000981&announcementTime=2026-03-27 00:00:00,2026-03-27 00:00:00,688981,688981,中芯国际关于2025年度利润分配方案的公告,中芯国际关于2025年度利润分配方案的公告,ok
cninfo_disclosure,http://www.cninfo.com.cn/new/disclosure/detail?stockCode=688981&announcementId=1225037040&orgId=gshk0000981&announcementTime=2026-03-27 00:00:00,2026-03-27 00:00:00,688981,688981,中芯国际2025年度内部控制审计报告,中芯国际2025年度内部控制审计报告,ok
cninfo_disclosure,http://www.cninfo.com.cn/new/disclosure/detail?stockCode=688981&announcementId=1225011689&orgId=gshk0000981&announcementTime=2026-03-17 00:00:00,2026-03-17 00:00:00,688981,688981,港股公告：董事会批准发布2025年度业绩通知,港股公告：董事会批准发布2025年度业绩通知,ok
cninfo_disclosure,http://www.cninfo.com.cn/new/disclosure/detail?stockCode=688981&announcementId=1225003790&orgId=gshk0000981&announcementTime=2026-03-11 00:00:00,2026-03-11 00:00:00,688981,688981,港股公告：翌日披露报表,港股公告：翌日披露报表,ok
cninfo_disclosure,http://www.cninfo.com.cn/new/disclosure/detail?stockCode=688981&announcementId=1224999549&orgId=gshk0000981&announcementTime=2026-03-07 00:00:00,2026-03-07 00:00:00,688981,688981,港股公告：翌日披露报表,港股公告：翌日披露报表,ok
cninfo_disclosure,http://www.cninfo.com.cn/new/disclosure/detail?stockCode=688981&announcementId=1224994757&orgId=gshk0000981&announcementTime=2026-03-04 00:00:00,2026-03-04 00:00:00,688981,688981,港股公告：证券变动月报表,港股公告：证券变动月报表,ok
cninfo_disclosure,http://www.cninfo.com.cn/new/disclosure/detail?stockCode=688981&announcementId=1224994742&orgId=gshk0000981&announcementTime=2026-03-04 00:00:00,2026-03-04 00:00:00,688981,688981,港股公告：翌日披露报表,港股公告：翌日披露报表,ok
cninfo_disclosure,http://www.cninfo.com.cn/new/disclosure/detail?stockCode=688981&announcementId=1224984510&orgId=gshk0000981&announcementTime=2026-02-26 00:00:00,2026-02-26 00:00:00,688981,688981,中芯国际关于发行股份购买资产暨关联交易的申请文件获得上海证券交易所受理的公告,中芯国际关于发行股份购买资产暨关联交易的申请文件获得上海证券交易所受理的公告,ok
cninfo_disclosure,http://www.cninfo.com.cn/new/disclosure/detail?stockCode=688981&announcementId=1224981875&orgId=gshk0000981&announcementTime=2026-02-14 00:00:00,2026-02-14 00:00:00,688981,688981,港股公告：翌日披露报表,港股公告：翌日披露报表,ok
cninfo_disclosure,http://www.cninfo.com.cn/new/disclosure/detail?stockCode=688981&announcementId=1224980283&orgId=gshk0000981&announcementTime=2026-02-13 00:00:00,2026-02-13 00:00:00,688981,688981,中芯国际2026年第一次临时股东大会决议公告,中芯国际2026年第一次临时股东大会决议公告,ok
cninfo_disclosure,http://www.cninfo.com.cn/new/disclosure/detail?stockCode=688981&announcementId=1224980282&orgId=gshk0000981&announcementTime=2026-02-13 00:00:00,2026-02-13 00:00:00,688981,688981,上海市锦天城律师事务所关于2026年第一次临时股东大会的法律意见书,上海市锦天城律师事务所关于2026年第一次临时股东大会的法律意见书,ok
cninfo_disclosure,http://www.cninfo.com.cn/new/disclosure/detail?stockCode=688981&announcementId=1224974869&orgId=gshk0000981&announcementTime=2026-02-11 00:00:00,2026-02-11 00:00:00,688981,688981,中芯国际2025年第四季度业绩快报公告,中芯国际2025年第四季度业绩快报公告,ok
cninfo_disclosure,http://www.cninfo.com.cn/new/disclosure/detail?stockCode=688981&announcementId=1224974867&orgId=gshk0000981&announcementTime=2026-02-11 00:00:00,2026-02-11 00:00:00,688981,688981,上海市锦天城律师事务所关于中芯国际集成电路制造有限公司本次交易相关内幕信息知情人买卖股票情况的自查报告的核查意见,上海市锦天城律师事务所关于中芯国际集成电路制造有限公司本次交易相关内幕信息知情人买卖股票情况的自查报告的核查意见,ok
cninfo_disclosure,http://www.cninfo.com.cn/new/disclosure/detail?stockCode=688981&announcementId=1224974860&orgId=gshk0000981&announcementTime=2026-02-11 00:00:00,2026-02-11 00:00:00,688981,688981,国泰海通证券股份有限公司关于中芯国际集成电路制造有限公司本次交易相关内幕信息知情人买卖股票情况的自查报告的核查意见,国泰海通证券股份有限公司关于中芯国际集成电路制造有限公司本次交易相关内幕信息知情人买卖股票情况的自查报告的核查意见,ok
cninfo_disclosure,http://www.cninfo.com.cn/new/disclosure/detail?stockCode=688981&announcementId=1224974859&orgId=gshk0000981&announcementTime=2026-02-11 00:00:00,2026-02-11 00:00:00,688981,688981,港股公告：中芯国际截至2025年12月31日止三个月未经审核业绩公布,港股公告：中芯国际截至2025年12月31日止三个月未经审核业绩公布,ok
cninfo_disclosure,http://www.cninfo.com.cn/new/disclosure/detail?stockCode=688981&announcementId=1224974858&orgId=gshk0000981&announcementTime=2026-02-11 00:00:00,2026-02-11 00:00:00,688981,688981,中芯国际集成电路制造有限公司关于本次交易相关内幕信息知情人买卖股票情况的自查报告的公告,中芯国际集成电路制造有限公司关于本次交易相关内幕信息知情人买卖股票情况的自查报告的公告,ok
cninfo_disclosure,http://www.cninfo.com.cn/new/disclosure/detail?stockCode=688981&announcementId=1224967452&orgId=gshk0000981&announcementTime=2026-02-05 00:00:00,2026-02-05 00:00:00,688981,688981,港股公告：证券变动月报表,港股公告：证券变动月报表,ok
cninfo_disclosure,http://www.cninfo.com.cn/new/disclosure/detail?stockCode=688981&announcementId=1224952958&orgId=gshk0000981&announcementTime=2026-01-28 00:00:00,2026-01-28 00:00:00,688981,688981,中芯国际2026年第一次临时股东大会会议资料,中芯国际2026年第一次临时股东大会会议资料,ok
cninfo_disclosure,http://www.cninfo.com.cn/new/disclosure/detail?stockCode=688981&announcementId=1224952956&orgId=gshk0000981&announcementTime=2026-01-28 00:00:00,2026-01-28 00:00:00,688981,688981,中芯国际关于召开2025年第四季度业绩说明会的预告公告,中芯国际关于召开2025年第四季度业绩说明会的预告公告,ok
cninfo_disclosure,http://www.cninfo.com.cn/new/disclosure/detail?stockCode=688981&announcementId=1224952945&orgId=gshk0000981&announcementTime=2026-01-28 00:00:00,2026-01-28 00:00:00,688981,688981,中芯国际关于召开2026年第一次临时股东大会的通知,中芯国际关于召开2026年第一次临时股东大会的通知,ok
cninfo_disclosure,http://www.cninfo.com.cn/new/disclosure/detail?stockCode=688981&announcementId=1224952933&orgId=gshk0000981&announcementTime=2026-01-28 00:00:00,2026-01-28 00:00:00,688981,688981,港股公告：暂停办理股份过户登记,港股公告：暂停办理股份过户登记,ok
cninfo_disclosure,http://www.cninfo.com.cn/new/disclosure/detail?stockCode=688981&announcementId=1224952931&orgId=gshk0000981&announcementTime=2026-01-28 00:00:00,2026-01-28 00:00:00,688981,688981,港股公告：董事会会议日期通知,港股公告：董事会会议日期通知,ok
eastmoney_stock_news,http://finance.eastmoney.com/a/202606053761674910.html,2026-06-05 10:58:00,002415,002415,今日盘中突破半年线个股,13.11 5.31 33.83 34.50 1.97 002354 天娱数科 9.59 4.71 6.50 6.63 1.96 002449 国星光电 1.90 3.14 8.43 8.58 1.77 300162 雷曼光电 2.51 8.73 8.86 8.99 1.47 002415,ok
eastmoney_stock_news,http://finance.eastmoney.com/a/202606093765150939.html,2026-06-09 16:36:00,002415,002415,存储芯片概念涨5.64%，主力资金净流入133股,3.29 000609 *ST中迪 -1.41 4.58 272.17 1.62 002077 大港股份 5.23 5.34 265.05 0.53 688416 恒烁股份 9.43 4.54 255.13 0.60 688729 屹唐股份 8.24 6.59 244.34 0.72 002415,ok
eastmoney_stock_news,http://finance.eastmoney.com/a/202606023757592562.html,2026-06-02 16:53:00,002415,002415,足球概念下跌2.79%，主力资金净流出28股,健盛集团 0.17 1.40 157.47 002659 凯文教育 -2.62 1.85 236.64 002899 英派斯 -4.45 2.92 401.57 300980 祥源新材 -0.18 3.04 617.36 002768 国恩股份 3.02 3.51 1160.54 002415,ok
eastmoney_stock_news,http://finance.eastmoney.com/a/202606033759061717.html,2026-06-03 16:46:00,002415,002415,计算机行业今日净流出资金38.50亿元，浪潮信息等15股净流出资金超亿元,24.48 29671.99 300017 网宿科技 1.12 7.55 15630.96 300042 朗科科技 2.72 12.49 12201.67 000066 中国长城 -0.28 5.81 10086.29 301236 软通动力 2.81 10.25 8849.49 002415,ok
eastmoney_stock_news,http://finance.eastmoney.com/a/202605283752883718.html,2026-05-28 17:47:00,002415,002415,4股今日获机构买入评级,机构今日买入型评级记录 代码 简称 机构名称 最新评级 上次评级 预测目标价（元） 最新收盘价（元） 600186 莲花控股 国盛证券 买入 未评级 10.95 002317 众生药业 华鑫证券 买入 买入 22.80 002415 海康威视 中信建投 买入 买入 30.76 002832,ok
eastmoney_stock_news,http://finance.eastmoney.com/a/202606013756128920.html,2026-06-01 17:32:00,002415,002415,计算机行业今日涨1.99%，主力资金净流入56.79亿元,同有科技 2.90 10.26 11929.89 688227 品高股份 5.37 6.56 10596.62 计算机行业资金流出榜  代码 简称 今日涨跌幅（%） 今日换手率（%） 主力资金流量（万元） 603019 中科曙光 -2.78 2.76 -25652.22 002415,ok
eastmoney_stock_news,http://finance.eastmoney.com/a/202606033759061063.html,2026-06-03 16:46:00,002415,002415,光纤概念涨3.86%，主力资金净流入64股,中广核技 10.07 5.46 10801.24 27.71 300516 久之洋 20.00 3.58 10653.07 32.34 002132 恒星科技 10.10 4.39 9845.97 31.08 688635 长进光子 10.15 40.39 9472.31 1.97 002415,ok
eastmoney_stock_news,http://finance.eastmoney.com/a/202606013756128294.html,2026-06-01 17:32:00,002415,002415,解密主力资金出逃股 连续5日净流出650股,9.81 -11.07 603501 豪威集团 5 23.25 12.83 -15.34 301396 宏景科技 6 22.62 14.77 -23.91 600030 中信证券 5 22.26 8.09 -1.99 600879 航天电子 10 21.67 8.93 -18.51 002415,ok
cninfo_disclosure,http://www.cninfo.com.cn/new/disclosure/detail?stockCode=002415&announcementId=1225337529&orgId=9900012688&announcementTime=2026-05-30 00:00:00,2026-05-30 00:00:00,002415,002415,关于为子公司提供担保的进展公告,关于为子公司提供担保的进展公告,ok
cninfo_disclosure,http://www.cninfo.com.cn/new/disclosure/detail?stockCode=002415&announcementId=1225303075&orgId=9900012688&announcementTime=2026-05-14 00:00:00,2026-05-14 00:00:00,002415,002415,2025年度权益分派实施公告,2025年度权益分派实施公告,ok
cninfo_disclosure,http://www.cninfo.com.cn/new/disclosure/detail?stockCode=002415&announcementId=1225285784&orgId=9900012688&announcementTime=2026-05-09 00:00:00,2026-05-09 00:00:00,002415,002415,国浩律师（杭州）事务所关于公司2025年度股东会之法律意见书,国浩律师（杭州）事务所关于公司2025年度股东会之法律意见书,ok
cninfo_disclosure,http://www.cninfo.com.cn/new/disclosure/detail?stockCode=002415&announcementId=1225285783&orgId=9900012688&announcementTime=2026-05-09 00:00:00,2026-05-09 00:00:00,002415,002415,2025年度股东会决议公告,2025年度股东会决议公告,ok
cninfo_disclosure,http://www.cninfo.com.cn/new/disclosure/detail?stockCode=002415&announcementId=1225184924&orgId=9900012688&announcementTime=2026-04-25 00:00:00,2026-04-25 00:00:00,002415,002415,2025年度环境、社会和公司治理（ESG）报告（英文版）,2025年度环境、社会和公司治理（ESG）报告（英文版）,ok
cninfo_disclosure,http://www.cninfo.com.cn/new/disclosure/detail?stockCode=002415&announcementId=1225184923&orgId=9900012688&announcementTime=2026-04-25 00:00:00,2026-04-25 00:00:00,002415,002415,2025年年度报告（英文版）,2025年年度报告（英文版）,ok
cninfo_disclosure,http://www.cninfo.com.cn/new/disclosure/detail?stockCode=002415&announcementId=1225123097&orgId=9900012688&announcementTime=2026-04-18 00:00:00,2026-04-18 00:00:00,002415,002415,关于拟变更会计师事务所的公告,关于拟变更会计师事务所的公告,ok
cninfo_disclosure,http://www.cninfo.com.cn/new/disclosure/detail?stockCode=002415&announcementId=1225123096&orgId=9900012688&announcementTime=2026-04-18 00:00:00,2026-04-18 00:00:00,002415,002415,2026年一季度报告（英文版）,2026年一季度报告（英文版）,ok
cninfo_disclosure,http://www.cninfo.com.cn/new/disclosure/detail?stockCode=002415&announcementId=1225123095&orgId=9900012688&announcementTime=2026-04-18 00:00:00,2026-04-18 00:00:00,002415,002415,独立董事关于公司涉及财务公司关联交易的存贷款等金融业务的专项意见,独立董事关于公司涉及财务公司关联交易的存贷款等金融业务的专项意见,ok
cninfo_disclosure,http://www.cninfo.com.cn/new/disclosure/detail?stockCode=002415&announcementId=1225123094&orgId=9900012688&announcementTime=2026-04-18 00:00:00,2026-04-18 00:00:00,002415,002415,2025年度董事会工作报告,2025年度董事会工作报告,ok
cninfo_disclosure,http://www.cninfo.com.cn/new/disclosure/detail?stockCode=002415&announcementId=1225123093&orgId=9900012688&announcementTime=2026-04-18 00:00:00,2026-04-18 00:00:00,002415,002415,关于与中国电子科技财务有限公司开展金融服务业务的风险处置预案,关于与中国电子科技财务有限公司开展金融服务业务的风险处置预案,ok
cninfo_disclosure,http://www.cninfo.com.cn/new/disclosure/detail?stockCode=002415&announcementId=1225123092&orgId=9900012688&announcementTime=2026-04-18 00:00:00,2026-04-18 00:00:00,002415,002415,2025年度独立董事述职报告（谭小芬）,2025年度独立董事述职报告（谭小芬）,ok
cninfo_disclosure,http://www.cninfo.com.cn/new/disclosure/detail?stockCode=002415&announcementId=1225123091&orgId=9900012688&announcementTime=2026-04-18 00:00:00,2026-04-18 00:00:00,002415,002415,2025年度独立董事述职报告（吴晓波）,2025年度独立董事述职报告（吴晓波）,ok
cninfo_disclosure,http://www.cninfo.com.cn/new/disclosure/detail?stockCode=002415&announcementId=1225123090&orgId=9900012688&announcementTime=2026-04-18 00:00:00,2026-04-18 00:00:00,002415,002415,2025年度独立董事述职报告（胡瑞敏）,2025年度独立董事述职报告（胡瑞敏）,ok
cninfo_disclosure,http://www.cninfo.com.cn/new/disclosure/detail?stockCode=002415&announcementId=1225123089&orgId=9900012688&announcementTime=2026-04-18 00:00:00,2026-04-18 00:00:00,002415,002415,2025年度独立董事述职报告（吕长江）,2025年度独立董事述职报告（吕长江）,ok
cninfo_disclosure,http://www.cninfo.com.cn/new/disclosure/detail?stockCode=002415&announcementId=1225123088&orgId=9900012688&announcementTime=2026-04-18 00:00:00,2026-04-18 00:00:00,002415,002415,关于举行2025年度业绩网上说明会的通知,关于举行2025年度业绩网上说明会的通知,ok
cninfo_disclosure,http://www.cninfo.com.cn/new/disclosure/detail?stockCode=002415&announcementId=1225123087&orgId=9900012688&announcementTime=2026-04-18 00:00:00,2026-04-18 00:00:00,002415,002415,2025年度环境、社会和公司治理（ESG）报告,2025年度环境、社会和公司治理（ESG）报告,ok
cninfo_disclosure,http://www.cninfo.com.cn/new/disclosure/detail?stockCode=002415&announcementId=1225123086&orgId=9900012688&announcementTime=2026-04-18 00:00:00,2026-04-18 00:00:00,002415,002415,2025年度内部控制审计报告,2025年度内部控制审计报告,ok
cninfo_disclosure,http://www.cninfo.com.cn/new/disclosure/detail?stockCode=002415&announcementId=1225123085&orgId=9900012688&announcementTime=2026-04-18 00:00:00,2026-04-18 00:00:00,002415,002415,2025年度内部控制评价报告,2025年度内部控制评价报告,ok
cninfo_disclosure,http://www.cninfo.com.cn/new/disclosure/detail?stockCode=002415&announcementId=1225123084&orgId=9900012688&announcementTime=2026-04-18 00:00:00,2026-04-18 00:00:00,002415,002415,董事、高级管理人员薪酬管理制度（2026年4月）,董事、高级管理人员薪酬管理制度（2026年4月）,ok
cninfo_disclosure,http://www.cninfo.com.cn/new/disclosure/detail?stockCode=002415&announcementId=1225123083&orgId=9900012688&announcementTime=2026-04-18 00:00:00,2026-04-18 00:00:00,002415,002415,董事、高级管理人员离职管理制度（2026年4月）,董事、高级管理人员离职管理制度（2026年4月）,ok
cninfo_disclosure,http://www.cninfo.com.cn/new/disclosure/detail?stockCode=002415&announcementId=1225123082&orgId=9900012688&announcementTime=2026-04-18 00:00:00,2026-04-18 00:00:00,002415,002415,关于与中国电子科技财务有限公司开展金融服务业务的风险评估报告,关于与中国电子科技财务有限公司开展金融服务业务的风险评估报告,ok
cninfo_disclosure,http://www.cninfo.com.cn/new/disclosure/detail?stockCode=002415&announcementId=1225123081&orgId=9900012688&announcementTime=2026-04-18 00:00:00,2026-04-18 00:00:00,002415,002415,关于与中国电子科技财务有限公司续签《金融服务协议》暨关联交易的公告,关于与中国电子科技财务有限公司续签《金融服务协议》暨关联交易的公告,ok
cninfo_disclosure,http://www.cninfo.com.cn/new/disclosure/detail?stockCode=002415&announcementId=1225123080&orgId=9900012688&announcementTime=2026-04-18 00:00:00,2026-04-18 00:00:00,002415,002415,关于2026年度日常关联交易预计的公告,关于2026年度日常关联交易预计的公告,ok
cninfo_disclosure,http://www.cninfo.com.cn/new/disclosure/detail?stockCode=002415&announcementId=1225123079&orgId=9900012688&announcementTime=2026-04-18 00:00:00,2026-04-18 00:00:00,002415,002415,关于2026年度为子公司提供担保的公告,关于2026年度为子公司提供担保的公告,ok
cninfo_disclosure,http://www.cninfo.com.cn/new/disclosure/detail?stockCode=002415&announcementId=1225123078&orgId=9900012688&announcementTime=2026-04-18 00:00:00,2026-04-18 00:00:00,002415,002415,关于2026年度为子公司提供财务资助的公告,关于2026年度为子公司提供财务资助的公告,ok
cninfo_disclosure,http://www.cninfo.com.cn/new/disclosure/detail?stockCode=002415&announcementId=1225123077&orgId=9900012688&announcementTime=2026-04-18 00:00:00,2026-04-18 00:00:00,002415,002415,关于2026年度开展外汇套期保值业务的可行性分析报告,关于2026年度开展外汇套期保值业务的可行性分析报告,ok
cninfo_disclosure,http://www.cninfo.com.cn/new/disclosure/detail?stockCode=002415&announcementId=1225123076&orgId=9900012688&announcementTime=2026-04-18 00:00:00,2026-04-18 00:00:00,002415,002415,关于2026年度开展外汇套期保值业务的公告,关于2026年度开展外汇套期保值业务的公告,ok
cninfo_disclosure,http://www.cninfo.com.cn/new/disclosure/detail?stockCode=002415&announcementId=1225123075&orgId=9900012688&announcementTime=2026-04-18 00:00:00,2026-04-18 00:00:00,002415,002415,关于召开2025年度股东会的通知,关于召开2025年度股东会的通知,ok
cninfo_disclosure,http://www.cninfo.com.cn/new/disclosure/detail?stockCode=002415&announcementId=1225123074&orgId=9900012688&announcementTime=2026-04-18 00:00:00,2026-04-18 00:00:00,002415,002415,第六届董事会第九次会议决议公告,第六届董事会第九次会议决议公告,ok
cninfo_disclosure,http://www.cninfo.com.cn/new/disclosure/detail?stockCode=002415&announcementId=1225123073&orgId=9900012688&announcementTime=2026-04-18 00:00:00,2026-04-18 00:00:00,002415,002415,关于2025年度利润分配方案及2026年中期分红授权的公告,关于2025年度利润分配方案及2026年中期分红授权的公告,ok
cninfo_disclosure,http://www.cninfo.com.cn/new/disclosure/detail?stockCode=002415&announcementId=1225123071&orgId=9900012688&announcementTime=2026-04-18 00:00:00,2026-04-18 00:00:00,002415,002415,2026年一季度报告,2026年一季度报告,ok
cninfo_disclosure,http://www.cninfo.com.cn/new/disclosure/detail?stockCode=002415&announcementId=1225123070&orgId=9900012688&announcementTime=2026-04-18 00:00:00,2026-04-18 00:00:00,002415,002415,关于公司涉及财务公司关联交易的存贷款等金融业务的专项说明,关于公司涉及财务公司关联交易的存贷款等金融业务的专项说明,ok
cninfo_disclosure,http://www.cninfo.com.cn/new/disclosure/detail?stockCode=002415&announcementId=1225123069&orgId=9900012688&announcementTime=2026-04-18 00:00:00,2026-04-18 00:00:00,002415,002415,关于与中国电子科技财务有限公司开展金融服务业务的风险持续评估报告,关于与中国电子科技财务有限公司开展金融服务业务的风险持续评估报告,ok
cninfo_disclosure,http://www.cninfo.com.cn/new/disclosure/detail?stockCode=002415&announcementId=1225123068&orgId=9900012688&announcementTime=2026-04-18 00:00:00,2026-04-18 00:00:00,002415,002415,关于会计师事务所履职情况的评估报告,关于会计师事务所履职情况的评估报告,ok
cninfo_disclosure,http://www.cninfo.com.cn/new/disclosure/detail?stockCode=002415&announcementId=1225123067&orgId=9900012688&announcementTime=2026-04-18 00:00:00,2026-04-18 00:00:00,002415,002415,审计委员会对会计师事务所履行监督职责情况的报告,审计委员会对会计师事务所履行监督职责情况的报告,ok
cninfo_disclosure,http://www.cninfo.com.cn/new/disclosure/detail?stockCode=002415&announcementId=1225123066&orgId=9900012688&announcementTime=2026-04-18 00:00:00,2026-04-18 00:00:00,002415,002415,控股股东、实际控制人及其他关联方资金占用情况的专项说明,控股股东、实际控制人及其他关联方资金占用情况的专项说明,ok
cninfo_disclosure,http://www.cninfo.com.cn/new/disclosure/detail?stockCode=002415&announcementId=1225123065&orgId=9900012688&announcementTime=2026-04-18 00:00:00,2026-04-18 00:00:00,002415,002415,2025年度非经营性资金占用及其他关联资金往来情况汇总表,2025年度非经营性资金占用及其他关联资金往来情况汇总表,ok
cninfo_disclosure,http://www.cninfo.com.cn/new/disclosure/detail?stockCode=002415&announcementId=1225123064&orgId=9900012688&announcementTime=2026-04-18 00:00:00,2026-04-18 00:00:00,002415,002415,董事会对独立董事独立性自查情况的专项报告,董事会对独立董事独立性自查情况的专项报告,ok
cninfo_disclosure,http://www.cninfo.com.cn/new/disclosure/detail?stockCode=002415&announcementId=1225123063&orgId=9900012688&announcementTime=2026-04-18 00:00:00,2026-04-18 00:00:00,002415,002415,2025年年度审计报告,2025年年度审计报告,ok
cninfo_disclosure,http://www.cninfo.com.cn/new/disclosure/detail?stockCode=002415&announcementId=1225123062&orgId=9900012688&announcementTime=2026-04-18 00:00:00,2026-04-18 00:00:00,002415,002415,2025年年度报告,2025年年度报告,ok
cninfo_disclosure,http://www.cninfo.com.cn/new/disclosure/detail?stockCode=002415&announcementId=1225123061&orgId=9900012688&announcementTime=2026-04-18 00:00:00,2026-04-18 00:00:00,002415,002415,2025年年度报告摘要,2025年年度报告摘要,ok
cninfo_disclosure,http://www.cninfo.com.cn/new/disclosure/detail?stockCode=002415&announcementId=1225039854&orgId=9900012688&announcementTime=2026-03-28 00:00:00,2026-03-28 00:00:00,002415,002415,关于为子公司提供担保的进展公告,关于为子公司提供担保的进展公告,ok
cninfo_disclosure,http://www.cninfo.com.cn/new/disclosure/detail?stockCode=002415&announcementId=1224941155&orgId=9900012688&announcementTime=2026-01-21 00:00:00,2026-01-21 00:00:00,002415,002415,关于为子公司提供担保的进展公告,关于为子公司提供担保的进展公告,ok
cninfo_disclosure,http://www.cninfo.com.cn/new/disclosure/detail?stockCode=002415&announcementId=1224941154&orgId=9900012688&announcementTime=2026-01-21 00:00:00,2026-01-21 00:00:00,002415,002415,2025年度业绩快报（英文版）,2025年度业绩快报（英文版）,ok
cninfo_disclosure,http://www.cninfo.com.cn/new/disclosure/detail?stockCode=002415&announcementId=1224941153&orgId=9900012688&announcementTime=2026-01-21 00:00:00,2026-01-21 00:00:00,002415,002415,2025年度业绩快报,2025年度业绩快报,ok
cninfo_disclosure,http://www.cninfo.com.cn/new/disclosure/detail?stockCode=002415&announcementId=1224793309&orgId=9900012688&announcementTime=2025-11-08 00:00:00,2025-11-08 00:00:00,002415,002415,关于为子公司提供担保的进展公告,关于为子公司提供担保的进展公告,ok
cninfo_disclosure,http://www.cninfo.com.cn/new/disclosure/detail?stockCode=002415&announcementId=1224718573&orgId=9900012688&announcementTime=2025-10-18 00:00:00,2025-10-18 00:00:00,002415,002415,2025年三季度报告（英文版）,2025年三季度报告（英文版）,ok
cninfo_disclosure,http://www.cninfo.com.cn/new/disclosure/detail?stockCode=002415&announcementId=1224718572&orgId=9900012688&announcementTime=2025-10-18 00:00:00,2025-10-18 00:00:00,002415,002415,第六届董事会第八次会议决议公告,第六届董事会第八次会议决议公告,ok
cninfo_disclosure,http://www.cninfo.com.cn/new/disclosure/detail?stockCode=002415&announcementId=1224718570&orgId=9900012688&announcementTime=2025-10-18 00:00:00,2025-10-18 00:00:00,002415,002415,2025年三季度报告,2025年三季度报告,ok
cninfo_disclosure,http://www.cninfo.com.cn/new/disclosure/detail?stockCode=002415&announcementId=1224680768&orgId=9900012688&announcementTime=2025-09-26 00:00:00,2025-09-26 00:00:00,002415,002415,2025年半年度权益分派实施公告,2025年半年度权益分派实施公告,ok
cninfo_disclosure,http://www.cninfo.com.cn/new/disclosure/detail?stockCode=002415&announcementId=1224677118&orgId=9900012688&announcementTime=2025-09-24 00:00:00,2025-09-24 00:00:00,002415,002415,国浩律师（杭州）事务所关于公司2025年第一次临时股东大会之法律意见书,国浩律师（杭州）事务所关于公司2025年第一次临时股东大会之法律意见书,ok
cninfo_disclosure,http://www.cninfo.com.cn/new/disclosure/detail?stockCode=002415&announcementId=1224677117&orgId=9900012688&announcementTime=2025-09-24 00:00:00,2025-09-24 00:00:00,002415,002415,关于选举第六届董事会职工代表董事的公告,关于选举第六届董事会职工代表董事的公告,ok
cninfo_disclosure,http://www.cninfo.com.cn/new/disclosure/detail?stockCode=002415&announcementId=1224677116&orgId=9900012688&announcementTime=2025-09-24 00:00:00,2025-09-24 00:00:00,002415,002415,2025年第一次临时股东大会决议公告,2025年第一次临时股东大会决议公告,ok
cninfo_disclosure,http://www.cninfo.com.cn/new/disclosure/detail?stockCode=002415&announcementId=1224643489&orgId=9900012688&announcementTime=2025-09-09 00:00:00,2025-09-09 00:00:00,002415,002415,关于回购股份注销完成暨股份变动的公告,关于回购股份注销完成暨股份变动的公告,ok
cninfo_disclosure,http://www.cninfo.com.cn/new/disclosure/detail?stockCode=002415&announcementId=1224642242&orgId=9900012688&announcementTime=2025-09-06 00:00:00,2025-09-06 00:00:00,002415,002415,关于2025年中期分红方案的公告,关于2025年中期分红方案的公告,ok
cninfo_disclosure,http://www.cninfo.com.cn/new/disclosure/detail?stockCode=002415&announcementId=1224642241&orgId=9900012688&announcementTime=2025-09-06 00:00:00,2025-09-06 00:00:00,002415,002415,第六届监事会第六次会议决议公告,第六届监事会第六次会议决议公告,ok
cninfo_disclosure,http://www.cninfo.com.cn/new/disclosure/detail?stockCode=002415&announcementId=1224642240&orgId=9900012688&announcementTime=2025-09-06 00:00:00,2025-09-06 00:00:00,002415,002415,第六届董事会第七次会议决议公告,第六届董事会第七次会议决议公告,ok
cninfo_disclosure,http://www.cninfo.com.cn/new/disclosure/detail?stockCode=002415&announcementId=1224642239&orgId=9900012688&announcementTime=2025-09-06 00:00:00,2025-09-06 00:00:00,002415,002415,控股股东、实际控制人行为规范（2025年9月）,控股股东、实际控制人行为规范（2025年9月）,ok
cninfo_disclosure,http://www.cninfo.com.cn/new/disclosure/detail?stockCode=002415&announcementId=1224642238&orgId=9900012688&announcementTime=2025-09-06 00:00:00,2025-09-06 00:00:00,002415,002415,董事、高级管理人员所持本公司股份及其变动管理制度（2025年9月）,董事、高级管理人员所持本公司股份及其变动管理制度（2025年9月）,ok
cninfo_disclosure,http://www.cninfo.com.cn/new/disclosure/detail?stockCode=002415&announcementId=1224642237&orgId=9900012688&announcementTime=2025-09-06 00:00:00,2025-09-06 00:00:00,002415,002415,投资者关系管理制度（2025年9月）,投资者关系管理制度（2025年9月）,ok
cninfo_disclosure,http://www.cninfo.com.cn/new/disclosure/detail?stockCode=002415&announcementId=1224642236&orgId=9900012688&announcementTime=2025-09-06 00:00:00,2025-09-06 00:00:00,002415,002415,内幕信息知情人管理制度（2025年9月）,内幕信息知情人管理制度（2025年9月）,ok
cninfo_disclosure,http://www.cninfo.com.cn/new/disclosure/detail?stockCode=002415&announcementId=1224642235&orgId=9900012688&announcementTime=2025-09-06 00:00:00,2025-09-06 00:00:00,002415,002415,信息披露管理制度（2025年9月）,信息披露管理制度（2025年9月）,ok
cninfo_disclosure,http://www.cninfo.com.cn/new/disclosure/detail?stockCode=002415&announcementId=1224642234&orgId=9900012688&announcementTime=2025-09-06 00:00:00,2025-09-06 00:00:00,002415,002415,内部审计制度（2025年9月）,内部审计制度（2025年9月）,ok
cninfo_disclosure,http://www.cninfo.com.cn/new/disclosure/detail?stockCode=002415&announcementId=1224642233&orgId=9900012688&announcementTime=2025-09-06 00:00:00,2025-09-06 00:00:00,002415,002415,外汇套期保值管理制度（2025年9月）,外汇套期保值管理制度（2025年9月）,ok
cninfo_disclosure,http://www.cninfo.com.cn/new/disclosure/detail?stockCode=002415&announcementId=1224642232&orgId=9900012688&announcementTime=2025-09-06 00:00:00,2025-09-06 00:00:00,002415,002415,董事会秘书工作细则（2025年9月）,董事会秘书工作细则（2025年9月）,ok
cninfo_disclosure,http://www.cninfo.com.cn/new/disclosure/detail?stockCode=002415&announcementId=1224642231&orgId=9900012688&announcementTime=2025-09-06 00:00:00,2025-09-06 00:00:00,002415,002415,总经理工作细则（2025年9月）,总经理工作细则（2025年9月）,ok
cninfo_disclosure,http://www.cninfo.com.cn/new/disclosure/detail?stockCode=002415&announcementId=1224642230&orgId=9900012688&announcementTime=2025-09-06 00:00:00,2025-09-06 00:00:00,002415,002415,董事会审计委员会工作细则（2025年9月）,董事会审计委员会工作细则（2025年9月）,ok
cninfo_disclosure,http://www.cninfo.com.cn/new/disclosure/detail?stockCode=002415&announcementId=1224642229&orgId=9900012688&announcementTime=2025-09-06 00:00:00,2025-09-06 00:00:00,002415,002415,募集资金管理制度（2025年9月）,募集资金管理制度（2025年9月）,ok
cninfo_disclosure,http://www.cninfo.com.cn/new/disclosure/detail?stockCode=002415&announcementId=1224642228&orgId=9900012688&announcementTime=2025-09-06 00:00:00,2025-09-06 00:00:00,002415,002415,核心员工跟投创新业务管理办法（2025年9月）,核心员工跟投创新业务管理办法（2025年9月）,ok
cninfo_disclosure,http://www.cninfo.com.cn/new/disclosure/detail?stockCode=002415&announcementId=1224642227&orgId=9900012688&announcementTime=2025-09-06 00:00:00,2025-09-06 00:00:00,002415,002415,授权管理制度（2025年9月）,授权管理制度（2025年9月）,ok
cninfo_disclosure,http://www.cninfo.com.cn/new/disclosure/detail?stockCode=002415&announcementId=1224642226&orgId=9900012688&announcementTime=2025-09-06 00:00:00,2025-09-06 00:00:00,002415,002415,关联交易管理制度（2025年9月）,关联交易管理制度（2025年9月）,ok
cninfo_disclosure,http://www.cninfo.com.cn/new/disclosure/detail?stockCode=002415&announcementId=1224642225&orgId=9900012688&announcementTime=2025-09-06 00:00:00,2025-09-06 00:00:00,002415,002415,关于召开2025年第一次临时股东大会的通知,关于召开2025年第一次临时股东大会的通知,ok
cninfo_disclosure,http://www.cninfo.com.cn/new/disclosure/detail?stockCode=002415&announcementId=1224642224&orgId=9900012688&announcementTime=2025-09-06 00:00:00,2025-09-06 00:00:00,002415,002415,关于修订《公司章程》的公告,关于修订《公司章程》的公告,ok
cninfo_disclosure,http://www.cninfo.com.cn/new/disclosure/detail?stockCode=002415&announcementId=1224642223&orgId=9900012688&announcementTime=2025-09-06 00:00:00,2025-09-06 00:00:00,002415,002415,对外担保管理制度（2025年9月）,对外担保管理制度（2025年9月）,ok
cninfo_disclosure,http://www.cninfo.com.cn/new/disclosure/detail?stockCode=002415&announcementId=1224642222&orgId=9900012688&announcementTime=2025-09-06 00:00:00,2025-09-06 00:00:00,002415,002415,对外投资管理制度（2025年9月）,对外投资管理制度（2025年9月）,ok
cninfo_disclosure,http://www.cninfo.com.cn/new/disclosure/detail?stockCode=002415&announcementId=1224642221&orgId=9900012688&announcementTime=2025-09-06 00:00:00,2025-09-06 00:00:00,002415,002415,独立董事工作制度（2025年9月）,独立董事工作制度（2025年9月）,ok
cninfo_disclosure,http://www.cninfo.com.cn/new/disclosure/detail?stockCode=002415&announcementId=1224642220&orgId=9900012688&announcementTime=2025-09-06 00:00:00,2025-09-06 00:00:00,002415,002415,董事会议事规则（2025年9月）,董事会议事规则（2025年9月）,ok
cninfo_disclosure,http://www.cninfo.com.cn/new/disclosure/detail?stockCode=002415&announcementId=1224642219&orgId=9900012688&announcementTime=2025-09-06 00:00:00,2025-09-06 00:00:00,002415,002415,股东会议事规则（2025年9月）,股东会议事规则（2025年9月）,ok
cninfo_disclosure,http://www.cninfo.com.cn/new/disclosure/detail?stockCode=002415&announcementId=1224642218&orgId=9900012688&announcementTime=2025-09-06 00:00:00,2025-09-06 00:00:00,002415,002415,公司章程（2025年9月）,公司章程（2025年9月）,ok
cctv_macro,,2026-06-10 00:00:00,,,【新思想引领新征程】提升农业综合生产能力 加快农业现代化步伐,【新思想引领新征程】提升农业综合生产能力 加快农业现代化步伐,ok
cctv_macro,,2026-06-10 00:00:00,,,李希在河南调研,李希在河南调研,ok
cctv_macro,,2026-06-10 00:00:00,,,【伟大征程】长征：气壮山河的英雄史诗,【伟大征程】长征：气壮山河的英雄史诗,ok
cctv_macro,,2026-06-10 00:00:00,,,树立和践行正确政绩观学习教育继续派出的4个中央指导组完成进驻,树立和践行正确政绩观学习教育继续派出的4个中央指导组完成进驻,ok
cctv_macro,,2026-06-10 00:00:00,,,5月居民消费价格指数总体平稳 工业生产者出厂价格指数继续上涨,5月居民消费价格指数总体平稳 工业生产者出厂价格指数继续上涨,ok
cctv_macro,,2026-06-10 00:00:00,,,5月汽车出口延续快速增长态势,5月汽车出口延续快速增长态势,ok
cctv_macro,,2026-06-10 00:00:00,,,【一线调研】新型电网筑牢能源大国绿色转型基石,【一线调研】新型电网筑牢能源大国绿色转型基石,ok
cctv_macro,,2026-06-10 00:00:00,,,第五届全球媒体创新论坛在重庆举行,第五届全球媒体创新论坛在重庆举行,ok
cctv_macro,,2026-06-10 00:00:00,,,“活力中国调研行”主题采访活动今天启动,“活力中国调研行”主题采访活动今天启动,ok
cctv_macro,,2026-06-10 00:00:00,,,国务院新闻办举行“新征程上的奋斗者”中外记者见面会,国务院新闻办举行“新征程上的奋斗者”中外记者见面会,ok
cctv_macro,,2026-06-10 00:00:00,,,国内联播快讯,国内联播快讯,ok
cctv_macro,,2026-06-10 00:00:00,,,联合国“文明对话国际日”主题活动在日内瓦举行,联合国“文明对话国际日”主题活动在日内瓦举行,ok
cctv_macro,,2026-06-10 00:00:00,,,美称打击伊朗防空系统等 伊朗称打击美军基地,美称打击伊朗防空系统等 伊朗称打击美军基地,ok
cctv_macro,,2026-06-10 00:00:00,,,国际联播快讯,国际联播快讯,ok
