tree
version=v4
num_class=1
num_tree_per_iteration=1
label_index=0
max_feature_idx=102
objective=regression
feature_names=momentum_1 momentum_2 momentum_3 momentum_5 momentum_10 momentum_20 momentum_40 momentum_60 momentum_120 reversal_1 reversal_2 reversal_3 reversal_5 reversal_10 reversal_20 volatility_5 volatility_10 volatility_20 volatility_40 volatility_60 volatility_120 downside_volatility_5 downside_volatility_10 downside_volatility_20 downside_volatility_60 downside_volatility_120 upside_volatility_5 upside_volatility_10 upside_volatility_20 upside_volatility_60 max_drawdown_20 max_drawdown_60 max_drawdown_120 ma_bias_5 ma_bias_10 ma_bias_20 ma_bias_40 ma_bias_60 ma_bias_120 ma_slope_5 ma_slope_10 ma_slope_20 ma_slope_60 price_position_20 price_position_40 price_position_60 price_position_120 breakout_high_20 breakout_high_40 breakout_high_60 breakout_high_120 breakdown_low_20 breakdown_low_40 breakdown_low_60 breakdown_low_120 amount_mean_5 amount_mean_10 amount_mean_20 amount_mean_40 amount_mean_60 amount_zscore_20 amount_zscore_60 amount_percentile_20 amount_percentile_60 turnover_mean_5 turnover_mean_10 turnover_mean_20 turnover_mean_40 turnover_mean_60 turnover_zscore_20 turnover_zscore_60 turnover_percentile_20 turnover_percentile_60 volume_ratio_5_20 volume_ratio_10_60 amount_ratio_5_20 amount_ratio_10_60 intraday_return overnight_return gap_return amplitude close_position upper_shadow lower_shadow body_size return_skew_20 return_skew_60 return_kurt_20 return_kurt_60 amihud_illiquidity_20 amihud_illiquidity_60 limit_up_count_20 limit_up_count_60 limit_down_count_20 limit_down_count_60 up_day_ratio_20 up_day_ratio_60 down_day_ratio_20 down_day_ratio_60 up_streak down_streak new_high_distance_60 new_low_distance_60
feature_infos=[-0.070234875733028668:0.066554954122954646] [-0.11160315946600419:0.10238729645988132] [-0.14494456737518568:0.12080170698242765] [-0.15076486156554991:0.173214816170286] [-0.19157675558860965:0.25819223781615563] [-0.29730711397382303:0.33985109791903878] [-0.35014001712918152:0.47636883032625943] [-0.4131139302401079:0.58615360105507142] [-0.54167278097443772:0.96005085779944066] [-0.066554954122954646:0.070234875733028668] [-0.10238729645988132:0.11160315946600419] [-0.12080170698242765:0.14494456737518568] [-0.173214816170286:0.15076486156554991] [-0.25819223781615563:0.19157675558860965] [-0.33985109791903878:0.29730711397382303] [0.0021309484098784442:0.046735522272764181] [0.0050152898123935839:0.036210677777100471] [0.0095992282322967439:0.03080937861068693] [0.013036699485617349:0.028120702281879073] [0.013980867725198468:0.026436432509771502] [0.016388424289259466:0.024089972964185469] [0:0.031195363855771142] [0:0.024860581039224169] [0.0026286050873498292:0.020154548385548768] [0.0069871160350771519:0.017745871924697357] [0.0080016515776362377:0.015319129468732417] [0:0.029764280331661296] [0:0.024200301248848907] [0.0029218324736720578:0.020870883880170648] [0.0065572886876546395:0.016417635837517999] [-0.29975512064154508:-0.004716324914682879] [-0.42355893477647877:-0.036061359233959811] [-0.5486238783618218:-0.049014155931552117] [-0.091771321224447866:0.075272613246051057] [-0.12275434062017254:0.12685653216356307] [-0.17220177928705993:0.18547621906314871] [-0.24466818370167243:0.2504092609518993] [-0.27538984440651515:0.31161214179457497] [-0.378848559120606:0.47480626710937335] [-0.11536898864773015:0.14771392538108374] [-0.15251024084203757:0.18432090545386615] [-0.21371141904376467:0.24718069459056036] [-0.34793421916661893:0.42861396854475431] [0.0047211539853514095:0.99420917031961631] [0.0033245485686118552:0.99576570332014502] [0.0018751903674848953:0.99591547335159758] [0.0012165966700093747:0.99753733715165738] [-0.30738211396654258:-0.0010197151703861262] [-0.36613322024844042:-0.0010197151703861262] [-0.43194152129560182:-0.0010197151703861262] [-0.55115414245463379:-0.0010197151703861262] [0.0010093438277802846:0.36164935022216049] [0.0010770729385969346:0.52860716079599235] [0.0010770729385969346:0.61463134035111811] [0.0010770729385969346:0.99643980728396797] [201633602.73252201:41739803829.029526] [337837402.17837715:35744029115.978836] [387668216.75995624:30646144463.546234] [450733514.33615625:29040931721.84359] [454919600.86739624:27351418254.895252] [-2.3885061734092239:2.6155916980341734] [-2.1946555560125489:2.5676616964291124] [0.050000000000000003:1] [0.016666666666666666:1] [0.88982629511015676:7.2779280519698855] [1.3476365718211694:6.4773091936190594] [2.250648319920896:5.8198005104382888] [3.0220434160327647:5.2927781809373027] [3.3315642432445021:4.9984209125617438] [-2.4262156374897832:2.6270687464731126] [-2.1293460985080772:2.0054432938143876] [0.050000000000000003:1] [0.016666666666666666:1] [-0.73460266768597371:0.90220147289307917] [-0.54627239389167803:0.62464451053567949] [-0.74821026076259911:0.92301714418355107] [-0.56213125972370859:0.74106119792171987] [-0.068246671256188551:0.07010893588948619] [-0.010292867483983614:0.01182607989514417] [-0.010292867483983614:0.01182607989514417] [0.0038684064473306417:0.095545196002603194] [0.019502382747590721:0.98161320219369919] [0.018386797806300818:0.90731312170449208] [0.019225958895293018:0.92794182063062869] [0.00026814828365826556:0.93840255435740982] [-1.910688115628153:1.8911306839373276] [-0.98909089106617487:0.95603874590609861] [-1.6822643923291085:5.8389279891269137] [-1.3195800035242731:2.4726356250138424] [5.0577418717870826e-13:1.1659559203250246e-10] [8.9592417176595723e-13:7.4215501928710956e-11] none none none none [0.10000000000000001:0.90000000000000002] [0.29268292682926828:0.69999999999999996] [0.10000000000000001:0.90000000000000002] [0.29999999999999999:0.69999999999999996] [0:10] [0:10] [-0.43194152129560182:-0.0010197151703861262] [0.0010770729385969346:0.61463134035111811]
tree_sizes=1511 1545 1544 1541 1561 1543 1546 1543 1563 1557 1549 1547 1547 1545 1539 1541 1554 1562 1537 1552 1540 1548 1557 1545 1547 1547 1547 1562 1550 1542 1544 1542 1551 1543 1541 1552 1537 1567 1554 1516 1521 1550 1541 1544 1521 1532 1547 1529 1534 1553 1531 1533 1520 1527 1533 1545 1521 1517 1553 1517 1528 1538 1528 1542 1515 1550 1527 1539 1550 1541 1530 1541 1551 1552 1519 1531 1530 1525 1520 1531 1515 1546 1522 1554 1539 1522 1523 1522 1521 1541 1525 1528 1542 1537 1558 1518 1532 1527 1555 1536 1534 1536 1541 1553 1534 1546 1535 1533 1554 1521 1537 1541 1514 1532 1530 1531 1522 1556 1522 1550 1530 1535 1540 1531 1550 1528 1528 1525 1538 1551 1537 1545 1547 1518 1549 1546 1536 1537 1535 1548 1543 1540 1548 1529 1525 1531 1528 1540 1537 1542 1556 1541 1543 1528 1542 1543 1556 1527 1541 1515

Tree=0
num_leaves=15
num_cat=0
split_feature=32 20 29 59 88 59 50 32 32 59 42 20 31 68
split_gain=1.89412 1.35702 0.935845 1.00096 0.674661 0.62265 0.758984 0.603115 0.664268 1.29739 0.582626 0.536108 0.521747 0.513686
threshold=-0.15859275553999844 0.022687506181396953 0.011590057758114941 5943992236.8886299 0.40311596541700917 4976501722.9854889 -0.35697967695476202 -0.20015764286335333 -0.21059828565337921 821057323.848827 0.34745148040811064 0.018977662606381614 -0.083696451335521158 4.6919466450650047
decision_type=10 10 10 8 10 10 8 10 10 10 10 8 10 10
left_child=1 2 3 5 10 6 -1 8 11 -10 13 -4 -12 -2
right_child=4 -3 7 -5 -6 -7 -8 -9 9 -11 12 -13 -14 -15
leaf_value=0.0059988111165546979 0.0050842154682271944 -5.9489820367476885e-05 -0.00065605701112851677 0.0025608502525692445 0.0033207842819806209 0.0052427238208928532 0.002896038335624883 0.0030471298240876054 -0.0023324264869919111 0.0082963077276576071 0.0044432969131790482 0.0044292415603632805 -0.0023981143498247944 0.0096637823753874599
leaf_weight=150 1934 174 34 2051 440 419 793 546 21 147 42 1358 31 40
leaf_count=150 1934 174 34 2051 440 419 793 546 21 147 42 1358 31 40
internal_value=0.00382088 0.00341857 0.00352823 0.00311907 0.0047418 0.00395968 0.00338959 0.00419132 0.00459178 0.00696772 0.00504724 0.00430503 0.00153804 0.00517701
internal_weight=8180 5693 5519 3413 2487 1362 943 2106 1560 168 2047 1392 73 1974
internal_count=8180 5693 5519 3413 2487 1362 943 2106 1560 168 2047 1392 73 1974
is_linear=0
shrinkage=1


Tree=1
num_leaves=15
num_cat=0
split_feature=32 20 29 59 88 23 20 29 42 32 32 59 42 19
split_gain=1.74562 1.25063 0.862475 0.922481 0.621768 0.614067 0.612853 0.67016 0.66457 0.555831 0.612189 1.19567 0.536948 0.49878
threshold=-0.15859275553999844 0.022687506181396953 0.011590057758114941 5943992236.8886299 0.40311596541700917 0.018536806358213139 0.018345895238133732 0.011189880575678018 -0.25055742822184535 -0.20015764286335333 -0.21059828565337921 821057323.848827 0.34745148040811064 0.021360017230183857
decision_type=10 10 10 8 10 10 10 10 8 10 10 10 10 10
left_child=1 2 3 5 12 6 7 -1 -8 10 -4 -12 13 -2
right_child=4 -3 9 -5 -6 -7 8 -9 -10 -11 11 -13 -14 -15
leaf_value=0.0030803843002821154 0.0015165649610151925 -0.0037251544071444389 0.00046478623754514904 -0.001209628023153975 -0.00048009126724950463 0.0070905436854809527 0.0029258265699077723 -0.0029977118660296717 -0.00062033534256360407 -0.00074279957484720872 -0.0059071738201947445 0.0042964111239376926 -0.0021915257206722482 -0.00058131366978528547
leaf_weight=170 1772 174 1392 2051 440 20 92 35 1045 546 21 147 73 202
leaf_count=170 1772 174 1392 2051 440 20 92 35 1045 546 21 147 73 202
internal_value=-2.04423e-11 -0.000386212 -0.000280944 -0.000673737 0.00088408 0.000133247 2.95611e-05 0.00204266 -0.000333399 0.00035562 0.000740067 0.00302096 0.00117731 0.00130189
internal_weight=8180 5693 5519 3413 2487 1362 1342 205 1137 2106 1560 168 2047 1974
internal_count=8180 5693 5519 3413 2487 1362 1342 205 1137 2106 1560 168 2047 1974
is_linear=0
shrinkage=0.04


Tree=2
num_leaves=15
num_cat=0
split_feature=32 20 42 29 24 24 23 20 88 20 68 42 31 57
split_gain=1.60877 1.15258 0.809567 0.876109 0.811634 0.834387 0.612416 0.5815 0.573918 0.531265 0.502781 0.463028 0.480842 0.454108
threshold=-0.15859275553999844 0.022687506181396953 -0.25055742822184535 0.011590057758114941 0.010675894669840301 0.015108132930242584 0.018536806358213139 0.018299656146393162 0.47399689501488362 0.018427940869318829 4.6919466450650047 0.34745148040811064 -0.083696451335521158 675574146.38435853
decision_type=10 10 8 10 8 10 10 10 10 8 10 10 10 10
left_child=1 2 -1 4 7 6 -6 -4 10 -5 11 -2 -13 -11
right_child=8 -3 3 9 5 -7 -8 -9 -10 13 -12 12 -14 -15
leaf_value=0.0025708137755282223 0.0011399242259791617 -0.0035761482886777357 0.0018957951225690461 -0.0048187221772968769 -0.0012795781650766478 0.0024870515819886783 0.0054235965060070159 -0.00047969739777353764 -0.00055815469313417662 -0.0040150305971100525 0.0055527201495133337 0.00068518183044424016 -0.0058825728110969066 0.00045733017214814355
leaf_weight=156 1983 174 274 32 2492 101 22 414 391 37 40 42 31 1991
leaf_count=156 1983 174 274 32 2492 101 22 414 391 37 40 42 31 1991
internal_value=-1.16141e-11 -0.000370764 -0.000269706 -0.000352332 -0.000756084 -0.0010777 -0.00122092 0.000466356 0.000848717 0.000295043 0.00111116 0.00102475 -0.00210386 0.000375734
internal_weight=8180 5693 5519 5363 3303 2615 2514 688 2487 2060 2096 2056 73 2028
internal_count=8180 5693 5519 5363 3303 2615 2514 688 2487 2060 2096 2056 73 2028
is_linear=0
shrinkage=0.04


Tree=3
num_leaves=15
num_cat=0
split_feature=32 20 42 24 29 24 23 32 32 88 32 42 18 41
split_gain=1.48264 1.06222 0.746097 0.819784 0.796177 0.768971 0.564403 0.549011 0.705337 0.533735 0.488548 0.458844 0.48286 0.560328
threshold=-0.15859275553999844 0.022687506181396953 -0.25055742822184535 0.010675894669840301 0.011590057758114941 0.015108132930242584 0.018536806358213139 -0.19122515477200244 -0.21059828565337921 0.38239625845784414 -0.20784934025153709 0.34745148040811064 0.022794006495534907 -0.04538313350024125
decision_type=10 10 8 8 10 10 10 10 8 10 8 10 10 10
left_child=1 2 -1 7 5 6 -5 8 -4 11 -10 12 13 -2
right_child=9 -3 3 4 -6 -7 -8 -9 10 -11 -12 -13 -14 -15
leaf_value=0.0024679811981294713 0.0052428331057001887 -0.0034331023390538691 0.00032766381091071397 -0.0012283950563846374 0.00013428791021118989 0.00238756950562062 0.0052066530016335582 -0.00089001350930854569 0.0064257163118491781 -0.0004153103674901143 0.0019551190006338827 -0.0020197101427586622 -0.0018942849212265633 0.0012152899285382784
leaf_weight=156 57 174 695 2492 1449 101 22 324 47 460 233 73 77 1820
leaf_count=156 57 174 695 2492 1449 101 22 324 47 460 233 73 77 1820
internal_value=-2.18415e-11 -0.000355933 -0.000258918 -0.000338238 -0.000617836 -0.0010346 -0.00117208 0.0005365 0.00101054 0.000814768 0.00270554 0.00109392 0.00121024 0.0013376
internal_weight=8180 5693 5519 5363 4064 2615 2514 1299 975 2487 280 2027 1954 1877
internal_count=8180 5693 5519 5363 4064 2615 2514 1299 975 2487 280 2027 1954 1877
is_linear=0
shrinkage=0.04


Tree=4
num_leaves=15
num_cat=0
split_feature=32 20 90 42 24 20 31 31 6 86 58 86 87 42
split_gain=1.3664 0.978938 0.723214 0.651488 0.756662 0.706902 0.610913 0.735667 0.551196 0.51811 0.522631 0.494547 0.455095 0.453366
threshold=-0.15859275553999844 0.022687506181396953 1.3833561938379177e-12 -0.25055742822184535 0.010675894669840301 0.019676770347640048 -0.24240406427292224 -0.30012449772962646 0.10504644015922272 0.37851926772112882 12211181920.149284 0.60114245300123537 -0.79938837824980336 0.29315926842020884
decision_type=10 10 8 8 8 10 10 10 10 10 10 10 10 10
left_child=1 2 -1 -4 -5 9 7 -7 12 10 -6 13 -8 -2
right_child=11 -3 3 4 5 6 8 -9 -10 -11 -12 -13 -14 -15
leaf_value=-0.0032201781893218141 0.0010518545694347028 -0.0032957782026851313 0.0023692619913363629 0.00059535912310202754 -0.0013144687099870332 -0.0013549026746932213 -0.002371415462198689 0.0021849152174509175 0.001556164352936645 0.0027577837766571476 0.0021147578982384624 -0.0026609737270577734 -0.00036178001960619223 -0.00081490143834937203
leaf_weight=128 2192 174 156 1271 1820 128 215 353 202 55 74 65 1117 230
leaf_count=128 2192 174 156 1271 1820 128 215 353 202 55 74 65 1117 230
internal_value=-5.35921e-12 -0.000341696 -0.000248561 -0.000178005 -0.000253912 -0.000526219 -8.78351e-07 0.00124293 -0.000390885 -0.00106935 -0.00118049 0.000782177 -0.000686158 0.000874582
internal_weight=8180 5693 5519 5391 5235 3964 2015 481 1534 1949 1894 2487 1332 2422
internal_count=8180 5693 5519 5391 5235 3964 2015 481 1534 1949 1894 2487 1332 2422
is_linear=0
shrinkage=0.04


Tree=5
num_leaves=15
num_cat=0
split_feature=32 20 90 31 19 24 29 88 32 25 88 68 8 68
split_gain=1.25928 0.902189 0.666514 0.602774 1.30253 0.941985 0.613951 0.476351 0.474014 0.636998 0.457509 0.443007 0.449449 0.428833
threshold=-0.15859275553999844 0.022687506181396953 1.3833561938379177e-12 -0.24240406427292224 0.020082592478158762 0.010675894669840301 0.011613250868144047 0.38239625845784414 -0.28841627403722647 0.01258496467162494 -0.54934343480243741 4.6919466450650047 0.17487595865029729 3.7571553950129744
decision_type=10 10 8 8 8 8 10 10 10 8 8 10 8 10
left_child=1 2 -1 4 -4 -5 10 11 9 -6 -7 12 13 -2
right_child=7 -3 3 5 8 6 -8 -9 -10 -11 -12 -13 -14 -15
leaf_value=-0.0030913710277673092 -0.003632294993758911 -0.0031639470392838122 -0.0011565060604698373 0.00057465670522007461 -0.001652602987624483 -0.0032917097139147085 -2.6779141068822011e-05 -0.00041118326926168627 0.0046524736714667059 0.002217825074283752 -0.00098040010475992142 0.0052928353490700065 0.00058210956110261915 0.0022064210208720229
leaf_weight=128 21 174 336 1256 84 148 1270 460 91 358 1848 38 1484 484
leaf_count=128 21 174 336 1256 84 148 1270 460 91 358 1848 38 1484 484
internal_value=6.95125e-13 -0.000328028 -0.000238619 -0.000170885 0.000793961 -0.000356301 -0.000714318 0.00075089 0.00202352 0.00148227 -0.00115178 0.00101461 0.000932871 0.00196362
internal_weight=8180 5693 5519 5391 869 4522 3266 2487 533 442 1996 2027 1989 505
internal_count=8180 5693 5519 5391 869 4522 3266 2487 533 442 1996 2027 1989 505
is_linear=0
shrinkage=0.04


Tree=6
num_leaves=15
num_cat=0
split_feature=32 20 42 29 24 24 20 23 20 86 37 59 57 96
split_gain=1.16055 0.831458 0.619154 0.653589 0.593521 0.640985 0.521816 0.494445 0.486583 0.443045 0.430904 0.418566 0.94685 0.558389
threshold=-0.15859275553999844 0.022687506181396953 -0.25055742822184535 0.011590057758114941 0.010675894669840301 0.015108132930242584 0.018299656146393162 0.018536806358213139 0.018427940869318829 0.60114245300123537 0.022246681722358445 7565968304.7208014 12179844051.425016 0.5300120048019209
decision_type=10 10 8 10 8 10 10 10 8 10 10 10 10 10
left_child=1 2 -1 4 6 7 10 -6 -5 11 -4 13 -13 -2
right_child=9 -3 3 8 5 -7 -8 -9 -10 -11 -12 12 -14 -15
leaf_value=0.0022550350996122384 0.0023831413423910071 -0.0030373891298498576 0.0029424840472505559 -0.0046361782588064671 -0.0011033237880275063 0.0021993330000245042 -0.00050089129352922984 0.0049197262474759062 0.00033504172176039088 -0.0025380874351383404 -0.00035960718072160626 -0.0008176990752506761 0.0017123318713155383 0.00069672436853519327
leaf_weight=156 466 174 175 32 2492 101 414 22 2028 65 99 602 390 964
leaf_count=156 466 174 175 32 2492 101 414 22 2028 65 99 602 390 964
internal_value=8.18862e-12 -0.000314907 -0.000229074 -0.000301332 -0.000650061 -0.000925092 0.000395297 -0.00105062 0.000257819 0.000720854 0.00174939 0.000808316 0.00017697 0.00124628
internal_weight=8180 5693 5519 5363 3303 2615 688 2514 2060 2487 274 2422 992 1430
internal_count=8180 5693 5519 5363 3303 2615 688 2514 2060 2487 274 2422 992 1430
is_linear=0
shrinkage=0.04


Tree=7
num_leaves=15
num_cat=0
split_feature=32 20 90 31 19 24 6 88 67 32 25 88 68 32
split_gain=1.06956 0.766271 0.604902 0.543185 1.16637 0.825321 0.519695 0.467695 0.473853 0.433238 0.580928 0.422518 0.421105 0.413024
threshold=-0.15859275553999844 0.022687506181396953 1.3833561938379177e-12 -0.24240406427292224 0.020082592478158762 0.010675894669840301 0.10370456955868169 -0.54065326066579067 4.1157021652653176 -0.28841627403722647 0.01258496467162494 0.50212575237405688 4.6919466450650047 -0.19122515477200244
decision_type=10 10 8 8 8 8 10 8 10 10 8 10 10 10
left_child=1 2 -1 4 -4 13 7 8 -7 10 -6 12 -2 -5
right_child=11 -3 3 5 9 6 -8 -9 -10 -11 -12 -13 -14 -15
leaf_value=-0.0029376136735663749 0.00083107647076687571 -0.0029158935757974784 -0.0010851782065583392 0.0009534579924682184 -0.0015871223064979341 -0.00071347456629155203 0.00097483847230418546 -0.00068776328580793524 -0.0046176957189898457 0.0044373856796524848 0.0021090410653190877 -0.000559062567794488 0.0049745382815599443 -0.00073256226981652326
leaf_weight=128 2079 174 336 948 84 98 282 2785 101 91 358 368 40 308
leaf_count=128 2079 174 336 948 84 98 282 2785 101 91 358 368 40 308
internal_value=3.00401e-12 -0.000302311 -0.000219911 -0.000155384 0.00076053 -0.000331397 -0.000666511 -0.000821625 -0.00269501 0.00192405 0.0014066 0.00069202 0.000909292 0.000540007
internal_weight=8180 5693 5519 5391 869 4522 3266 2984 199 533 442 2487 2119 1256
internal_count=8180 5693 5519 5391 869 4522 3266 2984 199 533 442 2487 2119 1256
is_linear=0
shrinkage=0.04


Tree=8
num_leaves=15
num_cat=0
split_feature=32 20 90 42 24 20 58 86 31 31 42 31 86 42
split_gain=0.985707 0.710152 0.554473 0.51957 0.572545 0.525571 0.46076 0.493119 0.45667 0.70787 0.397607 0.478317 0.396012 0.394784
threshold=-0.15859275553999844 0.022821390817359118 1.3833561938379177e-12 -0.25055742822184535 0.010675894669840301 0.019676770347640048 12211181920.149284 0.37851926772112882 -0.24240406427292224 -0.30012449772962646 -0.0027398647761197044 -0.095892313789031611 0.60114245300123537 0.29315926842020884
decision_type=10 10 8 8 8 10 10 10 10 10 10 10 10 10
left_child=1 2 -1 -4 -5 6 7 -6 9 -7 -10 -12 13 -2
right_child=12 -3 3 4 5 8 -8 -9 10 -11 11 -13 -14 -15
leaf_value=-0.002820109132077846 0.00091245131702553939 -0.0030536528679588411 0.0021109683051776548 0.00051481778387938706 -0.0011634151802197097 -0.0014539641212265855 0.0020431372078601271 0.0029029546358755659 -0.00073557009874675693 0.0019559112618322957 0.00038497775774979921 0.0063227264259172527 -0.0024167677803108327 -0.00082952650035630264
leaf_weight=128 2192 145 157 1272 1820 133 80 49 1136 364 386 23 65 230
leaf_count=128 2192 145 157 1272 1820 133 80 49 1136 364 386 23 65 230
internal_value=-2.02357e-12 -0.000290218 -0.000217994 -0.000156542 -0.000224184 -0.000459717 -0.000929564 -0.00105681 -1.12679e-05 0.00104341 -0.000350539 0.000718885 0.000664339 0.000747028
internal_weight=8180 5693 5548 5420 5263 3991 1949 1869 2042 497 1545 409 2487 2422
internal_count=8180 5693 5548 5420 5263 3991 1949 1869 2042 497 1545 409 2487 2422
is_linear=0
shrinkage=0.04


Tree=9
num_leaves=15
num_cat=0
split_feature=32 20 90 42 24 20 58 86 31 31 6 89 87 32
split_gain=0.908428 0.65758 0.513933 0.485975 0.520167 0.503207 0.424637 0.454459 0.410035 0.564346 0.452446 0.415223 0.384528 0.377936
threshold=-0.15859275553999844 0.022687506181396953 1.3833561938379177e-12 -0.25055742822184535 0.010675894669840301 0.019676770347640048 12211181920.149284 0.37851926772112882 -0.24240406427292224 -0.30012449772962646 0.10504644015922272 4.7483044865392819e-12 -0.79938837824980336 -0.19122515477200244
decision_type=10 10 8 8 8 10 10 10 10 10 10 10 10 10
left_child=1 2 -1 -4 13 6 7 -6 9 11 12 -7 -10 -5
right_child=-2 -3 3 4 5 8 -8 -9 10 -11 -12 -13 -14 -15
leaf_value=-0.0027073048280726653 0.00063776589372181453 -0.0026997453903768683 0.0020572295845657862 0.00088587797055718939 -0.0011168785457093791 -0.00511267865923318 0.0019614117043092846 0.0027868364508054693 -0.0021270333571240395 0.0018531434312687063 0.0014536179276788378 9.5513450459724201e-05 -0.00027976489273062147 -0.0007238524579964166
leaf_weight=128 2487 174 156 963 1820 33 80 49 215 353 202 95 1117 308
leaf_count=128 2487 174 156 963 1820 33 80 49 215 353 202 95 1117 308
internal_value=6.41718e-12 -0.000278609 -0.000202277 -0.0001428 -0.000208359 -0.000434136 -0.000892381 -0.00101453 9.09989e-06 0.0010281 -0.000310416 -0.00124722 -0.000577935 0.000495794
internal_weight=8180 5693 5519 5391 5235 3964 1949 1869 2015 481 1534 128 1332 1271
internal_count=8180 5693 5519 5391 5235 3964 1949 1869 2015 481 1534 128 1332 1271
is_linear=0
shrinkage=0.04


Tree=10
num_leaves=15
num_cat=0
split_feature=32 20 90 42 24 20 24 18 88 18 41 66 68 24
split_gain=0.837207 0.607564 0.471035 0.441372 0.494741 0.446083 0.45377 0.381378 0.377149 0.401087 0.52359 0.525664 0.406842 0.521486
threshold=-0.15859275553999844 0.022821390817359118 1.3833561938379177e-12 -0.24613910849429219 0.010675894669840301 0.019345747057702499 0.013340645173408477 0.025540900281703322 0.38239625845784414 0.022860062049039634 -0.04538313350024125 4.1119321709908165 4.5642783776133458 0.0092501001891984336
decision_type=10 10 8 8 8 8 10 8 10 10 10 10 10 10
left_child=1 2 -1 -4 -5 6 -6 -7 9 10 11 -2 -12 -14
right_child=8 -3 3 4 5 7 -8 -9 -10 -11 12 -13 13 -15
leaf_value=-0.0025990125923021877 0.00010626611998304725 -0.0028235169519381276 0.0017761289445066674 0.00047449380796184509 -0.001393406175126666 -6.8094354022499334e-05 0.0044269224730404937 -0.0015914008651563001 -0.00042175948179140946 -0.0020850580459874537 0.0006695456441796093 0.0077922675843749723 0.0054638605592633362 0.00068023275031009695
leaf_weight=128 24 145 185 1272 830 2821 22 290 460 72 1749 35 67 80
leaf_count=128 24 145 185 1272 830 2821 22 290 460 72 1749 35 67 80
internal_value=-3.10054e-12 -0.000267465 -0.000200661 -0.000144021 -0.000211878 -0.000432181 -0.00124312 -0.000210093 0.000612255 0.000846911 0.000954891 0.00466576 0.000839416 0.00286053
internal_weight=8180 5693 5548 5420 5235 3963 852 3111 2487 2027 1955 59 1896 147
internal_count=8180 5693 5548 5420 5235 3963 852 3111 2487 2027 1955 59 1896 147
is_linear=0
shrinkage=0.04


Tree=11
num_leaves=15
num_cat=0
split_feature=32 20 29 59 59 7 20 29 88 67 23 25 88 54
split_gain=0.77157 0.561946 0.459375 0.612471 0.452601 0.494139 0.445779 0.456771 0.450292 0.379054 0.372014 0.541302 0.361006 0.489819
threshold=-0.15859275553999844 0.022687506181396953 0.011590057758114941 5943992236.8886299 4976501722.9854889 -0.22274429805761461 0.018427940869318829 0.013607017591389168 -0.19630060698709026 4.5108503974041136 0.014948781191756291 0.011507088805802814 -0.19086647470560086 0.27335184482919289
decision_type=10 10 10 8 10 10 8 10 10 10 10 10 10 10
left_child=1 2 3 4 5 -1 -4 9 -9 -8 11 -6 13 -2
right_child=12 -3 6 -5 10 -7 7 8 -10 -11 -12 -13 -14 -15
leaf_value=0.0015903179812656102 0.0026026394733921921 -0.0024949315451028697 -0.0044067452521994715 -0.00090952448298191313 0.0028232592576767192 -0.00074457628357300963 0.00034482209439400785 0.0012067748724996132 -0.0020553575883955444 0.00194083235158526 0.0042822330061084869 -0.00038016489433255376 0.00013095865382371696 0.00065418800816405569
leaf_weight=179 267 174 32 2051 134 764 1473 98 219 284 57 228 1310 910
leaf_count=179 267 174 32 2051 134 764 1473 98 219 284 57 228 1310 910
internal_value=4.19616e-12 -0.000256766 -0.000186203 -0.000472868 0.000184682 -0.000301367 0.000278369 0.000350656 -0.00104687 0.0006028 0.00127858 0.000805633 0.000587765 0.00109619
internal_weight=8180 5693 5519 3413 1362 943 2106 2074 317 1757 419 362 2487 1177
internal_count=8180 5693 5519 3413 1362 943 2106 2074 317 1757 419 362 2487 1177
is_linear=0
shrinkage=0.04


Tree=12
num_leaves=15
num_cat=0
split_feature=18 32 90 88 68 42 57 59 86 27 20 19 41 24
split_gain=0.737904 0.724973 0.426024 0.422614 0.55635 0.619785 0.431936 0.880116 0.470682 0.552644 0.418628 0.491641 0.410568 0.399804
threshold=0.022939569475262104 -0.15859275553999844 1.3833561938379177e-12 0.22529108956926466 3.9427244610046865 0.08843688852637567 11391244206.094114 8711530265.6424904 0.090301109680828787 0.014335568438280674 0.019544371251076515 0.017823411453695474 -0.061074884023321278 0.013591402767365203
decision_type=8 8 10 10 10 8 10 10 10 10 10 10 8 10
left_child=1 2 -1 6 -5 -6 7 8 -3 -10 11 -4 -8 -13
right_child=-2 3 10 4 5 -7 12 -9 9 -11 -12 13 -14 -15
leaf_value=-0.0024687909836029575 -0.0010942166393889982 0.00044294340933603702 0.0006196147453435062 0.003042914194331781 0.0012084814553963953 -0.001484206205321107 0.0076536595392972234 -0.0019452186856121409 0.0028970094951961335 0.00029329755074762365 0.00020457785366370491 -0.0011049618902709063 0.0017763391299262278 0.002730798351475743
leaf_weight=128 880 1089 403 74 201 428 20 191 334 214 2501 1285 387 45
leaf_count=128 880 1089 403 74 201 428 20 191 334 214 2501 1285 387 45
internal_value=1.81135e-12 0.000131906 -0.000195241 0.000617615 -0.000237781 -0.000623745 0.000886672 0.000624286 0.000924088 0.00188023 -0.000126508 -0.000604319 0.00206515 -0.000975181
internal_weight=8180 7300 4362 2938 703 629 2235 1828 1637 548 4234 1733 407 1330
internal_count=8180 7300 4362 2938 703 629 2235 1828 1637 548 4234 1733 407 1330
is_linear=0
shrinkage=0.04


Tree=13
num_leaves=15
num_cat=0
split_feature=18 32 28 8 25 31 31 31 28 19 30 88 68 42
split_gain=0.680052 0.668135 0.403775 0.478624 0.472375 0.685839 0.417159 0.420207 0.51474 0.47513 0.480673 0.39 0.473013 0.568824
threshold=0.022939569475262104 -0.15859275553999844 0.012509474708973314 0.31244700690903277 0.01187729464757376 -0.096891870305990599 -0.13676133669149779 -0.21689403309009694 0.008100776671704871 0.020082592478158762 -0.11569518885297085 0.23786121571741883 3.9549989504736871 0.08843688852637567
decision_type=8 8 10 8 10 10 10 10 10 10 10 10 10 8
left_child=1 2 6 4 -4 -6 7 9 -9 -1 -11 -3 -13 -14
right_child=-2 11 3 -5 5 -7 -8 8 -10 10 -12 12 13 -15
leaf_value=-0.00088748069770916687 -0.0010504479763810445 0.00084581603786104448 -0.00012820855068846368 -0.0019442068880126506 0.0011214792814506873 0.0061415444017620755 0.00026896045646285124 0.00042388446979143104 -0.0015056728212948657 -0.00022276376338245776 0.0026683529724038885 0.0027053773602736847 0.0011667453518639189 -0.0014667770323207284
leaf_weight=437 880 2258 510 119 469 48 984 274 1148 208 165 77 193 410
leaf_count=437 880 2258 510 119 469 48 984 274 1148 208 165 77 193 410
internal_value=2.73171e-13 0.000126629 -0.000187431 0.000457261 0.000735522 0.00158756 -0.000417163 -0.000719648 -0.00113387 7.54853e-06 0.00105615 0.00059291 -0.000246886 -0.000623875
internal_weight=8180 7300 4362 1146 1027 517 3216 2232 1422 810 373 2938 680 603
internal_count=8180 7300 4362 1146 1027 517 3216 2232 1422 810 373 2938 680 603
is_linear=0
shrinkage=0.04


Tree=14
num_leaves=15
num_cat=0
split_feature=18 32 90 59 59 25 58 42 59 23 32 32 54 31
split_gain=0.626736 0.615753 0.385041 0.372608 0.893256 0.471604 0.42471 0.551738 0.392709 0.391022 0.397077 0.37964 0.470089 0.468003
threshold=0.022939569475262104 -0.15859275553999844 1.3833561938379177e-12 12545755375.296906 9080296027.7545757 0.0096173244494341236 18364021125.677525 0.22725332628019482 4245760323.7373028 0.01322672735109001 -0.1410399728812802 -0.13093338726231687 0.27105013543275996 -0.065336319894907888
decision_type=8 8 10 10 10 10 10 10 8 10 10 8 8 10
left_child=1 2 -1 4 8 -6 7 -5 9 10 -3 -10 -13 -14
right_child=-2 3 -4 6 5 -7 -8 -9 11 -11 -12 12 13 -15
leaf_value=-0.0023413636734130705 -0.0010084300560384608 -0.00028117059498132828 -0.00011459095958184866 0.0018373169120775457 -0.0025659905024374998 4.7608546648795405e-05 -0.00033165501918051843 0.006861499892991214 -6.3744543647344446e-05 0.0018193157862431259 -0.0036886311791454935 0.0029263199994410682 0.00047996752986756631 0.0023531130659208668
leaf_weight=128 880 210 4234 209 217 225 107 42 417 93 74 239 816 289
leaf_count=128 880 210 4234 209 217 225 107 42 417 93 74 239 816 289
internal_value=3.19934e-12 0.000121564 -0.000179934 0.000569194 0.000401394 -0.00123554 0.00177848 0.00267802 0.000739805 -0.000431852 -0.00116903 0.000990637 0.00131778 0.000969867
internal_weight=8180 7300 4362 2938 2580 442 358 251 2138 377 284 1761 1344 1105
internal_count=8180 7300 4362 2938 2580 442 358 251 2138 377 284 1761 1344 1105
is_linear=0
shrinkage=0.04


Tree=15
num_leaves=15
num_cat=0
split_feature=20 41 59 57 88 68 42 57 24 29 29 23 59 42
split_gain=0.612993 0.545054 0.541272 0.452971 0.439169 0.750825 0.4286 0.41101 0.405818 0.381774 0.381404 0.432269 0.394261 0.370088
threshold=0.022687506181396953 0.030436292671609636 6147832874.0527277 5704041390.9607582 -0.42023919942416493 4.2742542805239676 0.20021995530706352 3729708662.288837 0.010176064795000002 0.013546701244561414 0.012908903935370523 0.018536806358213139 809575605.07603705 0.29315926842020884
decision_type=10 10 8 10 8 10 10 10 10 10 10 10 10 10
left_child=1 2 3 10 5 -4 -6 9 -8 -3 11 -1 -12 -9
right_child=-2 7 4 -5 6 -7 8 13 -10 -11 12 -13 -14 -15
leaf_value=0.00016930268610308125 -0.0023487910519932108 -0.0018766303352602679 0.0012950870424388353 0.0017562586196062685 -0.00089518404328278278 -0.0015971782069172016 0.0047272360015933107 0.00080048241261208451 1.7877999693155289e-06 0.0015807440399151782 -0.0059786199932468356 0.0050952272615716636 -0.00086054606468115053 -0.0012765598061657191
leaf_weight=1665 174 197 459 296 2332 209 41 2292 100 69 29 29 142 146
leaf_count=1665 174 197 459 296 2332 209 41 2292 100 69 29 29 142 146
internal_value=5.54891e-12 5.10479e-05 -0.00018465 0.000302603 -0.000519879 0.000390172 -0.000765699 0.000513204 0.00137585 -0.000979793 7.1889e-05 0.000253631 -0.00172852 0.000676098
internal_weight=8180 8006 5302 2161 3141 668 2473 2704 141 266 1865 1694 171 2438
internal_count=8180 8006 5302 2161 3141 668 2473 2704 141 266 1865 1694 171 2438
is_linear=0
shrinkage=0.04


Tree=16
num_leaves=15
num_cat=0
split_feature=20 41 89 29 18 24 31 31 52 54 32 57 28 29
split_gain=0.564935 0.502322 0.52112 0.416604 0.439719 0.487449 0.634499 0.463671 0.506085 0.439749 0.379057 0.378787 0.353383 0.351843
threshold=0.022687506181396953 0.030436292671609636 4.2974648358339715e-12 0.013681290790422176 0.020165413796995203 0.011709724814406597 -0.24240406427292224 -0.13676133669149779 0.10537082261730903 0.14418325779868893 -0.28841627403722647 3729708662.288837 0.0080235341260211698 0.013546701244561414
decision_type=10 10 10 10 10 8 8 10 10 8 10 10 8 10
left_child=1 2 12 4 7 9 10 -4 -9 -6 -7 13 -1 -3
right_child=-2 11 3 -5 5 6 -8 8 -10 -11 -12 -13 -14 -15
leaf_value=0.00042219162763499669 -0.0022548394587998889 -0.0018015651232893887 -0.00069082939364385645 -0.0022015703636172573 0.004443784934085082 0.0012712001614272595 -0.00029675595640018295 0.0014544804184296136 -0.00096021581507360967 0.00099070929922163487 0.0049799238929811576 0.00064905448120801759 -0.00086341211015655535 0.0015175142912599055
leaf_weight=418 174 197 1019 114 102 290 644 435 204 140 52 2438 1884 69
leaf_count=418 174 197 1019 114 102 290 644 435 204 140 52 2438 1884 69
internal_value=2.00574e-13 4.9006e-05 -0.000177264 0.000170113 0.000263797 0.000837507 0.000442691 -0.000161122 0.000683591 0.00244614 0.0018351 0.000492676 -0.000629971 -0.000940601
internal_weight=8180 8006 5302 3000 2886 1228 986 1658 639 242 342 2704 2302 266
internal_count=8180 8006 5302 3000 2886 1228 986 1658 639 242 342 2704 2302 266
is_linear=0
shrinkage=0.04


Tree=17
num_leaves=15
num_cat=0
split_feature=18 32 59 59 25 31 89 30 29 88 89 59 23 32
split_gain=0.532831 0.531322 0.361854 0.778556 0.432938 0.35262 0.471607 0.465694 0.349221 0.560027 0.549061 0.5102 0.578626 0.463949
threshold=0.022939569475262104 -0.15859275553999844 12545755375.296906 9080296027.7545757 0.0096173244494341236 -0.065336319894907888 5.5766886319740823e-12 -0.11975108031070063 0.011613250868144047 0.27885462319945153 8.7102244457601066e-12 5943992236.8886299 0.016713947974872377 -0.19278049593144078
decision_type=8 8 8 10 10 10 10 10 8 10 10 10 10 10
left_child=1 8 3 5 -5 7 -7 -3 11 13 -11 12 -1 -10
right_child=-2 2 -4 4 -6 6 -8 -9 9 10 -12 -13 -14 -15
leaf_value=3.6450668100297313e-05 -0.00092981826738039008 0.0024087017923203149 0.0015262384196172093 -0.0024642615256431914 3.9902384493810439e-05 0.0030992730805708565 0.00028925519299189577 0.00017896091269292057 0.0013141895315793533 -0.00010132803837242692 -0.0031507831932334552 -0.00096033899795397047 0.0068963168412446976 -0.00063787009963830966
leaf_weight=1206 880 167 485 217 225 200 183 1461 805 509 116 1449 20 257
leaf_count=1206 880 167 485 217 225 200 183 1461 805 509 116 1449 20 257
internal_value=2.78067e-12 0.000112088 0.000527897 0.000330508 -0.00118952 0.000664596 0.00175663 0.000407687 -0.000167979 0.000282705 -0.000667307 -0.000452204 0.000148357 0.000841798
internal_weight=8180 7300 2938 2453 442 2011 383 1628 4362 1687 625 2675 1226 1062
internal_count=8180 7300 2938 2453 442 2011 383 1628 4362 1687 625 2675 1226 1062
is_linear=0
shrinkage=0.04


Tree=18
num_leaves=15
num_cat=0
split_feature=20 42 88 8 95 32 86 25 27 42 31 58 25 53
split_gain=0.511633 0.459938 0.450634 0.555083 0.449293 0.429439 0.571661 0.478102 0.353848 0.437676 0.507182 0.46461 0.396827 0.339095
threshold=0.022821390817359118 0.024288036009969875 0.5725735900611566 0.15714135986723213 0.63931888544891657 -0.20333386808356321 0.33384188841143653 0.010489270162987896 0.015371166728389092 0.34745148040811064 -0.072347287839409399 1091753837.0469306 0.0106130739146935 0.3465658267317227
decision_type=10 10 10 8 10 10 10 10 10 10 10 10 10 10
left_child=1 5 3 -3 8 6 -1 -7 9 10 11 -5 13 -12
right_child=-2 2 -4 4 -6 7 -8 -9 -10 -11 12 -13 -14 -15
leaf_value=-0.00018639822232253357 -0.0023548941580129081 0.0014316696572172843 -0.00070231903172964113 -0.005631411917274818 0.00126369555308445 0.00031451385999609944 0.0015052036850929393 -0.001781811539552513 -0.0015433358794587188 -0.0030676931080893155 0.0032779474811523886 1.9099424287990041e-05 -0.0023180469858550259 -0.00075916134661472429
leaf_weight=3685 145 892 492 24 483 264 350 511 242 64 177 779 31 41
leaf_count=3685 145 892 492 24 483 264 350 511 242 64 177 779 31 41
internal_value=3.52771e-12 4.24965e-05 0.00041209 0.000612708 0.000215905 -0.000205308 -3.9667e-05 -0.00106771 -0.000156762 0.00014391 0.000339293 -0.000149783 0.00191651 0.00251867
internal_weight=8180 8035 3225 2733 1841 4810 4035 775 1358 1116 1052 803 249 218
internal_count=8180 8035 3225 2733 1841 4810 4035 775 1358 1116 1052 803 249 218
is_linear=0
shrinkage=0.04


Tree=19
num_leaves=15
num_cat=0
split_feature=18 32 59 59 25 28 8 25 31 31 31 28 19 30
split_gain=0.478628 0.471659 0.338744 0.702254 0.394378 0.33415 0.429737 0.442207 0.610327 0.337022 0.372077 0.463307 0.422358 0.435137
threshold=0.022939569475262104 -0.15859275553999844 12545755375.296906 9080296027.7545757 0.0096173244494341236 0.012509474708973314 0.31244700690903277 0.01187729464757376 -0.096891870305990599 -0.13676133669149779 -0.21689403309009694 0.008100776671704871 0.020082592478158762 -0.11569518885297085
decision_type=8 8 8 10 10 10 8 10 10 10 10 10 10 10
left_child=1 5 3 -3 -5 9 7 -7 -9 10 12 -12 -1 -14
right_child=-2 2 -4 4 -6 6 -8 8 -10 -11 11 -13 13 -15
leaf_value=-0.0007980891221219692 -0.00088125669345291409 0.00062431553348260495 0.0014639367096236494 -0.0023532527144558401 3.6792580682473876e-05 -0.00014318654831389294 -0.0018466788000513277 0.0010772155045317229 0.0058128631801810113 0.00025008177035170233 0.00044959056136337704 -0.0013810286341203199 -0.00018239979082024477 0.0025683677551816358
leaf_weight=437 880 2011 485 217 225 510 119 469 48 984 274 1148 208 165
leaf_count=437 880 2011 485 217 225 510 119 469 48 984 274 1148 208 165
internal_value=1.39652e-12 0.000106234 0.000498002 0.00030702 -0.0011366 -0.00015764 0.000428841 0.000692509 0.00151689 -0.000366628 -0.000638511 -0.00102829 4.57736e-05 0.00103443
internal_weight=8180 7300 2938 2453 442 4362 1146 1027 517 3216 2232 1422 810 373
internal_count=8180 7300 2938 2453 442 4362 1146 1027 517 3216 2232 1422 810 373
is_linear=0
shrinkage=0.04


Tree=20
num_leaves=15
num_cat=0
split_feature=20 58 68 29 57 24 90 25 58 23 90 25 18 88
split_gain=0.470351 0.419734 0.463928 0.389579 0.434261 0.357132 0.637364 0.482092 0.410827 0.362264 0.357129 0.355899 0.351832 0.341537
threshold=0.022687506181396953 22542954933.66634 4.5218317697304213 0.011653624905227764 675574146.38435853 0.010876383664383904 4.4299101174715038e-12 0.013501599605201873 11131028334.325827 0.017117234141779718 1.7345384032904995e-12 0.009833968565911691 0.019174668255113218 -0.45245918128963269
decision_type=10 8 8 10 10 10 8 10 10 10 10 10 8 10
left_child=1 2 3 5 -5 6 8 9 -1 -7 -6 -10 -4 -8
right_child=-2 -3 12 4 10 7 13 -9 11 -11 -12 -13 -14 -15
leaf_value=-0.0013542195896988894 -0.0020574407982800543 -0.0012100058169863014 0.0018278600230494956 -0.0043839830893181988 0.0024591892355931037 -0.00086061594346279141 2.3517059472299906e-05 0.0013478624971125217 0.0026676486195116251 0.001988443082727089 0.00028377750758827071 -0.0010144791094801175 0.0002710478110652066 0.0018208738614051226
leaf_weight=437 174 405 407 31 126 2038 291 189 91 74 2894 78 541 404
leaf_count=437 174 405 407 31 126 2038 291 189 91 74 2894 78 541 404
internal_value=2.44673e-12 4.47158e-05 0.00011157 -6.39243e-06 0.00032619 -0.0002881 0.00024159 -0.00058759 -0.000706547 -0.000760791 0.00037454 0.000968205 0.000939426 0.00106831
internal_weight=8180 8006 7601 6653 3051 3602 1301 2301 606 2112 3020 169 948 695
internal_count=8180 8006 7601 6653 3051 3602 1301 2301 606 2112 3020 169 948 695
is_linear=0
shrinkage=0.04


Tree=21
num_leaves=15
num_cat=0
split_feature=20 42 42 88 8 95 24 32 27 42 31 58 59 68
split_gain=0.435878 0.385123 0.399651 0.399577 0.530826 0.400762 0.357433 0.371406 0.319923 0.395637 0.458442 0.42505 0.372633 0.309639
threshold=0.022821390817359118 0.024288036009969875 -0.24613910849429219 0.5725735900611566 0.15714135986723213 0.63931888544891657 0.010675894669840301 -0.20550272611645851 0.015371166728389092 0.34745148040811064 -0.072347287839409399 1091753837.0469306 7323854501.7736044 4.5218317697304213
decision_type=10 10 8 10 8 10 8 10 10 10 10 10 10 10
left_child=1 2 -1 4 -3 8 -4 -8 9 10 11 -6 13 -12
right_child=-2 3 6 -5 5 -7 7 -9 -10 -11 12 -13 -14 -15
leaf_value=0.0016355155393028178 -0.0021735766924644725 0.0013672039574813494 0.00036978177724731411 -0.00067195387437657601 -0.0054100546306775268 0.0011678846642484901 -0.00029511489787848545 -0.0014996572883726328 -0.0014920958377515189 -0.0029412410881195683 0.0021693518523659026 -5.4550640998152353e-06 -0.00037120296209607094 0.0070021188855171205
leaf_weight=185 145 892 1098 492 24 483 3054 473 242 64 140 779 84 25
leaf_count=185 145 892 1098 492 24 483 3054 473 242 64 140 779 84 25
internal_value=2.58921e-12 3.92245e-05 -0.000187532 0.000377425 0.000566337 0.000178301 -0.000260454 -0.000456654 -0.000173664 0.000112232 0.000297995 -0.000166987 0.00179751 0.00290159
internal_weight=8180 8035 4810 3225 2733 1841 4625 3527 1358 1116 1052 803 249 165
internal_count=8180 8035 4810 3225 2733 1841 4625 3527 1358 1116 1052 803 249 165
is_linear=0
shrinkage=0.04


Tree=22
num_leaves=15
num_cat=0
split_feature=18 32 90 20 19 24 23 58 58 42 66 31 54 89
split_gain=0.413351 0.395196 0.307672 0.320574 0.388916 0.333775 0.347092 0.306906 0.702188 0.342993 0.338292 0.33452 0.435663 0.429612
threshold=0.022939569475262104 -0.15859275553999844 1.3833561938379177e-12 0.019544371251076515 0.017823411453695474 0.013591402767365203 0.0079339198757107706 11952691661.826063 9323221599.6185532 0.32990706542001141 3.9890113959787459 -0.065336319894907888 0.27105013543275996 5.5766886319740823e-12
decision_type=8 8 10 10 10 10 10 10 10 10 10 8 8 10
left_child=1 2 -1 4 -4 6 -6 8 11 -10 -9 12 -3 -13
right_child=-2 7 3 -5 5 -7 -8 10 9 -11 -12 13 -14 -15
leaf_value=-0.0020749229349894451 -0.00081896007891555202 0.0012089612872936619 0.00058605353574865909 0.00020532334959445398 0.00068847658578306435 0.0025537727469992304 -0.001214573335958768 0.00027070461145129555 -0.00095031661740712097 -0.0054770940372013844 0.0025407655339539899 0.0026925261005376661 -0.00015372125936133249 0.00025357177304990194
leaf_weight=128 880 568 403 2501 178 45 1107 201 350 29 220 241 1107 222
leaf_count=128 880 568 403 2501 178 45 1107 201 350 29 220 241 1107 222
internal_value=-9.51979e-13 9.8724e-05 -0.000142815 -8.4405e-05 -0.00050253 -0.000832379 -0.00095096 0.000457333 0.000290133 -0.00129669 0.00145696 0.000571428 0.00030837 0.00152309
internal_weight=8180 7300 4362 4234 1733 1330 1285 2938 2517 379 421 2138 1675 463
internal_count=8180 7300 4362 4234 1733 1330 1285 2938 2517 379 421 2138 1675 463
is_linear=0
shrinkage=0.04


Tree=23
num_leaves=15
num_cat=0
split_feature=20 68 29 29 59 24 24 90 58 53 25 67 95 86
split_gain=0.397589 0.357003 0.339808 0.455798 0.477432 0.340581 0.366657 0.573959 0.367775 0.341554 0.408877 0.375363 0.337503 0.328361
threshold=0.022821390817359118 4.5218317697304213 0.011653624905227764 0.013291573709058506 809575605.07603705 0.015173876869007808 0.010876383664383904 4.4299101174715038e-12 11131028334.325827 0.10150097039084595 0.011433492272438462 3.5270841575931562 0.28594771241830069 0.65821897289190723
decision_type=10 10 10 10 10 10 8 8 10 10 10 10 10 10
left_child=1 2 5 12 -5 6 7 8 -1 10 -9 -11 -4 -6
right_child=-2 -3 3 4 13 -7 -8 9 -10 11 -12 -13 -14 -15
leaf_value=-0.0013111850963234135 -0.0020759149720442709 0.00081779316400241531 0.0045447436945908002 -0.0055443248897790913 -0.0002119666058469354 0.0022712006554421451 -0.00061807771893020473 0.0033110420192413387 0.00088618591644790178 0.0036621121787547327 0.00048152649281655614 -0.00031468923589071408 0.00047140316042129096 -0.0043563789228210229
leaf_weight=437 145 840 33 30 693 81 2660 167 169 43 160 325 2365 32
leaf_count=437 145 840 33 30 693 81 2660 167 169 43 160 325 2365 32
internal_value=5.70494e-13 3.74621e-05 -5.36398e-05 0.000257602 -0.000599506 -0.000296427 -0.000348933 0.000201355 -0.000698387 0.000985878 0.00192657 0.000149991 0.000527458 -0.000394892
internal_weight=8180 8035 7195 3153 755 4042 3961 1301 606 695 327 368 2398 725
internal_count=8180 8035 7195 3153 755 4042 3961 1301 606 695 327 368 2398 725
is_linear=0
shrinkage=0.04


Tree=24
num_leaves=15
num_cat=0
split_feature=18 32 42 20 88 23 87 32 32 31 18 67 86 32
split_gain=0.371113 0.351783 0.296623 0.287923 0.470805 0.318813 0.335577 0.292536 0.4393 0.614788 0.451103 0.395843 0.286313 0.425898
threshold=0.022939569475262104 -0.15859275553999844 -0.312956772652902 0.01965702573924075 0.50212575237405688 0.0078175889692513097 0.12097408378577286 -0.19278049593144078 -0.21059828565337921 -0.12539408576983821 0.019266587543582746 4.3520104653063711 0.3662475544824722 -0.26302464741580983
decision_type=8 8 8 10 10 10 10 10 10 10 10 10 10 10
left_child=1 2 -1 5 7 -4 12 8 10 -10 -5 -9 -7 -14
right_child=-2 -3 3 4 -6 6 -8 11 9 -11 -12 -13 13 -15
leaf_value=0.0040452307835221295 -0.00077599051214003183 0.00043188360648709339 0.00069142739008914804 -0.00053852299427996743 -0.00093971705756985108 -0.0014290772087858458 -4.794314155632835e-05 0.00068715832540815658 -4.0529168990635597e-05 0.0045509461072437904 0.00094110485192043113 -0.0023895522495736223 0.0037042044815089972 -0.0016597257324494422
leaf_weight=27 880 2938 295 524 512 890 674 139 86 102 889 129 45 50
leaf_count=27 880 2938 295 524 512 890 674 139 86 102 889 129 45 50
internal_value=1.28918e-12 9.35441e-05 -0.000134343 -0.000160375 0.000134941 -0.000520224 -0.000735678 0.000429337 0.000634083 0.00245059 0.000392396 -0.000793796 -0.00120627 0.000881083
internal_weight=8180 7300 4362 4335 2381 1954 1659 1869 1601 188 1413 268 985 95
internal_count=8180 7300 4362 4335 2381 1954 1659 1869 1601 188 1413 268 985 95
is_linear=0
shrinkage=0.04


Tree=25
num_leaves=15
num_cat=0
split_feature=20 58 59 29 29 32 7 67 88 67 23 31 59 17
split_gain=0.360032 0.33985 0.433457 0.628155 0.556138 0.570512 0.405694 0.403707 0.402329 0.558163 0.390504 0.371851 0.369957 0.363353
threshold=0.022687506181396953 2666760205.7613883 5943992236.8886299 0.011590057758114941 0.012852247417030274 -0.12409833136550434 0.12960673861416475 4.4121094869037814 -0.42023919942416493 4.4158447582785501 0.017312239320379074 -0.25157878615149337 928812120.76525998 0.014893675022076405
decision_type=10 10 10 10 10 10 8 10 10 10 10 8 10 10
left_child=1 7 4 8 5 10 -6 11 9 -4 -3 -1 -13 -5
right_child=-2 2 3 13 6 -7 -8 -9 -10 -11 -12 12 -14 -15
leaf_value=0.0012541287544050386 -0.0018000607797809096 0.0004829110096586293 0.0010853317432352534 0.0026953234962974362 0.00042777912002985128 0.0025252166297883749 -0.0020930702932828076 0.0013705774217926184 -0.0008663806252457569 -0.0020780151740958297 0.0046903843564602239 -0.00076146417075689376 -0.0027863519631612758 0.00026317383334925832
leaf_weight=105 174 1800 411 103 211 273 198 136 1723 114 36 556 195 2145
leaf_count=105 174 1800 411 103 211 273 198 136 1723 114 36 556 195 2145
internal_value=2.87542e-12 3.9122e-05 0.000137132 -9.81917e-05 0.000557312 0.000819098 -0.000792583 -0.000653862 -0.000570995 0.000398434 0.00056541 -0.000975501 -0.00128723 0.000374611
internal_weight=8180 8006 7014 4496 2518 2109 409 992 2248 525 1836 856 751 2248
internal_count=8180 8006 7014 4496 2518 2109 409 992 2248 525 1836 856 751 2248
is_linear=0
shrinkage=0.04


Tree=26
num_leaves=15
num_cat=0
split_feature=68 20 24 8 58 90 31 18 31 28 41 67 18 25
split_gain=0.352592 0.303124 0.289591 0.331834 0.287075 0.375076 0.398191 0.659597 0.455824 0.406193 0.382915 0.377191 0.339877 0.36257
threshold=4.5107061378237212 0.022821390817359118 0.0092211321327256065 0.22404331007781222 2666760205.7613883 9.0340324669119643e-12 -0.1434791350881249 0.020583139561305263 -0.23887176009324765 0.014499349559453588 -0.067702380378766899 4.436804577432949 0.022003795479063878 0.0095618488162939556
decision_type=10 10 10 10 10 10 8 10 10 10 8 10 10 8
left_child=1 4 3 -2 -1 6 7 -6 9 -9 -8 -7 13 -12
right_child=2 -3 -4 -5 5 11 10 8 -10 -11 12 -13 -14 -15
leaf_value=-0.00069027589185786378 0.00056277443451442936 -0.0019029165185217201 0.00040694112780260017 0.0041557581131107723 -0.00092444770951104053 0.00076079444455144076 0.0044844783111543888 0.0024823783632857187 -0.00018084082213722441 -0.00091414885834957527 -0.00066502204003423692 0.0044346468885325726 -0.0013845958601560234 0.00051168456612926292
leaf_weight=983 87 145 735 78 1534 260 34 236 676 74 500 54 199 2585
leaf_count=983 87 145 735 78 1534 260 34 236 676 74 500 54 199 2585
internal_value=-7.16308e-13 -9.23368e-05 0.000746902 0.00226128 -5.55416e-05 4.58797e-05 -2.65546e-05 -0.000405618 0.000401568 0.00167159 0.000261342 0.0013926 0.000217618 0.00032097
internal_weight=8180 7280 900 165 7135 6152 5838 2520 986 310 3318 314 3284 3085
internal_count=8180 7280 900 165 7135 6152 5838 2520 986 310 3318 314 3284 3085
is_linear=0
shrinkage=0.04


Tree=27
num_leaves=15
num_cat=0
split_feature=68 56 24 89 29 87 42 89 68 42 25 54 41 23
split_gain=0.327065 0.369888 0.336081 0.305769 0.415886 0.395261 0.325368 0.3191 0.354886 0.699323 0.392529 0.364995 0.360735 0.330103
threshold=4.4835511960451848 1023655556.7674767 0.0092211321327256065 1.3321662200980956e-11 0.015102281076192952 0.77789677542633817 -0.079299507381572751 6.4834698477833663e-12 4.2020339293052302 0.22343414815185839 0.0096173244494341236 0.61220279720031001 0.021364944556234836 0.0090362569272291731
decision_type=10 10 10 8 10 10 10 10 10 10 10 10 8 10
left_child=3 -2 -3 4 7 -5 -7 8 9 -1 -10 -11 -12 -9
right_child=1 2 -4 5 -6 6 -8 13 10 11 12 -13 -14 -15
leaf_value=-1.3500562693171447e-05 0.0051049260897883053 0.0020782230959815458 0.00019602779025505187 -0.00041673772264408729 -0.0031208143515317746 -0.0014093522604388914 -0.0055307500877163629 -0.00074040943905479321 -0.0020062611350999309 0.0039650523890698451 -0.00072301150751151011 0.00079214542022635866 0.00055278659116280609 0.00089739792425157629
leaf_weight=2533 29 184 867 943 67 101 44 241 251 109 1084 124 527 1076
leaf_count=2533 29 184 867 943 67 101 44 241 251 109 1084 124 527 1076
internal_value=9.33173e-13 0.000648511 0.000525546 -9.86468e-05 1.30222e-05 -0.0007157 -0.00265998 4.83404e-05 -0.00010799 0.0001794 -0.000534907 0.00227647 -0.000305665 0.000597693
internal_weight=8180 1080 1051 7100 6012 1088 145 5945 4628 2766 1862 233 1611 1317
internal_count=8180 1080 1051 7100 6012 1088 145 5945 4628 2766 1862 233 1611 1317
is_linear=0
shrinkage=0.04


Tree=28
num_leaves=15
num_cat=0
split_feature=18 68 88 24 29 29 88 23 53 89 31 25 86 22
split_gain=0.308417 0.286448 0.304763 0.319446 0.271058 0.345781 0.453733 0.343768 0.324279 0.421283 0.353719 0.434915 0.374808 0.288331
threshold=0.022939569475262104 4.5218317697304213 0.85282562497448722 0.0092211321327256065 0.011653624905227764 0.013291573709058506 0.26093363061651215 0.018083567944791382 0.38560430007555119 2.7695722904589474e-12 -0.079852910790267947 0.01190300859120298 -0.2223205859919474 0.0082984744575040643
decision_type=8 8 10 8 10 8 10 10 10 10 10 10 8 10
left_child=1 4 3 -3 7 8 -7 -1 10 -10 12 -12 -6 -14
right_child=-2 2 -4 -5 5 6 -8 -9 9 -11 11 -13 13 -15
leaf_value=-0.00027540003024553391 -0.00070741252388754883 0.0029414879395035171 -0.00066349041275030028 0.00073222682102312957 -0.0015439929404677262 0.00018553633641920787 -0.0021965620926058995 0.0047403439855605196 0.0018500126132654938 -0.0029630058571282359 0.0011586627849481173 0.0049191290800247277 -0.00022065532483866765 0.00094418914339911453
leaf_weight=3518 880 126 197 620 149 396 189 22 43 90 360 57 509 1024
leaf_count=3518 880 126 197 620 149 396 189 22 43 90 360 57 509 1024
internal_value=5.11207e-12 8.52771e-05 0.000735844 0.00110537 -1.12282e-05 0.000281573 -0.000584065 -0.000244229 0.000508454 -0.00140692 0.000629819 0.00167268 0.000371273 0.000557427
internal_weight=8180 7300 943 746 6357 2817 585 3540 2232 133 2099 417 1682 1533
internal_count=8180 7300 943 746 6357 2817 585 3540 2232 133 2099 417 1682 1533
is_linear=0
shrinkage=0.04


Tree=29
num_leaves=15
num_cat=0
split_feature=87 32 18 90 18 59 57 29 20 29 88 42 32 53
split_gain=0.302632 0.322743 0.337287 0.332814 0.381326 0.324167 0.676671 0.426792 0.465687 0.31427 0.364386 0.271579 0.259048 0.25805
threshold=-0.99443577882794043 -0.16901130927353883 0.022432995394028706 1.59198925986849e-11 0.018377962824049958 7295417227.9008913 12179844051.425016 0.012852247417030274 0.02010410924224133 0.013607017591389168 -0.63786837159581844 -0.312956772652902 -0.17451892973225044 0.3465658267317227
decision_type=10 8 8 10 10 10 10 10 10 10 10 8 10 10
left_child=-1 9 3 5 -5 7 -7 13 -9 11 -11 -2 -13 -3
right_child=1 2 -4 4 -6 6 -8 8 -10 10 -12 12 -14 -15
leaf_value=-0.00068430108050747287 0.0040375629472188083 0.0014992534140480377 -0.001018299946092482 -0.0058545346185564992 -0.00041907830604326888 -0.0005037228148947828 0.0015430026859720735 -0.0015823101191216606 0.0028121002392843364 0.0026304576940396254 -0.0017323785260037904 -2.8765765728605921e-06 -0.0018125900793962808 -0.00081197738257539744
leaf_weight=918 26 1124 246 24 148 808 380 169 50 34 309 3730 131 83
leaf_count=918 26 1124 246 24 148 808 380 169 50 34 309 3730 131 83
internal_value=8.05759e-13 8.65035e-05 0.000401471 0.000526835 -0.00117751 0.00063898 0.000150954 0.00104555 -0.00057902 -0.00013926 -0.00129991 -3.68413e-05 -6.42784e-05 0.00134032
internal_weight=8180 7262 3032 2786 172 2614 1188 1426 219 4230 343 3887 3861 1207
internal_count=8180 7262 3032 2786 172 2614 1188 1426 219 4230 343 3887 3861 1207
is_linear=0
shrinkage=0.04


Tree=30
num_leaves=15
num_cat=0
split_feature=68 56 24 88 42 68 25 54 29 88 89 42 52 29
split_gain=0.280497 0.347808 0.282421 0.274487 0.272764 0.663689 0.424208 0.310263 0.30037 0.43371 0.2588 0.437836 0.351857 0.330937
threshold=4.4835511960451848 1023655556.7674767 0.0092211321327256065 -0.066761330367549984 0.22343414815185839 4.2582023325834095 0.0090731071780174276 0.65140085758485344 0.013646110741329197 0.23786121571741883 1.3321662200980956e-11 -0.02773190951821974 0.042314130086291042 0.011590057758114941
decision_type=10 10 10 10 10 10 10 10 10 10 8 10 8 8
left_child=4 -2 3 -3 8 7 -7 -6 10 -10 13 12 -12 -1
right_child=1 2 -4 -5 5 6 -8 -9 9 -11 11 -13 -14 -15
leaf_value=-0.00026202690508019168 0.0049219266864760167 0.003305192542859436 0.00017926438029875901 0.00020041857722652965 0.002984674140799701 -0.0058411962747573851 -0.00030184644051284222 0.00048144000516597022 -0.00039865518534814171 -0.003280158494458662 0.0010704158948643676 -0.0027148707207163857 -0.00080868670943744746 0.00038393110742383156
leaf_weight=2889 29 101 867 83 186 25 192 138 299 116 213 145 634 2263
leaf_count=2889 29 101 867 83 186 25 192 138 299 116 213 145 634 2263
internal_value=8.17327e-13 0.000600572 0.000481333 0.00190467 -9.13545e-05 0.000771911 -0.00094002 0.00191848 -0.000162558 -0.00120409 -9.22078e-05 -0.000683836 -0.000336138 2.17081e-05
internal_weight=8180 1080 1051 184 7100 541 217 324 6559 415 6144 992 847 5152
internal_count=8180 1080 1051 184 7100 541 217 324 6559 415 6144 992 847 5152
is_linear=0
shrinkage=0.04


Tree=31
num_leaves=15
num_cat=0
split_feature=20 87 41 59 29 32 96 89 88 88 67 42 42 31
split_gain=0.27557 0.291743 0.296132 0.329835 0.449223 0.315488 0.366622 0.369441 0.317047 0.2997 0.417497 0.329659 0.290494 0.283593
threshold=0.022821390817359118 -0.99443577882794043 0.053470207595128667 5943992236.8886299 0.012696172018772779 -0.1160210113375043 0.54311626523936973 2.0251600989057452e-11 -0.39882635527330607 -0.60906620684195323 4.5478501183547761 0.13430015974307133 0.02762504564327373 -0.048686590895025077
decision_type=10 10 10 10 10 10 10 10 10 10 10 10 10 8
left_child=1 -1 3 4 5 6 8 12 -3 10 11 -5 -8 -4
right_child=-2 2 13 9 -6 -7 7 -9 -10 -11 -12 -13 -14 -15
leaf_value=-0.00064074947231688886 -0.0017282566854385018 -0.00018198908398958579 0.00066669108287165449 0.0024907243976100201 -0.0011153655504670778 0.0029607523534536722 -0.0016531424649498042 -0.003362454432188659 0.0010120711493486689 -0.00041559963465183386 -0.0036373253690975683 -0.001243148878263072 0.0016255486170253294 -0.0022524727096950468
leaf_weight=916 145 509 1671 166 299 83 85 74 1182 2831 27 49 88 55
leaf_count=916 145 509 1671 166 299 83 85 74 1182 2831 27 49 88 55
internal_value=1.22736e-12 3.11882e-05 0.000117646 -2.83017e-05 0.000331721 0.000545813 0.000442387 -0.000997127 0.000652653 -0.000300106 0.00105098 0.00163975 1.4631e-05 0.00057367
internal_weight=8180 8035 7119 5393 2320 2021 1938 247 1691 3073 242 215 173 1726
internal_count=8180 8035 7119 5393 2320 2021 1938 247 1691 3073 242 215 173 1726
is_linear=0
shrinkage=0.04


Tree=32
num_leaves=15
num_cat=0
split_feature=42 42 23 54 24 68 41 32 32 25 68 32 58 98
split_gain=0.262475 0.263733 0.330178 0.428802 0.425242 0.411355 0.311124 0.351291 0.29379 0.349738 0.298661 0.634595 0.422012 0.334532
threshold=-0.312956772652902 0.024288036009969875 0.011701669095220265 0.20618377363849219 0.013538805479269332 3.7354036194226916 0.067196913656395921 -0.063618843832578861 -0.20333386808356321 0.010714718372604704 4.3055903643084541 -0.20878952799098163 5186505973.8280897 0.43541666666666673
decision_type=8 10 10 10 10 10 8 10 10 10 10 10 10 10
left_child=-1 8 3 -3 -4 -5 -7 -8 10 -10 -2 12 13 -12
right_child=1 2 4 5 -6 6 7 -9 9 -11 11 -13 -14 -15
leaf_value=0.0037986875739719336 -0.00028027663676283672 0.0016016459660373773 0.0010018272836157663 0.0020583180480245591 -0.002773931925371289 -0.00079679254768233714 0.00043053498430577284 -0.0049467782862484457 3.8368532996021173e-06 -0.0017005668987929866 -0.0014329486169819055 0.0055572929801909546 -0.00022620960984640802 0.0019230413671092064
leaf_weight=29 2945 232 1049 119 50 1084 692 20 358 417 56 38 777 314
leaf_count=29 2945 232 1049 119 50 1084 692 20 358 417 56 38 777 314
internal_value=3.91052e-12 -1.35151e-05 0.000266178 -2.24531e-05 0.000830046 -0.000219211 -0.000370116 0.000279487 -0.000198609 -0.000913242 -6.45067e-05 0.000471732 0.000303248 0.00141511
internal_weight=8180 8151 3246 2147 1099 1915 1796 712 4905 775 4130 1185 1147 370
internal_count=8180 8151 3246 2147 1099 1915 1796 712 4905 775 4130 1185 1147 370
is_linear=0
shrinkage=0.04


Tree=33
num_leaves=15
num_cat=0
split_feature=68 88 24 54 22 18 48 29 88 29 42 8 24 20
split_gain=0.250092 0.276871 0.256297 0.239702 0.237157 0.233889 0.303228 0.271452 0.304357 0.539856 0.413058 0.380223 0.358909 0.358385
threshold=4.5218317697304213 0.85282562497448722 0.0092211321327256065 0.49772020835132852 0.022816925235729934 0.022939569475262104 -0.20259380439626748 0.011653624905227764 0.27885462319945153 0.013607017591389168 0.0036668676661096859 0.10333250919337912 0.0084921836299029271 0.020611184436769955
decision_type=10 8 10 10 10 8 8 8 10 10 8 8 8 8
left_child=4 2 -2 -4 5 7 -7 -1 11 10 -10 -9 -13 -12
right_child=1 -3 3 -5 -6 6 -8 8 9 -11 13 12 -14 -15
leaf_value=-0.00024404050226443122 0.0026744410844283207 -0.00065386270899019875 0.00091544636957053302 -0.0022722849027230975 0.0035994279943406581 0.0013256274285844947 -0.0010017346530704486 0.0012570226191367545 -0.0010949731210712344 -0.0029989785575916202 0.00034430237671493664 -0.0020673541418797926 0.0003176332047021586 0.0036665350798284636
leaf_weight=3531 126 198 475 41 28 102 735 731 285 111 276 109 1368 64
leaf_count=3531 126 198 475 41 28 102 735 731 285 111 276 109 1368 64
internal_value=2.06349e-13 0.000653795 0.00105709 0.000662158 -7.48213e-05 -8.88911e-05 -0.000718113 -7.55384e-06 0.000276086 -0.000428354 2.81894e-05 0.000510899 0.000141625 0.000969664
internal_weight=8180 840 642 516 7340 7312 837 6475 2944 736 625 2208 1477 340
internal_count=8180 840 642 516 7340 7312 837 6475 2944 736 625 2208 1477 340
is_linear=0
shrinkage=0.04


Tree=34
num_leaves=15
num_cat=0
split_feature=42 31 24 59 37 89 59 32 32 32 42 27 42 25
split_gain=0.244197 0.249163 0.39675 0.378472 0.347556 0.407917 0.467936 0.365708 0.347773 0.599963 0.418439 0.347821 0.340583 0.312874
threshold=-0.312956772652902 -0.14962775596734743 0.012752199395268326 20898467521.409191 0.0035945703882933615 3.8283161175279371e-12 11455685478.47373 -0.25210123476290097 -0.20550272611645851 -0.21059828565337921 0.083130951683525814 0.015884211426444878 0.013486056626691447 0.011965401951283301
decision_type=8 10 10 10 10 10 10 8 8 10 10 10 8 10
left_child=-1 -2 3 4 5 6 -3 -6 9 10 -9 12 -10 -11
right_child=1 2 -4 -5 7 -7 -8 8 11 13 -12 -13 -14 -15
leaf_value=0.0036640384896048186 -0.00025350881945726371 -0.00088019593799488322 -0.0013706517116298803 -0.002088628075772985 -0.0010538909759055461 0.0015618124029081729 0.0020607678078260029 0.0012422921411904633 -0.0014481152541883384 0.0014453050188827689 -0.0033205896047875283 -0.0011191613257962305 0.0004710705051047501 0.0061116882120924336
leaf_weight=29 3735 298 246 105 372 675 122 164 161 39 40 313 1825 56
leaf_count=29 3735 298 246 105 372 675 122 164 161 39 40 313 1825 56
internal_value=2.39849e-13 -1.30361e-05 0.000190353 0.000282441 0.000343686 0.000952821 -2.5916e-05 0.000119106 0.000287064 0.00157035 0.000347609 0.000120165 0.000315487 0.00419602
internal_weight=8180 8151 4416 4170 4065 1095 420 2970 2598 299 204 2299 1986 95
internal_count=8180 8151 4416 4170 4065 1095 420 2970 2598 299 204 2299 1986 95
is_linear=0
shrinkage=0.04


Tree=35
num_leaves=15
num_cat=0
split_feature=87 20 41 59 29 23 32 96 89 90 66 74 88 67
split_gain=0.241318 0.250347 0.251795 0.286019 0.403969 0.295095 0.296519 0.299794 0.33325 0.276271 0.328953 0.273889 0.26965 0.370827
threshold=-0.99443577882794043 0.022821390817359118 0.053470207595128667 5943992236.8886299 0.012696172018772779 0.018536806358213139 -0.1160210113375043 0.54311626523936973 2.0251600989057452e-11 5.4741460747290069e-12 4.6783839922913772 -0.17140630446903962 -0.60906620684195323 4.5478501183547761
decision_type=10 10 10 10 10 10 10 10 10 8 10 8 10 10
left_child=-1 2 3 4 5 6 7 11 -9 10 -4 -2 13 -5
right_child=1 -3 9 12 -6 -7 -8 8 -10 -11 -12 -13 -14 -15
leaf_value=-0.00061106142772981498 0.0018923882503406517 -0.0015798397013556109 0.00066892778107287786 0.0015592938632593319 -0.0010610530790251861 0.004667962477219084 0.0027985232343605481 1.6878462299661487e-05 -0.003190532942503892 -6.5023882388348862e-05 0.0027592261659613411 0.00035326640651871683 -0.00038670696287020496 -0.0034140950551739446
leaf_weight=918 212 143 863 215 299 27 83 173 74 723 140 1452 2831 27
leaf_count=918 212 143 863 215 299 27 83 173 74 723 140 1452 2831 27
internal_value=2.18675e-12 7.72452e-05 0.000110531 -2.40483e-05 0.00031121 0.000514232 0.000457988 0.000356332 -0.000944046 0.000531034 0.000960694 0.000549356 -0.000277156 0.00100441
internal_weight=8180 7262 7119 5393 2320 2021 1994 1911 247 1726 1003 1664 3073 242
internal_count=8180 7262 7119 5393 2320 2021 1994 1911 247 1726 1003 1664 3073 242
is_linear=0
shrinkage=0.04


Tree=36
num_leaves=15
num_cat=0
split_feature=68 56 88 24 42 68 32 54 29 88 64 22 29 24
split_gain=0.224743 0.307007 0.240732 0.280505 0.22438 0.57389 0.386346 0.280044 0.252398 0.348645 0.240669 0.211451 0.210759 0.311564
threshold=4.4835511960451848 1023655556.7674767 0.67627259131497564 0.0092211321327256065 0.22343414815185839 4.2582023325834095 -0.089307136694028608 0.65140085758485344 0.013646110741329197 0.23786121571741883 4.3667145668466265 0.022816925235729934 0.011653624905227764 0.015108132930242584
decision_type=10 10 8 10 10 10 10 10 10 10 10 10 10 10
left_child=4 -2 3 -3 8 7 -7 10 11 -10 -6 12 13 -1
right_child=1 2 -4 -5 5 6 -8 -9 9 -11 -12 -13 -14 -15
leaf_value=-0.00033563873883996808 0.0045975692004993048 0.0023329015700427826 -0.00064402361748473009 0.00040785311373389921 0.0016880592452638418 0.0001166700379253598 -0.0037184644856473859 0.00040211371222065523 -0.00037895525069502869 -0.0029624731402747846 0.0046757165295147228 0.0033862529106305113 0.00020929479325320182 0.0019376748978428429
leaf_weight=3760 29 149 255 647 118 160 57 138 299 116 68 28 2257 99
leaf_count=3760 29 149 255 647 118 160 57 138 299 116 68 28 2257 99
internal_value=3.65211e-13 0.00053758 0.000425554 0.000768195 -8.17728e-05 0.000701194 -0.000890716 0.00176738 -0.000146354 -0.0011011 0.00278032 -8.1865e-05 -9.77426e-05 -0.000277318
internal_weight=8180 1080 1051 796 7100 541 217 324 6559 415 186 6144 6116 3859
internal_count=8180 1080 1051 796 7100 541 217 324 6559 415 186 6144 6116 3859
is_linear=0
shrinkage=0.04


Tree=37
num_leaves=15
num_cat=0
split_feature=18 87 41 89 31 89 29 42 30 32 24 32 90 74
split_gain=0.223198 0.230472 0.227329 0.263345 0.277524 0.225426 0.366632 0.313109 0.306448 0.294299 0.272652 0.389553 0.268595 0.262143
threshold=0.025540900281703322 -0.99443577882794043 0.053470207595128667 3.6272695040366921e-12 -0.053643606114492585 4.1396427333804708e-12 0.012696172018772779 -0.06995044701073598 -0.03642943598522224 -0.30790441086298337 0.015108132930242584 -0.29877063705160495 5.010441307886408e-12 -0.38849188970544574
decision_type=10 10 10 10 8 10 10 10 10 10 10 10 10 10
left_child=1 -1 5 -4 -5 9 7 8 -7 12 11 -11 -3 -9
right_child=-2 2 3 4 -6 6 -8 13 -10 10 -12 -13 -14 -15
leaf_value=-0.0005800947291115079 -0.0023908784603249404 0.00069473958043462288 0.0010955034652403717 0.0002442800784594555 -0.0026760569648309187 0.00010797079170637952 -0.00086188977124853911 -0.0027142734690146016 -0.0022170098852270195 -0.0043225533254039675 0.0035145640313625336 -0.00058653247327671671 -0.0019533758240657438 0.00089685447692438431
leaf_weight=914 62 548 696 976 55 1398 464 33 97 46 25 1527 69 1270
leaf_count=914 62 548 696 976 55 1398 464 33 97 46 25 1527 69 1270
internal_value=2.81237e-12 1.826e-05 9.41756e-05 0.000494328 8.8491e-05 -3.19999e-05 0.000179464 0.000352154 -4.28808e-05 -0.000343419 -0.000629918 -0.000695787 0.000398597 0.000805398
internal_weight=8180 8118 7204 1727 1031 5477 3262 2798 1495 2215 1598 1573 617 1303
internal_count=8180 8118 7204 1727 1031 5477 3262 2798 1495 2215 1598 1573 617 1303
is_linear=0
shrinkage=0.04


Tree=38
num_leaves=15
num_cat=0
split_feature=42 17 30 31 42 23 42 24 30 31 19 20 24 38
split_gain=0.221838 0.215276 0.269223 0.322454 0.215436 0.362399 0.445402 0.367088 0.313474 0.307792 0.545223 0.378036 0.373283 0.33608
threshold=-0.312956772652902 0.015122469343151717 -0.035042186791399414 -0.17223374047525056 0.024288036009969875 0.011729036829322281 0.058056173761321335 0.013538805479269332 -0.06369774790744219 -0.2309290349503513 0.020057076276652836 0.022118750998402246 0.010675894669840301 -0.074872360267882951
decision_type=8 8 8 8 10 10 10 10 8 8 8 10 8 10
left_child=-1 2 3 -2 9 6 -6 -7 -8 10 -3 -12 13 -11
right_child=1 4 -4 -5 5 7 8 -9 -10 12 11 -13 -14 -15
leaf_value=0.0034922700903603225 -0.00055969983920424189 -0.00090978299973980368 -0.0008608084169522155 0.0018602646887517981 0.0010858489314325463 0.00093956566312809243 -0.0012984199364037385 -0.0025696063831448556 -6.2753750048351567e-05 0.001544707499243834 0.0016119512379791298 -0.00069538636787517649 -0.00065614656674052021 -0.00018331912736617336
leaf_weight=29 121 339 131 324 384 1035 470 50 1091 246 489 148 2651 672
leaf_count=29 121 339 131 324 384 1035 470 50 1091 246 489 148 2651 672
internal_value=9.6073e-13 -1.2425e-05 0.000733049 0.00120225 -6.91105e-05 0.00019215 -0.000134579 0.000777853 -0.000434799 -0.000243284 0.000386179 0.00107587 -0.000415421 0.000279747
internal_weight=8180 8151 576 445 7575 3030 1945 1085 1561 4545 976 637 3569 918
internal_count=8180 8151 576 445 7575 3030 1945 1085 1561 4545 976 637 3569 918
is_linear=0
shrinkage=0.04


Tree=39
num_leaves=15
num_cat=0
split_feature=42 42 58 68 68 88 65 24 53 30 90 76 89 20
split_gain=0.208173 0.285649 0.651868 0.382456 0.289606 0.331997 0.277689 0.248925 0.280424 0.242483 0.228744 0.302201 0.215771 0.212831
threshold=0.34745148040811064 0.22343414815185839 12211181920.149284 3.9954229285896128 4.4393434715920224 0.27885462319945153 4.5350245493857164 0.010267054726071482 0.3465658267317227 -0.10026176109396882 6.7724797149205866e-12 0.23429428650677522 2.1597036846867122e-12 0.019464327774478731
decision_type=10 10 10 10 10 10 10 10 10 10 8 10 10 8
left_child=1 4 3 -3 -1 7 -2 8 13 -5 12 -12 -9 -6
right_child=6 2 -4 9 5 -7 -8 10 -10 -11 11 -13 -14 -15
leaf_value=-0.00015521453295285441 -0.00069537363713607198 0.0020706320624138182 0.0043361435418927084 0.001640435265474701 0.0018156565163046756 -0.00026822043245316464 -0.006095126572996378 0.0039302087592130355 -0.00020037933081359119 -0.00094933596365637035 0.0028076160165660998 -0.0024140915203662147 -0.00014879349121275321 0.0047661125619631655
leaf_weight=6278 64 145 76 74 94 517 20 22 58 265 114 21 365 67
leaf_count=6278 64 145 76 74 94 517 20 22 58 265 114 21 365 67
internal_value=2.10085e-12 2.05542e-05 0.000892155 0.000351363 -4.42145e-05 0.000509727 -0.00198103 0.00105251 0.00218438 -0.000384017 0.000577638 0.00199535 8.30878e-05 0.00304349
internal_weight=8180 8096 560 484 7536 1258 84 741 219 339 522 135 387 161
internal_count=8180 8096 560 484 7536 1258 84 741 219 339 522 135 387 161
is_linear=0
shrinkage=0.04


Tree=40
num_leaves=15
num_cat=0
split_feature=42 18 88 68 68 50 32 57 58 24 42 18 7 68
split_gain=0.205445 0.199449 0.249879 0.272331 0.251961 0.253227 0.274928 0.250887 0.479328 0.383935 0.333869 0.358937 0.323933 0.315707
threshold=-0.312956772652902 0.022939569475262104 0.54850434429730532 4.5218317697304213 3.9466062501247587 -0.25458936173513114 -0.38409033539980314 11236842592.935537 17649188708.710903 0.0085951265416417504 0.34745148040811064 0.020554132555651267 inf 3.6299198809639353
decision_type=8 8 10 8 10 8 10 10 10 10 10 10 8 10
left_child=-1 2 3 7 -4 6 -6 10 9 -9 11 -2 13 -13
right_child=1 -3 4 -5 5 -7 -8 8 -10 -11 -12 12 -14 -15
leaf_value=0.0033607610599298418 -0.00022977358504085255 -0.00058143861439600921 0.0013378932691817422 0.00090579038480197713 -0.001415636450285092 -0.00097582756530436318 0.001459279549337408 -0.00301341860411832 -0.00036100073855712962 0.0020134388106050412 -0.0043988198095134328 -0.0030428360865584442 -0.0027226018251436156 0.00081403018840029014
leaf_weight=29 3385 878 112 696 80 855 159 26 337 374 28 35 46 1140
leaf_count=29 3385 878 112 696 80 855 159 26 337 374 28 35 46 1140
internal_value=-5.40173e-13 -1.19571e-05 5.6791e-05 0.000161324 -0.000469083 -0.000654075 0.000496965 6.48529e-05 0.000750366 0.00168669 -4.41724e-05 -1.77004e-05 0.000570234 0.000699145
internal_weight=8180 8151 7273 6067 1206 1094 239 5371 737 400 4634 4606 1221 1175
internal_count=8180 8151 7273 6067 1206 1094 239 5371 737 400 4634 4606 1221 1175
is_linear=0
shrinkage=0.04


Tree=41
num_leaves=15
num_cat=0
split_feature=20 87 52 74 17 59 29 88 96 57 68 57 68 29
split_gain=0.199015 0.207673 0.204261 0.20231 0.208522 0.245325 0.363696 0.404592 0.339604 0.271507 0.241829 0.234598 0.219091 0.323433
threshold=0.022821390817359118 -0.99443577882794043 0.062292071172889603 -0.38849188970544574 0.014893675022076405 5943992236.8886299 0.011102103043743218 -0.41371987451112185 0.54311626523936973 5885512294.6734972 4.1777104859591461 5757733129.9890089 4.3327839662091607 0.013265433230325497
decision_type=10 10 10 8 10 8 8 10 10 10 10 10 10 10
left_child=1 -1 -2 -3 -5 8 7 10 12 -9 -7 -10 13 -6
right_child=2 3 -4 4 5 6 -8 9 11 -11 -12 -13 -14 -15
leaf_value=-0.00054041184408322798 -0.00017115317071866558 -0.0018065652719550683 -0.0032057549256921535 0.000995302852206541 0.00052196461526734248 0.0018425582788517661 0.00016004450663606359 -0.00271180707317724 -0.00083120140176508154 -0.00072929772342107462 -0.00076787821150251802 0.0011390038973865255 0.0012344017619525403 -0.0017224652789549768
leaf_weight=916 83 88 62 413 1241 151 2552 123 498 1090 91 120 640 112
leaf_count=916 83 88 62 413 1241 151 2552 123 498 1090 91 120 640 112
internal_value=1.84751e-12 2.65044e-05 -0.00146871 9.94493e-05 0.000123305 6.88875e-05 -0.000127702 -0.000632397 0.000370586 -0.000930327 0.000860948 -0.000448637 0.000624616 0.000336173
internal_weight=8180 8035 145 7119 7031 6618 4007 1455 2611 1213 242 618 1993 1353
internal_count=8180 8035 145 7119 7031 6618 4007 1455 2611 1213 242 618 1993 1353
is_linear=0
shrinkage=0.04


Tree=42
num_leaves=15
num_cat=0
split_feature=18 41 8 59 31 24 37 89 68 41 19 58 24 20
split_gain=0.188308 0.188135 0.200859 0.314453 0.234892 0.336167 0.331576 0.467558 0.338703 0.288684 0.314234 0.489819 0.280733 0.272487
threshold=0.025540900281703322 -0.1764684263064841 -0.35098527287641551 4674648068.7278481 -0.14962775596734743 0.012752199395268326 0.0035945703882933615 3.8283161175279371e-12 4.2653831334364343 -0.089260367194003751 0.020324082127788013 6360145758.2061453 0.011808049623671277 0.0192618817487351
decision_type=10 8 8 10 10 10 10 10 10 8 8 10 10 10
left_child=1 -1 3 -3 9 6 7 8 -6 10 11 13 -13 -4
right_child=-2 2 4 -5 5 -7 -8 -9 -10 -11 -12 12 -14 -15
leaf_value=-0.002143390924807136 -0.002196069638575277 0.0025925619755458509 0.0050792667785516154 -1.9309842155652717e-05 0.00066371663315029528 -0.0012561202988927405 5.2138568459039858e-05 0.0015368455100780061 -0.0015989787368717032 -0.00043361715059892669 0.001385173723746766 -0.0044096763369304189 -0.00079406287644625357 0.00049655420367732573
leaf_weight=64 62 124 26 182 309 244 3013 665 161 2740 323 49 115 103
leaf_count=64 62 124 26 182 309 244 3013 665 161 2740 323 49 115 103
internal_value=7.34915e-13 1.67722e-05 3.39376e-05 0.0010391 -5.76019e-06 0.000186761 0.000271637 0.000854322 -0.000111377 -0.000257713 0.000524717 -0.000423841 -0.00187434 0.0014202
internal_weight=8180 8118 8054 306 7748 4392 4148 1135 470 3356 616 293 164 129
internal_count=8180 8118 8054 306 7748 4392 4148 1135 470 3356 616 293 164 129
is_linear=0
shrinkage=0.04


Tree=43
num_leaves=15
num_cat=0
split_feature=20 87 41 90 66 59 23 59 57 67 42 29 88 42
split_gain=0.183611 0.190319 0.19705 0.2285 0.270854 0.250436 0.213635 0.227154 0.308515 0.29656 0.289706 0.288905 0.278509 0.492706
threshold=0.022821390817359118 -0.99443577882794043 0.053470207595128667 5.4741460747290069e-12 4.6783839922913772 6060725962.8521614 0.0066075692000221791 5943992236.8886299 5787603592.6721869 4.4965564304473338 -0.071586235421131281 0.012696172018772779 -0.48714150820568752 0.14449567723993242
decision_type=10 10 10 8 10 8 10 10 10 10 10 10 10 10
left_child=1 -1 6 4 -4 -5 -3 11 9 -9 -11 -8 13 -10
right_child=-2 2 3 5 -6 -7 7 8 12 10 -12 -13 -14 -15
leaf_value=-0.00051725500833530867 -0.0014107222236845449 -0.0014970983384562098 0.0005932821682453663 0.00029162693109352917 0.0024900267745418076 -0.0015872855886242333 0.00049397864853862542 -0.0021582585207617654 0.0015199258407236824 -0.0017203884110564278 0.0050063730720430613 -0.00089026938086714258 -0.00026552784337231344 -0.0016343366714678339
leaf_weight=916 145 153 863 582 140 141 1965 210 355 21 20 275 2292 102
leaf_count=916 145 153 863 582 140 141 1965 210 355 21 20 275 2292 102
internal_value=6.99915e-13 2.5458e-05 9.52887e-05 0.00046728 0.000858032 -7.48e-05 -2.37652e-05 1.92539e-05 -0.000208318 -0.00155074 0.00156096 0.000324037 -8.5747e-05 0.000815911
internal_weight=8180 8035 7119 1726 1003 723 5393 5240 3000 251 41 2240 2749 457
internal_count=8180 8035 7119 1726 1003 723 5393 5240 3000 251 41 2240 2749 457
is_linear=0
shrinkage=0.04


Tree=44
num_leaves=15
num_cat=0
split_feature=31 31 42 27 30 53 90 58 40 59 42 32 32 58
split_gain=0.179592 0.282395 0.351928 0.326354 0.199444 0.210562 0.188273 0.261343 0.423418 0.295588 0.442106 0.316572 0.239884 0.221535
threshold=-0.048686590895025077 -0.068396393511499273 0.31303382802417795 0.016005132327847022 -0.04464074866211009 0.3465658267317227 1.2721943795498564e-12 11952691661.826063 -0.07299768300824637 20368085331.636379 0.23334891745714084 -0.12853079973806716 -0.30376124963721407 12932579194.197378
decision_type=10 10 10 10 10 10 8 10 10 8 10 10 8 10
left_child=1 6 3 4 5 -3 -1 -8 -9 10 11 13 -11 -10
right_child=-2 2 -4 -5 -6 -7 7 8 9 12 -12 -13 -14 -15
leaf_value=-0.0017270940857256306 -0.0021988992700826817 0.0025931578616185799 -0.0042741692794065565 -0.0013950083252275364 0.00049825305498808021 3.9925478631630538e-06 -0.00010785238512936728 0.0049212533111373585 0.0036787343845658361 0.0023569326455507313 0.0037353759315446951 -0.0021496533947215684 -0.0013561543689653529 0.00057242541400709347
leaf_weight=106 59 234 21 80 246 64 6646 36 42 33 80 62 178 293
leaf_count=106 59 234 21 80 246 64 6646 36 42 33 80 62 178 293
internal_value=-1.82558e-12 1.59753e-05 0.000819018 0.000990423 0.00134122 0.0020371 -5.33081e-05 -2.92347e-05 0.000692441 0.000471166 0.0010226 0.000475942 -0.000775435 0.000961873
internal_weight=8180 8121 645 624 544 298 7476 7370 724 688 477 397 211 335
internal_count=8180 8121 645 624 544 298 7476 7370 724 688 477 397 211 335
is_linear=0
shrinkage=0.04


Tree=45
num_leaves=15
num_cat=0
split_feature=22 68 88 24 54 90 67 31 31 25 42 58 57 87
split_gain=0.177629 0.182584 0.204503 0.178466 0.203882 0.171165 0.16501 0.160837 0.198442 0.253726 0.262792 0.442601 0.262675 0.199923
threshold=0.022816925235729934 4.5218317697304213 0.85282562497448722 0.0092211321327256065 0.51298230991362037 6.3668414696800578e-12 4.8695798389959801 -0.046522941350792928 -0.054931295685496644 0.0095618488162939556 0.22343414815185839 12211181920.149284 17905285637.56625 -0.47787215365345459
decision_type=10 10 8 10 10 10 10 10 10 8 10 10 10 10
left_child=1 6 3 -3 5 -5 7 8 9 13 -11 -12 -13 -1
right_child=-2 2 -4 4 -6 -7 -8 -9 -10 10 11 12 -14 -15
leaf_value=-0.0020698680867314002 0.0031804892311005722 0.00224381594560183 -0.0005762465205249339 0.00041943704046923478 -0.0022961872025720172 0.0023469541333922808 -0.0028552089691819514 -0.0028068128129576935 0.0010294036206677769 -8.5931237815129759e-05 0.00022910529319693774 0.0055378577966863907 0.00085922885366016997 -0.00030414045940462561
leaf_weight=176 28 126 198 388 37 91 34 34 263 6240 239 48 32 246
leaf_count=176 28 126 198 388 37 91 34 34 263 6240 239 48 32 246
internal_value=-2.20921e-12 -1.09242e-05 0.000547595 0.0008942 0.000564642 0.000785625 -7.50866e-05 -6.20989e-05 -4.92165e-05 -8.98521e-05 -2.86846e-05 0.00109112 0.00366641 -0.00104056
internal_weight=8180 8152 840 642 516 479 7312 7278 7244 6981 6559 319 80 422
internal_count=8180 8152 840 642 516 479 7312 7278 7244 6981 6559 319 80 422
is_linear=0
shrinkage=0.04


Tree=46
num_leaves=15
num_cat=0
split_feature=42 17 25 31 30 42 54 95 24 59 90 86 32 23
split_gain=0.176908 0.169923 0.237929 0.187544 0.212171 0.174333 0.340897 0.396015 0.355638 0.31453 0.313874 0.438946 0.292528 0.267111
threshold=-0.312956772652902 0.015122469343151717 0.012050565323115691 -0.15541772701864284 -0.034891807705564319 0.022482557317591637 0.26868360343400038 0.63931888544891657 0.013538805479269332 3647034429.4017558 3.9492046440731673e-12 0.30769346942089187 -0.20333386808356321 0.011965384091852122
decision_type=8 8 10 8 10 10 10 10 10 10 10 10 10 10
left_child=-1 2 3 -2 -5 12 8 -8 9 -7 -11 -12 -3 -9
right_child=1 5 -4 4 -6 6 7 13 -10 10 11 -13 -14 -15
leaf_value=0.0031186279346202984 -0.00038616865071014982 -8.3610680490868198e-05 -0.0010127256173874631 0.0020487089506540878 -0.00024384344808127295 -0.0038616214387796146 -0.00048575808632692015 0.00037600676666828481 -0.0027970479137200692 -0.00012070890621435318 0.0018183860437020886 -0.00086668397707398979 -0.00098269884810784519 0.0027422746386814938
leaf_weight=29 111 3834 111 269 85 22 1440 406 44 301 637 115 682 94
leaf_count=29 111 3834 111 269 85 22 1440 406 44 301 637 115 682 94
internal_value=1.02844e-12 -1.10956e-05 0.000651213 0.00104841 0.00149824 -6.14573e-05 0.000171698 -0.000149 0.000727689 0.000871957 0.000970855 0.00140777 -0.00021939 0.000820865
internal_weight=8180 8151 576 465 354 7575 3059 1940 1119 1075 1053 752 4516 500
internal_count=8180 8151 576 465 354 7575 3059 1940 1119 1075 1053 752 4516 500
is_linear=0
shrinkage=0.04


Tree=47
num_leaves=15
num_cat=0
split_feature=42 65 42 58 68 68 88 30 86 32 8 16 25 89
split_gain=0.166447 0.23261 0.230435 0.499324 0.32076 0.229238 0.26951 0.213165 0.204614 0.195878 0.263774 0.202256 0.190705 0.192286
threshold=0.34745148040811064 4.5350245493857164 0.22343414815185839 12211181920.149284 3.9954229285896128 4.4393434715920224 0.26601011207712416 -0.099751832096636003 -0.034435310488695185 -0.25918710804345041 -0.023842971728789849 0.020342370609438214 0.0095618488162939556 1.3321662200980956e-11
decision_type=10 10 10 10 10 10 10 10 8 8 8 10 8 8
left_child=2 -2 5 4 -4 12 8 -6 -7 -10 -11 -12 -1 -14
right_child=1 -3 3 -5 7 6 -8 -9 9 10 11 -13 13 -15
leaf_value=-0.0011866409258745852 -0.00059471885324455796 -0.0055367893395014117 0.0019024220715830873 0.0038154317639572054 0.0015046768141426632 4.8234013157465459e-05 -0.00022978647104438262 -0.00088930758814023507 0.00018101990977506134 0.0052118538423544837 0.0024831345322651461 0.00036358957961201674 1.0560980769315446e-05 -0.00059027739673686054
leaf_weight=266 64 20 145 76 77 257 533 262 137 36 170 125 4984 1028
leaf_count=266 64 20 145 76 77 257 533 262 137 36 170 125 4984 1028
internal_value=1.45236e-12 -0.0017714 1.83792e-05 0.000801224 0.000327919 -3.9794e-05 0.000453043 -0.000345541 0.00095504 0.00145301 0.00197948 0.00158502 -0.00013855 -9.21772e-05
internal_weight=8180 84 8096 560 484 7536 1258 339 725 468 331 295 6278 6012
internal_count=8180 84 8096 560 484 7536 1258 339 725 468 331 295 6278 6012
is_linear=0
shrinkage=0.04


Tree=48
num_leaves=15
num_cat=0
split_feature=22 18 48 88 41 88 68 8 57 58 59 24 88 68
split_gain=0.164755 0.167681 0.229195 0.22821 0.206308 0.181868 0.231206 0.260696 0.225998 0.442011 0.345199 0.341956 0.30083 0.29718
threshold=0.022816925235729934 0.022939569475262104 -0.20259380439626748 0.027043860134237041 -0.1764684263064841 0.50212575237405688 3.8756454938798712 -0.2195169638620699 11236842592.935537 17365606040.313133 7898995507.6186895 0.008531210945795821 -0.17260062596069906 4.1845542278964993
decision_type=10 8 8 8 8 10 10 8 10 10 10 8 8 10
left_child=1 4 -3 -4 -1 8 -7 -8 10 11 -6 -10 13 -12
right_child=-2 2 3 -5 5 6 7 -9 9 -11 12 -13 -14 -15
leaf_value=-0.0023039219127494403 0.0030630584410391748 0.0012127337699889072 -0.0017113715545463333 -0.00026215792791528243 0.00021674627450708739 0.0016769616732684276 0.00071980221524584661 -0.00077054507602031708 -0.0028053176924586298 -0.00021195600944745987 -0.000131115812845939 0.0020262640332182249 -4.9543876167652865e-05 -0.0025403551800737101
leaf_weight=59 28 105 271 485 4303 84 231 1004 25 357 136 375 511 206
leaf_count=59 28 105 271 485 4303 84 231 1004 25 357 136 375 511 206
internal_value=-6.61442e-13 -1.05208e-05 -0.000538433 -0.000781651 5.18208e-05 7.10394e-05 -0.000353668 -0.000491784 0.000165778 0.00081116 7.10235e-05 0.00172429 -0.000664082 -0.0015823
internal_weight=8180 8152 861 756 7291 7232 1319 1235 5913 757 5156 400 853 342
internal_count=8180 8152 861 756 7291 7232 1319 1235 5913 757 5156 400 853 342
is_linear=0
shrinkage=0.04


Tree=49
num_leaves=15
num_cat=0
split_feature=42 18 87 88 86 25 41 89 59 23 20 89 29 42
split_gain=0.161047 0.156405 0.156648 0.18041 0.203989 0.231218 0.16781 0.200036 0.231153 0.196294 0.193151 0.181236 0.262098 0.270456
threshold=-0.312956772652902 0.025540900281703322 -0.99443577882794043 0.29211974595128337 0.21417091245962275 0.010714718372604704 0.053470207595128667 3.6272695040366921e-12 9974609061.9193935 0.0066075692000221791 0.021028525268680823 4.1396427333804708e-12 0.012696172018772779 -0.06995044701073598
decision_type=8 10 10 10 10 8 10 10 10 10 10 10 10 10
left_child=-1 2 3 4 -2 -6 9 10 -9 -4 -8 -11 13 -13
right_child=1 -3 6 -5 5 -7 7 8 -10 11 -12 12 -14 -15
leaf_value=0.002975538259629032 -0.00061448944596498376 -0.0020119773558971862 -0.001458549152502153 -0.0022440869004657382 -0.00087072361944592555 0.0022463366759266717 0.00067504400423448838 0.00019397203622336054 -0.0025683501095273625 -0.00028547418303528704 0.0026424812913983654 -3.4095908854340702e-05 -0.00071453535314437689 0.00076452604796061049
leaf_weight=29 668 62 152 85 64 94 604 977 51 2135 92 1458 440 1269
leaf_count=29 668 62 152 85 64 94 604 977 51 2135 92 1458 440 1269
internal_value=7.93495e-13 -1.05865e-05 4.75362e-06 -0.000489349 -0.000308777 0.00098373 6.74629e-05 0.000411462 5.69308e-05 -4.12744e-05 0.000935108 -6.43383e-07 0.000191372 0.00033754
internal_weight=8180 8151 8089 911 826 158 7178 1724 1028 5454 696 5302 3167 2727
internal_count=8180 8151 8089 911 826 158 7178 1724 1028 5454 696 5302 3167 2727
is_linear=0
shrinkage=0.04


Tree=50
num_leaves=15
num_cat=0
split_feature=68 88 22 24 54 90 8 67 42 68 25 25 31 32
split_gain=0.153564 0.17052 0.157073 0.153753 0.183887 0.149293 0.148176 0.147955 0.142173 0.395163 0.277867 0.206381 0.195534 0.301599
threshold=4.5218317697304213 0.85282562497448722 0.022816925235729934 0.0092211321327256065 0.51298230991362037 6.3668414696800578e-12 0.22404331007781222 4.8695798389959801 0.22343414815185839 4.2582023325834095 0.0091169625917489078 0.0095618488162939556 -0.079852910790267947 -0.25147086239239597
decision_type=10 8 10 10 10 10 10 10 10 10 10 8 10 8
left_child=2 3 7 6 5 -5 -2 8 11 -10 -11 -1 -13 -14
right_child=1 -3 -4 4 -6 -7 -8 -9 9 10 -12 12 13 -15
leaf_value=-0.0011608579361011841 0.00047164745026988524 -0.00051391237492983538 0.0029315765621140601 0.00039079797949449768 -0.0021939969702145538 0.002190957634177591 0.0032503061679396011 -0.0027026122474275967 0.0014683198851438378 -0.0037502146364213561 -7.5067118443636956e-05 -0.00013205616013616182 -0.0016395940054790119 0.0010067114793021847
leaf_weight=286 53 198 28 388 37 91 73 34 324 39 211 5841 80 497
leaf_count=286 53 198 28 388 37 91 73 34 324 39 211 5841 80 497
internal_value=1.06842e-12 0.000512314 -5.863e-05 0.000828814 0.000522924 0.000732791 0.00208151 -7.00804e-05 -5.77822e-05 0.000546408 -0.00064839 -0.000109513 -6.26631e-05 0.000639806
internal_weight=8180 840 7340 642 516 479 126 7312 7278 574 250 6704 6418 577
internal_count=8180 840 7340 642 516 479 126 7312 7278 574 250 6704 6418 577
is_linear=0
shrinkage=0.04


Tree=51
num_leaves=15
num_cat=0
split_feature=17 57 42 88 68 19 24 31 32 25 59 42 6 19
split_gain=0.151053 0.221751 0.176015 0.264619 0.274454 0.228958 0.228545 0.247047 0.36266 0.312651 0.329207 0.328504 0.272216 0.263488
threshold=0.014092678522508085 4810619684.1811266 -0.20065196437771013 -0.18629381560949049 4.0580299304552447 0.019488790120625658 0.012256334159703607 -0.21689403309009694 -0.29698499817594737 0.01302284783283743 7405373293.6527681 -0.14571020371707402 -0.10754822465210022 0.020324082127788013
decision_type=8 10 8 10 10 10 10 10 8 8 10 8 10 8
left_child=1 -1 3 -2 -5 -6 -4 8 9 11 12 -8 -11 -10
right_child=2 -3 6 4 5 -7 7 -9 13 10 -12 -13 -14 -15
leaf_value=-0.0014039762287090221 0.0020401129789170227 0.0015435061254148177 5.5436578531779783e-05 -0.0016277263580954501 -0.0010399460348451291 0.001776298311967063 -9.6015252336587343e-05 -0.00084521736232799215 -0.00062986165548048533 0.00036926608077962608 0.003194510252960026 -0.0031176112236830202 -0.0029627244797644811 0.0016457872049387924
leaf_weight=51 160 205 5452 105 68 144 106 1103 116 170 50 126 51 273
leaf_count=51 160 205 5452 105 68 144 106 1103 116 170 50 126 51 273
internal_value=1.25577e-13 0.000956312 -3.08955e-05 0.000713999 4.46667e-05 0.000872975 -7.86079e-05 -0.000444929 5.00461e-05 -0.000659234 0.000263475 -0.00173705 -0.000399655 0.000967188
internal_weight=8180 256 7924 477 317 212 7447 1995 892 503 271 232 221 389
internal_count=8180 256 7924 477 317 212 7447 1995 892 503 271 232 221 389
is_linear=0
shrinkage=0.04


Tree=52
num_leaves=15
num_cat=0
split_feature=20 48 31 19 24 54 32 25 31 86 23 87 68 30
split_gain=0.151546 0.169907 0.160439 0.659135 0.419136 0.310893 0.32189 0.255825 0.244719 0.211185 0.217207 0.20964 0.20738 0.200013
threshold=0.022821390817359118 -0.18007728846472473 -0.24240406427292224 0.020057076276652836 0.012752199395268326 0.21853537415671634 -0.28841627403722647 0.01258496467162494 -0.19413965680612813 -0.30947050159861828 0.013565775367756503 -0.50669553882688867 4.2271279500659951 -0.1117921526265712
decision_type=10 10 8 8 10 10 10 8 10 10 10 10 10 10
left_child=2 -2 3 -1 -4 6 7 -5 11 13 -11 -6 -8 -10
right_child=1 -3 4 5 8 -7 12 -9 9 10 -12 -13 -14 -15
leaf_value=-0.00082041428820394031 -0.00017964799261376772 -0.002982954837283806 8.066937879304814e-05 -0.0011284846580407073 -0.001556763726558226 -0.0016525106209957477 0.0021228661698419167 0.001652846066061913 7.0191855484154076e-05 0.00016284377459669486 -0.0020453024131119628 0.00039957653818866958 0.0062075054303214359 -0.0029433118910291945
leaf_weight=355 88 57 6164 62 120 49 43 361 44 180 118 325 37 177
leaf_count=355 88 57 6164 62 120 49 43 361 44 180 118 325 37 177
internal_value=-5.29028e-13 -0.00128164 2.31285e-05 0.000524203 -4.06306e-05 0.00138895 0.00168523 0.00124518 -0.000816246 -0.00140638 -0.000711523 -0.000127976 0.00401201 -0.00234334
internal_weight=8180 145 8035 907 7128 552 503 423 964 519 298 445 80 221
internal_count=8180 145 8035 907 7128 552 503 423 964 519 298 445 80 221
is_linear=0
shrinkage=0.04


Tree=53
num_leaves=15
num_cat=0
split_feature=42 31 42 58 68 98 68 88 7 28 56 19 18 89
split_gain=0.149077 0.206887 0.196399 0.440167 0.284723 0.20857 0.204366 0.315827 0.246719 0.277482 0.236912 0.192577 0.183879 0.17629
threshold=0.34745148040811064 -0.083696451335521158 0.22343414815185839 11952691661.826063 3.9954229285896128 0.39642857142857152 4.4166047561014024 0.16306549324138706 -0.0029105875100275953 0.012844337883667307 4106460061.3630033 0.019538636779427469 0.021615569731665434 1.3321662200980956e-11
decision_type=10 10 10 10 10 8 10 10 8 10 10 10 10 8
left_child=2 -2 5 4 -4 -1 13 8 -8 -10 12 -5 -9 -7
right_child=1 -3 3 11 -6 6 7 10 9 -11 -12 -13 -14 -15
leaf_value=-0.0012276820342358725 -0.00015822116887407762 -0.004272063167525395 0.0017312246388795883 0.0050066875012553472 -0.00039830755425292414 -1.2313578962273544e-06 0.00014604688987874981 0.00043509473908800701 0.0028048058025256818 0.00068978536062490672 -0.00051707822889294889 0.0012398830534985814 0.0038859425421272006 -0.00057978075594680972
leaf_weight=228 53 31 145 49 327 4940 281 84 189 209 554 39 35 1016
leaf_count=228 53 31 145 49 327 4940 281 84 189 209 554 39 35 1016
internal_value=1.27153e-12 -0.00167642 1.73937e-05 0.000740115 0.000255892 -3.63116e-05 8.57562e-07 0.000444828 0.00105348 0.00169415 -0.00016925 0.00333731 0.00145005 -9.99228e-05
internal_weight=8180 84 8096 560 472 7536 7308 1352 679 398 673 88 119 5956
internal_count=8180 84 8096 560 472 7536 7308 1352 679 398 673 88 119 5956
is_linear=0
shrinkage=0.04


Tree=54
num_leaves=15
num_cat=0
split_feature=31 31 42 27 30 96 31 86 90 58 40 42 25 8
split_gain=0.145623 0.212578 0.256788 0.276695 0.171838 0.182955 0.161946 0.176308 0.165329 0.251846 0.346486 0.232211 0.229076 0.262515
threshold=-0.048686590895025077 -0.068396393511499273 0.31303382802417795 0.016005132327847022 -0.04464074866211009 0.48245073891625623 -0.072047625554453806 0.7116089241864082 1.2721943795498564e-12 11952691661.826063 -0.07299768300824637 0.23334891745714084 0.0097624616649162627 -0.25486713528565214
decision_type=10 10 10 10 10 10 10 10 8 10 10 10 8 10
left_child=1 6 3 4 5 -3 7 8 -1 -10 -11 12 -12 -14
right_child=-2 2 -4 -5 -6 -7 -8 -9 9 10 11 -13 13 -15
leaf_value=-0.0015803365079237958 -0.0019800573838401146 0.0051016451478004456 -0.0036394871421535279 -0.0013389185415871908 0.00039808797813777822 0.0015265415539097676 -0.0024934301332863004 -0.0019742754191109861 -6.5414570944656022e-05 0.0045591479539871214 0.0035770641195898255 0.0021679561215722444 0.001245326291062503 -0.00067344477934738506
leaf_weight=106 59 25 21 80 246 273 43 74 6565 36 30 114 173 335
leaf_count=106 59 25 21 80 246 273 43 74 6565 36 30 114 173 335
internal_value=8.31455e-13 1.43853e-05 0.000711122 0.000857537 0.00118055 0.00182647 -4.57264e-05 -3.15664e-05 -1.20311e-05 1.08892e-05 0.000738991 0.000528062 0.000180575 -2.0005e-05
internal_weight=8180 8121 645 624 544 298 7476 7433 7359 7253 688 652 538 508
internal_count=8180 8121 645 624 544 298 7476 7433 7359 7253 688 652 538 508
is_linear=0
shrinkage=0.04


Tree=55
num_leaves=15
num_cat=0
split_feature=41 8 58 31 37 32 89 24 32 32 66 68 27 42
split_gain=0.142647 0.168879 0.276693 0.18009 0.275989 0.304883 0.29771 0.291175 0.290182 0.555889 0.302104 0.289224 0.285071 0.291593
threshold=-0.1764684263064841 -0.35098527287641551 4491798669.9246769 -0.14962775596734743 0.0035945703882933615 -0.25210123476290097 3.8283161175279371e-12 0.012766052284152125 -0.20550272611645851 -0.21059828565337921 4.3407871427621973 4.2092031289982375 0.015884211426444878 0.013486056626691447
decision_type=8 8 10 10 10 8 10 10 8 10 10 10 10 8
left_child=-1 2 -2 -3 6 -6 11 -8 9 10 -7 -5 13 -10
right_child=1 3 -4 4 5 8 7 -9 12 -11 -12 -13 -14 -15
leaf_value=-0.0018810321440105326 0.0023742813100143972 -0.00023952721221190965 -6.9702255688348997e-05 0.00072841773054448653 -0.0010460452751093763 -0.00097518991791240299 0.0014486594548119805 -0.00079059862337696061 -0.0014752917707072358 0.0038014340439909383 0.00207814281408834 -0.0012460950189325515 -0.0011385956228160384 0.00026794469711595952
leaf_weight=64 126 3409 180 273 427 141 665 108 167 95 82 210 330 1903
leaf_count=64 126 3409 180 273 427 141 665 108 167 95 82 210 330 1903
internal_value=-7.45474e-14 1.48332e-05 0.000936644 -2.12839e-05 0.000147767 -5.24104e-05 0.000649006 0.0011358 0.00010369 0.00123913 0.00014756 -0.000130066 -4.67548e-05 0.000127307
internal_weight=8180 8116 306 7810 4401 3145 1256 773 2718 318 223 483 2400 2070
internal_count=8180 8116 306 7810 4401 3145 1256 773 2718 318 223 483 2400 2070
is_linear=0
shrinkage=0.04


Tree=56
num_leaves=15
num_cat=0
split_feature=42 65 42 58 67 87 98 68 59 31 29 89 27 32
split_gain=0.140159 0.182012 0.168648 0.386707 0.238832 0.203306 0.195415 0.189215 0.306292 0.238849 0.251955 0.237265 0.206884 0.195918
threshold=0.34745148040811064 4.5350245493857164 0.22343414815185839 12211181920.149284 3.5447734072409931 0.49557088831136226 0.39642857142857152 4.4062684653828832 8078152182.0737762 -0.068396393511499273 0.012552064173930301 2.0251600989057452e-11 0.013169349060787768 -0.13809275560602183
decision_type=10 10 10 10 10 10 8 10 10 10 10 10 10 8
left_child=2 -2 6 4 -4 -6 -1 -8 9 10 13 -12 -11 -9
right_child=1 -3 3 -5 5 -7 7 8 -10 12 11 -13 -14 -15
leaf_value=-0.0011860912663861089 -0.00058464243080379673 -0.0049562868117354808 0.0028591211127372935 0.0033391904260497542 -0.00047263600852043514 0.0016812758273789025 -9.7138934610597468e-05 0.00072233270033190164 -0.00067341083062456158 0.0045864365768173466 -0.0006619036876840792 0.0031855226507676499 0.0005378840511871709 0.0026288875207157421
leaf_weight=228 64 20 51 76 345 88 5882 590 320 46 305 28 36 101
leaf_count=228 64 20 51 76 345 88 5882 590 320 46 305 28 36 101
internal_value=1.2127e-12 -0.00162551 1.68655e-05 0.000686583 0.000270058 -3.48895e-05 -3.29012e-05 3.07679e-06 0.000416449 0.000731779 0.000565437 -0.000338396 0.00280902 0.001001
internal_weight=8180 84 8096 560 484 433 7536 7308 1426 1106 1024 333 82 691
internal_count=8180 84 8096 560 484 433 7536 7308 1426 1106 1024 333 82 691
is_linear=0
shrinkage=0.04


Tree=57
num_leaves=15
num_cat=0
split_feature=18 87 86 25 68 41 20 31 49 74 22 17 19 59
split_gain=0.1354 0.142213 0.167807 0.308766 0.164497 0.193678 0.160921 0.170678 0.16832 0.157156 0.15421 0.15109 0.183872 0.158682
threshold=0.025540900281703322 -0.99443577882794043 0.17749233601685674 0.010800619473918601 3.9672988047033462 -0.07018499165669416 0.02105909248558685 -0.058611723750207782 -0.096432876124530872 -0.40990258238147642 0.011202241271580085 0.015122469343151717 0.016347521523521823 5943992236.8886299
decision_type=10 10 10 8 10 8 8 10 10 8 10 10 8 8
left_child=1 2 4 -4 5 -1 7 -6 -8 -3 -7 12 -11 -13
right_child=-2 9 3 -5 6 10 8 -9 -10 11 -12 13 -14 -15
leaf_value=0.0036841237296660742 -0.0018621791466026597 -0.0019647532139594357 -0.0010902909256373216 0.0019128433386715624 -0.0019162167134787772 0.00020434254144737957 0.0015399132445127817 0.001731433625417677 -0.0021616808387140431 -0.0010226548186694391 -0.002167888020132003 0.0002809544136466003 0.001091316576524482 -0.00011841757950365718
leaf_weight=21 62 60 103 117 306 202 57 22 30 78 56 2644 422 4000
leaf_count=21 62 60 103 117 306 202 57 22 30 78 56 2644 422 4000
internal_value=-7.04211e-13 1.42221e-05 -0.0004558 0.00050683 -0.000760957 -9.88508e-06 -0.00126589 -0.00167156 0.000263501 7.38557e-05 -0.00031056 9.09773e-05 0.000761537 4.05137e-05
internal_weight=8180 8118 914 220 694 279 415 328 87 7204 258 7144 500 6644
internal_count=8180 8118 914 220 694 279 415 328 87 7204 258 7144 500 6644
is_linear=0
shrinkage=0.04


Tree=58
num_leaves=15
num_cat=0
split_feature=41 28 41 31 42 68 28 29 59 24 86 37 59 68
split_gain=0.132435 0.158657 0.230205 0.23061 0.332606 0.387814 0.262674 0.284749 0.242482 0.219756 0.227203 0.220013 0.302283 0.475712
threshold=-0.1764684263064841 0.008100776671704871 -0.10218823936129233 -0.15943391459830633 -0.16980352438852134 4.1799817062308948 0.011908964231668789 0.0098580004938580382 20898467521.409191 0.012752199395268326 -0.35805716984053509 0.0035945703882933615 7504736634.9793615 4.2521899965712295
decision_type=8 8 8 10 8 10 8 10 10 10 10 10 10 10
left_child=-1 -2 -3 4 5 -4 7 -6 9 11 -11 12 -5 -14
right_child=1 2 3 8 6 -7 -8 -9 -10 10 -12 -13 13 -15
leaf_value=-0.0018124489745969185 0.00050891022721945148 0.00083865462678841553 -0.00035838774501584193 0.001225242441550863 -0.00015333488371743981 0.0021247746859337177 -0.0001736364205574279 -0.0015813646346205395 -0.0017875362665138461 -0.0024620865220068367 -9.9212944255694534e-05 9.5779058303161648e-06 0.0010241216007624426 -0.0016661114270187993
leaf_weight=64 920 439 263 647 338 163 974 659 110 103 177 2895 242 186
leaf_count=64 920 439 263 647 338 163 974 659 110 103 177 2895 242 186
internal_value=1.18114e-13 1.42924e-05 -4.8944e-05 -0.000106611 -0.000421771 0.000591742 -0.000640826 -0.00109724 6.6655e-05 0.000114646 -0.000968413 0.000191033 0.000679695 -0.000144998
internal_weight=8180 8116 7196 6757 2397 426 1971 997 4360 4250 280 3970 1075 428
internal_count=8180 8116 7196 6757 2397 426 1971 997 4360 4250 280 3970 1075 428
is_linear=0
shrinkage=0.04


Tree=59
num_leaves=15
num_cat=0
split_feature=20 43 31 19 24 32 25 57 59 8 7 42 47 65
split_gain=0.132131 0.157215 0.14321 0.597696 0.340414 0.294616 0.315751 0.214165 0.303801 0.243459 0.209189 0.195919 0.267695 0.185257
threshold=0.022821390817359118 0.28260473398530411 -0.24240406427292224 0.020057076276652836 0.012752199395268326 -0.28841627403722647 0.01258496467162494 4241438726.3671379 5752251393.4065847 -0.2195169638620699 -0.084608378026770723 -0.16980352438852134 -0.11405985563879011 4.3112319038373634
decision_type=10 10 8 8 10 8 10 10 10 10 8 8 10 10
left_child=2 -2 3 13 -4 6 -5 9 -9 -6 -7 -10 -13 -1
right_child=1 -3 4 5 7 10 -8 8 11 -11 -12 12 -14 -15
leaf_value=0.00010045781680713586 -0.00022656255178747975 -0.0029848665134141255 7.067449744748935e-05 -0.0013950252552222947 -0.0002555910538895134 0.0048188535934813054 0.0013476674067162311 0.0010471222995623803 0.0010652027940818082 -0.0033381567956380469 0.0016058132401969914 0.00015181185504986664 -0.0017311058169103644 -0.0017279436779316776
leaf_weight=183 94 51 6164 84 71 56 335 168 74 97 77 178 376 172
leaf_count=183 94 51 6164 84 71 56 335 168 74 97 77 178 376 172
internal_value=-2.35292e-12 -0.00119672 2.15961e-05 0.000495003 -3.86423e-05 0.00131846 0.00079782 -0.000737635 -0.000463733 -0.00203541 0.00295867 -0.000867911 -0.00112613 -0.000785416
internal_weight=8180 145 8035 907 7128 552 419 964 796 168 133 628 554 355
internal_count=8180 145 8035 907 7128 552 419 964 796 168 133 628 554 355
is_linear=0
shrinkage=0.04


Tree=60
num_leaves=15
num_cat=0
split_feature=31 31 42 27 30 53 87 20 29 88 31 31 42 25
split_gain=0.129965 0.180925 0.221245 0.235031 0.147834 0.170222 0.146718 0.193073 0.16911 0.3129 0.167877 0.189091 0.146621 0.145326
threshold=-0.048686590895025077 -0.068396393511499273 0.31303382802417795 0.016005132327847022 -0.043611111714256183 0.33313598514073034 -0.99443577882794043 0.019345747057702499 0.013681290790422176 -0.19630060698709026 -0.096539600998390748 -0.10573365084349649 0.14611764840778566 0.01028661253749842
decision_type=10 10 10 10 10 10 10 8 10 10 10 10 10 10
left_child=1 6 3 4 5 -3 7 -1 -8 -10 11 -9 -11 -5
right_child=-2 2 -4 13 -6 -7 8 10 9 12 -12 -13 -14 -15
leaf_value=-0.0014953951992879599 -0.001870576024402754 0.0022440278291495541 -0.0033819397804992542 -0.002216372295903663 0.00036151723892485001 5.2007600859628598e-05 7.4958865497709752e-05 -0.00013563131597683738 0.0010105323155609066 -0.0017605155221864449 -0.0030127325137296029 0.0037351868487894534 0.00038176251468174753 0.0017208104906603695
leaf_weight=242 59 223 21 60 245 76 6201 525 122 271 31 21 63 20
leaf_count=242 59 223 21 60 245 76 6201 525 122 271 31 21 63 20
internal_value=-6.75232e-13 1.35899e-05 0.000656365 0.00079227 0.00108997 0.00168686 -4.18662e-05 -0.000547067 2.02878e-05 -0.000723166 -0.000149328 1.32463e-05 -0.00135643 -0.00123208
internal_weight=8180 8121 645 624 544 299 7476 819 6657 456 577 546 334 80
internal_count=8180 8121 645 624 544 299 7476 819 6657 456 577 546 334 80
is_linear=0
shrinkage=0.04


Tree=61
num_leaves=15
num_cat=0
split_feature=75 85 18 87 86 25 22 41 74 24 55 31 41 90
split_gain=0.127992 0.13749 0.125047 0.130894 0.150257 0.270689 0.146776 0.173452 0.136756 0.160178 0.145657 0.132833 0.158291 0.184759
threshold=-0.53711079665885142 -0.22053390963513556 0.025540900281703322 -0.99443577882794043 0.17749233601685674 0.010800619473918601 0.011009729137069687 -0.062857979419864138 0.11985251012003541 0.013628394189833987 5124455685.5003309 -0.048686590895025077 0.053470207595128667 5.4741460747290069e-12
decision_type=8 10 10 10 10 8 10 8 10 10 10 10 10 8
left_child=1 -1 3 4 6 -6 8 -8 9 10 -2 12 -5 -14
right_child=2 -3 -4 11 5 -7 7 -9 -10 -11 -12 -13 13 -15
leaf_value=0.00025497683773523775 0.0008029125364084111 -0.0034693852019762358 -0.0018052731431089342 -4.4463299181688234e-06 -0.0010076072018647801 0.0018042613953176854 0.00026202933356056317 -0.0020937275584902927 -0.0018859952130795658 0.0032024139080507057 -0.0008706078964441352 -0.0018552044398217863 0.00079720251538853816 -5.5281547502246822e-05
leaf_weight=29 142 35 60 5414 103 117 68 189 70 24 201 56 973 699
leaf_count=29 142 35 60 5414 103 117 68 189 70 24 201 56 973 699
internal_value=1.71767e-12 -0.00178178 1.40505e-05 2.76006e-05 -0.000423109 0.000487796 -0.000711869 -0.00147041 -0.000265767 4.32679e-05 -0.00017778 8.52804e-05 0.000100616 0.000440811
internal_weight=8180 64 8116 8056 914 220 694 257 437 367 343 7142 7086 1672
internal_count=8180 64 8116 8056 914 220 694 257 437 367 343 7142 7086 1672
is_linear=0
shrinkage=0.04


Tree=62
num_leaves=15
num_cat=0
split_feature=22 68 65 58 42 19 97 86 89 76 74 58 88 76
split_gain=0.123402 0.126231 0.14371 0.234705 0.210533 0.197539 0.249198 0.235926 0.231779 0.170028 0.141906 0.159419 0.139023 0.13581
threshold=0.022816925235729934 4.5218317697304213 4.7735471655817658 12528486132.089977 0.24301161811738606 0.021131822561543775 0.58359133126935003 0.22941696124273281 7.931416436336594e-12 -0.3689885796995156 0.055564541249298334 8137645071.6170454 0.85282562497448722 0.0021161736576331695
decision_type=10 10 10 10 8 10 10 10 10 8 10 8 8 8
left_child=1 2 9 5 -5 6 13 -7 10 -1 11 -8 -3 -4
right_child=-2 12 3 4 -6 7 8 -9 -10 -11 -12 -13 -14 -15
leaf_value=-0.0015063161252714368 0.0026509218978961664 0.00074106956712250251 -0.0012613455540134157 0.00021787786646746099 0.003753212595029789 0.0014920697314848054 -0.00043949128992314785 -0.0014415897152372705 0.00039756148257672939 4.6477384185170807e-05 -0.0040231680870056151 -0.0035283494653536918 -0.0004713213458072836 -5.8131255952713007e-05
leaf_weight=115 28 642 244 130 34 127 62 67 49 5971 76 47 198 390
leaf_count=115 28 642 244 130 34 127 62 67 49 5971 76 47 198 390
internal_value=-7.78808e-14 -9.10523e-06 -6.2455e-05 -0.000457554 0.000950813 -0.000675042 -0.00093295 0.000478899 -0.00204855 1.71361e-05 -0.00269644 -0.00177138 0.000455292 -0.000521198
internal_weight=8180 8152 7312 1226 164 1062 868 194 234 6086 185 109 840 634
internal_count=8180 8152 7312 1226 164 1062 868 194 234 6086 185 109 840 634
is_linear=0
shrinkage=0.04


Tree=63
num_leaves=15
num_cat=0
split_feature=42 17 42 22 42 54 95 55 86 90 24 54 25 32
split_gain=0.119267 0.121809 0.19346 0.117068 0.122726 0.323354 0.29933 0.273682 0.305478 0.351832 0.265905 0.276098 0.246848 0.224681
threshold=-0.312956772652902 0.014092678522508085 -0.11235845279719552 0.022816925235729934 0.024288036009969875 0.26868360343400038 0.63931888544891657 1715535891.5942428 0.30769346942089187 3.9492046440731673e-12 0.012700986560230672 0.074304088947597782 0.012398995574991111 -0.20333386808356321
decision_type=8 8 8 10 10 10 10 10 10 10 10 10 10 10
left_child=-1 2 -2 4 13 7 -7 -6 9 -9 11 -11 -8 -3
right_child=1 3 -4 -5 5 6 12 8 -10 10 -12 -13 -14 -15
leaf_value=0.0025606514674065442 -0.0012771349724520137 -5.5639660246025964e-05 0.0014181410889763679 0.0025448849724905034 -0.0038372105847866763 -0.00044431613915734731 0.00047248289581546264 -8.1792563681741941e-05 -0.00085147785107786748 0.0061241059750318525 -0.00022711808875795794 0.0017355596662118808 0.0045457342952489859 -0.00081232930760293507
leaf_weight=29 54 3964 202 28 21 1498 498 304 159 24 110 518 25 746
leaf_count=29 54 3964 202 28 21 1498 498 304 159 24 110 518 25 746
internal_value=-1.17703e-12 -9.1104e-06 0.000849606 -3.69548e-05 -4.6144e-05 0.000146829 -0.000156678 0.000686782 0.000771987 0.001042 0.00156597 0.00192989 0.000667189 -0.000175489
internal_weight=8180 8151 256 7895 7867 3157 2021 1136 1115 956 652 542 523 4710
internal_count=8180 8151 256 7895 7867 3157 2021 1136 1115 956 652 542 523 4710
is_linear=0
shrinkage=0.04


Tree=64
num_leaves=15
num_cat=0
split_feature=42 17 42 58 68 98 19 17 68 59 86 31 27 41
split_gain=0.113745 0.164154 0.149813 0.3375 0.216069 0.183365 0.171167 0.169203 0.166867 0.259221 0.206815 0.211634 0.220429 0.152833
threshold=0.34745148040811064 0.01774969158832539 0.22343414815185839 11952691661.826063 3.9954229285896128 0.39642857142857152 0.019538636779427469 0.020644080609580142 4.4062684653828832 7926857467.5725698 0.56589621091452258 -0.068396393511499273 0.013169349060787768 0.039337204719999137
decision_type=10 10 10 10 10 8 10 10 10 10 10 10 10 10
left_child=2 -2 5 4 -4 -1 -5 -6 -7 10 11 -10 -13 -11
right_child=1 -3 3 6 7 8 -8 -9 9 13 -12 12 -14 -15
leaf_value=-0.0011487802869886397 0.0016988044506870208 -0.0024528370451298541 0.0015076121859541483 0.0044944730408166596 -0.0010913669642795124 -9.0972720952522802e-05 0.00094322787311214675 0.00076547198643186305 0.00070374755854751782 -0.00095579346536960399 -0.0011160364223937707 0.004932823776267469 0.00043903860278547772 0.0012079643423203378
leaf_weight=228 20 64 145 49 196 5882 39 131 915 284 92 40 31 64
leaf_count=228 20 64 145 49 196 5882 39 131 915 284 92 40 31 64
internal_value=-8.58295e-13 -0.00146435 1.51934e-05 0.000646407 0.0002224 -3.17121e-05 0.00292063 -0.000347496 3.13898e-06 0.000391333 0.000697752 0.00086699 0.00297075 -0.000557861
internal_weight=8180 84 8096 560 472 7536 88 327 7308 1426 1078 986 71 348
internal_count=8180 84 8096 560 472 7536 88 327 7308 1426 1078 986 71 348
is_linear=0
shrinkage=0.04


Tree=65
num_leaves=15
num_cat=0
split_feature=41 28 41 31 42 68 28 59 90 59 96 67 29 88
split_gain=0.114849 0.145132 0.20632 0.208686 0.314686 0.340637 0.281302 0.201056 0.190757 0.24639 0.361997 0.264991 0.346843 0.239755
threshold=-0.1764684263064841 0.008100776671704871 -0.10218823936129233 -0.15943391459830633 -0.16980352438852134 4.1930963137071124 0.011908964231668789 20898467521.409191 1.9173457391484248e-12 7235765280.762105 0.54311626523936973 4.3965986420802743 0.013291573709058506 -0.20830054044917579
decision_type=8 8 8 8 8 10 10 10 8 8 10 10 10 10
left_child=-1 -2 -3 4 5 -4 -6 8 13 10 11 12 -10 -5
right_child=1 2 3 7 6 -7 -8 -9 9 -11 -12 -13 -14 -15
leaf_value=-0.0016878264320985181 0.00048637608416522753 0.00079311991261532056 -0.00032089058987128745 0.0024929066877491003 -0.0011709724004869745 0.0020301490902840612 -0.00012546102145638365 -0.0016433368779888208 0.00057328546717779556 -0.0003518435489961405 -0.000330195729594904 0.0014139410949470144 -0.0014979896048121406 2.166974382053544e-05
leaf_weight=64 920 439 271 116 885 155 770 110 981 1691 1002 490 149 137
leaf_count=64 920 439 271 116 885 155 770 110 981 1691 1002 490 149 137
internal_value=-1.71054e-12 1.33096e-05 -4.71714e-05 -0.000101765 -0.000434985 0.000534535 -0.000684541 4.6531e-05 8.72418e-05 2.46233e-05 0.000267417 0.000637052 0.00030017 0.00115473
internal_weight=8180 8116 7196 6757 2081 426 1655 4676 4566 4313 2622 1620 1130 253
internal_count=8180 8116 7196 6757 2081 426 1655 4676 4566 4313 2622 1620 1130 253
is_linear=0
shrinkage=0.04


Tree=66
num_leaves=15
num_cat=0
split_feature=20 48 31 19 24 32 25 31 88 88 86 48 30 30
split_gain=0.113082 0.14456 0.124792 0.530828 0.298222 0.270165 0.282135 0.19651 0.193424 0.187588 0.173924 0.189812 0.169028 0.165379
threshold=0.022821390817359118 -0.17740350840685262 -0.24240406427292224 0.020057076276652836 0.012752199395268326 -0.28841627403722647 0.01258496467162494 -0.19413965680612813 -0.26235075872408958 -0.35410632214333732 -0.30947050159861828 -0.15320321021649372 -0.19748395086114637 -0.1117921526265712
decision_type=10 10 8 8 10 8 10 10 10 10 10 10 10 10
left_child=2 -2 3 12 -4 6 -5 9 -7 -6 13 -12 -1 -9
right_child=1 -3 4 5 7 8 -8 10 -10 -11 11 -13 -14 -15
leaf_value=-0.0031274919983531745 -0.0001341880235682206 -0.0027466569318332608 6.6065582639240482e-05 -0.0013334767060587183 -0.0021540874611819163 0.0011002387824641951 0.0012591119220362172 0.00012503917307846925 0.0041706703617740929 0.00025047785377238767 -0.003152588291326538 -0.00019123501749438517 -0.00042504871616228526 -0.0026151705417640004
leaf_weight=42 91 54 6164 84 60 59 335 44 74 385 40 258 313 177
leaf_count=42 91 54 6164 84 60 59 335 44 74 385 40 258 313 177
internal_value=-2.52704e-13 -0.00110711 1.99789e-05 0.000461896 -3.62526e-05 0.00123792 0.000739357 -0.000690495 0.0028086 -7.37332e-05 -0.00121932 -0.000588732 -0.000744774 -0.00206961
internal_weight=8180 145 8035 907 7128 552 419 964 133 445 519 298 355 221
internal_count=8180 145 8035 907 7128 552 419 964 133 445 519 298 355 221
is_linear=0
shrinkage=0.04


Tree=67
num_leaves=15
num_cat=0
split_feature=31 31 7 20 68 66 20 31 86 90 58 40 90 25
split_gain=0.109313 0.131802 0.212225 0.214428 0.24953 0.166133 0.159467 0.125025 0.145859 0.130629 0.2126 0.302592 0.177365 0.203398
threshold=-0.046522941350792928 -0.068396393511499273 0.3665420139720223 0.019568632222074289 3.9320176195023024 4.2163304236806649 0.020747532945767862 -0.072047625554453806 0.7116089241864082 1.2721943795498564e-12 11952691661.826063 -0.07299768300824637 3.8206886819215836e-12 0.011507088805802814
decision_type=10 10 10 10 10 10 10 10 10 8 10 10 8 10
left_child=1 7 3 4 -3 -6 -5 8 9 -1 12 -12 13 -11
right_child=-2 2 -4 6 5 -7 -8 -9 -10 10 11 -13 -14 -15
leaf_value=-0.0014025545450924667 -0.0022633525066296845 0.0017244235775151831 -0.0010088684733963074 0.0030694344673174046 -0.0016249694642222797 0.00044364851555490697 -0.00034957836914275376 -0.0021893806978627002 -0.0017932821841394478 -0.0010314019166835602 0.0042508236484395138 0.00048371567968349206 2.822061749867356e-05 0.00015226009658607595
leaf_weight=106 34 155 116 99 96 176 28 43 74 581 36 652 5597 387
leaf_count=106 34 155 116 99 96 176 28 43 74 581 36 652 5597 387
internal_value=-5.51931e-13 9.44684e-06 0.000546907 0.000872665 0.000443491 -0.000286452 0.00231564 -3.87204e-05 -2.62788e-05 -8.51034e-06 1.18631e-05 0.000680832 -5.82436e-05 -0.000558182
internal_weight=8180 8146 670 554 427 272 127 7476 7433 7359 7253 688 6565 968
internal_count=8180 8146 670 554 427 272 127 7476 7433 7359 7253 688 6565 968
is_linear=0
shrinkage=0.04


Tree=68
num_leaves=15
num_cat=0
split_feature=17 30 31 42 68 88 57 42 23 42 24 86 85 30
split_gain=0.106993 0.186338 0.195394 0.143805 0.222782 0.197 0.181413 0.172156 0.307989 0.364095 0.236294 0.233177 0.237878 0.228478
threshold=0.015122469343151717 -0.034891807705564319 -0.17223374047525056 -0.20065196437771013 4.2812914545154923 -0.15303911628283365 4093441609.3213272 0.022482557317591637 0.011729036829322281 0.058056173761321335 0.013538805479269332 0.36135780948779367 0.73845505543495282 -0.06369774790744219
decision_type=8 10 8 8 10 10 10 10 10 10 10 10 10 10
left_child=1 2 -1 4 5 -2 -6 11 9 -9 -10 -5 -13 -11
right_child=3 -3 -4 7 6 -7 -8 8 10 13 -12 12 -14 -15
leaf_value=-0.00045559013096908152 0.0012893768975398596 -0.00080038043459742289 0.0014281885471798348 -0.00034717609357080875 0.0039634977067087556 -0.00076616967763432813 0.00097348855489066673 0.00092463609177620399 0.00081039880647394344 -0.0011707061319116583 -0.001902913603440134 0.0013015991827016007 -0.0011699344003486827 -0.00011578017926045483
leaf_weight=121 122 131 324 3728 47 192 105 396 1048 470 54 270 81 1091
leaf_count=121 122 131 324 3728 47 192 105 396 1048 470 54 270 81 1091
internal_value=7.11434e-13 0.00052562 0.00091597 -3.98155e-05 0.000640987 3.24822e-05 0.00189803 -8.42613e-05 0.000142579 -0.000158606 0.000677442 -0.000254377 0.000731245 -0.000433407
internal_weight=8180 576 445 7604 466 314 152 7138 3059 1957 1102 4079 351 1561
internal_count=8180 576 445 7604 466 314 152 7138 3059 1957 1102 4079 351 1561
is_linear=0
shrinkage=0.04


Tree=69
num_leaves=15
num_cat=0
split_feature=74 17 20 30 42 42 68 88 57 42 54 32 32 24
split_gain=0.105942 0.117149 0.161485 0.158682 0.155715 0.128615 0.205448 0.18238 0.16719 0.157553 0.308797 0.312274 0.315001 0.244677
threshold=-0.40990258238147642 0.015122469343151717 0.020984120024213182 -0.041869596774401434 0.24301161811738606 -0.20065196437771013 4.2812914545154923 -0.15303911628283365 4093441609.3213272 0.022482557317591637 0.25415993727186031 -0.23762808330991211 -0.20001240262201311 0.013538805479269332
decision_type=8 8 10 10 10 8 10 10 10 10 10 10 10 10
left_child=-1 2 3 4 -2 6 7 -3 -8 -7 13 -12 -13 -11
right_child=1 5 -4 -5 -6 9 8 -9 -10 10 11 12 -14 -15
leaf_value=-0.0016471980980056668 0.00067229263175977395 0.0012378018089335367 0.0040112369822426922 -0.00063043256735656104 0.0040670552667554302 -0.00023398428540899837 0.0038049578206970336 -0.00074201226060296218 0.00093454900849610574 0.00086330677253948181 -0.0025974075644736804 0.0019712492120484292 -0.00016012361611191848 -0.0023312036488205195
leaf_weight=62 360 122 21 158 23 4061 47 191 105 937 79 118 1856 40
leaf_count=62 360 122 21 158 23 4061 47 191 105 937 79 118 1856 40
internal_value=5.68727e-13 1.25802e-05 0.000569742 0.000436154 0.000876156 -2.88604e-05 0.000615587 2.96725e-05 0.00182211 -7.11207e-05 0.000147159 -0.000131406 -3.27163e-05 0.000732518
internal_weight=8180 8118 562 541 383 7556 465 313 152 7091 3030 2053 1974 977
internal_count=8180 8118 562 541 383 7556 465 313 152 7091 3030 2053 1974 977
is_linear=0
shrinkage=0.04


Tree=70
num_leaves=15
num_cat=0
split_feature=75 85 87 86 25 68 41 22 55 20 32 49 32 32
split_gain=0.103705 0.120612 0.108857 0.128589 0.237762 0.138553 0.162209 0.134269 0.130243 0.128653 0.185915 0.128255 0.128196 0.219185
threshold=-0.53711079665885142 -0.22053390963513556 -0.99443577882794043 0.17749233601685674 0.010800619473918601 3.9672988047033462 -0.07018499165669416 0.013633631139091371 3788520486.7183375 0.020939743265708608 -0.13809275560602183 -0.096432876124530872 -0.16901130927353883 -0.17451892973225044
decision_type=8 10 10 10 8 10 8 10 8 8 10 10 8 10
left_child=1 -1 3 5 -5 6 -2 8 -8 10 -7 -11 13 -4
right_child=2 -3 12 4 -6 9 7 -9 -10 11 -12 -13 -14 -15
leaf_value=0.00030380050266354253 0.003406335984667142 -0.003184479378163815 -2.5599217725693469e-05 -0.00095581379108180674 0.0016794945300421399 -0.0022174886726489085 0.0025336420560930053 -0.0033149430798255796 -0.00032693785413575129 0.0010478181345388294 -0.00016729130134395559 -0.0020359918949825148 0.00026436637632072592 -0.0016758082795860177
leaf_weight=29 21 35 4060 103 117 209 29 21 209 71 107 31 3005 133
leaf_count=29 21 35 4060 103 117 209 29 21 209 71 107 31 3005 133
internal_value=9.36664e-13 -0.00160385 1.26474e-05 -0.000397559 0.000445691 -0.00066334 2.52316e-05 -0.000248912 2.16202e-05 -0.00112458 -0.00152328 0.000110582 6.49633e-05 -7.79431e-05
internal_weight=8180 64 8116 918 220 698 280 259 238 418 316 102 7198 4193
internal_count=8180 64 8116 918 220 698 280 259 238 418 316 102 7198 4193
is_linear=0
shrinkage=0.04


Tree=71
num_leaves=15
num_cat=0
split_feature=41 28 41 31 42 68 28 96 32 68 59 30 42 23
split_gain=0.101523 0.133223 0.176477 0.184528 0.269905 0.279916 0.247953 0.181793 0.286545 0.298088 0.26374 0.206322 0.177882 0.322892
threshold=-0.1764684263064841 0.008100776671704871 -0.10218823936129233 -0.15943391459830633 -0.16980352438852134 4.1545798271009327 0.011908964231668789 0.43364779874213844 -0.20209708642947835 4.1874606500328548 6060725962.8521614 -0.041969170229165402 -0.015420285896349471 0.011729036829322281
decision_type=8 8 8 8 8 10 10 8 10 10 10 10 10 10
left_child=-1 -2 -3 4 5 -4 -6 8 10 -10 11 -5 -9 -14
right_child=1 2 3 7 6 -7 -8 12 9 -11 -12 -13 13 -15
leaf_value=-0.0015868862950446784 0.000465755242451332 0.00073171365566727768 -0.00039267453400190083 0.0044499246469388402 -0.0010970703564067293 0.0016815508867871888 -0.00011548794851057812 -0.00035893452471209738 0.0019645587260369215 -0.002091426102552509 -0.00031529667067595505 0.00025395961813628673 -8.5914709028463957e-05 0.00087777050218103324
leaf_weight=64 920 439 245 75 885 181 770 1571 50 69 44 25 2083 759
leaf_count=64 920 439 245 75 885 181 770 1571 50 69 44 25 2083 759
internal_value=1.65421e-12 1.25136e-05 -4.54328e-05 -9.59237e-05 -0.000409264 0.000488628 -0.000640382 4.35246e-05 0.00106517 -0.000387231 0.00226542 0.00340093 -1.7362e-05 0.000171452
internal_weight=8180 8116 7196 6757 2081 426 1655 4676 263 119 144 100 4413 2842
internal_count=8180 8116 7196 6757 2081 426 1655 4676 263 119 144 100 4413 2842
is_linear=0
shrinkage=0.04


Tree=72
num_leaves=15
num_cat=0
split_feature=20 25 24 28 29 24 90 53 25 90 32 95 42 76
split_gain=0.101793 0.193425 0.12136 0.143671 0.126453 0.182191 0.37275 0.25468 0.291731 0.252942 0.241679 0.209596 0.193148 0.263548
threshold=0.022687506181396953 0.014200713445422418 0.015173876869007808 0.0075112877478474751 0.011653624905227764 0.010876383664383904 4.4299101174715038e-12 0.10597121338126382 0.011169866131136722 2.7890241683673784e-12 -0.12581035819932526 0.65833333333333344 -0.20065196437771013 -0.21210290784556932
decision_type=10 10 10 10 10 10 10 10 10 10 8 10 8 10
left_child=2 -2 4 -4 5 6 9 8 -8 -1 -9 -12 -7 -14
right_child=1 -3 3 -5 -6 12 7 10 -10 -11 11 -13 13 -15
leaf_value=0.00015578169519138066 -0.0019870167715184458 0.00076988496880333592 0.0044189630001783371 0.00065510969013408862 0.00017833477566598342 0.00067688660003796032 0.0028387935820854073 -0.00053596194742047893 0.00054807424595955899 -0.0011381372746996079 0.0021042212392441838 -0.0019026154011487961 -0.0015194885846473833 -0.00030177843944054048
leaf_weight=628 109 65 20 86 3585 256 165 280 193 393 127 25 334 1914
leaf_count=628 109 65 20 86 3585 256 165 280 193 393 127 25 334 1914
internal_value=1.78208e-13 -0.00095714 2.08022e-05 0.00136527 2.76248e-06 -0.000143107 0.00016252 0.000814912 0.00160385 -0.000342269 0.000161114 0.0014452 -0.000364149 -0.000482702
internal_weight=8180 174 8006 106 7900 4315 1811 790 358 1021 432 152 2504 2248
internal_count=8180 174 8006 106 7900 4315 1811 790 358 1021 432 152 2504 2248
is_linear=0
shrinkage=0.04


Tree=73
num_leaves=15
num_cat=0
split_feature=21 22 38 55 17 25 42 68 32 29 30 24 96 32
split_gain=0.099353 0.169169 0.145391 0.139555 0.137659 0.180589 0.148146 0.18841 0.143101 0.173765 0.221642 0.25997 0.180763 0.16551
threshold=0.0047915663446399881 0.01206304059768506 0.036598014062055324 2040639434.6220455 0.015375923085284912 0.012050565323115691 -0.20065196437771013 4.2812914545154923 -0.16901130927353883 0.012795242861438532 -0.11843582361999887 0.012357939286865955 0.42980295566502463 -0.17187492840354532
decision_type=8 10 10 10 8 10 8 10 8 8 10 10 10 10
left_child=1 3 -3 -1 5 -2 7 -6 13 10 -10 12 -12 -8
right_child=4 2 -4 -5 6 -7 8 -9 9 -11 11 -13 -14 -15
leaf_value=-0.0020088239563655192 0.001050538833025857 -0.00011852360785600136 0.0019804706878494473 -0.00036421952837732984 0.00016426174200567741 -0.00078757504921158445 -0.0001751164652693765 0.0021085190759888867 0.0017577173228054649 -0.00027030518452972341 0.0031128242998742141 -0.0013739558838340676 0.0003510608870667524 -0.0022298152407165617
leaf_weight=89 426 132 88 1140 246 107 3151 118 177 894 39 141 1368 64
leaf_count=89 426 132 88 1140 246 107 3151 118 177 894 39 141 1368 64
internal_value=-3.41116e-13 -0.000300455 0.000721074 -0.000483316 6.46797e-05 0.000681537 1.16328e-05 0.000794543 -3.72152e-05 0.000182278 0.000416835 0.000263517 0.000427613 -0.000216019
internal_weight=8180 1449 220 1229 6731 533 6198 364 5834 2619 1725 1548 1407 3215
internal_count=8180 1449 220 1229 6731 533 6198 364 5834 2619 1725 1548 1407 3215
is_linear=0
shrinkage=0.04


Tree=74
num_leaves=15
num_cat=0
split_feature=42 65 42 58 67 87 98 19 89 68 88 24 32 56
split_gain=0.0981392 0.153871 0.125915 0.292356 0.178406 0.162294 0.16166 0.145118 0.131666 0.131095 0.215086 0.186332 0.250581 0.18266
threshold=0.34745148040811064 4.5350245493857164 0.22343414815185839 11952691661.826063 3.5447734072409931 0.49557088831136226 0.39642857142857152 0.019592463975448463 3.5211520987855011e-12 4.4062684653828832 0.16306549324138706 0.010267054726071482 -0.20878952799098163 4106460061.3630033
decision_type=10 10 10 10 10 10 8 10 10 10 10 10 8 10
left_child=2 -2 6 4 -4 -6 8 -5 -1 -8 11 12 -11 -12
right_child=1 -3 3 7 5 -7 9 -9 -10 10 13 -13 -14 -15
leaf_value=0.00030890959429844109 -0.00040316659176824031 -0.0044226720137521625 0.002432502572990808 0.0039983673924925151 -0.00047042656113887069 0.0014775364837293827 -7.9582085808889113e-05 0.00066236650790361799 -0.0017440838410695575 -0.00060466288775644914 0.001252212100738629 0.00040506163186609023 0.0025476477079137546 -0.00045158686621006279
leaf_weight=74 64 20 51 54 335 86 5882 34 154 53 122 506 169 576
leaf_count=74 64 20 51 54 335 86 5882 34 154 53 122 506 169 576
internal_value=-5.44496e-13 -0.00136019 1.41127e-05 0.000592795 0.000198163 -7.25054e-05 -2.88892e-05 0.00270946 -0.00107776 3.83423e-06 0.000347912 0.000828938 0.00179507 -0.000153788
internal_weight=8180 84 8096 560 472 421 7536 88 228 7308 1426 728 222 698
internal_count=8180 84 8096 560 472 421 7536 88 228 7308 1426 728 222 698
is_linear=0
shrinkage=0.04


Tree=75
num_leaves=15
num_cat=0
split_feature=22 74 17 20 30 31 19 25 54 42 25 42 32 54
split_gain=0.0973571 0.0950491 0.10209 0.148758 0.138238 0.147748 0.122 0.113425 0.109174 0.134605 0.105868 0.176818 0.226104 0.222186
threshold=0.022816925235729934 -0.40990258238147642 0.015122469343151717 0.020984120024213182 -0.041869596774401434 -0.17223374047525056 0.018307721652630598 0.011935545972048439 0.09061866941931053 0.23334891745714084 0.0095618488162939556 0.024288036009969875 -0.28924181449910041 0.26868360343400038
decision_type=10 8 8 10 10 8 8 8 8 8 8 10 10 10
left_child=1 -1 3 4 5 -3 -6 -8 -7 -10 -4 -12 -13 -14
right_child=-2 2 10 -5 6 8 7 -9 9 -11 11 12 13 -15
leaf_value=-0.0015811213864715863 0.0023546171185028341 -0.00046372281133476203 -0.00058572772602005557 0.0038269243495804924 -0.0014463976109043868 0.0030953848724149997 0.002964981123028944 -0.00062658563406918857 0.00028317727922178997 0.0023504100827424711 -0.00014476790525923321 -0.0038593488913916409 0.00075027241823399319 -1.3358403112644164e-05
leaf_weight=61 28 106 520 21 100 45 24 34 158 74 4488 21 1054 1446
leaf_count=61 28 106 520 21 100 45 24 34 158 74 4488 21 1054 1446
internal_value=-8.86279e-13 -8.0875e-06 3.77198e-06 0.000523828 0.000395612 0.000806293 -0.0005999 0.00085958 0.00129229 0.000942553 -3.50474e-05 5.8077e-06 0.000273869 0.000308588
internal_weight=8180 8152 8091 562 541 383 158 58 277 232 7529 7009 2521 2500
internal_count=8180 8152 8091 562 541 383 158 58 277 232 7529 7009 2521 2500
is_linear=0
shrinkage=0.04


Tree=76
num_leaves=15
num_cat=0
split_feature=18 27 21 22 88 89 42 42 58 68 30 31 87 98
split_gain=0.0946098 0.0992609 0.102639 0.169658 0.13123 0.122036 0.122009 0.135113 0.259048 0.165999 0.137159 0.128528 0.126564 0.123302
threshold=0.025540900281703322 0.021554677753346463 0.0047915663446399881 0.01206304059768506 -0.36067108582921742 2.2732437226417926e-11 0.34745148040811064 0.22343414815185839 12211181920.149284 3.765689859060684 -0.10026176109396882 -0.083696451335521158 0.82590390018918902 0.39642857142857152
decision_type=10 10 8 10 8 10 10 10 8 10 10 10 10 8
left_child=1 2 3 5 -5 -1 7 13 9 -9 -11 -8 -12 -4
right_child=-2 -3 6 4 -6 -7 11 8 -10 10 12 -13 -14 -15
leaf_value=-0.00039151999660374284 -0.0015566113703854142 0.002635920603314172 -0.0010741740902791912 0.0027040997647875269 0.00023777098880881176 -0.0021603675020654039 -0.00027002351338286767 0.002290563159545914 0.0031828959137544834 0.0016116015077568592 -0.00068407936873066317 -0.0037466574156725845 0.0024898435886610637 6.8505595129278373e-05
leaf_weight=1146 62 23 155 43 175 66 46 61 61 68 233 27 22 5992
leaf_count=1146 62 23 155 43 175 66 46 61 61 68 233 27 22 5992
internal_value=-8.78581e-13 1.18884e-05 4.43283e-06 -0.000303063 0.000724249 -0.000487843 7.04072e-05 8.84169e-05 0.000761474 0.000376821 1.54024e-05 -0.0015559 -0.000410251 3.96923e-05
internal_weight=8180 8118 8095 1430 218 1212 6665 6592 445 384 323 73 255 6147
internal_count=8180 8118 8095 1430 218 1212 6665 6592 445 384 323 73 255 6147
is_linear=0
shrinkage=0.04


Tree=77
num_leaves=15
num_cat=0
split_feature=31 31 8 27 86 25 57 25 53 87 20 31 31 29
split_gain=0.0920719 0.128497 0.165897 0.166753 0.143258 0.190743 0.156584 0.122011 0.114401 0.107293 0.151984 0.141899 0.150988 0.132935
threshold=-0.048686590895025077 -0.068396393511499273 0.66526542726164128 0.016005132327847022 0.20466233032957581 0.010595827540266072 8944735039.4816113 0.01027414436717442 0.37197148989425671 -0.99443577882794043 0.019345747057702499 -0.096539600998390748 -0.10573365084349649 0.013681290790422176
decision_type=10 10 10 10 8 8 10 10 10 10 8 10 10 10
left_child=1 9 3 4 5 8 -6 -5 -3 10 -1 12 -12 -11
right_child=-2 2 -4 7 6 -7 -8 -9 -10 13 11 -13 -14 -15
leaf_value=-0.0013087119824880321 -0.0015744378893651953 0.0013899217612660406 -0.0014876813890316108 -0.0021706810562244182 0.0027340635622963155 -0.0014823437035985051 0.00016002120585604146 0.0014735107503033109 -0.00059361453412763656 6.632638672506968e-05 -9.8000747649486941e-05 -0.0027469847801952592 0.0033609066970114198 -0.00064130222539237713
leaf_weight=242 59 220 58 49 121 62 55 21 59 6201 525 31 21 456
leaf_count=242 59 220 58 49 121 62 55 21 59 6201 525 31 21 456
internal_value=6.28748e-13 1.14385e-05 0.000553135 0.000754783 0.00100286 0.000524499 0.00192968 -0.00107742 0.000970464 -3.5297e-05 -0.000467321 -0.000114433 3.50342e-05 1.78543e-05
internal_weight=8180 8121 645 587 517 341 176 70 279 7476 819 577 546 6657
internal_count=8180 8121 645 587 517 341 176 70 279 7476 819 577 546 6657
is_linear=0
shrinkage=0.04


Tree=78
num_leaves=15
num_cat=0
split_feature=75 85 18 41 41 25 24 58 96 32 85 87 17 30
split_gain=0.0918671 0.106009 0.0927839 0.093673 0.12058 0.262329 0.34731 0.208583 0.173035 0.197478 0.190322 0.13868 0.135592 0.160389
threshold=-0.53711079665885142 -0.22053390963513556 0.025540900281703322 -0.1764684263064841 -0.089260367194003751 0.01026446394265277 0.011848355174849511 6761614461.7885962 0.41763565891472876 -0.25668026002008015 0.32889694520991059 1.3391738070657311 0.015122469343151717 -0.034891807705564319
decision_type=8 10 10 8 8 8 8 10 8 10 10 10 8 10
left_child=1 -1 3 -2 5 -5 7 -7 9 10 -8 -10 13 -6
right_child=2 -3 -4 4 12 6 8 -9 11 -11 -12 -13 -14 -15
leaf_value=0.00027890986971685602 -0.0015006360133668296 -0.0029913972339459826 -0.0015552416664237779 0.0049183148926212677 0.00099168252076828854 0.00016450325408103793 -0.0010518187725539791 -0.0035775248505748236 0.0016916458561930924 0.0035707088746130466 0.00094399198815018064 -0.00072226184008865281 -6.4210988707486674e-05 -0.00063362996860632853
leaf_weight=29 64 35 60 21 403 44 178 52 283 24 134 44 6681 128
leaf_count=29 64 35 60 21 403 44 178 52 283 24 134 44 6681 128
internal_value=5.47387e-14 -0.00150954 1.19037e-05 2.35756e-05 3.57815e-05 0.000508226 0.000386207 -0.00186243 0.000711802 7.43101e-05 -0.000194644 0.00136684 -1.53148e-05 0.000599893
internal_weight=8180 64 8116 8056 7992 780 759 96 663 336 312 327 7212 531
internal_count=8180 64 8116 8056 7992 780 759 96 663 336 312 327 7212 531
is_linear=0
shrinkage=0.04


Tree=79
num_leaves=15
num_cat=0
split_feature=22 18 48 88 19 87 30 68 24 22 17 88 67 85
split_gain=0.0879157 0.0891008 0.153619 0.161147 0.127556 0.251352 0.152823 0.126596 0.126482 0.12303 0.122779 0.186085 0.323806 0.222178
threshold=0.022816925235729934 0.022939569475262104 -0.20259380439626748 0.027043860134237041 0.022221570628546915 1.0923014998464438 -0.19748395086114637 4.3676741880674168 0.011828131197260408 0.012386539054047008 0.020616809941740786 -0.45877524670760234 4.4003161313138479 -0.29453066921177168
decision_type=10 8 8 8 8 10 10 10 10 10 10 10 10 10
left_child=1 4 -3 8 6 -6 -1 9 -4 -5 -8 12 13 -12
right_child=-2 2 3 7 5 -7 10 -9 -10 -11 11 -13 -14 -15
leaf_value=-0.0018124151209092424 0.0022375336246165849 0.0010411571286552187 -0.0043544947551119898 0.00013627733926811856 0.0010333787656019036 -0.0020630495297781965 -9.6541119008510535e-05 0.0020303264322380225 -0.0011224347107554786 -0.0012609968422881822 0.0040862573425878177 0.0001050692601215343 -0.0010683362420510364 0.0012155795039725489
leaf_weight=74 28 105 21 292 390 47 4737 39 250 154 55 1707 81 200
leaf_count=74 28 105 21 292 390 47 4737 39 250 154 55 1707 81 200
internal_value=1.18775e-12 -7.68534e-06 -0.000392508 -0.000591628 3.77587e-05 0.000700353 -4.4873e-06 -0.000155088 -0.00137289 -0.00034619 1.52452e-05 0.000274439 0.0011349 0.00183475
internal_weight=8180 8152 861 756 7291 437 6854 485 271 446 6780 2043 336 255
internal_count=8180 8152 861 756 7291 437 6854 485 271 446 6780 2043 336 255
is_linear=0
shrinkage=0.04


Tree=80
num_leaves=15
num_cat=0
split_feature=20 43 31 19 32 24 25 7 57 59 8 65 42 59
split_gain=0.0858503 0.125731 0.10412 0.432467 0.248483 0.241812 0.234738 0.180929 0.174291 0.268459 0.183094 0.157506 0.149703 0.147139
threshold=0.022821390817359118 0.28260473398530411 -0.24240406427292224 0.020057076276652836 -0.28841627403722647 0.012752199395268326 0.01258496467162494 -0.084608378026770723 4241438726.3671379 5752251393.4065847 -0.2195169638620699 4.3112319038373634 -0.25055742822184535 6737280092.6727438
decision_type=10 8 8 8 8 10 10 8 10 10 10 10 8 10
left_child=2 -2 3 11 6 -4 -5 -6 10 -10 -7 -1 -13 -11
right_child=1 -3 5 4 7 8 -8 -9 9 13 -12 12 -14 -15
leaf_value=0.00014874753260430294 -9.7037800909713549e-05 -0.0025637370586513962 5.817888757554952e-05 -0.0012473468182586311 0.0043578211460927772 -0.00025034780371409489 0.0011174668022222928 0.0013696867828075956 0.001044269315517297 -0.00178579814579812 -0.0029235831460886702 0.0010833242028180895 -0.0020685809919849963 -0.00039192852744283051
leaf_weight=183 94 51 6164 84 56 71 335 77 168 164 97 29 143 464
leaf_count=183 94 51 6164 84 56 71 335 77 168 164 97 29 143 464
internal_value=4.68187e-13 -0.000964635 1.74079e-05 0.000421068 0.00112152 -3.39557e-05 0.000643375 0.00262785 -0.000623082 -0.000375991 -0.00179382 -0.000668084 -0.00153716 -0.000755933
internal_weight=8180 145 8035 907 552 7128 419 133 964 796 168 355 172 628
internal_count=8180 145 8035 907 552 7128 419 133 964 796 168 355 172 628
is_linear=0
shrinkage=0.04


Tree=81
num_leaves=15
num_cat=0
split_feature=21 22 38 58 85 31 17 25 42 24 68 19 25 32
split_gain=0.0868052 0.140283 0.126827 0.116127 0.121493 0.112533 0.112057 0.152995 0.127831 0.179851 0.152624 0.133471 0.128083 0.19144
threshold=0.0047915663446399881 0.01206304059768506 0.036598014062055324 2666760205.7613883 0.3760277298209489 -0.095892313789031611 0.015375923085284912 0.012050565323115691 -0.20065196437771013 0.011566780733280565 4.2391290170560092 0.015974278257457983 0.0095618488162939556 -0.16901130927353883
decision_type=8 10 10 10 8 10 8 10 8 10 10 8 8 8
left_child=1 3 -3 4 -1 -4 7 -2 9 -8 -11 -10 -13 -14
right_child=6 2 5 -5 -6 -7 8 -9 11 10 -12 12 13 -15
leaf_value=-0.0027984200820613363 0.00095664823288579631 -0.00013477440750593264 0.0031017678387805208 -0.00032183539523802446 -0.00019032314255395356 0.0002223139002513236 -0.0018644027943771921 -0.00073521539912707059 0.0016215526222481164 0.00039152603396080217 0.0021924995139667417 -0.00081394447774779221 -0.00020925439501597178 0.00027270671814379188
leaf_weight=65 426 132 49 1113 51 39 38 107 77 208 118 335 3158 2264
leaf_count=65 426 132 49 1113 51 39 38 107 77 208 118 335 3158 2264
internal_value=-3.38857e-13 -0.000280842 0.000649394 -0.000447361 -0.00165176 0.00182565 6.04576e-05 0.000617006 1.25969e-05 0.000739849 0.00104341 -3.27784e-05 -5.49051e-05 -8.00763e-06
internal_weight=8180 1449 220 1229 116 88 6731 533 6198 364 326 5834 5757 5422
internal_count=8180 1449 220 1229 116 88 6731 533 6198 364 326 5834 5757 5422
is_linear=0
shrinkage=0.04


Tree=82
num_leaves=15
num_cat=0
split_feature=31 31 7 20 68 66 20 23 86 31 38 25 58 58
split_gain=0.0856648 0.102027 0.162598 0.185102 0.19389 0.143837 0.1351 0.108073 0.100764 0.14634 0.111046 0.17193 0.162211 0.155763
threshold=-0.046522941350792928 -0.068396393511499273 0.3665420139720223 0.019568632222074289 3.9320176195023024 4.2163304236806649 0.020747532945767862 0.0084734306326594341 0.7116089241864082 -0.072047625554453806 0.27950805784679372 0.0097006945353153313 11131028334.325827 5564286345.773778
decision_type=10 10 10 10 10 10 10 10 10 10 10 8 10 10
left_child=1 8 3 4 -3 -6 7 -5 9 10 11 12 13 -1
right_child=-2 2 -4 6 5 -7 -8 -9 -10 -11 -12 -13 -14 -15
leaf_value=0.00040261564161736779 -0.0020036286699092565 0.0014967477627759499 -0.00088054563630380321 0.0045491811829722591 -0.0015212760828338409 0.00040353224900503519 -0.00034610554908535312 0.0018018245417624713 -0.0014460024751897435 -0.0025280379191846458 0.0011220341636017509 2.1213956087502122e-05 0.0013553861555244244 -0.001536523671863056
leaf_weight=86 34 155 116 36 96 176 28 63 80 37 137 6798 49 289
leaf_count=86 34 155 116 36 96 176 28 63 80 37 137 6798 49 289
internal_value=-2.00338e-13 8.3628e-06 0.000481233 0.000766371 0.000367623 -0.000275812 0.00210704 0.00280086 -3.40159e-05 -1.87429e-05 -6.12656e-06 -2.75276e-05 -0.000809001 -0.00109181
internal_weight=8180 8146 670 554 427 272 127 99 7476 7396 7359 7222 424 375
internal_count=8180 8146 670 554 427 272 127 99 7476 7396 7359 7222 424 375
is_linear=0
shrinkage=0.04


Tree=83
num_leaves=15
num_cat=0
split_feature=87 26 96 31 74 75 26 100 20 75 32 32 27 88
split_gain=0.0820295 0.112608 0.121297 0.150559 0.105296 0.102306 0.104383 0.100746 0.134961 0.116096 0.102152 0.153975 0.147282 0.155585
threshold=-0.99443577882794043 0.0060658520916766307 0.5300120048019209 -0.068396393511499273 -0.38849188970544574 0.45915201640173769 0.0086418078797759618 2.5000000000000004 0.02319538144073929 -0.53711079665885142 -0.16901130927353883 -0.17451892973225044 0.015132349589291572 0.46750947269839355
decision_type=10 8 10 10 8 10 10 2 10 10 10 10 8 10
left_child=1 -1 3 5 -2 6 -3 8 9 -6 11 -11 13 -12
right_child=4 2 -4 -5 7 -7 -8 -9 -10 10 12 -13 -14 -15
leaf_value=-0.0013391896077702124 -0.0013301967797187072 0.00081077266638068118 -0.00098589999397376846 0.0030085992487147452 -0.0019743870158867062 0.0027347536686630476 -0.00046968007853574419 0.00046072303517813689 -0.0015499002110234208 -3.3217815347839846e-05 0.00060604593044655492 -0.0015120009233340107 -0.00046557464587029969 -0.0003340361283712603
leaf_weight=155 88 141 206 28 46 21 367 888 88 3910 1410 116 364 352
leaf_count=155 88 141 206 28 46 21 367 888 88 3910 1410 116 364 352
internal_value=1.26097e-13 -0.000356267 -0.00015659 0.00015012 4.50362e-05 -1.17924e-06 -0.000114279 6.19055e-05 5.56603e-06 2.76507e-05 4.26205e-05 -7.58256e-05 0.000266921 0.000418243
internal_weight=8180 918 763 557 7262 529 508 7174 6286 6198 6152 4026 2126 1762
internal_count=8180 918 763 557 7262 529 508 7174 6286 6198 6152 4026 2126 1762
is_linear=0
shrinkage=0.04


Tree=84
num_leaves=15
num_cat=0
split_feature=85 87 42 86 31 24 20 21 21 18 7 41 58 30
split_gain=0.0799963 0.234039 0.175456 0.146641 0.20119 0.257881 0.238574 0.144379 0.134742 0.151091 0.13398 0.121697 0.120608 0.117228
threshold=-0.65817885093365369 1.3128580466348827 -0.11674055764301459 -0.36721772385981527 -0.27236263175828357 0.012752199395268326 0.01965702573924075 0.019290341716289006 0.0047915663446399881 0.018208668753433344 -0.17149033426808893 -0.087503472248626243 4075281709.5025268 -0.11062048287197317
decision_type=8 10 10 8 10 10 10 10 8 10 10 10 8 10
left_child=1 2 -1 4 -2 6 -6 8 9 12 -11 -4 -5 -7
right_child=3 -3 11 7 5 13 -8 -9 -10 10 -12 -13 -14 -15
leaf_value=-0.0003354560649853998 0.0026158160071268126 -0.00067712397501437009 0.0033540574403568392 -0.0029499486815184358 -0.0013394738195832664 -0.00046898113027803932 0.0014194495602998704 -0.00082937397503572566 0.00013120426786488145 -0.0012367167372212861 0.00016556833371927197 0.0010675958577233175 -0.00074000082688009433 -0.0024497179732179291
leaf_weight=140 27 225 42 45 96 68 105 316 5439 128 735 329 324 161
leaf_count=140 27 225 42 45 96 68 105 316 5439 128 735 329 324 161
internal_value=7.52366e-13 0.000397816 0.000871126 -3.93327e-05 -0.000733513 -0.00094382 0.000101755 6.07168e-06 4.56461e-05 -0.000332074 -4.24183e-05 0.00132644 -0.00100951 -0.00186155
internal_weight=8180 736 511 7444 457 430 201 6987 6671 1232 863 371 369 229
internal_count=8180 736 511 7444 457 430 201 6987 6671 1232 863 371 369 229
is_linear=0
shrinkage=0.04


Tree=85
num_leaves=15
num_cat=0
split_feature=31 31 8 27 86 25 57 25 53 90 58 40 56 32
split_gain=0.0799014 0.105527 0.142533 0.139409 0.1252 0.167218 0.135155 0.106638 0.0997559 0.0989905 0.134491 0.271856 0.155703 0.185677
threshold=-0.048686590895025077 -0.068396393511499273 0.66526542726164128 0.016005132327847022 0.20466233032957581 0.010595827540266072 8944735039.4816113 0.01027414436717442 0.37197148989425671 1.2721943795498564e-12 11952691661.826063 -0.07299768300824637 20610106827.335285 -0.10640261128363925
decision_type=10 10 10 10 8 8 10 10 10 8 10 10 10 10
left_child=1 9 3 4 5 8 -6 -5 -3 -1 -11 -12 13 -13
right_child=-2 2 -4 7 6 -7 -8 -9 -10 10 11 12 -14 -15
leaf_value=-0.0012453737185679306 -0.0014666932452647894 0.001277342370470499 -0.0013901067298715572 -0.0020088586436432542 0.0025290495003448521 -0.0014109215916945569 0.00013761771251235837 0.0013980181697046473 -0.0005748840321991908 -7.0638930979818299e-05 0.0038919337691428763 0.00054464514333761019 -0.00056637452437737314 0.0040867449839599428
leaf_weight=106 59 220 58 49 121 62 55 21 59 6646 36 448 215 25
leaf_count=106 59 220 58 49 121 62 55 21 59 6646 36 448 215 25
internal_value=-3.45612e-13 1.06557e-05 0.000501554 0.000688464 0.000915288 0.000468094 0.00178173 -0.000986796 0.000885653 -3.16971e-05 -1.42412e-05 0.000503465 0.000326162 0.00073186
internal_weight=8180 8121 645 587 517 341 176 70 279 7476 7370 724 688 473
internal_count=8180 8121 645 587 517 341 176 70 279 7476 7370 724 688 473
is_linear=0
shrinkage=0.04


Tree=86
num_leaves=15
num_cat=0
split_feature=65 58 59 23 7 30 24 18 6 68 42 86 76 27
split_gain=0.0800522 0.157339 0.179173 0.172103 0.163894 0.154857 0.14372 0.155623 0.144302 0.129667 0.123932 0.123055 0.11756 0.117187
threshold=4.7735471655817658 11711036910.048658 8123144541.543334 0.016042783933749919 -0.018005057675926691 -0.11493289822075968 0.013123895068289563 0.015940614949596796 -0.16338910004092841 4.1799817062308948 0.24301161811738606 -0.0072620328911149213 -0.3689885796995156 0.0093506793480051479
decision_type=10 10 10 8 10 10 10 8 8 8 8 10 8 10
left_child=12 2 3 4 6 -6 7 -2 -9 11 -3 -10 -1 -4
right_child=1 10 13 -5 5 -7 -8 8 9 -11 -12 -13 -14 -15
leaf_value=-0.0011744048125456926 0.0018861904851413178 0.00031267089093546871 -5.2390020207634988e-05 0.0020063215936318526 0.0022749293960630892 -5.120096175500401e-05 0.00030735697582157914 -0.0036432223716595519 0.0022809142222808255 -0.0015322206823859274 0.0028826634088181891 -0.0014505538587959912 8.3964617583483334e-05 -0.0020127862610316237
leaf_weight=121 24 143 70 54 50 544 131 42 31 254 38 26 6491 161
leaf_count=121 24 143 70 54 50 544 131 42 31 254 38 26 6491 161
internal_value=4.50055e-13 -0.000256959 -0.000401705 -0.000198476 -0.000306515 0.000144601 -0.000834002 -0.0012306 -0.00144251 -0.00114531 0.000852227 0.000578841 6.09364e-05 -0.00141873
internal_weight=8180 1568 1387 1156 1102 594 508 377 353 311 181 57 6612 231
internal_count=8180 1568 1387 1156 1102 594 508 377 353 311 181 57 6612 231
is_linear=0
shrinkage=0.04


Tree=87
num_leaves=15
num_cat=0
split_feature=28 41 75 24 8 85 20 41 6 86 58 8 8 32
split_gain=0.077306 0.169194 0.128776 0.126846 0.125117 0.190964 0.149309 0.122131 0.167346 0.184264 0.226758 0.169164 0.158147 0.139673
threshold=0.008100776671704871 -0.16225102992763932 -0.53711079665885142 0.015108132930242584 -0.13886184759225553 -1.0249875829224138 0.018532934245242712 -0.098333579879375951 -0.10632897125039946 -0.05892580076405584 6112839602.0238123 -0.20310498494234122 -0.37988157943536083 -0.27557997492817921
decision_type=8 8 8 10 8 10 10 8 8 10 10 8 8 10
left_child=1 -1 -2 4 6 -6 -3 13 9 10 11 -9 -10 -4
right_child=2 3 7 -5 5 -7 -8 8 12 -11 -12 -13 -14 -15
leaf_value=-0.0025178657277137974 -0.0020088269951630314 0.0012071169029396756 0.00022148572279793852 0.0026155685696242627 -0.0012673184669322588 0.0010383346673857232 -0.00069746577053767292 0.0036525123771280052 0.0033781983017582783 -0.001155214516690755 -0.00079280769765365173 0.0003742659006349962 -1.9486642078678589e-05 0.0018250471414490181
leaf_weight=32 53 87 414 41 66 445 271 40 22 444 157 68 5930 110
leaf_count=32 53 87 414 41 66 445 271 40 22 444 157 68 5930 110
internal_value=5.53681e-13 0.000340858 -4.43615e-05 0.000441385 0.000338805 0.00074054 -0.00023462 -2.98707e-05 -7.61253e-05 -0.000657032 0.00017766 0.00158843 -6.92799e-06 0.000558111
internal_weight=8180 942 7238 910 869 511 358 7185 6661 709 265 108 5952 524
internal_count=8180 942 7238 910 869 511 358 7185 6661 709 265 108 5952 524
is_linear=0
shrinkage=0.04


Tree=88
num_leaves=15
num_cat=0
split_feature=87 86 25 22 41 74 21 24 55 28 100 20 75 67
split_gain=0.076317 0.103714 0.200431 0.121991 0.131732 0.110527 0.103137 0.101819 0.13273 0.143413 0.0961176 0.11831 0.101142 0.0942636
threshold=-0.99443577882794043 0.17749233601685674 0.010800619473918601 0.011009729137069687 -0.062857979419864138 0.11985251012003541 0.012972758274625447 0.013628394189833987 4317674852.2669287 0.0080235341260211698 2.5000000000000004 0.02319538144073929 -0.53711079665885142 4.1479806878793299
decision_type=10 10 8 10 8 10 10 10 8 10 2 10 10 10
left_child=1 3 -3 5 -5 7 -4 8 9 -1 11 12 -2 -7
right_child=10 2 6 4 -6 13 -8 -9 -10 -11 -12 -13 -14 -15
leaf_value=0.0035924234087097236 -0.001730788647777067 -0.00087310891349808972 0.00089600193531562888 0.00023475159596487443 -0.0018182415488312443 -0.00022709738349894416 0.0037147524694187773 0.0024637924389982668 -0.00051431362697292331 4.343961080422207e-05 0.00043084022016738979 -0.0014677091459708953 2.4016556185425042e-05 -0.0031446640360552596
leaf_weight=29 53 103 90 68 189 37 27 27 265 49 898 88 6223 34
leaf_count=29 53 103 90 68 189 37 27 27 265 49 898 88 6223 34
internal_value=-4.51676e-13 -0.000343638 0.000413674 -0.000582332 -0.00127504 -0.000178646 0.00154648 9.87516e-05 -8.74178e-05 0.00136293 4.34397e-05 -1.12249e-05 9.19746e-06 -0.00162424
internal_weight=8180 918 220 698 257 441 117 370 343 78 7262 6364 6276 71
internal_count=8180 918 220 698 257 441 117 370 343 78 7262 6364 6276 71
is_linear=0
shrinkage=0.04


Tree=89
num_leaves=15
num_cat=0
split_feature=31 31 42 31 31 31 56 29 27 32 46 25 41 25
split_gain=0.0751988 0.0839861 0.251187 0.190161 0.361846 0.274415 0.195 0.184275 0.182347 0.224162 0.185138 0.266776 0.170396 0.163909
threshold=-0.043445625302939099 -0.080422718087550901 0.32990706542001141 -0.096539600998390748 -0.096891870305990599 -0.095892313789031611 5372837599.5192108 0.01188408761858205 0.016005132327847022 -0.20333386808356321 0.29677954884052876 0.01190300859120298 0.080985794047246054 0.01026446394265277
decision_type=10 10 10 10 10 10 10 10 10 10 8 10 10 10
left_child=1 3 8 4 -1 -5 7 -7 10 -10 -3 -12 13 -8
right_child=-2 2 -4 5 -6 6 12 -9 9 -11 11 -13 -14 -15
leaf_value=-2.4326180893474005e-06 -0.0022839680071110309 -0.0026831973516024078 -0.0031022021829178836 -0.003486268403483372 0.0031989963914741547 0.0016357013172487395 -0.0023696063732212579 -0.00057557882379114748 0.0028670651820443928 -0.0016301763704834962 0.00054852347244626145 0.0032291071975487284 0.00070257026259499936 -0.00061402920327124704
leaf_weight=6289 23 26 33 51 57 114 144 128 21 114 827 64 81 208
leaf_count=6289 23 26 33 51 57 114 144 128 21 114 827 64 81 208
internal_value=-2.27145e-13 6.44002e-06 0.000334124 -4.38338e-05 2.63227e-05 -0.000657076 -0.000443315 0.000466099 0.000441917 -0.000930605 0.000643979 0.000741068 -0.000951578 -0.00133222
internal_weight=8180 8157 1085 7072 6346 726 675 242 1052 135 917 891 433 352
internal_count=8180 8157 1085 7072 6346 726 675 242 1052 135 917 891 433 352
is_linear=0
shrinkage=0.04


Tree=90
num_leaves=15
num_cat=0
split_feature=21 17 55 7 6 88 85 42 42 58 68 54 32 56
split_gain=0.0737462 0.130127 0.144178 0.101261 0.129581 0.0959054 0.157743 0.0956193 0.119998 0.207489 0.127141 0.122853 0.247767 0.294314
threshold=0.0047915663446399881 0.020521838333819594 2618786766.648581 -0.11658033492383567 -0.040676408558250825 -0.4368129006247416 -0.34266183410739842 0.34745148040811064 0.22343414815185839 12211181920.149284 3.765689859060684 0.26868360343400038 -0.13093338726231687 7433016782.4475965
decision_type=8 10 10 10 10 10 10 10 10 10 10 10 10 10
left_child=1 2 -1 -3 -5 6 -6 8 11 10 -10 12 -2 -14
right_child=7 3 -4 4 5 -7 -8 -9 9 -11 -12 -13 13 -15
leaf_value=-0.0021426007849506185 4.2115704077524729e-05 -0.00089718241758151532 -0.00036422369862076302 0.0024432312324643136 0.0046383358612656599 -5.4544725565027979e-05 0.00013637551536896465 -0.0013840797615607512 0.0020366230025719544 0.0028731283869930227 4.54780222464572e-05 -0.00031442551075475811 0.0027067965823723348 0.0002464811385776486
leaf_weight=79 4550 85 951 54 20 227 33 73 61 61 323 1332 125 206
leaf_count=79 4550 85 951 54 20 227 33 73 61 61 323 1332 125 206
internal_value=1.48099e-12 -0.000258856 -0.000500623 0.000335464 0.000649162 0.000303162 0.00183523 5.57247e-05 7.15111e-05 0.000706032 0.00036178 2.60641e-05 0.000118982 0.0011756
internal_weight=8180 1449 1030 419 334 280 53 6731 6658 445 384 6213 4881 331
internal_count=8180 1449 1030 419 334 280 53 6731 6658 445 384 6213 4881 331
is_linear=0
shrinkage=0.04


Tree=91
num_leaves=15
num_cat=0
split_feature=68 65 58 23 68 90 97 18 54 68 85 39 42 42
split_gain=0.0740557 0.116337 0.170874 0.182415 0.164622 0.187096 0.176159 0.168597 0.146793 0.162582 0.139036 0.147634 0.119639 0.119007
threshold=4.5322340993747128 4.7735471655817658 11711036910.048658 0.016042783933749919 4.1845542278964993 5.9451586702361042e-12 0.58359133126935003 0.019567721396507438 0.42458585883161254 4.3446631099915125 -0.31657831412269055 -0.0093781084989711921 0.050842144771649618 0.24301161811738606
decision_type=10 10 10 8 8 10 10 10 8 10 10 10 10 8
left_child=1 -1 3 4 7 6 -6 10 9 -7 -3 -12 -13 -4
right_child=-2 2 13 -5 5 8 -8 -9 -10 -11 11 12 -14 -15
leaf_value=3.2599788131648835e-05 0.00037070740479901312 0.0011680546376797161 0.00023091442266801244 0.0018100537382522409 -0.0009555851676693154 -0.00073545838481393357 -0.0026524167518302993 0.001147714601234442 -0.0019504199573220533 0.0014836139106863783 -0.0032051189450754058 0.00042427129999457583 -0.0024422332636929831 0.0027956562829078049
leaf_weight=6145 780 49 133 49 275 116 152 133 61 97 45 74 34 37
leaf_count=6145 780 49 133 49 275 116 152 133 61 97 45 74 34 37
internal_value=1.40579e-12 -3.90746e-05 -0.000390022 -0.000574773 -0.000687569 -0.00103614 -0.00155961 4.18224e-05 -0.000220359 0.000275105 -0.000686315 -0.0012802 -0.000478147 0.000789123
internal_weight=8180 7400 1255 1085 1036 701 427 335 274 213 202 153 108 170
internal_count=8180 7400 1255 1085 1036 701 427 335 274 213 202 153 108 170
is_linear=0
shrinkage=0.04


Tree=92
num_leaves=15
num_cat=0
split_feature=18 48 88 17 32 41 88 32 28 42 47 8 68 31
split_gain=0.0720657 0.123849 0.127112 0.120382 0.14711 0.402161 0.158724 0.150818 0.162416 0.200285 0.186046 0.183237 0.237755 0.17975
threshold=0.022939569475262104 -0.20259380439626748 -0.040008361385457103 0.020616809941740786 -0.13093338726231687 -0.023729179561722654 -0.4368129006247416 -0.13867116461338683 0.013058550974329347 0.0085717114258825351 -0.12263715499992121 0.098608857105561012 4.2337996519062324 -0.14446784534799559
decision_type=8 8 8 10 10 10 8 10 10 8 10 8 10 8
left_child=3 -2 -3 -1 7 -6 -7 8 9 -5 -11 12 -10 -12
right_child=1 2 -4 4 5 6 -8 -9 11 10 13 -13 -14 -15
leaf_value=-6.8318102972084071e-05 0.00094724830351437307 -0.001246021617569113 -0.00015683815526039841 -0.00070286062714339475 0.0040351225256004871 0.0016266802680576489 2.7677686789659143e-05 -0.0022370292458596618 6.5347721420210906e-05 0.0016918634083035781 -0.0012510835677509381 -0.00019781582052049904 0.0018551227145470438 0.00088660026040787883
leaf_weight=5018 105 256 519 531 57 139 348 43 212 135 122 295 270 130
leaf_count=5018 105 256 519 531 57 139 348 43 212 135 122 295 270 130
internal_value=2.00222e-13 -0.000341954 -0.00051662 4.12218e-05 0.000282095 0.000856144 0.000484067 0.000102415 0.000161764 -0.000198466 0.000493611 0.000587363 0.00106792 -0.00014831
internal_weight=8180 880 775 7300 2282 544 487 1738 1695 918 387 777 482 252
internal_count=8180 880 775 7300 2282 544 487 1738 1695 918 387 777 482 252
is_linear=0
shrinkage=0.04


Tree=93
num_leaves=15
num_cat=0
split_feature=22 28 41 90 76 87 41 6 90 8 32 50 27 26
split_gain=0.0712583 0.0739538 0.15029 0.122158 0.108983 0.107589 0.0996462 0.153372 0.181805 0.141241 0.134686 0.181751 0.170128 0.130526
threshold=0.022816925235729934 0.008100776671704871 -0.16225102992763932 1.2721943795498564e-12 -0.3689885796995156 2.3295735260212522 -0.098333579879375951 -0.10632897125039946 5.9165349350851963e-11 -0.37988157943536083 -0.27557997492817921 -0.27826874720859163 0.010218408228339764 0.0051840612615882192
decision_type=10 8 8 8 8 8 8 8 10 8 10 10 10 10
left_child=1 2 -1 -4 -3 -5 10 8 -8 -9 11 -6 -12 -11
right_child=-2 4 3 5 6 -7 7 9 -10 13 12 -13 -14 -15
leaf_value=-0.0023679038719274102 0.0020144384583857442 -0.0012408085701956361 -0.0016857236512615122 0.000641144058419974 0.00045186042073163464 -0.0011567161685458191 -0.00074458456910560255 0.0031940398256252098 0.0031252181213349108 0.00043497047719802818 -0.00039051670142050299 -0.0026069508390227226 0.0030876987924178438 -9.5578220919790652e-05
leaf_weight=32 28 121 42 811 362 57 675 22 20 871 35 34 63 5007
leaf_count=32 28 121 42 811 362 57 675 22 20 871 35 34 63 5007
internal_value=4.21382e-13 -6.91907e-06 0.000326392 0.000421137 -5.04668e-05 0.000523082 -3.01493e-05 -7.11937e-05 -0.000633223 -4.98847e-06 0.000517802 0.000189235 0.00184548 -1.69617e-05
internal_weight=8180 8152 942 910 7210 868 7089 6595 695 5900 494 396 98 5878
internal_count=8180 8152 942 910 7210 868 7089 6595 695 5900 494 396 98 5878
is_linear=0
shrinkage=0.04


Tree=94
num_leaves=15
num_cat=0
split_feature=89 87 90 85 42 38 59 90 31 24 90 31 18 32
split_gain=0.0699253 0.320003 0.223769 0.207358 0.193001 0.188369 0.145132 0.140409 0.132247 0.29285 0.286553 0.243898 0.231469 0.203241
threshold=1.3321662200980956e-11 0.77789677542633817 9.0340324669119643e-12 0.22590700928234178 -0.037662740596574977 -0.080605128675235158 4377470439.5971279 4.0479325398278246e-11 -0.1434791350881249 0.013059014357405916 6.5541735587149493e-12 -0.19413965680612813 0.022296789106469515 -0.3079457499263859
decision_type=8 10 10 10 10 8 10 8 8 10 8 10 10 8
left_child=2 3 8 -2 -3 6 -4 -5 9 10 13 -11 -10 -1
right_child=1 4 5 7 -6 -7 -8 -9 12 11 -12 -13 -14 -15
leaf_value=0.00051002992810616685 -0.00038239235096643198 -0.0011468012828738728 0.0037808898818053184 -0.00010474490668250937 -0.0043953485274687409 0.00037355075732851121 0.00057822596611610305 0.0017379693366624666 0.00022423799287176683 0.00074307940289477473 -0.0016148171120880148 -0.00093394015670075715 -0.0012447488593364444 -0.00050888563708036214
leaf_weight=410 725 109 61 119 40 166 36 149 3688 701 296 173 180 1327
leaf_count=410 725 109 61 119 40 166 36 149 3688 701 296 173 180 1327
internal_value=-3.10267e-13 -0.00029033 4.71095e-05 -3.09584e-05 -0.00201889 0.00119186 0.00259227 0.000919749 2.67116e-06 -0.000201183 -0.000464419 0.000411129 0.000155878 -0.000268382
internal_weight=8180 1142 7038 993 149 263 97 268 6775 2907 2033 874 3868 1737
internal_count=8180 1142 7038 993 149 263 97 268 6775 2907 2033 874 3868 1737
is_linear=0
shrinkage=0.04


Tree=95
num_leaves=15
num_cat=0
split_feature=31 31 8 20 42 29 25 68 20 66 50 59 42 49
split_gain=0.0699495 0.0892558 0.122061 0.128732 0.172045 0.106741 0.113298 0.105289 0.103415 0.0901012 0.277812 0.150194 0.208522 0.139918
threshold=-0.048686590895025077 -0.068396393511499273 0.66526542726164128 0.019568632222074289 0.22725332628019482 0.012763979870739881 0.0106130739146935 4.295214101989731 0.020817977765947512 3.6150687107864514 -0.4072632619404975 7383313573.2117281 0.075126740966827046 -0.15499267966101435
decision_type=10 10 10 8 10 10 10 10 8 8 10 10 8 10
left_child=1 9 3 4 5 6 -3 -5 -9 10 -1 13 -13 -12
right_child=-2 2 -4 7 -6 -7 -8 8 -10 -11 11 12 -14 -15
leaf_value=0.00156172697698839 -0.0013723164982304482 0.0005016054306093686 -0.0012891040244621449 0.00052065955565654132 0.0017406724909177194 -0.001819691376544402 -0.0018027427627864043 0.0030633524372331946 -4.1874814229562293e-05 2.2424007981460976e-05 -0.0021774885515311272 0.00091841940493456978 -0.0013428944788728525 -0.00067259813205780496
leaf_weight=102 59 204 58 95 91 56 41 78 22 6575 133 178 103 385
leaf_count=102 59 204 58 95 91 56 41 78 22 6575 133 178 103 385
internal_value=-2.43193e-13 9.97004e-06 0.000461439 0.000634406 0.000216616 -0.000244145 0.00011598 0.00147427 0.0023802 -2.8981e-05 -0.000404106 -0.000655063 8.95392e-05 -0.00105899
internal_weight=8180 8121 645 587 392 301 245 195 100 7476 901 799 281 518
internal_count=8180 8121 645 587 392 301 245 195 100 7476 901 799 281 518
is_linear=0
shrinkage=0.04


Tree=96
num_leaves=15
num_cat=0
split_feature=65 58 59 23 7 46 20 42 20 31 58 52 85 32
split_gain=0.0693971 0.132293 0.154127 0.14182 0.13734 0.144306 0.153034 0.130441 0.131287 0.125454 0.110727 0.108929 0.19102 0.181396
threshold=4.7735471655817658 11711036910.048658 8123144541.543334 0.016042783933749919 -0.018005057675926691 0.68745955426215433 0.020773071920928435 -0.20065196437771013 0.018322237536421489 -0.073500546466566549 17365606040.313133 0.045137534137985276 0.28871637475554307 -0.1770028492724374
decision_type=10 10 10 8 10 10 10 8 8 10 10 8 10 8
left_child=11 2 3 4 7 6 -6 -2 -9 -7 -3 12 -1 -14
right_child=1 10 -4 -5 5 9 -8 8 -10 -11 -12 -13 13 -15
leaf_value=6.6151588376020876e-05 0.00081286617981580394 0.0019539994596814115 -0.0013152405006450186 0.0018179618838001733 0.0013831383557165585 -0.00081833363329675409 -0.0012824097453128724 0.0017314395064022391 -0.0011996883670685858 0.00087588120046022688 -5.4364044467461705e-05 -4.0554164524954151e-05 0.0005062234076415455 0.0022019553855782978
leaf_weight=1256 72 75 231 54 192 265 42 26 410 95 106 4865 349 142
leaf_count=1256 72 75 231 54 192 265 42 26 410 95 106 4865 349 142
internal_value=-8.22279e-13 -0.000239247 -0.000371974 -0.000183483 -0.000281558 0.0001314 0.000904707 -0.000764426 -0.0010249 -0.000371249 0.000777831 5.67362e-05 0.000327668 0.000996639
internal_weight=8180 1568 1387 1156 1102 594 234 508 436 360 181 6612 1747 491
internal_count=8180 1568 1387 1156 1102 594 234 508 436 360 181 6612 1747 491
is_linear=0
shrinkage=0.04


Tree=97
num_leaves=15
num_cat=0
split_feature=86 74 68 18 20 65 58 19 86 97 56 31 30 42
split_gain=0.0686784 0.102191 0.0801367 0.122499 0.121845 0.0985473 0.143744 0.165134 0.172978 0.163173 0.194998 0.132231 0.108954 0.108056
threshold=0.7116089241864082 -0.022509920571219141 4.5322340993747128 0.01930790943405904 0.019568632222074289 4.7735471655817658 11952691661.826063 0.0211523864978202 0.24913446331133335 0.58359133126935003 6075113781.7349195 -0.31809383501106875 -0.11493289822075968 0.24301161811738606
decision_type=10 10 10 10 8 10 10 10 10 10 10 8 10 8
left_child=2 -2 5 -4 -5 -1 7 9 -9 12 11 -11 -7 -8
right_child=1 -3 3 4 -6 6 13 8 -10 10 -12 -13 -14 -15
leaf_value=3.8532476397382788e-05 0.00071574090827198234 -0.0021000356903773379 0.00097942949531909149 -0.0011655855616003177 0.00037790372181314459 0.0011843110952282051 0.00020712443511904211 0.0013296560375364841 -0.0012369088002587439 -0.0029167003583695206 -0.0028125856031114478 0.0002267021672917878 -0.0005917155182307434 0.002685579802200664
leaf_weight=6108 32 58 332 114 290 61 129 135 61 28 117 91 588 36
leaf_count=6108 32 58 332 114 290 61 129 135 61 28 117 91 588 36
internal_value=-5.09806e-14 -0.00109887 1.22248e-05 0.000410171 -5.76353e-05 -2.76023e-05 -0.000351801 -0.000519652 0.000530878 -0.000752312 -0.00165301 -0.000512922 -0.000424785 0.000747878
internal_weight=8180 90 8090 736 404 7354 1246 1081 196 885 236 119 649 165
internal_count=8180 90 8090 736 404 7354 1246 1081 196 885 236 119 649 165
is_linear=0
shrinkage=0.04


Tree=98
num_leaves=15
num_cat=0
split_feature=21 22 88 17 25 19 25 41 25 67 31 31 31 32
split_gain=0.0678927 0.116524 0.105991 0.0896947 0.118002 0.106757 0.111389 0.11043 0.107996 0.106725 0.104621 0.168465 0.238877 0.163623
threshold=0.0047915663446399881 0.01206304059768506 -0.36067108582921742 0.015375923085284912 0.012050565323115691 0.015974278257457983 0.0095618488162939556 0.085612078709745201 0.008871769417448919 3.8144608154252535 -0.079852910790267947 -0.096539600998390748 -0.096891870305990599 -0.14427362785574641
decision_type=8 10 8 8 10 8 8 10 10 10 10 10 10 10
left_child=1 -1 -3 4 -2 -5 7 9 -9 -7 11 12 13 -8
right_child=3 2 -4 5 -6 6 10 8 -10 -11 -12 -13 -14 -15
leaf_value=-0.00040013517083982956 0.00084967735646229172 0.0023807310368892799 0.00016669703068706275 0.0014907741559330712 -0.00063616099941465898 0.00056844837712840396 -7.3572545039329363e-05 -0.0014517358344429258 0.00096633700100291113 -0.0017623338224452543 0.00057152428556555179 -0.00076988738514906306 0.0036059406672914822 0.00057724921612707137
leaf_weight=1229 426 43 177 77 107 39 4062 44 90 162 525 440 30 729
leaf_count=1229 426 43 177 77 107 39 4062 44 90 162 525 440 30 729
internal_value=3.55344e-13 -0.000248371 0.00059944 5.34674e-05 0.000551395 1.06479e-05 -7.97151e-06 -0.000717118 0.000172343 -0.00131009 3.30869e-05 -2.06442e-05 4.77372e-05 2.54567e-05
internal_weight=8180 1449 220 6731 533 6198 6121 335 134 201 5786 5261 4821 4791
internal_count=8180 1449 220 6731 533 6198 6121 335 134 201 5786 5261 4821 4791
is_linear=0
shrinkage=0.04


Tree=99
num_leaves=15
num_cat=0
split_feature=87 26 96 31 32 100 20 88 27 26 28 67 26 86
split_gain=0.0668064 0.0968556 0.0978211 0.12041 0.088705 0.0866038 0.10337 0.0865372 0.0968547 0.0849841 0.115595 0.113234 0.107561 0.13547
threshold=-0.99443577882794043 0.0060658520916766307 0.5300120048019209 -0.068396393511499273 -0.13809275560602183 2.5000000000000004 0.02319538144073929 -0.45877524670760234 0.0022549790980630822 0.0086418078797759618 0.012575407336244552 4.190647776760219 0.011988134514983447 -0.074387535128934576
decision_type=10 8 10 10 8 2 10 8 10 8 8 10 10 10
left_child=1 -1 3 9 -4 6 -2 -7 -9 -3 12 -12 13 -11
right_child=5 2 4 -5 -6 7 -8 8 -10 10 11 -13 -14 -15
leaf_value=-0.0012330990527576256 7.8436070269764575e-06 0.00096043794922197464 -0.002223085815315707 0.002695408041846739 -0.00036768752247803762 -0.00046499210193179645 -0.0013726676647440234 -0.0016040347282203936 0.00067968774736825084 -0.001990530420922571 1.4507926420888283e-05 0.0025826963172842039 -0.0019223752216906748 0.00065223896045790751
leaf_weight=155 6276 116 57 28 149 151 88 31 716 45 143 34 91 100
leaf_count=155 6276 116 57 28 149 151 88 31 716 45 143 34 91 100
internal_value=-2.04029e-13 -0.000321513 -0.000136329 0.000139107 -0.000881074 4.0643e-05 -1.12458e-05 0.000408371 0.000584915 3.8015e-06 -0.000264891 0.000507832 -0.000844433 -0.000167931
internal_weight=8180 918 763 557 206 7262 6364 898 747 529 413 177 236 145
internal_count=8180 918 763 557 206 7262 6364 898 747 529 413 177 236 145
is_linear=0
shrinkage=0.04


Tree=100
num_leaves=15
num_cat=0
split_feature=31 31 42 31 31 57 29 87 27 32 46 25 32 88
split_gain=0.0666615 0.06631 0.204305 0.165731 0.313472 0.236697 0.186045 0.168853 0.154637 0.193962 0.163234 0.2432 0.138672 0.120694
threshold=-0.043445625302939099 -0.080422718087550901 0.32990706542001141 -0.096539600998390748 -0.096891870305990599 5112379325.4733601 0.01188408761858205 -0.44299811871953659 0.016005132327847022 -0.20333386808356321 0.29677954884052876 0.01190300859120298 -0.098862678806268575 0.039971231048919101
decision_type=10 10 10 10 10 10 10 10 10 10 8 10 10 10
left_child=1 3 8 4 12 6 -5 -7 10 -10 -3 -12 -1 -8
right_child=-2 2 -4 5 -6 7 13 -9 9 -11 11 -13 -14 -15
leaf_value=-1.751953531781367e-05 -0.0021504146638123885 -0.002543634514396007 -0.0028018731003006296 0.0018248142435362464 0.0029798827650384945 -0.0021185444517721496 0.00083450241198509262 -0.00057071493401120177 0.002663101430627562 -0.0015202365736727268 0.00048784593196390529 0.0030472423705214169 0.0019998300236395814 -0.0017114752013361657
leaf_weight=6234 23 26 33 95 57 168 55 343 21 114 827 64 55 65
leaf_count=6234 23 26 33 95 57 168 55 343 21 114 827 64 55 65
internal_value=5.28232e-13 6.06345e-06 0.000297229 -3.86078e-05 2.68874e-05 -0.000611104 0.000502368 -0.00107959 0.000394445 -0.000869495 0.000580521 0.000671686 1.23051e-07 -0.000544569
internal_weight=8180 8157 1085 7072 6346 726 215 511 1052 135 917 891 6289 120
internal_count=8180 8157 1085 7072 6346 726 215 511 1052 135 917 891 6289 120
is_linear=0
shrinkage=0.04


Tree=101
num_leaves=15
num_cat=0
split_feature=27 18 48 23 55 17 32 41 88 29 87 32 28 42
split_gain=0.066231 0.0707841 0.1134 0.112365 0.132819 0.102694 0.134491 0.369612 0.139142 0.134438 0.13213 0.131791 0.12842 0.180666
threshold=0.021554677753346463 0.022939569475262104 -0.20259380439626748 0.010592122157089321 12131832181.702024 0.020616809941740786 -0.13093338726231687 -0.023729179561722654 -0.4368129006247416 0.011965079029991582 -0.19659619357177663 -0.13867116461338683 0.013058550974329347 0.0085717114258825351
decision_type=10 8 8 10 10 10 10 10 10 10 10 10 10 8
left_child=1 5 -3 4 -4 -1 11 9 10 -8 -9 12 13 -7
right_child=-2 2 3 -5 -6 6 7 8 -10 -11 -12 -13 -14 -15
leaf_value=-6.6868838184334545e-05 0.0019420793476248427 0.00088466518123944595 0.00062190674069587581 -0.00085560403057602364 -0.0017378234827613577 -0.00065684646052598214 0.0058317907154560094 0.0008426161561374526 1.7444960661144483e-05 0.0019459952845274279 0.0037721690244507046 -0.0021015354241569377 0.00052418261489109257 0.00047951536646861226
leaf_weight=5018 28 105 203 514 47 531 28 107 344 29 32 43 764 387
leaf_count=5018 28 105 203 514 47 531 28 107 344 29 32 43 764 387
internal_value=8.27968e-13 -6.67054e-06 -0.000347896 -0.000517292 0.000178277 3.40441e-05 0.000257612 0.000808508 0.000449007 0.00385481 0.00151705 8.51574e-05 0.00014106 -0.000177792
internal_weight=8180 8152 869 764 250 7283 2265 540 483 57 139 1725 1682 918
internal_count=8180 8152 869 764 250 7283 2265 540 483 57 139 1725 1682 918
is_linear=0
shrinkage=0.04


Tree=102
num_leaves=15
num_cat=0
split_feature=22 28 32 90 24 25 32 42 88 18 76 89 41 89
split_gain=0.0666973 0.0673955 0.143086 0.121676 0.106901 0.123092 0.126248 0.112327 0.144281 0.100253 0.098106 0.0983063 0.251374 0.18647
threshold=0.022816925235729934 0.008100776671704871 -0.38656476462775208 1.2721943795498564e-12 0.015108132930242584 0.012955542448644016 -0.32174089522624566 -0.096330149914040694 0.58640196026451485 0.020623568326779956 -0.3689885796995156 4.2974648358339715e-12 0.031719698526440639 3.8475469504690841e-12
decision_type=10 8 8 8 10 10 8 8 10 8 8 10 10 10
left_child=1 2 -1 -4 5 6 -5 -8 9 -9 -3 12 -12 -14
right_child=-2 10 3 4 -6 -7 7 8 -10 -11 11 -13 13 -15
leaf_value=-0.0011435460488398359 0.0019489039656452537 -0.0011776458779888704 -0.0016202580328639928 0.002133715338539332 0.0025528345721596408 -0.0011441556417711956 -0.0011846401128482807 0.0011038989699712158 -0.0010323503445068452 -0.0005969331136293477 -0.00048880693534895903 0.00010007977040547471 0.00042997867888570039 -0.0012282910585896044
leaf_weight=97 28 121 42 80 42 68 61 415 73 64 1869 4049 1050 121
leaf_count=97 28 121 42 80 42 68 61 415 73 64 1869 4049 1050 121
internal_value=6.52238e-13 -6.69398e-06 0.000311495 0.000478524 0.000588298 0.000479874 0.000639231 0.000444192 0.00062419 0.000876648 -4.8266e-05 -2.8989e-05 -0.000200897 0.000258629
internal_weight=8180 8152 942 845 803 761 693 613 552 479 7210 7089 3040 1171
internal_count=8180 8152 942 845 803 761 693 613 552 479 7210 7089 3040 1171
is_linear=0
shrinkage=0.04


Tree=103
num_leaves=15
num_cat=0
split_feature=21 22 7 55 89 23 58 17 25 42 24 67 50 19
split_gain=0.0654208 0.107289 0.0954033 0.0911175 0.0895728 0.124134 0.0805479 0.0793821 0.103412 0.102244 0.149575 0.123879 0.107849 0.101789
threshold=0.0047915663446399881 0.012339824639522124 -0.067107434905473759 2040639434.6220455 6.3364573648386269e-12 0.0091049720778567413 4075281709.5025268 0.015375923085284912 0.012050565323115691 -0.20065196437771013 0.011491684555077484 4.2127560111630071 -0.44142369672840603 0.015974278257457983
decision_type=8 10 10 10 10 10 8 8 10 8 8 10 10 8
left_child=1 3 -3 -1 6 -6 -5 8 -2 10 -9 12 -12 -11
right_child=7 2 -4 4 5 -7 -8 9 -10 13 11 -13 -14 -15
leaf_value=-0.0016068430539324054 0.00080014833313200623 -0.00039101259525427051 0.0013828732766351659 -0.0024614318490785081 -0.00079462506210187538 0.00091437091535787279 -0.00041631995609643586 -0.0017123476597235392 -0.00059080464854644984 0.0014163269847631455 -0.0020337684978450716 0.0019155015097724779 0.00068547587011274786 -4.7701379699339803e-05
leaf_weight=90 426 85 113 32 105 193 831 38 107 77 27 127 172 5757
leaf_count=90 426 85 113 32 105 193 831 38 107 77 27 127 172 5757
internal_value=-5.41249e-13 -0.000243807 0.000621357 -0.00038074 -0.000285693 0.000312208 -0.000492153 5.24851e-05 0.000520914 1.22023e-05 0.000662609 0.000939444 0.000316533 -2.83784e-05
internal_weight=8180 1449 198 1251 1161 298 863 6731 533 6198 364 326 199 5834
internal_count=8180 1449 198 1251 1161 298 863 6731 533 6198 364 326 199 5834
is_linear=0
shrinkage=0.04


Tree=104
num_leaves=15
num_cat=0
split_feature=31 31 8 20 42 90 66 20 86 54 32 56 85 88
split_gain=0.063673 0.0719305 0.102306 0.111776 0.15595 0.0939269 0.107332 0.0906606 0.0929568 0.0895207 0.2724 0.294745 0.203902 0.240628
threshold=-0.048686590895025077 -0.068396393511499273 0.66526542726164128 0.019568632222074289 0.22725332628019482 1.6344227937468563e-12 4.2998809424524982 0.020733725888511554 0.12228519492081545 0.26623998331992854 -0.13093338726231687 7433016782.4475965 -0.46784129898365556 -0.40317256926722783
decision_type=10 10 10 8 10 10 10 8 10 10 10 10 10 10
left_child=1 9 3 4 5 -3 -7 8 -5 10 -1 -12 13 -11
right_child=-2 2 -4 7 -6 6 -8 -9 -10 12 11 -13 -14 -15
leaf_value=-2.0538390020279513e-05 -0.0013093013726806235 0.0017588143368166957 -0.0011878391094596109 0.00041955330414788393 0.0016348653262133125 -0.0013917678048237575 0.00021802845872730971 0.00017706846606041141 0.0027340752349863219 0.0028117606096026123 0.0025309857887274938 0.00022825790872453016 -0.0004509590637080761 9.5216794272353622e-05
leaf_weight=5215 59 33 58 41 91 120 148 68 86 66 142 238 1566 249
leaf_count=5215 59 33 58 41 91 120 148 68 86 66 142 238 1566 249
internal_value=4.53308e-13 9.51223e-06 0.000414803 0.000573156 0.000183851 -0.000254827 -0.000502776 0.00135576 0.00198687 -2.54547e-05 5.48021e-05 0.00108875 -0.000264177 0.000664397
internal_weight=8180 8121 645 587 392 301 268 195 127 7476 5595 380 1881 315
internal_count=8180 8121 645 587 392 301 268 195 127 7476 5595 380 1881 315
is_linear=0
shrinkage=0.04


Tree=105
num_leaves=15
num_cat=0
split_feature=25 32 42 59 96 90 42 32 25 25 56 86 54 32
split_gain=0.0616356 0.180511 0.129988 0.168629 0.246529 0.173067 0.0921474 0.179125 0.18203 0.173936 0.162673 0.167016 0.16664 0.22542
threshold=0.0097006945353153313 -0.13809275560602183 0.029337009780063265 8879025409.6991596 0.48245073891625623 2.7890241683673784e-12 0.024288036009969875 -0.20333386808356321 0.010714718372604704 0.010166361006642284 809553180.37841642 0.63235999269670817 0.25415993727186031 -0.24346396812851581
decision_type=8 10 10 10 10 10 10 10 10 8 10 10 10 10
left_child=1 -1 -3 4 -4 -5 7 9 -9 -2 -8 12 -12 -14
right_child=6 2 3 5 -6 -7 10 8 -10 -11 11 -13 13 -15
leaf_value=-0.0015406854673996773 0.0024516769704666544 0.0021182751908920528 -0.0039073378096024201 0.00010402580076142362 0.0005508893164738347 -0.0022576220065597084 -0.0033638400547206407 0.00014067982596744141 -0.0011894347919296356 4.4082611583898043e-06 0.00074098771872973754 -0.0013700524821608042 -0.001707612496939984 0.00019712566822186346
leaf_weight=159 47 42 21 95 361 104 20 272 417 4098 938 97 107 1402
leaf_count=159 47 42 21 95 361 104 20 272 417 4098 938 97 107 1402
internal_value=-6.62237e-13 -0.000337717 -3.06994e-05 -0.000186047 0.000305804 -0.0011302 3.56981e-05 -6.71153e-05 -0.000664339 3.21577e-05 0.000229536 0.000257786 0.000322314 6.20647e-05
internal_weight=8180 782 623 581 382 199 7398 4834 689 4145 2564 2544 2447 1509
internal_count=8180 782 623 581 382 199 7398 4834 689 4145 2564 2544 2447 1509
is_linear=0
shrinkage=0.04


Tree=106
num_leaves=15
num_cat=0
split_feature=21 17 89 7 6 42 17 25 18 30 22 19 7 31
split_gain=0.0607795 0.0992191 0.116934 0.0822898 0.111429 0.074419 0.0752965 0.0976454 0.0935511 0.0966136 0.106194 0.091783 0.097479 0.0948556
threshold=0.0047915663446399881 0.020521838333819594 2.2732437226417926e-11 -0.11658033492383567 -0.040676408558250825 -0.312956772652902 0.015375923085284912 0.01258496467162494 0.02046189838124721 -0.035042186791399414 0.0072579257415166859 0.015974278257457983 0.031590793481965369 -0.2309290349503513
decision_type=8 10 10 10 10 8 8 10 10 10 10 8 8 8
left_child=1 2 -1 -3 -5 -2 7 8 9 10 -7 12 -8 -13
right_child=5 3 -4 4 -6 6 11 -9 -10 -11 -12 13 -14 -15
leaf_value=-0.00034984264960447183 0.0024280519493012913 -0.00082723174057900903 -0.0023329751662909985 0.0022304242309527816 0.00024589897521842168 0.0018796504229529327 0.003109837064159013 -0.0011651095044890455 0.0033537603355944159 -0.00070452676766581137 0.00040276105426974794 0.00036910875137652533 0.00020781270947064394 -7.8557209043100891e-05
leaf_weight=980 21 85 50 54 280 109 31 51 20 80 273 886 46 5214
leaf_count=980 21 85 50 54 280 109 31 51 20 80 273 886 46 5214
internal_value=4.24503e-13 -0.000235 -0.000446111 0.000283962 0.00056675 5.0589e-05 4.31484e-05 0.000499302 0.000675412 0.000559466 0.000824177 3.78783e-06 0.00137616 -1.35356e-05
internal_weight=8180 1449 1030 419 334 6731 6710 533 482 462 382 6177 77 6100
internal_count=8180 1449 1030 419 334 6731 6710 533 482 462 382 6177 77 6100
is_linear=0
shrinkage=0.04


Tree=107
num_leaves=15
num_cat=0
split_feature=22 65 58 57 97 88 90 32 66 38 46 52 85 32
split_gain=0.0600787 0.0603598 0.116612 0.124479 0.159108 0.124506 0.24033 0.202446 0.124604 0.119809 0.11415 0.094191 0.172921 0.16051
threshold=0.022816925235729934 4.7735471655817658 11711036910.048658 8430452205.2479696 0.5590277777777779 0.059248333399670408 4.5801153012279657e-11 -0.12581035819932526 4.7671018193310521 0.1031072953289215 0.84382960003787832 0.045137534137985276 0.28871637475554307 -0.1770028492724374
decision_type=10 10 10 10 8 8 10 10 10 10 8 8 10 8
left_child=1 11 3 5 10 7 9 8 -3 -7 -5 12 -1 -14
right_child=-2 2 -4 4 -6 6 -8 -9 -10 -11 -12 -13 13 -15
leaf_value=4.9343401460704536e-05 0.0018496795401110181 -0.00049291203306224877 0.00072499650244624227 0.001002830047519845 -0.002554020456348856 0.00026042634281929678 0.0037358383033424614 0.0008901728986577739 -0.0018489340410180253 -0.0017484131488808483 -0.0013163300299285246 -4.4037736369755183e-05 0.00047373058320670911 0.0020688552775380898
leaf_weight=1252 28 332 181 57 87 458 30 121 161 53 84 4845 349 142
leaf_count=1252 28 332 181 57 87 458 30 121 161 53 84 4845 349 142
internal_value=-5.13093e-13 -6.35317e-06 -0.000229741 -0.000354693 -0.00120882 -0.000186086 0.000256348 -0.000575919 -0.000935751 5.20731e-05 -0.000378797 4.66795e-05 0.000298845 0.00093505
internal_weight=8180 8152 1564 1383 228 1155 541 614 493 511 141 6588 1743 491
internal_count=8180 8152 1564 1383 228 1155 541 614 493 511 141 6588 1743 491
is_linear=0
shrinkage=0.04


Tree=108
num_leaves=15
num_cat=0
split_feature=20 25 24 28 29 25 30 48 20 24 42 8 48 90
split_gain=0.0602348 0.141772 0.0782087 0.106135 0.0862507 0.130425 0.273356 0.235817 0.316305 0.224308 0.222236 0.222945 0.181513 0.169301
threshold=0.022687506181396953 0.014200713445422418 0.015173876869007808 0.0075112877478474751 0.011653624905227764 0.011149110862793661 -0.098314895785525533 -0.13076348992895567 0.019767320762592928 0.012280673031049601 -0.016617987799500463 -1.0000000180025095e-35 -0.20026094272434738 5.1498839710491614e-12
decision_type=10 10 10 10 10 10 10 10 8 10 8 8 10 10
left_child=2 -2 4 -4 -1 6 10 12 -9 -8 -6 -12 -7 -10
right_child=1 -3 3 -5 5 7 9 8 13 -11 11 -13 -14 -15
leaf_value=-0.00011895053836859403 -0.0016179830838451931 0.00074228053575811485 0.0037199483886361123 0.00048491363272850599 -0.0025901418802095578 0.0012809797540307044 -0.00016560982307201925 0.0026678730099767194 0.0010478990262768563 -0.0030252550956275728 0.0054902474470436566 0.0010959717746312184 -0.00093559736885713736 6.9470600310087595e-06
leaf_weight=4315 109 65 20 86 24 75 1775 119 464 45 20 242 279 542
leaf_count=4315 109 65 20 86 24 75 1775 119 464 45 20 242 279 542
internal_value=2.92204e-13 -0.000736275 1.6002e-05 0.0010953 1.5203e-06 0.000146522 -5.56634e-05 0.000434421 0.000717749 -0.000236315 0.00109394 0.00143141 -0.000465984 0.000487068
internal_weight=8180 174 8006 106 7900 3585 2106 1479 1125 1820 286 262 354 1006
internal_count=8180 174 8006 106 7900 3585 2106 1479 1125 1820 286 262 354 1006
is_linear=0
shrinkage=0.04


Tree=109
num_leaves=15
num_cat=0
split_feature=27 18 48 23 55 22 19 87 23 30 68 7 41 38
split_gain=0.0590244 0.063646 0.0951142 0.106797 0.122795 0.095957 0.0945812 0.189496 0.137113 0.111837 0.0907076 0.092681 0.0827034 0.115504
threshold=0.021554677753346463 0.022939569475262104 -0.20259380439626748 0.010561794993062189 12131832181.702024 0.011202241271580085 0.022221570628546915 1.0923014998464438 0.018083567944791382 -0.19748395086114637 4.4287919106046205 0.1116190180464053 -0.084063974802468397 -0.24347693926380434
decision_type=10 8 8 10 10 8 8 10 10 10 10 10 8 10
left_child=1 6 -3 4 -4 -6 8 12 9 -1 11 -5 13 -8
right_child=-2 2 3 10 5 -7 7 -9 -10 -11 -12 -13 -14 -15
leaf_value=-0.0015604746378203099 0.0018333784943180425 0.00079896036467869721 0.00063155968911014499 -0.0008252157778799496 0.00037049210719054658 -0.0032648981692126166 0.0046848899945616728 -0.0017934583613966057 0.0032231963922580084 3.0436319898912293e-06 0.00099341096126519864 -0.0031587067838950919 0.00060479350747059913 0.0011518211010639278
leaf_weight=74 28 105 200 447 21 26 20 47 21 6754 41 29 310 57
leaf_count=74 28 105 200 447 21 26 20 47 21 6754 41 29 310 57
internal_value=-7.0259e-13 -6.29718e-06 -0.00032986 -0.000484999 0.00019921 -0.00164057 3.231e-05 0.000604943 -3.97595e-06 -1.39014e-05 -0.000811884 -0.000967382 0.000896221 0.0020695
internal_weight=8180 8152 869 764 247 47 7283 434 6849 6828 517 476 387 77
internal_count=8180 8152 869 764 247 47 7283 434 6849 6828 517 476 387 77
is_linear=0
shrinkage=0.04


Tree=110
num_leaves=15
num_cat=0
split_feature=85 87 42 86 31 24 20 21 21 18 59 41 23 59
split_gain=0.0586704 0.178163 0.132113 0.123287 0.173144 0.186649 0.181898 0.110813 0.102899 0.111722 0.102297 0.102201 0.100659 0.107847
threshold=-0.65817885093365369 1.3128580466348827 -0.094671096384733075 -0.40467374681070961 -0.27236263175828357 0.012752199395268326 0.01964672278149035 0.018699393077030033 0.0047915663446399881 0.018208668753433344 7430104791.1259165 0.014786282680578024 0.013466962271814707 7808319992.352273
decision_type=8 10 10 8 10 10 10 10 8 10 10 10 10 10
left_child=1 2 10 4 -2 6 -6 8 9 -5 -1 -9 -3 -14
right_child=3 12 -4 7 5 -7 -8 11 -10 -11 -12 -13 13 -15
leaf_value=-0.00063050258374174257 0.0023979265174756833 0.00062363146944609412 0.0012320167954963713 -0.0008666880607810898 -0.001472817513268387 -0.0018326596511983651 0.001298938800935589 -0.0010448286865629873 0.00011694548806654841 -3.8728283592918326e-05 0.0016203028726435842 0.00039459920163616673 -0.0020321636490764155 0.00015418409504059513
leaf_weight=140 26 73 329 372 69 188 84 286 5438 872 42 109 93 59
leaf_count=140 26 73 329 372 69 188 84 286 5438 872 42 109 93 59
internal_value=1.06861e-13 0.000340688 0.000753651 -3.36844e-05 -0.000748522 -0.000988427 4.89311e-05 3.38574e-06 4.18693e-05 -0.000286318 -0.000111086 -0.000647619 -0.000597197 -0.00118352
internal_weight=8180 736 511 7444 367 341 153 7077 6682 1244 182 395 225 152
internal_count=8180 736 511 7444 367 341 153 7077 6682 1244 182 395 225 152
is_linear=0
shrinkage=0.04


Tree=111
num_leaves=15
num_cat=0
split_feature=87 88 73 74 22 86 22 55 19 100 20 88 27 75
split_gain=0.0582329 0.0916139 0.0922129 0.104083 0.0790807 0.136645 0.105009 0.100227 0.111531 0.0766801 0.0867123 0.0783858 0.0859164 0.0767895
threshold=-0.99443577882794043 0.25107945520776404 0.47047677415244132 0.11985251012003541 0.011140073268798739 0.22137990678338429 0.0075661672222422554 5124455685.5003309 0.021214815640478262 2.5000000000000004 0.02319538144073929 -0.45877524670760234 0.0022549790980630822 -0.53711079665885142
decision_type=10 10 10 10 10 10 8 8 10 2 10 8 10 10
left_child=1 2 3 4 6 -6 -1 -8 -9 10 13 -11 -13 -2
right_child=9 -3 -4 -5 5 -7 7 8 -10 11 -12 12 -14 -15
leaf_value=-0.00074334457089814056 -0.0015095083218261177 -0.0014366755293080547 0.0024566472667668544 -0.0011818326955298651 -0.0010306191490963101 0.00201556626914276 0.0016288254290155446 -0.00015318730075569934 0.0029887306871823967 -0.00044724843103981373 -0.0012577906041935255 -0.001509655523864973 0.00064124864684822708 1.9516292212318515e-05
leaf_weight=114 53 101 21 149 185 27 113 188 20 151 88 31 716 6223
leaf_count=114 53 101 21 149 185 27 113 188 20 151 88 31 716 6223
internal_value=2.22246e-13 -0.000300175 -0.000159677 -0.000228701 -9.20071e-06 -0.000642662 0.00029952 0.000669884 0.00014892 3.79455e-05 -1.08799e-05 0.000383965 0.000551988 6.60388e-06
internal_weight=8180 918 817 796 647 212 435 321 208 7262 6364 898 747 6276
internal_count=8180 918 817 796 647 212 435 321 208 7262 6364 898 747 6276
is_linear=0
shrinkage=0.04


Tree=112
num_leaves=15
num_cat=0
split_feature=41 41 25 24 58 28 8 28 24 23 25 41 38 24
split_gain=0.0573552 0.0816591 0.234516 0.301386 0.198494 0.140684 0.130846 0.126632 0.116924 0.134879 0.130292 0.11559 0.101336 0.0968246
threshold=-0.1764684263064841 -0.089260367194003751 0.01026446394265277 0.011848355174849511 6761614461.7885962 0.015437204536036747 -0.11947189994117784 0.013155791603951918 0.014465433593554509 0.015135913595213662 0.013848938771404621 -0.11142781386468396 -0.183001975375059 0.012357939286865955
decision_type=8 8 8 8 10 10 10 10 8 10 8 10 10 10
left_child=-1 2 -2 4 -4 6 7 8 9 -5 -10 -6 -11 -3
right_child=1 13 3 5 11 -7 -8 -9 10 12 -12 -13 -14 -15
leaf_value=-0.0011927535450377035 0.0045642904617956706 4.4992379911972221e-05 0.00022113974105609073 0.0002443805023273132 -0.0019971681357627471 -0.0023047029570891307 0.0018890983593798109 0.0020966089298599402 0.0026450660361523005 -0.0031095469095989278 -0.00015649049808936461 -0.0058091643454972657 -0.0001263870158748302 -0.00030562962919863045
leaf_weight=64 21 5698 44 290 35 26 120 64 58 38 49 20 35 1618
leaf_count=64 21 5698 44 290 35 26 120 64 58 38 49 20 35 1618
internal_value=1.77561e-13 9.40565e-06 0.000393098 0.000280652 -0.00178135 0.000580856 0.000695573 0.000427365 0.000200063 -0.000142468 0.00136211 -0.00338335 -0.00167926 -3.25509e-05
internal_weight=8180 8116 800 779 99 680 654 534 470 363 107 55 73 7316
internal_count=8180 8116 800 779 99 680 654 534 470 363 107 55 73 7316
is_linear=0
shrinkage=0.04


Tree=113
num_leaves=15
num_cat=0
split_feature=86 74 68 18 20 67 68 20 65 58 19 86 41 59
split_gain=0.057466 0.0889738 0.0686718 0.109273 0.102656 0.0863277 0.0857526 0.0827313 0.0810414 0.119393 0.135914 0.146684 0.137228 0.162614
threshold=0.7116089241864082 -0.022509920571219141 4.5322340993747128 0.01930790943405904 0.019568632222074289 4.9378618392263069 4.5868759147802534 0.020800614768274182 4.7735471655817658 11952691661.826063 0.0211523864978202 0.24913446331133335 -0.038227162755916137 5722041590.2556677
decision_type=10 10 10 10 8 10 10 10 10 10 10 10 8 8
left_child=2 -2 5 -4 6 8 -5 -6 -1 10 12 -12 13 -10
right_child=1 -3 3 4 7 -7 -8 -9 9 -11 11 -13 -14 -15
leaf_value=4.1880584960465692e-05 0.00068802650508587254 -0.0019393560535210218 0.00091721233627874643 0.00079896272641831424 0.00067531383568260436 -0.0024724439948635257 -0.0017200344190658893 -0.0010137106574557978 -0.00024427708420417016 0.0006917724238350852 0.0012206367176991922 -0.0011428180269774844 -0.0003823050901478544 -0.0024111149866323641
leaf_weight=6095 32 58 332 29 232 23 85 58 94 164 135 61 647 135
leaf_count=6095 32 58 332 29 232 23 85 58 94 164 135 61 647 135
internal_value=4.47824e-13 -0.00100518 1.11824e-05 0.000379564 -6.22659e-05 -2.56858e-05 -0.00107924 0.000337509 -1.80094e-05 -0.000313341 -0.000467108 0.000485072 -0.000680153 -0.00152167
internal_weight=8180 90 8090 736 404 7354 114 290 7331 1236 1072 196 876 229
internal_count=8180 90 8090 736 404 7354 114 290 7331 1236 1072 196 876 229
is_linear=0
shrinkage=0.04


Tree=114
num_leaves=15
num_cat=0
split_feature=31 31 42 31 31 57 7 41 53 25 32 27 53 28
split_gain=0.0573874 0.0684894 0.175128 0.147844 0.274687 0.207967 0.162944 0.14735 0.145811 0.240212 0.171795 0.165426 0.140165 0.138246
threshold=-0.048686590895025077 -0.080422718087550901 0.32990706542001141 -0.096539600998390748 -0.096891870305990599 5112379325.4733601 0.12226447775638095 0.080985794047246054 0.11824886245778322 0.01190300859120298 -0.25643036131994246 0.016005132327847022 0.24003615135931836 0.010299473374489521
decision_type=10 10 10 10 10 10 10 10 10 10 10 10 10 10
left_child=1 3 8 4 -1 6 -5 12 -3 11 -11 -10 13 -7
right_child=-2 2 -4 5 -6 7 -8 -9 9 10 -12 -13 -14 -15
leaf_value=1.0978072973367403e-06 -0.001242997573838585 -0.0012814674469394194 -0.0025570990066185141 0.0018559800004810992 0.0027904319239518884 0.00046430664551649794 -0.00040591465300442934 0.00049441318552897768 0.00055962719271345591 -0.00042701875569210165 0.0038051692710111018 -0.0011011442128351933 -0.00264803584826616 -0.0014108711066424908
leaf_weight=6289 59 76 33 83 57 85 132 86 752 21 57 110 98 242
leaf_count=6289 59 76 33 83 57 85 132 86 752 21 57 110 98 242
internal_value=4.31888e-13 9.03052e-06 0.000310644 -3.57082e-05 2.61517e-05 -0.000576429 0.000467282 -0.00101556 0.000403789 0.000540044 0.00266573 0.000347696 -0.00132111 -0.00092344
internal_weight=8180 8121 1049 7072 6346 726 215 511 1016 940 78 862 425 327
internal_count=8180 8121 1049 7072 6346 726 215 511 1016 940 78 862 425 327
is_linear=0
shrinkage=0.04


Tree=115
num_leaves=15
num_cat=0
split_feature=1 41 32 42 88 18 85 32 67 90 7 64 59 7
split_gain=0.0558767 0.0874122 0.0677326 0.065351 0.0640225 0.10784 0.101045 0.106141 0.100507 0.144424 0.106653 0.0845002 0.0840628 0.0795618
threshold=0.010486707268025254 -0.10422695571957939 -0.27557997492817921 -0.02773190951821974 -0.35410632214333732 0.019150788174400423 -0.49095152564293038 -0.14303867921252447 4.3965986420802743 9.7366641326106281e-12 0.073358046503336896 2.9314061734596124 7176057196.8492174 -0.26890916480601179
decision_type=10 8 10 10 8 10 10 10 10 10 8 10 8 10
left_child=-1 2 3 -2 5 -3 7 -7 -6 11 -11 -10 -13 -8
right_child=1 4 -4 -5 8 6 13 -9 9 10 -12 12 -14 -15
leaf_value=7.7064988506851982e-05 0.00065970909742659324 -0.00044569096909800681 0.0022453024447895587 -0.001648204348495473 -0.00050166480334801786 0.00061116362546360296 -0.0019392051002553976 0.0041975275459496869 0.0024751260527409616 0.0038265508659450073 0.00015043395287964655 0.00027893577099774271 -0.00081680197416505551 0.00043939342077161807
leaf_weight=5300 134 322 36 23 1396 31 24 23 20 28 23 267 193 360
leaf_count=5300 134 322 36 23 1396 31 24 23 20 28 23 267 193 360
internal_value=-3.75261e-14 -0.000141821 0.000680431 0.000321607 -0.000200881 0.000110023 0.000518561 0.00213869 -0.0003235 0.000144895 0.00216869 -7.01342e-05 -0.000180798 0.000290731
internal_weight=8180 2880 193 157 2687 760 438 54 1927 531 51 480 460 384
internal_count=8180 2880 193 157 2687 760 438 54 1927 531 51 480 460 384
is_linear=0
shrinkage=0.04


Tree=116
num_leaves=15
num_cat=0
split_feature=28 32 90 87 76 41 32 50 59 57 6 31 17 96
split_gain=0.0545489 0.117037 0.106758 0.0917829 0.0890956 0.0894279 0.109974 0.143673 0.129618 0.156013 0.109912 0.162565 0.156464 0.130356
threshold=0.008100776671704871 -0.38656476462775208 1.2721943795498564e-12 2.5314008084629909 -0.3689885796995156 -0.098333579879375951 -0.27557997492817921 -0.2707498420540792 5015030187.9018068 6112045695.0116472 -0.10632897125039946 -0.22232817314596201 0.01868423813715828 0.44948979591836741
decision_type=8 8 8 8 8 8 10 10 10 10 8 10 10 10
left_child=1 -1 -3 -4 -2 6 7 -6 -8 -10 11 12 -7 -14
right_child=4 2 3 -5 5 10 8 -9 9 -11 -12 -13 13 -15
leaf_value=-0.0010296234787266568 -0.0011090717442404311 -0.0015285284688607568 0.00065040924624484408 -0.0011193577606929466 0.00041400503927532388 0.0022167351207106698 -0.0010983097303791771 -0.0025094169403972301 0.0043743599909875129 0.00078587433589356285 -1.6667359186266923e-06 -0.0010849751636493466 -0.00078832927784047171 0.0011753500543534756
leaf_weight=97 122 42 753 50 371 49 21 29 36 42 5915 384 194 75
leaf_count=97 122 42 753 50 371 49 21 29 36 42 5915 384 194 75
internal_value=-7.95018e-13 0.000286325 0.000437387 0.000540212 -3.72642e-05 -1.88887e-05 0.000497479 0.000202057 0.0016911 0.0024421 -5.78289e-05 -0.000531047 0.000137847 -0.000240835
internal_weight=8180 942 845 803 7238 7116 499 400 99 78 6617 702 318 269
internal_count=8180 942 845 803 7238 7116 499 400 99 78 6617 702 318 269
is_linear=0
shrinkage=0.04


Tree=117
num_leaves=15
num_cat=0
split_feature=27 21 22 88 89 89 42 42 58 54 31 31 32 56
split_gain=0.0545298 0.0583794 0.0924616 0.0894275 0.0699333 0.0854028 0.0666095 0.0942449 0.155841 0.106326 0.202833 0.233452 0.182267 0.220327
threshold=0.021554677753346463 0.0047915663446399881 0.01206304059768506 -0.2490709673478893 2.2732437226417926e-11 3.3847724026014497e-11 0.34745148040811064 0.22343414815185839 12528486132.089977 0.26868360343400038 -0.086432489623284356 -0.12276518670403978 -0.13093338726231687 7433016782.4475965
decision_type=10 8 10 8 10 10 10 10 10 10 10 10 10 10
left_child=1 2 4 -4 -1 -6 7 9 -9 12 11 -11 -3 -14
right_child=-2 6 3 -5 5 -7 -8 8 -10 10 -12 -13 13 -15
leaf_value=-0.00029839349993814214 0.001762191880095218 3.662062716752392e-05 0.0018192250014389636 1.7687125239849279e-05 -0.0032615938667079499 -0.00043930397989849247 -0.0011582268559539768 0.00033493527508945893 0.0025918337065793042 3.9105263936564959e-05 0.00032892631892907884 -0.0013155708743579453 0.0023336886696517468 0.00020496523194806198
leaf_weight=1146 28 4542 61 159 29 42 73 389 56 378 505 441 125 206
leaf_count=1146 28 4542 61 159 29 42 73 389 56 378 505 441 125 206
internal_value=-6.31318e-13 -6.05267e-06 -0.000237447 0.000517204 -0.000373867 -0.00159207 4.34653e-05 5.66727e-05 0.000618949 1.62962e-05 -0.000301569 -0.000690336 0.000102661 0.00100886
internal_weight=8180 8152 1437 220 1217 71 6715 6642 445 6197 1324 819 4873 331
internal_count=8180 8152 1437 220 1217 71 6715 6642 445 6197 1324 819 4873 331
is_linear=0
shrinkage=0.04


Tree=118
num_leaves=15
num_cat=0
split_feature=31 31 31 31 59 20 88 53 58 25 66 50 59 42
split_gain=0.0534235 0.0621854 0.0868367 0.122002 0.124202 0.0873497 0.0870789 0.10444 0.0811156 0.11375 0.0783399 0.242878 0.125811 0.180237
threshold=-0.048686590895025077 -0.068396393511499273 -0.061879103227911229 -0.058611723750207782 5108210313.4149494 0.01837059230880914 0.14803705744820334 0.2480826679067816 6697680891.4193935 0.0096698285634768625 3.6150687107864514 -0.4072632619404975 7383313573.2117281 0.075126740966827046
decision_type=10 10 10 10 10 10 10 10 10 8 8 10 10 8
left_child=1 10 5 4 -4 -3 7 -7 -5 -10 11 -1 -13 -14
right_child=-2 2 3 8 -6 6 -8 -9 9 -11 -12 12 13 -15
leaf_value=0.0014644971755835429 -0.0011993014379956966 -0.00054099113955585797 0.0004494314465318894 0.0014141162731019514 -0.0022513878594211762 0.0034289261642033641 -0.00057768737431615588 0.0011069245241876495 -0.0011983234173236176 0.00069600798841565846 2.4133635716873112e-05 -0.0009779201649823782 0.00084386825582125026 -0.0012584918148214341
leaf_weight=102 59 44 48 98 63 46 28 95 78 145 6575 518 178 103
leaf_count=102 59 44 48 98 63 46 28 95 78 145 6575 518 178 103
internal_value=8.078e-13 8.71306e-06 0.000385551 5.96542e-05 -0.00108347 0.00104652 0.00145984 0.00186446 0.000454939 3.34167e-05 -2.3799e-05 -0.000373585 -0.000608234 7.32523e-05
internal_weight=8180 8121 645 432 111 213 169 141 321 223 7476 901 799 281
internal_count=8180 8121 645 432 111 213 169 141 321 223 7476 901 799 281
is_linear=0
shrinkage=0.04


Tree=119
num_leaves=15
num_cat=0
split_feature=87 26 20 8 26 59 32 32 100 20 41 23 90 59
split_gain=0.0530675 0.0820062 0.0791312 0.11963 0.118665 0.0791965 0.0723559 0.11628 0.069619 0.0766409 0.0726384 0.139869 0.121052 0.136161
threshold=-0.99443577882794043 0.0060658520916766307 0.01936122368413094 -0.15845493404439007 0.008759204891011731 5579755154.624526 -0.20229958547150637 -0.22031230934071896 2.5000000000000004 0.022821390817359118 0.055336129452008616 0.0066075692000221791 5.4373130703248609e-12 6060725962.8521614
decision_type=10 8 8 10 10 10 10 10 2 10 10 10 8 8
left_child=1 -1 3 4 -3 -5 7 -4 9 10 11 -2 -12 -14
right_child=8 2 6 5 -6 -7 -8 -9 -10 -11 12 -13 13 -15
leaf_value=-0.0011253527287739299 -0.001266514056844834 0.00023099932447075846 0.00026112116389927193 0.0011732084946516825 -0.0035586562248854305 -0.00069182831713680544 -0.00068223053479727486 0.003192781616488229 0.00036592632847076348 -0.0010474116190951983 0.00056167751232666808 -2.9260570276764262e-05 0.00013439246785218735 -0.0012924822101507475
leaf_weight=155 151 20 368 49 39 142 122 23 898 112 859 4591 516 135
leaf_count=155 151 20 368 49 39 142 122 23 898 112 859 4591 516 135
internal_value=-5.81149e-13 -0.000286553 -0.000116154 -0.00069968 -0.00227403 -0.000213363 0.000168215 0.000433572 3.62235e-05 -1.02996e-05 8.27951e-06 -6.86586e-05 0.000249896 -0.000161503
internal_weight=8180 918 763 250 59 191 513 391 7262 6364 6252 4742 1510 651
internal_count=8180 918 763 250 59 191 513 391 7262 6364 6252 4742 1510 651
is_linear=0
shrinkage=0.04


Tree=120
num_leaves=15
num_cat=0
split_feature=17 57 31 24 23 41 65 56 25 29 32 18 42 32
split_gain=0.0535473 0.128696 0.106212 0.083693 0.0805709 0.12783 0.0914893 0.0748133 0.0700365 0.135679 0.170447 0.121016 0.102397 0.143941
threshold=0.014092678522508085 4283786526.7634015 -0.20056453773908359 0.0091367108454823882 0.0066075692000221791 0.061278778401326901 4.4445524036025095 8002664237.4963818 0.009720263393031928 0.010278084741725145 -0.11812941307833234 0.017344293104516937 0.024288036009969875 -0.20333386808356321
decision_type=8 10 8 10 8 8 10 8 8 10 10 10 10 10
left_child=1 -1 -3 7 5 -2 -7 -4 9 11 -11 -6 13 -10
right_child=4 2 3 -5 8 6 -8 -9 12 10 -12 -13 -14 -15
leaf_value=-0.001803475565102417 -0.0015627078538245171 -0.0009597415982279926 0.0016205040409172679 0.002225138454232365 0.0026994925488252192 0.00078839658322160905 -0.0011526810716776575 -0.0005898728333080986 2.5522533242244462e-05 -0.0018000626479666951 -0.00020000874669624122 -0.0011112642966909334 0.00025843866907240923 -0.00061654800207218625
leaf_weight=32 137 40 49 86 40 107 61 49 3938 138 467 20 2365 651
leaf_count=32 137 40 49 86 40 107 61 49 3938 138 467 20 2365 651
internal_value=-9.66906e-13 0.000569383 0.000908362 0.00131447 -1.8395e-05 -0.000655889 8.36005e-05 0.000515316 7.12484e-06 -0.00038505 -0.00056498 0.00142924 4.46279e-05 -6.55622e-05
internal_weight=8180 256 224 184 7924 305 168 98 7619 665 605 60 6954 4589
internal_count=8180 256 224 184 7924 305 168 98 7619 665 605 60 6954 4589
is_linear=0
shrinkage=0.04


Tree=121
num_leaves=15
num_cat=0
split_feature=75 89 96 32 41 67 27 51 32 100 20 25 28 20
split_gain=0.0518774 0.111719 0.141874 0.185398 0.112344 0.104115 0.0781571 0.0898201 0.153125 0.0725216 0.080004 0.105923 0.0776305 0.0850216
threshold=0.23669379550120265 4.9881374737176224e-12 0.46318879855465228 -0.29698499817594737 0.057636959714634346 4.1969702011766801 0.0059256528937417481 0.086677750962043901 -0.12366725493613544 2.5000000000000004 0.022687506181396953 0.014463251729571292 0.011018668724188651 0.020800614768274182
decision_type=8 8 8 10 10 10 8 10 10 2 10 10 10 10
left_child=9 4 3 -3 -2 -5 -4 8 -8 10 -1 -12 13 -11
right_child=1 2 6 5 -6 -7 7 -9 -10 12 11 -13 -14 -15
leaf_value=1.7879185778471192e-05 -0.00091717067167943855 -0.00020740935755252459 -0.0025518724996419179 0.0010808952649434408 0.0002954788335099271 0.0041712405955469283 8.2526709144133486e-05 -0.00062599337020628808 0.0029596582592718978 -0.00013409769340048394 -0.0016838427874264659 0.0010160342219845211 0.00084746167477634221 0.0014748885569279082
leaf_weight=5842 480 69 21 33 164 37 287 256 33 423 93 31 351 60
leaf_count=5842 480 69 21 33 164 37 287 256 33 423 93 31 351 60
internal_value=-1.08383e-12 -0.000223608 0.00011305 0.00126399 -0.000608359 0.00271436 -0.000154924 -6.75354e-05 0.000379231 4.53793e-05 -3.4613e-06 -0.00100887 0.000394759 6.57764e-05
internal_weight=8180 1380 736 139 644 70 597 576 320 6800 5966 124 834 483
internal_count=8180 1380 736 139 644 70 597 576 320 6800 5966 124 834 483
is_linear=0
shrinkage=0.04


Tree=122
num_leaves=15
num_cat=0
split_feature=86 74 68 18 20 67 20 68 54 65 58 19 86 41
split_gain=0.0513462 0.0776914 0.0600035 0.0982687 0.0899379 0.0782412 0.0774735 0.0761582 0.0760031 0.0742484 0.106554 0.122943 0.130315 0.127051
threshold=0.7116089241864082 -0.022509920571219141 4.5322340993747128 0.01930790943405904 0.019568632222074289 4.9378618392263069 0.020800614768274182 4.5868759147802534 0.46306030790548319 4.7735471655817658 11952691661.826063 0.0211523864978202 0.22941696124273281 -0.038227162755916137
decision_type=10 10 10 10 8 10 10 10 10 10 10 10 10 8
left_child=2 -2 5 -4 7 9 8 -5 -6 -1 11 13 -13 -11
right_child=1 -3 3 4 6 -7 -8 -9 -10 10 -12 12 -14 -15
leaf_value=4.0740410644027577e-05 0.00063206335064023731 -0.0018230899653381444 0.00086477676256907282 0.0007540464947192833 0.00086541264231032046 -0.0023532362598115983 -0.0009974619659498848 -0.0016198535183554186 -0.0016578860509963262 -0.001456870037531602 0.00065026580078510296 0.0011959748440063917 -0.00098646001495195155 -0.00036056453385054093
leaf_weight=6095 32 58 332 29 211 23 58 85 21 229 164 130 66 647
leaf_count=6095 32 58 332 29 211 23 58 85 21 229 164 130 66 647
internal_value=-3.55951e-13 -0.000950147 1.05702e-05 0.000354918 -6.40756e-05 -2.38926e-05 0.000310116 -0.00101597 0.000637011 -1.65846e-05 -0.000299267 -0.000444532 0.000461073 -0.000647156
internal_weight=8180 90 8090 736 404 7354 290 114 232 7331 1236 1072 196 876
internal_count=8180 90 8090 736 404 7354 290 114 232 7331 1236 1072 196 876
is_linear=0
shrinkage=0.04


Tree=123
num_leaves=15
num_cat=0
split_feature=31 89 87 90 38 85 42 19 29 68 88 90 90 88
split_gain=0.0509353 0.0514009 0.274493 0.185137 0.173446 0.16781 0.167371 0.129267 0.115072 0.120371 0.140204 0.152129 0.112448 0.113125
threshold=-0.043445625302939099 1.3321662200980956e-11 0.77789677542633817 9.0340324669119643e-12 -0.11959317551012837 0.22590700928234178 -0.037662740596574977 0.021393182381902565 0.01015585471840511 4.1252455613022354 -0.019973865269097429 4.2439003152672626e-11 4.0479325398278246e-11 -0.5193855542310355
decision_type=10 8 10 10 8 10 10 10 8 8 10 10 8 8
left_child=1 3 5 -1 7 8 -4 -5 -3 -10 -11 -12 -7 -14
right_child=-2 2 6 4 -6 12 -8 -9 9 10 11 -13 13 -15
leaf_value=5.2429444097312527e-06 -0.0018797231372445823 0.0007297710374148343 -0.0010323951885941516 0.0050129463097878871 0.00059545319784698122 -6.8385626615609163e-05 -0.004057566358707845 0.0008613654341371287 -0.0012755191527084326 -0.00047509995949675168 0.00028766535807193982 0.0044804421067237855 -6.4690262990315322e-05 0.0023211165350970351
leaf_weight=6753 23 136 109 28 214 118 40 21 230 294 45 20 46 103
leaf_count=6753 23 136 109 28 214 118 40 21 230 294 45 20 46 103
internal_value=-6.27708e-13 5.30019e-06 -0.00024369 4.5793e-05 0.00108699 -3.24234e-06 -0.00184452 0.0032337 -0.00031896 -0.000561112 -0.000103414 0.00157775 0.000854044 0.00158456
internal_weight=8180 8157 1141 7016 263 992 149 49 725 589 359 65 267 149
internal_count=8180 8157 1141 7016 263 992 149 49 725 589 359 65 267 149
is_linear=0
shrinkage=0.04


Tree=124
num_leaves=15
num_cat=0
split_feature=22 28 41 90 58 55 88 23 76 18 89 41 32 90
split_gain=0.0514412 0.0523051 0.106411 0.0920553 0.0832858 0.096061 0.0829483 0.0830272 0.0812381 0.0822659 0.0813506 0.215754 0.157294 0.213101
threshold=0.022816925235729934 0.008100776671704871 -0.16225102992763932 1.2721943795498564e-12 11279426490.547108 10797842409.722956 0.51781787202340046 0.0086930237642830911 -0.3689885796995156 0.018153848480203284 4.2974648358339715e-12 0.031719698526440639 -0.3079457499263859 5.9166458894725336e-12
decision_type=10 8 8 8 10 10 10 10 8 10 10 10 8 10
left_child=1 2 -1 -4 5 6 -5 -8 9 -3 11 12 13 -10
right_child=-2 8 3 4 -6 -7 7 -9 10 -11 -12 -13 -14 -15
leaf_value=-0.0019926851306809111 0.0017115593944410129 -0.0031140360146760943 -0.0014747812877231765 0.00058782058026832587 0.001716718056704849 -0.0016678626920927214 0.0016951120402663947 -0.0011693325594396276 0.00077193360619317252 -0.00053797025614282269 9.2451186168325872e-05 0.00024438264400405692 -0.00060789443062246877 -0.0026367023446117388
leaf_weight=32 28 25 42 651 75 37 20 85 265 96 4049 1171 1571 33
leaf_count=32 28 25 42 651 75 37 20 85 265 96 4049 1171 1571 33
internal_value=-9.58429e-13 -5.87876e-06 0.000274434 0.000354156 0.000442653 0.000322155 0.00041955 -0.000623724 -4.25021e-05 -0.00107022 -2.49604e-05 -0.000181342 -0.000448074 0.000394467
internal_weight=8180 8152 942 910 868 793 756 105 7210 121 7089 3040 1869 298
internal_count=8180 8152 942 910 868 793 756 105 7210 121 7089 3040 1869 298
is_linear=0
shrinkage=0.04


Tree=125
num_leaves=15
num_cat=0
split_feature=1 41 32 57 88 18 85 42 67 90 7 64 59 27
split_gain=0.0494007 0.0758724 0.0584242 0.110745 0.0568994 0.0974192 0.0922204 0.0968881 0.0877584 0.125845 0.0963739 0.0761745 0.0762908 0.0715262
threshold=0.010486707268025254 -0.10422695571957939 -0.27708913374433675 5704041390.9607582 -0.35410632214333732 0.019150788174400423 -0.49095152564293038 0.049585468705963705 4.3965986420802743 9.7366641326106281e-12 0.068505738945794162 2.9314061734596124 7176057196.8492174 0.015132349589291572
decision_type=10 8 8 10 8 10 10 10 10 10 8 10 8 10
left_child=-1 2 -2 -4 5 13 7 -7 -6 11 -11 -10 -13 -3
right_child=1 4 3 -5 8 6 -8 -9 9 10 -12 12 -14 -15
leaf_value=7.246165715384776e-05 0.00019892924726545383 -0.00022542358017406137 0.0040200519579507059 0.0003042475362731652 -0.00047045242850815328 0.00040809218114840669 0.0002753700500958682 0.0037990804073902281 0.0023496078320313246 0.0036622345980463758 0.00017856271336010349 0.00026588542127898066 -0.00077797060525961652 -0.0022181442205328494
leaf_weight=5300 139 290 21 33 1396 28 384 26 20 27 24 267 193 32
leaf_count=5300 139 290 21 33 1396 28 384 26 20 27 24 267 193 32
internal_value=1.4756e-12 -0.00013335 0.000632707 0.00174928 -0.000188373 0.000104725 0.000493025 0.00204079 -0.00030397 0.000133712 0.00202286 -6.70099e-05 -0.00017208 -0.000423458
internal_weight=8180 2880 193 54 2687 760 438 54 1927 531 51 480 460 322
internal_count=8180 2880 193 54 2687 760 438 54 1927 531 51 480 460 322
is_linear=0
shrinkage=0.04


Tree=126
num_leaves=15
num_cat=0
split_feature=27 21 85 73 38 24 17 29 28 40 19 7 31 32
split_gain=0.0492122 0.0514787 0.0858727 0.0998137 0.0606398 0.0876655 0.0606313 0.084834 0.0939052 0.0977313 0.0768765 0.0870976 0.0817147 0.313673
threshold=0.021554677753346463 0.0047915663446399881 -0.64459264754358381 0.25028805380242941 0.10930080920630537 0.010624749105309311 0.015375923085284912 0.011669521858662033 0.01048214845980144 0.032462983762746596 0.015974278257457983 0.031590793481965369 -0.25146098048448468 -0.25643036131994246
decision_type=10 8 8 10 10 10 8 8 10 10 8 8 8 10
left_child=1 2 3 4 -1 -6 7 -3 9 -9 11 -8 13 -12
right_child=-2 6 -4 -5 5 -7 10 8 -10 -11 12 -13 -14 -15
leaf_value=0.00048006485042365634 0.0016740668205810444 9.1246802453214771e-05 -0.00032860210628295151 -0.0019479675703914837 0.00063206004707709606 0.0042530690776184203 0.002900219264650537 0.00091918703819362407 -0.0012877059042115102 0.0032095474621746689 0.00015951010003104556 0.00015707433388540624 -6.4441639318699382e-05 0.003411681360072073
leaf_weight=87 28 354 1287 20 23 20 31 117 22 40 682 46 5372 51
leaf_count=87 28 354 1287 20 23 20 31 117 22 40 682 46 5372 51
internal_value=1.5445e-13 -5.74998e-06 -0.000223038 0.0006827 0.00108742 0.00231625 4.07494e-05 0.000450091 0.00115976 0.00150272 5.45671e-06 0.00126146 -1.03847e-05 0.000385787
internal_weight=8180 8152 1437 150 130 43 6715 533 179 157 6182 77 6105 733
internal_count=8180 8152 1437 150 130 43 6715 533 179 157 6182 77 6105 733
is_linear=0
shrinkage=0.04


Tree=127
num_leaves=15
num_cat=0
split_feature=25 32 59 58 4 54 41 19 58 31 32 25 59 31
split_gain=0.0483392 0.114693 0.146777 0.138625 0.0964347 0.0893198 0.100177 0.0837144 0.078573 0.0777411 0.167534 0.335582 0.129383 0.0986344
threshold=0.0095618488162939556 -0.11403493954595988 8879025409.6991596 10755289213.763582 0.064949016208476387 0.15246578112552669 0.055947097538610276 0.017921975414248736 22542954933.66634 -0.079852910790267947 -0.25147086239239597 0.011892768373392754 821057323.848827 -0.096539600998390748
decision_type=8 10 10 10 10 10 10 10 10 10 8 10 10 10
left_child=1 5 4 -4 7 -1 -7 -3 -5 13 -11 12 -12 -2
right_child=9 2 3 8 -6 6 -8 -9 -10 10 11 -13 -14 -15
leaf_value=0.0013340805631596594 3.3234683824406423e-05 0.0027438751008452438 -0.0018274683523508211 0.0012504274246536873 -0.00063207744342049193 -0.0026095418529843706 -0.00060278354136693801 0.00067466664177393823 -0.0014180971291632607 -0.0012824699171560716 -0.0028093378841876982 0.0036162255311554133 0.00046143556770207611 -0.00049285294087384943
leaf_weight=20 6196 41 101 55 66 72 89 132 26 83 20 55 596 628
leaf_count=20 6196 41 101 55 66 72 89 132 26 83 20 55 596 628
internal_value=3.08499e-13 -0.000344995 1.70224e-05 -0.000838853 0.000668777 -0.00118703 -0.00150022 0.00116506 0.000393864 2.74065e-05 0.000412833 0.000622535 0.000355242 -1.51802e-05
internal_weight=8180 602 421 182 239 181 161 173 81 7578 754 671 616 6824
internal_count=8180 602 421 182 239 181 161 173 81 7578 754 671 616 6824
is_linear=0
shrinkage=0.04


Tree=128
num_leaves=15
num_cat=0
split_feature=87 88 73 74 42 74 40 67 73 89 41 74 42 95
split_gain=0.047584 0.0764938 0.0746339 0.0931987 0.0614516 0.0612556 0.0695151 0.0606346 0.0573556 0.102696 0.0662282 0.0585801 0.0833813 0.0766634
threshold=-0.99443577882794043 0.25107945520776404 0.47047677415244132 0.11985251012003541 -0.13094333867642724 -0.38849188970544574 -0.013293280742967871 4.4080534867991528 0.29698540317327954 4.8235073768180513e-12 0.016211072989019696 0.091843943248484453 -0.016617987799500463 0.53970588235294137
decision_type=8 10 10 10 10 8 10 10 10 10 10 8 10 10
left_child=1 2 3 -1 -3 6 -2 -5 -7 10 -10 -11 -13 -14
right_child=5 4 -4 7 -6 8 -8 -9 9 11 -12 12 13 -15
leaf_value=4.2409573223896721e-05 0.00043338441515736507 0.00039470805507153275 0.0022024095266880025 -0.00064268022051402487 -0.0018914719002541939 7.9644015974886139e-05 -0.0018888306939254767 -0.0025277305697090926 -0.0011776212305317289 -0.0003206518031307496 -2.2398587724749457e-07 6.7865219506844181e-05 0.0036220230072736741 0.00068544733226934274
leaf_weight=497 33 25 21 113 76 6638 55 36 232 175 114 107 25 33
leaf_count=497 33 25 21 113 76 6638 55 36 232 175 114 107 25 33
internal_value=-5.78132e-13 -0.00029971 -0.000144367 -0.000220656 -0.00132559 3.10547e-05 -0.001018 -0.00109813 4.36594e-05 -0.000304542 -0.000789693 0.00018917 0.00072989 0.00195121
internal_weight=8180 768 667 646 101 7412 88 149 7324 686 346 340 165 58
internal_count=8180 768 667 646 101 7412 88 149 7324 686 346 340 165 58
is_linear=0
shrinkage=0.04


Tree=129
num_leaves=15
num_cat=0
split_feature=22 65 58 59 88 90 32 38 58 27 88 52 38 24
split_gain=0.0472928 0.0474461 0.0891908 0.105131 0.102068 0.183732 0.154993 0.0907494 0.0853024 0.0850075 0.0848524 0.0816754 0.144649 0.128247
threshold=0.022816925235729934 4.7735471655817658 11711036910.048658 8123144541.543334 0.059248333399670408 4.5801153012279657e-11 -0.12581035819932526 0.1031072953289215 17365606040.313133 0.0093506793480051479 -0.13526319155551739 0.045137534137985276 -0.077819518343037117 0.010959230892025442
decision_type=10 10 10 10 10 10 10 10 10 10 10 8 8 10
left_child=1 11 3 4 6 7 -3 -6 -4 -5 -8 12 13 -1
right_child=-2 2 8 9 5 -7 10 -9 -10 -11 -12 -13 -14 -15
leaf_value=0.0012568235279971057 0.0016410954259169688 -0.00078317640892976419 0.0016636247786382835 7.1928024025900023e-05 0.00029468124458009384 0.0033184635674891371 0.0011683015404292075 -0.0014528002050981201 -9.9148176130531187e-05 -0.0015977492731249665 -0.0015449986310506409 -4.3093590744877951e-05 0.00070595622472112917 -0.00018969072223900079
leaf_weight=110 28 534 75 70 398 30 114 54 106 161 22 4845 729 904
leaf_count=110 28 534 75 70 398 30 114 54 106 161 22 4845 729 904
internal_value=3.48456e-13 -5.63674e-06 -0.000203692 -0.000312969 -0.0001568 0.000287108 -0.000476149 8.59113e-05 0.000631283 -0.00109179 0.000729385 4.13819e-05 0.000276198 -3.2771e-05
internal_weight=8180 8152 1564 1383 1152 482 670 452 181 231 136 6588 1743 1014
internal_count=8180 8152 1564 1383 1152 482 670 452 181 231 136 6588 1743 1014
is_linear=0
shrinkage=0.04


Tree=130
num_leaves=15
num_cat=0
split_feature=86 74 68 56 17 31 7 38 32 58 20 49 46 89
split_gain=0.0474148 0.0693969 0.0535205 0.157919 0.137401 0.146762 0.115005 0.136063 0.0941172 0.152263 0.128831 0.0905609 0.0869512 0.0821175
threshold=0.7116089241864082 -0.022509920571219141 4.4203590582283043 982743968.89089191 0.019006784444759697 -0.21437743181556598 -0.021194658972084387 0.082656991999157783 -0.12614905281172792 6729980308.2291651 0.019375966842474019 -0.1268434621930897 0.44342588376760189 1.3321662200980956e-11
decision_type=10 10 10 10 10 10 8 8 8 10 8 10 10 10
left_child=2 -2 13 -4 8 -6 11 12 -5 -10 -11 -7 -8 -1
right_child=1 -3 3 4 5 6 7 -9 9 10 -12 -13 -14 -15
leaf_value=1.6950153824917185e-05 0.00058231886680005119 -0.0017380774105449431 0.0024354350964538754 0.00028433781205206509 0.00099325895459003691 -0.00073585361662418993 -0.0010783183491522711 -0.00055404005812529614 0.0030683213315512003 -0.00071668545189764235 0.0018724936597262981 -0.0026644825756567407 0.0014052204877852688 -0.00039525076812078723
leaf_weight=5686 32 58 50 472 137 147 28 326 57 62 61 53 116 895
leaf_count=5686 32 58 50 472 137 147 28 326 57 62 61 53 116 895
internal_value=8.34347e-13 -0.000913048 1.01575e-05 0.000225013 0.000149262 -0.000199648 -0.000443571 -0.000101711 0.000581119 0.00135934 0.000567379 -0.00124694 0.00092231 -3.91082e-05
internal_weight=8180 90 8090 1509 1459 807 670 470 652 180 123 200 144 6581
internal_count=8180 90 8090 1509 1459 807 670 470 652 180 123 200 144 6581
is_linear=0
shrinkage=0.04


Tree=131
num_leaves=15
num_cat=0
split_feature=31 31 42 31 31 31 25 32 58 17 7 67 17 59
split_gain=0.0461475 0.0513056 0.140261 0.121556 0.240711 0.178735 0.13894 0.118138 0.220016 0.237989 0.171602 0.15709 0.184377 0.177445
threshold=-0.048686590895025077 -0.080422718087550901 0.32990706542001141 -0.096539600998390748 -0.096891870305990599 -0.095892313789031611 0.010968154316938232 -0.16901130927353883 1091753837.0469306 0.0187947771644069 0.18715520527679022 3.7854360582604651 0.020056396958269326 7235765280.762105
decision_type=10 10 10 10 10 10 8 10 10 10 10 10 10 10
left_child=1 3 -3 4 7 -5 -7 10 9 -9 -1 -10 -13 -14
right_child=-2 2 -4 5 -6 6 -8 8 11 -11 -12 12 13 -15
leaf_value=-6.3760496771986041e-05 -0.001114643796059003 0.00035250534691833426 -0.0022972949058043235 -0.0028042250572174205 0.0026131521689852599 -0.00086324178049018534 0.0002912935308618564 -0.0052555237192174666 -0.00067363979664838145 4.4906576601506186e-05 -0.002148720647310256 0.00018502270288397614 0.0019663124919011106 0.00041136964381617542
leaf_weight=4817 59 1016 33 51 57 374 301 23 180 33 64 702 241 229
leaf_count=4817 59 1016 33 51 57 374 301 23 180 33 64 702 241 229
internal_value=1.14027e-12 8.09802e-06 0.000269147 -3.06237e-05 2.54677e-05 -0.000520921 -0.000348405 2.01434e-06 0.000324802 -0.00213206 -9.10986e-05 0.000426565 0.000595538 0.00120869
internal_weight=8180 8121 1049 7072 6346 726 675 6289 1408 56 4881 1352 1172 470
internal_count=8180 8121 1049 7072 6346 726 675 6289 1408 56 4881 1352 1172 470
is_linear=0
shrinkage=0.04


Tree=132
num_leaves=15
num_cat=0
split_feature=1 41 31 31 6 96 86 67 86 28 31 7 88 32
split_gain=0.0455757 0.0687144 0.0536231 0.083865 0.109012 0.0847018 0.0827434 0.0691584 0.0657858 0.0543775 0.0747841 0.105284 0.142791 0.133945
threshold=0.010486707268025254 -0.10422695571957939 -0.29258870833744838 -0.23327768334018609 -0.1015626109186185 0.40996398559423775 -0.068504671408278997 4.3890651705531951 -0.35096253480307532 0.014120795949804027 -0.1434791350881249 0.026289721603937281 -0.66365552590911825 -0.13093338726231687
decision_type=10 8 8 8 8 8 10 8 10 10 8 8 10 8
left_child=-1 -2 -3 7 6 -6 8 -4 -5 10 -7 12 -12 -14
right_child=1 2 3 4 5 9 -8 -9 -10 -11 11 -13 13 -15
leaf_value=6.9599863428900896e-05 0.00060094255225979023 -0.0014781412154436112 0.00036029422985911139 -0.0019344816272231667 0.001795279082443033 -0.00071204345662714385 -0.0023767591223077035 0.0026234929095953702 0.00090694517653901131 0.00018496115989728054 -0.0025550592618362447 -0.00030614083384898719 0.00024835042574341057 0.0023359118859897676
leaf_weight=5300 193 50 159 22 35 488 64 25 32 493 21 1067 160 71
leaf_count=5300 193 50 159 22 35 488 64 25 32 493 21 1067 160 71
internal_value=1.22089e-12 -0.000128083 -0.000180447 -0.000155842 -0.000217623 -0.000157678 -0.0014038 0.000667794 -0.000250673 -0.000187397 -0.000288987 -0.000132466 0.000602895 0.000889982
internal_weight=8180 2880 2687 2637 2453 2335 118 184 54 2300 1807 1319 252 231
internal_count=8180 2880 2687 2637 2453 2335 118 184 54 2300 1807 1319 252 231
is_linear=0
shrinkage=0.04


Tree=133
num_leaves=15
num_cat=0
split_feature=41 23 31 96 24 24 32 58 85 38 7 18 31 88
split_gain=0.0464696 0.074677 0.0734528 0.203237 0.158957 0.153198 0.14373 0.145224 0.158598 0.156147 0.15029 0.132349 0.12968 0.124585
threshold=-0.16225102992763932 0.01505631405548008 -0.24240406427292224 0.44948979591836741 0.015501702793514623 0.012752199395268326 -0.25643036131994246 3368668059.8587155 0.28871637475554307 -0.19104914677284088 -0.29838038545617407 0.019230539492926916 -0.19413965680612813 -0.35410632214333732
decision_type=8 10 8 10 10 10 10 10 8 10 8 10 10 10
left_child=1 -1 3 6 11 -4 7 -2 10 -10 -9 -5 13 -7
right_child=2 -3 5 4 -6 12 -8 8 9 -11 -12 -13 -14 -15
leaf_value=-0.0015189796714629564 0.001421470504266198 0.0010574432858265937 4.123585727262357e-05 -0.0012152201092491548 -0.00072743113716378029 -0.0016028199279541843 0.003025372506159803 0.0006871005644400914 0.0010303657166719532 -0.0016677074648693883 -0.0014634557829086422 0.0019069499411192156 -0.0009247455424365779 0.00026192612060162732
leaf_weight=72 77 24 6173 24 57 67 23 66 156 44 245 229 526 397
leaf_count=72 77 24 6173 24 57 67 23 66 156 44 245 229 526 397
internal_value=-2.23002e-13 -0.000874874 1.03894e-05 0.000346644 0.00118085 -3.28454e-05 -7.66012e-05 -0.000197937 -0.000441957 0.00043679 -0.00100707 0.00161078 -0.000494768 -7.33678e-06
internal_weight=8180 96 8084 921 310 7163 611 588 511 200 311 253 990 464
internal_count=8180 96 8084 921 310 7163 611 588 511 200 311 253 990 464
is_linear=0
shrinkage=0.04


Tree=134
num_leaves=15
num_cat=0
split_feature=33 64 89 31 20 88 27 40 57 25 67 19 25 54
split_gain=0.0442061 0.0691669 0.0846748 0.0660876 0.130054 0.188102 0.140906 0.154233 0.116245 0.11292 0.128518 0.145682 0.113474 0.121614
threshold=0.0048216467737265409 5.6209593464687222 3.2170870245688493e-12 -0.16679356335766229 0.019753721600309228 0.21808764078683945 0.011337622400919211 0.038422624894398634 5909244390.9269781 0.012208655179497268 4.436804577432949 0.020473467912205705 0.010470089731140466 0.058374402237820207
decision_type=10 10 8 10 8 10 10 10 10 10 10 10 8 10
left_child=1 3 -3 4 5 6 8 -8 -1 12 11 -11 13 -5
right_child=-2 2 -4 9 -6 -7 7 -9 -10 10 -12 -13 -14 -15
leaf_value=-0.0013834390775558396 -0.00011227759875394074 0.00060592725852524844 -0.00080170939952473746 0.0019367469170567943 0.00018995363042947347 0.00042042994882556233 -0.0028819975874533779 0.00070685186403958758 0.00012142561211491187 0.00053717947484832639 -0.00206813982987808 -0.0010744026732440531 0.00060140424980101087 -0.0001178060684839873
leaf_weight=149 3328 91 275 49 1210 234 95 24 183 241 59 143 1321 778
leaf_count=149 3328 91 275 49 1210 234 95 24 183 241 59 143 1321 778
internal_value=-1.12172e-13 7.70115e-05 -0.000451723 0.000120149 -5.93733e-05 -0.00049979 -0.000977244 -0.0021582 -0.00055395 0.000251448 -0.000330022 -6.2967e-05 0.00037137 3.92682e-06
internal_weight=8180 4852 366 4486 1895 685 451 119 332 2591 443 384 2148 827
internal_count=8180 4852 366 4486 1895 685 451 119 332 2591 443 384 2148 827
is_linear=0
shrinkage=0.04


Tree=135
num_leaves=15
num_cat=0
split_feature=86 74 42 88 85 86 86 31 30 20 31 74 24 96
split_gain=0.0436127 0.0624705 0.0487217 0.132329 0.119123 0.0972327 0.0933738 0.0863247 0.169427 0.152801 0.0875119 0.202209 0.19059 0.136676
threshold=0.7116089241864082 -0.022509920571219141 -0.20065196437771013 -0.18629381560949049 0.22590700928234178 -0.098060924601745481 0.025598092915195558 -0.29258870833744838 -0.095175832163848437 0.020962316713592756 -0.24240406427292224 -0.087472663467616049 0.012700986560230672 0.48245073891625623
decision_type=10 10 8 10 10 10 10 8 10 8 8 10 10 10
left_child=2 -2 3 5 6 -1 -5 8 9 -4 11 13 -12 -9
right_child=1 -3 7 4 -6 -7 -8 10 -10 -11 12 -13 -14 -15
leaf_value=-0.00023133744617276217 0.00054310526902554555 -0.0016584504369228823 -0.0010757617399079604 0.00032129808923776217 0.0010089499582144842 0.0019393038299157577 -0.0013818748081978569 -0.0015847466489219148 -0.0024886429080596337 0.0010005526077002287 6.0681506055379971e-05 0.0010987106631276387 -0.00055479553236247709 0.0015243308115750552
leaf_weight=46 32 58 131 92 107 117 117 92 65 100 5948 314 931 30
leaf_count=46 32 58 131 92 107 117 117 92 65 100 5948 314 931 30
internal_value=9.89953e-13 -0.000875675 9.74175e-06 0.000401033 -7.64629e-05 0.00132673 -0.000632153 -1.48842e-05 -0.000684565 -0.000176924 1.22143e-05 0.000561762 -2.26168e-05 -0.000820219
internal_weight=8180 90 8090 479 316 163 209 7611 296 231 7315 436 6879 122
internal_count=8180 90 8090 479 316 163 209 7611 296 231 7315 436 6879 122
is_linear=0
shrinkage=0.04


Tree=136
num_leaves=15
num_cat=0
split_feature=90 87 90 86 67 23 42 8 67 32 90 24 42 20
split_gain=0.0440989 0.254307 0.185916 0.177615 0.173581 0.129593 0.111784 0.109114 0.110487 0.108276 0.356467 0.172176 0.184058 0.197459
threshold=1.59198925986849e-11 0.72952578317513095 9.0340324669119643e-12 -0.32137688985066021 4.3520104653063711 0.01518916080879385 -0.037662740596574977 -0.3175345204653075 3.8652604888625466 -0.27557997492817921 6.316985636572771e-12 0.014646442730520673 -0.11235845279719552 0.021098619548210931
decision_type=10 10 10 10 10 10 10 8 10 8 10 10 8 10
left_child=2 3 9 -2 5 -4 -3 -5 -9 10 11 12 13 -1
right_child=1 6 4 7 -6 -7 -8 8 -10 -11 -12 -13 -14 -15
leaf_value=-3.3602474205609827e-08 -0.0027034935686323382 -0.0010566293542215136 0.00064084704491103707 0.0015957050663479545 0.0023733250123768811 -0.0027083709351718426 -0.003566721396690065 -0.0013759551726333383 0.00022563547936915241 6.4639706791927315e-05 -0.0014329820661573404 0.0014818626938538993 -0.00094940967129770993 0.0022737391354680499
leaf_weight=603 36 80 244 77 96 20 44 81 462 5592 351 117 309 68
leaf_count=603 36 80 244 77 96 20 44 81 462 5592 351 117 309 68
internal_value=-4.1525e-13 -0.000286066 3.01529e-05 2.79493e-05 0.000916774 0.000387118 -0.00194731 0.000186549 -1.32758e-05 -1.51857e-05 -0.000323462 3.15445e-05 -0.000141606 0.000230393
internal_weight=8180 780 7400 656 360 264 124 620 543 7040 1448 1097 980 671
internal_count=8180 780 7400 656 360 264 124 620 543 7040 1448 1097 980 671
is_linear=0
shrinkage=0.04


Tree=137
num_leaves=15
num_cat=0
split_feature=25 32 42 59 96 90 34 19 85 25 8 90 65 68
split_gain=0.0437857 0.133045 0.103729 0.116567 0.202959 0.13829 0.0763181 0.0794265 0.0756019 0.0732936 0.214082 0.194881 0.0869507 0.0764972
threshold=0.0097006945353153313 -0.13809275560602183 0.029337009780063265 8879025409.6991596 0.48245073891625623 2.7890241683673784e-12 0.010687014497875015 0.017921975414248736 0.23193301528131505 0.010027117461062244 -0.055536444332346439 2.0238346718139537e-12 5.007982771325417 4.3295414216650885
decision_type=8 10 10 10 10 10 10 10 10 8 8 10 10 10
left_child=1 8 -3 4 -4 -5 7 -6 -1 10 -2 -12 -13 -11
right_child=9 2 3 5 6 -7 -8 -9 -10 13 11 12 -14 -15
leaf_value=-0.0024229516021785189 0.0032605147840721266 0.0018986198605437364 -0.003573661751690365 0.0001584459753974347 0.0029926134782532849 -0.0019526275603969296 -3.0171657763891134e-05 0.00069893958383134653 -0.00062926358857835947 -8.5136980276122882e-05 0.0020940488160380889 9.5543157153916846e-06 -0.0022373875419819549 0.00020485488224607115
leaf_weight=61 42 42 21 95 30 104 207 124 98 4942 72 248 31 2063
leaf_count=61 42 42 21 95 30 104 207 124 98 4942 72 248 31 2063
internal_value=-4.10562e-13 -0.000284645 -2.10664e-05 -0.000159839 0.000249096 -0.000944829 0.000471472 0.00114576 -0.00131741 3.00882e-05 0.000561638 0.000238695 -0.000240106 2.66762e-07
internal_weight=8180 782 623 581 382 199 361 154 159 7398 393 351 279 7005
internal_count=8180 782 623 581 382 199 361 154 159 7398 393 351 279 7005
is_linear=0
shrinkage=0.04


Tree=138
num_leaves=15
num_cat=0
split_feature=31 31 53 55 20 32 25 68 31 31 57 29 41 28
split_gain=0.0436634 0.0454816 0.124792 0.148483 0.154323 0.161627 0.160015 0.131794 0.110587 0.220133 0.168531 0.141363 0.118452 0.115278
threshold=-0.048686590895025077 -0.080422718087550901 0.38560430007555119 1351831119.1036866 0.019522299603048139 -0.24459220684147823 0.011892768373392754 3.9320176195023024 -0.096539600998390748 -0.096891870305990599 5112379325.4733601 0.01188408761858205 0.080985794047246054 0.0096982334010414038
decision_type=10 10 10 10 10 10 10 10 10 10 10 10 10 10
left_child=1 8 3 -3 7 -6 -7 -5 9 -1 11 -10 13 -12
right_child=-2 2 -4 4 5 6 -8 -9 10 -11 12 -13 -14 -15
leaf_value=2.491553435762761e-06 -0.0010842289684056224 -0.002878974122660501 -0.00074541444319817989 0.0010975984425025968 -0.00086817987041729625 0.0011978791349587575 0.0038174204820511388 -0.00017313922223423164 0.0015960803448565697 0.0024995256086255899 0.00015205434896736679 -0.00046927322777143374 0.00046228989200709867 -0.0014948862185016933
leaf_weight=6289 59 21 168 185 41 139 51 444 95 57 85 120 86 340
leaf_count=6289 59 21 168 185 41 139 51 444 95 57 85 120 86 340
internal_value=-5.57349e-13 7.87705e-06 0.000253663 0.000444179 0.000525326 0.00140952 0.00190102 0.000200607 -2.85807e-05 2.492e-05 -0.000496233 0.000443325 -0.000891546 -0.0011655
internal_weight=8180 8121 1049 881 860 231 190 629 7072 6346 726 215 511 425
internal_count=8180 8121 1049 881 860 231 190 629 7072 6346 726 215 511 425
is_linear=0
shrinkage=0.04


Tree=139
num_leaves=15
num_cat=0
split_feature=33 64 89 68 20 67 49 20 38 24 58 58 24 24
split_gain=0.0436852 0.0636455 0.0766496 0.0613171 0.07358 0.0728451 0.0719532 0.169152 0.162172 0.129045 0.19225 0.310718 0.154467 0.140671
threshold=0.0048216467737265409 5.6209593464687222 3.2170870245688493e-12 4.4423814131547923 0.021436453241099575 4.8521324816835083 -0.15738510265358177 0.020359372430353521 -0.10336617922691331 0.01140031937168349 7318866881.6632681 6125318249.3995132 0.013059014357405916 0.011898229906142747
decision_type=10 10 8 10 10 10 8 8 8 10 10 10 10 10
left_child=1 3 -3 5 -5 6 7 9 -8 -1 11 12 -11 -12
right_child=-2 2 -4 4 -6 -7 8 -9 -10 10 13 -13 -14 -15
leaf_value=0.00037272758919192165 -0.00011161414216023612 0.00057564717574188349 -0.00076362392191182493 0.00056106728495330179 -0.0011458519528901507 -0.0022956496849656106 0.0015708086723028574 0.00031924562376251778 0.00011478712519205923 -0.0012037178514041373 -0.0016224192240770208 -0.0032340353214697515 0.0014622727744281292 0.00076219825230159429
leaf_weight=159 3328 91 275 670 43 21 129 573 2390 153 56 112 45 135
leaf_count=159 3328 91 275 670 43 21 129 573 2390 153 56 112 45 135
internal_value=6.16553e-13 7.65564e-05 -0.000430636 0.000117937 0.000458125 5.36499e-05 6.6799e-05 -0.000183573 0.000189351 -0.000620111 -0.000935204 -0.00155025 -0.000597811 6.30434e-05
internal_weight=8180 4852 366 4486 713 3773 3752 1233 2519 660 501 310 198 191
internal_count=8180 4852 366 4486 713 3773 3752 1233 2519 660 501 310 198 191
is_linear=0
shrinkage=0.04


Tree=140
num_leaves=15
num_cat=0
split_feature=18 16 76 7 24 87 42 19 87 30 50 88 23 30
split_gain=0.0420532 0.0826101 0.0900594 0.0815787 0.105901 0.0969765 0.101194 0.0784595 0.119485 0.0792304 0.0763235 0.0798159 0.0781885 0.0760383
threshold=0.022939569475262104 0.028797454913135265 -0.075278120557929137 0.068505738945794162 0.01263289936140242 0.28130799672851897 -0.053740039718483061 0.022221570628546915 1.0923014998464438 -0.19748395086114637 -0.31179942965682667 -0.6143863410380469 0.010561794993062189 -0.11975108031070063
decision_type=8 8 10 10 10 10 8 8 10 10 8 8 10 10
left_child=1 7 -3 5 -5 10 -7 9 -9 -1 -2 -12 -13 -11
right_child=3 2 -4 4 -6 6 -8 8 -10 13 11 12 -14 -15
leaf_value=-0.0013291675274715636 0.00088111313920693872 -0.00026711275294909008 0.002024511816664873 -0.00283705593963955 -0.00011704355345240661 -0.00022396373105168876 0.001526671444316162 0.00077499028109260419 -0.0014054036482961641 0.00033608538590705985 0.0013380168009880986 -3.5313835542183373e-05 -0.0010929977237450071 -5.7652590075603779e-05
leaf_weight=73 66 46 68 43 49 112 100 378 45 908 33 179 298 5782
leaf_count=73 66 46 68 43 49 112 100 378 45 908 33 179 298 5782
internal_value=-6.75961e-13 3.14893e-05 0.00109982 -0.000261218 -0.00138835 -0.000129623 0.000601808 1.45411e-05 0.000543033 -1.85141e-05 -0.000398831 -0.00056447 -0.000696089 -4.21252e-06
internal_weight=8180 7300 114 880 92 788 212 7186 423 6763 576 510 477 6690
internal_count=8180 7300 114 880 92 788 212 7186 423 6763 576 510 477 6690
is_linear=0
shrinkage=0.04


Tree=141
num_leaves=15
num_cat=0
split_feature=86 74 21 22 7 58 31 32 67 89 29 24 17 29
split_gain=0.0415226 0.0569841 0.0436892 0.0746599 0.0735106 0.0663062 0.0943032 0.10369 0.0969057 0.0912721 0.0760112 0.0585098 0.0568737 0.0931448
threshold=0.7116089241864082 -0.022509920571219141 0.0047915663446399881 0.01206304059768506 -0.067107434905473759 4270314481.8056693 -0.11850010943949328 -0.1469882079472479 4.3793456682045182 8.3712991266873374e-12 0.011228495344670799 0.010127173341048233 0.015375923085284912 0.012103013886392127
decision_type=10 10 8 10 10 10 10 8 10 10 8 10 8 8
left_child=2 -2 3 5 -5 6 8 -8 -1 10 -7 -11 13 -4
right_child=1 -3 12 4 -6 9 7 -9 -10 11 -12 -13 -14 -15
leaf_value=-0.00094123837626437193 0.00050061389469192364 -0.001602046154359163 0.00016196913027021883 -0.00040199196213507092 0.0010951061046574838 -0.00080364863213339458 -0.001041487495557786 -0.0043556671200887017 0.0012353502634133019 0.0025437409439755068 -1.6428086853377496e-05 0.00012367994242319555 1.8458414007545384e-05 0.0014311503596575977
leaf_weight=137 32 58 404 88 130 288 44 23 43 31 616 33 6133 120
leaf_count=137 32 58 404 88 130 288 44 23 43 31 616 33 6133 120
internal_value=4.31581e-13 -0.000854434 9.50544e-06 -0.000190844 0.000490773 -0.000313143 -0.000898119 -0.00217919 -0.000421276 -0.000163877 -0.000267224 0.0012959 5.26332e-05 0.000452621
internal_weight=8180 90 8090 1433 218 1215 247 67 180 968 904 64 6657 524
internal_count=8180 90 8090 1433 218 1215 247 67 180 968 904 64 6657 524
is_linear=0
shrinkage=0.04


Tree=142
num_leaves=15
num_cat=0
split_feature=25 90 87 90 86 67 23 31 90 31 37 18 90 58
split_gain=0.0417102 0.0408557 0.229884 0.164857 0.161374 0.157767 0.119583 0.108539 0.214133 0.21182 0.198125 0.22768 0.208737 0.291525
threshold=0.0083032265000648996 1.59198925986849e-11 0.72952578317513095 9.0340324669119643e-12 -0.32137688985066021 4.3520104653063711 0.01518916080879385 -0.1434791350881249 6.4461399465265157e-12 -0.14644823739507393 0.0053569034657517953 0.022003795479063878 4.330500662691211e-12 11131028334.325827
decision_type=8 10 10 10 10 10 10 8 8 10 8 10 8 10
left_child=-1 3 4 7 -3 6 -5 8 9 -2 12 -12 13 -9
right_child=1 2 -4 5 -6 -7 -8 10 -10 -11 11 -13 -14 -15
leaf_value=-0.0014644543089032656 3.4185939285223817e-05 -0.0025747350810302627 -0.0018491770066694083 0.00060829637684305527 0.00018001149206670124 0.0022581366072214827 -0.002608974535018206 -0.000689726850330447 -0.00087961323640994957 -0.0024552079195356265 4.6928126855728222e-05 -0.0015511496658553369 0.0012033511602723918 0.0013628803313456542
leaf_weight=31 2336 36 124 244 620 96 20 314 582 56 2908 150 492 171
leaf_count=31 2336 36 124 244 620 96 20 314 582 56 2908 150 492 171
internal_value=-4.99012e-13 5.571e-06 -0.00026972 3.47102e-05 2.88364e-05 0.000869516 0.000364564 -8.16758e-06 -0.000191516 -2.40942e-05 0.000126969 -3.14603e-05 0.000622853 3.39759e-05
internal_weight=8180 8149 780 7369 656 360 264 7009 2974 2392 4035 3058 977 485
internal_count=8180 8149 780 7369 656 360 264 7009 2974 2392 4035 3058 977 485
is_linear=0
shrinkage=0.04


Tree=143
num_leaves=15
num_cat=0
split_feature=27 21 85 73 58 31 32 31 38 24 67 17 29 29
split_gain=0.0413188 0.0422175 0.0719368 0.0865981 0.0553002 0.0898301 0.0887228 0.0757429 0.0532338 0.074854 0.0517369 0.0582234 0.0780708 0.068127
threshold=0.021554677753346463 0.0047915663446399881 -0.64459264754358381 0.25028805380242941 4075281709.5025268 -0.1458806457865249 -0.1370215476053154 -0.15842024025935555 0.10930080920630537 0.010624749105309311 5.0581373019091567 0.015375923085284912 0.011669521858662033 0.011154173061407894
decision_type=10 8 8 10 10 10 8 10 10 10 10 8 8 10
left_child=1 2 3 8 5 7 -7 -4 -1 -10 11 12 13 -3
right_child=-2 10 4 -5 -6 6 -8 -9 9 -11 -12 -13 -14 -15
leaf_value=0.00043486603058676571 0.00153394612084542 0.00034599462713031303 -0.00077452762825504966 -0.0018233833006815986 -0.00017441463692307154 -0.0010124909337749009 -0.003693653124251536 0.0013149138253280208 0.00059900597426230495 0.0039449816055130218 -0.001945462901854799 8.823422930669151e-06 0.0011406872742046634 -0.0011890811661089008
leaf_weight=87 28 291 103 20 1051 67 28 38 23 20 21 6174 174 55
leaf_count=87 28 291 103 20 1051 67 28 38 23 20 21 6174 174 55
internal_value=7.4071e-13 -5.26871e-06 -0.000202043 0.00062695 -0.000298662 -0.000851986 -0.00180273 -0.000211416 0.00100392 0.00215527 3.68408e-05 4.30595e-05 0.000449547 0.00010198
internal_weight=8180 8152 1437 150 1287 236 95 141 130 43 6715 6694 520 346
internal_count=8180 8152 1437 150 1287 236 95 141 130 43 6715 6694 520 346
is_linear=0
shrinkage=0.04


Tree=144
num_leaves=15
num_cat=0
split_feature=25 32 54 96 59 58 86 25 8 87 85 16 42 19
split_gain=0.0409049 0.110876 0.0961564 0.111445 0.11641 0.127103 0.0839039 0.08357 0.0937631 0.0912256 0.0716128 0.0692649 0.0663981 0.0715334
threshold=0.009720263393031928 -0.13809275560602183 0.23828666267552337 0.48245073891625623 8879025409.6991596 10755289213.763582 0.054074885470612996 0.009833968565911691 -0.047437959003705669 -0.33892296075253997 0.23193301528131505 0.0084651513594535474 0.27900038969412516 0.016726544793977231
decision_type=8 10 10 10 10 10 10 8 8 10 10 8 10 10
left_child=1 10 -3 -4 12 -6 -7 8 -2 -10 -1 -9 13 -5
right_child=7 2 3 4 5 6 -8 11 9 -11 -12 -13 -14 -15
leaf_value=-0.0021747912388459288 0.0035138875246047974 0.0024600073458471649 -0.0027928120751554769 0.0023814370872622189 -0.001677439388617115 0.00097994922540729518 -0.0015584207114217612 -0.0022836070711768808 0.0016479811560020608 -0.00047149285236655766 -0.00051770450396428785 1.6986332742303823e-05 0.0016347671692201401 1.5904650706605812e-05
leaf_weight=68 20 24 24 22 113 74 29 21 64 66 108 7196 60 291
leaf_count=68 20 24 24 22 113 74 29 21 64 66 108 7196 60 291
internal_value=5.53747e-13 -0.000269259 -2.37206e-05 -0.000120963 -1.20929e-05 -0.000751058 0.000265263 2.97147e-05 0.0009642 0.000571941 -0.00115794 1.02921e-05 0.000415834 0.000182172
internal_weight=8180 813 637 613 589 216 103 7367 150 130 176 7217 373 313
internal_count=8180 813 637 613 589 216 103 7367 150 130 176 7217 373 313
is_linear=0
shrinkage=0.04


Tree=145
num_leaves=15
num_cat=0
split_feature=1 41 32 57 26 88 18 17 86 23 32 88 23 89
split_gain=0.0407105 0.0571011 0.0505538 0.0943558 0.0493513 0.0448307 0.0777015 0.0830323 0.0752527 0.130046 0.142507 0.0993433 0.0782427 0.0748437
threshold=0.010486707268025254 -0.10422695571957939 -0.27708913374433675 5813132844.3259974 0.020663818212964011 -0.35410632214333732 0.018494723599577045 0.018907634040151108 -0.20443396606865932 0.0119081590174986 -0.14303867921252447 -0.62539190601280292 0.013565775367756503 4.3892287348120353e-12
decision_type=10 8 8 10 10 8 10 10 8 10 10 10 10 10
left_child=-1 2 4 -4 -2 6 7 -3 12 11 -11 -10 13 -8
right_child=1 5 3 -5 -6 -7 8 -9 9 10 -12 -13 -14 -15
leaf_value=6.5780165978888034e-05 0.00044900208993368788 -7.8396313821143483e-05 0.0035987250405279075 0.00019578080682549625 -0.0016984727522358297 -0.00027139573814640707 -0.0013524844899075105 -0.0018098935074472833 -0.00094290838227607311 0.00093303502145254463 0.0042185400479606222 0.00061330845169001158 -0.0028335704193228769 0.001321620982930516
leaf_weight=5300 119 178 22 32 20 1927 34 59 92 86 28 229 21 33
leaf_count=5300 119 178 22 32 20 1927 34 59 92 86 28 229 21 33
internal_value=3.39059e-14 -0.000121054 0.000543517 0.00158217 0.000140013 -0.000168788 9.13763e-05 -0.000509444 0.000363641 0.000579449 0.00174 0.00016729 -0.000703136 -3.53878e-05
internal_weight=8180 2880 193 54 139 2687 760 237 523 435 114 321 88 67
internal_count=8180 2880 193 54 139 2687 760 237 523 435 114 321 88 67
is_linear=0
shrinkage=0.04


Tree=146
num_leaves=15
num_cat=0
split_feature=31 87 7 86 25 8 32 48 32 56 41 52 100 8
split_gain=0.0403369 0.040487 0.0788706 0.073444 0.118858 0.0837158 0.0715921 0.0685376 0.0671828 0.0647946 0.0612571 0.0498172 0.0491508 0.100623
threshold=-0.043445625302939099 -1.0354716697023945 -0.22699643675160178 0.17749233601685674 0.010800619473918601 -0.077385167240000094 -0.32174089522624566 -0.13874189800203177 -0.29231736575151174 6875469231.1108065 -0.068806279068424667 0.11949918896706947 3.5000000000000004 0.17487595865029729
decision_type=10 8 10 10 8 10 10 10 10 10 8 10 2 8
left_child=1 2 10 5 11 6 -4 -8 -6 -7 -1 -5 -3 -14
right_child=-2 12 3 4 8 9 7 -9 -10 -11 -12 -13 13 -15
leaf_value=0.0028605380583377111 -0.0016727688718263223 4.8178589416589773e-06 -0.0002574254827802712 0.00018485190135172824 -7.501374858503159e-05 0.00039637563623149292 -0.00066919365965920259 -0.0027079511110393983 0.0020795287691840999 -0.00096510490696765858 6.2528197473335652e-05 -0.0016605976825580001 0.00085407871355705283 -0.00041267293381194275
leaf_weight=21 23 7064 58 44 39 121 41 74 57 104 31 50 303 150
leaf_count=21 23 7064 58 44 39 121 41 74 57 104 31 50 303 150
internal_value=-5.25595e-14 4.71665e-06 -0.000300695 -0.000432745 0.000214269 -0.000741622 -0.00140321 -0.00198109 0.00120425 -0.000232931 0.00119249 -0.00079677 3.07195e-05 0.000434625
internal_weight=8180 8157 640 588 190 398 173 115 96 225 52 94 7517 453
internal_count=8180 8157 640 588 190 398 173 115 96 225 52 94 7517 453
is_linear=0
shrinkage=0.04


Tree=147
num_leaves=15
num_cat=0
split_feature=75 89 86 51 88 41 48 29 88 86 56 41 58 42
split_gain=0.0393828 0.0931033 0.107537 0.133036 0.0874265 0.0771776 0.0839535 0.0631918 0.0635743 0.0614651 0.0603579 0.0543923 0.0534668 0.154035
threshold=0.23669379550120265 5.8398984921180832e-12 0.068095940891406456 0.090351291880081966 0.3462456976262383 0.016211072989019696 -0.23998500770197553 0.012983752864995719 -0.62539190601280292 0.68366772838168366 4141530419.4721932 -0.021809979228357198 11952691661.826063 0.23334891745714084
decision_type=10 8 8 10 10 10 10 10 10 8 10 10 10 8
left_child=12 5 10 4 -4 6 -2 8 -7 -8 -3 -12 -1 -14
right_child=1 2 3 -5 -6 7 9 -9 -10 -11 11 -13 13 -15
leaf_value=-2.0934415741820333e-06 0.0016694800488185138 -0.001016396624623454 0.0025710833316397726 -0.00016023776611557815 9.2780212944489911e-05 -0.0016210653662681578 -0.00086477987607814155 -0.00092156825258739685 0.00050611361944755628 -0.0030415112334726884 0.0013405442344857025 -0.00026472371690033469 2.0512995744983659e-05 0.0013195668666965651
leaf_weight=6171 20 111 79 99 32 25 367 95 223 22 47 120 573 196
leaf_count=6171 20 111 79 99 32 25 367 95 223 22 47 120 573 196
internal_value=1.9702e-13 -0.000207637 0.000222622 0.000905814 0.00185662 -0.000486849 -0.000857941 -4.43507e-05 0.00029168 -0.000987886 -0.000293458 0.000187058 3.70995e-05 0.000351611
internal_weight=8180 1240 488 210 111 752 409 343 248 389 278 167 6940 769
internal_count=8180 1240 488 210 111 752 409 343 248 389 278 167 6940 769
is_linear=0
shrinkage=0.04


Tree=148
num_leaves=15
num_cat=0
split_feature=17 57 31 24 23 41 85 23 54 31 6 89 41 59
split_gain=0.0384738 0.104607 0.0860301 0.073517 0.0718969 0.102306 0.0771393 0.0648215 0.107579 0.0989204 0.109003 0.0742327 0.167031 0.161721
threshold=0.014092678522508085 4283786526.7634015 -0.20056453773908359 0.0091367108454823882 0.0066075692000221791 0.061278778401326901 0.45155749973523079 0.0078175889692513097 0.15649568459681765 -0.16589087413567086 -0.002124999676290706 4.3359748021413057e-12 0.031719698526440639 12286869237.767479
decision_type=8 10 8 10 8 8 10 8 10 8 8 10 10 8
left_child=1 -1 -3 -4 5 -2 -7 8 9 -6 -11 12 13 -9
right_child=4 2 3 -5 7 6 -8 11 -10 10 -12 -13 -14 -15
leaf_value=-0.0016566507460083813 -0.0014290445064785925 -0.00089303378559998231 0.00040474354080548177 0.0020072525957914684 -8.9544963056416537e-05 -0.00059510022988197976 0.001193713243274639 -0.00061914633049635478 0.0001115776114472139 0.0044195184168907319 0.0012854689343034156 8.9013077763849853e-05 0.0002796197553489733 0.00011599270077326058
leaf_weight=32 137 40 98 86 43 108 60 1395 380 26 56 4075 915 729
leaf_count=32 137 40 98 86 43 108 60 1395 380 26 56 4075 915 729
internal_value=1.55788e-13 0.000482634 0.000788247 0.00115374 -1.55924e-05 -0.000617794 4.37617e-05 8.5146e-06 0.000446421 0.00146435 0.00227919 -2.2571e-05 -0.000172194 -0.000366832
internal_weight=8180 256 224 184 7924 305 168 7619 505 125 82 7114 3039 2124
internal_count=8180 256 224 184 7924 305 168 7619 505 125 82 7114 3039 2124
is_linear=0
shrinkage=0.04


Tree=149
num_leaves=15
num_cat=0
split_feature=18 25 27 90 87 90 86 58 6 32 90 18 24 24
split_gain=0.0385453 0.0492402 0.0474248 0.0406229 0.212491 0.150321 0.147977 0.14668 0.178981 0.0999268 0.299925 0.154736 0.160734 0.152984
threshold=0.025540900281703322 0.013376512978119821 0.021554677753346463 1.59198925986849e-11 0.72952578317513095 9.0340324669119643e-12 -0.29981318200715129 4357946426.6224861 -0.051886590316913665 -0.27557997492817921 6.316985636572771e-12 0.017303565810604899 0.012149704836007221 0.014646442730520673
decision_type=10 10 10 10 10 10 10 10 10 8 10 10 10 10
left_child=2 -2 3 5 6 9 -5 8 -7 10 13 -12 -13 -1
right_child=1 -3 -4 4 -6 7 -8 -9 -10 -11 11 12 -14 -15
leaf_value=-0.00014346301515780292 -0.0020850335748400541 0.00017066051950678229 0.0018213597583867933 -0.0022461978891907737 -0.00179807305351142 0.0030241900658842902 0.00018446191252118795 -0.00048087705072542337 0.00067885457304618429 6.7306036238945e-05 0.00047213129177209112 -0.0032533606763964495 -0.0011353740498532751 0.0013874390461824388
leaf_weight=973 32 30 23 43 123 72 589 99 188 5540 63 79 209 117
leaf_count=973 32 30 23 43 123 72 589 99 188 5540 63 79 209 117
internal_value=8.44952e-14 -0.000993569 7.58823e-06 2.43483e-06 -0.000276956 3.11732e-05 1.90847e-05 0.000829414 0.00132833 -9.87654e-06 -0.000306609 -0.00132355 -0.00171635 2.08632e-05
internal_weight=8180 62 8118 8095 755 7340 632 359 260 6981 1441 351 288 1090
internal_count=8180 62 8118 8095 755 7340 632 359 260 6981 1441 351 288 1090
is_linear=0
shrinkage=0.04


Tree=150
num_leaves=15
num_cat=0
split_feature=31 25 31 46 25 25 32 59 17 31 31 25 42 32
split_gain=0.0388535 0.0421266 0.0990598 0.126801 0.23109 0.0986422 0.0868185 0.111573 0.101865 0.0759513 0.162074 0.157714 0.115494 0.115411
threshold=-0.048686590895025077 0.0095618488162939556 -0.079852910790267947 0.29677954884052876 0.01190300859120298 0.010757448977252513 -0.11403493954595988 8766971532.3452053 0.017459017504144376 -0.096539600998390748 -0.096891870305990599 0.010968154316938232 0.10027191218552013 -0.16901130927353883
decision_type=10 8 10 8 10 10 10 10 10 10 10 8 10 10
left_child=1 6 9 -4 5 -5 -1 -8 -9 10 13 12 -11 -3
right_child=-2 2 3 4 -6 -7 7 8 -10 11 -12 -13 -14 -15
leaf_value=-0.0010472246000848907 -0.0010227676601764764 -7.7876994067689354e-05 -0.002501507435332645 0.00061670539700689041 0.0027778167951771101 -0.00058781733623259821 0.00057816779888433193 0.00034372560349823556 -0.0015615971211361914 -0.00021193303179982772 0.0023445022385567425 0.00017961205149767922 -0.0017843383781804109 0.00034859930642183458
leaf_weight=181 59 4865 22 465 69 142 235 79 104 134 48 325 169 1283
leaf_count=181 59 4865 22 465 69 142 235 79 104 134 48 325 169 1283
internal_value=-7.12686e-14 7.43052e-06 3.31392e-05 0.000487012 0.000584271 0.000334922 -0.000315409 1.47764e-06 -0.000739081 -1.32856e-05 2.91991e-05 -0.00043245 -0.00108895 1.11225e-05
internal_weight=8180 8121 7522 698 676 607 599 418 183 6824 6196 628 303 6148
internal_count=8180 8121 7522 698 676 607 599 418 183 6824 6196 628 303 6148
is_linear=0
shrinkage=0.04


Tree=151
num_leaves=15
num_cat=0
split_feature=100 88 27 22 19 54 17 31 38 31 19 25 24 96
split_gain=0.0382868 0.0657552 0.0649844 0.0618838 0.0639773 0.069904 0.0579243 0.0559304 0.16936 0.144164 0.164724 0.13509 0.131276 0.125165
threshold=2.5000000000000004 -0.39882635527330607 0.0022549790980630822 0.013579893430569036 0.018916776043447641 0.2425251321142651 0.017397892949757139 -0.29258870833744838 -0.19104914677284088 -0.24240406427292224 0.019893098243552707 0.01368442050416103 0.012752199395268326 0.42980295566502463
decision_type=2 10 10 8 8 10 8 8 10 8 10 10 10 8
left_child=7 3 -3 4 5 -2 -6 8 -1 10 -9 -12 13 -11
right_child=1 2 -4 -5 6 -7 -8 9 -10 12 11 -13 -14 -15
leaf_value=-8.5493660743602291e-05 -2.9796993959758244e-05 -0.0013571830743533228 0.0005149069794371852 -0.0012970638981399437 0.0020981664242572151 -0.0025192728051199363 0.00013306654921507288 -0.00072964345327335178 -0.0023019216943910158 0.00072787970616418416 0.0014029322209785423 -0.00034737516852136665 -0.00052042898246382489 -3.8925159079926543e-05
leaf_weight=275 59 31 690 72 32 26 96 111 69 365 314 91 856 5093
leaf_count=275 59 31 690 72 32 26 96 111 69 365 314 91 856 5093
internal_value=-1.55836e-12 0.000231095 0.000434415 -0.00028327 5.94207e-05 -0.000791284 0.000624342 -3.24061e-05 -0.000530068 -7.34082e-06 0.000635502 0.00100965 -5.9876e-05 1.23544e-05
internal_weight=8180 1006 721 285 213 85 128 7174 344 6830 516 405 6314 5458
internal_count=8180 1006 721 285 213 85 128 7174 344 6830 516 405 6314 5458
is_linear=0
shrinkage=0.04


Tree=152
num_leaves=15
num_cat=0
split_feature=25 65 23 7 16 57 38 41 20 54 25 95 68 31
split_gain=0.0378802 0.0392208 0.0822861 0.091648 0.0706155 0.0688422 0.0917213 0.0737857 0.156546 0.120188 0.135362 0.128426 0.0936625 0.0821225
threshold=0.0083032265000648996 4.7735471655817658 0.018536806358213139 0.35575834401397993 0.016700594206487725 11236842592.935537 0.085425930056854296 -0.033739369593357431 0.019695577167546979 0.24773500661968664 0.012955542448644016 0.42927631578947373 4.5868759147802534 -0.065336319894907888
decision_type=8 10 8 8 10 10 10 10 8 10 10 10 10 10
left_child=-1 -2 3 5 -5 7 -7 8 12 10 -9 -11 -3 -13
right_child=1 2 -4 4 -6 6 -8 9 -10 11 -12 13 -14 -15
leaf_value=-0.0013955988883671742 4.8143523340456288e-05 -0.0019085143267228786 0.0023748292685486379 0.00026630573398951028 -0.0015855444265190917 -1.0687132446156418e-05 0.0018889724451010346 0.00077665807093985171 5.1519898838055925e-05 -0.0026272486952110762 -0.0011814360469127936 -0.0005831792302781187 0.0007322955903597177 0.00096225122063021572
leaf_weight=31 6581 153 20 45 123 122 61 360 224 41 67 257 25 70
leaf_count=31 6581 153 20 45 123 122 61 360 224 41 67 257 25 70
internal_value=2.15139e-13 5.30906e-06 -0.00017447 -0.000207407 -0.00108951 -0.00010002 0.000622533 -0.000210485 -0.000652126 1.28352e-05 0.000469416 -0.000516947 -0.00153761 -0.000252353
internal_weight=8180 8149 1568 1548 168 1380 183 1197 402 795 427 368 178 327
internal_count=8180 8149 1568 1548 168 1380 183 1197 402 795 427 368 178 327
is_linear=0
shrinkage=0.04


Tree=153
num_leaves=15
num_cat=0
split_feature=33 85 32 54 31 59 68 52 40 59 20 88 17 20
split_gain=0.0382593 0.0596985 0.137696 0.134839 0.130644 0.160533 0.10777 0.102256 0.098201 0.0962624 0.165341 0.121101 0.113975 0.0793499
threshold=0.0048216467737265409 0.22063083340642417 -0.1275176863906087 0.24773500661968664 -0.12181855888479313 6973230055.7496176 3.7571553950129744 0.2197627347032958 0.091418968017090277 6198025022.5052528 0.018755017182184929 -0.15303911628283365 0.022290563410477512 0.018674713964673555
decision_type=10 10 10 10 10 10 10 10 10 10 8 10 10 8
left_child=1 2 -1 9 5 -4 -5 -8 13 10 11 -3 -12 -6
right_child=-2 3 4 6 8 -7 7 -9 -10 -11 12 -13 -14 -15
leaf_value=-0.00014242144855325698 -0.00010445295627994856 0.0002565329233184457 0.004692454372461026 0.0021259422932884521 -8.0990850443209082e-05 0.00010481797806594683 -0.00079854060245582203 0.0005189785451578503 -0.0016702173448034697 0.00013340748696178263 0.00034752977501788679 0.0040382513013624008 0.0018552223059602761 0.0010221387106349091
leaf_weight=2700 3328 20 26 28 187 23 336 131 35 566 423 42 99 236
leaf_count=2700 3328 20 26 28 187 23 336 131 35 566 423 42 99 236
internal_value=2.76781e-13 7.16446e-05 -2.88436e-05 0.000267551 0.000576009 0.00253907 -0.000284439 -0.000428958 0.000365987 0.000505146 0.000865427 0.00281834 0.000633471 0.000534467
internal_weight=8180 4852 3207 1645 507 49 495 467 458 1150 584 62 522 423
internal_count=8180 4852 3207 1645 507 49 495 467 458 1150 584 62 522 423
is_linear=0
shrinkage=0.04


Tree=154
num_leaves=15
num_cat=0
split_feature=85 42 29 21 41 90 58 86 31 24 20 54 32 56
split_gain=0.0383253 0.141448 0.0938594 0.0912265 0.0847769 0.0915705 0.0936163 0.081698 0.142189 0.186899 0.193883 0.0776684 0.181523 0.239114
threshold=-0.65817885093365369 0.30691990116494289 0.013112964968963829 0.018699393077030033 0.014168064882656985 4.7514917984806144e-12 11131028334.325827 -0.36721772385981527 -0.27236263175828357 0.012752199395268326 0.01965702573924075 0.24773500661968664 -0.13093338726231687 7433016782.4475965
decision_type=8 8 10 10 10 10 10 8 10 10 10 10 10 10
left_child=1 2 -1 7 5 6 -5 8 -2 10 -10 12 -9 -14
right_child=3 -3 -4 4 -6 -7 -8 11 9 -11 -12 -13 13 -15
leaf_value=0.00054868479443001756 0.0025799838275733316 -0.0016758916174823587 -0.0014723447628486425 -0.0021055431406588111 0.0002804846089160027 -0.00031905485053998928 0.00084692286571953453 6.9484324997551726e-05 -0.0011117860838851851 -0.0015906315432049525 0.0014850913905209619 -0.0001484807830342764 0.0025311065710296753 0.00021840219255561048
leaf_weight=642 22 55 39 122 129 173 20 4034 92 195 92 2259 114 192
leaf_count=642 22 55 39 122 129 173 20 4034 92 195 92 2259 114 192
internal_value=3.17616e-13 0.000275353 0.000432943 -2.72246e-05 -0.000583225 -0.000936934 -0.0016897 8.04166e-06 -0.000546308 -0.000727781 0.000186653 4.17277e-05 0.000140733 0.00108
internal_weight=8180 736 681 7444 444 315 142 7000 401 379 184 6599 4340 306
internal_count=8180 736 681 7444 444 315 142 7000 401 379 184 6599 4340 306
is_linear=0
shrinkage=0.04


Tree=155
num_leaves=15
num_cat=0
split_feature=25 20 44 17 32 32 87 67 24 16 89 59 90 59
split_gain=0.0370098 0.0867842 0.0701856 0.0571733 0.0827743 0.266361 0.117166 0.115117 0.158595 0.130363 0.141433 0.141426 0.113961 0.118437
threshold=0.014606417592176148 0.022687506181396953 0.091935462625228573 0.020616809941740786 -0.13093338726231687 -0.12962567144378198 0.3154490292116538 4.627709192139851 0.010323276947768982 0.02048528264159984 1.2977200331541525e-11 5915783520.6386919 4.5801153012279657e-11 13141960735.133049
decision_type=10 10 10 10 10 10 10 8 8 10 10 10 10 10
left_child=1 3 -3 -1 6 -6 12 9 -9 -8 11 -11 13 -5
right_child=-2 2 -4 4 5 -7 7 8 -10 10 -12 -13 -14 -15
leaf_value=-6.8268188978357368e-05 0.00086158348394770035 0.00027522487232873086 -0.0017078782492043339 -0.00037091893664621824 0.0046212651401758191 0.00039999151347939815 -0.0005782261382996385 -0.0013999424887482415 0.0023928535687789488 0.0021490751803919144 -0.0010509523892810999 0.00041206339583360374 0.001389281542161742 0.00098870431141611856
leaf_weight=5282 79 43 85 1210 25 552 206 22 89 112 65 227 71 112
leaf_count=5282 79 43 85 1210 25 552 206 22 89 112 65 227 71 112
internal_value=-4.29691e-13 -8.40206e-06 -0.00104168 8.18636e-06 0.000158254 0.000582889 4.23536e-05 0.000456274 0.00164113 0.000240669 0.000658225 0.000985943 -0.000171887 -0.000255731
internal_weight=8180 8101 128 7973 2691 577 2114 721 111 610 404 339 1393 1322
internal_count=8180 8101 128 7973 2691 577 2114 721 111 610 404 339 1393 1322
is_linear=0
shrinkage=0.04


Tree=156
num_leaves=15
num_cat=0
split_feature=9 16 17 58 90 23 38 85 23 89 90 29 8 8
split_gain=0.0370969 0.050939 0.0647317 0.0765228 0.0799834 0.0567422 0.0996351 0.0780976 0.0646243 0.0661559 0.139611 0.161539 0.148151 0.126721
threshold=0.010430966807652377 0.0084651513594535474 0.014359795731072267 6112839602.0238123 4.1677102753524678e-12 0.0066075692000221791 0.19951790053417331 0.44196560989403849 0.0078175889692513097 5.1904686883128276e-12 7.1794642443407184e-12 0.012567331024827854 -0.3175345204653075 -0.23867071110210705
decision_type=8 8 8 10 8 8 10 10 8 8 8 10 8 8
left_child=1 -1 3 -3 -5 6 -4 -8 -7 -10 11 13 -12 -11
right_child=-2 2 5 4 -6 8 7 -9 9 10 12 -13 -14 -15
leaf_value=-0.0017570143731843149 0.00013180489017618714 -0.00026345494899257857 -0.001303170632236288 0.00055421026666752169 0.0026513635263193487 0.00045429644403677049 -0.0004773655007738853 0.0019182537387435637 -0.00022664375533824711 -0.00073124412016983592 0.0010922950724897953 -0.00040228034905745745 -0.00038409654808496695 0.00084182121333832766
leaf_weight=28 2410 93 152 90 43 383 64 33 2541 92 121 307 1074 749
leaf_count=28 2410 93 152 90 43 383 64 33 2541 92 121 307 1074 749
internal_value=3.58654e-13 -5.5052e-05 -4.67526e-05 0.000616753 0.00123224 -7.39376e-05 -0.00066398 0.000337639 -4.6043e-05 -8.52793e-05 6.80314e-05 0.000383057 -0.000234604 0.000669738
internal_weight=8180 5770 5742 226 133 5516 249 97 5267 4884 2343 1148 1195 841
internal_count=8180 5770 5742 226 133 5516 249 97 5267 4884 2343 1148 1195 841
is_linear=0
shrinkage=0.04


Tree=157
num_leaves=15
num_cat=0
split_feature=86 74 68 56 17 31 54 25 54 58 87 32 58 20
split_gain=0.036166 0.0490876 0.0415411 0.134829 0.121863 0.11197 0.0970501 0.0983354 0.104092 0.0995767 0.0899145 0.078276 0.125828 0.109311
threshold=0.7116089241864082 -0.022509920571219141 4.4203590582283043 982743968.89089191 0.019006784444759697 -0.21437743181556598 0.1324486055253801 0.010455439332097001 0.50468694686776805 5619001114.4817381 1.2309885633508013 -0.12614905281172792 6729980308.2291651 0.019375966842474019
decision_type=10 10 10 10 10 10 10 10 10 10 10 8 10 8
left_child=2 -2 -1 -4 11 -6 -7 10 9 -9 -8 -5 -13 -14
right_child=1 -3 3 4 5 6 7 8 -10 -11 -12 12 13 -15
leaf_value=-3.4532205553231595e-05 0.00046024234317883385 -0.0014913003217300463 0.0022406028401106594 0.00026421698524815943 0.00084153603111482126 -0.0010973671178516606 -0.00050619041186797885 -0.00034737863059524656 -0.0015566614905099679 0.0012275767768590363 -0.0032458807213191429 0.0027981456244985264 -0.0006581444215900716 0.0017268306268932543
leaf_weight=6581 32 58 50 472 137 222 115 106 41 163 23 57 62 61
leaf_count=6581 32 58 50 472 137 222 115 106 41 163 23 57 62 61
internal_value=7.50008e-13 -0.000797418 8.87116e-06 0.00019816 0.000128166 -0.000200424 -0.000413482 -7.45924e-05 0.000320806 0.000606962 -0.000962805 0.000534872 0.00124459 0.000524648
internal_weight=8180 90 8090 1509 1459 807 670 448 310 269 138 652 180 123
internal_count=8180 90 8090 1509 1459 807 670 448 310 269 138 652 180 123
is_linear=0
shrinkage=0.04


Tree=158
num_leaves=15
num_cat=0
split_feature=1 41 32 57 26 73 25 29 29 68 17 28 40 29
split_gain=0.0355652 0.0502398 0.0445143 0.0834287 0.0444772 0.0408177 0.0485713 0.041502 0.0965855 0.149671 0.0860383 0.154312 0.101601 0.0853127
threshold=0.010486707268025254 -0.10422695571957939 -0.27708913374433675 5813132844.3259974 0.020663818212964011 -0.48450240461842964 0.011078458025715115 0.011653624905227764 0.011421463061298062 4.3645040039769478 0.016137493399910312 0.010274918050675057 0.033826739342320507 0.012696172018772779
decision_type=10 8 8 10 10 8 10 8 10 10 8 10 10 8
left_child=5 2 4 -4 -2 6 -1 8 -7 -10 11 12 -9 -12
right_child=1 -3 3 -5 -6 7 -8 10 9 -11 13 -13 -14 -15
leaf_value=-0.001753843108646918 0.0004249192679745043 -0.00015792024380869386 0.0033810561082579871 0.00018121598230209202 -0.0016137539483606818 4.1989229063615156e-05 0.00013653623288105749 0.0010414052428841642 -0.0012078069528402055 0.0016214316376884069 0.00037574685600892449 -0.00064373490681621638 0.0033947822537172484 -0.00011791117278023062
leaf_weight=43 119 2687 22 32 20 2471 44 142 206 35 1059 74 37 1189
leaf_count=43 119 2687 22 32 20 2471 44 142 206 35 1059 74 37 1189
internal_value=7.45567e-13 -0.000113146 0.00051022 0.00148485 0.000131585 6.14829e-05 -0.000797789 7.58233e-05 -3.256e-05 -0.000796922 0.000193351 0.000892688 0.00152786 0.000114644
internal_weight=8180 2880 193 54 139 5300 87 5213 2712 241 2501 253 179 2248
internal_count=8180 2880 193 54 139 5300 87 5213 2712 241 2501 253 179 2248
is_linear=0
shrinkage=0.04


Tree=159
num_leaves=15
num_cat=0
split_feature=41 41 25 24 58 28 8 27 28 86 23 32 65 22
split_gain=0.0355546 0.0504377 0.1754 0.243102 0.168508 0.0996996 0.104312 0.0899105 0.0778473 0.0864068 0.0848174 0.0876542 0.0893928 0.109589
threshold=-0.1764684263064841 -0.089260367194003751 0.01026446394265277 0.011696905646555296 5971049460.7897253 0.015437204536036747 -0.11947189994117784 0.0085497797289778195 0.013155791603951918 -0.15821316594123933 0.015135913595213662 -0.40657252169642671 4.349400972881706 0.012426888786139017
decision_type=8 8 8 8 10 10 10 10 10 10 10 8 10 10
left_child=-1 2 -2 4 -4 6 8 -6 9 -5 11 -11 13 -13
right_child=1 -3 3 5 7 -7 -8 -9 -10 10 -12 12 -14 -15
leaf_value=-0.00093910125564434566 0.0039163140313965934 -2.5568821104497718e-05 0.00028942968040196736 0.00094371623047053408 -0.0018356166005134584 -0.0018895470477374538 0.0016100051541897385 -0.005385912699358804 0.0015593170377292804 0.0012267092442028104 -0.0015448042599573023 -0.00073402490521616798 -0.0014388856718831353 0.0017188584675336732
leaf_weight=64 21 7316 33 146 25 28 121 21 70 77 63 68 76 51
leaf_count=64 21 7316 33 146 25 28 121 21 70 77 63 68 76 51
internal_value=7.47462e-13 7.40543e-06 0.000308955 0.000211709 -0.00189169 0.000449093 0.000546536 -0.0034564 0.000312997 0.00013162 -0.000222308 8.40051e-05 -0.000367217 0.000317211
internal_weight=8180 8116 800 779 79 700 672 46 551 481 335 272 195 119
internal_count=8180 8116 800 779 79 700 672 46 551 481 335 272 195 119
is_linear=0
shrinkage=0.04


end of trees

feature_importances:
max_drawdown_60=158
max_drawdown_120=149
ma_slope_60=142
volatility_120=97
downside_volatility_120=96
downside_volatility_60=94
return_kurt_60=90
turnover_mean_60=85
amount_mean_60=75
ma_slope_20=73
amount_mean_40=73
amihud_illiquidity_60=68
upside_volatility_60=63
return_skew_60=62
volatility_40=54
downside_volatility_20=48
return_kurt_20=47
amihud_illiquidity_20=45
volatility_20=40
volatility_60=40
turnover_mean_40=36
momentum_120=35
upside_volatility_20=34
breakdown_low_120=34
downside_volatility_10=33
upside_volatility_10=33
max_drawdown_20=33
amount_mean_20=33
momentum_60=29
return_skew_20=29
volume_ratio_10_60=22
up_day_ratio_60=20
ma_bias_120=19
turnover_mean_10=19
amount_mean_10=18
downside_volatility_5=17
breakdown_low_60=14
momentum_40=13
breakout_high_40=13
amount_mean_5=12
turnover_mean_20=11
upside_volatility_5=10
amount_ratio_5_20=10
amount_ratio_10_60=10
ma_slope_10=9
breakout_high_120=8
breakdown_low_40=8
up_day_ratio_20=8
down_streak=8
volatility_10=6
ma_bias_60=6
price_position_120=6
volume_ratio_5_20=6
down_day_ratio_60=6
momentum_2=5
breakout_high_60=5
turnover_mean_5=5
down_day_ratio_20=4
ma_bias_5=3
price_position_20=2
breakout_high_20=2
breakdown_low_20=2
momentum_10=1
reversal_1=1
ma_bias_10=1
ma_slope_5=1
price_position_40=1

parameters:
[boosting: gbdt]
[objective: regression]
[metric: l2]
[tree_learner: serial]
[device_type: cpu]
[data_sample_strategy: bagging]
[data: ]
[valid: ]
[num_iterations: 160]
[learning_rate: 0.04]
[num_leaves: 15]
[num_threads: 6]
[seed: 42]
[deterministic: 0]
[force_col_wise: 0]
[force_row_wise: 0]
[histogram_pool_size: -1]
[max_depth: -1]
[min_data_in_leaf: 20]
[min_sum_hessian_in_leaf: 0.001]
[bagging_fraction: 1]
[pos_bagging_fraction: 1]
[neg_bagging_fraction: 1]
[bagging_freq: 0]
[bagging_seed: 400]
[bagging_by_query: 0]
[feature_fraction: 1]
[feature_fraction_bynode: 1]
[feature_fraction_seed: 30056]
[extra_trees: 0]
[extra_seed: 12879]
[early_stopping_round: 0]
[early_stopping_min_delta: 0]
[first_metric_only: 0]
[max_delta_step: 0]
[lambda_l1: 0]
[lambda_l2: 0]
[linear_lambda: 0]
[min_gain_to_split: 0]
[drop_rate: 0.1]
[max_drop: 50]
[skip_drop: 0.5]
[xgboost_dart_mode: 0]
[uniform_drop: 0]
[drop_seed: 17869]
[top_rate: 0.2]
[other_rate: 0.1]
[min_data_per_group: 100]
[max_cat_threshold: 32]
[cat_l2: 10]
[cat_smooth: 10]
[max_cat_to_onehot: 4]
[top_k: 20]
[monotone_constraints: ]
[monotone_constraints_method: basic]
[monotone_penalty: 0]
[feature_contri: ]
[forcedsplits_filename: ]
[refit_decay_rate: 0.9]
[cegb_tradeoff: 1]
[cegb_penalty_split: 0]
[cegb_penalty_feature_lazy: ]
[cegb_penalty_feature_coupled: ]
[path_smooth: 0]
[interaction_constraints: ]
[verbosity: -1]
[saved_feature_importance_type: 0]
[use_quantized_grad: 0]
[num_grad_quant_bins: 4]
[quant_train_renew_leaf: 0]
[stochastic_rounding: 1]
[linear_tree: 0]
[max_bin: 255]
[max_bin_by_feature: ]
[min_data_in_bin: 3]
[bin_construct_sample_cnt: 200000]
[data_random_seed: 175]
[is_enable_sparse: 1]
[enable_bundle: 1]
[use_missing: 1]
[zero_as_missing: 0]
[feature_pre_filter: 1]
[pre_partition: 0]
[two_round: 0]
[header: 0]
[label_column: ]
[weight_column: ]
[group_column: ]
[ignore_column: ]
[categorical_feature: ]
[forcedbins_filename: ]
[precise_float_parser: 0]
[parser_config_file: ]
[objective_seed: 16083]
[num_class: 1]
[is_unbalance: 0]
[scale_pos_weight: 1]
[sigmoid: 1]
[boost_from_average: 1]
[reg_sqrt: 0]
[alpha: 0.9]
[fair_c: 1]
[poisson_max_delta_step: 0.7]
[tweedie_variance_power: 1.5]
[lambdarank_truncation_level: 30]
[lambdarank_norm: 1]
[label_gain: ]
[lambdarank_position_bias_regularization: 0]
[eval_at: ]
[multi_error_top_k: 1]
[auc_mu_weights: ]
[num_machines: 1]
[local_listen_port: 12400]
[time_out: 120]
[machine_list_filename: ]
[machines: ]
[gpu_platform_id: -1]
[gpu_device_id: -1]
[gpu_use_dp: 0]
[num_gpu: 1]

end of parameters

pandas_categorical:[]
