tree
version=v4
num_class=1
num_tree_per_iteration=1
label_index=0
max_feature_idx=102
objective=regression
feature_names=momentum_1 momentum_2 momentum_3 momentum_5 momentum_10 momentum_20 momentum_40 momentum_60 momentum_120 reversal_1 reversal_2 reversal_3 reversal_5 reversal_10 reversal_20 volatility_5 volatility_10 volatility_20 volatility_40 volatility_60 volatility_120 downside_volatility_5 downside_volatility_10 downside_volatility_20 downside_volatility_60 downside_volatility_120 upside_volatility_5 upside_volatility_10 upside_volatility_20 upside_volatility_60 max_drawdown_20 max_drawdown_60 max_drawdown_120 ma_bias_5 ma_bias_10 ma_bias_20 ma_bias_40 ma_bias_60 ma_bias_120 ma_slope_5 ma_slope_10 ma_slope_20 ma_slope_60 price_position_20 price_position_40 price_position_60 price_position_120 breakout_high_20 breakout_high_40 breakout_high_60 breakout_high_120 breakdown_low_20 breakdown_low_40 breakdown_low_60 breakdown_low_120 amount_mean_5 amount_mean_10 amount_mean_20 amount_mean_40 amount_mean_60 amount_zscore_20 amount_zscore_60 amount_percentile_20 amount_percentile_60 turnover_mean_5 turnover_mean_10 turnover_mean_20 turnover_mean_40 turnover_mean_60 turnover_zscore_20 turnover_zscore_60 turnover_percentile_20 turnover_percentile_60 volume_ratio_5_20 volume_ratio_10_60 amount_ratio_5_20 amount_ratio_10_60 intraday_return overnight_return gap_return amplitude close_position upper_shadow lower_shadow body_size return_skew_20 return_skew_60 return_kurt_20 return_kurt_60 amihud_illiquidity_20 amihud_illiquidity_60 limit_up_count_20 limit_up_count_60 limit_down_count_20 limit_down_count_60 up_day_ratio_20 up_day_ratio_60 down_day_ratio_20 down_day_ratio_60 up_streak down_streak new_high_distance_60 new_low_distance_60
feature_infos=[-0.070234875733028668:0.066554954122954646] [-0.11160315946600419:0.10238729645988132] [-0.14494456737518568:0.12080170698242765] [-0.15076486156554991:0.173214816170286] [-0.19157675558860965:0.25819223781615563] [-0.29730711397382303:0.33985109791903878] [-0.35014001712918152:0.47636883032625943] [-0.4131139302401079:0.66861527763902351] [-0.54167278097443772:0.96005085779944066] [-0.066554954122954646:0.070234875733028668] [-0.10238729645988132:0.11160315946600419] [-0.12080170698242765:0.14494456737518568] [-0.173214816170286:0.15076486156554991] [-0.25819223781615563:0.19157675558860965] [-0.33985109791903878:0.29730711397382303] [0.0021309484098784442:0.046735522272764181] [0.0050152898123935839:0.036210677777100471] [0.0095992282322967439:0.03080937861068693] [0.013036699485617349:0.028120702281879073] [0.013980867725198468:0.026436432509771502] [0.016388424289259466:0.024089972964185469] [0:0.031195363855771142] [0:0.024860581039224169] [0.0026286050873498292:0.020154548385548768] [0.0069871160350771519:0.017745871924697357] [0.0080016515776362377:0.015319129468732417] [0:0.029764280331661296] [0:0.024200301248848907] [0.0029218324736720578:0.020870883880170648] [0.0065572886876546395:0.016417635837517999] [-0.29975512064154508:-0.004716324914682879] [-0.42355893477647877:-0.036061359233959811] [-0.5486238783618218:-0.049014155931552117] [-0.091771321224447866:0.075272613246051057] [-0.12275434062017254:0.12685653216356307] [-0.17220177928705993:0.18547621906314871] [-0.24466818370167243:0.2504092609518993] [-0.27538984440651515:0.31161214179457497] [-0.378848559120606:0.47480626710937335] [-0.11536898864773015:0.14771392538108374] [-0.15251024084203757:0.18432090545386615] [-0.21371141904376467:0.24718069459056036] [-0.34793421916661893:0.43406198799357654] [0.0047211539853514095:0.99420917031961631] [0.0033245485686118552:0.99576570332014502] [0.0018751903674848953:0.99591547335159758] [0.0012165966700093747:0.99753733715165738] [-0.30738211396654258:-0.0010197151703861262] [-0.36613322024844042:-0.0010197151703861262] [-0.43194152129560182:-0.0010197151703861262] [-0.55115414245463379:-0.0010197151703861262] [0.0010093438277802846:0.36164935022216049] [0.0010770729385969346:0.52860716079599235] [0.0010770729385969346:0.69576224708608425] [0.0010770729385969346:0.99643980728396797] [201633602.73252201:41739803829.029526] [337837402.17837715:35744029115.978836] [387668216.75995624:30646144463.546234] [450733514.33615625:29040931721.84359] [454919600.86739624:27351418254.895252] [-2.3885061734092239:2.6155916980341734] [-2.1946555560125489:2.5676616964291124] [0.050000000000000003:1] [0.016666666666666666:1] [0.88982629511015676:7.2779280519698855] [1.3476365718211694:6.4773091936190594] [2.250648319920896:5.8198005104382888] [3.0220434160327647:5.2927781809373027] [3.3315642432445021:4.9984209125617438] [-2.4262156374897832:2.6270687464731126] [-2.1293460985080772:2.0478164952537194] [0.050000000000000003:1] [0.016666666666666666:1] [-0.73460266768597371:0.90220147289307917] [-0.54627239389167803:0.62464451053567949] [-0.74821026076259911:0.92301714418355107] [-0.56213125972370859:0.74106119792171987] [-0.068246671256188551:0.07010893588948619] [-0.010292867483983614:0.01182607989514417] [-0.010292867483983614:0.01182607989514417] [0.0038684064473306417:0.095545196002603194] [0.019502382747590721:0.98161320219369919] [0.018386797806300818:0.90731312170449208] [0.019225958895293018:0.92794182063062869] [0.00026814828365826556:0.93840255435740982] [-1.910688115628153:1.8911306839373276] [-0.98909089106617487:0.95603874590609861] [-1.6822643923291085:6.5361760913551077] [-1.3195800035242731:2.4726356250138424] [5.0577418717870826e-13:1.1659559203250246e-10] [8.9592417176595723e-13:7.4215501928710956e-11] none none none none [0.10000000000000001:0.90000000000000002] [0.29268292682926828:0.69999999999999996] [0.10000000000000001:0.90000000000000002] [0.29999999999999999:0.69999999999999996] [0:11] [0:11] [-0.43194152129560182:-0.0010197151703861262] [0.0010770729385969346:0.69576224708608425]
tree_sizes=1564 1588 1576 1590 1575 1565 1566 1582 1571 1566 1573 1573 1566 1576 1564 1545 1575 1574 1546 1545 1566 1563 1556 1571 1556 1551 1557 1560 1551 1564 1560 1568 1558 1565 1546 1544 1567 1559 1566 1544 1554 1560 1543 1555 1564 1554 1574 1557 1564 1557 1564 1569 1546 1560 1551 1559 1535 1553 1553 1559 1552 1556 1554 1555 1559 1537 1559 1561 1568 1566 1536 1552 1555 1547 1534 1554 1561 1561 1556 1551 1556 1559 1546 1565 1547 1555 1546 1543 1544 1526 1550 1543 1567 1555 1558 1561 1531 1551 1545 1552 1564 1543 1580 1555 1561 1551 1570 1551 1547 1551 1556 1561 1544 1555 1552 1537 1554 1556 1545 1562 1544 1547 1568 1557 1562 1542 1556 1554 1538 1549 1559 1545 1552 1553 1549 1540 1550 1528 1543 1560 1547 1571 1538 1555 1552 1551 1539 1556 1550 1552 1557 1551 1545 1558 1571 1558 1584 1556 1550 1550

Tree=0
num_leaves=15
num_cat=0
split_feature=24 19 39 84 61 66 51 7 37 20 95 64 27 56
split_gain=0.00598251 0.00575843 0.00664691 0.00617899 0.00611034 0.00578129 0.0060277 0.00552806 0.00502178 0.00468105 0.00588802 0.00454678 0.00450242 0.0051558
threshold=0.010170193702163958 0.019436993693217594 0.05366442350276391 0.76220296666581167 0.49681392153183396 4.5357961533618001 0.016945023715987054 -0.053993044148986584 0.078335739032373133 0.022821390817359118 0.34166666666666673 4.823904820735387 0.012007928192356198 5076345569.6902037
decision_type=8 10 10 2 10 10 8 10 10 10 10 8 10 10
left_child=-1 2 5 9 -4 6 -2 -7 11 -3 -11 -8 13 -5
right_child=1 3 4 12 -6 7 8 -9 -10 10 -12 -13 -14 -15
leaf_value=0.00022520364729544453 0.00029952300375301293 0.00019953101639716449 -0.0006348920889890187 -0.00059165754777597941 0.00019534736632839217 -0.00013630475511272098 0.00015473957793570839 0.00016326071187247645 -0.00037315497433985326 0.00046173353059062957 -0.00018281373783573615 -2.033485400167878e-05 0.00014152499012483024 3.2481251590665242e-05
leaf_weight=2264 317 3474 37 40 23 262 1151 158 34 29 104 299 93 45
leaf_count=2264 317 3474 37 40 23 262 1151 158 34 29 104 299 93 45
internal_value=0.000169717 0.000149007 9.8804e-05 0.000179262 -0.000316634 0.000110027 0.000141192 -2.36111e-05 0.000107371 0.000190615 -4.22734e-05 0.000118638 -5.08024e-05 -0.000261231
internal_weight=8330 6066 2281 3785 60 2221 1801 420 1484 3607 133 1450 178 85
internal_count=8330 6066 2281 3785 60 2221 1801 420 1484 3607 133 1450 178 85
is_linear=0
shrinkage=1


Tree=1
num_leaves=15
num_cat=0
split_feature=42 60 20 29 66 50 33 89 30 87 57 95 78 65
split_gain=0.00568203 0.00503134 0.00418277 0.00468797 0.00522229 0.00615118 0.00549239 0.00459104 0.00421479 0.00640266 0.00418185 0.00401281 0.00399654 0.00460008
threshold=0.024802315006906887 -1.7084685140251576 0.022821390817359118 0.010765317650858896 4.5357961533618001 -0.41364536263218127 -0.00037802173262641009 4.719574418850517e-11 -0.069653086394829686 0.029920579593744782 839124130.53423059 0.34166666666666673 0.0034275266760551708 3.3056491838515556
decision_type=10 8 10 10 10 8 8 10 10 8 10 10 10 10
left_child=1 -1 3 4 5 -3 -7 -6 -8 -10 -2 -4 -12 -14
right_child=10 2 11 -5 7 6 8 -9 9 -11 12 -13 13 -15
leaf_value=-0.00035182804229358828 -0.00053568627778440719 0.0004748941792097053 0.00020166882853955029 2.1428619344822602e-05 -0.0001553906131690989 2.1446166002763138e-05 -5.08331221914019e-05 -0.00077643302734941243 -7.8230510560388212e-05 -0.00046567442607791987 6.1562960749799302e-05 -0.00036549370131979233 0.00031691456748045641 -0.00011516840430283747
leaf_weight=75 20 38 25 2552 399 1038 521 20 160 119 2841 99 44 379
leaf_count=75 20 38 25 2552 399 1038 521 20 160 119 2841 99 44 379
internal_value=3.38732e-12 -2.66512e-05 -2.17451e-05 -1.58764e-05 -5.73589e-05 -2.88428e-05 -3.92574e-05 -0.000185035 -0.00011802 -0.000243484 4.09507e-05 -0.000251146 4.4484e-05 -7.02236e-05
internal_weight=8330 5046 4971 4847 2295 1876 1838 419 800 279 3284 124 3264 423
internal_count=8330 5046 4971 4847 2295 1876 1838 419 800 279 3284 124 3264 423
is_linear=0
shrinkage=0.04


Tree=2
num_leaves=15
num_cat=0
split_feature=24 19 39 81 29 61 66 2 65 86 24 50 41 65
split_gain=0.00533207 0.00512962 0.0061612 0.00574548 0.00603676 0.00560389 0.00514688 0.00597432 0.00490491 0.00482807 0.00630715 0.00548106 0.00499932 0.00476859
threshold=0.010170193702163958 0.019436993693217594 0.05366442350276391 0.094062753857575718 0.013049467399075951 0.49681392153183396 4.0122883085842567 0.010387247678195101 3.9281587670923197 -0.16861042967359588 0.011288172741305613 -0.29096623049136944 -0.067630859626456749 4.3525208466305143
decision_type=8 10 10 2 10 10 10 8 10 8 10 10 8 10
left_child=-1 2 6 8 -5 -4 7 13 -3 11 12 -8 -11 -2
right_child=1 3 5 4 -6 -7 9 -9 -10 10 -12 -13 -14 -15
leaf_value=5.2383986541518219e-05 6.0140752802962569e-05 -0.00050023701339654749 -0.00077168936211917849 4.6728916500688049e-05 -8.1809023376570091e-05 2.3399756047064842e-05 0.00054237537230525552 -0.00012308344905739621 -6.6524002194813818e-05 0.00025574854464252897 -0.00029563125983715079 -2.8793397641493358e-05 -0.00011696890520527502 0.0004589712822217854
leaf_weight=2264 505 61 37 2857 735 23 29 301 132 64 327 368 574 53
leaf_count=2264 505 61 37 2857 735 23 29 301 132 64 327 368 574 53
internal_value=-2.59319e-12 -1.95512e-05 -6.69341e-05 9.00377e-06 2.04273e-05 -0.000466905 -5.61289e-05 2.05453e-05 -0.000203604 -0.000104487 -0.000152791 1.29293e-05 -7.95803e-05 9.80225e-05
internal_weight=8330 6066 2281 3785 3592 60 2221 859 193 1362 965 397 638 558
internal_count=8330 6066 2281 3785 3592 60 2221 859 193 1362 965 397 638 558
is_linear=0
shrinkage=0.04


Tree=3
num_leaves=15
num_cat=0
split_feature=42 60 20 29 66 50 33 89 57 28 30 87 33 10
split_gain=0.00507594 0.00460567 0.00387146 0.00414714 0.00458729 0.00563759 0.00499193 0.00429469 0.00390048 0.00415976 0.00388433 0.00587652 0.00387549 0.00522315
threshold=0.024802315006906887 -1.7084685140251576 0.022821390817359118 0.010765317650858896 4.5357961533618001 -0.41364536263218127 -0.00037802173262641009 4.719574418850517e-11 4568816296.1222143 0.010277521250805164 -0.069653086394829686 0.029920579593744782 -0.042546669574504196 0.048625636608382768
decision_type=10 8 10 10 10 8 8 10 10 10 10 8 10 10
left_child=1 -1 3 4 5 -3 -7 8 9 -6 -8 -12 -5 -14
right_child=-2 2 -4 12 7 6 10 -9 -10 -11 11 -13 13 -15
leaf_value=-0.00033630707272483656 3.8705067619725767e-05 0.00045510898851238097 -0.00024119518209244557 0.0003300688346470928 0.00060722391738090664 2.07617874270024e-05 -4.7699457508020372e-05 -0.00074552019871771335 -0.00020601421947209945 -6.3258153600863321e-05 -7.4325847701402377e-05 -0.00044550949307999911 2.0078148259597378e-05 -0.00042463135504878542
leaf_weight=75 3284 38 124 63 20 1038 521 20 322 57 160 119 2446 43
leaf_count=75 3284 38 124 63 20 1038 521 20 322 57 160 119 2446 43
internal_value=2.78251e-12 -2.51897e-05 -2.04958e-05 -1.48496e-05 -5.3866e-05 -2.71398e-05 -3.71101e-05 -0.000173528 -0.000144857 0.000110893 -0.000112199 -0.000232644 2.02376e-05 1.23953e-05
internal_weight=8330 5046 4971 4847 2295 1876 1838 419 399 77 800 279 2552 2489
internal_count=8330 5046 4971 4847 2295 1876 1838 419 399 77 800 279 2552 2489
is_linear=0
shrinkage=0.04


Tree=4
num_leaves=15
num_cat=0
split_feature=24 19 39 84 61 66 2 85 86 24 50 41 22 65
split_gain=0.00478152 0.00454705 0.00572965 0.00558012 0.00515613 0.00470061 0.00535395 0.00454652 0.00440139 0.00572111 0.00501503 0.00459721 0.00444682 0.00440065
threshold=0.010170193702163958 0.019436993693217594 0.05366442350276391 0.76220296666581167 0.49681392153183396 4.0122883085842567 0.010387247678195101 -0.30450216960941801 -0.16861042967359588 0.011288172741305613 -0.29096623049136944 -0.067630859626456749 0.011676278703980835 4.3525208466305143
decision_type=8 10 10 2 10 10 8 8 8 10 10 8 10 10
left_child=-1 2 5 -3 -4 6 13 -8 10 11 -7 -10 -11 -2
right_child=1 3 4 -5 -6 8 7 -9 9 12 -12 -13 -14 -15
leaf_value=4.9605909904474253e-05 5.752255695616702e-05 1.9159390415434981e-05 -0.00074118877823993164 -0.00021026069388150635 2.1474066433375295e-05 0.00051962624303996568 -0.00040874280282437352 -3.3011891798641376e-05 0.00024624725602734543 -0.00045588902429752874 -2.6721406029141885e-05 -0.00011116687964416496 -0.00015661253653593478 0.00044065778681850239
leaf_weight=2264 505 3607 37 178 23 29 66 235 64 136 368 574 191 53
leaf_count=2264 505 3607 37 178 23 29 66 235 64 136 368 574 191 53
internal_value=-3.81799e-12 -1.85143e-05 -6.31255e-05 8.37028e-06 -0.000448835 -5.27056e-05 2.05692e-05 -0.000115398 -9.89194e-05 -0.00014504 1.31881e-05 -7.53134e-05 -0.000281082 9.39135e-05
internal_weight=8330 6066 2281 3785 60 2221 859 301 1362 965 397 638 327 558
internal_count=8330 6066 2281 3785 60 2221 859 301 1362 965 397 638 327 558
is_linear=0
shrinkage=0.04


Tree=5
num_leaves=15
num_cat=0
split_feature=42 57 60 78 65 85 70 95 84 50 88 86 26 68
split_gain=0.00450805 0.00462671 0.00396841 0.00386655 0.00426916 0.0055072 0.00386604 0.00386538 0.00506456 0.00413538 0.00373259 0.00355087 0.00489539 0.00522185
threshold=0.023120304131814765 839124130.53423059 -1.7084685140251576 0.0034275266760551708 3.3056491838515556 0.81618694872344888 1.5092003273952352 0.45833333333333343 0.63518049171807112 -0.12989716877816468 -0.66946437764469635 0.48469097214279599 0.0033652459606277811 4.3363437722902036
decision_type=10 8 8 10 10 10 10 10 2 8 10 10 10 10
left_child=2 -2 -1 11 -5 10 -4 8 -8 -9 -6 -3 -13 -14
right_child=1 3 6 4 5 -7 7 9 -10 -11 -12 12 13 -15
leaf_value=-0.00031466614216647891 -0.00055563085612707905 6.8130499120430899e-05 -1.1798368331802846e-05 0.00030044849213233893 0.00038764263443366733 -0.0006663475239528688 0.00010233453835098772 -0.00051158890171602443 -0.0005834353116473982 2.3605820482991863e-05 -0.00011025844443881907 0.00042821618606862815 -0.00071429682573160311 -9.2918108081600317e-05
leaf_weight=74 21 2689 4716 44 26 27 96 77 21 33 328 23 26 129
leaf_count=74 21 2689 4716 44 26 27 96 77 21 33 328 23 26 129
internal_value=-7.85301e-13 3.62112e-05 -2.39123e-05 3.99866e-05 -7.26064e-05 -0.000115689 -1.95595e-05 -0.000180799 -2.07524e-05 -0.00035103 -7.36894e-05 5.66773e-05 -0.000116344 -0.000197149
internal_weight=8330 3313 5017 3292 425 381 4943 227 117 110 354 2867 178 155
internal_count=8330 3313 5017 3292 425 381 4943 227 117 110 354 2867 178 155
is_linear=0
shrinkage=0.04


Tree=6
num_leaves=15
num_cat=0
split_feature=20 13 26 29 76 87 1 12 26 69 5 88 17 18
split_gain=0.00439217 0.00498463 0.00444192 0.00430134 0.00474014 0.00429682 0.00433379 0.0054598 0.0046166 0.00458069 0.0042993 0.00431373 0.00421663 0.00399521
threshold=0.022821390817359118 0.048194260514520755 0.0072653793389569976 0.01058423377679155 -0.35264008564023103 -1.2626009148708108 -0.031426033533817059 0.012038464283440522 0.00024437386587462985 -0.036110196237943898 -0.16599678740150978 0.65047686713370778 0.022412474438892178 0.016692992661045212
decision_type=10 10 10 10 10 8 8 8 8 10 10 10 10 8
left_child=3 2 -2 5 -5 -1 7 -7 9 -9 -10 -12 -3 -8
right_child=1 12 -4 4 -6 6 13 8 10 -11 11 -13 -14 -15
leaf_value=-0.00047958710164363894 -0.00087388674818122611 0.00034805899408335485 -0.00021716435154424594 -0.00022758904623530678 2.8620386916844396e-05 0.00053000389344183866 7.0937861939241622e-05 0.00074501674993101652 -0.00036765483309864067 -5.3671643137931821e-05 0.00011311569317643131 -0.00044482030011713504 -0.00025938974024384371 -7.8568921810074247e-05
leaf_weight=35 26 33 45 118 5535 41 340 27 48 20 196 25 41 1800
leaf_count=35 26 33 45 118 5535 41 340 27 48 20 196 25 41 1800
internal_value=3.7146e-12 -0.000218224 -0.000457654 3.86592e-06 2.32723e-05 -3.94612e-05 -3.32921e-05 9.57281e-05 3.93821e-05 0.000405149 -2.45251e-05 5.00008e-05 1.14996e-05 -5.48155e-05
internal_weight=8330 145 71 8185 5653 2532 2497 357 316 47 269 221 74 2140
internal_count=8330 145 71 8185 5653 2532 2497 357 316 47 269 221 74 2140
is_linear=0
shrinkage=0.04


Tree=7
num_leaves=15
num_cat=0
split_feature=24 19 39 81 29 61 65 37 66 4 1 82 69 31
split_gain=0.00408085 0.00406824 0.00531605 0.00509087 0.00560909 0.00472867 0.00456807 0.00446149 0.00486088 0.00539016 0.00441786 0.00431427 0.00525675 0.0049293
threshold=0.010170193702163958 0.019436993693217594 0.05366442350276391 0.094062753857575718 0.013049467399075951 0.49681392153183396 3.9281587670923197 0.078335739032373133 4.6872447620333366 0.018620340806409511 -0.014114230393509062 0.23158166595532037 0.46957884451851889 -0.083844205761714904
decision_type=8 10 10 2 10 10 10 10 10 10 10 2 10 10
left_child=-1 2 7 6 11 -4 10 8 -2 -10 -3 -5 13 -13
right_child=1 3 5 4 -6 -7 -8 -9 9 -11 -12 12 -14 -15
leaf_value=4.5827470979923356e-05 -1.8701412077096396e-05 -0.0007429040703726442 -0.00071080165034210357 -1.6962384354974674e-05 -7.9469666848169831e-05 1.9563879291324511e-05 -5.9514964514440206e-05 -0.0004626562437056791 -0.00028587176248447989 0.00015645476889965888 -4.0519265053064928e-05 0.00012016305962214092 -1.0262520772989884e-05 0.0006024163476790168
leaf_weight=2264 1903 38 37 1116 735 23 132 41 222 55 23 1091 615 35
leaf_count=2264 1903 38 37 1116 735 23 132 41 222 55 23 1091 615 35
internal_value=1.33063e-12 -1.71041e-05 -5.93011e-05 8.32563e-06 1.90787e-05 -0.000430828 -0.000191805 -4.92644e-05 -4.14896e-05 -0.000198045 -0.00047807 4.44316e-05 8.37858e-05 0.000135153
internal_weight=8330 6066 2281 3785 3592 60 193 2221 2180 277 61 2857 1741 1126
internal_count=8330 6066 2281 3785 3592 60 193 2221 2180 277 61 2857 1741 1126
is_linear=0
shrinkage=0.04


Tree=8
num_leaves=15
num_cat=0
split_feature=20 13 26 17 29 76 29 22 40 30 85 66 50 51
split_gain=0.00402374 0.00461169 0.00408466 0.00386329 0.00381969 0.00434759 0.0043129 0.00451188 0.0036639 0.00451659 0.00347715 0.00396737 0.00573535 0.00577136
threshold=0.022821390817359118 0.048194260514520755 0.0072653793389569976 0.022412474438892178 0.01058423377679155 -0.35264008564023103 0.010544669594930398 0.011421770976186249 -0.045374870127332427 -0.052433176637329819 0.79827925190083548 4.5357961533618001 -0.41364536263218127 0.016945023715987054
decision_type=10 10 10 10 10 10 10 10 10 10 10 10 8 8
left_child=4 2 -2 -3 6 8 10 -8 -6 -10 11 12 -1 -14
right_child=1 3 -4 -5 5 -7 7 -9 9 -11 -12 -13 13 -15
leaf_value=0.00050223050577401674 -0.00083831316075072841 0.00033424184683650369 -0.00020855427468712961 -0.00024719904406882094 0.0001551344590411792 2.710968216523155e-05 -0.00073005531513100047 -5.9638070144703509e-05 -0.00056574433850723187 3.6052906164719216e-05 0.00025556527078151702 -0.00014777282122112524 0.00011915457802281405 -5.5526883050563407e-05
leaf_weight=34 26 33 45 41 31 5535 29 36 56 31 67 423 375 1568
leaf_count=34 26 33 45 41 31 5535 29 36 56 31 67 423 375 1568
internal_value=-2.18333e-13 -0.000208871 -0.00043917 1.20922e-05 3.70022e-06 2.19878e-05 -3.71291e-05 -0.000358747 -0.000218262 -0.000351311 -2.86552e-05 -3.65897e-05 -1.28009e-05 -2.18133e-05
internal_weight=8330 145 71 74 8185 5653 2532 65 118 87 2467 2400 1977 1943
internal_count=8330 145 71 74 8185 5653 2532 65 118 87 2467 2400 1977 1943
is_linear=0
shrinkage=0.04


Tree=9
num_leaves=15
num_cat=0
split_feature=42 57 60 78 65 85 70 48 81 61 55 88 42 39
split_gain=0.00377282 0.00418781 0.00366317 0.00351824 0.00392388 0.00513327 0.00345834 0.00381495 0.00368952 0.00456202 0.00345519 0.00340565 0.0033926 0.00557768
threshold=0.023120304131814765 839124130.53423059 -1.7084685140251576 0.0034275266760551708 3.3056491838515556 0.81618694872344888 1.5092003273952352 -0.029591757525054215 0.22458365433684932 -0.92789906734282435 912186812.82402766 -0.66946437764469635 -0.21355664531766946 0.044973914355395335
decision_type=10 10 8 10 10 10 10 10 2 10 10 10 8 10
left_child=2 -2 -1 10 -5 11 12 8 -8 -10 -3 -6 13 -4
right_child=1 3 6 4 5 -7 7 -9 9 -11 -12 -13 -14 -15
leaf_value=-0.00030122363371963334 -0.00052994361612945795 0.0005305703558648626 0.00016295595678446413 0.00028696802005552774 0.00036922700761351737 -0.00064362232836342797 -0.00048261358312124179 -0.00065855746471282577 -0.00042192347261956652 7.6306620084394053e-05 4.8605384491366628e-05 -0.00010636891480095162 -2.0582283972144096e-05 -0.000271397689611397
leaf_weight=74 21 24 338 44 26 27 36 23 38 130 2843 328 4323 55
leaf_count=74 21 24 338 44 26 27 36 23 38 130 2843 328 4323 55
internal_value=5.76137e-13 3.3127e-05 -2.18756e-05 3.67189e-05 -7.06831e-05 -0.000111987 -1.76935e-05 -0.000170194 -0.000115134 -3.63883e-05 5.264e-05 -7.14381e-05 -1.0353e-05 0.000102169
internal_weight=8330 3313 5017 3292 425 381 4943 227 204 168 2867 354 4716 393
internal_count=8330 3313 5017 3292 425 381 4943 227 204 168 2867 354 4716 393
is_linear=0
shrinkage=0.04


Tree=10
num_leaves=15
num_cat=0
split_feature=20 13 26 78 29 76 29 22 0 81 66 32 77 33
split_gain=0.00373095 0.00424634 0.00377176 0.0035858 0.00342384 0.0040058 0.00397362 0.00418093 0.0034315 0.00368622 0.00345422 0.00650894 0.00607036 0.0045231
threshold=0.022821390817359118 0.048194260514520755 0.0072653793389569976 -0.0011786082665490858 0.01058423377679155 -0.35264008564023103 0.010544669594930398 0.011421770976186249 0.019236206630637635 0.90531286050394322 4.5357961533618001 -0.41634669840536448 0.0059733638456285218 -0.0037030062741178478
decision_type=10 10 10 10 10 10 10 10 8 2 10 8 2 8
left_child=4 2 -2 -3 6 -6 8 -8 9 10 11 -1 -12 -13
right_child=1 3 -4 -5 5 -7 7 -9 -10 -11 12 13 -14 -15
leaf_value=0.00072328060842119155 -0.00080566726696605867 0.0004255292348502933 -0.00020050964699799403 -0.0001760871150969144 -0.00020973548324683966 2.5793548891075246e-05 -0.00070123249424043394 -5.5871542944158953e-05 -0.00015749265673660199 0.0003295842535793781 -0.00021148654468671532 5.2914049434608447e-05 0.00017729148700288156 -7.7867560523685211e-05
leaf_weight=20 26 23 45 51 118 5535 29 36 285 50 297 999 82 734
leaf_count=20 26 23 45 51 118 5535 29 36 285 50 297 999 82 734
internal_value=-4.21833e-13 -0.000201128 -0.000422117 1.09018e-05 3.56305e-06 2.08771e-05 -3.50928e-05 -0.000343802 -2.6959e-05 -9.90946e-06 -1.78713e-05 5.8026e-06 -0.000127371 -2.47758e-06
internal_weight=8330 145 71 74 8185 5653 2532 65 2467 2182 2132 1753 379 1733
internal_count=8330 145 71 74 8185 5653 2532 65 2467 2182 2132 1753 379 1733
is_linear=0
shrinkage=0.04


Tree=11
num_leaves=15
num_cat=0
split_feature=40 40 61 53 88 25 85 57 60 75 64 20 13 78
split_gain=0.0035487 0.00399592 0.00468398 0.0044123 0.00408724 0.00481229 0.00385475 0.00466285 0.00382975 0.00398154 0.00338873 0.00335523 0.00399081 0.00342897
threshold=0.031280523424366831 0.034828428077445912 1.198037484956493 0.063051122243307459 0.21747384057491323 0.010537625232911437 1.0304043436034265 5570495576.1815424 -1.6070559299429765 -0.42594182423895849 6.6896026058607552 0.022821390817359118 0.048194260514520755 0.0074971835743048451
decision_type=10 10 10 8 10 8 10 10 10 10 10 10 10 10
left_child=6 2 -2 -3 8 -6 10 -8 -5 -10 11 13 -13 -1
right_child=1 3 -4 4 5 -7 7 -9 9 -11 -12 12 -14 -15
leaf_value=-1.2108147141455118e-05 0.00013389820950405752 0.00054432926583103836 0.00068562663190371907 -0.00036730204185005279 -0.00032994415371961498 -1.830097037951002e-05 0.00054033983699766739 4.7890132939083621e-05 -0.0004021714369621899 7.1095182941958534e-05 -0.00052841124923101496 -0.0004712514750523648 -1.8964808002330256e-05 -0.00035517124097516879
leaf_weight=5707 163 26 29 34 98 415 42 115 29 1478 21 57 69 47
leaf_count=5707 163 26 29 34 98 415 42 115 29 1478 21 57 69 47
internal_value=3.86933e-13 4.26317e-05 0.000217232 2.65147e-05 1.99601e-05 -7.78351e-05 -1.59886e-05 0.000179628 5.25162e-05 6.19879e-05 -2.11932e-05 -1.93817e-05 -0.000223571 -1.49104e-05
internal_weight=8330 2272 192 2080 2054 513 6058 157 1541 1507 5901 5880 126 5754
internal_count=8330 2272 192 2080 2054 513 6058 157 1541 1507 5901 5880 126 5754
is_linear=0
shrinkage=0.04


Tree=12
num_leaves=15
num_cat=0
split_feature=25 36 37 18 75 28 5 0 18 78 8 89 81 83
split_gain=0.00345475 0.00546765 0.0069946 0.00496881 0.00399373 0.00501578 0.00401379 0.00400064 0.00386313 0.00374384 0.00354374 0.00428281 0.00361607 0.0035315
threshold=0.011184697758330512 0.1151262508193084 0.14494798407412615 0.022767501170608991 0.056502433239788437 0.0081992264535635708 -0.0046451756459018325 0.001384868589576205 0.017534080896972632 0.0032064142812058276 0.13764898724163124 3.6563559465431436e-12 0.33792469082780746 0.17107736404790361
decision_type=8 10 10 10 10 10 10 10 10 10 8 10 2 2
left_child=4 -2 -3 13 5 6 -1 8 10 -9 11 -7 -12 -4
right_child=1 2 3 -5 -6 7 -8 9 -10 -11 12 -13 -14 -15
leaf_value=0.00033815276842298251 -3.0008746755335026e-05 0.00063033070802868518 0.00049713583012549753 -0.00053029615466948597 8.2639940602311133e-05 0.00045731776951080452 -0.0001330246998128505 -5.2687351258478052e-05 7.0680469340004504e-05 -0.00029791611710383575 -0.00054567664642794019 -0.00017550964649258691 -5.2081738732398514e-05 2.2092872286999696e-05
leaf_weight=112 4721 44 34 20 1405 28 39 789 790 114 48 44 47 95
leaf_count=112 4721 44 34 20 1405 28 39 789 790 114 48 44 47 95
internal_value=5.6109e-13 -2.14777e-05 0.000187202 5.63458e-05 3.08961e-05 -5.25504e-06 0.000216458 -2.32543e-05 3.37301e-05 -8.36465e-05 -0.000141065 7.05899e-05 -0.000301477 0.000147298
internal_weight=8330 4914 193 149 3416 2011 151 1860 957 903 167 72 95 129
internal_count=8330 4914 193 149 3416 2011 151 1860 957 903 167 72 95 129
is_linear=0
shrinkage=0.04


Tree=13
num_leaves=15
num_cat=0
split_feature=24 75 35 59 75 1 54 48 48 19 39 84 61 37
split_gain=0.00332109 0.0034904 0.0040592 0.004551 0.00355593 0.00353209 0.00442031 0.00426008 0.00518324 0.00347607 0.00494568 0.00472776 0.00424824 0.00417047
threshold=0.010170193702163958 0.25199661140122581 -0.05932692319433041 21150031504.590439 0.27910687753796198 0.019546920579825548 0.40238716974112049 -0.0071177008904284569 -0.012522245993006218 0.019436993693217594 0.05366442350276391 0.76220296666581167 0.49681392153183396 0.078335739032373133
decision_type=8 10 10 10 10 10 8 10 10 10 10 2 10 10
left_child=1 2 -1 5 -3 -4 7 8 -7 10 13 -11 -12 -2
right_child=9 4 3 -5 -6 6 -8 -9 -10 11 12 -13 -14 -15
leaf_value=0.00044496771081633472 -3.7237500051652127e-05 0.00041911471346751434 5.5152123425924635e-05 -0.00044836253486744894 9.5984262406676786e-05 -0.00019002610256501856 5.1627516188546001e-05 -0.00063797616940754437 0.00039750876879595499 1.8007223659779725e-05 -0.00067815664633353429 -0.00019316535063736728 1.4113237392967162e-05 -0.00044443646372046051
leaf_weight=35 2180 65 1263 34 337 218 256 29 27 3607 37 178 23 41
leaf_count=35 2180 65 1263 34 337 218 256 29 27 3607 37 178 23 41
internal_value=-3.88457e-13 4.1342e-05 1.82648e-05 1.00904e-05 0.000148232 1.87839e-05 -6.78823e-05 -0.000179541 -0.000125277 -1.543e-05 -5.44353e-05 8.07625e-06 -0.000412787 -4.47545e-05
internal_weight=8330 2264 1862 1827 402 1793 530 274 245 6066 2281 3785 60 2221
internal_count=8330 2264 1862 1827 402 1793 530 274 245 6066 2281 3785 60 2221
is_linear=0
shrinkage=0.04


Tree=14
num_leaves=15
num_cat=0
split_feature=20 95 7 90 26 78 27 42 60 57 88 10 67 64
split_gain=0.00314713 0.00391049 0.00387553 0.00350962 0.00314927 0.00307141 0.00321626 0.00296868 0.00420093 0.00362391 0.00340893 0.00437529 0.00421685 0.00384294
threshold=0.022821390817359118 0.34166666666666673 -0.25746991382734097 4.8028690863193851e-12 0.007158510809339185 0.0074971835743048451 0.011384479130755068 0.0084274553038802286 -1.7084685140251576 839124130.53423059 0.12232577677810187 -0.02941736396240768 3.9914894267514183 4.9127821613030251
decision_type=10 10 10 10 10 8 8 10 8 10 10 10 10 10
left_child=5 -2 3 -3 -4 7 -7 8 -1 -9 -11 12 -12 -14
right_child=1 2 4 -5 -6 6 -8 9 -10 10 11 -13 13 -15
leaf_value=-0.0003229156071819099 0.00022198273063016435 -0.00039615257026161997 -0.00079601321473781925 0.00031475202664732937 -0.00025135657309963394 -0.00050307590457706307 2.5108131180916513e-05 -0.00046694776529203292 -1.0670611759294536e-05 6.5342324508903038e-05 0.00014610817953426806 9.9826831545327149e-06 -0.00051938940360034594 1.8813068780935172e-06
leaf_weight=70 30 20 29 25 41 39 35 23 4555 2283 36 1039 72 33
leaf_count=70 30 20 29 25 41 39 35 23 4555 2283 36 1039 72 33
internal_value=3.39177e-14 -0.000184723 -0.00029082 -1.20557e-06 -0.000477 3.27242e-06 -0.000253259 5.61286e-06 -1.53965e-05 3.34867e-05 3.68104e-05 -1.83916e-05 -0.000227476 -0.000355561
internal_weight=8330 145 115 45 70 8185 74 8111 4625 3486 3463 1180 141 105
internal_count=8330 145 115 45 70 8185 74 8111 4625 3486 3463 1180 141 105
is_linear=0
shrinkage=0.04


Tree=15
num_leaves=15
num_cat=0
split_feature=40 100 22 41 85 85 85 40 61 60 8 61 88 25
split_gain=0.00299446 0.00390669 0.00559088 0.00399242 0.00392754 0.00357262 0.00450124 0.00357248 0.00423459 0.00357635 0.00351912 0.00347107 0.0034474 0.00433737
threshold=0.031280523424366831 3.5000000000000004 0.011053444584500778 0.076916746352656454 -0.99788524191859473 1.0304043436034265 1.0704812669112516 0.034828428077445912 1.198037484956493 -1.6070559299429765 -0.31950713049606527 -0.19747764261662673 0.21747384057491323 0.010537625232911437
decision_type=10 2 10 8 10 10 8 10 10 10 8 10 8 8
left_child=5 4 3 -3 -2 -1 -7 8 -6 -9 11 -11 -12 -14
right_child=1 2 -4 -5 7 6 -8 9 -10 10 12 -13 13 -15
leaf_value=-1.9697560344041713e-05 -0.0004418159765191376 0.0003497449775797225 0.00073355373548110946 -0.0003548241343179887 0.00012588185819497865 0.00066578054334968332 8.04259211796913e-05 -0.00034133405735659375 0.00067777510598086973 4.6915029175579555e-05 4.9842789394805506e-05 0.00073582021688873124 -0.0003182875081039767 -1.409480648524457e-05
leaf_weight=5901 28 31 31 22 154 25 132 43 26 25 1425 22 94 371
leaf_count=5901 28 31 31 22 154 25 132 43 26 25 1425 22 94 371
internal_value=5.12432e-13 3.91613e-05 0.000306859 5.72823e-05 2.88841e-05 -1.46871e-05 0.000173635 3.49858e-05 0.0002056 1.94754e-05 2.74851e-05 0.000369381 1.8983e-05 -7.55875e-05
internal_weight=8330 2272 84 53 2188 6058 157 2160 180 1980 1937 47 1890 465
internal_count=8330 2272 84 53 2188 6058 157 2160 180 1980 1937 47 1890 465
is_linear=0
shrinkage=0.04


Tree=16
num_leaves=15
num_cat=0
split_feature=20 95 7 90 26 78 27 42 60 21 10 51 86 5
split_gain=0.00291016 0.00358777 0.00357808 0.00322408 0.00290463 0.00281286 0.00295778 0.00272551 0.00381308 0.00337981 0.00409946 0.00378752 0.00365009 0.00397489
threshold=0.022821390817359118 0.34166666666666673 -0.25746991382734097 4.8028690863193851e-12 0.007158510809339185 0.0074971835743048451 0.011384479130755068 0.0084274553038802286 -1.7084685140251576 0.016239205510820056 -0.018594866073062818 0.0098863521566933139 -0.41165239918908875 0.068014440407251145
decision_type=10 10 10 10 10 8 8 10 8 10 10 10 10 10
left_child=5 -2 3 -3 -4 7 -7 8 -1 11 -11 -9 13 -13
right_child=1 2 4 -5 -6 6 -8 9 -10 10 -12 12 -14 -15
leaf_value=-0.00030772332461492623 0.00021192988194525242 -0.00037951856735162436 -0.00076452210971057939 0.00030185308568179612 -0.00024144788920505274 -0.0004819178776308082 2.4597158123339924e-05 0.00031433794721279565 -1.0241481526891053e-05 -0.00041686269532656298 -2.9097833380999033e-05 -6.1094800868164085e-05 4.9446010036581958e-05 -0.00060835880744270984
leaf_weight=70 30 20 29 25 41 39 35 82 4555 50 342 141 2846 25
leaf_count=70 30 20 29 25 41 39 35 82 4555 50 342 141 2846 25
internal_value=-5.77732e-13 -0.000177632 -0.000279257 -9.7876e-07 -0.00045815 3.14681e-06 -0.00024235 5.38658e-06 -1.47439e-05 3.20944e-05 -7.85576e-05 4.61137e-05 3.88114e-05 -0.000143514
internal_weight=8330 145 115 45 70 8185 74 8111 4625 3486 392 3094 3012 166
internal_count=8330 145 115 45 70 8185 74 8111 4625 3486 392 3094 3012 166
is_linear=0
shrinkage=0.04


Tree=17
num_leaves=15
num_cat=0
split_feature=29 78 32 1 52 88 57 51 9 1 27 48 74 53
split_gain=0.00281733 0.00482234 0.00377916 0.0042947 0.00416607 0.00428027 0.00457122 0.00392149 0.0039004 0.00506868 0.00418842 0.00353132 0.00413542 0.00424852
threshold=0.013342864627815488 0.0028855609573402723 -0.13715103826268252 -0.057320353756331925 0.009801729127546956 -0.34399445721804073 6475347201.7975893 0.22180236919288801 -0.024038797537391129 0.038896162684910036 0.011957617431781522 -0.15949655510290253 0.011784864671888219 0.24994921718109955
decision_type=8 8 8 10 10 10 10 10 10 10 10 8 10 10
left_child=2 -2 7 -4 -5 6 -6 -1 10 -10 -8 -3 13 -13
right_child=1 11 3 4 5 -7 8 -9 9 -11 -12 12 -14 -15
leaf_value=-1.3481451113462529e-05 -1.8014689217198603e-05 -0.00065657014994380562 -0.00052612671721726661 0.0005867818808959176 0.00028566340981774269 9.9403821757935953e-06 -0.00067763850935513071 0.00023243269363208455 8.2829106701199596e-05 0.0007196859161679943 -1.3588013900020584e-05 -0.0001617856852811071 0.00010288297331694944 -0.00067229860037674798
leaf_weight=4896 1114 26 20 24 219 1199 21 106 418 21 55 112 65 34
leaf_count=4896 1114 26 20 24 219 1199 21 106 418 21 55 112 65 34
internal_value=-6.66988e-13 -5.28719e-05 1.0235e-05 5.70548e-05 6.30147e-05 5.65117e-05 0.000132587 -8.27016e-06 6.74917e-05 0.000113294 -0.000197076 -0.000216716 -0.000162515 -0.000280672
internal_weight=8330 1351 6979 1977 1957 1933 734 5002 515 439 76 237 211 146
internal_count=8330 1351 6979 1977 1957 1933 734 5002 515 439 76 237 211 146
is_linear=0
shrinkage=0.04


Tree=18
num_leaves=15
num_cat=0
split_feature=20 4 38 2 59 2 78 55 51 43 43 64 31 64
split_gain=0.00263603 0.00345261 0.00374207 0.00324519 0.00260108 0.00461215 0.00480035 0.0033135 0.0030421 0.00319572 0.00507737 0.00360455 0.00284108 0.00330327
threshold=0.022821390817359118 -0.068575985322729557 -0.16600787271137621 -0.011083403516524757 20799594214.137218 -0.026137992352589897 -0.0048718760430354049 8696044357.9440708 0.081564942661580445 0.43803080958644253 0.20364684443484679 4.1290181359332054 -0.17657015408762169 4.7366618798631377
decision_type=10 10 10 10 8 8 8 10 10 10 10 8 8 10
left_child=4 2 -2 -3 -1 -6 -7 8 9 10 11 -8 13 -9
right_child=1 3 -4 -5 5 6 7 12 -10 -11 -12 -13 -14 -15
leaf_value=9.5511116321246839e-06 0.0002645692827050076 -0.00060621040976212282 -0.00037682764189825817 -9.6526959138672528e-05 0.00010979277216886849 0.00042643855913015809 0.00040787169476971032 -0.00029415188210449468 -0.0003860282707918326 0.0004783152650237422 -0.00053308031832178442 -7.7001443730898545e-05 -0.00035225231932192155 0.00021352960081531895
leaf_weight=7547 43 39 22 41 162 23 36 46 34 22 27 77 174 37
leaf_count=7547 43 39 22 41 162 23 36 46 34 22 27 77 174 37
internal_value=-4.64246e-13 -0.000169059 4.74811e-05 -0.000344998 2.99493e-06 -7.45591e-05 -0.000137301 -0.000165923 -4.20455e-05 3.01484e-05 -4.02778e-05 7.74714e-05 -0.000260398 -6.7836e-05
internal_weight=8330 145 65 80 8185 638 476 453 196 162 140 113 257 83
internal_count=8330 145 65 80 8185 638 476 453 196 162 140 113 257 83
is_linear=0
shrinkage=0.04


Tree=19
num_leaves=15
num_cat=0
split_feature=51 62 31 52 16 64 39 84 19 61 84 73 90 75
split_gain=0.00259874 0.00366174 0.00426178 0.00334447 0.00306807 0.00304401 0.00276776 0.00299729 0.0027083 0.00361633 0.00310863 0.00296493 0.00447379 0.00330794
threshold=0.18677709407555146 0.18823529411764708 -0.058611723750207782 0.32769822675326782 0.016119733057727157 4.467707229629915 0.041777450636898535 0.48387002085660069 0.024658592844730095 -0.09410178904051289 0.021223287948237173 0.21579028793886693 4.4836973399657495e-12 -0.059423173862978011
decision_type=10 10 8 10 10 10 10 2 10 10 2 10 8 10
left_child=8 4 3 -3 -2 6 7 -5 10 -10 11 12 -1 -14
right_child=1 2 -4 5 -6 -7 -8 -9 9 -11 -12 -13 13 -15
leaf_value=0.00067092552054391218 0.00023303785050908727 0.00023626767145043875 -0.00039911231673930001 -0.00029862608597613872 -0.00033981469278492467 0.00022373866176184372 -0.00043246494067300642 0.00038558748340056763 -4.5677048702990369e-06 -0.00069895720020646149 -7.0303645396697412e-06 -0.00022271720226854085 -0.00015799276802378398 0.00041072796347240608
leaf_weight=33 21 287 23 20 52 53 35 21 28 21 7648 22 36 30
leaf_count=33 21 287 23 20 52 53 35 21 28 21 7648 22 36 30
internal_value=-1.342e-13 8.73034e-05 0.000130925 0.00016023 -0.000175021 -8.94038e-06 -0.000171203 5.18248e-05 -5.71749e-06 -0.000302163 -3.84778e-06 0.000197313 0.000290653 0.000100517
internal_weight=8330 512 439 416 73 129 76 41 7818 49 7769 121 99 66
internal_count=8330 512 439 416 73 129 76 41 7818 49 7769 121 99 66
is_linear=0
shrinkage=0.04


Tree=20
num_leaves=15
num_cat=0
split_feature=24 84 40 81 87 82 48 59 89 4 19 39 19 82
split_gain=0.00257531 0.00337175 0.00387877 0.00377197 0.00392892 0.00506216 0.00360531 0.00345417 0.00338272 0.00351552 0.00307987 0.00464125 0.00450145 0.00456334
threshold=0.010170193702163958 0.66634971800067777 -0.061316667543567065 0.77177715482401166 -0.4737175772367061 0.15865155239371401 -0.0058642684871549325 21753010753.146141 3.2937536486117036e-12 0.032257642619069056 0.019436993693217594 0.05366442350276391 0.019503145940905107 0.14864734248828335
decision_type=8 2 10 2 10 2 10 10 10 10 10 10 10 2
left_child=1 2 -1 4 5 -3 7 -4 -5 -10 11 -2 -12 -14
right_child=10 3 6 8 -6 -7 -8 -9 9 -11 12 -13 13 -15
leaf_value=0.00041472603996785788 -4.0924505884774328e-05 -0.00038213834835914895 2.7310397221585812e-05 -0.00023480701880306817 0.00058864421279784958 0.00050705326933114391 -0.00030160550881798068 -0.00044594197822734715 -0.00015833668410778046 0.00035650227748740845 0.00028188363512720357 -0.00039744969800813124 -8.5549713533475364e-05 2.4281402934392239e-05
leaf_weight=39 2221 20 1905 46 56 21 57 25 32 63 94 60 763 2928
leaf_count=39 2221 20 1905 46 56 21 57 25 32 63 94 60 763 2928
internal_value=2.10753e-13 3.64054e-05 1.96745e-05 0.000178828 0.000370819 7.33013e-05 1.19206e-05 2.11802e-05 4.675e-05 0.000183083 -1.35875e-05 -5.03026e-05 8.53859e-06 1.57722e-06
internal_weight=8330 2264 2026 238 97 41 1987 1930 141 95 6066 2281 3785 3691
internal_count=8330 2264 2026 238 97 41 1987 1930 141 95 6066 2281 3785 3691
is_linear=0
shrinkage=0.04


Tree=21
num_leaves=15
num_cat=0
split_feature=78 29 26 42 60 57 60 47 67 62 61 21 1 83
split_gain=0.00247891 0.00283331 0.00257091 0.00256199 0.00333667 0.00324464 0.0029187 0.00499545 0.00385781 0.00402183 0.00406368 0.00338892 0.00433857 0.0032686
threshold=0.0074971835743048451 0.011440493399609215 0.010807075238133207 0.0084274553038802286 -1.7084685140251576 839124130.53423059 1.2605853940972287 -0.007928714564077231 3.9078039700283012 0.91153846153846174 1.2260097500062226 0.015678672622340861 0.017042280042402939 0.43925414854503447
decision_type=8 10 8 10 8 10 10 10 10 10 10 10 10 2
left_child=3 2 -2 4 -1 -5 11 8 -8 -10 -11 13 -13 -7
right_child=1 -3 -4 5 -6 6 7 -9 9 10 -12 12 -14 -15
leaf_value=-0.00028926347153635147 -0.0006995979825034737 7.7835637473918748e-05 -9.1147944098338488e-05 -0.00044557874346577117 -1.2975074709870652e-05 8.2174853374199488e-05 -0.00029991851842867725 -0.00054698466694389934 -0.00022055638927518376 0.00065349194686859847 5.9454977375795487e-05 -1.0960836148540167e-05 -0.00039290040972727268 -3.3655743198788083e-05
leaf_weight=71 25 29 20 23 4672 2173 69 32 79 20 234 353 55 475
leaf_count=71 25 29 20 23 4672 2173 69 32 79 20 234 353 55 475
internal_value=1.03595e-13 -0.000230482 -0.000429176 2.06585e-06 -1.7111e-05 2.7957e-05 3.10777e-05 -6.59897e-05 -2.77016e-05 2.87038e-05 0.00010623 4.48628e-05 -6.24478e-05 6.13971e-05
internal_weight=8330 74 45 8256 4743 3513 3490 434 402 333 254 3056 408 2648
internal_count=8330 74 45 8256 4743 3513 3490 434 402 333 254 3056 408 2648
is_linear=0
shrinkage=0.04


Tree=22
num_leaves=15
num_cat=0
split_feature=84 0 66 34 31 53 43 66 73 36 44 75 24 55
split_gain=0.0024729 0.00446187 0.00602985 0.00417804 0.00462318 0.00268567 0.00397981 0.00445159 0.00459003 0.00410473 0.00389712 0.00364878 0.00549161 0.00457237
threshold=0.79597688732301897 0.025243360461675194 4.5538790850116326 -1.0000000180025095e-35 -0.17353526864693078 0.17502192353601445 0.10507593949496685 4.4763991116045654 0.12345269544979244 -0.049184506135430066 0.026298244369954638 -0.097159168850025165 0.01348968313563643 9140903393.0272503
decision_type=2 10 10 8 8 10 10 10 8 10 8 10 10 10
left_child=5 2 3 4 -2 6 7 8 11 -9 -10 -1 13 -13
right_child=1 -3 -4 -5 -6 -7 -8 9 10 -11 -12 12 -14 -15
leaf_value=8.5407514448238692e-05 -0.00068715782291422199 0.0001016075144729552 0.0002865353309923945 -0.00090462317163853543 -2.9664453233470505e-05 3.8390870320470006e-05 -2.797360461814806e-05 -0.00012377866294820816 -0.00044471443875227125 0.00041248593144118788 3.3958134296629897e-05 0.00056112329544128826 -3.981284909295263e-05 8.1079870314252646e-05
leaf_weight=263 28 74 23 23 44 2447 4604 264 30 25 293 114 54 44
leaf_count=263 28 74 23 23 44 2447 4604 264 30 25 293 114 54 44
internal_value=-1.63079e-13 -0.000141889 -0.00029459 -0.000435284 -0.000285356 3.34759e-06 -1.17202e-05 5.71212e-05 0.000105835 -7.7389e-05 -1.05006e-05 0.000184943 0.000308423 0.00042744
internal_weight=8330 192 118 95 72 8138 5691 1087 798 289 323 475 212 158
internal_count=8330 192 118 95 72 8138 5691 1087 798 289 323 475 212 158
is_linear=0
shrinkage=0.04


Tree=23
num_leaves=15
num_cat=0
split_feature=29 78 32 1 6 52 88 41 66 50 62 51 85 5
split_gain=0.00246234 0.00434908 0.00320233 0.0039014 0.00396713 0.00365965 0.00378175 0.0043566 0.00377649 0.00521687 0.00343479 0.00340484 0.00337656 0.00409255
threshold=0.013342864627815488 0.0028855609573402723 -0.13715103826268252 -0.057320353756331925 0.31045727931109884 0.009801729127546956 -0.34399445721804073 -0.050697668066316419 3.4779074825577467 -0.057661465105890423 0.59411764705882364 0.22180236919288801 1.0304043436034265 -0.02564721712571821
decision_type=8 8 8 10 10 10 10 10 10 8 10 10 10 10
left_child=2 -2 11 -4 5 -5 7 -7 9 -9 -6 12 -1 -14
right_child=1 -3 3 4 10 6 -8 8 -10 -11 -12 -13 13 -15
leaf_value=-1.7093951806757657e-05 -1.6326166538481833e-05 -0.00020502524167733495 -0.00050316969212144613 0.00055781653422551846 -0.00065487149586577131 0.00060467816943613189 1.6281951298654734e-05 0.00014568076573165232 0.00014344191343102069 -0.00055354434307739744 5.2687657447504104e-05 0.00021682094736258115 0.00049496452797978671 -2.0688666241630068e-05
leaf_weight=4797 1114 237 20 24 23 30 1168 38 622 31 21 106 46 53
leaf_count=4797 1114 237 20 24 23 30 1168 38 622 31 21 106 46 53
internal_value=-1.2303e-13 -4.94288e-05 9.56847e-06 5.26672e-05 5.83477e-05 6.69849e-05 6.07488e-05 0.000132784 0.000112296 -0.000168464 -0.000317173 -7.46597e-06 -1.23219e-05 0.000218908
internal_weight=8330 1351 6979 1977 1957 1913 1889 721 691 69 44 5002 4896 99
internal_count=8330 1351 6979 1977 1957 1913 1889 721 691 69 44 5002 4896 99
is_linear=0
shrinkage=0.04


Tree=24
num_leaves=15
num_cat=0
split_feature=84 16 41 42 78 27 87 29 27 38 60 85 56 71
split_gain=0.00237178 0.00296343 0.00426963 0.00380205 0.00247282 0.00304155 0.0024135 0.00592294 0.0052276 0.00391359 0.00427928 0.00523286 0.00388739 0.00477485
threshold=0.021223287948237173 0.016799791877613605 -0.020861922177349831 0.062203918850185842 0.0074971835743048451 0.011384479130755068 -0.65225881338065517 0.011815443657581842 0.0090181740240526127 -0.12347105414416197 -1.1068309762261335 0.2261139089393058 7388566021.715353 0.13809523809523813
decision_type=2 10 10 10 8 8 10 10 10 10 10 10 10 10
left_child=1 -1 -3 -4 6 -6 7 12 -9 -10 11 -11 -2 -14
right_child=4 2 3 -5 5 -7 -8 8 9 10 -12 -13 13 -15
leaf_value=0.00041892607718182264 2.7565409391448186e-05 0.00033870068917933263 -0.00061408415606076065 0.00011391476107140382 -0.00048226853938295361 3.4555765667131968e-05 -1.3595954939760382e-05 0.00038284502177124966 0.00045150102405725276 0.0005082996998135059 1.508441718952071e-05 -0.00015571585063029218 -0.00045450960747676634 -6.2800024916727368e-05
leaf_weight=48 957 38 22 24 38 35 6001 107 43 64 548 27 59 319
leaf_count=48 957 38 22 24 38 35 6001 107 43 64 548 27 59 319
internal_value=-9.15781e-14 0.000168206 2.49373e-05 -0.000234259 -2.70837e-06 -0.000234476 -6.26022e-07 3.60183e-05 0.000122905 8.21227e-05 5.72662e-05 0.000311284 -1.53327e-05 -0.00012394
internal_weight=8330 132 84 46 8198 73 8125 2124 789 682 639 91 1335 378
internal_count=8330 132 84 46 8198 73 8125 2124 789 682 639 91 1335 378
is_linear=0
shrinkage=0.04


Tree=25
num_leaves=15
num_cat=0
split_feature=40 100 22 1 8 63 85 66 84 40 76 1 74 85
split_gain=0.00231987 0.00367481 0.00508227 0.00374437 0.00357144 0.00470387 0.00417565 0.00381755 0.00421902 0.00339775 0.00392808 0.00383664 0.00333831 0.00312895
threshold=0.031280523424366831 3.5000000000000004 0.011053444584500778 -0.024270562612436649 -0.30979374914641528 0.35208333333333336 -0.99788524191859473 3.2970998782579612 0.31144410947465967 0.034828428077445912 -0.061906557218578288 -0.003568034590365587 0.014710433256834967 1.0304043436034265
decision_type=10 2 10 10 8 10 10 10 2 10 10 10 10 10
left_child=13 4 3 -3 5 -2 -6 8 -8 10 11 -9 -12 -1
right_child=1 2 -4 -5 6 -7 7 9 -10 -11 12 -13 -14 -15
leaf_value=-1.7616337469570879e-05 -8.6215707392861641e-05 -0.00028646816965192555 0.0007009241954543657 0.00038607295533573185 -0.00047849642250824862 0.00061985055838401114 -0.00065491370891255357 0.00031209667911753059 -4.4380471173843199e-05 1.7208020099714504e-05 0.00056583304934275261 -0.00041885276359540446 0.00014523619410788848 0.00016331408775290497
leaf_weight=5901 26 26 31 27 27 36 27 20 55 1846 52 27 72 157
leaf_count=5901 26 26 31 27 27 36 27 20 55 1846 52 27 72 157
internal_value=3.20419e-13 3.44691e-05 0.000294101 5.61471e-05 2.45015e-05 0.000323758 1.57743e-05 2.21323e-05 -0.00024541 3.3009e-05 0.000203586 -0.00010781 0.000321616 -1.29273e-05
internal_weight=8330 2272 84 53 2188 62 2126 2099 82 2017 171 47 124 6058
internal_count=8330 2272 84 53 2188 62 2126 2099 82 2017 171 47 124 6058
is_linear=0
shrinkage=0.04


Tree=26
num_leaves=15
num_cat=0
split_feature=29 78 48 74 53 80 63 46 55 27 31 7 32 47
split_gain=0.00228413 0.00394658 0.00314603 0.00361325 0.00404326 0.0031128 0.00300039 0.00581947 0.00550974 0.00508096 0.00433197 0.00514432 0.00417462 0.00404122
threshold=0.013342864627815488 0.0028855609573402723 -0.15949655510290253 0.011784864671888219 0.24994921718109955 0.031051288335774602 0.63114134542705991 0.4826346398639047 7827337886.5142508 0.010417526705655544 -0.12141636233188245 0.10365968251893788 -0.22460158232389729 -0.09097233409630516
decision_type=8 8 8 10 10 10 10 10 8 10 8 8 10 10
left_child=-1 6 -3 4 -4 -5 8 12 10 -9 -2 -12 -8 -13
right_child=1 2 3 5 -6 -7 7 9 -10 -11 11 13 -14 -15
leaf_value=9.2157166459043464e-06 0.00029164367417854238 -0.0006109939033810336 -0.00013913659953037236 -0.00023561179521493615 -0.00063716431234591743 0.00032942039911480005 -0.00018004040994936885 0.00028971272412066661 -0.00010089748581120585 -0.00012595995654936221 -0.000574375418946147 0.00026573561997859902 -0.00083800957227746654 -4.4198384868485103e-05
leaf_weight=6979 151 26 112 26 34 39 36 60 316 218 21 109 27 176
leaf_count=6979 151 26 112 26 34 39 36 60 316 218 21 109 27 176
internal_value=1.7282e-14 -4.76066e-05 -0.000195828 -0.00014467 -0.000255116 0.000103408 -1.60729e-05 -0.00011491 2.75278e-05 -3.62464e-05 0.000116329 2.98182e-05 -0.000462027 7.43378e-05
internal_weight=8330 1351 237 211 146 65 1114 341 773 278 457 306 63 285
internal_count=8330 1351 237 211 146 65 1114 341 773 278 457 306 63 285
is_linear=0
shrinkage=0.04


Tree=27
num_leaves=15
num_cat=0
split_feature=20 95 7 90 26 24 6 96 51 27 18 43 75 73
split_gain=0.00227917 0.00319902 0.00300919 0.00282241 0.00237016 0.00220672 0.00294051 0.00425299 0.00326825 0.00300267 0.00289658 0.00259741 0.00324072 0.00476129
threshold=0.022821390817359118 0.34166666666666673 -0.25746991382734097 4.8028690863193851e-12 0.007158510809339185 0.015775373495758412 -0.25145860187677155 0.39827586206896559 0.027763938923775492 0.0060149450877447974 0.019259319896719512 0.11720014347341699 0.10649712366807164 0.052172400682852123
decision_type=10 10 10 10 10 10 8 10 10 10 10 8 8 10
left_child=5 -2 3 -3 -4 6 7 8 9 -1 -9 -8 13 -13
right_child=1 2 4 -5 -6 -7 11 10 -10 -11 -12 12 -14 -15
leaf_value=-5.8765005902387205e-05 0.00021065209782682358 -0.00035213782894425095 -0.000693970375276845 0.00028537904769182206 -0.00022146515736694267 0.00037801623828709129 6.4397170818094817e-05 -0.00022306096582074781 -0.00038400431439556461 0.00053189669846601432 -0.00085333492234349246 -9.0587981151583456e-06 3.34766918001493e-05 -0.0001371857102234752
leaf_weight=40 30 20 29 25 41 25 1020 28 27 21 20 4056 2424 524
leaf_count=40 30 20 29 25 41 25 1020 28 27 21 20 4056 2424 524
internal_value=2.96436e-13 -0.0001572 -0.000253161 2.03821e-06 -0.000417217 2.78484e-06 1.63524e-06 -0.000182804 -1.7601e-05 0.000144578 -0.000485675 4.76132e-06 -3.92351e-06 -2.37179e-05
internal_weight=8330 145 115 45 70 8185 8160 136 88 61 48 8024 7004 4580
internal_count=8330 145 115 45 70 8185 8160 136 88 61 48 8024 7004 4580
is_linear=0
shrinkage=0.04


Tree=28
num_leaves=15
num_cat=0
split_feature=84 88 29 2 16 81 100 40 56 33 87 83 86 74
split_gain=0.00225889 0.00415382 0.00343158 0.00375951 0.00312144 0.0025016 0.00397473 0.00443486 0.00426398 0.00364549 0.00431435 0.00418245 0.00397274 0.00382752
threshold=0.79597688732301897 0.25892346974624286 0.011616659378343617 0.032588427475668043 0.019470150858436449 0.24891308387632996 3.5000000000000004 -0.01907639750846812 7360511487.7005091 0.01229420451686414 0.43374237519874831 0.21333956183204583 -0.28389067716623456 -0.014375049087960222
decision_type=2 8 10 10 8 2 2 10 10 8 8 2 8 10
left_child=5 2 -2 -4 -3 6 9 -8 -9 10 12 -12 -1 -14
right_child=1 4 3 -5 -6 -7 7 8 -10 -11 11 -13 13 -15
leaf_value=-0.00014038320592484407 0.00021721109103721878 -0.00079690710497310466 -0.00042312169360906579 0.00020179656644662221 -0.00020417536565219054 -8.446278337629107e-06 3.9212660670627726e-05 0.00021796794930549425 0.00077345374364857415 0.00025512138888652679 -0.00018416686448280848 0.00014155822915289505 0.00016333858748227337 -4.417853193422018e-08
leaf_weight=155 60 21 43 24 44 6379 118 67 33 101 285 81 442 477
leaf_count=155 60 21 43 24 44 6379 118 67 33 101 285 81 442 477
internal_value=1.89232e-13 -0.00013561 -2.50748e-06 -0.00019927 -0.000395673 3.19946e-06 4.54326e-05 0.000205298 0.000401278 2.28171e-05 6.5235e-06 -0.00011208 4.69415e-05 7.8536e-05
internal_weight=8330 192 127 67 65 8138 1759 218 100 1541 1440 366 1074 919
internal_count=8330 192 127 67 65 8138 1759 218 100 1541 1440 366 1074 919
is_linear=0
shrinkage=0.04


Tree=29
num_leaves=15
num_cat=0
split_feature=84 16 41 42 78 24 75 80 59 77 59 90 75 55
split_gain=0.002184 0.0027024 0.00391723 0.00347169 0.0023078 0.00229413 0.00339174 0.0044609 0.00497767 0.00337804 0.00564943 0.00353657 0.00320817 0.00314131
threshold=0.021223287948237173 0.016799791877613605 -0.020861922177349831 0.062203918850185842 0.0082698890721880653 0.010170193702163958 0.25199661140122581 0.015508582369212298 5142799804.8786802 -0.019264941992520931 21150031504.590439 3.967923760646151e-12 0.27910687753796198 6088253466.4715567
decision_type=2 10 10 10 10 8 10 10 10 2 10 10 10 8
left_child=1 -1 -3 -4 5 6 7 8 -2 11 -11 -9 -8 -7
right_child=4 2 3 -5 -6 13 12 9 -10 10 -12 -13 -14 -15
leaf_value=0.00040083358685175574 -0.00021026220996505938 0.00032513292383794723 -0.00058662142975001851 0.00010903104247214893 -0.00034707249179782889 1.3483789968706695e-05 0.0004016132700249612 0.00034449216130408728 0.00043091716686735469 -1.5314965684214061e-05 -0.00059917178574121668 1.0606641079513273e-05 9.0113617196700278e-05 -4.4691120621522444e-05
leaf_weight=48 26 38 22 24 31 3119 63 85 76 1480 27 126 330 2835
leaf_count=48 26 38 22 24 31 3119 63 85 76 1480 27 126 330 2835
internal_value=4.21697e-13 0.00016141 2.45967e-05 -0.000223672 -2.59894e-06 -1.2914e-06 3.34824e-05 1.04711e-05 0.000267479 -4.78784e-06 -2.57756e-05 0.00014511 0.000140049 -1.42162e-05
internal_weight=8330 132 84 46 8198 8167 2213 1820 102 1718 1507 211 393 5954
internal_count=8330 132 84 46 8198 8167 2213 1820 102 1718 1507 211 393 5954
is_linear=0
shrinkage=0.04


Tree=30
num_leaves=15
num_cat=0
split_feature=84 0 66 34 31 83 45 10 65 87 22 86 29 65
split_gain=0.00208787 0.00389684 0.00538086 0.00385968 0.00416058 0.00237319 0.00424073 0.00449584 0.00598219 0.00402294 0.00543901 0.00378459 0.00358933 0.00356705
threshold=0.79597688732301897 0.025243360461675194 4.5538790850116326 -1.0000000180025095e-35 -0.17353526864693078 0.30059620771212009 0.97705867283436409 -0.038413696772507604 4.0016625997233461 -0.74674983369068682 0.006880783580983805 -0.14155329215680695 0.013582549195156376 2.8807679485788689
decision_type=2 10 10 8 8 2 10 8 10 8 10 10 10 8
left_child=5 2 3 4 -2 9 7 8 -7 10 -1 -12 -10 -9
right_child=1 -3 -4 -5 -6 6 -8 13 12 -11 11 -13 -14 -15
leaf_value=-0.00016706435879346279 -0.00064305511935214916 9.7181282471865414e-05 0.0002758811891797687 -0.000857091651338598 -1.9323218187888744e-05 0.00045851562943625301 -0.00039422965802562738 -0.0002636154014774603 0.00010206929203559413 2.4662867560664119e-06 -5.052003715370926e-06 0.00018011885836308365 -0.00049704050435684624 -1.8794819600691379e-05
leaf_weight=113 28 74 23 23 44 73 48 98 80 3476 246 626 20 3358
leaf_count=113 28 74 23 23 44 73 48 98 80 3476 246 626 20 3358
internal_value=-1.14251e-13 -0.000130376 -0.000273081 -0.000405988 -0.000261886 3.07596e-06 -2.07163e-05 -1.5776e-05 0.000183216 2.26869e-05 9.4044e-05 0.00012788 -1.77527e-05 -2.57371e-05
internal_weight=8330 192 118 95 72 8138 3677 3629 173 4461 985 872 100 3456
internal_count=8330 192 118 95 72 8138 3677 3629 173 4461 985 872 100 3456
is_linear=0
shrinkage=0.04


Tree=31
num_leaves=15
num_cat=0
split_feature=40 30 22 66 85 20 20 19 65 85 85 28 72 65
split_gain=0.00208626 0.00344469 0.00325307 0.00433701 0.00373991 0.0035047 0.0048653 0.00354503 0.00338449 0.00299057 0.00409221 0.00315978 0.0048129 0.00390007
threshold=0.031280523424366831 -0.090468656576722081 0.0092082492547806757 3.3212102235135146 -0.43803571901398547 0.019546542309809317 0.02036200472319135 0.01918574034707746 4.0632642336003242 1.0304043436034265 1.0704812669112516 0.0081498680597820519 0.98125000000000007 4.6368369800518137
decision_type=10 10 10 8 10 8 8 10 10 10 10 10 10 10
left_child=9 -2 3 -3 5 7 -7 -4 -8 11 -11 12 -1 -13
right_child=1 2 4 -5 -6 6 8 -9 -10 10 -12 13 -14 -15
leaf_value=5.9858069741524339e-05 0.00026846293413300854 -0.0004063551749843302 -0.00012379869137767632 -6.2046691918409587e-06 0.00011547457217693708 0.00038233305118575859 -0.00046318108426226726 -0.0007378973748113606 0.00012789108730371923 0.00062929265275597573 7.1167384250491687e-05 -9.665462761550042e-06 -0.00045405509889436267 -9.2269831079747942e-05
leaf_weight=1038 95 45 53 1173 779 44 31 21 31 25 132 3608 30 1225
leaf_count=1038 95 45 53 1173 779 44 31 21 31 25 132 3608 30 1225
internal_value=1.45621e-13 3.26875e-05 2.23988e-05 -2.09886e-05 7.75038e-05 -8.68251e-05 6.06478e-05 -0.00029807 -0.000167645 -1.22592e-05 0.000160041 -1.68433e-05 4.54223e-05 -3.06028e-05
internal_weight=8330 2272 2177 1218 959 180 106 74 62 6058 157 5901 1068 4833
internal_count=8330 2272 2177 1218 959 180 106 74 62 6058 157 5901 1068 4833
is_linear=0
shrinkage=0.04


Tree=32
num_leaves=15
num_cat=0
split_feature=29 43 31 1 55 83 70 6 61 27 51 74 83 26
split_gain=0.00208241 0.00375243 0.00557557 0.00410973 0.00416503 0.00342844 0.00431546 0.00332125 0.00384884 0.00328849 0.00312004 0.00475705 0.00351618 0.00406763
threshold=0.013342864627815488 0.35033445042371686 -0.095039967109889309 -0.03194713340518545 8814222054.6133404 0.25366780818388152 0.2076156015800362 -1.0000000180025095e-35 0.56053683535076892 0.0065736477040837472 0.10125745310308133 -0.15095071524593182 0.35490856409792138 0.0056999033024778345
decision_type=8 8 10 8 10 2 8 8 10 10 10 10 2 10
left_child=-1 2 3 5 7 6 -2 8 -5 -9 12 -12 13 -3
right_child=1 10 -4 4 -6 -7 -8 9 -10 -11 11 -13 -14 -15
leaf_value=8.799362391124328e-06 -0.00054197475441138847 -0.00014300976364411635 -0.00079836912278551607 -0.0001085618925604245 -0.00040868467402852779 0.00036922126595692877 0.00015866507465640706 0.00043934274751406449 -0.00077546103484928608 -6.8351437662434028e-05 -0.00031739578505696745 -8.2869991384982685e-06 -7.3975516764237679e-05 0.00022785372493489526
leaf_weight=6979 22 59 20 45 95 44 39 26 20 95 101 377 169 239
leaf_count=6979 22 59 20 45 95 44 39 26 20 95 101 377 169 239
internal_value=6.67987e-14 -4.54558e-05 -0.000147161 -0.000113419 -0.000193203 0.000100097 -9.40247e-05 -8.31451e-05 -0.000313762 4.07399e-05 -1.76039e-06 -7.36008e-05 7.17722e-05 0.000154428
internal_weight=8330 1351 406 386 281 105 61 186 65 121 945 478 467 298
internal_count=8330 1351 406 386 281 105 61 186 65 121 945 478 467 298
is_linear=0
shrinkage=0.04


Tree=33
num_leaves=15
num_cat=0
split_feature=42 60 57 84 22 39 69 82 46 31 66 8 61 50
split_gain=0.00210362 0.00303091 0.00288703 0.00284847 0.00278849 0.00440212 0.00359191 0.0061504 0.00446611 0.00394427 0.00343391 0.00442635 0.00680787 0.00356259
threshold=0.0084274553038802286 -1.7084685140251576 839124130.53423059 0.50982147771841058 0.009165107864625854 0.015289509947350901 0.75737730409705584 0.083241876742321155 0.66934494679420276 -0.12141636233188245 4.2459677947117891 -0.030437373605381898 0.70150593222357516 -0.123009972752731
decision_type=10 8 10 2 8 10 10 2 8 10 8 10 10 10
left_child=1 3 -2 -1 10 -6 9 -8 -9 -7 11 13 -13 -3
right_child=2 4 -4 -5 5 6 7 8 -10 -11 -12 12 -14 -15
leaf_value=-0.00045208247268419655 -0.00042333887242104696 -0.00010999631704316289 2.6270666563817022e-05 8.9307729883686358e-05 -1.5242960953706014e-05 0.00023136531531625743 -0.00067591964473566891 -9.9547406621538457e-05 0.0003791873068522281 -4.6512265080646437e-05 8.7646422912977737e-06 -0.00016560331680617917 -0.00092074008730168527 0.00017960149046733644
leaf_weight=48 23 643 3522 23 2617 336 22 107 44 108 663 72 26 76
leaf_count=48 23 643 3522 23 2617 336 22 107 44 108 663 72 26 76
internal_value=1.88573e-14 -1.73017e-05 2.33536e-05 -0.000276703 -1.33947e-05 7.41714e-06 0.00010353 -5.10842e-05 3.99515e-05 0.000163773 -5.88714e-05 -0.000113758 -0.000365946 -7.93851e-05
internal_weight=8330 4785 3545 71 4714 3234 617 173 151 444 1480 817 98 719
internal_count=8330 4785 3545 71 4714 3234 617 173 151 444 1480 817 98 719
is_linear=0
shrinkage=0.04


Tree=34
num_leaves=15
num_cat=0
split_feature=20 4 38 2 84 84 67 1 65 83 45 10 65 98
split_gain=0.0020442 0.0030424 0.00307403 0.00266482 0.00207753 0.00199532 0.00311516 0.00358571 0.00377833 0.00218854 0.00384489 0.00458617 0.00493601 0.00375492
threshold=0.022821390817359118 -0.068575985322729557 -0.16600787271137621 -0.011083403516524757 0.40851348057345399 0.021223287948237173 4.035390902480942 -0.012435383260879116 4.4101137255232308 0.30059620771212009 0.97705867283436409 -0.038413696772507604 4.0016625997233461 0.45049019607843144
decision_type=10 10 10 10 2 2 10 10 10 2 10 8 10 8
left_child=5 2 4 -3 -2 6 -1 -8 -9 -7 11 12 -11 -13
right_child=1 3 -4 -5 -6 9 7 8 -10 10 -12 13 -14 -15
leaf_value=-0.00015612850056236817 0.0005357300613208541 -0.00055073822442537699 -0.00033018071752105078 -8.887338517347306e-05 -2.0489662896249106e-05 1.847842469175121e-05 0.00074193543754518031 0.00041127061519103173 -0.00017518035456305371 0.00044522279040024113 -0.00037910632177954543 4.7830965204470143e-05 1.6858883160845532e-06 -5.2645054670466669e-05
leaf_weight=36 21 39 22 41 22 4544 21 39 32 69 48 779 96 2521
leaf_count=36 21 39 22 41 22 4544 21 39 32 69 48 779 96 2521
internal_value=-6.8621e-14 -0.000148876 5.43936e-05 -0.000314032 0.000251153 2.63739e-06 0.000159327 0.000282766 0.000146955 1.48097e-07 -2.35618e-05 -1.86365e-05 0.000187165 -2.89266e-05
internal_weight=8330 145 65 80 43 8185 128 92 71 8057 3513 3465 165 3300
internal_count=8330 145 65 80 43 8185 128 92 71 8057 3513 3465 165 3300
is_linear=0
shrinkage=0.04


Tree=35
num_leaves=15
num_cat=0
split_feature=51 62 31 52 40 57 61 6 64 5 0 67 38 61
split_gain=0.00197771 0.00331862 0.00385906 0.00285196 0.00278284 0.00273071 0.00282642 0.00272254 0.00429106 0.00259275 0.00401546 0.00476906 0.0048425 0.00317974
threshold=0.18677709407555146 0.18823529411764708 -0.058611723750207782 0.32769822675326782 0.097889828849693564 5844126369.3907518 -0.16033838825595831 0.22800497567080372 4.6664983486919702 0.10804155235721159 -0.011520454561399494 4.1738154309053908 0.20296534895991672 2.0598081579053611
decision_type=10 10 8 10 10 10 10 10 10 10 8 10 8 10
left_child=9 4 3 7 -2 -5 -7 -3 -9 13 -11 12 -12 -1
right_child=1 2 -4 5 -6 6 -8 8 -10 10 11 -13 -14 -15
leaf_value=2.696178563736449e-06 3.8606247842489258e-05 0.00015111942293846774 -0.00038668400850956852 -0.0003860056965611875 -0.00046103736806300382 0.0004709147078835446 -3.1530538654345789e-05 0.00068864173804929413 -1.4489782818903526e-05 0.00012832775760519629 -0.00046034958477305098 -2.200093857113116e-05 -5.9345182962715625e-05 -0.00049022037979392784
leaf_weight=7259 42 225 23 25 31 23 81 41 21 108 113 233 84 21
leaf_count=7259 42 225 23 25 31 23 81 41 21 108 113 233 84 21
internal_value=3.51325e-13 7.61609e-05 0.000117688 0.000145574 -0.000173571 -1.0644e-05 7.95872e-05 0.000215791 0.000450484 -4.98777e-06 -8.97236e-05 -0.00014449 -0.000289363 1.2743e-06
internal_weight=8330 512 439 416 73 129 104 287 62 7818 538 430 197 7280
internal_count=8330 512 439 416 73 129 104 287 62 7818 538 430 197 7280
is_linear=0
shrinkage=0.04


Tree=36
num_leaves=15
num_cat=0
split_feature=6 49 75 78 29 42 87 68 67 28 15 2 68 28
split_gain=0.00197047 0.0045811 0.00335955 0.00540648 0.00327484 0.00325791 0.00323327 0.00463602 0.00452431 0.00311841 0.00353373 0.00518299 0.00407972 0.00396206
threshold=0.11762447304225267 -0.058024460244624924 0.45895981299360161 0.00033993405476473454 0.010613707172462865 0.36007914375817002 -1.2626009148708108 4.3338710218834038 3.9827744866588723 0.0081498680597820519 0.010508756463438391 -0.026137992352589897 3.9736357078426763 0.0062493448143820102
decision_type=10 10 10 10 10 10 8 10 8 8 10 10 8 10
left_child=5 -2 4 -4 -3 6 7 8 -1 10 11 -8 -13 -14
right_child=1 2 3 -5 -6 -7 9 -9 -10 -11 -12 12 13 -15
leaf_value=0.00010063077941035421 0.00019599848074181437 -0.00033686173469242125 -0.00012966346291994507 0.00071507482272055423 1.0385910581117274e-05 -0.00041864371520557235 0.00045580670507413081 0.00022295298210034769 -0.000519750724779442 -1.4631518558969059e-05 0.00010281356055472417 0.00026045685226563366 -0.00074557584155207645 -0.00017448282428690558
leaf_weight=26 253 45 22 27 1265 31 22 30 68 5687 727 24 26 77
leaf_count=26 253 45 22 27 1265 31 22 30 68 5687 727 24 26 77
internal_value=-1.38518e-13 3.97155e-05 1.06209e-05 0.000335805 -1.54244e-06 -9.52984e-06 -7.63324e-06 -0.000209984 -0.000348156 -3.81006e-06 6.64429e-05 -0.000111016 -0.000209206 -0.000318642
internal_weight=8330 1612 1359 49 1310 6718 6687 124 94 6563 876 149 127 103
internal_count=8330 1612 1359 49 1310 6718 6687 124 94 6563 876 149 127 103
is_linear=0
shrinkage=0.04


Tree=37
num_leaves=15
num_cat=0
split_feature=29 78 75 22 81 69 69 63 42 80 55 31 7 35
split_gain=0.0019452 0.00352682 0.00290384 0.00323779 0.00283912 0.00433689 0.00284858 0.00274662 0.00511294 0.00494642 0.00479173 0.00397489 0.00455505 0.00356715
threshold=0.013342864627815488 0.0028855609573402723 -0.24868392094690703 0.014039857153418015 0.048328343366081841 0.42093836336612417 -0.3329734676928669 0.63114134542705991 0.11953412329593306 0.021012551635658936 7827337886.5142508 -0.12141636233188245 0.10365968251893788 -0.049299877078199654
decision_type=8 8 8 10 2 8 10 10 10 10 8 8 8 10
left_child=4 7 -3 -4 5 6 -1 10 9 -9 11 -2 -13 -14
right_child=1 2 3 -5 -6 -7 -8 8 -10 -11 -12 12 13 -15
leaf_value=-0.00025795269265977875 0.00027833975231682034 -0.0005518375745547625 -5.4526327722193119e-05 -0.00045908589698135472 1.135425320590691e-05 -0.0006514110318116415 0.00030463896032112344 0.00034826163607067431 6.5054722987608804e-05 -0.00031677112667581673 -9.2172468551935598e-05 -0.00054099965485788527 0.00031511314824866264 -1.2082094376935041e-05
leaf_weight=36 151 30 168 39 6893 26 24 20 151 170 316 21 71 214
leaf_count=36 151 30 168 39 6893 26 24 20 151 170 316 21 71 214
internal_value=-2.60626e-13 -4.39328e-05 -0.00018405 -0.000130748 8.50454e-06 -0.000219903 -3.2916e-05 -1.41233e-05 -0.000108688 -0.000246768 2.75929e-05 0.000110407 2.75375e-05 6.94297e-05
internal_weight=8330 1351 237 207 6979 86 60 1114 341 190 773 457 306 285
internal_count=8330 1351 237 207 6979 86 60 1114 341 190 773 457 306 285
is_linear=0
shrinkage=0.04


Tree=38
num_leaves=15
num_cat=0
split_feature=25 36 37 18 60 55 75 28 41 56 89 56 96 7
split_gain=0.00191603 0.00383392 0.00557938 0.00407982 0.00313479 0.00342569 0.00312034 0.00418332 0.00391511 0.00383459 0.00491229 0.00470967 0.00347344 0.00544117
threshold=0.011184697758330512 0.11236094978292023 0.14494798407412615 0.022767501170608991 -0.16558441309658331 6877259635.467742 0.056502433239788437 0.0081992264535635708 -0.058894700264339177 5711065577.9478273 8.4496192899577371e-12 5627000177.142786 0.42980295566502463 -0.058273898574854703
decision_type=8 10 10 10 10 10 10 10 10 10 10 10 10 10
left_child=6 -2 -3 4 5 -4 7 8 -1 11 12 -9 13 -11
right_child=1 2 3 -5 -6 -7 -8 9 -10 10 -12 -13 -14 -15
leaf_value=0.00070029817920710361 -2.3329084652040081e-05 0.00053104415739653628 5.5834458830455937e-05 -0.00048087753880064976 -4.5176414050496155e-05 0.00068314269883558161 6.874619953028171e-05 3.0916030039461417e-05 0.00011167273005972116 -1.1682388743523646e-05 -0.0006895695568528026 0.00059065194912254811 -7.9384304831691665e-05 0.000626817586639061
leaf_weight=21 4711 48 30 21 78 26 1405 634 130 81 20 25 1071 29
leaf_count=21 4711 48 30 21 78 26 1405 634 130 81 20 25 1071 29
internal_value=9.36266e-14 -1.59948e-05 0.00015421 3.75133e-05 0.000118754 0.000347085 2.3009e-05 -8.94568e-06 0.000193535 -2.53836e-05 -6.79272e-05 5.21503e-05 -5.73998e-05 0.000156649
internal_weight=8330 4914 203 155 134 56 3416 2011 151 1860 1201 659 1181 110
internal_count=8330 4914 203 155 134 56 3416 2011 151 1860 1201 659 1181 110
is_linear=0
shrinkage=0.04


Tree=39
num_leaves=15
num_cat=0
split_feature=78 68 28 100 68 78 68 5 40 43 78 1 16 19
split_gain=0.00188729 0.00269815 0.00318211 0.00197388 0.00523417 0.00459188 0.00537703 0.00495946 0.00421511 0.00567308 0.00372877 0.00320031 0.00317426 0.00294116
threshold=0.0074971835743048451 4.0870018320421089 0.012295453174126369 3.5000000000000004 4.1186652637755179 -0.0019220426472948413 4.2670077698444944 -0.027299385827740216 0.0099742487805499786 0.12086206625728539 -0.0023750374388082913 -0.040439676292735031 0.016856594815593286 0.021353800559222678
decision_type=8 8 8 2 10 10 8 10 10 10 10 10 10 10
left_child=3 -2 -3 -1 8 10 13 -8 9 11 -6 -5 -13 -7
right_child=1 2 -4 4 5 6 7 -9 -10 -11 -12 12 -14 -15
leaf_value=-3.1739560905629806e-06 0.00015855867678866439 -0.00066119876207300908 -2.8182053162405886e-05 0.00064500008476898075 -0.00012126015042358975 -1.0493499356979396e-05 6.8465465106844398e-05 0.00059162573453017272 0.0005510577711470004 -0.00035434228422430653 -0.000762250377330929 0.00047228844301706109 -8.1080001765194751e-05 -0.00046040609260671771
leaf_weight=7754 23 27 24 27 53 85 89 43 53 30 20 27 43 32
leaf_count=7754 23 27 24 27 53 85 89 43 53 30 20 27 43 32
internal_value=-3.89207e-13 -0.000201107 -0.000363309 1.80255e-06 7.86708e-05 -1.78988e-05 6.38891e-05 0.000238889 0.000251423 0.000126379 -0.000296874 0.000275055 0.000132362 -0.000133547
internal_weight=8330 74 51 8256 502 322 249 132 180 127 73 97 70 117
internal_count=8330 74 51 8256 502 322 249 132 180 127 73 97 70 117
is_linear=0
shrinkage=0.04


Tree=40
num_leaves=15
num_cat=0
split_feature=20 95 7 90 26 24 6 96 51 27 73 8 60 27
split_gain=0.00188956 0.00277054 0.00255094 0.0025075 0.00200756 0.00196924 0.00267047 0.00394184 0.00298578 0.00272332 0.00262903 0.00249278 0.00482726 0.00460515
threshold=0.022821390817359118 0.34166666666666673 -0.25746991382734097 4.8028690863193851e-12 0.007158510809339185 0.015775373495758412 -0.25145860187677155 0.39827586206896559 0.027763938923775492 0.0060149450877447974 -0.01288997798967184 -0.29526701603452044 -0.83611399829675404 0.013303247110493207
decision_type=10 10 10 10 10 10 8 10 10 10 10 8 10 10
left_child=5 -2 3 -3 -4 6 7 8 9 -1 -9 12 13 -8
right_child=1 2 4 -5 -6 -7 11 10 -10 -11 -12 -13 -14 -15
leaf_value=-5.3912658360786733e-05 0.00019919741204163681 -0.000331305036903359 -0.00063819270661293439 0.00026959371082484722 -0.00020332949852184732 0.0003570016995072365 -1.066197676672822e-05 -0.00073820700904784293 -0.00036548309778380725 0.00050860303570516414 -0.00014407839488492092 -1.2755517814413565e-06 0.00016529770480065549 -0.00064713136398826131
leaf_weight=40 30 20 29 25 41 25 105 26 27 21 22 7531 366 22
leaf_count=40 30 20 29 25 41 25 105 26 27 21 22 7531 366 22
internal_value=-2.73041e-13 -0.000143134 -0.000232438 2.5276e-06 -0.000383487 2.53567e-06 1.44968e-06 -0.000174316 -1.52714e-05 0.00013974 -0.000465898 4.42876e-06 9.15671e-05 -0.000120917
internal_weight=8330 145 115 45 70 8185 8160 136 88 61 48 8024 493 127
internal_count=8330 145 115 45 70 8185 8160 136 88 61 48 8024 493 127
is_linear=0
shrinkage=0.04


Tree=41
num_leaves=15
num_cat=0
split_feature=42 70 48 61 81 43 57 36 23 43 73 67 78 17
split_gain=0.00184431 0.00294535 0.00345445 0.00334166 0.00391295 0.00312173 0.0028699 0.0028443 0.00555221 0.00618088 0.00417668 0.0037696 0.00343043 0.00328159
threshold=0.023120304131814765 1.5092003273952352 -0.029591757525054215 -0.92789906734282435 0.22458365433684932 0.35524868369301366 839124130.53423059 -0.035674619949664803 0.011696658545284655 0.3011155810024943 -0.36734006906658934 3.6387491017206357 -0.0033713548809856659 0.017630729116465748
decision_type=10 10 10 10 2 10 10 10 10 10 10 10 10 10
left_child=1 -1 3 -3 -5 -6 -2 8 9 12 -10 -12 -8 -13
right_child=6 2 -4 4 5 -7 7 -9 10 -11 11 13 -14 -15
leaf_value=-8.6074732077320246e-06 -0.00044296414092449208 -0.00039176220661718206 -0.00062058875661181372 -0.00046105088030274673 0.00030903495576543112 -8.8729074739507942e-05 -0.00026200873089865561 8.9405241232244635e-06 0.00045216091248827673 0.00087371339883517336 0.00048928756926519177 -0.00052628662018105391 0.00030890209212050063 -1.3691481614893947e-07
leaf_weight=4789 21 49 23 26 54 76 21 2712 36 27 24 20 85 367
leaf_count=4789 21 49 23 26 54 76 21 2712 36 27 24 20 85 367
internal_value=1.691e-13 -1.52948e-05 -0.000155758 -0.000103606 -1.30952e-05 7.6496e-05 2.31615e-05 2.61349e-05 0.000106534 0.000333419 3.90262e-05 2.83923e-06 0.000195797 -2.73281e-05
internal_weight=8330 5017 228 205 156 130 3313 3292 580 133 447 411 106 387
internal_count=8330 5017 228 205 156 130 3313 3292 580 133 447 411 106 387
is_linear=0
shrinkage=0.04


Tree=42
num_leaves=15
num_cat=0
split_feature=84 16 44 7 35 51 14 40 63 37 82 45 87 29
split_gain=0.00181812 0.00240878 0.00347762 0.00409594 0.00300033 0.00203383 0.00340923 0.00301014 0.00248405 0.00313563 0.0031049 0.00239755 0.00213183 0.00557775
threshold=0.021223287948237173 0.016799791877613605 0.41625450459120988 0.1269412249006823 -0.04689529950740428 0.29904924943815264 -0.19326191831772241 0.13949557033560248 0.38678861788617896 0.14494798407412615 0.14017398201524775 0.94183831295961296 -0.65225881338065517 0.011780538558209742
decision_type=2 10 10 8 10 10 8 10 10 10 2 10 10 10
left_child=1 -1 4 -4 -3 6 7 8 11 -10 -11 -2 13 -8
right_child=5 2 3 -5 -6 -7 12 -9 9 10 -12 -13 -14 -15
leaf_value=0.00037331360198246936 -0.0002719319779080925 -5.8392179431393747e-05 -0.00057959728583227847 0.00019547576177865269 0.00063446654006838799 -0.00032575157771427783 -1.9216692564522103e-05 -0.00027660565090958369 0.00071946115614846342 -0.0002268483864609152 0.00033407080629840489 0.0002662299772223028 -1.7439800172049609e-05 0.00011776877878479796
leaf_weight=48 27 20 24 20 20 31 1331 22 25 20 75 26 5901 740
leaf_count=48 27 20 24 20 20 31 1331 22 25 20 75 26 5901 740
internal_value=3.10634e-13 0.000147271 1.81032e-05 -0.000227291 0.000288037 -2.37128e-06 -1.1438e-06 0.000164099 0.000220143 0.000320874 0.000215983 -7.928e-06 -5.18575e-06 2.97303e-05
internal_weight=8330 132 84 44 40 8198 8167 195 173 120 95 53 7972 2071
internal_count=8330 132 84 44 40 8198 8167 195 173 120 95 53 7972 2071
is_linear=0
shrinkage=0.04


Tree=43
num_leaves=15
num_cat=0
split_feature=84 88 8 16 0 81 86 67 78 60 15 15 82 63
split_gain=0.00179878 0.00360898 0.00307967 0.00276089 0.00252785 0.00207393 0.00359387 0.00376009 0.00323319 0.00487129 0.00376189 0.00539265 0.0037364 0.00400358
threshold=0.79597688732301897 0.25892346974624286 -0.17952582369493345 0.019470150858436449 0.024397628441168665 0.24891308387632996 -0.1524740152422317 3.6119775400016629 0.0031625809487380034 0.27056511699062263 0.034000357421299858 0.033035605447910454 0.54258174472832088 0.99166666666666681
decision_type=2 8 10 8 8 2 10 10 8 8 8 10 2 8
left_child=5 2 -2 -3 -4 6 -1 -8 10 -10 11 -7 13 -11
right_child=1 3 4 -5 -6 8 7 -9 9 12 -12 -13 -14 -15
leaf_value=-4.6826152631354579e-05 0.00027358797635480933 -0.00074077180786324406 -0.00032886186333295575 -0.00018332267386457799 0.00011815065315126308 4.9649212538952956e-06 0.0004812093998366941 6.6335807662770208e-05 -0.00016274635481163479 5.4799943596428947e-05 -0.00021516920393161294 0.00045471074438632226 0.00054678742685133506 -0.00031615664316500032
leaf_weight=521 44 21 48 44 35 5344 36 1202 490 303 123 43 21 55
leaf_count=521 44 21 48 44 35 5344 36 1202 490 303 123 43 21 55
internal_value=1.43607e-13 -0.000121014 3.05334e-06 -0.000363422 -0.000140363 2.85508e-06 4.13091e-05 7.84e-05 -7.74857e-06 -7.94562e-05 3.56067e-06 8.55487e-06 2.82277e-05 -2.19059e-06
internal_weight=8330 192 127 65 83 8138 1759 1238 6379 869 5510 5387 379 358
internal_count=8330 192 127 65 83 8138 1759 1238 6379 869 5510 5387 379 358
is_linear=0
shrinkage=0.04


Tree=44
num_leaves=15
num_cat=0
split_feature=82 18 68 83 83 85 57 90 41 26 18 43 2 35
split_gain=0.00172794 0.00367274 0.00359858 0.00360203 0.00450246 0.0047175 0.0054163 0.00618583 0.00439905 0.00415813 0.00415676 0.00395771 0.00512031 0.00379435
threshold=0.15061408227036152 0.015422170903444506 4.7079717984243628 0.12268792697683505 0.25886701472817869 -0.25931257272015534 5211086909.6107168 7.7462305783314151e-12 -0.043490160445194707 0.0039636048730506057 0.021957179021654737 0.8136566584550019 0.034041579048879618 -0.02459793327278564
decision_type=2 8 10 2 2 8 10 8 10 8 10 10 10 10
left_child=1 -1 3 -3 8 11 9 10 -5 -7 -8 13 -13 -6
right_child=-2 2 -4 4 5 6 7 -9 -10 -11 -12 12 -14 -15
leaf_value=0.00038108846694795472 9.0543255731820259e-06 -0.00018932400813526142 -0.00044636188573869213 -9.1929977487817367e-05 -0.00035589301152466255 -0.00038529952749377118 5.3051712282951358e-06 -0.00060380589204321632 0.00017382249705313454 0.00022167573726150178 -0.00038048179995944255 -0.00088676198743217229 -6.050048418165673e-05 -2.0756073943019372e-06
leaf_weight=33 6680 213 35 146 77 20 361 34 314 186 51 28 21 131
leaf_count=33 6680 213 35 146 77 20 361 34 314 186 51 28 21 131
internal_value=1.03331e-13 -3.66563e-05 -4.51817e-05 -3.6306e-05 -1.24983e-05 -6.41019e-05 -6.89127e-06 -8.5244e-05 8.9475e-05 0.000162746 -4.245e-05 -0.000209243 -0.00053265 -0.000133056
internal_weight=8330 1650 1617 1582 1369 909 652 446 460 206 412 257 49 208
internal_count=8330 1650 1617 1582 1369 909 652 446 460 206 412 257 49 208
is_linear=0
shrinkage=0.04


Tree=45
num_leaves=15
num_cat=0
split_feature=20 4 38 2 78 1 73 68 70 70 17 27 31 64
split_gain=0.00170841 0.00263984 0.00264542 0.00234469 0.00201542 0.00180527 0.00443826 0.0049097 0.00413368 0.00363119 0.00402173 0.0034183 0.00400698 0.00333328
threshold=0.022821390817359118 -0.068575985322729557 -0.1639545748057967 -0.011083403516524757 0.00016029534212524957 0.019951855590150339 -0.042727944575542624 4.3393168712637378 -0.4140301186869903 -0.49399776260917183 0.01672317097451459 0.0083696377886499206 -0.27216302087910071 4.8017417272714527
decision_type=10 10 10 10 10 10 8 10 8 10 10 8 8 10
left_child=5 2 4 -3 -2 -1 7 -7 9 10 -8 13 -13 -10
right_child=1 3 -4 -5 -6 6 8 -9 11 -11 -12 12 -14 -15
leaf_value=1.3015652115933467e-05 0.0005095411724011813 -0.00051197534444956828 -0.00032952901678800123 -7.8740862578653343e-05 -2.7037312150544798e-05 -4.1249386719987255e-05 0.00044982310105115179 -0.00025802163109082081 -0.00047652114187275957 0.00062313152646476574 4.722041452504924e-05 0.00042338948312328393 -2.8939853387920604e-05 7.3116052188669086e-05
leaf_weight=6207 21 39 20 41 24 612 45 230 51 22 337 33 621 27
leaf_count=6207 21 39 20 41 24 612 45 230 51 22 337 33 621 27
internal_value=-1.90765e-14 -0.0001361 5.32444e-05 -0.000289943 0.000223366 2.41106e-06 -3.08663e-05 -0.000100463 2.07183e-05 0.000123426 9.46474e-05 -3.59675e-05 -6.1159e-06 -0.000286262
internal_weight=8330 145 65 80 45 8185 1978 842 1136 404 382 732 654 78
internal_count=8330 145 65 80 45 8185 1978 842 1136 404 382 732 654 78
is_linear=0
shrinkage=0.04


Tree=46
num_leaves=15
num_cat=0
split_feature=6 49 7 87 68 73 83 18 27 31 18 51 43 12
split_gain=0.00171184 0.00419702 0.00312171 0.00302135 0.0041907 0.00415848 0.00319787 0.00305684 0.00478503 0.00359762 0.00433334 0.00362422 0.00332484 0.00416258
threshold=0.11762447304225267 -0.058024460244624924 0.28083620477952603 -1.2626009148708108 4.3338710218834038 -0.10827114755077126 0.332295313291953 0.01683195876777082 0.013206909469954098 -0.065336319894907888 0.017092209473087733 0.084880359791151175 0.10507593949496685 0.067291399016258205
decision_type=10 10 10 8 10 10 2 8 10 10 8 10 10 10
left_child=2 -2 3 4 5 -1 -7 8 -5 10 -9 -11 -12 -14
right_child=1 -3 -4 7 -6 6 -8 9 -10 11 12 -13 13 -15
leaf_value=0.00014795227674767376 0.00018660572937826846 9.1691976622361388e-06 -0.00030628498556325214 0.00012355558180212833 0.00020963647162231306 -0.0003093553518912956 -0.00089584720337630393 -0.00023286122921528622 -0.00025359115055471193 1.975810093123679e-05 5.3925834304406244e-05 0.00049770766490837555 -3.0446299986324409e-05 0.00021748473805371202
leaf_weight=22 253 1359 56 523 30 51 21 143 60 60 1062 44 4535 111
leaf_count=22 253 1359 56 523 30 51 21 143 60 60 1062 44 4535 111
internal_value=-8.59008e-14 3.70175e-05 -8.88243e-06 -6.3825e-06 -0.000201983 -0.000333351 -0.000480415 -2.67274e-06 8.47412e-05 -1.12306e-05 -1.53757e-05 0.000221968 -9.92711e-06 -2.45229e-05
internal_weight=8330 1612 6718 6662 124 94 72 6538 583 5955 5851 104 5708 4646
internal_count=8330 1612 6718 6662 124 94 72 6538 583 5955 5851 104 5708 4646
is_linear=0
shrinkage=0.04


Tree=47
num_leaves=15
num_cat=0
split_feature=29 5 95 17 99 67 39 37 25 83 63 70 64 73
split_gain=0.00170257 0.00332637 0.00301965 0.00299815 0.00300951 0.00339102 0.00291531 0.00291558 0.00280664 0.00344118 0.00359593 0.00324993 0.00470081 0.00357119
threshold=0.013258362883235113 0.17526843434802367 0.63931888544891657 0.021063564707304212 1.5000000000000002 4.0899449289416605 0.085545479530392612 0.18291957080387214 0.011184697758330512 0.048447959980679876 0.60922587486744451 -1.4969772496402489 4.5122652870444684 -0.044894794411936993
decision_type=8 8 10 10 2 10 10 10 10 2 10 10 10 10
left_child=1 6 -3 4 5 -4 7 8 -1 10 -10 12 13 -11
right_child=-2 2 3 -5 -6 -7 -8 -9 9 11 -12 -13 -14 -15
leaf_value=3.2115094146969131e-05 -3.9490250612057158e-05 -0.00029051172901831921 0.00076185982632027429 0.00063284213819618648 3.6437449205706836e-06 0.0001677175274566181 0.00034379931397415927 -0.00032324179953899473 -7.7495353320305836e-05 0.00013504360740383467 -0.00061446569439384247 -4.3544157436420961e-06 -0.00054445546125948786 -0.00023168568138261231
leaf_weight=2988 1444 21 22 24 93 51 40 44 56 75 31 3301 42 98
leaf_count=2988 1444 21 22 24 93 51 40 44 56 75 31 3301 42 98
internal_value=-2.526e-13 8.28114e-06 0.000164649 0.000214956 0.000154538 0.000346774 3.33829e-06 1.28577e-06 3.45224e-06 -2.03181e-05 -0.00026883 -1.41689e-05 -0.000164856 -7.2699e-05
internal_weight=8330 6886 211 190 166 73 6675 6635 6591 3603 87 3516 215 173
internal_count=8330 6886 211 190 166 73 6675 6635 6591 3603 87 3516 215 173
is_linear=0
shrinkage=0.04


Tree=48
num_leaves=15
num_cat=0
split_feature=78 68 28 89 16 23 3 27 90 4 90 39 68 67
split_gain=0.00166611 0.00241614 0.00295524 0.00173015 0.00535632 0.00401524 0.00370445 0.00392702 0.0036561 0.00549387 0.00362134 0.00596128 0.00355535 0.00352788
threshold=0.0074971835743048451 4.0870018320421089 0.012295453174126369 1.3264664959260474e-11 0.02159050141451584 0.013823786570132623 0.044840657351964637 0.014027016175886626 8.62001959270317e-12 0.034464660279540212 8.1667457118451582e-12 -0.0040009110761014535 4.1995295089245355 3.8795218499259545
decision_type=8 8 8 10 10 10 10 10 10 10 10 10 10 10
left_child=3 -2 -3 8 5 6 7 -5 10 -10 -1 -12 13 -7
right_child=1 2 -4 4 -6 12 -8 -9 9 -11 11 -13 -14 -15
leaf_value=5.9966627125547769e-06 0.00015139570196523615 -0.00062952117890947401 -1.9487790996208788e-05 -6.2917435923900365e-05 7.2698356473646284e-05 -7.0483780776460964e-05 -0.00036090320135610034 0.00050946006411686545 0.00025868674412033051 -5.2225325917524674e-05 6.5039472802626814e-05 -0.00047056769865952473 0.00010279763396829367 -0.00069208362550246723
leaf_weight=6731 23 27 24 467 376 21 65 20 220 155 66 67 20 48
leaf_count=6731 23 27 24 467 376 21 65 20 220 155 66 67 20 48
internal_value=-1.7482e-13 -0.000188955 -0.000342447 1.69364e-06 -4.71599e-05 -0.000117467 -7.7268e-05 -3.94112e-05 8.55702e-06 0.000130176 1.9126e-06 -0.000204778 -0.000366789 -0.000502901
internal_weight=8330 74 51 8256 1017 641 552 487 7239 375 6864 133 89 69
internal_count=8330 74 51 8256 1017 641 552 487 7239 375 6864 133 89 69
is_linear=0
shrinkage=0.04


Tree=49
num_leaves=15
num_cat=0
split_feature=84 19 78 25 51 14 40 63 37 45 82 45 39 40
split_gain=0.00166341 0.00229452 0.00232771 0.00311001 0.00188563 0.00299026 0.00274452 0.00224507 0.00284556 0.00225028 0.00207937 0.00198992 0.00313051 0.00227583
threshold=0.021223287948237173 0.017775374836894457 0.00053596103191067012 0.010342260533575216 0.29904924943815264 -0.19326191831772241 0.13949557033560248 0.38678861788617896 0.15166331741838482 0.94183831295961296 0.18803693541039604 0.96756757918734249 0.064743648011308844 0.024030594896779948
decision_type=2 8 10 10 10 8 10 10 10 10 2 10 10 10
left_child=1 -1 3 -3 5 6 7 9 -9 -2 -10 -7 13 -13
right_child=4 2 -4 -5 -6 11 -8 8 10 -11 -12 12 -14 -15
leaf_value=-0.00025378580112010241 -0.00026540573263816809 -9.7140483558177949e-07 -1.9657910682347626e-05 0.00055771606940569732 -0.00031364419122016234 -2.0483291108548713e-06 -0.00026714106841774828 0.00062596011284767885 -8.4868897528698038e-05 0.00025596623192541301 0.00032532841826243136 -0.00036971697734007917 -0.00056655853652046065 2.2092637188714181e-05
leaf_weight=20 27 25 43 44 31 7816 22 32 30 26 58 31 24 101
leaf_count=20 27 25 43 44 31 7816 22 32 30 26 58 31 24 101
internal_value=-7.64582e-14 0.000140865 0.000211339 0.000355293 -2.26814e-06 -1.08623e-06 0.000153671 0.000207184 0.000302948 -9.63835e-06 0.000185488 -4.87168e-06 -0.000146329 -6.99233e-05
internal_weight=8330 132 112 69 8198 8167 195 173 120 53 88 7972 156 132
internal_count=8330 132 112 69 8198 8167 195 173 120 53 88 7972 156 132
is_linear=0
shrinkage=0.04


Tree=50
num_leaves=15
num_cat=0
split_feature=74 29 87 21 82 82 24 4 27 50 76 78 26 54
split_gain=0.00165591 0.00350063 0.00325446 0.0026121 0.00179936 0.00360275 0.00459082 0.00492984 0.00440794 0.00410179 0.00392715 0.00383436 0.00369954 0.00368896
threshold=-0.36504860441545495 0.011299697572380807 -0.022861889856468889 0.0072764599025350483 0.14864734248828335 0.090366309509211415 0.013353642308807872 0.078663555445223979 0.011580585232835649 -0.40245624661401419 0.062005721014950728 0.002489527275612136 0.0068380921117657768 0.088889355027249387
decision_type=8 10 10 10 2 2 10 10 10 10 10 10 10 10
left_child=1 3 -3 -1 5 6 7 -2 -8 11 13 -7 -12 -11
right_child=4 2 -4 -5 -6 9 8 -9 -10 10 12 -13 -14 -15
leaf_value=-0.00028017453411594034 0.00011882096397567618 1.0719770057634874e-05 -0.00060679964659761431 0.00022977523510861727 1.1426035391771415e-05 0.00025188750251238181 -0.00046566226650072539 -0.00020317180827783232 6.115526310016624e-05 -0.00035764197489793572 0.00025128873699316898 -0.00036104065179824827 -8.519005312627385e-05 -0.00011733182189345826
leaf_weight=25 524 22 36 45 6609 89 54 89 48 152 67 20 238 312
leaf_count=25 524 22 36 45 6609 89 54 89 48 152 67 20 238 312
internal_value=1.23186e-13 -0.000142761 -0.000372568 4.76503e-05 2.22792e-06 -3.5933e-05 3.07267e-05 7.20716e-05 -0.000217748 -9.02173e-05 -0.000122767 0.000139424 -1.1275e-05 -0.000196054
internal_weight=8330 128 58 70 8202 1593 715 613 102 878 769 109 305 464
internal_count=8330 128 58 70 8202 1593 715 613 102 878 769 109 305 464
is_linear=0
shrinkage=0.04


Tree=51
num_leaves=15
num_cat=0
split_feature=64 0 77 77 65 38 18 8 42 44 21 70 80 22
split_gain=0.00161841 0.00360748 0.00391709 0.00393484 0.00471984 0.00352717 0.00341942 0.00431897 0.00372813 0.00458303 0.00354289 0.00493341 0.00347418 0.00428038
threshold=3.3815866114980158 -0.035461518471655511 -0.019930849549215032 -0.017518043553903125 2.8807679485788689 -0.13648052850237405 0.020850086993503224 -0.30979374914641528 0.024802315006906887 0.92633718828834988 0.0077697585862491142 0.60368262842560971 0.039627604688358624 0.0077530746378152446
decision_type=8 10 2 2 8 10 8 8 10 10 10 10 10 10
left_child=1 -1 -3 -4 5 -5 8 -8 9 12 -10 -12 -6 -14
right_child=-2 2 3 4 6 -7 7 -9 10 -11 11 -13 13 -15
leaf_value=-0.00027928990210823127 -9.1977363051739873e-06 0.00020737201028001823 -0.00029557683555564532 -0.00052953509302289389 4.4137103436396553e-06 -7.2299345513763088e-05 0.00040156648525226048 -8.4761448176452951e-05 7.0017666557117014e-05 -0.00049824021831154826 0.00038366333270959746 -0.00016994826402515171 -0.00017735310588032005 0.00043125474677112899
leaf_weight=57 6548 207 60 34 394 131 32 336 198 25 182 30 25 71
leaf_count=57 6548 207 60 34 394 131 32 336 198 25 182 30 25 71
internal_value=1.99194e-14 3.37973e-05 4.41428e-05 2.18843e-05 3.49485e-05 -0.000166518 6.06576e-05 -4.24721e-05 0.000101687 3.00354e-05 0.000191687 0.000305322 5.69883e-05 0.000272763
internal_weight=8330 1782 1725 1518 1458 165 1293 368 925 515 410 212 490 96
internal_count=8330 1782 1725 1518 1458 165 1293 368 925 515 410 212 490 96
is_linear=0
shrinkage=0.04


Tree=52
num_leaves=15
num_cat=0
split_feature=100 68 78 68 5 40 43 16 66 78 19 81 1 18
split_gain=0.00160825 0.00482031 0.00419254 0.0045521 0.00424229 0.00342081 0.00464234 0.00290897 0.00322661 0.00283439 0.00265383 0.00305271 0.00240219 0.00231528
threshold=3.5000000000000004 4.1186652637755179 -0.0019220426472948413 4.2670077698444944 -0.027299385827740216 0.0099742487805499786 0.12393321455502941 0.019818307951713136 4.4860156921950134 0.00051086194009108976 0.021353800559222678 0.23611597025801404 -0.029549144836444604 0.016692992661045212
decision_type=2 8 10 8 10 10 10 10 10 10 10 2 10 8
left_child=13 5 7 10 -5 6 9 8 -3 -2 11 -4 -13 -1
right_child=1 2 3 4 -6 -7 -8 -9 -10 -11 -12 12 -14 -15
leaf_value=7.3228358566885409e-05 0.00051077417804793065 -0.00019856133669810861 0.00032358765630212069 6.9633722919124088e-05 0.00053065774662213188 0.00053545962776600699 -0.00031352196529041979 0.00014442890044301748 -0.00082624468253925446 3.0622878615316508e-05 -0.00043721472398829066 -0.00052050205878913399 1.7817330921793151e-05 -1.0563426502382172e-05
leaf_weight=569 42 38 29 110 45 48 28 20 20 37 32 21 36 7255
leaf_count=569 42 38 29 110 45 48 28 20 20 37 32 21 36 7255
internal_value=-1.11934e-13 6.91121e-05 -1.29296e-05 6.09647e-05 0.000203479 0.000254897 0.000129037 -0.00027156 -0.000415004 0.000285893 -0.000126237 -1.05242e-05 -0.000180511 -4.46967e-06
internal_weight=8330 506 351 273 155 155 107 78 58 79 118 86 57 7824
internal_count=8330 506 351 273 155 155 107 78 58 79 118 86 57 7824
is_linear=0
shrinkage=0.04


Tree=53
num_leaves=15
num_cat=0
split_feature=87 29 27 56 90 58 78 66 72 6 69 33 83 29
split_gain=0.00157664 0.00518278 0.00456366 0.00388955 0.00436945 0.00436287 0.00379219 0.00361992 0.00380215 0.0035696 0.00345819 0.00372035 0.00332204 0.00348064
threshold=-0.65225881338065517 0.011851274978856064 0.0090181740240526127 7388566021.715353 4.0061113251054366e-12 9362142187.1270199 0.00033993405476473454 4.4260328739437815 0.13809523809523813 -0.00060972343276910468 -0.3329734676928669 0.0055146914635714204 0.61662436681606303 0.011954714669170986
decision_type=10 10 10 10 8 10 10 10 10 10 10 10 2 10
left_child=1 3 -3 4 -1 6 -5 8 -7 10 11 -4 13 -11
right_child=-2 2 9 5 -6 7 -8 -9 -10 12 -12 -13 -14 -15
leaf_value=0.00035577788250520828 -1.0306127639125632e-05 0.00035708979318206684 -0.00037026979184399044 -9.2507084190264244e-05 3.6134059160180921e-06 -0.0005442491473778235 -0.00041275519943226454 0.00036647020538178523 4.5741983244250363e-05 0.00043223908460088848 0.0004088388663052913 0.00029308620676954069 0.00053201853623613719 -1.8890688260033076e-05
leaf_weight=60 6167 105 24 139 932 22 103 41 85 29 87 31 20 485
leaf_count=60 6167 105 24 139 932 22 103 41 85 29 87 31 20 485
internal_value=1.2653e-13 2.93841e-05 0.000111749 -1.71621e-05 2.49137e-05 -0.000124186 -0.000228811 4.6891e-05 -7.55646e-05 7.36413e-05 0.000251889 3.62177e-06 2.62422e-05 6.56216e-06
internal_weight=8330 2163 781 1382 992 390 242 148 107 676 142 55 534 514
internal_count=8330 2163 781 1382 992 390 242 148 107 676 142 55 534 514
is_linear=0
shrinkage=0.04


Tree=54
num_leaves=15
num_cat=0
split_feature=20 95 7 90 26 24 6 96 51 18 27 43 17 17
split_gain=0.00156946 0.00250637 0.00215694 0.00220593 0.00174869 0.00172976 0.00240332 0.00353018 0.00278199 0.0025368 0.00246013 0.0023676 0.00302491 0.00412493
threshold=0.022821390817359118 0.34166666666666673 -0.25746991382734097 4.8028690863193851e-12 0.007158510809339185 0.015775373495758412 -0.25145860187677155 0.39827586206896559 0.027763938923775492 0.019259319896719512 0.0060149450877447974 0.11720014347341699 0.026210388748967906 0.025557953221263825
decision_type=10 10 10 10 10 10 8 10 10 10 10 8 10 10
left_child=5 -2 3 -3 -4 6 7 8 10 -9 -1 12 13 -8
right_child=1 2 4 -5 -6 -7 11 9 -10 -11 -12 -13 -14 -15
leaf_value=-4.9367867410182957e-05 0.00019515374834494045 -0.00031244412437081334 -0.00059200026303658196 0.00025116408728063108 -0.00018614143218345395 0.00033452549688518048 6.268610189998868e-05 -0.00019562206147903845 -0.000352987090246407 -0.00078545648138970134 0.00048527526547245328 -4.1724760205677062e-06 0.00053616012823546211 -0.00051760322961490603
leaf_weight=40 30 20 29 25 41 25 979 28 27 20 21 7004 21 20
leaf_count=40 30 20 29 25 41 25 979 28 27 20 21 7004 21 20
internal_value=1.49854e-14 -0.000130448 -0.000215388 6.71549e-07 -0.000354283 2.31093e-06 1.29312e-06 -0.00016545 -1.49385e-05 -0.000441386 0.00013469 4.11926e-06 6.10559e-05 5.10687e-05
internal_weight=8330 145 115 45 70 8185 8160 136 88 48 61 8024 1020 999
internal_count=8330 145 115 45 70 8185 8160 136 88 48 61 8024 1020 999
is_linear=0
shrinkage=0.04


Tree=55
num_leaves=15
num_cat=0
split_feature=40 46 60 40 78 84 11 88 25 84 17 82 75 85
split_gain=0.00158397 0.00324038 0.00394091 0.00326836 0.00376383 0.00665647 0.00381954 0.00356196 0.0040516 0.00320118 0.00307557 0.00302169 0.00475666 0.00283164
threshold=0.031280523424366831 0.15946677704807521 0.44797576398018218 0.034828428077445912 -0.0032637533188958341 0.56308970538648495 -0.019049553043999353 0.21747384057491323 0.010537625232911437 0.54962131207574838 0.019767874697031486 0.12310756311070493 -0.07670408349105283 1.0304043436034265
decision_type=10 8 10 10 10 2 10 10 8 2 10 2 10 10
left_child=13 2 -2 4 -3 6 -6 11 -9 -10 -11 12 -5 -1
right_child=1 3 -4 7 5 -7 -8 8 9 10 -12 -13 -14 -15
leaf_value=-1.5142625548995614e-05 7.8873956291418938e-05 0.00064886029421662287 0.00077917665732093165 -0.00038752087162664302 0.00061179810888799171 -0.00033567537460476161 0.00011697319563713738 -0.00031653583850570476 -9.4817700996982301e-05 -0.00012372296729258128 0.00034956663823291914 5.9438670866600705e-05 1.6130382606666919e-05 0.00015697710974135284
leaf_weight=5901 36 24 20 65 35 40 87 99 294 35 59 1312 166 157
leaf_count=5901 36 24 20 65 35 40 87 99 294 35 59 1312 166 157
internal_value=1.29109e-13 2.84821e-05 0.000328982 2.08882e-05 0.000181372 0.000112115 0.000258931 6.18374e-06 -8.813e-05 -2.98512e-05 0.000173342 3.5951e-05 -9.74511e-05 -1.06819e-05
internal_weight=8330 2272 56 2216 186 162 122 2030 487 388 94 1543 231 6058
internal_count=8330 2272 56 2216 186 162 122 2030 487 388 94 1543 231 6058
is_linear=0
shrinkage=0.04


Tree=56
num_leaves=15
num_cat=0
split_feature=69 31 69 16 66 83 85 7 21 64 96 64 72 66
split_gain=0.00154225 0.00399837 0.00266502 0.00239247 0.00209583 0.00496524 0.00515324 0.00423544 0.00324163 0.00374271 0.0024542 0.00243779 0.00363494 0.0030667
threshold=1.7586296452529255 -0.10656315002040155 1.6635637331652045 0.020006148115100136 3.2970998782579612 0.34380837307217171 0.29623157048443882 0.085276826149628629 0.0054452328552595996 3.62731872368196 0.5169540229885059 3.3815866114980158 0.91751700680272119 3.4011001121153215
decision_type=10 10 10 10 8 2 10 8 10 10 8 8 10 8
left_child=2 -2 4 -4 5 6 7 -1 -7 10 -10 12 -6 -13
right_child=1 -3 3 -5 11 8 -8 -9 9 -11 -12 13 -14 -15
leaf_value=1.3183383503928781e-05 -0.0003042984368879195 0.00030050164402422051 6.9533579320705028e-05 0.00057470415874073897 5.5550103802956412e-05 -0.00067949540253418189 0.00035944714923115336 -0.00053199900981659698 -0.00071002600968561385 0.00018771703900441667 -0.00011908212129998467 0.00025768439233154599 -0.00043061099126935002 -1.0455822584799776e-05
leaf_weight=95 73 23 40 24 1565 30 51 30 22 27 23 69 25 6233
leaf_count=95 73 23 40 24 1565 30 51 30 22 27 23 69 25 6233
internal_value=7.43737e-13 -0.000159398 1.85842e-06 0.000258973 -1.5569e-07 -0.0001081 2.05924e-05 -0.00011766 -0.000330157 -0.000184599 -0.000407988 3.6467e-06 4.79061e-05 -7.51998e-06
internal_weight=8330 96 8234 64 8170 278 176 125 102 72 45 7892 1590 6302
internal_count=8330 96 8234 64 8170 278 176 125 102 72 45 7892 1590 6302
is_linear=0
shrinkage=0.04


Tree=57
num_leaves=15
num_cat=0
split_feature=78 29 64 51 5 0 67 75 81 83 59 61 6 52
split_gain=0.00153481 0.0022907 0.00224918 0.0016066 0.00306745 0.00350943 0.00340817 0.00522891 0.00405614 0.00392952 0.00327586 0.00295922 0.00265738 0.00648492
threshold=0.0074971835743048451 0.011440493399609215 4.4571447576916379 0.18677709407555146 0.10804155235721159 -0.015906756025117093 4.1738154309053908 0.22349184870206587 0.84977695062638958 0.38648233274610327 4562844339.8712091 2.0598081579053611 0.10358670632710444 0.1986337457736215
decision_type=8 10 8 8 8 10 10 10 2 2 8 10 10 10
left_child=3 2 -2 4 11 -6 7 8 9 10 -7 12 13 -1
right_child=1 -3 -4 -5 5 6 -8 -9 -10 -11 -12 -13 -14 -15
leaf_value=-2.5331066622171248e-06 -0.00066233035753525437 9.5869825655144867e-05 -9.5487568566265198e-05 6.3604605781174988e-05 0.00013731973226963274 -0.00035687530439140069 -2.359483359134809e-05 -0.00066986668703926584 -0.00053604881046339866 -0.00035044580575872641 0.00013618650144427388 -0.0004700162321595209 6.3039838605283581e-05 -0.00070669872653005385
leaf_weight=5894 21 29 24 619 93 27 252 37 38 61 107 21 1086 21
leaf_count=5894 21 29 24 619 93 27 252 37 38 61 107 21 1086 21
internal_value=-2.43522e-14 -0.000181357 -0.000360014 1.62553e-06 -3.39804e-06 -8.90585e-05 -0.00012939 -0.000228133 -0.000157986 -8.43122e-05 3.68382e-05 4.10426e-06 5.52642e-06 -5.0331e-06
internal_weight=8330 74 45 8256 7637 615 522 270 233 195 134 7022 7001 5915
internal_count=8330 74 45 8256 7637 615 522 270 233 195 134 7022 7001 5915
is_linear=0
shrinkage=0.04


Tree=58
num_leaves=15
num_cat=0
split_feature=29 5 90 81 20 4 39 37 41 26 27 25 83 63
split_gain=0.00153762 0.00291564 0.00278722 0.00517199 0.00295693 0.00398825 0.00273739 0.00266402 0.0025814 0.00305841 0.00254909 0.00247235 0.0032879 0.00331354
threshold=0.013258362883235113 0.17526843434802367 4.5592046548076857e-12 0.698274943418283 0.019758371254736385 0.08649574782469828 0.085545479530392612 0.18291957080387214 0.15137700927440614 0.0076536470977262129 0.013553312843077743 0.011184697758330512 0.048447959980679876 0.60922587486744451
decision_type=8 10 10 2 8 10 10 10 10 10 10 10 2 10
left_child=1 6 3 -3 5 -4 7 11 9 -6 -9 -1 13 -13
right_child=-2 2 4 -5 8 -7 -8 10 -10 -11 -12 12 -14 -15
leaf_value=3.0225926067613022e-05 -3.7528591785197618e-05 0.00085446177718594021 0.00017687596123141703 1.5062908059917391e-05 -2.1421058569103479e-05 -0.00039536226001617158 0.00033315019641304386 -0.00059987666429546862 -9.4717652536928661e-05 0.00058439143054420128 9.6676516390982137e-06 -7.8231545007188946e-05 -1.2975080260924988e-05 -0.00059368642182239609
leaf_weight=2988 1444 23 40 24 20 38 40 23 26 40 21 56 3516 31
leaf_count=2988 1444 23 40 24 20 38 40 23 26 40 21 56 3516 31
internal_value=-1.99061e-13 7.86978e-06 0.000154265 0.000425833 7.64381e-05 -0.000101907 3.24214e-06 1.25325e-06 0.000238193 0.000382454 -0.000308958 3.32414e-06 -1.89857e-05 -0.000261899
internal_weight=8330 6886 211 47 164 78 6675 6635 86 60 44 6591 3603 87
internal_count=8330 6886 211 47 164 78 6675 6635 86 60 44 6591 3603 87
is_linear=0
shrinkage=0.04


Tree=59
num_leaves=15
num_cat=0
split_feature=74 29 87 21 22 38 13 89 43 66 73 73 42 86
split_gain=0.00150427 0.00321147 0.00304634 0.00238774 0.0017622 0.00376392 0.00247226 0.00238839 0.00238042 0.00375574 0.00616735 0.00392952 0.00358343 0.00348219
threshold=-0.36504860441545495 0.011299697572380807 -0.022861889856468889 0.0073325447657579968 0.020682250319322099 -0.1688895317617978 0.14577853922662845 5.9191724363694661e-12 0.10507593949496685 4.4763991116045654 0.13060752059240446 0.039695526915806918 0.16027520151933897 -0.3032884760824488
decision_type=8 10 10 10 10 10 10 10 10 8 10 8 10 8
left_child=1 3 -3 -1 6 -6 8 -8 9 10 12 -11 -2 -12
right_child=4 2 -4 -5 5 -7 7 -9 -10 11 13 -13 -14 -15
leaf_value=-0.00025759959244169294 0.00016693709922335935 1.4651314228434455e-05 -0.00058279685203337474 0.00022589315242261033 0.00055157119167390575 2.5371799254508946e-05 -0.00058918621581555771 -5.731713242961892e-05 -6.7877979387684948e-06 -0.00020263117084805098 -0.00049236189194575507 5.5025976202740628e-05 0.00061899643794943889 -3.7467707815542167e-06
leaf_weight=26 433 22 36 44 29 87 22 35 6956 148 27 263 30 172
leaf_count=26 433 22 36 44 29 87 22 35 6956 148 27 263 30 172
internal_value=4.43291e-13 -0.000136068 -0.000356179 4.63101e-05 2.12346e-06 0.000156922 -9.72371e-08 -0.0002626 1.76634e-06 5.72207e-05 0.000116186 -3.77557e-05 0.000196228 -7.00413e-05
internal_weight=8330 128 58 70 8202 116 8086 57 8029 1073 662 411 463 199
internal_count=8330 128 58 70 8202 116 8086 57 8029 1073 662 411 463 199
is_linear=0
shrinkage=0.04


Tree=60
num_leaves=15
num_cat=0
split_feature=3 13 89 20 29 33 86 31 13 30 89 75 65 62
split_gain=0.00149893 0.00246468 0.00231951 0.00194199 0.0022496 0.00201669 0.00410927 0.00514601 0.00683704 0.00348868 0.00325194 0.00285881 0.00240848 0.00242001
threshold=-0.11766420882263777 0.14577853922662845 5.9937791907574084e-12 0.022821390817359118 0.011926504183199878 -0.035995101564288638 -0.32644918247490168 -0.11006900628524473 0.05903003603709462 -0.16821621024206238 5.4064638091346126e-12 0.058884784139246478 3.9181233643075264 0.324561403508772
decision_type=8 10 10 10 10 8 8 10 8 10 10 10 10 10
left_child=-1 3 -3 5 -5 6 10 8 11 -10 -2 -8 -11 -14
right_child=1 2 -4 4 -6 -7 7 -9 9 12 -12 -13 13 -15
leaf_value=0.00026904919511060036 9.6846363972872499e-05 -0.00060070655128497275 -5.2590066722283768e-05 0.00024334087839815766 -0.00021571415429984611 -9.0846609938094927e-07 0.00071711368760308972 -0.00022377515778593395 -0.00034553671800531446 -0.00018111751175019889 -0.00054209328131177108 0.00018154236811982548 0.00053893914615566081 0.00012342940941120366
leaf_weight=33 25 21 30 20 117 7784 52 46 25 25 26 23 33 70
leaf_count=33 25 21 30 20 117 7784 52 46 25 25 26 23 33 70
internal_value=3.29473e-13 -1.0701e-06 -0.000278285 6.44424e-07 -0.000148699 3.16755e-06 0.000100791 0.000162155 0.000240018 8.66581e-05 -0.000228888 0.000552872 0.000171071 0.000256554
internal_weight=8330 8297 51 8246 137 8109 325 274 228 153 51 75 128 103
internal_count=8330 8297 51 8246 137 8109 325 274 228 153 51 75 128 103
is_linear=0
shrinkage=0.04


Tree=61
num_leaves=15
num_cat=0
split_feature=84 16 41 42 51 5 20 15 15 62 87 29 27 40
split_gain=0.0014906 0.00222147 0.00318203 0.00281445 0.00174955 0.00259673 0.00232133 0.0027882 0.00258839 0.00222551 0.00190275 0.00493009 0.00412314 0.00388881
threshold=0.021223287948237173 0.016799791877613605 -0.020861922177349831 0.062203918850185842 0.29904924943815264 0.21632114837795682 0.019758371254736385 0.018376373861091286 0.024651078605379143 0.51666666666666672 -0.65225881338065517 0.011851274978856064 0.0090181740240526127 0.13949557033560248
decision_type=2 8 10 10 10 10 8 10 10 10 10 10 10 8
left_child=1 -1 -3 -4 5 10 9 -8 -9 -7 11 -2 -13 -12
right_child=4 2 3 -5 -6 6 7 8 -10 -11 13 12 -14 -15
leaf_value=0.00035042380982000998 -1.5931358702561069e-05 0.00028017344222845214 -0.00054124942144633014 8.5102425849375632e-05 -0.00030207682265749863 -0.00033696444951818286 3.6533554997857144e-05 0.00087343389866873628 0.00022989440732635558 0.00018676516017876566 -1.3174914320422211e-05 0.00034736444814273642 7.4319331930776679e-05 -0.00049431857756442499
leaf_weight=48 1365 38 22 24 31 21 29 20 20 34 5920 103 628 27
leaf_count=48 1365 38 22 24 31 21 29 20 20 34 5920 103 628 27
internal_value=4.74713e-13 0.000133348 9.30431e-06 -0.000214457 -2.1471e-06 -1.00863e-06 0.000180644 0.00033516 0.000551664 -1.32043e-05 -3.80919e-06 2.89622e-05 0.000112792 -1.53594e-05
internal_weight=8330 132 84 46 8198 8167 124 69 40 55 8043 2096 731 5947
internal_count=8330 132 84 46 8198 8167 124 69 40 55 8043 2096 731 5947
is_linear=0
shrinkage=0.04


Tree=62
num_leaves=15
num_cat=0
split_feature=59 5 29 1 84 49 59 56 0 90 27 4 1 29
split_gain=0.00149663 0.00455498 0.00317256 0.00262488 0.00399268 0.00235923 0.00220869 0.00364206 0.00358083 0.00313934 0.00323487 0.00391048 0.00311437 0.00309937
threshold=20799594214.137218 -0.10546087199612857 0.010600794288553103 -0.020099557315909341 0.182534365708348 -0.16707158211486547 12106554000.460894 11448098736.989161 0.037447596790909705 2.3865469739010405e-12 0.015529115544746916 0.10651953104747892 0.012264884795057608 0.013023675354442463
decision_type=10 10 10 10 2 10 10 10 10 8 10 10 10 10
left_child=6 -2 -3 -4 -5 -6 7 -1 9 10 11 -8 -11 -9
right_child=1 2 3 4 5 -7 8 13 -10 12 -12 -13 -14 -15
leaf_value=2.1661190439067412e-06 0.00032610629392521717 -0.00047777255243133934 0.00026439269834164798 0.00019222052137545114 9.2939862737520827e-05 -0.00038107323058370854 4.2818750327055122e-05 -7.3857815387209827e-05 -0.00043016900266097349 9.1218215715013106e-05 0.00039383034006459634 -0.00052801034343428913 0.00050294471544406886 -0.0003947036766687468
leaf_weight=7122 35 42 28 38 21 84 481 216 22 66 40 20 53 62
leaf_count=7122 35 42 28 38 21 84 481 216 22 66 40 20 53 62
internal_value=-2.77124e-13 -9.67894e-05 -0.000166279 -8.97722e-05 -0.000159119 -0.000286271 2.97003e-06 -3.37808e-06 7.18498e-05 8.85838e-05 4.76688e-05 2.00312e-05 0.000274592 -0.000145413
internal_weight=8330 248 213 171 143 105 8082 7400 682 660 541 501 119 278
internal_count=8330 248 213 171 143 105 8082 7400 682 660 541 501 119 278
is_linear=0
shrinkage=0.04


Tree=63
num_leaves=15
num_cat=0
split_feature=78 61 58 56 86 34 3 78 55 86 89 28 26 8
split_gain=0.00146434 0.00369584 0.00483364 0.00254164 0.00201894 0.00225699 0.00227778 0.0019453 0.00419414 0.00478897 0.00409089 0.00506548 0.00390804 0.00376965
threshold=-0.0058790555968388216 -0.87750727301377174 8502197114.2697754 3936810307.0453396 -0.090411150611000718 -0.0021574101991682078 0.029607067588338202 -0.0033713548809856659 6877259635.467742 0.44416628712743006 3.1101481024665602e-12 0.011861998538569892 0.007158510809339185 0.024433140362056464
decision_type=8 10 8 10 10 10 10 10 8 10 10 10 10 10
left_child=1 2 -1 -3 -5 -6 -7 8 9 13 -10 12 -12 -2
right_child=7 3 -4 4 5 6 -8 -9 10 -11 11 -13 -14 -15
leaf_value=0.0001110580154406642 -2.8948227136364541e-05 -0.00040946516208350658 0.00087931091245263809 -0.00017743358732479612 -5.2916423002308283e-05 0.00063500736549030993 6.4570992475464239e-05 4.1458661994041367e-06 -3.3855466333787063e-05 -0.00042606381369599455 -0.00083491013752348881 -0.0001053972429295442 -0.00027714052914895793 0.00021489437217740465
leaf_weight=38 301 21 20 37 37 24 21 7264 198 36 37 99 44 153
leaf_count=38 301 21 20 37 37 24 21 7264 198 36 37 99 44 153
internal_value=1.51641e-13 0.000107479 0.000375973 -3.75394e-06 6.78422e-05 0.000178515 0.000368804 -2.61693e-06 -5.92125e-05 1.80145e-05 -0.000159322 -0.000297334 -0.000531924 5.32278e-05
internal_weight=8330 198 58 140 119 82 45 8132 868 490 378 180 81 454
internal_count=8330 198 58 140 119 82 45 8132 868 490 378 180 81 454
is_linear=0
shrinkage=0.04


Tree=64
num_leaves=15
num_cat=0
split_feature=1 73 68 23 12 9 84 60 70 26 74 8 70 83
split_gain=0.00143751 0.00402121 0.00446087 0.00347277 0.00357316 0.00460216 0.00493925 0.00406442 0.00342963 0.00412465 0.00395074 0.00489239 0.00454746 0.00423162
threshold=0.019546920579825548 -0.0024384930490538577 4.3393168712637378 0.0075151658089065805 -0.0061938961245902027 -0.013866812932146198 0.58516409572984107 1.453281151187124 -0.4140301186869903 0.0064289226101160619 -0.10392877878261424 0.25082090582832334 -1.2713040087320564 0.23776722796568783
decision_type=10 8 10 10 10 10 2 10 8 8 8 8 10 2
left_child=-1 2 3 -2 7 6 -6 -5 10 -10 11 -3 13 -12
right_child=1 8 -4 4 5 -7 -8 -9 9 -11 12 -13 -14 -15
leaf_value=9.4384963859045603e-06 -0.00029007810870239922 0.00013689112442079931 -0.0002273849443096851 6.4410727201626839e-05 0.00036923142544563036 -0.00042166730979635548 -0.00028888068470248095 -0.00051708177896216513 -0.00054266001946719677 -8.5360973062051934e-06 -0.00039551806452576643 0.00091789102414622907 0.00018955788144436447 8.6963235949180239e-05
leaf_weight=6298 77 33 264 501 36 68 37 20 24 640 52 21 193 66
leaf_count=6298 77 33 264 501 36 68 37 20 24 640 52 21 193 66
internal_value=-6.70952e-14 -2.92538e-05 -8.62484e-05 -3.58288e-05 -6.25603e-06 -0.000184891 3.56678e-05 4.20886e-05 2.63008e-05 -2.78418e-05 0.000124796 0.000440613 6.99592e-05 -0.000125656
internal_weight=8330 2032 1003 739 662 141 73 521 1029 664 365 54 311 118
internal_count=8330 2032 1003 739 662 141 73 521 1029 664 365 54 311 118
is_linear=0
shrinkage=0.04


Tree=65
num_leaves=15
num_cat=0
split_feature=69 41 29 69 78 16 66 83 50 85 49 21 1 64
split_gain=0.001405 0.00368213 0.00314583 0.00240782 0.00224268 0.00220128 0.00196512 0.00453566 0.00481025 0.0031786 0.00329084 0.00297743 0.00346417 0.00254114
threshold=1.7586296452529255 -0.037692565048000275 0.011071102144092628 1.6635637331652045 0.00024922476802469179 0.020006148115100136 3.2970998782579612 0.34380837307217171 -0.30662658753967248 0.29623157048443882 -0.065442208934756704 0.0054452328552595996 -0.010936080615072006 3.62731872368196
decision_type=10 10 10 10 10 10 8 2 8 10 8 10 10 10
left_child=3 -2 -3 6 -4 -5 7 8 -1 10 -10 -9 -13 -14
right_child=1 2 4 5 -6 -7 -8 11 9 -11 -12 12 13 -15
leaf_value=0.00045364441396844937 -0.00053819593441273479 0.00037520110568342114 9.1462632302533492e-05 6.445412144239526e-05 -0.00047968397276814686 0.00054901943881607927 3.5412517086454074e-06 -0.00065169828940997833 -1.3193739219926871e-05 0.00024300397428709807 -0.00046747403102926911 -0.0005697787529788911 -0.00022718096043848032 0.00036315704122534954
leaf_weight=33 28 24 22 40 22 24 7892 30 65 36 42 24 28 20
leaf_count=33 28 24 22 40 22 24 7892 30 65 36 42 24 28 20
internal_value=2.78238e-13 -0.000152141 6.8229e-06 1.77381e-06 -0.000194111 0.000246166 -1.40649e-07 -0.000104664 1.83347e-05 -8.21214e-05 -0.000191509 -0.000316898 -0.000177397 1.87932e-05
internal_weight=8330 96 68 8234 44 64 8170 278 176 143 107 102 72 48
internal_count=8330 96 68 8234 44 64 8170 278 176 143 107 102 72 48
is_linear=0
shrinkage=0.04


Tree=66
num_leaves=15
num_cat=0
split_feature=74 29 87 21 87 48 27 60 18 48 27 87 86 70
split_gain=0.00139939 0.00293076 0.00277949 0.00217297 0.00166078 0.0048194 0.00310709 0.00433286 0.00450052 0.00252619 0.00236199 0.00224269 0.00334183 0.00707075
threshold=-0.36504860441545495 0.011299697572380807 -0.022861889856468889 0.0072764599025350483 -1.2400890817535164 -0.14019214830015067 0.010306696447362656 -0.77473842020957429 0.020049203614358628 -0.032825908271108033 0.0080659813476261413 -0.74674983369068682 -0.14893454279360366 -1.4108499603107651
decision_type=8 10 10 10 8 10 10 10 10 10 10 10 10 8
left_child=1 3 -3 -1 5 -2 10 -8 -9 -10 -7 12 13 -6
right_child=4 2 -4 -5 11 6 7 8 9 -11 -12 -13 -14 -15
leaf_value=-0.00025601592704188077 -0.00057051100708063577 1.2705884873867035e-05 -0.00055797539670796449 0.00020909828721131716 -0.00061897463315436921 -9.4196269521489752e-05 0.00027534336328972133 -0.000560064132946233 -0.0002945514840428673 0.00032588619198317507 0.00047084829898486877 -5.7927631565026027e-06 8.8890157698477362e-05 2.4489337962874467e-06
leaf_weight=25 31 22 36 45 31 20 30 45 21 21 29 6385 1056 533
leaf_count=25 31 22 36 45 31 20 30 45 21 21 29 6385 1056 533
internal_value=-4.33795e-14 -0.000131239 -0.00034151 4.29861e-05 2.04811e-06 -0.000112689 -2.71921e-05 -0.000139184 -0.000282125 1.56674e-05 0.000240218 4.87174e-06 4.69044e-05 -3.17073e-05
internal_weight=8330 128 58 70 8202 197 166 117 87 42 49 8005 1620 564
internal_count=8330 128 58 70 8202 197 166 117 87 42 49 8005 1620 564
is_linear=0
shrinkage=0.04


Tree=67
num_leaves=15
num_cat=0
split_feature=78 42 60 42 82 29 32 66 66 82 2 89 23 8
split_gain=0.00140247 0.00142428 0.00279478 0.00255772 0.0073185 0.00437453 0.00406919 0.00382989 0.00372417 0.00341144 0.00442165 0.00329904 0.00313648 0.00346913
threshold=0.0082698890721880653 0.0084274553038802286 -1.7084685140251576 -0.051502638556553286 0.29148929628234604 0.010889438270774043 -0.25380808557930518 4.8792720391196989 3.8753001638836517 0.57041460588057802 -0.020180398765451465 4.6143785087085033e-12 0.011725498759513935 0.045713869485443877
decision_type=10 10 8 10 2 10 10 10 10 2 10 10 10 10
left_child=1 2 -1 -4 7 -6 11 -5 -8 10 -10 -7 13 -12
right_child=-2 -3 3 4 5 6 8 -9 9 -11 12 -13 -14 -15
leaf_value=-0.00026232749297903381 -0.00026429934805491942 2.0274307605124138e-05 5.3692110573651288e-06 -0.00019768329273902653 -9.8991900204002556e-05 -0.00044962040571219943 -8.5886132321320483e-05 0.0002244229440819598 0.00067688600145629605 0.00082143633263296494 0.00046897470908057273 0.00013529242996204025 -0.00028548566508106887 -0.00010908287627479205
leaf_weight=71 32 3531 3748 488 173 27 40 37 32 21 46 36 22 26
leaf_count=71 32 3531 3748 488 173 27 40 37 32 21 46 36 22 26
internal_value=-1.36525e-13 1.01923e-06 -1.32433e-05 -9.47737e-06 -6.81746e-05 5.56412e-05 0.000162647 -0.000167935 0.000256316 0.000349432 0.000270765 -0.000115384 0.000132511 0.000260232
internal_weight=8330 8298 4767 4696 948 423 250 525 187 147 126 63 94 72
internal_count=8330 8298 4767 4696 948 423 250 525 187 147 126 63 94 72
is_linear=0
shrinkage=0.04


Tree=68
num_leaves=15
num_cat=0
split_feature=3 13 89 20 78 36 40 37 16 42 11 3 61 12
split_gain=0.00142138 0.00224217 0.00212857 0.00174838 0.00211742 0.0035792 0.00196144 0.00273982 0.00336141 0.00258847 0.0027245 0.00251156 0.00416087 0.00389454
threshold=-0.11766420882263777 0.14577853922662845 5.9937791907574084e-12 0.022821390817359118 0.00069078539983313824 -0.098527608166197364 -0.099987997717818952 -0.17195804199775003 0.015931595119844943 -0.19546897853737602 -0.012681339683392799 -0.054541230457676497 -0.52336484307706199 0.044856446983916339
decision_type=8 10 10 10 8 10 8 8 10 10 10 8 10 10
left_child=-1 3 -3 6 5 -5 9 8 -8 -2 -11 12 -9 -13
right_child=1 2 -4 4 -6 -7 7 11 -10 10 -12 13 -14 -15
leaf_value=0.0002619969313011759 0.00054708956148136754 -0.00057431339984759689 -4.9241565400734544e-05 0.00030439586967558545 -0.00031925481871409526 -0.0002447966677353306 -0.00056084347832626824 0.00020921976344667558 -7.3325855915154351e-05 -0.0001866721541745435 0.00020636551313611224 3.0944888492718356e-06 -2.5586357570033229e-06 -0.0001379870095563713
leaf_weight=33 22 21 30 34 60 43 29 244 103 42 86 6876 379 328
leaf_count=33 22 21 30 34 60 43 29 244 103 42 86 6876 379 328
internal_value=-4.72926e-14 -1.04205e-06 -0.000265448 5.93249e-07 -0.00014111 -2.29607e-06 2.9873e-06 2.86574e-07 -0.000180432 0.000146288 7.74e-05 3.33434e-06 8.03851e-05 -3.32899e-06
internal_weight=8330 8297 51 8246 137 77 8109 7959 132 150 128 7827 623 7204
internal_count=8330 8297 51 8246 137 77 8109 7959 132 150 128 7827 623 7204
is_linear=0
shrinkage=0.04


Tree=69
num_leaves=15
num_cat=0
split_feature=64 8 0 77 77 65 18 24 42 44 80 22 1 38
split_gain=0.00142972 0.00332879 0.0031192 0.00329581 0.00343983 0.00390089 0.0035936 0.00366369 0.00353836 0.00403064 0.00358096 0.00387092 0.00376395 0.00341676
threshold=3.3815866114980158 -0.39855079002494748 -0.035461518471655511 -0.019930849549215032 -0.017518043553903125 2.8807679485788689 0.020850086993503224 0.014985075851502827 0.024802315006906887 0.92633718828834988 0.038552631888611605 0.0077530746378152446 0.037459447357363403 -0.13648052850237405
decision_type=8 8 10 2 2 8 8 10 10 10 10 10 10 10
left_child=1 -1 -3 -4 -5 13 8 -8 9 10 12 -12 -7 -6
right_child=-2 2 3 4 5 6 7 -9 -10 -11 11 -13 -14 -15
leaf_value=0.00045681704501099562 -8.6449520874864804e-06 -0.00026898851243978636 0.00018523195411603412 -0.00028289800680552919 -0.00052110339084527257 -3.7846347352152802e-05 -0.00010120481990758027 0.00032447874119194843 0.00017917992231697297 -0.00047420549504458904 -0.00016500516775995493 0.00041271423381355511 0.00052584899903740736 -6.5699577726333091e-05
leaf_weight=29 6548 56 204 60 33 362 319 36 410 25 25 72 20 131
leaf_count=29 6548 56 204 60 33 362 319 36 410 25 25 72 20 131
internal_value=-1.46794e-13 3.17661e-05 2.47344e-05 3.44271e-05 1.38215e-05 2.62452e-05 4.99704e-05 -5.80369e-05 9.19207e-05 2.0936e-05 4.67785e-05 0.000263817 -8.3335e-06 -0.000157336
internal_weight=8330 1782 1753 1697 1493 1433 1269 355 914 504 479 97 382 164
internal_count=8330 1782 1753 1697 1493 1433 1269 355 914 504 479 97 382 164
is_linear=0
shrinkage=0.04


Tree=70
num_leaves=15
num_cat=0
split_feature=100 72 10 43 23 68 67 40 86 78 89 21 67 18
split_gain=0.0013987 0.00418974 0.00424478 0.0043393 0.0034595 0.0030071 0.00439488 0.00387049 0.00377074 0.00298003 0.00271713 0.00224074 0.00223733 0.0021466
threshold=3.5000000000000004 0.83156028368794332 0.043937265965547319 0.064262865536058561 0.010198639577790162 4.0811735835836478 4.3288018703655924 0.005669398075347388 0.31916155304256805 0.0010721045754965577 8.162277902657097e-12 0.014542333792220804 4.2636652849077761 0.016692992661045212
decision_type=2 10 10 10 10 8 8 10 10 10 8 10 10 8
left_child=13 2 5 10 -3 7 12 -2 -8 -6 -4 -5 -7 -1
right_child=1 4 3 11 9 6 8 -9 -10 -11 -12 -13 -14 -15
leaf_value=7.0645748276504085e-05 5.7169850299908799e-05 0.00023974403317662932 -0.00017432293225563348 0.00036910303635522723 -0.00062825713209026756 -0.00011258735298584864 4.0258841783495488e-05 0.00063007984149815704 0.0005969971513453251 -5.8963184689803582e-05 0.00040971837583929301 0.00096786685287952423 -0.00056522766172531101 -1.0035877421409122e-05
leaf_weight=569 54 21 26 20 31 104 103 29 24 28 25 20 21 7255
leaf_count=569 54 21 26 20 31 104 103 29 24 28 25 20 21 7255
internal_value=-6.02035e-14 6.44523e-05 0.000114331 0.000356593 -0.000201154 4.8523e-05 -2.02551e-05 0.000257343 0.000145469 -0.000358084 0.000111972 0.000668485 -0.000188631 -4.16831e-06
internal_weight=8330 506 426 91 80 335 252 83 127 59 51 40 125 7824
internal_count=8330 506 426 91 80 335 252 83 127 59 51 40 125 7824
is_linear=0
shrinkage=0.04


Tree=71
num_leaves=15
num_cat=0
split_feature=8 25 19 1 24 6 30 81 73 16 66 7 96 56
split_gain=0.00138429 0.00173715 0.00438147 0.00318067 0.00219308 0.00186188 0.00392317 0.0032746 0.0043086 0.00301117 0.00303936 0.00279169 0.0027015 0.00320545
threshold=0.84461996896509506 0.0087416475762478688 0.016827961778516972 0.0081410916265062267 0.0078294833658745736 0.10358670632710444 -0.095514217394880571 0.65856388367427043 0.43650124855468558 0.020389964301328029 4.5230677294284041 0.28083620477952603 0.5982456140350878 7919386572.9336128
decision_type=10 8 10 10 8 10 10 2 10 10 10 10 10 10
left_child=1 2 -1 -4 -3 11 9 8 12 10 -7 -6 -8 -14
right_child=-2 4 3 -5 5 6 7 -9 -10 -11 -12 -13 13 -15
leaf_value=0.00055167759695905259 -0.00028077796966369663 -0.00027992905072298728 0.00024976309936712771 -0.00018328258532886231 -7.5151968807808426e-06 0.00074101614215666604 9.5642806700409181e-05 -4.8409506226307709e-05 0.00058759268801659352 1.9890120766388298e-05 0.00014143826721313722 -0.000330895493077764 -0.00018791404854174985 0.00010789774131093138
leaf_weight=32 28 45 51 58 6401 31 689 625 25 39 24 43 136 103
leaf_count=32 28 45 51 58 6401 31 689 625 25 39 24 43 136 103
internal_value=-8.8744e-14 9.46975e-07 0.00014015 1.93351e-05 -1.45808e-06 8.59264e-08 3.76978e-05 2.27433e-05 6.9407e-05 0.000288742 0.000479382 -9.67307e-06 5.54473e-05 -6.04303e-05
internal_weight=8330 8302 141 109 8161 8116 1672 1578 953 94 55 6444 928 239
internal_count=8330 8302 141 109 8161 8116 1672 1578 953 94 55 6444 928 239
is_linear=0
shrinkage=0.04


Tree=72
num_leaves=15
num_cat=0
split_feature=43 66 25 84 84 16 45 73 59 51 27 59 55 69
split_gain=0.00139347 0.00350799 0.00375281 0.00528191 0.00461347 0.00421374 0.00362306 0.00360962 0.00306797 0.0038166 0.00434875 0.00334612 0.00299719 0.00359361
threshold=0.10507593949496685 4.4763991116045654 0.011470919099843425 0.73773469490623411 0.76823781834485683 0.014640160675652892 0.33478369981690842 0.039695526915806918 23667926521.046307 0.01443257092981798 0.006965197988682819 25055887063.718124 8532283656.9675207 0.57769797623986119
decision_type=10 10 8 2 2 10 10 10 8 10 10 8 8 10
left_child=1 2 3 5 6 -1 12 -3 9 10 -2 -10 -4 -14
right_child=8 7 4 -5 -6 -7 -8 -9 11 -11 -12 -13 13 -15
leaf_value=-0.00016765585248099845 -0.00063669909504824316 -0.00020284921533752684 0.00013981550653796766 0.00085226417356170715 -0.00040334408498084591 0.00028099486198045675 -0.00039989027481239573 6.5968587307349566e-05 -0.00044081884335994004 2.1910339413698481e-06 -3.7167899539855742e-05 -7.4181488615980765e-05 -0.00015180996132472421 0.00029245199409086962
leaf_weight=45 32 165 424 20 36 131 26 155 47 6765 49 261 137 37
leaf_count=45 32 165 424 20 36 131 26 155 47 6765 49 261 137 37
internal_value=-5.92798e-14 4.03513e-05 8.25912e-05 0.000236281 3.695e-05 0.000166283 6.23516e-05 -7.26406e-05 -6.63309e-06 -1.07702e-06 -0.00027402 -0.000130129 8.24491e-05 -5.73405e-05
internal_weight=8330 1176 856 196 660 176 624 320 7154 6846 81 308 598 174
internal_count=8330 1176 856 196 660 176 624 320 7154 6846 81 308 598 174
is_linear=0
shrinkage=0.04


Tree=73
num_leaves=15
num_cat=0
split_feature=51 5 28 39 73 45 39 31 88 42 71 49 88 69
split_gain=0.00134808 0.0021247 0.00197338 0.00246181 0.00193457 0.0017265 0.00283848 0.00215472 0.00294853 0.00281347 0.00213075 0.00202062 0.00531954 0.00339179
threshold=0.29904924943815264 0.21632114837795682 0.014890551270639837 0.049967600565871025 0.10260874548466493 0.96756757918734249 0.064743648011308844 -0.11837257580943288 -0.24053733471191827 0.1778501590437627 0.45576923076923087 -0.012464700648154357 -0.19402119586491196 -0.98746247472741988
decision_type=10 10 10 10 10 10 10 10 10 10 10 10 10 10
left_child=1 5 4 -4 -3 11 7 -7 9 -9 -10 -1 13 -13
right_child=-2 2 3 -5 -6 6 -8 8 10 -11 -12 12 -14 -15
leaf_value=-2.0322091145917394e-06 -0.00025912380981026219 -0.00020146647727415257 0.00068885250859672127 0.00012017809288126641 0.00020536644037605988 0.00028264167364686727 -0.00049508975469507281 -0.00016450541735468235 -0.00066331213043833331 0.00033649718292571342 -0.00011268566382805939 -0.00012920918913247685 -8.798572782931539e-05 0.00043983053843103668
leaf_weight=7797 32 32 21 29 45 25 28 47 22 29 23 21 96 83
leaf_count=7797 32 32 21 29 45 25 28 47 22 29 23 21 96 83
internal_value=7.74807e-14 9.99272e-07 0.000163351 0.000359021 3.6293e-05 -1.52413e-06 -0.000126175 -5.54242e-05 -0.000125273 2.66666e-05 -0.000381881 1.18804e-06 0.00012673 0.000324928
internal_weight=8330 8298 127 50 77 8171 174 146 121 76 45 7997 200 104
internal_count=8330 8298 127 50 77 8171 174 146 121 76 45 7997 200 104
is_linear=0
shrinkage=0.04


Tree=74
num_leaves=15
num_cat=0
split_feature=78 58 88 65 67 2 85 82 2 78 40 68 7 59
split_gain=0.00134093 0.00336105 0.00210982 0.00225382 0.00244117 0.00206353 0.00189033 0.00587401 0.00291749 0.00368589 0.00261002 0.00335448 0.00214888 0.00190629
threshold=-0.0058790555968388216 17055936419.125437 0.80221040320739612 4.6368369800518137 4.1443805281466242 0.0010997334349651668 1.0304043436034265 0.29804950497554689 0.0034064325101709207 1.9074238320371254e-05 0.021671291340326419 4.1934190314433808 0.053263351002271871 20799594214.137218
decision_type=8 8 8 10 10 10 10 2 10 10 8 8 10 10
left_child=1 2 3 4 5 -1 13 8 9 -8 11 -9 -12 -2
right_child=6 -3 -4 -5 -6 -7 7 10 -10 -11 12 -13 -14 -15
leaf_value=-0.000244398868849708 -2.4495385783480272e-06 0.00054659557024327424 -0.00030657125881892474 -0.00018903524977812434 0.00039970737702484864 0.00020594686888748915 0.00087788801193237301 -0.00032305736061451695 0.00011743820291470553 0.00022025788816002509 -0.00063183633433211417 0.00031993365443614655 -7.7775942724353327e-05 -0.0001245965123456526
leaf_weight=27 7706 24 24 34 48 41 25 21 61 30 21 34 24 210
leaf_count=27 7706 24 24 34 48 41 25 21 61 30 21 34 24 210
internal_value=8.63747e-14 0.00010285 4.16442e-05 9.73587e-05 0.000181302 2.71331e-05 -2.50423e-06 0.000114245 0.00030792 0.000519181 -0.000110416 7.4428e-05 -0.000336337 -5.68992e-06
internal_weight=8330 198 174 150 116 68 8132 216 116 55 100 55 45 7916
internal_count=8330 198 174 150 116 68 8132 216 116 55 100 55 45 7916
is_linear=0
shrinkage=0.04


Tree=75
num_leaves=15
num_cat=0
split_feature=1 73 68 70 26 74 8 70 83 70 45 99 23 12
split_gain=0.00133582 0.00365323 0.00405441 0.00315956 0.00378895 0.00355376 0.00441408 0.00405839 0.00379953 0.00394496 0.00343879 0.00319086 0.00312827 0.0032854
threshold=0.019546920579825548 -0.0024384930490538577 4.3393168712637378 -0.4140301186869903 0.0064289226101160619 -0.10048702218146198 0.25082090582832334 -1.2713040087320564 0.23776722796568783 -1.5684501554972943 0.19605582121281723 2.5000000000000004 0.0075151658089065805 -0.0061938961245902027
decision_type=10 8 10 8 8 10 8 10 2 10 10 2 10 10
left_child=-1 2 12 5 -5 6 -3 8 11 -10 -9 -7 -2 -14
right_child=1 3 -4 4 -6 7 -8 10 9 -11 -12 -13 13 -15
leaf_value=9.0985365273224733e-06 -0.00027576563976230344 0.00013032563067760995 -0.00021707734906378778 -0.00052063890315669898 -8.712174099230196e-06 -0.00010490433926073213 0.00087216595523170238 0.00062831045050794885 -0.00035339012869041073 0.0003026278555460687 0.00011663719808328732 -0.00073912940517237237 3.996805679849653e-05 -0.00017767998078736439
leaf_weight=6298 77 33 264 24 640 30 21 24 22 44 169 22 521 141
leaf_count=6298 77 33 264 24 640 30 21 24 22 44 169 22 521 141
internal_value=-2.73951e-13 -2.82001e-05 -8.25243e-05 2.47515e-05 -2.72155e-05 0.000119289 0.000418819 6.72804e-05 -0.000117516 8.39552e-05 0.000180265 -0.00037323 -3.44567e-05 -6.389e-06
internal_weight=8330 2032 1003 1029 664 365 54 311 118 66 193 52 739 662
internal_count=8330 2032 1003 1029 664 365 54 311 118 66 193 52 739 662
is_linear=0
shrinkage=0.04


Tree=76
num_leaves=15
num_cat=0
split_feature=86 59 85 78 78 28 68 74 74 29 32 17 41 11
split_gain=0.00132755 0.00167854 0.0014965 0.00484711 0.00325974 0.00462229 0.00365217 0.00361317 0.00193922 0.0036134 0.00187005 0.00384194 0.00420066 0.00362413
threshold=0.74478213189528897 6699892652.6299143 1.0304043436034265 -0.0033713548809856659 -8.7725945473182674e-05 0.014705872608120816 4.2335639460590189 -0.026504429455761421 -0.40870405880180272 0.011337547599419994 -0.13715103826268252 0.016599718075266483 -0.046994836345330242 -0.012023497408732207
decision_type=10 10 10 10 10 10 10 10 8 10 10 10 10 10
left_child=2 -2 8 -4 5 -5 -6 -8 9 -1 -10 13 -13 -12
right_child=1 -3 3 4 6 -7 7 -9 10 -11 11 12 -14 -15
leaf_value=2.9458059131034784e-05 2.3724441266348285e-05 -0.00039253055118024352 -0.00043542339334912269 0.00078051705527568951 -0.00021497694261294481 0.00011725632941670483 -7.7115465010138003e-05 0.00056070604875155066 -1.0159675856816967e-05 -0.0006077843380626291 -5.1749965966925684e-06 0.00047117483366521134 7.9891244876976495e-07 0.00027870564980580787
leaf_weight=35 31 31 23 29 48 40 27 30 6168 24 119 31 1512 182
leaf_count=35 31 31 23 29 48 40 27 30 6168 24 119 31 1512 182
internal_value=-3.12821e-13 -0.000184403 1.3828e-06 0.000110308 0.000182445 0.000396018 4.20969e-05 0.00025858 -1.27589e-06 -0.000229759 4.06652e-07 3.575e-05 1.02491e-05 0.000166474
internal_weight=8330 62 8268 197 174 69 105 57 8071 59 8012 1844 1543 301
internal_count=8330 62 8268 197 174 69 105 57 8071 59 8012 1844 1543 301
is_linear=0
shrinkage=0.04


Tree=77
num_leaves=15
num_cat=0
split_feature=22 38 78 61 13 21 21 1 36 89 98 72 70 20
split_gain=0.00133786 0.00368936 0.00242647 0.00264486 0.00192302 0.00188159 0.00290825 0.00187128 0.00319913 0.00315885 0.00313437 0.00303516 0.00429686 0.00307403
threshold=0.020682250319322099 -0.1688895317617978 0.0015073304723023375 -0.05281540431072853 0.14577853922662845 0.024757493772795833 0.023756251905728765 -0.031426033533817059 -0.17476152925543256 4.943390665660493e-11 0.48556910569105699 0.83156028368794332 0.77613485952044059 0.022403675760759936
decision_type=10 10 10 10 10 10 10 10 8 10 8 10 10 10
left_child=4 -2 3 -3 5 6 7 9 -9 10 -1 12 13 -12
right_child=1 2 -4 -5 -6 -7 -8 8 -10 -11 11 -13 -14 -15
leaf_value=-4.699728691905746e-05 0.00052551782673931327 6.0612588990252555e-05 0.00032399077423313563 -0.000483048766089434 -0.00023345706453383491 -0.00033367671382923924 0.00044046720276431494 0.00048538988456130026 -9.0415242104288851e-06 -0.00033911432854438317 0.0001320495607387227 -9.8832116151849428e-05 0.00049062299211004334 -0.00037387511698761959
leaf_weight=280 29 41 27 22 57 27 24 21 7114 32 490 93 53 20
leaf_count=280 29 41 27 22 57 27 24 21 7114 32 490 93 53 20
internal_value=-2.60666e-14 0.000133158 6.73105e-06 -0.000129237 -1.92983e-06 -3.11351e-07 7.96175e-07 -5.06072e-07 -7.5863e-06 5.16813e-05 6.50419e-05 0.000112863 0.000147833 0.000112209
internal_weight=8330 119 90 63 8211 8154 8127 8103 7135 968 936 656 563 510
internal_count=8330 119 90 63 8211 8154 8127 8103 7135 968 936 656 563 510
is_linear=0
shrinkage=0.04


Tree=78
num_leaves=15
num_cat=0
split_feature=40 8 33 40 61 39 85 33 33 76 87 53 88 25
split_gain=0.00133394 0.00298997 0.00445396 0.00305997 0.00359229 0.00295286 0.00294446 0.00278573 0.00286786 0.00395469 0.00297661 0.00267549 0.00268479 0.00331013
threshold=0.031280523424366831 -0.29526701603452044 -0.001546237388536764 0.034828428077445912 1.198037484956493 0.044973914355395335 -0.99788524191859473 -0.018530943365855253 -0.0031083841512944961 -0.069903622841944388 -0.73638975947370089 0.063051122243307459 0.21747384057491323 0.010537625232911437
decision_type=10 8 10 10 10 10 10 8 10 8 10 8 10 8
left_child=-1 2 -2 4 7 -4 -5 -3 -9 -10 -11 -8 -13 -14
right_child=1 3 5 6 -6 -7 11 8 9 10 -12 12 13 -15
leaf_value=-9.8026830777269572e-06 0.00062247103023709677 0.00050415196294045967 0.00028532343314446765 -0.00044730976385914766 0.00058066100026641428 -0.00033748991238618533 0.0004190753510221839 -0.00024682623927392772 -0.00023923573792703319 0.00064402455407953658 9.7665006999308489e-05 2.8643661478444244e-05 -0.0002881384946938072 -2.6005202665668009e-05
leaf_weight=6058 33 23 29 23 29 21 25 42 29 27 39 1493 98 361
leaf_count=6058 33 23 29 23 29 21 25 42 29 27 39 1493 98 361
internal_value=4.86116e-14 2.61376e-05 0.000261791 1.72024e-05 0.000171046 2.37418e-05 2.66415e-06 9.68035e-05 2.84165e-05 0.000150103 0.000321176 7.89905e-06 2.63296e-06 -8.19727e-05
internal_weight=8330 2272 83 2189 189 50 2000 160 137 95 66 1977 1952 459
internal_count=8330 2272 83 2189 189 50 2000 160 137 95 66 1977 1952 459
is_linear=0
shrinkage=0.04


Tree=79
num_leaves=15
num_cat=0
split_feature=78 67 16 25 82 4 39 64 86 26 3 55 34 88
split_gain=0.00131851 0.00135151 0.00482041 0.00460734 0.00362412 0.00323949 0.0024031 0.0022688 0.0022737 0.00351563 0.0027585 0.00412945 0.00242594 0.00260875
threshold=0.0082698890721880653 4.7531875892322262 0.020106525161563731 0.011453022684642027 0.52132104251307154 -0.080921076647574405 0.0063077718667609037 6.6896026058607552 0.53595671904628794 0.0035035004511145625 -0.016510317143706762 5727396883.8285322 0.0016235740142588331 0.046295600533008213
decision_type=10 10 10 8 2 10 10 10 10 10 10 10 10 10
left_child=1 7 3 4 6 -5 -3 8 -1 -10 11 -11 -12 -14
right_child=-2 2 -4 5 -6 -7 -8 -9 9 10 12 -13 13 -15
leaf_value=2.3749309637805613e-06 -0.00025626619739341553 0.00020502585010774511 0.00030127932291443103 0.00016188534861430524 0.00060510811655694848 -0.00042980090284050167 -0.0001340989831307005 -0.00040798334800704403 0.00030746654678995793 -0.00079170881627270808 0.00016672795749313776 -0.00013015700400703482 0.0001414892267435789 -0.00034253825223253621
leaf_weight=7721 32 64 107 20 20 57 70 22 26 26 42 36 25 62
leaf_count=7721 32 64 107 20 20 57 70 22 26 26 42 36 25 62
internal_value=3.69003e-13 9.88253e-07 7.93279e-05 -2.34808e-05 0.000102837 -0.000276116 2.78711e-05 -2.33823e-06 -1.21399e-06 -0.00012891 -0.000188312 -0.000407582 -8.29269e-05 -0.00020345
internal_weight=8330 8298 338 231 154 77 134 7960 7938 217 191 62 129 87
internal_count=8330 8298 338 231 154 77 134 7960 7938 217 191 62 129 87
is_linear=0
shrinkage=0.04


Tree=80
num_leaves=15
num_cat=0
split_feature=3 34 31 43 66 73 25 22 89 49 84 82 55 16
split_gain=0.00131167 0.00210563 0.00157834 0.00146891 0.00439172 0.00353604 0.00324165 0.00528151 0.00365289 0.00356294 0.00332517 0.00322808 0.00309339 0.00338995
threshold=-0.11766420882263777 -0.082584725575961845 -0.26245896018805609 0.10507593949496685 4.4763991116045654 0.039695526915806918 0.011470919099843425 0.010202908685049901 9.025871029686998e-12 -0.1121362349177442 0.76823781834485683 0.18443266485542326 8297158506.0840387 0.017121404632880765
decision_type=8 8 10 10 10 10 8 10 10 10 2 2 8 10
left_child=-1 2 -2 4 6 -6 7 -3 11 10 12 -9 13 -8
right_child=1 3 -4 -5 5 -7 9 8 -10 -11 -12 -13 -14 -15
leaf_value=0.000251682714918967 -0.00052914639092272234 -0.00010816780229409536 -3.2637448632158339e-05 -6.2133936431284394e-06 -0.00021822895555887492 5.5731854073859852e-05 0.00031923628992346016 0.00078350562229067753 -0.00012930716015398502 -0.00046395903164964353 -0.00034422445739619434 0.00031909807097960124 -4.8470456447086984e-05 6.7774257210260203e-05
leaf_weight=33 21 51 20 7151 157 145 129 34 20 21 30 81 181 256
leaf_count=33 21 51 20 7151 157 145 129 34 20 21 30 81 181 256
internal_value=3.79249e-14 -1.00103e-06 -0.000286947 4.19004e-07 4.33405e-05 -8.66915e-05 9.22442e-05 0.000238621 0.00036963 4.81178e-05 6.61607e-05 0.000456401 8.79126e-05 0.00015203
internal_weight=8330 8297 41 8256 1105 302 803 186 135 617 596 115 566 385
internal_count=8330 8297 41 8256 1105 302 803 186 135 617 596 115 566 385
is_linear=0
shrinkage=0.04


Tree=81
num_leaves=15
num_cat=0
split_feature=84 67 78 75 78 83 56 60 74 76 6 67 17 73
split_gain=0.00129544 0.00207237 0.00243708 0.00276409 0.00150574 0.00151343 0.00346138 0.0037065 0.00421672 0.00364946 0.00365428 0.00343543 0.00337264 0.00339078
threshold=0.021223287948237173 4.035390902480942 0.00096550169652875894 0.04857024240720665 0.0082698890721880653 0.30554635346887754 7614618214.2732382 -1.633196204725893 0.052025295971367964 -0.27103241410719209 0.2023303809470868 4.3005301047159392 0.016599718075266483 -0.32020762945496822
decision_type=2 10 10 10 10 2 10 8 8 8 10 10 10 8
left_child=1 -1 3 -3 5 -2 7 8 -7 -8 -11 -12 13 -9
right_child=4 2 -4 -5 -6 6 9 12 -10 10 11 -13 -14 -15
leaf_value=-0.00012964901086446402 1.3813887499069999e-05 0.00061537405414342436 -4.2038416756050927e-05 6.7494032241833906e-05 -0.00028024954107334655 -1.5062000436176146e-05 0.00038296782101194062 0.00043993575110410656 -0.00076488184254793899 -0.00011623946437959437 0.00024925757699431573 -0.00012411721956754186 -1.039214944630388e-05 7.5120215861268732e-05
leaf_weight=37 4708 34 35 26 31 28 27 45 21 990 92 69 1754 433
leaf_count=37 4708 34 35 26 31 28 27 45 21 990 92 69 1754 433
internal_value=-1.12727e-13 0.000124312 0.000223223 0.000377959 -2.00161e-06 -9.45448e-07 -2.10342e-05 7.72121e-06 -0.000336413 -7.67142e-05 -8.74974e-05 8.92398e-05 1.52761e-05 0.000109465
internal_weight=8330 132 95 60 8198 8167 3459 2281 49 1178 1151 161 2232 478
internal_count=8330 132 95 60 8198 8167 3459 2281 49 1178 1151 161 2232 478
is_linear=0
shrinkage=0.04


Tree=82
num_leaves=15
num_cat=0
split_feature=8 54 40 53 64 34 96 20 85 78 55 84 42 67
split_gain=0.00130316 0.00162137 0.00359932 0.00278039 0.00244188 0.00237148 0.00236294 0.00489186 0.00215999 0.00226018 0.00214182 0.0022083 0.00206993 0.0020155
threshold=0.84461996896509506 0.6291161835453799 0.0032047684601074215 0.46706680593336652 4.1580137080315351 1.0000000180025095e-35 0.64166666666666672 0.019317386100885459 -0.13314566605295755 0.00010637139934632779 10419084042.575052 0.47281473229216781 0.33573200193983593 3.2816545650157782
decision_type=10 10 10 10 10 10 10 10 10 10 10 2 10 8
left_child=1 3 -3 6 8 -6 12 -8 -4 -10 11 -7 13 -1
right_child=-2 2 4 -5 5 10 7 -9 9 -11 -12 -13 -14 -15
leaf_value=0.00036082840000744909 -0.00027242598531302065 -0.0002996805224525319 3.9647820151664997e-07 -0.00032323225647709223 0.00040998306125402453 -0.00043530523595109117 -0.0006428001729633522 0.00013370966226793825 0.00015427987507651917 0.0005642371517024003 0.00013802558630810713 4.6620055519301312e-05 -0.00034858789053504114 1.1029712346260146e-06
leaf_weight=25 28 33 33 43 22 32 27 25 39 48 55 29 27 7864
leaf_count=25 28 33 33 43 22 32 27 25 39 48 55 29 27 7864
internal_value=-1.65928e-13 9.18806e-07 9.36673e-05 -2.45029e-06 0.000143979 2.92264e-05 -7.19159e-07 -0.000269478 0.000275945 0.000380463 -4.2986e-05 -0.000206193 1.04631e-06 2.24293e-06
internal_weight=8330 8302 291 8011 258 138 7968 52 120 87 116 61 7916 7889
internal_count=8330 8302 291 8011 258 138 7968 52 120 87 116 61 7916 7889
is_linear=0
shrinkage=0.04


Tree=83
num_leaves=15
num_cat=0
split_feature=82 80 20 81 35 66 56 39 39 80 73 72 42 26
split_gain=0.00129397 0.00336415 0.00562516 0.00322124 0.00402995 0.00448055 0.00396858 0.00365823 0.00512418 0.00368773 0.00416628 0.00364766 0.00351327 0.00349257
threshold=0.15061408227036152 0.018034859244533828 0.018919765886023766 0.90941193188084368 -0.0067484550111626121 4.5155573515967147 13291775544.324007 -0.041565003048532494 -0.060544699952424889 0.049294814222745932 -0.042727944575542624 0.36811594202898551 -0.02051330954110164 0.019514113819193123
decision_type=2 10 10 2 10 8 10 10 8 10 8 8 10 10
left_child=1 2 -1 7 5 -5 13 8 -3 -9 -11 -10 -12 -6
right_child=-2 3 -4 4 6 -7 -8 9 11 10 12 -13 -14 -15
leaf_value=0.00053233271921230467 7.8352456058780379e-06 9.1224349267907787e-05 -4.9804185357278408e-05 8.914501958427798e-05 8.7042207792742049e-05 0.00065078769387169318 -0.00046935548411746478 -9.27987242771202e-05 -0.00076336116557393005 -9.6225736076058362e-05 0.00042822004286184292 -0.00025337827882277922 -1.9299060349231183e-05 -0.0003622769574576523
leaf_weight=44 6680 44 67 73 205 33 29 804 34 101 72 66 46 32
leaf_count=44 6680 44 67 73 205 33 29 804 34 101 72 66 46 32
internal_value=-1.07561e-13 -3.17209e-05 0.000180953 -4.70599e-05 5.54383e-05 0.000263996 -2.76711e-05 -7.97329e-05 -0.000268496 -5.31622e-05 9.23529e-05 -0.000426772 0.000253763 2.63746e-05
internal_weight=8330 1650 111 1539 372 106 266 1167 144 1023 219 100 118 237
internal_count=8330 1650 111 1539 372 106 266 1167 144 1023 219 100 118 237
is_linear=0
shrinkage=0.04


Tree=84
num_leaves=15
num_cat=0
split_feature=69 31 69 77 34 85 66 21 42 74 88 26 27 64
split_gain=0.00129029 0.00337716 0.00218563 0.002004 0.00258194 0.00197835 0.0017715 0.00408798 0.00375896 0.00283872 0.00293446 0.00266957 0.00214059 0.00206
threshold=1.7586296452529255 -0.10656315002040155 1.6635637331652045 -0.0097253205024653826 -0.0018726444313798549 -0.21103558699819394 3.2970998782579612 0.0023796908891704324 -0.18990069647291494 0.016390232429579824 -0.48908470574785762 0.011040932388324265 0.0080171189494436749 3.3815866114980158
decision_type=10 10 10 2 10 10 8 10 8 10 8 10 8 8
left_child=2 3 6 -2 -5 -4 7 -1 11 10 -10 -9 -11 -8
right_child=1 -3 5 4 -6 -7 13 8 9 12 -12 -13 -14 -15
leaf_value=-0.00057690036429378859 -0.00059806283097714192 0.00027686868445016445 -9.531907914788463e-05 0.00019885500261027897 -0.00037943792110309001 0.00038448102008921772 4.4057297807305084e-05 0.00063233788870275024 6.7771736817855033e-05 0.00035455030326265839 -0.00039313112262352187 -2.1215026732534171e-05 -7.0127837575052542e-05 -6.8933408614088251e-06
leaf_weight=26 22 23 20 21 30 44 1590 20 31 25 77 20 79 6302
leaf_count=26 22 23 20 21 30 44 1590 20 31 25 77 20 79 6302
internal_value=1.40313e-13 -0.000145798 1.69985e-06 -0.000278967 -0.000141317 0.000234543 -1.24137e-07 -9.9365e-05 -5.00955e-05 -0.000117201 -0.000260835 0.000305561 3.19583e-05 3.37168e-06
internal_weight=8330 96 8234 73 51 64 8170 278 252 212 108 40 104 7892
internal_count=8330 96 8234 73 51 64 8170 278 252 212 108 40 104 7892
is_linear=0
shrinkage=0.04


Tree=85
num_leaves=15
num_cat=0
split_feature=89 16 56 12 18 18 23 21 68 3 27 62 40 83
split_gain=0.00126019 0.00508892 0.00342751 0.00397829 0.00367789 0.0047317 0.003359 0.00328609 0.00320495 0.00313659 0.00361703 0.0032749 0.00337448 0.00429405
threshold=1.3264664959260474e-11 0.02159050141451584 2599439012.0704255 -0.053862842397421555 0.019735147690655538 0.020323411421557889 0.013823786570132623 0.01978984841526606 4.1995295089245355 0.044840657351964637 0.014027016175886626 0.91153846153846174 -0.010616890723630311 0.18278467917724517
decision_type=10 10 10 10 8 8 10 10 10 10 10 10 8 2
left_child=-1 6 3 -3 -5 -6 9 -7 -8 10 11 12 13 -2
right_child=1 2 -4 4 5 7 8 -9 -10 -11 -12 -13 -14 -15
leaf_value=5.8245886105227439e-06 0.00043718441637222074 -0.00015428968854095849 -0.00016740808160975576 0.00058638003441904276 -0.00032153149011234444 0.00030043004594028925 -0.00046729522494454124 -0.00015274910902183863 0.00010778183303773403 -0.00033450703607209453 0.00048803221527487042 -0.00043346425267476923 -0.00014413307369199344 -8.2109041863220497e-06
leaf_weight=7306 43 61 75 35 30 147 69 31 20 65 20 35 215 178
leaf_count=7306 43 61 75 35 30 147 69 31 20 65 20 35 215 178
internal_value=6.1636e-14 -4.15571e-05 7.47706e-05 0.000134519 0.000207018 0.000143183 -0.000109911 0.000221506 -0.000338064 -7.33899e-05 -3.88225e-05 -6.11942e-05 -3.13101e-05 7.84497e-05
internal_weight=8330 1024 379 304 243 208 645 178 89 556 491 471 436 221
internal_count=8330 1024 379 304 243 208 645 178 89 556 491 471 436 221
is_linear=0
shrinkage=0.04


Tree=86
num_leaves=15
num_cat=0
split_feature=29 5 39 95 17 99 78 39 40 73 37 27 81 69
split_gain=0.00127457 0.00250934 0.00249857 0.00232155 0.00238823 0.00255891 0.00297873 0.00253894 0.00348404 0.00282971 0.00224841 0.0022617 0.00216504 0.00337672
threshold=0.013258362883235113 0.17526843434802367 0.085545479530392612 0.63931888544891657 0.021063564707304212 1.5000000000000002 -0.00061547780975329525 0.049967600565871025 0.092089189451928802 0.13060752059240446 0.18291957080387214 0.013553312843077743 0.048328343366081841 0.46957884451851889
decision_type=8 10 10 10 10 2 10 10 10 10 10 10 2 10
left_child=1 2 10 -3 5 6 -5 9 -9 -7 12 -12 13 -1
right_child=-2 3 -4 4 -6 7 -8 8 -10 -11 11 -13 -14 -15
leaf_value=-3.3814630202822766e-05 -3.4167984289968019e-05 -0.00025611585493953454 0.0003180607823305763 0.00065396553263641333 0.00056005434191320092 -0.00011073414634059494 0.00012038337039523461 0.0001380431140899997 -0.00056605379856394041 0.00050350896645492559 -0.00055804543824785431 1.6111357558873438e-05 5.4790607517105253e-06 -0.00058850564762251455
leaf_weight=59 1444 21 40 26 24 24 47 22 23 24 23 21 6507 25
leaf_count=59 1444 21 40 26 24 24 47 22 23 24 23 21 6507 25
internal_value=-3.82403e-14 7.16506e-06 2.87195e-06 0.000142978 0.000187088 0.000133165 0.000310426 -5.9752e-06 -0.000221829 0.000196387 9.71792e-07 -0.000284016 2.8743e-06 -0.000198901
internal_weight=8330 6886 6675 211 190 166 73 93 45 48 6635 44 6591 84
internal_count=8330 6886 6675 211 190 166 73 93 45 48 6635 44 6591 84
is_linear=0
shrinkage=0.04


Tree=87
num_leaves=15
num_cat=0
split_feature=100 51 72 10 78 43 68 67 54 40 70 3 10 89
split_gain=0.00126288 0.00392038 0.00423621 0.00341618 0.00387095 0.00441904 0.00216736 0.00347354 0.00351594 0.00280565 0.00271009 0.00280808 0.0020574 0.00456857
threshold=3.5000000000000004 0.10052997817609534 0.83156028368794332 0.043937265965547319 0.0022833703742681792 0.064262865536058561 4.0811735835836478 4.3288018703655924 0.013496826921996276 0.015767644159115472 0.093266719996534034 -0.045544308862386466 0.054095064455872595 3.5949566411733884e-11
decision_type=2 8 10 10 10 10 8 8 10 10 10 10 10 8
left_child=12 2 3 6 5 -5 10 -8 -9 -10 11 -2 -1 -14
right_child=1 -3 -4 4 -6 -7 7 8 9 -11 -12 -13 13 -15
leaf_value=-9.5011722045090562e-07 0.00033409958024724172 0.00056020452020068962 -0.00023556268059889721 0.00017219757551318156 -0.00017814125679433348 0.00082784557217282465 -0.00018455282796882481 -0.00023056019662004529 0.00041385998405467979 -7.3705922934875294e-05 0.00053410565446096437 -0.00025378599695753879 -6.5540024231926645e-05 -0.0007104412848129868
leaf_weight=7659 26 24 77 38 20 29 120 33 58 28 27 26 145 20
leaf_count=7659 26 24 77 38 20 29 120 33 58 28 27 26 145 20
internal_value=3.15517e-13 6.12432e-05 3.63987e-05 8.81049e-05 0.000310209 0.000455986 2.73405e-05 -3.26975e-05 0.000120434 0.000255118 0.000208975 4.01568e-05 -3.96077e-06 -0.00014371
internal_weight=8330 506 482 405 87 67 318 239 119 86 79 52 7824 165
internal_count=8330 506 482 405 87 67 318 239 119 86 79 52 7824 165
is_linear=0
shrinkage=0.04


Tree=88
num_leaves=15
num_cat=0
split_feature=51 5 3 35 89 3 45 39 51 64 42 73 6 30
split_gain=0.00124195 0.0018066 0.00187118 0.00229494 0.00195424 0.0018063 0.00148212 0.00261788 0.00208196 0.00417482 0.00222183 0.00200405 0.00188374 0.00347026
threshold=0.29904924943815264 0.21632114837795682 0.10479028887609533 0.085727548645087262 3.6996038067260938e-12 0.057558115465754518 0.96756757918734249 0.064743648011308844 0.14601246897537548 4.1914407227618158 0.17533596579039903 0.1058821508850817 0.10358670632710444 -0.095514217394880571
decision_type=10 10 10 10 10 10 10 10 10 10 10 10 10 10
left_child=1 6 3 -3 -5 -6 12 8 9 -8 11 -10 -1 -14
right_child=-2 2 -4 4 5 -7 7 -9 10 -11 -12 -13 13 -15
leaf_value=-8.3014341727547086e-06 -0.00024871446203178493 0.00033928067578623688 0.0004860930297714235 -0.00038789259921759371 -0.00021113235596567395 0.00028299489307442106 -0.00061105729868778818 -0.00047114891116507352 -0.00020714057384369275 9.284099780156144e-05 0.00037999851288847051 0.00026608773108039585 0.0002792135209386723 2.5814747335986502e-05
leaf_weight=6466 32 36 22 20 20 29 26 28 45 28 26 21 92 1439
leaf_count=6466 32 36 22 20 20 29 26 28 45 28 26 21 92 1439
internal_value=-5.99852e-14 9.5913e-07 0.000150665 8.03853e-05 -5.46905e-05 8.13103e-05 -1.36772e-06 -0.00011686 -4.89141e-05 -0.000246073 6.68095e-05 -5.65679e-05 1.14518e-06 4.10418e-05
internal_weight=8330 8298 127 105 69 49 8171 174 146 54 92 66 7997 1531
internal_count=8330 8298 127 105 69 49 8171 174 146 54 92 66 7997 1531
is_linear=0
shrinkage=0.04


Tree=89
num_leaves=15
num_cat=0
split_feature=42 64 83 8 60 82 81 65 41 27 64 78 70 66
split_gain=0.00124204 0.00438334 0.00332138 0.0029037 0.0031703 0.0029601 0.00226321 0.00261329 0.00216792 0.00217408 0.00189468 0.00271436 0.00187646 0.00174941
threshold=-0.21355664531766946 5.4831256497369898 0.53381115882331776 -0.32347560669291292 -0.66403593173757869 0.22514022096721839 0.57351076035595516 4.099974767563789 0.034432080588317267 0.011495947421279814 2.9166273225769421 0.0018917733836991692 -0.66132661654717306 3.2970998782579612
decision_type=8 10 2 8 10 2 2 10 10 10 10 10 10 8
left_child=1 2 3 4 -1 8 7 -6 9 -5 -7 12 -12 -2
right_child=13 -3 -4 5 6 10 -8 -9 -10 -11 11 -13 -14 -15
leaf_value=-6.3206093945426123e-05 -0.00010420463557647453 -0.00036155250615307264 0.00052550384525342712 -0.0007334694005548954 0.00075422782854056331 0.00042014037613712606 0.00010055342893422306 0.00025645462444259061 7.2971752917510459e-05 -0.00015074291227695844 -0.00045288270694436507 0.00037538431220404477 6.8875088128356301e-06 -4.317003927736224e-08
leaf_weight=57 267 35 28 20 27 21 54 45 20 21 20 23 49 7643
leaf_count=57 267 35 28 20 27 21 54 45 20 21 20 23 49 7643
internal_value=-2.78194e-13 6.703e-05 0.000105992 7.30891e-05 0.000184326 -4.39019e-05 0.000296306 0.00044312 -0.000268452 -0.000435 7.73152e-05 -9.38337e-07 -0.000126379 -3.55911e-06
internal_weight=8330 420 385 357 183 174 126 72 61 41 113 92 69 7910
internal_count=8330 420 385 357 183 174 126 72 61 41 113 92 69 7910
is_linear=0
shrinkage=0.04


Tree=90
num_leaves=15
num_cat=0
split_feature=22 38 42 15 4 43 73 66 73 24 61 42 76 84
split_gain=0.00122835 0.00333008 0.00231767 0.00246461 0.00164314 0.00174758 0.00300368 0.0031515 0.00372545 0.0035118 0.00396247 0.00438162 0.00487791 0.00405039
threshold=0.020682250319322099 -0.1688895317617978 -0.010913140688575905 0.030728694014467213 -0.14498287120961842 0.10507593949496685 0.33341975323975553 4.4763991116045654 0.039695526915806918 0.01246066661816147 -0.52336484307706199 -0.11215093697111399 -0.071871363072894476 0.4746229199803696
decision_type=10 10 10 10 8 10 10 8 8 10 10 8 10 2
left_child=4 -2 3 -3 -1 6 7 9 -9 -6 11 13 -13 -11
right_child=1 2 -4 -5 5 -7 -8 8 -10 10 -12 12 -14 -15
leaf_value=-0.00021399941918608765 0.00050035763307121296 0.00010933633217623888 0.0002449296689347217 -0.0004414233871592352 0.00020201191320147826 -7.5996102159410845e-06 -0.00017851998553318292 -0.00017505318132023535 7.7022869777768698e-05 0.00028709677601000292 -0.00013234505434853158 0.00070876177597609862 -3.6978501948001593e-05 -0.00050828464046519782
leaf_weight=58 29 26 38 26 365 7067 87 154 240 20 140 36 23 21
leaf_count=58 29 26 38 26 365 7067 87 154 240 20 140 36 23 21
internal_value=1.07161e-13 0.000127592 7.47849e-06 -0.000166044 -1.84916e-06 -3.39932e-07 4.69015e-05 6.65327e-05 -2.15043e-05 0.000123866 5.01904e-06 0.000197329 0.000418049 -0.000120294
internal_weight=8330 119 90 52 8211 8153 1086 999 394 605 240 100 59 41
internal_count=8330 119 90 52 8211 8153 1086 999 394 605 240 100 59 41
is_linear=0
shrinkage=0.04


Tree=91
num_leaves=15
num_cat=0
split_feature=8 25 19 1 66 64 24 83 20 2 20 90 34 100
split_gain=0.00122497 0.00146007 0.00397646 0.00277093 0.00242185 0.00219122 0.00192121 0.00171745 0.00166321 0.00194566 0.00183203 0.00359279 0.0018259 0.00168472
threshold=0.84461996896509506 0.0087416475762478688 0.016827961778516972 0.012264884795057608 3.9152738262988209 4.0119726361092454 0.0078294833658745736 0.27098986011689996 0.01700663778563552 0.005425002874089758 0.017327667876177653 3.4012148085484631e-12 -0.014367470276241188 3.5000000000000004
decision_type=10 8 10 10 10 10 8 2 8 10 8 10 10 2
left_child=1 2 -1 4 -4 -5 7 -3 9 12 11 -10 -8 -12
right_child=-2 6 3 5 -6 -7 8 -9 10 -11 13 -13 -14 -15
leaf_value=0.00052055684282095174 -0.00026412739919448673 1.4326791424537077e-05 -9.9908625953971893e-06 3.1306925540169077e-05 0.00052470517091696026 -0.00048763240758410611 8.5079692304134379e-05 -0.0004829785202629864 -0.00047914322058204565 -3.1043191871454787e-05 -4.6496761973678186e-06 0.00012499410392982619 0.00060766033767520084 7.2203926591647201e-05
leaf_weight=32 28 20 33 30 23 23 20 25 36 37 7486 28 23 486
leaf_count=32 28 20 33 30 23 23 20 25 36 37 7486 28 23 486
internal_value=2.71843e-13 8.90818e-07 0.000128511 1.34145e-05 0.000209616 -0.000193893 -1.31411e-06 -0.000261954 1.31037e-07 0.000181615 -1.67567e-06 -0.000214833 0.0003646 3.55786e-08
internal_weight=8330 8302 141 109 56 53 8161 45 8116 80 8036 64 43 7972
internal_count=8330 8302 141 109 56 53 8161 45 8116 80 8036 64 43 7972
is_linear=0
shrinkage=0.04


Tree=92
num_leaves=15
num_cat=0
split_feature=29 29 22 85 76 1 12 66 73 29 75 1 29 28
split_gain=0.0012359 0.0035344 0.00364741 0.00309291 0.00328454 0.00307293 0.00394113 0.00345768 0.00572425 0.00500902 0.00345852 0.00352939 0.00310516 0.00340556
threshold=0.01058423377679155 0.010544669594930398 0.011421770976186249 0.79827925190083548 -0.12659469380782659 -0.031426033533817059 0.012038464283440522 4.2319073724057477 -0.32550674901824034 0.0099018680201608169 0.10649712366807164 0.027353911022002689 0.010024068455127719 0.012361123742051627
decision_type=10 10 10 10 10 10 8 10 10 8 10 10 10 10
left_child=1 3 -3 5 -5 6 -1 -7 9 -9 12 -12 -10 -14
right_child=-2 2 -4 4 -6 7 -8 8 10 -11 11 -13 13 -15
leaf_value=0.00047526498350339969 1.0184611672977376e-05 -0.00064830539234239485 -4.5525211672712529e-05 3.1656168312543912e-05 0.00060371490589414647 -7.2076614121281784e-08 3.9638921921016466e-05 0.00067268040529193569 -0.00025646738149162098 -5.7079761634882102e-05 -5.7923250064785625e-05 0.00045797459218495839 -0.00011498067691219131 0.00044004982174374166
leaf_weight=37 5797 29 36 42 26 1230 326 27 366 34 183 24 153 20
leaf_count=37 5797 29 36 42 26 1230 326 27 366 34 183 24 153 20
internal_value=1.11914e-13 -2.33084e-05 -0.000314458 -1.56404e-05 0.000250385 -2.31777e-05 8.40416e-05 -4.22846e-05 -0.000106623 0.000265929 -0.000137087 1.89099e-06 -0.00019046 -5.08153e-05
internal_weight=8330 2533 65 2468 68 2400 363 2037 807 61 746 207 539 173
internal_count=8330 2533 65 2468 68 2400 363 2037 807 61 746 207 539 173
is_linear=0
shrinkage=0.04


Tree=93
num_leaves=15
num_cat=0
split_feature=67 16 25 4 81 75 74 3 64 29 83 96 43 9
split_gain=0.00122945 0.0043677 0.00423077 0.00387249 0.00280813 0.00243977 0.00270389 0.00206948 0.00201067 0.00186443 0.00318192 0.00294447 0.0048657 0.00377386
threshold=4.7531875892322262 0.020106525161563731 0.011825629028747354 -0.080921076647574405 0.23884970601063335 0.04142422479813624 0.070160320069712748 -0.025262915005035688 6.6896026058607552 0.013342864627815488 0.29893210496589012 0.44948979591836741 0.17818872661274085 -0.0016662348244234069
decision_type=10 10 8 10 2 10 10 10 10 10 2 10 10 10
left_child=8 2 4 -4 -2 -6 -7 -5 9 -1 -11 -12 -13 -14
right_child=1 -3 3 7 5 6 -8 -9 -10 10 11 12 13 -15
leaf_value=4.680830980329137e-06 0.00042492678114813902 0.00028464994334542466 0.00015676207677461207 -0.00025818646303378046 -0.00012966728538466507 0.00058320410503074531 -2.9304483905434609e-06 -0.00081453337636776268 -0.00038504932033406065 9.2434659079544772e-06 0.00020480991620570421 -0.00060095913234339935 -0.00028406342504442563 -4.1566799827382935e-07
leaf_weight=7091 31 108 20 23 85 20 34 20 22 498 35 39 135 169
leaf_count=7091 31 108 20 23 85 20 34 20 22 498 35 39 135 169
internal_value=1.37134e-13 7.4381e-05 -2.30826e-05 -0.000303075 8.06792e-05 3.90452e-06 0.000214156 -0.000516952 -3.17486e-06 -2.12035e-06 -5.71742e-05 -0.000144677 -0.000180339 -0.000126378
internal_weight=8330 341 233 63 170 139 54 43 7989 7967 876 378 343 304
internal_count=8330 341 233 63 170 139 54 43 7989 7967 876 378 343 304
is_linear=0
shrinkage=0.04


Tree=94
num_leaves=15
num_cat=0
split_feature=78 61 58 56 86 34 3 78 55 86 11 45 89 28
split_gain=0.00121507 0.00329858 0.00408917 0.00218159 0.00176087 0.00205549 0.00207086 0.00171233 0.00370345 0.00422054 0.00360289 0.00446289 0.00360261 0.00451132
threshold=-0.0058790555968388216 -0.87750727301377174 8502197114.2697754 3936810307.0453396 -0.090411150611000718 -0.0021574101991682078 0.029607067588338202 -0.0033713548809856659 6877259635.467742 0.44416628712743006 -0.024744341186817339 0.8898712063979991 3.1101481024665602e-12 0.011861998538569892
decision_type=8 10 8 10 10 10 10 10 8 10 10 10 10 10
left_child=1 2 -1 -3 -5 -6 -7 8 9 10 -2 -12 -10 -14
right_child=7 3 -4 4 5 6 -8 -9 12 -11 11 -13 13 -15
leaf_value=0.00010789683594147823 0.00025557972846131419 -0.00038305720757870451 0.00081451531965285543 -0.00016991222503035002 -5.8350043962835463e-05 0.00059792879173376911 5.4019855756667398e-05 3.9611112055637012e-06 -3.1812714731480665e-05 -0.00039980443786286437 2.5438376989868711e-05 -0.00056312836664305487 -0.00050045406625514135 -9.7933780740607878e-05
leaf_weight=38 105 21 20 37 37 24 21 7264 198 36 327 22 81 99
leaf_count=38 105 21 20 37 37 24 21 7264 198 36 327 22 81 99
internal_value=-4.35205e-13 9.7905e-05 0.000351558 -7.17998e-06 5.91513e-05 0.000162509 0.000344105 -2.38382e-06 -5.54824e-05 1.70866e-05 5.0144e-05 -1.16633e-05 -0.000149553 -0.000279068
internal_weight=8330 198 58 140 119 82 45 8132 868 490 454 349 378 180
internal_count=8330 198 58 140 119 82 45 8132 868 490 454 349 378 180
is_linear=0
shrinkage=0.04


Tree=95
num_leaves=15
num_cat=0
split_feature=1 75 68 75 80 57 65 70 27 90 39 89 18 75
split_gain=0.00121609 0.00321547 0.00389157 0.00312743 0.005062 0.00306914 0.00306536 0.00305202 0.00366865 0.00381615 0.0042933 0.00410175 0.0036201 0.00359925
threshold=0.019546920579825548 -0.052274365566875418 4.3393168712637378 -0.19897726941009905 0.040871275261157192 18739920575.807583 4.7424187360999488 -0.4140301186869903 0.01283018484077132 1.3834639994731784e-11 0.05366442350276391 5.5083276457911351e-12 0.016876080454719052 0.42410816525924228
decision_type=10 8 10 10 10 10 10 8 8 10 10 8 8 10
left_child=-1 2 -2 4 -4 7 -5 -3 9 10 11 12 -9 -10
right_child=1 5 3 6 -6 -7 -8 8 13 -11 -12 -13 -14 -15
leaf_value=8.6812315167676765e-06 -3.5630105595574008e-05 0.0001127912494460893 -0.000365695844933119 -0.00053308147004939462 0.00020394165843474462 -0.00029299257117090745 -0.00011040711959966839 0.00030251724668131728 3.4398373683758868e-05 -0.00050606002442405698 -0.00055243622024405607 0.0001708768365312029 -0.00019329859593956308 0.00052264065105611321
leaf_weight=6298 590 424 48 73 52 50 44 27 341 35 27 110 185 26
leaf_count=6298 590 424 48 73 52 50 44 27 341 35 27 110 185 26
internal_value=1.30352e-13 -2.69067e-05 -8.89009e-05 -0.000233739 -6.94843e-05 1.39336e-05 -0.000374127 2.69943e-05 -2.1445e-05 -0.000107874 -6.79415e-05 -2.73162e-05 -0.000130152 6.89877e-05
internal_weight=8330 2032 807 217 100 1225 117 1175 751 384 349 322 212 367
internal_count=8330 2032 807 217 100 1225 117 1175 751 384 349 322 212 367
is_linear=0
shrinkage=0.04


Tree=96
num_leaves=15
num_cat=0
split_feature=42 64 83 8 60 82 81 65 74 29 77 66 56 25
split_gain=0.00119527 0.00389096 0.00306822 0.00269811 0.0028508 0.00269437 0.00210927 0.0023692 0.00204366 0.00180155 0.00275942 0.00181112 0.00171349 0.00168566
threshold=-0.21355664531766946 5.4831256497369898 0.53381115882331776 -0.32347560669291292 -0.66403593173757869 0.22514022096721839 0.57351076035595516 4.099974767563789 0.081691496411875689 0.012500505434330058 -0.0062691724536242379 3.5937527583792543 4421089626.0934067 0.011184697758330512
decision_type=8 10 2 8 10 2 2 10 10 10 2 10 10 10
left_child=1 2 3 4 -1 8 7 -6 12 10 -7 -12 -5 -2
right_child=13 -3 -4 5 6 9 -8 -9 -10 -11 11 -13 -14 -15
leaf_value=-5.6661024108618962e-05 1.3902989150144517e-05 -0.00033803814170616018 0.00050567150249012879 -0.00016212231415556742 0.00072221048948079068 0.0005294546838242398 9.5276666726459985e-05 0.00024825315974238846 6.3369293763701403e-05 -0.0002605781547858247 0.0003443123959004879 -0.00010738233023570205 -0.00068572434870293368 -2.3093542229687448e-05
leaf_weight=57 4191 35 28 20 27 23 54 45 21 21 20 49 20 3719
leaf_count=57 4191 35 28 20 27 23 54 45 21 21 20 49 20 3719
internal_value=2.94437e-14 6.57558e-05 0.000102464 7.08403e-05 0.000178067 -4.1933e-05 0.000284254 0.000425987 -0.000256167 7.37153e-05 0.000150021 2.35437e-05 -0.000423923 -3.49146e-06
internal_weight=8330 420 385 357 183 174 126 72 61 113 92 69 40 7910
internal_count=8330 420 385 357 183 174 126 72 61 113 92 69 40 7910
is_linear=0
shrinkage=0.04


Tree=97
num_leaves=15
num_cat=0
split_feature=60 85 84 77 70 15 60 39 39 89 40 61 85 32
split_gain=0.00119674 0.00360303 0.00323946 0.0030554 0.0027004 0.00301413 0.00385382 0.0038484 0.00441385 0.00378873 0.00402386 0.00397697 0.00342917 0.00307427
threshold=1.2605853940972287 -0.49115025569201565 0.51832355063202729 0.012097294227380819 -1.5838384109780796 0.018881114532222177 1.3072241360172081 0.015837437393565693 0.021065266949957365 1.0240194757788536e-11 0.011373142383523051 1.0747203328237878 0.26860720309573022 -0.18654206148794192
decision_type=10 10 2 2 8 10 10 10 10 10 10 8 10 10
left_child=-1 2 3 -2 -3 6 -6 13 -9 10 11 -7 -11 -8
right_child=1 4 -4 -5 5 9 7 8 -10 12 -12 -13 -14 -15
leaf_value=5.4719033591905901e-06 -0.00024659749428872343 -0.00036664381037663786 -0.00051379872713651928 0.00029958509941301916 -0.00043366247646710169 0.00033964656321331863 0.00020561683912931656 -0.00061888616499972755 -7.9219529634920531e-05 0.00014654795917477914 0.00016791070203198729 -0.00021301168403122577 0.00075677130411824463 -0.00010953783058903355
leaf_weight=7370 57 33 45 23 42 25 130 29 148 41 159 125 23 80
leaf_count=7370 57 33 45 23 42 25 130 29 148 41 159 125 23 80
internal_value=4.60043e-14 -4.20083e-05 -0.000242292 -8.957e-05 -1.20256e-05 2.56591e-06 -6.97409e-05 -3.02455e-05 -0.000167639 8.57284e-05 2.77104e-05 -0.000120902 0.000365847 8.55579e-05
internal_weight=8330 960 125 80 835 802 429 387 177 373 309 150 64 210
internal_count=8330 960 125 80 835 802 429 387 177 373 309 150 64 210
is_linear=0
shrinkage=0.04


Tree=98
num_leaves=15
num_cat=0
split_feature=67 84 0 66 34 31 44 40 1 10 48 75 0 4
split_gain=0.00118744 0.00135834 0.00296022 0.00463552 0.00297067 0.00272 0.00225893 0.00186723 0.00167357 0.00469569 0.00478052 0.00352448 0.00442259 0.00323813
threshold=3.2816545650157782 0.79597688732301897 0.025243360461675194 4.5538790850116326 -1.0000000180025095e-35 -0.17353526864693078 0.454255918449323 0.038368071226884022 -0.044273515197715656 0.048625636608382768 -0.079908937008331002 0.051208598726736672 -0.039160632359970797 -0.047721784251626868
decision_type=8 2 10 10 8 8 10 10 8 10 8 10 10 10
left_child=-1 8 3 4 5 -3 -4 -8 9 -2 11 13 -13 -11
right_child=1 2 6 -5 -6 -7 7 -9 -10 10 -12 12 -14 -15
leaf_value=0.00024319547810591757 0.0002970788955445523 -0.00053449562717495223 0.00043262240423990248 0.00027787112772626724 -0.00075075253196384595 -2.7901323337573559e-05 -0.00025334891110348208 0.00024561467254534365 -2.638993904760409e-06 5.4922575764067005e-05 -0.00043631981230444382 -0.00064499988619770327 8.0935662034663215e-06 0.00045267469437911787
leaf_weight=32 115 28 22 23 23 43 30 20 7703 108 36 21 79 47
leaf_count=32 115 28 22 23 23 43 30 20 7703 108 36 21 79 47
internal_value=2.19862e-14 -9.37847e-07 -0.000106944 -0.000231127 -0.00035567 -0.000227685 9.48544e-05 -5.37635e-05 1.53288e-06 8.06855e-05 -4.83083e-06 5.60853e-05 -0.000129056 0.000175531
internal_weight=8330 8298 189 117 94 71 72 50 8109 406 291 255 100 155
internal_count=8330 8298 189 117 94 71 72 50 8109 406 291 255 100 155
is_linear=0
shrinkage=0.04


Tree=99
num_leaves=15
num_cat=0
split_feature=3 34 22 37 33 31 47 90 68 69 90 90 10 36
split_gain=0.00118057 0.00181214 0.00232464 0.00274776 0.00174206 0.00400856 0.00439402 0.00373534 0.00363013 0.00318965 0.00285415 0.00267604 0.00234776 0.00399373
threshold=-0.11766420882263777 -0.075573092264287253 0.015673483808491123 -0.14297837492711493 -0.035995101564288638 -0.10903260693710991 -0.11537358464678353 4.1126657163970608e-12 4.1883318114225654 -0.1298485278536575 5.3736524487106953e-12 5.1118316093493936e-12 0.054095064455872595 -0.029262245304968012
decision_type=8 8 10 10 8 10 10 8 8 10 10 8 10 8
left_child=-1 2 -2 -4 5 6 7 -3 9 -8 -7 -9 -6 -14
right_child=1 4 3 -5 12 10 8 11 -10 -11 -12 -13 13 -15
leaf_value=0.00023877402307169343 0.00012325889318320983 0.00039777372831579404 -0.00066524612600915134 -4.6358940995890989e-05 -1.1549684422248574e-06 7.9878900599266817e-05 0.00053446580232544385 -0.00036885489893117635 0.00071031254875872818 -0.00011437253325884403 -0.00048630569884874702 4.9257031157857889e-05 2.6610839912401779e-05 -0.00071346414258005098
leaf_weight=33 23 37 24 22 7874 28 22 33 35 27 29 95 28 20
leaf_count=33 23 37 24 22 7874 28 22 33 35 27 29 95 28 20
internal_value=-7.40501e-14 -9.49686e-07 -0.000205085 -0.000369257 7.62191e-07 9.44108e-05 0.000163679 4.37869e-05 0.00039918 0.000176943 -0.00020818 -5.85375e-05 -2.85514e-06 -0.000281754
internal_weight=8330 8297 69 46 8228 306 249 165 84 49 57 128 7922 48
internal_count=8330 8297 69 46 8228 306 249 165 84 49 57 128 7922 48
is_linear=0
shrinkage=0.04


Tree=100
num_leaves=15
num_cat=0
split_feature=29 29 22 85 76 82 87 2 29 0 66 66 82 40
split_gain=0.00117577 0.0032488 0.00333314 0.00277822 0.00301426 0.00290385 0.00492808 0.00601781 0.00408692 0.00339426 0.00401196 0.00352439 0.0051041 0.00329095
threshold=0.01058423377679155 0.010544669594930398 0.011421770976186249 0.79827925190083548 -0.12659469380782659 0.57041460588057802 -0.53051296649742563 -0.0066694928169228609 0.010196546876068633 0.019236206630637635 5.3357394522445114 4.2117536352935074 0.51611188422190202 0.063147028832838972
decision_type=10 10 10 10 10 2 10 10 10 8 10 10 2 8
left_child=1 3 -3 5 -5 9 7 -7 -8 10 11 12 -1 -13
right_child=-2 2 -4 4 -6 6 8 -9 -10 -11 -12 13 -14 -15
leaf_value=3.1066839106404874e-05 9.9337932516774737e-06 -0.00062101388398300985 -4.4787379964772201e-05 2.7209872856647488e-05 0.0005752265471248673 0.00054858312131492073 -0.00048390754946416969 -0.00030402346504090997 7.6688066391008232e-05 -0.00014230091102019121 0.00053293787995758264 -4.6037906071842372e-05 0.00048059364891655387 -0.00048721391612031894
leaf_weight=1070 5797 29 36 42 26 27 81 26 28 275 23 800 42 28
leaf_count=1070 5797 29 36 42 26 27 81 26 28 275 23 800 42 28
internal_value=2.26378e-13 -2.27344e-05 -0.000301873 -1.53827e-05 0.000236746 -2.25263e-05 -0.000186062 0.000130323 -0.000339901 -1.06886e-05 7.74921e-06 1.52275e-06 4.80454e-05 -6.09569e-05
internal_weight=8330 2533 65 2468 68 2400 162 53 109 2238 1963 1940 1112 828
internal_count=8330 2533 65 2468 68 2400 162 53 109 2238 1963 1940 1112 828
is_linear=0
shrinkage=0.04


Tree=101
num_leaves=15
num_cat=0
split_feature=28 72 68 32 68 4 15 66 84 88 20 48 63 19
split_gain=0.0011831 0.00417457 0.00372823 0.00434004 0.00348318 0.00352398 0.00337812 0.00438227 0.00312403 0.00293698 0.00288477 0.00316464 0.00343512 0.0030113
threshold=0.0081498680597820519 0.98125000000000007 4.0359800348090582 -0.28873729234672879 4.1008566742693011 -0.097576278390613821 0.010508756463438391 4.6233382369154272 0.25522536021054953 0.73078614494897653 0.020504980216823235 -0.22419620669579696 0.084039548022598873 0.021908560270848049
decision_type=8 10 8 8 8 10 10 10 2 10 10 8 8 10
left_child=1 2 3 -1 -4 -6 7 8 -7 10 11 -8 -13 -12
right_child=-2 -3 4 -5 5 6 9 -9 -10 -11 13 12 -14 -15
leaf_value=-2.3920470949686954e-05 -5.466228093505209e-06 -0.00041511266405934531 -0.00024948632373308688 0.0003404338820588665 0.0002528486826527372 -0.00010686706311094601 -0.00032580775086898939 0.00018464707025101011 -0.00062323037743274327 0.00048074970894958826 0.00057484814158544463 0.00048944139600886651 -9.1238566078233218e-06 -2.4204182066023347e-05
leaf_weight=85 7362 31 73 136 106 37 46 33 38 24 29 24 281 25
leaf_count=85 7362 31 73 136 106 37 46 33 38 24 29 24 281 25
internal_value=-2.02278e-13 4.15727e-05 5.66818e-05 0.000200298 1.23535e-05 4.20802e-05 4.76044e-07 -0.000199477 -0.000368491 5.08138e-05 2.53361e-05 -1.65367e-05 3.01075e-05 0.000297509
internal_weight=8330 968 937 221 716 643 537 108 75 429 405 351 305 54
internal_count=8330 968 937 221 716 643 537 108 75 429 405 351 305 54
is_linear=0
shrinkage=0.04


Tree=102
num_leaves=15
num_cat=0
split_feature=20 4 31 2 20 74 42 64 39 74 25 31 54 70
split_gain=0.00116373 0.00213127 0.00209224 0.00164425 0.00162809 0.00299188 0.00205923 0.00556215 0.00336244 0.00333446 0.00203685 0.00320179 0.00345345 0.00421508
threshold=0.022821390817359118 -0.08598896563700896 -0.35285697036193242 -0.011083403516524757 0.021898029334363456 -0.052206981834188863 -0.23121930530294019 5.4831256497369898 0.044973914355395335 -0.052206981834188863 0.011184697758330512 -0.076175050601480984 0.18483332233020947 -1.4525342597720019
decision_type=10 10 10 10 10 10 8 10 10 10 10 10 10 10
left_child=4 -2 -3 -4 6 -6 7 8 -1 -10 -8 12 13 -12
right_child=1 2 3 -5 5 -7 10 -9 9 -11 11 -13 -14 -15
leaf_value=0.00023274826471186033 0.00011627836290669318 0.0001396688700298823 -0.00048972498756484129 -0.00012472307297568293 -0.00010341997048294616 0.00019032357642954497 1.3694002817392513e-05 -0.00051628442725077978 0.00023484517424367368 -0.00045809201614465566 -0.00023432939454689675 -0.00025312915861331004 4.9797633779716877e-05 -3.033570857317119e-05
leaf_weight=199 45 21 40 39 80 181 4197 21 20 25 174 98 827 2363
leaf_count=199 45 21 40 39 80 181 4197 21 20 25 174 98 827 2363
internal_value=-1.03085e-13 -0.000112328 -0.000215202 -0.000309534 1.98994e-06 0.000100287 -1.24777e-06 0.000108376 0.000162137 -0.00015012 -5.04072e-06 -2.77529e-05 -2.11873e-05 -4.43266e-05
internal_weight=8330 145 100 79 8185 261 7924 265 244 45 7659 3462 3364 2537
internal_count=8330 145 100 79 8185 261 7924 265 244 45 7659 3462 3364 2537
is_linear=0
shrinkage=0.04


Tree=103
num_leaves=15
num_cat=0
split_feature=74 87 1 81 87 48 90 46 33 75 87 83 22 86
split_gain=0.0011674 0.00248283 0.00206337 0.00156957 0.00140265 0.00426179 0.0029455 0.00406846 0.00370127 0.002782 0.00196437 0.00402933 0.00477923 0.00371419
threshold=-0.36504860441545495 0.87588334233246556 -0.016378697676528272 0.77876030930272011 -1.2400890817535164 -0.14019214830015067 4.2276034306893198e-12 0.94358026036459586 0.01229420451686414 -0.074055501111808905 -0.74674983369068682 0.26668159819439341 0.0055213056816637946 -0.14495793761808984
decision_type=8 8 10 2 8 10 10 10 10 10 8 2 10 8
left_child=1 2 -1 -4 5 -2 -7 8 9 -8 11 12 -6 -14
right_child=4 -3 3 -5 10 6 7 -9 -10 -11 -12 -13 13 -15
leaf_value=0.00034171120659448205 -0.00053409587051118576 -0.00043149397911263572 -0.00022127372820761053 0.00019057984056416899 -0.00038544983385751646 -0.00037479294974717401 0.00031603751401956386 -0.00045405648521236366 0.00050142772899776258 -0.00017464367057625933 -4.9322242225873944e-06 -2.3117729828515442e-05 -2.1265553913098505e-05 0.00018287983384079748
leaf_weight=20 31 31 57 20 30 31 29 21 34 51 6535 701 193 546
leaf_count=20 31 31 57 20 30 31 29 21 34 51 6535 701 193 546
internal_value=-3.109e-13 -0.000119868 -2.02761e-05 -0.000114299 1.87065e-06 -0.000103573 -2.31745e-05 5.75675e-05 0.000151814 3.22826e-06 4.46559e-06 4.62443e-05 0.000109473 0.000129564
internal_weight=8330 128 97 77 8202 197 166 135 114 80 8005 1470 769 739
internal_count=8330 128 97 77 8202 197 166 135 114 80 8005 1470 769 739
is_linear=0
shrinkage=0.04


Tree=104
num_leaves=15
num_cat=0
split_feature=78 82 47 17 18 71 26 84 73 32 75 1 97 55
split_gain=0.00115144 0.00212231 0.00232234 0.00124735 0.00425921 0.00338882 0.0033589 0.00352786 0.00300863 0.00292798 0.00352728 0.00391407 0.00333062 0.00526421
threshold=0.0074971835743048451 0.35587543833108998 -0.048734062702871554 0.016680450361623939 0.017302278222359083 0.052777777777777785 0.017306182901934562 0.14672638202047938 -0.029680590485652688 -0.13715103826268252 0.051208598726736672 0.0054119816906899052 0.45833333333333343 8405420440.0042801
decision_type=8 2 8 10 10 10 10 2 8 10 10 10 8 8
left_child=3 2 -2 9 5 -5 7 -7 -8 12 -11 -12 -1 -14
right_child=1 -3 -4 4 -6 6 8 -9 -10 10 11 -13 13 -15
leaf_value=-9.010128469540211e-05 -0.00024529878761724483 -0.00049739356507502849 0.00029206572285726329 0.0003813063228846572 3.0431799867646213e-06 -0.00040442521070310089 -0.00074677333334245938 -6.254420966030526e-05 -9.4211911666207027e-05 2.2188204063823329e-05 0.0005281642478451343 0.00010588105579688684 0.00011352812419783767 -9.4768544918579279e-05
leaf_weight=399 31 21 22 21 6113 55 26 396 20 178 62 81 623 282
leaf_count=399 31 21 22 21 6113 55 26 396 20 178 62 81 623 282
internal_value=5.63619e-14 -0.000157082 -2.22418e-05 1.40796e-06 -6.28877e-06 -0.000116417 -0.000137447 -0.000104237 -0.000463051 3.28153e-05 0.000141034 0.000288969 6.17552e-06 4.86224e-05
internal_weight=8330 74 53 8256 6631 518 497 451 46 1625 321 143 1304 905
internal_count=8330 74 53 8256 6631 518 497 451 46 1625 321 143 1304 905
is_linear=0
shrinkage=0.04


Tree=105
num_leaves=15
num_cat=0
split_feature=84 65 26 70 51 14 40 84 29 15 83 87 29 28
split_gain=0.00116399 0.00202162 0.00459327 0.00173039 0.00131455 0.00195857 0.00243131 0.00185585 0.00206018 0.00191858 0.00215473 0.00138085 0.0033959 0.00526953
threshold=0.021223287948237173 4.0949441016331187 0.0082153126602117852 -0.31009176738458594 0.29904924943815264 -0.19326191831772241 0.13949557033560248 0.15090973454534037 0.012212599632494514 0.017600780321419953 0.203834503889157 -0.74674983369068682 0.011528120846158731 0.0098100869250642136
decision_type=2 10 10 8 10 8 10 2 10 10 2 10 10 10
left_child=1 3 -3 -1 5 6 7 -2 -9 -10 -11 12 -7 -14
right_child=4 2 -4 -5 -6 11 -8 8 9 10 -12 -13 13 -15
leaf_value=5.6130228331312536e-05 -0.00017776587822784979 0.00029877521218117583 -0.00033586918728778492 0.00049094154295744371 -0.00026188032098880577 -1.8272431191661421e-05 -0.00027173667267726905 0.00048774285164351265 -4.5537338359281418e-05 4.0103048048613054e-05 0.00049804787080003218 -1.2828795099927541e-05 0.00038663003154784095 5.4200140161517466e-05
leaf_weight=27 21 36 37 32 31 1051 22 36 50 31 35 6214 87 620
leaf_count=27 21 36 37 32 31 1051 22 36 50 31 35 6214 87 620
internal_value=5.71726e-14 0.000117836 -2.28939e-05 0.00029196 -1.89734e-06 -9.10506e-07 0.000124336 0.000174703 0.0002234 0.000141362 0.000282953 -3.9741e-06 2.73246e-05 9.51074e-05
internal_weight=8330 132 73 59 8198 8167 195 173 152 116 66 7972 1758 707
internal_count=8330 132 73 59 8198 8167 195 173 152 116 66 7972 1758 707
is_linear=0
shrinkage=0.04


Tree=106
num_leaves=15
num_cat=0
split_feature=82 68 18 83 83 85 57 90 41 69 31 18 67 26
split_gain=0.00113402 0.00326428 0.00333438 0.00280925 0.00382841 0.0038426 0.00464907 0.00483214 0.00367713 0.00354487 0.00448302 0.00354352 0.00342939 0.00340351
threshold=0.15061408227036152 4.7079717984243628 0.015422170903444506 0.12268792697683505 0.25886701472817869 -0.25931257272015534 5211086909.6107168 7.7462305783314151e-12 -0.043490160445194707 -1.0424377950617132 -0.11331972038251041 0.021957179021654737 4.3288018703655924 0.0039636048730506057
decision_type=2 10 8 2 2 8 10 8 10 10 8 10 10 8
left_child=1 2 -1 -4 8 9 13 11 -5 10 -6 -8 -11 -7
right_child=-2 -3 3 4 5 6 7 -9 -10 12 -12 -13 -14 -15
leaf_value=0.00040409239322139787 7.335018582348094e-06 -0.00039129446185259625 -0.00016386714055302101 -7.9530463717424966e-05 -0.00079780835285782814 -0.00034232347382931038 5.6645424421902463e-06 -0.00053457288369827436 0.00016343920781932607 -0.00021728950991377642 -2.4674067171872595e-05 -0.00035053005098127285 0.00014156572868038591 0.00020682014214417583
leaf_weight=29 6680 39 213 146 30 20 361 34 314 147 20 51 60 186
leaf_count=29 6680 39 213 146 30 20 361 34 314 147 20 51 60 186
internal_value=2.53108e-13 -2.96957e-05 -2.09419e-05 -2.87333e-05 -7.70812e-06 -5.52925e-05 -3.65879e-06 -7.62502e-05 8.63227e-05 -0.000186285 -0.000488555 -3.84275e-05 -0.000113273 0.000153505
internal_weight=8330 1650 1611 1582 1369 909 652 446 460 257 50 412 207 206
internal_count=8330 1650 1611 1582 1369 909 652 446 460 257 50 412 207 206
is_linear=0
shrinkage=0.04


Tree=107
num_leaves=15
num_cat=0
split_feature=67 16 25 4 82 39 3 33 20 64 86 26 15 74
split_gain=0.00114438 0.0039534 0.00377828 0.00341667 0.00262368 0.00222232 0.00185616 0.00185265 0.00223069 0.00180011 0.00174434 0.00289151 0.00265238 0.00379236
threshold=4.7531875892322262 0.020106525161563731 0.011825629028747354 -0.080921076647574405 0.54258174472832088 0.0063077718667609037 -0.025262915005035688 -0.0093528778923408478 0.019516110429955068 6.6896026058607552 0.53595671904628794 0.0035035004511145625 0.019745805928565566 -0.00158980399424391
decision_type=10 8 8 10 2 10 10 10 10 10 10 10 10 10
left_child=9 2 4 -4 5 -2 -5 -3 -9 10 -1 -12 -13 -14
right_child=1 7 3 6 -6 -7 -8 8 -10 -11 11 12 13 -15
leaf_value=1.081414239079461e-06 0.00018669783190810395 0.00061932226596400142 0.00014636688795872035 -0.00024139019159559648 0.00049566741500582016 -0.0001234430995810041 -0.00076828363293316218 -6.7164303547928502e-05 0.00034882560033689845 -0.00036438872561451389 0.0002826045629962419 -0.00030680096884002435 0.00024009858763360595 -0.00027662724679843948
leaf_weight=7748 68 20 20 23 21 81 20 33 55 22 26 102 47 44
leaf_count=7748 68 20 20 23 21 81 20 33 55 22 26 102 47 44
internal_value=-7.56196e-14 7.17616e-05 -2.09645e-05 -0.00028556 7.70916e-05 1.80977e-05 -0.000486457 0.00027181 0.000192829 -3.06305e-06 -2.06529e-06 -0.000113392 -0.000166739 -9.74687e-06
internal_weight=8330 341 233 63 170 149 43 108 88 7989 7967 219 193 91
internal_count=8330 341 233 63 170 149 43 108 88 7989 7967 219 193 91
is_linear=0
shrinkage=0.04


Tree=108
num_leaves=15
num_cat=0
split_feature=8 54 40 5 53 74 86 20 54 22 96 20 56 42
split_gain=0.0011307 0.00136711 0.00325667 0.0030884 0.00253072 0.00234092 0.00223161 0.00245944 0.00242825 0.00290341 0.00209036 0.00437213 0.00198866 0.00181632
threshold=0.84461996896509506 0.6291161835453799 0.031280523424366831 0.090846584900501473 0.46706680593336652 -0.070830627987482006 0.30823895795770112 0.01861791007241247 0.74719080902399104 0.010024794067638015 0.64166666666666672 0.019317386100885459 9122323577.4868908 0.33573200193983593
decision_type=10 10 10 10 10 10 10 10 10 10 10 10 10 10
left_child=1 4 5 -4 10 -3 7 -5 9 -9 13 -12 -6 -1
right_child=-2 2 3 6 12 -7 -8 8 -10 -11 11 -13 -14 -15
leaf_value=2.1952048869184695e-06 -0.00025375975038124514 -0.00040651354668361526 0.00045616500768000666 -0.00032372763794329433 -0.00057404733432287521 4.5209993401335347e-05 0.00039936327389538447 0.00062701362941879784 -6.2686104053956656e-05 1.1075965128839015e-05 -0.00060630260966718194 0.00012779918803134933 -2.9853825274455758e-05 -0.00032644117578726123
leaf_weight=7889 28 31 46 27 22 45 30 24 63 25 27 25 21 27
leaf_count=7889 28 31 46 27 22 45 30 24 63 25 27 25 21 27
internal_value=-2.48465e-13 8.55851e-07 8.60219e-05 0.000165581 -2.23781e-06 -0.000139046 8.64867e-05 1.89594e-05 0.000101571 0.00031276 -5.86236e-07 -0.000253369 -0.000308278 1.07429e-06
internal_weight=8330 8302 291 215 8011 76 169 139 112 49 7968 52 43 7916
internal_count=8330 8302 291 215 8011 76 169 139 112 49 7968 52 43 7916
is_linear=0
shrinkage=0.04


Tree=109
num_leaves=15
num_cat=0
split_feature=43 72 23 22 5 67 75 13 51 15 54 16 66 49
split_gain=0.00112741 0.0029934 0.00340428 0.00458287 0.00299823 0.00293857 0.00263826 0.00259176 0.00608008 0.00371411 0.00419497 0.00438146 0.00362851 0.00376935
threshold=0.10507593949496685 0.84952830188679263 0.012248474005135353 0.0078377182768031937 -0.15166975292635662 3.8470900623901954 0.26378641705353051 0.051765644714264043 0.01635435702287891 0.012461494047849247 0.068668183442742073 0.019142649705541612 3.6442908151651436 -0.10567760066247138
decision_type=8 10 10 10 8 8 10 10 10 10 10 10 10 10
left_child=1 2 3 -1 -5 -6 -7 -2 -9 10 11 -10 13 -11
right_child=7 -3 -4 4 5 6 -8 8 9 12 -12 -13 -14 -15
leaf_value=-0.0003738212073221803 2.6857930880790037e-06 -0.00011044584341655856 1.3654549014077322e-05 0.00069785322714596991 0.00061938990494641276 0.00019093067017226107 -0.00026120648314447505 -0.00045116899261114351 0.0001913541098474525 -0.00015883752626409244 0.0003864817951513928 -0.00056335795181803412 -4.7297188026082569e-05 -0.00082111779158003633
leaf_weight=22 6491 179 587 20 23 202 23 63 32 44 63 20 541 20
leaf_count=22 6491 179 587 20 23 202 23 63 32 44 63 20 541 20
internal_value=3.14761e-13 3.86218e-05 6.90472e-05 0.00018117 0.000226729 0.000188735 0.000144712 -5.6069e-06 -7.43526e-05 -4.13812e-05 0.000166996 -9.89198e-05 -8.09901e-05 -0.0003658
internal_weight=8330 1056 877 290 268 248 225 7274 783 720 115 52 605 64
internal_count=8330 1056 877 290 268 248 225 7274 783 720 115 52 605 64
is_linear=0
shrinkage=0.04


Tree=110
num_leaves=15
num_cat=0
split_feature=78 61 58 56 90 69 78 55 86 8 59 89 26 68
split_gain=0.00112444 0.00298496 0.00372343 0.00191408 0.00168954 0.00202654 0.00155361 0.00336248 0.00383709 0.00327629 0.00333381 0.00327509 0.00416188 0.00399515
threshold=-0.0058790555968388216 -0.87750727301377174 8502197114.2697754 3936810307.0453396 5.9181464074456305e-12 -1.0117982764159195 -0.0033713548809856659 6877259635.467742 0.44416628712743006 0.024433140362056464 7315422449.1507502 3.1101481024665602e-12 0.0092235944153093007 4.3725702241261715
decision_type=8 10 8 10 10 10 10 8 10 10 10 10 10 8
left_child=1 2 -1 -3 5 -5 7 8 9 -2 -11 -9 13 -13
right_child=6 3 -4 4 -6 -7 -8 11 -10 10 -12 12 -14 -15
leaf_value=0.0001029674657988117 -2.8813373039482761e-05 -0.00035786103301992019 0.00077724529057741161 -0.00039107659365981816 0.00029465885630890947 6.9365476616300067e-05 3.7505371181427239e-06 -3.0245880656311234e-05 -0.00038122576325097019 0.00027091903268898791 -0.00028298590821214018 -0.00031195688086110309 -7.9962743899374396e-05 -0.00094539522096359478
leaf_weight=38 301 21 20 20 34 65 7264 198 36 133 20 66 93 21
leaf_count=38 301 21 20 20 34 65 7264 198 36 133 20 66 93 21
internal_value=2.11027e-13 9.41829e-05 0.000335477 -5.78183e-06 5.63498e-05 -3.89738e-05 -2.29319e-06 -5.28711e-05 1.62767e-05 4.77967e-05 0.000198513 -0.000142507 -0.000265994 -0.000464856
internal_weight=8330 198 58 140 119 85 8132 868 490 454 153 378 180 87
internal_count=8330 198 58 140 119 85 8132 868 490 454 153 378 180 87
is_linear=0
shrinkage=0.04


Tree=111
num_leaves=15
num_cat=0
split_feature=1 10 66 73 68 52 16 32 15 15 43 24 70 26
split_gain=0.00112108 0.0030183 0.00349409 0.0029232 0.00331422 0.00290701 0.00326042 0.0050874 0.00400569 0.00622913 0.00412327 0.00340958 0.00258588 0.0033982
threshold=0.019546920579825548 -0.019057345850129633 4.1646963841645279 -0.0024384930490538577 4.3393168712637378 0.040304255812070318 0.02140921009999119 -0.28811504232720991 0.014831472495883319 0.018292865507884257 0.34168920418180598 0.01348968313563643 -0.4140301186869903 0.0064289226101160619
decision_type=10 8 8 8 10 8 10 8 10 10 10 10 8 8
left_child=1 2 -1 4 5 -2 7 11 -8 -10 -11 -7 -5 -14
right_child=3 -3 -4 12 -6 6 8 -9 9 10 -12 -13 13 -15
leaf_value=-9.9422037601470953e-06 0.00043291926345167061 5.9340971223862411e-06 0.00067999009974300867 0.00010705739001293781 -0.00019608076041274187 -0.00061176117904930528 0.00059825827190208999 -4.7429825161416182e-05 -0.00056243706458749686 -0.00034990306871397232 0.00016326872277718592 -7.8721226018387824e-05 -0.00049276910120776547 -7.9576588095733321e-06
leaf_weight=24 21 6251 23 365 264 48 21 378 26 29 184 32 24 640
leaf_count=24 21 6251 23 365 264 48 21 378 26 29 184 32 24 640
internal_value=-2.54741e-13 8.33522e-06 0.000327684 -2.58343e-05 -7.44285e-05 -3.09695e-05 -4.45373e-05 -0.00010876 6.85935e-05 2.20539e-05 9.34003e-05 -0.000398545 2.15322e-05 -2.5481e-05
internal_weight=8330 6298 47 2032 1003 739 718 458 260 239 213 80 1029 664
internal_count=8330 6298 47 2032 1003 739 718 458 260 239 213 80 1029 664
is_linear=0
shrinkage=0.04


Tree=112
num_leaves=15
num_cat=0
split_feature=60 85 84 77 87 29 19 89 67 57 34 73 69 58
split_gain=0.00113451 0.00318237 0.00287246 0.00277573 0.00252396 0.00761649 0.002887 0.00399846 0.00446221 0.00338926 0.00328756 0.00295843 0.00287719 0.00331389
threshold=1.2605853940972287 -0.49115025569201565 0.51832355063202729 0.012097294227380819 -1.0779851120244384 0.012248231491294235 0.019536979144963291 1.177522930638716e-11 4.6415519570442418 8398838981.2069578 -0.018616695784278377 -0.067764393183411084 -1.2718719183014737 9695683860.3847485
decision_type=10 10 2 2 10 8 8 10 10 10 10 10 10 8
left_child=-1 2 3 -2 5 -3 7 8 9 10 -6 -12 -8 -14
right_child=1 4 -4 -5 6 -7 12 -9 -10 -11 11 -13 13 -15
leaf_value=5.3277465210083623e-06 -0.0002349883815265473 -0.00056911070270209828 -0.00048479570179349847 0.00028559729821332123 0.00029720571151213538 0.00026586410766146307 -0.00035384878777537724 0.00054817967449447946 0.00061610570532225431 0.000187461649067449 -0.00058341763511469426 -8.7539362464124311e-05 3.214741917353032e-05 -0.00029321130235835941
leaf_weight=7370 57 44 45 23 31 29 49 28 21 116 22 154 280 61
leaf_count=7370 57 44 45 23 31 29 49 28 21 116 22 154 280 61
internal_value=2.06911e-14 -4.09016e-05 -0.000229131 -8.532e-05 -1.27235e-05 -0.000237408 8.80148e-06 8.85213e-05 5.11073e-05 1.43736e-05 -8.26226e-05 -0.000149524 -6.7239e-05 -2.60546e-05
internal_weight=8330 960 125 80 835 73 762 372 344 323 207 176 390 341
internal_count=8330 960 125 80 835 73 762 372 344 323 207 176 390 341
is_linear=0
shrinkage=0.04


Tree=113
num_leaves=15
num_cat=0
split_feature=3 34 22 37 33 31 47 72 90 90 90 10 36 1
split_gain=0.00111685 0.00166124 0.00210302 0.00247653 0.00161449 0.00367981 0.00398548 0.00337117 0.00332594 0.00261127 0.00241124 0.00212532 0.00365899 0.00277492
threshold=-0.11766420882263777 -0.075573092264287253 0.015673483808491123 -0.14297837492711493 -0.035995101564288638 -0.10903260693710991 -0.11537358464678353 0.42997198879551829 4.1126657163970608e-12 5.3736524487106953e-12 5.1118316093493936e-12 0.054095064455872595 -0.029262245304968012 -0.04187665578763921
decision_type=8 8 8 10 8 10 10 10 8 10 8 10 8 8
left_child=-1 2 -2 -4 5 6 8 -8 -3 -7 -10 13 -13 -6
right_child=1 4 3 -5 11 9 7 -9 10 -11 -12 12 -14 -15
leaf_value=0.0002322403278032487 0.00011592490116448102 0.00037707945862092785 -0.00063352614874020215 -4.5977902826218106e-05 0.00016116045972783909 7.6481972688010759e-05 0.00065372059599329269 0.00014561816938738856 -0.000348064149871017 -0.00046507619738835716 4.8822164498759728e-05 2.7033898181148936e-05 -0.00068134744316921574 -4.6233845920876438e-06
leaf_weight=33 23 37 24 22 165 28 39 45 33 29 95 28 20 7709
leaf_count=33 23 37 24 22 165 28 39 45 33 29 95 28 20 7709
internal_value=1.75332e-13 -9.23699e-07 -0.000196375 -0.000352525 7.15355e-07 9.08697e-05 0.000157236 0.000381523 4.30541e-05 -0.000199048 -5.35001e-05 -2.767e-06 -0.000268125 -1.14938e-06
internal_weight=8330 8297 69 46 8228 306 249 84 165 57 128 7922 48 7874
internal_count=8330 8297 69 46 8228 306 249 84 165 57 128 7922 48 7874
is_linear=0
shrinkage=0.04


Tree=114
num_leaves=15
num_cat=0
split_feature=47 82 43 80 20 81 26 81 41 83 83 57 32 88
split_gain=0.00110723 0.00140701 0.00316395 0.00371921 0.00450279 0.00371489 0.00347895 0.00368216 0.0034495 0.00327424 0.00335789 0.00284621 0.00419508 0.00376338
threshold=-0.0017713721921988055 0.13678427110746086 0.8257892169751363 0.017515036963793928 0.018798464019911625 0.90941193188084368 0.017306182901934562 0.89772700801708949 0.0084897951140078271 0.35668460238580219 0.43925414854503447 4541227913.6644487 -0.16354791600176413 0.0067366557514092059
decision_type=10 2 10 10 10 2 10 2 8 2 2 10 10 8
left_child=1 2 3 4 -1 6 7 -5 -9 -4 -11 13 -13 -7
right_child=-2 -3 9 5 -6 11 -8 8 -10 10 -12 12 -14 -15
leaf_value=0.0007529418129177595 0.00023483837645471795 6.4764524710060917e-06 -6.3177524048995654e-05 -6.7531936808413871e-05 4.3580272666564802e-05 1.9113358750473709e-05 0.00019755176010516449 -0.00075397134665399802 -4.9181938637048006e-05 -0.00066206969666693881 -0.00016262695704686588 -0.00012792845077887928 0.00030526747010299003 0.00063377863446743604
leaf_weight=22 32 6910 191 705 41 30 74 25 20 35 56 99 56 34
leaf_count=22 32 6910 191 705 41 30 74 25 20 35 56 99 56 34
internal_value=-2.39469e-13 -9.05619e-07 -3.76564e-05 -7.16154e-06 0.000291294 -2.5189e-05 -6.41069e-05 -8.99239e-05 -0.000440732 -0.000157257 -0.00035472 0.000121242 2.8581e-05 0.000345654
internal_weight=8330 8298 1388 1106 63 1043 824 750 45 282 91 219 155 64
internal_count=8330 8298 1388 1106 63 1043 824 750 45 282 91 219 155 64
is_linear=0
shrinkage=0.04


Tree=115
num_leaves=15
num_cat=0
split_feature=42 39 66 70 73 74 84 84 17 62 15 84 66 21
split_gain=0.0010951 0.00338957 0.00274853 0.00253542 0.00235605 0.00313339 0.00320002 0.00207133 0.00205918 0.00176727 0.00246063 0.00196615 0.00164975 0.00457951
threshold=-0.21355664531766946 0.045637876837734244 3.5041747816663369 1.3707245269980006 -0.14631655668325075 -0.023224200593103591 0.39742321480573412 0.50474769389646301 0.022412474438892178 0.48529411764705888 0.019519411972509729 0.51199495350632163 3.2970998782579612 0.0033758280408370117
decision_type=8 10 10 10 10 10 2 2 8 10 10 2 8 10
left_child=1 2 -1 4 7 6 -6 -4 -3 11 -11 -7 13 -2
right_child=12 8 3 -5 5 9 -8 -9 -10 10 -12 -13 -14 -15
leaf_value=0.0004160209364405402 -0.00059497710369113414 -4.5979407780881349e-05 4.3481228899003734e-05 -0.0003027126317222913 0.00066308117307284299 -0.00029598468507982843 0.00014891405780023586 -0.00041696908996197054 -0.00055219376849709081 0.00038432973802924231 -5.4427159327762917e-05 0.00017747043216924952 7.2356836107686096e-08 -4.5514903738876457e-05
leaf_weight=41 27 36 54 27 34 36 45 22 20 43 39 23 7643 240
leaf_count=41 27 36 54 27 34 36 45 22 20 43 39 23 7643 240
internal_value=-2.93607e-13 6.29403e-05 0.000107511 6.83505e-05 0.000102197 0.000168526 0.000370201 -8.9807e-05 -0.00022677 5.55311e-05 0.000175653 -0.000111417 -3.34196e-06 -0.000101078
internal_weight=8330 420 364 323 296 220 79 76 56 141 82 59 7910 267
internal_count=8330 420 364 323 296 220 79 76 56 141 82 59 7910 267
is_linear=0
shrinkage=0.04


Tree=116
num_leaves=15
num_cat=0
split_feature=89 16 56 12 18 18 55 90 4 23 68 67 64 66
split_gain=0.00109887 0.00432047 0.0031652 0.00375547 0.00317725 0.00424508 0.00294806 0.00289166 0.00432982 0.00285916 0.00283382 0.0028384 0.00279366 0.00478019
threshold=1.3264664959260474e-11 0.02159050141451584 2599439012.0704255 -0.053862842397421555 0.019735147690655538 0.020323411421557889 790435988.79162705 8.62001959270317e-12 0.034464660279540212 0.013823786570132623 4.1995295089245355 3.8743867549810811 3.6723193545153161 4.1089965771088597
decision_type=10 10 10 10 8 8 10 10 8 10 10 10 10 10
left_child=7 9 3 -3 -5 -6 -7 -1 -9 12 11 -11 -2 -14
right_child=1 2 -4 4 5 6 -8 8 -10 10 -12 -13 13 -15
leaf_value=-4.472587938288352e-07 -0.00020611792296227634 -0.00015480800768452103 -0.00016434785809445505 0.00054883338830300746 -0.00030326657559877882 5.1921292945005737e-05 0.00037757644340986033 0.00022671962638809304 -4.7746190479545033e-05 -3.2236580285825767e-05 0.00010695531824603676 -0.00059770525623188946 0.0001618105978764689 -0.00012380015964005538
leaf_weight=6927 165 61 75 35 30 91 87 222 157 20 20 49 156 235
leaf_count=6927 165 61 75 35 30 91 87 222 157 20 20 49 156 235
internal_value=1.06585e-13 -3.88061e-05 6.83794e-05 0.000125796 0.000196235 0.000136904 0.00021109 5.43901e-06 0.000113023 -0.000101788 -0.000312283 -0.000433801 -6.80936e-05 -9.84804e-06
internal_weight=8330 1024 379 304 243 208 178 7306 379 645 89 69 556 391
internal_count=8330 1024 379 304 243 208 178 7306 379 645 89 69 556 391
is_linear=0
shrinkage=0.04


Tree=117
num_leaves=15
num_cat=0
split_feature=31 15 6 49 7 68 20 75 18 29 37 38 66 80
split_gain=0.00110567 0.00219722 0.00132695 0.00339922 0.00265609 0.00257103 0.00254556 0.0036842 0.00279249 0.00243526 0.00284448 0.00287953 0.00341261 0.00278019
threshold=-0.048284821399592052 0.016668640252873835 0.11762447304225267 -0.058024460244624924 0.28083620477952603 4.2212927574085004 0.019559251763258886 0.45895981299360161 0.022767501170608991 0.010613707172462865 0.1270580438193081 0.19921188352531607 4.2622320610050375 0.054488193358667537
decision_type=10 10 10 10 10 10 8 10 10 10 10 10 10 8
left_child=2 -2 4 -4 -1 -6 7 9 -8 -5 13 12 -12 -11
right_child=1 -3 3 6 5 -7 8 -9 -10 10 11 -13 -14 -15
leaf_value=-4.2779561429304605e-06 -0.00051276356574089734 2.168866114516277e-05 0.00016919073592050493 -0.00043343275998874254 2.0894602092448625e-05 -0.00052430632287606355 9.0812636423463189e-05 0.00046478118191854186 -0.00022973937046852835 8.5979066836028893e-06 -0.00065191043498502533 -6.5802269846208358e-05 -9.5898797858114302e-05 0.000495775546078221
leaf_weight=6654 20 32 251 27 25 31 581 22 47 298 33 251 38 20
leaf_count=6654 20 32 251 27 25 31 581 22 47 298 33 251 38 20
internal_value=1.16117e-13 -0.00018387 1.15502e-06 3.42844e-05 -6.58668e-06 -0.000280913 8.57328e-06 -4.45187e-05 6.68223e-05 -6.13172e-05 -4.56186e-05 -0.000129421 -0.000354327 3.9238e-05
internal_weight=8330 52 8278 1568 6710 56 1317 689 628 667 640 322 71 318
internal_count=8330 52 8278 1568 6710 56 1317 689 628 667 640 322 71 318
is_linear=0
shrinkage=0.04


Tree=118
num_leaves=15
num_cat=0
split_feature=86 59 85 78 78 28 68 74 74 29 80 87 82 69
split_gain=0.00109633 0.0014474 0.00127616 0.00415472 0.00291286 0.00399103 0.00304784 0.00312538 0.00158365 0.00299535 0.00159854 0.00350197 0.0039736 0.00264085
threshold=0.74478213189528897 6699892652.6299143 1.0304043436034265 -0.0033713548809856659 -8.7725945473182674e-05 0.014705872608120816 4.2335639460590189 -0.026504429455761421 -0.40870405880180272 0.011337547599419994 0.064655297071403453 -0.38237625296765371 0.21087152607730306 1.0428616640811101
decision_type=10 10 10 10 10 10 10 10 8 10 8 8 2 10
left_child=2 -2 8 -4 5 -5 -6 -8 9 -1 -10 12 -12 -13
right_child=1 -3 3 4 6 -7 7 -9 10 -11 11 13 -14 -15
leaf_value=2.8334224064435276e-05 2.5691162821115747e-05 -0.00036084410358941361 -0.00040340842294466238 0.00072780047052596077 -0.00019888372947510409 0.00011149222130188718 -7.8492013336573213e-05 0.00051471476416918452 3.7408019208696733e-06 -0.00055185568674157059 0.0003663635226474342 -0.00011386145501218865 -0.0002290391000308867 -0.00049503170831927232
leaf_weight=35 31 31 23 29 48 40 27 30 7729 24 47 172 29 35
leaf_count=35 31 31 23 29 48 40 27 30 7729 24 47 172 29 35
internal_value=-2.19317e-13 -0.000167576 1.25662e-06 0.000101844 0.00016863 0.00037052 3.59594e-05 0.000233722 -1.19855e-06 -0.000207675 3.21933e-07 -9.30506e-05 0.00013917 -0.000178311
internal_weight=8330 62 8268 197 174 69 105 57 8071 59 8012 283 76 207
internal_count=8330 62 8268 197 174 69 105 57 8071 59 8012 283 76 207
is_linear=0
shrinkage=0.04


Tree=119
num_leaves=15
num_cat=0
split_feature=67 87 18 32 46 66 86 24 87 86 70 83 32 19
split_gain=0.00109721 0.00116993 0.00325571 0.00267062 0.00553558 0.00411602 0.0024286 0.00205556 0.00186368 0.00284069 0.00592145 0.00348211 0.00369747 0.00336379
threshold=3.2816545650157782 -1.2145408441769721 0.017470034211771606 -0.12242652002958075 0.90896802149499534 3.5937527583792543 0.080557128758419014 0.012001460527669096 -0.74674983369068682 -0.14893454279360366 -1.4108499603107651 0.28274322470698482 -0.38900471721824487 0.018443977725010829
decision_type=8 8 10 8 10 10 10 10 10 10 8 2 8 10
left_child=-1 2 -2 5 -5 -4 7 -7 9 10 -3 12 -11 -13
right_child=1 8 3 4 -6 6 -8 -9 -10 11 -12 13 -14 -15
leaf_value=0.00023377315912512131 -0.00056472145098571981 -0.00056973459844988201 0.00030232614379954237 0.00060490274737175134 -0.00020507817541430188 -0.00066534974543308774 -4.8883655634258065e-05 -0.00020364718278869986 -7.9316881605086975e-06 -0.00024951595434686169 -9.0516308828779137e-07 -0.00015985906056922253 0.00016882651159778848 7.2396328922943979e-05
leaf_weight=32 21 31 29 27 27 27 62 36 6469 36 528 149 554 302
leaf_count=32 21 31 29 27 27 27 62 36 6469 36 528 149 554 302
internal_value=-1.34017e-13 -9.01511e-07 -9.00566e-05 -4.21337e-05 0.000199912 -0.000127007 -0.000226612 -0.00040152 1.62873e-06 4.02827e-05 -3.24503e-05 7.93391e-05 0.000143301 -4.3355e-06
internal_weight=8330 8298 229 208 54 154 125 63 8069 1600 559 1041 590 451
internal_count=8330 8298 229 208 54 154 125 63 8069 1600 559 1041 590 451
is_linear=0
shrinkage=0.04


Tree=120
num_leaves=15
num_cat=0
split_feature=28 72 68 32 38 15 2 84 72 88 3 73 67 64
split_gain=0.00110073 0.00372489 0.00338607 0.00386354 0.00317346 0.00323765 0.00338942 0.00398066 0.00270861 0.00270018 0.00263112 0.00284222 0.00374017 0.00417973
threshold=0.0081498680597820519 0.98125000000000007 4.0359800348090582 -0.28873729234672879 0.12245484228227789 0.010508756463438391 -0.026137992352589897 0.27516997829324735 0.58411949685534603 0.88902015723268535 0.021624702594997495 -0.32550674901824034 4.3248986609032416 5.5035357060933476
decision_type=8 10 8 8 10 10 10 2 8 10 10 10 10 10
left_child=1 2 3 -1 5 6 -4 8 -8 10 11 -7 -13 -14
right_child=-2 -3 4 -5 -6 9 7 -9 -10 -11 -12 12 13 -15
leaf_value=-2.0313150146702197e-05 -5.2725132919699018e-06 -0.00039128833728271624 0.00028544512662020597 0.00032345831101445263 -0.0003387322504269646 0.00037256543458040269 -0.00038592227628793228 -0.00057459206015874557 0.00019063673442360596 0.00042294974606413619 0.0003706739665205149 -9.7852940641715084e-05 0.00021961266847451925 -0.00028196752537041904
leaf_weight=85 7362 31 22 136 39 35 22 39 32 33 38 267 157 32
leaf_count=85 7362 31 22 136 39 35 22 39 32 33 38 267 157 32
internal_value=-3.76256e-13 4.00994e-05 5.43716e-05 0.000191239 1.21263e-05 3.23383e-05 -0.000161037 -0.000266656 -4.42577e-05 7.19079e-05 5.00093e-05 2.5192e-05 -1.47041e-06 0.000134689
internal_weight=8330 968 937 221 716 677 115 93 54 562 529 491 456 189
internal_count=8330 968 937 221 716 677 115 93 54 562 529 491 456 189
is_linear=0
shrinkage=0.04


Tree=121
num_leaves=15
num_cat=0
split_feature=60 85 66 84 70 15 88 16 89 40 61 55 82 85
split_gain=0.00107688 0.00289327 0.00270985 0.00280074 0.00234674 0.00273877 0.00360788 0.00427051 0.00324953 0.00350944 0.00361114 0.00313871 0.00668888 0.00378311
threshold=1.2605853940972287 -0.49115025569201565 4.1143985113014461 0.51832355063202729 -1.5838384109780796 0.018881114532222177 -0.47467227565886866 0.015880355909003465 1.0240194757788536e-11 0.011373142383523051 1.0747203328237878 7321031640.5274048 0.37085497200151568 0.59157331049195605
decision_type=10 10 10 2 8 10 8 10 10 10 8 10 2 10
left_child=-1 2 -2 -4 -3 6 7 -6 9 10 -7 12 13 -8
right_child=1 4 3 -5 5 8 11 -9 -10 -11 -12 -13 -14 -15
leaf_value=5.190676871269385e-06 -3.1587790562621051e-05 -0.00034356395156602516 -0.00021549659615889791 -0.00078125723016758762 3.0496801010559538e-05 0.0003262299101334065 -7.1851698078469122e-05 -0.00053399190643354882 0.00033931511754417445 0.00015709501470778864 -0.00020039665942313151 0.00010472222856075976 -0.00051117309571754258 0.00053760086093097923
leaf_weight=7370 62 33 42 21 37 25 88 51 64 159 125 181 52 20
leaf_count=7370 62 33 42 21 37 25 88 51 64 159 125 181 52 20
internal_value=1.23468e-13 -3.98493e-05 -0.000219326 -0.000404083 -1.29815e-05 6.20979e-07 -6.8304e-05 -0.00029665 7.98939e-05 2.61627e-05 -0.000112626 -9.37598e-06 -0.00013845 4.10099e-05
internal_weight=8330 960 125 63 835 802 429 88 373 309 150 341 160 108
internal_count=8330 960 125 63 835 802 429 88 373 309 150 341 160 108
is_linear=0
shrinkage=0.04


Tree=122
num_leaves=15
num_cat=0
split_feature=64 3 19 42 0 77 77 65 34 52 42 16 22 74
split_gain=0.00107314 0.00279624 0.00320151 0.00311862 0.0032371 0.00271994 0.00325079 0.00328876 0.00321963 0.00408432 0.00315936 0.003361 0.00410504 0.00355233
threshold=3.3815866114980158 0.074774405320336537 0.019235559826403844 -0.2491398880689096 -0.035461518471655511 -0.019930849549215032 -0.017518043553903125 2.8807679485788689 0.046758933204109628 0.14437841918283359 -0.032608188201725834 0.026768139036973893 0.0073512766474299173 -0.046925102853132943
decision_type=8 10 8 8 10 2 2 8 10 8 10 10 10 10
left_child=1 3 -3 -1 -5 -6 -7 -8 10 -10 -9 12 -12 -14
right_child=-2 2 -4 4 5 6 7 8 9 -11 11 -13 13 -15
leaf_value=0.00035708326055707099 -7.4897211568342365e-06 0.00015408663839722674 -0.00034796468055136513 -0.00026890244705230415 0.00017843357022429701 -0.00026734902500174943 -0.00014270536317878094 -2.8259767781699287e-05 0.0008077772278338672 0.00011054425222072296 -8.2379003258116926e-05 -0.00032084214501082898 0.00035111601521826486 0.00010520698121969483
leaf_weight=48 6548 30 63 56 200 60 150 544 20 41 116 28 140 286
leaf_count=48 6548 30 63 56 200 60 150 544 20 41 116 28 140 286
internal_value=-3.3282e-13 2.75212e-05 -0.000186013 3.92788e-05 2.99829e-05 4.05428e-05 2.06308e-05 3.36714e-05 5.61876e-05 0.000339145 4.06935e-05 0.000106502 0.000128578 0.000186022
internal_weight=8330 1782 93 1689 1641 1585 1385 1325 1175 61 1114 570 542 426
internal_count=8330 1782 93 1689 1641 1585 1385 1325 1175 61 1114 570 542 426
is_linear=0
shrinkage=0.04


Tree=123
num_leaves=15
num_cat=0
split_feature=67 16 38 35 82 39 33 3 29 83 9 74 62 1
split_gain=0.00106578 0.00353278 0.00353709 0.00361473 0.00299521 0.00201882 0.00172447 0.0020753 0.00163711 0.0025224 0.00290277 0.00279121 0.00256171 0.00354406
threshold=4.7531875892322262 0.020106525161563731 -0.062970379473510626 -0.05635593204479699 0.54258174472832088 0.0037715780948894832 -0.0093528778923408478 0.041963584109955938 0.013258362883235113 0.29893210496589012 -0.0016662348244234069 -0.17611559631242227 0.70294117647058829 0.038214654710592162
decision_type=10 10 10 10 2 10 10 8 10 2 10 10 10 10
left_child=8 2 3 -2 5 -4 -3 -8 -1 12 11 -11 -10 -14
right_child=1 6 4 -5 -6 -7 7 -9 9 10 -12 -13 13 -15
leaf_value=3.7674491815044862e-06 4.3717368883362998e-05 0.00059363577724434442 0.00020135575516554846 -0.00053586397611070423 0.0005413772248430178 -0.00010401459864264916 5.6369880725058816e-05 0.0004821248237007799 5.9638016622292017e-05 -0.00065293054756087557 -3.6741465323738254e-05 -0.0001876769798925007 -3.9919183152538818e-05 -0.00051321569281900608
leaf_weight=7021 33 20 58 36 20 86 62 26 391 24 237 147 138 31
leaf_count=7021 33 20 58 36 20 86 62 26 391 24 237 147 138 31
internal_value=1.67498e-13 6.92533e-05 -1.84013e-05 -0.000258673 8.26886e-05 1.89818e-05 0.00025836 0.000182161 -2.95599e-06 -5.17217e-05 -0.000127369 -0.000252976 3.39273e-06 -0.000126737
internal_weight=8330 341 233 69 164 144 108 88 7989 968 408 171 560 169
internal_count=8330 341 233 69 164 144 108 88 7989 968 408 171 560 169
is_linear=0
shrinkage=0.04


Tree=124
num_leaves=15
num_cat=0
split_feature=8 40 40 61 53 60 88 75 25 84 35 47 20 20
split_gain=0.00105529 0.00124396 0.00270179 0.00297828 0.00286009 0.00274125 0.00253385 0.00297846 0.00282171 0.00258042 0.00293715 0.00291295 0.00247857 0.00368888
threshold=0.84461996896509506 0.031280523424366831 0.034828428077445912 1.198037484956493 0.063051122243307459 -1.6070559299429765 0.21747384057491323 -0.42594182423895849 0.010537625232911437 0.48387002085660069 0.014923415118075713 -0.034882241211232505 0.020088416394097277 0.018711759352484283
decision_type=10 10 10 10 8 10 10 10 8 2 10 10 8 10
left_child=1 -1 3 12 -4 -6 7 -7 -8 -10 -11 -12 13 -3
right_child=-2 2 4 -5 5 6 8 -9 9 10 11 -13 -14 -15
leaf_value=-8.5997093925075627e-06 -0.00024515267918884221 -9.0839188749669108e-05 0.00042974517483694048 0.00054348224324399035 -0.00029438711613654457 -0.00036044189501714349 -0.00026070230313826929 4.8958678068190742e-05 -8.8042006548622493e-05 -0.00023705996548025206 0.0005422322292997706 8.4528539996364546e-05 -0.00011793724804495772 0.00039326016258735974
leaf_weight=6057 28 40 26 29 47 29 94 1453 272 28 32 73 54 68
leaf_count=6057 28 40 26 29 47 29 94 1453 272 28 32 73 54 68
internal_value=2.04658e-14 8.26822e-07 2.62596e-05 0.00017016 1.28784e-05 7.53395e-06 1.46971e-05 4.09475e-05 -6.32647e-05 -1.74397e-05 0.00012695 0.000224019 0.00010333 0.000213964
internal_weight=8330 8302 2245 191 2054 2028 1981 1482 499 405 133 105 162 108
internal_count=8330 8302 2245 191 2054 2028 1981 1482 499 405 133 105 162 108
is_linear=0
shrinkage=0.04


Tree=125
num_leaves=15
num_cat=0
split_feature=43 68 66 73 3 19 21 73 24 8 7 20 4 50
split_gain=0.00107031 0.00267291 0.00370351 0.00346527 0.00321276 0.00269133 0.00308188 0.00258875 0.00318887 0.00461622 0.00347312 0.0033782 0.00301886 0.00317644
threshold=0.10507593949496685 4.500687486146866 4.4763991116045654 0.12345269544979244 -0.027955094565371204 0.019467148413049109 0.014805421637535456 -0.15766364532766444 0.01246066661816147 -0.14390370906779767 -0.097293796506951899 0.020211036354512504 -0.049259000886391451 -0.32311484062494911
decision_type=8 10 10 10 10 10 10 8 10 8 10 8 10 8
left_child=1 2 3 7 -5 -3 -7 -1 9 -9 -11 -12 13 -10
right_child=-2 5 -4 4 -6 6 -8 8 12 10 11 -13 -14 -15
leaf_value=-1.2480877815751629e-05 -5.4630744023221202e-06 -2.4371309392695685e-05 -0.00011766119175658751 -0.00013234439133057196 0.00036002525569832263 0.00076932683587074282 0.00019371218234047537 0.00062658412400633094 -0.00014578005298279182 0.0004517898385723432 0.00017403195334369677 -0.00040950400696601721 -0.0002997144499433137 0.00027780495364561504
leaf_weight=159 7274 43 246 182 24 22 46 50 42 45 57 22 31 87
leaf_count=159 7274 43 246 182 24 22 46 50 42 45 57 22 31 87
internal_value=-1.97206e-13 3.76311e-05 1.58205e-05 6.2797e-05 -7.49809e-05 0.000223315 0.00037994 0.000120367 0.00018361 0.000302129 0.000171301 1.15283e-05 5.47195e-05 0.000139894
internal_weight=8330 1056 945 699 206 111 68 493 334 174 124 79 160 129
internal_count=8330 1056 945 699 206 111 68 493 334 174 124 79 160 129
is_linear=0
shrinkage=0.04


Tree=126
num_leaves=15
num_cat=0
split_feature=22 38 78 61 39 13 87 43 13 51 96 42 43 30
split_gain=0.0010533 0.00297744 0.00204929 0.00226072 0.00142517 0.00293686 0.0022437 0.0015582 0.00304874 0.0051537 0.00370567 0.00328755 0.00456886 0.0049063
threshold=0.020682250319322099 -0.1688895317617978 0.0015073304723023375 -0.05281540431072853 -0.095876597304296082 0.13829117049546782 -0.20126726902388081 0.10507593949496685 0.051765644714264043 0.016046354496930596 0.5300120048019209 0.10389169341441408 0.1557592387542106 -0.12878177842698987
decision_type=10 10 10 10 8 10 10 8 10 10 10 8 10 10
left_child=4 -2 3 -3 -1 7 -7 -6 -9 -10 11 -11 -13 -14
right_child=1 2 -4 -5 5 6 -8 8 9 10 -12 12 13 -15
leaf_value=0.00030607584708680711 0.00047062748392786956 5.5143038128934252e-05 0.00029613575432449582 -0.00044748909898440945 4.7911533735726896e-05 -1.2329445373074248e-05 -0.00048810176108963788 1.9567485385060009e-06 -0.00044596251666321064 -4.0408405731496391e-05 0.00015058262325464195 2.5961817844050391e-05 -0.00089266012560714175 -0.00023990433416249039
leaf_weight=24 29 41 27 22 941 29 35 6449 58 419 118 53 27 58
leaf_count=24 29 41 27 22 941 29 35 6449 58 419 118 53 27 58
internal_value=-8.62459e-14 0.000118151 4.57522e-06 -0.000120379 -1.71233e-06 -2.61461e-06 -0.000272517 -4.8808e-07 -6.82949e-06 -8.41316e-05 -5.3041e-05 -9.61785e-05 -0.000265509 -0.00044725
internal_weight=8330 119 90 63 8211 8187 64 8123 7182 733 675 557 138 85
internal_count=8330 119 90 63 8211 8187 64 8123 7182 733 675 557 138 85
is_linear=0
shrinkage=0.04


Tree=127
num_leaves=15
num_cat=0
split_feature=18 6 19 19 69 77 70 23 60 89 58 67 41 19
split_gain=0.00105425 0.00251679 0.00136065 0.00386945 0.00403525 0.00469328 0.00397899 0.00370587 0.00343838 0.00314077 0.00348314 0.00299836 0.0029691 0.00291191
threshold=0.025540900281703322 -0.11645285367804713 0.022380707650384028 0.021634244630125643 -0.40913723374950545 0.018966693974661223 0.6306062705745582 0.012443838444762614 1.2475878134241443 5.6670510472441852e-12 5193301011.1214046 4.1701904631916253 -0.039142205444621041 0.022073784202381892
decision_type=10 10 10 10 10 2 10 10 10 10 10 10 10 10
left_child=2 -2 3 -1 5 11 9 -8 -4 13 -11 12 -5 -6
right_child=1 -3 8 4 6 -7 7 -9 -10 10 -12 -13 -14 -15
leaf_value=4.7820622417193733e-06 0.00016753198416984599 -0.00036004166297901139 9.7603674862428954e-05 -0.0002305589385492646 0.00011603537244135859 0.00017698817925217253 3.7025718364673545e-05 -0.00034477972208268886 -0.00021190581071333818 3.5199766910712547e-05 0.00052504661022168074 -0.00013872821193447785 -0.00066604330496523867 -0.00036549789205309936
leaf_weight=7152 23 39 493 46 54 36 78 85 65 48 45 79 55 32
leaf_count=7152 23 39 493 46 54 36 78 85 65 48 45 79 55 32
internal_value=2.40639e-14 -0.000164329 1.23227e-06 -3.13312e-06 -0.000104584 -0.000239935 -1.90983e-05 -0.000162075 6.15497e-05 0.000111099 0.000272222 -0.00032332 -0.000467704 -6.31398e-05
internal_weight=8330 62 8268 7710 558 216 342 163 558 179 93 180 101 86
internal_count=8330 62 8268 7710 558 216 342 163 558 179 93 180 101 86
is_linear=0
shrinkage=0.04


Tree=128
num_leaves=15
num_cat=0
split_feature=69 41 29 69 16 78 21 66 83 85 7 20 69 80
split_gain=0.00104658 0.00310502 0.00273332 0.00199273 0.00190111 0.00177931 0.00175432 0.00146749 0.00348646 0.00400716 0.0031467 0.00270196 0.00216899 0.00178573
threshold=1.7586296452529255 -0.037692565048000275 0.011071102144092628 1.6635637331652045 0.020006148115100136 0.00024922476802469179 0.010063451552652472 3.2970998782579612 0.34380837307217171 0.29623157048443882 0.085276826149628629 0.019379947522198352 -0.25326362513667683 0.037134556075677123
decision_type=10 10 10 10 10 10 10 8 2 10 8 8 10 10
left_child=3 -2 -3 7 6 -4 -5 8 9 10 -1 -10 -13 -11
right_child=1 2 5 4 -6 -7 -8 -9 11 13 -12 12 -14 -15
leaf_value=8.1692133834095383e-06 -0.00048582160845398907 0.00035804456759554648 8.1736590813803064e-05 0.00031989425292704252 0.00050530914726550687 -0.00042699574111876168 -0.00020990813465323298 2.9710343719991447e-06 -5.3903841312313356e-05 0.00056715990261485181 -0.00046174682203369835 -0.00072272498160600666 -0.00022025580349561226 9.2955614198689121e-05
leaf_weight=95 28 24 22 20 24 22 20 7892 47 24 30 27 28 27
leaf_count=95 28 24 22 20 24 22 20 7892 47 24 30 27 28 27
internal_value=9.07748e-14 -0.000131309 1.46672e-05 1.53093e-06 0.000223862 -0.00017263 5.49931e-05 -2.1071e-07 -9.05356e-05 1.73029e-05 -0.000104611 -0.00027661 -0.000466922 0.000316111
internal_weight=8330 96 68 8234 64 44 40 8170 278 176 125 102 55 51
internal_count=8330 96 68 8234 64 44 40 8170 278 176 125 102 55 51
is_linear=0
shrinkage=0.04


Tree=129
num_leaves=15
num_cat=0
split_feature=70 0 70 86 50 3 32 75 23 2 23 5 70 22
split_gain=0.0010374 0.00333313 0.00139148 0.00379801 0.00409633 0.0035342 0.00355751 0.00328631 0.00262112 0.00245712 0.00227919 0.00162197 0.00150287 0.00150197
threshold=-1.7811120068735311 -0.011035261366641401 -1.5838384109780796 -0.39234089034595171 -0.02687876602054012 -0.049138501668665339 -0.13093338726231687 -0.22968866592947959 0.010340830384063018 -0.011083403516524757 0.0091333091824926573 -0.046426354075096703 -1.5684501554972943 0.021927433558308888
decision_type=8 10 8 10 8 10 10 10 10 10 10 10 8 10
left_child=1 -1 3 -2 5 -5 7 -7 -9 -10 -6 -11 -4 -14
right_child=2 -3 12 4 10 6 -8 8 9 11 -12 -13 13 -15
leaf_value=-0.00018855705709519007 -0.00062229105574078858 0.0003991998761500183 0.0002752673241775483 -0.00043360864288052137 -0.00067139509113748447 0.00047403562549516205 0.00045398968483121796 0.00013903931362972577 9.5428455599837691e-05 -0.00019522309515868194 -9.502340485120104e-05 -0.00068775793770328166 -8.6466685713258417e-07 0.00020702156429511627
leaf_weight=26 20 38 32 23 23 20 35 49 22 23 21 20 7922 56
leaf_count=26 20 38 32 23 23 20 35 49 22 23 21 20 7922 56
internal_value=-1.95743e-13 0.000160424 -1.24209e-06 -9.30429e-05 -4.81914e-05 3.15855e-05 9.48959e-05 1.1028e-06 -8.18679e-05 -0.000248398 -0.000396309 -0.000424309 1.69187e-06 5.9455e-07
internal_weight=8330 64 8266 256 236 192 169 134 114 65 44 43 8010 7978
internal_count=8330 64 8266 256 236 192 169 134 114 65 44 43 8010 7978
is_linear=0
shrinkage=0.04


Tree=130
num_leaves=15
num_cat=0
split_feature=31 15 6 49 7 41 20 75 15 29 77 28 36 63
split_gain=0.00103568 0.0020209 0.00119895 0.00315761 0.00243379 0.00243454 0.00240232 0.00285858 0.00277773 0.0024654 0.00240083 0.00311323 0.0026983 0.00228769
threshold=-0.048284821399592052 0.016668640252873835 0.11762447304225267 -0.058024460244624924 0.28083620477952603 0.044218749446763746 0.020145694196211112 0.45895981299360161 0.0078769128480423983 0.010613707172462865 0.0075295711647105365 0.011401824549734379 0.095904339904041139 0.3457317073170732
decision_type=10 10 10 10 10 10 8 10 10 10 2 10 10 10
left_child=2 -2 4 -4 -1 -6 7 9 -8 -5 11 -10 -13 -12
right_child=1 -3 3 6 5 -7 8 -9 10 -11 13 12 -14 -15
leaf_value=-4.030993327557335e-06 -0.00049337630410445853 1.918324771395419e-05 0.00016263255529454446 -0.00040970662213762161 -0.00060932250712799685 -6.4545020727174628e-05 0.00044223322314351348 0.00035041944859849828 -0.00010544258724015285 -2.836084546657303e-05 0.00016330515298371517 0.00058375740610768629 0.00016027705158235171 -0.00013640507979833659
leaf_weight=6654 20 32 251 28 21 35 33 31 48 868 60 33 89 127
leaf_count=6654 20 32 251 28 21 35 33 31 48 868 60 33 89 127
internal_value=3.69979e-13 -0.000177955 1.11786e-06 3.26089e-05 -6.241e-06 -0.000268837 7.82838e-06 -2.72125e-05 9.11179e-05 -4.02779e-05 5.86618e-05 0.000167455 0.000274825 -4.02414e-05
internal_weight=8330 52 8278 1568 6710 56 1317 927 390 896 357 170 122 187
internal_count=8330 52 8278 1568 6710 56 1317 927 390 896 357 170 122 187
is_linear=0
shrinkage=0.04


Tree=131
num_leaves=15
num_cat=0
split_feature=18 17 18 2 87 83 16 63 83 32 38 82 17 20
split_gain=0.00104147 0.00477457 0.00364187 0.00389928 0.00354601 0.00313773 0.0035667 0.00397139 0.0039862 0.00294896 0.00290343 0.00485807 0.0032661 0.00270811
threshold=0.01683195876777082 0.017521854713013426 0.017302278222359083 0.042274807635776741 -1.0664545212638068 0.21820115755355263 0.020480377601888974 0.65978723404255335 0.11309951953999993 -0.15085608670024217 0.14418102503162036 0.33371085796090177 0.017055912724358555 0.020101262624825641
decision_type=8 10 8 10 10 2 10 10 2 8 8 2 10 10
left_child=1 13 3 4 -2 6 7 8 -6 -7 12 -12 -11 -1
right_child=2 -3 -4 -5 5 9 -8 -9 -10 10 11 -13 -14 -15
leaf_value=6.6932125735494244e-05 -0.00053309519033603093 -0.00019167891563435572 2.0678418501281933e-06 -0.00062932299389301441 0.00027311142254620791 -0.00010610087203233098 0.00019437596691811149 -0.00080617445571672011 -0.00041851317160762847 0.00074421655751116898 0.00030873724345669703 -0.00050244932550759546 0.00012704066103598214 0.00038340623154889473
leaf_weight=544 27 113 7242 23 20 122 24 23 40 23 27 21 34 47
leaf_count=544 27 113 7242 23 20 122 24 23 40 23 27 21 34 47
internal_value=2.94732e-13 4.65504e-05 -4.29733e-06 -0.000124341 -9.21671e-05 -5.65232e-05 -0.000235096 -0.000359281 -0.000187972 2.76499e-05 0.000183056 -4.61569e-05 0.000376077 9.21001e-05
internal_weight=8330 704 7626 384 361 334 107 83 60 227 105 48 57 591
internal_count=8330 704 7626 384 361 334 107 83 60 227 105 48 57 591
is_linear=0
shrinkage=0.04


Tree=132
num_leaves=15
num_cat=0
split_feature=78 61 58 56 86 34 18 78 44 83 18 6 84 22
split_gain=0.00104303 0.00269644 0.00334649 0.00167546 0.00154353 0.00183212 0.00188178 0.00141419 0.00477695 0.00222778 0.00144024 0.00251561 0.00150802 0.00171782
threshold=-0.0058790555968388216 -0.87750727301377174 8502197114.2697754 3936810307.0453396 -0.090411150611000718 -0.0021574101991682078 0.019966250232892283 -0.0050640226751142428 0.18225048434939226 0.087921448760714685 0.025540900281703322 -0.11645285367804713 0.021223287948237173 0.01188416933332616
decision_type=8 10 8 10 10 10 10 10 8 2 10 10 2 10
left_child=1 2 -1 -3 -5 -6 -7 8 -2 -10 12 -12 13 -9
right_child=7 3 -4 4 5 6 -8 10 9 -11 11 -13 -14 -15
leaf_value=9.9618707624215036e-05 -0.00053265830215864954 -0.00033370417753411901 0.00073885600268840796 -0.00016063368080083181 -5.7916386883605169e-05 0.00055340048130601643 3.284598997561261e-05 0.00025621444116159065 -0.00037007769610246887 6.0551727271644285e-05 0.000147844890487336 -0.00040303663001395762 -4.8715627215747153e-07 -5.2727498316570474e-05
leaf_weight=38 35 21 20 37 37 25 20 77 23 117 21 36 7777 46
leaf_count=38 35 21 20 37 37 25 20 77 23 117 21 36 7777 46
internal_value=4.54505e-13 9.07092e-05 0.000320045 -4.30149e-06 5.38284e-05 0.000150598 0.000322043 -2.20861e-06 -0.000114687 -1.01945e-05 2.65157e-07 -0.00020008 1.71069e-06 0.000140675
internal_weight=8330 198 58 140 119 82 45 8132 175 140 7957 57 7900 123
internal_count=8330 198 58 140 119 82 45 8132 175 140 7957 57 7900 123
is_linear=0
shrinkage=0.04


Tree=133
num_leaves=15
num_cat=0
split_feature=64 3 0 81 42 0 80 78 7 77 28 17 70 58
split_gain=0.00103484 0.00253633 0.00290421 0.00286063 0.00284922 0.0029428 0.00249198 0.00351552 0.00334453 0.00338204 0.00281449 0.00276627 0.00269616 0.00424768
threshold=3.3815866114980158 0.074774405320336537 0.018921367794901171 0.51246889525969286 -0.2491398880689096 -0.035461518471655511 0.039627604688358624 0.0047643683765101761 -0.26288802492539848 0.008230424368582125 0.010739094167296849 0.020654042275955773 -1.3825605697967085 5942365815.7164145
decision_type=8 10 10 2 8 10 10 10 10 2 10 10 8 10
left_child=1 4 3 -3 -1 -6 8 12 9 10 -7 -12 13 -8
right_child=-2 2 -4 -5 5 6 7 -9 -10 -11 11 -13 -14 -15
leaf_value=0.00034199129645761181 -7.3548438993475592e-06 -0.00028517488949000836 -0.00038363418038934473 0.00036892852705457937 -0.00025563702388483629 -0.00012007251235089549 -0.00052617712360289361 0.00063727078493684534 3.3216003975683696e-05 0.00022357183976392088 -0.00085916077385523497 -0.00020184408081695435 0.00013724665479641942 0.00012649305713682387
leaf_weight=48 6548 20 50 23 56 69 27 20 996 27 21 20 366 39
leaf_count=48 6548 20 50 23 56 69 27 20 996 27 21 20 366 39
internal_value=-3.58745e-13 2.70255e-05 -0.000176342 6.46944e-05 3.82234e-05 2.93381e-05 3.94066e-05 0.000118814 7.72755e-06 -0.000177575 -0.000276039 -0.000538518 9.48119e-05 -0.000140508
internal_weight=8330 1782 93 43 1689 1641 1585 452 1133 137 110 41 432 66
internal_count=8330 1782 93 43 1689 1641 1585 452 1133 137 110 41 432 66
is_linear=0
shrinkage=0.04


Tree=134
num_leaves=15
num_cat=0
split_feature=78 67 16 25 4 82 39 86 26 64 63 60 53 8
split_gain=0.0010151 0.00105399 0.00320681 0.00326722 0.00313223 0.00246606 0.00185446 0.00177521 0.002593 0.00240076 0.0026727 0.00260003 0.00185269 0.00167477
threshold=0.0082698890721880653 4.7531875892322262 0.02005246668025092 0.011825629028747354 -0.074710885691564519 0.54258174472832088 0.0037715780948894832 0.53595671904628794 0.0035035004511145625 4.8789323750460918 0.68480392156862757 -0.55941212809398511 0.14054190321701501 -0.32347560669291292
decision_type=10 10 10 8 10 2 10 10 10 10 10 10 10 8
left_child=1 7 3 5 -5 6 -3 13 -9 10 11 -10 -11 -1
right_child=-2 2 -4 4 -6 -7 -8 8 9 12 -12 -13 -14 -15
leaf_value=8.1867931718499263e-05 -0.00022485550621240691 0.0001828424751147395 0.00024984887676611023 7.8640225715935234e-05 -0.0005041741069322194 0.0004932539581786841 -0.00010223480815971818 0.00025985913504532966 -0.00016958858643192798 -0.00067385735638115715 -0.00031705994534587381 0.00024895561581596412 -0.00014745628050877711 -3.1925130000974211e-06
leaf_weight=390 32 64 108 25 36 20 85 26 48 23 53 47 20 7353
leaf_count=390 32 64 108 25 36 20 85 26 48 23 53 47 20 7353
internal_value=2.20726e-13 8.67122e-07 7.00487e-05 -1.43792e-05 -0.000265316 7.61955e-05 2.02145e-05 -2.07049e-06 -0.000114908 -0.000165923 -8.94832e-05 3.74807e-05 -0.00042902 1.09182e-06
internal_weight=8330 8298 338 230 61 169 149 7960 217 191 148 95 43 7743
internal_count=8330 8298 338 230 61 169 149 7960 217 191 148 95 43 7743
is_linear=0
shrinkage=0.04


Tree=135
num_leaves=15
num_cat=0
split_feature=28 72 68 32 68 4 15 66 29 86 61 88 17 41
split_gain=0.00100122 0.00334594 0.00304707 0.00353489 0.00301369 0.00307632 0.00280499 0.00383652 0.00267234 0.00265323 0.00254067 0.0025636 0.00245414 0.00260828
threshold=0.0081498680597820519 0.98125000000000007 4.0359800348090582 -0.28873729234672879 4.1008566742693011 -0.097576278390613821 0.010508756463438391 4.6233382369154272 0.009684905616800854 0.0052107640541800776 0.39012760459635981 0.25002138352600245 0.020143595631129722 -0.10233892470916599
decision_type=8 10 8 8 8 10 10 10 10 10 10 10 10 10
left_child=1 2 3 -1 8 10 7 9 -4 -7 11 -6 13 -8
right_child=-2 -3 4 -5 5 6 12 -9 -10 -11 -12 -13 -14 -15
leaf_value=-2.0748270992258126e-05 -5.028550305702724e-06 -0.00037061195009418076 0.00012497466786400133 0.00030807695511612113 0.0002066441596700595 -0.00055652120445923116 -0.0001559737103615561 0.0001776823648712404 -0.00039600249609211466 -7.8610540675821112e-05 -6.8327475624579582e-05 0.00071380986325928701 0.00047898486815392972 8.1510885519818643e-05
leaf_weight=85 7362 31 23 136 52 41 97 33 50 34 31 23 20 312
leaf_count=85 7362 31 23 136 52 41 97 33 50 34 31 23 20 312
internal_value=3.65281e-13 3.8244e-05 5.17707e-05 0.000181606 1.16959e-05 3.93468e-05 4.74924e-07 -0.000181728 -0.000231859 -0.000339868 0.000236273 0.000362175 4.63442e-05 2.51881e-05
internal_weight=8330 968 937 221 716 643 537 108 73 75 106 75 429 409
internal_count=8330 968 937 221 716 643 537 108 73 75 106 75 429 409
is_linear=0
shrinkage=0.04


Tree=136
num_leaves=15
num_cat=0
split_feature=74 87 1 81 3 70 90 87 54 41 60 8 31 87
split_gain=0.00100696 0.00217595 0.00181055 0.00136549 0.00129037 0.00120085 0.00254844 0.00138657 0.00373701 0.0026908 0.00309832 0.00262538 0.00220926 0.00160592
threshold=-0.36504860441545495 0.87588334233246556 -0.016378697676528272 0.77876030930272011 0.0018255785195372411 -1.7811120068735311 4.760732484836673e-12 -1.2626009148708108 0.11649377106653593 0.015163751217190826 -0.82358974635152793 -0.1902835730878206 -0.096539600998390748 -0.74674983369068682
decision_type=8 10 10 2 10 8 8 8 10 10 10 8 10 10
left_child=1 2 -1 4 -4 6 -2 8 11 -10 -11 -7 -12 -9
right_child=5 -3 3 -5 -6 7 -8 13 9 10 12 -13 -14 -15
leaf_value=0.00032099372893571858 -0.00012778620582629138 -0.00040305849806886288 -4.3641105294227599e-05 0.00017820156272500755 -0.00042911240583634938 -0.00014359489204766957 0.00038896316498820044 3.7975837801552053e-05 0.00035108614230045567 0.00031225412639535288 -1.7135287068683553e-05 -0.00077022576436866085 -0.00046379071877762564 -6.3945890219031409e-06
leaf_weight=20 26 31 33 20 24 23 37 1644 27 22 37 20 34 6332
leaf_count=20 26 31 33 20 24 23 37 1644 27 22 37 20 34 6332
internal_value=2.81969e-13 -0.000111326 -1.80923e-05 -0.000106167 -0.000205945 1.73735e-06 0.000175702 3.90781e-07 -0.000115099 -4.49779e-07 -0.000102509 -0.000435051 -0.000231027 2.75097e-06
internal_weight=8330 128 97 77 57 8202 63 8139 163 120 93 43 71 7976
internal_count=8330 128 97 77 57 8202 63 8139 163 120 93 43 71 7976
is_linear=0
shrinkage=0.04


Tree=137
num_leaves=15
num_cat=0
split_feature=100 51 72 10 78 43 41 44 65 3 65 64 80 24
split_gain=0.00100574 0.00332759 0.00351671 0.002935 0.00329146 0.00351216 0.00191999 0.00279078 0.00223911 0.00285788 0.00315008 0.00328436 0.0022937 0.0021724
threshold=3.5000000000000004 0.10052997817609534 0.83156028368794332 0.043937265965547319 0.0022833703742681792 0.064262865536058561 0.076916746352656454 0.553303226116314 3.2296853209184095 -0.029987886029288254 3.972500616220541 3.8264257814943581 0.024896933736387721 0.01162714085182154
decision_type=2 8 10 10 10 10 8 10 10 10 10 10 10 10
left_child=-1 2 3 6 5 -5 7 8 -2 10 11 -10 -12 -14
right_child=1 -3 -4 4 -6 -7 -8 -9 9 -11 12 -13 13 -15
leaf_value=-3.5346064747661464e-06 0.00039663778782899803 0.00051434660116986687 -0.00021602744827736411 0.00016616882056041504 -0.00016557129146531224 0.00075068082620293429 -0.00019476755017725129 0.00052126094792038201 0.00012083300812677905 -0.00034745113672483168 0.00045354583389673603 -0.000435389946747039 0.00028795982152683122 -0.00012073464520812117
leaf_weight=7824 24 24 77 38 20 29 54 20 33 34 34 35 38 46
leaf_count=7824 24 24 77 38 20 29 54 20 33 34 34 35 38 46
internal_value=-5.16797e-13 5.46537e-05 3.17644e-05 7.88754e-05 0.000284744 0.000419167 2.25529e-05 6.70048e-05 2.97707e-05 -1.02512e-05 5.13875e-05 -0.000165458 0.000176349 6.41509e-05
internal_weight=8330 506 482 405 87 67 318 264 244 220 186 68 118 84
internal_count=8330 506 482 405 87 67 318 264 244 220 186 68 118 84
is_linear=0
shrinkage=0.04


Tree=138
num_leaves=15
num_cat=0
split_feature=67 84 0 66 34 31 44 40 1 10 48 82 87 56
split_gain=0.000999714 0.00108107 0.00271173 0.00408144 0.00271895 0.00228993 0.00197946 0.00169176 0.00140087 0.00390638 0.0039553 0.00327516 0.00363279 0.00335474
threshold=3.2816545650157782 0.79597688732301897 0.025243360461675194 4.5538790850116326 -1.0000000180025095e-35 -0.17353526864693078 0.454255918449323 0.038368071226884022 -0.044273515197715656 0.048625636608382768 -0.079908937008331002 0.38648500908264571 -0.8787479656912951 6408117562.2880135
decision_type=8 2 10 10 8 8 10 10 8 8 8 2 10 10
left_child=-1 8 3 4 5 -3 -4 -8 9 -2 11 12 -11 -14
right_child=1 2 6 -5 -6 -7 7 -9 -10 10 -12 -13 13 -15
leaf_value=0.00022314492758596316 0.0002711310247566713 -0.00049021964560129808 0.00041389682457189668 0.00026332245145053806 -0.00070912409006901409 -2.5397218160769839e-05 -0.00023138466547243297 0.00024355468014255165 -2.4732126847787373e-06 0.00036245279749365231 -0.00039672187949892963 0.00049591232706006853 0.00010221251536374135 -0.00023132660120159156
leaf_weight=32 115 28 22 23 23 43 30 20 7703 38 36 24 96 97
leaf_count=32 115 28 22 23 23 43 30 20 7703 38 36 24 96 97
internal_value=-5.96871e-14 -8.60525e-07 -9.54306e-05 -0.000214288 -0.00033115 -0.000208707 9.77123e-05 -4.14089e-05 1.34366e-06 7.37608e-05 -4.23768e-06 5.11719e-05 4.96505e-06 -6.54211e-05
internal_weight=8330 8298 189 117 94 71 72 50 8109 406 291 255 231 193
internal_count=8330 8298 189 117 94 71 72 50 8109 406 291 255 231 193
is_linear=0
shrinkage=0.04


Tree=139
num_leaves=15
num_cat=0
split_feature=89 16 82 67 88 90 44 58 89 42 23 82 23 17
split_gain=0.00100519 0.00404766 0.00311472 0.00257697 0.00253697 0.00248102 0.00338856 0.00270474 0.00256937 0.00248967 0.00232281 0.00310197 0.00263487 0.00314702
threshold=1.2964789623512936e-11 0.02159050141451584 0.51209376221826475 4.6415519570442418 0.47809267498254709 8.62001959270317e-12 0.21425073340488679 3677453385.5982985 7.6191171500148048e-12 -0.14010971370166983 0.013770657973325979 0.16688764661224709 0.0075847506200776562 0.016551858535804768
decision_type=10 10 2 10 10 10 10 8 10 10 10 2 10 10
left_child=5 3 4 10 -3 7 9 8 -1 -7 12 -12 -2 -14
right_child=1 2 -4 -5 -6 6 -8 -9 -10 -11 11 -13 13 -15
leaf_value=-0.00046350538053024465 -0.0004401961138221221 7.1286714125933404e-05 0.00047198978755789414 -0.00045889470255072718 -0.00026636235532350838 0.00072371455051166856 6.1822562769975781e-05 2.4642677871754281e-06 2.4369985481063205e-05 0.00012131610353078162 -0.00069093390944458184 -0.00014010705731846895 0.00018590199662427479 -7.3451103405648748e-05
leaf_weight=39 26 324 28 30 40 23 320 6840 31 21 21 74 91 422
leaf_count=39 26 324 28 30 40 23 320 6840 31 21 21 74 91 422
internal_value=1.42993e-13 -3.64684e-05 6.54544e-05 -9.66397e-05 3.41824e-05 5.29429e-06 0.000107078 -6.73876e-08 -0.000247446 0.000436206 -7.94983e-05 -0.000261869 -4.73551e-05 -2.7445e-05
internal_weight=8330 1056 392 664 364 7274 364 6910 70 44 634 95 539 513
internal_count=8330 1056 392 664 364 7274 364 6910 70 44 634 95 539 513
is_linear=0
shrinkage=0.04


Tree=140
num_leaves=15
num_cat=0
split_feature=3 34 22 37 33 31 47 68 90 69 90 68 10 36
split_gain=0.000983654 0.00138289 0.00184651 0.00210027 0.00142623 0.0032206 0.0035372 0.00319439 0.00291096 0.00265779 0.00225783 0.00225152 0.00190393 0.0031843
threshold=-0.11766420882263777 -0.075573092264287253 0.015673483808491123 -0.14297837492711493 -0.035995101564288638 -0.10903260693710991 -0.11537358464678353 4.1883318114225654 4.1126657163970608e-12 -0.1298485278536575 5.1118316093493936e-12 4.2132035891908908 0.054095064455872595 -0.029262245304968012
decision_type=8 8 10 10 8 10 10 8 8 10 8 10 10 8
left_child=-1 2 -2 -4 5 6 8 9 -3 -8 -10 -7 -6 -14
right_child=1 4 3 -5 12 11 7 -9 10 -11 -12 -13 13 -15
leaf_value=0.00021795270939809128 0.00011344206339740396 0.00035237536316492119 -0.00058428711257874967 -4.3209038161545653e-05 -1.1134112333737041e-06 -0.00040025366791241775 0.00047663180411539296 0.00065061068488284936 -0.00033548742095290712 -0.00011564574488956067 4.8566237545425173e-05 0.00010892804673252007 2.1547288633883001e-05 -0.0006392888115951792
leaf_weight=33 23 37 24 22 7874 33 22 35 33 27 95 24 28 20
leaf_count=33 23 37 24 22 7874 33 22 35 33 27 95 24 28 20
internal_value=2.24184e-13 -8.66872e-07 -0.000179193 -0.000325511 6.28571e-07 8.53638e-05 0.000147452 0.000358748 3.98824e-05 0.000150275 -5.04476e-05 -0.000185861 -2.64447e-06 -0.000253801
internal_weight=8330 8297 69 46 8228 306 249 84 165 49 128 57 7922 48
internal_count=8330 8297 69 46 8228 306 249 84 165 49 128 57 7922 48
is_linear=0
shrinkage=0.04


Tree=141
num_leaves=15
num_cat=0
split_feature=47 82 15 80 3 24 82 31 88 27 61 74 67 86
split_gain=0.000979323 0.00126167 0.00279652 0.00266432 0.00476669 0.00240496 0.00425741 0.00521392 0.00361232 0.00325171 0.0029125 0.00299542 0.0028618 0.00332315
threshold=-0.0017713721921988055 0.13678427110746086 0.032616156813479714 0.018034859244533828 -0.020312487062187575 0.013234273405877411 0.090366309509211415 -0.15652055233743237 -0.6965853091309181 0.0075806879409987095 -0.84612009997793913 -0.095550546896238139 3.8647089509786752 0.068906168782003271
decision_type=10 2 8 10 8 10 2 8 8 10 8 10 8 10
left_child=1 2 3 4 -1 6 8 9 -5 -8 11 -9 13 -12
right_child=-2 -3 -4 5 -6 -7 7 10 -10 -11 12 -13 -14 -15
leaf_value=0.00068916742479251255 0.00022085751337726833 6.1386913446941462e-06 0.00019546373910123271 -0.00036747431800573721 -2.7375718689819969e-06 -0.00019768385804412461 -0.00033926862793473095 -0.00078459685131047788 6.4642964689209654e-05 0.00015107497114908355 -0.00076933705351621027 -0.00022741034823028667 -0.00010130757007753662 -7.1199850179255007e-05
leaf_weight=21 32 6910 79 33 66 185 26 26 499 129 24 38 242 20
leaf_count=21 32 6910 79 33 66 185 26 26 499 129 24 38 242 20
internal_value=-3.93605e-14 -8.51704e-07 -3.56526e-05 -4.96008e-05 0.000164274 -6.48276e-05 -4.11261e-05 -0.000124313 3.78387e-05 6.88238e-05 -0.000209845 -0.000453767 -0.000155261 -0.000452002
internal_weight=8330 8298 1388 1309 87 1222 1037 505 532 155 350 64 286 44
internal_count=8330 8298 1388 1309 87 1222 1037 505 532 155 350 64 286 44
is_linear=0
shrinkage=0.04


Tree=142
num_leaves=15
num_cat=0
split_feature=86 59 85 82 19 29 46 17 78 60 78 61 60 86
split_gain=0.000970696 0.00136514 0.00112899 0.00380391 0.00247152 0.00228571 0.00224267 0.00202356 0.00161458 0.00157393 0.00142166 0.0026817 0.00311756 0.00194324
threshold=0.74478213189528897 6699892652.6299143 1.0304043436034265 0.29804950497554689 0.019053272570364089 0.013001797621657625 0.85185147191201238 0.019928867274648713 0.00013443869505891384 -0.015737928153002557 -0.0058790555968388216 -0.87750727301377174 -1.1175850409465906 0.0096705787376020428
decision_type=10 10 10 2 10 10 10 10 10 10 8 10 8 10
left_child=2 -2 10 6 -5 -6 7 9 -9 -4 11 12 -1 -13
right_child=1 -3 3 4 5 -7 -8 8 -10 -11 -12 13 -14 -15
leaf_value=7.3679029708728191e-05 3.0012528302669979e-05 -0.0003453775548240951 0.0003058647172015515 0.00025653518589577919 -0.00050732618029643273 -2.5984019555739664e-05 -0.00011769225981663027 0.00036498449949754614 -0.0001091944556683302 0.0008016800940968097 -3.7264438394047618e-06 -0.00015024513076429091 0.00068532229085879704 0.00015395080942350129
leaf_weight=30 31 31 21 23 27 38 21 27 20 20 7882 63 24 72
leaf_count=30 31 31 21 23 27 38 21 27 20 20 7882 63 24 72
internal_value=3.27047e-14 -0.000157683 1.18243e-06 9.5792e-05 -9.98283e-05 -0.000225926 0.000253724 0.000342357 0.000163206 0.000547726 -1.12684e-06 0.000107286 0.00034552 1.19927e-05
internal_weight=8330 62 8268 197 88 65 109 88 47 41 8071 189 54 135
internal_count=8330 62 8268 197 88 65 109 88 47 41 8071 189 54 135
is_linear=0
shrinkage=0.04


Tree=143
num_leaves=15
num_cat=0
split_feature=51 51 16 62 75 27 5 62 5 0 67 38 61 23
split_gain=0.000961768 0.00156252 0.00274829 0.0037469 0.00285985 0.00294189 0.00258382 0.00229766 0.00207478 0.00270042 0.00377388 0.00367182 0.00258715 0.00249342
threshold=0.29904924943815264 0.18677709407555146 0.014640160675652892 0.18823529411764708 0.45895981299360161 0.012464254724824741 0.18104762916442432 0.25657894736842107 0.10804155235721159 -0.011520454561399494 4.1738154309053908 0.20296534895991672 2.0598081579053611 0.0077918229449443748
decision_type=10 10 10 10 10 10 10 10 10 10 10 8 10 10
left_child=1 8 -3 -4 5 6 -5 -7 12 -10 11 13 -1 -11
right_child=-2 2 3 4 -6 7 -8 -9 9 10 -12 -13 -14 -15
leaf_value=3.4274411967066262e-06 -0.0002188690960610984 0.00028491548019519541 -0.00030343439129258817 -0.00050314400991838845 0.00049479308751566951 0.00045441502338060394 4.0612446890887004e-05 5.9018252776865659e-05 9.9558555154578271e-05 -0.00069448805040200098 -1.520747514721406e-05 -5.2749611952874279e-05 -0.0004411918856203556 -0.00028125546641604159
leaf_weight=7259 32 80 48 27 24 26 29 246 108 33 233 84 21 80
leaf_count=7259 32 80 48 27 24 26 29 246 108 33 233 84 21 80
internal_value=2.47143e-13 8.44036e-07 7.08949e-05 2.80908e-05 7.32988e-05 4.24578e-05 -0.000221556 9.68135e-05 -3.45686e-06 -7.92575e-05 -0.000124169 -0.000253043 2.14489e-06 -0.000401934
internal_weight=8330 8298 480 400 352 328 56 272 7818 538 430 197 7280 113
internal_count=8330 8298 480 400 352 328 56 272 7818 538 430 197 7280 113
is_linear=0
shrinkage=0.04


Tree=144
num_leaves=15
num_cat=0
split_feature=8 54 40 53 64 55 86 56 76 1 96 20 36 15
split_gain=0.000967771 0.00120528 0.00288106 0.00221252 0.00210322 0.00209886 0.00255696 0.00190802 0.00188854 0.00187941 0.00180212 0.00379633 0.00177624 0.00157336
threshold=0.84461996896509506 0.6291161835453799 0.0032047684601074215 0.46706680593336652 4.1580137080315351 8213671621.9271212 0.084788233266709867 9122323577.4868908 0.034713191415048812 0.002621082420209087 0.64166666666666672 0.019317386100885459 0.10596332502830787 0.014831472495883319
decision_type=10 10 10 10 10 10 10 10 10 10 10 10 10 8
left_child=1 3 -3 10 8 -6 9 -5 -4 -7 13 -12 -10 -1
right_child=-2 2 4 7 5 6 -8 -9 12 -11 11 -13 -14 -15
leaf_value=2.7751696993401778e-05 -0.00023476645791171386 -0.00027116045391074184 -4.1277376551400215e-06 -0.00054859239523383707 -0.00023378508857843514 0.00027416174008976669 0.00043191918364629664 -1.5546861381846527e-05 0.00064020090018554281 -0.00016089442758226492 -0.00056415049669643249 0.00011990607567131519 0.00023491767543037573 -1.0902531725939195e-05
leaf_weight=2432 28 33 34 22 38 24 29 21 24 47 27 25 62 5484
leaf_count=2432 28 33 34 22 38 24 29 21 24 47 27 25 62 5484
internal_value=3.06695e-15 7.91792e-07 8.07586e-05 -2.11301e-06 0.000125771 1.92729e-05 0.000115435 -0.000288268 0.000248245 -1.38332e-05 -5.68746e-07 -0.000235277 0.00034802 9.73047e-07
internal_weight=8330 8302 291 8011 258 138 100 43 120 71 7968 52 86 7916
internal_count=8330 8302 291 8011 258 138 100 43 120 71 7968 52 86 7916
is_linear=0
shrinkage=0.04


Tree=145
num_leaves=15
num_cat=0
split_feature=64 64 87 5 0 0 15 81 39 18 78 61 72 7
split_gain=0.000955608 0.00238757 0.00330868 0.00402829 0.00273198 0.00329327 0.00308045 0.00255074 0.00327081 0.00233465 0.00218864 0.00214339 0.00254917 0.00213428
threshold=3.3815866114980158 3.3305055364661809 -0.36739059033999572 -0.059255829524505692 -0.032417515027925774 -0.02862177218179179 0.034000357421299858 0.91753950259495298 -0.012148334687569149 0.020097648819499835 -8.7725945473182674e-05 -0.43542445610301722 0.35092592592592597 -0.26288802492539848
decision_type=8 10 8 8 10 10 8 2 10 10 10 8 8 10
left_child=1 4 9 -4 11 -6 7 13 -9 -3 -5 -1 -13 -7
right_child=-2 2 3 10 5 6 -8 8 -10 -11 -12 12 -14 -15
leaf_value=8.8723900444165341e-05 -7.0676818847643702e-06 0.0002063274780034433 0.00049270712685855946 -0.00032260044163864984 0.00037355228363248033 -0.00012615935490807383 -0.00047864210058469323 0.00063575080336401401 5.7520977299039565e-05 0.00075277092104608374 0.00018622864869290165 -0.0001030584155685372 -0.00066963317158903626 2.7105391787131338e-05
leaf_weight=24 6548 29 22 38 42 164 20 24 45 22 21 27 24 1280
leaf_count=24 6548 29 22 38 42 164 20 24 45 22 21 27 24 1280
internal_value=2.98882e-13 2.59704e-05 0.000189667 3.07598e-05 1.28747e-05 2.41064e-05 1.45325e-05 2.10517e-05 0.000258644 0.000442048 -0.000141492 -0.000222992 -0.000369682 9.69859e-06
internal_weight=8330 1782 132 81 1650 1575 1533 1513 69 51 59 75 51 1444
internal_count=8330 1782 132 81 1650 1575 1533 1513 69 51 59 75 51 1444
is_linear=0
shrinkage=0.04


Tree=146
num_leaves=15
num_cat=0
split_feature=43 74 29 68 75 41 64 52 64 8 18 40 43 66
split_gain=0.000954403 0.00292265 0.00392175 0.00331434 0.002992 0.00365499 0.00388551 0.0030762 0.0024915 0.00354691 0.00249702 0.00278982 0.00245718 0.00244278
threshold=0.095688915491856472 0.0053863495943419224 0.013076996903311098 4.500687486146866 0.2562664642065397 -0.12630557843491599 4.3423124153817536 0.082585756825074089 3.1539908361675404 -0.27885390154597611 0.017738669943536071 -0.064487194577798043 0.053723876466797243 4.2117536352935074
decision_type=8 10 10 10 10 8 10 8 10 8 8 10 10 10
left_child=1 3 -3 4 5 -1 8 13 12 -10 -11 -12 -7 -8
right_child=-2 2 -4 -5 -6 6 7 -9 9 10 11 -13 -14 -15
leaf_value=0.00051052741458988747 -4.8779478299914827e-06 3.5762519082009721e-06 -0.0004008942944892624 0.00045199015065630128 -0.0003787711576759731 0.00023359001141216141 0.00013307746586411497 0.00037830056114630264 -0.00016920185366567847 -2.1624927705323154e-05 0.00017590485979658173 0.00061615086640097721 -0.0003330419570382219 -0.00021829739394646215
leaf_weight=32 7373 442 42 41 22 24 43 22 24 22 37 61 25 120
leaf_count=32 7373 442 42 41 22 24 43 22 24 22 37 61 25 120
internal_value=-1.42084e-13 3.75811e-05 -3.15224e-05 0.000108292 7.56722e-05 0.000100057 6.53081e-05 -6.56797e-05 0.000190866 0.000274702 0.000363483 0.000449936 -5.55079e-05 -0.000125603
internal_weight=8330 957 484 473 432 410 378 185 193 144 120 98 49 163
internal_count=8330 957 484 473 432 410 378 185 193 144 120 98 49 163
is_linear=0
shrinkage=0.04


Tree=147
num_leaves=15
num_cat=0
split_feature=40 30 67 33 8 50 4 31 64 65 71 86 33 76
split_gain=0.000952812 0.00251297 0.00259922 0.00378177 0.00372632 0.00331255 0.00317449 0.00317907 0.00313614 0.00309617 0.00308048 0.00310336 0.00321866 0.00307489
threshold=0.031280523424366831 -0.089174606622359195 4.2569258572254229 -0.0084446693017811141 -0.25950904670606106 -0.013925111099882702 0.058453595568728985 -0.11850010943949328 3.1094412103713247 3.6801094692662146 0.45576923076923087 -0.045488052972741722 -0.018248722868586417 0.1217228569978346
decision_type=10 10 8 10 8 10 10 10 10 10 10 10 10 10
left_child=-1 -2 3 4 -3 -5 -7 -8 -6 13 11 12 -10 -4
right_child=1 2 9 5 8 6 7 -9 10 -11 -12 -13 -14 -15
leaf_value=-8.2847712702278485e-06 0.00022022761630217488 0.00060254664115962531 0.00053766340413685177 -0.000104786170835544 -0.00017873451747207534 0.00043759134440573264 0.00035192181492675444 -0.00010558770072478156 0.00017594351904170417 4.242997971098459e-05 1.0335796737863125e-05 8.4288222370324306e-05 0.00083932821154594425 2.1694497995530114e-05
leaf_weight=6058 98 21 42 731 73 34 32 101 22 842 164 54 25 33
leaf_count=6058 98 21 42 731 73 34 32 101 22 842 164 54 25 33
internal_value=-1.71699e-13 2.20903e-05 1.31586e-05 -2.41981e-05 8.55333e-05 -6.80662e-05 9.26661e-05 4.48978e-06 5.34112e-05 6.43662e-05 0.000117361 0.000291144 0.000528808 0.000310637
internal_weight=8330 2272 2174 1257 359 898 167 133 338 917 265 101 47 75
internal_count=8330 2272 2174 1257 359 898 167 133 338 917 265 101 47 75
is_linear=0
shrinkage=0.04


Tree=148
num_leaves=15
num_cat=0
split_feature=18 17 18 2 87 83 16 63 83 88 42 84 85 69
split_gain=0.000961194 0.00430643 0.00328514 0.00350929 0.00327785 0.00290215 0.00319054 0.00362318 0.00356153 0.00276596 0.00335299 0.0026444 0.00260272 0.00243387
threshold=0.01683195876777082 0.017521854713013426 0.017302278222359083 0.042274807635776741 -1.0664545212638068 0.21820115755355263 0.020480377601888974 0.65978723404255335 0.11309951953999993 0.73078614494897653 -0.09967342796429822 0.69306163166046764 0.49327086571764261 -1.0117982764159195
decision_type=8 10 8 10 10 2 10 10 2 10 8 2 10 10
left_child=1 11 3 4 -2 6 7 8 -6 10 -7 13 -3 -1
right_child=2 12 -4 -5 5 9 -8 -9 -10 -11 -12 -13 -14 -15
leaf_value=-8.8872720765465607e-05 -0.00051154693019472895 -5.5589765314708314e-05 1.9170030324760884e-06 -0.00059720484403204981 0.0002569160922430456 -0.00036835319641492483 0.00018110624514520169 -0.00076939346526911398 -0.00039682990749133752 -0.00037847846959872792 0.00013513828948720269 0.00049057427160441877 -0.00047415173687862563 0.00011344969920353607
leaf_weight=121 27 79 7242 23 20 24 24 23 40 24 179 25 34 445
leaf_count=121 27 79 7242 23 20 24 24 23 40 24 179 25 34 445
internal_value=2.44788e-14 4.47203e-05 -4.12839e-06 -0.000118141 -8.76187e-05 -5.3349e-05 -0.000225088 -0.000342541 -0.000178915 2.76026e-05 7.56122e-05 8.79795e-05 -0.000181529 7.0197e-05
internal_weight=8330 704 7626 384 361 334 107 83 60 227 203 591 113 566
internal_count=8330 704 7626 384 361 334 107 83 60 227 203 591 113 566
is_linear=0
shrinkage=0.04


Tree=149
num_leaves=15
num_cat=0
split_feature=67 84 66 0 25 41 19 1 10 48 26 26 90 87
split_gain=0.000952849 0.00103415 0.00250026 0.0041871 0.0024849 0.00223086 0.00228517 0.00132363 0.00348971 0.00348605 0.00317369 0.00327358 0.00310249 0.00302612
threshold=3.2816545650157782 0.79597688732301897 4.6080098787659036 0.026017107285974842 0.010537625232911437 -0.061618948250430787 0.018728663081456081 -0.044273515197715656 0.048625636608382768 -0.079908937008331002 0.011972693377100867 0.0031337106538454592 5.6137502593329946e-12 -0.8787479656912951
decision_type=8 2 10 10 10 10 10 8 10 8 10 10 10 10
left_child=-1 7 3 5 -5 -3 -7 8 -2 10 11 -10 -12 -13
right_child=1 2 -4 4 -6 6 -8 -9 9 -11 12 13 -14 -15
leaf_value=0.0002178518239816185 0.00025825561223166954 -0.00064102232871253201 0.00032957704982254659 -0.00016939668969895977 0.00035007777678615907 0.00017704556626267732 -0.00031102360339101517 -2.3944515443984118e-06 0.00016670805542461596 -0.00037048093651214406 9.0736059256170588e-05 0.00026433114760688372 0.00067955516813195907 -0.00026782471204174013
leaf_weight=32 115 23 20 26 34 20 66 7703 79 36 41 21 22 92
leaf_count=32 115 23 20 26 34 20 66 7703 79 36 41 21 22 92
internal_value=3.93801e-14 -8.40113e-07 -9.33349e-05 -0.000143384 0.000124972 -0.000291102 -0.000197519 1.3157e-06 7.17081e-05 -2.01342e-06 5.00055e-05 -3.0828e-05 0.000296355 -0.000168928
internal_weight=8330 8298 189 169 60 109 86 8109 406 291 255 192 63 113
internal_count=8330 8298 189 169 60 109 86 8109 406 291 255 192 63 113
is_linear=0
shrinkage=0.04


Tree=150
num_leaves=15
num_cat=0
split_feature=36 51 63 17 5 77 96 65 30 75 7 61 52 6
split_gain=0.000953187 0.00136954 0.00262204 0.00314067 0.00191721 0.00248153 0.00352137 0.00358215 0.00285565 0.00324025 0.0026719 0.00239793 0.00225367 0.00218937
threshold=0.20471270992392623 0.18677709407555146 0.21547619047619052 0.021550973154212099 0.10804155235721159 -0.0066282987602010448 0.52440476190476204 4.5322963983957569 -0.030014006511464183 0.26847680411905578 0.33266076106440706 2.0598081579053611 0.23543772748199379 0.10501945209810705
decision_type=10 10 10 10 10 2 8 10 10 10 10 10 10 10
left_child=1 4 3 -3 11 10 7 -7 9 -8 12 13 -6 -1
right_child=-2 2 -4 -5 5 6 8 -9 -10 -11 -12 -13 -14 -15
leaf_value=-5.7029526528287667e-06 -0.00022139024958314914 1.7786267869976453e-05 0.00011357851276502764 -0.00049511231920825176 3.2151919678265615e-05 -0.00043784050561873378 -4.976692695632709e-05 -1.9075826892410131e-05 0.0001948772955848466 -0.00053081025441105553 -0.00034063985825262289 -0.00042463532626806273 0.00041499699631993492 5.633543739533252e-05
leaf_weight=6192 31 72 383 26 89 91 162 51 63 26 22 21 34 1067
leaf_count=6192 31 72 383 26 89 91 162 51 63 26 22 21 34 1067
internal_value=1.97032e-14 8.26979e-07 6.63373e-05 -0.000118289 -3.20353e-06 -7.60689e-05 -0.00012825 -0.000287439 -3.81914e-05 -0.000116294 6.5361e-05 2.1813e-06 0.000137979 3.41607e-06
internal_weight=8330 8299 481 98 7818 538 393 142 251 188 145 7280 123 7259
internal_count=8330 8299 481 98 7818 538 393 142 251 188 145 7280 123 7259
is_linear=0
shrinkage=0.04


Tree=151
num_leaves=15
num_cat=0
split_feature=20 20 74 64 0 29 6 78 95 81 42 64 39 74
split_gain=0.000943418 0.00184896 0.00351074 0.00234632 0.00333978 0.00301985 0.00177418 0.00173557 0.00226908 0.00170551 0.00167948 0.00451382 0.00256306 0.00285583
threshold=0.022687506181396953 0.021898029334363456 -0.052206981834188863 4.2458267879596514 0.011957458236003473 0.012022933956589916 -0.057685739883701563 0.0031625809487380034 0.34166666666666673 0.53397939245555215 -0.23121930530294019 5.4831256497369898 0.044973914355395335 -0.052206981834188863
decision_type=10 10 10 10 10 10 10 10 10 2 8 10 10 10
left_child=1 10 6 4 5 -4 -3 8 -2 -5 11 12 -1 -14
right_child=7 2 3 9 -6 -7 -8 -9 -10 -11 -12 -13 13 -15
leaf_value=0.00020778794728462869 0.00032876663953926337 0.00013898698644091687 0.00024077530103650959 -0.00012595138769890918 6.7524190800374048e-05 0.00087753494019405208 -0.00025159678136815831 -0.00037464466700651527 -0.00010437041708100282 0.0002671163272338383 -4.7180128890694686e-06 -0.00046501442422075865 0.00022978123137727381 -0.00041149792261421683
leaf_weight=199 23 30 22 38 34 26 49 29 122 33 7659 21 20 25
leaf_count=199 23 30 22 38 34 26 49 29 122 33 7659 21 20 25
internal_value=2.22755e-13 1.96619e-06 0.000113271 0.000225082 0.000370839 0.000585687 -0.000103274 -9.21624e-05 -3.56659e-05 5.67421e-05 -1.2926e-06 9.77082e-05 0.000146139 -0.000126485
internal_weight=8330 8156 232 153 82 48 79 174 145 71 7924 265 244 45
internal_count=8330 8156 232 153 82 48 79 174 145 71 7924 265 244 45
is_linear=0
shrinkage=0.04


Tree=152
num_leaves=15
num_cat=0
split_feature=69 31 69 77 16 3 17 66 21 42 85 48 27 76
split_gain=0.000942447 0.00285811 0.00180832 0.00170012 0.0016834 0.00160252 0.00159571 0.00137453 0.00323825 0.00296668 0.00266986 0.00367383 0.0031754 0.00279749
threshold=1.7586296452529255 -0.10903260693710991 1.6635637331652045 -0.0097253205024653826 0.020006148115100136 0.0052846163499103991 0.019902008597190164 3.2970998782579612 0.0019409859743163345 -0.18990069647291494 0.29623157048443882 -0.053360099480424299 0.011871076874692158 0.1061939039431662
decision_type=10 10 10 2 10 10 10 8 10 8 10 10 10 10
left_child=2 3 7 -2 5 -4 -5 8 -1 -10 11 13 -12 -11
right_child=1 -3 4 6 -6 -7 -8 -9 9 10 12 -13 -14 -15
leaf_value=-0.00055331849366087814 -0.00054623284461823376 0.00024320420091971756 -0.00019884030357934532 -0.00036565632154436216 0.00047808927542064339 0.00030752207979094237 9.1731712723580695e-05 2.8729941018149888e-06 0.00026882314519025387 -0.00018931208289337949 0.00049033391076828481 -0.00050746542828016764 -0.00011135185409026841 0.00026566381983715912
leaf_weight=22 22 25 20 23 24 20 26 7892 40 85 23 43 36 29
leaf_count=22 22 25 20 23 24 20 26 7892 40 85 23 43 36 29
internal_value=1.94876e-13 -0.000124605 1.45277e-06 -0.000254115 0.000213247 5.43409e-05 -0.000122961 -2.06327e-07 -8.76236e-05 -4.76029e-05 -0.0001062 -0.000192409 0.000123204 -7.35726e-05
internal_weight=8330 96 8234 71 64 40 49 8170 278 256 216 157 59 114
internal_count=8330 96 8234 71 64 40 49 8170 278 256 216 157 59 114
is_linear=0
shrinkage=0.04


Tree=153
num_leaves=15
num_cat=0
split_feature=74 17 21 83 19 19 17 26 60 75 39 18 46 71
split_gain=0.000933076 0.00198088 0.00239571 0.00200339 0.00108435 0.00299714 0.00320317 0.00320064 0.00308374 0.0028016 0.00380026 0.00292107 0.00292068 0.00273916
threshold=-0.36504860441545495 0.021857559334523467 0.0072764599025350483 0.18440960728778377 0.019436993693217594 0.019518923573560668 0.019277188215289235 0.008117080016258495 1.2605853940972287 0.096444180227178947 -0.01803714547965057 0.020171021235480209 0.46473238605964101 0.13809523809523813
decision_type=8 10 10 2 10 10 10 10 10 10 10 10 8 10
left_child=1 2 -1 -4 -2 6 7 -6 -7 10 -10 -12 -13 -11
right_child=4 -3 3 -5 5 8 -8 -9 9 13 11 12 -14 -15
leaf_value=-0.00029593233631125521 -1.306082947232562e-05 -0.00041883628170650736 -0.00021133078528302057 0.00026017967560935929 0.00067775626102405963 2.2397379014549667e-05 2.8232616767677109e-05 0.00012476335697369102 0.00010416294411381544 -0.00041179951522499322 -0.00056731310760369522 -0.00042983417079085485 3.5197507550424719e-05 2.5382684410292493e-05
leaf_weight=35 4048 26 21 46 33 3518 86 34 46 25 48 40 47 277
leaf_count=35 4048 26 21 46 33 3518 86 34 46 25 48 40 47 277
internal_value=-1.26954e-13 -0.000107165 -2.77188e-05 0.000112393 1.6724e-06 1.60297e-05 0.000189777 0.000397133 9.3855e-06 -8.53884e-05 -0.000209827 -0.000316816 -0.00017861 -1.08079e-05
internal_weight=8330 128 102 67 8202 4154 153 67 4001 483 181 135 87 302
internal_count=8330 128 102 67 8202 4154 153 67 4001 483 181 135 87 302
is_linear=0
shrinkage=0.04


Tree=154
num_leaves=15
num_cat=0
split_feature=78 29 86 17 18 76 76 48 32 49 29 26 77 39
split_gain=0.00092654 0.00194945 0.00195139 0.00102925 0.00323492 0.00280488 0.00317593 0.00316331 0.00291061 0.00315742 0.00278762 0.00264019 0.00283484 0.00254939
threshold=0.0074971835743048451 0.011440493399609215 -0.15986017632770202 0.016680450361623939 0.017302278222359083 -0.15373433402517775 -0.10334795340700485 -0.039760375947105013 -0.099648866927553134 -0.09113572860592449 0.010216864713565055 0.015448305505407588 -0.015758918446303057 -0.008651721773444641
decision_type=8 10 10 10 10 8 8 10 10 8 8 10 2 10
left_child=3 2 -2 -1 5 7 -7 -5 9 -8 -11 12 -12 -14
right_child=1 -3 -4 4 -6 6 8 -9 -10 10 11 -13 13 -15
leaf_value=2.9792768776801847e-05 -7.0125029422342787e-05 0.00011483594369753424 -0.00060021890467032793 -0.00013499310652894731 2.4042567877101533e-06 0.0002846489175173797 -0.00023624962351823342 -0.00069844821766018865 -0.00046389702212763952 0.00039662322629198946 0.00034494887629989536 -0.00035294970011870777 -0.00026269286194930606 7.0148446553118383e-05
leaf_weight=1625 25 29 20 44 6113 38 120 25 32 27 36 35 57 104
leaf_count=1625 25 29 20 44 6113 38 120 25 32 27 36 35 57 104
internal_value=-9.44313e-14 -0.000140909 -0.000305722 1.26299e-06 -5.72855e-06 -0.000101705 -6.52167e-05 -0.000339144 -9.75644e-05 -6.66339e-05 1.19525e-05 -3.28152e-05 2.40614e-05 -4.76898e-05
internal_weight=8330 74 45 8256 6631 518 449 69 411 379 259 232 197 161
internal_count=8330 74 45 8256 6631 518 449 69 411 379 259 232 197 161
is_linear=0
shrinkage=0.04


Tree=155
num_leaves=15
num_cat=0
split_feature=31 15 31 11 84 78 17 15 66 65 39 66 24 18
split_gain=0.000924501 0.00189365 0.00109385 0.00457009 0.00281581 0.0012667 0.00179908 0.00117504 0.00326523 0.00408244 0.0033837 0.00313253 0.00333804 0.00309275
threshold=-0.048284821399592052 0.016668640252873835 -0.051777116379233594 -0.030812668264058148 0.49709317277706327 0.0074971835743048451 0.020598142308746171 0.014831472495883319 3.3212102235135146 3.1862724334127797 -0.012148334687569149 4.005222545796518 0.0087479238694830267 0.020097648819499835
decision_type=10 10 10 10 2 8 8 10 8 8 10 8 8 10
left_child=2 -2 5 -4 -5 7 -7 8 9 10 -1 12 -10 -13
right_child=1 -3 3 4 -6 6 -8 -9 11 -11 -12 13 -14 -15
leaf_value=0.00044207517802715302 -0.00047346178541192788 2.2698000866512301e-05 -0.00031137200945522634 8.8887212759194273e-05 0.00066368092033080748 -0.00037846340409219812 2.7272297690312067e-05 -9.0939920651374362e-06 -0.00022605890357542947 -0.00049234290019782296 -0.0001654860136768548 -2.9462061931520879e-05 0.00012610304001783436 9.2289515717825646e-05
leaf_weight=20 20 32 24 30 25 34 36 5613 46 43 55 1217 675 460
leaf_count=20 20 32 24 30 25 34 36 5613 46 43 55 1217 675 460
internal_value=-7.12332e-14 -0.000168133 1.05616e-06 0.000149186 0.000350157 -3.7112e-07 -0.000169799 1.08785e-06 2.38027e-05 -0.000181618 -3.4697e-06 3.3911e-05 0.000103635 3.93432e-06
internal_weight=8330 52 8278 79 55 8199 70 8129 2516 118 75 2398 721 1677
internal_count=8330 52 8278 79 55 8199 70 8129 2516 118 75 2398 721 1677
is_linear=0
shrinkage=0.04


Tree=156
num_leaves=15
num_cat=0
split_feature=89 89 31 90 8 90 58 90 35 65 23 89 55 39
split_gain=0.000926419 0.00323456 0.00295258 0.00353406 0.00324623 0.00292976 0.00338605 0.00321251 0.0035258 0.00292279 0.00403277 0.00357735 0.00361738 0.00318342
threshold=9.1447667710920286e-12 8.4496192899577371e-12 -0.11282141562880958 7.3168861830509846e-12 -0.010439860095561969 8.4853332710605665e-12 3677453385.5982985 8.1667457118451582e-12 -0.027798206679335021 3.7331039952473288 0.0074323154920077081 9.6943070637760687e-12 5293561277.2787008 -0.014529945587992586
decision_type=10 10 8 10 8 10 8 10 10 10 8 10 10 10
left_child=1 5 3 -3 -5 6 -1 -8 -9 13 -11 12 -12 -2
right_child=9 2 -4 4 -6 -7 7 8 -10 10 11 -13 -14 -15
leaf_value=-0.000341452019415459 0.00023458473288619352 0.00040990579218966989 -0.00010357329029526833 0.00026274117130425668 -0.0003725829081271182 0.00015006566611571067 1.9806965995332589e-06 9.2249204700982026e-05 -0.0005576286523137242 -0.00053424836793315733 -7.9496365477098142e-05 -3.2065548001202615e-05 -0.00074625737438707251 -1.4315352267747913e-05
leaf_weight=47 124 91 48 31 22 206 6325 22 34 28 30 1055 23 244
leaf_count=47 124 91 48 31 22 206 6325 22 34 28 30 1055 23 244
internal_value=1.22062e-13 6.26155e-06 0.000168115 0.000258678 -9.78258e-07 1.57722e-06 -3.18143e-06 -6.89858e-07 -0.000302319 -2.84185e-05 -6.01557e-05 -4.81751e-05 -0.000368845 6.95532e-05
internal_weight=8330 6826 192 144 53 6634 6428 6381 56 1504 1136 1108 53 368
internal_count=8330 6826 192 144 53 6634 6428 6381 56 1504 1136 1108 53 368
is_linear=0
shrinkage=0.04


Tree=157
num_leaves=15
num_cat=0
split_feature=18 17 18 31 75 46 25 20 75 69 86 80 75 73
split_gain=0.000940808 0.00376261 0.00291692 0.00299498 0.0044091 0.00394186 0.0025585 0.0024947 0.00302933 0.00270688 0.00296979 0.00283021 0.00274235 0.00447671
threshold=0.01683195876777082 0.017521854713013426 0.017092209473087733 -0.14285753840583279 -0.045294043885993389 0.82356066188211863 0.011294806609731827 0.020101262624825641 0.046412896361470841 1.0428616640811101 -0.075723412972839618 0.049551764800579844 -0.26476576153022541 -0.018319664388121267
decision_type=8 10 8 10 10 10 8 10 10 10 8 10 10 10
left_child=1 7 3 4 -2 -5 -6 9 -9 10 -1 12 -12 -14
right_child=2 -3 -4 5 6 -7 -8 8 -10 -11 11 -13 13 -15
leaf_value=-0.00014812694351363942 -0.00068004608067816924 -0.00016723805462088502 -1.0867912021306354e-07 0.00013117712775382619 -0.00039953902806661535 -0.00040835160311932363 0.00017962274956516921 0.00072159502477872942 7.5664782388440262e-05 0.0002664337069781627 0.00037010010711750703 0.00051119906139438561 -0.00017875465293616154 0.00014687542831584151
leaf_weight=121 35 113 7434 78 23 30 26 21 26 86 38 23 118 158
leaf_count=121 35 113 7434 78 23 30 26 21 26 86 38 23 118 158
internal_value=-2.70562e-13 4.42436e-05 -4.08438e-06 -0.000158018 -0.000337153 -1.8692e-05 -9.22287e-05 8.46791e-05 0.000364272 6.05231e-05 2.18587e-05 8.28921e-05 5.15193e-05 7.65677e-06
internal_weight=8330 704 7626 192 84 108 49 591 47 544 458 337 314 276
internal_count=8330 704 7626 192 84 108 49 591 47 544 458 337 314 276
is_linear=0
shrinkage=0.04


Tree=158
num_leaves=15
num_cat=0
split_feature=67 16 38 35 82 75 31 77 88 66 64 85 65 47
split_gain=0.000927099 0.0029059 0.00297088 0.00326781 0.00250849 0.00169516 0.00160559 0.00158679 0.00225982 0.00173075 0.00153229 0.00160233 0.00320576 0.00309804
threshold=4.7531875892322262 0.02005246668025092 -0.062970379473510626 -0.05635593204479699 0.54258174472832088 0.04142422479813624 -0.094682770419577164 0.013742806422397226 -0.10282390227369036 5.2718792760666231 6.6896026058607552 0.34404486342997115 3.0807567121210235 -0.034436309341175357
decision_type=10 10 10 10 2 10 10 2 10 10 10 10 10 10
left_child=10 2 3 -2 5 -4 -7 8 -3 -10 11 -1 13 -13
right_child=1 7 4 -5 -6 6 -8 -9 9 -11 -12 12 -14 -15
leaf_value=8.4658365997017149e-06 4.7828836263347921e-05 1.4574139192700387e-05 -9.1057929874461318e-05 -0.00050699043240664263 0.00049649328715167937 -1.8783505525319806e-06 0.00042896636808291075 -1.2717000364015499e-05 0.00064824109013630633 0.00017929885402554645 -0.00033612211144910283 0.00036974905134411527 -4.4957948181364502e-05 -7.8173613957395501e-05
leaf_weight=5991 33 25 88 35 20 31 25 30 34 20 22 60 1874 42
leaf_count=5991 33 25 88 35 20 31 25 30 34 20 22 60 1874 42
internal_value=-7.86293e-14 6.45906e-05 -1.54466e-05 -0.00023774 7.67238e-05 1.84224e-05 0.000190463 0.000234945 0.000328994 0.000474559 -2.75697e-06 -1.83641e-06 -3.30716e-05 0.00018531
internal_weight=8330 341 232 68 164 144 56 109 79 54 7989 7967 1976 102
internal_count=8330 341 232 68 164 144 56 109 79 54 7989 7967 1976 102
is_linear=0
shrinkage=0.04


Tree=159
num_leaves=15
num_cat=0
split_feature=43 72 23 22 5 67 74 32 51 27 81 59 15 23
split_gain=0.000927539 0.00234622 0.00286442 0.00381189 0.00257339 0.002552 0.00226127 0.00284649 0.00211878 0.00407369 0.00286052 0.00212755 0.00392774 0.00268251
threshold=0.10507593949496685 0.84952830188679263 0.012248474005135353 0.0078377182768031937 -0.15166975292635662 3.8470900623901954 0.11899399844928961 -0.23103326307619057 0.01443257092981798 0.0059293858504749167 0.36116925156001517 23667926521.046307 0.012815032107572176 0.012988351690111213
decision_type=8 10 10 10 8 8 10 8 8 10 2 10 10 10
left_child=1 2 3 -1 -5 -6 -7 -8 9 -2 -11 -10 -13 -14
right_child=8 -3 -4 4 5 6 7 -9 11 10 -12 12 13 -15
leaf_value=-0.00034134293871664506 -0.00070227556326426567 -9.6941730268284949e-05 1.1156766461571392e-05 0.00064283834304660562 0.00057249803339009695 0.00020053391564858411 -0.00040852880552411075 0.00017869559332861433 -1.1218587669229928e-07 0.00013099187092545131 -0.00042555569861592215 0.00026179553184192629 -0.00051288711095347683 -2.8752208493339521e-05
leaf_weight=22 20 179 587 20 23 172 25 28 7086 45 22 24 47 30
leaf_count=22 20 179 587 20 23 172 25 28 7086 45 22 24 47 30
internal_value=-1.58616e-14 3.50315e-05 6.19678e-05 0.000164816 0.000206367 0.000171168 0.000130143 -9.8297e-05 -5.08568e-06 -0.0002013 -5.17551e-05 -2.71047e-06 -0.000185002 -0.000324263
internal_weight=8330 1056 877 290 268 248 225 53 7274 87 67 7187 101 77
internal_count=8330 1056 877 290 268 248 225 53 7274 87 67 7187 101 77
is_linear=0
shrinkage=0.04


end of trees

feature_importances:
overnight_return=69
upside_volatility_60=59
turnover_mean_20=55
body_size=48
volatility_120=44
ma_slope_60=41
turnover_mean_5=41
ma_slope_10=40
volatility_40=39
lower_shadow=39
turnover_mean_40=38
return_skew_20=38
ma_slope_5=37
turnover_mean_60=37
amount_ratio_5_20=37
upper_shadow=37
momentum_2=36
max_drawdown_60=36
return_kurt_20=36
amount_zscore_60=35
return_skew_60=35
volatility_10=34
upside_volatility_5=33
amount_zscore_20=33
volume_ratio_10_60=33
amihud_illiquidity_60=33
upside_volatility_10=32
turnover_zscore_60=31
volume_ratio_5_20=31
amihud_illiquidity_20=31
breakdown_low_20=30
price_position_20=29
turnover_mean_10=29
turnover_zscore_20=29
momentum_120=28
downside_volatility_10=28
momentum_5=27
volatility_20=27
close_position=27
return_kurt_60=27
volatility_5=26
volatility_60=26
downside_volatility_60=24
momentum_1=23
momentum_20=23
ma_slope_20=23
downside_volatility_120=22
momentum_10=21
momentum_60=21
upside_volatility_20=20
amount_mean_5=20
amount_mean_10=20
momentum_3=19
momentum_40=19
max_drawdown_120=19
intraday_return=19
downside_volatility_5=18
downside_volatility_20=18
ma_bias_5=18
ma_bias_10=17
ma_bias_120=17
reversal_2=16
breakout_high_40=16
amount_mean_20=16
amount_mean_60=16
turnover_percentile_60=16
amplitude=16
ma_bias_60=15
amount_ratio_10_60=15
amount_percentile_60=14
breakout_high_120=13
reversal_10=12
ma_bias_40=12
up_day_ratio_60=12
amount_mean_40=11
amount_percentile_20=11
up_day_ratio_20=11
max_drawdown_20=10
ma_bias_20=10
price_position_60=10
breakout_high_20=10
breakout_high_60=10
breakdown_low_60=10
breakdown_low_120=10
price_position_40=9
breakdown_low_40=9
down_streak=9
reversal_5=8
price_position_120=8
reversal_3=5
turnover_percentile_20=5
reversal_1=4
reversal_20=3
up_streak=3
down_day_ratio_60=2
down_day_ratio_20=1

parameters:
[boosting: gbdt]
[objective: regression]
[metric: l2]
[tree_learner: serial]
[device_type: cpu]
[data_sample_strategy: bagging]
[data: ]
[valid: ]
[num_iterations: 160]
[learning_rate: 0.04]
[num_leaves: 15]
[num_threads: 6]
[seed: 42]
[deterministic: 0]
[force_col_wise: 0]
[force_row_wise: 0]
[histogram_pool_size: -1]
[max_depth: -1]
[min_data_in_leaf: 20]
[min_sum_hessian_in_leaf: 0.001]
[bagging_fraction: 1]
[pos_bagging_fraction: 1]
[neg_bagging_fraction: 1]
[bagging_freq: 0]
[bagging_seed: 400]
[bagging_by_query: 0]
[feature_fraction: 1]
[feature_fraction_bynode: 1]
[feature_fraction_seed: 30056]
[extra_trees: 0]
[extra_seed: 12879]
[early_stopping_round: 0]
[early_stopping_min_delta: 0]
[first_metric_only: 0]
[max_delta_step: 0]
[lambda_l1: 0]
[lambda_l2: 0]
[linear_lambda: 0]
[min_gain_to_split: 0]
[drop_rate: 0.1]
[max_drop: 50]
[skip_drop: 0.5]
[xgboost_dart_mode: 0]
[uniform_drop: 0]
[drop_seed: 17869]
[top_rate: 0.2]
[other_rate: 0.1]
[min_data_per_group: 100]
[max_cat_threshold: 32]
[cat_l2: 10]
[cat_smooth: 10]
[max_cat_to_onehot: 4]
[top_k: 20]
[monotone_constraints: ]
[monotone_constraints_method: basic]
[monotone_penalty: 0]
[feature_contri: ]
[forcedsplits_filename: ]
[refit_decay_rate: 0.9]
[cegb_tradeoff: 1]
[cegb_penalty_split: 0]
[cegb_penalty_feature_lazy: ]
[cegb_penalty_feature_coupled: ]
[path_smooth: 0]
[interaction_constraints: ]
[verbosity: -1]
[saved_feature_importance_type: 0]
[use_quantized_grad: 0]
[num_grad_quant_bins: 4]
[quant_train_renew_leaf: 0]
[stochastic_rounding: 1]
[linear_tree: 0]
[max_bin: 255]
[max_bin_by_feature: ]
[min_data_in_bin: 3]
[bin_construct_sample_cnt: 200000]
[data_random_seed: 175]
[is_enable_sparse: 1]
[enable_bundle: 1]
[use_missing: 1]
[zero_as_missing: 0]
[feature_pre_filter: 1]
[pre_partition: 0]
[two_round: 0]
[header: 0]
[label_column: ]
[weight_column: ]
[group_column: ]
[ignore_column: ]
[categorical_feature: ]
[forcedbins_filename: ]
[precise_float_parser: 0]
[parser_config_file: ]
[objective_seed: 16083]
[num_class: 1]
[is_unbalance: 0]
[scale_pos_weight: 1]
[sigmoid: 1]
[boost_from_average: 1]
[reg_sqrt: 0]
[alpha: 0.9]
[fair_c: 1]
[poisson_max_delta_step: 0.7]
[tweedie_variance_power: 1.5]
[lambdarank_truncation_level: 30]
[lambdarank_norm: 1]
[label_gain: ]
[lambdarank_position_bias_regularization: 0]
[eval_at: ]
[multi_error_top_k: 1]
[auc_mu_weights: ]
[num_machines: 1]
[local_listen_port: 12400]
[time_out: 120]
[machine_list_filename: ]
[machines: ]
[gpu_platform_id: -1]
[gpu_device_id: -1]
[gpu_use_dp: 0]
[num_gpu: 1]

end of parameters

pandas_categorical:[]
