tree
version=v4
num_class=1
num_tree_per_iteration=1
label_index=0
max_feature_idx=102
objective=regression
feature_names=momentum_1 momentum_2 momentum_3 momentum_5 momentum_10 momentum_20 momentum_40 momentum_60 momentum_120 reversal_1 reversal_2 reversal_3 reversal_5 reversal_10 reversal_20 volatility_5 volatility_10 volatility_20 volatility_40 volatility_60 volatility_120 downside_volatility_5 downside_volatility_10 downside_volatility_20 downside_volatility_60 downside_volatility_120 upside_volatility_5 upside_volatility_10 upside_volatility_20 upside_volatility_60 max_drawdown_20 max_drawdown_60 max_drawdown_120 ma_bias_5 ma_bias_10 ma_bias_20 ma_bias_40 ma_bias_60 ma_bias_120 ma_slope_5 ma_slope_10 ma_slope_20 ma_slope_60 price_position_20 price_position_40 price_position_60 price_position_120 breakout_high_20 breakout_high_40 breakout_high_60 breakout_high_120 breakdown_low_20 breakdown_low_40 breakdown_low_60 breakdown_low_120 amount_mean_5 amount_mean_10 amount_mean_20 amount_mean_40 amount_mean_60 amount_zscore_20 amount_zscore_60 amount_percentile_20 amount_percentile_60 turnover_mean_5 turnover_mean_10 turnover_mean_20 turnover_mean_40 turnover_mean_60 turnover_zscore_20 turnover_zscore_60 turnover_percentile_20 turnover_percentile_60 volume_ratio_5_20 volume_ratio_10_60 amount_ratio_5_20 amount_ratio_10_60 intraday_return overnight_return gap_return amplitude close_position upper_shadow lower_shadow body_size return_skew_20 return_skew_60 return_kurt_20 return_kurt_60 amihud_illiquidity_20 amihud_illiquidity_60 limit_up_count_20 limit_up_count_60 limit_down_count_20 limit_down_count_60 up_day_ratio_20 up_day_ratio_60 down_day_ratio_20 down_day_ratio_60 up_streak down_streak new_high_distance_60 new_low_distance_60
feature_infos=[-0.070234875733028668:0.066554954122954646] [-0.11160315946600419:0.10238729645988132] [-0.14494456737518568:0.12080170698242765] [-0.15076486156554991:0.173214816170286] [-0.19157675558860965:0.25819223781615563] [-0.29730711397382303:0.33985109791903878] [-0.35014001712918152:0.47636883032625943] [-0.4131139302401079:0.66861527763902351] [-0.54167278097443772:0.96005085779944066] [-0.066554954122954646:0.070234875733028668] [-0.10238729645988132:0.11160315946600419] [-0.12080170698242765:0.14494456737518568] [-0.173214816170286:0.15076486156554991] [-0.25819223781615563:0.19157675558860965] [-0.33985109791903878:0.29730711397382303] [0.0021309484098784442:0.046735522272764181] [0.0050152898123935839:0.036210677777100471] [0.0095992282322967439:0.03080937861068693] [0.013036699485617349:0.028120702281879073] [0.013980867725198468:0.026436432509771502] [0.016388424289259466:0.024089972964185469] [0:0.031195363855771142] [0:0.024860581039224169] [0.0026286050873498292:0.020154548385548768] [0.0069871160350771519:0.017745871924697357] [0.0080016515776362377:0.015319129468732417] [0:0.029764280331661296] [0:0.024200301248848907] [0.0029218324736720578:0.020870883880170648] [0.0065572886876546395:0.016417635837517999] [-0.29975512064154508:-0.004716324914682879] [-0.42355893477647877:-0.036061359233959811] [-0.5486238783618218:-0.049014155931552117] [-0.091771321224447866:0.075272613246051057] [-0.12275434062017254:0.12685653216356307] [-0.17220177928705993:0.18547621906314871] [-0.24466818370167243:0.2504092609518993] [-0.27538984440651515:0.31161214179457497] [-0.378848559120606:0.47480626710937335] [-0.11536898864773015:0.14771392538108374] [-0.15251024084203757:0.18432090545386615] [-0.21371141904376467:0.24718069459056036] [-0.34793421916661893:0.42861396854475431] [0.0047211539853514095:0.99420917031961631] [0.0033245485686118552:0.99576570332014502] [0.0018751903674848953:0.99591547335159758] [0.0012165966700093747:0.99753733715165738] [-0.30738211396654258:-0.0010197151703861262] [-0.36613322024844042:-0.0010197151703861262] [-0.43194152129560182:-0.0010197151703861262] [-0.55115414245463379:-0.0010197151703861262] [0.0010093438277802846:0.36164935022216049] [0.0010770729385969346:0.52860716079599235] [0.0010770729385969346:0.69576224708608425] [0.0010770729385969346:0.99643980728396797] [201633602.73252201:41739803829.029526] [337837402.17837715:35744029115.978836] [387668216.75995624:30646144463.546234] [450733514.33615625:29040931721.84359] [454919600.86739624:27351418254.895252] [-2.3885061734092239:2.6155916980341734] [-2.1946555560125489:2.5676616964291124] [0.050000000000000003:1] [0.016666666666666666:1] [0.88982629511015676:7.2779280519698855] [1.3476365718211694:6.4773091936190594] [2.250648319920896:5.8198005104382888] [3.0220434160327647:5.2927781809373027] [3.3315642432445021:4.9984209125617438] [-2.4262156374897832:2.6270687464731126] [-2.1293460985080772:2.0478164952537194] [0.050000000000000003:1] [0.016666666666666666:1] [-0.73460266768597371:0.90220147289307917] [-0.54627239389167803:0.62464451053567949] [-0.74821026076259911:0.92301714418355107] [-0.56213125972370859:0.74106119792171987] [-0.068246671256188551:0.07010893588948619] [-0.010292867483983614:0.01182607989514417] [-0.010292867483983614:0.01182607989514417] [0.0038684064473306417:0.095545196002603194] [0.019502382747590721:0.98161320219369919] [0.018386797806300818:0.90731312170449208] [0.019225958895293018:0.92794182063062869] [0.00026814828365826556:0.93840255435740982] [-1.910688115628153:1.8911306839373276] [-0.98909089106617487:0.95603874590609861] [-1.6822643923291085:6.5361760913551077] [-1.3195800035242731:2.4726356250138424] [5.0577418717870826e-13:1.1659559203250246e-10] [8.9592417176595723e-13:7.4215501928710956e-11] none none none none [0.10000000000000001:0.90000000000000002] [0.29268292682926828:0.69999999999999996] [0.10000000000000001:0.90000000000000002] [0.29999999999999999:0.69999999999999996] [0:11] [0:11] [-0.43194152129560182:-0.0010197151703861262] [0.0010770729385969346:0.69576224708608425]
tree_sizes=1542 1554 1554 1566 1568 1554 1564 1569 1563 1552 1572 1555 1563 1566 1570 1563 1562 1568 1570 1568 1549 1559 1558 1555 1547 1551 1561 1545 1558 1552 1544 1555 1553 1570 1561 1541 1547 1570 1554 1536 1559 1584 1566 1558 1564 1570 1536 1571 1561 1566 1552 1542 1558 1534 1554 1560 1564 1524 1560 1559 1563 1534 1564 1560 1545 1555 1552 1554 1558 1532 1545 1552 1556 1564 1553 1528 1548 1551 1531 1553 1547 1549 1562 1554 1545 1543 1551 1573 1546 1530 1591 1573 1544 1551 1543 1568 1549 1548 1559 1557 1544 1531 1537 1527 1558 1536 1550 1551 1543 1548 1538 1554 1554 1524 1538 1552 1547 1570 1549 1540 1566 1548 1557 1579 1549 1559 1561 1559 1519 1547 1562 1534 1550 1530 1562 1530 1551 1567 1546 1541 1565 1525 1530 1544 1529 1539 1552 1552 1534 1548 1547 1564 1542 1542 1530 1557 1546 1582 1543 1555

Tree=0
num_leaves=15
num_cat=0
split_feature=32 20 29 39 87 50 28 90 29 85 42 59 88 22
split_gain=0.136594 0.098901 0.102804 0.0860737 0.0595908 0.0618473 0.0634849 0.0576996 0.0576558 0.0574511 0.0572182 0.056011 0.0545168 0.0582792
threshold=-0.14962775596734743 0.02319538144073929 0.011569578532972946 -0.026182299261881033 -0.65225881338065517 -0.34783000984742479 0.0096460524101383647 1.3401767486985599e-12 0.013612238837252126 0.33771326847370153 0.35789725373776243 807881218.97769332 -0.071299759066794685 0.014287430059825681
decision_type=10 10 10 10 10 10 10 8 10 10 10 10 10 10
left_child=1 2 7 -3 5 -4 -7 -1 -6 12 -11 -10 13 -2
right_child=9 3 4 -5 8 6 -8 -9 11 10 -12 -13 -14 -15
leaf_value=-0.00033694973662058562 0.0014947817250240119 0.00052331557801366005 0.002934852525903372 -0.0016825989275866433 0.00097121844426435505 0.0023774598658062368 0.0010484590890293462 0.00066231334518407131 -0.0016275179960202474 0.00085250435015669966 -0.00094342325016043337 0.00051434335973862886 0.00094564692704411516 0.00046646390519028045
leaf_weight=95 970 67 37 49 1509 67 406 3452 21 527 30 280 693 97
leaf_count=95 970 67 37 49 1509 67 406 3452 21 527 30 280 693 97
internal_value=0.000849079 0.000748098 0.000770966 -0.000408493 0.000978 0.00135991 0.00123671 0.00063555 0.000870391 0.00110983 0.000755776 0.000364911 0.00122189 0.0014013
internal_weight=8300 5983 5867 116 2320 510 473 3547 1810 2317 557 301 1760 1067
internal_count=8300 5983 5867 116 2320 510 473 3547 1810 2317 557 301 1760 1067
is_linear=0
shrinkage=1


Tree=1
num_leaves=15
num_cat=0
split_feature=32 20 29 39 87 31 50 36 48 49 31 90 85 42
split_gain=0.125885 0.0911472 0.0947438 0.0796002 0.0549189 0.0579871 0.0623801 0.0578862 0.0578488 0.0538393 0.108298 0.053176 0.0529469 0.0527323
threshold=-0.14962775596734743 0.02319538144073929 0.011569578532972946 -0.023240122600334309 -0.65225881338065517 -0.096891870305990599 -0.34783000984742479 0.025845020193325022 -0.21585036066247507 -0.29484291898057574 -0.26819677977807066 1.3401767486985599e-12 0.33771326847370153 0.35789725373776243
decision_type=10 10 10 10 10 10 10 10 10 10 10 8 10 10
left_child=1 2 11 -3 5 6 -4 -7 -8 -6 -11 -1 -2 -14
right_child=12 3 4 -5 9 7 8 -9 -10 10 -12 -13 13 -15
leaf_value=-0.0011385876803756937 0.00035789421642072161 -0.00037307882894643807 0.0021999033609405162 -0.0025234365736444791 0.0019023970910347998 0.0028350652407469422 0.0021757418010383846 0.00075583319582908258 1.4784929181631159e-05 -0.0020119749745797543 4.3506999654960264e-05 -0.00017929510831722739 3.2882513807266087e-06 -0.001720802300920089
leaf_weight=95 1760 71 25 45 24 29 21 82 353 42 1744 3452 527 30
leaf_count=95 1760 71 25 45 24 29 21 82 353 42 1744 3452 527 30
internal_value=1.42978e-11 -9.69418e-05 -7.49888e-05 -0.00120727 0.000123764 0.000490397 0.000265432 0.00129906 0.000136122 2.0459e-05 -4.8302e-06 -0.000204988 0.000250325 -8.95712e-05
internal_weight=8300 5983 5867 116 2320 510 399 111 374 1810 1786 3547 2317 557
internal_count=8300 5983 5867 116 2320 510 399 111 374 1810 1786 3547 2317 557
is_linear=0
shrinkage=0.04


Tree=2
num_leaves=15
num_cat=0
split_feature=42 24 20 42 59 27 86 90 38 25 6 86 20 19
split_gain=0.117741 0.0891572 0.0754785 0.0890753 0.074818 0.0736808 0.0739998 0.0685177 0.065573 0.0631248 0.0643761 0.0623482 0.0569252 0.063436
threshold=0.032146999488660739 0.010699417900602413 0.02319538144073929 -0.2209542723880534 21150031504.590439 0.014852058974595768 -0.29770263453102563 3.7586089923076708e-11 -0.22540796434491486 0.013081513043671195 -0.13780428956574756 0.42427412270500114 0.02154600133624841 0.018510800374826431
decision_type=10 8 10 8 10 8 8 10 10 10 10 10 10 10
left_child=1 4 3 12 -1 9 -7 -8 -4 -5 -11 -2 13 -3
right_child=11 2 8 5 -6 6 7 -9 -10 10 -12 -13 -14 -15
leaf_value=0.00022988128670860323 0.00024547411535788912 -0.00069286267035545749 6.9608162157237536e-05 -0.00040035071802986121 -0.0019814855463802816 0.0020195701424822665 -9.1836075330688132e-05 0.0013766850571131758 -0.0020340173554987732 0.0007008198382041557 -0.00025079091795188831 -0.0004046077619877269 -0.0013694074809551238 0.00088536152357328096
leaf_weight=1176 2896 49 37 2476 25 33 470 57 66 179 312 257 25 242
leaf_count=1176 2896 49 37 2476 25 33 470 57 66 179 312 257 25 242
internal_value=-6.34567e-14 -0.000117915 -0.00020976 -0.00018112 0.00018385 -0.000238762 0.000182061 6.69983e-05 -0.00127835 -0.00031819 9.61303e-05 0.000192486 0.000462253 0.000619612
internal_weight=8300 5147 3946 3843 1201 3527 560 527 103 2967 491 3153 316 291
internal_count=8300 5147 3946 3843 1201 3527 560 527 103 2967 491 3153 316 291
is_linear=0
shrinkage=0.04


Tree=3
num_leaves=15
num_cat=0
split_feature=42 24 20 19 59 50 26 39 55 26 58 86 25 22
split_gain=0.10851 0.0821673 0.069561 0.0821089 0.0689522 0.0646577 0.068873 0.0626732 0.0599427 0.074808 0.0578526 0.0574601 0.0536806 0.0503498
threshold=0.032146999488660739 0.010699417900602413 0.02319538144073929 0.019874377785171329 21150031504.590439 -0.32311484062494911 0.019006783318519672 -0.023240122600334309 756914184.22223365 0.0067222392083083936 5917266908.1989107 0.42427412270500114 0.013133751147473586 0.014544879073381487
decision_type=10 8 10 10 10 10 10 10 10 10 10 10 10 10
left_child=1 4 3 12 -1 -5 8 -4 9 -7 -8 13 -3 -2
right_child=11 2 7 5 -6 6 10 -9 -10 -11 -12 -13 -14 -15
leaf_value=0.00022068601773747286 0.00030691076081704671 -0.00040803606498850407 -0.0004248352725839903 0.00036903294238391427 -0.0019022261031670497 -0.0030673439662831908 0.0014578828633607676 -0.0024405627025336756 -0.00016523528540128107 -0.00040329319646692361 -0.0001410336139919569 -0.00038842344906177474 0.00060918249100200489 -0.00015473632849685189
leaf_weight=1176 2449 1808 62 565 25 26 75 41 1164 48 70 257 87 447
leaf_count=1176 2449 1808 62 565 25 26 75 41 1164 48 70 257 87 447
internal_value=-1.05463e-12 -0.000113198 -0.000201369 -0.000173875 0.000176496 8.48541e-06 -0.00013881 -0.00122721 -0.000235414 -0.00133931 0.000685992 0.000184787 -0.000361335 0.000235655
internal_weight=8300 5147 3946 3843 1201 1948 1383 103 1238 74 145 3153 1895 2896
internal_count=8300 5147 3946 3843 1201 1948 1383 103 1238 74 145 3153 1895 2896
is_linear=0
shrinkage=0.04


Tree=4
num_leaves=15
num_cat=0
split_feature=32 20 29 45 6 48 7 28 38 7 88 42 68 22
split_gain=0.100626 0.0730313 0.0924364 0.0703624 0.0561291 0.0533057 0.0601477 0.058133 0.0550393 0.0603507 0.0512672 0.062399 0.074418 0.0608724
threshold=-0.14962775596734743 0.022687506181396953 0.011569578532972946 0.040150170645298494 -0.21110967421406376 -0.16745539398913015 0.033410183449434479 0.0096091901525688934 0.20599279792661143 -0.17939396881089323 0.073659518527960141 0.060715348479307936 3.9559873889383774 0.014417351028373989
decision_type=10 10 10 10 8 10 8 10 8 10 10 8 10 10
left_child=1 2 -1 -3 -4 6 -6 -7 9 -9 13 -12 -13 -2
right_child=10 3 4 -5 5 7 -8 8 -10 -11 11 12 -14 -15
leaf_value=-0.00019009268520714918 0.00042325176367557767 0.00062756430945898366 0.0015200332753643718 -0.0013193359163072755 -0.0002492811339322376 0.00084758651296680759 -0.0023679209764425955 -0.0020032720883255421 0.00076464901977617826 6.0344389760183807e-05 0.00070376371370398181 0.00093030161832769712 -0.00042160178810586184 -0.00046420070422916777
leaf_weight=3543 1473 38 46 136 201 186 24 23 182 1604 138 75 496 135
leaf_count=3543 1473 38 46 136 201 186 24 23 182 1604 138 75 496 135
internal_value=-8.34845e-12 -8.66723e-05 -6.24855e-05 -0.000894151 0.000137035 0.000108378 -0.000475269 0.000174203 0.000104966 3.11722e-05 0.000223807 -5.95521e-05 -0.000244031 0.000348745
internal_weight=8300 5983 5809 174 2266 2220 225 1995 1809 1627 2317 709 571 1608
internal_count=8300 5983 5809 174 2266 2220 225 1995 1809 1627 2317 709 571 1608
is_linear=0
shrinkage=0.04


Tree=5
num_leaves=15
num_cat=0
split_feature=42 24 59 42 20 19 86 34 27 86 90 30 89 55
split_gain=0.0934393 0.0728358 0.0633094 0.0628593 0.0831949 0.0563068 0.0517164 0.0492695 0.0486682 0.0734772 0.0688706 0.0475598 0.0564532 0.0713875
threshold=0.032146999488660739 0.010699417900602413 21150031504.590439 -0.2209542723880534 0.02154600133624841 0.018510800374826431 0.42427412270500114 0.046758933204109628 0.014852058974595768 -0.29770263453102563 3.3315784920452358e-11 -0.095514217394880571 4.9552067163661493e-12 4597654955.2559061
decision_type=10 8 10 8 10 10 10 10 8 8 10 10 10 10
left_child=1 2 11 4 5 -3 -2 -7 -5 -10 -11 12 -1 -14
right_child=6 3 -4 8 -6 7 -8 -9 9 10 -12 -13 13 -15
leaf_value=-2.3085358194433726e-05 0.00021973412961535273 -0.00064122301340459526 -0.0018241431685164572 -0.00030183984832713871 -0.0011142167676222959 0.001095839726093903 -0.00037233213417083461 -0.00045646250629290125 0.0019313706497125554 -0.00018031457155439344 0.001188889448053148 9.9789171410043077e-05 0.00017232109211747431 0.0022582837591864288
leaf_weight=78 2896 49 25 3022 54 203 257 39 33 479 67 990 45 63
leaf_count=78 2896 49 25 3022 54 203 257 39 33 479 67 990 45 63
internal_value=-4.09805e-12 -0.000105044 0.000167705 -0.000188057 0.000327727 0.000595304 0.000171475 0.000845675 -0.000237473 9.84804e-05 -1.22987e-05 0.000210048 0.000796912 0.00138913
internal_weight=8300 5147 1201 3946 345 291 3153 242 3601 579 546 1176 186 108
internal_count=8300 5147 1201 3946 345 291 3153 242 3601 579 546 1176 186 108
is_linear=0
shrinkage=0.04


Tree=6
num_leaves=15
num_cat=0
split_feature=32 20 29 45 87 88 23 31 28 29 59 85 42 88
split_gain=0.0867934 0.0649805 0.0829066 0.0650096 0.0565296 0.0497908 0.0565307 0.0589599 0.0491713 0.0477332 0.0483085 0.0474257 0.0496197 0.0456777
threshold=-0.14962775596734743 0.022687506181396953 0.011590057758114941 0.040150170645298494 -0.65225881338065517 0.86375491370062141 0.010911452127653964 -0.096891870305990599 0.0092678292443302435 0.013612238837252126 807881218.97769332 0.33771326847370153 0.35789725373776243 -0.071299759066794685
decision_type=10 10 10 10 10 10 10 10 10 10 10 10 10 10
left_child=1 2 -1 -3 5 6 8 -8 -4 -6 -11 13 -13 -2
right_child=11 3 4 -5 9 -7 7 -9 -10 10 -12 12 -14 -15
leaf_value=-0.00017765779586476215 0.00047388683719398593 0.00062052144436165692 0.0019327710792422295 -0.0012508594590711737 0.00012015487040487285 0.0022543392874300482 0.00062003242111781484 0.002469406919271657 -0.0001325760350475689 -0.0022884809601652835 -0.00029676886847678191 -2.3753887167875521e-05 -0.0016961874595532813 5.6806502844477697e-05
leaf_weight=3563 1067 38 20 136 1472 25 168 33 237 21 270 527 30 693
leaf_count=3563 1067 38 20 136 1472 25 168 33 237 21 270 527 30 693
internal_value=-3.09025e-12 -8.04948e-05 -5.768e-05 -0.000842167 0.00013265 0.000516044 0.000421159 0.000923661 2.81514e-05 2.76133e-05 -0.000440501 0.000207855 -0.000113831 0.000309661
internal_weight=8300 5983 5809 174 2246 483 458 201 257 1763 291 2317 557 1760
internal_count=8300 5983 5809 174 2246 483 458 201 257 1763 291 2317 557 1760
is_linear=0
shrinkage=0.04


Tree=7
num_leaves=15
num_cat=0
split_feature=42 24 42 20 59 25 28 55 5 6 28 95 6 42
split_gain=0.080823 0.065025 0.0582312 0.0675035 0.0578871 0.0576631 0.0669044 0.0747672 0.0521057 0.0656879 0.0500462 0.0567996 0.0490201 0.0582849
threshold=0.032146999488660739 0.010723474934772574 -0.20487362906687376 0.02319538144073929 21150031504.590439 0.013081513043671195 0.015183610041571058 6229893893.6538534 0.075814723442825374 0.11082292925980876 0.0082734527287378189 0.63931888544891657 -0.13780428956574756 -0.16310983206120247
decision_type=10 8 8 10 10 10 8 8 8 10 10 10 10 10
left_child=1 4 -3 5 -1 6 8 -8 9 -4 -2 -12 13 -7
right_child=10 2 3 -5 -6 12 7 -9 -10 -11 11 -13 -14 -15
leaf_value=0.00019757631608295352 0.00073574026041439678 0.00025077994326462539 -0.00032404783728745199 -0.0015193717711372301 -0.001747265086695552 -0.00027756110883142424 0.00090802436544388338 -0.00033270008601365411 -0.00087100197566381693 0.00090367769951828659 2.7410583169397541e-05 0.00046800170775376559 -0.00011963282055341583 0.0011570185165769406
leaf_weight=1193 224 451 2209 64 25 69 152 159 272 72 2344 585 349 132
leaf_count=1193 224 451 2209 64 25 69 152 159 272 72 2344 585 349 132
internal_value=-5.91678e-12 -9.76952e-05 -0.000176855 -0.000232308 0.000157658 -0.00020818 -0.00028022 0.000273699 -0.000347697 -0.000285295 0.000159479 0.000115408 0.000166951 0.000664551
internal_weight=8300 5147 3929 3478 1218 3414 2864 311 2553 2281 3153 2929 550 201
internal_count=8300 5147 3929 3478 1218 3414 2864 311 2553 2281 3153 2929 550 201
is_linear=0
shrinkage=0.04


Tree=8
num_leaves=15
num_cat=0
split_feature=32 20 29 39 90 22 85 19 49 87 31 50 28 29
split_gain=0.0752476 0.0575214 0.0660198 0.0635016 0.0447386 0.0494142 0.0471478 0.0508951 0.044457 0.0461789 0.0952989 0.0595752 0.0539362 0.0448235
threshold=-0.14962775596734743 0.02319538144073929 0.011569578532972946 -0.034107361639973625 1.3401767486985599e-12 0.019963600100434516 0.88459832143175798 0.018810684065008521 -0.29484291898057574 -0.65225881338065517 -0.26819677977807066 -0.34783000984742479 0.0096460524101383647 0.013612238837252126
decision_type=10 10 10 10 8 10 10 10 10 10 10 10 10 10
left_child=1 2 4 -3 -1 6 -6 -8 -4 11 -11 -10 -13 -12
right_child=-2 3 8 -5 5 -7 7 -9 9 10 13 12 -14 -15
leaf_value=-0.001022364370065349 0.00019353690982836349 -5.2849334106819395e-05 0.0016647235416919635 -0.001925736816899319 -0.00018444746998054061 0.0010812757436472636 0.0015613126057181872 -0.0005150102541471521 0.002043455943246098 -0.0018896255943608204 0.00013060888383989346 0.0013607960498766669 0.00013538243255019965 -0.00040814942591718164
leaf_weight=95 2317 60 29 56 3319 52 51 30 34 42 1446 67 404 298
leaf_count=95 2317 60 29 56 3319 52 51 30 34 42 1446 67 404 298
internal_value=-3.70937e-12 -7.49499e-05 -5.75103e-05 -0.000957002 -0.000166028 -0.000142462 -0.000161178 0.000792304 0.000108401 8.87006e-05 -6.79303e-06 0.000426426 0.000309698 3.85504e-05
internal_weight=8300 5983 5867 116 3547 3452 3400 81 2320 2291 1786 505 471 1744
internal_count=8300 5983 5867 116 3547 3452 3400 81 2320 2291 1786 505 471 1744
is_linear=0
shrinkage=0.04


Tree=9
num_leaves=15
num_cat=0
split_feature=42 24 42 20 59 19 68 58 32 67 54 95 34 27
split_gain=0.0706848 0.0580757 0.0547585 0.0713563 0.0527267 0.0508293 0.0463488 0.0690431 0.048741 0.0510626 0.0459631 0.0525292 0.0457538 0.0428703
threshold=0.032146999488660739 0.010699417900602413 -0.2209542723880534 0.02154600133624841 21150031504.590439 0.018510800374826431 4.0872389624253724 1074437019.744658 -0.085095553167844104 3.7943798505782698 0.19102252523307753 0.63931888544891657 0.046758933204109628 0.014852058974595768
decision_type=10 8 8 10 10 10 10 10 10 10 10 10 10 8
left_child=1 4 3 5 -1 -3 7 -2 9 -8 -9 -12 -7 -4
right_child=6 2 13 -5 -6 12 8 10 -10 -11 11 -13 -14 -15
leaf_value=0.00019082982204202622 -0.0018535112284801224 -0.00061112108108188421 -0.00027202217701087624 -0.0010195002681467923 -0.001665577057003975 0.0010426785259133693 -0.0014812150763375968 0.0010463670410456195 -0.0009042735149047249 0.000105351634292545 0.00010211405746107121 0.0007791197260355277 -0.0004532152106791424 0.00010369694156778112
leaf_weight=1176 22 49 3022 54 25 203 33 155 84 1972 628 259 39 579
leaf_count=1176 22 49 3022 54 25 203 33 155 84 1972 628 259 39 579
internal_value=-1.66913e-12 -9.13627e-05 -0.000165489 0.000315914 0.000152187 0.000563723 0.000149142 0.000364031 3.96909e-05 7.92386e-05 0.000410851 0.000299797 0.000801605 -0.000211611
internal_weight=8300 5147 3946 345 1201 291 3153 1064 2089 2005 1042 887 242 3601
internal_count=8300 5147 3946 345 1201 291 3153 1064 2089 2005 1042 887 242 3601
is_linear=0
shrinkage=0.04


Tree=10
num_leaves=15
num_cat=0
split_feature=32 20 29 45 6 48 7 46 49 88 25 31 22 22
split_gain=0.0658654 0.0520203 0.0665647 0.0573222 0.0499005 0.04727 0.0551441 0.0450019 0.0645386 0.0438158 0.0591958 0.0572201 0.0566193 0.0498669
threshold=-0.14962775596734743 0.022687506181396953 0.011590057758114941 0.040150170645298494 -0.21110967421406376 -0.16745539398913015 0.033410183449434479 0.090413770963430895 -0.21236617949333406 0.073659518527960141 0.011837306872375985 -0.054319030158226804 0.014994891679102436 0.0054248637088928015
decision_type=10 10 10 10 8 10 8 10 10 10 10 10 10 10
left_child=1 2 -1 -3 -4 6 -6 -7 -9 12 11 -11 13 -2
right_child=9 3 4 -5 5 7 -8 8 -10 10 -12 -13 -14 -15
leaf_value=-0.00015721350358177048 -0.0002816232505016202 0.00062186883419359986 0.0014247215211229481 -0.0011353854160423749 -0.00023971475405269304 0.0007863272049643817 -0.0022688597595940034 -0.0018803345331420693 0.00012702420517313019 -0.00027663367381650669 0.0010234032572313612 0.0017142304327959815 -0.0006014430960640312 0.00044213326104785677
leaf_weight=3563 172 38 46 136 200 166 24 26 1784 615 70 24 105 1331
leaf_count=3563 172 38 46 136 200 166 24 26 1784 615 70 24 105 1331
internal_value=-1.65594e-12 -7.01218e-05 -4.97086e-05 -0.000751617 0.000120835 9.35715e-05 -0.000457123 0.000155998 9.81892e-05 0.00018107 -8.08885e-05 -0.000201859 0.000296573 0.000359308
internal_weight=8300 5983 5809 174 2246 2200 224 1976 1810 2317 709 639 1608 1503
internal_count=8300 5983 5809 174 2246 2200 224 1976 1810 2317 709 639 1608 1503
is_linear=0
shrinkage=0.04


Tree=11
num_leaves=15
num_cat=0
split_feature=42 20 27 86 38 42 24 98 8 88 4 25 31 68
split_gain=0.061287 0.0517403 0.0630586 0.0548213 0.052719 0.0471878 0.0502433 0.0604385 0.0556913 0.0670267 0.0525161 0.054093 0.0476796 0.04705
threshold=0.032146999488660739 0.02319538144073929 0.014852058974595768 -0.29770263453102563 -0.22540796434491486 -0.2209542723880534 0.010723474934772574 0.58090909090909093 -0.089337429381493291 0.91365981145169817 -0.047512860288263452 0.01311096115296328 -0.29404990300603151 3.765689859060684
decision_type=10 10 10 8 10 8 8 10 10 8 10 10 8 10
left_child=1 2 5 -4 -3 -1 7 8 9 -7 11 -8 -12 -13
right_child=-2 4 3 -5 -6 6 10 -9 -10 -11 12 13 -14 -15
leaf_value=0.0003756491504891302 0.00013887374825917608 0.00023606929021912653 0.0018681492983843341 0.00020009014810433825 -0.00165013796653401 0.00014932739568171145 -0.00013252611879547438 0.00096492455487752016 -0.00040293025668611824 0.0025102757029235364 -0.0013148737851714279 -0.001128368967678398 -0.00032370268164108151 0.00095250003659551525
leaf_weight=281 3153 37 33 705 66 506 908 111 367 20 81 20 1879 133
leaf_count=281 3153 37 33 705 66 506 908 111 367 20 81 20 1879 133
internal_value=-3.53475e-12 -8.50727e-05 -6.69497e-05 0.000274678 -0.000972568 -0.000125501 -0.000160488 8.46578e-05 -2.47595e-05 0.000239097 -0.00024196 -1.52861e-05 -0.000364664 0.000680491
internal_weight=8300 5147 5044 738 103 4306 4025 1004 893 526 3021 1061 1960 153
internal_count=8300 5147 5044 738 103 4306 4025 1004 893 526 3021 1061 1960 153
is_linear=0
shrinkage=0.04


Tree=12
num_leaves=15
num_cat=0
split_feature=32 76 20 29 45 87 88 23 24 85 42 68 28 25
split_gain=0.0575754 0.0496629 0.0459555 0.0584567 0.0512781 0.0450812 0.0433051 0.0498676 0.0547962 0.0432897 0.0450561 0.0434784 0.0428403 0.042285
threshold=-0.14962775596734743 -0.4576131080708794 0.022687506181396953 0.011590057758114941 0.040150170645298494 -0.65225881338065517 0.82201233074753255 0.010911452127653964 0.0098282370706948494 0.33771326847370153 0.35789725373776243 4.0524748785508589 0.0092678292443302435 0.0099063518292013247
decision_type=10 8 10 10 10 10 10 10 10 10 10 10 10 8
left_child=1 -1 3 13 -4 6 7 12 -9 -2 11 -11 -5 -3
right_child=9 2 4 5 -6 -7 -8 8 -10 10 -12 -13 -14 -15
leaf_value=-0.0016889537891062597 0.00026655771762637993 0.00051566519006618014 0.00060118928233063534 0.0017784277945756912 -0.001060841785682201 2.7736982762124291e-05 0.0019909031665883959 0.0023337991944881102 0.00054915879759095964 0.00055778294378230214 -0.0016458821756144366 -0.00026861169792023119 -0.00014969779659453305 -0.00016845197898006278
leaf_weight=30 1760 151 38 20 136 1756 28 33 166 138 30 389 236 3389
leaf_count=30 1760 151 38 20 136 1756 28 33 166 138 30 389 236 3389
internal_value=4.42799e-12 -6.55606e-05 -5.73796e-05 -3.8095e-05 -0.000697869 0.00012187 0.000464101 0.000370144 0.000845104 0.000169292 -0.000138047 -5.22123e-05 9.37015e-07 -0.000139271
internal_weight=8300 5983 5953 5779 174 2239 483 455 199 2317 557 527 256 3540
internal_count=8300 5983 5953 5779 174 2239 483 455 199 2317 557 527 256 3540
is_linear=0
shrinkage=0.04


Tree=13
num_leaves=15
num_cat=0
split_feature=24 88 24 74 52 42 23 31 30 43 68 19 66 7
split_gain=0.0533102 0.0670464 0.0588433 0.0599946 0.0651775 0.0620751 0.0536204 0.0738319 0.0664048 0.0563302 0.0665081 0.0526021 0.0534137 0.0498674
threshold=0.011338561094670126 -0.024095942071265378 0.0087816276144533096 0.0034873475488493848 0.23581438241187527 0.021506590259191775 0.0083597546318850881 -0.098683960630981879 -0.10484204821040065 0.53221160246658761 4.0584214384474739 0.018103810341411026 3.6130098502800796 0.27532769931993378
decision_type=8 8 10 10 10 8 10 10 10 10 10 10 10 10
left_child=1 2 13 5 -5 -4 7 -3 -8 -9 -11 -7 -13 -1
right_child=-2 6 3 4 -6 11 8 9 -10 10 -12 12 -14 -15
leaf_value=0.00014109082905314408 -9.775010749304721e-05 -0.00026750690488114238 7.6812588972433537e-05 -3.7347010902692113e-05 0.00074756625617178188 0.0016787524716380764 0.0004340470097473459 0.0022577904851974122 -0.00039378798176038907 0.0014472727943530739 -0.00010444516611252247 -0.0003136143923381015 0.00076722716736562905 -0.00084460760260903259
leaf_weight=205 4301 206 325 909 208 85 187 35 907 73 112 85 525 137
leaf_count=205 4301 206 325 909 208 85 187 35 907 73 112 85 525 137
internal_value=-3.86363e-13 0.000105132 0.000233382 0.000311343 0.000108814 0.000533132 -0.000104033 0.000276688 -0.000252284 0.000786253 0.000507854 0.000746519 0.000616618 -0.000253765
internal_weight=8300 3999 2479 2137 1117 1020 1520 426 1094 220 185 695 610 342
internal_count=8300 3999 2479 2137 1117 1020 1520 426 1094 220 185 695 610 342
is_linear=0
shrinkage=0.04


Tree=14
num_leaves=15
num_cat=0
split_feature=42 28 95 20 27 86 39 42 82 24 98 8 88 4
split_gain=0.049735 0.0455369 0.0462703 0.0448375 0.057275 0.0510324 0.0481618 0.0440131 0.0438874 0.0429174 0.05584 0.0513907 0.0608896 0.0486202
threshold=0.032146999488660739 0.0082734527287378189 0.63931888544891657 0.02319538144073929 0.014852058974595768 -0.29770263453102563 -0.023240122600334309 -0.2209542723880534 0.46451980440853941 0.010723474934772574 0.58090909090909093 -0.054833767043858388 0.91365981145169817 -0.047512860288263452
decision_type=10 10 10 10 10 8 10 8 2 8 10 10 8 10
left_child=3 -2 8 4 7 -6 -5 -1 -3 10 11 12 -9 -11
right_child=1 2 -4 6 5 -7 -8 9 -10 13 -12 -13 -14 -15
leaf_value=0.00036843050219072194 0.00067478990892206117 -6.7405878829576314e-05 0.0004013030046998109 -0.00019943443817957754 0.0018032381042950986 0.00019385433068407323 -0.0019664579075647564 0.00010390803383185857 0.00042529669647813176 -6.5515765203356144e-06 0.00092332869956399913 -0.00047694026514987598 0.0023478903723880649 -0.00034272089444497471
leaf_weight=281 224 2006 585 62 33 705 41 593 338 1061 111 280 20 1960
leaf_count=281 224 2006 585 62 33 705 41 593 338 1061 111 280 20 1960
internal_value=2.07918e-12 0.000125103 8.30646e-05 -7.66367e-05 -5.9766e-05 0.000265819 -0.000902813 -0.000115568 3.64082e-06 -0.000149357 7.72126e-05 -2.79597e-05 0.000177121 -0.000224655
internal_weight=8300 3153 2929 5147 5044 738 103 4306 2344 4025 1004 893 613 3021
internal_count=8300 3153 2929 5147 5044 738 103 4306 2344 4025 1004 893 613 3021
is_linear=0
shrinkage=0.04


Tree=15
num_leaves=15
num_cat=0
split_feature=32 76 20 39 29 25 67 31 19 23 49 46 23 90
split_gain=0.0471853 0.0455991 0.0397325 0.0510542 0.0462638 0.0417643 0.040508 0.0419512 0.0796341 0.0548183 0.0443458 0.0404274 0.0571604 0.0401052
threshold=-0.14962775596734743 -0.4576131080708794 0.02319538144073929 -0.023240122600334309 0.011569578532972946 0.0098536326028682477 4.5853553538339256 -0.096891870305990599 0.020590417822056929 0.011779396213316386 -0.29484291898057574 0.70715249037126549 0.0078713981678017637 1.3401767486985599e-12
decision_type=10 8 10 10 10 8 10 10 10 10 10 10 10 8
left_child=1 -1 4 -4 13 -6 7 10 9 11 -7 -9 -13 -3
right_child=-2 2 3 -5 5 6 -8 8 -10 -11 -12 12 -14 -15
leaf_value=-0.0016149072810852281 0.00015325712698140894 -0.0009388855470123848 -0.00011648386218388317 -0.0018386273278544346 -0.00075261365876279091 0.0016505553230643272 0.00058114999767572609 0.001131667424329575 -0.0010356756769659115 0.0019270245067552121 -4.7738497477947423e-05 0.0011634439638644261 -0.00036500509701669216 -0.00010571701373332793
leaf_weight=30 2317 95 71 45 88 25 285 95 50 48 1540 57 125 3429
leaf_count=30 2317 95 71 45 88 25 285 95 50 48 1540 57 125 3429
internal_value=5.64407e-13 -5.9351e-05 -5.15118e-05 -0.000784557 -3.69438e-05 0.000102057 0.000135859 7.04428e-05 0.000450433 0.000679065 -2.06092e-05 0.000462813 0.000113685 -0.000128178
internal_weight=8300 5983 5953 116 5837 2313 2225 1940 375 325 1565 277 182 3524
internal_count=8300 5983 5953 116 5837 2313 2225 1940 375 325 1565 277 182 3524
is_linear=0
shrinkage=0.04


Tree=16
num_leaves=15
num_cat=0
split_feature=32 76 85 42 68 68 57 31 98 41 31 25 75 68
split_gain=0.043486 0.0420241 0.0389753 0.0404413 0.0385271 0.0373372 0.0712399 0.0587427 0.0540153 0.0460403 0.0527871 0.0541716 0.0438762 0.0394209
threshold=-0.14962775596734743 -0.4576131080708794 0.33771326847370153 0.35789725373776243 4.0524748785508589 4.3362896570645111 4688590323.8702393 -0.13834629236924909 0.40370370370370373 -0.16225102992763932 -0.17641955883301488 0.011692576304546351 0.23885805221759274 4.1209564713396984
decision_type=10 8 10 10 10 10 10 10 10 10 10 10 10 8
left_child=1 -1 -2 4 -4 13 8 9 -7 -8 -11 -12 -9 -3
right_child=2 5 3 -5 -6 6 7 12 -10 10 11 -13 -14 -15
leaf_value=-0.0015503109948088725 0.00023941865255020192 6.1525567455348135e-06 0.00051103816792854803 -0.0015730263565977415 -0.00026688024700484013 -0.0010896911684038311 -0.0016962550653261133 0.00021797232474151922 0.00070161880044175421 9.8582324994309431e-05 -0.00014953184095854036 -0.0012414282332094879 0.0014956525723748611 -0.00023322761002434391
leaf_weight=30 1760 2294 138 30 389 29 32 228 378 514 192 117 53 2116
leaf_count=30 1760 2294 138 30 389 29 32 228 378 514 192 117 53 2116
internal_value=-2.81139e-12 -5.69769e-05 0.000147127 -0.000144495 -6.31749e-05 -4.94513e-05 0.000119904 -4.27806e-05 0.000573982 -0.00020768 -0.000149801 -0.000562968 0.000458958 -0.000108706
internal_weight=8300 5983 2317 557 527 5953 1543 1136 407 855 823 309 281 4410
internal_count=8300 5983 2317 557 527 5953 1543 1136 407 855 823 309 281 4410
is_linear=0
shrinkage=0.04


Tree=17
num_leaves=15
num_cat=0
split_feature=20 29 85 45 88 22 41 31 19 85 32 30 22 42
split_gain=0.0429561 0.0512607 0.0537295 0.0455433 0.0415365 0.0705017 0.0622115 0.0591502 0.0588604 0.0539631 0.060108 0.0604526 0.053369 0.0501981
threshold=0.022687506181396953 0.010594906461809104 0.81618694872344888 0.095123617167069921 0.073659518527960141 0.014994891679102436 -0.035303404606555615 -0.054319030158226804 0.022911190629655281 0.22034859097032711 -0.1275176863906087 -0.096013696933869339 0.017445208195927219 0.35789725373776243
decision_type=10 10 10 10 8 10 10 10 10 10 10 10 10 10
left_child=1 2 -1 -2 5 6 -3 12 -7 10 -8 -12 -6 -11
right_child=3 4 -4 -5 7 8 9 -9 -10 13 11 -13 -14 -15
leaf_value=-0.00016551519470213078 0.00020595685912253844 0.00064600067855941383 0.00098241433255381394 -0.0011277584231424111 -0.00013878410400997539 -0.00056736807839854835 0.00010085183111400725 0.0013528131703509293 0.0008525255264883691 -3.2947054059971196e-05 0.0019532626297096818 0.00048746778933156539 0.0005911140297079349 -0.0014670121416494979
leaf_weight=2481 66 493 67 108 2033 310 999 47 55 823 49 554 174 41
leaf_count=2481 66 493 67 108 2033 310 999 47 55 823 49 554 174 41
internal_value=-4.50158e-13 1.33159e-05 -0.00013533 -0.000621866 8.12166e-05 0.000171101 0.0002358 -5.13363e-05 -0.000353412 0.000153794 0.00029121 0.000606579 -8.12389e-05 -0.000100999
internal_weight=8300 8126 2548 174 5578 3324 2959 2254 365 2466 1602 603 2207 864
internal_count=8300 8126 2548 174 5578 3324 2959 2254 365 2466 1602 603 2207 864
is_linear=0
shrinkage=0.04


Tree=18
num_leaves=15
num_cat=0
split_feature=20 29 28 88 22 19 24 66 22 24 31 16 32 23
split_gain=0.0395883 0.0474232 0.0495195 0.043617 0.0649327 0.0574257 0.0552564 0.0542483 0.0534808 0.0506747 0.046109 0.0491768 0.0491047 0.0659021
threshold=0.022687506181396953 0.010764161197158017 0.0082011781410439456 0.079758525560364626 0.014586322880175804 0.022911190629655281 0.0087816276144533096 3.5600866154705746 0.018002444682670451 0.0098691403701690536 -0.25538785235290401 0.022356205723904576 -0.15956741527127985 0.011961385155813879
decision_type=10 10 10 8 10 10 10 10 10 10 10 10 8 10
left_child=1 -1 -3 4 6 9 -4 -8 -5 -6 11 -9 -12 -14
right_child=-2 2 3 8 5 -7 7 10 -10 -11 12 -13 13 -15
leaf_value=-0.00011937070291208954 -0.0005969917561374498 0.00057064132661125647 -0.00030425269224869139 -0.00014681067242244667 0.0013899110183119773 0.00082060978020819138 -0.00032758924346092312 0.00055313619663811299 0.0007901051160947248 -0.00069044705957797283 7.7668276185269711e-05 0.0023768492133489677 0.0003412974501254867 0.0011800709442049068
leaf_weight=2831 174 314 292 1819 20 57 215 73 103 296 916 35 978 177
leaf_count=2831 174 314 292 1819 20 57 215 73 103 296 916 35 978 177
internal_value=1.05326e-12 1.27832e-05 8.344e-05 5.27271e-05 0.000146552 -0.000347988 0.000215227 0.000278589 -9.66013e-05 -0.000558779 0.0003384 0.00114415 0.000296381 0.000469837
internal_weight=8300 8126 5295 4981 3059 373 2686 2394 1922 316 2179 108 2071 1155
internal_count=8300 8126 5295 4981 3059 373 2686 2394 1922 316 2179 108 2071 1155
is_linear=0
shrinkage=0.04


Tree=19
num_leaves=15
num_cat=0
split_feature=24 88 24 74 52 42 54 19 95 23 31 43 68 86
split_gain=0.0383212 0.0575728 0.0499193 0.0542592 0.0557552 0.0514446 0.0504566 0.0487099 0.0482608 0.0556274 0.0626741 0.0514198 0.0576796 0.0482423
threshold=0.011338561094670126 -0.024095942071265378 0.0087816276144533096 0.0034873475488493848 0.23581438241187527 0.0084274553038802286 0.28474468221912236 0.018103810341411026 0.34166666666666673 0.0083597546318850881 -0.098683960630981879 0.54250867247819023 4.0584214384474739 -0.12406155969561329
decision_type=8 8 10 10 10 8 10 10 10 10 10 10 10 10
left_child=1 2 -1 5 6 -4 -5 -7 -3 10 -10 -12 -13 -9
right_child=-2 8 3 4 -6 7 -8 13 9 -11 11 12 -14 -15
leaf_value=-0.00024070952421228529 -8.2876513891440778e-05 0.0014322677077143453 4.0002522040720522e-05 0.00016533806696373386 0.00067796154345649913 0.0015355930558071922 -0.000464296338927793 -0.00030643977327489777 -0.00025298002436155236 -0.00029264019509639747 0.0020778951488082875 0.0013246638240353706 -0.00012901611852686147 0.00068808033189695511
leaf_weight=342 4301 32 290 601 208 91 308 91 206 1062 37 72 111 548
leaf_count=342 4301 32 290 601 208 91 308 91 206 1062 37 72 111 548
internal_value=-1.63079e-12 8.91353e-05 0.000207979 0.000279786 8.71808e-05 0.000490708 -4.80034e-05 0.000669755 -0.00010469 -0.000137742 0.000248411 0.000717896 0.000442924 0.000546451
internal_weight=8300 3999 2479 2137 1117 1020 909 730 1520 1488 426 220 183 639
internal_count=8300 3999 2479 2137 1117 1020 909 730 1520 1488 426 220 183 639
is_linear=0
shrinkage=0.04


Tree=20
num_leaves=15
num_cat=0
split_feature=59 32 40 59 56 59 26 38 30 76 68 41 42 15
split_gain=0.0372479 0.0456381 0.0429493 0.0434179 0.0703 0.067155 0.0502792 0.0385288 0.0387106 0.0384885 0.0389346 0.0718438 0.0496079 0.0444998
threshold=20799594214.137218 -0.14962775596734743 -0.081175011354669244 12567658727.128912 11611781348.129442 13657851634.061056 0.0063621198759471103 0.17779284710941837 -0.081304241314155853 -0.4576131080708794 4.3037739100602295 -0.16225102992763932 0.33511306672774227 0.032616156813479714
decision_type=8 8 10 10 10 10 10 8 10 10 10 10 8 10
left_child=1 9 -3 4 -4 -5 -6 8 -7 -1 -11 -12 13 -13
right_child=-2 2 3 5 6 7 -8 -9 -10 10 11 12 -14 -15
leaf_value=-0.0014754232742513222 -0.00029365183413503136 0.0017450946567718079 0.00014311761857974567 0.0019918959231480307 0.00030644681647471671 0.00061434898510291842 -0.0011711393458395394 0.00086434811226002151 -0.00066778379663578178 -0.00011174848978255601 -0.0013895299674671455 0.00017776660899239313 -0.0011546286839861856 0.0013094707111956489
leaf_weight=30 638 27 2154 46 54 69 116 124 83 3471 48 1339 43 58
leaf_count=30 638 27 2154 46 54 69 116 124 83 3471 48 1339 43 58
internal_value=1.89899e-12 2.44518e-05 0.000157822 0.000141626 8.1313e-05 0.000576927 -0.000701788 0.000341099 -8.5763e-05 -4.70053e-05 -3.83639e-05 0.000132817 0.000183562 0.000224752
internal_weight=8300 7662 2673 2646 2324 322 170 276 152 4989 4959 1488 1440 1397
internal_count=8300 7662 2673 2646 2324 322 170 276 152 4989 4959 1488 1440 1397
is_linear=0
shrinkage=0.04


Tree=21
num_leaves=15
num_cat=0
split_feature=29 32 85 19 88 86 23 67 22 28 64 88 39 19
split_gain=0.0356745 0.0515618 0.0523143 0.0516748 0.0498182 0.0683342 0.0600125 0.0664347 0.0462852 0.0448405 0.0536133 0.0475759 0.0430834 0.0426697
threshold=0.013451328771322039 -0.13715103826268252 0.88459832143175798 0.018810684065008521 -0.36967524427136017 0.341761895926744 0.011760824950701024 3.8116398447528419 0.010925618117912846 0.01094449323825358 3.9458877037324283 0.22364462207824368 0.030196203250680845 0.019136450487408741
decision_type=8 8 10 10 8 10 10 10 10 10 10 10 10 10
left_child=1 2 13 -4 6 9 8 -8 -3 10 11 -6 -12 -1
right_child=-2 4 3 -5 5 -7 7 -9 -10 -11 12 -13 -14 -15
leaf_value=-0.00020105340997333604 -0.00019657235326656989 0.00052855263339361268 0.0016377981449477374 0.00019250795835008223 0.0012864502460724909 0.0010968770068559915 -0.00041469016678941746 0.0017242774674759329 -0.00025975965341785924 -0.00021414100305866833 0.00011302690868048926 -8.5496657382941156e-05 -0.0014951423524568479 4.0064914171584279e-05
leaf_weight=1988 1254 410 56 135 120 94 30 103 168 743 239 61 30 2869
leaf_count=1988 1254 410 56 135 120 94 30 103 168 743 239 61 30 2869
internal_value=-1.57349e-13 3.49846e-05 -3.30909e-05 0.000616258 0.000206979 5.85218e-05 0.000475706 0.0012418 0.000299424 -2.32933e-05 0.000291818 0.000824081 -6.63228e-05 -5.86263e-05
internal_weight=8300 7046 5048 191 1998 1287 711 133 578 1193 450 181 269 4857
internal_count=8300 7046 5048 191 1998 1287 711 133 578 1193 450 181 269 4857
is_linear=0
shrinkage=0.04


Tree=22
num_leaves=15
num_cat=0
split_feature=20 39 29 85 49 59 55 42 16 57 28 5 89 18
split_gain=0.0355042 0.0460188 0.0370308 0.050724 0.038353 0.0672027 0.0484733 0.0635265 0.0457805 0.0425386 0.0415377 0.0452883 0.0460324 0.0812396
threshold=0.02319538144073929 -0.034107361639973625 0.010594906461809104 0.81618694872344888 -0.29929553947603577 5870184254.1301708 756914184.22223365 -0.040425184932137086 0.021698044425203161 819483472.11790407 0.0082011781410439456 -0.090040968472544544 5.7306391225516534e-12 0.016213294488141707
decision_type=10 10 10 10 10 10 10 8 10 10 10 10 10 10
left_child=2 -2 3 -1 5 -4 7 -6 9 -9 -8 -12 -13 -14
right_child=1 -3 4 -5 6 -7 10 8 -10 -11 11 12 13 -15
leaf_value=-0.00014615250278483612 7.4804013439764584e-05 -0.001519558340369258 0.0021128673754681492 0.00096118891964365244 -3.7374583070689864e-06 -0.00052628659464132321 0.00050991935501405717 -0.0030119274067692461 -8.1910268969035568e-05 -0.00075668080687730415 -0.00039669184686611918 -1.5912956225588548e-05 -0.0022312327740447863 0.00027132347210294757
leaf_weight=2482 60 56 38 68 141 26 337 32 28 23 337 2873 21 1778
leaf_count=2482 60 56 38 68 141 26 337 32 28 23 337 2873 21 1778
internal_value=5.54608e-13 -0.000694888 9.84934e-06 -0.000116623 6.70921e-05 0.00104071 5.59051e-05 -0.000520562 -0.00139854 -0.00206882 8.00593e-05 5.11388e-05 8.34416e-05 0.000242111
internal_weight=8300 116 8184 2550 5634 64 5570 224 83 55 5346 5009 4672 1799
internal_count=8300 116 8184 2550 5634 64 5570 224 83 55 5346 5009 4672 1799
is_linear=0
shrinkage=0.04


Tree=23
num_leaves=15
num_cat=0
split_feature=76 20 95 49 59 58 42 56 67 26 20 51 32 87
split_gain=0.0333042 0.0338396 0.0413348 0.0380048 0.0364546 0.037906 0.0714104 0.0626333 0.0563524 0.0532394 0.0480544 0.0463514 0.0446358 0.0528076
threshold=-0.4576131080708794 0.022687506181396953 0.39444444444444454 -0.24785439419977348 20799594214.137218 11978099334.878756 0.23608927238939784 11611781348.129442 4.3439557812692584 0.013737401578267793 0.018345895238133732 0.19323976437508431 -0.12409833136550434 0.89403725693431246
decision_type=8 10 10 10 8 10 10 10 10 10 10 10 8 10
left_child=-1 4 3 -3 5 7 8 11 9 10 -7 12 -2 -14
right_child=1 2 -4 -5 -6 6 -8 -9 -10 -11 -12 -13 13 -15
leaf_value=-0.0012879407149739563 -4.7336167404703064e-05 0.0011536903918853828 -0.00099420589209011376 -0.0008882858755066992 -0.0002733502182748233 0.00093888441273011275 0.0013621207942449713 -0.00070299218065644569 0.00093853105061862153 -0.00084646426376397952 -8.6562984380340345e-05 0.00047430968534867626 0.0003268677482513753 -0.00036123709358904703
leaf_weight=32 4907 35 114 25 638 100 92 190 120 101 272 361 1100 213
leaf_count=32 4907 35 114 25 638 100 92 190 120 101 272 361 1100 213
internal_value=-9.89033e-13 4.98477e-06 -0.000546939 0.000302867 1.68497e-05 4.16817e-05 0.00032524 1.29951e-05 0.000164375 -3.20287e-05 0.000189095 3.36663e-05 8.09203e-06 0.000215241
internal_weight=8300 8268 174 60 8094 7456 685 6771 593 473 372 6581 6220 1313
internal_count=8300 8268 174 60 8094 7456 685 6771 593 473 372 6581 6220 1313
is_linear=0
shrinkage=0.04


Tree=24
num_leaves=15
num_cat=0
split_feature=29 32 85 88 86 23 67 98 85 46 22 28 8 59
split_gain=0.0309797 0.0434766 0.047728 0.0451059 0.0625702 0.0547029 0.0606185 0.0420652 0.042055 0.0469205 0.0417447 0.041194 0.0410152 0.0376323
threshold=0.013451328771322039 -0.13715103826268252 0.96031067383484447 -0.36967524427136017 0.341761895926744 0.011760824950701024 3.8116398447528419 0.39642857142857152 -0.044765259055078437 0.57194171325120269 0.010925618117912846 0.00918552804355704 0.31041793748768826 807881218.97769332
decision_type=8 8 10 8 10 10 10 10 10 8 10 10 8 8
left_child=1 2 -1 5 7 10 -7 -5 -9 -10 -3 -11 -6 -2
right_child=13 3 -4 4 12 6 -8 8 9 11 -12 -13 -14 -15
leaf_value=-5.0910044782684057e-05 -0.0017518764563525715 0.00049553512293732641 0.00069043235099464138 -0.00074931585060782795 5.0630876316856117e-05 -0.00040466077199865439 0.001638530768698208 0.00033541990189062121 0.00090281597062377098 0.0010050283599097433 -0.0002531131725187325 -0.00037685108328753847 0.0017464627948674289 -0.00015257298642328403
leaf_weight=4905 24 410 143 117 39 30 103 466 59 37 168 514 55 1230
leaf_count=4905 24 410 143 117 39 30 103 466 59 37 168 514 55 1230
internal_value=-7.05442e-13 3.26014e-05 -2.99093e-05 0.000190536 4.92747e-05 0.000446238 0.00117766 -2.90139e-05 4.93089e-05 -0.000169261 0.000277935 -0.000284057 0.00104287 -0.000183182
internal_weight=8300 7046 5048 1998 1287 711 133 1193 1076 610 578 551 94 1254
internal_count=8300 7046 5048 1998 1287 711 133 1193 1076 610 578 551 94 1254
is_linear=0
shrinkage=0.04


Tree=25
num_leaves=15
num_cat=0
split_feature=20 48 29 85 73 66 50 15 24 67 23 30 25 74
split_gain=0.0305313 0.042147 0.0321705 0.0462748 0.0375377 0.0358812 0.0575004 0.0391451 0.0509447 0.0398752 0.0368061 0.0542885 0.0518492 0.0442308
threshold=0.02319538144073929 -0.15557075882173835 0.010594906461809104 0.81618694872344888 0.066579302885211203 4.5856778461970835 -0.4072632619404975 0.024630436102643778 0.011212177580896215 4.2928257724663075 0.011010106306295819 -0.059388309912754782 0.013491001119233072 -0.075859592904140447
decision_type=10 10 10 10 10 10 8 10 8 8 10 10 10 10
left_child=2 -2 3 5 -5 6 -1 8 -7 -10 12 13 -8 -12
right_child=1 -3 -4 4 -6 7 10 -9 9 -11 11 -13 -14 -15
leaf_value=0.001126838966524848 -0.0002755271842049316 -0.0022204266767948868 6.2487672956086255e-05 0.00029250682940944395 0.0023266882804178057 6.2733842330219759e-05 2.857897459438795e-05 0.00077256368523064478 -0.0022439803248819183 -0.0007560134549097346 -0.00052782004035767339 -0.001350198407266019 0.0019124028769632181 7.3048173789522116e-06
leaf_weight=62 94 22 5634 47 21 112 900 35 34 189 394 69 24 663
leaf_count=62 94 22 5634 47 21 112 900 35 34 189 394 69 24 663
internal_value=-3.09932e-13 -0.000644387 9.13355e-06 -0.000108748 0.00092071 -0.000136952 -7.32949e-05 -0.000500313 -0.000633301 -0.000982878 -0.000109592 -0.000263128 7.75095e-05 -0.000192165
internal_weight=8300 116 8184 2550 68 2482 2112 370 335 223 2050 1126 924 1057
internal_count=8300 116 8184 2550 68 2482 2112 370 335 223 2050 1126 924 1057
is_linear=0
shrinkage=0.04


Tree=26
num_leaves=15
num_cat=0
split_feature=76 20 5 87 51 5 22 20 42 25 56 95 87 45
split_gain=0.0302776 0.0289817 0.0384386 0.033874 0.0317574 0.0379605 0.0346967 0.0346361 0.0429559 0.0528706 0.0692448 0.0531855 0.0694464 0.0513077
threshold=-0.4576131080708794 0.022687506181396953 -0.14782343262865469 1.3855959975239411 0.1897008055734675 0.12560137058407297 0.0041382701730039604 0.021898029334363456 -0.24497555779570759 0.011189166110297135 5934865635.5963354 0.34166666666666673 0.58401368586793478 0.90002947224224494
decision_type=8 10 10 10 10 10 10 10 8 10 8 10 8 8
left_child=-1 4 -3 -4 5 7 -7 8 -2 10 11 -10 13 -13
right_child=1 2 3 -5 -6 6 -8 -9 9 -11 -12 12 -14 -15
leaf_value=-0.001228024946176447 0.00064385497510680402 0.00067877197318843435 -0.00054835766731925755 -0.0023275069426745179 0.00033887923916818048 -0.0019353615071462549 -0.00031942758201881959 0.00053497031089456656 0.0013243595521380486 -0.00013200457093766395 -3.790949782827988e-05 0.00057930641715443732 -0.00027054818937279149 -0.00018455580102370774
leaf_weight=32 162 35 119 20 459 23 281 199 80 3276 2407 735 298 174
leaf_count=32 162 35 119 20 459 23 281 199 80 3276 2407 735 298 174
internal_value=-2.1383e-13 4.75288e-06 -0.000506021 -0.00080435 1.57332e-05 -3.69366e-06 -0.000441686 1.44689e-05 -5.43633e-08 -1.50204e-05 8.87262e-05 0.000325566 0.000259365 0.000433089
internal_weight=8300 8268 174 139 8094 7635 304 7331 7132 6970 3694 1287 1207 909
internal_count=8300 8268 174 139 8094 7635 304 7331 7132 6970 3694 1287 1207 909
is_linear=0
shrinkage=0.04


Tree=27
num_leaves=15
num_cat=0
split_feature=76 29 32 88 86 7 59 24 28 68 64 90 85 46
split_gain=0.0279039 0.0289344 0.0357054 0.0420456 0.0579785 0.0463171 0.0524994 0.0506573 0.0447854 0.0430801 0.0444354 0.0427274 0.0414887 0.04109
threshold=-0.4576131080708794 0.013451328771322039 -0.13715103826268252 -0.25337486532270409 0.3345826818592405 -0.041203250965965492 5509451876.9378424 0.008718805817821489 0.01094449323825358 4.5179685606940554 3.9458877037324283 4.9450995759893021e-12 0.93158368685759585 0.87046606321295927
decision_type=8 8 8 8 10 8 10 10 10 10 10 10 10 8
left_child=-1 2 12 5 8 -4 -7 -8 9 10 -5 -9 -2 -10
right_child=1 -3 3 4 -6 6 7 11 13 -11 -12 -13 -14 -15
leaf_value=-0.0011789039691211655 -4.1725304167463058e-05 -0.00017249101748832184 0.0019523875322192909 0.00063433349246162383 0.000949368850197061 0.0009289343542743313 -0.001098751201061532 0.0005024295064247256 5.0587557534302182e-05 0.0014310629953714934 -0.00028159588036798217 -0.00017326767227608439 0.0006089915542785699 -0.00061451083838747378
leaf_weight=32 4857 1253 29 146 96 184 47 419 283 44 202 233 162 313
leaf_count=32 4857 1253 29 146 96 184 47 419 283 44 202 233 162 313
internal_value=-4.70259e-13 4.56276e-06 3.61876e-05 0.000179288 1.08957e-05 0.000379439 0.000327779 0.000169535 -8.0292e-05 0.000251778 0.000102673 0.000260961 -2.07219e-05 -0.000298701
internal_weight=8300 8268 7015 1996 1084 912 883 699 988 392 348 652 5019 596
internal_count=8300 8268 7015 1996 1084 912 883 699 988 392 348 652 5019 596
is_linear=0
shrinkage=0.04


Tree=28
num_leaves=15
num_cat=0
split_feature=6 42 25 8 28 68 98 16 86 29 19 21 85 25
split_gain=0.0279137 0.0452099 0.0367538 0.0531248 0.0339889 0.0542636 0.044806 0.0529227 0.0482023 0.0428002 0.0468148 0.0543847 0.0706477 0.0575427
threshold=0.17909295275425843 0.35789725373776243 0.008695791011299631 0.31041793748768826 0.0080096054235274366 4.0249845539401035 0.49561403508771934 0.01845491421600683 -0.074457681228229752 0.013612238837252126 0.019429650448313976 0.01009869933228327 0.81618694872344888 0.011363068601444972
decision_type=10 10 8 10 10 8 8 8 8 8 10 10 10 10
left_child=1 2 3 -1 5 -4 -7 8 -8 10 11 12 -6 -13
right_child=-2 -3 4 -5 9 6 7 -9 -10 -11 -12 13 -14 -15
leaf_value=-0.00053191242229548238 0.0002104721812648415 -0.0013501467906710943 0.00081615063262678643 0.0020572653900399018 -0.00037552259610298521 0.00064856837608458142 -0.0011610695002110382 0.00038154287042530959 -0.0001335038568057699 -0.00037331107719397255 8.0797836125961754e-05 0.00031349967481104267 0.00072946316135148845 -0.00027254125068836688
leaf_weight=21 899 41 182 32 1427 161 95 235 316 628 3066 633 99 465
leaf_count=21 899 41 182 32 1427 161 95 235 316 628 3066 633 99 465
internal_value=1.34026e-12 -2.55661e-05 -1.81873e-05 0.00103136 -2.58e-05 0.000192247 5.15406e-05 -9.72543e-05 -0.000371019 -5.99325e-05 -2.53452e-05 -0.000149367 -0.000303836 6.53129e-05
internal_weight=8300 7401 7360 53 7307 989 807 646 411 6318 5690 2624 1526 1098
internal_count=8300 7401 7360 53 7307 989 807 646 411 6318 5690 2624 1526 1098
is_linear=0
shrinkage=0.04


Tree=29
num_leaves=15
num_cat=0
split_feature=86 24 86 3 42 8 40 42 31 42 20 41 51 66
split_gain=0.0271558 0.030247 0.0413085 0.0565259 0.0475098 0.0434336 0.0445355 0.0411683 0.037209 0.0350342 0.0549194 0.0442393 0.0428727 0.0411754
threshold=0.74478213189528897 0.011338561094670126 -0.037348418393396372 0.020270689712457272 0.30213865590418704 0.12500490848773951 -0.027509878362930115 -0.05456104778480874 -0.073500546466566549 -0.2209542723880534 0.021326248870768002 -0.14114436386889431 0.12412943191694915 3.6565755270456299
decision_type=10 8 10 10 10 10 10 8 10 8 10 10 10 8
left_child=1 2 3 4 5 -1 -7 -5 9 10 11 -3 -13 -11
right_child=-2 8 -4 7 -6 6 -8 -9 -10 13 -12 12 -14 -15
leaf_value=-0.00010642984064052935 -0.00083400261900087272 -0.0011648054425382897 0.00016347802938039977 -0.0015701119366451166 -0.0015631475887046412 -0.0010500132785333943 0.00076303461932444156 -0.00034563436930888538 -0.00152049396120544 -0.00042614188867217339 -0.00077633248936188849 0.001132414837749498 -4.075007760548033e-06 -4.0397382784755539e-05
leaf_weight=345 62 21 2908 50 26 24 224 362 28 508 57 158 80 3447
leaf_count=345 62 21 2908 50 26 24 224 362 28 508 57 158 80 3447
internal_value=1.19641e-13 6.27679e-06 8.63489e-05 -0.000131199 0.000110435 0.000183813 0.000587578 -0.000494236 -6.709e-05 -5.75617e-05 0.000347733 0.000595114 0.000750401 -8.99443e-05
internal_weight=8300 8238 3939 1031 619 593 248 412 4299 4271 316 259 238 3955
internal_count=8300 8238 3939 1031 619 593 248 412 4299 4271 316 259 238 3955
is_linear=0
shrinkage=0.04


Tree=30
num_leaves=15
num_cat=0
split_feature=31 31 27 86 38 15 54 53 30 59 86 85 26 28
split_gain=0.0268389 0.0355948 0.0441237 0.0391521 0.0419417 0.0368339 0.0327982 0.0368741 0.0319834 0.0314981 0.0309811 0.0357981 0.0349389 0.032305
threshold=-0.048686590895025077 -0.068708680680577658 0.016005132327847022 0.1046595528284452 0.27029952720862088 0.01357601208528913 0.35843206410866996 0.39355881208075666 -0.047855878988032167 6590418881.9497013 0.74478213189528897 0.93158368685759585 0.0050428711579599923 0.008152981086823996
decision_type=10 10 10 8 10 10 10 10 10 10 10 10 10 10
left_child=1 10 3 4 8 -5 -7 -8 -3 -10 11 13 -13 -1
right_child=-2 2 -4 5 -6 6 7 -9 9 -11 -12 12 -14 -15
leaf_value=0.00017685839517782013 -0.00085009492499659128 0.00075489936487887197 -0.00059312277901335617 -4.6762403920848873e-05 -0.0008259351058222819 0.00051429820580797619 0.0022420279096642677 0.00071625376729532442 -0.0006038569242464521 0.00079763210672689116 -0.001021003328662898 0.0012792912027111553 0.00019575784062707318 -6.3629273410694716e-05
leaf_weight=1044 59 135 80 67 62 98 55 47 79 38 49 61 217 6209
leaf_count=1044 59 135 80 67 62 98 55 47 79 38 49 61 217 6209
internal_value=8.17428e-14 6.08611e-06 0.000287598 0.000408868 0.000106079 0.000764957 0.00103688 0.00153898 0.000335384 -0.000148672 -1.84627e-05 -1.19397e-05 0.000433512 -2.90134e-05
internal_weight=8300 8241 661 581 314 267 200 102 252 117 7580 7531 278 7253
internal_count=8300 8241 661 581 314 267 200 102 252 117 7580 7531 278 7253
is_linear=0
shrinkage=0.04


Tree=31
num_leaves=15
num_cat=0
split_feature=6 42 37 55 29 32 59 25 21 85 41 28 38 36
split_gain=0.0255253 0.0367283 0.0348359 0.0410317 0.0344775 0.0373498 0.0386266 0.0350803 0.0425581 0.0528225 0.0536757 0.0522486 0.0424609 0.0420472
threshold=0.1968999965673032 0.35789725373776243 0.14462233892163026 7298183874.1453772 0.013612238837252126 -0.11812941307833234 807881218.97769332 0.011189166110297135 0.01009869933228327 0.84860568116853075 -0.01119243494269989 0.0080096054235274366 -0.065477168791764226 0.11286996691802666
decision_type=10 10 10 10 8 10 8 10 10 10 10 10 8 10
left_child=1 4 -2 -4 7 6 -6 8 9 11 -11 12 -1 -9
right_child=2 -3 3 -5 5 -7 -8 13 -10 10 -12 -13 -14 -15
leaf_value=-0.00067085048604396079 0.00062018571771720119 -0.0011613608323451546 -0.00037705335480088721 0.00035104562584188225 -0.00190530652047268 -0.0019190508340086257 -0.00016804693517792019 -7.9793566838462873e-05 0.00030697685971856791 0.0019451788958801 0.0001495985545874906 -0.00013134048527109097 0.00098977414470088356 0.0012754256916672898
leaf_weight=31 240 45 219 285 21 21 823 3664 1163 43 70 1518 120 37
leaf_count=31 240 45 219 285 21 21 823 3664 1163 43 70 1518 120 37
internal_value=-2.5156e-13 -2.20114e-05 0.000223546 3.46693e-05 -1.51853e-05 -0.000252733 -0.000211273 1.57324e-05 0.000118754 -4.08739e-06 0.000832872 -6.07539e-05 0.000648851 -6.6245e-05
internal_weight=8300 7556 744 504 7511 865 844 6646 2945 1782 113 1669 151 3701
internal_count=8300 7556 744 504 7511 865 844 6646 2945 1782 113 1669 151 3701
is_linear=0
shrinkage=0.04


Tree=32
num_leaves=15
num_cat=0
split_feature=20 39 29 85 49 59 37 29 28 76 18 86 66 50
split_gain=0.025207 0.0383139 0.0267045 0.0372865 0.0333517 0.0593655 0.0440735 0.0355053 0.0331688 0.0453936 0.0343358 0.0843833 0.0327008 0.0520383
threshold=0.02319538144073929 -0.023240122600334309 0.010594906461809104 0.81618694872344888 -0.29929553947603577 5870184254.1301708 -0.16130683216882338 0.011610123562432155 0.0082011781410439456 -0.36631978114428071 0.016037774346048365 0.11906253229886618 4.5856778461970835 -0.4072632619404975
decision_type=10 10 10 10 10 10 10 10 10 10 10 10 10 8
left_child=2 -2 3 12 5 -4 7 -6 -8 -10 11 -11 13 -1
right_child=1 -3 4 -5 6 -7 8 -9 9 10 -12 -13 -14 -15
leaf_value=0.0010780610281395755 -6.7677460348522163e-06 -0.0014986402624183233 0.0019725330433452894 0.00082498319555751934 -0.0023532696144486017 -0.00050796374911442398 0.00044266882691581871 -2.4615796748548746e-05 -0.0010029904777184128 -0.0025925569429441735 5.7483579531373498e-05 0.00021335078626276649 -0.00047130338537956686 -9.8178546285368904e-05
leaf_weight=62 71 45 38 68 22 26 334 20 67 27 5053 47 370 2050
leaf_count=62 71 45 38 68 22 26 334 20 67 27 5053 47 370 2050
internal_value=6.70799e-14 -0.000585511 8.29904e-06 -9.91018e-05 5.69096e-05 0.000964831 4.64775e-05 -0.00124439 5.62851e-05 3.14387e-05 4.49567e-05 -0.000810426 -0.000124419 -6.36488e-05
internal_weight=8300 116 8184 2550 5634 64 5570 42 5528 5194 5127 74 2482 2112
internal_count=8300 116 8184 2550 5634 64 5570 42 5528 5194 5127 74 2482 2112
is_linear=0
shrinkage=0.04


Tree=33
num_leaves=15
num_cat=0
split_feature=31 31 27 32 41 22 25 38 42 96 89 89 89 15
split_gain=0.0249948 0.0315938 0.040402 0.0377633 0.0537257 0.0528708 0.0421299 0.028751 0.0461709 0.0288877 0.0542535 0.0320127 0.0637572 0.0769633
threshold=-0.048686590895025077 -0.068708680680577658 0.016005132327847022 -0.1268705723982804 0.11427963840347911 0.0076531675740135535 0.008695791011299631 0.27583624545776225 0.35789725373776243 0.62500000000000011 5.6136221318724121e-12 5.6883381102453287e-12 9.1187614481014741e-12 0.013823678684303542
decision_type=10 10 10 8 10 10 8 10 10 10 10 10 8 10
left_child=1 7 3 5 6 -3 -5 8 9 11 -11 -1 -13 -14
right_child=-2 2 -4 4 -6 -7 -8 -9 -10 10 -12 12 13 -15
leaf_value=-8.2816397643427356e-05 -0.00082036947649982532 -0.0008995626045212355 -0.00057166749681346123 0.0024679606021023714 -0.00019819801263223414 0.00040076277565076344 0.00077070537527712687 0.00050824445162748382 -0.0014578166544540888 -0.00013727306290952997 -0.0025272286681103564 0.0002718253547700881 -0.00066742459693985064 4.8382852684893598e-05
leaf_weight=4348 59 73 80 26 89 159 234 163 36 55 21 1492 303 1162
leaf_count=4348 59 73 80 26 89 159 234 163 36 55 21 1492 303 1162
internal_value=3.08447e-13 5.87329e-06 0.000271093 0.000387135 0.000650064 -8.39133e-06 0.000940431 -1.72547e-05 -2.88033e-05 -2.18335e-05 -0.000797656 -1.3762e-05 8.77763e-05 -9.96647e-05
internal_weight=8300 8241 661 581 349 232 260 7580 7417 7381 76 7305 2957 1465
internal_count=8300 8241 661 581 349 232 260 7580 7417 7381 76 7305 2957 1465
is_linear=0
shrinkage=0.04


Tree=34
num_leaves=15
num_cat=0
split_feature=76 42 42 42 67 32 86 25 66 66 18 18 19 23
split_gain=0.0246395 0.0240975 0.0236216 0.0398539 0.0514995 0.0396938 0.0396012 0.0387937 0.0380877 0.0618969 0.0527099 0.0431387 0.0501642 0.0443265
threshold=-0.4576131080708794 -0.31123910720709752 0.0035295645091870669 -0.048137119023841927 4.7277902574240729 -0.15956741527127985 0.74478213189528897 0.010032299696151039 3.9431683499017405 3.646059787572534 0.015940614949596796 0.020155541612062528 0.021629406237338399 0.011412476932977545
decision_type=8 8 10 10 10 10 10 10 10 10 8 10 8 10
left_child=-1 -2 3 8 5 7 -4 -5 9 -3 -10 13 -13 -12
right_child=1 2 6 4 -6 -7 -8 -9 10 -11 11 12 -14 -15
leaf_value=-0.0011078015569364653 0.0011358958838197093 -9.6145968008963021e-05 9.3358725392807748e-05 -0.0020968840692354284 0.0012575966119766236 0.00042503951149510928 -0.0010516751268688513 -0.00042590601808657432 0.00082131817496439304 0.0004628943098929726 -7.542568292787597e-05 0.0003110190264185723 -0.00026561846872301186 -0.00051466550770462214
leaf_weight=32 30 656 3520 23 32 87 49 664 97 613 853 589 409 646
leaf_count=32 30 656 3520 23 32 87 49 664 97 613 853 589 409 646
internal_value=6.74745e-13 4.28757e-06 1.6664e-07 -5.90529e-05 -0.000314899 -0.000379911 7.76382e-05 -0.000481849 -5.67162e-06 0.000173903 -9.35204e-05 -0.000129059 7.47017e-05 -0.000264718
internal_weight=8300 8268 8238 4669 806 774 3569 687 3863 1269 2594 2497 998 1499
internal_count=8300 8268 8238 4669 806 774 3569 687 3863 1269 2594 2497 998 1499
is_linear=0
shrinkage=0.04


Tree=35
num_leaves=15
num_cat=0
split_feature=31 31 27 86 38 58 42 32 75 6 42 96 20 42
split_gain=0.0231831 0.028783 0.0373018 0.0350041 0.0384435 0.0334714 0.0404603 0.0288177 0.0313558 0.0268014 0.0472636 0.0398616 0.0387892 0.0366282
threshold=-0.048686590895025077 -0.068708680680577658 0.016005132327847022 0.1046595528284452 0.27029952720862088 8630998546.2892895 0.11143710188202972 -0.12242652002958075 -0.14798938838501555 0.1968999965673032 0.35789725373776243 0.62500000000000011 0.019021503823653297 -0.042073354777698461
decision_type=10 10 10 8 10 10 8 8 10 10 10 10 10 8
left_child=1 9 3 4 7 6 -5 8 -3 10 11 -1 -13 -11
right_child=-2 2 -4 5 -6 -7 -8 -9 -10 13 -12 12 -14 -15
leaf_value=-1.9675054162695112e-05 -0.00079007989277084494 -0.0010910690077839211 -0.00055097734648734329 0.00020424088394483092 -0.0008082963021719948 9.4406375065646188e-05 0.0014825766188037413 0.00079347935696388807 0.00027365279416597196 -0.00036565208179516569 -0.0014072791705839335 -0.0023938452583653004 -0.00027289985716846344 0.00045793759731745846
leaf_weight=6991 59 36 80 61 62 93 113 109 107 112 40 22 37 378
leaf_count=6991 59 36 80 61 62 93 113 109 107 112 40 22 37 378
internal_value=5.96981e-13 5.65644e-06 0.000258803 0.000370304 8.4004e-05 0.000707002 0.00103442 0.000303538 -6.99135e-05 -1.64187e-05 -3.6192e-05 -2.84128e-05 -0.00106376 0.000269689
internal_weight=8300 8241 661 581 314 267 174 252 143 7580 7090 7050 59 490
internal_count=8300 8241 661 581 314 267 174 252 143 7580 7090 7050 59 490
is_linear=0
shrinkage=0.04


Tree=36
num_leaves=15
num_cat=0
split_feature=20 48 50 22 39 88 48 41 24 88 4 55 68 88
split_gain=0.0227628 0.0357534 0.0278501 0.0260426 0.0347271 0.031812 0.0390285 0.0480763 0.034355 0.0322255 0.0309715 0.0431517 0.0354169 0.0335158
threshold=0.02319538144073929 -0.15557075882173835 -0.36959144278800221 0.019963600100434516 -0.052960598323485479 -0.029411024621926737 -0.25849570917026199 -0.013826900909813976 0.0130210180265872 -0.5106734834870531 -0.068405973126136596 6515802162.3558426 4.096456269431906 -0.024095942071265378
decision_type=10 10 10 10 8 10 8 10 10 8 10 8 10 8
left_child=3 2 -2 4 5 6 -1 8 9 -8 11 12 -6 -12
right_child=1 -3 -4 -5 10 -7 7 -9 -10 -11 13 -13 -14 -15
leaf_value=0.00027655456444156953 0.00069796296083094443 -0.0020079848504709927 -0.00073495877403911435 0.00055474588780045288 0.0010821241662846775 3.6324942560657583e-05 -0.0031151794481345195 -0.00012064431179651475 -0.00036314117244611949 -0.0013539538253098727 7.9111315923176558e-05 -4.9318015554998456e-05 0.00023570517742003993 -9.7001313926764753e-05
leaf_weight=61 34 22 60 137 143 214 22 83 39 68 3633 308 177 3299
leaf_count=61 34 22 60 137 143 214 22 83 39 68 3633 308 177 3299
internal_value=9.87253e-13 -0.0005564 -0.000216668 7.88642e-06 -1.42385e-06 -0.00032882 -0.000615051 -0.000871598 -0.00135477 -0.00178448 1.96664e-05 0.000288652 0.000613949 -4.70224e-06
internal_weight=8300 116 94 8184 8047 487 273 212 129 90 7560 628 320 6932
internal_count=8300 116 94 8184 8047 487 273 212 129 90 7560 628 320 6932
is_linear=0
shrinkage=0.04


Tree=37
num_leaves=15
num_cat=0
split_feature=76 28 68 20 59 28 31 16 31 66 25 26 59 96
split_gain=0.0225772 0.0231052 0.048716 0.0371508 0.0359067 0.0321409 0.0482998 0.0424609 0.043873 0.0624066 0.0419978 0.0452324 0.0413188 0.0536684
threshold=-0.4576131080708794 0.0080096054235274366 4.0249845539401035 0.02319538144073929 21150031504.590439 0.012295453174126369 -0.35285697036193242 0.030094968808459955 -0.1492738464708864 4.33762531083058 0.012664368374848495 0.0056595009679051506 7631236000.2230196 0.62500000000000011
decision_type=8 10 8 10 8 10 10 10 10 10 10 10 10 10
left_child=-1 2 -2 4 5 6 -3 8 9 -8 12 -12 13 -10
right_child=1 3 -4 -5 -6 -7 7 -9 10 -11 11 -13 -14 -15
leaf_value=-0.0010604273391072638 0.00075299706763693505 0.0012137449826014803 4.8047749639938425e-05 -0.00081092099356960422 -0.00038121621014367598 0.00011648496525749744 -8.0147398941065787e-05 0.0013750742137199267 0.00027492840513352896 -0.00062103152618032389 0.00056960494392974809 -0.00071835661304080688 -0.00016228205331722431 -0.00077459523650671698
leaf_weight=32 194 47 819 94 395 2750 1080 32 1283 499 55 211 726 83
leaf_count=32 194 47 819 94 395 2750 1080 32 1283 499 55 211 726 83
internal_value=3.48738e-13 4.10422e-06 0.000183053 -2.0882e-05 -1.05114e-05 1.11304e-05 -6.10123e-05 -7.61077e-05 -8.7903e-05 -0.000251079 2.13656e-05 -0.000452049 8.15607e-05 0.000211158
internal_weight=8300 8268 1013 7255 7161 6766 4016 3969 3937 1579 2358 266 2092 1366
internal_count=8300 8268 1013 7255 7161 6766 4016 3969 3937 1579 2358 266 2092 1366
is_linear=0
shrinkage=0.04


Tree=38
num_leaves=15
num_cat=0
split_feature=27 19 22 39 90 66 4 89 87 86 58 8 26 8
split_gain=0.0220665 0.0220807 0.0235165 0.0255623 0.0344277 0.0320103 0.0300636 0.0380479 0.110963 0.0652623 0.0599736 0.0464668 0.0414359 0.0388762
threshold=0.021500121206675757 0.024658592844730095 0.019963600100434516 -0.052960598323485479 4.7120076480764081e-12 4.0080459265894905 -0.068405973126136596 1.3250556351895424e-11 1.1321257164468663 -0.20846384849629204 4394678123.9591475 -0.25042230277849364 0.017946617399520592 -0.29526701603452044
decision_type=10 10 10 8 10 8 10 8 10 10 10 10 8 8
left_child=1 2 3 4 5 -1 -5 -8 9 -9 12 -10 13 -11
right_child=-2 -3 -4 6 -6 -7 7 8 11 10 -12 -13 -14 -15
leaf_value=9.7766811211061255e-05 0.0011014571567146301 -0.00078842341252439248 0.00052125975716498809 0.00027190010090882448 -2.5193971892445094e-05 -0.001039757505852591 2.1120871892114104e-05 -0.00080005927189831516 -0.00053586194899095147 0.00095987993020277761 -0.0013687077020349111 -0.0028375271542204752 0.0011224074059899784 -9.4121175606061907e-05
leaf_weight=56 29 57 137 647 314 135 6106 182 23 65 43 36 66 404
leaf_count=56 29 57 137 647 314 135 6106 182 23 65 43 36 66 404
internal_value=-2.35044e-13 -3.86196e-06 1.58241e-06 -7.23223e-06 -0.000282779 -0.000706243 1.11448e-05 -1.32175e-05 -0.000269225 -0.000139499 6.84977e-05 -0.00194027 0.000184011 5.19557e-05
internal_weight=8300 8271 8214 8077 505 191 7572 6925 819 760 578 59 535 469
internal_count=8300 8271 8214 8077 505 191 7572 6925 819 760 578 59 535 469
is_linear=0
shrinkage=0.04


Tree=39
num_leaves=15
num_cat=0
split_feature=31 31 27 86 38 15 30 40 59 54 53 37 86 85
split_gain=0.0216923 0.0255117 0.0347845 0.0321108 0.0355589 0.0332383 0.0278383 0.0283843 0.0303331 0.0271171 0.0305364 0.02806 0.0261526 0.0310083
threshold=-0.048686590895025077 -0.068708680680577658 0.016005132327847022 0.1046595528284452 0.27029952720862088 0.01357601208528913 -0.047855878988032167 0.066872556457272761 6590418881.9497013 0.35843206410866996 0.39355881208075666 0.051111495900327937 0.74478213189528897 0.93158368685759585
decision_type=10 10 10 8 10 10 10 10 10 10 10 10 10 10
left_child=1 12 3 4 6 -5 -3 8 -8 11 -11 -7 13 -1
right_child=-2 2 -4 5 -6 9 7 -9 -10 10 -12 -13 -14 -15
leaf_value=-2.5208658498915914e-05 -0.00076425407042379604 0.00067978474431179678 -0.00053818022714403923 -9.7128033860405876e-05 -0.00078091181904798549 0.0015272834511207683 -0.0010029251254201851 0.0010632236542490621 0.00051769124809652566 0.0020285961898890408 0.00064012015025389005 2.9017068426972923e-05 -0.00093642129634218332 0.00040526258108028543
leaf_weight=7253 59 135 80 67 62 28 61 24 32 55 47 70 49 278
leaf_count=7253 59 135 80 67 62 28 61 24 32 55 47 70 49 278
internal_value=-1.26459e-13 5.47154e-06 0.000243799 0.000351472 7.72594e-05 0.000673955 0.000288397 -0.000163205 -0.000479702 0.000932268 0.00138881 0.000457093 -1.53114e-05 -9.31821e-06
internal_weight=8300 8241 661 581 314 267 252 117 93 200 102 98 7580 7531
internal_count=8300 8241 661 581 314 267 252 117 93 200 102 98 7580 7531
is_linear=0
shrinkage=0.04


Tree=40
num_leaves=15
num_cat=0
split_feature=42 66 32 66 31 54 68 17 25 41 87 56 86 59
split_gain=0.0213666 0.0240672 0.0474424 0.0395446 0.0566307 0.0563374 0.0636004 0.0555411 0.0408599 0.0402232 0.0437199 0.0414248 0.0392687 0.0383023
threshold=-0.31123910720709752 3.6130098502800796 -0.081126494085862019 3.9431683499017405 -0.25538785235290401 0.093318321021326769 4.1125843736928163 0.020088024949753775 0.012042839420972538 -0.035303404606555615 -0.30306670857186407 669641786.4737128 -0.6102529245997842 6870349510.9258585
decision_type=8 8 10 10 8 10 8 10 8 10 10 10 8 10
left_child=-1 2 -2 4 -3 6 7 -5 -9 10 -7 -11 -8 -12
right_child=1 3 -4 5 -6 9 12 8 -10 11 13 -13 -14 -15
leaf_value=0.0010655681409407407 -0.0002520852488831716 0.00086864322570267053 0.0010638242581879477 0.00062065357565625453 0.00011277588048310766 0.0008763154483386118 0.0014089689452555917 -0.0011236852485065659 5.9291729151814182e-05 -0.0012062808809225152 0.00052665088423812752 3.0221542527001389e-05 -0.00033184139099142531 -0.00027985312282170701
leaf_weight=30 932 179 46 254 1391 189 21 60 211 44 192 2935 1631 185
leaf_count=30 932 179 46 254 1391 189 21 60 211 44 192 2935 1631 185
internal_value=1.55941e-12 -3.86542e-06 -0.000190192 2.11246e-05 0.000198954 -2.76683e-05 -0.000187832 0.000195687 -0.000202622 7.06888e-05 0.000379802 1.19583e-05 -0.000309712 0.000130886
internal_weight=8300 8270 978 7292 1570 5722 2177 525 271 3545 566 2979 1652 377
internal_count=8300 8270 978 7292 1570 5722 2177 525 271 3545 566 2979 1652 377
is_linear=0
shrinkage=0.04


Tree=41
num_leaves=15
num_cat=0
split_feature=76 28 68 20 19 58 89 89 26 23 21 65 85 19
split_gain=0.0206625 0.0212687 0.0435497 0.0323961 0.0325886 0.0683925 0.0445084 0.0519968 0.0672819 0.0432874 0.0504348 0.0435335 0.0429892 0.04292
threshold=-0.4576131080708794 0.0080096054235274366 4.0249845539401035 0.02319538144073929 0.019429650448313976 3891305853.1103673 5.6136221318724121e-12 9.1187614481014741e-12 0.016076957113027854 0.013972983969952146 0.010154474780501138 4.7411203374863762 0.83030478297446553 0.020114893288400788
decision_type=8 10 8 10 10 10 10 10 10 10 10 10 8 10
left_child=-1 2 -2 4 5 -3 13 -8 -9 10 12 -12 -7 -6
right_child=1 3 -4 -5 6 9 7 8 -10 -11 11 -13 -14 -15
leaf_value=-0.0010144675202900543 0.00071449213244798634 -0.00056793403327752112 4.7970213075046542e-05 -0.00075779825790805067 0.00019097019028794848 -0.0001787498181660132 0.00042337116323465894 -0.00020109528960517677 0.00063375376825468776 -0.00068605841138229707 0.00036538285268743361 -0.00029360152979614358 0.0006185101380319322 -0.00019232040401982498
leaf_weight=32 194 438 819 94 719 1612 924 667 201 153 794 201 116 1336
leaf_count=32 194 438 819 94 719 1612 924 667 201 153 794 201 116 1336
internal_value=-5.30784e-13 3.92634e-06 0.000175616 -2.00463e-05 -1.03621e-05 -0.000102299 6.88371e-05 0.000214536 -7.77195e-06 -3.13854e-05 5.39939e-06 0.000232261 -0.00012523 -5.82153e-05
internal_weight=8300 8268 1013 7255 7161 3314 3847 1792 868 2876 2723 995 1728 2055
internal_count=8300 8268 1013 7255 7161 3314 3847 1792 868 2876 2723 995 1728 2055
is_linear=0
shrinkage=0.04


Tree=42
num_leaves=15
num_cat=0
split_feature=66 32 66 31 54 68 17 25 85 42 25 19 58 41
split_gain=0.0200519 0.0453127 0.0412027 0.0488068 0.0458404 0.0571539 0.050676 0.0379275 0.0374754 0.0363293 0.0339549 0.0468306 0.0521412 0.0376194
threshold=3.6565755270456299 -0.081126494085862019 3.9492289797956546 -0.25538785235290401 0.093318321021326769 4.1125843736928163 0.020088024949753775 0.012042839420972538 -1.2103752876094505 -0.2628623316277009 0.012254880092964731 0.01944476126420918 5686077595.3693371 0.0067194960717157368
decision_type=8 10 10 8 10 8 10 8 8 8 10 10 10 8
left_child=1 -1 3 -2 5 6 -4 -8 -7 -10 13 12 -12 -11
right_child=2 -3 4 -5 -6 8 7 -9 9 10 11 -13 -14 -15
leaf_value=-0.00021385570993830806 0.0008527620455536705 0.00098437311584657103 0.00060611030356346287 0.00013029307809756015 6.4919350879717283e-05 0.0010308975376092885 -0.0010705720153249179 7.0372374993459322e-05 0.00092808007292537577 -6.9463318917193837e-05 -0.0007207195504675977 -0.00037634367102505536 -0.0024245688212769373 -0.00058556290913361483
leaf_weight=1069 169 53 251 1304 3529 34 60 209 37 787 91 348 42 317
leaf_count=1069 169 53 251 1304 3529 34 60 209 37 787 91 348 42 317
internal_value=-7.86072e-14 -0.000157255 2.45807e-05 0.000213183 -2.41155e-05 -0.000168511 0.000197322 -0.000184113 -0.000283386 -0.000310935 -0.000339859 -0.000620343 -0.00125878 -0.000217655
internal_weight=8300 1122 7178 1473 5705 2176 520 269 1656 1622 1585 481 133 1104
internal_count=8300 1122 7178 1473 5705 2176 520 269 1656 1622 1585 481 133 1104
is_linear=0
shrinkage=0.04


Tree=43
num_leaves=15
num_cat=0
split_feature=86 24 51 5 20 22 59 25 53 19 41 40 29 18
split_gain=0.0202536 0.0204176 0.0239858 0.0390519 0.0317075 0.0297483 0.0284104 0.0521773 0.0811114 0.05708 0.0623235 0.0467306 0.0434658 0.067234
threshold=0.74478213189528897 0.0077274527759320236 0.1897008055734675 0.12560137058407297 0.016904605957997216 0.0041382701730039604 5931762470.8606997 0.010032299696151039 0.33755860704454194 0.01860530463989336 -0.029555944342210757 -0.0089622513178155266 0.011815646638816055 0.021022532488488382
decision_type=10 8 10 10 8 10 8 10 10 8 10 10 10 10
left_child=1 -1 3 4 -3 -5 7 8 9 11 -11 -6 -8 -14
right_child=-2 2 -4 5 6 -7 12 -9 -10 10 -12 -13 13 -15
leaf_value=-0.00072367313951559242 -0.00072025648693764403 0.0010061781090118136 0.00029113548381532866 -0.0018350291389810003 0.0025214193620319877 -0.0003381452201354726 -0.00015520179022365755 3.6711271750089616e-05 -0.0019415169007261286 0.0014193311081651381 -0.00020493668262457654 0.00087478536375475916 0.00030246812317669196 -0.00021928177018526186
leaf_weight=61 62 51 461 23 35 278 2778 2531 20 51 146 130 1033 640
leaf_count=61 62 51 461 23 35 278 2778 2531 20 51 146 130 1033 640
internal_value=-2.18949e-13 5.42072e-06 1.08597e-05 -5.88563e-06 1.2245e-05 -0.000452525 5.36142e-06 0.00010248 0.000538237 0.00067524 0.000215559 0.00122407 -5.81985e-05 0.000102875
internal_weight=8300 8238 8177 7716 7415 301 7364 2913 382 362 197 165 4451 1673
internal_count=8300 8238 8177 7716 7415 301 7364 2913 382 362 197 165 4451 1673
is_linear=0
shrinkage=0.04


Tree=44
num_leaves=15
num_cat=0
split_feature=33 68 68 89 54 25 23 6 66 55 22 23 58 37
split_gain=0.0197589 0.0413905 0.042628 0.0415879 0.0437936 0.0477141 0.0382588 0.0377295 0.0360411 0.0517246 0.0403689 0.0365369 0.0355735 0.0409675
threshold=0.002835674869391736 4.1125843736928163 4.3037739100602295 4.8943389608131927e-12 0.067648743484444621 0.010148256136332023 0.0081534889500231144 0.22338171970523449 4.0080459265894905 5973363303.8744097 0.0057580056051757924 0.010128756035257973 7824555228.6934519 -0.039129546666699537
decision_type=10 8 10 10 8 10 10 10 10 8 10 10 10 10
left_child=1 -1 7 4 -4 -6 -5 8 9 -3 -10 -11 -8 -14
right_child=-2 2 3 6 5 -7 12 -9 10 11 -12 -13 13 -15
leaf_value=0.00021657791291441669 -6.9016293320902958e-05 0.00058303063986463806 -0.00052832361211596938 -0.0004627923375386515 -0.00045097950646489092 0.00036375737461932729 0.00061168619312961697 0.00092117035645060245 0.0011978009654642218 -0.00069771740827586899 -0.00039959220006133674 0.00019301465634334754 -0.00074252340121246454 0.00091009999521904535
leaf_weight=1639 3688 188 239 81 164 385 481 48 26 152 958 143 72 36
leaf_count=1639 3688 188 239 81 164 385 481 48 26 152 958 143 72 36
internal_value=-5.4052e-13 5.51891e-05 -3.37838e-05 0.000120613 -7.63749e-05 0.000120375 0.000352294 -0.000182371 -0.000218479 6.45089e-05 -0.000357385 -0.000265939 0.000464385 -0.000191649
internal_weight=8300 4612 2973 1458 788 549 670 1515 1467 483 984 295 589 108
internal_count=8300 4612 2973 1458 788 549 670 1515 1467 483 984 295 589 108
is_linear=0
shrinkage=0.04


Tree=45
num_leaves=15
num_cat=0
split_feature=28 68 59 40 65 65 58 50 27 5 87 20 7 32
split_gain=0.0196342 0.0389997 0.0295393 0.0459185 0.0452699 0.0399678 0.0392485 0.0585517 0.0616106 0.0557783 0.0542205 0.0540406 0.0575913 0.0745773
threshold=0.0080096054235274366 4.0249845539401035 5931762470.8606997 0.029300630198142556 3.1060829481306489 4.6093061686908792 4629589172.3183584 -0.26548708496774892 0.015132349589291572 0.094654339339391505 1.1321257164468663 0.021352268533825592 0.26426977262310397 -0.096280630647477092
decision_type=10 8 8 10 10 10 10 8 10 10 10 10 8 8
left_child=1 -1 6 5 -5 -4 7 -2 9 10 -9 12 13 -8
right_child=2 -3 3 4 -6 -7 11 8 -10 -11 -12 -13 -14 -15
leaf_value=0.00067472248719325568 0.00030804894291225219 4.4491527292874753e-05 -8.8602006388463356e-05 -0.00088195609158350969 0.00015506662184459658 -0.0004191913548576499 0.00034599370885544044 -8.5850356284198284e-05 0.00039704360144192114 -0.0010875774252064286 -0.0010239873939470905 -0.0004238213022472337 -0.00050483078386380129 0.0016437547261408658
leaf_weight=194 506 826 2186 71 1311 799 887 690 219 139 115 167 113 77
leaf_count=194 506 826 2186 71 1311 799 887 690 219 139 115 167 113 77
internal_value=-3.01181e-13 0.000164359 -2.30283e-05 -8.88355e-05 0.00010179 -0.000177091 7.56259e-05 -5.11344e-05 -0.000207408 -0.000347636 -0.00021987 0.000245693 0.000349508 0.000449653
internal_weight=8300 1020 7280 4367 1382 2985 2913 1669 1163 944 805 1244 1077 964
internal_count=8300 1020 7280 4367 1382 2985 2913 1669 1163 944 805 1244 1077 964
is_linear=0
shrinkage=0.04


Tree=46
num_leaves=15
num_cat=0
split_feature=31 40 6 52 47 65 23 42 68 74 25 8 28 98
split_gain=0.019712 0.0238647 0.0222893 0.0322965 0.041873 0.0314793 0.0311498 0.0264432 0.0290893 0.0252066 0.0239929 0.0364216 0.0229154 0.0350034
threshold=-0.048686590895025077 0.066872556457272761 0.1968999965673032 0.31316134689773761 -0.050060002641983729 4.5729391330274831 0.005866470420404237 0.35789725373776243 4.1434444611842141 0.26724251112418757 0.008695791011299631 0.31041793748768826 0.0080096054235274366 0.49561403508771934
decision_type=10 10 10 10 10 10 10 10 10 10 8 10 10 8
left_child=2 -2 7 6 -5 -6 -4 10 -9 -8 11 -1 13 -12
right_child=1 -3 3 4 5 -7 9 8 -10 -11 12 -13 -14 -15
leaf_value=-0.00050773887376470326 -0.0013046308413434489 0.00039485287514980886 0.0016394795672385954 0.0010546041171376904 -3.1327257870829528e-05 -0.0010509126125348371 0.00025885877559768552 -7.2105878405272959e-05 -0.0021187762608751654 0.0015711945898830889 0.00057260102053638547 0.0015373491981115781 -4.3250711343421681e-05 2.5519957341975409e-05
leaf_weight=22 39 20 32 42 175 67 370 25 20 25 250 38 6431 744
leaf_count=22 39 20 32 42 175 67 370 25 20 25 250 38 6431 744
internal_value=-1.06171e-12 -0.000728535 5.21582e-06 0.000219298 -0.000111268 -0.000313609 0.000439159 -1.49983e-05 -0.000981737 0.000341918 -9.18627e-06 0.000787484 -1.5624e-05 0.000163116
internal_weight=8300 59 8241 711 284 242 427 7530 45 395 7485 60 7425 994
internal_count=8300 59 8241 711 284 242 427 7530 45 395 7485 60 7425 994
is_linear=0
shrinkage=0.04


Tree=47
num_leaves=15
num_cat=0
split_feature=22 10 66 32 66 31 54 68 17 41 87 56 88 59
split_gain=0.0190109 0.0245122 0.0223034 0.0417099 0.0352178 0.0458509 0.043775 0.049409 0.0488635 0.0358193 0.0389689 0.0361393 0.0357549 0.0406958
threshold=0.019963600100434516 -0.022389884467635342 3.6565755270456299 -0.081126494085862019 3.9492289797956546 -0.25538785235290401 0.093318321021326769 4.1125843736928163 0.020088024949753775 -0.035303404606555615 -0.30306670857186407 669641786.4737128 -0.3502157839141059 12567658727.128912
decision_type=10 10 8 10 10 8 10 8 10 10 10 10 10 10
left_child=2 -2 3 -1 5 -4 7 8 -6 10 -8 -11 13 -13
right_child=1 -3 4 -5 6 -7 9 -9 -10 11 -12 12 -14 -15
leaf_value=-0.00023224757708627537 -0.00078492603709243928 0.00066128311136321642 0.0008211764195849272 0.00091814325913734175 0.0005700571337840946 0.00011292704432969733 0.00082349623648081242 -0.00027900777788264193 -0.00021843811547215511 -0.0012062781311285038 0.00011692092082391374 0.00013487002499677962 -7.2707656325256167e-05 0.00098902373284212152
leaf_weight=1039 22 127 165 53 251 1287 187 1614 252 39 376 767 2020 101
leaf_count=1039 22 127 165 53 251 1287 187 1614 252 39 376 767 2020 101
internal_value=-5.4445e-13 0.000447749 -8.18483e-06 -0.000176414 1.78395e-05 0.00019341 -2.76266e-05 -0.000171129 0.000175026 5.94208e-05 0.000351609 3.21913e-06 1.95524e-05 0.000234259
internal_weight=8300 149 8151 1092 7059 1452 5607 2117 503 3490 563 2927 2888 868
internal_count=8300 149 8151 1092 7059 1452 5607 2117 503 3490 563 2927 2888 868
is_linear=0
shrinkage=0.04


Tree=48
num_leaves=15
num_cat=0
split_feature=33 68 68 89 54 25 23 25 37 66 17 6 42 22
split_gain=0.0190475 0.035743 0.0391901 0.0379971 0.0387531 0.0430895 0.0351329 0.0340067 0.0407309 0.0358748 0.0338272 0.033163 0.0327585 0.0322516
threshold=0.002835674869391736 4.1125843736928163 4.3037739100602295 4.8943389608131927e-12 0.067648743484444621 0.010148256136332023 0.0081534889500231144 0.011210980792377602 -0.083353990916204088 3.6565755270456299 0.018046088881296114 0.22338171970523449 -0.18480707784211889 0.0087973555744020378
decision_type=10 8 10 10 8 10 10 8 10 10 10 10 8 10
left_child=1 7 11 4 -4 -6 13 8 -1 12 -7 -3 -9 -5
right_child=-2 2 3 6 5 10 -8 9 -10 -11 -12 -13 -14 -15
leaf_value=0.0022140278927981856 -6.7762457356208386e-05 -0.00020481607580195491 -0.00049389073055064122 4.7311752766244488e-05 -0.00042662456129441927 0.00082999725818055968 0.00044841400942624039 0.00073647249648014883 0.00037896601844833618 0.00021715949181723052 5.6187993403000291e-05 0.00086364137110649607 -0.00046653885685096443 -0.0017471758089959621
leaf_weight=20 3688 1467 239 59 164 145 589 42 598 716 240 48 263 22
leaf_count=20 3688 1467 239 59 164 145 589 42 598 716 240 48 263 22
internal_value=4.55166e-13 5.41865e-05 -2.8494e-05 0.000119546 -6.87457e-05 0.000116336 0.000340999 0.000204161 0.000438353 6.24078e-05 0.000347623 -0.000170964 -0.000300878 -0.00044008
internal_weight=8300 4612 2973 1458 788 549 670 1639 618 1021 385 1515 305 81
internal_count=8300 4612 2973 1458 788 549 670 1639 618 1021 385 1515 305 81
is_linear=0
shrinkage=0.04


Tree=49
num_leaves=15
num_cat=0
split_feature=42 66 32 66 31 54 18 41 68 85 87 17 89 52
split_gain=0.0190969 0.019197 0.0354257 0.028843 0.0445632 0.040306 0.0444547 0.0360558 0.035818 0.0380041 0.0357161 0.0349572 0.0345698 0.0488337
threshold=-0.31123910720709752 3.6130098502800796 -0.081126494085862019 3.9431683499017405 -0.25538785235290401 0.093318321021326769 0.016462721819017059 -0.035303404606555615 4.1125843736928163 -1.2103752876094505 -0.30306670857186407 0.022885048045004238 4.8943389608131927e-12 0.071939412458134636
decision_type=8 8 10 10 8 10 8 10 8 8 10 10 10 10
left_child=-1 2 -2 4 -3 6 -5 10 -8 -10 -7 -12 13 -11
right_child=1 3 -4 5 -6 7 8 -9 9 12 11 -13 -14 -15
leaf_value=0.001007382898281018 -0.00022354731554866035 0.00076460428718040446 0.00091356133971282321 0.00056471649339073337 9.4090370990758244e-05 0.00080161944346159952 9.9947481107036788e-05 4.5826996390235876e-06 0.0010473284268554188 -0.00066924085145716951 -0.00010513470557929975 0.00076459416293188712 -0.0001451980431934115 0.00021983171304119594
leaf_weight=30 932 179 46 128 1391 189 477 2979 33 609 276 101 812 118
leaf_count=30 932 179 46 128 1391 189 477 2979 33 609 276 101 812 118
internal_value=3.55317e-13 -3.65435e-06 -0.000170064 1.86644e-05 0.000170537 -2.30065e-05 -0.000158479 6.01875e-05 -0.000203656 -0.00029578 0.00035285 0.00012787 -0.00032458 -0.000524935
internal_weight=8300 8270 978 7292 1570 5722 2177 3545 2049 1572 566 377 1539 727
internal_count=8300 8270 978 7292 1570 5722 2177 3545 2049 1572 566 377 1539 727
is_linear=0
shrinkage=0.04


Tree=50
num_leaves=15
num_cat=0
split_feature=20 45 87 20 42 42 42 64 89 16 67 30 41 28
split_gain=0.018521 0.0316922 0.0264508 0.0263808 0.0346363 0.0405332 0.0304866 0.0322494 0.0278608 0.0456129 0.0714956 0.0313833 0.0253563 0.0260504
threshold=0.022687506181396953 0.040150170645298494 1.4912321997023545 0.021898029334363456 -0.21776929313932616 0.10697194491292329 -0.25443500865976987 5.1270995412876941 4.7040529426062737e-11 0.021745723339207709 4.3239327450525407 -0.093975139476671396 -0.1764684263064841 0.0080096054235274366
decision_type=10 10 10 10 10 10 8 10 10 10 8 10 8 10
left_child=3 -2 -3 6 -5 -6 7 -1 12 10 -10 -12 -8 -14
right_child=1 2 -4 4 5 -7 8 -9 9 -11 11 -13 13 -15
leaf_value=0.00089157084767478264 0.00061293024938908949 -0.00044863131775504407 -0.0019635364387861707 -0.00086394516397909882 0.00080073442653615459 -0.0010958535289391875 -0.00087296142436142242 -0.00085963794915005565 -0.0016443021712461258 0.0003481480459892519 0.0011262216528171096 -0.00082920982347180444 0.00020528735896367949 -2.2685229755775803e-05
leaf_weight=106 38 114 22 29 183 20 53 20 82 71 29 24 913 6596
leaf_count=106 38 114 22 29 183 20 53 20 82 71 29 24 913 6596
internal_value=1.63481e-13 -0.000408336 -0.000693689 8.74359e-06 0.000429151 0.000613878 -3.61192e-06 0.000613601 -1.36234e-05 -0.000472596 -0.000904247 0.000240743 -1.12026e-06 5.03337e-06
internal_weight=8300 174 136 8126 232 203 7894 126 7768 206 135 53 7562 7509
internal_count=8300 174 136 8126 232 203 7894 126 7768 206 135 53 7562 7509
is_linear=0
shrinkage=0.04


Tree=51
num_leaves=15
num_cat=0
split_feature=33 68 68 65 20 58 22 54 54 25 37 40 49 6
split_gain=0.018723 0.0320202 0.0358837 0.035803 0.0360593 0.045688 0.035351 0.0343537 0.033103 0.0314193 0.0431883 0.0311458 0.0307618 0.030393
threshold=0.002835674869391736 4.1125843736928163 4.3037739100602295 4.7660848964017797 0.018154576432203293 5917266908.1989107 0.011850436082611686 0.38707803570906024 0.070982181233166589 0.011210980792377602 -0.083353990916204088 -0.0089622513178155266 -0.31196072950941028 0.22338171970523449
decision_type=10 8 10 10 10 10 10 8 10 10 10 10 10 10
left_child=1 9 13 4 5 11 7 -7 -6 10 -1 -4 -11 -3
right_child=-2 2 3 -5 8 6 -8 -9 -10 12 -12 -13 -14 -15
leaf_value=0.0021100415710521782 -6.7182682825803896e-05 -0.00019326842501230722 0.0013984179762857301 -0.00017391407697509926 7.6693837063499074e-06 -0.00062517596144144507 0.00011190971098914545 -0.002459105754700991 0.00055417983569902866 0.0013569842429049979 0.00034608721271741147 -0.00018497648851379105 1.1617003071467784e-05 0.00082959398348369476
leaf_weight=23 3688 1467 35 462 266 44 47 26 532 28 645 46 943 48
leaf_count=23 3688 1467 35 462 266 44 47 26 532 28 645 46 943 48
internal_value=-1.47982e-13 5.37228e-05 -2.45334e-05 0.000117124 0.000252123 -0.000231056 -0.000736622 -0.00130635 0.00037201 0.000195673 0.000406822 0.000499206 5.04124e-05 -0.000160861
internal_weight=8300 4612 2973 1458 996 198 117 70 798 1639 668 81 971 1515
internal_count=8300 4612 2973 1458 996 198 117 70 798 1639 668 81 971 1515
is_linear=0
shrinkage=0.04


Tree=52
num_leaves=15
num_cat=0
split_feature=86 85 36 49 86 37 87 89 47 23 41 86 31 18
split_gain=0.0188571 0.0190436 0.0288407 0.0415286 0.0339762 0.0396478 0.0233559 0.0367471 0.0542218 0.0401182 0.0365691 0.0323208 0.0577607 0.0547855
threshold=0.74478213189528897 0.93158368685759585 -0.096732310913060102 -0.15994052641754383 0.12666547808386464 0.020106756190402367 0.51429400390414881 1.3250556351895424e-11 -0.051619565717368858 0.016860259678653334 -0.15255863315497634 -0.037348418393396372 -0.25538785235290401 0.017302278222359083
decision_type=10 10 10 8 10 10 8 10 10 10 8 10 8 10
left_child=1 6 -3 -4 -5 -6 11 9 -9 10 -8 12 13 -1
right_child=-2 2 3 4 5 -7 7 8 -10 -11 -12 -13 -14 -15
leaf_value=-0.0013216707189955437 -0.00069498106536846 0.0012929312553855458 -0.00084546834140872729 0.0013508317534433444 0.00090801633173050211 -0.00042205796518326929 -0.001491359210262696 -0.0001804579210068977 -0.001558842410252991 0.00089847692627121104 -8.1288913834981087e-05 0.00011123173525551277 -0.0001363096544330777 0.00068627206891375993
leaf_weight=24 62 42 52 48 61 87 30 139 68 66 1542 3480 2368 231
leaf_count=24 62 42 52 48 61 87 30 139 68 66 1542 3480 2368 231
internal_value=-1.4697e-13 5.2305e-06 0.000323616 0.000159458 0.000426071 0.000126148 -6.38649e-06 -0.000131097 -0.000633261 -6.76366e-05 -0.000108199 3.13148e-05 -7.47131e-05 0.000497289
internal_weight=8300 8238 290 248 196 148 7948 1845 207 1638 1572 6103 2623 255
internal_count=8300 8238 290 248 196 148 7948 1845 207 1638 1572 6103 2623 255
is_linear=0
shrinkage=0.04


Tree=53
num_leaves=15
num_cat=0
split_feature=76 31 40 6 37 55 31 54 20 42 68 89 64 29
split_gain=0.0185622 0.0181584 0.0220477 0.018407 0.0302954 0.0335322 0.0303705 0.0468013 0.0252905 0.0247262 0.0259362 0.0233903 0.0240618 0.0231044
threshold=-0.4576131080708794 -0.048686590895025077 0.066872556457272761 0.1968999965673032 0.14462233892163026 7207655251.224946 -0.098862678806268575 0.76307671615965922 0.020740564698158392 0.35789725373776243 4.1434444611842141 2.5033377684870198e-12 4.0345143047451826 0.013612238837252126
decision_type=8 10 10 10 10 10 10 8 8 10 10 10 10 10
left_child=-1 3 -3 9 -5 8 -7 11 -6 13 -11 -8 -13 -2
right_child=1 2 -4 4 5 6 7 -9 -10 10 -12 12 -14 -15
leaf_value=-0.00096152691039605995 1.4176452236951794e-05 -0.0012492358550811424 0.00038426962436642495 0.00057963918451042404 -0.00066447123112355142 -0.00054440157957961436 0.00034309551947646669 -9.7647246296236412e-05 0.0003103842439447705 -8.5593191208317888e-05 -0.0020181612477172166 0.002573281706351301 0.0010100038448348642 -0.00027613701163294859
leaf_weight=32 6985 39 20 231 141 54 45 106 61 25 20 23 50 468
leaf_count=32 6985 39 20 231 141 54 45 106 61 25 20 23 50 468
internal_value=-1.11264e-13 3.72144e-06 -0.000695505 8.74694e-06 0.000203258 2.21243e-05 0.00030711 0.000512386 -0.000370084 -9.69761e-06 -0.000944512 0.00106038 0.00150254 -4.05335e-06
internal_weight=8300 8268 59 8209 711 480 278 224 202 7498 45 118 73 7453
internal_count=8300 8268 59 8209 711 480 278 224 202 7498 45 118 73 7453
is_linear=0
shrinkage=0.04


Tree=54
num_leaves=15
num_cat=0
split_feature=69 20 95 49 20 42 32 42 89 16 67 30 88 49
split_gain=0.017641 0.0176975 0.0297374 0.0256353 0.0226738 0.0314996 0.0367355 0.0292439 0.0256424 0.041652 0.0648413 0.0287906 0.0263546 0.0445842
threshold=-1.9677521313463244 0.022687506181396953 0.39444444444444454 -0.24785439419977348 0.021898029334363456 -0.21776929313932616 -0.23935052024050998 -0.25443500865976987 4.7040529426062737e-11 0.021745723339207709 4.3239327450525407 -0.093975139476671396 -0.39424600063772663 -0.26161239034027262
decision_type=8 10 10 10 10 10 10 8 10 10 8 10 8 8
left_child=-1 4 3 -3 7 -6 -7 -2 12 10 -10 -12 -9 -14
right_child=1 2 -4 -5 5 6 -8 8 9 -11 11 -13 13 -15
leaf_value=-0.00092299436247258483 0.00060775101995095605 0.0010241234635135956 -0.00077481962503250616 -0.00065294365771114836 -0.00082865327693008146 0.00078997821613614044 -0.00082139295848229754 0.00013860298855573026 -0.0015665448369691149 0.00033501210504434479 0.0010767484966922424 -0.00079616959672421214 -0.00055114906240779629 -1.4157100020345684e-05
leaf_weight=33 125 35 114 25 29 175 26 1759 82 71 29 24 259 5514
leaf_count=33 125 35 114 25 29 175 26 1759 82 71 29 24 259 5514
internal_value=1.246e-13 3.68439e-06 -0.000395452 0.000325345 1.22658e-05 0.000403735 0.000581542 8.15019e-07 -8.98945e-06 -0.000449287 -0.000861771 0.000228635 3.05268e-06 -3.82487e-05
internal_weight=8300 8267 174 60 8093 230 201 7863 7738 206 135 53 7532 5773
internal_count=8300 8267 174 60 8093 230 201 7863 7738 206 135 53 7532 5773
is_linear=0
shrinkage=0.04


Tree=55
num_leaves=15
num_cat=0
split_feature=33 68 68 89 64 54 42 23 58 37 42 22 66 66
split_gain=0.0181191 0.0289727 0.0327822 0.0332226 0.0347796 0.0356607 0.0447856 0.0316038 0.0310025 0.0359851 0.0299125 0.0295332 0.0287569 0.0271916
threshold=0.002835674869391736 4.1125843736928163 4.3037739100602295 4.8943389608131927e-12 3.3716036311492386 0.067648743484444621 0.18691623120578285 0.0081534889500231144 7824555228.6934519 -0.039129546666699537 0.22309778337015942 0.0087973555744020378 3.7974243803477363 4.1387475251644457
decision_type=10 8 10 10 10 8 8 10 10 10 10 10 10 10
left_child=1 10 13 4 -4 -6 -7 11 -9 -10 12 -5 -1 -3
right_child=-2 2 3 7 5 6 -8 8 9 -11 -12 -13 -14 -15
leaf_value=-6.6360997777638827e-05 -6.6090485796500126e-05 3.7908949417171593e-05 0.00065121429297202371 4.6468818781234453e-05 -0.00060535251422027387 0.00028461847485678859 -0.0005399094443078843 0.00056026951482968709 -0.00070597014910365238 0.00084290180782166618 0.00084437468800528073 -0.0016707286780530755 0.00028629760030233218 -0.00030319370932490464
leaf_weight=622 3688 672 96 59 204 334 154 481 72 36 104 22 913 843
leaf_count=622 3688 672 96 59 204 334 154 481 72 36 104 22 913 843
internal_value=-3.35651e-13 5.28495e-05 -2.15898e-05 0.000113807 -6.22574e-05 -0.000161236 2.44191e-05 0.00032088 0.000422758 -0.000189679 0.000187876 -0.000419931 0.000143396 -0.000151893
internal_weight=8300 4612 2973 1458 788 692 488 670 589 108 1639 81 1535 1515
internal_count=8300 4612 2973 1458 788 692 488 670 589 108 1639 81 1535 1515
is_linear=0
shrinkage=0.04


Tree=56
num_leaves=15
num_cat=0
split_feature=22 10 66 32 86 42 41 7 51 21 66 31 58 42
split_gain=0.0178252 0.0224977 0.0197802 0.0342952 0.0307368 0.0309596 0.0298759 0.0311353 0.0316099 0.0289884 0.0279885 0.0381677 0.0362629 0.0641647
threshold=0.019963600100434516 -0.022389884467635342 3.6565755270456299 -0.081126494085862019 -0.14577707881953761 0.059170551531228861 -0.070125507929670858 -0.11648527165198079 0.0166747231389528 0.0081014543632407527 3.9492289797956546 -0.25538785235290401 11978099334.878756 0.16386994939877877
decision_type=10 10 8 10 8 10 10 10 10 10 10 8 10 8
left_child=2 -2 3 4 6 9 -1 -8 -9 -6 11 -4 -12 -14
right_child=1 -3 10 -5 5 -7 7 8 -10 -11 12 -13 13 -15
leaf_value=0.00076545828701928258 -0.0007473756880922751 0.00063813323833829337 0.00074585838006124979 0.0008261578235740089 -0.00030479136329672452 -0.00051079536036391241 -0.0015707862083160996 0.00092898223630112143 -0.00063644841481252132 0.00030016796344364436 -5.926151430480404e-05 9.966850388255937e-05 3.2707992833444137e-05 0.00098934158221849751
leaf_weight=25 22 127 165 53 201 195 51 23 201 343 5004 1287 454 149
leaf_count=25 22 127 165 53 201 195 51 23 201 343 5004 1287 454 149
internal_value=-2.79572e-13 0.000433561 -7.92549e-06 -0.000166353 -0.000216981 -7.83634e-05 -0.000558444 -0.000678799 -0.000475712 7.66444e-05 1.65826e-05 0.000173099 -2.39492e-05 0.00026909
internal_weight=8300 149 8151 1092 1039 739 300 275 224 544 7059 1452 5607 603
internal_count=8300 149 8151 1092 1039 739 300 275 224 544 7059 1452 5607 603
is_linear=0
shrinkage=0.04


Tree=57
num_leaves=15
num_cat=0
split_feature=86 24 51 5 20 22 29 20 55 64 31 29 6 4
split_gain=0.0174076 0.0188047 0.0200851 0.0357272 0.0281838 0.0262846 0.0250667 0.0499262 0.0373941 0.0314632 0.0254978 0.0249136 0.0233683 0.023254
threshold=0.74478213189528897 0.0077274527759320236 0.1897008055734675 0.12560137058407297 0.016736112109431427 0.0041382701730039604 0.01251489928188705 0.019127460767375645 3931508168.332953 4.6192336475219555 -0.098862678806268575 0.012288002538640911 0.11082292925980876 0.080852831309274578
decision_type=10 8 10 10 8 10 8 10 10 10 10 10 10 10
left_child=1 -1 3 4 -3 -5 7 11 -9 13 -8 12 -4 -10
right_child=-2 2 6 5 -6 -7 10 8 9 -11 -12 -13 -14 -15
leaf_value=-0.00069467852323422906 -0.00066773779119455048 0.0013807795499451458 0.00023897350076586011 -0.0017318104169048046 7.8196768981791362e-06 -0.00032476786113672443 -0.00026245240913227194 -0.00034714226424694062 0.0031111455176557811 0.00023652611300349237 0.0005417733240340438 0.00080526841841250044 -0.0014581886547859069 0.0014809294011709946
leaf_weight=61 62 24 25 23 7391 278 177 20 21 21 98 30 27 42
leaf_count=61 62 24 25 23 7391 278 177 20 21 21 98 30 27 42
internal_value=3.29671e-13 5.02546e-06 1.02452e-05 -5.07817e-06 1.22635e-05 -0.000432283 0.000266721 0.000625369 0.00120728 0.00157738 2.41444e-05 -0.000112667 -0.000642245 0.00202433
internal_weight=8300 8238 8177 7716 7415 301 461 186 104 84 275 82 52 63
internal_count=8300 8238 8177 7716 7415 301 461 186 104 84 275 82 52 63
is_linear=0
shrinkage=0.04


Tree=58
num_leaves=15
num_cat=0
split_feature=76 18 21 17 59 55 32 41 20 19 29 8 24 32
split_gain=0.0168344 0.0170694 0.0178053 0.0485797 0.0408981 0.0348466 0.0548289 0.040091 0.0341486 0.028808 0.0405471 0.0351364 0.0316538 0.0316046
threshold=-0.4576131080708794 0.025540900281703322 0.00735960575722282 0.023183233509909914 2888734854.9711323 6197102024.9116573 -0.29571769599308712 0.0075678117312156798 0.019423429235790445 0.016514397406620713 0.010419982986949182 -0.44787225000418568 0.0088117701755695884 -0.09862204135879675
decision_type=8 10 8 8 10 10 8 10 8 10 10 10 10 10
left_child=-1 2 3 4 8 6 -5 -7 -2 -6 11 -11 -12 -14
right_child=1 -3 -4 5 9 7 -8 -9 -10 10 12 -13 13 -15
leaf_value=-0.00091568361458485017 -0.0019867576846781258 -0.0006631029336942268 5.0552542062257087e-05 -0.00079902253171894701 0.0005269602545289792 -0.00066999869455364267 0.0013239412293633791 0.00078986393624088823 -0.00045421569137881423 0.00075213182169724916 -0.00047691365703406374 -0.00059374871123529804 7.464625641488347e-05 -0.00085435725725637596
leaf_weight=32 26 61 5437 24 121 68 103 54 221 34 218 356 1484 61
leaf_count=32 26 61 5437 24 121 68 103 54 221 34 218 356 1484 61
internal_value=2.76407e-13 3.54401e-06 8.49898e-06 -7.40444e-05 -0.00012669 0.000458964 0.000922751 -2.383e-05 -0.000615536 -7.35918e-05 -0.000107343 -0.000476416 -2.56993e-05 3.79672e-05
internal_weight=8300 8268 8207 2770 2521 249 127 122 247 2274 2153 390 1763 1545
internal_count=8300 8268 8207 2770 2521 249 127 122 247 2274 2153 390 1763 1545
is_linear=0
shrinkage=0.04


Tree=59
num_leaves=15
num_cat=0
split_feature=33 68 68 65 59 16 20 28 48 42 100 17 8 6
split_gain=0.0164045 0.0266762 0.0309464 0.0316731 0.0316466 0.0322533 0.0285502 0.0295982 0.0370873 0.0272749 0.0276664 0.0316483 0.0264568 0.0276606
threshold=0.002835674869391736 4.1125843736928163 4.3037739100602295 4.7660848964017797 7689479610.5292788 0.023611630893585599 0.01797910311104171 0.0076192200070174616 -0.12101316947531075 0.22309778337015942 3.5000000000000004 0.020487300419386786 -0.37063980859366658 0.22338171970523449
decision_type=10 8 10 8 10 10 10 10 10 10 2 10 8 10
left_child=1 9 12 4 5 -4 -6 -8 -9 10 11 -1 -3 -14
right_child=-2 2 3 -5 6 -7 7 8 -10 -11 -12 -13 13 -15
leaf_value=0.00022469001314507961 -6.2885727013266908e-05 0.0010704016858445746 0.00028934200966895129 -0.00016332781964608617 -0.00067028440034482635 0.0010812891488930459 0.0012537008019931175 -0.00055097670389191731 0.00041238733987642719 0.00080673800731556893 0.00065724127834884617 -0.00017378441611891877 -0.00020218907319376349 0.00077391218917910009
leaf_weight=890 3688 28 513 462 90 98 34 112 149 104 148 497 1439 48
leaf_count=890 3688 28 513 462 90 98 34 112 149 104 148 497 1439 48
internal_value=3.00672e-13 5.02868e-05 -2.11413e-05 0.00011041 0.000237385 0.000416365 -4.66583e-05 0.000143601 -1.01026e-06 0.000179851 0.000137378 8.19057e-05 -0.000147743 -0.000170681
internal_weight=8300 4612 2973 1458 996 611 385 295 261 1639 1535 1387 1515 1487
internal_count=8300 4612 2973 1458 996 611 385 295 261 1639 1535 1387 1515 1487
is_linear=0
shrinkage=0.04


Tree=60
num_leaves=15
num_cat=0
split_feature=22 10 39 4 20 55 68 59 64 25 24 75 41 30
split_gain=0.0165124 0.0206173 0.0188929 0.0286529 0.0330798 0.0326072 0.0276814 0.0264406 0.0497984 0.0297187 0.0513169 0.0252433 0.0309389 0.0322211
threshold=0.019963600100434516 -0.022389884467635342 -0.052960598323485479 -0.068405973126136596 0.022821390817359118 6515802162.3558426 4.2088943780879022 5931762470.8606997 5.4790347115600442 0.012212464328300183 0.011689653638496054 -0.14798938838501555 -0.1383586552911428 -0.098848279490498112
decision_type=10 10 8 10 10 8 10 8 10 10 10 10 8 10
left_child=2 -2 7 5 11 6 -4 8 9 10 -1 12 -5 -14
right_child=1 -3 3 4 -6 -7 -8 -9 -10 -11 -12 -13 13 -15
leaf_value=0.00074706612771527987 -0.00071321684835393996 0.00061312647562063356 0.00081571940385730991 -0.0012342666195472704 -0.00083476828629028006 -3.7074677501110394e-05 8.3210450419060459e-05 -0.0004746838729615481 -0.0015940164417649308 0.00077572239223324389 -0.0014056120360071553 3.9408692987777018e-05 0.00019835722548395787 -0.00020335292743798293
leaf_weight=37 22 127 210 40 78 310 136 310 24 105 34 5084 417 1366
leaf_count=37 22 127 210 40 78 310 136 310 24 105 34 5084 417 1366
internal_value=-6.85732e-14 0.000417291 -7.62806e-06 8.10504e-06 -1.56326e-05 0.000260861 0.000527797 -0.000243347 0.000115225 0.000348304 -0.000283794 -6.38222e-06 -0.000134084 -0.000109403
internal_weight=8300 149 8151 7641 6985 656 346 510 200 176 71 6907 1823 1783
internal_count=8300 149 8151 7641 6985 656 346 510 200 176 71 6907 1823 1783
is_linear=0
shrinkage=0.04


Tree=61
num_leaves=15
num_cat=0
split_feature=31 40 31 27 86 38 15 75 54 42 37 24 40 20
split_gain=0.0162294 0.0204849 0.0181293 0.0295471 0.0281727 0.0310812 0.0297334 0.0238628 0.0227666 0.0251097 0.0241489 0.0218828 0.0358584 0.0347048
threshold=-0.048686590895025077 0.066872556457272761 -0.068708680680577658 0.016005132327847022 0.1046595528284452 0.27029952720862088 0.01357601208528913 -0.14798938838501555 0.35843206410866996 0.28563236867973602 0.051111495900327937 0.0089011848740208881 0.057998468550769629 0.019847765450613512
decision_type=10 10 10 10 8 10 10 10 10 10 10 8 10 10
left_child=2 -2 11 4 5 7 -6 -4 10 -10 -8 12 13 -1
right_child=1 -3 3 -5 6 -7 8 -9 9 -11 -12 -13 -14 -15
leaf_value=5.9862985805974697e-05 -0.0011947984685404943 0.00037974890618352222 -0.00039486247646196071 -0.00051506981614511465 -0.00012235957680881691 -0.00075429340980331147 0.0014086689151424385 0.00048205251404515758 0.0016082048325363216 0.00010643490235847623 1.8736429410637356e-05 8.6531241293484181e-07 -0.0013389181014036341 -0.0012154919575479608
leaf_weight=204 39 20 68 80 67 62 28 184 79 23 70 7286 49 41
leaf_count=204 39 20 68 80 67 62 28 184 79 23 70 7286 49 41
internal_value=7.24584e-13 -0.000661054 4.7327e-06 0.000205639 0.000304876 4.80281e-05 0.000606938 0.000245425 0.000851252 0.00126957 0.00041586 -1.2787e-05 -0.000351123 -0.000153564
internal_weight=8300 59 8241 661 581 314 267 252 200 102 98 7580 294 245
internal_count=8300 59 8241 661 581 314 267 252 200 102 98 7580 294 245
is_linear=0
shrinkage=0.04


Tree=62
num_leaves=15
num_cat=0
split_feature=69 71 76 89 15 88 38 59 20 44 29 88 30 46
split_gain=0.015779 0.0167049 0.020403 0.024499 0.0416265 0.0383504 0.0290522 0.0268553 0.0516876 0.0453375 0.0398652 0.0378403 0.0367671 0.0350716
threshold=-1.9677521313463244 0.70294117647058829 -0.0034279205505785 1.3250556351895424e-11 0.01656120474005102 -0.20664079274700073 -0.21381287868310736 5846035214.1572027 0.017639912861645686 0.89063735755920648 0.010594906461809104 -0.38563847079680952 -0.034682122596328573 0.78597063567571779
decision_type=8 10 8 10 10 10 10 10 8 10 10 8 10 10
left_child=-1 2 3 7 5 -5 -6 8 -2 10 -10 -9 13 -13
right_child=1 -3 -4 4 6 -7 -8 11 9 -11 -12 12 -14 -15
leaf_value=-0.00087292585183273671 0.0019349616764338861 -8.3901622504661298e-05 -3.1031588491111861e-05 -8.9556617313064633e-05 0.00096306190927022658 -0.0014692968483422959 -0.00010045862830023053 0.00041346418936396727 -2.6690045793505612e-05 -0.00075154355452319637 0.00061549248517630249 -4.8227143847110775e-06 0.0010049034479575661 -0.00070156614116142287
leaf_weight=33 32 2459 3041 66 52 63 196 397 240 61 435 1043 52 130
leaf_count=33 32 2459 3041 66 52 63 196 397 240 61 435 1043 52 130
internal_value=-4.34417e-13 3.48452e-06 4.04822e-05 0.000119078 -0.000180602 -0.000763383 0.000122538 0.000166349 0.000361209 0.000292785 0.000387161 7.40854e-05 -3.5901e-05 -8.20407e-05
internal_weight=8300 8267 5808 2767 377 129 248 2390 768 736 675 1622 1225 1173
internal_count=8300 8267 5808 2767 377 129 248 2390 768 736 675 1622 1225 1173
is_linear=0
shrinkage=0.04


Tree=63
num_leaves=15
num_cat=0
split_feature=86 85 26 68 87 89 47 23 41 66 59 68 96 32
split_gain=0.0156709 0.0174262 0.0264291 0.0241886 0.0204898 0.0314271 0.0481489 0.035084 0.0311416 0.029982 0.0295065 0.0509525 0.0468474 0.0419938
threshold=0.74478213189528897 0.93158368685759585 0.0050428711579599923 4.6494837652992365 0.51429400390414881 1.3250556351895424e-11 -0.051619565717368858 0.016860259678653334 -0.15255863315497634 3.5600866154705746 7549483825.0728588 4.0813165727997331 0.64166666666666672 -0.1318217687890261
decision_type=10 10 10 8 8 10 10 10 8 10 8 8 10 8
left_child=1 4 -3 -4 9 7 -7 8 -6 -1 12 -12 13 -11
right_child=-2 2 3 -5 5 6 -8 -9 -10 10 11 -13 -14 -15
leaf_value=-0.00024178894898537452 -0.00063355281152912678 0.001019789543719246 -5.8582918046830365e-05 0.0011614712302107364 -0.0013787948860165976 -0.00016085310825088108 -0.0014597554635667406 0.00083900070585183467 -7.7564881594794092e-05 6.7023781094447258e-05 0.00027262127180868203 -0.00018531930780841971 -0.0014460102436908832 0.0004008404524687386
leaf_weight=591 62 65 195 30 30 139 68 66 1542 2704 528 1474 30 776
leaf_count=591 62 65 195 30 30 139 68 66 1542 2704 528 1474 30 776
internal_value=4.543e-13 4.76818e-06 0.000309334 0.000104091 -6.34455e-06 -0.000123153 -0.000587546 -6.44657e-05 -0.000102398 2.89678e-05 5.79985e-05 -6.45438e-05 0.000127893 0.000141461
internal_weight=8300 8238 290 225 7948 1845 207 1638 1572 6103 5512 2002 3510 3480
internal_count=8300 8238 290 225 7948 1845 207 1638 1572 6103 5512 2002 3510 3480
is_linear=0
shrinkage=0.04


Tree=64
num_leaves=15
num_cat=0
split_feature=28 68 16 98 86 35 15 27 55 19 59 40 67 88
split_gain=0.0157899 0.0286681 0.0250186 0.0285941 0.0384442 0.0336913 0.0277166 0.0304594 0.0247659 0.0285554 0.024549 0.0341959 0.040159 0.0527531
threshold=0.0080096054235274366 4.0159537747462437 0.02004513495925107 0.49561403508771934 -0.28353304505947124 0.012072640544233517 0.01214413022481311 0.0073727125734749611 9668090732.9434032 0.017620743105779033 5931762470.8606997 0.029300630198142556 4.2272429432223539 0.13438099294625294
decision_type=10 8 10 8 8 10 8 8 10 10 8 10 8 8
left_child=1 -1 3 5 -5 -3 7 -6 -8 -10 -2 -12 -13 -14
right_child=10 2 -4 4 6 -7 8 -9 9 -11 11 12 13 -15
leaf_value=0.00059496299121503961 6.9284523125972942e-05 0.00074328394388545338 0.00061793043048591052 -0.0017415650662345192 -0.0010619742984754449 -0.0005635966344059506 0.00023530548965242673 0.00035948633996988922 -0.00082925226636386168 0.00064575579882200282 -0.0001568044108528097 -0.0001109226437678081 0.00052511849534108194 -0.00034843494592577267
leaf_weight=187 2913 127 107 24 83 42 304 34 84 28 2985 761 477 144
leaf_count=187 2913 127 107 24 83 42 304 34 84 28 2985 761 477 144
internal_value=-8.05098e-13 0.000147393 4.69178e-05 -3.72397e-05 -0.000175515 0.000418497 -0.000104999 -0.0006489 4.79732e-05 -0.0004605 -2.06512e-05 -8.06426e-05 8.38602e-05 0.000322555
internal_weight=8300 1020 833 726 557 169 533 117 416 112 7280 4367 1382 621
internal_count=8300 1020 833 726 557 169 533 117 416 112 7280 4367 1382 621
is_linear=0
shrinkage=0.04


Tree=65
num_leaves=15
num_cat=0
split_feature=100 75 4 52 22 20 39 40 66 64 5 29 59 59
split_gain=0.015372 0.0301716 0.0396226 0.0255689 0.0245793 0.0215825 0.0232233 0.02096 0.0310192 0.0257687 0.028278 0.0202891 0.0291289 0.037655
threshold=1.5000000000000002 0.22274257914702492 -0.040436315443833463 0.050107132171343889 0.010846253106059371 0.022687506181396953 0.0034151375306977765 0.041070164919489012 4.233980474210882 2.9201140242062791 0.060802171833122982 0.011526703501728101 18929792842.772587 12567658727.128912
decision_type=2 8 8 8 10 10 10 10 10 10 10 10 10 10
left_child=5 7 4 -4 -3 11 -7 8 -2 -9 -11 12 13 -1
right_child=1 2 3 -5 -6 6 -8 9 -10 10 -12 -13 -14 -15
leaf_value=-0.00010569850634845319 0.00027971273400707354 -0.0017079110602143748 0.00095138585067946796 -0.00011977588133688303 -0.00046604599250142702 -0.00014073527929819345 -0.0013242775068197045 -0.00059763170942460418 -9.4741391014244359e-05 0.0011737723017986453 0.00029917695588492873 5.2013660340885262e-05 -0.00080279392769767172 0.00053463258233762555
leaf_weight=2825 743 34 44 188 102 72 42 32 676 91 169 3037 90 155
leaf_count=2825 743 34 44 188 102 72 42 32 676 91 169 3037 90 155
internal_value=3.85413e-13 9.41649e-05 -0.000234409 8.33755e-05 -0.000776512 -3.1469e-05 -0.000576777 0.000164834 0.000101326 0.000473459 0.000605285 -2.12897e-05 -9.38051e-05 -7.23927e-05
internal_weight=8300 2079 368 232 136 6221 114 1711 1419 292 260 6107 3070 2980
internal_count=8300 2079 368 232 136 6221 114 1711 1419 292 260 6107 3070 2980
is_linear=0
shrinkage=0.04


Tree=66
num_leaves=15
num_cat=0
split_feature=28 68 38 36 85 55 28 16 35 18 59 46 90 23
split_gain=0.0151913 0.0257475 0.0232037 0.0364646 0.0342844 0.033775 0.0281961 0.0271562 0.0273047 0.033647 0.0228162 0.0342035 0.0437318 0.0361824
threshold=0.0080096054235274366 4.0159537747462437 -0.064170381511882132 -0.028493456853742601 -1.2103752876094505 10674056167.022774 0.0074684977767590895 0.018610961030961791 -0.086530476414365939 0.016462721819017059 5931762470.8606997 0.087933591640374731 5.7983185506248169e-12 0.018503374689049747
decision_type=10 8 8 8 10 10 8 10 10 10 8 10 8 10
left_child=1 -1 4 -4 -3 6 -5 8 -6 -10 11 12 -2 -13
right_child=10 2 3 5 7 -7 -8 -9 9 -11 -12 13 -14 -15
leaf_value=0.00056873078187827993 0.00120180140917066 0.0012374482217889565 0.00074223909262890152 -0.0004519210861136134 0.0004020777281839401 -0.00078942796366417492 0.00055850847206665615 0.00035624008570883382 8.5961123632669856e-05 -0.00093773261663695194 -7.8091445487980254e-05 -1.2242271342247363e-05 0.00020059788482532052 0.0016554448620549271
leaf_weight=187 83 26 156 65 50 69 138 87 74 168 4367 2370 439 21
leaf_count=187 83 26 156 65 50 69 138 87 74 168 4367 2370 439 21
internal_value=-1.46966e-14 0.000144572 4.93524e-05 0.000254715 -0.000167673 -2.48942e-05 0.000234972 -0.000264066 -0.000448884 -0.000624702 -2.02559e-05 6.64477e-05 0.000359793 2.40492e-06
internal_weight=8300 1020 833 428 405 272 203 379 292 242 7280 2913 522 2391
internal_count=8300 1020 833 428 405 272 203 379 292 242 7280 2913 522 2391
is_linear=0
shrinkage=0.04


Tree=67
num_leaves=15
num_cat=0
split_feature=74 75 66 32 42 96 25 52 66 7 55 54 15 58
split_gain=0.0147562 0.0178598 0.0156869 0.0296541 0.0265437 0.0250163 0.0411494 0.0285542 0.0243198 0.0375031 0.0525454 0.0549756 0.0335306 0.0329677
threshold=-0.40870405880180272 -0.24334577277999356 3.6565755270456299 -0.081126494085862019 -0.1873794797680107 0.45049019607843144 0.010748464715611429 0.10245871017338938 3.9492289797956546 0.024740162696214155 8662067735.9936237 0.13307608104958371 0.0094059115909709539 11978099334.878756
decision_type=8 10 8 10 8 10 8 10 10 10 8 8 10 10
left_child=1 -1 3 4 -2 6 -6 -7 9 10 11 -4 -11 -10
right_child=2 -3 8 -5 5 7 -8 -9 13 12 -12 -13 -14 -15
leaf_value=-7.0038319756396311e-05 0.00036791833546651048 -0.0014396148426458239 0.00021061629696620142 0.00078784311871716477 0.00096880450535536517 -0.00014637017231660865 -0.00022608366987498648 -0.00066039573632227272 -4.5182432386281201e-05 0.0012134350426495075 -0.00021281035468339717 0.00093952154165387824 -0.0001615145591105656 0.00026195403544410577
leaf_weight=39 124 25 416 53 64 391 165 310 5037 30 217 275 525 629
leaf_count=39 124 25 416 53 64 391 165 310 5037 30 217 275 525 629
internal_value=1.40774e-13 -0.000605029 4.70154e-06 -0.000135389 -0.000181814 -0.000255112 0.000107859 -0.000373685 2.6455e-05 0.000171847 0.000330182 0.000500702 -8.7193e-05 -1.10863e-05
internal_weight=8300 64 8236 1107 1054 930 229 701 7129 1463 908 691 555 5666
internal_count=8300 64 8236 1107 1054 930 229 701 7129 1463 908 691 555 5666
is_linear=0
shrinkage=0.04


Tree=68
num_leaves=15
num_cat=0
split_feature=33 24 41 68 42 90 68 54 19 6 89 20 65 45
split_gain=0.014928 0.0226848 0.0300736 0.0306207 0.0327274 0.0300302 0.0266095 0.0551304 0.0441077 0.0405402 0.0343211 0.038877 0.026698 0.0261238
threshold=0.002835674869391736 0.011338561094670126 -0.031255631973666424 4.12644261510445 -0.086094538871291079 4.6630822987105745e-12 4.3956649967414503 0.20962928712698084 0.019874377785171329 -0.00060972343276910468 3.3410071373668539e-12 0.020410584350413579 4.7719865788917071 0.086542143295756727
decision_type=10 8 10 10 8 10 10 8 10 10 10 10 10 10
left_child=1 2 5 4 -4 13 8 -8 10 -10 11 -5 -12 -1
right_child=-2 -3 3 6 -6 -7 7 -9 9 -11 12 -13 -14 -15
leaf_value=0.00097538257409971927 -5.9988811146957195e-05 -3.024070938389389e-05 -0.0004107707170401945 0.00032832505010819155 0.00038685323579179038 0.00090097268112376936 0.0012920297364719579 -1.3042011630175631e-05 -0.0010698927897028626 0.00071160049418462481 -0.00091558922356709319 -0.0014589284457590269 -2.5661784198342097e-05 -0.00015444146858499154
leaf_weight=44 3688 2595 95 127 616 156 61 343 25 112 215 23 72 128
leaf_count=44 3688 2595 95 127 616 156 61 343 25 112 215 23 72 128
internal_value=-3.09834e-13 4.79702e-05 0.000148594 8.05289e-05 0.000280279 0.000499086 -6.46882e-05 0.000184011 -0.000239731 0.00038651 -0.000436058 5.42795e-05 -0.000692332 0.000134583
internal_weight=8300 4612 2017 1689 711 328 978 404 574 137 437 150 287 172
internal_count=8300 4612 2017 1689 711 328 978 404 574 137 437 150 287 172
is_linear=0
shrinkage=0.04


Tree=69
num_leaves=15
num_cat=0
split_feature=69 19 6 88 23 59 41 75 44 8 39 65 27 20
split_gain=0.0146333 0.0154702 0.0383932 0.0432787 0.0346005 0.0485305 0.0318901 0.0282146 0.0265245 0.0469102 0.026423 0.0257774 0.0257426 0.0252977
threshold=-1.9677521313463244 0.021629406237338399 -0.21110967421406376 0.31898728653558789 0.017044184223797523 5296096522.236536 -0.1764684263064841 0.17334879838328823 0.77275761866531245 0.10963614717657778 0.032716167247305979 2.9213875680250259 0.013210709130048293 0.02249000934064049
decision_type=8 8 8 10 10 10 10 10 10 8 10 10 10 10
left_child=-1 4 3 12 6 -6 -2 8 13 -10 -9 -8 -3 -4
right_child=1 2 7 -5 5 -7 11 10 9 -11 -12 -13 -14 -15
leaf_value=-0.00084063793511383921 -0.001006184717504463 0.00066791502473761836 -8.6089543020894182e-05 -0.00067870994464361246 0.0022872952363776188 1.9388255249294968e-05 -0.00040532682259580263 -0.00072764346381592483 0.0011694807262146768 -0.00024308332108921604 0.0001690190603983575 4.3026127816246463e-05 0.0023149622597900981 -0.00079513517513987611
leaf_weight=33 48 49 946 28 26 36 212 221 71 80 69 6371 22 88
leaf_count=33 48 49 946 28 26 36 212 221 71 80 69 6371 22 88
internal_value=1.0685e-12 3.35564e-06 -0.000109479 0.000653062 2.98911e-05 0.000970446 2.10969e-05 -0.00016066 -7.41149e-05 0.000421102 -0.0005143 2.85873e-05 0.00117827 -0.000146434
internal_weight=8300 8267 1574 99 6693 62 6631 1475 1185 151 290 6583 71 1034
internal_count=8300 8267 1574 99 6693 62 6631 1475 1185 151 290 6583 71 1034
is_linear=0
shrinkage=0.04


Tree=70
num_leaves=15
num_cat=0
split_feature=22 22 42 89 45 57 19 56 56 23 85 56 8 28
split_gain=0.0146925 0.0183154 0.0461947 0.0562617 0.0424037 0.0345553 0.0429279 0.0424876 0.032367 0.0405788 0.0316714 0.0591621 0.0355689 0.0273804
threshold=0.019963600100434516 0.014544879073381487 -0.07155932698578242 3.0145040822623716e-12 0.64817147177248413 6441387923.0609617 0.019022979534878515 1136161399.4573302 9023859622.9873676 0.012923491676196414 -0.068557158246517882 843692760.1965853 -0.25530298044801192 0.0082372900589359529
decision_type=10 10 8 10 10 8 8 10 10 10 10 10 10 10
left_child=1 -1 3 -3 10 6 -4 -8 13 -10 -5 -12 -13 -7
right_child=-2 2 5 4 -6 8 7 -9 9 -11 11 12 -14 -15
leaf_value=1.8275191378939877e-05 0.00039362422526765606 0.0016096125902017441 0.0011522678365872708 0.00049556604468894419 -0.0017442403808236124 0.00044618924148380755 -0.0012384917842699033 2.2636506819804764e-05 -0.00090163499433547258 0.00026191444469692845 0.0017424564007669687 -0.0011090567246162804 0.00025623724406242975 -0.00094118947666010076
leaf_weight=6905 149 41 44 189 20 25 51 264 75 133 20 81 49 254
leaf_count=6905 149 41 44 189 20 25 51 264 75 133 20 81 49 254
internal_value=-3.02119e-13 -7.19544e-06 -0.000148347 0.000205856 4.55385e-05 -0.000315819 -1.80704e-05 -0.000181546 -0.000535309 -0.000157635 0.00015113 -0.000282859 -0.000594446 -0.000816872
internal_weight=8300 8151 1246 400 359 846 359 315 487 208 339 150 130 279
internal_count=8300 8151 1246 400 359 846 359 315 487 208 339 150 130 279
is_linear=0
shrinkage=0.04


Tree=71
num_leaves=15
num_cat=0
split_feature=81 87 69 65 54 98 42 31 85 65 67 25 41 87
split_gain=0.0146613 0.029208 0.0202271 0.0205103 0.0211021 0.0386669 0.0356433 0.0502929 0.0441551 0.0337657 0.0312115 0.0312008 0.0281346 0.0360314
threshold=0.26558226551067704 -1.2626009148708108 -1.9677521313463244 2.8361417625399121 0.1278877795582887 0.58090909090909093 -0.051802921416622176 -0.1363660004210889 -0.26223315357478694 4.3158294148359957 4.176045763947875 0.0099585205832624941 -0.039070156165556529 -0.37777025278998932
decision_type=2 8 8 8 8 10 8 10 10 10 10 10 8 10
left_child=1 -1 -2 -4 6 12 11 -8 -9 10 -7 -5 13 -6
right_child=2 -3 3 4 5 9 7 8 -10 -11 -12 -13 -14 -15
leaf_value=-0.0010195254650269005 -0.0012141245571167573 0.00011480169202576532 -0.0004816456948400947 0.0012111414302930688 0.00078313130415087317 0.0019881804287433624 -0.00055347259839429283 -0.00094297516585548264 0.00061261477039402563 6.6674242015270623e-05 0.00045423894927807849 -3.2944765080658348e-05 -2.622404734148772e-05 4.1756913221130774e-05
leaf_weight=37 23 1976 154 33 164 41 508 38 126 85 44 1427 3353 291
leaf_count=37 23 1976 154 33 164 41 508 38 126 85 44 1427 3353 291
internal_value=-1.87908e-13 9.39522e-05 -3.0082e-05 -2.57345e-05 -1.42434e-05 4.01772e-05 -0.000115784 -0.000356857 0.000252173 0.000630407 0.00119414 -4.82501e-06 1.38276e-05 0.000308978
internal_weight=8300 2013 6287 6264 6110 3978 2132 672 164 170 85 1460 3808 455
internal_count=8300 2013 6287 6264 6110 3978 2132 672 164 170 85 1460 3808 455
is_linear=0
shrinkage=0.04


Tree=72
num_leaves=15
num_cat=0
split_feature=86 57 68 42 41 42 87 89 90 29 44 88 5 40
split_gain=0.0144213 0.0167175 0.0161577 0.0413416 0.0377012 0.0343421 0.0342909 0.0342856 0.0377022 0.0295005 0.0284928 0.0367392 0.0297759 0.0284535
threshold=0.74478213189528897 8564836539.9200125 4.3037739100602295 0.30213865590418704 -0.16225102992763932 0.22309778337015942 2.9779433918407237 2.9608574803995476e-11 5.9092035251446884e-11 0.011652755942858114 0.17919629671529533 -0.56298697879762638 -0.11455665540866027 0.04297629327443709
decision_type=10 10 10 10 10 10 10 10 10 10 8 8 8 10
left_child=2 -2 5 4 -4 10 7 13 -9 -7 11 -1 -12 -6
right_child=1 -3 3 -5 6 9 -8 8 -10 -11 12 -13 -14 -15
leaf_value=0.00062496762428268353 -8.5776868325315039e-05 -0.0014342551911249756 -0.0010020438741218853 -0.00066529021109870104 1.5608600690277372e-05 0.0011632703034335683 0.00136707170756482 0.0013142402627665825 -0.00040901019614206495 0.00018373635197259532 -0.0010721012615192425 1.552826572172581e-05 -9.939778610391529e-05 0.00034876579711512625
leaf_weight=187 38 24 47 112 1791 58 36 74 28 324 51 1030 3968 532
leaf_count=187 38 24 47 112 1791 58 36 74 28 324 51 1030 3968 532
internal_value=9.0255e-13 -0.000607768 4.57413e-06 8.66053e-05 0.000120183 -3.36818e-05 0.000141615 0.000123423 0.000841191 0.000332461 -6.03943e-05 0.000109173 -0.000111741 9.19063e-05
internal_weight=8300 62 8238 2620 2508 5618 2461 2425 102 382 5236 1217 4019 2323
internal_count=8300 62 8238 2620 2508 5618 2461 2425 102 382 5236 1217 4019 2323
is_linear=0
shrinkage=0.04


Tree=73
num_leaves=15
num_cat=0
split_feature=33 24 24 88 35 41 20 85 20 65 89 85 57 73
split_gain=0.0145104 0.0215146 0.0246621 0.0304144 0.0299869 0.0280006 0.0258796 0.0258775 0.0316375 0.0310308 0.0296398 0.0347649 0.0259506 0.0248134
threshold=0.002835674869391736 0.0078294833658745736 0.011338561094670126 0.03204657227326637 -0.077683301238636357 -0.032046861738777847 0.017531022502921881 0.20006609660835106 0.018512902127727073 3.9982321478042127 3.3090967650404605e-12 0.59157331049195605 5886639716.6986122 0.21797384453293792
decision_type=10 8 8 8 10 10 8 10 8 10 10 10 10 10
left_child=1 -1 3 4 -3 -6 -7 8 9 -8 -9 12 -12 -5
right_child=-2 2 -4 13 5 6 7 10 -10 -11 11 -13 -14 -15
leaf_value=-0.0009005529749648352 -5.9143883464219037e-05 -0.00096507739070026831 -2.5942080803956838e-05 -0.00014357842660510546 0.00078602432951632609 0.0010213356703475472 0.00060318425822844534 0.00046006493296898239 0.00052203799237876449 -0.00070434980167958291 -4.1233777763857824e-05 0.00029796570306643843 -0.0010212785345590058 0.00046797426490229554
leaf_weight=38 3688 30 2595 622 173 63 47 123 434 76 73 104 106 128
leaf_count=38 3688 30 2595 622 173 63 47 123 434 76 73 104 106 128
internal_value=-3.05915e-13 4.72946e-05 5.51691e-05 0.000161528 0.000284026 0.00031528 0.000235905 0.000184522 0.00036155 -0.000204723 -5.83477e-05 -0.000283665 -0.000621595 -3.92068e-05
internal_weight=8300 4612 4574 1979 1229 1199 1026 963 557 123 406 283 179 750
internal_count=8300 4612 4574 1979 1229 1199 1026 963 557 123 406 283 179 750
is_linear=0
shrinkage=0.04


Tree=74
num_leaves=15
num_cat=0
split_feature=31 40 31 27 86 15 38 24 20 38 25 40 90 36
split_gain=0.0144937 0.0184186 0.0160861 0.0279947 0.0263505 0.0346899 0.0323009 0.0243423 0.0263752 0.0246953 0.0338921 0.0566503 0.0428519 0.0236492
threshold=-0.048686590895025077 0.051552907038627811 -0.065336319894907888 0.016005132327847022 0.15832237968576277 0.01357601208528913 0.27029952720862088 0.0081383927504106359 0.016904605957997216 0.27583624545776225 0.0095281193985066581 0.060855549742377175 5.9619458064876317e-12 0.17882796966234074
decision_type=10 10 10 10 8 10 8 8 8 10 8 10 10 10
left_child=2 -2 7 4 6 -6 -4 -1 -9 10 11 12 -10 -11
right_child=1 -3 3 -5 5 -7 -8 8 9 13 -12 -13 -14 -15
leaf_value=-0.0011483999884997805 -0.0013941095888407695 2.4481758809997701e-05 0.00027595088005668346 -0.00049349051568424332 -0.0002448706085538017 0.00095683783067308987 -0.00075518396840197968 0.00089984728224283344 -0.00052304917373191063 0.0007821180079051333 -7.4533904772664763e-06 -0.002211723460091485 0.000951706069570623 -0.00030829662245444276
leaf_weight=30 27 32 256 80 51 156 60 51 185 115 7148 27 38 44
leaf_count=30 27 32 256 80 51 156 60 51 185 115 7148 27 38 44
internal_value=9.32835e-15 -0.000624704 4.47246e-06 0.000203369 0.000309963 0.000660765 8.01658e-05 -1.12299e-05 -6.74578e-06 -1.28641e-05 -2.34648e-05 -0.000481263 -0.000271746 0.000480368
internal_weight=8300 59 8241 603 523 207 316 7638 7608 7557 7398 250 223 159
internal_count=8300 59 8241 603 523 207 316 7638 7608 7557 7398 250 223 159
is_linear=0
shrinkage=0.04


Tree=75
num_leaves=15
num_cat=0
split_feature=51 22 29 20 55 64 23 5 87 18 30 42 29 4
split_gain=0.0140348 0.0353054 0.0254226 0.0466948 0.0314864 0.0287022 0.0238179 0.0224552 0.0300943 0.028585 0.0369997 0.0228746 0.0221323 0.0212336
threshold=0.1897008055734675 0.0034323019774121139 0.01251489928188705 0.019127460767375645 3962799752.4482107 4.6192336475219555 0.0071601113893609413 0.12560137058407297 -0.59992002908602438 0.018427051754917708 -0.030014006511464183 -0.31123910720709752 0.012288002538640911 0.080852831309274578
decision_type=8 10 8 10 10 10 10 8 10 10 10 8 10 10
left_child=1 6 3 12 -5 13 -1 11 -9 10 -10 -3 -2 -6
right_child=2 7 -4 4 5 -7 -8 8 9 -11 -12 -13 -14 -15
leaf_value=-0.0019768253862414331 -0.00057930747288066826 0.0012182921886444093 8.4047815147650707e-06 -0.00024429639978777794 0.0029567003817785355 0.00021136790469643616 -0.00044338641854652376 -0.00076878074361428337 -1.369582758092418e-05 -0.00036932613927799848 0.0017788592539727689 6.2500589491557793e-06 0.00076294804736971855 0.0013925930469228728
leaf_weight=21 57 25 409 21 21 21 71 141 58 144 27 7213 30 41
leaf_count=21 57 25 409 21 21 21 71 141 58 144 27 7213 30 41
internal_value=-3.72139e-14 -1.45196e-05 0.000186335 0.000567348 0.00113938 0.00148947 -0.000793411 -5.10084e-06 -0.000309044 -2.59743e-05 0.000555704 1.04364e-05 -0.000116461 0.00192237
internal_weight=8300 7700 600 191 104 83 92 7608 370 229 85 7238 87 62
internal_count=8300 7700 600 191 104 83 92 7608 370 229 85 7238 87 62
is_linear=0
shrinkage=0.04


Tree=76
num_leaves=15
num_cat=0
split_feature=22 10 22 29 59 19 20 89 58 24 29 41 34 41
split_gain=0.0139066 0.0180152 0.0162054 0.0428361 0.0349386 0.039357 0.0460831 0.0404351 0.0316997 0.0323009 0.0302182 0.0531734 0.0356263 0.0278185
threshold=0.019963600100434516 -0.022389884467635342 0.014544879073381487 0.0090887948088228272 6292346114.9008646 0.018293080731057985 0.021743235838337181 1.1646644504176467e-11 12214632421.783264 0.01205223878700467 0.010908107630705162 -0.0020794843339749232 -0.023701246328984512 -0.049996228914177314
decision_type=10 10 10 8 8 10 10 10 10 8 10 10 10 10
left_child=2 -2 -1 -4 5 -5 7 13 -6 -10 12 -12 -9 -7
right_child=1 -3 3 4 8 6 -8 10 9 -11 11 -13 -14 -15
leaf_value=1.695830993463502e-05 -0.00067380981612421404 0.00056601170361533348 0.00088513751153744037 0.0016975099893964149 -0.00048727036423272665 -0.00061094747790232744 0.00088918204838410019 0.00068119991296303596 -0.00020203075682123501 0.001743782095256306 -0.0020229808394523229 -0.00015794904843131278 -0.0012507119566240968 0.00031900703851558341
leaf_weight=6905 22 127 62 22 574 67 75 42 39 21 51 47 24 222
leaf_count=6905 22 127 62 22 574 67 75 42 39 21 51 47 24 222
internal_value=-2.58214e-13 0.000382951 -7.00033e-06 -0.000139773 -0.000193442 3.98502e-05 -2.92189e-05 -0.000181272 -0.000395825 0.000479004 -0.000682941 -0.00112853 -2.13135e-05 0.000103412
internal_weight=8300 149 8151 1246 1184 550 528 453 634 60 164 98 66 289
internal_count=8300 149 8151 1246 1184 550 528 453 634 60 164 98 66 289
is_linear=0
shrinkage=0.04


Tree=77
num_leaves=15
num_cat=0
split_feature=100 75 4 52 3 86 88 30 41 95 65 32 32 7
split_gain=0.0138679 0.0262932 0.034721 0.0227297 0.0226348 0.0213398 0.0240832 0.0406307 0.0496466 0.0343006 0.0304622 0.0289528 0.0240251 0.0388898
threshold=1.5000000000000002 0.22274257914702492 -0.040436315443833463 0.050107132171343889 -0.077839937064792294 0.44416628712743006 0.86375491370062141 -0.098848279490498112 0.061039967222238485 0.53970588235294137 4.0257822947212256 -0.26128428106595969 -0.15085608670024217 0.016215314559068331
decision_type=2 8 8 8 10 10 10 10 10 10 10 8 8 8
left_child=5 -2 4 -4 -3 6 12 11 9 -9 -10 -8 -1 -14
right_child=1 2 3 -5 -6 -7 7 8 10 -11 -12 -13 13 -15
leaf_value=-0.00010367354323217166 0.00015541037337173691 0.00013530102771053661 0.00089858883043978657 -0.00011135054656249926 -0.0010343766438541933 -0.00034441546483224527 0.0018645728242528789 0.00032141390151147267 0.0018286983270081692 -0.00072209418152592011 0.00019879515564372372 0.00051164670125346137 0.00052364655337455777 5.4121365242341938e-06
leaf_weight=3267 1711 36 44 188 100 327 34 84 32 126 43 99 263 1946
leaf_count=3267 1711 36 44 188 100 327 34 84 32 126 43 99 263 1946
internal_value=5.02548e-13 8.94393e-05 -0.00021729 8.01897e-05 -0.000724756 -2.98898e-05 -1.24398e-05 0.000280215 1.08121e-05 -0.000304691 0.000894221 0.000857508 -3.47791e-05 6.71123e-05
internal_weight=8300 2079 368 232 136 6221 5894 418 285 210 75 133 5476 2209
internal_count=8300 2079 368 232 136 6221 5894 418 285 210 75 133 5476 2209
is_linear=0
shrinkage=0.04


Tree=78
num_leaves=15
num_cat=0
split_feature=60 44 32 75 66 32 42 22 96 7 74 8 65 51
split_gain=0.0134701 0.0186087 0.0198142 0.0164206 0.0159448 0.0240643 0.0233435 0.0241861 0.0223467 0.0417608 0.0274865 0.0251952 0.0249693 0.031754
threshold=-1.633196204725893 0.72153425994704834 -0.18432089856999354 -0.18599173895937679 3.6130098502800796 -0.081126494085862019 -0.1873794797680107 0.009308739395667542 0.44948979591836741 -0.13266040613569699 0.16747796534595841 -0.24746434519671792 3.7780518668424201 0.027819660548290107
decision_type=8 8 8 10 8 10 8 10 10 10 10 8 10 10
left_child=1 2 -1 -4 5 6 7 -2 9 11 12 -8 13 -10
right_child=4 -3 3 -5 -6 -7 8 -9 10 -11 -12 -13 -14 -15
leaf_value=-0.00047441511810928424 -0.00028945003624747704 -0.00095124186789193618 0.0011126445747551418 -0.00023664509705095379 2.85998479367285e-05 0.00075853432725287145 -0.0013457724925441047 0.0008368747404067596 0.00035342050327316805 0.0013885658624515471 0.00020295604822365981 0.00013408064211518325 -0.00098937056319834283 -0.00051095918224788926
leaf_weight=85 56 55 31 27 7137 45 24 67 85 35 113 79 121 340
leaf_count=85 56 55 31 27 7137 45 24 67 85 35 113 79 121 340
internal_value=-7.63862e-13 -0.000325965 -8.54736e-05 0.000484527 7.96606e-06 -0.000144638 -0.000188815 0.000324076 -0.000267969 0.000194881 -0.000364894 -0.00021074 -0.000482416 -0.000338083
internal_weight=8300 198 143 58 8102 965 920 123 797 138 659 103 546 425
internal_count=8300 198 143 58 8102 965 920 123 797 138 659 103 546 425
is_linear=0
shrinkage=0.04


Tree=79
num_leaves=15
num_cat=0
split_feature=76 21 17 59 20 55 32 41 87 7 6 32 51 46
split_gain=0.0134737 0.0145343 0.0394847 0.0340085 0.0304832 0.0265546 0.0377016 0.0332976 0.0257589 0.0246324 0.0290216 0.0279578 0.0257261 0.0279352
threshold=-0.4576131080708794 0.00735960575722282 0.023183233509909914 2888734854.9711323 0.019423429235790445 6197102024.9116573 -0.29571769599308712 0.0075678117312156798 -0.975413982710576 -0.062373556869047823 -0.035558043285277945 -0.25579588393795827 0.037287880884692266 0.72806065577824886
decision_type=8 8 8 10 8 10 8 10 10 8 8 10 10 10
left_child=-1 2 3 4 -2 6 -4 -7 -5 -10 11 -11 13 -12
right_child=1 -3 5 8 -6 7 -8 -9 9 10 12 -13 -14 -15
leaf_value=-0.00081919933916651643 -0.0018609136288152792 4.0906437311884456e-05 -0.00049068983431488019 -0.00053456259682237845 -0.00041295513331208468 -0.00061708623943987362 0.00113693593069911 0.00070659435000164784 -0.00027869441019720396 0.001192393471972082 6.1553590480358374e-05 0.00015564393522139608 2.0014354328511497e-05 -0.0016106470047750256
leaf_weight=32 26 5489 29 177 221 68 106 55 495 64 31 119 1355 33
leaf_count=32 26 5489 29 177 221 68 106 55 495 64 31 119 1355 33
internal_value=3.90653e-13 3.17058e-06 -7.13642e-05 -0.000119598 -0.000565372 0.000399946 0.000787298 -2.51965e-05 -7.11786e-05 -3.20661e-05 4.41392e-05 0.000518223 -1.70005e-05 -0.000800675
internal_weight=8300 8268 2779 2521 247 258 135 123 2274 2097 1602 183 1419 64
internal_count=8300 8268 2779 2521 247 258 135 123 2274 2097 1602 183 1419 64
is_linear=0
shrinkage=0.04


Tree=80
num_leaves=15
num_cat=0
split_feature=71 76 53 89 15 55 87 86 57 82 88 32 23 36
split_gain=0.0132057 0.0180418 0.0215009 0.0225633 0.0373126 0.036006 0.0252943 0.0435567 0.0301429 0.0261197 0.0252927 0.028791 0.0329427 0.0239589
threshold=0.70294117647058829 -0.0034279205505785 0.4276212403063247 1.3250556351895424e-11 0.01656120474005102 648789863.89231193 -0.36319556827309357 -0.13168009079074736 7932269605.8060369 0.39489700106876208 0.40514020426688158 -0.17187492840354532 0.011893220600309744 0.026465079758465352
decision_type=10 8 10 10 10 10 10 10 10 2 10 8 10 10
left_child=1 2 3 6 5 -5 7 8 -1 -8 11 13 -13 -9
right_child=-2 -3 -4 4 -6 -7 9 10 -10 -11 -12 12 -14 -15
leaf_value=8.173140800576411e-05 -7.7761609919039322e-05 -3.425894499518407e-05 -0.00092435458724139609 4.8755541401491926e-05 0.00011793212995306805 -0.0013064634533956237 -4.6997530712268542e-05 0.00038680871716671619 -0.0010963331248111479 0.000325544989746221 0.0014122177969218921 0.00052178355083286538 0.0016265744991939177 -0.0003980946159217416
leaf_weight=228 2459 3061 32 55 246 73 1039 258 41 424 46 201 55 82
leaf_count=228 2459 3061 32 55 246 73 1039 258 41 424 46 201 55 82
internal_value=-6.0963e-13 3.27368e-05 0.000106504 0.000118509 -0.000170265 -0.000724143 0.000164002 0.000329462 -9.78249e-05 6.0971e-05 0.000508497 0.000438747 0.000759141 0.000197509
internal_weight=8300 5841 2780 2748 374 128 2374 911 269 1463 642 596 256 340
internal_count=8300 5841 2780 2748 374 128 2374 911 269 1463 642 596 256 340
is_linear=0
shrinkage=0.04


Tree=81
num_leaves=15
num_cat=0
split_feature=18 81 87 65 69 54 42 31 98 86 65 44 67 25
split_gain=0.0131722 0.0150406 0.0270316 0.0200092 0.0186965 0.0169562 0.0341919 0.038962 0.0337433 0.0332611 0.0307331 0.0301642 0.0277395 0.0266502
threshold=0.025540900281703322 0.26558226551067704 -1.2626009148708108 2.8361417625399121 -1.9677521313463244 0.1278877795582887 -0.048137119023841927 -0.1363660004210889 0.58090909090909093 0.046119359332097702 4.3158294148359957 0.15766164976403937 4.176045763947875 0.0099585205832624941
decision_type=10 2 8 8 8 8 8 10 10 10 10 10 10 10
left_child=1 2 -1 -3 -5 6 13 11 -7 -9 12 -8 -10 -6
right_child=-2 3 -4 4 5 8 7 9 10 -11 -12 -13 -14 -15
leaf_value=-0.00097100651420250139 -0.00058085260116645405 -0.00048100521130261717 0.00012034843930590298 -0.0011531790354005669 0.0011265520164460848 1.3549396034429496e-05 -0.00019261991061461859 -0.00030338377429536362 0.0018760008764703098 0.00089262289840441491 5.1783474217004636e-05 -0.00083027380051091306 0.00042989420806406999 -2.2993467330943507e-05
leaf_weight=37 62 151 1955 23 33 3787 226 87 41 65 85 250 44 1454
leaf_count=37 62 151 1955 23 33 3787 226 87 41 65 85 250 44 1454
internal_value=-4.63285e-13 4.37155e-06 0.000100077 -2.61513e-05 -1.48826e-05 -1.05708e-05 -0.000102 -0.000349482 3.82978e-05 0.000208066 0.000589606 -0.000527522 0.00112743 2.51763e-06
internal_weight=8300 8238 1992 6246 6095 6072 2115 628 3957 152 170 476 85 1487
internal_count=8300 8238 1992 6246 6095 6072 2115 628 3957 152 170 476 85 1487
is_linear=0
shrinkage=0.04


Tree=82
num_leaves=15
num_cat=0
split_feature=86 57 68 42 41 87 89 90 42 89 16 89 54 7
split_gain=0.01292 0.0153238 0.0153174 0.0368973 0.0341537 0.0307515 0.03139 0.0344618 0.0302139 0.0267106 0.0388947 0.0332627 0.0305999 0.0308569
threshold=0.74478213189528897 8564836539.9200125 4.3037739100602295 0.30213865590418704 -0.16225102992763932 2.9779433918407237 2.9608574803995476e-11 5.9092035251446884e-11 0.22309778337015942 9.2974695818652745e-12 0.018896364393277906 8.7769274048130469e-12 0.067648743484444621 -0.16705821544708929
decision_type=10 10 10 10 10 10 10 10 10 10 10 10 8 10
left_child=2 -2 8 4 -4 6 9 -8 -1 11 -11 12 13 -6
right_child=1 -3 3 -5 5 -7 7 -9 -10 10 -12 -13 -14 -15
leaf_value=-5.7973891514923254e-05 -7.5504059511187835e-05 -0.0013665491932382187 -0.0009522039558679024 -0.00062613297323488434 0.00025718885922321568 0.0012968101379940184 0.0012581458014854533 -0.00038938629682109296 0.00031051355373255753 -0.00090697379499249679 9.6792393274687289e-05 0.0012250932551581752 0.00019557928163578889 -0.00043732814723625781
leaf_weight=5236 38 24 47 112 162 36 74 28 382 101 159 44 1579 278
leaf_count=5236 38 24 47 112 162 36 74 28 382 101 159 44 1579 278
internal_value=2.55658e-13 -0.000575263 4.32949e-06 8.4199e-05 0.00011592 0.000136319 0.000119091 0.000805882 -3.29183e-05 8.89353e-05 -0.000293132 0.000137087 0.000113376 -0.00018162
internal_weight=8300 62 8238 2620 2508 2461 2425 102 5618 2323 260 2063 2019 440
internal_count=8300 62 8238 2620 2508 2461 2425 102 5618 2323 260 2063 2019 440
is_linear=0
shrinkage=0.04


Tree=83
num_leaves=15
num_cat=0
split_feature=33 68 68 65 20 22 87 41 66 38 39 23 39 44
split_gain=0.0132188 0.0205127 0.0255129 0.026322 0.0272344 0.0368536 0.0276989 0.0260065 0.0243437 0.0337781 0.0266954 0.0329805 0.0265172 0.0270309
threshold=0.002835674869391736 4.1093238477916945 4.3037739100602295 4.7660848964017797 0.018154576432203293 0.010450177658849884 -0.67668801147483859 -0.066411611536802737 3.7974243803477363 0.1489058748446507 -0.014186317486879317 0.015519693076284683 -0.062374559598123207 0.084593491162539405
decision_type=10 8 10 10 10 10 10 10 10 8 10 10 10 10
left_child=1 8 -3 4 5 6 -4 -6 -1 10 11 12 -10 -14
right_child=-2 2 3 -5 7 -7 -8 -9 9 -11 -12 -13 13 -15
leaf_value=-2.5231684109373296e-05 -5.645026003310274e-05 -0.00013114978502401048 -0.0019805816290053456 -0.00014686236570317609 -0.00012808037521831828 0.00037253532832379438 -0.00038216714202085649 0.00043831757892736267 -0.00048025330965174363 0.0010092784174064056 4.2975109614146228e-06 -0.00036512814393394039 0.001400442948239562 0.00051510315722233687
leaf_weight=670 3688 1530 22 462 163 94 82 635 32 94 463 66 73 226
leaf_count=670 3688 1530 22 462 163 94 82 635 32 94 463 66 73 226
internal_value=1.63813e-12 4.51406e-05 -1.70506e-05 0.000102683 0.000218436 -0.000201476 -0.000720293 0.000322625 0.000159566 0.000289351 0.000210661 0.000451333 0.000614132 0.000731256
internal_weight=8300 4612 2988 1458 996 198 104 798 1624 954 860 397 331 299
internal_count=8300 4612 2988 1458 996 198 104 798 1624 954 860 397 331 299
is_linear=0
shrinkage=0.04


Tree=84
num_leaves=15
num_cat=0
split_feature=42 85 33 100 75 27 25 8 86 88 28 43 86 17
split_gain=0.0130699 0.0343139 0.0159316 0.0150477 0.0215366 0.0285712 0.0258976 0.0220496 0.0199103 0.0203543 0.0382766 0.0540885 0.037983 0.0298167
threshold=0.35789725373776243 0.26386737637413477 -0.017936993018079047 1.5000000000000002 0.22274257914702492 0.0059465982635514151 0.012003224767211341 0.1482380315065033 0.44416628712743006 0.86375491370062141 0.01281165257950471 0.64701265562260868 -0.030031891336846601 0.017529579655523791
decision_type=10 10 10 2 8 8 10 8 10 10 10 10 10 10
left_child=3 -2 -3 8 -5 -6 7 -7 9 -1 11 13 -12 -11
right_child=1 2 -4 4 5 6 -8 -9 -10 10 12 -13 -14 -15
leaf_value=-2.9855115348775248e-05 0.00039307607509391873 -0.00048680857340197849 -0.0019756241086060587 0.00015886003260464268 -0.0010395414847039748 0.00065730314919339367 -0.00054340988898738513 -0.00017868516247016513 -0.00032986237351185951 0.0011241715109800219 0.001682638348646316 -0.00076502807351962188 0.00027520014215018845 5.4829453442697269e-05
leaf_weight=5422 38 23 23 1689 53 99 105 103 327 61 51 97 77 132
leaf_count=5422 38 23 23 1689 53 99 105 103 327 61 51 97 77 132
internal_value=-8.44263e-14 -0.000496417 -0.00123122 5.07535e-06 9.89894e-05 -0.000181904 -3.38423e-05 0.000231032 -2.61278e-05 -9.12076e-06 0.000259831 5.53182e-06 0.000835976 0.000392808
internal_weight=8300 84 46 8216 2049 360 307 202 6167 5840 418 290 128 193
internal_count=8300 84 46 8216 2049 360 307 202 6167 5840 418 290 128 193
is_linear=0
shrinkage=0.04


Tree=85
num_leaves=15
num_cat=0
split_feature=28 68 89 55 58 22 48 7 29 55 29 20 19 58
split_gain=0.0130864 0.0215975 0.0211455 0.0282904 0.0282396 0.0261743 0.0293441 0.0252437 0.0208828 0.0331171 0.0196812 0.0195487 0.0234322 0.0495781
threshold=0.0080096054235274366 4.0159537747462437 5.4631328359299703e-11 3277873237.572648 6245803706.2923603 0.012472450222737711 -0.1803419033816743 -0.1910521896401001 0.010712294541885098 11462365594.048782 0.012080800397330475 0.02319538144073929 0.019429650448313976 3891305853.1103673
decision_type=10 8 10 8 10 10 10 10 8 10 8 10 10 8
left_child=1 -1 3 7 8 6 -6 -3 -5 -10 -8 12 13 -2
right_child=11 2 -4 4 5 -7 10 -9 9 -11 -12 -13 -14 -15
leaf_value=0.00052265817529203139 -0.00054459068768911612 0.0015469547794074625 -0.0011490106229346407 -0.00062015777730775373 -0.00077797143230343179 0.00070915496811414 3.4837138864698764e-05 0.00020523341225558205 0.00019495433446661316 -0.0010637852949439549 0.0011630916722788242 -0.00059190315330658657 5.5688929451741957e-05 -3.676476398325289e-05
leaf_weight=187 343 37 23 143 58 130 109 57 204 40 32 94 3863 2980
leaf_count=187 343 37 23 143 58 130 109 57 204 40 32 94 3863 2980
internal_value=-4.80555e-13 0.000134183 4.69737e-05 8.09337e-05 -4.7197e-06 0.000267732 -2.0634e-05 0.000733358 -0.000236339 -1.13964e-05 0.000290895 -1.88003e-05 -1.13035e-05 -8.91825e-05
internal_weight=8300 1020 833 810 716 329 199 94 387 244 141 7280 7186 3323
internal_count=8300 1020 833 810 716 329 199 94 387 244 141 7280 7186 3323
is_linear=0
shrinkage=0.04


Tree=86
num_leaves=15
num_cat=0
split_feature=31 40 31 27 32 22 41 25 32 53 20 54 25 27
split_gain=0.0126863 0.0168862 0.0147955 0.0239475 0.0241555 0.0390627 0.0373272 0.024114 0.0206293 0.0205192 0.0193098 0.0187879 0.0384645 0.0576457
threshold=-0.048686590895025077 0.051552907038627811 -0.068708680680577658 0.016005132327847022 -0.12366725493613544 0.0076531675740135535 0.11427963840347911 0.008695791011299631 -0.11453686812633561 0.25495736869528557 0.019667833456108109 0.26901094181690816 0.010322956591731174 0.0098668120514497238
decision_type=10 10 10 10 8 10 10 8 8 10 10 10 8 10
left_child=2 -2 11 4 5 9 7 -6 -9 -4 -7 12 13 -1
right_child=1 -3 3 -5 6 10 -8 8 -10 -11 -12 -13 -14 -15
leaf_value=-0.00015498585454247986 -0.0013211602570178608 3.7136470346013085e-05 -0.0017957276915726455 -0.00046315105579560622 0.0018827311875513539 -3.0727336951531475e-05 -0.0002260169708957123 0.0011620273690560782 0.00034828635392549601 -0.00035210861401865261 0.00087695354077732188 -0.00012152964949312796 -6.6682950306913154e-06 0.00074411582428676249
leaf_weight=195 27 32 23 80 26 100 88 72 162 50 60 1874 5236 275
leaf_count=195 27 32 23 80 26 100 88 72 162 50 60 1874 5236 275
internal_value=-2.10836e-13 -0.000584457 4.18432e-06 0.000185681 0.000275021 -4.01832e-05 0.000486063 0.000727075 0.000598668 -0.000806948 0.000309653 -1.16428e-05 2.4447e-05 0.000371084
internal_weight=8300 59 8241 661 581 233 348 260 234 73 160 7580 5706 470
internal_count=8300 59 8241 661 581 233 348 260 234 73 160 7580 5706 470
is_linear=0
shrinkage=0.04


Tree=87
num_leaves=15
num_cat=0
split_feature=89 18 7 41 19 89 15 47 65 96 29 20 23 38
split_gain=0.0128041 0.0314829 0.0405037 0.0332522 0.0312736 0.0295781 0.056979 0.0488487 0.0450155 0.0388969 0.0426596 0.0567854 0.0466798 0.0664382
threshold=5.7306391225516534e-12 0.021872869196190928 0.044503798689641612 0.15654896709414659 0.021315313492223389 9.1187614481014741e-12 0.013367126282000321 -0.059090800649583601 3.8115567447438887 0.60172413793103463 0.010673859912731204 0.017810491167425401 0.0099372043413597285 -0.0015804783958949795
decision_type=10 10 8 10 10 10 10 10 10 8 10 10 10 8
left_child=1 -1 4 -4 -3 9 7 -7 -8 10 11 -2 13 -12
right_child=5 2 3 -5 -6 6 8 -9 -10 -11 12 -13 -14 -15
leaf_value=-5.8662454901554258e-06 0.0013576367483748234 0.00060010049668926513 -0.0010922099839525989 0.00054972754588917551 -0.0002973765668919035 -0.00011309831272323733 0.00042596384932080077 -0.0011886306160056486 -0.0001058779865071437 -0.00044691755717033392 0.00084713091210553875 -0.00037517594866750929 0.00051779011499467531 -0.00029472611248419284
leaf_weight=4580 34 80 139 23 278 153 360 121 870 146 110 275 816 315
leaf_count=4580 34 80 139 23 278 153 360 121 870 146 110 275 816 315
internal_value=-5.25264e-13 -3.93536e-05 -0.0003343 -0.000859095 -9.6823e-05 6.27198e-05 -6.64197e-05 -0.00058806 4.9783e-05 0.00017724 0.000236031 -0.00018451 0.000340743 8.13353e-07
internal_weight=8300 5100 520 162 358 3200 1504 274 1230 1696 1550 309 1241 425
internal_count=8300 5100 520 162 358 3200 1504 274 1230 1696 1550 309 1241 425
is_linear=0
shrinkage=0.04


Tree=88
num_leaves=15
num_cat=0
split_feature=22 10 22 42 89 45 57 19 56 69 88 28 86 20
split_gain=0.0125725 0.0160858 0.0155465 0.041153 0.0493945 0.037274 0.0305926 0.037947 0.0331799 0.0288737 0.0275288 0.0309988 0.0279464 0.0266189
threshold=0.019963600100434516 -0.022389884467635342 0.014544879073381487 -0.07155932698578242 3.0145040822623716e-12 0.64817147177248413 6441387923.0609617 0.019022979534878515 1136161399.4573302 -1.1071301632190089 0.11319715251250335 0.013474916623401242 0.084703629116019169 0.020448106307768357
decision_type=10 8 10 8 10 10 8 10 10 10 10 10 10 10
left_child=2 -2 -1 4 -4 10 7 -5 -9 -8 12 -12 -6 -10
right_child=1 -3 3 6 5 -7 9 8 13 -11 11 -13 -14 -15
leaf_value=1.6810418401261533e-05 -0.00063445054925978181 0.00053709968851189916 0.0015129142184173916 0.00090342574077658365 8.8062315816912334e-05 -0.0016306335823610425 -0.0011571222241433465 -0.0011280218748559528 -0.00031779890002846814 -0.00035664738481003619 0.00095257465365990569 -0.00024194744538586093 -0.0010758766601252001 0.00054614816913956758
leaf_weight=6905 22 127 41 60 142 20 88 51 159 399 101 53 43 89
leaf_count=6905 22 127 41 60 142 20 88 51 159 399 101 53 43 89
internal_value=6.16233e-13 0.000364119 -6.65608e-06 -0.000136701 0.000197614 4.73992e-05 -0.00029477 -1.4614e-05 -0.000198836 -0.000501292 0.000146398 0.000541473 -0.000182475 -7.75338e-06
internal_weight=8300 149 8151 1246 400 359 846 359 299 487 339 154 185 248
internal_count=8300 149 8151 1246 400 359 846 359 299 487 339 154 185 248
is_linear=0
shrinkage=0.04


Tree=89
num_leaves=15
num_cat=0
split_feature=51 22 22 4 59 27 56 68 25 66 40 42 25 56
split_gain=0.0125649 0.0317725 0.022505 0.0241194 0.0286451 0.0257387 0.0301771 0.0218279 0.0198939 0.0207984 0.0196371 0.0176212 0.0166165 0.0308167
threshold=0.1897008055734675 0.0034323019774121139 0.013599670358254755 0.059029895274142492 6711104490.8330526 0.0099413473490863446 7226237069.6243792 4.0584214384474739 0.0095526764713407767 4.117902140759683 0.1219219630271088 -0.31123910720709752 0.011189166110297135 5878792017.8942003
decision_type=8 10 10 8 10 8 10 10 8 10 8 8 10 10
left_child=1 7 3 4 -2 6 -5 -1 9 -7 11 -3 13 -13
right_child=2 10 -4 5 -6 8 -8 -9 -10 -11 -12 12 -14 -15
leaf_value=-1.4370721387299331e-06 0.00012785542305842365 0.0010023245325178974 -0.0010793647060001437 0.0018753126322904048 0.0015554365952795541 -0.001516088884180555 -0.00017467233445495368 -0.0012579807571389458 0.00011759311431381592 6.8966990543736353e-05 -0.00075108041317434988 0.00021400678074047448 -6.1468515623955196e-05 -2.767716457520651e-05
leaf_weight=37 46 28 22 27 44 26 20 55 388 27 56 1303 3824 2397
leaf_count=37 46 28 22 27 44 26 20 55 388 27 56 1303 3824 2397
internal_value=-5.84759e-13 -1.37382e-05 0.000176307 0.000224101 0.000825784 0.000113135 0.00100298 -0.000752632 1.82992e-05 -0.000708608 -4.80315e-06 7.30688e-07 -2.99667e-06 5.74348e-05
internal_weight=8300 7700 600 578 90 488 47 92 441 53 7608 7552 7524 3700
internal_count=8300 7700 600 578 90 488 47 92 441 53 7608 7552 7524 3700
is_linear=0
shrinkage=0.04


Tree=90
num_leaves=15
num_cat=0
split_feature=74 73 89 90 20 74 88 88 27 85 19 5 24 36
split_gain=0.0124076 0.0219816 0.0138863 0.0310679 0.0329174 0.0319618 0.0317102 0.0315375 0.0352582 0.0336405 0.0310156 0.0481651 0.0374246 0.0579417
threshold=-0.38646246937707518 -0.23340128992839501 5.7306391225516534e-12 5.0488335805730196e-12 0.01797910311104171 0.15776693699647651 -0.22318811572204997 0.47759439867412157 0.0086167476801703655 -0.012527472985041267 0.019891997090505601 -0.08130511675922196 0.012364030402453761 -0.043217546517067544
decision_type=8 10 10 10 8 10 8 10 10 10 10 10 10 10
left_child=1 -1 3 5 -5 6 -2 8 -6 -10 12 -12 13 -4
right_child=2 -3 10 4 7 -7 -8 -9 9 -11 11 -13 -14 -15
leaf_value=7.0485531447709286e-05 0.00025094231292977068 -0.0011531492365842186 0.00052484609262227057 0.00058568886995267176 1.4232285983561382e-05 -0.00023644254107896883 -1.6789928770559547e-05 0.00019706421628294874 -0.00017432770483607714 -0.00076172075047865146 -0.00019711034230753062 0.0003246104870750137 -0.00062657064080461175 -0.00011277355082092006
leaf_weight=55 1054 41 284 77 274 650 2155 192 260 390 373 1175 163 1157
leaf_count=55 1054 41 284 77 274 650 2155 192 260 390 373 1175 163 1157
internal_value=3.25407e-14 -0.000452108 5.2904e-06 -3.58153e-05 -0.000214218 1.93375e-05 7.11471e-05 -0.000269409 -0.000366338 -0.000526764 7.11743e-05 0.000198899 -5.20908e-05 1.28919e-05
internal_weight=8300 96 8204 5052 1193 3859 3209 1116 924 650 3152 1548 1604 1441
internal_count=8300 96 8204 5052 1193 3859 3209 1116 924 650 3152 1548 1604 1441
is_linear=0
shrinkage=0.04


Tree=91
num_leaves=15
num_cat=0
split_feature=100 75 4 3 52 4 30 30 22 55 69 87 86 31
split_gain=0.0125557 0.0213859 0.0299626 0.0205861 0.0202226 0.0178904 0.0314247 0.0296929 0.0374386 0.0296783 0.0286273 0.0284298 0.0340202 0.0354303
threshold=1.5000000000000002 0.22274257914702492 -0.040436315443833463 -0.077839937064792294 0.050107132171343889 -0.048296965824408115 -0.15075375712260344 -0.12180439953804705 0.0087973555744020378 8880007789.9607201 1.6347851900479813 0.41065691446037772 -0.037348418393396372 -0.25538785235290401
decision_type=2 8 8 10 8 10 8 8 8 10 8 8 10 8
left_child=5 -2 3 -3 -4 9 -7 8 -8 -1 -11 12 13 -9
right_child=1 2 4 -5 -6 6 7 11 -10 10 -12 -13 -14 -15
leaf_value=0.00023238197225975015 0.00014459982096364676 0.00015727354309799719 0.00085676586006725721 -0.00095821396753890443 -9.5849333661038696e-05 -0.00069060194432902025 0.0010839264926908072 0.00066151534103846635 7.2220163604745497e-05 -0.00014670349293002726 -0.0017346305046230554 -0.00022766317699273554 9.7846489754012855e-05 -0.00020467726984337362
leaf_weight=825 1711 36 44 100 188 123 80 80 218 198 20 1295 2022 1360
leaf_count=825 1711 36 44 100 188 123 80 80 218 198 20 1295 2022 1360
internal_value=-3.24753e-13 8.51028e-05 -0.000191526 -0.000662938 8.48191e-05 -2.84406e-05 -5.88845e-05 -4.35133e-05 0.000343819 0.000122699 -0.000292385 -6.77776e-05 -7.97061e-06 -0.000156555
internal_weight=8300 2079 368 136 232 6221 5178 5055 298 1043 218 4757 3462 1440
internal_count=8300 2079 368 136 232 6221 5178 5055 298 1043 218 4757 3462 1440
is_linear=0
shrinkage=0.04


Tree=92
num_leaves=15
num_cat=0
split_feature=60 44 32 75 66 32 42 22 74 86 66 23 58 57
split_gain=0.012233 0.0166919 0.0172659 0.0143588 0.0140936 0.0207708 0.0208415 0.0215548 0.0214997 0.0254484 0.0207232 0.0352296 0.0343654 0.0474855
threshold=-1.633196204725893 0.72153425994704834 -0.18432089856999354 -0.18599173895937679 3.6130098502800796 -0.081126494085862019 -0.1873794797680107 0.009308739395667542 0.030946137336680949 0.30416593223543625 3.9916565170301781 0.0095113007795029243 11978099334.878756 15351357891.801188
decision_type=8 8 8 10 8 10 8 10 8 10 10 8 10 10
left_child=1 2 -1 -4 5 6 7 -2 -8 -10 11 -6 -12 -14
right_child=4 -3 3 -5 10 -7 8 -9 9 -11 12 -13 13 -15
leaf_value=-0.00044593746065819527 -0.00027148983970879011 -0.00090283290889452811 0.0010365818778143054 -0.00022516049617142591 -0.00015174380616844092 0.00070321225627170258 -0.00043368427526294058 0.00079180312419393616 -0.00011230787091699313 0.001188960093109367 -4.8786631085124612e-05 0.00024796839136208195 0.00084871332061544334 4.9596074637347129e-05
leaf_weight=85 56 55 31 27 478 45 451 67 320 26 4726 1347 166 420
leaf_count=85 56 55 31 27 478 45 451 67 320 26 4726 1347 166 420
internal_value=4.77298e-13 -0.000310635 -8.2867e-05 0.000449219 7.59143e-06 -0.000135881 -0.000176924 0.000307702 -0.000251715 -1.45247e-05 2.69905e-05 0.000143277 -1.2961e-05 0.000275967
internal_weight=8300 198 143 58 8102 965 920 123 797 346 7137 1825 5312 586
internal_count=8300 198 143 58 8102 965 920 123 797 346 7137 1825 5312 586
is_linear=0
shrinkage=0.04


Tree=93
num_leaves=15
num_cat=0
split_feature=81 87 65 69 54 96 65 42 31 85 48 88 25 90
split_gain=0.0120221 0.0232177 0.0164592 0.0159481 0.0161436 0.0307156 0.0307995 0.0298056 0.0394117 0.0381064 0.0271406 0.0334562 0.0267159 0.0270431
threshold=0.26558226551067704 -1.2626009148708108 2.8361417625399121 -1.9677521313463244 0.1278877795582887 0.42403846153846159 4.1880400699838889 -0.051802921416622176 -0.1363660004210889 -0.26223315357478694 -0.18732807561679418 0.3408252002343537 0.010952601268772911 5.0265970592854347e-12
decision_type=2 8 8 8 8 8 10 8 10 10 10 10 10 10
left_child=1 -1 -2 -4 7 6 -6 -5 10 -10 11 -9 -12 -14
right_child=2 -3 3 4 5 -7 -8 8 9 -11 12 -13 13 -15
leaf_value=-0.00090767438548642232 -0.00043567089947521109 0.00010366575677268445 -0.0010683030440755514 -3.7363234762417724e-07 0.0011234170057592386 1.0304687295699787e-05 7.40464982111007e-05 0.0005227347801570805 -0.00089342925636293853 0.00055169125767572536 -0.0002365014248779554 -0.00083740208844613768 -0.0015403485989996365 -0.0006289296033170353
leaf_weight=37 154 1976 23 1460 81 3797 100 78 38 126 146 46 77 161
leaf_count=37 154 1976 23 1460 81 3797 100 78 38 126 146 46 77 161
internal_value=4.25137e-13 8.50768e-05 -2.72403e-05 -1.69846e-05 -1.30271e-05 3.45722e-05 0.000543654 -0.00010184 -0.000322289 0.000216846 -0.00049634 1.81679e-05 -0.000662484 -0.0009238
internal_weight=8300 2013 6287 6133 6110 3978 181 2132 672 164 508 124 384 238
internal_count=8300 2013 6287 6133 6110 3978 181 2132 672 164 508 124 384 238
is_linear=0
shrinkage=0.04


Tree=94
num_leaves=15
num_cat=0
split_feature=86 85 26 68 87 89 87 23 66 26 40 52 6 67
split_gain=0.0119099 0.0140959 0.022822 0.0219594 0.0177688 0.0258018 0.0349292 0.0260394 0.023394 0.0244644 0.0345971 0.0336815 0.0324925 0.0269552
threshold=0.74478213189528897 0.93158368685759585 0.0050428711579599923 4.6494837652992365 0.51429400390414881 2.8500285898315811e-11 1.2177097595429192 0.016860259678653334 3.5600866154705746 0.016431044807207692 0.0038511274118873122 0.070170616189535476 -0.20605934178522825 4.1898056122473779
decision_type=10 10 10 8 8 10 10 10 10 10 8 8 8 8
left_child=1 4 -3 -4 8 7 -7 -6 -1 -10 12 -12 -11 -13
right_child=-2 2 3 -5 5 6 -8 -9 9 10 11 13 -14 -15
leaf_value=-0.00021212083685831143 -0.00055231901321319801 0.00093827289607948978 -6.7641835007424775e-05 0.0010948325872110825 -0.00011119728289697459 -0.00031346148236154287 -0.002120113137137631 0.00069869531050437334 2.054909427472015e-05 0.0015272177197039128 0.0021287849731743335 9.1964008189800579e-05 -0.00013809749706302548 0.00078331553417606572
leaf_weight=591 62 65 195 30 1689 67 23 66 4812 20 20 178 299 183
leaf_count=591 62 65 195 30 1689 67 23 66 4812 20 20 178 299 183
internal_value=3.53995e-13 4.15681e-06 0.000278078 8.73548e-05 -5.83779e-06 -0.000114614 -0.000775161 -8.07398e-05 2.70464e-05 5.269e-05 0.000273636 0.00053095 -3.3689e-05 0.000442428
internal_weight=8300 8238 290 225 7948 1845 90 1755 6103 5512 700 381 319 361
internal_count=8300 8238 290 225 7948 1845 90 1755 6103 5512 700 381 319 361
is_linear=0
shrinkage=0.04


Tree=95
num_leaves=15
num_cat=0
split_feature=28 64 75 75 20 19 58 38 66 21 85 24 15 25
split_gain=0.0120488 0.0197611 0.0214043 0.0177232 0.0184678 0.0204932 0.045596 0.0431857 0.0425053 0.0408287 0.0378241 0.0343418 0.031554 0.0383344
threshold=0.0080096054235274366 5.6088093805896584 0.28238442029466509 -0.50954707810567235 0.02319538144073929 0.019429650448313976 3891305853.1103673 -0.059975941325406006 4.1665688910484295 0.010154474780501138 0.83030478297446553 0.012364030402453761 0.020198396815235945 0.010818485515100947
decision_type=10 10 10 10 10 10 8 8 10 10 10 10 10 8
left_child=1 2 -1 -2 5 6 7 8 -5 10 -8 12 13 -11
right_child=3 -3 -4 4 -6 -7 9 -9 -10 11 -12 -13 -14 -15
leaf_value=0.00024199140543562989 -0.00055511169690643583 -0.00043720669135735883 -0.00044630141122726418 0.00064630135581888353 -0.00057387294559030919 5.944308666497513e-05 -0.00019240560864270409 -0.00089275975493001176 -0.0007445749904212562 0.00094462082326478725 0.00053689852504815421 -0.00067464105083211642 4.6468438970822599e-05 0.00016193250110238574
leaf_weight=851 97 90 79 78 92 3820 1689 200 64 175 122 73 636 234
leaf_count=851 97 90 79 78 92 3820 1689 200 64 175 122 73 636 234
internal_value=3.11201e-15 0.000128753 0.000183524 -1.80396e-05 -1.07869e-05 -3.48133e-06 -7.69669e-05 -0.000514015 1.94275e-05 -2.59356e-05 -0.000143275 0.000164138 0.000222732 0.000496824
internal_weight=8300 1020 930 7280 7183 7091 3271 342 142 2929 1811 1118 1045 409
internal_count=8300 1020 930 7280 7183 7091 3271 342 142 2929 1811 1118 1045 409
is_linear=0
shrinkage=0.04


Tree=96
num_leaves=15
num_cat=0
split_feature=19 6 88 24 68 18 67 89 20 29 54 17 64 85
split_gain=0.0120599 0.0370685 0.035118 0.0298072 0.0295509 0.0372766 0.0243562 0.0237799 0.0230858 0.0216254 0.0290034 0.0509986 0.043705 0.0402053
threshold=0.021629406237338399 -0.21110967421406376 0.31898728653558789 0.013454376090282742 3.765689859060684 0.022284418894231366 4.5530636474958177 5.4578763080870533e-12 0.019847765450613512 0.011815646638816055 0.26901094181690816 0.01584091158314517 3.0800980913776805 0.13042209543512126
decision_type=10 10 10 10 10 10 10 10 8 10 10 10 10 10
left_child=3 2 -2 9 -5 -6 8 -8 -3 -1 11 -11 -13 -12
right_child=1 6 -4 4 5 -7 7 -9 -10 10 13 12 -14 -15
leaf_value=-5.3654979982247591e-05 0.0010953184709438242 -0.0014676142336490254 -0.00057744377159646583 -0.0008701664381832988 0.00031362235279027475 0.0015322295257647056 -0.00054448229959234594 0.00090750114094481768 -0.00021177382998950972 0.0012403932586283945 0.00017333438660931526 -0.00048932739538545518 0.00027531805115146092 -0.000248480691564242
leaf_weight=4237 71 24 28 27 246 48 26 59 970 77 772 138 897 680
leaf_count=4237 71 24 28 27 246 48 26 59 970 77 772 138 897 680
internal_value=-3.4923e-13 -0.000118555 0.000622214 1.96094e-05 0.000396273 0.000512579 -0.000186522 0.000463365 -0.000242096 1.83128e-06 9.35221e-05 0.000247251 0.000173365 -2.42099e-05
internal_weight=8300 1178 99 7122 321 294 1079 85 994 6801 2564 1112 1035 1452
internal_count=8300 1178 99 7122 321 294 1079 85 994 6801 2564 1112 1035 1452
is_linear=0
shrinkage=0.04


Tree=97
num_leaves=15
num_cat=0
split_feature=22 22 42 89 32 40 86 20 36 41 45 39 75 96
split_gain=0.0118591 0.0144331 0.0345728 0.0446443 0.0357708 0.0288787 0.0263103 0.0273422 0.0249124 0.0246845 0.0238278 0.019957 0.0174545 0.0254331
threshold=0.019963600100434516 0.015909191448257518 -0.07155932698578242 5.5238543450249677e-12 -0.25210123476290097 -0.1092042021097208 0.084703629116019169 0.021465193007886508 -0.029950945504480072 -0.018642442676144618 0.30414962082038605 -0.053965139217986118 -0.14281867542466573 0.64166666666666672
decision_type=10 10 8 10 8 10 10 10 10 8 8 10 10 10
left_child=1 12 3 -3 5 -4 8 -8 -5 -6 11 -11 13 -1
right_child=-2 2 4 6 9 -7 7 -9 -10 10 -12 -13 -14 -15
leaf_value=-6.8096582108550944e-05 0.0003536387266600567 0.00097630007215207678 7.2481056424574214e-05 0.00051056063026431705 -0.00059053779911034953 -0.0014917455313970213 -0.0021032603979110717 -8.1023371565844051e-05 -0.0009654104873576823 -0.00031170349070129707 -0.00024311623595399309 0.0010012472747485705 4.8581487915976571e-05 -0.0010864385750610382
leaf_weight=2066 149 82 26 77 156 69 20 23 24 27 153 59 5329 40
leaf_count=2066 149 82 26 77 156 69 20 23 24 27 153 59 5329 40
internal_value=-6.04388e-13 -6.4645e-06 -0.000177986 0.000231288 -0.000366753 -0.00106364 -0.000192954 -0.0010216 0.000159835 -0.000199147 5.63214e-05 0.000589042 1.00532e-05 -8.74383e-05
internal_weight=8300 8151 716 226 490 95 144 43 101 395 239 86 7435 2106
internal_count=8300 8151 716 226 490 95 144 43 101 395 239 86 7435 2106
is_linear=0
shrinkage=0.04


Tree=98
num_leaves=15
num_cat=0
split_feature=33 68 66 23 52 15 85 35 48 67 19 86 30 40
split_gain=0.0117829 0.0184582 0.0217704 0.0317856 0.0302805 0.0290227 0.0378828 0.0283273 0.0301928 0.0259203 0.0395043 0.0315425 0.0243249 0.0240294
threshold=0.002835674869391736 4.1125843736928163 4.0800071189727101 0.010270900603097559 0.084905859506103978 0.01214413022481311 0.7482124519602642 -0.022744633704910529 -0.048175761219155781 4.3955651187030602 0.021166501758878596 -0.23092581657438202 -0.093410630144937043 0.034125167101996319
decision_type=10 8 8 10 10 8 10 10 10 8 10 10 10 10
left_child=1 -1 3 7 5 6 -4 -3 -9 10 -7 -12 -6 -11
right_child=-2 2 4 -5 12 9 -8 8 -10 13 11 -13 -14 -15
leaf_value=0.00015039339684782275 -5.3296258169938802e-05 -0.000797476299773507 -0.00077978059234326037 0.00037941080021891452 0.00077028184980490661 -0.00012970941077706581 0.00067715182860300757 0.00055643362550186781 -0.00040781842089387228 2.2347741938349623e-05 -0.0022785177162807919 -0.00063254130571814516 4.5435571504408069e-05 0.0014306375402957201
leaf_weight=1639 3688 80 212 454 83 442 33 107 101 631 23 98 689 20
leaf_count=1639 3688 80 212 454 83 442 33 107 101 631 23 98 689 20
internal_value=2.50236e-13 4.26185e-05 -1.67972e-05 0.000170894 -7.92207e-05 -0.000186415 -0.000583541 -0.00015781 8.82151e-05 -0.00010627 -0.00030502 -0.000945413 0.000123366 6.56132e-05
internal_weight=8300 4612 2973 742 2231 1459 245 288 208 1214 563 121 772 651
internal_count=8300 4612 2973 742 2231 1459 245 288 208 1214 563 121 772 651
is_linear=0
shrinkage=0.04


Tree=99
num_leaves=15
num_cat=0
split_feature=71 46 52 68 74 81 73 44 87 8 19 15 21 17
split_gain=0.0113934 0.0157176 0.0195209 0.0217589 0.0192744 0.0175821 0.0174846 0.0171084 0.0169318 0.0187183 0.0181162 0.0168933 0.0156734 0.0337555
threshold=0.70294117647058829 0.29468063702688058 0.038950838158676622 4.5333455002647414 0.013083078504221192 0.78475943450971763 0.18907596481303937 0.040050720979163547 1.3855959975239411 -0.21917753348585153 0.019429650448313976 0.030405293980084357 0.00735960575722282 0.023183233509909914
decision_type=10 8 10 10 10 2 8 10 10 8 10 10 8 8
left_child=12 2 7 8 5 11 -7 -2 9 10 -4 -3 13 -1
right_child=1 4 3 -5 -6 6 -8 -9 -10 -11 -12 -13 -14 -15
leaf_value=-0.00011771940881458653 -0.00047644114639519509 2.1103501397236672e-05 -0.00045143608350675402 -0.0014356769097904707 0.00016162748192840743 -0.0003208458119199282 -0.0014998639322331417 0.00015334208649693285 -0.0011531078445592097 -0.00047512711220285084 0.00034746389472629967 -0.00080639698201723925 7.6508052524070603e-05 0.00044505140686173009
leaf_weight=1745 90 656 72 29 692 161 23 296 35 240 123 42 3907 189
leaf_count=1745 90 656 72 29 692 161 23 296 35 240 123 42 3907 189
internal_value=8.82771e-13 -7.22291e-05 -0.000207096 -0.000372323 3.60127e-06 -0.000120383 -0.000468223 6.50144e-06 -0.000306712 -0.000238611 5.24854e-05 -2.86888e-05 3.04077e-05 -6.27227e-05
internal_weight=8300 2459 885 499 1574 882 184 386 470 435 195 698 5841 1934
internal_count=8300 2459 885 499 1574 882 184 386 470 435 195 698 5841 1934
is_linear=0
shrinkage=0.04


Tree=100
num_leaves=15
num_cat=0
split_feature=86 57 85 36 49 86 37 21 54 87 74 86 30 89
split_gain=0.0114553 0.0135027 0.0125013 0.021484 0.0334224 0.0266622 0.0301738 0.0184102 0.0176621 0.0158025 0.0246151 0.0236018 0.0429425 0.0286326
threshold=0.74478213189528897 8564836539.9200125 0.93158368685759585 -0.096732310913060102 -0.15994052641754383 0.12666547808386464 0.020106756190402367 0.0086085160030040919 0.27583081886442257 0.51429400390414881 -0.32368861723289261 -0.30277612575575547 -0.12846680084669374 3.4829026349942182e-12
decision_type=10 10 10 10 8 10 10 10 8 8 8 8 10 8
left_child=2 -2 9 -4 -5 -6 7 -7 -8 -1 -11 12 -12 -13
right_child=1 -3 3 4 5 6 8 -9 -10 10 11 13 -14 -15
leaf_value=2.5675693175674809e-05 -7.2552186841341233e-05 -0.0012844565091654659 0.0010986424934595735 -0.00078117116251423091 0.0011787383205834584 0.0015557346451613638 0.00044291742578414939 0.00015668442281072632 -0.00077701472305353352 -0.00089804084826505099 0.0011948768285801633 0.00013518811803405609 7.6971445792318816e-06 -0.00025906311521072564
leaf_weight=6103 38 24 42 52 48 27 28 34 59 61 60 409 260 1055
leaf_count=6103 38 24 42 52 48 27 28 34 59 61 60 409 260 1055
internal_value=-7.05983e-13 -0.000541676 4.07671e-06 0.000262039 0.000120357 0.000359538 9.38508e-05 0.000775936 -0.000384393 -5.33562e-06 -0.000107917 -8.09001e-05 0.000230293 -0.000148921
internal_weight=8300 62 8238 290 248 196 148 61 87 7948 1845 1784 320 1464
internal_count=8300 62 8238 290 248 196 148 61 87 7948 1845 1784 320 1464
is_linear=0
shrinkage=0.04


Tree=101
num_leaves=15
num_cat=0
split_feature=60 44 32 75 6 37 55 53 21 52 76 25 20 90
split_gain=0.0113286 0.0153367 0.0156573 0.0133147 0.0132838 0.0247473 0.0267126 0.0219938 0.0261362 0.0215207 0.0207401 0.031786 0.0196802 0.0189459
threshold=-1.633196204725893 0.72153425994704834 -0.18432089856999354 -0.18599173895937679 0.20195403668883363 0.14462233892163026 7298183874.1453772 0.35338797043575426 0.0095229379473115421 0.31316134689773761 0.24185027491832581 0.010705428226120245 0.020740564698158392 3.9200962227472173e-12
decision_type=8 8 8 10 10 10 10 10 10 10 10 10 8 10
left_child=1 2 -1 -4 7 10 12 -2 -9 13 -6 -12 -7 -8
right_child=4 -3 3 -5 5 6 9 8 -10 -11 11 -13 -14 -15
leaf_value=-0.00042635026037254756 -2.163946623515177e-08 -0.00086658262292092509 0.00099169181210116567 -0.00022330794673137093 0.00032351059061040292 -0.00058235809597556056 0.0002948681189886746 -0.0011009523522299124 0.00016121400405083681 -1.0564311291805349e-05 6.6688909893855447e-05 0.0021706116889361983 0.00024240001561873426 0.0013816266290433261
leaf_weight=85 7297 55 31 27 166 145 66 63 45 163 20 27 68 42
leaf_count=85 7297 55 31 27 166 145 66 63 45 163 20 27 68 42
internal_value=5.47755e-13 -0.000298933 -8.06059e-05 0.000426088 7.30544e-06 0.00017425 1.61341e-05 -8.40827e-06 -0.00057505 0.000279585 0.000533535 0.00127533 -0.000319055 0.000717496
internal_weight=8300 198 143 58 8102 697 484 7405 108 271 213 47 213 108
internal_count=8300 198 143 58 8102 697 484 7405 108 271 213 47 213 108
is_linear=0
shrinkage=0.04


Tree=102
num_leaves=15
num_cat=0
split_feature=28 68 64 75 18 46 28 55 4 86 17 67 59 49
split_gain=0.0113107 0.0194907 0.0180509 0.0186624 0.0188208 0.0285415 0.0237248 0.0310029 0.023751 0.0222849 0.022272 0.0187928 0.0179427 0.028036
threshold=0.0080096054235274366 4.0159537747462437 5.6088093805896584 0.28496109184075097 0.019909653070144064 0.26795853276996384 0.0072195795375261983 10674056167.022774 -0.038704050211237455 -0.17610787230679661 0.012468831474626869 4.4201756767556528 5931762470.8606997 -0.31898357094831314
decision_type=10 8 10 10 8 8 8 10 10 10 10 10 8 10
left_child=1 -1 3 4 5 9 8 -8 -6 -3 -7 -12 13 -2
right_child=12 2 -4 -5 6 10 7 -9 -10 -11 11 -13 -14 -15
leaf_value=0.00049378877287147873 0.00086207540178507127 0.00091053379420191055 -0.00054576141822556233 -0.00056405453984024784 -0.0002304546604494727 -0.00046769651462850363 0.00045511467100604517 -0.00085611561067855434 -0.001687595695257187 -0.0001180632132683254 0.00058290966553613548 0.0015264066941260048 -6.8766463746179463e-05 4.0224791988281082e-05
leaf_weight=187 68 40 76 62 63 23 131 37 25 214 114 48 4367 2845
leaf_count=187 68 40 76 62 63 23 131 37 25 214 114 48 4367 2845
internal_value=5.04233e-14 0.000124748 4.19015e-05 0.000100901 0.00016022 0.000319175 -0.000112362 0.000166332 -0.000644415 4.39206e-05 0.000697093 0.000862464 -1.74784e-05 5.94098e-05
internal_weight=8300 1020 833 757 695 439 256 168 88 254 185 162 7280 2913
internal_count=8300 1020 833 757 695 439 256 168 88 254 185 162 7280 2913
is_linear=0
shrinkage=0.04


Tree=103
num_leaves=15
num_cat=0
split_feature=51 22 29 20 55 4 64 23 29 15 5 87 18 30
split_gain=0.0110701 0.0276485 0.0210896 0.0383539 0.0279606 0.0254682 0.0258217 0.0206639 0.0197314 0.0184128 0.0181912 0.0250281 0.0246707 0.0314882
threshold=0.1897008055734675 0.0034323019774121139 0.01251489928188705 0.019127460767375645 3931508168.332953 0.07134043649775014 4.3173583005188965 0.0071601113893609413 0.012288002538640911 0.016625645812035076 0.12560137058407297 -0.59992002908602438 0.018427051754917708 -0.030014006511464183
decision_type=8 10 8 10 10 10 10 10 10 10 8 10 10 10
left_child=1 7 3 8 -5 -6 -7 -1 9 -2 -3 -12 13 -13
right_child=2 10 -4 4 5 6 -8 -9 -10 -11 11 12 -14 -15
leaf_value=-0.0018044479337653943 4.7058897770886477e-05 9.4243748468810535e-06 3.4287694676820199e-06 -0.00031318342220038172 0.0025573472181955976 0.0015214748754875645 -0.00019638637191660347 -0.00037614277488565151 0.00072312253372122843 -0.0014183329165556959 -0.00069738510614657343 -4.8750838072135535e-06 -0.00033895952817854577 0.0016487890226697479
leaf_weight=21 34 7238 409 20 21 42 21 71 30 23 141 58 144 27
leaf_count=21 34 7238 409 20 21 42 21 71 30 23 141 58 144 27
internal_value=6.12452e-14 -1.28952e-05 0.000165488 0.000512516 0.00103095 0.00135098 0.000948854 -0.000702169 -0.000107218 -0.00054424 -4.56011e-06 -0.000278127 -1.99809e-05 0.000520406
internal_weight=8300 7700 600 191 104 84 63 92 87 57 7608 370 229 85
internal_count=8300 7700 600 191 104 84 63 92 87 57 7608 370 229 85
is_linear=0
shrinkage=0.04


Tree=104
num_leaves=15
num_cat=0
split_feature=100 75 4 22 52 40 66 5 49 86 88 30 31 32
split_gain=0.0109764 0.0190999 0.0259998 0.0191586 0.0183446 0.0169131 0.0233484 0.0219294 0.0177342 0.0167249 0.0168689 0.0330833 0.0430435 0.0226868
threshold=1.5000000000000002 0.22274257914702492 -0.040436315443833463 0.010726002663938262 0.04683616391921009 0.041070164919489012 4.233980474210882 0.061829127584141282 -0.31898357094831314 0.44416628712743006 0.86375491370062141 -0.098848279490498112 -0.076717507283605754 -0.26287861931762024
decision_type=2 8 8 10 8 10 10 10 8 10 10 10 10 8
left_child=9 5 3 -3 -4 6 8 -7 -2 10 -1 13 -13 -12
right_child=1 2 4 -5 -6 7 -8 -9 -10 -11 11 12 -14 -15
leaf_value=-2.9839722388092026e-05 0.0013793721422553063 -0.0015133997062221169 0.00085484156350139535 -0.00036841919783910272 -8.6781742381087195e-05 0.00085891463766297831 -9.1356475036828949e-05 0.00014354165899951093 0.00020018723890878045 -0.00030503896423291545 0.0017440322825107084 -0.00020212294358135861 0.0012439687675061194 0.00047883959823733538
leaf_weight=5476 21 30 40 106 192 110 676 182 722 327 29 247 38 104
leaf_count=5476 21 30 40 106 192 110 676 182 722 327 29 247 38 104
internal_value=-2.78374e-13 7.95706e-05 -0.000181856 -0.000620988 7.55671e-05 0.000135798 7.87491e-05 0.000413031 0.000233515 -2.65918e-05 -1.11435e-05 0.000233786 -9.31072e-06 0.000754709
internal_weight=8300 2079 368 136 232 1711 1419 292 743 6221 5894 418 285 133
internal_count=8300 2079 368 136 232 1711 1419 292 743 6221 5894 418 285 133
is_linear=0
shrinkage=0.04


Tree=105
num_leaves=15
num_cat=0
split_feature=19 6 88 24 68 18 67 89 87 20 87 85 19 59
split_gain=0.0109499 0.0346527 0.0306899 0.0256044 0.0268265 0.0334884 0.0221445 0.0218708 0.0210066 0.033096 0.0234269 0.0228516 0.0221633 0.0281695
threshold=0.021629406237338399 -0.21110967421406376 0.31898728653558789 0.013454376090282742 3.765689859060684 0.022284418894231366 4.5530636474958177 5.4578763080870533e-12 2.2099078856829792 0.02011386961483062 1.4318900197297715 0.044116410757479421 0.022733316481118319 7873348489.2387877
decision_type=10 10 10 10 10 10 10 10 10 8 10 10 10 10
left_child=3 2 -2 -1 -5 -6 8 -8 9 11 12 -3 13 -11
right_child=1 6 -4 4 5 -7 7 -9 -10 10 -12 -13 -14 -15
leaf_value=2.2080613444783043e-06 0.0010455279849456544 -0.0017642546472033196 -0.00051822008847791164 -0.00083886341071101253 0.0002900244101192954 0.0014450529266226417 -0.00052555166005801689 0.00086693008607884839 0.00089033462393742343 -0.00017644228592692899 -0.0011371228867210449 -9.3836855143308637e-05 0.00010331675183188952 -0.00091374567038763092
leaf_weight=6801 71 38 28 27 246 48 26 59 26 443 41 20 324 102
leaf_count=6801 71 38 28 27 246 48 26 59 26 443 41 20 324 102
internal_value=-5.16483e-14 -0.000112968 0.000603256 1.86852e-05 0.000367786 0.0004786 -0.000178683 0.000440994 -0.000231673 -0.00026181 -0.000202762 -0.00118825 -0.000158678 -0.000314433
internal_weight=8300 1178 99 7122 321 294 1079 85 994 968 910 58 869 545
internal_count=8300 1178 99 7122 321 294 1079 85 994 968 910 58 869 545
is_linear=0
shrinkage=0.04


Tree=106
num_leaves=15
num_cat=0
split_feature=31 31 27 86 15 38 24 20 38 25 40 90 37 20
split_gain=0.0107954 0.0150038 0.021759 0.0220304 0.0286831 0.0275967 0.0209494 0.0217171 0.0220124 0.0283276 0.0471702 0.0369823 0.0205685 0.0201989
threshold=-0.048686590895025077 -0.065336319894907888 0.016005132327847022 0.15832237968576277 0.01357601208528913 0.27029952720862088 0.0081383927504106359 0.016904605957997216 0.27583624545776225 0.0095281193985066581 0.062863389784243565 5.9619458064876317e-12 0.20492554556611778 0.01948624058499383
decision_type=10 10 10 8 10 8 8 8 10 8 10 10 10 10
left_child=1 6 3 5 -5 -3 -1 -8 9 10 11 -9 13 -10
right_child=-2 2 -4 4 -6 -7 7 8 12 -11 -12 -13 -14 -15
leaf_value=-0.0010662521780371509 -0.00053914318131519697 0.00026077415588588338 -0.00041841599266626874 -0.00021282013092536992 0.00087990534551747081 -0.00069232101841286452 0.00081550482550964642 -0.00049586443317665616 0.00051271925009363755 -8.0671055155035992e-06 -0.0021272962804262836 0.0008582576070553981 1.2112129763586493e-05 0.0019468111307783561
leaf_weight=30 59 256 80 51 156 60 51 187 55 7148 24 39 82 22
leaf_count=30 59 256 80 51 156 60 51 187 55 7148 24 39 82 22
internal_value=-1.61025e-13 3.8599e-06 0.000195949 0.000289924 0.000610683 7.98067e-05 -1.1305e-05 -7.14512e-06 -1.26969e-05 -2.27052e-05 -0.000441239 -0.000262189 0.000452972 0.00092246
internal_weight=8300 8241 603 523 207 316 7638 7608 7557 7398 250 226 159 77
internal_count=8300 8241 603 523 207 316 7638 7608 7557 7398 250 226 159 77
is_linear=0
shrinkage=0.04


Tree=107
num_leaves=15
num_cat=0
split_feature=22 23 32 24 31 50 86 26 56 49 90 88 90 46
split_gain=0.0107213 0.0139717 0.0314766 0.0354032 0.033669 0.0289478 0.0279951 0.0303325 0.0291671 0.0384629 0.0254364 0.0246777 0.0286109 0.0299161
threshold=0.019963600100434516 0.013829372656271396 -0.18169871686331204 0.013150962393647879 -0.17641955883301488 -0.26200779682431902 -0.048095605001707453 0.017063272732810192 4780190427.8630857 -0.29025033742302919 5.3538793157781727e-12 -0.28180433680063055 4.8845590118579477e-12 0.18766938351261811
decision_type=10 10 10 10 10 8 8 10 10 10 8 8 10 8
left_child=1 -1 4 -4 6 -6 7 -3 9 10 -8 -10 -13 -14
right_child=-2 2 3 -5 5 -7 8 -9 11 -11 -12 12 13 -15
leaf_value=1.5772026639572998e-05 0.00033624562895825542 4.8649932001326444e-05 0.00038866058662533759 -0.001190067644417286 0.00030044330749660729 -0.00085674322035332324 -0.0011741421511396765 0.0013338574710668942 0.00055757673118828923 -0.0014497194030721272 0.00061407354020047932 -0.00073940815066144002 0.00080419485169378195 -0.00065522624152148821
leaf_weight=6936 149 268 250 25 42 196 20 33 70 70 35 113 55 38
leaf_count=6936 149 268 250 25 42 196 20 33 70 70 35 113 55 38
internal_value=-5.14599e-14 -6.14656e-06 -0.000131272 0.00024514 -0.000241392 -0.000652534 -0.000102003 0.000189553 -0.000320851 -0.000827765 -3.61867e-05 -9.12704e-05 -0.000311752 0.000207872
internal_weight=8300 8151 1215 275 940 238 702 301 401 125 55 276 206 93
internal_count=8300 8151 1215 275 940 238 702 301 401 125 55 276 206 93
is_linear=0
shrinkage=0.04


Tree=108
num_leaves=15
num_cat=0
split_feature=100 75 4 3 52 59 42 40 66 64 5 42 4 86
split_gain=0.0106824 0.0172304 0.0236577 0.0182801 0.0168937 0.0162772 0.0154935 0.0153408 0.0211712 0.0201959 0.0223531 0.0173362 0.0193606 0.015741
threshold=1.5000000000000002 0.22274257914702492 -0.040436315443833463 -0.077839937064792294 0.052516954730492123 6806209907.5863552 -0.060786618328661328 0.041070164919489012 4.233980474210882 2.9201140242062791 0.060802171833122982 0.097814042621197986 0.018542373784493752 -0.079479807772633929
decision_type=2 8 8 10 8 10 8 10 10 10 10 10 10 10
left_child=-1 7 3 -3 5 -4 -5 8 11 -9 -11 -2 -13 -10
right_child=1 2 4 6 -6 -7 -8 9 13 10 -12 12 -14 -15
leaf_value=-2.6233215201099553e-05 0.00031681214202204628 0.00018421765539743421 0.0015155944373944532 -0.0015763801226928603 -9.1692678537593289e-05 -6.2887813493778765e-06 -0.00051751401198944498 -0.00055229088167834566 0.00019823043046215938 0.0010180750630724316 0.00024048409532871341 -0.00037802196846096814 0.00096867991052567966 -0.00021622748957485276
leaf_weight=6221 606 36 23 33 187 22 67 32 215 91 169 117 20 461
leaf_count=6221 606 36 23 33 187 22 67 32 215 91 169 117 20 461
internal_value=-7.01566e-14 7.84978e-05 -0.000169805 -0.000588692 7.57491e-05 0.000771563 -0.00086694 0.000131903 7.757e-05 0.000395936 0.000512641 0.000224944 -0.000181423 -8.44103e-05
internal_weight=8300 2079 368 136 232 45 100 1711 1419 292 260 743 137 676
internal_count=8300 2079 368 136 232 45 100 1711 1419 292 260 743 137 676
is_linear=0
shrinkage=0.04


Tree=109
num_leaves=15
num_cat=0
split_feature=20 39 20 42 42 42 64 21 68 89 96 67 27 57
split_gain=0.01067 0.0214159 0.019453 0.0257954 0.0268463 0.0186146 0.0240162 0.0179063 0.0177058 0.0161065 0.0308366 0.0301876 0.0370574 0.022678
threshold=0.022687506181396953 0.0041113621515813667 0.021898029334363456 -0.21776929313932616 0.10697194491292329 -0.25443500865976987 5.1270995412876941 0.0078725123705837233 4.4263576170487831 4.7040529426062737e-11 0.43364779874213844 4.3239327450525407 0.0085497797289778195 752385175.41310012
decision_type=10 10 10 10 10 8 10 10 10 10 8 8 10 8
left_child=2 -2 5 -4 7 6 -1 -5 -9 13 -11 12 -12 -7
right_child=1 -3 3 4 -6 9 -8 8 -10 10 11 -13 -14 -15
leaf_value=0.00071819255765492352 -1.6236498928821284e-05 -0.00098044790103504384 -0.00074828154375327044 2.4813285087976529e-05 -0.0008643745292793029 0.00068980850404283664 -0.0007930326173081995 0.0011166167263131162 -0.00014818147401369754 0.00078042428795015444 -0.0020194988753979228 0.00021476165081063908 -0.00047301798283725098 -9.2227651664695892e-06
leaf_weight=106 121 53 29 49 20 75 20 113 21 32 35 54 85 7487
leaf_count=106 121 53 29 49 20 75 20 113 21 32 35 54 85 7487
internal_value=-1.13808e-12 -0.000309933 6.63652e-06 0.000367647 0.000527065 -3.97336e-06 0.000478316 0.000679135 0.000918402 -1.17963e-05 -0.000360768 -0.000570643 -0.000924075 -2.28977e-06
internal_weight=8300 174 8126 232 203 7894 126 183 134 7768 206 174 120 7562
internal_count=8300 174 8126 232 203 7894 126 183 134 7768 206 174 120 7562
is_linear=0
shrinkage=0.04


Tree=110
num_leaves=15
num_cat=0
split_feature=28 68 64 21 21 27 96 40 18 55 88 19 77 59
split_gain=0.0106316 0.017103 0.0169557 0.0165132 0.02128 0.0201365 0.0181923 0.0163942 0.0281927 0.0175813 0.0241219 0.0227482 0.0162414 0.0160708
threshold=0.0080096054235274366 4.0159537747462437 2.8931619803486073 0.0072657910128050701 0.0084500078082438545 0.0072169585673121346 0.49561403508771934 -0.017108848995130873 0.019867192743274368 4028134220.3339715 -0.60613045942913135 0.018383645400669731 -0.0086448292493520578 5931762470.8606997
decision_type=10 8 10 8 8 8 10 10 10 8 10 10 2 8
left_child=1 2 -1 5 -5 6 -3 9 -9 10 -6 12 -11 -2
right_child=13 3 -4 4 7 -7 -8 8 -10 11 -12 -13 -14 -15
leaf_value=0.0014837220222081826 5.5821348941218571e-05 -0.0011074206704029539 0.00032400369274333438 0.0008823280338925031 0.001633857088163495 0.00010570078314956995 2.6475738397695953e-05 -5.6541875274439305e-05 -0.0017377348225563766 0.00020435004476457836 0.0002579954304577162 0.00047663480524779377 -0.0004611297234610825 -6.5484559489053216e-05
leaf_weight=23 2913 61 164 57 28 109 36 79 20 100 75 126 142 4367
leaf_count=23 2913 61 164 57 28 109 36 79 20 100 75 126 142 4367
internal_value=-4.31342e-14 0.000120945 0.000466643 4.33389e-05 0.000145422 -0.00026737 -0.000686593 7.17311e-05 -0.000396177 0.000170081 0.000632016 4.07896e-05 -0.000186138 -1.69455e-05
internal_weight=8300 1020 187 833 627 206 97 570 99 471 103 368 242 7280
internal_count=8300 1020 187 833 627 206 97 570 99 471 103 368 242 7280
is_linear=0
shrinkage=0.04


Tree=111
num_leaves=15
num_cat=0
split_feature=60 44 32 6 54 32 42 96 41 41 40 31 28 18
split_gain=0.0105492 0.0136107 0.0144181 0.0122362 0.0216009 0.0355061 0.0389716 0.0600144 0.0448182 0.0350256 0.042596 0.0405452 0.0418995 0.0361394
threshold=-1.633196204725893 0.72153425994704834 -0.18432089856999354 0.17909295275425843 0.26901094181690816 -0.13093338726231687 0.097814042621197986 0.51443089430894318 0.0050877175644429293 -0.02884961342043196 -0.017511861438653072 -0.076717507283605754 0.0091435803549223937 0.020458429798885586
decision_type=8 8 8 10 10 10 10 10 10 8 10 10 10 10
left_child=1 2 -1 4 5 -2 7 -7 -8 10 -6 12 -11 -12
right_child=3 -3 -4 -5 9 6 8 -9 -10 11 13 -13 -14 -15
leaf_value=-0.0004145710598861436 -5.9735386792543213e-07 -0.00082321930735964667 0.00040343948338855185 0.00014805289529228703 -0.00054445602513465382 0.0013874557123768447 0.00036443489426303473 0.00021133555934988888 -0.0017015766891251719 0.00029249594569966364 0.0013198466250052055 0.00010681676605083791 -0.00046532578863893697 9.7651699499692779e-05
leaf_weight=85 5216 55 58 878 63 101 42 222 28 136 75 437 824 80
leaf_count=85 5216 55 58 878 63 101 42 222 28 136 75 437 824 80
internal_value=6.20495e-14 -0.000288465 -8.27906e-05 7.04963e-06 -1.00878e-05 2.70272e-05 0.000393668 0.000579101 -0.00046197 -0.000138991 0.000332568 -0.000212577 -0.000357968 0.000689036
internal_weight=8300 198 143 8102 7224 5609 393 323 70 1615 218 1397 960 155
internal_count=8300 198 143 8102 7224 5609 393 323 70 1615 218 1397 960 155
is_linear=0
shrinkage=0.04


Tree=112
num_leaves=15
num_cat=0
split_feature=33 68 68 8 22 65 20 22 19 42 66 24 23 24
split_gain=0.0103975 0.0157147 0.0210118 0.0222805 0.0226657 0.0222027 0.0224926 0.0304377 0.0238922 0.023633 0.0217638 0.0302599 0.0335629 0.0278656
threshold=0.002835674869391736 4.1125843736928163 4.3037739100602295 -0.37063980859366658 0.0056530465102146337 4.7660848964017797 0.018154576432203293 0.010450177658849884 0.017306118974255023 0.33511306672774227 4.1338294069127484 0.012428155006244994 0.01647193928621658 0.0087816276144533096
decision_type=10 8 10 8 8 10 10 10 10 8 10 10 10 8
left_child=1 -1 3 -3 -5 6 7 8 -4 -8 13 -12 -13 -6
right_child=-2 2 5 4 10 -7 9 -9 -10 -11 11 12 -14 -15
leaf_value=0.00013947820857373511 -5.0065122653048609e-05 0.00099876531067171273 0.00018006185819912287 0.00072425612733956982 -0.00118438839665032 -0.00013557810931846004 0.00033375246610357228 0.00033996935484267057 -0.0010943195320364527 -0.00091581817511469129 -0.00017774918353033922 -0.0010068093888219516 0.00055147622434350738 6.4361228791871437e-05
leaf_weight=1639 3688 28 36 47 30 462 773 94 68 25 627 148 26 609
leaf_count=1639 3688 28 36 47 30 462 773 94 68 25 627 148 26 609
internal_value=2.80379e-13 4.00347e-05 -1.4788e-05 -0.000119108 -0.000140157 9.36102e-05 0.000199921 -0.000181689 -0.000653188 0.000294606 -0.000168371 -0.000307264 -0.000773962 5.73449e-06
internal_weight=8300 4612 2973 1515 1487 1458 996 198 104 798 1440 801 174 639
internal_count=8300 4612 2973 1515 1487 1458 996 198 104 798 1440 801 174 639
is_linear=0
shrinkage=0.04


Tree=113
num_leaves=15
num_cat=0
split_feature=51 22 22 36 96 55 67 23 27 68 89 31 31 64
split_gain=0.0101937 0.0249419 0.0201148 0.0212825 0.0272364 0.0290242 0.0344658 0.0196495 0.0191813 0.0191006 0.0180281 0.022647 0.0179762 0.0160593
threshold=0.1897008055734675 0.0034323019774121139 0.013599670358254755 0.15563939613518799 0.54311626523936973 11462365594.048782 4.0839074006643452 0.010712400539121097 0.016005132327847022 4.0584214384474739 3.4829026349942182e-12 -0.12399760671400172 -0.076717507283605754 3.4691827614760782
decision_type=8 10 10 10 10 10 8 10 10 10 10 10 10 8
left_child=1 9 3 4 5 6 -2 13 -5 -1 -6 -12 -13 -8
right_child=2 -3 -4 8 10 -7 7 -9 -10 -11 11 12 -14 -15
leaf_value=3.5658841952681541e-05 -0.0005810799842419209 -4.4575958227964581e-06 -0.0010283178260380571 0.00015716739434087389 0.0017028804481479115 -0.000813567546852441 0.0014230273637388432 0.0015766120805508559 -0.00071825022931079727 -0.0011397682310674679 0.0011057088105008005 -0.0007756414250112497 0.00074246488851107035 0.00022617014531082594
leaf_weight=37 53 7608 22 107 29 44 21 27 64 55 60 26 24 123
leaf_count=37 53 7608 22 107 29 44 21 27 64 55 60 26 24 123
internal_value=-1.04813e-13 -1.23742e-05 0.000158802 0.000203987 0.000361315 0.00012566 0.000310151 0.00058638 -0.000170474 -0.000667042 0.000815673 0.000581773 -4.69504e-05 0.000400712
internal_weight=8300 7700 600 578 407 268 224 171 171 92 139 110 50 144
internal_count=8300 7700 600 578 407 268 224 171 171 92 139 110 50 144
is_linear=0
shrinkage=0.04


Tree=114
num_leaves=15
num_cat=0
split_feature=81 87 65 69 54 98 42 32 26 41 65 67 58 57
split_gain=0.0100746 0.0195623 0.0146028 0.014459 0.0145736 0.0279352 0.0253703 0.0293306 0.0343805 0.044527 0.0237753 0.024539 0.0239571 0.0271683
threshold=0.26558226551067704 -1.2626009148708108 2.8361417625399121 -1.9677521313463244 0.1278877795582887 0.58090909090909093 -0.048137119023841927 -0.1370215476053154 0.0083748779056953826 -0.089306399457708949 4.3158294148359957 4.176045763947875 9411224528.8144073 6323860147.4842215
decision_type=2 8 8 8 8 10 8 10 10 10 10 10 10 10
left_child=1 -1 -2 -4 6 -6 -5 8 -8 -10 11 -7 13 -12
right_child=2 -3 3 4 5 10 7 -9 9 -11 12 -13 -14 -15
leaf_value=-0.00083337473009738165 -0.00040964500865197512 9.4944652205993088e-05 -0.0010163123290175976 -6.4276039032299868e-06 1.1320914757116502e-05 0.0017125050353295193 -8.2736714024514213e-05 0.0006012962403026624 0.00029166465300006853 -0.00094798912441366047 0.00043828749168438444 0.00035237791810438713 0.0011649111796008505 -0.0012398642269444875
leaf_weight=37 154 1976 23 1501 3808 41 290 52 58 231 33 44 23 29
leaf_count=37 154 1976 23 1501 3808 41 290 52 58 231 33 44 23 29
internal_value=-1.24677e-13 7.78817e-05 -2.49365e-05 -1.52764e-05 -1.15082e-05 3.37174e-05 -9.58926e-05 -0.000308709 -0.000390436 -0.0006992 0.000535398 0.00100844 6.23574e-05 -0.000346654
internal_weight=8300 2013 6287 6133 6110 3978 2132 631 579 289 170 85 85 62
internal_count=8300 2013 6287 6133 6110 3978 2132 631 579 289 170 85 85 62
is_linear=0
shrinkage=0.04


Tree=115
num_leaves=15
num_cat=0
split_feature=86 68 42 42 87 46 25 41 54 28 40 27 50 7
split_gain=0.0101285 0.0118438 0.0303391 0.0276296 0.0273326 0.026109 0.0334974 0.0313746 0.0332475 0.0307978 0.0294654 0.0285321 0.0270006 0.0267835
threshold=0.74478213189528897 4.3037739100602295 0.30213865590418704 0.22309778337015942 2.9779433918407237 0.29033190570551692 0.010695619572013867 -0.041649913489575412 0.66761680969810466 0.010377092988183486 0.036601406216329908 0.010308213341586965 -0.12532491534091003 -0.014183177717258853
decision_type=10 10 10 10 10 8 10 10 10 10 10 10 10 8
left_child=1 3 4 -1 5 -3 7 10 9 11 12 -9 -7 -11
right_child=-2 2 -4 -5 -6 6 -8 8 -10 13 -12 -13 -14 -15
leaf_value=-5.2880022585899509e-05 -0.00050934164183995419 -9.7788105915233445e-05 -0.00057005227627606857 0.00029949647450334445 0.0011970617827804138 0.0005787405849086365 0.00035490304475142273 -3.7432572640040343e-05 0.0010143067890730423 -0.0014184105444167341 0.0019607424149289728 0.0011546907657099257 -0.0010003596810357911 -0.00026803689354419814
leaf_weight=5236 62 819 112 382 36 99 843 119 39 35 20 44 21 433
leaf_count=5236 62 819 112 382 36 99 843 119 39 35 20 44 21 433
internal_value=2.03489e-13 3.83336e-06 7.40654e-05 -2.89199e-05 0.00010283 8.68944e-05 0.000178398 -5.29858e-06 -0.000119096 -0.000189148 0.000539304 0.000284368 0.000302398 -0.000354069
internal_weight=8300 8238 2620 5618 2508 2472 1653 810 670 631 140 163 120 468
internal_count=8300 8238 2620 5618 2508 2472 1653 810 670 631 140 163 120 468
is_linear=0
shrinkage=0.04


Tree=116
num_leaves=15
num_cat=0
split_feature=42 85 33 100 28 64 87 21 29 52 47 3 20 66
split_gain=0.0101522 0.0266563 0.0142173 0.0116798 0.0159914 0.0191791 0.0237502 0.0224376 0.0187014 0.0175606 0.0168327 0.0166858 0.0197436 0.0217067
threshold=0.35789725373776243 0.26386737637413477 -0.017936993018079047 1.5000000000000002 0.011963564580138386 3.2519207089136994 -1.2145408441769721 0.018617452453043418 0.013813911578710899 0.096856487006892991 -0.076273589491989355 -0.02160125311663846 0.021301301187405839 4.6130688029093703
decision_type=10 10 10 2 10 8 8 10 10 8 10 10 10 10
left_child=3 -2 -3 -1 5 7 -7 9 -8 10 -5 12 13 -6
right_child=1 2 -4 4 11 6 8 -9 -10 -11 -12 -13 -14 -15
leaf_value=-2.3017300403059741e-05 0.00034647164253616018 -0.00038193396292626861 -0.0017883702325027274 0.00046520824539820083 0.00078598635133779948 -0.0011354576755547897 -7.1254682966576592e-06 -0.00084256234801495858 -0.0012416814269963653 -9.9600094952620563e-05 0.0014639529347833661 6.145688515201473e-05 -0.00015890417815144384 -0.00016498024362397005
leaf_weight=6167 38 23 23 108 210 32 1068 23 20 60 36 378 67 47
leaf_count=6167 38 23 23 108 210 32 1068 23 20 60 36 378 67 47
internal_value=1.77465e-13 -0.000437513 -0.00108515 4.47311e-06 8.72127e-05 6.54163e-06 -6.14092e-05 0.000341806 -2.98195e-05 0.000475337 0.000714894 0.000242005 0.000452643 0.000612074
internal_weight=8300 84 46 8216 2049 1347 1120 227 1088 204 144 702 324 257
internal_count=8300 84 46 8216 2049 1347 1120 227 1088 204 144 702 324 257
is_linear=0
shrinkage=0.04


Tree=117
num_leaves=15
num_cat=0
split_feature=22 10 23 32 24 31 40 45 37 31 95 73 65 76
split_gain=0.00997933 0.0134434 0.0126089 0.0285098 0.0320439 0.0308109 0.0235712 0.0307165 0.0226005 0.027828 0.0215177 0.0200362 0.0255358 0.0224838
threshold=0.019963600100434516 -0.022389884467635342 0.013829372656271396 -0.18169871686331204 0.013150962393647879 -0.14644823739507393 -0.088409596789687225 0.14425267878457063 0.017100512041607122 -0.15245908765096841 0.63931888544891657 -0.14959476164089389 3.9760649506081536 0.076500266645599627
decision_type=10 10 10 10 10 10 8 10 10 10 10 8 10 8
left_child=2 -2 6 5 8 -4 7 -1 9 -5 -10 12 -8 -13
right_child=1 -3 3 4 -6 -7 11 -9 10 -11 -12 13 -14 -15
leaf_value=0.00094877499050070424 -0.00058847549413754184 0.00048253866657568876 -0.00014537361877077108 -0.00016666597507607479 -0.0011319833952933549 -0.00085226390921369394 7.3724016072096156e-05 -0.00072816184700720695 -0.00073233719709567095 0.00093315976760571903 0.00072012690398842109 0.00012607069369488432 -0.00023501784822905721 -4.2984620315829126e-05
leaf_weight=85 22 127 828 52 25 112 721 22 47 126 25 2668 1057 2383
leaf_count=85 22 127 828 52 25 112 721 22 47 126 25 2668 1057 2383
internal_value=-9.4964e-14 0.000324402 -5.93006e-06 -0.000124796 0.000233437 -0.000229599 1.48921e-05 0.000603984 0.000369979 0.000611862 -0.000228009 5.66194e-06 -0.000109819 4.63125e-05
internal_weight=8300 149 8151 1215 275 940 6936 107 250 178 72 6829 1778 5051
internal_count=8300 149 8151 1215 275 940 6936 107 250 178 72 6829 1778 5051
is_linear=0
shrinkage=0.04


Tree=118
num_leaves=15
num_cat=0
split_feature=66 32 42 42 96 7 51 64 49 1 66 7 55 32
split_gain=0.0100159 0.0204304 0.0200318 0.0205598 0.0279453 0.0292506 0.0220919 0.0227719 0.0241283 0.018809 0.0178499 0.0295866 0.0374962 0.0378363
threshold=3.6565755270456299 -0.081126494085862019 -0.1873794797680107 -0.16052023868206364 0.44948979591836741 -0.13266040613569699 0.044172858999795291 3.4691827614760782 -0.15770343108358156 0.019318426567445205 3.9306469131820729 0.024740162696214155 8830995634.4024849 -0.14910308616367449
decision_type=8 10 8 8 10 10 10 10 10 10 10 10 8 8
left_child=1 2 9 -4 5 -5 7 -6 -9 -1 11 12 13 -2
right_child=10 -3 3 4 6 -7 -8 8 -10 -11 -12 -13 -14 -15
leaf_value=0.00067783975796998448 0.00025632091420309055 0.00065543262129276112 -0.00094958062675830574 -1.9442681293708807e-05 0.00044700314706732708 0.0012510775964389123 -0.00042489169049804334 -0.0012177178137270468 -1.3225196225165917e-05 -0.00033053078779788768 -1.3318167482437771e-05 -9.1964237909174988e-05 -0.0001963179682333691 0.00094720399430483213
leaf_weight=83 491 53 57 99 117 41 480 35 111 46 5804 517 195 171
leaf_count=83 491 53 57 99 117 41 480 35 111 46 5804 517 195 171
internal_value=2.91038e-13 -0.00011114 -0.000149146 -0.000213291 -0.000165762 0.000352638 -0.000263441 3.12215e-05 -0.000301973 0.000318266 1.73724e-05 0.000147015 0.000291183 0.000434782
internal_weight=8300 1122 1069 940 883 140 743 263 146 129 7178 1374 857 662
internal_count=8300 1122 1069 940 883 140 743 263 146 129 7178 1374 857 662
is_linear=0
shrinkage=0.04


Tree=119
num_leaves=15
num_cat=0
split_feature=88 52 18 32 66 90 68 42 29 65 89 5 68 68
split_gain=0.00998513 0.0281065 0.0352754 0.0365441 0.0318246 0.0280355 0.0255604 0.0202893 0.0195892 0.018849 0.0182908 0.0171978 0.0164686 0.0337749
threshold=-0.62251620490314019 0.039801266711207546 0.019703929727388905 -0.12581035819932526 3.7029086103882611 4.8111027205323869e-12 4.2261820750267196 0.11143710188202972 0.010006114077101164 3.6939492798371147 5.4939872281575501e-12 -0.045635010038139849 4.3037739100602295 4.1125843736928163
decision_type=8 10 10 10 8 10 10 8 10 10 10 10 10 10
left_child=1 11 3 8 -4 6 7 -6 -3 -5 -10 -1 13 -2
right_child=12 2 4 9 5 -7 -8 -9 10 -11 -12 -13 -14 -15
leaf_value=0.00038493126565859157 2.4552282827335467e-05 0.00014703468170952411 -0.00052386813648045067 -0.0003997602892078219 -8.9905854880011508e-05 0.00098487657206667374 -0.0008543308252410498 0.0015781877413392068 -0.0010623761434244978 0.00079598204567887343 -0.00027288475968398628 0.001389057544135564 6.9816983493901428e-05 -0.00018939875946022769
leaf_weight=104 3159 57 50 31 28 122 32 20 102 66 87 37 2520 1885
leaf_count=104 3159 57 50 31 28 122 32 20 102 66 87 37 2520 1885
internal_value=8.08081e-14 0.000140648 2.0318e-05 -0.000243674 0.00037964 0.000603281 2.13476e-05 0.000605133 -0.000502936 0.000413838 -0.000698959 0.000648425 -1.36855e-05 -5.54036e-05
internal_weight=8300 736 595 343 252 202 80 48 246 97 189 141 7564 5044
internal_count=8300 736 595 343 252 202 80 48 246 97 189 141 7564 5044
is_linear=0
shrinkage=0.04


Tree=120
num_leaves=15
num_cat=0
split_feature=18 21 17 19 89 15 29 8 59 86 24 50 38 59
split_gain=0.0097936 0.0108439 0.0280329 0.0261773 0.0331223 0.0415188 0.031259 0.0298497 0.0546469 0.0345789 0.0237147 0.0276651 0.0371246 0.0335923
threshold=0.025540900281703322 0.00735960575722282 0.023183233509909914 0.016514397406620713 9.2974695818652745e-12 0.013367126282000321 0.010419982986949182 0.35093775374558273 12567658727.128912 0.34643710816440326 0.0089774789055281808 -0.085473010187794726 0.038549274885056779 8670900275.660368
decision_type=10 8 8 8 8 10 10 8 10 10 10 10 10 10
left_child=1 2 3 -1 6 -6 -5 9 -9 10 -8 12 -12 -13
right_child=-2 -3 -4 4 5 -7 7 8 -10 -11 11 13 -14 -15
leaf_value=0.00047869955841549713 -0.00050084929222946582 3.6504404183205102e-05 0.00034438184850597213 -0.0003806152675011928 -0.00096084745670234936 -8.5655766481377614e-05 -0.00056362747861924821 -0.00039278389124098255 0.00078389284438581193 -0.00045691656102327279 0.00019482175985704349 0.00032419859479950695 -0.00083276706876663073 0.0012207500246095371
leaf_weight=119 62 5460 249 410 161 188 59 468 73 141 418 344 65 83
leaf_count=119 62 5460 249 410 161 188 59 468 73 141 418 344 65 83
internal_value=-1.02525e-13 3.76944e-06 -6.05693e-05 -0.00010044 -0.000129036 -0.000489397 -6.80146e-05 9.61494e-06 -0.000234009 0.000128354 0.000213517 0.000263904 5.65334e-05 0.00049847
internal_weight=8300 8238 2778 2529 2410 349 2061 1651 541 1110 969 910 483 427
internal_count=8300 8238 2778 2529 2410 349 2061 1651 541 1110 969 910 483 427
is_linear=0
shrinkage=0.04


Tree=121
num_leaves=15
num_cat=0
split_feature=31 40 31 27 32 22 41 31 53 67 85 39 24 32
split_gain=0.00969149 0.0148188 0.0130361 0.0185291 0.0211385 0.0318492 0.0318448 0.0203517 0.0179776 0.0165422 0.0147322 0.0200063 0.0182066 0.0224523
threshold=-0.048686590895025077 0.066872556457272761 -0.068708680680577658 0.016005132327847022 -0.12366725493613544 0.0076531675740135535 0.11427963840347911 -0.05474829773451572 0.25495736869528557 4.4911560481041404 0.93158368685759585 0.019283066148255926 0.011388522020721421 -0.33841511687572962
decision_type=10 10 10 10 8 10 10 10 10 10 10 10 10 10
left_child=2 -2 10 4 5 8 7 -6 -4 -7 -1 12 -12 -14
right_child=1 -3 3 -5 6 9 -8 -9 -10 -11 11 -13 13 -15
leaf_value=-2.2519268770728169e-05 -0.00096480032249998584 0.00037439911032561212 -0.0016601312549217888 -0.00039670719489367915 0.0011095626628731638 0.00047301184059330082 -0.00020768147385255857 0.00038599597803090115 -0.00030887397031765433 -0.00055604717897010908 0.00076571874977989039 -0.00022005763385405251 0.00082571918868537379 -0.00059340126547877765
leaf_weight=7280 39 20 23 80 103 129 88 157 50 31 132 94 30 44
leaf_count=7280 39 20 23 80 103 129 88 157 50 31 132 94 30 44
internal_value=-5.55191e-13 -0.000510834 3.65723e-06 0.000174021 0.000252607 -4.2256e-05 0.00045003 0.00067264 -0.000734613 0.000273632 -1.11991e-05 0.000263505 0.000484159 -1.80822e-05
internal_weight=8300 59 8241 661 581 233 348 260 73 160 7580 300 206 74
internal_count=8300 59 8241 661 581 233 348 260 73 160 7580 300 206 74
is_linear=0
shrinkage=0.04


Tree=122
num_leaves=15
num_cat=0
split_feature=42 85 33 100 28 64 87 21 29 90 86 33 90 86
split_gain=0.00961785 0.023908 0.01299 0.0111035 0.0147274 0.0169547 0.021801 0.0206309 0.0173495 0.0160698 0.0174272 0.0180995 0.0158932 0.0267093
threshold=0.35789725373776243 0.26386737637413477 -0.017936993018079047 1.5000000000000002 0.011963564580138386 3.2519207089136994 -1.2145408441769721 0.018617452453043418 0.013813911578710899 5.4005318715308339e-11 0.32378327533475765 -0.0090326126098683717 7.2250764190691894e-12 0.014467271411096551
decision_type=10 10 10 2 10 8 8 10 10 10 8 10 10 10
left_child=3 -2 -3 -1 5 7 -7 -5 9 10 12 -12 -8 -14
right_child=1 2 -4 4 -6 6 8 -9 -10 -11 11 -13 13 -15
leaf_value=-2.244981134582713e-05 0.00031662586279899665 -0.00036700927692910899 -0.0017113680947248057 0.00045087512265109029 0.00023357435120441295 -0.0010853118222439661 -2.1821982531860508e-05 -0.00081285191386047272 -0.0011932528150500729 0.00073563922165582581 0.00051589727316725083 -0.00069547953663657062 7.5139409391118621e-05 -0.00091766733829306603
leaf_weight=6167 38 23 23 204 702 32 687 23 20 45 139 23 82 92
leaf_count=6167 38 23 23 204 702 32 687 23 20 45 139 23 82 92
internal_value=-1.62269e-13 -0.000425844 -0.00103919 4.35381e-06 8.50263e-05 7.60927e-06 -5.62797e-05 0.000322832 -2.6014e-05 -4.15563e-06 -3.66979e-05 0.000343912 -0.000108311 -0.000449793
internal_weight=8300 84 46 8216 2049 1347 1120 227 1088 1068 1023 162 861 174
internal_count=8300 84 46 8216 2049 1347 1120 227 1088 1068 1023 162 861 174
is_linear=0
shrinkage=0.04


Tree=123
num_leaves=15
num_cat=0
split_feature=89 90 20 88 27 85 74 54 58 88 31 89 15 4
split_gain=0.00956106 0.0257985 0.0283454 0.0262345 0.0300371 0.0281024 0.0258347 0.029636 0.0295522 0.025918 0.0257209 0.025511 0.0454303 0.0400981
threshold=5.7306391225516534e-12 5.0488335805730196e-12 0.01797910311104171 0.47759439867412157 0.0086167476801703655 -0.012527472985041267 0.15776693699647651 0.49102096923578847 8091280795.8470316 -0.22318811572204997 -0.066660133963836618 9.1187614481014741e-12 0.013276764877354977 0.025480101558880145
decision_type=10 10 8 10 10 10 10 8 10 8 10 10 10 10
left_child=1 6 -3 4 -4 -6 9 -8 -9 -1 -7 -2 13 -13
right_child=11 2 3 -5 5 10 7 8 -10 -11 -12 12 -14 -15
leaf_value=0.00022413260703533011 0.0001605536138535942 0.0005455765524401342 1.4773943830267899e-05 0.00017626277899575888 -0.00016244019543340142 -0.00082100699228855481 -0.00033373131746082112 0.0016661164650450583 4.5782051116497397e-05 -1.6710359033594282e-05 0.00016777824697783217 -0.00022402039983717261 3.6401524098940868e-05 -0.0013019719253329989
leaf_weight=1060 1696 77 274 193 260 342 544 23 83 2196 48 189 1237 78
leaf_count=1060 1696 77 274 193 260 342 544 23 83 2196 48 189 1237 78
internal_value=1.31773e-13 -3.40067e-05 -0.000196725 -0.000247895 -0.000336491 -0.000484562 1.57336e-05 -0.000214507 0.000397364 6.16967e-05 -0.00069931 5.41981e-05 -6.57347e-05 -0.000538928
internal_weight=8300 5100 1194 1117 924 650 3906 650 106 3256 390 3200 1504 267
internal_count=8300 5100 1194 1117 924 650 3906 650 106 3256 390 3200 1504 267
is_linear=0
shrinkage=0.04


Tree=124
num_leaves=15
num_cat=0
split_feature=61 48 85 66 42 22 74 65 86 88 35 40 68 49
split_gain=0.00945767 0.0277024 0.0123189 0.0120554 0.0175797 0.0214058 0.0207368 0.0199486 0.0210215 0.021565 0.0197718 0.0181106 0.0173984 0.0173589
threshold=-1.5076663991413179 -0.040084385872651167 0.14769210208568045 3.6130098502800796 -0.20005299438786858 0.009308739395667542 0.13178637493107162 3.7705726653950173 -0.057136410801224599 0.44160409647797344 -0.030220834406520788 -0.0061921644303544734 4.0189788611634647 -0.15770343108358156
decision_type=8 10 10 8 8 10 8 10 8 8 10 10 10 10
left_child=1 2 -1 4 5 -2 7 8 10 -10 -6 12 -8 -9
right_child=3 -3 -4 -5 6 -7 11 13 9 -11 -12 -13 -14 -15
leaf_value=0.00021313979244667156 -0.00034198139884716107 -0.0007948430748255823 -0.00031692466834733673 2.761166495812943e-05 0.00047291067228170822 0.00092197344941526377 0.00090087322608035589 -0.0014094632168998942 -0.00011618219617754221 0.00077209348553123908 -0.00065808975958221022 -0.00018992551486007869 -0.00025047157316779095 -0.00043640291191298855
leaf_weight=173 36 93 118 6968 29 53 70 40 250 53 168 109 30 110
leaf_count=173 36 93 118 6968 29 53 70 40 250 53 168 109 30 110
internal_value=-5.71348e-13 -0.000193865 -1.80044e-06 9.40429e-06 -0.000124424 0.000410711 -0.000179868 -0.000291311 -0.000169939 3.91928e-05 -0.000491597 0.000166723 0.00055547 -0.000695886
internal_weight=8300 384 291 7916 948 89 859 650 500 303 197 209 100 150
internal_count=8300 384 291 7916 948 89 859 650 500 303 197 209 100 150
is_linear=0
shrinkage=0.04


Tree=125
num_leaves=15
num_cat=0
split_feature=76 89 89 15 47 65 19 8 28 29 48 5 58 5
split_gain=0.00946242 0.00992667 0.0258672 0.0420413 0.0373275 0.0355243 0.0346959 0.0396418 0.0405866 0.0474793 0.038605 0.0352373 0.0314153 0.0299605
threshold=-0.4576131080708794 5.7306391225516534e-12 9.1187614481014741e-12 0.013276764877354977 -0.046798844190379822 3.8115567447438887 0.019891997090505601 -0.25347443975317835 0.0098609131316010155 0.012262718570436698 -0.13699781295482846 -0.13120618834760425 4417815029.1509418 -0.20181575956696837
decision_type=8 10 10 10 10 10 10 10 10 8 10 10 10 10
left_child=-1 -2 6 4 12 -5 7 8 -3 -10 -9 -8 -4 -7
right_child=1 2 3 5 -6 13 11 10 9 -11 -12 -13 -14 -15
leaf_value=-0.00068651070585474378 -3.2028265249249728e-05 0.0001981932749816527 0.00017934539168309728 0.00036953273197375445 -0.0011594090921100864 0.0013551825348457154 -0.00044601469919703404 0.0010696391404417228 -0.0017988298951391261 -0.00015062793959966966 4.000238453719738e-05 0.00045003313465072511 -0.0010028481954599128 -0.00013990224239194518
leaf_weight=32 5084 75 122 361 94 22 78 64 58 54 650 704 51 851
leaf_count=32 5084 75 122 361 94 22 78 64 58 54 650 704 51 851
internal_value=-7.30248e-13 2.65703e-06 5.80402e-05 -6.26856e-05 -0.000517789 3.57849e-05 0.000165711 -3.48845e-06 -0.000521933 -0.00100416 0.000132295 0.000360658 -0.000169163 -0.000102225
internal_weight=8300 8268 3184 1501 267 1234 1683 901 187 112 714 782 173 873
internal_count=8300 8268 3184 1501 267 1234 1683 901 187 112 714 782 173 873
is_linear=0
shrinkage=0.04


Tree=126
num_leaves=15
num_cat=0
split_feature=28 87 76 67 28 95 50 46 90 89 64 21 85 54
split_gain=0.00938738 0.0213076 0.0256375 0.0338675 0.0213923 0.033862 0.0360598 0.0366891 0.0206195 0.0239979 0.0216194 0.0196342 0.0198238 0.0285351
threshold=0.0088144845382382656 -1.2014098671894757 0.066879447316361099 4.3092452373549026 0.0096882161051369282 0.63931888544891657 -0.41364536263218127 0.041704273907729718 2.9815396439729697e-11 4.8943389608131927e-12 4.2070666875071501 0.0066249841278437525 -0.11937237350862931 0.39655460059528175
decision_type=10 10 8 10 10 10 8 8 10 10 10 8 10 10
left_child=11 2 -2 -4 5 6 -3 -8 9 -9 -11 -1 -13 -14
right_child=1 4 3 -5 -6 -7 7 8 -10 10 -12 12 13 -15
leaf_value=-0.00016276658121239774 2.2314468364196795e-05 0.00088342605304205792 -0.00043786136581911702 -0.0020762483899792036 1.7841006492137615e-05 0.00090239055449052195 -0.0013837081069747606 -0.00037915194899974282 -0.0010022472216832366 -0.00018315615038358091 0.00071310290601104501 5.8242997450802681e-05 0.00032593508377234764 0.0018791608540341259
leaf_weight=381 108 40 80 27 5782 41 51 353 55 103 74 833 352 20
leaf_count=381 108 40 80 27 5782 41 51 353 55 103 74 833 352 20
internal_value=1.14399e-14 -2.06754e-05 -0.000412454 -0.000851286 -7.71458e-06 -0.000213799 -0.000281497 -0.000354762 -0.000265059 -0.000188559 0.000191551 8.7525e-05 0.000166663 0.000409442
internal_weight=8300 6714 215 107 6499 717 676 636 585 530 177 1586 1205 372
internal_count=8300 6714 215 107 6499 717 676 636 585 530 177 1586 1205 372
is_linear=0
shrinkage=0.04


Tree=127
num_leaves=15
num_cat=0
split_feature=33 20 20 16 59 59 57 55 19 29 22 67 56 16
split_gain=0.00924759 0.0142059 0.0338929 0.0281392 0.0233328 0.0404892 0.0352933 0.0410992 0.0253016 0.0230659 0.0212315 0.0321174 0.0200722 0.0195491
threshold=0.002835674869391736 0.019754468410403441 0.019615360207416971 0.015072027936785673 12567658727.128912 14138777324.484623 6370637805.5821686 5372090735.9657488 0.020054380289594612 0.010104305465139313 0.016246203658551745 4.1497143254770856 3482444511.6554542 0.018896364393277906
decision_type=10 8 10 10 10 10 10 10 10 10 10 8 10 10
left_child=-1 2 3 -2 6 -6 7 8 12 -8 -3 -12 -5 -9
right_child=1 10 -4 4 5 -7 9 13 -10 -11 11 -13 -14 -15
leaf_value=3.7755996379822846e-05 -0.00041995683358027981 6.7132966585627869e-05 -0.00069073398941593949 -0.00092841159564629604 0.001747427405714388 0.00015477382698385366 0.00023129622458489002 0.0010843477949568231 0.00059961800517361447 -0.00042531496355724613 0.00011497116647660733 -0.0010105605752170578 -9.7522195064502358e-05 0.00029446539525917277
leaf_weight=4612 305 1781 157 58 31 145 107 82 67 428 87 76 235 129
leaf_count=4612 305 1781 157 58 31 145 107 82 67 428 87 76 235 129
internal_value=6.30264e-13 -4.72155e-05 -0.0001301 -7.46371e-05 7.51772e-06 0.000435298 -6.05558e-05 0.000158164 -0.000101642 -0.000293993 2.71418e-05 -0.000409817 -0.000261999 0.000601434
internal_weight=8300 3688 1744 1587 1282 176 1106 571 360 535 1944 163 293 211
internal_count=8300 3688 1744 1587 1282 176 1106 571 360 535 1944 163 293 211
is_linear=0
shrinkage=0.04


Tree=128
num_leaves=15
num_cat=0
split_feature=88 65 52 18 66 32 59 58 5 38 87 26 65 31
split_gain=0.00936506 0.0257248 0.029793 0.0251579 0.0324618 0.0238277 0.0217481 0.0218245 0.0198138 0.0195412 0.0189935 0.0171389 0.0170325 0.0168976
threshold=-0.62251620490314019 5.2253357214151714 0.036860522251125023 0.019703929727388905 3.7029086103882611 -0.12581035819932526 7366946578.0101194 6285740174.1947851 -0.0613847061424782 0.058458967170164862 -0.95149204307605906 0.015547098472086782 3.6939492798371147 -0.13473844096411494
decision_type=8 10 10 10 10 10 10 10 10 10 10 10 10 10
left_child=1 2 8 5 -5 9 7 -6 -1 10 -4 -8 -7 -12
right_child=-2 -3 3 4 6 12 11 -9 -10 -11 13 -13 -14 -15
leaf_value=0.00034722933822588345 -1.3253766238929795e-05 -0.00080161855614278464 -0.00069235542532593264 -0.00050139568271642589 0.00060144052527224027 -0.00037341265383386806 -0.00021150179252388976 0.0018111008458903857 0.001384238285886846 -0.0009174473213401865 -0.00025808370900685311 0.0010669982085085433 0.00078127279516775159 0.00079791335224978297
leaf_weight=74 7564 44 59 53 75 31 62 35 49 73 54 23 60 44
leaf_count=74 7564 44 59 53 75 31 62 35 49 73 54 23 60 44
internal_value=7.6075e-13 0.000136211 0.000195842 7.38138e-05 0.000376413 -0.00015997 0.000614997 0.000986332 0.000760347 -0.000376743 -0.000125333 0.000134445 0.000387918 0.000216037
internal_weight=8300 736 692 569 248 321 195 110 123 230 157 85 91 98
internal_count=8300 736 692 569 248 321 195 110 123 230 157 85 91 98
is_linear=0
shrinkage=0.04


Tree=129
num_leaves=15
num_cat=0
split_feature=22 41 22 29 59 19 20 89 59 24 30 85 23 87
split_gain=0.00932118 0.012273 0.0121051 0.0323229 0.0263474 0.031893 0.0341393 0.0350189 0.026186 0.038365 0.0279371 0.025623 0.0225104 0.0220475
threshold=0.019963600100434516 -0.086409989706785859 0.014544879073381487 0.0090887948088228272 6292346114.9008646 0.018293080731057985 0.021743235838337181 1.1646644504176467e-11 8737082877.9475422 0.01182043939573031 -0.048346897899760814 0.1071396947519128 0.012844576002134735 -0.85927262815415206
decision_type=10 10 10 8 10 8 10 8 10 10 10 10 10 10
left_child=2 -2 -1 -4 5 -5 7 13 10 12 -6 -9 -10 -7
right_child=1 -3 3 4 8 6 -8 11 9 -11 -12 -13 -14 -15
leaf_value=1.4975741085292742e-05 0.0011857549351936376 0.00016242718286023982 0.00076981643665461773 0.0015157393349165267 -0.00062319756970689671 0.0013117852451449091 0.00075907823507053167 -0.00081590481168540151 -0.0014070429248386064 0.00058144741426744708 0.00091134120174683633 0.00056860951129347086 -0.00012050613891059422 5.0202257365786607e-08
leaf_weight=6905 22 127 62 22 373 22 75 148 32 98 20 25 68 301
leaf_count=6905 22 127 62 22 373 22 75 148 32 98 20 25 68 301
internal_value=3.71056e-13 0.000313523 -5.73118e-06 -0.000120483 -0.000167104 2.12696e-05 -3.63107e-05 -0.000156581 -0.000356115 1.90003e-05 -0.000545104 -0.00061583 -0.000532198 8.93944e-05
internal_weight=8300 149 8151 1246 1184 593 571 496 591 198 393 173 100 323
internal_count=8300 149 8151 1246 1184 593 571 496 591 198 393 173 100 323
is_linear=0
shrinkage=0.04


Tree=130
num_leaves=15
num_cat=0
split_feature=20 39 20 42 42 21 68 42 32 34 41 22 96 7
split_gain=0.00931126 0.0188023 0.0165509 0.0232984 0.0232918 0.0158696 0.016017 0.0152226 0.0257762 0.0399746 0.0256295 0.0286292 0.0192322 0.0533536
threshold=0.022687506181396953 0.0041113621515813667 0.021898029334363456 -0.21776929313932616 0.10697194491292329 0.0078725123705837233 4.4263576170487831 -0.2209542723880534 -0.37933019357186593 -0.021349379398257925 -0.1383586552911428 0.0096360158742340545 0.42980295566502463 -0.13495047280507591
decision_type=10 10 10 8 8 10 10 8 8 10 10 10 8 10
left_child=2 -2 7 -4 5 -5 -7 10 9 -9 -1 -12 13 -10
right_child=1 -3 3 4 -6 6 -8 8 12 -11 11 -13 -14 -15
leaf_value=-0.00086099325887987327 -1.4334300221213379e-05 -0.00091779660710291755 -0.00093141024632911599 1.4053994186260566e-05 -0.00060875041422800034 0.0010438166866779525 -0.00015915231646171639 0.00016097576295236589 -4.5769863659433861e-05 -0.000818463704234267 -0.00015519259687280282 0.00068809983043967445 -2.2017289838045328e-05 0.00068723771599183293
leaf_weight=29 121 53 21 49 28 113 21 117 482 155 100 181 6593 237
leaf_count=29 121 53 21 49 28 113 21 117 482 155 100 181 6593 237
internal_value=3.75591e-13 -0.000289527 6.19957e-06 0.000339194 0.000465653 0.000630042 0.000855292 -3.58696e-06 -1.48172e-05 -0.000397161 0.000271155 0.000387996 -5.94328e-07 0.000195847
internal_weight=8300 174 8126 232 211 183 134 7894 7584 272 310 281 7312 719
internal_count=8300 174 8126 232 211 183 134 7894 7584 272 310 281 7312 719
is_linear=0
shrinkage=0.04


Tree=131
num_leaves=15
num_cat=0
split_feature=37 6 42 25 20 57 8 38 86 53 21 68 74 42
split_gain=0.00920295 0.0132918 0.0225092 0.0335604 0.0372583 0.0266044 0.0199863 0.0181469 0.0190528 0.0178925 0.0215474 0.0187467 0.0164664 0.0277508
threshold=0.25845063874259616 0.1968999965673032 -0.040425184932137086 0.010644116541088938 0.020526854570184511 7896772464.5662317 0.31521320430592975 0.090128307600483085 -0.054496079078008137 0.35338797043575426 0.0095229379473115421 4.1526496808189899 0.2452657974650411 0.23303726968147234
decision_type=10 10 10 10 10 10 10 10 10 10 10 10 10 10
left_child=1 9 7 -4 5 -5 -6 8 -3 12 11 -11 -1 -14
right_child=-2 2 3 4 6 -7 -8 -9 -10 10 -12 -13 13 -15
leaf_value=1.085837811646267e-05 -0.0006879075553508536 -0.00061620255567234109 8.8007532992187521e-05 0.00088714926523555601 0.00063788584202177244 0.0026384193774150765 -0.00064477745210751887 -0.00083178748317438652 0.00056662551259165105 -0.00016113784319410723 0.00013830295716285367 -0.0016043881383827991 -0.0001503117265482113 -0.0014224399183073949
leaf_weight=6914 31 37 405 35 77 23 26 57 53 24 44 36 509 29
leaf_count=6914 31 37 405 35 77 23 26 57 53 24 44 36 509 29
internal_value=3.02068e-13 2.57893e-06 0.000167671 0.000282208 0.000770726 0.00158162 0.000314107 -0.000273335 8.03518e-05 -1.29995e-05 -0.000534038 -0.00102709 -5.72794e-06 -0.000218884
internal_weight=8300 8269 713 566 161 58 103 147 90 7556 104 60 7452 538
internal_count=8300 8269 713 566 161 58 103 147 90 7556 104 60 7452 538
is_linear=0
shrinkage=0.04


Tree=132
num_leaves=15
num_cat=0
split_feature=86 57 24 23 22 96 85 74 24 68 88 25 18 65
split_gain=0.00903755 0.0110908 0.0105791 0.0123113 0.0355071 0.0467519 0.0269701 0.0292543 0.0253295 0.0274404 0.0330682 0.0274681 0.0265587 0.0347647
threshold=0.74478213189528897 8564836539.9200125 0.0077274527759320236 0.011178811318442814 0.012234707727671892 0.43364779874213844 -0.5089933105576846 -0.034782238160778349 0.014764398262821976 4.4211786816326049 0.22364462207824368 0.011852595249893095 0.020677717555870067 4.8069407286310915
decision_type=10 10 8 10 10 8 10 8 10 8 10 10 8 10
left_child=2 -2 -1 4 8 -6 -7 -8 9 -4 12 -12 13 -11
right_child=1 -3 3 -5 5 6 7 -9 -10 10 11 -13 -14 -15
leaf_value=-0.0005211939871860821 -5.5961937239197528e-05 -0.0011543095637171065 -5.3038704814383393e-05 -4.4178675294679119e-05 0.0014853936983022973 -0.00044926435770725623 -0.00014307417004908387 0.00072880420365503847 0.0010188245873432606 0.00076312538605028139 -4.938167482801221e-05 -0.001361932917658625 1.2571897869016609e-05 -1.2630657765566184e-05
leaf_weight=61 38 24 2932 3875 56 72 95 175 40 303 212 29 255 133
leaf_count=61 38 24 2932 3875 56 72 95 175 40 303 212 29 255 133
internal_value=-6.56896e-14 -0.000481129 3.62102e-06 7.53612e-06 5.41179e-05 0.000414029 0.000238601 0.000422032 1.74261e-05 7.05965e-06 0.000196124 -0.000207324 0.000336835 0.000526484
internal_weight=8300 62 8238 8177 4302 398 342 270 3904 3864 932 241 691 436
internal_count=8300 62 8238 8177 4302 398 342 270 3904 3864 932 241 691 436
is_linear=0
shrinkage=0.04


Tree=133
num_leaves=15
num_cat=0
split_feature=28 58 55 19 31 41 19 29 48 22 25 68 55 29
split_gain=0.00901214 0.0164645 0.0258442 0.0416975 0.025773 0.0187146 0.015171 0.0220686 0.0183545 0.0294352 0.0166577 0.0162913 0.0149347 0.0203086
threshold=0.0080096054235274366 6245803706.2923603 3277873237.572648 0.01948104155818552 -0.24849569362583127 0.033489480942900947 0.017597090033825511 0.0087541785324133006 -0.13802686908984643 0.010794115256215637 0.011063249434391161 4.0524748785508589 11462365594.048782 0.010712294541885098
decision_type=10 10 8 10 10 10 10 10 10 10 10 10 10 8
left_child=1 2 3 5 -5 -1 8 -8 9 -3 -9 -10 13 -4
right_child=-2 6 12 4 -6 -7 7 10 11 -11 -12 -13 -14 -15
leaf_value=0.0012621922587921811 -1.5601603965216362e-05 -0.0014946710221868541 -0.0004100445078082523 0.00047708298345415165 -0.0014417339789118463 -5.2967641133126681e-05 0.0016055692682974041 0.00081941485070787814 0.0010113179152579726 0.00014364068852143084 0.00013558983299450552 -0.00019252261373081379 -0.00091004047682508829 0.00015429164908838713
leaf_weight=70 7280 28 186 21 24 23 25 85 37 47 173 35 40 226
leaf_count=70 7280 28 186 21 24 23 25 85 37 47 173 35 40 226
internal_value=-2.3147e-13 0.000111353 -2.58435e-05 0.000453278 -0.000546286 0.000936938 0.000299598 0.000470836 -3.00626e-05 -0.000467996 0.000360881 0.000426118 -0.000172124 -0.000100481
internal_weight=8300 1020 590 138 45 93 430 283 147 75 258 72 452 412
internal_count=8300 1020 590 138 45 93 430 283 147 75 258 72 452 412
is_linear=0
shrinkage=0.04


Tree=134
num_leaves=15
num_cat=0
split_feature=100 75 4 3 52 77 59 86 22 30 20 76 29 18
split_gain=0.0090454 0.0139471 0.0194116 0.0168392 0.014706 0.0146448 0.0141957 0.0138523 0.0145776 0.0162984 0.0156727 0.0189128 0.0138888 0.0272825
threshold=1.5000000000000002 0.22274257914702492 -0.040436315443833463 -0.077839937064792294 0.052516954730492123 0.0025613824392093369 6806209907.5863552 0.44416628712743006 0.012783568457096748 -0.062046650890286097 0.020052980771308959 0.070321657138603069 0.011526703501728101 0.021383386200086996
decision_type=2 8 8 10 8 2 10 10 10 10 10 10 10 10
left_child=7 5 3 -3 6 -2 -4 12 9 -9 11 -11 -1 -14
right_child=1 2 4 -5 -6 -7 -8 8 -10 10 -12 -13 13 -15
leaf_value=-6.9373370834590955e-05 0.00010723612229573987 0.00021122215800763416 0.0014152991115722968 -0.00079765736717381523 -8.4957725221831556e-05 0.0011700890970505065 -5.9492109655614266e-06 -0.00075073101722378417 0.00036633903529339785 2.1916300545959476e-05 0.00045923109934665264 -0.0010393552126532252 0.00013202612434991577 -0.00014197169731287545
leaf_weight=3050 1690 36 23 100 187 21 22 116 48 69 50 44 2029 815
leaf_count=3050 1690 36 23 100 187 21 22 116 48 69 50 44 2029 815
internal_value=-1.21438e-13 7.22333e-05 -0.000151163 -0.000530601 7.12668e-05 0.000120281 0.000720467 -2.41397e-05 -0.000277549 -0.000388325 -0.000130416 -0.000391322 -1.00805e-05 5.35071e-05
internal_weight=8300 2079 368 136 232 1711 45 6221 327 279 163 113 5894 2844
internal_count=8300 2079 368 136 232 1711 45 6221 327 279 163 113 5894 2844
is_linear=0
shrinkage=0.04


Tree=135
num_leaves=15
num_cat=0
split_feature=60 30 82 66 74 88 67 25 26 65 67 51 86 87
split_gain=0.00884019 0.011688 0.0117527 0.0102293 0.0156206 0.0187733 0.0212002 0.0160606 0.0154025 0.0203574 0.0165754 0.0143401 0.0142564 0.0131923
threshold=-1.633196204725893 -0.06635311992366498 0.13722098899504653 3.5600866154705746 0.18048706756350955 0.86375491370062141 3.9214352970633599 0.010267643288804173 0.0062855061300981117 3.7780518668424201 4.009222023967685 0.072961016062772513 0.32378327533475765 0.551656346460628
decision_type=8 10 2 8 8 10 10 8 10 10 8 10 8 8
left_child=1 2 -1 4 5 8 -7 -6 9 10 -2 -9 -10 -5
right_child=3 -3 -4 13 7 6 -8 11 12 -11 -12 -13 -14 -15
leaf_value=-0.00078463537790985011 0.00050911781064415771 -0.00068899416385273288 0.00015292586663015101 5.2214842930642284e-05 0.0012988152833921568 0.001474769555709579 -0.00028126790950244122 0.00055027545506600292 -0.00043521342966712176 -0.00076344230315751496 -0.00074451411003246897 -0.00042289220812195474 0.0003927118147516416 -7.2333079011607722e-05
leaf_weight=27 108 68 103 5491 21 22 22 50 440 36 20 47 36 1809
leaf_count=27 108 68 103 5491 21 22 22 50 440 36 20 47 36 1809
internal_value=-7.59461e-14 -0.000264068 -4.17984e-05 6.45339e-06 -0.000129147 -0.000202469 0.000596751 0.000295873 -0.000257415 7.68934e-05 0.000313238 7.87406e-05 -0.000372597 2.13508e-05
internal_weight=8300 198 130 8102 802 684 44 118 640 164 128 97 476 7300
internal_count=8300 198 130 8102 802 684 44 118 640 164 128 97 476 7300
is_linear=0
shrinkage=0.04


Tree=136
num_leaves=15
num_cat=0
split_feature=71 46 74 52 68 87 81 75 73 5 31 39 20 19
split_gain=0.00874086 0.0132495 0.0167151 0.0161633 0.018968 0.0147682 0.0146699 0.0157487 0.0154161 0.015108 0.0145472 0.0144687 0.0210268 0.0211059
threshold=0.70294117647058829 0.29468063702688058 0.0090136811366632336 0.038950838158676622 4.5333455002647414 -1.1640518632214567 0.78475943450971763 -0.23517744608405886 0.18907596481303937 -0.03809674569556553 -0.11516001770133065 0.025320705707887473 0.020808094328834775 0.021140855041955158
decision_type=10 8 10 10 10 10 2 8 8 10 10 10 10 10
left_child=-1 3 6 10 -5 -4 7 9 -8 -3 -2 12 13 -7
right_child=1 2 5 4 -6 11 8 -9 -10 -11 -12 -13 -14 -15
leaf_value=2.6633833582408222e-05 -6.2716483802590723e-05 0.00026725352717269407 -0.00063941913449929821 -0.00027617932162730599 -0.0013302577129597293 0.00031619823068345038 -0.00029152197952637715 6.8918886036810809e-05 -0.0014003637125310693 -0.00067098589289187906 0.00086884066133342428 -8.3507454471795699e-05 0.0010022875951272586 -0.00058566452672319897
leaf_weight=5841 357 38 36 470 29 356 157 546 23 99 29 210 62 47
leaf_count=5841 357 38 36 470 29 356 157 546 23 99 29 210 62 47
internal_value=2.16625e-13 -6.32648e-05 6.35765e-06 -0.000187091 -0.000337438 0.000149967 -0.000111958 -2.72947e-05 -0.000433207 -0.000410744 7.27097e-06 0.000192068 0.000316521 0.000211018
internal_weight=8300 2459 1574 885 499 711 863 683 180 137 386 675 465 403
internal_count=8300 2459 1574 885 499 711 863 683 180 137 386 675 465 403
is_linear=0
shrinkage=0.04


Tree=137
num_leaves=15
num_cat=0
split_feature=22 10 39 90 20 67 89 58 4 20 75 41 30 26
split_gain=0.00869161 0.011912 0.0114763 0.0218674 0.0240758 0.0296814 0.0308345 0.0221072 0.0198146 0.0193898 0.018448 0.024151 0.0257628 0.0312526
threshold=0.019963600100434516 -0.022389884467635342 -0.053965139217986118 4.853308838359791e-12 0.02087305703202931 4.3622167620801227 2.5713754933480003e-11 7146622574.420392 -0.068405973126136596 0.022821390817359118 -0.14798938838501555 -0.1352428153137675 -0.098848279490498112 0.016944028154606862
decision_type=10 10 8 10 10 10 10 10 10 10 10 8 10 10
left_child=2 -2 3 7 5 6 -5 -1 -4 10 11 -10 13 -13
right_child=1 -3 8 4 -6 -7 -8 -9 9 -11 -12 12 -14 -15
leaf_value=-0.0011005962351405554 -0.00055655862755057495 0.00045160593092579055 0.00021277828485626664 -0.00025102671418110575 0.00066937955076688197 0.000444620203741483 -0.0018127032126300036 -0.00021282568036082067 -0.0010415099786636843 -0.0006408400001372427 3.2479879096047197e-05 0.00034662217421710547 -0.0001768582065011061 -0.00055060726265717102
leaf_weight=68 22 127 678 106 71 76 25 132 44 78 5092 340 1365 76
leaf_count=68 22 127 678 106 71 76 25 132 44 78 5092 340 1365 76
internal_value=-1.19313e-13 0.000302749 -5.53425e-06 -0.000195696 3.37794e-05 -0.000184228 -0.000549057 -0.000514668 6.31216e-06 -1.36999e-05 -6.62787e-06 -0.000115744 -9.28726e-05 0.000182705
internal_weight=8300 149 8151 478 278 207 131 200 7673 6995 6917 1825 1781 416
internal_count=8300 149 8151 478 278 207 131 200 7673 6995 6917 1825 1781 416
is_linear=0
shrinkage=0.04


Tree=138
num_leaves=15
num_cat=0
split_feature=85 36 49 48 21 86 86 54 87 89 40 39 54 89
split_gain=0.00880002 0.0182578 0.0211221 0.0258272 0.0232789 0.0215613 0.0133016 0.0131327 0.0123019 0.0441153 0.0398405 0.0455837 0.0261919 0.0235434
threshold=0.93158368685759585 -0.096732310913060102 -0.15994052641754383 -0.050994725248833132 0.0086085160030040919 0.12666547808386464 0.16704723493754858 0.27583081886442257 1.1321257164468663 3.4829026349942182e-12 0.050190579424694189 -0.013915619129994559 0.17882093160143456 2.8500285898315811e-11
decision_type=10 10 8 10 10 10 10 8 10 10 10 10 8 10
left_child=8 6 -3 4 -4 -5 -2 -7 -1 12 11 -11 -10 -13
right_child=1 2 3 5 -6 7 -8 -9 9 10 -12 13 -14 -15
leaf_value=7.4520572898040144e-06 0.00030429055850783533 -0.00059829846720962801 0.0014041780862543319 0.00083384734919053269 0.00020900473578818021 0.0003361607139231637 0.0017296037496998906 -0.00076340212313909207 0.00080701213432128561 -1.9712732963496701e-05 0.00047373716475605662 -0.00076028883129196324 -5.6546079654830289e-05 -0.0021911117592826484
leaf_weight=7255 22 57 45 27 62 24 20 63 93 166 74 230 142 20
leaf_count=7255 22 57 45 27 62 24 20 63 93 166 74 230 142 20
internal_value=-6.13169e-13 0.000205679 8.82399e-05 0.000265311 0.000711648 -0.000153619 0.000983011 -0.000460074 -8.24777e-06 -0.000165354 -0.000381438 -0.00053356 0.000285202 -0.000874755
internal_weight=8300 320 278 221 107 114 42 87 7980 725 490 416 235 250
internal_count=8300 320 278 221 107 114 42 87 7980 725 490 416 235 250
is_linear=0
shrinkage=0.04


Tree=139
num_leaves=15
num_cat=0
split_feature=88 52 18 32 66 90 85 90 18 22 39 67 5 68
split_gain=0.00866947 0.0234303 0.0288141 0.0297406 0.0253683 0.0240986 0.0227706 0.019785 0.0218565 0.0177769 0.0179139 0.015383 0.0165146 0.014529
threshold=-0.62251620490314019 0.039801266711207546 0.019703929727388905 -0.12581035819932526 3.7029086103882611 4.8111027205323869e-12 -0.11937237350862931 4.2683781964837378e-12 0.015422170903444506 0.010794115256215637 -0.0096757841205917777 4.5424254054119588 -0.0647539563982895 4.3037739100602295
decision_type=8 10 10 8 10 10 10 10 8 10 10 10 10 10
left_child=1 11 3 7 -4 6 -6 -3 -9 -10 -11 12 -1 -2
right_child=13 2 4 -5 5 -7 -8 8 9 10 -12 -13 -14 -15
leaf_value=0.00033794166414405808 -5.1936614991838954e-05 -0.0011758240597436623 -0.00046072977483272554 0.00035914457375460333 -0.0010247563485366602 0.00089940161443769655 0.00044787113584399254 0.00097613817919045694 -0.00073122221508988298 0.0011012455365853385 -0.00034254330007983793 -0.00043298580683767798 0.0012764409393156795 6.5679244885676969e-05
leaf_weight=66 5044 49 50 101 24 122 56 20 109 20 44 20 55 2520
leaf_count=66 5044 49 50 101 24 122 56 20 109 20 44 20 55 2520
internal_value=7.9558e-13 0.000131055 2.11898e-05 -0.000217403 0.000345941 0.000545612 6.08289e-06 -0.000458028 -0.00027579 -0.000420521 0.000108641 0.000594672 0.000764532 -1.27521e-05
internal_weight=8300 736 595 343 252 202 80 242 193 173 64 141 121 7564
internal_count=8300 736 595 343 252 202 80 242 193 173 64 141 121 7564
is_linear=0
shrinkage=0.04


Tree=140
num_leaves=15
num_cat=0
split_feature=76 18 81 87 65 51 89 41 76 24 88 55 90 30
split_gain=0.008598 0.00941236 0.00990431 0.0155539 0.0131933 0.0135245 0.0121393 0.0242782 0.029828 0.0334756 0.0300287 0.0351445 0.025427 0.0256599
threshold=-0.4576131080708794 0.025540900281703322 0.26558226551067704 -1.2626009148708108 2.8361417625399121 0.051952932853417962 5.0449622386630022e-12 0.057521576953171179 -0.028262218922579015 0.0092596891949208344 -0.21795753364957224 7261320127.4571943 2.8085655671031441e-12 -0.067434061654839048
decision_type=8 10 2 8 8 8 10 10 10 10 8 10 10 10
left_child=-1 2 3 -2 5 -4 7 8 10 -10 11 -6 -13 -14
right_child=1 -3 4 -5 6 -7 -8 -9 9 -11 -12 12 13 -15
leaf_value=-0.0006544024609775079 -0.00072837518880496154 -0.00049250279320403937 0.00025359638154697726 9.950838175877708e-05 -3.5673331343661074e-06 -0.00061130641421186743 5.3027656507836083e-05 0.00013117727548121462 0.000212197377043255 -0.00035767644612884092 -0.0001023423177083865 0.00025384853869168597 0.00084467748821457375 0.0024790547902441835
leaf_weight=32 37 61 39 1946 202 112 2737 802 197 1013 983 66 51 22
leaf_count=32 37 61 39 1946 202 112 2737 802 197 1013 983 66 51 22
internal_value=-5.2373e-13 2.53276e-06 6.2122e-06 8.40612e-05 -1.85909e-05 -0.000387921 -9.40784e-06 -6.06327e-05 -0.00012134 -0.000264895 9.85548e-06 0.000333288 0.000822818 0.00133723
internal_weight=8300 8268 8207 1983 6224 151 6073 3336 2534 1210 1324 341 139 73
internal_count=8300 8268 8207 1983 6224 151 6073 3336 2534 1210 1324 341 139 73
is_linear=0
shrinkage=0.04


Tree=141
num_leaves=15
num_cat=0
split_feature=37 51 5 16 68 39 23 67 59 22 54 37 42 18
split_gain=0.00867378 0.0113418 0.0207437 0.0207425 0.0244978 0.0271361 0.023551 0.0221996 0.0214702 0.0167357 0.01628 0.0161711 0.0201473 0.0156152
threshold=0.25845063874259616 0.1897008055734675 0.12560137058407297 0.014055317756259312 3.9595794381441425 0.014117549486670657 0.011818570620585908 3.6875968162658892 6711104490.8330526 0.0041382701730039604 0.58389096126908779 0.12137662650321902 0.11033857814847915 0.018315553297659656
decision_type=10 10 10 10 10 10 10 8 10 10 10 10 8 10
left_child=1 2 -1 -3 7 8 10 -5 -6 -4 11 12 -7 -11
right_child=-2 3 9 4 5 6 -8 -9 -10 13 -12 -13 -14 -15
leaf_value=4.3909512955613965e-06 -0.00066783733342984516 0.00083572470734867717 -0.0013692367084972238 0.00027231365628540514 0.00026402459907568182 0.00087467741938559594 0.0010049240134429893 -0.0014599605762110701 0.0020118945354426448 0.00028107263647732055 0.00051886411322476828 -0.00049245750992041499 -0.00063289909087040509 -0.00041435677331173794
leaf_weight=7511 31 69 23 20 23 37 37 29 22 68 57 135 23 215
leaf_count=7511 31 69 23 20 23 37 37 29 22 68 57 135 23 215
internal_value=-2.54463e-13 2.50368e-06 -8.76113e-06 0.00019732 8.23074e-05 0.000204839 6.25677e-05 -0.00075291 0.00111854 -0.000331589 -7.57941e-05 -0.000249617 0.000296773 -0.000247257
internal_weight=8300 8269 7817 452 383 334 289 49 45 306 252 195 60 283
internal_count=8300 8269 7817 452 383 334 289 49 45 306 252 195 60 283
is_linear=0
shrinkage=0.04


Tree=142
num_leaves=15
num_cat=0
split_feature=42 85 29 100 86 54 46 20 96 33 88 87 76 64
split_gain=0.00855572 0.0205232 0.00966259 0.00939874 0.0133471 0.0166222 0.0163214 0.0182551 0.016605 0.0156727 0.0131054 0.0217507 0.017682 0.0175587
threshold=0.35789725373776243 0.23814478470879855 0.013339893079864796 1.5000000000000002 0.31384763311698971 0.50101096886124241 0.45455501233150669 0.020462709539333875 0.39827586206896559 -0.020850072246584191 -0.61595895014103308 -1.1358246045587339 0.066879447316361099 3.9194405801812136
decision_type=10 10 10 2 10 8 10 8 10 10 8 8 10 10
left_child=3 -2 -3 -1 10 6 7 8 -6 -9 12 13 -5 -12
right_child=1 2 -4 4 5 -7 -8 9 -10 -11 11 -13 -14 -15
leaf_value=-2.0553936899136978e-05 0.00035656631910516059 -0.00023619272885844111 -0.0013712460196887452 0.00076051499501442199 7.1360132513711085e-05 0.0011594793589456993 -0.00010284217047910715 0.0005014806761884698 0.0012981034410186113 -0.00093473893753252921 0.00016631983104161918 3.0348010473583431e-05 -0.00010189205256930148 -0.0013194055163434574
leaf_weight=6167 34 20 30 88 26 34 128 31 55 20 20 1545 67 35
leaf_count=6167 34 20 30 88 26 34 128 31 55 20 20 1545 67 35
internal_value=-2.54242e-13 -0.000401643 -0.000917225 4.10638e-06 7.8328e-05 0.000327757 0.000218994 0.000531077 0.000904334 -6.17427e-05 3.65433e-05 2.5218e-06 0.000387733 -0.000779142
internal_weight=8300 84 50 8216 2049 294 260 132 81 51 1755 1600 155 55
internal_count=8300 84 50 8216 2049 294 260 132 81 51 1755 1600 155 55
is_linear=0
shrinkage=0.04


Tree=143
num_leaves=15
num_cat=0
split_feature=31 40 31 27 86 38 75 42 86 24 53 15 24 45
split_gain=0.00857016 0.0130998 0.0105488 0.017188 0.0180295 0.0215097 0.0184265 0.0179491 0.0175966 0.0222153 0.0217848 0.0154597 0.0140366 0.0235342
threshold=-0.048686590895025077 0.053901503182657413 -0.068708680680577658 0.016005132327847022 0.1134316822055428 0.27029952720862088 -0.14798938838501555 0.12634220102823826 0.41592474598240164 0.0088397618316321327 0.20970992334801411 0.017999530538454496 0.0089011848740208881 0.82344766573132389
decision_type=10 10 10 10 8 10 10 10 10 10 10 10 8 10
left_child=2 -2 12 4 5 6 -4 -8 9 11 -10 -6 13 -1
right_child=1 -3 3 -5 8 -7 7 -9 10 -11 -12 -13 -14 -15
leaf_value=7.2144060847841691e-05 -0.0011075186672886569 8.6079667051953659e-05 -0.00036756611253688302 -0.00039299619955272645 -1.6432177985734598e-05 -0.00063784277547271025 -4.9125043392783353e-05 0.00073740062400672545 0.00084511654372493338 0.0014729867273391309 -0.0005642999955230056 0.00082238592452202471 1.0092752440870184e-06 -0.00064368009316365647
leaf_weight=149 28 31 69 80 64 62 82 107 28 44 47 78 7286 145
leaf_count=149 28 31 69 80 64 62 82 107 28 44 47 78 7286 145
internal_value=4.26717e-13 -0.000480374 3.43915e-06 0.000156691 0.000232379 3.11416e-05 0.000191905 0.000396157 0.000479107 0.000687666 -3.81178e-05 0.000444327 -9.92488e-06 -0.000280898
internal_weight=8300 59 8241 661 581 320 258 189 261 186 75 142 7580 294
internal_count=8300 59 8241 661 581 320 258 189 261 186 75 142 7580 294
is_linear=0
shrinkage=0.04


Tree=144
num_leaves=15
num_cat=0
split_feature=36 51 22 23 16 30 68 42 32 85 40 42 18 7
split_gain=0.00840317 0.0168282 0.0191779 0.0203459 0.0190808 0.025203 0.0213427 0.0154493 0.0172039 0.0144532 0.013818 0.0126358 0.0116186 0.0114982
threshold=0.17882796966234074 0.19323976437508431 0.0034323019774121139 0.0068542445631764671 0.014282620037754398 -0.041126484947603674 4.1125843736928163 -0.079369027856677085 -0.12409833136550434 -0.19790258007993708 0.1219219630271088 -0.31123910720709752 0.019284599160359822 0.011403361439956907
decision_type=10 10 8 8 10 10 10 10 10 10 10 8 10 8
left_child=1 2 3 -1 12 7 -7 -6 9 -9 -8 -4 -3 -5
right_child=-2 4 11 13 5 6 10 8 -10 -11 -12 -13 -14 -15
leaf_value=-0.0015986636143339717 -0.00037808836118245537 0.0014614421950518003 0.00084743918152526028 -0.0009600242178887129 1.3973027827956204e-05 -0.00095719251678823389 -0.0002089429732218542 0.0018369354603419198 1.5389515925198794e-05 0.00055332105392590168 0.00071202451096676099 -3.8327578971119397e-06 0.00034757756355122246 7.4564827521416273e-05
leaf_weight=23 93 31 28 25 53 43 83 32 25 25 38 7717 29 55
leaf_count=23 93 31 28 25 53 43 83 32 25 25 38 7717 29 55
internal_value=-3.61852e-13 4.28442e-06 -7.96609e-06 -0.000550183 0.000272089 0.000141457 -0.000191735 0.000546224 0.00089024 0.00127395 8.02865e-05 -7.55209e-07 0.000923074 -0.000248744
internal_weight=8300 8207 7848 103 359 299 164 135 82 57 121 7745 60 80
internal_count=8300 8207 7848 103 359 299 164 135 82 57 121 7745 60 80
is_linear=0
shrinkage=0.04


Tree=145
num_leaves=15
num_cat=0
split_feature=19 6 67 24 68 18 41 67 88 87 20 28 54 22
split_gain=0.00838323 0.0290256 0.0244735 0.0218555 0.0211895 0.0279872 0.0180147 0.0179738 0.0178815 0.0175594 0.0266103 0.0217717 0.0179965 0.0272746
threshold=0.021629406237338399 -0.21110967421406376 4.176045763947875 0.013454376090282742 3.765689859060684 0.022284418894231366 -0.1764684263064841 4.6566472048115317 0.31898728653558789 2.2099078856829792 0.020354714814195329 0.011692914741251557 0.040127039249641124 0.011096173030407176
decision_type=10 10 10 10 10 10 8 10 10 10 8 10 8 10
left_child=3 2 -2 6 -5 -6 -1 9 -4 10 11 -3 13 -12
right_child=1 7 8 4 5 -7 -8 -9 -10 -11 12 -13 -14 -15
leaf_value=-0.00087908639402657347 0.0011425625733627041 -0.0014217603003264083 0.00057327034954841329 -0.00073352652087730046 0.00026497499993978621 0.0013208811008371412 5.9409713689945343e-06 0.00056653842482214361 -0.0010176146090961993 0.00083054300254354111 0.0013196727380366815 -0.00035359769243241093 -0.00022227329947558028 -2.4977369894008708e-05
leaf_weight=37 53 49 26 27 246 48 6764 52 20 26 31 81 731 109
leaf_count=37 53 49 26 27 246 48 6764 52 20 26 31 81 731 109
internal_value=2.1868e-13 -9.8845e-05 0.000556652 1.63493e-05 0.000338881 0.000437368 1.12609e-06 -0.000158988 -0.000118419 -0.000195723 -0.00022238 -0.000756213 -0.000142703 0.000272767
internal_weight=8300 1178 99 7122 321 294 6801 1079 46 1027 1001 130 871 140
internal_count=8300 1178 99 7122 321 294 6801 1079 46 1027 1001 130 871 140
is_linear=0
shrinkage=0.04


Tree=146
num_leaves=15
num_cat=0
split_feature=59 89 16 32 86 42 39 42 90 86 73 47 89 15
split_gain=0.00822636 0.00994785 0.0387184 0.0288905 0.0324539 0.0187853 0.0165102 0.0134134 0.0129605 0.0502353 0.016415 0.0154264 0.0146912 0.0478066
threshold=484803774.67954224 4.7040529426062737e-11 0.025424024927730302 -0.28207813518450708 -0.31276133836794745 -0.11302389234107067 -0.022281093881486799 -0.040425184932137086 3.8647665185754192e-11 -0.19818718244680225 0.04713110235406915 -0.046798844190379822 1.3250556351895424e-11 0.01683478711560852
decision_type=8 10 10 10 8 10 10 10 10 10 10 10 10 10
left_child=-1 8 3 4 -3 6 -6 -5 12 10 -10 -11 -2 -14
right_child=1 2 -4 7 5 -7 -8 -9 9 11 -12 -13 13 -15
leaf_value=0.00064010323971160684 1.2527662074792226e-05 -0.0016695863641798497 0.00074121497397986694 -0.00039564425422048029 0.00045062258867829136 0.00082175906118307567 -0.00068501962284143601 -0.0016148682709206782 -0.0011945816337624018 0.0013076823247807486 0.00012648284530129147 0.00041367770088167826 -0.00071076285292747342 7.3504689432846824e-05
leaf_weight=32 7276 20 51 22 33 37 54 42 34 53 27 74 192 353
leaf_count=32 7276 20 51 22 33 37 54 42 34 53 27 74 192 353
internal_value=1.64228e-13 -2.47742e-06 -0.000246463 -0.000488634 -0.000174355 6.68111e-05 -0.000254259 -0.00119576 5.41273e-06 0.000333609 -0.000609848 0.000786766 -2.47642e-06 -0.000202788
internal_weight=8300 8268 259 208 144 124 87 64 8009 188 61 127 7821 545
internal_count=8300 8268 259 208 144 124 87 64 8009 188 61 127 7821 545
is_linear=0
shrinkage=0.04


Tree=147
num_leaves=15
num_cat=0
split_feature=28 87 56 41 88 28 95 50 46 3 42 76 49 31
split_gain=0.00831773 0.0182551 0.0240568 0.0193178 0.0192172 0.0182047 0.0311964 0.029671 0.0326278 0.0191788 0.0176414 0.0174799 0.0238534 0.0252301
threshold=0.0088144845382382656 -1.2014098671894757 5130524937.1586628 -0.058749526255876976 -0.045079131679286316 0.0096882161051369282 0.63931888544891657 -0.41364536263218127 0.041704273907729718 0.018823989205819073 0.068495989605235411 0.25159687279538284 -0.084779876358156855 -0.067935008684285245
decision_type=10 10 10 10 10 10 10 8 8 10 10 10 10 10
left_child=-1 2 3 -2 -4 6 7 -3 -9 11 -8 12 -10 -14
right_child=1 5 4 -5 -6 -7 10 8 9 -11 -12 -13 13 -15
leaf_value=8.2387722954652411e-05 -0.00077354535545137802 0.00079414432356134058 -0.0004637353029748839 0.00064881161061930469 -0.0016659823915240572 1.6109574105679345e-05 2.3563733149785549e-05 -0.001299341703746833 -0.00022122869487867643 -0.0006527497664376694 0.0016835100230361735 -0.00089252381940327949 0.00080911536019362786 -0.00064039861243218182
leaf_weight=1586 22 40 117 50 26 5782 20 51 295 140 21 42 83 25
leaf_count=1586 22 40 117 50 26 5782 20 51 295 140 21 42 83 25
internal_value=5.11618e-13 -1.94619e-05 -0.000382093 0.000214203 -0.000682326 -7.46529e-06 -0.000197577 -0.000262555 -0.000329015 -0.000244422 0.00087378 -0.000115959 -3.50269e-05 0.00047358
internal_weight=8300 6714 215 72 143 6499 717 676 636 585 41 445 403 108
internal_count=8300 6714 215 72 143 6499 717 676 636 585 41 445 403 108
is_linear=0
shrinkage=0.04


Tree=148
num_leaves=15
num_cat=0
split_feature=100 40 86 27 87 20 89 18 29 2 20 87 68 39
split_gain=0.0081566 0.0289433 0.0229696 0.0278474 0.0164573 0.0158625 0.0231129 0.0153241 0.0166793 0.0136144 0.013257 0.0158674 0.0144937 0.0129439
threshold=3.5000000000000004 0.017947771359256407 0.27793839469709131 0.0071187267112016337 -1.1358246045587339 0.019068007012178173 3.3410071373668539e-12 0.018294661726287204 0.012947046759479252 -0.050768380738951284 0.022687506181396953 1.4912321997023545 3.9684568298917209 -0.054987147957101239
decision_type=2 10 10 10 8 10 10 8 8 10 10 10 10 8
left_child=10 2 4 -4 -2 6 -6 -3 -9 -8 13 12 -12 -1
right_child=1 7 3 -5 5 -7 9 8 -10 -11 11 -13 -14 -15
leaf_value=-0.00023577663737359475 -0.001216242190408097 6.3272777551901527e-05 -0.00033573597163796939 0.0012608355599116872 0.00037638791138306261 0.00015710673023446278 -9.0171782223758519e-05 0.0014081097101496362 0.00014431633986532687 -0.001211204651581983 -0.00083180581286017383 -0.0013986515404567832 6.4969854214248931e-05 8.965721963406191e-06
leaf_weight=363 22 40 29 44 37 176 26 55 24 52 42 21 92 7277
leaf_count=363 22 40 29 44 37 176 26 55 24 52 42 21 92 7277
internal_value=-1.12271e-13 0.000155789 -1.23494e-05 0.000626581 -0.000161365 -8.1615e-05 -0.000446963 0.000701181 0.00102417 -0.000837527 -1.00928e-05 -0.000376325 -0.000216109 -2.66274e-06
internal_weight=8300 505 386 73 313 291 115 119 79 78 7795 155 134 7640
internal_count=8300 505 386 73 313 291 115 119 79 78 7795 155 134 7640
is_linear=0
shrinkage=0.04


Tree=149
num_leaves=15
num_cat=0
split_feature=22 41 22 42 89 32 86 30 20 36 41 45 39 95
split_gain=0.00819073 0.0113182 0.0110922 0.025433 0.0377051 0.0265538 0.0213247 0.0204536 0.0201412 0.019098 0.0185267 0.021004 0.01643 0.0147752
threshold=0.019963600100434516 -0.08759054376980456 0.015909191448257518 -0.07155932698578242 5.5238543450249677e-12 -0.25210123476290097 0.084703629116019169 -0.1875513251592005 0.021465193007886508 -0.029950945504480072 -0.018642442676144618 0.30414962082038605 -0.053965139217986118 0.53970588235294137
decision_type=10 10 10 8 10 8 10 10 10 10 8 8 10 8
left_child=2 -2 13 4 -4 7 9 -5 -8 -6 -7 12 -12 -1
right_child=1 -3 3 5 6 10 8 -9 -10 -11 11 -13 -14 -15
leaf_value=5.6778705266544341e-05 0.0011792894144309685 0.00015662639258364435 0.00087996234918558374 -0.00013191627975388923 0.00043010480847064557 -0.00051231063629996073 -0.0018689614571630955 -0.0013562568404986599 -0.00013332723779097686 -0.00086219582209499392 -0.00026903919129701403 -0.00023304883692355742 0.00092225864764413474 -5.7591169603595543e-05
leaf_weight=4336 20 129 82 34 77 156 20 61 23 24 27 153 59 3099
leaf_count=4336 20 129 82 34 77 156 20 61 23 24 27 153 59 3099
internal_value=2.24176e-13 0.000293897 -5.37242e-06 -0.000155737 0.000195294 -0.000317642 -0.000194586 -0.000918072 -0.000940599 0.000123023 -0.000173235 4.80867e-05 0.000548247 9.10793e-06
internal_weight=8300 149 8151 716 226 490 144 95 43 101 395 239 86 7435
internal_count=8300 149 8151 716 226 490 144 95 43 101 395 239 86 7435
is_linear=0
shrinkage=0.04


Tree=150
num_leaves=15
num_cat=0
split_feature=61 48 85 30 2 17 78 74 29 16 19 6 88 41
split_gain=0.00812119 0.0238101 0.0109112 0.0102662 0.0102589 0.013057 0.0101893 0.0108953 0.0098981 0.00978294 0.00953734 0.0240164 0.0240268 0.0209036
threshold=-1.5076663991413179 -0.040084385872651167 0.14769210208568045 -0.035042186791399414 0.014393084131280489 0.019779093507933863 -0.0030035138607773511 0.097065806006090952 0.010519394018953132 0.021990557618781305 0.021629406237338399 -0.21110967421406376 0.31898728653558789 -0.16225102992763932
decision_type=8 10 10 10 10 10 10 10 10 10 8 8 10 10
left_child=1 2 6 -3 5 -4 -1 8 -8 -7 13 12 -12 -2
right_child=10 3 4 -5 -6 9 7 -9 -10 -11 11 -13 -14 -15
leaf_value=0.00098465657954954593 -0.00068341002312417214 -0.0009986085085365087 -0.00086649941568664099 -6.2161768370200531e-05 0.00052743863221257925 0.00064855808561498475 -0.0002083260974345299 -0.0007644318653980181 0.00050597889633099361 -0.00057378468469687508 0.00091936827301313841 -0.00012189644173611641 -0.00048526607291394077 3.7593298412157897e-05
leaf_weight=23 65 67 56 26 20 22 52 21 77 20 70 1438 27 6316
leaf_count=23 65 67 56 26 20 22 52 21 77 20 70 1438 27 6316
internal_value=-3.84721e-13 -0.000179646 -1.58474e-06 -0.000736806 -0.000298158 -0.000466647 0.000200702 8.04957e-05 0.000218042 6.64901e-05 8.71452e-06 -8.08036e-05 0.000528388 3.02488e-05
internal_weight=8300 384 291 93 118 98 173 150 129 42 7916 1535 97 6381
internal_count=8300 384 291 93 118 98 173 150 129 42 7916 1535 97 6381
is_linear=0
shrinkage=0.04


Tree=151
num_leaves=15
num_cat=0
split_feature=89 90 7 20 56 41 88 40 20 32 27 41 74 54
split_gain=0.00809421 0.0232078 0.0244512 0.0352647 0.0258226 0.0235564 0.026119 0.0267887 0.033978 0.0236596 0.0323879 0.0210967 0.0210328 0.0254612
threshold=5.7306391225516534e-12 5.0488335805730196e-12 0.33932964805642102 0.01797910311104171 5055695158.0466509 0.1450252467669231 0.47759439867412157 -0.014690077118682308 0.02141363587054412 -0.31439082406548691 0.0090266702731307043 -0.090970647386065015 0.15776693699647651 0.49102096923578847
decision_type=10 10 8 10 10 10 10 10 10 10 10 10 10 8
left_child=1 12 3 4 -3 6 7 9 -9 -5 -11 -8 -1 -14
right_child=-2 2 -4 5 -6 -7 11 8 -10 10 -12 -13 13 -15
leaf_value=5.7359551638083131e-05 4.9867573231125567e-05 0.0016105339227111212 -0.00095907661731490081 -0.00072957477690319388 0.00017026970674624613 0.00076585603804376571 -0.00099042768501454888 -0.00044136675708996543 -0.0017357575254780906 0.00055211384307879668 -0.0003187967529973119 0.00036214090340715632 -0.00030236532294352134 0.00037528216337619289
leaf_weight=3256 3200 28 62 70 69 38 21 445 35 130 144 152 544 106
leaf_count=3256 3200 28 62 70 69 38 21 445 35 130 144 152 544 106
internal_value=-5.65715e-13 -3.12895e-05 -0.000185622 -0.000143259 0.000586016 -0.000211607 -0.000248862 -0.000342672 -0.000535749 -7.32621e-05 9.4409e-05 0.000197956 1.58873e-05 -0.000191857
internal_weight=8300 5100 1194 1132 97 1035 997 824 480 344 274 173 3906 650
internal_count=8300 5100 1194 1132 97 1035 997 824 480 344 274 173 3906 650
is_linear=0
shrinkage=0.04


Tree=152
num_leaves=15
num_cat=0
split_feature=85 36 49 48 21 86 54 86 86 87 30 18 41 20
split_gain=0.00794164 0.01584 0.0195813 0.023408 0.0209981 0.0191698 0.0121359 0.0120775 0.0112555 0.0114642 0.0212173 0.0359494 0.0303455 0.0209039
threshold=0.93158368685759585 -0.096732310913060102 -0.15994052641754383 -0.050994725248833132 0.0086085160030040919 0.12666547808386464 0.31962135809719477 0.16704723493754858 0.74478213189528897 0.51429400390414881 -0.10519545916635646 0.016790198434558787 0.053025692361920014 0.018299656146393162
decision_type=10 10 8 10 10 10 8 10 10 8 10 8 10 8
left_child=8 7 -3 4 -4 -5 -7 -2 9 -1 11 -11 -12 -13
right_child=1 2 3 5 -6 6 -8 -9 -10 10 12 13 -14 -15
leaf_value=2.1592782267788895e-05 0.00027268840232864023 -0.00057502033744464838 0.0013391430857203279 0.00078875957005139854 0.00020402917972645694 4.6594910253229184e-05 -0.00089832316501997416 0.0016308363322168589 -0.00075651147177268284 0.0016791554608128288 -0.00032340071073954621 0.00098501897802842522 0.00012224763544762266 -2.0457841943088297e-05
leaf_weight=6103 22 57 45 27 62 43 44 20 32 22 839 35 345 604
leaf_count=6103 22 57 45 27 62 43 44 20 32 22 839 35 345 604
internal_value=-7.57991e-14 0.00019539 8.60034e-05 0.000256494 0.000681414 -0.000142334 -0.000431295 0.000919426 -7.83519e-06 -4.82089e-06 -9.21936e-05 8.93503e-05 -0.000193545 3.46152e-05
internal_weight=8300 320 278 221 107 114 87 42 7980 7948 1845 661 1184 639
internal_count=8300 320 278 221 107 114 87 42 7980 7948 1845 661 1184 639
is_linear=0
shrinkage=0.04


Tree=153
num_leaves=15
num_cat=0
split_feature=31 40 31 22 58 42 65 18 81 24 20 27 38 25
split_gain=0.00797073 0.0120798 0.00994561 0.0178123 0.022206 0.0249739 0.022211 0.0183602 0.0164478 0.0156738 0.0177331 0.0179498 0.0162808 0.023027
threshold=-0.048686590895025077 0.066872556457272761 -0.065336319894907888 0.0060837211436536552 8630998546.2892895 0.12423457257558214 3.3521874640044884 0.019355382158580871 0.34872691791337124 0.0081383927504106359 0.016904605957997216 0.009793468290968178 0.27583624545776225 0.0095281193985066581
decision_type=10 10 10 10 10 8 10 10 2 8 8 10 10 8
left_child=2 -2 9 -4 5 8 -7 -8 -5 -1 11 -11 13 -12
right_child=1 -3 3 4 -6 6 7 -9 -10 10 12 -13 -14 -15
leaf_value=-0.00092152841427984341 -0.00087314032137584998 0.00033597805188037458 -0.00035265373864524954 0.00068142167162009036 -8.6514841098793172e-05 1.7668207250868103e-05 0.0013061112713917428 0.00043377590767869893 -0.00040182204511282702 2.0928448961617857e-06 -0.00039640579007333142 0.0015032214879989625 0.00039003237403940948 -5.8582443516463612e-06
leaf_weight=30 39 20 92 33 193 56 93 66 70 26 250 25 159 7148
leaf_count=30 39 20 92 33 193 56 93 66 70 26 250 25 159 7148
internal_value=-2.35951e-13 -0.00046327 3.3167e-06 0.00015971 0.000251955 0.000457378 0.00070273 0.00094401 -5.47634e-05 -9.0301e-06 -5.43192e-06 0.00073794 -1.04487e-05 -1.9056e-05
internal_weight=8300 59 8241 603 511 318 215 159 103 7638 7608 51 7557 7398
internal_count=8300 59 8241 603 511 318 215 159 103 7638 7608 51 7557 7398
is_linear=0
shrinkage=0.04


Tree=154
num_leaves=15
num_cat=0
split_feature=36 51 5 16 30 68 67 31 24 1 87 47 20 40
split_gain=0.00819345 0.0152295 0.0184589 0.0179402 0.0243323 0.0168076 0.0166415 0.0229062 0.0198537 0.0151009 0.0158245 0.0142434 0.0135394 0.0134921
threshold=0.17882796966234074 0.1897008055734675 0.12560137058407297 0.014055317756259312 -0.041126484947603674 4.1125843736928163 4.2194345566963412 -0.12181855888479313 0.01170222112842772 0.029033206836724727 0.66671737701095524 -0.010439758969362332 0.016736112109431427 0.11621284257123811
decision_type=10 10 10 10 10 10 10 10 10 10 10 10 8 10
left_child=1 2 12 11 6 -6 7 8 -5 10 -4 -3 -1 -7
right_child=-2 3 9 4 5 13 -8 -9 -10 -11 -12 -13 -14 -15
leaf_value=0.00093378740118350834 -0.00037334043709110588 0.00042254810722079129 -0.00061098361912613312 0.0015298937007784843 -0.0008167012506259644 -0.00024080187746371582 0.0010839216101269883 -0.00062183779677642249 7.8485572793349432e-05 0.00014434152839904919 0.00042226028473426903 0.0016896805006333373 1.3628302353568183e-06 0.00062209422948812556
leaf_weight=25 93 40 195 25 49 85 52 35 38 84 27 22 7486 44
leaf_count=25 93 40 195 25 49 85 52 35 38 84 27 22 7486 44
internal_value=-2.9808e-13 4.23062e-06 -7.94029e-06 0.000248179 0.000130229 -0.000186036 0.000505529 0.000198627 0.000654441 -0.000312471 -0.000485319 0.000872176 4.46636e-06 5.35193e-05
internal_weight=8300 8207 7817 390 328 178 150 98 63 306 222 62 7511 129
internal_count=8300 8207 7817 390 328 178 150 98 63 306 222 62 7511 129
is_linear=0
shrinkage=0.04


Tree=155
num_leaves=15
num_cat=0
split_feature=81 87 78 65 87 69 88 51 54 41 31 31 98 88
split_gain=0.00800586 0.0126248 0.0113198 0.011292 0.0125127 0.0113865 0.0110782 0.0114786 0.0109524 0.0239438 0.0281099 0.0213857 0.023572 0.0216221
threshold=0.26558226551067704 -1.2626009148708108 0.0082698890721880653 2.8361417625399121 -0.85927262815415206 -1.9677521313463244 -0.034477258256678245 0.097832739258105109 0.1278877795582887 -0.12013049873831126 -0.29212307785905417 -0.30152560012858109 0.58090909090909093 0.073659518527960141
decision_type=2 8 10 8 8 8 10 10 8 8 8 8 10 8
left_child=1 -1 3 4 -2 -5 -6 -8 -7 10 -10 -11 13 -13
right_child=2 -3 -4 5 6 8 7 -9 9 11 -12 12 -14 -15
leaf_value=-0.00066262716767252305 0.00032003803658025231 8.3133916790285905e-05 -0.00092797753909094774 -0.00089884979569393659 -0.0009962889668075185 -8.0435000809580631e-05 0.0003046151708386948 -0.00072732853703200823 0.0018886643427928598 -0.00093598476271270891 -2.784989676438272e-05 9.4630482509044825e-05 0.00060743312285789714 -9.9657703259949893e-05
leaf_weight=37 34 1976 22 23 51 2125 34 35 24 37 25 2192 110 1575
leaf_count=37 34 1976 22 23 51 2125 34 35 24 37 25 2192 110 1575
internal_value=-1.7245e-13 6.94264e-05 -2.22293e-05 -1.90487e-05 -0.000357331 -1.05238e-05 -0.000549253 -0.000218835 -7.16776e-06 3.21189e-05 0.000910851 2.11179e-05 3.02519e-05 1.33977e-05
internal_weight=8300 2013 6287 6265 154 6111 120 69 6088 3963 49 3914 3877 3767
internal_count=8300 2013 6287 6265 154 6111 120 69 6088 3963 49 3914 3877 3767
is_linear=0
shrinkage=0.04


Tree=156
num_leaves=15
num_cat=0
split_feature=28 75 59 55 19 31 41 33 55 54 17 59 73 13
split_gain=0.00809437 0.0144968 0.0162146 0.0220185 0.0396049 0.0218945 0.0172105 0.0144458 0.0173888 0.0199753 0.0140406 0.0132209 0.0233781 0.0312378
threshold=0.0080096054235274366 0.28496109184075097 6215764123.3910475 3277873237.572648 0.01948104155818552 -0.24849569362583127 0.033489480942900947 -0.013313452571597438 11462365594.048782 0.065190817056991715 0.017834385643198673 5931762470.8606997 0.24047076576183948 0.036467864471032958
decision_type=10 10 10 8 10 10 10 10 10 8 10 8 10 10
left_child=1 2 3 4 6 -6 -1 -5 9 10 -9 12 13 -2
right_child=11 -3 -4 7 5 -7 -8 8 -10 -11 -12 -13 -14 -15
leaf_value=0.0012878478947453776 -7.0780646861207824e-05 -0.00042219314220748457 0.00034830573732456705 0.00015266240759472755 0.00044208026313710778 -0.0013264728713935862 -6.4931283652020453e-06 -0.0010916804342910097 -0.0013459815441941223 5.1615444842211318e-05 8.8471942378774937e-05 -5.8811306380250661e-05 0.00033360747549864971 0.0002660598122104267
leaf_weight=65 1939 77 385 173 21 24 22 54 24 152 23 4367 404 570
leaf_count=65 1939 77 385 173 21 24 22 54 24 152 23 4367 404 570
internal_value=-7.1883e-16 0.000105531 0.000148621 1.08464e-05 0.000462239 -0.000501148 0.000960543 -0.000129022 -0.000321636 -0.000214281 -0.000739167 -1.47859e-05 5.12145e-05 5.74349e-06
internal_weight=8300 1020 943 558 132 45 87 426 253 229 77 7280 2913 2509
internal_count=8300 1020 943 558 132 45 87 426 253 229 77 7280 2913 2509
is_linear=0
shrinkage=0.04


Tree=157
num_leaves=15
num_cat=0
split_feature=76 89 89 26 52 21 24 42 96 37 31 23 18 41
split_gain=0.00781329 0.00826694 0.0216974 0.0380825 0.0498315 0.0333815 0.0401164 0.03006 0.0298213 0.0298501 0.0377001 0.0314431 0.0288561 0.0348774
threshold=-0.4576131080708794 5.7306391225516534e-12 9.1187614481014741e-12 0.010947307715316932 0.044677519019010632 0.0089366195464200202 0.012327323252289673 -0.035286713905149807 0.60172413793103463 -0.12903979563416076 -0.20056453773908359 0.0091048546490339003 0.024325869084058226 -0.037589802650399899
decision_type=8 10 10 10 10 10 8 8 8 10 10 8 10 10
left_child=-1 -2 8 4 7 -6 -7 -4 9 -3 12 -12 13 -11
right_child=1 2 3 -5 5 6 -8 -9 -10 10 11 -13 -14 -15
leaf_value=-0.00062382538812130403 -2.9238657332319195e-05 -0.0003915919661953775 0.00042086957617619534 0.00017799988919724004 -0.00091533715690422747 0.00018866373445332028 -0.00077559932984304846 -0.00027977457534305157 -0.00039474582517270816 0.00046345340327842905 -0.00020787422582314505 0.00027862445802079999 -0.00073055806290358313 0.0015245640874675275
leaf_weight=32 5084 124 215 634 191 159 122 180 146 133 278 903 20 79
leaf_count=32 5084 124 215 634 191 159 122 180 146 133 278 903 20 79
internal_value=-2.22083e-13 2.41442e-06 5.29559e-05 -5.76119e-05 -0.000229905 -0.00050732 -0.000229984 0.000101589 0.000151567 0.000203461 0.000255681 0.000164106 0.000721848 0.000858867
internal_weight=8300 8268 3184 1501 867 472 281 395 1683 1537 1413 1181 232 212
internal_count=8300 8268 3184 1501 867 472 281 395 1683 1537 1413 1181 232 212
is_linear=0
shrinkage=0.04


Tree=158
num_leaves=15
num_cat=0
split_feature=33 68 32 66 38 39 27 87 88 59 42 8 53 42
split_gain=0.00791027 0.0136433 0.0180435 0.0210405 0.0238837 0.0280229 0.0214644 0.0209791 0.0206624 0.0209821 0.0179844 0.0266438 0.0278651 0.0179442
threshold=0.002835674869391736 4.1093238477916945 -0.48238132452675903 3.7974243803477363 0.1489058748446507 -0.014186317486879317 0.0043983424008327615 0.45617364164376545 0.17363798985544945 5709857560.5709171 -0.11715839241955138 0.22160610414106921 0.21572648552194443 -0.19088153178231873
decision_type=10 8 8 10 8 10 10 10 10 10 8 8 10 8
left_child=1 2 -1 6 5 8 -4 10 -5 -10 -7 12 -12 -8
right_child=-2 -3 3 4 -6 7 13 -9 9 -11 11 -13 -14 -15
leaf_value=-0.0010657895784825086 -4.3668251915869108e-05 -1.5800416741102582e-05 0.0012304467559304266 0.00024234708151684968 0.0008703705642937108 -0.00038908392565881281 0.00065124393029905418 -0.00046708226879006064 0.0014282141162628502 0.00039942380020927107 0.00066985038466773987 -0.00052431863291421904 -0.00075204450450837615 -0.00013045157283788096
leaf_weight=20 3688 2988 21 254 94 77 51 120 58 70 187 50 25 597
leaf_count=20 3688 2988 21 254 94 77 51 120 58 70 187 50 25 597
internal_value=3.76925e-13 3.49195e-05 0.000128239 0.000143127 0.000265671 0.000198083 -2.81417e-05 -1.25585e-05 0.000451184 0.000865594 0.000148335 0.000306279 0.000502174 -6.89292e-05
internal_weight=8300 4612 1624 1604 935 841 669 459 382 128 339 262 212 648
internal_count=8300 4612 1624 1604 935 841 669 459 382 128 339 262 212 648
is_linear=0
shrinkage=0.04


Tree=159
num_leaves=15
num_cat=0
split_feature=23 22 95 73 25 24 25 74 31 31 25 43 59 90
split_gain=0.00775975 0.031653 0.0386713 0.0230463 0.023705 0.0226781 0.0335766 0.0344673 0.0244628 0.0444725 0.0416601 0.0360056 0.0254291 0.0379995
threshold=0.011178811318442814 0.012234707727671892 0.51315789473684215 0.008636515380971101 0.012102539748861213 0.0098846288886490306 0.012494280893620178 0.057164814934579707 -0.11802684631644848 -0.12812121277947067 0.012083646017639411 0.91474080607782926 8786435258.7039547 6.8185863801636251e-12
decision_type=10 10 8 10 8 8 10 10 8 10 10 10 10 10
left_child=1 -1 3 4 -3 6 7 -2 9 -7 -11 12 13 -10
right_child=5 2 -4 -5 -6 8 -8 -9 11 10 -12 -13 -14 -15
leaf_value=2.4241342957725807e-06 0.00059691480832359148 -4.1735839662084612e-05 -6.6785556566769958e-05 0.00119278189134396 0.0010875236834808095 -5.0514918135621151e-05 0.0019250974794849753 -0.00055088692741264819 -0.00052611451618625623 0.00083367990497031194 -0.00072398653225691034 -0.0016876367280363209 0.00021336636351277705 0.00012873303789672429
leaf_weight=4020 121 81 177 96 47 2610 20 64 450 164 33 27 183 207
leaf_count=4020 121 81 177 96 47 2610 20 64 450 164 33 27 183 207
internal_value=-2.38257e-13 3.6228e-05 0.00037511 0.000724286 0.000372914 -4.129e-05 0.000368156 0.000199837 -6.41361e-05 -6.77306e-06 0.000572751 -0.000249855 -0.00020364 -0.000319793
internal_weight=8300 4421 401 224 128 3879 205 185 3674 2807 197 867 840 657
internal_count=8300 4421 401 224 128 3879 205 185 3674 2807 197 867 840 657
is_linear=0
shrinkage=0.04


end of trees

feature_importances:
ma_slope_60=107
volatility_120=93
return_skew_60=75
turnover_mean_60=73
max_drawdown_60=72
downside_volatility_10=69
max_drawdown_120=64
amihud_illiquidity_20=58
return_kurt_60=56
amount_mean_60=55
return_kurt_20=55
upside_volatility_60=53
ma_slope_20=53
return_skew_20=52
downside_volatility_60=50
downside_volatility_120=48
volatility_60=47
upside_volatility_20=47
turnover_mean_20=47
downside_volatility_20=40
breakdown_low_120=38
ma_slope_10=36
volatility_40=33
turnover_mean_10=33
upside_volatility_10=32
amount_mean_5=32
turnover_mean_40=31
amihud_illiquidity_60=31
max_drawdown_20=29
ma_slope_5=29
momentum_40=26
amount_ratio_10_60=26
ma_bias_120=25
amount_mean_40=25
amount_ratio_5_20=24
momentum_20=22
volatility_5=22
downside_volatility_5=22
turnover_mean_5=22
breakdown_low_40=21
momentum_10=20
momentum_60=20
momentum_120=20
breakout_high_60=20
volume_ratio_10_60=20
breakdown_low_20=19
ma_bias_5=18
ma_bias_60=18
up_day_ratio_60=18
volatility_10=17
upside_volatility_5=17
breakout_high_40=16
volatility_20=15
ma_bias_40=15
price_position_120=15
amount_mean_10=15
amount_mean_20=15
price_position_60=14
breakout_high_120=13
up_day_ratio_20=13
down_streak=12
down_day_ratio_60=11
price_position_40=10
breakdown_low_60=10
turnover_zscore_20=10
volume_ratio_5_20=9
close_position=9
breakout_high_20=8
momentum_5=7
reversal_2=7
ma_bias_20=5
amount_zscore_20=5
ma_bias_10=4
price_position_20=4
turnover_percentile_20=4
upper_shadow=3
momentum_2=2
momentum_3=2
amount_zscore_60=2
intraday_return=2
overnight_return=2
reversal_10=1

parameters:
[boosting: gbdt]
[objective: regression]
[metric: l2]
[tree_learner: serial]
[device_type: cpu]
[data_sample_strategy: bagging]
[data: ]
[valid: ]
[num_iterations: 160]
[learning_rate: 0.04]
[num_leaves: 15]
[num_threads: 6]
[seed: 42]
[deterministic: 0]
[force_col_wise: 0]
[force_row_wise: 0]
[histogram_pool_size: -1]
[max_depth: -1]
[min_data_in_leaf: 20]
[min_sum_hessian_in_leaf: 0.001]
[bagging_fraction: 1]
[pos_bagging_fraction: 1]
[neg_bagging_fraction: 1]
[bagging_freq: 0]
[bagging_seed: 400]
[bagging_by_query: 0]
[feature_fraction: 1]
[feature_fraction_bynode: 1]
[feature_fraction_seed: 30056]
[extra_trees: 0]
[extra_seed: 12879]
[early_stopping_round: 0]
[early_stopping_min_delta: 0]
[first_metric_only: 0]
[max_delta_step: 0]
[lambda_l1: 0]
[lambda_l2: 0]
[linear_lambda: 0]
[min_gain_to_split: 0]
[drop_rate: 0.1]
[max_drop: 50]
[skip_drop: 0.5]
[xgboost_dart_mode: 0]
[uniform_drop: 0]
[drop_seed: 17869]
[top_rate: 0.2]
[other_rate: 0.1]
[min_data_per_group: 100]
[max_cat_threshold: 32]
[cat_l2: 10]
[cat_smooth: 10]
[max_cat_to_onehot: 4]
[top_k: 20]
[monotone_constraints: ]
[monotone_constraints_method: basic]
[monotone_penalty: 0]
[feature_contri: ]
[forcedsplits_filename: ]
[refit_decay_rate: 0.9]
[cegb_tradeoff: 1]
[cegb_penalty_split: 0]
[cegb_penalty_feature_lazy: ]
[cegb_penalty_feature_coupled: ]
[path_smooth: 0]
[interaction_constraints: ]
[verbosity: -1]
[saved_feature_importance_type: 0]
[use_quantized_grad: 0]
[num_grad_quant_bins: 4]
[quant_train_renew_leaf: 0]
[stochastic_rounding: 1]
[linear_tree: 0]
[max_bin: 255]
[max_bin_by_feature: ]
[min_data_in_bin: 3]
[bin_construct_sample_cnt: 200000]
[data_random_seed: 175]
[is_enable_sparse: 1]
[enable_bundle: 1]
[use_missing: 1]
[zero_as_missing: 0]
[feature_pre_filter: 1]
[pre_partition: 0]
[two_round: 0]
[header: 0]
[label_column: ]
[weight_column: ]
[group_column: ]
[ignore_column: ]
[categorical_feature: ]
[forcedbins_filename: ]
[precise_float_parser: 0]
[parser_config_file: ]
[objective_seed: 16083]
[num_class: 1]
[is_unbalance: 0]
[scale_pos_weight: 1]
[sigmoid: 1]
[boost_from_average: 1]
[reg_sqrt: 0]
[alpha: 0.9]
[fair_c: 1]
[poisson_max_delta_step: 0.7]
[tweedie_variance_power: 1.5]
[lambdarank_truncation_level: 30]
[lambdarank_norm: 1]
[label_gain: ]
[lambdarank_position_bias_regularization: 0]
[eval_at: ]
[multi_error_top_k: 1]
[auc_mu_weights: ]
[num_machines: 1]
[local_listen_port: 12400]
[time_out: 120]
[machine_list_filename: ]
[machines: ]
[gpu_platform_id: -1]
[gpu_device_id: -1]
[gpu_use_dp: 0]
[num_gpu: 1]

end of parameters

pandas_categorical:[]
