event_id,symbol,published_at,horizon_days,cohort_key,prior_sample_count,prior_mean_return,prior_positive_rate,prior_mean_excess_return_proxy,prior_outcome_cutoff,pit_ready,no_future_leakage,reason
7e80f5d4348d45d4,000630,2024-04-08T00:00:00,1,commodity_shock|positive,27,0.001651704150754239,0.37037037037037035,0.004201388395938732,2024-03-25,True,True,prior_ready
7e80f5d4348d45d4,000630,2024-04-08T00:00:00,5,commodity_shock|positive,27,-0.01204569728083054,0.4444444444444444,0.02949005455452304,2024-03-29,True,True,prior_ready
7e80f5d4348d45d4,000630,2024-04-08T00:00:00,20,commodity_shock|positive,9,0.010594671271036797,0.5555555555555556,-0.04879818051366409,2024-02-29,False,True,"prior_rows=9, minimum=20"
24e1cbc27c51dc54,000630,2024-05-20T00:00:00,1,commodity_shock|positive,122,-0.005269185954203478,0.4426229508196721,-0.0007165122882621737,2024-05-06,True,True,prior_ready
24e1cbc27c51dc54,000630,2024-05-20T00:00:00,5,commodity_shock|positive,122,-0.019191651078496432,0.36065573770491804,-1.258108569588602e-05,2024-05-10,True,True,prior_ready
24e1cbc27c51dc54,000630,2024-05-20T00:00:00,20,commodity_shock|positive,94,0.0007102422196060359,0.4574468085106383,-0.0016362077170899104,2024-05-16,True,True,prior_ready
ae41567371ff25b4,000630,2024-05-21T00:00:00,1,commodity_shock|positive,122,-0.005269185954203478,0.4426229508196721,-0.0007165122882621737,2024-05-06,True,True,prior_ready
ae41567371ff25b4,000630,2024-05-21T00:00:00,5,commodity_shock|positive,122,-0.019191651078496432,0.36065573770491804,-1.258108569588602e-05,2024-05-10,True,True,prior_ready
ae41567371ff25b4,000630,2024-05-21T00:00:00,20,commodity_shock|positive,103,0.004195280103266819,0.46601941747572817,-0.0018873323624780034,2024-05-20,True,True,prior_ready
53fad2502cdaf900,000630,2024-05-22T00:00:00,1,commodity_shock|positive,132,-0.006569741798887377,0.4090909090909091,-0.0017077861655934662,2024-05-21,True,True,prior_ready
53fad2502cdaf900,000630,2024-05-22T00:00:00,5,commodity_shock|positive,122,-0.019191651078496432,0.36065573770491804,-1.258108569588602e-05,2024-05-10,True,True,prior_ready
53fad2502cdaf900,000630,2024-05-22T00:00:00,20,commodity_shock|positive,112,0.007770990209482952,0.48214285714285715,-0.0006077071819295518,2024-05-21,True,True,prior_ready
5fe2fa91dd0d5309,000630,2024-05-23T00:00:00,1,commodity_shock|negative,153,0.006058713414525391,0.6274509803921569,0.0009276245515678649,2024-04-08,True,True,prior_ready
5fe2fa91dd0d5309,000630,2024-05-23T00:00:00,5,commodity_shock|negative,153,0.01407378379301516,0.6209150326797386,0.0018369739406394468,2024-04-12,True,True,prior_ready
5fe2fa91dd0d5309,000630,2024-05-23T00:00:00,20,commodity_shock|negative,153,0.009690441232150465,0.5555555555555556,-0.003964950804545721,2024-05-08,True,True,prior_ready
551f716e6cce5f77,000630,2024-05-30T00:00:00,1,commodity_shock|negative,163,0.005455512553556279,0.6012269938650306,0.0014146875744137568,2024-05-24,True,True,prior_ready
551f716e6cce5f77,000630,2024-05-30T00:00:00,5,commodity_shock|negative,153,0.01407378379301516,0.6209150326797386,0.0018369739406394468,2024-04-12,True,True,prior_ready
551f716e6cce5f77,000630,2024-05-30T00:00:00,20,commodity_shock|negative,153,0.009690441232150465,0.5555555555555556,-0.003964950804545721,2024-05-08,True,True,prior_ready
860fa70d15390c84,000630,2024-06-05T00:00:00,1,commodity_shock|negative,182,0.004493078142501304,0.5769230769230769,0.0005665529621885842,2024-06-04,True,True,prior_ready
860fa70d15390c84,000630,2024-06-05T00:00:00,5,commodity_shock|negative,163,0.01367597361065543,0.6134969325153374,0.003052488707088059,2024-05-30,True,True,prior_ready
860fa70d15390c84,000630,2024-06-05T00:00:00,20,commodity_shock|negative,153,0.009690441232150465,0.5555555555555556,-0.003964950804545721,2024-05-08,True,True,prior_ready
30470ca4e0114111,000630,2024-06-11T00:00:00,1,commodity_shock|negative,210,0.0009508984010726264,0.5333333333333333,-0.0004988232333483571,2024-06-06,True,True,prior_ready
30470ca4e0114111,000630,2024-06-11T00:00:00,5,commodity_shock|negative,173,0.00954400598638557,0.5838150289017341,0.0013433337546123727,2024-06-06,True,True,prior_ready
30470ca4e0114111,000630,2024-06-11T00:00:00,20,commodity_shock|negative,153,0.009690441232150465,0.5555555555555556,-0.003964950804545721,2024-05-08,True,True,prior_ready
525afa40614f42c9,000630,2024-07-23T00:00:00,1,commodity_shock|negative,238,0.00331612695949034,0.5588235294117647,0.00028123993580154294,2024-07-11,True,True,prior_ready
525afa40614f42c9,000630,2024-07-23T00:00:00,5,commodity_shock|negative,238,0.0035509422522889233,0.4957983193277311,-0.0011200494930213975,2024-07-17,True,True,prior_ready
525afa40614f42c9,000630,2024-07-23T00:00:00,20,commodity_shock|negative,229,-0.009716401054189649,0.4279475982532751,0.004396535681486259,2024-07-09,True,True,prior_ready
4bc29edc6ef0e0ca,000630,2024-07-25T00:00:00,1,commodity_shock|negative,257,0.003257818915074747,0.5447470817120622,0.0013910824088027701,2024-07-24,True,True,prior_ready
4bc29edc6ef0e0ca,000630,2024-07-25T00:00:00,5,commodity_shock|negative,238,0.0035509422522889233,0.4957983193277311,-0.0011200494930213975,2024-07-17,True,True,prior_ready
4bc29edc6ef0e0ca,000630,2024-07-25T00:00:00,20,commodity_shock|negative,229,-0.009716401054189649,0.4279475982532751,0.004396535681486259,2024-07-09,True,True,prior_ready
6b108a213a4d5b3c,000630,2024-08-08T00:00:00,1,commodity_shock|negative,286,0.00466681864182271,0.5769230769230769,0.0005717074597127987,2024-08-06,True,True,prior_ready
6b108a213a4d5b3c,000630,2024-08-08T00:00:00,5,commodity_shock|negative,285,0.00655995575149066,0.519298245614035,-0.0007094646161064582,2024-08-06,True,True,prior_ready
6b108a213a4d5b3c,000630,2024-08-08T00:00:00,20,commodity_shock|negative,238,-0.00818629950370076,0.4369747899159664,0.005239895925578199,2024-08-07,True,True,prior_ready
be239f826504a6ed,000630,2024-11-22T00:00:00,1,commodity_shock|positive,292,-0.0017693516996879477,0.4280821917808219,0.0005328869501444044,2024-11-19,True,True,prior_ready
be239f826504a6ed,000630,2024-11-22T00:00:00,5,commodity_shock|positive,283,-0.004094957566928438,0.37809187279151946,0.00438068768201743,2024-11-01,True,True,prior_ready
be239f826504a6ed,000630,2024-11-22T00:00:00,20,commodity_shock|positive,282,0.018727377473591652,0.5177304964539007,-0.0031584060438884006,2024-11-21,True,True,prior_ready
42fa053ead4f0b06,000630,2025-02-05T00:00:00,1,commodity_shock|positive,321,-0.0012564291419378953,0.43302180685358255,0.00042717495050737105,2025-01-20,True,True,prior_ready
42fa053ead4f0b06,000630,2025-02-05T00:00:00,5,commodity_shock|positive,321,-0.0029145990885280837,0.37694704049844235,0.003488957230106296,2025-01-24,True,True,prior_ready
42fa053ead4f0b06,000630,2025-02-05T00:00:00,20,commodity_shock|positive,303,0.017997154021482362,0.5181518151815182,-0.0044490407915009755,2024-12-27,True,True,prior_ready
c77e0ac455af566a,000630,2025-02-11T00:00:00,1,commodity_shock|positive,331,-0.0004919394573908558,0.44410876132930516,0.0004447835898110056,2025-02-06,True,True,prior_ready
c77e0ac455af566a,000630,2025-02-11T00:00:00,5,commodity_shock|positive,321,-0.0029145990885280837,0.37694704049844235,0.003488957230106296,2025-01-24,True,True,prior_ready
c77e0ac455af566a,000630,2025-02-11T00:00:00,20,commodity_shock|positive,303,0.017997154021482362,0.5181518151815182,-0.0044490407915009755,2024-12-27,True,True,prior_ready
c093c07cb21f0c04,000630,2025-04-07T00:00:00,1,commodity_shock|negative,413,0.004901510030992348,0.5617433414043583,0.001141304765136144,2025-04-03,True,True,prior_ready
c093c07cb21f0c04,000630,2025-04-07T00:00:00,5,commodity_shock|negative,404,0.013026476935343975,0.504950495049505,0.003101120505090862,2025-03-10,True,True,prior_ready
c093c07cb21f0c04,000630,2025-04-07T00:00:00,20,commodity_shock|negative,404,0.03739667439598631,0.5024752475247525,0.014571088286671124,2025-03-31,True,True,prior_ready
8ba5f9142fa6117c,000630,2025-04-08T00:00:00,1,commodity_shock|negative,427,0.0009452976650790427,0.5433255269320844,0.0004304225490251768,2025-04-07,True,True,prior_ready
8ba5f9142fa6117c,000630,2025-04-08T00:00:00,5,commodity_shock|negative,404,0.013026476935343975,0.504950495049505,0.003101120505090862,2025-03-10,True,True,prior_ready
8ba5f9142fa6117c,000630,2025-04-08T00:00:00,20,commodity_shock|negative,404,0.03739667439598631,0.5024752475247525,0.014571088286671124,2025-03-31,True,True,prior_ready
613da3612a93976c,000630,2025-04-09T00:00:00,1,commodity_shock|negative,460,7.444309905963622e-06,0.532608695652174,-0.000145870496582811,2025-04-08,True,True,prior_ready
613da3612a93976c,000630,2025-04-09T00:00:00,5,commodity_shock|negative,404,0.013026476935343975,0.504950495049505,0.003101120505090862,2025-03-10,True,True,prior_ready
613da3612a93976c,000630,2025-04-09T00:00:00,20,commodity_shock|negative,404,0.03739667439598631,0.5024752475247525,0.014571088286671124,2025-03-31,True,True,prior_ready
f1c57771198f051f,000630,2025-04-10T00:00:00,1,commodity_shock|negative,485,0.0004199652760312483,0.5381443298969072,-0.0007989425931451054,2025-04-09,True,True,prior_ready
f1c57771198f051f,000630,2025-04-10T00:00:00,5,commodity_shock|negative,404,0.013026476935343975,0.504950495049505,0.003101120505090862,2025-03-10,True,True,prior_ready
f1c57771198f051f,000630,2025-04-10T00:00:00,20,commodity_shock|negative,404,0.03739667439598631,0.5024752475247525,0.014571088286671124,2025-03-31,True,True,prior_ready
4596bb769df1f672,000630,2025-04-14T00:00:00,1,commodity_shock|positive,361,-0.0013572520760188602,0.4293628808864266,-0.00026264050124154953,2025-04-03,True,True,prior_ready
4596bb769df1f672,000630,2025-04-14T00:00:00,5,commodity_shock|positive,361,-0.005444013166325433,0.3684210526315789,0.0008670752155463554,2025-04-10,True,True,prior_ready
4596bb769df1f672,000630,2025-04-14T00:00:00,20,commodity_shock|positive,341,0.02066755341720076,0.530791788856305,-0.007131640228056467,2025-03-11,True,True,prior_ready
028aa29a482c6162,000630,2025-04-15T00:00:00,1,commodity_shock|positive,361,-0.0013572520760188602,0.4293628808864266,-0.00026264050124154953,2025-04-03,True,True,prior_ready
028aa29a482c6162,000630,2025-04-15T00:00:00,5,commodity_shock|positive,361,-0.005444013166325433,0.3684210526315789,0.0008670752155463554,2025-04-10,True,True,prior_ready
028aa29a482c6162,000630,2025-04-15T00:00:00,20,commodity_shock|positive,341,0.02066755341720076,0.530791788856305,-0.007131640228056467,2025-03-11,True,True,prior_ready
8c1a90d7317c1fc1,000630,2025-04-16T00:00:00,1,commodity_shock|positive,371,-0.00145059206569975,0.42318059299191374,-0.00025325991394734265,2025-04-15,True,True,prior_ready
8c1a90d7317c1fc1,000630,2025-04-16T00:00:00,5,commodity_shock|positive,361,-0.005444013166325433,0.3684210526315789,0.0008670752155463554,2025-04-10,True,True,prior_ready
8c1a90d7317c1fc1,000630,2025-04-16T00:00:00,20,commodity_shock|positive,341,0.02066755341720076,0.530791788856305,-0.007131640228056467,2025-03-11,True,True,prior_ready
0a64ffe4a1f78498,000630,2025-04-17T00:00:00,1,commodity_shock|positive,381,-0.0014785933852573777,0.4225721784776903,-5.663188733873083e-05,2025-04-16,True,True,prior_ready
0a64ffe4a1f78498,000630,2025-04-17T00:00:00,5,commodity_shock|positive,361,-0.005444013166325433,0.3684210526315789,0.0008670752155463554,2025-04-10,True,True,prior_ready
0a64ffe4a1f78498,000630,2025-04-17T00:00:00,20,commodity_shock|positive,346,0.01850942426572142,0.5260115606936416,-0.0073310408796287,2025-04-16,True,True,prior_ready
42010b7a23eb7bcc,000630,2025-04-21T00:00:00,1,commodity_shock|positive,401,-0.00183972726083109,0.4164588528678304,-0.0005345877193949258,2025-04-18,True,True,prior_ready
42010b7a23eb7bcc,000630,2025-04-21T00:00:00,5,commodity_shock|positive,361,-0.005444013166325433,0.3684210526315789,0.0008670752155463554,2025-04-10,True,True,prior_ready
42010b7a23eb7bcc,000630,2025-04-21T00:00:00,20,commodity_shock|positive,356,0.014373790281634324,0.5112359550561798,-0.007980214086649574,2025-04-18,True,True,prior_ready
9fd7331318ece64c,000630,2025-04-22T00:00:00,1,commodity_shock|positive,401,-0.00183972726083109,0.4164588528678304,-0.0005345877193949258,2025-04-18,True,True,prior_ready
9fd7331318ece64c,000630,2025-04-22T00:00:00,5,commodity_shock|positive,371,-0.0046288615196818025,0.37735849056603776,0.001456399363482163,2025-04-21,True,True,prior_ready
9fd7331318ece64c,000630,2025-04-22T00:00:00,20,commodity_shock|positive,356,0.014373790281634324,0.5112359550561798,-0.007980214086649574,2025-04-18,True,True,prior_ready
ef6e9b6290631265,000630,2025-04-23T00:00:00,1,commodity_shock|negative,551,0.0025061626132312277,0.5662431941923775,-0.0004703950798932729,2025-04-21,True,True,prior_ready
ef6e9b6290631265,000630,2025-04-23T00:00:00,5,commodity_shock|negative,549,0.013586974602198543,0.5391621129326047,0.0005283566611335691,2025-04-18,True,True,prior_ready
ef6e9b6290631265,000630,2025-04-23T00:00:00,20,commodity_shock|negative,404,0.03739667439598631,0.5024752475247525,0.014571088286671124,2025-03-31,True,True,prior_ready
b54d1bb37a94fe36,000630,2025-04-29T00:00:00,1,commodity_shock|negative,561,0.002305240030903567,0.5597147950089126,-0.0004977192331819525,2025-04-24,True,True,prior_ready
b54d1bb37a94fe36,000630,2025-04-29T00:00:00,5,commodity_shock|negative,551,0.013558796840800805,0.5408348457350273,0.0005034505098673052,2025-04-25,True,True,prior_ready
b54d1bb37a94fe36,000630,2025-04-29T00:00:00,20,commodity_shock|negative,404,0.03739667439598631,0.5024752475247525,0.014571088286671124,2025-03-31,True,True,prior_ready
62e6010c053e528f,000630,2025-05-15T00:00:00,1,commodity_shock|negative,574,0.0022693202173764897,0.5574912891986062,-0.0006039524937030337,2025-05-09,True,True,prior_ready
62e6010c053e528f,000630,2025-05-15T00:00:00,5,commodity_shock|negative,573,0.013822990157766906,0.5410122164048866,0.0007524036502445323,2025-05-14,True,True,prior_ready
62e6010c053e528f,000630,2025-05-15T00:00:00,20,commodity_shock|negative,548,0.04827807330197719,0.5802919708029197,0.01457675311610185,2025-05-14,True,True,prior_ready
b812e4e22e50043b,000630,2025-05-21T00:00:00,1,commodity_shock|positive,449,-0.002197525284393924,0.40757238307349664,-0.0006930354955725141,2025-05-16,True,True,prior_ready
b812e4e22e50043b,000630,2025-05-21T00:00:00,5,commodity_shock|positive,430,-0.003173495617384201,0.4116279069767442,0.0018772868540143262,2025-05-19,True,True,prior_ready
b812e4e22e50043b,000630,2025-05-21T00:00:00,20,commodity_shock|positive,401,0.01882113700721373,0.5261845386533666,-0.004265576009395772,2025-05-20,True,True,prior_ready
03b40721e63ddafb,000630,2025-05-22T00:00:00,1,commodity_shock|positive,449,-0.002197525284393924,0.40757238307349664,-0.0006930354955725141,2025-05-16,True,True,prior_ready
03b40721e63ddafb,000630,2025-05-22T00:00:00,5,commodity_shock|positive,440,-0.0030850156725099084,0.4159090909090909,0.0019154889123671097,2025-05-21,True,True,prior_ready
03b40721e63ddafb,000630,2025-05-22T00:00:00,20,commodity_shock|positive,401,0.01882113700721373,0.5261845386533666,-0.004265576009395772,2025-05-20,True,True,prior_ready
f4121c995e4ae57c,000630,2025-09-25T00:00:00,1,commodity_shock|positive,565,-0.0020115840248475926,0.3929203539823009,-0.0012196306167342017,2025-09-24,True,True,prior_ready
f4121c995e4ae57c,000630,2025-09-25T00:00:00,5,commodity_shock|positive,563,-0.0029672157839019993,0.42095914742451157,-0.0012600388369117357,2025-09-23,True,True,prior_ready
f4121c995e4ae57c,000630,2025-09-25T00:00:00,20,commodity_shock|positive,553,0.02100462778089519,0.5443037974683544,-0.007039881087442443,2025-09-24,True,True,prior_ready
8e66f86a5fcb2a84,000630,2025-10-09T00:00:00,1,commodity_shock|positive,575,-0.0020766350949914933,0.39304347826086955,-0.0011066147183090768,2025-09-26,True,True,prior_ready
8e66f86a5fcb2a84,000630,2025-10-09T00:00:00,5,commodity_shock|positive,565,-0.0028043301754989394,0.42123893805309737,-0.0011578155145815778,2025-09-30,True,True,prior_ready
8e66f86a5fcb2a84,000630,2025-10-09T00:00:00,20,commodity_shock|positive,559,0.02099977342908238,0.5491949910554562,-0.007229766724461268,2025-09-26,True,True,prior_ready
e011fc07716c0750,000630,2025-10-09T00:00:00,1,commodity_shock|positive,575,-0.0020766350949914933,0.39304347826086955,-0.0011066147183090768,2025-09-26,True,True,prior_ready
e011fc07716c0750,000630,2025-10-09T00:00:00,5,commodity_shock|positive,565,-0.0028043301754989394,0.42123893805309737,-0.0011578155145815778,2025-09-30,True,True,prior_ready
e011fc07716c0750,000630,2025-10-09T00:00:00,20,commodity_shock|positive,559,0.02099977342908238,0.5491949910554562,-0.007229766724461268,2025-09-26,True,True,prior_ready
a1f066ac3a76a0ab,000630,2025-10-10T00:00:00,1,commodity_shock|positive,575,-0.0020766350949914933,0.39304347826086955,-0.0011066147183090768,2025-09-26,True,True,prior_ready
a1f066ac3a76a0ab,000630,2025-10-10T00:00:00,5,commodity_shock|positive,565,-0.0028043301754989394,0.42123893805309737,-0.0011578155145815778,2025-09-30,True,True,prior_ready
a1f066ac3a76a0ab,000630,2025-10-10T00:00:00,20,commodity_shock|positive,559,0.02099977342908238,0.5491949910554562,-0.007229766724461268,2025-09-26,True,True,prior_ready
47ace825ca47b79a,000630,2025-10-13T00:00:00,1,commodity_shock|positive,600,-0.002924886653000045,0.38666666666666666,-0.0014193430739938193,2025-10-10,True,True,prior_ready
47ace825ca47b79a,000630,2025-10-13T00:00:00,5,commodity_shock|positive,575,-0.0008788550397462261,0.43130434782608695,0.0005229482139694103,2025-10-10,True,True,prior_ready
47ace825ca47b79a,000630,2025-10-13T00:00:00,20,commodity_shock|positive,559,0.02099977342908238,0.5491949910554562,-0.007229766724461268,2025-09-26,True,True,prior_ready
328b0da9ae5ca514,000630,2025-10-14T00:00:00,1,commodity_shock|positive,610,-0.0025379824634550203,0.3901639344262295,-0.0009397348190391536,2025-10-13,True,True,prior_ready
328b0da9ae5ca514,000630,2025-10-14T00:00:00,5,commodity_shock|positive,575,-0.0008788550397462261,0.43130434782608695,0.0005229482139694103,2025-10-10,True,True,prior_ready
328b0da9ae5ca514,000630,2025-10-14T00:00:00,20,commodity_shock|positive,560,0.02101737587448963,0.55,-0.007261984923693194,2025-10-13,True,True,prior_ready
4dbb33517a5d59f7,000630,2025-10-15T00:00:00,1,commodity_shock|positive,620,-0.002950127396839095,0.38548387096774195,-0.0011212911772370466,2025-10-14,True,True,prior_ready
4dbb33517a5d59f7,000630,2025-10-15T00:00:00,5,commodity_shock|positive,575,-0.0008788550397462261,0.43130434782608695,0.0005229482139694103,2025-10-10,True,True,prior_ready
4dbb33517a5d59f7,000630,2025-10-15T00:00:00,20,commodity_shock|positive,560,0.02101737587448963,0.55,-0.007261984923693194,2025-10-13,True,True,prior_ready
98afa8f81f57fabc,000630,2025-10-16T00:00:00,1,commodity_shock|positive,630,-0.002709904340970948,0.3952380952380952,-0.0011421304930326703,2025-10-15,True,True,prior_ready
98afa8f81f57fabc,000630,2025-10-16T00:00:00,5,commodity_shock|positive,575,-0.0008788550397462261,0.43130434782608695,0.0005229482139694103,2025-10-10,True,True,prior_ready
98afa8f81f57fabc,000630,2025-10-16T00:00:00,20,commodity_shock|positive,560,0.02101737587448963,0.55,-0.007261984923693194,2025-10-13,True,True,prior_ready
455541297af84b36,000630,2025-10-17T00:00:00,1,commodity_shock|positive,640,-0.0030706608207108133,0.3890625,-0.0014016273003905398,2025-10-16,True,True,prior_ready
455541297af84b36,000630,2025-10-17T00:00:00,5,commodity_shock|positive,600,-0.0031511680770795205,0.41833333333333333,-0.0005429109682877605,2025-10-16,True,True,prior_ready
455541297af84b36,000630,2025-10-17T00:00:00,20,commodity_shock|positive,561,0.02118453367045005,0.5508021390374331,-0.007103887919633103,2025-10-16,True,True,prior_ready
03b4e2a9e1aa0be8,000630,2025-10-21T00:00:00,1,commodity_shock|positive,660,-0.0037431759370924605,0.38333333333333336,-0.0017998698841034258,2025-10-20,True,True,prior_ready
03b4e2a9e1aa0be8,000630,2025-10-21T00:00:00,5,commodity_shock|positive,620,-0.005433279598080279,0.4080645161290323,-0.0016868275675281116,2025-10-20,True,True,prior_ready
03b4e2a9e1aa0be8,000630,2025-10-21T00:00:00,20,commodity_shock|positive,561,0.02118453367045005,0.5508021390374331,-0.007103887919633103,2025-10-16,True,True,prior_ready
8d8ccd052586b656,000630,2025-10-22T00:00:00,1,commodity_shock|negative,699,0.0022412508560151843,0.5464949928469242,-0.0006986766159230586,2025-10-20,True,True,prior_ready
8d8ccd052586b656,000630,2025-10-22T00:00:00,5,commodity_shock|negative,685,0.012500514175006888,0.5401459854014599,0.0005444668759275488,2025-10-21,True,True,prior_ready
8d8ccd052586b656,000630,2025-10-22T00:00:00,20,commodity_shock|negative,661,0.04818001003840256,0.6066565809379728,0.011341531983296096,2025-10-14,True,True,prior_ready
994e1ad1702c5350,000630,2025-10-24T00:00:00,1,commodity_shock|negative,709,0.002195748018159767,0.5444287729196051,-0.0007617337587449697,2025-10-23,True,True,prior_ready
994e1ad1702c5350,000630,2025-10-24T00:00:00,5,commodity_shock|negative,692,0.01225532516795207,0.5361271676300579,0.0006460717850895453,2025-10-22,True,True,prior_ready
994e1ad1702c5350,000630,2025-10-24T00:00:00,20,commodity_shock|negative,661,0.04818001003840256,0.6066565809379728,0.011341531983296096,2025-10-14,True,True,prior_ready
f1706f6fb9604d74,000630,2025-10-28T00:00:00,1,commodity_shock|negative,719,0.002342965016960141,0.5479833101529903,-0.0007101895336396541,2025-10-27,True,True,prior_ready
f1706f6fb9604d74,000630,2025-10-28T00:00:00,5,commodity_shock|negative,699,0.012268856301352105,0.5407725321888412,0.00048081604046935845,2025-10-24,True,True,prior_ready
f1706f6fb9604d74,000630,2025-10-28T00:00:00,20,commodity_shock|negative,661,0.04818001003840256,0.6066565809379728,0.011341531983296096,2025-10-14,True,True,prior_ready
10d92fe1d751bc75,000630,2025-12-05T00:00:00,1,commodity_shock|positive,715,-0.0032271023982381546,0.3902097902097902,-0.0015112968552598988,2025-12-04,True,True,prior_ready
10d92fe1d751bc75,000630,2025-12-05T00:00:00,5,commodity_shock|positive,703,-0.007612726543761891,0.3968705547652916,-0.004556952161017611,2025-12-02,True,True,prior_ready
10d92fe1d751bc75,000630,2025-12-05T00:00:00,20,commodity_shock|positive,699,0.009025209029128432,0.4892703862660944,-0.014435646648324479,2025-11-28,True,True,prior_ready
0b152139abf97b43,000630,2025-12-17T00:00:00,1,general_news|neutral,2577,-0.0020705929074204643,0.42840512223515714,-0.001665120406629375,2025-12-16,True,True,prior_ready
0b152139abf97b43,000630,2025-12-17T00:00:00,5,general_news|neutral,2367,-0.0054343597191244845,0.4550063371356147,-0.006810432317088393,2025-12-16,True,True,prior_ready
0b152139abf97b43,000630,2025-12-17T00:00:00,20,general_news|neutral,1809,-0.01926495329028688,0.4134881149806523,-0.027671573380902155,2025-12-16,True,True,prior_ready
10f0083ee40683b7,000630,2025-12-17T00:00:00,1,general_news|neutral,2577,-0.0020705929074204643,0.42840512223515714,-0.001665120406629375,2025-12-16,True,True,prior_ready
10f0083ee40683b7,000630,2025-12-17T00:00:00,5,general_news|neutral,2367,-0.0054343597191244845,0.4550063371356147,-0.006810432317088393,2025-12-16,True,True,prior_ready
10f0083ee40683b7,000630,2025-12-17T00:00:00,20,general_news|neutral,1809,-0.01926495329028688,0.4134881149806523,-0.027671573380902155,2025-12-16,True,True,prior_ready
1301b7963c819757,000630,2025-12-17T00:00:00,1,general_news|neutral,2577,-0.0020705929074204643,0.42840512223515714,-0.001665120406629375,2025-12-16,True,True,prior_ready
1301b7963c819757,000630,2025-12-17T00:00:00,5,general_news|neutral,2367,-0.0054343597191244845,0.4550063371356147,-0.006810432317088393,2025-12-16,True,True,prior_ready
1301b7963c819757,000630,2025-12-17T00:00:00,20,general_news|neutral,1809,-0.01926495329028688,0.4134881149806523,-0.027671573380902155,2025-12-16,True,True,prior_ready
2a139a3363e28508,000630,2025-12-17T00:00:00,1,commodity_shock|positive,742,-0.0032064508357718775,0.3948787061994609,-0.0014809162649500266,2025-12-16,True,True,prior_ready
2a139a3363e28508,000630,2025-12-17T00:00:00,5,commodity_shock|positive,726,-0.007183650581548107,0.40082644628099173,-0.004255296411145776,2025-12-12,True,True,prior_ready
2a139a3363e28508,000630,2025-12-17T00:00:00,20,commodity_shock|positive,700,0.00865158550571456,0.48857142857142855,-0.01473545285183679,2025-12-16,True,True,prior_ready
4001a8c0b4929b2b,000630,2025-12-17T00:00:00,1,general_news|neutral,2577,-0.0020705929074204643,0.42840512223515714,-0.001665120406629375,2025-12-16,True,True,prior_ready
4001a8c0b4929b2b,000630,2025-12-17T00:00:00,5,general_news|neutral,2367,-0.0054343597191244845,0.4550063371356147,-0.006810432317088393,2025-12-16,True,True,prior_ready
4001a8c0b4929b2b,000630,2025-12-17T00:00:00,20,general_news|neutral,1809,-0.01926495329028688,0.4134881149806523,-0.027671573380902155,2025-12-16,True,True,prior_ready
40560ec62c530be2,000630,2025-12-17T00:00:00,1,general_news|neutral,2577,-0.0020705929074204643,0.42840512223515714,-0.001665120406629375,2025-12-16,True,True,prior_ready
40560ec62c530be2,000630,2025-12-17T00:00:00,5,general_news|neutral,2367,-0.0054343597191244845,0.4550063371356147,-0.006810432317088393,2025-12-16,True,True,prior_ready
40560ec62c530be2,000630,2025-12-17T00:00:00,20,general_news|neutral,1809,-0.01926495329028688,0.4134881149806523,-0.027671573380902155,2025-12-16,True,True,prior_ready
4a24437756b74260,000630,2025-12-17T00:00:00,1,general_news|neutral,2577,-0.0020705929074204643,0.42840512223515714,-0.001665120406629375,2025-12-16,True,True,prior_ready
4a24437756b74260,000630,2025-12-17T00:00:00,5,general_news|neutral,2367,-0.0054343597191244845,0.4550063371356147,-0.006810432317088393,2025-12-16,True,True,prior_ready
4a24437756b74260,000630,2025-12-17T00:00:00,20,general_news|neutral,1809,-0.01926495329028688,0.4134881149806523,-0.027671573380902155,2025-12-16,True,True,prior_ready
7f2cc354a14e6f64,000630,2025-12-17T00:00:00,1,general_news|neutral,2577,-0.0020705929074204643,0.42840512223515714,-0.001665120406629375,2025-12-16,True,True,prior_ready
7f2cc354a14e6f64,000630,2025-12-17T00:00:00,5,general_news|neutral,2367,-0.0054343597191244845,0.4550063371356147,-0.006810432317088393,2025-12-16,True,True,prior_ready
7f2cc354a14e6f64,000630,2025-12-17T00:00:00,20,general_news|neutral,1809,-0.01926495329028688,0.4134881149806523,-0.027671573380902155,2025-12-16,True,True,prior_ready
871ca5c51134205f,000630,2025-12-17T00:00:00,1,general_news|neutral,2577,-0.0020705929074204643,0.42840512223515714,-0.001665120406629375,2025-12-16,True,True,prior_ready
871ca5c51134205f,000630,2025-12-17T00:00:00,5,general_news|neutral,2367,-0.0054343597191244845,0.4550063371356147,-0.006810432317088393,2025-12-16,True,True,prior_ready
871ca5c51134205f,000630,2025-12-17T00:00:00,20,general_news|neutral,1809,-0.01926495329028688,0.4134881149806523,-0.027671573380902155,2025-12-16,True,True,prior_ready
8897886141f5e25b,000630,2025-12-17T00:00:00,1,general_news|neutral,2577,-0.0020705929074204643,0.42840512223515714,-0.001665120406629375,2025-12-16,True,True,prior_ready
8897886141f5e25b,000630,2025-12-17T00:00:00,5,general_news|neutral,2367,-0.0054343597191244845,0.4550063371356147,-0.006810432317088393,2025-12-16,True,True,prior_ready
8897886141f5e25b,000630,2025-12-17T00:00:00,20,general_news|neutral,1809,-0.01926495329028688,0.4134881149806523,-0.027671573380902155,2025-12-16,True,True,prior_ready
b4afd54815d554aa,000630,2025-12-17T00:00:00,1,general_news|neutral,2577,-0.0020705929074204643,0.42840512223515714,-0.001665120406629375,2025-12-16,True,True,prior_ready
b4afd54815d554aa,000630,2025-12-17T00:00:00,5,general_news|neutral,2367,-0.0054343597191244845,0.4550063371356147,-0.006810432317088393,2025-12-16,True,True,prior_ready
b4afd54815d554aa,000630,2025-12-17T00:00:00,20,general_news|neutral,1809,-0.01926495329028688,0.4134881149806523,-0.027671573380902155,2025-12-16,True,True,prior_ready
c7b4b41e3cb10af9,000630,2025-12-17T00:00:00,1,general_news|neutral,2577,-0.0020705929074204643,0.42840512223515714,-0.001665120406629375,2025-12-16,True,True,prior_ready
c7b4b41e3cb10af9,000630,2025-12-17T00:00:00,5,general_news|neutral,2367,-0.0054343597191244845,0.4550063371356147,-0.006810432317088393,2025-12-16,True,True,prior_ready
c7b4b41e3cb10af9,000630,2025-12-17T00:00:00,20,general_news|neutral,1809,-0.01926495329028688,0.4134881149806523,-0.027671573380902155,2025-12-16,True,True,prior_ready
cd5ac05ebbf2a204,000630,2025-12-17T00:00:00,1,general_news|neutral,2577,-0.0020705929074204643,0.42840512223515714,-0.001665120406629375,2025-12-16,True,True,prior_ready
cd5ac05ebbf2a204,000630,2025-12-17T00:00:00,5,general_news|neutral,2367,-0.0054343597191244845,0.4550063371356147,-0.006810432317088393,2025-12-16,True,True,prior_ready
cd5ac05ebbf2a204,000630,2025-12-17T00:00:00,20,general_news|neutral,1809,-0.01926495329028688,0.4134881149806523,-0.027671573380902155,2025-12-16,True,True,prior_ready
ebd685efd8e6ffdb,000630,2025-12-17T00:00:00,1,general_news|neutral,2577,-0.0020705929074204643,0.42840512223515714,-0.001665120406629375,2025-12-16,True,True,prior_ready
ebd685efd8e6ffdb,000630,2025-12-17T00:00:00,5,general_news|neutral,2367,-0.0054343597191244845,0.4550063371356147,-0.006810432317088393,2025-12-16,True,True,prior_ready
ebd685efd8e6ffdb,000630,2025-12-17T00:00:00,20,general_news|neutral,1809,-0.01926495329028688,0.4134881149806523,-0.027671573380902155,2025-12-16,True,True,prior_ready
fb85fce8d4e2abca,000630,2025-12-17T00:00:00,1,general_news|neutral,2577,-0.0020705929074204643,0.42840512223515714,-0.001665120406629375,2025-12-16,True,True,prior_ready
fb85fce8d4e2abca,000630,2025-12-17T00:00:00,5,general_news|neutral,2367,-0.0054343597191244845,0.4550063371356147,-0.006810432317088393,2025-12-16,True,True,prior_ready
fb85fce8d4e2abca,000630,2025-12-17T00:00:00,20,general_news|neutral,1809,-0.01926495329028688,0.4134881149806523,-0.027671573380902155,2025-12-16,True,True,prior_ready
86aa33e53aaa767a,000630,2025-12-26T00:00:00,1,commodity_shock|positive,754,-0.003069428790052753,0.39920424403183025,-0.0015122771958865182,2025-12-25,True,True,prior_ready
86aa33e53aaa767a,000630,2025-12-26T00:00:00,5,commodity_shock|positive,744,-0.006437319158943443,0.40591397849462363,-0.0038554561030675785,2025-12-25,True,True,prior_ready
86aa33e53aaa767a,000630,2025-12-26T00:00:00,20,commodity_shock|positive,703,0.008532988619261593,0.48933143669985774,-0.01477216713900926,2025-12-23,True,True,prior_ready
407405181bf5851f,000630,2025-12-29T00:00:00,1,commodity_shock|positive,754,-0.003069428790052753,0.39920424403183025,-0.0015122771958865182,2025-12-25,True,True,prior_ready
407405181bf5851f,000630,2025-12-29T00:00:00,5,commodity_shock|positive,744,-0.006437319158943443,0.40591397849462363,-0.0038554561030675785,2025-12-25,True,True,prior_ready
407405181bf5851f,000630,2025-12-29T00:00:00,20,commodity_shock|positive,704,0.008547601671172253,0.4900568181818182,-0.014790796579218661,2025-12-26,True,True,prior_ready
715d27b06f29125a,000630,2025-12-30T00:00:00,1,commodity_shock|positive,764,-0.0030758164774532418,0.3992146596858639,-0.001474782293621469,2025-12-29,True,True,prior_ready
715d27b06f29125a,000630,2025-12-30T00:00:00,5,commodity_shock|positive,745,-0.006455795267726095,0.4053691275167785,-0.003901848468150641,2025-12-29,True,True,prior_ready
715d27b06f29125a,000630,2025-12-30T00:00:00,20,commodity_shock|positive,704,0.008547601671172253,0.4900568181818182,-0.014790796579218661,2025-12-26,True,True,prior_ready
9f6a43b4b69fed60,000630,2025-12-30T00:00:00,1,shareholder_change|neutral,666,0.00033097622479882286,0.46096096096096095,-0.00020703943838728823,2025-12-29,True,True,prior_ready
9f6a43b4b69fed60,000630,2025-12-30T00:00:00,5,shareholder_change|neutral,601,0.0007942237177106757,0.4559068219633943,-0.0036328068882516417,2025-12-29,True,True,prior_ready
9f6a43b4b69fed60,000630,2025-12-30T00:00:00,20,shareholder_change|neutral,437,0.0035917018891073954,0.4668192219679634,-0.010084296009948826,2025-12-29,True,True,prior_ready
ccccfd390b660673,000630,2025-12-30T00:00:00,1,shareholder_change|neutral,666,0.00033097622479882286,0.46096096096096095,-0.00020703943838728823,2025-12-29,True,True,prior_ready
ccccfd390b660673,000630,2025-12-30T00:00:00,5,shareholder_change|neutral,601,0.0007942237177106757,0.4559068219633943,-0.0036328068882516417,2025-12-29,True,True,prior_ready
ccccfd390b660673,000630,2025-12-30T00:00:00,20,shareholder_change|neutral,437,0.0035917018891073954,0.4668192219679634,-0.010084296009948826,2025-12-29,True,True,prior_ready
8b9f054003b86ea3,000630,2025-12-31T00:00:00,1,commodity_shock|negative,740,0.002554220493109261,0.5486486486486486,-0.00041796709184010387,2025-12-12,True,True,prior_ready
8b9f054003b86ea3,000630,2025-12-31T00:00:00,5,commodity_shock|negative,740,0.011158995660061385,0.5337837837837838,-0.0001644196137359176,2025-12-18,True,True,prior_ready
8b9f054003b86ea3,000630,2025-12-31T00:00:00,20,commodity_shock|negative,737,0.04227032233834804,0.587516960651289,0.009005391894291066,2025-12-18,True,True,prior_ready
a1016d1017e8caf8,000630,2025-12-31T00:00:00,1,general_news|neutral,2882,-0.0008604522236192468,0.44656488549618323,-0.0011369678932516994,2025-12-30,True,True,prior_ready
a1016d1017e8caf8,000630,2025-12-31T00:00:00,5,general_news|neutral,2768,-0.003110651909139333,0.46278901734104044,-0.007657948404646665,2025-12-30,True,True,prior_ready
a1016d1017e8caf8,000630,2025-12-31T00:00:00,20,general_news|neutral,2169,-0.007689275849376193,0.47533425541724295,-0.020083480632142815,2025-12-30,True,True,prior_ready
32d97349b086d632,000630,2026-01-05T00:00:00,1,commodity_shock|positive,793,-0.0026025772303607288,0.4110970996216898,-0.0011392232588272276,2025-12-31,True,True,prior_ready
32d97349b086d632,000630,2026-01-05T00:00:00,5,commodity_shock|positive,754,-0.005946895489673279,0.41114058355437666,-0.003685209787574888,2025-12-31,True,True,prior_ready
32d97349b086d632,000630,2026-01-05T00:00:00,20,commodity_shock|positive,715,0.009853296936718783,0.4965034965034965,-0.013850452763032848,2025-12-31,True,True,prior_ready
4fe372333d8f19f5,000630,2026-01-05T00:00:00,1,commodity_shock|positive,793,-0.0026025772303607288,0.4110970996216898,-0.0011392232588272276,2025-12-31,True,True,prior_ready
4fe372333d8f19f5,000630,2026-01-05T00:00:00,5,commodity_shock|positive,754,-0.005946895489673279,0.41114058355437666,-0.003685209787574888,2025-12-31,True,True,prior_ready
4fe372333d8f19f5,000630,2026-01-05T00:00:00,20,commodity_shock|positive,715,0.009853296936718783,0.4965034965034965,-0.013850452763032848,2025-12-31,True,True,prior_ready
a344c2cf5d5ddbee,000630,2026-01-05T00:00:00,1,general_news|neutral,2975,-0.0007627757730989466,0.4484033613445378,-0.0010856428574397125,2025-12-31,True,True,prior_ready
a344c2cf5d5ddbee,000630,2026-01-05T00:00:00,5,general_news|neutral,2775,-0.0030221336545999647,0.4627027027027027,-0.007591317322546507,2025-12-31,True,True,prior_ready
a344c2cf5d5ddbee,000630,2026-01-05T00:00:00,20,general_news|neutral,2198,-0.007139042109392404,0.4754322111010009,-0.020066190424953306,2025-12-31,True,True,prior_ready
116e0bbb78b30e16,000630,2026-01-06T00:00:00,1,commodity_shock|positive,793,-0.0026025772303607288,0.4110970996216898,-0.0011392232588272276,2025-12-31,True,True,prior_ready
116e0bbb78b30e16,000630,2026-01-06T00:00:00,5,commodity_shock|positive,754,-0.005946895489673279,0.41114058355437666,-0.003685209787574888,2025-12-31,True,True,prior_ready
116e0bbb78b30e16,000630,2026-01-06T00:00:00,20,commodity_shock|positive,715,0.009853296936718783,0.4965034965034965,-0.013850452763032848,2025-12-31,True,True,prior_ready
bb4a1dc906199e2f,000630,2026-01-06T00:00:00,1,commodity_shock|positive,793,-0.0026025772303607288,0.4110970996216898,-0.0011392232588272276,2025-12-31,True,True,prior_ready
bb4a1dc906199e2f,000630,2026-01-06T00:00:00,5,commodity_shock|positive,754,-0.005946895489673279,0.41114058355437666,-0.003685209787574888,2025-12-31,True,True,prior_ready
bb4a1dc906199e2f,000630,2026-01-06T00:00:00,20,commodity_shock|positive,715,0.009853296936718783,0.4965034965034965,-0.013850452763032848,2025-12-31,True,True,prior_ready
52b9c52588f1b3d9,000630,2026-01-07T00:00:00,1,commodity_shock|positive,823,-0.001423784539163076,0.43013365735115433,-0.0006305111005581576,2026-01-06,True,True,prior_ready
52b9c52588f1b3d9,000630,2026-01-07T00:00:00,5,commodity_shock|positive,764,-0.005340093163988751,0.4175392670157068,-0.003583497234434146,2026-01-06,True,True,prior_ready
52b9c52588f1b3d9,000630,2026-01-07T00:00:00,20,commodity_shock|positive,726,0.011005439449474816,0.5027548209366391,-0.013517023627844935,2026-01-06,True,True,prior_ready
61f0f10b3da4501e,000630,2026-01-08T00:00:00,1,commodity_shock|negative,750,0.0032131113896741396,0.5533333333333333,3.425663375889816e-05,2026-01-05,True,True,prior_ready
61f0f10b3da4501e,000630,2026-01-08T00:00:00,5,commodity_shock|negative,740,0.011158995660061385,0.5337837837837838,-0.0001644196137359176,2025-12-18,True,True,prior_ready
61f0f10b3da4501e,000630,2026-01-08T00:00:00,20,commodity_shock|negative,737,0.04227032233834804,0.587516960651289,0.009005391894291066,2025-12-18,True,True,prior_ready
24fe0e8ff539767f,000630,2026-01-09T00:00:00,1,commodity_shock|positive,916,-0.0017564379416597287,0.42248908296943233,-0.001232622539496805,2026-01-08,True,True,prior_ready
24fe0e8ff539767f,000630,2026-01-09T00:00:00,5,commodity_shock|positive,793,-0.0037060525729120586,0.43757881462799497,-0.0035700995154091353,2026-01-08,True,True,prior_ready
24fe0e8ff539767f,000630,2026-01-09T00:00:00,20,commodity_shock|positive,726,0.011005439449474816,0.5027548209366391,-0.013517023627844935,2026-01-06,True,True,prior_ready
fc8f125cf401a6dd,000630,2026-01-12T00:00:00,1,commodity_shock|positive,939,-0.001229680577328712,0.43130990415335463,-0.0010843950365611835,2026-01-09,True,True,prior_ready
fc8f125cf401a6dd,000630,2026-01-12T00:00:00,5,commodity_shock|positive,793,-0.0037060525729120586,0.43757881462799497,-0.0035700995154091353,2026-01-08,True,True,prior_ready
fc8f125cf401a6dd,000630,2026-01-12T00:00:00,20,commodity_shock|positive,731,0.013098849552024476,0.506155950752394,-0.011915311824609993,2026-01-09,True,True,prior_ready
f280e32b8ab9bbc0,000630,2026-01-13T00:00:00,1,commodity_shock|positive,982,-0.0004696294925941185,0.43890020366598775,-0.0013470945163179587,2026-01-12,True,True,prior_ready
f280e32b8ab9bbc0,000630,2026-01-13T00:00:00,5,commodity_shock|positive,822,-0.0004768284818916504,0.45498783454987834,-0.0025140213826287915,2026-01-12,True,True,prior_ready
f280e32b8ab9bbc0,000630,2026-01-13T00:00:00,20,commodity_shock|positive,732,0.013331311756545186,0.5068306010928961,-0.011839621897794228,2026-01-12,True,True,prior_ready
ce6a961518bfae0b,000630,2026-01-14T00:00:00,1,commodity_shock|positive,1009,-0.00024999103225680213,0.44400396432111,-0.0007439566545998706,2026-01-13,True,True,prior_ready
ce6a961518bfae0b,000630,2026-01-14T00:00:00,5,commodity_shock|positive,868,0.0012244701277197225,0.46543778801843316,-0.0022412535240955715,2026-01-13,True,True,prior_ready
ce6a961518bfae0b,000630,2026-01-14T00:00:00,20,commodity_shock|positive,738,0.016547928420415418,0.510840108401084,-0.009395185423899577,2026-01-13,True,True,prior_ready
e18f78002d262487,000630,2026-01-15T00:00:00,1,commodity_shock|positive,1036,-0.00020693961243275417,0.444980694980695,-0.0007665252539817494,2026-01-14,True,True,prior_ready
e18f78002d262487,000630,2026-01-15T00:00:00,5,commodity_shock|positive,913,0.002197307945824793,0.4665936473165389,-0.002667527689256744,2026-01-14,True,True,prior_ready
e18f78002d262487,000630,2026-01-15T00:00:00,20,commodity_shock|positive,742,0.017217478332386654,0.5107816711590296,-0.00927452466151632,2026-01-14,True,True,prior_ready
7fa15687039885bb,000630,2026-01-16T00:00:00,1,commodity_shock|positive,1070,6.538959225335364e-06,0.4504672897196262,-0.0005312617230198617,2026-01-15,True,True,prior_ready
7fa15687039885bb,000630,2026-01-16T00:00:00,5,commodity_shock|positive,936,0.003378997910042853,0.4722222222222222,-0.002070419106207958,2026-01-15,True,True,prior_ready
7fa15687039885bb,000630,2026-01-16T00:00:00,20,commodity_shock|positive,742,0.017217478332386654,0.5107816711590296,-0.00927452466151632,2026-01-14,True,True,prior_ready
d5351aff80cafe99,000630,2026-01-19T00:00:00,1,commodity_shock|positive,1104,-0.0002364633041648378,0.4519927536231884,-0.0005943607666486915,2026-01-16,True,True,prior_ready
d5351aff80cafe99,000630,2026-01-19T00:00:00,5,commodity_shock|positive,979,0.004268268051950222,0.4759959141981614,-0.0013088794310466445,2026-01-16,True,True,prior_ready
d5351aff80cafe99,000630,2026-01-19T00:00:00,20,commodity_shock|positive,743,0.017365330748095986,0.5114401076716016,-0.009242516343547542,2026-01-16,True,True,prior_ready
f31f69d6b26ac3c1,000630,2026-01-20T00:00:00,1,commodity_shock|positive,1117,-5.177065399922459e-05,0.4538943598925694,-0.00048292612876250576,2026-01-19,True,True,prior_ready
f31f69d6b26ac3c1,000630,2026-01-20T00:00:00,5,commodity_shock|positive,1006,0.004611285787751169,0.4761431411530815,-0.0005794711323823071,2026-01-19,True,True,prior_ready
f31f69d6b26ac3c1,000630,2026-01-20T00:00:00,20,commodity_shock|positive,744,0.017631589313825264,0.5120967741935484,-0.009106205253425627,2026-01-19,True,True,prior_ready
6019468d44a0ff9d,000630,2026-01-21T00:00:00,1,commodity_shock|positive,1124,0.00015250614626185815,0.45729537366548045,-0.00023754933901974377,2026-01-20,True,True,prior_ready
6019468d44a0ff9d,000630,2026-01-21T00:00:00,5,commodity_shock|positive,1033,0.004663734976934545,0.47725072604065827,-0.0003552542387732901,2026-01-20,True,True,prior_ready
6019468d44a0ff9d,000630,2026-01-21T00:00:00,20,commodity_shock|positive,744,0.017631589313825264,0.5120967741935484,-0.009106205253425627,2026-01-19,True,True,prior_ready
aa3e50c109e1fa2a,000630,2026-01-23T00:00:00,1,commodity_shock|positive,1185,0.0008010859626733917,0.46582278481012657,8.183775576434734e-05,2026-01-22,True,True,prior_ready
aa3e50c109e1fa2a,000630,2026-01-23T00:00:00,5,commodity_shock|positive,1101,0.006098216786720843,0.4904632152588556,0.0010459461363763612,2026-01-22,True,True,prior_ready
aa3e50c109e1fa2a,000630,2026-01-23T00:00:00,20,commodity_shock|positive,753,0.021368379661012602,0.5179282868525896,-0.00628213414700426,2026-01-22,True,True,prior_ready
acda258684040f7b,000630,2026-01-23T00:00:00,1,commodity_shock|positive,1185,0.0008010859626733917,0.46582278481012657,8.183775576434734e-05,2026-01-22,True,True,prior_ready
acda258684040f7b,000630,2026-01-23T00:00:00,5,commodity_shock|positive,1101,0.006098216786720843,0.4904632152588556,0.0010459461363763612,2026-01-22,True,True,prior_ready
acda258684040f7b,000630,2026-01-23T00:00:00,20,commodity_shock|positive,753,0.021368379661012602,0.5179282868525896,-0.00628213414700426,2026-01-22,True,True,prior_ready
16ef7577a421afaa,000630,2026-01-26T00:00:00,1,commodity_shock|positive,1186,0.0007968875149978653,0.4654300168634064,6.437807958102515e-05,2026-01-23,True,True,prior_ready
16ef7577a421afaa,000630,2026-01-26T00:00:00,5,commodity_shock|positive,1114,0.007689143670899613,0.4964093357271095,0.0023394067328988215,2026-01-23,True,True,prior_ready
16ef7577a421afaa,000630,2026-01-26T00:00:00,20,commodity_shock|positive,754,0.021711631702853885,0.5185676392572944,-0.006049054955190463,2026-01-23,True,True,prior_ready
f5bc1c2ae199c04d,000630,2026-01-26T00:00:00,1,commodity_shock|positive,1186,0.0007968875149978653,0.4654300168634064,6.437807958102515e-05,2026-01-23,True,True,prior_ready
f5bc1c2ae199c04d,000630,2026-01-26T00:00:00,5,commodity_shock|positive,1114,0.007689143670899613,0.4964093357271095,0.0023394067328988215,2026-01-23,True,True,prior_ready
f5bc1c2ae199c04d,000630,2026-01-26T00:00:00,20,commodity_shock|positive,754,0.021711631702853885,0.5185676392572944,-0.006049054955190463,2026-01-23,True,True,prior_ready
55412c86f3f7705b,000630,2026-01-27T00:00:00,1,commodity_shock|positive,1223,0.0013189078517925658,0.46361406377759606,0.0008520843190486114,2026-01-26,True,True,prior_ready
55412c86f3f7705b,000630,2026-01-27T00:00:00,5,commodity_shock|positive,1122,0.008781517312270587,0.5,0.003322650460777928,2026-01-26,True,True,prior_ready
55412c86f3f7705b,000630,2026-01-27T00:00:00,20,commodity_shock|positive,754,0.021711631702853885,0.5185676392572944,-0.006049054955190463,2026-01-23,True,True,prior_ready
7aaac83d4d4728fd,000630,2026-01-27T00:00:00,1,commodity_shock|positive,1223,0.0013189078517925658,0.46361406377759606,0.0008520843190486114,2026-01-26,True,True,prior_ready
7aaac83d4d4728fd,000630,2026-01-27T00:00:00,5,commodity_shock|positive,1122,0.008781517312270587,0.5,0.003322650460777928,2026-01-26,True,True,prior_ready
7aaac83d4d4728fd,000630,2026-01-27T00:00:00,20,commodity_shock|positive,754,0.021711631702853885,0.5185676392572944,-0.006049054955190463,2026-01-23,True,True,prior_ready
d37566dc4dfd664e,000630,2026-01-27T00:00:00,1,general_news|neutral,3520,0.00014940228244837315,0.46448863636363635,-0.0011822997260130742,2026-01-26,True,True,prior_ready
d37566dc4dfd664e,000630,2026-01-27T00:00:00,5,general_news|neutral,3400,0.003375225878193462,0.505,-0.005903462288204095,2026-01-26,True,True,prior_ready
d37566dc4dfd664e,000630,2026-01-27T00:00:00,20,general_news|neutral,2809,0.01827584701111967,0.545745817016732,-0.01472404736968021,2026-01-26,True,True,prior_ready
1db6e355629a51ba,000630,2026-01-28T00:00:00,1,commodity_shock|positive,1281,0.0018907133109976413,0.46291959406713507,0.0015775931738158762,2026-01-27,True,True,prior_ready
1db6e355629a51ba,000630,2026-01-28T00:00:00,5,commodity_shock|positive,1151,0.010257919078883446,0.5039096437880104,0.00448252912185352,2026-01-27,True,True,prior_ready
1db6e355629a51ba,000630,2026-01-28T00:00:00,20,commodity_shock|positive,764,0.023394268800699024,0.5235602094240838,-0.005106601931366795,2026-01-27,True,True,prior_ready
86c76db011234f52,000630,2026-01-28T00:00:00,1,commodity_shock|positive,1281,0.0018907133109976413,0.46291959406713507,0.0015775931738158762,2026-01-27,True,True,prior_ready
86c76db011234f52,000630,2026-01-28T00:00:00,5,commodity_shock|positive,1151,0.010257919078883446,0.5039096437880104,0.00448252912185352,2026-01-27,True,True,prior_ready
86c76db011234f52,000630,2026-01-28T00:00:00,20,commodity_shock|positive,764,0.023394268800699024,0.5235602094240838,-0.005106601931366795,2026-01-27,True,True,prior_ready
21a4a864b936432b,000630,2026-01-29T00:00:00,1,commodity_shock|positive,1319,0.0026410022698091814,0.46929492039423804,0.0022627162050023273,2026-01-28,True,True,prior_ready
21a4a864b936432b,000630,2026-01-29T00:00:00,5,commodity_shock|positive,1185,0.011502502544953823,0.5071729957805907,0.005494132856277351,2026-01-28,True,True,prior_ready
21a4a864b936432b,000630,2026-01-29T00:00:00,20,commodity_shock|positive,769,0.026525698038271633,0.5266579973992198,-0.0023897339608004056,2026-01-28,True,True,prior_ready
c64ba636e4cceb59,000630,2026-01-29T00:00:00,1,commodity_shock|positive,1319,0.0026410022698091814,0.46929492039423804,0.0022627162050023273,2026-01-28,True,True,prior_ready
c64ba636e4cceb59,000630,2026-01-29T00:00:00,5,commodity_shock|positive,1185,0.011502502544953823,0.5071729957805907,0.005494132856277351,2026-01-28,True,True,prior_ready
c64ba636e4cceb59,000630,2026-01-29T00:00:00,20,commodity_shock|positive,769,0.026525698038271633,0.5266579973992198,-0.0023897339608004056,2026-01-28,True,True,prior_ready
fe0b9ddd2ee8b05a,000630,2026-01-29T00:00:00,1,commodity_shock|positive,1319,0.0026410022698091814,0.46929492039423804,0.0022627162050023273,2026-01-28,True,True,prior_ready
fe0b9ddd2ee8b05a,000630,2026-01-29T00:00:00,5,commodity_shock|positive,1185,0.011502502544953823,0.5071729957805907,0.005494132856277351,2026-01-28,True,True,prior_ready
fe0b9ddd2ee8b05a,000630,2026-01-29T00:00:00,20,commodity_shock|positive,769,0.026525698038271633,0.5266579973992198,-0.0023897339608004056,2026-01-28,True,True,prior_ready
51a539323b33ed59,000630,2026-01-30T00:00:00,1,commodity_shock|negative,820,0.002949462553712882,0.5451219512195122,-0.000159772835457108,2026-01-29,True,True,prior_ready
51a539323b33ed59,000630,2026-01-30T00:00:00,5,commodity_shock|negative,802,0.016832866136223017,0.5461346633416458,0.0043203871080945,2026-01-29,True,True,prior_ready
51a539323b33ed59,000630,2026-01-30T00:00:00,20,commodity_shock|negative,740,0.042222893119896826,0.5891891891891892,0.008659426317688302,2026-01-12,True,True,prior_ready
64f3f0dfddfa2d6a,000630,2026-01-30T00:00:00,1,commodity_shock|negative,820,0.002949462553712882,0.5451219512195122,-0.000159772835457108,2026-01-29,True,True,prior_ready
64f3f0dfddfa2d6a,000630,2026-01-30T00:00:00,5,commodity_shock|negative,802,0.016832866136223017,0.5461346633416458,0.0043203871080945,2026-01-29,True,True,prior_ready
64f3f0dfddfa2d6a,000630,2026-01-30T00:00:00,20,commodity_shock|negative,740,0.042222893119896826,0.5891891891891892,0.008659426317688302,2026-01-12,True,True,prior_ready
778361c7dacbdb62,000630,2026-01-30T00:00:00,1,general_news|neutral,3664,-0.00015473507847712107,0.4593340611353712,-0.0014112262333957563,2026-01-29,True,True,prior_ready
778361c7dacbdb62,000630,2026-01-30T00:00:00,5,general_news|neutral,3499,0.003040019967923743,0.5018576736210346,-0.006338340926024096,2026-01-29,True,True,prior_ready
778361c7dacbdb62,000630,2026-01-30T00:00:00,20,general_news|neutral,2969,0.02303587956081508,0.5486695857190973,-0.012983602620354024,2026-01-29,True,True,prior_ready
c1fa4e029d9c6af7,000630,2026-01-30T00:00:00,1,commodity_shock|positive,1355,0.0029654801339427913,0.4708487084870849,0.0025740066969990056,2026-01-29,True,True,prior_ready
c1fa4e029d9c6af7,000630,2026-01-30T00:00:00,5,commodity_shock|positive,1186,0.0115362542573326,0.5075885328836425,0.005527287168428539,2026-01-29,True,True,prior_ready
c1fa4e029d9c6af7,000630,2026-01-30T00:00:00,20,commodity_shock|positive,791,0.036649695588696685,0.5398230088495575,0.006034209698224115,2026-01-29,True,True,prior_ready
2f61ffc0be00a2df,000630,2026-02-02T00:00:00,1,commodity_shock|negative,820,0.002949462553712882,0.5451219512195122,-0.000159772835457108,2026-01-29,True,True,prior_ready
2f61ffc0be00a2df,000630,2026-02-02T00:00:00,5,commodity_shock|negative,802,0.016832866136223017,0.5461346633416458,0.0043203871080945,2026-01-29,True,True,prior_ready
2f61ffc0be00a2df,000630,2026-02-02T00:00:00,20,commodity_shock|negative,749,0.04796351972510056,0.5927903871829105,0.013974481313254832,2026-01-30,True,True,prior_ready
3ff1dbeefbcb5e5c,000630,2026-02-02T00:00:00,1,commodity_shock|negative,820,0.002949462553712882,0.5451219512195122,-0.000159772835457108,2026-01-29,True,True,prior_ready
3ff1dbeefbcb5e5c,000630,2026-02-02T00:00:00,5,commodity_shock|negative,802,0.016832866136223017,0.5461346633416458,0.0043203871080945,2026-01-29,True,True,prior_ready
3ff1dbeefbcb5e5c,000630,2026-02-02T00:00:00,20,commodity_shock|negative,749,0.04796351972510056,0.5927903871829105,0.013974481313254832,2026-01-30,True,True,prior_ready
cd69fc7395ec2ebb,000630,2026-02-02T00:00:00,1,commodity_shock|negative,820,0.002949462553712882,0.5451219512195122,-0.000159772835457108,2026-01-29,True,True,prior_ready
cd69fc7395ec2ebb,000630,2026-02-02T00:00:00,5,commodity_shock|negative,802,0.016832866136223017,0.5461346633416458,0.0043203871080945,2026-01-29,True,True,prior_ready
cd69fc7395ec2ebb,000630,2026-02-02T00:00:00,20,commodity_shock|negative,749,0.04796351972510056,0.5927903871829105,0.013974481313254832,2026-01-30,True,True,prior_ready
2183d6f5e3f46cfa,000630,2026-02-03T00:00:00,1,commodity_shock|negative,872,-0.0003666077446866003,0.5126146788990825,-0.0016826749801216,2026-02-02,True,True,prior_ready
2183d6f5e3f46cfa,000630,2026-02-03T00:00:00,5,commodity_shock|negative,802,0.016832866136223017,0.5461346633416458,0.0043203871080945,2026-01-29,True,True,prior_ready
2183d6f5e3f46cfa,000630,2026-02-03T00:00:00,20,commodity_shock|negative,749,0.04796351972510056,0.5927903871829105,0.013974481313254832,2026-01-30,True,True,prior_ready
5a4a762acc0fa17e,000630,2026-02-03T00:00:00,1,commodity_shock|positive,1415,0.000854123584060422,0.4551236749116608,0.0011928065781198177,2026-02-02,True,True,prior_ready
5a4a762acc0fa17e,000630,2026-02-03T00:00:00,5,commodity_shock|positive,1281,0.011648911420181917,0.4933645589383294,0.008642988355342057,2026-02-02,True,True,prior_ready
5a4a762acc0fa17e,000630,2026-02-03T00:00:00,20,commodity_shock|positive,820,0.03964407870730347,0.5426829268292683,0.009410427113127567,2026-02-02,True,True,prior_ready
9bfaaac6a43d7773,000630,2026-02-03T00:00:00,1,commodity_shock|positive,1415,0.000854123584060422,0.4551236749116608,0.0011928065781198177,2026-02-02,True,True,prior_ready
9bfaaac6a43d7773,000630,2026-02-03T00:00:00,5,commodity_shock|positive,1281,0.011648911420181917,0.4933645589383294,0.008642988355342057,2026-02-02,True,True,prior_ready
9bfaaac6a43d7773,000630,2026-02-03T00:00:00,20,commodity_shock|positive,820,0.03964407870730347,0.5426829268292683,0.009410427113127567,2026-02-02,True,True,prior_ready
94fe488a64383449,000630,2026-02-04T00:00:00,1,commodity_shock|positive,1416,0.000854577597057572,0.4555084745762712,0.001176236687968959,2026-02-03,True,True,prior_ready
94fe488a64383449,000630,2026-02-04T00:00:00,5,commodity_shock|positive,1319,0.010244898274967993,0.4844579226686884,0.0077743502342734,2026-02-03,True,True,prior_ready
94fe488a64383449,000630,2026-02-04T00:00:00,20,commodity_shock|positive,866,0.040084232687190316,0.5427251732101617,0.010040177254582642,2026-02-03,True,True,prior_ready
f9b08ba5ed76f1b8,000630,2026-02-04T00:00:00,1,commodity_shock|negative,937,0.0014367376422650315,0.5400213447171825,-0.001436769594051004,2026-02-03,True,True,prior_ready
f9b08ba5ed76f1b8,000630,2026-02-04T00:00:00,5,commodity_shock|negative,802,0.016832866136223017,0.5461346633416458,0.0043203871080945,2026-01-29,True,True,prior_ready
f9b08ba5ed76f1b8,000630,2026-02-04T00:00:00,20,commodity_shock|negative,749,0.04796351972510056,0.5927903871829105,0.013974481313254832,2026-01-30,True,True,prior_ready
1afd65f647fed9df,000630,2026-02-05T00:00:00,1,commodity_shock|negative,965,0.0013870726822311542,0.5378238341968912,-0.0016139687448745305,2026-02-04,True,True,prior_ready
1afd65f647fed9df,000630,2026-02-05T00:00:00,5,commodity_shock|negative,820,0.015482756869324281,0.5378048780487805,0.003468419282244036,2026-02-04,True,True,prior_ready
1afd65f647fed9df,000630,2026-02-05T00:00:00,20,commodity_shock|negative,749,0.04796351972510056,0.5927903871829105,0.013974481313254832,2026-01-30,True,True,prior_ready
1e230925d760b5c1,000630,2026-02-05T00:00:00,1,commodity_shock|negative,965,0.0013870726822311542,0.5378238341968912,-0.0016139687448745305,2026-02-04,True,True,prior_ready
1e230925d760b5c1,000630,2026-02-05T00:00:00,5,commodity_shock|negative,820,0.015482756869324281,0.5378048780487805,0.003468419282244036,2026-02-04,True,True,prior_ready
1e230925d760b5c1,000630,2026-02-05T00:00:00,20,commodity_shock|negative,749,0.04796351972510056,0.5927903871829105,0.013974481313254832,2026-01-30,True,True,prior_ready
ca258df5c499f921,000630,2026-02-05T00:00:00,1,commodity_shock|negative,965,0.0013870726822311542,0.5378238341968912,-0.0016139687448745305,2026-02-04,True,True,prior_ready
ca258df5c499f921,000630,2026-02-05T00:00:00,5,commodity_shock|negative,820,0.015482756869324281,0.5378048780487805,0.003468419282244036,2026-02-04,True,True,prior_ready
ca258df5c499f921,000630,2026-02-05T00:00:00,20,commodity_shock|negative,749,0.04796351972510056,0.5927903871829105,0.013974481313254832,2026-01-30,True,True,prior_ready
08fb7276b1fbec73,000630,2026-02-06T00:00:00,1,commodity_shock|negative,1002,-0.00010129737672859185,0.5199600798403193,-0.002475355018847772,2026-02-05,True,True,prior_ready
08fb7276b1fbec73,000630,2026-02-06T00:00:00,5,commodity_shock|negative,820,0.015482756869324281,0.5378048780487805,0.003468419282244036,2026-02-04,True,True,prior_ready
08fb7276b1fbec73,000630,2026-02-06T00:00:00,20,commodity_shock|negative,754,0.04916217610069405,0.5954907161803713,0.015286979847239703,2026-02-05,True,True,prior_ready
5c65abc39a3cca49,000630,2026-02-06T00:00:00,1,commodity_shock|negative,1002,-0.00010129737672859185,0.5199600798403193,-0.002475355018847772,2026-02-05,True,True,prior_ready
5c65abc39a3cca49,000630,2026-02-06T00:00:00,5,commodity_shock|negative,820,0.015482756869324281,0.5378048780487805,0.003468419282244036,2026-02-04,True,True,prior_ready
5c65abc39a3cca49,000630,2026-02-06T00:00:00,20,commodity_shock|negative,754,0.04916217610069405,0.5954907161803713,0.015286979847239703,2026-02-05,True,True,prior_ready
4d1fd64b66505293,000630,2026-02-09T00:00:00,1,commodity_shock|negative,1060,0.0005209375038446954,0.5160377358490567,-0.001690937682925895,2026-02-06,True,True,prior_ready
4d1fd64b66505293,000630,2026-02-09T00:00:00,5,commodity_shock|negative,872,0.011529253192526973,0.5160550458715596,0.0009085458916599734,2026-02-06,True,True,prior_ready
4d1fd64b66505293,000630,2026-02-09T00:00:00,20,commodity_shock|negative,754,0.04916217610069405,0.5954907161803713,0.015286979847239703,2026-02-05,True,True,prior_ready
99a186a1dd691957,000630,2026-02-09T00:00:00,1,commodity_shock|positive,1458,0.0005360925942671428,0.4561042524005487,0.0007902129436305032,2026-02-06,True,True,prior_ready
99a186a1dd691957,000630,2026-02-09T00:00:00,5,commodity_shock|positive,1415,0.0037825856974544286,0.4614840989399293,0.0026592449045005307,2026-02-06,True,True,prior_ready
99a186a1dd691957,000630,2026-02-09T00:00:00,20,commodity_shock|positive,977,0.03683104461021386,0.5312180143295804,0.008220695446838483,2026-02-06,True,True,prior_ready
3d6c47dc65e409c2,000630,2026-02-10T00:00:00,1,commodity_shock|negative,1098,0.0009617727932844526,0.5245901639344263,-0.0017116530411397555,2026-02-09,True,True,prior_ready
3d6c47dc65e409c2,000630,2026-02-10T00:00:00,5,commodity_shock|negative,937,0.011640873399760564,0.5261472785485592,-0.00042728015969662896,2026-02-09,True,True,prior_ready
3d6c47dc65e409c2,000630,2026-02-10T00:00:00,20,commodity_shock|negative,754,0.04916217610069405,0.5954907161803713,0.015286979847239703,2026-02-05,True,True,prior_ready
efbe5c70e7094b35,000630,2026-02-11T00:00:00,1,commodity_shock|negative,1103,0.0008837776080342519,0.5222121486854034,-0.0017800862083449563,2026-02-10,True,True,prior_ready
efbe5c70e7094b35,000630,2026-02-11T00:00:00,5,commodity_shock|negative,965,0.010857435440958406,0.5212435233160622,-0.001097406413693215,2026-02-10,True,True,prior_ready
efbe5c70e7094b35,000630,2026-02-11T00:00:00,20,commodity_shock|negative,754,0.04916217610069405,0.5954907161803713,0.015286979847239703,2026-02-05,True,True,prior_ready
fb49ea5d5d3d7114,000630,2026-02-13T00:00:00,1,commodity_shock|positive,1523,0.0006208931327120431,0.4583059750492449,0.0007906392249399667,2026-02-12,True,True,prior_ready
fb49ea5d5d3d7114,000630,2026-02-13T00:00:00,5,commodity_shock|positive,1458,0.0030288406083287304,0.45747599451303156,0.001738758529188741,2026-02-12,True,True,prior_ready
fb49ea5d5d3d7114,000630,2026-02-13T00:00:00,20,commodity_shock|positive,1101,0.03530396955661329,0.5258855585831063,0.009602350698840812,2026-02-12,True,True,prior_ready
7a9e2604febff2aa,000630,2026-02-24T00:00:00,1,commodity_shock|positive,1546,0.00047228805352707656,0.4553686934023286,0.0007989429717241149,2026-02-13,True,True,prior_ready
7a9e2604febff2aa,000630,2026-02-24T00:00:00,5,commodity_shock|positive,1459,0.0030111101451339565,0.457162440027416,0.0017172530911716533,2026-02-13,True,True,prior_ready
7a9e2604febff2aa,000630,2026-02-24T00:00:00,20,commodity_shock|positive,1114,0.03572563386254061,0.5278276481149012,0.01034596319138751,2026-02-13,True,True,prior_ready
7ebf3fcc9b10db6c,000630,2026-02-24T00:00:00,1,commodity_shock|positive,1546,0.00047228805352707656,0.4553686934023286,0.0007989429717241149,2026-02-13,True,True,prior_ready
7ebf3fcc9b10db6c,000630,2026-02-24T00:00:00,5,commodity_shock|positive,1459,0.0030111101451339565,0.457162440027416,0.0017172530911716533,2026-02-13,True,True,prior_ready
7ebf3fcc9b10db6c,000630,2026-02-24T00:00:00,20,commodity_shock|positive,1114,0.03572563386254061,0.5278276481149012,0.01034596319138751,2026-02-13,True,True,prior_ready
8f4c430ea8984453,000630,2026-02-25T00:00:00,1,commodity_shock|positive,1571,0.0009338918592944628,0.4627625716104392,0.0010871712238108965,2026-02-24,True,True,prior_ready
8f4c430ea8984453,000630,2026-02-25T00:00:00,5,commodity_shock|positive,1492,0.003875491597906625,0.4651474530831099,0.002565330114345144,2026-02-24,True,True,prior_ready
8f4c430ea8984453,000630,2026-02-25T00:00:00,20,commodity_shock|positive,1122,0.036546862341144744,0.5311942959001783,0.01132193500685443,2026-02-24,True,True,prior_ready
8c438774314807e4,000630,2026-02-26T00:00:00,1,commodity_shock|positive,1616,0.0014963599079519275,0.474009900990099,0.0012775380568542847,2026-02-25,True,True,prior_ready
8c438774314807e4,000630,2026-02-26T00:00:00,5,commodity_shock|positive,1499,0.004068729205067553,0.4676450967311541,0.0026932939492203605,2026-02-25,True,True,prior_ready
8c438774314807e4,000630,2026-02-26T00:00:00,20,commodity_shock|positive,1151,0.03819240640141039,0.5369244135534318,0.013062433839723922,2026-02-25,True,True,prior_ready
f358cbee080eebbd,000630,2026-02-27T00:00:00,1,commodity_shock|positive,1646,0.001239281054046475,0.47083839611178613,0.0010312973631851872,2026-02-26,True,True,prior_ready
f358cbee080eebbd,000630,2026-02-27T00:00:00,5,commodity_shock|positive,1523,0.004557086011276803,0.4714379514116875,0.002933302159785826,2026-02-26,True,True,prior_ready
f358cbee080eebbd,000630,2026-02-27T00:00:00,20,commodity_shock|positive,1185,0.03813634921636739,0.5367088607594936,0.013292153303182513,2026-02-26,True,True,prior_ready
3c395cee090f30b5,000630,2026-03-02T00:00:00,1,commodity_shock|positive,1670,0.0014812718528579526,0.47305389221556887,0.0011754314847993621,2026-02-27,True,True,prior_ready
3c395cee090f30b5,000630,2026-03-02T00:00:00,5,commodity_shock|positive,1546,0.005085731296318244,0.4760672703751617,0.003184930069488927,2026-02-27,True,True,prior_ready
3c395cee090f30b5,000630,2026-03-02T00:00:00,20,commodity_shock|positive,1186,0.03807718414436047,0.5362563237774031,0.013242111023550933,2026-02-27,True,True,prior_ready
d73c84e9e13eea14,000630,2026-03-02T00:00:00,1,commodity_shock|positive,1670,0.0014812718528579526,0.47305389221556887,0.0011754314847993621,2026-02-27,True,True,prior_ready
d73c84e9e13eea14,000630,2026-03-02T00:00:00,5,commodity_shock|positive,1546,0.005085731296318244,0.4760672703751617,0.003184930069488927,2026-02-27,True,True,prior_ready
d73c84e9e13eea14,000630,2026-03-02T00:00:00,20,commodity_shock|positive,1186,0.03807718414436047,0.5362563237774031,0.013242111023550933,2026-02-27,True,True,prior_ready
6ae0765a095cd304,000630,2026-03-03T00:00:00,1,commodity_shock|negative,1144,0.0017132949857490423,0.5323426573426573,-0.0009487882159706465,2026-02-24,True,True,prior_ready
6ae0765a095cd304,000630,2026-03-03T00:00:00,5,commodity_shock|negative,1144,0.015664856976841293,0.5568181818181818,0.00383102385997241,2026-03-02,True,True,prior_ready
6ae0765a095cd304,000630,2026-03-03T00:00:00,20,commodity_shock|negative,802,0.04893305609858003,0.5910224438902744,0.016893915347473715,2026-02-27,True,True,prior_ready
67f3e0ab7e1c5952,000630,2026-03-04T00:00:00,1,commodity_shock|negative,1144,0.0017132949857490423,0.5323426573426573,-0.0009487882159706465,2026-02-24,True,True,prior_ready
67f3e0ab7e1c5952,000630,2026-03-04T00:00:00,5,commodity_shock|negative,1144,0.015664856976841293,0.5568181818181818,0.00383102385997241,2026-03-02,True,True,prior_ready
67f3e0ab7e1c5952,000630,2026-03-04T00:00:00,20,commodity_shock|negative,802,0.04893305609858003,0.5910224438902744,0.016893915347473715,2026-02-27,True,True,prior_ready
181984dc5bb6b878,000630,2026-03-06T00:00:00,1,commodity_shock|negative,1195,0.0013804325837395149,0.5238493723849372,-0.0012113958248154337,2026-03-05,True,True,prior_ready
181984dc5bb6b878,000630,2026-03-06T00:00:00,5,commodity_shock|negative,1144,0.015664856976841293,0.5568181818181818,0.00383102385997241,2026-03-02,True,True,prior_ready
181984dc5bb6b878,000630,2026-03-06T00:00:00,20,commodity_shock|negative,820,0.04764643602300794,0.5853658536585366,0.01683073114794141,2026-03-05,True,True,prior_ready
224e0b9d195834d3,000630,2026-03-09T00:00:00,1,commodity_shock|negative,1218,0.0011578058104404765,0.5155993431855501,-0.0015114149628704659,2026-03-06,True,True,prior_ready
224e0b9d195834d3,000630,2026-03-09T00:00:00,5,commodity_shock|negative,1144,0.015664856976841293,0.5568181818181818,0.00383102385997241,2026-03-02,True,True,prior_ready
224e0b9d195834d3,000630,2026-03-09T00:00:00,20,commodity_shock|negative,820,0.04764643602300794,0.5853658536585366,0.01683073114794141,2026-03-05,True,True,prior_ready
f926a3b968d1ea86,000630,2026-03-10T00:00:00,1,commodity_shock|positive,1789,0.0005608249910998166,0.46618222470653997,0.0011131736075606156,2026-03-09,True,True,prior_ready
f926a3b968d1ea86,000630,2026-03-10T00:00:00,5,commodity_shock|positive,1744,0.0026329175890453978,0.46215596330275227,0.0033169170076728875,2026-03-09,True,True,prior_ready
f926a3b968d1ea86,000630,2026-03-10T00:00:00,20,commodity_shock|positive,1415,0.035031670850966666,0.5180212014134276,0.01762641834665205,2026-03-09,True,True,prior_ready
40afee356f8c060c,000630,2026-03-13T00:00:00,1,commodity_shock|negative,1292,0.0016266552557785247,0.5208978328173375,-0.0010020641020192283,2026-03-12,True,True,prior_ready
40afee356f8c060c,000630,2026-03-13T00:00:00,5,commodity_shock|negative,1218,0.016228618760831575,0.5607553366174056,0.0038611585336569307,2026-03-12,True,True,prior_ready
40afee356f8c060c,000630,2026-03-13T00:00:00,20,commodity_shock|negative,1002,0.04525106280521158,0.5848303393213573,0.017936749263278148,2026-03-12,True,True,prior_ready
7b446b4f0b4714d1,000630,2026-03-16T00:00:00,1,commodity_shock|negative,1292,0.0016266552557785247,0.5208978328173375,-0.0010020641020192283,2026-03-12,True,True,prior_ready
7b446b4f0b4714d1,000630,2026-03-16T00:00:00,5,commodity_shock|negative,1246,0.01643475516458228,0.5626003210272873,0.00431426365546245,2026-03-13,True,True,prior_ready
7b446b4f0b4714d1,000630,2026-03-16T00:00:00,20,commodity_shock|negative,1060,0.04627218723176363,0.589622641509434,0.019859010194889597,2026-03-13,True,True,prior_ready
425b0ac1db3ebeba,000630,2026-03-17T00:00:00,1,commodity_shock|negative,1320,0.0012816339055123287,0.5151515151515151,-0.001184461637974439,2026-03-16,True,True,prior_ready
425b0ac1db3ebeba,000630,2026-03-17T00:00:00,5,commodity_shock|negative,1274,0.01605921767327171,0.5627943485086342,0.004133566106440655,2026-03-16,True,True,prior_ready
425b0ac1db3ebeba,000630,2026-03-17T00:00:00,20,commodity_shock|negative,1098,0.04577727434922912,0.587431693989071,0.02011124766924641,2026-03-16,True,True,prior_ready
0f261197cf6f190f,000630,2026-03-18T00:00:00,1,commodity_shock|negative,1325,0.001251483249874627,0.5132075471698113,-0.0011434631004611736,2026-03-17,True,True,prior_ready
0f261197cf6f190f,000630,2026-03-18T00:00:00,5,commodity_shock|negative,1274,0.01605921767327171,0.5627943485086342,0.004133566106440655,2026-03-16,True,True,prior_ready
0f261197cf6f190f,000630,2026-03-18T00:00:00,20,commodity_shock|negative,1103,0.045240614519502294,0.585675430643699,0.019813704412307825,2026-03-17,True,True,prior_ready
0d311bc8e0f7f5e6,000630,2026-03-19T00:00:00,1,commodity_shock|negative,1330,0.0012454521181747926,0.51203007518797,-0.0011580526047777796,2026-03-18,True,True,prior_ready
0d311bc8e0f7f5e6,000630,2026-03-19T00:00:00,5,commodity_shock|negative,1292,0.01509593797916263,0.5557275541795665,0.0037212391444454334,2026-03-18,True,True,prior_ready
0d311bc8e0f7f5e6,000630,2026-03-19T00:00:00,20,commodity_shock|negative,1126,0.04455472875419977,0.5843694493783304,0.020103481710934467,2026-03-18,True,True,prior_ready
b80ee5729da180e9,000630,2026-03-19T00:00:00,1,commodity_shock|negative,1330,0.0012454521181747926,0.51203007518797,-0.0011580526047777796,2026-03-18,True,True,prior_ready
b80ee5729da180e9,000630,2026-03-19T00:00:00,5,commodity_shock|negative,1292,0.01509593797916263,0.5557275541795665,0.0037212391444454334,2026-03-18,True,True,prior_ready
b80ee5729da180e9,000630,2026-03-19T00:00:00,20,commodity_shock|negative,1126,0.04455472875419977,0.5843694493783304,0.020103481710934467,2026-03-18,True,True,prior_ready
da6de5c2140e3e4c,000630,2026-03-19T00:00:00,1,commodity_shock|negative,1330,0.0012454521181747926,0.51203007518797,-0.0011580526047777796,2026-03-18,True,True,prior_ready
da6de5c2140e3e4c,000630,2026-03-19T00:00:00,5,commodity_shock|negative,1292,0.01509593797916263,0.5557275541795665,0.0037212391444454334,2026-03-18,True,True,prior_ready
da6de5c2140e3e4c,000630,2026-03-19T00:00:00,20,commodity_shock|negative,1126,0.04455472875419977,0.5843694493783304,0.020103481710934467,2026-03-18,True,True,prior_ready
608341e922211cc8,000630,2026-03-20T00:00:00,1,commodity_shock|negative,1358,0.00020940249559971467,0.5022091310751104,-0.0016208756308123153,2026-03-19,True,True,prior_ready
608341e922211cc8,000630,2026-03-20T00:00:00,5,commodity_shock|negative,1292,0.01509593797916263,0.5557275541795665,0.0037212391444454334,2026-03-18,True,True,prior_ready
608341e922211cc8,000630,2026-03-20T00:00:00,20,commodity_shock|negative,1132,0.04362984676559488,0.5812720848056537,0.019544393645588663,2026-03-19,True,True,prior_ready
ae9900ee7f075246,000630,2026-03-20T00:00:00,1,commodity_shock|negative,1358,0.00020940249559971467,0.5022091310751104,-0.0016208756308123153,2026-03-19,True,True,prior_ready
ae9900ee7f075246,000630,2026-03-20T00:00:00,5,commodity_shock|negative,1292,0.01509593797916263,0.5557275541795665,0.0037212391444454334,2026-03-18,True,True,prior_ready
ae9900ee7f075246,000630,2026-03-20T00:00:00,20,commodity_shock|negative,1132,0.04362984676559488,0.5812720848056537,0.019544393645588663,2026-03-19,True,True,prior_ready
d36dd00985633e87,000630,2026-03-20T00:00:00,1,commodity_shock|negative,1358,0.00020940249559971467,0.5022091310751104,-0.0016208756308123153,2026-03-19,True,True,prior_ready
d36dd00985633e87,000630,2026-03-20T00:00:00,5,commodity_shock|negative,1292,0.01509593797916263,0.5557275541795665,0.0037212391444454334,2026-03-18,True,True,prior_ready
d36dd00985633e87,000630,2026-03-20T00:00:00,20,commodity_shock|negative,1132,0.04362984676559488,0.5812720848056537,0.019544393645588663,2026-03-19,True,True,prior_ready
13a83586bb5378ef,000630,2026-03-23T00:00:00,1,commodity_shock|negative,1407,0.0001361471605903207,0.4982231698649609,-0.0011928916715034936,2026-03-20,True,True,prior_ready
13a83586bb5378ef,000630,2026-03-23T00:00:00,5,commodity_shock|negative,1320,0.012979655949190032,0.5462121212121213,0.0029860148944610416,2026-03-20,True,True,prior_ready
13a83586bb5378ef,000630,2026-03-23T00:00:00,20,commodity_shock|negative,1132,0.04362984676559488,0.5812720848056537,0.019544393645588663,2026-03-19,True,True,prior_ready
a8971f9e8f0a8227,000630,2026-03-23T00:00:00,1,commodity_shock|negative,1407,0.0001361471605903207,0.4982231698649609,-0.0011928916715034936,2026-03-20,True,True,prior_ready
a8971f9e8f0a8227,000630,2026-03-23T00:00:00,5,commodity_shock|negative,1320,0.012979655949190032,0.5462121212121213,0.0029860148944610416,2026-03-20,True,True,prior_ready
a8971f9e8f0a8227,000630,2026-03-23T00:00:00,20,commodity_shock|negative,1132,0.04362984676559488,0.5812720848056537,0.019544393645588663,2026-03-19,True,True,prior_ready
d69df4bd08bf776c,000630,2026-03-23T00:00:00,1,commodity_shock|negative,1407,0.0001361471605903207,0.4982231698649609,-0.0011928916715034936,2026-03-20,True,True,prior_ready
d69df4bd08bf776c,000630,2026-03-23T00:00:00,5,commodity_shock|negative,1320,0.012979655949190032,0.5462121212121213,0.0029860148944610416,2026-03-20,True,True,prior_ready
d69df4bd08bf776c,000630,2026-03-23T00:00:00,20,commodity_shock|negative,1132,0.04362984676559488,0.5812720848056537,0.019544393645588663,2026-03-19,True,True,prior_ready
1d46638ac2ee7173,000630,2026-03-24T00:00:00,1,commodity_shock|negative,1462,-0.001311887806814733,0.4856361149110807,-0.0008858790978776152,2026-03-23,True,True,prior_ready
1d46638ac2ee7173,000630,2026-03-24T00:00:00,5,commodity_shock|negative,1325,0.012322379339230208,0.5441509433962264,0.002714012934207414,2026-03-23,True,True,prior_ready
1d46638ac2ee7173,000630,2026-03-24T00:00:00,20,commodity_shock|negative,1144,0.04306022233214773,0.5812937062937062,0.020193971969088186,2026-03-23,True,True,prior_ready
94d0f6421fdc8acf,000630,2026-03-24T00:00:00,1,commodity_shock|negative,1462,-0.001311887806814733,0.4856361149110807,-0.0008858790978776152,2026-03-23,True,True,prior_ready
94d0f6421fdc8acf,000630,2026-03-24T00:00:00,5,commodity_shock|negative,1325,0.012322379339230208,0.5441509433962264,0.002714012934207414,2026-03-23,True,True,prior_ready
94d0f6421fdc8acf,000630,2026-03-24T00:00:00,20,commodity_shock|negative,1144,0.04306022233214773,0.5812937062937062,0.020193971969088186,2026-03-23,True,True,prior_ready
918beee85aabea79,000630,2026-03-25T00:00:00,1,commodity_shock|negative,1519,-0.00043041739068016486,0.4976958525345622,-0.0008286561149343722,2026-03-24,True,True,prior_ready
918beee85aabea79,000630,2026-03-25T00:00:00,5,commodity_shock|negative,1330,0.011817047455994935,0.5421052631578948,0.0024592848184494887,2026-03-24,True,True,prior_ready
918beee85aabea79,000630,2026-03-25T00:00:00,20,commodity_shock|negative,1144,0.04306022233214773,0.5812937062937062,0.020193971969088186,2026-03-23,True,True,prior_ready
f0dc1215e406c30f,000630,2026-03-25T00:00:00,1,commodity_shock|negative,1519,-0.00043041739068016486,0.4976958525345622,-0.0008286561149343722,2026-03-24,True,True,prior_ready
f0dc1215e406c30f,000630,2026-03-25T00:00:00,5,commodity_shock|negative,1330,0.011817047455994935,0.5421052631578948,0.0024592848184494887,2026-03-24,True,True,prior_ready
f0dc1215e406c30f,000630,2026-03-25T00:00:00,20,commodity_shock|negative,1144,0.04306022233214773,0.5812937062937062,0.020193971969088186,2026-03-23,True,True,prior_ready
831d91ec0f771248,000630,2026-03-26T00:00:00,1,commodity_shock|negative,1555,0.0001297804384210325,0.5080385852090032,-0.0007286048303952844,2026-03-25,True,True,prior_ready
831d91ec0f771248,000630,2026-03-26T00:00:00,5,commodity_shock|negative,1358,0.011073376611001802,0.5382916053019146,0.002782004367663349,2026-03-25,True,True,prior_ready
831d91ec0f771248,000630,2026-03-26T00:00:00,20,commodity_shock|negative,1144,0.04306022233214773,0.5812937062937062,0.020193971969088186,2026-03-23,True,True,prior_ready
b0b7840ca700a065,000630,2026-03-26T00:00:00,1,commodity_shock|negative,1555,0.0001297804384210325,0.5080385852090032,-0.0007286048303952844,2026-03-25,True,True,prior_ready
b0b7840ca700a065,000630,2026-03-26T00:00:00,5,commodity_shock|negative,1358,0.011073376611001802,0.5382916053019146,0.002782004367663349,2026-03-25,True,True,prior_ready
b0b7840ca700a065,000630,2026-03-26T00:00:00,20,commodity_shock|negative,1144,0.04306022233214773,0.5812937062937062,0.020193971969088186,2026-03-23,True,True,prior_ready
54c9a329b71b5b14,000630,2026-03-30T00:00:00,1,commodity_shock|positive,1969,0.001430504805820362,0.47841543930929403,0.0018191797368760732,2026-03-27,True,True,prior_ready
54c9a329b71b5b14,000630,2026-03-30T00:00:00,5,commodity_shock|positive,1891,0.0023938394627819864,0.4627181385510312,0.005028139298618237,2026-03-26,True,True,prior_ready
54c9a329b71b5b14,000630,2026-03-30T00:00:00,20,commodity_shock|positive,1699,0.021960883584020423,0.4914655679811654,0.01680898419876402,2026-03-27,True,True,prior_ready
6cc6bb506e9ce470,000630,2026-03-30T00:00:00,1,commodity_shock|positive,1969,0.001430504805820362,0.47841543930929403,0.0018191797368760732,2026-03-27,True,True,prior_ready
6cc6bb506e9ce470,000630,2026-03-30T00:00:00,5,commodity_shock|positive,1891,0.0023938394627819864,0.4627181385510312,0.005028139298618237,2026-03-26,True,True,prior_ready
6cc6bb506e9ce470,000630,2026-03-30T00:00:00,20,commodity_shock|positive,1699,0.021960883584020423,0.4914655679811654,0.01680898419876402,2026-03-27,True,True,prior_ready
82c6478892ef7956,000630,2026-03-31T00:00:00,1,commodity_shock|positive,1992,0.0015372426120648396,0.4799196787148594,0.0019233729676116792,2026-03-30,True,True,prior_ready
82c6478892ef7956,000630,2026-03-31T00:00:00,5,commodity_shock|positive,1898,0.002408454008789932,0.46259220231822973,0.0048809601702539595,2026-03-30,True,True,prior_ready
82c6478892ef7956,000630,2026-03-31T00:00:00,20,commodity_shock|positive,1744,0.019561951067373524,0.4873853211009174,0.016545888790626937,2026-03-30,True,True,prior_ready
4672c4d725635ed3,000630,2026-04-01T00:00:00,1,commodity_shock|positive,2044,0.0007912382959458673,0.47162426614481406,0.0015219690463922524,2026-03-31,True,True,prior_ready
4672c4d725635ed3,000630,2026-04-01T00:00:00,5,commodity_shock|positive,1926,0.0032790586631954895,0.4698857736240914,0.005644262866564946,2026-03-31,True,True,prior_ready
4672c4d725635ed3,000630,2026-04-01T00:00:00,20,commodity_shock|positive,1752,0.019504099864736956,0.4874429223744292,0.016786250510474304,2026-03-31,True,True,prior_ready
70409f452de00898,000630,2026-04-01T00:00:00,1,commodity_shock|positive,2044,0.0007912382959458673,0.47162426614481406,0.0015219690463922524,2026-03-31,True,True,prior_ready
70409f452de00898,000630,2026-04-01T00:00:00,5,commodity_shock|positive,1926,0.0032790586631954895,0.4698857736240914,0.005644262866564946,2026-03-31,True,True,prior_ready
70409f452de00898,000630,2026-04-01T00:00:00,20,commodity_shock|positive,1752,0.019504099864736956,0.4874429223744292,0.016786250510474304,2026-03-31,True,True,prior_ready
4ef997fb0f87ec01,000630,2026-04-02T00:00:00,1,commodity_shock|negative,1617,-4.107941637442769e-05,0.5040197897340755,-0.0010291151527374324,2026-04-01,True,True,prior_ready
4ef997fb0f87ec01,000630,2026-04-02T00:00:00,5,commodity_shock|negative,1570,0.014110579978918094,0.5477707006369427,0.006417487504534901,2026-04-01,True,True,prior_ready
4ef997fb0f87ec01,000630,2026-04-02T00:00:00,20,commodity_shock|negative,1195,0.04040598220685284,0.5774058577405857,0.02076367348681228,2026-04-01,True,True,prior_ready
8624d6d3c7d8bc7c,000630,2026-04-08T00:00:00,1,commodity_shock|positive,2094,0.0004376797564315245,0.4670487106017192,0.0012118290147714876,2026-04-07,True,True,prior_ready
8624d6d3c7d8bc7c,000630,2026-04-08T00:00:00,5,commodity_shock|positive,2044,0.001672082582492851,0.46135029354207435,0.004910674683759286,2026-04-07,True,True,prior_ready
8624d6d3c7d8bc7c,000630,2026-04-08T00:00:00,20,commodity_shock|positive,1796,0.017616891376585377,0.482739420935412,0.016492651313051956,2026-04-07,True,True,prior_ready
ff719b51c057eda2,000630,2026-04-09T00:00:00,1,commodity_shock|negative,1686,0.00048243654743602,0.5088967971530249,-0.001030496614480251,2026-04-08,True,True,prior_ready
ff719b51c057eda2,000630,2026-04-09T00:00:00,5,commodity_shock|negative,1617,0.01338183496551837,0.5473098330241187,0.005720010273107695,2026-04-08,True,True,prior_ready
ff719b51c057eda2,000630,2026-04-09T00:00:00,20,commodity_shock|negative,1274,0.03559987017211586,0.5667189952904239,0.0219707939259137,2026-04-07,True,True,prior_ready
e7e883a2feb93213,000630,2026-04-10T00:00:00,1,commodity_shock|positive,2106,0.0003457989886155438,0.4648622981956315,0.0011562172560659705,2026-04-09,True,True,prior_ready
e7e883a2feb93213,000630,2026-04-10T00:00:00,5,commodity_shock|positive,2084,0.002252161678318977,0.46689059500959695,0.0050788319165288405,2026-04-09,True,True,prior_ready
e7e883a2feb93213,000630,2026-04-10T00:00:00,20,commodity_shock|positive,1831,0.017089495615205015,0.4806116876024031,0.0169812831786562,2026-04-08,True,True,prior_ready
2cec3d29a9470c0d,000630,2026-04-14T00:00:00,1,commodity_shock|positive,2124,0.00039506394298527246,0.4651600753295669,0.0011180805608110257,2026-04-13,True,True,prior_ready
2cec3d29a9470c0d,000630,2026-04-14T00:00:00,5,commodity_shock|positive,2094,0.0023205984616077135,0.4670487106017192,0.004917262085056482,2026-04-13,True,True,prior_ready
2cec3d29a9470c0d,000630,2026-04-14T00:00:00,20,commodity_shock|positive,1845,0.016407259599892726,0.4796747967479675,0.0166003065579763,2026-04-13,True,True,prior_ready
28136dcbd54392a7,000630,2026-04-16T00:00:00,1,commodity_shock|positive,2149,0.0006108534829780368,0.4685900418799442,0.001231271107129553,2026-04-15,True,True,prior_ready
28136dcbd54392a7,000630,2026-04-16T00:00:00,5,commodity_shock|positive,2106,0.0022660917486414848,0.4681861348528015,0.004749873945378932,2026-04-15,True,True,prior_ready
28136dcbd54392a7,000630,2026-04-16T00:00:00,20,commodity_shock|positive,1874,0.01692794717063292,0.4818569903948773,0.017322120290507843,2026-04-15,True,True,prior_ready
0460d008c0e4c453,000630,2026-04-20T00:00:00,1,general_news|neutral,7726,0.0008686153345178857,0.48731555785658814,-0.00015463261389414971,2026-04-17,True,True,prior_ready
0460d008c0e4c453,000630,2026-04-20T00:00:00,5,general_news|neutral,7362,0.002119369295087039,0.4974191795707688,-0.002965957079816238,2026-04-17,True,True,prior_ready
0460d008c0e4c453,000630,2026-04-20T00:00:00,20,general_news|neutral,4788,0.011441160514352726,0.49206349206349204,-0.0029012937613910558,2026-04-17,True,True,prior_ready
0800eef098eeafba,000630,2026-04-20T00:00:00,1,general_news|neutral,7726,0.0008686153345178857,0.48731555785658814,-0.00015463261389414971,2026-04-17,True,True,prior_ready
0800eef098eeafba,000630,2026-04-20T00:00:00,5,general_news|neutral,7362,0.002119369295087039,0.4974191795707688,-0.002965957079816238,2026-04-17,True,True,prior_ready
0800eef098eeafba,000630,2026-04-20T00:00:00,20,general_news|neutral,4788,0.011441160514352726,0.49206349206349204,-0.0029012937613910558,2026-04-17,True,True,prior_ready
0abe18d1ecc6ce25,000630,2026-04-20T00:00:00,1,general_news|neutral,7726,0.0008686153345178857,0.48731555785658814,-0.00015463261389414971,2026-04-17,True,True,prior_ready
0abe18d1ecc6ce25,000630,2026-04-20T00:00:00,5,general_news|neutral,7362,0.002119369295087039,0.4974191795707688,-0.002965957079816238,2026-04-17,True,True,prior_ready
0abe18d1ecc6ce25,000630,2026-04-20T00:00:00,20,general_news|neutral,4788,0.011441160514352726,0.49206349206349204,-0.0029012937613910558,2026-04-17,True,True,prior_ready
0cb387c0173dacd5,000630,2026-04-20T00:00:00,1,general_news|neutral,7726,0.0008686153345178857,0.48731555785658814,-0.00015463261389414971,2026-04-17,True,True,prior_ready
0cb387c0173dacd5,000630,2026-04-20T00:00:00,5,general_news|neutral,7362,0.002119369295087039,0.4974191795707688,-0.002965957079816238,2026-04-17,True,True,prior_ready
0cb387c0173dacd5,000630,2026-04-20T00:00:00,20,general_news|neutral,4788,0.011441160514352726,0.49206349206349204,-0.0029012937613910558,2026-04-17,True,True,prior_ready
0e438718b9b0d324,000630,2026-04-20T00:00:00,1,industry_policy|neutral,39,-0.007824524007184702,0.4358974358974359,-0.007366622073247788,2026-04-16,True,True,prior_ready
0e438718b9b0d324,000630,2026-04-20T00:00:00,5,industry_policy|neutral,35,-0.011635084856754666,0.42857142857142855,-0.008036629078064622,2026-04-17,True,True,prior_ready
0e438718b9b0d324,000630,2026-04-20T00:00:00,20,industry_policy|neutral,13,0.07019895688508727,0.7692307692307693,0.04695257405390528,2026-04-14,False,True,"prior_rows=13, minimum=20"
0e7ce86438c48b55,000630,2026-04-20T00:00:00,1,commodity_shock|positive,2198,0.0009550195106462093,0.4745222929936306,0.0014304205076865405,2026-04-17,True,True,prior_ready
0e7ce86438c48b55,000630,2026-04-20T00:00:00,5,commodity_shock|positive,2124,0.002453708939288131,0.4693973634651601,0.004648268360992583,2026-04-17,True,True,prior_ready
0e7ce86438c48b55,000630,2026-04-20T00:00:00,20,commodity_shock|positive,1891,0.016924131163831714,0.48122686409307247,0.01719239579002821,2026-04-17,True,True,prior_ready
15debb2631f721ef,000630,2026-04-20T00:00:00,1,general_news|neutral,7726,0.0008686153345178857,0.48731555785658814,-0.00015463261389414971,2026-04-17,True,True,prior_ready
15debb2631f721ef,000630,2026-04-20T00:00:00,5,general_news|neutral,7362,0.002119369295087039,0.4974191795707688,-0.002965957079816238,2026-04-17,True,True,prior_ready
15debb2631f721ef,000630,2026-04-20T00:00:00,20,general_news|neutral,4788,0.011441160514352726,0.49206349206349204,-0.0029012937613910558,2026-04-17,True,True,prior_ready
188c77e7c3459bc8,000630,2026-04-20T00:00:00,1,general_news|neutral,7726,0.0008686153345178857,0.48731555785658814,-0.00015463261389414971,2026-04-17,True,True,prior_ready
188c77e7c3459bc8,000630,2026-04-20T00:00:00,5,general_news|neutral,7362,0.002119369295087039,0.4974191795707688,-0.002965957079816238,2026-04-17,True,True,prior_ready
188c77e7c3459bc8,000630,2026-04-20T00:00:00,20,general_news|neutral,4788,0.011441160514352726,0.49206349206349204,-0.0029012937613910558,2026-04-17,True,True,prior_ready
2391791684b46c5c,000630,2026-04-20T00:00:00,1,general_news|neutral,7726,0.0008686153345178857,0.48731555785658814,-0.00015463261389414971,2026-04-17,True,True,prior_ready
2391791684b46c5c,000630,2026-04-20T00:00:00,5,general_news|neutral,7362,0.002119369295087039,0.4974191795707688,-0.002965957079816238,2026-04-17,True,True,prior_ready
2391791684b46c5c,000630,2026-04-20T00:00:00,20,general_news|neutral,4788,0.011441160514352726,0.49206349206349204,-0.0029012937613910558,2026-04-17,True,True,prior_ready
2459856b80db500f,000630,2026-04-20T00:00:00,1,commodity_shock|positive,2198,0.0009550195106462093,0.4745222929936306,0.0014304205076865405,2026-04-17,True,True,prior_ready
2459856b80db500f,000630,2026-04-20T00:00:00,5,commodity_shock|positive,2124,0.002453708939288131,0.4693973634651601,0.004648268360992583,2026-04-17,True,True,prior_ready
2459856b80db500f,000630,2026-04-20T00:00:00,20,commodity_shock|positive,1891,0.016924131163831714,0.48122686409307247,0.01719239579002821,2026-04-17,True,True,prior_ready
41897479edab8e4b,000630,2026-04-20T00:00:00,1,general_news|neutral,7726,0.0008686153345178857,0.48731555785658814,-0.00015463261389414971,2026-04-17,True,True,prior_ready
41897479edab8e4b,000630,2026-04-20T00:00:00,5,general_news|neutral,7362,0.002119369295087039,0.4974191795707688,-0.002965957079816238,2026-04-17,True,True,prior_ready
41897479edab8e4b,000630,2026-04-20T00:00:00,20,general_news|neutral,4788,0.011441160514352726,0.49206349206349204,-0.0029012937613910558,2026-04-17,True,True,prior_ready
42bddbac4e0b1cf9,000630,2026-04-20T00:00:00,1,commodity_shock|positive,2198,0.0009550195106462093,0.4745222929936306,0.0014304205076865405,2026-04-17,True,True,prior_ready
42bddbac4e0b1cf9,000630,2026-04-20T00:00:00,5,commodity_shock|positive,2124,0.002453708939288131,0.4693973634651601,0.004648268360992583,2026-04-17,True,True,prior_ready
42bddbac4e0b1cf9,000630,2026-04-20T00:00:00,20,commodity_shock|positive,1891,0.016924131163831714,0.48122686409307247,0.01719239579002821,2026-04-17,True,True,prior_ready
479bc07ef0acd8d1,000630,2026-04-20T00:00:00,1,general_news|neutral,7726,0.0008686153345178857,0.48731555785658814,-0.00015463261389414971,2026-04-17,True,True,prior_ready
479bc07ef0acd8d1,000630,2026-04-20T00:00:00,5,general_news|neutral,7362,0.002119369295087039,0.4974191795707688,-0.002965957079816238,2026-04-17,True,True,prior_ready
479bc07ef0acd8d1,000630,2026-04-20T00:00:00,20,general_news|neutral,4788,0.011441160514352726,0.49206349206349204,-0.0029012937613910558,2026-04-17,True,True,prior_ready
4c2854460eaf6f5e,000630,2026-04-20T00:00:00,1,commodity_shock|positive,2198,0.0009550195106462093,0.4745222929936306,0.0014304205076865405,2026-04-17,True,True,prior_ready
4c2854460eaf6f5e,000630,2026-04-20T00:00:00,5,commodity_shock|positive,2124,0.002453708939288131,0.4693973634651601,0.004648268360992583,2026-04-17,True,True,prior_ready
4c2854460eaf6f5e,000630,2026-04-20T00:00:00,20,commodity_shock|positive,1891,0.016924131163831714,0.48122686409307247,0.01719239579002821,2026-04-17,True,True,prior_ready
4ee7a71cfe035382,000630,2026-04-20T00:00:00,1,general_news|neutral,7726,0.0008686153345178857,0.48731555785658814,-0.00015463261389414971,2026-04-17,True,True,prior_ready
4ee7a71cfe035382,000630,2026-04-20T00:00:00,5,general_news|neutral,7362,0.002119369295087039,0.4974191795707688,-0.002965957079816238,2026-04-17,True,True,prior_ready
4ee7a71cfe035382,000630,2026-04-20T00:00:00,20,general_news|neutral,4788,0.011441160514352726,0.49206349206349204,-0.0029012937613910558,2026-04-17,True,True,prior_ready
5055cfd9159bf7cc,000630,2026-04-20T00:00:00,1,general_news|neutral,7726,0.0008686153345178857,0.48731555785658814,-0.00015463261389414971,2026-04-17,True,True,prior_ready
5055cfd9159bf7cc,000630,2026-04-20T00:00:00,5,general_news|neutral,7362,0.002119369295087039,0.4974191795707688,-0.002965957079816238,2026-04-17,True,True,prior_ready
5055cfd9159bf7cc,000630,2026-04-20T00:00:00,20,general_news|neutral,4788,0.011441160514352726,0.49206349206349204,-0.0029012937613910558,2026-04-17,True,True,prior_ready
552cb027eec2396a,000630,2026-04-20T00:00:00,1,general_news|neutral,7726,0.0008686153345178857,0.48731555785658814,-0.00015463261389414971,2026-04-17,True,True,prior_ready
552cb027eec2396a,000630,2026-04-20T00:00:00,5,general_news|neutral,7362,0.002119369295087039,0.4974191795707688,-0.002965957079816238,2026-04-17,True,True,prior_ready
552cb027eec2396a,000630,2026-04-20T00:00:00,20,general_news|neutral,4788,0.011441160514352726,0.49206349206349204,-0.0029012937613910558,2026-04-17,True,True,prior_ready
61e9c63da967f9a0,000630,2026-04-20T00:00:00,1,commodity_shock|positive,2198,0.0009550195106462093,0.4745222929936306,0.0014304205076865405,2026-04-17,True,True,prior_ready
61e9c63da967f9a0,000630,2026-04-20T00:00:00,5,commodity_shock|positive,2124,0.002453708939288131,0.4693973634651601,0.004648268360992583,2026-04-17,True,True,prior_ready
61e9c63da967f9a0,000630,2026-04-20T00:00:00,20,commodity_shock|positive,1891,0.016924131163831714,0.48122686409307247,0.01719239579002821,2026-04-17,True,True,prior_ready
632d71ab0ee7b7b8,000630,2026-04-20T00:00:00,1,general_news|neutral,7726,0.0008686153345178857,0.48731555785658814,-0.00015463261389414971,2026-04-17,True,True,prior_ready
632d71ab0ee7b7b8,000630,2026-04-20T00:00:00,5,general_news|neutral,7362,0.002119369295087039,0.4974191795707688,-0.002965957079816238,2026-04-17,True,True,prior_ready
632d71ab0ee7b7b8,000630,2026-04-20T00:00:00,20,general_news|neutral,4788,0.011441160514352726,0.49206349206349204,-0.0029012937613910558,2026-04-17,True,True,prior_ready
65dea050591b8379,000630,2026-04-20T00:00:00,1,general_news|neutral,7726,0.0008686153345178857,0.48731555785658814,-0.00015463261389414971,2026-04-17,True,True,prior_ready
65dea050591b8379,000630,2026-04-20T00:00:00,5,general_news|neutral,7362,0.002119369295087039,0.4974191795707688,-0.002965957079816238,2026-04-17,True,True,prior_ready
65dea050591b8379,000630,2026-04-20T00:00:00,20,general_news|neutral,4788,0.011441160514352726,0.49206349206349204,-0.0029012937613910558,2026-04-17,True,True,prior_ready
6b634a89b3717bb3,000630,2026-04-20T00:00:00,1,general_news|neutral,7726,0.0008686153345178857,0.48731555785658814,-0.00015463261389414971,2026-04-17,True,True,prior_ready
6b634a89b3717bb3,000630,2026-04-20T00:00:00,5,general_news|neutral,7362,0.002119369295087039,0.4974191795707688,-0.002965957079816238,2026-04-17,True,True,prior_ready
6b634a89b3717bb3,000630,2026-04-20T00:00:00,20,general_news|neutral,4788,0.011441160514352726,0.49206349206349204,-0.0029012937613910558,2026-04-17,True,True,prior_ready
71fb13afd191537a,000630,2026-04-20T00:00:00,1,general_news|neutral,7726,0.0008686153345178857,0.48731555785658814,-0.00015463261389414971,2026-04-17,True,True,prior_ready
71fb13afd191537a,000630,2026-04-20T00:00:00,5,general_news|neutral,7362,0.002119369295087039,0.4974191795707688,-0.002965957079816238,2026-04-17,True,True,prior_ready
71fb13afd191537a,000630,2026-04-20T00:00:00,20,general_news|neutral,4788,0.011441160514352726,0.49206349206349204,-0.0029012937613910558,2026-04-17,True,True,prior_ready
73339f4e93724a4f,000630,2026-04-20T00:00:00,1,general_news|neutral,7726,0.0008686153345178857,0.48731555785658814,-0.00015463261389414971,2026-04-17,True,True,prior_ready
73339f4e93724a4f,000630,2026-04-20T00:00:00,5,general_news|neutral,7362,0.002119369295087039,0.4974191795707688,-0.002965957079816238,2026-04-17,True,True,prior_ready
73339f4e93724a4f,000630,2026-04-20T00:00:00,20,general_news|neutral,4788,0.011441160514352726,0.49206349206349204,-0.0029012937613910558,2026-04-17,True,True,prior_ready
73c86fa59ad200a1,000630,2026-04-20T00:00:00,1,general_news|neutral,7726,0.0008686153345178857,0.48731555785658814,-0.00015463261389414971,2026-04-17,True,True,prior_ready
73c86fa59ad200a1,000630,2026-04-20T00:00:00,5,general_news|neutral,7362,0.002119369295087039,0.4974191795707688,-0.002965957079816238,2026-04-17,True,True,prior_ready
73c86fa59ad200a1,000630,2026-04-20T00:00:00,20,general_news|neutral,4788,0.011441160514352726,0.49206349206349204,-0.0029012937613910558,2026-04-17,True,True,prior_ready
77a554bdf7fa01ca,000630,2026-04-20T00:00:00,1,general_news|neutral,7726,0.0008686153345178857,0.48731555785658814,-0.00015463261389414971,2026-04-17,True,True,prior_ready
77a554bdf7fa01ca,000630,2026-04-20T00:00:00,5,general_news|neutral,7362,0.002119369295087039,0.4974191795707688,-0.002965957079816238,2026-04-17,True,True,prior_ready
77a554bdf7fa01ca,000630,2026-04-20T00:00:00,20,general_news|neutral,4788,0.011441160514352726,0.49206349206349204,-0.0029012937613910558,2026-04-17,True,True,prior_ready
7cd69b12fc1272be,000630,2026-04-20T00:00:00,1,general_news|neutral,7726,0.0008686153345178857,0.48731555785658814,-0.00015463261389414971,2026-04-17,True,True,prior_ready
7cd69b12fc1272be,000630,2026-04-20T00:00:00,5,general_news|neutral,7362,0.002119369295087039,0.4974191795707688,-0.002965957079816238,2026-04-17,True,True,prior_ready
7cd69b12fc1272be,000630,2026-04-20T00:00:00,20,general_news|neutral,4788,0.011441160514352726,0.49206349206349204,-0.0029012937613910558,2026-04-17,True,True,prior_ready
7d1229198d392ddf,000630,2026-04-20T00:00:00,1,commodity_shock|positive,2198,0.0009550195106462093,0.4745222929936306,0.0014304205076865405,2026-04-17,True,True,prior_ready
7d1229198d392ddf,000630,2026-04-20T00:00:00,5,commodity_shock|positive,2124,0.002453708939288131,0.4693973634651601,0.004648268360992583,2026-04-17,True,True,prior_ready
7d1229198d392ddf,000630,2026-04-20T00:00:00,20,commodity_shock|positive,1891,0.016924131163831714,0.48122686409307247,0.01719239579002821,2026-04-17,True,True,prior_ready
7fe993b50b2f326f,000630,2026-04-20T00:00:00,1,commodity_shock|positive,2198,0.0009550195106462093,0.4745222929936306,0.0014304205076865405,2026-04-17,True,True,prior_ready
7fe993b50b2f326f,000630,2026-04-20T00:00:00,5,commodity_shock|positive,2124,0.002453708939288131,0.4693973634651601,0.004648268360992583,2026-04-17,True,True,prior_ready
7fe993b50b2f326f,000630,2026-04-20T00:00:00,20,commodity_shock|positive,1891,0.016924131163831714,0.48122686409307247,0.01719239579002821,2026-04-17,True,True,prior_ready
8352680bcd6b2c05,000630,2026-04-20T00:00:00,1,general_news|neutral,7726,0.0008686153345178857,0.48731555785658814,-0.00015463261389414971,2026-04-17,True,True,prior_ready
8352680bcd6b2c05,000630,2026-04-20T00:00:00,5,general_news|neutral,7362,0.002119369295087039,0.4974191795707688,-0.002965957079816238,2026-04-17,True,True,prior_ready
8352680bcd6b2c05,000630,2026-04-20T00:00:00,20,general_news|neutral,4788,0.011441160514352726,0.49206349206349204,-0.0029012937613910558,2026-04-17,True,True,prior_ready
869803532fb58b08,000630,2026-04-20T00:00:00,1,general_news|neutral,7726,0.0008686153345178857,0.48731555785658814,-0.00015463261389414971,2026-04-17,True,True,prior_ready
869803532fb58b08,000630,2026-04-20T00:00:00,5,general_news|neutral,7362,0.002119369295087039,0.4974191795707688,-0.002965957079816238,2026-04-17,True,True,prior_ready
869803532fb58b08,000630,2026-04-20T00:00:00,20,general_news|neutral,4788,0.011441160514352726,0.49206349206349204,-0.0029012937613910558,2026-04-17,True,True,prior_ready
8aa438329b1391c5,000630,2026-04-20T00:00:00,1,general_news|neutral,7726,0.0008686153345178857,0.48731555785658814,-0.00015463261389414971,2026-04-17,True,True,prior_ready
8aa438329b1391c5,000630,2026-04-20T00:00:00,5,general_news|neutral,7362,0.002119369295087039,0.4974191795707688,-0.002965957079816238,2026-04-17,True,True,prior_ready
8aa438329b1391c5,000630,2026-04-20T00:00:00,20,general_news|neutral,4788,0.011441160514352726,0.49206349206349204,-0.0029012937613910558,2026-04-17,True,True,prior_ready
95f053c3fc6e6ae9,000630,2026-04-20T00:00:00,1,shareholder_change|neutral,1446,0.0017084394617360402,0.4930843706777317,0.0004164407559765968,2026-04-17,True,True,prior_ready
95f053c3fc6e6ae9,000630,2026-04-20T00:00:00,5,shareholder_change|neutral,1402,0.008921888428822794,0.5106990014265336,0.001984457539783385,2026-04-17,True,True,prior_ready
95f053c3fc6e6ae9,000630,2026-04-20T00:00:00,20,shareholder_change|neutral,1177,0.02376884034522883,0.5182667799490229,0.005275208480600178,2026-04-17,True,True,prior_ready
9ac6b8753c3dce5d,000630,2026-04-20T00:00:00,1,general_news|neutral,7726,0.0008686153345178857,0.48731555785658814,-0.00015463261389414971,2026-04-17,True,True,prior_ready
9ac6b8753c3dce5d,000630,2026-04-20T00:00:00,5,general_news|neutral,7362,0.002119369295087039,0.4974191795707688,-0.002965957079816238,2026-04-17,True,True,prior_ready
9ac6b8753c3dce5d,000630,2026-04-20T00:00:00,20,general_news|neutral,4788,0.011441160514352726,0.49206349206349204,-0.0029012937613910558,2026-04-17,True,True,prior_ready
ac9d66c0afa7b847,000630,2026-04-20T00:00:00,1,general_news|neutral,7726,0.0008686153345178857,0.48731555785658814,-0.00015463261389414971,2026-04-17,True,True,prior_ready
ac9d66c0afa7b847,000630,2026-04-20T00:00:00,5,general_news|neutral,7362,0.002119369295087039,0.4974191795707688,-0.002965957079816238,2026-04-17,True,True,prior_ready
ac9d66c0afa7b847,000630,2026-04-20T00:00:00,20,general_news|neutral,4788,0.011441160514352726,0.49206349206349204,-0.0029012937613910558,2026-04-17,True,True,prior_ready
ae53b2803ef123e3,000630,2026-04-20T00:00:00,1,commodity_shock|positive,2198,0.0009550195106462093,0.4745222929936306,0.0014304205076865405,2026-04-17,True,True,prior_ready
ae53b2803ef123e3,000630,2026-04-20T00:00:00,5,commodity_shock|positive,2124,0.002453708939288131,0.4693973634651601,0.004648268360992583,2026-04-17,True,True,prior_ready
ae53b2803ef123e3,000630,2026-04-20T00:00:00,20,commodity_shock|positive,1891,0.016924131163831714,0.48122686409307247,0.01719239579002821,2026-04-17,True,True,prior_ready
b412b5905fa5eef2,000630,2026-04-20T00:00:00,1,general_news|neutral,7726,0.0008686153345178857,0.48731555785658814,-0.00015463261389414971,2026-04-17,True,True,prior_ready
b412b5905fa5eef2,000630,2026-04-20T00:00:00,5,general_news|neutral,7362,0.002119369295087039,0.4974191795707688,-0.002965957079816238,2026-04-17,True,True,prior_ready
b412b5905fa5eef2,000630,2026-04-20T00:00:00,20,general_news|neutral,4788,0.011441160514352726,0.49206349206349204,-0.0029012937613910558,2026-04-17,True,True,prior_ready
b59a3f6f34f1a1bb,000630,2026-04-20T00:00:00,1,general_news|neutral,7726,0.0008686153345178857,0.48731555785658814,-0.00015463261389414971,2026-04-17,True,True,prior_ready
b59a3f6f34f1a1bb,000630,2026-04-20T00:00:00,5,general_news|neutral,7362,0.002119369295087039,0.4974191795707688,-0.002965957079816238,2026-04-17,True,True,prior_ready
b59a3f6f34f1a1bb,000630,2026-04-20T00:00:00,20,general_news|neutral,4788,0.011441160514352726,0.49206349206349204,-0.0029012937613910558,2026-04-17,True,True,prior_ready
c25c460923b771d5,000630,2026-04-20T00:00:00,1,general_news|neutral,7726,0.0008686153345178857,0.48731555785658814,-0.00015463261389414971,2026-04-17,True,True,prior_ready
c25c460923b771d5,000630,2026-04-20T00:00:00,5,general_news|neutral,7362,0.002119369295087039,0.4974191795707688,-0.002965957079816238,2026-04-17,True,True,prior_ready
c25c460923b771d5,000630,2026-04-20T00:00:00,20,general_news|neutral,4788,0.011441160514352726,0.49206349206349204,-0.0029012937613910558,2026-04-17,True,True,prior_ready
c7581c1578cfdcd6,000630,2026-04-20T00:00:00,1,commodity_shock|positive,2198,0.0009550195106462093,0.4745222929936306,0.0014304205076865405,2026-04-17,True,True,prior_ready
c7581c1578cfdcd6,000630,2026-04-20T00:00:00,5,commodity_shock|positive,2124,0.002453708939288131,0.4693973634651601,0.004648268360992583,2026-04-17,True,True,prior_ready
c7581c1578cfdcd6,000630,2026-04-20T00:00:00,20,commodity_shock|positive,1891,0.016924131163831714,0.48122686409307247,0.01719239579002821,2026-04-17,True,True,prior_ready
c8f89c422d8b3949,000630,2026-04-20T00:00:00,1,general_news|neutral,7726,0.0008686153345178857,0.48731555785658814,-0.00015463261389414971,2026-04-17,True,True,prior_ready
c8f89c422d8b3949,000630,2026-04-20T00:00:00,5,general_news|neutral,7362,0.002119369295087039,0.4974191795707688,-0.002965957079816238,2026-04-17,True,True,prior_ready
c8f89c422d8b3949,000630,2026-04-20T00:00:00,20,general_news|neutral,4788,0.011441160514352726,0.49206349206349204,-0.0029012937613910558,2026-04-17,True,True,prior_ready
ca25f29cb694072c,000630,2026-04-20T00:00:00,1,general_news|neutral,7726,0.0008686153345178857,0.48731555785658814,-0.00015463261389414971,2026-04-17,True,True,prior_ready
ca25f29cb694072c,000630,2026-04-20T00:00:00,5,general_news|neutral,7362,0.002119369295087039,0.4974191795707688,-0.002965957079816238,2026-04-17,True,True,prior_ready
ca25f29cb694072c,000630,2026-04-20T00:00:00,20,general_news|neutral,4788,0.011441160514352726,0.49206349206349204,-0.0029012937613910558,2026-04-17,True,True,prior_ready
ccbf1a3bca9c61ef,000630,2026-04-20T00:00:00,1,commodity_shock|positive,2198,0.0009550195106462093,0.4745222929936306,0.0014304205076865405,2026-04-17,True,True,prior_ready
ccbf1a3bca9c61ef,000630,2026-04-20T00:00:00,5,commodity_shock|positive,2124,0.002453708939288131,0.4693973634651601,0.004648268360992583,2026-04-17,True,True,prior_ready
ccbf1a3bca9c61ef,000630,2026-04-20T00:00:00,20,commodity_shock|positive,1891,0.016924131163831714,0.48122686409307247,0.01719239579002821,2026-04-17,True,True,prior_ready
d2af162dbfb2c0b3,000630,2026-04-20T00:00:00,1,general_news|neutral,7726,0.0008686153345178857,0.48731555785658814,-0.00015463261389414971,2026-04-17,True,True,prior_ready
d2af162dbfb2c0b3,000630,2026-04-20T00:00:00,5,general_news|neutral,7362,0.002119369295087039,0.4974191795707688,-0.002965957079816238,2026-04-17,True,True,prior_ready
d2af162dbfb2c0b3,000630,2026-04-20T00:00:00,20,general_news|neutral,4788,0.011441160514352726,0.49206349206349204,-0.0029012937613910558,2026-04-17,True,True,prior_ready
d633263c16efcbd9,000630,2026-04-20T00:00:00,1,general_news|neutral,7726,0.0008686153345178857,0.48731555785658814,-0.00015463261389414971,2026-04-17,True,True,prior_ready
d633263c16efcbd9,000630,2026-04-20T00:00:00,5,general_news|neutral,7362,0.002119369295087039,0.4974191795707688,-0.002965957079816238,2026-04-17,True,True,prior_ready
d633263c16efcbd9,000630,2026-04-20T00:00:00,20,general_news|neutral,4788,0.011441160514352726,0.49206349206349204,-0.0029012937613910558,2026-04-17,True,True,prior_ready
ebf28a310653d8f0,000630,2026-04-20T00:00:00,1,commodity_shock|positive,2198,0.0009550195106462093,0.4745222929936306,0.0014304205076865405,2026-04-17,True,True,prior_ready
ebf28a310653d8f0,000630,2026-04-20T00:00:00,5,commodity_shock|positive,2124,0.002453708939288131,0.4693973634651601,0.004648268360992583,2026-04-17,True,True,prior_ready
ebf28a310653d8f0,000630,2026-04-20T00:00:00,20,commodity_shock|positive,1891,0.016924131163831714,0.48122686409307247,0.01719239579002821,2026-04-17,True,True,prior_ready
ed410bae24ebccc3,000630,2026-04-20T00:00:00,1,commodity_shock|positive,2198,0.0009550195106462093,0.4745222929936306,0.0014304205076865405,2026-04-17,True,True,prior_ready
ed410bae24ebccc3,000630,2026-04-20T00:00:00,5,commodity_shock|positive,2124,0.002453708939288131,0.4693973634651601,0.004648268360992583,2026-04-17,True,True,prior_ready
ed410bae24ebccc3,000630,2026-04-20T00:00:00,20,commodity_shock|positive,1891,0.016924131163831714,0.48122686409307247,0.01719239579002821,2026-04-17,True,True,prior_ready
eef6d252033ef738,000630,2026-04-20T00:00:00,1,general_news|neutral,7726,0.0008686153345178857,0.48731555785658814,-0.00015463261389414971,2026-04-17,True,True,prior_ready
eef6d252033ef738,000630,2026-04-20T00:00:00,5,general_news|neutral,7362,0.002119369295087039,0.4974191795707688,-0.002965957079816238,2026-04-17,True,True,prior_ready
eef6d252033ef738,000630,2026-04-20T00:00:00,20,general_news|neutral,4788,0.011441160514352726,0.49206349206349204,-0.0029012937613910558,2026-04-17,True,True,prior_ready
f589d841d3ea0b29,000630,2026-04-20T00:00:00,1,general_news|neutral,7726,0.0008686153345178857,0.48731555785658814,-0.00015463261389414971,2026-04-17,True,True,prior_ready
f589d841d3ea0b29,000630,2026-04-20T00:00:00,5,general_news|neutral,7362,0.002119369295087039,0.4974191795707688,-0.002965957079816238,2026-04-17,True,True,prior_ready
f589d841d3ea0b29,000630,2026-04-20T00:00:00,20,general_news|neutral,4788,0.011441160514352726,0.49206349206349204,-0.0029012937613910558,2026-04-17,True,True,prior_ready
f74504505ec62bef,000630,2026-04-20T00:00:00,1,commodity_shock|positive,2198,0.0009550195106462093,0.4745222929936306,0.0014304205076865405,2026-04-17,True,True,prior_ready
f74504505ec62bef,000630,2026-04-20T00:00:00,5,commodity_shock|positive,2124,0.002453708939288131,0.4693973634651601,0.004648268360992583,2026-04-17,True,True,prior_ready
f74504505ec62bef,000630,2026-04-20T00:00:00,20,commodity_shock|positive,1891,0.016924131163831714,0.48122686409307247,0.01719239579002821,2026-04-17,True,True,prior_ready
76f91190a5c309d3,000630,2026-04-23T00:00:00,1,commodity_shock|negative,1776,0.0010245887468732999,0.5129504504504504,-0.0007647623637774117,2026-04-22,True,True,prior_ready
76f91190a5c309d3,000630,2026-04-23T00:00:00,5,commodity_shock|negative,1762,0.017131865664955316,0.5669693530079455,0.006628690420215666,2026-04-22,True,True,prior_ready
76f91190a5c309d3,000630,2026-04-23T00:00:00,20,commodity_shock|negative,1555,0.04683687079397226,0.6,0.028496942745295115,2026-04-22,True,True,prior_ready
2c966685e67e0082,000630,2026-04-24T00:00:00,1,commodity_shock|negative,1776,0.0010245887468732999,0.5129504504504504,-0.0007647623637774117,2026-04-22,True,True,prior_ready
2c966685e67e0082,000630,2026-04-24T00:00:00,5,commodity_shock|negative,1762,0.017131865664955316,0.5669693530079455,0.006628690420215666,2026-04-22,True,True,prior_ready
2c966685e67e0082,000630,2026-04-24T00:00:00,20,commodity_shock|negative,1570,0.046843645111045294,0.6025477707006369,0.02817496340908487,2026-04-23,True,True,prior_ready
97b13491a2322408,000630,2026-04-28T00:00:00,1,commodity_shock|negative,1786,0.0009841981679038706,0.5111982082866742,-0.000799769077885239,2026-04-27,True,True,prior_ready
97b13491a2322408,000630,2026-04-28T00:00:00,5,commodity_shock|negative,1769,0.01726912705509886,0.567552289429056,0.006826024106434125,2026-04-27,True,True,prior_ready
97b13491a2322408,000630,2026-04-28T00:00:00,20,commodity_shock|negative,1592,0.04673815164205485,0.6036432160804021,0.02747066619889617,2026-04-24,True,True,prior_ready
17652ab5e39c62c4,000630,2026-04-29T00:00:00,1,general_news|neutral,9982,-0.0015757591670691464,0.4488078541374474,-0.0016307267386485,2026-04-28,True,True,prior_ready
17652ab5e39c62c4,000630,2026-04-29T00:00:00,5,general_news|neutral,8466,0.0020282746007701095,0.49125915426411526,-0.002761929587799465,2026-04-28,True,True,prior_ready
17652ab5e39c62c4,000630,2026-04-29T00:00:00,20,general_news|neutral,6175,0.023291621421414065,0.545587044534413,-0.0007485433623139487,2026-04-28,True,True,prior_ready
1b59f316faba3d61,000630,2026-04-29T00:00:00,1,general_news|neutral,9982,-0.0015757591670691464,0.4488078541374474,-0.0016307267386485,2026-04-28,True,True,prior_ready
1b59f316faba3d61,000630,2026-04-29T00:00:00,5,general_news|neutral,8466,0.0020282746007701095,0.49125915426411526,-0.002761929587799465,2026-04-28,True,True,prior_ready
1b59f316faba3d61,000630,2026-04-29T00:00:00,20,general_news|neutral,6175,0.023291621421414065,0.545587044534413,-0.0007485433623139487,2026-04-28,True,True,prior_ready
794184605118778e,000630,2026-04-29T00:00:00,1,general_news|neutral,9982,-0.0015757591670691464,0.4488078541374474,-0.0016307267386485,2026-04-28,True,True,prior_ready
794184605118778e,000630,2026-04-29T00:00:00,5,general_news|neutral,8466,0.0020282746007701095,0.49125915426411526,-0.002761929587799465,2026-04-28,True,True,prior_ready
794184605118778e,000630,2026-04-29T00:00:00,20,general_news|neutral,6175,0.023291621421414065,0.545587044534413,-0.0007485433623139487,2026-04-28,True,True,prior_ready
b0cf525d200e7fc2,000630,2026-04-29T00:00:00,1,general_news|neutral,9982,-0.0015757591670691464,0.4488078541374474,-0.0016307267386485,2026-04-28,True,True,prior_ready
b0cf525d200e7fc2,000630,2026-04-29T00:00:00,5,general_news|neutral,8466,0.0020282746007701095,0.49125915426411526,-0.002761929587799465,2026-04-28,True,True,prior_ready
b0cf525d200e7fc2,000630,2026-04-29T00:00:00,20,general_news|neutral,6175,0.023291621421414065,0.545587044534413,-0.0007485433623139487,2026-04-28,True,True,prior_ready
d7069c5c6c048ed1,000630,2026-04-29T00:00:00,1,shareholder_change|neutral,1665,0.0010129312843808157,0.4762762762762763,0.00022174645685665772,2026-04-28,True,True,prior_ready
d7069c5c6c048ed1,000630,2026-04-29T00:00:00,5,shareholder_change|neutral,1524,0.008120667128111422,0.5039370078740157,0.0015122053778086166,2026-04-28,True,True,prior_ready
d7069c5c6c048ed1,000630,2026-04-29T00:00:00,20,shareholder_change|neutral,1289,0.025376632856609804,0.5290923196276183,0.0030889431929123855,2026-04-28,True,True,prior_ready
dd1dc9fc3c6594bc,000630,2026-04-29T00:00:00,1,commodity_shock|negative,1786,0.0009841981679038706,0.5111982082866742,-0.000799769077885239,2026-04-27,True,True,prior_ready
dd1dc9fc3c6594bc,000630,2026-04-29T00:00:00,5,commodity_shock|negative,1776,0.017340553426665007,0.5681306306306306,0.007003622498171263,2026-04-28,True,True,prior_ready
dd1dc9fc3c6594bc,000630,2026-04-29T00:00:00,20,commodity_shock|negative,1599,0.0467581741626669,0.6028767979987493,0.027391812351104758,2026-04-28,True,True,prior_ready
b694182b86e37f1c,000630,2026-05-06T00:00:00,1,commodity_shock|positive,2371,0.0011263193791490526,0.4749051033319275,0.0014327723388187293,2026-04-30,True,True,prior_ready
b694182b86e37f1c,000630,2026-05-06T00:00:00,5,commodity_shock|positive,2285,0.003759176799553889,0.4787746170678337,0.005406938811881501,2026-04-30,True,True,prior_ready
b694182b86e37f1c,000630,2026-05-06T00:00:00,20,commodity_shock|positive,2084,0.024153247332177604,0.5129558541266794,0.018863494249263223,2026-04-30,True,True,prior_ready
ecf882da5dc6d442,000630,2026-05-07T00:00:00,1,commodity_shock|positive,2412,0.0016193918904168012,0.4834162520729685,0.0016147028453260613,2026-05-06,True,True,prior_ready
ecf882da5dc6d442,000630,2026-05-07T00:00:00,5,commodity_shock|positive,2291,0.003896327372652846,0.48013967699694454,0.0054819884543830895,2026-05-06,True,True,prior_ready
ecf882da5dc6d442,000630,2026-05-07T00:00:00,20,commodity_shock|positive,2091,0.024483102132551577,0.5141080822572932,0.018904280782004762,2026-05-06,True,True,prior_ready
340d0237cc387eb7,000630,2026-05-08T00:00:00,1,commodity_shock|positive,2444,0.0015933263802602737,0.483633387888707,0.0014939898074830512,2026-05-07,True,True,prior_ready
340d0237cc387eb7,000630,2026-05-08T00:00:00,5,commodity_shock|positive,2313,0.004316512370429546,0.48378728923476005,0.005644701041362658,2026-05-07,True,True,prior_ready
340d0237cc387eb7,000630,2026-05-08T00:00:00,20,commodity_shock|positive,2094,0.024622678675783334,0.5148042024832856,0.018877756523788633,2026-05-07,True,True,prior_ready
f046248146819773,000630,2026-05-11T00:00:00,1,commodity_shock|positive,2473,0.001432770354141172,0.48362312980186006,0.001295149146473976,2026-05-08,True,True,prior_ready
f046248146819773,000630,2026-05-11T00:00:00,5,commodity_shock|positive,2338,0.004517196361541314,0.4833190761334474,0.005362981028181843,2026-05-08,True,True,prior_ready
f046248146819773,000630,2026-05-11T00:00:00,20,commodity_shock|positive,2094,0.024622678675783334,0.5148042024832856,0.018877756523788633,2026-05-07,True,True,prior_ready
86363867fae769a2,000630,2026-05-12T00:00:00,1,commodity_shock|positive,2501,0.0014327562406809735,0.4846061575369852,0.0011954676864093967,2026-05-11,True,True,prior_ready
86363867fae769a2,000630,2026-05-12T00:00:00,5,commodity_shock|positive,2371,0.00479866769354679,0.48291859974694223,0.005090018876925591,2026-05-11,True,True,prior_ready
86363867fae769a2,000630,2026-05-12T00:00:00,20,commodity_shock|positive,2106,0.0250779642210033,0.5161443494776828,0.01890133640733051,2026-05-11,True,True,prior_ready
90504be58778ddf9,000630,2026-05-12T00:00:00,1,commodity_shock|positive,2501,0.0014327562406809735,0.4846061575369852,0.0011954676864093967,2026-05-11,True,True,prior_ready
90504be58778ddf9,000630,2026-05-12T00:00:00,5,commodity_shock|positive,2371,0.00479866769354679,0.48291859974694223,0.005090018876925591,2026-05-11,True,True,prior_ready
90504be58778ddf9,000630,2026-05-12T00:00:00,20,commodity_shock|positive,2106,0.0250779642210033,0.5161443494776828,0.01890133640733051,2026-05-11,True,True,prior_ready
bc6e661ffcf08ec8,000630,2026-05-13T00:00:00,1,commodity_shock|positive,2531,0.0013411154037790913,0.4820229158435401,0.0012182617053174147,2026-05-12,True,True,prior_ready
bc6e661ffcf08ec8,000630,2026-05-13T00:00:00,5,commodity_shock|positive,2412,0.004616303560889665,0.4792703150912106,0.004382179022624107,2026-05-12,True,True,prior_ready
bc6e661ffcf08ec8,000630,2026-05-13T00:00:00,20,commodity_shock|positive,2115,0.025386850341126675,0.51725768321513,0.018905220538053345,2026-05-12,True,True,prior_ready
c71a7dbbf115b4fe,000630,2026-05-13T00:00:00,1,commodity_shock|positive,2531,0.0013411154037790913,0.4820229158435401,0.0012182617053174147,2026-05-12,True,True,prior_ready
c71a7dbbf115b4fe,000630,2026-05-13T00:00:00,5,commodity_shock|positive,2412,0.004616303560889665,0.4792703150912106,0.004382179022624107,2026-05-12,True,True,prior_ready
c71a7dbbf115b4fe,000630,2026-05-13T00:00:00,20,commodity_shock|positive,2115,0.025386850341126675,0.51725768321513,0.018905220538053345,2026-05-12,True,True,prior_ready
34c82a62a12c1c6a,000630,2026-05-14T00:00:00,1,shareholder_change|neutral,1886,0.0011664851734835898,0.4835630965005302,-0.0002886721525176111,2026-05-13,True,True,prior_ready
34c82a62a12c1c6a,000630,2026-05-14T00:00:00,5,shareholder_change|neutral,1804,0.011517556239946729,0.5188470066518847,0.0020749444130376674,2026-05-13,True,True,prior_ready
34c82a62a12c1c6a,000630,2026-05-14T00:00:00,20,shareholder_change|neutral,1401,0.03171798253219886,0.5481798715203426,0.004425794245825429,2026-05-13,True,True,prior_ready
4fcc623cb2d28ac0,000630,2026-05-14T00:00:00,1,commodity_shock|positive,2573,0.0013266572295737684,0.4823163622230859,0.001046957185644734,2026-05-13,True,True,prior_ready
4fcc623cb2d28ac0,000630,2026-05-14T00:00:00,5,commodity_shock|positive,2444,0.0042037851087302095,0.4774959083469722,0.00369536356755156,2026-05-13,True,True,prior_ready
4fcc623cb2d28ac0,000630,2026-05-14T00:00:00,20,commodity_shock|positive,2124,0.025419467981888724,0.5174199623352166,0.018651361188527872,2026-05-13,True,True,prior_ready
70541f8b7699078a,000630,2026-05-14T00:00:00,1,general_news|neutral,12389,-0.0009050629325523937,0.4688836871418194,-0.0024056559743424496,2026-05-13,True,True,prior_ready
70541f8b7699078a,000630,2026-05-14T00:00:00,5,general_news|neutral,12154,0.008756310854327933,0.5190060885305249,-0.003478168265357813,2026-05-13,True,True,prior_ready
70541f8b7699078a,000630,2026-05-14T00:00:00,20,general_news|neutral,7356,0.03213078730339014,0.5796628602501359,-0.0016216247549868377,2026-05-13,True,True,prior_ready
b7bd17b7b4bb5a8b,000630,2026-05-14T00:00:00,1,general_news|neutral,12389,-0.0009050629325523937,0.4688836871418194,-0.0024056559743424496,2026-05-13,True,True,prior_ready
b7bd17b7b4bb5a8b,000630,2026-05-14T00:00:00,5,general_news|neutral,12154,0.008756310854327933,0.5190060885305249,-0.003478168265357813,2026-05-13,True,True,prior_ready
b7bd17b7b4bb5a8b,000630,2026-05-14T00:00:00,20,general_news|neutral,7356,0.03213078730339014,0.5796628602501359,-0.0016216247549868377,2026-05-13,True,True,prior_ready
c2a58ef4246917e7,000630,2026-05-14T00:00:00,1,shareholder_change|neutral,1886,0.0011664851734835898,0.4835630965005302,-0.0002886721525176111,2026-05-13,True,True,prior_ready
c2a58ef4246917e7,000630,2026-05-14T00:00:00,5,shareholder_change|neutral,1804,0.011517556239946729,0.5188470066518847,0.0020749444130376674,2026-05-13,True,True,prior_ready
c2a58ef4246917e7,000630,2026-05-14T00:00:00,20,shareholder_change|neutral,1401,0.03171798253219886,0.5481798715203426,0.004425794245825429,2026-05-13,True,True,prior_ready
6d5edb5fdb8c93ba,000630,2026-05-15T00:00:00,1,commodity_shock|negative,1825,0.0011489442883121433,0.5145205479452055,-0.0007519470083909124,2026-05-13,True,True,prior_ready
6d5edb5fdb8c93ba,000630,2026-05-15T00:00:00,5,commodity_shock|negative,1810,0.017593148503778504,0.5701657458563536,0.0071235555830992114,2026-05-14,True,True,prior_ready
6d5edb5fdb8c93ba,000630,2026-05-15T00:00:00,20,commodity_shock|negative,1748,0.056643791567269744,0.6292906178489702,0.03126981398202627,2026-05-14,True,True,prior_ready
eeec94f2124d0c43,000630,2026-05-18T00:00:00,1,commodity_shock|negative,1843,0.001093328324640948,0.513293543136191,-0.0006844979468988697,2026-05-15,True,True,prior_ready
eeec94f2124d0c43,000630,2026-05-18T00:00:00,5,commodity_shock|negative,1817,0.017465297363812724,0.5690698954320308,0.007137842727948841,2026-05-15,True,True,prior_ready
eeec94f2124d0c43,000630,2026-05-18T00:00:00,20,commodity_shock|negative,1755,0.05680498745170162,0.6307692307692307,0.031464930056110535,2026-05-15,True,True,prior_ready
2fe6cc503b5e670c,000630,2026-05-19T00:00:00,1,commodity_shock|negative,1854,0.0009839038088222032,0.511326860841424,-0.000774740168627634,2026-05-18,True,True,prior_ready
2fe6cc503b5e670c,000630,2026-05-19T00:00:00,5,commodity_shock|negative,1817,0.017465297363812724,0.5690698954320308,0.007137842727948841,2026-05-15,True,True,prior_ready
2fe6cc503b5e670c,000630,2026-05-19T00:00:00,20,commodity_shock|negative,1762,0.057067975990752126,0.6322360953461975,0.03173117225000792,2026-05-18,True,True,prior_ready
0ba27693262be86b,000630,2026-05-20T00:00:00,1,commodity_shock|negative,1878,0.0008658977103125097,0.5085197018104366,-0.0009657180464566303,2026-05-19,True,True,prior_ready
0ba27693262be86b,000630,2026-05-20T00:00:00,5,commodity_shock|negative,1825,0.017392168255343943,0.5687671232876712,0.00720015908064133,2026-05-19,True,True,prior_ready
0ba27693262be86b,000630,2026-05-20T00:00:00,20,commodity_shock|negative,1762,0.057067975990752126,0.6322360953461975,0.03173117225000792,2026-05-18,True,True,prior_ready
d735867dd93cb3cf,000630,2026-05-21T00:00:00,1,general_news|neutral,12642,-0.0010513239924686455,0.46654010441385857,-0.0023619857858578315,2026-05-20,True,True,prior_ready
d735867dd93cb3cf,000630,2026-05-21T00:00:00,5,general_news|neutral,12428,0.007922934311209983,0.5122304473768909,-0.0034537962035895435,2026-05-20,True,True,prior_ready
d735867dd93cb3cf,000630,2026-05-21T00:00:00,20,general_news|neutral,7941,0.03626013659139002,0.5879612139529027,0.0035156570188250155,2026-05-20,True,True,prior_ready
e9085955a24eba97,000630,2026-05-21T00:00:00,1,commodity_shock|negative,1901,0.000980180481519524,0.5102577590741715,-0.0007185781950684941,2026-05-20,True,True,prior_ready
e9085955a24eba97,000630,2026-05-21T00:00:00,5,commodity_shock|negative,1825,0.017392168255343943,0.5687671232876712,0.00720015908064133,2026-05-19,True,True,prior_ready
e9085955a24eba97,000630,2026-05-21T00:00:00,20,commodity_shock|negative,1762,0.057067975990752126,0.6322360953461975,0.03173117225000792,2026-05-18,True,True,prior_ready
04f86c844078c39d,000630,2026-05-29T00:00:00,1,general_news|neutral,13020,-0.0011888079885591612,0.4625960061443932,-0.0023542096635901714,2026-05-28,True,True,prior_ready
04f86c844078c39d,000630,2026-05-29T00:00:00,5,general_news|neutral,12751,0.007153164729426867,0.5063132303348757,-0.003568117473415612,2026-05-28,True,True,prior_ready
04f86c844078c39d,000630,2026-05-29T00:00:00,20,general_news|neutral,9976,0.02763496370659569,0.539093825180433,0.004319282203711965,2026-05-28,True,True,prior_ready
dbbbf1c1664b0997,000630,2026-05-29T00:00:00,1,commodity_shock|positive,2692,0.0007528487754656008,0.4784546805349183,0.0006921406209147586,2026-05-28,True,True,prior_ready
dbbbf1c1664b0997,000630,2026-05-29T00:00:00,5,commodity_shock|positive,2646,8.509365820974788e-05,0.45691609977324266,0.0012678812479828346,2026-05-28,True,True,prior_ready
dbbbf1c1664b0997,000630,2026-05-29T00:00:00,20,commodity_shock|positive,2313,0.02428373094443339,0.5131863380890618,0.017772345599814998,2026-05-28,True,True,prior_ready
11e31636aca4498d,000630,2026-06-04T16:54:00,1,commodity_shock|positive,2767,0.0002914501769786621,0.473075533068305,0.0004346241707547541,2026-06-04,True,True,prior_ready
11e31636aca4498d,000630,2026-06-04T16:54:00,5,commodity_shock|positive,2713,-0.0012472222480024565,0.4500552893475857,0.0006126417145964361,2026-06-04,True,True,prior_ready
11e31636aca4498d,000630,2026-06-04T16:54:00,20,commodity_shock|positive,2473,0.018959807191707815,0.5030327537403962,0.015582943412685981,2026-06-04,True,True,prior_ready
072bc65f7c25706e,000630,2026-06-08T00:00:00,1,commodity_shock|negative,2077,0.0008458692326255485,0.502166586422725,-0.00037027642562877686,2026-06-05,True,True,prior_ready
072bc65f7c25706e,000630,2026-06-08T00:00:00,5,commodity_shock|negative,2018,0.01497136142334615,0.5450941526263627,0.007330094973804754,2026-06-05,True,True,prior_ready
072bc65f7c25706e,000630,2026-06-08T00:00:00,20,commodity_shock|negative,1817,0.055390466495271864,0.6285085305448541,0.03188964117558463,2026-06-05,True,True,prior_ready
483e8b7c15c2242c,000630,2026-06-08T00:00:00,1,commodity_shock|negative,2077,0.0008458692326255485,0.502166586422725,-0.00037027642562877686,2026-06-05,True,True,prior_ready
483e8b7c15c2242c,000630,2026-06-08T00:00:00,5,commodity_shock|negative,2018,0.01497136142334615,0.5450941526263627,0.007330094973804754,2026-06-05,True,True,prior_ready
483e8b7c15c2242c,000630,2026-06-08T00:00:00,20,commodity_shock|negative,1817,0.055390466495271864,0.6285085305448541,0.03188964117558463,2026-06-05,True,True,prior_ready
9bbe5b84c5521465,000630,2026-06-09T00:00:00,1,commodity_shock|negative,2095,0.000536537329330757,0.4988066825775656,-0.0004146067599927995,2026-06-08,True,True,prior_ready
9bbe5b84c5521465,000630,2026-06-09T00:00:00,5,commodity_shock|negative,2018,0.01497136142334615,0.5450941526263627,0.007330094973804754,2026-06-05,True,True,prior_ready
9bbe5b84c5521465,000630,2026-06-09T00:00:00,20,commodity_shock|negative,1817,0.055390466495271864,0.6285085305448541,0.03188964117558463,2026-06-05,True,True,prior_ready
c34e1a742f5b77f7,000630,2026-06-10T00:00:00,1,commodity_shock|negative,2133,0.0011258780874905821,0.5058602906704173,-5.905280301191864e-05,2026-06-09,True,True,prior_ready
c34e1a742f5b77f7,000630,2026-06-10T00:00:00,5,commodity_shock|negative,2036,0.014567705676975178,0.5422396856581533,0.007280807164128143,2026-06-09,True,True,prior_ready
c34e1a742f5b77f7,000630,2026-06-10T00:00:00,20,commodity_shock|negative,1825,0.05510546373543548,0.6284931506849315,0.032105785765396605,2026-06-09,True,True,prior_ready
d6987b9a98fa9626,000630,2026-06-10T00:00:00,1,commodity_shock|negative,2133,0.0011258780874905821,0.5058602906704173,-5.905280301191864e-05,2026-06-09,True,True,prior_ready
d6987b9a98fa9626,000630,2026-06-10T00:00:00,5,commodity_shock|negative,2036,0.014567705676975178,0.5422396856581533,0.007280807164128143,2026-06-09,True,True,prior_ready
d6987b9a98fa9626,000630,2026-06-10T00:00:00,20,commodity_shock|negative,1825,0.05510546373543548,0.6284931506849315,0.032105785765396605,2026-06-09,True,True,prior_ready
