event_id,symbol,published_at,effective_trade_date,horizon_days,outcome_known_at,event_type,sentiment,source,source_category,source_reliability,source_reliability_bucket,entity_link_confidence,impact_score,weighted_impact_score,forward_return,expected_excess_return_proxy,return_available,evaluation_scope
7e80f5d4348d45d4,000630,2024-04-08T00:00:00,2024-04-08,1,2024-04-09,commodity_shock,positive,akshare_futures_main_sina,market_data,0.75,medium,1.0,0.5344615384615388,0.2805923076923078,-0.0024271844660194164,-0.012346220646327165,True,ex_post_event_outcome;not_a_trade_signal
7e80f5d4348d45d4,000630,2024-04-08T00:00:00,2024-04-08,5,2024-04-15,commodity_shock,positive,akshare_futures_main_sina,market_data,0.75,medium,1.0,0.5344615384615388,0.2805923076923078,0.014563106796116498,0.03234712541004933,True,ex_post_event_outcome;not_a_trade_signal
7e80f5d4348d45d4,000630,2024-04-08T00:00:00,2024-04-08,20,2024-05-09,commodity_shock,positive,akshare_futures_main_sina,market_data,0.75,medium,1.0,0.5344615384615388,0.2805923076923078,-0.012135922330097082,-0.026913479735124382,True,ex_post_event_outcome;not_a_trade_signal
24e1cbc27c51dc54,000630,2024-05-20T00:00:00,2024-05-20,1,2024-05-21,commodity_shock,positive,akshare_futures_main_sina,market_data,0.75,medium,1.0,0.6427603203943306,0.33744916820702353,-0.039080459770114984,-0.03044526413511928,True,ex_post_event_outcome;not_a_trade_signal
24e1cbc27c51dc54,000630,2024-05-20T00:00:00,2024-05-20,5,2024-05-27,commodity_shock,positive,akshare_futures_main_sina,market_data,0.75,medium,1.0,0.6427603203943306,0.33744916820702353,-0.07586206896551717,-0.045750170669318205,True,ex_post_event_outcome;not_a_trade_signal
24e1cbc27c51dc54,000630,2024-05-20T00:00:00,2024-05-20,20,2024-06-18,commodity_shock,positive,akshare_futures_main_sina,market_data,0.75,medium,1.0,0.6427603203943306,0.33744916820702353,-0.16170832275917124,-0.10616049170784692,True,ex_post_event_outcome;not_a_trade_signal
ae41567371ff25b4,000630,2024-05-21T00:00:00,2024-05-21,1,2024-05-22,commodity_shock,positive,akshare_futures_main_sina,market_data,0.75,medium,1.0,0.4676713660670888,0.24552746718522162,-0.019138755980861233,-0.02338330640486779,True,ex_post_event_outcome;not_a_trade_signal
ae41567371ff25b4,000630,2024-05-21T00:00:00,2024-05-21,5,2024-05-28,commodity_shock,positive,akshare_futures_main_sina,market_data,0.75,medium,1.0,0.4676713660670888,0.24552746718522162,-0.03349282296650713,-0.0010407311668002711,True,ex_post_event_outcome;not_a_trade_signal
ae41567371ff25b4,000630,2024-05-21T00:00:00,2024-05-21,20,2024-06-19,commodity_shock,positive,akshare_futures_main_sina,market_data,0.75,medium,1.0,0.4676713660670888,0.24552746718522162,-0.12028415520141411,-0.06055177082261767,True,ex_post_event_outcome;not_a_trade_signal
53fad2502cdaf900,000630,2024-05-22T00:00:00,2024-05-22,1,2024-05-23,commodity_shock,positive,akshare_futures_main_sina,market_data,0.75,medium,1.0,0.43433602347762346,0.2280264123257523,-0.04146341463414638,-0.020156698518590664,True,ex_post_event_outcome;not_a_trade_signal
53fad2502cdaf900,000630,2024-05-22T00:00:00,2024-05-22,5,2024-05-29,commodity_shock,positive,akshare_futures_main_sina,market_data,0.75,medium,1.0,0.43433602347762346,0.2280264123257523,0.012195121951219523,0.04259825885743514,True,ex_post_event_outcome;not_a_trade_signal
53fad2502cdaf900,000630,2024-05-22T00:00:00,2024-05-22,20,2024-06-20,commodity_shock,positive,akshare_futures_main_sina,market_data,0.75,medium,1.0,0.43433602347762346,0.2280264123257523,-0.10810164038591064,-0.025041270098687576,True,ex_post_event_outcome;not_a_trade_signal
5fe2fa91dd0d5309,000630,2024-05-23T00:00:00,2024-05-23,1,2024-05-24,commodity_shock,negative,akshare_futures_main_sina,market_data,0.75,medium,1.0,-0.29134771514729785,-0.15295755045233136,0.0050890585241729624,0.017729270967400006,True,ex_post_event_outcome;not_a_trade_signal
5fe2fa91dd0d5309,000630,2024-05-23T00:00:00,2024-05-23,5,2024-05-30,commodity_shock,negative,akshare_futures_main_sina,market_data,0.75,medium,1.0,-0.29134771514729785,-0.15295755045233136,0.012722646310432628,0.02678303312363293,True,ex_post_event_outcome;not_a_trade_signal
5fe2fa91dd0d5309,000630,2024-05-23T00:00:00,2024-05-23,20,2024-06-21,commodity_shock,negative,akshare_futures_main_sina,market_data,0.75,medium,1.0,-0.29134771514729785,-0.15295755045233136,-0.06952079531354549,-0.00503386768896151,True,ex_post_event_outcome;not_a_trade_signal
551f716e6cce5f77,000630,2024-05-30T00:00:00,2024-05-30,1,2024-05-31,commodity_shock,negative,akshare_futures_main_sina,market_data,0.75,medium,1.0,-0.24429624429624397,-0.12825552825552808,-0.005025125628140725,-0.00543019602304667,True,ex_post_event_outcome;not_a_trade_signal
551f716e6cce5f77,000630,2024-05-30T00:00:00,2024-05-30,5,2024-06-06,commodity_shock,negative,akshare_futures_main_sina,market_data,0.75,medium,1.0,-0.24429624429624397,-0.12825552825552808,-0.042713567839196,-0.011422393520724168,True,ex_post_event_outcome;not_a_trade_signal
551f716e6cce5f77,000630,2024-05-30T00:00:00,2024-05-30,20,2024-06-28,commodity_shock,negative,akshare_futures_main_sina,market_data,0.75,medium,1.0,-0.24429624429624397,-0.12825552825552808,-0.07351087696526382,-0.0011746785644645152,True,ex_post_event_outcome;not_a_trade_signal
860fa70d15390c84,000630,2024-06-05T00:00:00,2024-06-05,1,2024-06-06,commodity_shock,negative,akshare_futures_main_sina,market_data,0.75,medium,1.0,-0.5063765063765064,-0.26584766584766584,0.007936507936507908,0.023438392719303217,True,ex_post_event_outcome;not_a_trade_signal
860fa70d15390c84,000630,2024-06-05T00:00:00,2024-06-05,5,2024-06-13,commodity_shock,negative,akshare_futures_main_sina,market_data,0.75,medium,1.0,-0.5063765063765064,-0.26584766584766584,-0.019085802508314043,-0.006100542860692315,True,ex_post_event_outcome;not_a_trade_signal
860fa70d15390c84,000630,2024-06-05T00:00:00,2024-06-05,20,2024-07-04,commodity_shock,negative,akshare_futures_main_sina,market_data,0.75,medium,1.0,-0.5063765063765064,-0.26584766584766584,-0.02178804547661073,0.05685873962548901,True,ex_post_event_outcome;not_a_trade_signal
30470ca4e0114111,000630,2024-06-11T00:00:00,2024-06-11,1,2024-06-12,commodity_shock,negative,akshare_futures_main_sina,market_data,0.75,medium,1.0,-0.24926195980793153,-0.13086252889916405,0.002680965147453085,-0.005769408647823214,True,ex_post_event_outcome;not_a_trade_signal
30470ca4e0114111,000630,2024-06-11T00:00:00,2024-06-11,5,2024-06-18,commodity_shock,negative,akshare_futures_main_sina,market_data,0.75,medium,1.0,-0.24926195980793153,-0.13086252889916405,-0.04289544235924925,-0.052083431222008564,True,ex_post_event_outcome;not_a_trade_signal
30470ca4e0114111,000630,2024-06-11T00:00:00,2024-06-11,20,2024-07-09,commodity_shock,negative,akshare_futures_main_sina,market_data,0.75,medium,1.0,-0.24926195980793153,-0.13086252889916405,0.008042895442359255,0.07143978864298509,True,ex_post_event_outcome;not_a_trade_signal
525afa40614f42c9,000630,2024-07-23T00:00:00,2024-07-23,1,2024-07-24,commodity_shock,negative,akshare_futures_main_sina,market_data,0.75,medium,1.0,-0.4611503531786072,-0.24210393541876876,-0.006349206349206327,0.006416679415321869,True,ex_post_event_outcome;not_a_trade_signal
525afa40614f42c9,000630,2024-07-23T00:00:00,2024-07-23,5,2024-07-30,commodity_shock,negative,akshare_futures_main_sina,market_data,0.75,medium,1.0,-0.4611503531786072,-0.24210393541876876,-0.03492063492063491,-0.03575126450784927,True,ex_post_event_outcome;not_a_trade_signal
525afa40614f42c9,000630,2024-07-23T00:00:00,2024-07-23,20,2024-08-20,commodity_shock,negative,akshare_futures_main_sina,market_data,0.75,medium,1.0,-0.4611503531786072,-0.24210393541876876,-0.02857142857142858,0.0002914115691959908,True,ex_post_event_outcome;not_a_trade_signal
4bc29edc6ef0e0ca,000630,2024-07-25T00:00:00,2024-07-25,1,2024-07-26,commodity_shock,negative,akshare_futures_main_sina,market_data,0.75,medium,1.0,-0.5460576677723905,-0.286680275580505,0.01650165016501659,-0.0014560164316879017,True,ex_post_event_outcome;not_a_trade_signal
4bc29edc6ef0e0ca,000630,2024-07-25T00:00:00,2024-07-25,5,2024-08-01,commodity_shock,negative,akshare_futures_main_sina,market_data,0.75,medium,1.0,-0.5460576677723905,-0.286680275580505,0.04290429042904287,0.0002682993126636238,True,ex_post_event_outcome;not_a_trade_signal
4bc29edc6ef0e0ca,000630,2024-07-25T00:00:00,2024-07-25,20,2024-08-22,commodity_shock,negative,akshare_futures_main_sina,market_data,0.75,medium,1.0,-0.5460576677723905,-0.286680275580505,0.00990099009900991,0.044690585151005165,True,ex_post_event_outcome;not_a_trade_signal
6b108a213a4d5b3c,000630,2024-08-08T00:00:00,2024-08-08,1,2024-08-09,commodity_shock,negative,akshare_futures_main_sina,market_data,0.75,medium,1.0,-0.43861995185878566,-0.23027547472586246,0.0032573289902280145,0.010970789819833085,True,ex_post_event_outcome;not_a_trade_signal
6b108a213a4d5b3c,000630,2024-08-08T00:00:00,2024-08-08,5,2024-08-15,commodity_shock,negative,akshare_futures_main_sina,market_data,0.75,medium,1.0,-0.43861995185878566,-0.23027547472586246,0.0032573289902280145,0.016938729294798255,True,ex_post_event_outcome;not_a_trade_signal
6b108a213a4d5b3c,000630,2024-08-08T00:00:00,2024-08-08,20,2024-09-05,commodity_shock,negative,akshare_futures_main_sina,market_data,0.75,medium,1.0,-0.43861995185878566,-0.23027547472586246,-0.04560260586319209,-0.013625699341228946,True,ex_post_event_outcome;not_a_trade_signal
be239f826504a6ed,000630,2024-11-22T00:00:00,2024-11-22,1,2024-11-25,commodity_shock,positive,akshare_futures_main_sina,market_data,0.75,medium,1.0,0.46627338614528924,0.24479352772627683,-0.003039513677811523,-0.006715482635346614,True,ex_post_event_outcome;not_a_trade_signal
be239f826504a6ed,000630,2024-11-22T00:00:00,2024-11-22,5,2024-11-29,commodity_shock,positive,akshare_futures_main_sina,market_data,0.75,medium,1.0,0.46627338614528924,0.24479352772627683,0.003039513677811634,-0.018852012052986606,True,ex_post_event_outcome;not_a_trade_signal
be239f826504a6ed,000630,2024-11-22T00:00:00,2024-11-22,20,2024-12-20,commodity_shock,positive,akshare_futures_main_sina,market_data,0.75,medium,1.0,0.46627338614528924,0.24479352772627683,-0.003039513677811523,-0.031420446377352126,True,ex_post_event_outcome;not_a_trade_signal
42fa053ead4f0b06,000630,2025-02-05T00:00:00,2025-02-05,1,2025-02-06,commodity_shock,positive,akshare_futures_main_sina,market_data,0.75,medium,1.0,0.3858826471599617,0.20258838975897986,0.0183486238532109,-0.00468953465190055,True,ex_post_event_outcome;not_a_trade_signal
42fa053ead4f0b06,000630,2025-02-05T00:00:00,2025-02-05,5,2025-02-12,commodity_shock,positive,akshare_futures_main_sina,market_data,0.75,medium,1.0,0.3858826471599617,0.20258838975897986,0.024464831804281273,-0.03193183566722407,True,ex_post_event_outcome;not_a_trade_signal
42fa053ead4f0b06,000630,2025-02-05T00:00:00,2025-02-05,20,2025-03-05,commodity_shock,positive,akshare_futures_main_sina,market_data,0.75,medium,1.0,0.3858826471599617,0.20258838975897986,0.0,-0.06764658172422243,True,ex_post_event_outcome;not_a_trade_signal
c77e0ac455af566a,000630,2025-02-11T00:00:00,2025-02-11,1,2025-02-12,commodity_shock,positive,akshare_futures_main_sina,market_data,0.75,medium,1.0,0.4719399573771508,0.24776847762300414,-0.014705882352941346,-0.02553415154249495,True,ex_post_event_outcome;not_a_trade_signal
c77e0ac455af566a,000630,2025-02-11T00:00:00,2025-02-11,5,2025-02-18,commodity_shock,positive,akshare_futures_main_sina,market_data,0.75,medium,1.0,0.4719399573771508,0.24776847762300414,-0.04117647058823537,-0.03969925331773361,True,ex_post_event_outcome;not_a_trade_signal
c77e0ac455af566a,000630,2025-02-11T00:00:00,2025-02-11,20,2025-03-11,commodity_shock,positive,akshare_futures_main_sina,market_data,0.75,medium,1.0,0.4719399573771508,0.24776847762300414,-0.00588235294117645,-0.0495937662626958,True,ex_post_event_outcome;not_a_trade_signal
c093c07cb21f0c04,000630,2025-04-07T00:00:00,2025-04-07,1,2025-04-08,commodity_shock,negative,akshare_futures_main_sina,market_data,0.75,medium,1.0,-0.6771908017402115,-0.355525170913611,-0.023178807947019875,-0.018653751475196708,True,ex_post_event_outcome;not_a_trade_signal
c093c07cb21f0c04,000630,2025-04-07T00:00:00,2025-04-07,5,2025-04-14,commodity_shock,negative,akshare_futures_main_sina,market_data,0.75,medium,1.0,-0.6771908017402115,-0.355525170913611,0.0298013245033113,-0.02972245169072526,True,ex_post_event_outcome;not_a_trade_signal
c093c07cb21f0c04,000630,2025-04-07T00:00:00,2025-04-07,20,2025-05-08,commodity_shock,negative,akshare_futures_main_sina,market_data,0.75,medium,1.0,-0.6771908017402115,-0.355525170913611,0.05960264900662238,-0.03303587590117886,True,ex_post_event_outcome;not_a_trade_signal
8ba5f9142fa6117c,000630,2025-04-08T00:00:00,2025-04-08,1,2025-04-09,commodity_shock,negative,akshare_futures_main_sina,market_data,0.75,medium,1.0,-0.6594121325828644,-0.3461913696060038,0.003389830508474523,-0.01743598971415328,True,ex_post_event_outcome;not_a_trade_signal
8ba5f9142fa6117c,000630,2025-04-08T00:00:00,2025-04-08,5,2025-04-15,commodity_shock,negative,akshare_futures_main_sina,market_data,0.75,medium,1.0,-0.6594121325828644,-0.3461913696060038,0.04067796610169494,-0.019203319673602247,True,ex_post_event_outcome;not_a_trade_signal
8ba5f9142fa6117c,000630,2025-04-08T00:00:00,2025-04-08,20,2025-05-09,commodity_shock,negative,akshare_futures_main_sina,market_data,0.75,medium,1.0,-0.6594121325828644,-0.3461913696060038,0.07457627118644061,-0.014700025170430703,True,ex_post_event_outcome;not_a_trade_signal
613da3612a93976c,000630,2025-04-09T00:00:00,2025-04-09,1,2025-04-10,commodity_shock,negative,akshare_futures_main_sina,market_data,0.75,medium,1.0,-0.8255626010195201,-0.433420365535248,0.023648648648648685,0.0005147897923703584,True,ex_post_event_outcome;not_a_trade_signal
613da3612a93976c,000630,2025-04-09T00:00:00,2025-04-09,5,2025-04-16,commodity_shock,negative,akshare_futures_main_sina,market_data,0.75,medium,1.0,-0.8255626010195201,-0.433420365535248,0.03040540540540526,0.0025136182973637365,True,ex_post_event_outcome;not_a_trade_signal
613da3612a93976c,000630,2025-04-09T00:00:00,2025-04-09,20,2025-05-12,commodity_shock,negative,akshare_futures_main_sina,market_data,0.75,medium,1.0,-0.8255626010195201,-0.433420365535248,0.091216216216216,0.007684392893300598,True,ex_post_event_outcome;not_a_trade_signal
f1c57771198f051f,000630,2025-04-10T00:00:00,2025-04-10,1,2025-04-11,commodity_shock,negative,akshare_futures_main_sina,market_data,0.75,medium,1.0,-0.4596319939917386,-0.24130679684566275,-0.0066006600660065695,-0.013977251896590052,True,ex_post_event_outcome;not_a_trade_signal
f1c57771198f051f,000630,2025-04-10T00:00:00,2025-04-10,5,2025-04-17,commodity_shock,negative,akshare_futures_main_sina,market_data,0.75,medium,1.0,-0.4596319939917386,-0.24130679684566275,0.0033003300330032292,-0.0009071038743298293,True,ex_post_event_outcome;not_a_trade_signal
f1c57771198f051f,000630,2025-04-10T00:00:00,2025-04-10,20,2025-05-13,commodity_shock,negative,akshare_futures_main_sina,market_data,0.75,medium,1.0,-0.4596319939917386,-0.24130679684566275,0.06600660066006592,0.007885539949350831,True,ex_post_event_outcome;not_a_trade_signal
4596bb769df1f672,000630,2025-04-14T00:00:00,2025-04-14,1,2025-04-15,commodity_shock,positive,akshare_futures_main_sina,market_data,0.75,medium,1.0,0.5063911554206477,0.26585535659584003,-0.012861736334405127,-0.007956191353851692,True,ex_post_event_outcome;not_a_trade_signal
4596bb769df1f672,000630,2025-04-14T00:00:00,2025-04-14,5,2025-04-21,commodity_shock,positive,akshare_futures_main_sina,market_data,0.75,medium,1.0,0.5063911554206477,0.26585535659584003,0.025723472668810254,0.02365636084862175,True,ex_post_event_outcome;not_a_trade_signal
4596bb769df1f672,000630,2025-04-14T00:00:00,2025-04-14,20,2025-05-15,commodity_shock,positive,akshare_futures_main_sina,market_data,0.75,medium,1.0,0.5063911554206477,0.26585535659584003,0.03215434083601276,0.010672094951658148,True,ex_post_event_outcome;not_a_trade_signal
028aa29a482c6162,000630,2025-04-15T00:00:00,2025-04-15,1,2025-04-16,commodity_shock,positive,akshare_futures_main_sina,market_data,0.75,medium,1.0,0.5029893495731486,0.264069408525903,-0.006514657980456029,0.003241052260230101,True,ex_post_event_outcome;not_a_trade_signal
028aa29a482c6162,000630,2025-04-15T00:00:00,2025-04-15,5,2025-04-22,commodity_shock,positive,akshare_futures_main_sina,market_data,0.75,medium,1.0,0.5029893495731486,0.264069408525903,0.039087947882736174,0.03490272171453288,True,ex_post_event_outcome;not_a_trade_signal
028aa29a482c6162,000630,2025-04-15T00:00:00,2025-04-15,20,2025-05-16,commodity_shock,positive,akshare_futures_main_sina,market_data,0.75,medium,1.0,0.5029893495731486,0.264069408525903,0.03583061889250816,0.006982188787525934,True,ex_post_event_outcome;not_a_trade_signal
8c1a90d7317c1fc1,000630,2025-04-16T00:00:00,2025-04-16,1,2025-04-17,commodity_shock,positive,akshare_futures_main_sina,market_data,0.75,medium,1.0,0.587359573708353,0.3083637761968853,-0.003278688524590123,-0.002698030975721096,True,ex_post_event_outcome;not_a_trade_signal
8c1a90d7317c1fc1,000630,2025-04-16T00:00:00,2025-04-16,5,2025-04-23,commodity_shock,positive,akshare_futures_main_sina,market_data,0.75,medium,1.0,0.587359573708353,0.3083637761968853,0.042622950819672045,0.02463036190921695,True,ex_post_event_outcome;not_a_trade_signal
8c1a90d7317c1fc1,000630,2025-04-16T00:00:00,2025-04-16,20,2025-05-19,commodity_shock,positive,akshare_futures_main_sina,market_data,0.75,medium,1.0,0.587359573708353,0.3083637761968853,0.04590163934426217,0.0024581746902381657,True,ex_post_event_outcome;not_a_trade_signal
0a64ffe4a1f78498,000630,2025-04-17T00:00:00,2025-04-17,1,2025-04-18,commodity_shock,positive,akshare_futures_main_sina,market_data,0.75,medium,1.0,0.48076509778637444,0.25240167633784655,0.009868421052631637,0.0074471260446523305,True,ex_post_event_outcome;not_a_trade_signal
0a64ffe4a1f78498,000630,2025-04-17T00:00:00,2025-04-17,5,2025-04-24,commodity_shock,positive,akshare_futures_main_sina,market_data,0.75,medium,1.0,0.48076509778637444,0.25240167633784655,0.03947368421052633,0.02759424577558662,True,ex_post_event_outcome;not_a_trade_signal
0a64ffe4a1f78498,000630,2025-04-17T00:00:00,2025-04-17,20,2025-05-20,commodity_shock,positive,akshare_futures_main_sina,market_data,0.75,medium,1.0,0.48076509778637444,0.25240167633784655,0.046052631578947345,-0.005313972106264539,True,ex_post_event_outcome;not_a_trade_signal
42010b7a23eb7bcc,000630,2025-04-21T00:00:00,2025-04-21,1,2025-04-22,commodity_shock,positive,akshare_futures_main_sina,market_data,0.75,medium,1.0,0.43392174322979393,0.22780891519564178,0.0,0.0028629306427670185,True,ex_post_event_outcome;not_a_trade_signal
42010b7a23eb7bcc,000630,2025-04-21T00:00:00,2025-04-21,5,2025-04-28,commodity_shock,positive,akshare_futures_main_sina,market_data,0.75,medium,1.0,0.43392174322979393,0.22780891519564178,-0.006269592476489061,0.005011974394286061,True,ex_post_event_outcome;not_a_trade_signal
42010b7a23eb7bcc,000630,2025-04-21T00:00:00,2025-04-21,20,2025-05-22,commodity_shock,positive,akshare_futures_main_sina,market_data,0.75,medium,1.0,0.43392174322979393,0.22780891519564178,-0.0031347962382445305,-0.026425228277731444,True,ex_post_event_outcome;not_a_trade_signal
9fd7331318ece64c,000630,2025-04-22T00:00:00,2025-04-22,1,2025-04-23,commodity_shock,positive,akshare_futures_main_sina,market_data,0.75,medium,1.0,0.7009575637067655,0.36800272094605185,-0.0031347962382445305,-0.0073102506007459355,True,ex_post_event_outcome;not_a_trade_signal
9fd7331318ece64c,000630,2025-04-22T00:00:00,2025-04-22,5,2025-04-29,commodity_shock,positive,akshare_futures_main_sina,market_data,0.75,medium,1.0,0.7009575637067655,0.36800272094605185,-0.0031347962382445305,0.0030341128097612514,True,ex_post_event_outcome;not_a_trade_signal
9fd7331318ece64c,000630,2025-04-22T00:00:00,2025-04-22,20,2025-05-23,commodity_shock,positive,akshare_futures_main_sina,market_data,0.75,medium,1.0,0.7009575637067655,0.36800272094605185,-0.01253918495297801,-0.027557923919243887,True,ex_post_event_outcome;not_a_trade_signal
ef6e9b6290631265,000630,2025-04-23T00:00:00,2025-04-23,1,2025-04-24,commodity_shock,negative,akshare_futures_main_sina,market_data,0.75,medium,1.0,-0.453585432152221,-0.23813235187991602,-0.0062893081761006275,0.0004730059998616651,True,ex_post_event_outcome;not_a_trade_signal
ef6e9b6290631265,000630,2025-04-23T00:00:00,2025-04-23,5,2025-04-30,commodity_shock,negative,akshare_futures_main_sina,market_data,0.75,medium,1.0,-0.453585432152221,-0.23813235187991602,-0.0062893081761006275,-0.0033461142679067006,True,ex_post_event_outcome;not_a_trade_signal
ef6e9b6290631265,000630,2025-04-23T00:00:00,2025-04-23,20,2025-05-26,commodity_shock,negative,akshare_futures_main_sina,market_data,0.75,medium,1.0,-0.453585432152221,-0.23813235187991602,0.0,-0.015152436429729008,True,ex_post_event_outcome;not_a_trade_signal
b54d1bb37a94fe36,000630,2025-04-29T00:00:00,2025-04-29,1,2025-04-30,commodity_shock,negative,akshare_futures_main_sina,market_data,0.75,medium,1.0,-0.44531043275360194,-0.23378797719564098,-0.0062893081761006275,-0.014013921875161853,True,ex_post_event_outcome;not_a_trade_signal
b54d1bb37a94fe36,000630,2025-04-29T00:00:00,2025-04-29,5,2025-05-09,commodity_shock,negative,akshare_futures_main_sina,market_data,0.75,medium,1.0,-0.44531043275360194,-0.23378797719564098,-0.0031446540880503138,-0.03292856270864056,True,ex_post_event_outcome;not_a_trade_signal
b54d1bb37a94fe36,000630,2025-04-29T00:00:00,2025-04-29,20,2025-05-30,commodity_shock,negative,akshare_futures_main_sina,market_data,0.75,medium,1.0,-0.44531043275360194,-0.23378797719564098,-0.0031446540880503138,-0.025665910756362997,True,ex_post_event_outcome;not_a_trade_signal
62e6010c053e528f,000630,2025-05-15T00:00:00,2025-05-15,1,2025-05-16,commodity_shock,negative,akshare_futures_main_sina,market_data,0.75,medium,1.0,-0.5155416171375089,-0.27065934899719213,-0.009345794392523366,-0.01081095370047268,True,ex_post_event_outcome;not_a_trade_signal
62e6010c053e528f,000630,2025-05-15T00:00:00,2025-05-15,5,2025-05-22,commodity_shock,negative,akshare_futures_main_sina,market_data,0.75,medium,1.0,-0.5155416171375089,-0.27065934899719213,-0.009345794392523366,-0.012579254160119123,True,ex_post_event_outcome;not_a_trade_signal
62e6010c053e528f,000630,2025-05-15T00:00:00,2025-05-15,20,2025-06-13,commodity_shock,negative,akshare_futures_main_sina,market_data,0.75,medium,1.0,-0.5155416171375089,-0.27065934899719213,0.024922118380062308,0.01743145079215686,True,ex_post_event_outcome;not_a_trade_signal
b812e4e22e50043b,000630,2025-05-21T00:00:00,2025-05-21,1,2025-05-22,commodity_shock,positive,akshare_futures_main_sina,market_data,0.75,medium,1.0,0.25875553434608456,0.1358466555316944,-0.015479876160990669,-0.004635437879375561,True,ex_post_event_outcome;not_a_trade_signal
b812e4e22e50043b,000630,2025-05-21T00:00:00,2025-05-21,5,2025-05-28,commodity_shock,positive,akshare_futures_main_sina,market_data,0.75,medium,1.0,0.25875553434608456,0.1358466555316944,-0.02786377708978327,-0.003635971301380145,True,ex_post_event_outcome;not_a_trade_signal
b812e4e22e50043b,000630,2025-05-21T00:00:00,2025-05-21,20,2025-06-19,commodity_shock,positive,akshare_futures_main_sina,market_data,0.75,medium,1.0,0.25875553434608456,0.1358466555316944,0.006191950464396356,0.020945634850555193,True,ex_post_event_outcome;not_a_trade_signal
03b40721e63ddafb,000630,2025-05-22T00:00:00,2025-05-22,1,2025-05-23,commodity_shock,positive,akshare_futures_main_sina,market_data,0.75,medium,1.0,0.43556540780189756,0.2286718390959962,-0.009433962264150941,0.0019097105776963736,True,ex_post_event_outcome;not_a_trade_signal
03b40721e63ddafb,000630,2025-05-22T00:00:00,2025-05-22,5,2025-05-29,commodity_shock,positive,akshare_futures_main_sina,market_data,0.75,medium,1.0,0.43556540780189756,0.2286718390959962,0.0,8.85950692029458e-05,True,ex_post_event_outcome;not_a_trade_signal
03b40721e63ddafb,000630,2025-05-22T00:00:00,2025-05-22,20,2025-06-20,commodity_shock,positive,akshare_futures_main_sina,market_data,0.75,medium,1.0,0.43556540780189756,0.2286718390959962,0.022012578616352085,0.03352135688798067,True,ex_post_event_outcome;not_a_trade_signal
f4121c995e4ae57c,000630,2025-09-25T00:00:00,2025-09-25,1,2025-09-26,commodity_shock,positive,akshare_futures_main_sina,market_data,0.75,medium,1.0,0.3146519225936171,0.16519225936164894,0.02145922746781137,0.03249003156864373,True,ex_post_event_outcome;not_a_trade_signal
f4121c995e4ae57c,000630,2025-09-25T00:00:00,2025-09-25,5,2025-10-10,commodity_shock,positive,akshare_futures_main_sina,market_data,0.75,medium,1.0,0.3146519225936171,0.16519225936164894,0.2618025751072961,0.24937818385411423,True,ex_post_event_outcome;not_a_trade_signal
f4121c995e4ae57c,000630,2025-09-25T00:00:00,2025-09-25,20,2025-10-31,commodity_shock,positive,akshare_futures_main_sina,market_data,0.75,medium,1.0,0.3146519225936171,0.16519225936164894,0.13519313304721026,0.12884417312695956,True,ex_post_event_outcome;not_a_trade_signal
8e66f86a5fcb2a84,000630,2025-10-09T00:00:00,2025-10-09,1,2025-10-10,commodity_shock,positive,akshare_futures_main_sina,market_data,0.75,medium,1.0,0.679339669834917,0.3566533266633314,-0.003389830508474634,0.010432746723979206,True,ex_post_event_outcome;not_a_trade_signal
8e66f86a5fcb2a84,000630,2025-10-09T00:00:00,2025-10-09,5,2025-10-16,commodity_shock,positive,akshare_futures_main_sina,market_data,0.75,medium,1.0,0.679339669834917,0.3566533266633314,-0.07966101694915262,-0.049304321173610034,True,ex_post_event_outcome;not_a_trade_signal
8e66f86a5fcb2a84,000630,2025-10-09T00:00:00,2025-10-09,20,2025-11-06,commodity_shock,positive,akshare_futures_main_sina,market_data,0.75,medium,1.0,0.679339669834917,0.3566533266633314,-0.10508474576271187,-0.09047318528051758,True,ex_post_event_outcome;not_a_trade_signal
e011fc07716c0750,000630,2025-10-09T00:00:00,2025-10-09,1,2025-10-10,commodity_shock,positive,akshare_futures_main_sina,market_data,0.75,medium,1.0,0.5053023255813951,0.2652837209302324,-0.003389830508474634,0.010432746723979206,True,ex_post_event_outcome;not_a_trade_signal
e011fc07716c0750,000630,2025-10-09T00:00:00,2025-10-09,5,2025-10-16,commodity_shock,positive,akshare_futures_main_sina,market_data,0.75,medium,1.0,0.5053023255813951,0.2652837209302324,-0.07966101694915262,-0.049304321173610034,True,ex_post_event_outcome;not_a_trade_signal
e011fc07716c0750,000630,2025-10-09T00:00:00,2025-10-09,20,2025-11-06,commodity_shock,positive,akshare_futures_main_sina,market_data,0.75,medium,1.0,0.5053023255813951,0.2652837209302324,-0.10508474576271187,-0.09047318528051758,True,ex_post_event_outcome;not_a_trade_signal
a1f066ac3a76a0ab,000630,2025-10-10T00:00:00,2025-10-10,1,2025-10-13,commodity_shock,positive,akshare_futures_main_sina,market_data,0.75,medium,1.0,0.4384125795582179,0.23016660426806437,-0.015306122448979442,-0.008145630879985141,True,ex_post_event_outcome;not_a_trade_signal
a1f066ac3a76a0ab,000630,2025-10-10T00:00:00,2025-10-10,5,2025-10-17,commodity_shock,positive,akshare_futures_main_sina,market_data,0.75,medium,1.0,0.4384125795582179,0.23016660426806437,-0.11224489795918358,-0.06751712427014855,True,ex_post_event_outcome;not_a_trade_signal
a1f066ac3a76a0ab,000630,2025-10-10T00:00:00,2025-10-10,20,2025-11-07,commodity_shock,positive,akshare_futures_main_sina,market_data,0.75,medium,1.0,0.4384125795582179,0.23016660426806437,-0.11394557823129248,-0.11618136922092664,True,ex_post_event_outcome;not_a_trade_signal
47ace825ca47b79a,000630,2025-10-13T00:00:00,2025-10-13,1,2025-10-14,commodity_shock,positive,akshare_futures_main_sina,market_data,0.75,medium,1.0,0.6681774641964342,0.35079316870312793,-0.05354058721934385,-0.03764584791338473,True,ex_post_event_outcome;not_a_trade_signal
47ace825ca47b79a,000630,2025-10-13T00:00:00,2025-10-13,5,2025-10-20,commodity_shock,positive,akshare_futures_main_sina,market_data,0.75,medium,1.0,0.6681774641964342,0.35079316870312793,-0.08981001727115723,-0.05875319159346357,True,ex_post_event_outcome;not_a_trade_signal
47ace825ca47b79a,000630,2025-10-13T00:00:00,2025-10-13,20,2025-11-10,commodity_shock,positive,akshare_futures_main_sina,market_data,0.75,medium,1.0,0.6681774641964342,0.35079316870312793,-0.09326424870466321,-0.10874848481716466,True,ex_post_event_outcome;not_a_trade_signal
328b0da9ae5ca514,000630,2025-10-14T00:00:00,2025-10-14,1,2025-10-15,commodity_shock,positive,akshare_futures_main_sina,market_data,0.75,medium,1.0,0.668974749573005,0.35121174352582757,0.020072992700730152,0.005454899505514655,True,ex_post_event_outcome;not_a_trade_signal
328b0da9ae5ca514,000630,2025-10-14T00:00:00,2025-10-14,5,2025-10-21,commodity_shock,positive,akshare_futures_main_sina,market_data,0.75,medium,1.0,0.668974749573005,0.35121174352582757,-0.007299270072992581,-0.004866506568182196,True,ex_post_event_outcome;not_a_trade_signal
328b0da9ae5ca514,000630,2025-10-14T00:00:00,2025-10-14,20,2025-11-11,commodity_shock,positive,akshare_futures_main_sina,market_data,0.75,medium,1.0,0.668974749573005,0.35121174352582757,-0.05656934306569339,-0.08415913868533438,True,ex_post_event_outcome;not_a_trade_signal
4dbb33517a5d59f7,000630,2025-10-15T00:00:00,2025-10-15,1,2025-10-16,commodity_shock,positive,akshare_futures_main_sina,market_data,0.75,medium,1.0,0.7862763037511442,0.4127950594693507,-0.028622540250447304,-0.020574147370061278,True,ex_post_event_outcome;not_a_trade_signal
4dbb33517a5d59f7,000630,2025-10-15T00:00:00,2025-10-15,5,2025-10-22,commodity_shock,positive,akshare_futures_main_sina,market_data,0.75,medium,1.0,0.7862763037511442,0.4127950594693507,-0.03220035778175323,-0.00987334936339894,True,ex_post_event_outcome;not_a_trade_signal
4dbb33517a5d59f7,000630,2025-10-15T00:00:00,2025-10-15,20,2025-11-12,commodity_shock,positive,akshare_futures_main_sina,market_data,0.75,medium,1.0,0.7862763037511442,0.4127950594693507,-0.06797853309481228,-0.07618360083129579,True,ex_post_event_outcome;not_a_trade_signal
98afa8f81f57fabc,000630,2025-10-16T00:00:00,2025-10-16,1,2025-10-17,commodity_shock,positive,akshare_futures_main_sina,market_data,0.75,medium,1.0,0.45585790532854986,0.23932540029748867,-0.03867403314917117,-0.010354904870196541,True,ex_post_event_outcome;not_a_trade_signal
98afa8f81f57fabc,000630,2025-10-16T00:00:00,2025-10-16,5,2025-10-23,commodity_shock,positive,akshare_futures_main_sina,market_data,0.75,medium,1.0,0.45585790532854986,0.23932540029748867,0.014732965009208066,0.025009018323248366,True,ex_post_event_outcome;not_a_trade_signal
98afa8f81f57fabc,000630,2025-10-16T00:00:00,2025-10-16,20,2025-11-13,commodity_shock,positive,akshare_futures_main_sina,market_data,0.75,medium,1.0,0.45585790532854986,0.23932540029748867,-0.0055248618784530246,-0.03986810345710364,True,ex_post_event_outcome;not_a_trade_signal
455541297af84b36,000630,2025-10-17T00:00:00,2025-10-17,1,2025-10-20,commodity_shock,positive,akshare_futures_main_sina,market_data,0.75,medium,1.0,0.85,0.44625,0.00957854406130254,0.0026994699791067075,True,ex_post_event_outcome;not_a_trade_signal
455541297af84b36,000630,2025-10-17T00:00:00,2025-10-17,5,2025-10-24,commodity_shock,positive,akshare_futures_main_sina,market_data,0.75,medium,1.0,0.85,0.44625,0.09195402298850563,0.06249162278619542,True,ex_post_event_outcome;not_a_trade_signal
455541297af84b36,000630,2025-10-17T00:00:00,2025-10-17,20,2025-11-14,commodity_shock,positive,akshare_futures_main_sina,market_data,0.75,medium,1.0,0.85,0.44625,0.013409961685823646,-0.03550426866109715,True,ex_post_event_outcome;not_a_trade_signal
03b4e2a9e1aa0be8,000630,2025-10-21T00:00:00,2025-10-21,1,2025-10-22,commodity_shock,positive,akshare_futures_main_sina,market_data,0.75,medium,1.0,0.4692751709301568,0.24636946473833232,-0.005514705882352922,8.321499784624299e-05,True,ex_post_event_outcome;not_a_trade_signal
03b4e2a9e1aa0be8,000630,2025-10-21T00:00:00,2025-10-21,5,2025-10-28,commodity_shock,positive,akshare_futures_main_sina,market_data,0.75,medium,1.0,0.4692751709301568,0.24636946473833232,-0.03125,-0.04586742906373834,True,ex_post_event_outcome;not_a_trade_signal
03b4e2a9e1aa0be8,000630,2025-10-21T00:00:00,2025-10-21,20,2025-11-18,commodity_shock,positive,akshare_futures_main_sina,market_data,0.75,medium,1.0,0.4692751709301568,0.24636946473833232,-0.07352941176470595,-0.09386521645246952,True,ex_post_event_outcome;not_a_trade_signal
8d8ccd052586b656,000630,2025-10-22T00:00:00,2025-10-22,1,2025-10-23,commodity_shock,negative,akshare_futures_main_sina,market_data,0.75,medium,1.0,-0.333983864153069,-0.1753415286803612,0.01848428835489835,0.01429976066083568,True,ex_post_event_outcome;not_a_trade_signal
8d8ccd052586b656,000630,2025-10-22T00:00:00,2025-10-22,5,2025-10-29,commodity_shock,negative,akshare_futures_main_sina,market_data,0.75,medium,1.0,-0.333983864153069,-0.1753415286803612,0.024029574861367697,-0.010923338364370566,True,ex_post_event_outcome;not_a_trade_signal
8d8ccd052586b656,000630,2025-10-22T00:00:00,2025-10-22,20,2025-11-19,commodity_shock,negative,akshare_futures_main_sina,market_data,0.75,medium,1.0,-0.333983864153069,-0.1753415286803612,-0.05360443622920519,-0.07699501529048985,True,ex_post_event_outcome;not_a_trade_signal
994e1ad1702c5350,000630,2025-10-24T00:00:00,2025-10-24,1,2025-10-27,commodity_shock,negative,akshare_futures_main_sina,market_data,0.75,medium,1.0,-0.4936987397479493,-0.25919183836767334,0.028070175438596356,0.01823382123301691,True,ex_post_event_outcome;not_a_trade_signal
994e1ad1702c5350,000630,2025-10-24T00:00:00,2025-10-24,5,2025-10-31,commodity_shock,negative,akshare_futures_main_sina,market_data,0.75,medium,1.0,-0.4936987397479493,-0.25919183836767334,-0.07192982456140362,-0.08286481861406339,True,ex_post_event_outcome;not_a_trade_signal
994e1ad1702c5350,000630,2025-10-24T00:00:00,2025-10-24,20,2025-11-21,commodity_shock,negative,akshare_futures_main_sina,market_data,0.75,medium,1.0,-0.4936987397479493,-0.25919183836767334,-0.15087719298245617,-0.11677396869146035,True,ex_post_event_outcome;not_a_trade_signal
f1706f6fb9604d74,000630,2025-10-28T00:00:00,2025-10-28,1,2025-10-29,commodity_shock,negative,akshare_futures_main_sina,market_data,0.75,medium,1.0,-0.7458704705953361,-0.3915819970625515,0.05123339658444004,0.03721400542980787,True,ex_post_event_outcome;not_a_trade_signal
f1706f6fb9604d74,000630,2025-10-28T00:00:00,2025-10-28,5,2025-11-04,commodity_shock,negative,akshare_futures_main_sina,market_data,0.75,medium,1.0,-0.7458704705953361,-0.3915819970625515,-0.0436432637571158,-0.038474374876439225,True,ex_post_event_outcome;not_a_trade_signal
f1706f6fb9604d74,000630,2025-10-28T00:00:00,2025-10-28,20,2025-11-25,commodity_shock,negative,akshare_futures_main_sina,market_data,0.75,medium,1.0,-0.7458704705953361,-0.3915819970625515,-0.0432471109859115,-0.023785106455354865,True,ex_post_event_outcome;not_a_trade_signal
10d92fe1d751bc75,000630,2025-12-05T00:00:00,2025-12-05,1,2025-12-08,commodity_shock,positive,akshare_futures_main_sina,market_data,0.75,medium,1.0,0.4895344847306422,0.2570056044835871,-0.013698630136986245,-0.020985247125048144,True,ex_post_event_outcome;not_a_trade_signal
10d92fe1d751bc75,000630,2025-12-05T00:00:00,2025-12-05,5,2025-12-12,commodity_shock,positive,akshare_futures_main_sina,market_data,0.75,medium,1.0,0.4895344847306422,0.2570056044835871,-0.06678082191780821,-0.06012998960536807,True,ex_post_event_outcome;not_a_trade_signal
10d92fe1d751bc75,000630,2025-12-05T00:00:00,2025-12-05,20,2026-01-06,commodity_shock,positive,akshare_futures_main_sina,market_data,0.75,medium,1.0,0.4895344847306422,0.2570056044835871,0.013698630136986356,-0.06404020248226107,True,ex_post_event_outcome;not_a_trade_signal
0b152139abf97b43,000630,2025-12-17T00:00:00,2025-12-17,1,2025-12-18,general_news,neutral,cninfo_disclosure,official_disclosure,0.95,high,1.0,0.0,0.0,-0.005524861878453136,-0.0013583907926675775,True,ex_post_event_outcome;not_a_trade_signal
0b152139abf97b43,000630,2025-12-17T00:00:00,2025-12-17,5,2025-12-24,general_news,neutral,cninfo_disclosure,official_disclosure,0.95,high,1.0,0.0,0.0,0.023941068139963217,-0.007827941525720042,True,ex_post_event_outcome;not_a_trade_signal
0b152139abf97b43,000630,2025-12-17T00:00:00,2025-12-17,20,2026-01-16,general_news,neutral,cninfo_disclosure,official_disclosure,0.95,high,1.0,0.0,0.0,0.1270718232044199,0.01450765558928585,True,ex_post_event_outcome;not_a_trade_signal
10f0083ee40683b7,000630,2025-12-17T00:00:00,2025-12-17,1,2025-12-18,general_news,neutral,cninfo_disclosure,official_disclosure,0.95,high,1.0,0.0,0.0,-0.005524861878453136,-0.0013583907926675775,True,ex_post_event_outcome;not_a_trade_signal
10f0083ee40683b7,000630,2025-12-17T00:00:00,2025-12-17,5,2025-12-24,general_news,neutral,cninfo_disclosure,official_disclosure,0.95,high,1.0,0.0,0.0,0.023941068139963217,-0.007827941525720042,True,ex_post_event_outcome;not_a_trade_signal
10f0083ee40683b7,000630,2025-12-17T00:00:00,2025-12-17,20,2026-01-16,general_news,neutral,cninfo_disclosure,official_disclosure,0.95,high,1.0,0.0,0.0,0.1270718232044199,0.01450765558928585,True,ex_post_event_outcome;not_a_trade_signal
1301b7963c819757,000630,2025-12-17T00:00:00,2025-12-17,1,2025-12-18,general_news,neutral,cninfo_disclosure,official_disclosure,0.95,high,1.0,0.0,0.0,-0.005524861878453136,-0.0013583907926675775,True,ex_post_event_outcome;not_a_trade_signal
1301b7963c819757,000630,2025-12-17T00:00:00,2025-12-17,5,2025-12-24,general_news,neutral,cninfo_disclosure,official_disclosure,0.95,high,1.0,0.0,0.0,0.023941068139963217,-0.007827941525720042,True,ex_post_event_outcome;not_a_trade_signal
1301b7963c819757,000630,2025-12-17T00:00:00,2025-12-17,20,2026-01-16,general_news,neutral,cninfo_disclosure,official_disclosure,0.95,high,1.0,0.0,0.0,0.1270718232044199,0.01450765558928585,True,ex_post_event_outcome;not_a_trade_signal
2a139a3363e28508,000630,2025-12-17T00:00:00,2025-12-17,1,2025-12-18,commodity_shock,positive,cninfo_disclosure,official_disclosure,0.95,high,1.0,0.2,0.1197,-0.005524861878453136,-0.0013583907926675775,True,ex_post_event_outcome;not_a_trade_signal
2a139a3363e28508,000630,2025-12-17T00:00:00,2025-12-17,5,2025-12-24,commodity_shock,positive,cninfo_disclosure,official_disclosure,0.95,high,1.0,0.2,0.1197,0.023941068139963217,-0.007827941525720042,True,ex_post_event_outcome;not_a_trade_signal
2a139a3363e28508,000630,2025-12-17T00:00:00,2025-12-17,20,2026-01-16,commodity_shock,positive,cninfo_disclosure,official_disclosure,0.95,high,1.0,0.2,0.1197,0.1270718232044199,0.01450765558928585,True,ex_post_event_outcome;not_a_trade_signal
4001a8c0b4929b2b,000630,2025-12-17T00:00:00,2025-12-17,1,2025-12-18,general_news,neutral,cninfo_disclosure,official_disclosure,0.95,high,1.0,0.0,0.0,-0.005524861878453136,-0.0013583907926675775,True,ex_post_event_outcome;not_a_trade_signal
4001a8c0b4929b2b,000630,2025-12-17T00:00:00,2025-12-17,5,2025-12-24,general_news,neutral,cninfo_disclosure,official_disclosure,0.95,high,1.0,0.0,0.0,0.023941068139963217,-0.007827941525720042,True,ex_post_event_outcome;not_a_trade_signal
4001a8c0b4929b2b,000630,2025-12-17T00:00:00,2025-12-17,20,2026-01-16,general_news,neutral,cninfo_disclosure,official_disclosure,0.95,high,1.0,0.0,0.0,0.1270718232044199,0.01450765558928585,True,ex_post_event_outcome;not_a_trade_signal
40560ec62c530be2,000630,2025-12-17T00:00:00,2025-12-17,1,2025-12-18,general_news,neutral,cninfo_disclosure,official_disclosure,0.95,high,1.0,0.0,0.0,-0.005524861878453136,-0.0013583907926675775,True,ex_post_event_outcome;not_a_trade_signal
40560ec62c530be2,000630,2025-12-17T00:00:00,2025-12-17,5,2025-12-24,general_news,neutral,cninfo_disclosure,official_disclosure,0.95,high,1.0,0.0,0.0,0.023941068139963217,-0.007827941525720042,True,ex_post_event_outcome;not_a_trade_signal
40560ec62c530be2,000630,2025-12-17T00:00:00,2025-12-17,20,2026-01-16,general_news,neutral,cninfo_disclosure,official_disclosure,0.95,high,1.0,0.0,0.0,0.1270718232044199,0.01450765558928585,True,ex_post_event_outcome;not_a_trade_signal
4a24437756b74260,000630,2025-12-17T00:00:00,2025-12-17,1,2025-12-18,general_news,neutral,cninfo_disclosure,official_disclosure,0.95,high,1.0,0.0,0.0,-0.005524861878453136,-0.0013583907926675775,True,ex_post_event_outcome;not_a_trade_signal
4a24437756b74260,000630,2025-12-17T00:00:00,2025-12-17,5,2025-12-24,general_news,neutral,cninfo_disclosure,official_disclosure,0.95,high,1.0,0.0,0.0,0.023941068139963217,-0.007827941525720042,True,ex_post_event_outcome;not_a_trade_signal
4a24437756b74260,000630,2025-12-17T00:00:00,2025-12-17,20,2026-01-16,general_news,neutral,cninfo_disclosure,official_disclosure,0.95,high,1.0,0.0,0.0,0.1270718232044199,0.01450765558928585,True,ex_post_event_outcome;not_a_trade_signal
7f2cc354a14e6f64,000630,2025-12-17T00:00:00,2025-12-17,1,2025-12-18,general_news,neutral,cninfo_disclosure,official_disclosure,0.95,high,1.0,0.0,0.0,-0.005524861878453136,-0.0013583907926675775,True,ex_post_event_outcome;not_a_trade_signal
7f2cc354a14e6f64,000630,2025-12-17T00:00:00,2025-12-17,5,2025-12-24,general_news,neutral,cninfo_disclosure,official_disclosure,0.95,high,1.0,0.0,0.0,0.023941068139963217,-0.007827941525720042,True,ex_post_event_outcome;not_a_trade_signal
7f2cc354a14e6f64,000630,2025-12-17T00:00:00,2025-12-17,20,2026-01-16,general_news,neutral,cninfo_disclosure,official_disclosure,0.95,high,1.0,0.0,0.0,0.1270718232044199,0.01450765558928585,True,ex_post_event_outcome;not_a_trade_signal
871ca5c51134205f,000630,2025-12-17T00:00:00,2025-12-17,1,2025-12-18,general_news,neutral,cninfo_disclosure,official_disclosure,0.95,high,1.0,0.0,0.0,-0.005524861878453136,-0.0013583907926675775,True,ex_post_event_outcome;not_a_trade_signal
871ca5c51134205f,000630,2025-12-17T00:00:00,2025-12-17,5,2025-12-24,general_news,neutral,cninfo_disclosure,official_disclosure,0.95,high,1.0,0.0,0.0,0.023941068139963217,-0.007827941525720042,True,ex_post_event_outcome;not_a_trade_signal
871ca5c51134205f,000630,2025-12-17T00:00:00,2025-12-17,20,2026-01-16,general_news,neutral,cninfo_disclosure,official_disclosure,0.95,high,1.0,0.0,0.0,0.1270718232044199,0.01450765558928585,True,ex_post_event_outcome;not_a_trade_signal
8897886141f5e25b,000630,2025-12-17T00:00:00,2025-12-17,1,2025-12-18,general_news,neutral,cninfo_disclosure,official_disclosure,0.95,high,1.0,0.0,0.0,-0.005524861878453136,-0.0013583907926675775,True,ex_post_event_outcome;not_a_trade_signal
8897886141f5e25b,000630,2025-12-17T00:00:00,2025-12-17,5,2025-12-24,general_news,neutral,cninfo_disclosure,official_disclosure,0.95,high,1.0,0.0,0.0,0.023941068139963217,-0.007827941525720042,True,ex_post_event_outcome;not_a_trade_signal
8897886141f5e25b,000630,2025-12-17T00:00:00,2025-12-17,20,2026-01-16,general_news,neutral,cninfo_disclosure,official_disclosure,0.95,high,1.0,0.0,0.0,0.1270718232044199,0.01450765558928585,True,ex_post_event_outcome;not_a_trade_signal
b4afd54815d554aa,000630,2025-12-17T00:00:00,2025-12-17,1,2025-12-18,general_news,neutral,cninfo_disclosure,official_disclosure,0.95,high,1.0,0.0,0.0,-0.005524861878453136,-0.0013583907926675775,True,ex_post_event_outcome;not_a_trade_signal
b4afd54815d554aa,000630,2025-12-17T00:00:00,2025-12-17,5,2025-12-24,general_news,neutral,cninfo_disclosure,official_disclosure,0.95,high,1.0,0.0,0.0,0.023941068139963217,-0.007827941525720042,True,ex_post_event_outcome;not_a_trade_signal
b4afd54815d554aa,000630,2025-12-17T00:00:00,2025-12-17,20,2026-01-16,general_news,neutral,cninfo_disclosure,official_disclosure,0.95,high,1.0,0.0,0.0,0.1270718232044199,0.01450765558928585,True,ex_post_event_outcome;not_a_trade_signal
c7b4b41e3cb10af9,000630,2025-12-17T00:00:00,2025-12-17,1,2025-12-18,general_news,neutral,cninfo_disclosure,official_disclosure,0.95,high,1.0,0.0,0.0,-0.005524861878453136,-0.0013583907926675775,True,ex_post_event_outcome;not_a_trade_signal
c7b4b41e3cb10af9,000630,2025-12-17T00:00:00,2025-12-17,5,2025-12-24,general_news,neutral,cninfo_disclosure,official_disclosure,0.95,high,1.0,0.0,0.0,0.023941068139963217,-0.007827941525720042,True,ex_post_event_outcome;not_a_trade_signal
c7b4b41e3cb10af9,000630,2025-12-17T00:00:00,2025-12-17,20,2026-01-16,general_news,neutral,cninfo_disclosure,official_disclosure,0.95,high,1.0,0.0,0.0,0.1270718232044199,0.01450765558928585,True,ex_post_event_outcome;not_a_trade_signal
cd5ac05ebbf2a204,000630,2025-12-17T00:00:00,2025-12-17,1,2025-12-18,general_news,neutral,cninfo_disclosure,official_disclosure,0.95,high,1.0,0.0,0.0,-0.005524861878453136,-0.0013583907926675775,True,ex_post_event_outcome;not_a_trade_signal
cd5ac05ebbf2a204,000630,2025-12-17T00:00:00,2025-12-17,5,2025-12-24,general_news,neutral,cninfo_disclosure,official_disclosure,0.95,high,1.0,0.0,0.0,0.023941068139963217,-0.007827941525720042,True,ex_post_event_outcome;not_a_trade_signal
cd5ac05ebbf2a204,000630,2025-12-17T00:00:00,2025-12-17,20,2026-01-16,general_news,neutral,cninfo_disclosure,official_disclosure,0.95,high,1.0,0.0,0.0,0.1270718232044199,0.01450765558928585,True,ex_post_event_outcome;not_a_trade_signal
ebd685efd8e6ffdb,000630,2025-12-17T00:00:00,2025-12-17,1,2025-12-18,general_news,neutral,cninfo_disclosure,official_disclosure,0.95,high,1.0,0.0,0.0,-0.005524861878453136,-0.0013583907926675775,True,ex_post_event_outcome;not_a_trade_signal
ebd685efd8e6ffdb,000630,2025-12-17T00:00:00,2025-12-17,5,2025-12-24,general_news,neutral,cninfo_disclosure,official_disclosure,0.95,high,1.0,0.0,0.0,0.023941068139963217,-0.007827941525720042,True,ex_post_event_outcome;not_a_trade_signal
ebd685efd8e6ffdb,000630,2025-12-17T00:00:00,2025-12-17,20,2026-01-16,general_news,neutral,cninfo_disclosure,official_disclosure,0.95,high,1.0,0.0,0.0,0.1270718232044199,0.01450765558928585,True,ex_post_event_outcome;not_a_trade_signal
fb85fce8d4e2abca,000630,2025-12-17T00:00:00,2025-12-17,1,2025-12-18,general_news,neutral,cninfo_disclosure,official_disclosure,0.95,high,1.0,0.0,0.0,-0.005524861878453136,-0.0013583907926675775,True,ex_post_event_outcome;not_a_trade_signal
fb85fce8d4e2abca,000630,2025-12-17T00:00:00,2025-12-17,5,2025-12-24,general_news,neutral,cninfo_disclosure,official_disclosure,0.95,high,1.0,0.0,0.0,0.023941068139963217,-0.007827941525720042,True,ex_post_event_outcome;not_a_trade_signal
fb85fce8d4e2abca,000630,2025-12-17T00:00:00,2025-12-17,20,2026-01-16,general_news,neutral,cninfo_disclosure,official_disclosure,0.95,high,1.0,0.0,0.0,0.1270718232044199,0.01450765558928585,True,ex_post_event_outcome;not_a_trade_signal
86aa33e53aaa767a,000630,2025-12-26T00:00:00,2025-12-26,1,2025-12-29,commodity_shock,positive,akshare_futures_main_sina,market_data,0.75,medium,1.0,0.47563854904485936,0.24971023824855115,-0.033726812816188945,-0.028817031371575638,True,ex_post_event_outcome;not_a_trade_signal
86aa33e53aaa767a,000630,2025-12-26T00:00:00,2025-12-26,5,2026-01-06,commodity_shock,positive,akshare_futures_main_sina,market_data,0.75,medium,1.0,0.47563854904485936,0.24971023824855115,-0.001686340640809414,-0.038013513561056124,True,ex_post_event_outcome;not_a_trade_signal
86aa33e53aaa767a,000630,2025-12-26T00:00:00,2025-12-26,20,2026-01-27,commodity_shock,positive,akshare_futures_main_sina,market_data,0.75,medium,1.0,0.47563854904485936,0.24971023824855115,0.2799325463743676,0.19562179646108263,True,ex_post_event_outcome;not_a_trade_signal
407405181bf5851f,000630,2025-12-29T00:00:00,2025-12-29,1,2025-12-30,commodity_shock,positive,akshare_futures_main_sina,market_data,0.75,medium,1.0,0.85,0.44625,0.01221640488656206,0.008501841778621627,True,ex_post_event_outcome;not_a_trade_signal
407405181bf5851f,000630,2025-12-29T00:00:00,2025-12-29,5,2026-01-07,commodity_shock,positive,akshare_futures_main_sina,market_data,0.75,medium,1.0,0.85,0.44625,0.017452006980802848,-0.025176072243922015,True,ex_post_event_outcome;not_a_trade_signal
407405181bf5851f,000630,2025-12-29T00:00:00,2025-12-29,20,2026-01-28,commodity_shock,positive,akshare_futures_main_sina,market_data,0.75,medium,1.0,0.85,0.44625,0.45724258289703323,0.36498218929940957,True,ex_post_event_outcome;not_a_trade_signal
715d27b06f29125a,000630,2025-12-30T00:00:00,2025-12-30,1,2025-12-31,commodity_shock,positive,akshare_futures_main_sina,market_data,0.75,medium,1.0,0.8267137035460124,0.43402469436165647,0.036206896551724155,0.03444763401373438,True,ex_post_event_outcome;not_a_trade_signal
715d27b06f29125a,000630,2025-12-30T00:00:00,2025-12-30,5,2026-01-08,commodity_shock,positive,akshare_futures_main_sina,market_data,0.75,medium,1.0,0.8267137035460124,0.43402469436165647,-0.017241379310344862,-0.059783120189977584,True,ex_post_event_outcome;not_a_trade_signal
715d27b06f29125a,000630,2025-12-30T00:00:00,2025-12-30,20,2026-01-29,commodity_shock,positive,akshare_futures_main_sina,market_data,0.75,medium,1.0,0.8267137035460124,0.43402469436165647,0.5844827586206895,0.4944426617080806,True,ex_post_event_outcome;not_a_trade_signal
9f6a43b4b69fed60,000630,2025-12-30T00:00:00,2025-12-30,1,2025-12-31,shareholder_change,neutral,cninfo_disclosure,official_disclosure,0.95,high,1.0,-0.15,-0.089775,0.036206896551724155,0.03444763401373438,True,ex_post_event_outcome;not_a_trade_signal
9f6a43b4b69fed60,000630,2025-12-30T00:00:00,2025-12-30,5,2026-01-08,shareholder_change,neutral,cninfo_disclosure,official_disclosure,0.95,high,1.0,-0.15,-0.089775,-0.017241379310344862,-0.059783120189977584,True,ex_post_event_outcome;not_a_trade_signal
9f6a43b4b69fed60,000630,2025-12-30T00:00:00,2025-12-30,20,2026-01-29,shareholder_change,neutral,cninfo_disclosure,official_disclosure,0.95,high,1.0,-0.15,-0.089775,0.5844827586206895,0.4944426617080806,True,ex_post_event_outcome;not_a_trade_signal
ccccfd390b660673,000630,2025-12-30T00:00:00,2025-12-30,1,2025-12-31,shareholder_change,neutral,cninfo_disclosure,official_disclosure,0.95,high,1.0,-0.15,-0.089775,0.036206896551724155,0.03444763401373438,True,ex_post_event_outcome;not_a_trade_signal
ccccfd390b660673,000630,2025-12-30T00:00:00,2025-12-30,5,2026-01-08,shareholder_change,neutral,cninfo_disclosure,official_disclosure,0.95,high,1.0,-0.15,-0.089775,-0.017241379310344862,-0.059783120189977584,True,ex_post_event_outcome;not_a_trade_signal
ccccfd390b660673,000630,2025-12-30T00:00:00,2025-12-30,20,2026-01-29,shareholder_change,neutral,cninfo_disclosure,official_disclosure,0.95,high,1.0,-0.15,-0.089775,0.5844827586206895,0.4944426617080806,True,ex_post_event_outcome;not_a_trade_signal
8b9f054003b86ea3,000630,2025-12-31T00:00:00,2025-12-31,1,2026-01-05,commodity_shock,negative,akshare_futures_main_sina,market_data,0.75,medium,1.0,-0.47012127894156563,-0.24681367144432192,-0.03161397670549093,-0.05008620211288099,True,ex_post_event_outcome;not_a_trade_signal
8b9f054003b86ea3,000630,2025-12-31T00:00:00,2025-12-31,5,2026-01-09,commodity_shock,negative,akshare_futures_main_sina,market_data,0.75,medium,1.0,-0.47012127894156563,-0.24681367144432192,-0.016638935108153063,-0.07257941132827561,True,ex_post_event_outcome;not_a_trade_signal
8b9f054003b86ea3,000630,2025-12-31T00:00:00,2025-12-31,20,2026-01-30,commodity_shock,negative,akshare_futures_main_sina,market_data,0.75,medium,1.0,-0.47012127894156563,-0.24681367144432192,0.37603993344425946,0.307059451573354,True,ex_post_event_outcome;not_a_trade_signal
a1016d1017e8caf8,000630,2025-12-31T00:00:00,2025-12-31,1,2026-01-05,general_news,neutral,cninfo_disclosure,official_disclosure,0.95,high,1.0,0.0,0.0,-0.03161397670549093,-0.05008620211288099,True,ex_post_event_outcome;not_a_trade_signal
a1016d1017e8caf8,000630,2025-12-31T00:00:00,2025-12-31,5,2026-01-09,general_news,neutral,cninfo_disclosure,official_disclosure,0.95,high,1.0,0.0,0.0,-0.016638935108153063,-0.07257941132827561,True,ex_post_event_outcome;not_a_trade_signal
a1016d1017e8caf8,000630,2025-12-31T00:00:00,2025-12-31,20,2026-01-30,general_news,neutral,cninfo_disclosure,official_disclosure,0.95,high,1.0,0.0,0.0,0.37603993344425946,0.307059451573354,True,ex_post_event_outcome;not_a_trade_signal
32d97349b086d632,000630,2026-01-05T00:00:00,2026-01-05,1,2026-01-06,commodity_shock,positive,akshare_futures_main_sina,market_data,0.75,medium,1.0,0.4273983993347876,0.22438415965076347,0.01718213058419238,0.000262941935718429,True,ex_post_event_outcome;not_a_trade_signal
32d97349b086d632,000630,2026-01-05T00:00:00,2026-01-05,5,2026-01-12,commodity_shock,positive,akshare_futures_main_sina,market_data,0.75,medium,1.0,0.4273983993347876,0.22438415965076347,0.018900343642611617,-0.042561150805862424,True,ex_post_event_outcome;not_a_trade_signal
32d97349b086d632,000630,2026-01-05T00:00:00,2026-01-05,20,2026-02-02,commodity_shock,positive,akshare_futures_main_sina,market_data,0.75,medium,1.0,0.4273983993347876,0.22438415965076347,0.27835051546391765,0.2585317234687298,True,ex_post_event_outcome;not_a_trade_signal
4fe372333d8f19f5,000630,2026-01-05T00:00:00,2026-01-05,1,2026-01-06,commodity_shock,positive,akshare_futures_main_sina,market_data,0.75,medium,1.0,0.5496075904884616,0.28854398500644235,0.01718213058419238,0.000262941935718429,True,ex_post_event_outcome;not_a_trade_signal
4fe372333d8f19f5,000630,2026-01-05T00:00:00,2026-01-05,5,2026-01-12,commodity_shock,positive,akshare_futures_main_sina,market_data,0.75,medium,1.0,0.5496075904884616,0.28854398500644235,0.018900343642611617,-0.042561150805862424,True,ex_post_event_outcome;not_a_trade_signal
4fe372333d8f19f5,000630,2026-01-05T00:00:00,2026-01-05,20,2026-02-02,commodity_shock,positive,akshare_futures_main_sina,market_data,0.75,medium,1.0,0.5496075904884616,0.28854398500644235,0.27835051546391765,0.2585317234687298,True,ex_post_event_outcome;not_a_trade_signal
a344c2cf5d5ddbee,000630,2026-01-05T00:00:00,2026-01-05,1,2026-01-06,general_news,neutral,cninfo_disclosure,official_disclosure,0.95,high,1.0,0.0,0.0,0.01718213058419238,0.000262941935718429,True,ex_post_event_outcome;not_a_trade_signal
a344c2cf5d5ddbee,000630,2026-01-05T00:00:00,2026-01-05,5,2026-01-12,general_news,neutral,cninfo_disclosure,official_disclosure,0.95,high,1.0,0.0,0.0,0.018900343642611617,-0.042561150805862424,True,ex_post_event_outcome;not_a_trade_signal
a344c2cf5d5ddbee,000630,2026-01-05T00:00:00,2026-01-05,20,2026-02-02,general_news,neutral,cninfo_disclosure,official_disclosure,0.95,high,1.0,0.0,0.0,0.27835051546391765,0.2585317234687298,True,ex_post_event_outcome;not_a_trade_signal
116e0bbb78b30e16,000630,2026-01-06T00:00:00,2026-01-06,1,2026-01-07,commodity_shock,positive,akshare_futures_main_sina,market_data,0.75,medium,1.0,0.5348460291734192,0.28079416531604506,-0.015202702702702742,-0.016166434769595027,True,ex_post_event_outcome;not_a_trade_signal
116e0bbb78b30e16,000630,2026-01-06T00:00:00,2026-01-06,5,2026-01-13,commodity_shock,positive,akshare_futures_main_sina,market_data,0.75,medium,1.0,0.5348460291734192,0.28079416531604506,0.010135135135135087,-0.018857811938120254,True,ex_post_event_outcome;not_a_trade_signal
116e0bbb78b30e16,000630,2026-01-06T00:00:00,2026-01-06,20,2026-02-03,commodity_shock,positive,akshare_futures_main_sina,market_data,0.75,medium,1.0,0.5348460291734192,0.28079416531604506,0.32432432432432434,0.2976600265544547,True,ex_post_event_outcome;not_a_trade_signal
bb4a1dc906199e2f,000630,2026-01-06T00:00:00,2026-01-06,1,2026-01-07,commodity_shock,positive,akshare_futures_main_sina,market_data,0.75,medium,1.0,0.5283060229078753,0.2773606620266345,-0.015202702702702742,-0.016166434769595027,True,ex_post_event_outcome;not_a_trade_signal
bb4a1dc906199e2f,000630,2026-01-06T00:00:00,2026-01-06,5,2026-01-13,commodity_shock,positive,akshare_futures_main_sina,market_data,0.75,medium,1.0,0.5283060229078753,0.2773606620266345,0.010135135135135087,-0.018857811938120254,True,ex_post_event_outcome;not_a_trade_signal
bb4a1dc906199e2f,000630,2026-01-06T00:00:00,2026-01-06,20,2026-02-03,commodity_shock,positive,akshare_futures_main_sina,market_data,0.75,medium,1.0,0.5283060229078753,0.2773606620266345,0.32432432432432434,0.2976600265544547,True,ex_post_event_outcome;not_a_trade_signal
52b9c52588f1b3d9,000630,2026-01-07T00:00:00,2026-01-07,1,2026-01-08,commodity_shock,positive,akshare_futures_main_sina,market_data,0.75,medium,1.0,0.4767920900851408,0.2503158472946989,-0.022298456260720356,-0.02507571113999585,True,ex_post_event_outcome;not_a_trade_signal
52b9c52588f1b3d9,000630,2026-01-07T00:00:00,2026-01-07,5,2026-01-14,commodity_shock,positive,akshare_futures_main_sina,market_data,0.75,medium,1.0,0.4767920900851408,0.2503158472946989,0.0497427101200687,0.01789055889665165,True,ex_post_event_outcome;not_a_trade_signal
52b9c52588f1b3d9,000630,2026-01-07T00:00:00,2026-01-07,20,2026-02-04,commodity_shock,positive,akshare_futures_main_sina,market_data,0.75,medium,1.0,0.4767920900851408,0.2503158472946989,0.31389365351629506,0.2807975276938185,True,ex_post_event_outcome;not_a_trade_signal
61f0f10b3da4501e,000630,2026-01-08T00:00:00,2026-01-08,1,2026-01-09,commodity_shock,negative,akshare_futures_main_sina,market_data,0.75,medium,1.0,-0.3483670295489887,-0.18289269051321905,0.03684210526315801,0.021912027628352395,True,ex_post_event_outcome;not_a_trade_signal
61f0f10b3da4501e,000630,2026-01-08T00:00:00,2026-01-08,5,2026-01-15,commodity_shock,negative,akshare_futures_main_sina,market_data,0.75,medium,1.0,-0.3483670295489887,-0.18289269051321905,0.07543859649122808,0.046783840300736006,True,ex_post_event_outcome;not_a_trade_signal
61f0f10b3da4501e,000630,2026-01-08T00:00:00,2026-01-08,20,2026-02-05,commodity_shock,negative,akshare_futures_main_sina,market_data,0.75,medium,1.0,-0.3483670295489887,-0.18289269051321905,0.26140350877192997,0.24458186784550534,True,ex_post_event_outcome;not_a_trade_signal
24fe0e8ff539767f,000630,2026-01-09T00:00:00,2026-01-09,1,2026-01-12,commodity_shock,positive,akshare_futures_main_sina,market_data,0.75,medium,1.0,0.7763851470071454,0.4076022021787513,0.0033840947546530664,-0.019827388409940416,True,ex_post_event_outcome;not_a_trade_signal
24fe0e8ff539767f,000630,2026-01-09T00:00:00,2026-01-09,5,2026-01-16,commodity_shock,positive,akshare_futures_main_sina,market_data,0.75,medium,1.0,0.7763851470071454,0.4076022021787513,0.035532994923857864,0.027175481932156204,True,ex_post_event_outcome;not_a_trade_signal
24fe0e8ff539767f,000630,2026-01-09T00:00:00,2026-01-09,20,2026-02-06,commodity_shock,positive,akshare_futures_main_sina,market_data,0.75,medium,1.0,0.7763851470071454,0.4076022021787513,0.20304568527918776,0.2016983428452275,True,ex_post_event_outcome;not_a_trade_signal
fc8f125cf401a6dd,000630,2026-01-12T00:00:00,2026-01-12,1,2026-01-13,commodity_shock,positive,akshare_futures_main_sina,market_data,0.75,medium,1.0,0.85,0.44625,0.00843170320404707,0.021885752846737987,True,ex_post_event_outcome;not_a_trade_signal
fc8f125cf401a6dd,000630,2026-01-12T00:00:00,2026-01-12,5,2026-01-19,commodity_shock,positive,akshare_futures_main_sina,market_data,0.75,medium,1.0,0.85,0.44625,-0.001686340640809414,0.0071331380332519175,True,ex_post_event_outcome;not_a_trade_signal
fc8f125cf401a6dd,000630,2026-01-12T00:00:00,2026-01-12,20,2026-02-09,commodity_shock,positive,akshare_futures_main_sina,market_data,0.75,medium,1.0,0.85,0.44625,0.21585160202360876,0.223192559758097,True,ex_post_event_outcome;not_a_trade_signal
f280e32b8ab9bbc0,000630,2026-01-13T00:00:00,2026-01-13,1,2026-01-14,commodity_shock,positive,akshare_futures_main_sina,market_data,0.75,medium,1.0,0.6382891219411881,0.33510178901912374,0.0234113712374584,0.02039954117447311,True,ex_post_event_outcome;not_a_trade_signal
f280e32b8ab9bbc0,000630,2026-01-13T00:00:00,2026-01-13,5,2026-01-20,commodity_shock,positive,akshare_futures_main_sina,market_data,0.75,medium,1.0,0.6382891219411881,0.33510178901912374,0.010033444816053505,0.011414393031908466,True,ex_post_event_outcome;not_a_trade_signal
f280e32b8ab9bbc0,000630,2026-01-13T00:00:00,2026-01-13,20,2026-02-10,commodity_shock,positive,akshare_futures_main_sina,market_data,0.75,medium,1.0,0.6382891219411881,0.33510178901912374,0.18896321070234112,0.18262467235985677,True,ex_post_event_outcome;not_a_trade_signal
ce6a961518bfae0b,000630,2026-01-14T00:00:00,2026-01-14,1,2026-01-15,commodity_shock,positive,akshare_futures_main_sina,market_data,0.75,medium,1.0,0.85,0.44625,0.0016339869281045694,0.0017599867705280204,True,ex_post_event_outcome;not_a_trade_signal
ce6a961518bfae0b,000630,2026-01-14T00:00:00,2026-01-14,5,2026-01-21,commodity_shock,positive,akshare_futures_main_sina,market_data,0.75,medium,1.0,0.85,0.44625,0.014705882352941124,0.012377397912651708,True,ex_post_event_outcome;not_a_trade_signal
ce6a961518bfae0b,000630,2026-01-14T00:00:00,2026-01-14,20,2026-02-11,commodity_shock,positive,akshare_futures_main_sina,market_data,0.75,medium,1.0,0.85,0.44625,0.1732026143790848,0.17188068965076225,True,ex_post_event_outcome;not_a_trade_signal
e18f78002d262487,000630,2026-01-15T00:00:00,2026-01-15,1,2026-01-16,commodity_shock,positive,akshare_futures_main_sina,market_data,0.75,medium,1.0,0.85,0.44625,-0.0016313213703099683,0.003672441318519057,True,ex_post_event_outcome;not_a_trade_signal
e18f78002d262487,000630,2026-01-15T00:00:00,2026-01-15,5,2026-01-22,commodity_shock,positive,akshare_futures_main_sina,market_data,0.75,medium,1.0,0.85,0.44625,0.01794453507340954,0.009157309919490611,True,ex_post_event_outcome;not_a_trade_signal
e18f78002d262487,000630,2026-01-15T00:00:00,2026-01-15,20,2026-02-12,commodity_shock,positive,akshare_futures_main_sina,market_data,0.75,medium,1.0,0.85,0.44625,0.17781402936378465,0.17354959930200112,True,ex_post_event_outcome;not_a_trade_signal
7fa15687039885bb,000630,2026-01-16T00:00:00,2026-01-16,1,2026-01-19,commodity_shock,positive,akshare_futures_main_sina,market_data,0.75,medium,1.0,0.85,0.44625,-0.0326797385620915,-0.03933218984889229,True,ex_post_event_outcome;not_a_trade_signal
7fa15687039885bb,000630,2026-01-16T00:00:00,2026-01-16,5,2026-01-23,commodity_shock,positive,akshare_futures_main_sina,market_data,0.75,medium,1.0,0.85,0.44625,0.12091503267973858,0.09037218937946132,True,ex_post_event_outcome;not_a_trade_signal
7fa15687039885bb,000630,2026-01-16T00:00:00,2026-01-16,20,2026-02-13,commodity_shock,positive,akshare_futures_main_sina,market_data,0.75,medium,1.0,0.85,0.44625,0.1519607843137254,0.15384764852472008,True,ex_post_event_outcome;not_a_trade_signal
d5351aff80cafe99,000630,2026-01-19T00:00:00,2026-01-19,1,2026-01-20,commodity_shock,positive,akshare_futures_main_sina,market_data,0.75,medium,1.0,0.85,0.44625,0.020270270270270174,0.026438598820850777,True,ex_post_event_outcome;not_a_trade_signal
d5351aff80cafe99,000630,2026-01-19T00:00:00,2026-01-19,5,2026-01-26,commodity_shock,positive,akshare_futures_main_sina,market_data,0.75,medium,1.0,0.85,0.44625,0.27533783783783794,0.2605121001244939,True,ex_post_event_outcome;not_a_trade_signal
d5351aff80cafe99,000630,2026-01-19T00:00:00,2026-01-19,20,2026-02-24,commodity_shock,positive,akshare_futures_main_sina,market_data,0.75,medium,1.0,0.85,0.44625,0.2685810810810809,0.26721014545051064,True,ex_post_event_outcome;not_a_trade_signal
f31f69d6b26ac3c1,000630,2026-01-20T00:00:00,2026-01-20,1,2026-01-21,commodity_shock,positive,akshare_futures_main_sina,market_data,0.75,medium,1.0,0.7838506951056949,0.4115216149304898,0.028145695364238277,0.021770949737005472,True,ex_post_event_outcome;not_a_trade_signal
f31f69d6b26ac3c1,000630,2026-01-20T00:00:00,2026-01-20,5,2026-01-27,commodity_shock,positive,akshare_futures_main_sina,market_data,0.75,medium,1.0,0.7838506951056949,0.4115216149304898,0.2566225165562914,0.2389927920529549,True,ex_post_event_outcome;not_a_trade_signal
f31f69d6b26ac3c1,000630,2026-01-20T00:00:00,2026-01-20,20,2026-02-25,commodity_shock,positive,akshare_futures_main_sina,market_data,0.75,medium,1.0,0.7838506951056949,0.4115216149304898,0.2798013245033113,0.2585311226584001,True,ex_post_event_outcome;not_a_trade_signal
6019468d44a0ff9d,000630,2026-01-21T00:00:00,2026-01-21,1,2026-01-22,commodity_shock,positive,akshare_futures_main_sina,market_data,0.75,medium,1.0,0.3734835853504279,0.19607888230897463,0.004830917874396157,-0.0023022300700941177,True,ex_post_event_outcome;not_a_trade_signal
6019468d44a0ff9d,000630,2026-01-21T00:00:00,2026-01-21,5,2026-01-28,commodity_shock,positive,akshare_futures_main_sina,market_data,0.75,medium,1.0,0.3734835853504279,0.19607888230897463,0.34460547504025785,0.33125419960641656,True,ex_post_event_outcome;not_a_trade_signal
6019468d44a0ff9d,000630,2026-01-21T00:00:00,2026-01-21,20,2026-02-26,commodity_shock,positive,akshare_futures_main_sina,market_data,0.75,medium,1.0,0.3734835853504279,0.19607888230897463,0.22222222222222232,0.20759562789493516,True,ex_post_event_outcome;not_a_trade_signal
aa3e50c109e1fa2a,000630,2026-01-23T00:00:00,2026-01-23,1,2026-01-26,commodity_shock,positive,akshare_futures_main_sina,market_data,0.75,medium,1.0,0.85,0.44625,0.10058309037900881,0.10950093740742853,True,ex_post_event_outcome;not_a_trade_signal
aa3e50c109e1fa2a,000630,2026-01-23T00:00:00,2026-01-23,5,2026-01-30,commodity_shock,positive,akshare_futures_main_sina,market_data,0.75,medium,1.0,0.85,0.44625,0.20553935860058292,0.2305652117900578,True,ex_post_event_outcome;not_a_trade_signal
aa3e50c109e1fa2a,000630,2026-01-23T00:00:00,2026-01-23,20,2026-03-02,commodity_shock,positive,akshare_futures_main_sina,market_data,0.75,medium,1.0,0.85,0.44625,0.22740524781341098,0.23541302067775283,True,ex_post_event_outcome;not_a_trade_signal
acda258684040f7b,000630,2026-01-23T00:00:00,2026-01-23,1,2026-01-26,commodity_shock,positive,akshare_futures_main_sina,market_data,0.75,medium,1.0,0.6191405118300342,0.32504876871076793,0.10058309037900881,0.10950093740742853,True,ex_post_event_outcome;not_a_trade_signal
acda258684040f7b,000630,2026-01-23T00:00:00,2026-01-23,5,2026-01-30,commodity_shock,positive,akshare_futures_main_sina,market_data,0.75,medium,1.0,0.6191405118300342,0.32504876871076793,0.20553935860058292,0.2305652117900578,True,ex_post_event_outcome;not_a_trade_signal
acda258684040f7b,000630,2026-01-23T00:00:00,2026-01-23,20,2026-03-02,commodity_shock,positive,akshare_futures_main_sina,market_data,0.75,medium,1.0,0.6191405118300342,0.32504876871076793,0.22740524781341098,0.23541302067775283,True,ex_post_event_outcome;not_a_trade_signal
16ef7577a421afaa,000630,2026-01-26T00:00:00,2026-01-26,1,2026-01-27,commodity_shock,positive,akshare_futures_main_sina,market_data,0.75,medium,1.0,0.6961019205172079,0.3654535082715341,0.005298013245033095,0.008225914707378185,True,ex_post_event_outcome;not_a_trade_signal
16ef7577a421afaa,000630,2026-01-26T00:00:00,2026-01-26,5,2026-02-02,commodity_shock,positive,akshare_futures_main_sina,market_data,0.75,medium,1.0,0.6961019205172079,0.3654535082715341,-0.014569536423841067,0.026524848396003123,True,ex_post_event_outcome;not_a_trade_signal
16ef7577a421afaa,000630,2026-01-26T00:00:00,2026-01-26,20,2026-03-03,commodity_shock,positive,akshare_futures_main_sina,market_data,0.75,medium,1.0,0.6961019205172079,0.3654535082715341,0.027814569536423805,0.05527051644567521,True,ex_post_event_outcome;not_a_trade_signal
f5bc1c2ae199c04d,000630,2026-01-26T00:00:00,2026-01-26,1,2026-01-27,commodity_shock,positive,akshare_futures_main_sina,market_data,0.75,medium,1.0,0.85,0.44625,0.005298013245033095,0.008225914707378185,True,ex_post_event_outcome;not_a_trade_signal
f5bc1c2ae199c04d,000630,2026-01-26T00:00:00,2026-01-26,5,2026-02-02,commodity_shock,positive,akshare_futures_main_sina,market_data,0.75,medium,1.0,0.85,0.44625,-0.014569536423841067,0.026524848396003123,True,ex_post_event_outcome;not_a_trade_signal
f5bc1c2ae199c04d,000630,2026-01-26T00:00:00,2026-01-26,20,2026-03-03,commodity_shock,positive,akshare_futures_main_sina,market_data,0.75,medium,1.0,0.85,0.44625,0.027814569536423805,0.05527051644567521,True,ex_post_event_outcome;not_a_trade_signal
55412c86f3f7705b,000630,2026-01-27T00:00:00,2026-01-27,1,2026-01-28,commodity_shock,positive,akshare_futures_main_sina,market_data,0.75,medium,1.0,0.665710836100212,0.34949818895261126,0.10013175230566551,0.09755668852276027,True,ex_post_event_outcome;not_a_trade_signal
55412c86f3f7705b,000630,2026-01-27T00:00:00,2026-01-27,5,2026-02-03,commodity_shock,positive,akshare_futures_main_sina,market_data,0.75,medium,1.0,0.665710836100212,0.34949818895261126,0.03293807641633717,0.04851530221590811,True,ex_post_event_outcome;not_a_trade_signal
55412c86f3f7705b,000630,2026-01-27T00:00:00,2026-01-27,20,2026-03-04,commodity_shock,positive,akshare_futures_main_sina,market_data,0.75,medium,1.0,0.665710836100212,0.34949818895261126,0.019762845849802257,0.050604554171739834,True,ex_post_event_outcome;not_a_trade_signal
7aaac83d4d4728fd,000630,2026-01-27T00:00:00,2026-01-27,1,2026-01-28,commodity_shock,positive,akshare_futures_main_sina,market_data,0.75,medium,1.0,0.85,0.44625,0.10013175230566551,0.09755668852276027,True,ex_post_event_outcome;not_a_trade_signal
7aaac83d4d4728fd,000630,2026-01-27T00:00:00,2026-01-27,5,2026-02-03,commodity_shock,positive,akshare_futures_main_sina,market_data,0.75,medium,1.0,0.85,0.44625,0.03293807641633717,0.04851530221590811,True,ex_post_event_outcome;not_a_trade_signal
7aaac83d4d4728fd,000630,2026-01-27T00:00:00,2026-01-27,20,2026-03-04,commodity_shock,positive,akshare_futures_main_sina,market_data,0.75,medium,1.0,0.85,0.44625,0.019762845849802257,0.050604554171739834,True,ex_post_event_outcome;not_a_trade_signal
d37566dc4dfd664e,000630,2026-01-27T00:00:00,2026-01-27,1,2026-01-28,general_news,neutral,cninfo_disclosure,official_disclosure,0.95,high,1.0,0.0,0.0,0.10013175230566551,0.09755668852276027,True,ex_post_event_outcome;not_a_trade_signal
d37566dc4dfd664e,000630,2026-01-27T00:00:00,2026-01-27,5,2026-02-03,general_news,neutral,cninfo_disclosure,official_disclosure,0.95,high,1.0,0.0,0.0,0.03293807641633717,0.04851530221590811,True,ex_post_event_outcome;not_a_trade_signal
d37566dc4dfd664e,000630,2026-01-27T00:00:00,2026-01-27,20,2026-03-04,general_news,neutral,cninfo_disclosure,official_disclosure,0.95,high,1.0,0.0,0.0,0.019762845849802257,0.050604554171739834,True,ex_post_event_outcome;not_a_trade_signal
1db6e355629a51ba,000630,2026-01-28T00:00:00,2026-01-28,1,2026-01-29,commodity_shock,positive,akshare_futures_main_sina,market_data,0.75,medium,1.0,0.85,0.44625,0.10059880239520935,0.09972415829580408,True,ex_post_event_outcome;not_a_trade_signal
1db6e355629a51ba,000630,2026-01-28T00:00:00,2026-01-28,5,2026-02-04,commodity_shock,positive,akshare_futures_main_sina,market_data,0.75,medium,1.0,0.85,0.44625,-0.08263473053892212,-0.07245409947485164,True,ex_post_event_outcome;not_a_trade_signal
1db6e355629a51ba,000630,2026-01-28T00:00:00,2026-01-28,20,2026-03-05,commodity_shock,positive,akshare_futures_main_sina,market_data,0.75,medium,1.0,0.85,0.44625,-0.08263473053892212,-0.05893957027043835,True,ex_post_event_outcome;not_a_trade_signal
86c76db011234f52,000630,2026-01-28T00:00:00,2026-01-28,1,2026-01-29,commodity_shock,positive,akshare_futures_main_sina,market_data,0.75,medium,1.0,0.6877231529799506,0.361054655314474,0.10059880239520935,0.09972415829580408,True,ex_post_event_outcome;not_a_trade_signal
86c76db011234f52,000630,2026-01-28T00:00:00,2026-01-28,5,2026-02-04,commodity_shock,positive,akshare_futures_main_sina,market_data,0.75,medium,1.0,0.6877231529799506,0.361054655314474,-0.08263473053892212,-0.07245409947485164,True,ex_post_event_outcome;not_a_trade_signal
86c76db011234f52,000630,2026-01-28T00:00:00,2026-01-28,20,2026-03-05,commodity_shock,positive,akshare_futures_main_sina,market_data,0.75,medium,1.0,0.6877231529799506,0.361054655314474,-0.08263473053892212,-0.05893957027043835,True,ex_post_event_outcome;not_a_trade_signal
21a4a864b936432b,000630,2026-01-29T00:00:00,2026-01-29,1,2026-01-30,commodity_shock,positive,akshare_futures_main_sina,market_data,0.75,medium,1.0,0.6681231380337636,0.35076464746772584,-0.10010881392818283,-0.08581395639929319,True,ex_post_event_outcome;not_a_trade_signal
21a4a864b936432b,000630,2026-01-29T00:00:00,2026-01-29,5,2026-02-05,commodity_shock,positive,akshare_futures_main_sina,market_data,0.75,medium,1.0,0.6681231380337636,0.35076464746772584,-0.21762785636561477,-0.19332882132672233,True,ex_post_event_outcome;not_a_trade_signal
21a4a864b936432b,000630,2026-01-29T00:00:00,2026-01-29,20,2026-03-06,commodity_shock,positive,akshare_futures_main_sina,market_data,0.75,medium,1.0,0.6681231380337636,0.35076464746772584,-0.18715995647442873,-0.17050816696227603,True,ex_post_event_outcome;not_a_trade_signal
c64ba636e4cceb59,000630,2026-01-29T00:00:00,2026-01-29,1,2026-01-30,commodity_shock,positive,akshare_futures_main_sina,market_data,0.75,medium,1.0,0.85,0.44625,-0.10010881392818283,-0.08581395639929319,True,ex_post_event_outcome;not_a_trade_signal
c64ba636e4cceb59,000630,2026-01-29T00:00:00,2026-01-29,5,2026-02-05,commodity_shock,positive,akshare_futures_main_sina,market_data,0.75,medium,1.0,0.85,0.44625,-0.21762785636561477,-0.19332882132672233,True,ex_post_event_outcome;not_a_trade_signal
c64ba636e4cceb59,000630,2026-01-29T00:00:00,2026-01-29,20,2026-03-06,commodity_shock,positive,akshare_futures_main_sina,market_data,0.75,medium,1.0,0.85,0.44625,-0.18715995647442873,-0.17050816696227603,True,ex_post_event_outcome;not_a_trade_signal
fe0b9ddd2ee8b05a,000630,2026-01-29T00:00:00,2026-01-29,1,2026-01-30,commodity_shock,positive,akshare_futures_main_sina,market_data,0.75,medium,1.0,0.85,0.44625,-0.10010881392818283,-0.08581395639929319,True,ex_post_event_outcome;not_a_trade_signal
fe0b9ddd2ee8b05a,000630,2026-01-29T00:00:00,2026-01-29,5,2026-02-05,commodity_shock,positive,akshare_futures_main_sina,market_data,0.75,medium,1.0,0.85,0.44625,-0.21762785636561477,-0.19332882132672233,True,ex_post_event_outcome;not_a_trade_signal
fe0b9ddd2ee8b05a,000630,2026-01-29T00:00:00,2026-01-29,20,2026-03-06,commodity_shock,positive,akshare_futures_main_sina,market_data,0.75,medium,1.0,0.85,0.44625,-0.18715995647442873,-0.17050816696227603,True,ex_post_event_outcome;not_a_trade_signal
51a539323b33ed59,000630,2026-01-30T00:00:00,2026-01-30,1,2026-02-02,commodity_shock,negative,akshare_futures_main_sina,market_data,0.75,medium,1.0,-0.561675419495324,-0.29487959523504503,-0.10036275695284147,-0.07340194176399394,True,ex_post_event_outcome;not_a_trade_signal
51a539323b33ed59,000630,2026-01-30T00:00:00,2026-01-30,5,2026-02-06,commodity_shock,negative,akshare_futures_main_sina,market_data,0.75,medium,1.0,-0.561675419495324,-0.29487959523504503,-0.14026602176541714,-0.1289102514759983,True,ex_post_event_outcome;not_a_trade_signal
51a539323b33ed59,000630,2026-01-30T00:00:00,2026-01-30,20,2026-03-09,commodity_shock,negative,akshare_futures_main_sina,market_data,0.75,medium,1.0,-0.561675419495324,-0.29487959523504503,-0.11970979443772667,-0.10951892412325807,True,ex_post_event_outcome;not_a_trade_signal
64f3f0dfddfa2d6a,000630,2026-01-30T00:00:00,2026-01-30,1,2026-02-02,commodity_shock,negative,akshare_futures_main_sina,market_data,0.75,medium,1.0,-0.39813032719274144,-0.20901842177618923,-0.10036275695284147,-0.07340194176399394,True,ex_post_event_outcome;not_a_trade_signal
64f3f0dfddfa2d6a,000630,2026-01-30T00:00:00,2026-01-30,5,2026-02-06,commodity_shock,negative,akshare_futures_main_sina,market_data,0.75,medium,1.0,-0.39813032719274144,-0.20901842177618923,-0.14026602176541714,-0.1289102514759983,True,ex_post_event_outcome;not_a_trade_signal
64f3f0dfddfa2d6a,000630,2026-01-30T00:00:00,2026-01-30,20,2026-03-09,commodity_shock,negative,akshare_futures_main_sina,market_data,0.75,medium,1.0,-0.39813032719274144,-0.20901842177618923,-0.11970979443772667,-0.10951892412325807,True,ex_post_event_outcome;not_a_trade_signal
778361c7dacbdb62,000630,2026-01-30T00:00:00,2026-01-30,1,2026-02-02,general_news,neutral,cninfo_disclosure,official_disclosure,0.95,high,1.0,0.0,0.0,-0.10036275695284147,-0.07340194176399394,True,ex_post_event_outcome;not_a_trade_signal
778361c7dacbdb62,000630,2026-01-30T00:00:00,2026-01-30,5,2026-02-06,general_news,neutral,cninfo_disclosure,official_disclosure,0.95,high,1.0,0.0,0.0,-0.14026602176541714,-0.1289102514759983,True,ex_post_event_outcome;not_a_trade_signal
778361c7dacbdb62,000630,2026-01-30T00:00:00,2026-01-30,20,2026-03-09,general_news,neutral,cninfo_disclosure,official_disclosure,0.95,high,1.0,0.0,0.0,-0.11970979443772667,-0.10951892412325807,True,ex_post_event_outcome;not_a_trade_signal
c1fa4e029d9c6af7,000630,2026-01-30T00:00:00,2026-01-30,1,2026-02-02,commodity_shock,positive,akshare_futures_main_sina,market_data,0.75,medium,1.0,0.85,0.44625,-0.10036275695284147,-0.07340194176399394,True,ex_post_event_outcome;not_a_trade_signal
c1fa4e029d9c6af7,000630,2026-01-30T00:00:00,2026-01-30,5,2026-02-06,commodity_shock,positive,akshare_futures_main_sina,market_data,0.75,medium,1.0,0.85,0.44625,-0.14026602176541714,-0.1289102514759983,True,ex_post_event_outcome;not_a_trade_signal
c1fa4e029d9c6af7,000630,2026-01-30T00:00:00,2026-01-30,20,2026-03-09,commodity_shock,positive,akshare_futures_main_sina,market_data,0.75,medium,1.0,0.85,0.44625,-0.11970979443772667,-0.10951892412325807,True,ex_post_event_outcome;not_a_trade_signal
2f61ffc0be00a2df,000630,2026-02-02T00:00:00,2026-02-02,1,2026-02-03,commodity_shock,negative,akshare_futures_main_sina,market_data,0.75,medium,1.0,-0.39351851851851816,-0.20659722222222202,0.053763440860215006,0.02999627699669492,True,ex_post_event_outcome;not_a_trade_signal
2f61ffc0be00a2df,000630,2026-02-02T00:00:00,2026-02-02,5,2026-02-09,commodity_shock,negative,akshare_futures_main_sina,market_data,0.75,medium,1.0,-0.39351851851851816,-0.20659722222222202,-0.03091397849462363,-0.06240018032316771,True,ex_post_event_outcome;not_a_trade_signal
2f61ffc0be00a2df,000630,2026-02-02T00:00:00,2026-02-02,20,2026-03-10,commodity_shock,negative,akshare_futures_main_sina,market_data,0.75,medium,1.0,-0.39351851851851816,-0.20659722222222202,-0.016129032258064502,-0.04913611614519908,True,ex_post_event_outcome;not_a_trade_signal
3ff1dbeefbcb5e5c,000630,2026-02-02T00:00:00,2026-02-02,1,2026-02-03,commodity_shock,negative,akshare_futures_main_sina,market_data,0.75,medium,1.0,-0.85,-0.44625,0.053763440860215006,0.02999627699669492,True,ex_post_event_outcome;not_a_trade_signal
3ff1dbeefbcb5e5c,000630,2026-02-02T00:00:00,2026-02-02,5,2026-02-09,commodity_shock,negative,akshare_futures_main_sina,market_data,0.75,medium,1.0,-0.85,-0.44625,-0.03091397849462363,-0.06240018032316771,True,ex_post_event_outcome;not_a_trade_signal
3ff1dbeefbcb5e5c,000630,2026-02-02T00:00:00,2026-02-02,20,2026-03-10,commodity_shock,negative,akshare_futures_main_sina,market_data,0.75,medium,1.0,-0.85,-0.44625,-0.016129032258064502,-0.04913611614519908,True,ex_post_event_outcome;not_a_trade_signal
cd69fc7395ec2ebb,000630,2026-02-02T00:00:00,2026-02-02,1,2026-02-03,commodity_shock,negative,akshare_futures_main_sina,market_data,0.75,medium,1.0,-0.85,-0.44625,0.053763440860215006,0.02999627699669492,True,ex_post_event_outcome;not_a_trade_signal
cd69fc7395ec2ebb,000630,2026-02-02T00:00:00,2026-02-02,5,2026-02-09,commodity_shock,negative,akshare_futures_main_sina,market_data,0.75,medium,1.0,-0.85,-0.44625,-0.03091397849462363,-0.06240018032316771,True,ex_post_event_outcome;not_a_trade_signal
cd69fc7395ec2ebb,000630,2026-02-02T00:00:00,2026-02-02,20,2026-03-10,commodity_shock,negative,akshare_futures_main_sina,market_data,0.75,medium,1.0,-0.85,-0.44625,-0.016129032258064502,-0.04913611614519908,True,ex_post_event_outcome;not_a_trade_signal
2183d6f5e3f46cfa,000630,2026-02-03T00:00:00,2026-02-03,1,2026-02-04,commodity_shock,negative,akshare_futures_main_sina,market_data,0.75,medium,1.0,-0.85,-0.44625,-0.022959183673469274,-0.03022806569950002,True,ex_post_event_outcome;not_a_trade_signal
2183d6f5e3f46cfa,000630,2026-02-03T00:00:00,2026-02-03,5,2026-02-10,commodity_shock,negative,akshare_futures_main_sina,market_data,0.75,medium,1.0,-0.85,-0.44625,-0.09311224489795922,-0.10127519148822435,True,ex_post_event_outcome;not_a_trade_signal
2183d6f5e3f46cfa,000630,2026-02-03T00:00:00,2026-02-03,20,2026-03-11,commodity_shock,negative,akshare_futures_main_sina,market_data,0.75,medium,1.0,-0.85,-0.44625,-0.07908163265306123,-0.09272644818137013,True,ex_post_event_outcome;not_a_trade_signal
5a4a762acc0fa17e,000630,2026-02-03T00:00:00,2026-02-03,1,2026-02-04,commodity_shock,positive,akshare_futures_main_sina,market_data,0.75,medium,1.0,0.48042199229052507,0.25222154595252566,-0.022959183673469274,-0.03022806569950002,True,ex_post_event_outcome;not_a_trade_signal
5a4a762acc0fa17e,000630,2026-02-03T00:00:00,2026-02-03,5,2026-02-10,commodity_shock,positive,akshare_futures_main_sina,market_data,0.75,medium,1.0,0.48042199229052507,0.25222154595252566,-0.09311224489795922,-0.10127519148822435,True,ex_post_event_outcome;not_a_trade_signal
5a4a762acc0fa17e,000630,2026-02-03T00:00:00,2026-02-03,20,2026-03-11,commodity_shock,positive,akshare_futures_main_sina,market_data,0.75,medium,1.0,0.48042199229052507,0.25222154595252566,-0.07908163265306123,-0.09272644818137013,True,ex_post_event_outcome;not_a_trade_signal
9bfaaac6a43d7773,000630,2026-02-03T00:00:00,2026-02-03,1,2026-02-04,commodity_shock,positive,akshare_futures_main_sina,market_data,0.75,medium,1.0,0.6756295855641472,0.35470553242117725,-0.022959183673469274,-0.03022806569950002,True,ex_post_event_outcome;not_a_trade_signal
9bfaaac6a43d7773,000630,2026-02-03T00:00:00,2026-02-03,5,2026-02-10,commodity_shock,positive,akshare_futures_main_sina,market_data,0.75,medium,1.0,0.6756295855641472,0.35470553242117725,-0.09311224489795922,-0.10127519148822435,True,ex_post_event_outcome;not_a_trade_signal
9bfaaac6a43d7773,000630,2026-02-03T00:00:00,2026-02-03,20,2026-03-11,commodity_shock,positive,akshare_futures_main_sina,market_data,0.75,medium,1.0,0.6756295855641472,0.35470553242117725,-0.07908163265306123,-0.09272644818137013,True,ex_post_event_outcome;not_a_trade_signal
94fe488a64383449,000630,2026-02-04T00:00:00,2026-02-04,1,2026-02-05,commodity_shock,positive,akshare_futures_main_sina,market_data,0.75,medium,1.0,0.3504909579622968,0.1840077529302058,-0.06135770234986948,-0.047379345059232525,True,ex_post_event_outcome;not_a_trade_signal
94fe488a64383449,000630,2026-02-04T00:00:00,2026-02-04,5,2026-02-11,commodity_shock,positive,akshare_futures_main_sina,market_data,0.75,medium,1.0,0.3504909579622968,0.1840077529302058,-0.06266318537859017,-0.06161388293013741,True,ex_post_event_outcome;not_a_trade_signal
94fe488a64383449,000630,2026-02-04T00:00:00,2026-02-04,20,2026-03-12,commodity_shock,positive,akshare_futures_main_sina,market_data,0.75,medium,1.0,0.3504909579622968,0.1840077529302058,-0.06657963446475201,-0.06934920582579837,True,ex_post_event_outcome;not_a_trade_signal
f9b08ba5ed76f1b8,000630,2026-02-04T00:00:00,2026-02-04,1,2026-02-05,commodity_shock,negative,akshare_futures_main_sina,market_data,0.75,medium,1.0,-0.85,-0.44625,-0.06135770234986948,-0.047379345059232525,True,ex_post_event_outcome;not_a_trade_signal
f9b08ba5ed76f1b8,000630,2026-02-04T00:00:00,2026-02-04,5,2026-02-11,commodity_shock,negative,akshare_futures_main_sina,market_data,0.75,medium,1.0,-0.85,-0.44625,-0.06266318537859017,-0.06161388293013741,True,ex_post_event_outcome;not_a_trade_signal
f9b08ba5ed76f1b8,000630,2026-02-04T00:00:00,2026-02-04,20,2026-03-12,commodity_shock,negative,akshare_futures_main_sina,market_data,0.75,medium,1.0,-0.85,-0.44625,-0.06657963446475201,-0.06934920582579837,True,ex_post_event_outcome;not_a_trade_signal
1afd65f647fed9df,000630,2026-02-05T00:00:00,2026-02-05,1,2026-02-06,commodity_shock,negative,akshare_futures_main_sina,market_data,0.75,medium,1.0,-0.59609568325543,-0.31295023370910074,-0.011126564673157202,-0.010536598131319398,True,ex_post_event_outcome;not_a_trade_signal
1afd65f647fed9df,000630,2026-02-05T00:00:00,2026-02-05,5,2026-02-12,commodity_shock,negative,akshare_futures_main_sina,market_data,0.75,medium,1.0,-0.59609568325543,-0.31295023370910074,0.004172461752433909,-0.013195465961666545,True,ex_post_event_outcome;not_a_trade_signal
1afd65f647fed9df,000630,2026-02-05T00:00:00,2026-02-05,20,2026-03-13,commodity_shock,negative,akshare_futures_main_sina,market_data,0.75,medium,1.0,-0.59609568325543,-0.31295023370910074,-0.033379694019471495,-0.04422496108962967,True,ex_post_event_outcome;not_a_trade_signal
1e230925d760b5c1,000630,2026-02-05T00:00:00,2026-02-05,1,2026-02-06,commodity_shock,negative,akshare_futures_main_sina,market_data,0.75,medium,1.0,-0.85,-0.44625,-0.011126564673157202,-0.010536598131319398,True,ex_post_event_outcome;not_a_trade_signal
1e230925d760b5c1,000630,2026-02-05T00:00:00,2026-02-05,5,2026-02-12,commodity_shock,negative,akshare_futures_main_sina,market_data,0.75,medium,1.0,-0.85,-0.44625,0.004172461752433909,-0.013195465961666545,True,ex_post_event_outcome;not_a_trade_signal
1e230925d760b5c1,000630,2026-02-05T00:00:00,2026-02-05,20,2026-03-13,commodity_shock,negative,akshare_futures_main_sina,market_data,0.75,medium,1.0,-0.85,-0.44625,-0.033379694019471495,-0.04422496108962967,True,ex_post_event_outcome;not_a_trade_signal
ca258df5c499f921,000630,2026-02-05T00:00:00,2026-02-05,1,2026-02-06,commodity_shock,negative,akshare_futures_main_sina,market_data,0.75,medium,1.0,-0.85,-0.44625,-0.011126564673157202,-0.010536598131319398,True,ex_post_event_outcome;not_a_trade_signal
ca258df5c499f921,000630,2026-02-05T00:00:00,2026-02-05,5,2026-02-12,commodity_shock,negative,akshare_futures_main_sina,market_data,0.75,medium,1.0,-0.85,-0.44625,0.004172461752433909,-0.013195465961666545,True,ex_post_event_outcome;not_a_trade_signal
ca258df5c499f921,000630,2026-02-05T00:00:00,2026-02-05,20,2026-03-13,commodity_shock,negative,akshare_futures_main_sina,market_data,0.75,medium,1.0,-0.85,-0.44625,-0.033379694019471495,-0.04422496108962967,True,ex_post_event_outcome;not_a_trade_signal
08fb7276b1fbec73,000630,2026-02-06T00:00:00,2026-02-06,1,2026-02-09,commodity_shock,negative,akshare_futures_main_sina,market_data,0.75,medium,1.0,-0.85,-0.44625,0.01406469760900153,-0.0014835620810235827,True,ex_post_event_outcome;not_a_trade_signal
08fb7276b1fbec73,000630,2026-02-06T00:00:00,2026-02-06,5,2026-02-13,commodity_shock,negative,akshare_futures_main_sina,market_data,0.75,medium,1.0,-0.85,-0.44625,-0.008438818565400852,-0.015236588910297638,True,ex_post_event_outcome;not_a_trade_signal
08fb7276b1fbec73,000630,2026-02-06T00:00:00,2026-02-06,20,2026-03-16,commodity_shock,negative,akshare_futures_main_sina,market_data,0.75,medium,1.0,-0.85,-0.44625,-0.06469760900140653,-0.06952207309442063,True,ex_post_event_outcome;not_a_trade_signal
5c65abc39a3cca49,000630,2026-02-06T00:00:00,2026-02-06,1,2026-02-09,commodity_shock,negative,akshare_futures_main_sina,market_data,0.75,medium,1.0,-0.491122935716624,-0.2578395412512276,0.01406469760900153,-0.0014835620810235827,True,ex_post_event_outcome;not_a_trade_signal
5c65abc39a3cca49,000630,2026-02-06T00:00:00,2026-02-06,5,2026-02-13,commodity_shock,negative,akshare_futures_main_sina,market_data,0.75,medium,1.0,-0.491122935716624,-0.2578395412512276,-0.008438818565400852,-0.015236588910297638,True,ex_post_event_outcome;not_a_trade_signal
5c65abc39a3cca49,000630,2026-02-06T00:00:00,2026-02-06,20,2026-03-16,commodity_shock,negative,akshare_futures_main_sina,market_data,0.75,medium,1.0,-0.491122935716624,-0.2578395412512276,-0.06469760900140653,-0.06952207309442063,True,ex_post_event_outcome;not_a_trade_signal
4d1fd64b66505293,000630,2026-02-09T00:00:00,2026-02-09,1,2026-02-10,commodity_shock,negative,akshare_futures_main_sina,market_data,0.75,medium,1.0,-0.85,-0.44625,-0.01386962552011095,-0.014433670173808167,True,ex_post_event_outcome;not_a_trade_signal
4d1fd64b66505293,000630,2026-02-09T00:00:00,2026-02-09,5,2026-02-24,commodity_shock,negative,akshare_futures_main_sina,market_data,0.75,medium,1.0,-0.85,-0.44625,0.04160887656033285,0.03957786165903809,True,ex_post_event_outcome;not_a_trade_signal
4d1fd64b66505293,000630,2026-02-09T00:00:00,2026-02-09,20,2026-03-17,commodity_shock,negative,akshare_futures_main_sina,market_data,0.75,medium,1.0,-0.85,-0.44625,-0.0859916782246879,-0.05890858894758606,True,ex_post_event_outcome;not_a_trade_signal
99a186a1dd691957,000630,2026-02-09T00:00:00,2026-02-09,1,2026-02-10,commodity_shock,positive,akshare_futures_main_sina,market_data,0.75,medium,1.0,0.85,0.44625,-0.01386962552011095,-0.014433670173808167,True,ex_post_event_outcome;not_a_trade_signal
99a186a1dd691957,000630,2026-02-09T00:00:00,2026-02-09,5,2026-02-24,commodity_shock,positive,akshare_futures_main_sina,market_data,0.75,medium,1.0,0.85,0.44625,0.04160887656033285,0.03957786165903809,True,ex_post_event_outcome;not_a_trade_signal
99a186a1dd691957,000630,2026-02-09T00:00:00,2026-02-09,20,2026-03-17,commodity_shock,positive,akshare_futures_main_sina,market_data,0.75,medium,1.0,0.85,0.44625,-0.0859916782246879,-0.05890858894758606,True,ex_post_event_outcome;not_a_trade_signal
3d6c47dc65e409c2,000630,2026-02-10T00:00:00,2026-02-10,1,2026-02-11,commodity_shock,negative,akshare_futures_main_sina,market_data,0.75,medium,1.0,-0.43346078522801434,-0.22756691224470751,0.009845288326300938,0.011684977484498697,True,ex_post_event_outcome;not_a_trade_signal
3d6c47dc65e409c2,000630,2026-02-10T00:00:00,2026-02-10,5,2026-02-25,commodity_shock,negative,akshare_futures_main_sina,market_data,0.75,medium,1.0,-0.43346078522801434,-0.22756691224470751,0.08720112517580869,0.07191305159849226,True,ex_post_event_outcome;not_a_trade_signal
3d6c47dc65e409c2,000630,2026-02-10T00:00:00,2026-02-10,20,2026-03-18,commodity_shock,negative,akshare_futures_main_sina,market_data,0.75,medium,1.0,-0.43346078522801434,-0.22756691224470751,-0.0857946554149086,-0.06345649552278804,True,ex_post_event_outcome;not_a_trade_signal
efbe5c70e7094b35,000630,2026-02-11T00:00:00,2026-02-11,1,2026-02-12,commodity_shock,negative,akshare_futures_main_sina,market_data,0.75,medium,1.0,-0.85,-0.44625,0.005571030640668662,0.0017918530675852407,True,ex_post_event_outcome;not_a_trade_signal
efbe5c70e7094b35,000630,2026-02-11T00:00:00,2026-02-11,5,2026-02-26,commodity_shock,negative,akshare_futures_main_sina,market_data,0.75,medium,1.0,-0.85,-0.44625,0.057103064066852394,0.0399678408457768,True,ex_post_event_outcome;not_a_trade_signal
efbe5c70e7094b35,000630,2026-02-11T00:00:00,2026-02-11,20,2026-03-19,commodity_shock,negative,akshare_futures_main_sina,market_data,0.75,medium,1.0,-0.85,-0.44625,-0.15320334261838442,-0.10864146947343598,True,ex_post_event_outcome;not_a_trade_signal
fb49ea5d5d3d7114,000630,2026-02-13T00:00:00,2026-02-13,1,2026-02-24,commodity_shock,positive,akshare_futures_main_sina,market_data,0.75,medium,1.0,0.4183201234108189,0.2196180647906799,0.0652482269503547,0.05467996207526256,True,ex_post_event_outcome;not_a_trade_signal
fb49ea5d5d3d7114,000630,2026-02-13T00:00:00,2026-02-13,5,2026-03-02,commodity_shock,positive,akshare_futures_main_sina,market_data,0.75,medium,1.0,0.4183201234108189,0.2196180647906799,0.19432624113475172,0.16848793280834906,True,ex_post_event_outcome;not_a_trade_signal
fb49ea5d5d3d7114,000630,2026-02-13T00:00:00,2026-02-13,20,2026-03-23,commodity_shock,positive,akshare_futures_main_sina,market_data,0.75,medium,1.0,0.4183201234108189,0.2196180647906799,-0.20709219858156025,-0.1149469888726496,True,ex_post_event_outcome;not_a_trade_signal
7a9e2604febff2aa,000630,2026-02-24T00:00:00,2026-02-24,1,2026-02-25,commodity_shock,positive,akshare_futures_main_sina,market_data,0.75,medium,1.0,0.2911449418971266,0.15285109449599144,0.02929427430093212,0.016084985566951936,True,ex_post_event_outcome;not_a_trade_signal
7a9e2604febff2aa,000630,2026-02-24T00:00:00,2026-02-24,5,2026-03-03,commodity_shock,positive,akshare_futures_main_sina,market_data,0.75,medium,1.0,0.2911449418971266,0.15285109449599144,0.0332889480692411,0.05195491973519194,True,ex_post_event_outcome;not_a_trade_signal
7a9e2604febff2aa,000630,2026-02-24T00:00:00,2026-02-24,20,2026-03-24,commodity_shock,positive,akshare_futures_main_sina,market_data,0.75,medium,1.0,0.2911449418971266,0.15285109449599144,-0.2263648468708388,-0.14318399170502222,True,ex_post_event_outcome;not_a_trade_signal
7ebf3fcc9b10db6c,000630,2026-02-24T00:00:00,2026-02-24,1,2026-02-25,commodity_shock,positive,akshare_futures_main_sina,market_data,0.75,medium,1.0,0.85,0.44625,0.02929427430093212,0.016084985566951936,True,ex_post_event_outcome;not_a_trade_signal
7ebf3fcc9b10db6c,000630,2026-02-24T00:00:00,2026-02-24,5,2026-03-03,commodity_shock,positive,akshare_futures_main_sina,market_data,0.75,medium,1.0,0.85,0.44625,0.0332889480692411,0.05195491973519194,True,ex_post_event_outcome;not_a_trade_signal
7ebf3fcc9b10db6c,000630,2026-02-24T00:00:00,2026-02-24,20,2026-03-24,commodity_shock,positive,akshare_futures_main_sina,market_data,0.75,medium,1.0,0.85,0.44625,-0.2263648468708388,-0.14318399170502222,True,ex_post_event_outcome;not_a_trade_signal
8f4c430ea8984453,000630,2026-02-25T00:00:00,2026-02-25,1,2026-02-26,commodity_shock,positive,akshare_futures_main_sina,market_data,0.75,medium,1.0,0.85,0.44625,-0.018111254851228997,-0.017735422977358604,True,ex_post_event_outcome;not_a_trade_signal
8f4c430ea8984453,000630,2026-02-25T00:00:00,2026-02-25,5,2026-03-04,commodity_shock,positive,akshare_futures_main_sina,market_data,0.75,medium,1.0,0.85,0.44625,0.001293661060802087,0.03923919061510662,True,ex_post_event_outcome;not_a_trade_signal
8f4c430ea8984453,000630,2026-02-25T00:00:00,2026-02-25,20,2026-03-25,commodity_shock,positive,akshare_futures_main_sina,market_data,0.75,medium,1.0,0.85,0.44625,-0.23544631306597663,-0.15885348580982805,True,ex_post_event_outcome;not_a_trade_signal
8c438774314807e4,000630,2026-02-26T00:00:00,2026-02-26,1,2026-02-27,commodity_shock,positive,akshare_futures_main_sina,market_data,0.75,medium,1.0,0.6218487394957979,0.32647058823529385,0.044795783926218746,0.03777860644704509,True,ex_post_event_outcome;not_a_trade_signal
8c438774314807e4,000630,2026-02-26T00:00:00,2026-02-26,5,2026-03-05,commodity_shock,positive,akshare_futures_main_sina,market_data,0.75,medium,1.0,0.6218487394957979,0.32647058823529385,0.00922266139657446,0.03728915857524845,True,ex_post_event_outcome;not_a_trade_signal
8c438774314807e4,000630,2026-02-26T00:00:00,2026-02-26,20,2026-03-26,commodity_shock,positive,akshare_futures_main_sina,market_data,0.75,medium,1.0,0.6218487394957979,0.32647058823529385,-0.23847167325428187,-0.15108282169164527,True,ex_post_event_outcome;not_a_trade_signal
f358cbee080eebbd,000630,2026-02-27T00:00:00,2026-02-27,1,2026-03-02,commodity_shock,positive,akshare_futures_main_sina,market_data,0.75,medium,1.0,0.85,0.44625,0.06179066834804536,0.06839070578381617,True,ex_post_event_outcome;not_a_trade_signal
f358cbee080eebbd,000630,2026-02-27T00:00:00,2026-02-27,5,2026-03-06,commodity_shock,positive,akshare_futures_main_sina,market_data,0.75,medium,1.0,0.85,0.44625,-0.058007566204287486,-0.029472378990776208,True,ex_post_event_outcome;not_a_trade_signal
f358cbee080eebbd,000630,2026-02-27T00:00:00,2026-02-27,20,2026-03-27,commodity_shock,positive,akshare_futures_main_sina,market_data,0.75,medium,1.0,0.85,0.44625,-0.26103404791929385,-0.1768729219300112,True,ex_post_event_outcome;not_a_trade_signal
3c395cee090f30b5,000630,2026-03-02T00:00:00,2026-03-02,1,2026-03-03,commodity_shock,positive,akshare_futures_main_sina,market_data,0.75,medium,1.0,0.85,0.44625,-0.0783847980997624,-0.046686502082168096,True,ex_post_event_outcome;not_a_trade_signal
3c395cee090f30b5,000630,2026-03-02T00:00:00,2026-03-02,5,2026-03-09,commodity_shock,positive,akshare_futures_main_sina,market_data,0.75,medium,1.0,0.85,0.44625,-0.1353919239904987,-0.1065465813716631,True,ex_post_event_outcome;not_a_trade_signal
3c395cee090f30b5,000630,2026-03-02T00:00:00,2026-03-02,20,2026-03-30,commodity_shock,positive,akshare_futures_main_sina,market_data,0.75,medium,1.0,0.85,0.44625,-0.29691211401425166,-0.219288459683039,True,ex_post_event_outcome;not_a_trade_signal
d73c84e9e13eea14,000630,2026-03-02T00:00:00,2026-03-02,1,2026-03-03,commodity_shock,positive,akshare_futures_main_sina,market_data,0.75,medium,1.0,0.6278353301504378,0.3296135483289798,-0.0783847980997624,-0.046686502082168096,True,ex_post_event_outcome;not_a_trade_signal
d73c84e9e13eea14,000630,2026-03-02T00:00:00,2026-03-02,5,2026-03-09,commodity_shock,positive,akshare_futures_main_sina,market_data,0.75,medium,1.0,0.6278353301504378,0.3296135483289798,-0.1353919239904987,-0.1065465813716631,True,ex_post_event_outcome;not_a_trade_signal
d73c84e9e13eea14,000630,2026-03-02T00:00:00,2026-03-02,20,2026-03-30,commodity_shock,positive,akshare_futures_main_sina,market_data,0.75,medium,1.0,0.6278353301504378,0.3296135483289798,-0.29691211401425166,-0.219288459683039,True,ex_post_event_outcome;not_a_trade_signal
6ae0765a095cd304,000630,2026-03-03T00:00:00,2026-03-03,1,2026-03-04,commodity_shock,negative,akshare_futures_main_sina,market_data,0.75,medium,1.0,-0.85,-0.44625,-0.002577319587628857,0.004013090652916771,True,ex_post_event_outcome;not_a_trade_signal
6ae0765a095cd304,000630,2026-03-03T00:00:00,2026-03-03,5,2026-03-10,commodity_shock,negative,akshare_futures_main_sina,market_data,0.75,medium,1.0,-0.85,-0.44625,-0.05670103092783496,-0.07486834256274988,True,ex_post_event_outcome;not_a_trade_signal
6ae0765a095cd304,000630,2026-03-03T00:00:00,2026-03-03,20,2026-03-31,commodity_shock,negative,akshare_futures_main_sina,market_data,0.75,medium,1.0,-0.85,-0.44625,-0.25128865979381443,-0.18899609204657836,True,ex_post_event_outcome;not_a_trade_signal
67f3e0ab7e1c5952,000630,2026-03-04T00:00:00,2026-03-04,1,2026-03-05,commodity_shock,negative,akshare_futures_main_sina,market_data,0.75,medium,1.0,-0.5040600981371313,-0.2646315515219939,-0.010335917312661369,-0.020611710886188142,True,ex_post_event_outcome;not_a_trade_signal
67f3e0ab7e1c5952,000630,2026-03-04T00:00:00,2026-03-04,5,2026-03-11,commodity_shock,negative,akshare_futures_main_sina,market_data,0.75,medium,1.0,-0.5040600981371313,-0.2646315515219939,-0.06718346253229968,-0.0964999204119563,True,ex_post_event_outcome;not_a_trade_signal
67f3e0ab7e1c5952,000630,2026-03-04T00:00:00,2026-03-04,20,2026-04-01,commodity_shock,negative,akshare_futures_main_sina,market_data,0.75,medium,1.0,-0.5040600981371313,-0.2646315515219939,-0.227390180878553,-0.1864232418364211,True,ex_post_event_outcome;not_a_trade_signal
181984dc5bb6b878,000630,2026-03-06T00:00:00,2026-03-06,1,2026-03-09,commodity_shock,negative,akshare_futures_main_sina,market_data,0.75,medium,1.0,-0.5164429384421565,-0.27113254268213216,-0.025435073627844806,-0.018081672110542582,True,ex_post_event_outcome;not_a_trade_signal
181984dc5bb6b878,000630,2026-03-06T00:00:00,2026-03-06,5,2026-03-13,commodity_shock,negative,akshare_futures_main_sina,market_data,0.75,medium,1.0,-0.5164429384421565,-0.27113254268213216,-0.06961178045515393,-0.0709891327288894,True,ex_post_event_outcome;not_a_trade_signal
181984dc5bb6b878,000630,2026-03-06T00:00:00,2026-03-06,20,2026-04-03,commodity_shock,negative,akshare_futures_main_sina,market_data,0.75,medium,1.0,-0.5164429384421565,-0.27113254268213216,-0.23025435073627853,-0.14184290579522052,True,ex_post_event_outcome;not_a_trade_signal
224e0b9d195834d3,000630,2026-03-09T00:00:00,2026-03-09,1,2026-03-10,commodity_shock,negative,akshare_futures_main_sina,market_data,0.75,medium,1.0,-0.85,-0.44625,0.005494505494505475,-0.009732838894631937,True,ex_post_event_outcome;not_a_trade_signal
224e0b9d195834d3,000630,2026-03-09T00:00:00,2026-03-09,5,2026-03-16,commodity_shock,negative,akshare_futures_main_sina,market_data,0.75,medium,1.0,-0.85,-0.44625,-0.08653846153846145,-0.08979373567344201,True,ex_post_event_outcome;not_a_trade_signal
224e0b9d195834d3,000630,2026-03-09T00:00:00,2026-03-09,20,2026-04-07,commodity_shock,negative,akshare_futures_main_sina,market_data,0.75,medium,1.0,-0.85,-0.44625,-0.2005494505494505,-0.12451698917700961,True,ex_post_event_outcome;not_a_trade_signal
f926a3b968d1ea86,000630,2026-03-10T00:00:00,2026-03-10,1,2026-03-11,commodity_shock,positive,akshare_futures_main_sina,market_data,0.75,medium,1.0,0.44962175708915453,0.2360514224718061,-0.013661202185792365,-0.017800192671706554,True,ex_post_event_outcome;not_a_trade_signal
f926a3b968d1ea86,000630,2026-03-10T00:00:00,2026-03-10,5,2026-03-17,commodity_shock,positive,akshare_futures_main_sina,market_data,0.75,medium,1.0,0.44962175708915453,0.2360514224718061,-0.0997267759562841,-0.071844140453074,True,ex_post_event_outcome;not_a_trade_signal
f926a3b968d1ea86,000630,2026-03-10T00:00:00,2026-03-10,20,2026-04-08,commodity_shock,positive,akshare_futures_main_sina,market_data,0.75,medium,1.0,0.44962175708915453,0.2360514224718061,-0.15437158469945356,-0.1023430651913067,True,ex_post_event_outcome;not_a_trade_signal
40afee356f8c060c,000630,2026-03-13T00:00:00,2026-03-13,1,2026-03-16,commodity_shock,negative,akshare_futures_main_sina,market_data,0.75,medium,1.0,-0.4130178587616715,-0.21683437584987753,-0.043165467625899345,-0.0381276357376078,True,ex_post_event_outcome;not_a_trade_signal
40afee356f8c060c,000630,2026-03-13T00:00:00,2026-03-13,5,2026-03-20,commodity_shock,negative,akshare_futures_main_sina,market_data,0.75,medium,1.0,-0.4130178587616715,-0.21683437584987753,-0.14244604316546772,-0.08871373237216948,True,ex_post_event_outcome;not_a_trade_signal
40afee356f8c060c,000630,2026-03-13T00:00:00,2026-03-13,20,2026-04-13,commodity_shock,negative,akshare_futures_main_sina,market_data,0.75,medium,1.0,-0.4130178587616715,-0.21683437584987753,-0.10359712230215834,-0.06990650791635536,True,ex_post_event_outcome;not_a_trade_signal
7b446b4f0b4714d1,000630,2026-03-16T00:00:00,2026-03-16,1,2026-03-17,commodity_shock,negative,akshare_futures_main_sina,market_data,0.75,medium,1.0,-0.4626166055599388,-0.24287371791896784,-0.009022556390977376,0.007365884250542139,True,ex_post_event_outcome;not_a_trade_signal
7b446b4f0b4714d1,000630,2026-03-16T00:00:00,2026-03-16,5,2026-03-23,commodity_shock,negative,akshare_futures_main_sina,market_data,0.75,medium,1.0,-0.4626166055599388,-0.24287371791896784,-0.15939849624060154,-0.06729435512318872,True,ex_post_event_outcome;not_a_trade_signal
7b446b4f0b4714d1,000630,2026-03-16T00:00:00,2026-03-16,20,2026-04-14,commodity_shock,negative,akshare_futures_main_sina,market_data,0.75,medium,1.0,-0.4626166055599388,-0.24287371791896784,-0.046616541353383556,-0.030289101400835596,True,ex_post_event_outcome;not_a_trade_signal
425b0ac1db3ebeba,000630,2026-03-17T00:00:00,2026-03-17,1,2026-03-18,commodity_shock,negative,akshare_futures_main_sina,market_data,0.75,medium,1.0,-0.85,-0.44625,-0.01365705614567525,-0.018328529612072434,True,ex_post_event_outcome;not_a_trade_signal
425b0ac1db3ebeba,000630,2026-03-17T00:00:00,2026-03-17,5,2026-03-24,commodity_shock,negative,akshare_futures_main_sina,market_data,0.75,medium,1.0,-0.85,-0.44625,-0.11836115326251906,-0.061308917518567436,True,ex_post_event_outcome;not_a_trade_signal
425b0ac1db3ebeba,000630,2026-03-17T00:00:00,2026-03-17,20,2026-04-15,commodity_shock,negative,akshare_futures_main_sina,market_data,0.75,medium,1.0,-0.85,-0.44625,-0.04855842185128989,-0.041329678862987454,True,ex_post_event_outcome;not_a_trade_signal
0f261197cf6f190f,000630,2026-03-18T00:00:00,2026-03-18,1,2026-03-19,commodity_shock,negative,akshare_futures_main_sina,market_data,0.75,medium,1.0,-0.8181164629762758,-0.4295111430625448,-0.06461538461538463,-0.03921739940612091,True,ex_post_event_outcome;not_a_trade_signal
0f261197cf6f190f,000630,2026-03-18T00:00:00,2026-03-18,5,2026-03-25,commodity_shock,negative,akshare_futures_main_sina,market_data,0.75,medium,1.0,-0.8181164629762758,-0.4295111430625448,-0.09076923076923082,-0.0484070592877371,True,ex_post_event_outcome;not_a_trade_signal
0f261197cf6f190f,000630,2026-03-18T00:00:00,2026-03-18,20,2026-04-16,commodity_shock,negative,akshare_futures_main_sina,market_data,0.75,medium,1.0,-0.8181164629762758,-0.4295111430625448,-0.027692307692307794,-0.029817285436018012,True,ex_post_event_outcome;not_a_trade_signal
0d311bc8e0f7f5e6,000630,2026-03-19T00:00:00,2026-03-19,1,2026-03-20,commodity_shock,negative,akshare_futures_main_sina,market_data,0.75,medium,1.0,-0.85,-0.44625,-0.019736842105263164,-0.007174391923394993,True,ex_post_event_outcome;not_a_trade_signal
0d311bc8e0f7f5e6,000630,2026-03-19T00:00:00,2026-03-19,5,2026-03-26,commodity_shock,negative,akshare_futures_main_sina,market_data,0.75,medium,1.0,-0.85,-0.44625,-0.049342105263157854,-0.02078619759911285,True,ex_post_event_outcome;not_a_trade_signal
0d311bc8e0f7f5e6,000630,2026-03-19T00:00:00,2026-03-19,20,2026-04-17,commodity_shock,negative,akshare_futures_main_sina,market_data,0.75,medium,1.0,-0.85,-0.44625,0.05756578947368429,0.027545469320692705,True,ex_post_event_outcome;not_a_trade_signal
b80ee5729da180e9,000630,2026-03-19T00:00:00,2026-03-19,1,2026-03-20,commodity_shock,negative,akshare_futures_main_sina,market_data,0.75,medium,1.0,-0.5992774767264137,-0.31462067528136717,-0.019736842105263164,-0.007174391923394993,True,ex_post_event_outcome;not_a_trade_signal
b80ee5729da180e9,000630,2026-03-19T00:00:00,2026-03-19,5,2026-03-26,commodity_shock,negative,akshare_futures_main_sina,market_data,0.75,medium,1.0,-0.5992774767264137,-0.31462067528136717,-0.049342105263157854,-0.02078619759911285,True,ex_post_event_outcome;not_a_trade_signal
b80ee5729da180e9,000630,2026-03-19T00:00:00,2026-03-19,20,2026-04-17,commodity_shock,negative,akshare_futures_main_sina,market_data,0.75,medium,1.0,-0.5992774767264137,-0.31462067528136717,0.05756578947368429,0.027545469320692705,True,ex_post_event_outcome;not_a_trade_signal
da6de5c2140e3e4c,000630,2026-03-19T00:00:00,2026-03-19,1,2026-03-20,commodity_shock,negative,akshare_futures_main_sina,market_data,0.75,medium,1.0,-0.5219285219285217,-0.27401247401247386,-0.019736842105263164,-0.007174391923394993,True,ex_post_event_outcome;not_a_trade_signal
da6de5c2140e3e4c,000630,2026-03-19T00:00:00,2026-03-19,5,2026-03-26,commodity_shock,negative,akshare_futures_main_sina,market_data,0.75,medium,1.0,-0.5219285219285217,-0.27401247401247386,-0.049342105263157854,-0.02078619759911285,True,ex_post_event_outcome;not_a_trade_signal
da6de5c2140e3e4c,000630,2026-03-19T00:00:00,2026-03-19,20,2026-04-17,commodity_shock,negative,akshare_futures_main_sina,market_data,0.75,medium,1.0,-0.5219285219285217,-0.27401247401247386,0.05756578947368429,0.027545469320692705,True,ex_post_event_outcome;not_a_trade_signal
608341e922211cc8,000630,2026-03-20T00:00:00,2026-03-20,1,2026-03-23,commodity_shock,negative,akshare_futures_main_sina,market_data,0.75,medium,1.0,-0.85,-0.44625,-0.062080536912751616,-0.01675722110871411,True,ex_post_event_outcome;not_a_trade_signal
608341e922211cc8,000630,2026-03-20T00:00:00,2026-03-20,5,2026-03-27,commodity_shock,negative,akshare_futures_main_sina,market_data,0.75,medium,1.0,-0.85,-0.44625,-0.016778523489932917,-0.010820411511814981,True,ex_post_event_outcome;not_a_trade_signal
608341e922211cc8,000630,2026-03-20T00:00:00,2026-03-20,20,2026-04-20,commodity_shock,negative,akshare_futures_main_sina,market_data,0.75,medium,1.0,-0.85,-0.44625,0.09395973154362425,0.04034514240052098,True,ex_post_event_outcome;not_a_trade_signal
ae9900ee7f075246,000630,2026-03-20T00:00:00,2026-03-20,1,2026-03-23,commodity_shock,negative,akshare_futures_main_sina,market_data,0.75,medium,1.0,-0.6611849634650948,-0.34712210581917474,-0.062080536912751616,-0.01675722110871411,True,ex_post_event_outcome;not_a_trade_signal
ae9900ee7f075246,000630,2026-03-20T00:00:00,2026-03-20,5,2026-03-27,commodity_shock,negative,akshare_futures_main_sina,market_data,0.75,medium,1.0,-0.6611849634650948,-0.34712210581917474,-0.016778523489932917,-0.010820411511814981,True,ex_post_event_outcome;not_a_trade_signal
ae9900ee7f075246,000630,2026-03-20T00:00:00,2026-03-20,20,2026-04-20,commodity_shock,negative,akshare_futures_main_sina,market_data,0.75,medium,1.0,-0.6611849634650948,-0.34712210581917474,0.09395973154362425,0.04034514240052098,True,ex_post_event_outcome;not_a_trade_signal
d36dd00985633e87,000630,2026-03-20T00:00:00,2026-03-20,1,2026-03-23,commodity_shock,negative,akshare_futures_main_sina,market_data,0.75,medium,1.0,-0.4442229089821552,-0.23321702721563148,-0.062080536912751616,-0.01675722110871411,True,ex_post_event_outcome;not_a_trade_signal
d36dd00985633e87,000630,2026-03-20T00:00:00,2026-03-20,5,2026-03-27,commodity_shock,negative,akshare_futures_main_sina,market_data,0.75,medium,1.0,-0.4442229089821552,-0.23321702721563148,-0.016778523489932917,-0.010820411511814981,True,ex_post_event_outcome;not_a_trade_signal
d36dd00985633e87,000630,2026-03-20T00:00:00,2026-03-20,20,2026-04-20,commodity_shock,negative,akshare_futures_main_sina,market_data,0.75,medium,1.0,-0.4442229089821552,-0.23321702721563148,0.09395973154362425,0.04034514240052098,True,ex_post_event_outcome;not_a_trade_signal
13a83586bb5378ef,000630,2026-03-23T00:00:00,2026-03-23,1,2026-03-24,commodity_shock,negative,akshare_futures_main_sina,market_data,0.75,medium,1.0,-0.85,-0.44625,0.03935599284436497,0.01781653048281747,True,ex_post_event_outcome;not_a_trade_signal
13a83586bb5378ef,000630,2026-03-23T00:00:00,2026-03-23,5,2026-03-30,commodity_shock,negative,akshare_futures_main_sina,market_data,0.75,medium,1.0,-0.85,-0.44625,0.05903398926654746,0.01779908996545823,True,ex_post_event_outcome;not_a_trade_signal
13a83586bb5378ef,000630,2026-03-23T00:00:00,2026-03-23,20,2026-04-21,commodity_shock,negative,akshare_futures_main_sina,market_data,0.75,medium,1.0,-0.85,-0.44625,0.15384615384615374,0.05192848814060087,True,ex_post_event_outcome;not_a_trade_signal
a8971f9e8f0a8227,000630,2026-03-23T00:00:00,2026-03-23,1,2026-03-24,commodity_shock,negative,akshare_futures_main_sina,market_data,0.75,medium,1.0,-0.85,-0.44625,0.03935599284436497,0.01781653048281747,True,ex_post_event_outcome;not_a_trade_signal
a8971f9e8f0a8227,000630,2026-03-23T00:00:00,2026-03-23,5,2026-03-30,commodity_shock,negative,akshare_futures_main_sina,market_data,0.75,medium,1.0,-0.85,-0.44625,0.05903398926654746,0.01779908996545823,True,ex_post_event_outcome;not_a_trade_signal
a8971f9e8f0a8227,000630,2026-03-23T00:00:00,2026-03-23,20,2026-04-21,commodity_shock,negative,akshare_futures_main_sina,market_data,0.75,medium,1.0,-0.85,-0.44625,0.15384615384615374,0.05192848814060087,True,ex_post_event_outcome;not_a_trade_signal
d69df4bd08bf776c,000630,2026-03-23T00:00:00,2026-03-23,1,2026-03-24,commodity_shock,negative,akshare_futures_main_sina,market_data,0.75,medium,1.0,-0.6113116726835139,-0.3209386281588448,0.03935599284436497,0.01781653048281747,True,ex_post_event_outcome;not_a_trade_signal
d69df4bd08bf776c,000630,2026-03-23T00:00:00,2026-03-23,5,2026-03-30,commodity_shock,negative,akshare_futures_main_sina,market_data,0.75,medium,1.0,-0.6113116726835139,-0.3209386281588448,0.05903398926654746,0.01779908996545823,True,ex_post_event_outcome;not_a_trade_signal
d69df4bd08bf776c,000630,2026-03-23T00:00:00,2026-03-23,20,2026-04-21,commodity_shock,negative,akshare_futures_main_sina,market_data,0.75,medium,1.0,-0.6113116726835139,-0.3209386281588448,0.15384615384615374,0.05192848814060087,True,ex_post_event_outcome;not_a_trade_signal
1d46638ac2ee7173,000630,2026-03-24T00:00:00,2026-03-24,1,2026-03-25,commodity_shock,negative,akshare_futures_main_sina,market_data,0.75,medium,1.0,-0.85,-0.44625,0.01721170395869187,-0.00306230912095342,True,ex_post_event_outcome;not_a_trade_signal
1d46638ac2ee7173,000630,2026-03-24T00:00:00,2026-03-24,5,2026-03-31,commodity_shock,negative,akshare_futures_main_sina,market_data,0.75,medium,1.0,-0.85,-0.44625,0.0,-0.0049083356703267765,True,ex_post_event_outcome;not_a_trade_signal
1d46638ac2ee7173,000630,2026-03-24T00:00:00,2026-03-24,20,2026-04-22,commodity_shock,negative,akshare_futures_main_sina,market_data,0.75,medium,1.0,-0.85,-0.44625,0.12392426850258165,0.039267109115735596,True,ex_post_event_outcome;not_a_trade_signal
94d0f6421fdc8acf,000630,2026-03-24T00:00:00,2026-03-24,1,2026-03-25,commodity_shock,negative,akshare_futures_main_sina,market_data,0.75,medium,1.0,-0.85,-0.44625,0.01721170395869187,-0.00306230912095342,True,ex_post_event_outcome;not_a_trade_signal
94d0f6421fdc8acf,000630,2026-03-24T00:00:00,2026-03-24,5,2026-03-31,commodity_shock,negative,akshare_futures_main_sina,market_data,0.75,medium,1.0,-0.85,-0.44625,0.0,-0.0049083356703267765,True,ex_post_event_outcome;not_a_trade_signal
94d0f6421fdc8acf,000630,2026-03-24T00:00:00,2026-03-24,20,2026-04-22,commodity_shock,negative,akshare_futures_main_sina,market_data,0.75,medium,1.0,-0.85,-0.44625,0.12392426850258165,0.039267109115735596,True,ex_post_event_outcome;not_a_trade_signal
918beee85aabea79,000630,2026-03-25T00:00:00,2026-03-25,1,2026-03-26,commodity_shock,negative,akshare_futures_main_sina,market_data,0.75,medium,1.0,-0.7364160607471613,-0.38661843189225964,-0.021996615905245376,-0.010176278359600985,True,ex_post_event_outcome;not_a_trade_signal
918beee85aabea79,000630,2026-03-25T00:00:00,2026-03-25,5,2026-04-01,commodity_shock,negative,akshare_futures_main_sina,market_data,0.75,medium,1.0,-0.7364160607471613,-0.38661843189225964,0.011844331641285955,0.010623133750030433,True,ex_post_event_outcome;not_a_trade_signal
918beee85aabea79,000630,2026-03-25T00:00:00,2026-03-25,20,2026-04-23,commodity_shock,negative,akshare_futures_main_sina,market_data,0.75,medium,1.0,-0.7364160607471613,-0.38661843189225964,0.0659898477157359,0.013240370623408243,True,ex_post_event_outcome;not_a_trade_signal
f0dc1215e406c30f,000630,2026-03-25T00:00:00,2026-03-25,1,2026-03-26,commodity_shock,negative,akshare_futures_main_sina,market_data,0.75,medium,1.0,-0.7483483483483484,-0.39288288288288287,-0.021996615905245376,-0.010176278359600985,True,ex_post_event_outcome;not_a_trade_signal
f0dc1215e406c30f,000630,2026-03-25T00:00:00,2026-03-25,5,2026-04-01,commodity_shock,negative,akshare_futures_main_sina,market_data,0.75,medium,1.0,-0.7483483483483484,-0.39288288288288287,0.011844331641285955,0.010623133750030433,True,ex_post_event_outcome;not_a_trade_signal
f0dc1215e406c30f,000630,2026-03-25T00:00:00,2026-03-25,20,2026-04-23,commodity_shock,negative,akshare_futures_main_sina,market_data,0.75,medium,1.0,-0.7483483483483484,-0.39288288288288287,0.0659898477157359,0.013240370623408243,True,ex_post_event_outcome;not_a_trade_signal
831d91ec0f771248,000630,2026-03-26T00:00:00,2026-03-26,1,2026-03-27,commodity_shock,negative,akshare_futures_main_sina,market_data,0.75,medium,1.0,-0.5202861273304169,-0.27315021684846885,0.01384083044982698,0.003191166850517969,True,ex_post_event_outcome;not_a_trade_signal
831d91ec0f771248,000630,2026-03-26T00:00:00,2026-03-26,5,2026-04-02,commodity_shock,negative,akshare_futures_main_sina,market_data,0.75,medium,1.0,-0.5202861273304169,-0.27315021684846885,0.00865051903114189,0.011718485198064099,True,ex_post_event_outcome;not_a_trade_signal
831d91ec0f771248,000630,2026-03-26T00:00:00,2026-03-26,20,2026-04-24,commodity_shock,negative,akshare_futures_main_sina,market_data,0.75,medium,1.0,-0.5202861273304169,-0.27315021684846885,0.08823529411764697,0.02623499623443127,True,ex_post_event_outcome;not_a_trade_signal
b0b7840ca700a065,000630,2026-03-26T00:00:00,2026-03-26,1,2026-03-27,commodity_shock,negative,akshare_futures_main_sina,market_data,0.75,medium,1.0,-0.28225940036441965,-0.14818618519132032,0.01384083044982698,0.003191166850517969,True,ex_post_event_outcome;not_a_trade_signal
b0b7840ca700a065,000630,2026-03-26T00:00:00,2026-03-26,5,2026-04-02,commodity_shock,negative,akshare_futures_main_sina,market_data,0.75,medium,1.0,-0.28225940036441965,-0.14818618519132032,0.00865051903114189,0.011718485198064099,True,ex_post_event_outcome;not_a_trade_signal
b0b7840ca700a065,000630,2026-03-26T00:00:00,2026-03-26,20,2026-04-24,commodity_shock,negative,akshare_futures_main_sina,market_data,0.75,medium,1.0,-0.28225940036441965,-0.14818618519132032,0.08823529411764697,0.02623499623443127,True,ex_post_event_outcome;not_a_trade_signal
54c9a329b71b5b14,000630,2026-03-30T00:00:00,2026-03-30,1,2026-03-31,commodity_shock,positive,akshare_futures_main_sina,market_data,0.75,medium,1.0,0.85,0.44625,-0.01858108108108114,-0.004649504433713722,True,ex_post_event_outcome;not_a_trade_signal
54c9a329b71b5b14,000630,2026-03-30T00:00:00,2026-03-30,5,2026-04-07,commodity_shock,positive,akshare_futures_main_sina,market_data,0.75,medium,1.0,0.85,0.44625,-0.016891891891891886,0.008343186036084967,True,ex_post_event_outcome;not_a_trade_signal
54c9a329b71b5b14,000630,2026-03-30T00:00:00,2026-03-30,20,2026-04-28,commodity_shock,positive,akshare_futures_main_sina,market_data,0.75,medium,1.0,0.85,0.44625,0.05405405405405417,0.012200381028446679,True,ex_post_event_outcome;not_a_trade_signal
6cc6bb506e9ce470,000630,2026-03-30T00:00:00,2026-03-30,1,2026-03-31,commodity_shock,positive,akshare_futures_main_sina,market_data,0.75,medium,1.0,0.611624946966483,0.32110309715740354,-0.01858108108108114,-0.004649504433713722,True,ex_post_event_outcome;not_a_trade_signal
6cc6bb506e9ce470,000630,2026-03-30T00:00:00,2026-03-30,5,2026-04-07,commodity_shock,positive,akshare_futures_main_sina,market_data,0.75,medium,1.0,0.611624946966483,0.32110309715740354,-0.016891891891891886,0.008343186036084967,True,ex_post_event_outcome;not_a_trade_signal
6cc6bb506e9ce470,000630,2026-03-30T00:00:00,2026-03-30,20,2026-04-28,commodity_shock,positive,akshare_futures_main_sina,market_data,0.75,medium,1.0,0.611624946966483,0.32110309715740354,0.05405405405405417,0.012200381028446679,True,ex_post_event_outcome;not_a_trade_signal
82c6478892ef7956,000630,2026-03-31T00:00:00,2026-03-31,1,2026-04-01,commodity_shock,positive,akshare_futures_main_sina,market_data,0.75,medium,1.0,0.48744512730465317,0.2559086918349429,0.029259896729776136,0.012404441550829148,True,ex_post_event_outcome;not_a_trade_signal
82c6478892ef7956,000630,2026-03-31T00:00:00,2026-03-31,5,2026-04-08,commodity_shock,positive,akshare_futures_main_sina,market_data,0.75,medium,1.0,0.48744512730465317,0.2559086918349429,0.06540447504302915,0.03456246704221924,True,ex_post_event_outcome;not_a_trade_signal
82c6478892ef7956,000630,2026-03-31T00:00:00,2026-03-31,20,2026-04-29,commodity_shock,positive,akshare_futures_main_sina,market_data,0.75,medium,1.0,0.48744512730465317,0.2559086918349429,0.0895008605851979,0.01610243521086252,True,ex_post_event_outcome;not_a_trade_signal
4672c4d725635ed3,000630,2026-04-01T00:00:00,2026-04-01,1,2026-04-02,commodity_shock,positive,akshare_futures_main_sina,market_data,0.75,medium,1.0,0.3564684445916839,0.18714593341063404,-0.025083612040133763,-0.008831501307962938,True,ex_post_event_outcome;not_a_trade_signal
4672c4d725635ed3,000630,2026-04-01T00:00:00,2026-04-01,5,2026-04-09,commodity_shock,positive,akshare_futures_main_sina,market_data,0.75,medium,1.0,0.3564684445916839,0.18714593341063404,0.02006688963210701,0.013261969320495141,True,ex_post_event_outcome;not_a_trade_signal
4672c4d725635ed3,000630,2026-04-01T00:00:00,2026-04-01,20,2026-04-30,commodity_shock,positive,akshare_futures_main_sina,market_data,0.75,medium,1.0,0.3564684445916839,0.18714593341063404,0.028428093645485042,-0.02505538188789002,True,ex_post_event_outcome;not_a_trade_signal
70409f452de00898,000630,2026-04-01T00:00:00,2026-04-01,1,2026-04-02,commodity_shock,positive,akshare_futures_main_sina,market_data,0.75,medium,1.0,0.30944021460412685,0.16245611266716659,-0.025083612040133763,-0.008831501307962938,True,ex_post_event_outcome;not_a_trade_signal
70409f452de00898,000630,2026-04-01T00:00:00,2026-04-01,5,2026-04-09,commodity_shock,positive,akshare_futures_main_sina,market_data,0.75,medium,1.0,0.30944021460412685,0.16245611266716659,0.02006688963210701,0.013261969320495141,True,ex_post_event_outcome;not_a_trade_signal
70409f452de00898,000630,2026-04-01T00:00:00,2026-04-01,20,2026-04-30,commodity_shock,positive,akshare_futures_main_sina,market_data,0.75,medium,1.0,0.30944021460412685,0.16245611266716659,0.028428093645485042,-0.02505538188789002,True,ex_post_event_outcome;not_a_trade_signal
4ef997fb0f87ec01,000630,2026-04-02T00:00:00,2026-04-02,1,2026-04-03,commodity_shock,negative,akshare_futures_main_sina,market_data,0.75,medium,1.0,-0.5484723543714978,-0.2879479860450363,-0.013722126929674117,0.00420631883709624,True,ex_post_event_outcome;not_a_trade_signal
4ef997fb0f87ec01,000630,2026-04-02T00:00:00,2026-04-02,5,2026-04-10,commodity_shock,negative,akshare_futures_main_sina,market_data,0.75,medium,1.0,-0.5484723543714978,-0.2879479860450363,0.04459691252144071,0.006646455315943524,True,ex_post_event_outcome;not_a_trade_signal
4ef997fb0f87ec01,000630,2026-04-02T00:00:00,2026-04-02,20,2026-05-06,commodity_shock,negative,akshare_futures_main_sina,market_data,0.75,medium,1.0,-0.5484723543714978,-0.2879479860450363,0.1149228130360207,0.023284238864618445,True,ex_post_event_outcome;not_a_trade_signal
8624d6d3c7d8bc7c,000630,2026-04-08T00:00:00,2026-04-08,1,2026-04-09,commodity_shock,positive,akshare_futures_main_sina,market_data,0.75,medium,1.0,0.4824659370113924,0.253294616930981,-0.014539579967689842,-0.007400219610463518,True,ex_post_event_outcome;not_a_trade_signal
8624d6d3c7d8bc7c,000630,2026-04-08T00:00:00,2026-04-08,5,2026-04-15,commodity_shock,positive,akshare_futures_main_sina,market_data,0.75,medium,1.0,0.4824659370113924,0.253294616930981,0.01292407108239102,-0.00428995568199746,True,ex_post_event_outcome;not_a_trade_signal
8624d6d3c7d8bc7c,000630,2026-04-08T00:00:00,2026-04-08,20,2026-05-11,commodity_shock,positive,akshare_futures_main_sina,market_data,0.75,medium,1.0,0.4824659370113924,0.253294616930981,0.11147011308562194,0.029960847309122865,True,ex_post_event_outcome;not_a_trade_signal
ff719b51c057eda2,000630,2026-04-09T00:00:00,2026-04-09,1,2026-04-10,commodity_shock,negative,akshare_futures_main_sina,market_data,0.75,medium,1.0,-0.3214661891721091,-0.16876974931535726,-0.0016393442622950616,-0.015385754328302496,True,ex_post_event_outcome;not_a_trade_signal
ff719b51c057eda2,000630,2026-04-09T00:00:00,2026-04-09,5,2026-04-16,commodity_shock,negative,akshare_futures_main_sina,market_data,0.75,medium,1.0,-0.3214661891721091,-0.16876974931535726,0.0360655737704918,-0.002293954144394636,True,ex_post_event_outcome;not_a_trade_signal
ff719b51c057eda2,000630,2026-04-09T00:00:00,2026-04-09,20,2026-05-12,commodity_shock,negative,akshare_futures_main_sina,market_data,0.75,medium,1.0,-0.3214661891721091,-0.16876974931535726,0.12950819672131164,0.051656101398511206,True,ex_post_event_outcome;not_a_trade_signal
e7e883a2feb93213,000630,2026-04-10T00:00:00,2026-04-10,1,2026-04-13,commodity_shock,positive,akshare_futures_main_sina,market_data,0.75,medium,1.0,0.4367516032007259,0.22929459168038108,0.02298850574712641,0.017728963036611634,True,ex_post_event_outcome;not_a_trade_signal
e7e883a2feb93213,000630,2026-04-10T00:00:00,2026-04-10,5,2026-04-17,commodity_shock,positive,akshare_futures_main_sina,market_data,0.75,medium,1.0,0.4367516032007259,0.22929459168038108,0.05582922824302128,0.030899745643595926,True,ex_post_event_outcome;not_a_trade_signal
e7e883a2feb93213,000630,2026-04-10T00:00:00,2026-04-10,20,2026-05-13,commodity_shock,positive,akshare_futures_main_sina,market_data,0.75,medium,1.0,0.4367516032007259,0.22929459168038108,0.1461412151067325,0.07205101559580482,True,ex_post_event_outcome;not_a_trade_signal
2cec3d29a9470c0d,000630,2026-04-14T00:00:00,2026-04-14,1,2026-04-15,commodity_shock,positive,akshare_futures_main_sina,market_data,0.75,medium,1.0,0.5816394907303994,0.3053607326334597,-0.011041009463722329,-0.003773920437709295,True,ex_post_event_outcome;not_a_trade_signal
2cec3d29a9470c0d,000630,2026-04-14T00:00:00,2026-04-14,5,2026-04-21,commodity_shock,positive,akshare_futures_main_sina,market_data,0.75,medium,1.0,0.5816394907303994,0.3053607326334597,0.01735015772870674,0.0023480552252066536,True,ex_post_event_outcome;not_a_trade_signal
2cec3d29a9470c0d,000630,2026-04-14T00:00:00,2026-04-14,20,2026-05-15,commodity_shock,positive,akshare_futures_main_sina,market_data,0.75,medium,1.0,0.5816394907303994,0.3053607326334597,-0.018927444794952675,-0.03579714626020584,True,ex_post_event_outcome;not_a_trade_signal
28136dcbd54392a7,000630,2026-04-16T00:00:00,2026-04-16,1,2026-04-17,commodity_shock,positive,akshare_futures_main_sina,market_data,0.75,medium,1.0,0.7462277091906717,0.3917695473251026,0.017405063291139333,0.016844325838941566,True,ex_post_event_outcome;not_a_trade_signal
28136dcbd54392a7,000630,2026-04-16T00:00:00,2026-04-16,5,2026-04-23,commodity_shock,positive,akshare_futures_main_sina,market_data,0.75,medium,1.0,0.7462277091906717,0.3917695473251026,-0.0031645569620253333,-0.007914913589103536,True,ex_post_event_outcome;not_a_trade_signal
28136dcbd54392a7,000630,2026-04-16T00:00:00,2026-04-16,20,2026-05-19,commodity_shock,positive,akshare_futures_main_sina,market_data,0.75,medium,1.0,0.7462277091906717,0.3917695473251026,-0.04746835443037967,-0.06546633941348923,True,ex_post_event_outcome;not_a_trade_signal
0460d008c0e4c453,000630,2026-04-20T00:00:00,2026-04-20,1,2026-04-21,general_news,neutral,cninfo_disclosure,official_disclosure,0.95,high,1.0,0.0,0.0,-0.010736196319018454,-0.008669411782800559,True,ex_post_event_outcome;not_a_trade_signal
0460d008c0e4c453,000630,2026-04-20T00:00:00,2026-04-20,5,2026-04-27,general_news,neutral,cninfo_disclosure,official_disclosure,0.95,high,1.0,0.0,0.0,-0.03527607361963192,-0.030598121470582513,True,ex_post_event_outcome;not_a_trade_signal
0460d008c0e4c453,000630,2026-04-20T00:00:00,2026-04-20,20,2026-05-21,general_news,neutral,cninfo_disclosure,official_disclosure,0.95,high,1.0,0.0,0.0,-0.11349693251533743,-0.0917105432771768,True,ex_post_event_outcome;not_a_trade_signal
0800eef098eeafba,000630,2026-04-20T00:00:00,2026-04-20,1,2026-04-21,general_news,neutral,cninfo_disclosure,official_disclosure,0.95,high,1.0,0.0,0.0,-0.010736196319018454,-0.008669411782800559,True,ex_post_event_outcome;not_a_trade_signal
0800eef098eeafba,000630,2026-04-20T00:00:00,2026-04-20,5,2026-04-27,general_news,neutral,cninfo_disclosure,official_disclosure,0.95,high,1.0,0.0,0.0,-0.03527607361963192,-0.030598121470582513,True,ex_post_event_outcome;not_a_trade_signal
0800eef098eeafba,000630,2026-04-20T00:00:00,2026-04-20,20,2026-05-21,general_news,neutral,cninfo_disclosure,official_disclosure,0.95,high,1.0,0.0,0.0,-0.11349693251533743,-0.0917105432771768,True,ex_post_event_outcome;not_a_trade_signal
0abe18d1ecc6ce25,000630,2026-04-20T00:00:00,2026-04-20,1,2026-04-21,general_news,neutral,cninfo_disclosure,official_disclosure,0.95,high,1.0,0.0,0.0,-0.010736196319018454,-0.008669411782800559,True,ex_post_event_outcome;not_a_trade_signal
0abe18d1ecc6ce25,000630,2026-04-20T00:00:00,2026-04-20,5,2026-04-27,general_news,neutral,cninfo_disclosure,official_disclosure,0.95,high,1.0,0.0,0.0,-0.03527607361963192,-0.030598121470582513,True,ex_post_event_outcome;not_a_trade_signal
0abe18d1ecc6ce25,000630,2026-04-20T00:00:00,2026-04-20,20,2026-05-21,general_news,neutral,cninfo_disclosure,official_disclosure,0.95,high,1.0,0.0,0.0,-0.11349693251533743,-0.0917105432771768,True,ex_post_event_outcome;not_a_trade_signal
0cb387c0173dacd5,000630,2026-04-20T00:00:00,2026-04-20,1,2026-04-21,general_news,neutral,cninfo_disclosure,official_disclosure,0.95,high,1.0,0.0,0.0,-0.010736196319018454,-0.008669411782800559,True,ex_post_event_outcome;not_a_trade_signal
0cb387c0173dacd5,000630,2026-04-20T00:00:00,2026-04-20,5,2026-04-27,general_news,neutral,cninfo_disclosure,official_disclosure,0.95,high,1.0,0.0,0.0,-0.03527607361963192,-0.030598121470582513,True,ex_post_event_outcome;not_a_trade_signal
0cb387c0173dacd5,000630,2026-04-20T00:00:00,2026-04-20,20,2026-05-21,general_news,neutral,cninfo_disclosure,official_disclosure,0.95,high,1.0,0.0,0.0,-0.11349693251533743,-0.0917105432771768,True,ex_post_event_outcome;not_a_trade_signal
0e438718b9b0d324,000630,2026-04-20T00:00:00,2026-04-20,1,2026-04-21,industry_policy,neutral,cninfo_disclosure,official_disclosure,0.95,high,1.0,0.1,0.05985,-0.010736196319018454,-0.008669411782800559,True,ex_post_event_outcome;not_a_trade_signal
0e438718b9b0d324,000630,2026-04-20T00:00:00,2026-04-20,5,2026-04-27,industry_policy,neutral,cninfo_disclosure,official_disclosure,0.95,high,1.0,0.1,0.05985,-0.03527607361963192,-0.030598121470582513,True,ex_post_event_outcome;not_a_trade_signal
0e438718b9b0d324,000630,2026-04-20T00:00:00,2026-04-20,20,2026-05-21,industry_policy,neutral,cninfo_disclosure,official_disclosure,0.95,high,1.0,0.1,0.05985,-0.11349693251533743,-0.0917105432771768,True,ex_post_event_outcome;not_a_trade_signal
0e7ce86438c48b55,000630,2026-04-20T00:00:00,2026-04-20,1,2026-04-21,commodity_shock,positive,cninfo_disclosure,official_disclosure,0.95,high,1.0,0.2,0.1197,-0.010736196319018454,-0.008669411782800559,True,ex_post_event_outcome;not_a_trade_signal
0e7ce86438c48b55,000630,2026-04-20T00:00:00,2026-04-20,5,2026-04-27,commodity_shock,positive,cninfo_disclosure,official_disclosure,0.95,high,1.0,0.2,0.1197,-0.03527607361963192,-0.030598121470582513,True,ex_post_event_outcome;not_a_trade_signal
0e7ce86438c48b55,000630,2026-04-20T00:00:00,2026-04-20,20,2026-05-21,commodity_shock,positive,cninfo_disclosure,official_disclosure,0.95,high,1.0,0.2,0.1197,-0.11349693251533743,-0.0917105432771768,True,ex_post_event_outcome;not_a_trade_signal
15debb2631f721ef,000630,2026-04-20T00:00:00,2026-04-20,1,2026-04-21,general_news,neutral,cninfo_disclosure,official_disclosure,0.95,high,1.0,0.0,0.0,-0.010736196319018454,-0.008669411782800559,True,ex_post_event_outcome;not_a_trade_signal
15debb2631f721ef,000630,2026-04-20T00:00:00,2026-04-20,5,2026-04-27,general_news,neutral,cninfo_disclosure,official_disclosure,0.95,high,1.0,0.0,0.0,-0.03527607361963192,-0.030598121470582513,True,ex_post_event_outcome;not_a_trade_signal
15debb2631f721ef,000630,2026-04-20T00:00:00,2026-04-20,20,2026-05-21,general_news,neutral,cninfo_disclosure,official_disclosure,0.95,high,1.0,0.0,0.0,-0.11349693251533743,-0.0917105432771768,True,ex_post_event_outcome;not_a_trade_signal
188c77e7c3459bc8,000630,2026-04-20T00:00:00,2026-04-20,1,2026-04-21,general_news,neutral,cninfo_disclosure,official_disclosure,0.95,high,1.0,0.0,0.0,-0.010736196319018454,-0.008669411782800559,True,ex_post_event_outcome;not_a_trade_signal
188c77e7c3459bc8,000630,2026-04-20T00:00:00,2026-04-20,5,2026-04-27,general_news,neutral,cninfo_disclosure,official_disclosure,0.95,high,1.0,0.0,0.0,-0.03527607361963192,-0.030598121470582513,True,ex_post_event_outcome;not_a_trade_signal
188c77e7c3459bc8,000630,2026-04-20T00:00:00,2026-04-20,20,2026-05-21,general_news,neutral,cninfo_disclosure,official_disclosure,0.95,high,1.0,0.0,0.0,-0.11349693251533743,-0.0917105432771768,True,ex_post_event_outcome;not_a_trade_signal
2391791684b46c5c,000630,2026-04-20T00:00:00,2026-04-20,1,2026-04-21,general_news,neutral,cninfo_disclosure,official_disclosure,0.95,high,1.0,0.0,0.0,-0.010736196319018454,-0.008669411782800559,True,ex_post_event_outcome;not_a_trade_signal
2391791684b46c5c,000630,2026-04-20T00:00:00,2026-04-20,5,2026-04-27,general_news,neutral,cninfo_disclosure,official_disclosure,0.95,high,1.0,0.0,0.0,-0.03527607361963192,-0.030598121470582513,True,ex_post_event_outcome;not_a_trade_signal
2391791684b46c5c,000630,2026-04-20T00:00:00,2026-04-20,20,2026-05-21,general_news,neutral,cninfo_disclosure,official_disclosure,0.95,high,1.0,0.0,0.0,-0.11349693251533743,-0.0917105432771768,True,ex_post_event_outcome;not_a_trade_signal
2459856b80db500f,000630,2026-04-20T00:00:00,2026-04-20,1,2026-04-21,commodity_shock,positive,cninfo_disclosure,official_disclosure,0.95,high,1.0,0.2,0.1197,-0.010736196319018454,-0.008669411782800559,True,ex_post_event_outcome;not_a_trade_signal
2459856b80db500f,000630,2026-04-20T00:00:00,2026-04-20,5,2026-04-27,commodity_shock,positive,cninfo_disclosure,official_disclosure,0.95,high,1.0,0.2,0.1197,-0.03527607361963192,-0.030598121470582513,True,ex_post_event_outcome;not_a_trade_signal
2459856b80db500f,000630,2026-04-20T00:00:00,2026-04-20,20,2026-05-21,commodity_shock,positive,cninfo_disclosure,official_disclosure,0.95,high,1.0,0.2,0.1197,-0.11349693251533743,-0.0917105432771768,True,ex_post_event_outcome;not_a_trade_signal
41897479edab8e4b,000630,2026-04-20T00:00:00,2026-04-20,1,2026-04-21,general_news,neutral,cninfo_disclosure,official_disclosure,0.95,high,1.0,0.0,0.0,-0.010736196319018454,-0.008669411782800559,True,ex_post_event_outcome;not_a_trade_signal
41897479edab8e4b,000630,2026-04-20T00:00:00,2026-04-20,5,2026-04-27,general_news,neutral,cninfo_disclosure,official_disclosure,0.95,high,1.0,0.0,0.0,-0.03527607361963192,-0.030598121470582513,True,ex_post_event_outcome;not_a_trade_signal
41897479edab8e4b,000630,2026-04-20T00:00:00,2026-04-20,20,2026-05-21,general_news,neutral,cninfo_disclosure,official_disclosure,0.95,high,1.0,0.0,0.0,-0.11349693251533743,-0.0917105432771768,True,ex_post_event_outcome;not_a_trade_signal
42bddbac4e0b1cf9,000630,2026-04-20T00:00:00,2026-04-20,1,2026-04-21,commodity_shock,positive,cninfo_disclosure,official_disclosure,0.95,high,1.0,0.2,0.1197,-0.010736196319018454,-0.008669411782800559,True,ex_post_event_outcome;not_a_trade_signal
42bddbac4e0b1cf9,000630,2026-04-20T00:00:00,2026-04-20,5,2026-04-27,commodity_shock,positive,cninfo_disclosure,official_disclosure,0.95,high,1.0,0.2,0.1197,-0.03527607361963192,-0.030598121470582513,True,ex_post_event_outcome;not_a_trade_signal
42bddbac4e0b1cf9,000630,2026-04-20T00:00:00,2026-04-20,20,2026-05-21,commodity_shock,positive,cninfo_disclosure,official_disclosure,0.95,high,1.0,0.2,0.1197,-0.11349693251533743,-0.0917105432771768,True,ex_post_event_outcome;not_a_trade_signal
479bc07ef0acd8d1,000630,2026-04-20T00:00:00,2026-04-20,1,2026-04-21,general_news,neutral,cninfo_disclosure,official_disclosure,0.95,high,1.0,0.0,0.0,-0.010736196319018454,-0.008669411782800559,True,ex_post_event_outcome;not_a_trade_signal
479bc07ef0acd8d1,000630,2026-04-20T00:00:00,2026-04-20,5,2026-04-27,general_news,neutral,cninfo_disclosure,official_disclosure,0.95,high,1.0,0.0,0.0,-0.03527607361963192,-0.030598121470582513,True,ex_post_event_outcome;not_a_trade_signal
479bc07ef0acd8d1,000630,2026-04-20T00:00:00,2026-04-20,20,2026-05-21,general_news,neutral,cninfo_disclosure,official_disclosure,0.95,high,1.0,0.0,0.0,-0.11349693251533743,-0.0917105432771768,True,ex_post_event_outcome;not_a_trade_signal
4c2854460eaf6f5e,000630,2026-04-20T00:00:00,2026-04-20,1,2026-04-21,commodity_shock,positive,cninfo_disclosure,official_disclosure,0.95,high,1.0,0.2,0.1197,-0.010736196319018454,-0.008669411782800559,True,ex_post_event_outcome;not_a_trade_signal
4c2854460eaf6f5e,000630,2026-04-20T00:00:00,2026-04-20,5,2026-04-27,commodity_shock,positive,cninfo_disclosure,official_disclosure,0.95,high,1.0,0.2,0.1197,-0.03527607361963192,-0.030598121470582513,True,ex_post_event_outcome;not_a_trade_signal
4c2854460eaf6f5e,000630,2026-04-20T00:00:00,2026-04-20,20,2026-05-21,commodity_shock,positive,cninfo_disclosure,official_disclosure,0.95,high,1.0,0.2,0.1197,-0.11349693251533743,-0.0917105432771768,True,ex_post_event_outcome;not_a_trade_signal
4ee7a71cfe035382,000630,2026-04-20T00:00:00,2026-04-20,1,2026-04-21,general_news,neutral,cninfo_disclosure,official_disclosure,0.95,high,1.0,0.0,0.0,-0.010736196319018454,-0.008669411782800559,True,ex_post_event_outcome;not_a_trade_signal
4ee7a71cfe035382,000630,2026-04-20T00:00:00,2026-04-20,5,2026-04-27,general_news,neutral,cninfo_disclosure,official_disclosure,0.95,high,1.0,0.0,0.0,-0.03527607361963192,-0.030598121470582513,True,ex_post_event_outcome;not_a_trade_signal
4ee7a71cfe035382,000630,2026-04-20T00:00:00,2026-04-20,20,2026-05-21,general_news,neutral,cninfo_disclosure,official_disclosure,0.95,high,1.0,0.0,0.0,-0.11349693251533743,-0.0917105432771768,True,ex_post_event_outcome;not_a_trade_signal
5055cfd9159bf7cc,000630,2026-04-20T00:00:00,2026-04-20,1,2026-04-21,general_news,neutral,cninfo_disclosure,official_disclosure,0.95,high,1.0,0.0,0.0,-0.010736196319018454,-0.008669411782800559,True,ex_post_event_outcome;not_a_trade_signal
5055cfd9159bf7cc,000630,2026-04-20T00:00:00,2026-04-20,5,2026-04-27,general_news,neutral,cninfo_disclosure,official_disclosure,0.95,high,1.0,0.0,0.0,-0.03527607361963192,-0.030598121470582513,True,ex_post_event_outcome;not_a_trade_signal
5055cfd9159bf7cc,000630,2026-04-20T00:00:00,2026-04-20,20,2026-05-21,general_news,neutral,cninfo_disclosure,official_disclosure,0.95,high,1.0,0.0,0.0,-0.11349693251533743,-0.0917105432771768,True,ex_post_event_outcome;not_a_trade_signal
552cb027eec2396a,000630,2026-04-20T00:00:00,2026-04-20,1,2026-04-21,general_news,neutral,cninfo_disclosure,official_disclosure,0.95,high,1.0,0.0,0.0,-0.010736196319018454,-0.008669411782800559,True,ex_post_event_outcome;not_a_trade_signal
552cb027eec2396a,000630,2026-04-20T00:00:00,2026-04-20,5,2026-04-27,general_news,neutral,cninfo_disclosure,official_disclosure,0.95,high,1.0,0.0,0.0,-0.03527607361963192,-0.030598121470582513,True,ex_post_event_outcome;not_a_trade_signal
552cb027eec2396a,000630,2026-04-20T00:00:00,2026-04-20,20,2026-05-21,general_news,neutral,cninfo_disclosure,official_disclosure,0.95,high,1.0,0.0,0.0,-0.11349693251533743,-0.0917105432771768,True,ex_post_event_outcome;not_a_trade_signal
61e9c63da967f9a0,000630,2026-04-20T00:00:00,2026-04-20,1,2026-04-21,commodity_shock,positive,cninfo_disclosure,official_disclosure,0.95,high,1.0,0.2,0.1197,-0.010736196319018454,-0.008669411782800559,True,ex_post_event_outcome;not_a_trade_signal
61e9c63da967f9a0,000630,2026-04-20T00:00:00,2026-04-20,5,2026-04-27,commodity_shock,positive,cninfo_disclosure,official_disclosure,0.95,high,1.0,0.2,0.1197,-0.03527607361963192,-0.030598121470582513,True,ex_post_event_outcome;not_a_trade_signal
61e9c63da967f9a0,000630,2026-04-20T00:00:00,2026-04-20,20,2026-05-21,commodity_shock,positive,cninfo_disclosure,official_disclosure,0.95,high,1.0,0.2,0.1197,-0.11349693251533743,-0.0917105432771768,True,ex_post_event_outcome;not_a_trade_signal
632d71ab0ee7b7b8,000630,2026-04-20T00:00:00,2026-04-20,1,2026-04-21,general_news,neutral,cninfo_disclosure,official_disclosure,0.95,high,1.0,0.0,0.0,-0.010736196319018454,-0.008669411782800559,True,ex_post_event_outcome;not_a_trade_signal
632d71ab0ee7b7b8,000630,2026-04-20T00:00:00,2026-04-20,5,2026-04-27,general_news,neutral,cninfo_disclosure,official_disclosure,0.95,high,1.0,0.0,0.0,-0.03527607361963192,-0.030598121470582513,True,ex_post_event_outcome;not_a_trade_signal
632d71ab0ee7b7b8,000630,2026-04-20T00:00:00,2026-04-20,20,2026-05-21,general_news,neutral,cninfo_disclosure,official_disclosure,0.95,high,1.0,0.0,0.0,-0.11349693251533743,-0.0917105432771768,True,ex_post_event_outcome;not_a_trade_signal
65dea050591b8379,000630,2026-04-20T00:00:00,2026-04-20,1,2026-04-21,general_news,neutral,cninfo_disclosure,official_disclosure,0.95,high,1.0,0.0,0.0,-0.010736196319018454,-0.008669411782800559,True,ex_post_event_outcome;not_a_trade_signal
65dea050591b8379,000630,2026-04-20T00:00:00,2026-04-20,5,2026-04-27,general_news,neutral,cninfo_disclosure,official_disclosure,0.95,high,1.0,0.0,0.0,-0.03527607361963192,-0.030598121470582513,True,ex_post_event_outcome;not_a_trade_signal
65dea050591b8379,000630,2026-04-20T00:00:00,2026-04-20,20,2026-05-21,general_news,neutral,cninfo_disclosure,official_disclosure,0.95,high,1.0,0.0,0.0,-0.11349693251533743,-0.0917105432771768,True,ex_post_event_outcome;not_a_trade_signal
6b634a89b3717bb3,000630,2026-04-20T00:00:00,2026-04-20,1,2026-04-21,general_news,neutral,cninfo_disclosure,official_disclosure,0.95,high,1.0,0.0,0.0,-0.010736196319018454,-0.008669411782800559,True,ex_post_event_outcome;not_a_trade_signal
6b634a89b3717bb3,000630,2026-04-20T00:00:00,2026-04-20,5,2026-04-27,general_news,neutral,cninfo_disclosure,official_disclosure,0.95,high,1.0,0.0,0.0,-0.03527607361963192,-0.030598121470582513,True,ex_post_event_outcome;not_a_trade_signal
6b634a89b3717bb3,000630,2026-04-20T00:00:00,2026-04-20,20,2026-05-21,general_news,neutral,cninfo_disclosure,official_disclosure,0.95,high,1.0,0.0,0.0,-0.11349693251533743,-0.0917105432771768,True,ex_post_event_outcome;not_a_trade_signal
71fb13afd191537a,000630,2026-04-20T00:00:00,2026-04-20,1,2026-04-21,general_news,neutral,cninfo_disclosure,official_disclosure,0.95,high,1.0,0.0,0.0,-0.010736196319018454,-0.008669411782800559,True,ex_post_event_outcome;not_a_trade_signal
71fb13afd191537a,000630,2026-04-20T00:00:00,2026-04-20,5,2026-04-27,general_news,neutral,cninfo_disclosure,official_disclosure,0.95,high,1.0,0.0,0.0,-0.03527607361963192,-0.030598121470582513,True,ex_post_event_outcome;not_a_trade_signal
71fb13afd191537a,000630,2026-04-20T00:00:00,2026-04-20,20,2026-05-21,general_news,neutral,cninfo_disclosure,official_disclosure,0.95,high,1.0,0.0,0.0,-0.11349693251533743,-0.0917105432771768,True,ex_post_event_outcome;not_a_trade_signal
73339f4e93724a4f,000630,2026-04-20T00:00:00,2026-04-20,1,2026-04-21,general_news,neutral,cninfo_disclosure,official_disclosure,0.95,high,1.0,0.0,0.0,-0.010736196319018454,-0.008669411782800559,True,ex_post_event_outcome;not_a_trade_signal
73339f4e93724a4f,000630,2026-04-20T00:00:00,2026-04-20,5,2026-04-27,general_news,neutral,cninfo_disclosure,official_disclosure,0.95,high,1.0,0.0,0.0,-0.03527607361963192,-0.030598121470582513,True,ex_post_event_outcome;not_a_trade_signal
73339f4e93724a4f,000630,2026-04-20T00:00:00,2026-04-20,20,2026-05-21,general_news,neutral,cninfo_disclosure,official_disclosure,0.95,high,1.0,0.0,0.0,-0.11349693251533743,-0.0917105432771768,True,ex_post_event_outcome;not_a_trade_signal
73c86fa59ad200a1,000630,2026-04-20T00:00:00,2026-04-20,1,2026-04-21,general_news,neutral,cninfo_disclosure,official_disclosure,0.95,high,1.0,0.0,0.0,-0.010736196319018454,-0.008669411782800559,True,ex_post_event_outcome;not_a_trade_signal
73c86fa59ad200a1,000630,2026-04-20T00:00:00,2026-04-20,5,2026-04-27,general_news,neutral,cninfo_disclosure,official_disclosure,0.95,high,1.0,0.0,0.0,-0.03527607361963192,-0.030598121470582513,True,ex_post_event_outcome;not_a_trade_signal
73c86fa59ad200a1,000630,2026-04-20T00:00:00,2026-04-20,20,2026-05-21,general_news,neutral,cninfo_disclosure,official_disclosure,0.95,high,1.0,0.0,0.0,-0.11349693251533743,-0.0917105432771768,True,ex_post_event_outcome;not_a_trade_signal
77a554bdf7fa01ca,000630,2026-04-20T00:00:00,2026-04-20,1,2026-04-21,general_news,neutral,cninfo_disclosure,official_disclosure,0.95,high,1.0,0.0,0.0,-0.010736196319018454,-0.008669411782800559,True,ex_post_event_outcome;not_a_trade_signal
77a554bdf7fa01ca,000630,2026-04-20T00:00:00,2026-04-20,5,2026-04-27,general_news,neutral,cninfo_disclosure,official_disclosure,0.95,high,1.0,0.0,0.0,-0.03527607361963192,-0.030598121470582513,True,ex_post_event_outcome;not_a_trade_signal
77a554bdf7fa01ca,000630,2026-04-20T00:00:00,2026-04-20,20,2026-05-21,general_news,neutral,cninfo_disclosure,official_disclosure,0.95,high,1.0,0.0,0.0,-0.11349693251533743,-0.0917105432771768,True,ex_post_event_outcome;not_a_trade_signal
7cd69b12fc1272be,000630,2026-04-20T00:00:00,2026-04-20,1,2026-04-21,general_news,neutral,cninfo_disclosure,official_disclosure,0.95,high,1.0,0.0,0.0,-0.010736196319018454,-0.008669411782800559,True,ex_post_event_outcome;not_a_trade_signal
7cd69b12fc1272be,000630,2026-04-20T00:00:00,2026-04-20,5,2026-04-27,general_news,neutral,cninfo_disclosure,official_disclosure,0.95,high,1.0,0.0,0.0,-0.03527607361963192,-0.030598121470582513,True,ex_post_event_outcome;not_a_trade_signal
7cd69b12fc1272be,000630,2026-04-20T00:00:00,2026-04-20,20,2026-05-21,general_news,neutral,cninfo_disclosure,official_disclosure,0.95,high,1.0,0.0,0.0,-0.11349693251533743,-0.0917105432771768,True,ex_post_event_outcome;not_a_trade_signal
7d1229198d392ddf,000630,2026-04-20T00:00:00,2026-04-20,1,2026-04-21,commodity_shock,positive,cninfo_disclosure,official_disclosure,0.95,high,1.0,0.2,0.1197,-0.010736196319018454,-0.008669411782800559,True,ex_post_event_outcome;not_a_trade_signal
7d1229198d392ddf,000630,2026-04-20T00:00:00,2026-04-20,5,2026-04-27,commodity_shock,positive,cninfo_disclosure,official_disclosure,0.95,high,1.0,0.2,0.1197,-0.03527607361963192,-0.030598121470582513,True,ex_post_event_outcome;not_a_trade_signal
7d1229198d392ddf,000630,2026-04-20T00:00:00,2026-04-20,20,2026-05-21,commodity_shock,positive,cninfo_disclosure,official_disclosure,0.95,high,1.0,0.2,0.1197,-0.11349693251533743,-0.0917105432771768,True,ex_post_event_outcome;not_a_trade_signal
7fe993b50b2f326f,000630,2026-04-20T00:00:00,2026-04-20,1,2026-04-21,commodity_shock,positive,akshare_futures_main_sina,market_data,0.75,medium,1.0,0.6181561669108468,0.3245319876281946,-0.010736196319018454,-0.008669411782800559,True,ex_post_event_outcome;not_a_trade_signal
7fe993b50b2f326f,000630,2026-04-20T00:00:00,2026-04-20,5,2026-04-27,commodity_shock,positive,akshare_futures_main_sina,market_data,0.75,medium,1.0,0.6181561669108468,0.3245319876281946,-0.03527607361963192,-0.030598121470582513,True,ex_post_event_outcome;not_a_trade_signal
7fe993b50b2f326f,000630,2026-04-20T00:00:00,2026-04-20,20,2026-05-21,commodity_shock,positive,akshare_futures_main_sina,market_data,0.75,medium,1.0,0.6181561669108468,0.3245319876281946,-0.11349693251533743,-0.0917105432771768,True,ex_post_event_outcome;not_a_trade_signal
8352680bcd6b2c05,000630,2026-04-20T00:00:00,2026-04-20,1,2026-04-21,general_news,neutral,cninfo_disclosure,official_disclosure,0.95,high,1.0,0.0,0.0,-0.010736196319018454,-0.008669411782800559,True,ex_post_event_outcome;not_a_trade_signal
8352680bcd6b2c05,000630,2026-04-20T00:00:00,2026-04-20,5,2026-04-27,general_news,neutral,cninfo_disclosure,official_disclosure,0.95,high,1.0,0.0,0.0,-0.03527607361963192,-0.030598121470582513,True,ex_post_event_outcome;not_a_trade_signal
8352680bcd6b2c05,000630,2026-04-20T00:00:00,2026-04-20,20,2026-05-21,general_news,neutral,cninfo_disclosure,official_disclosure,0.95,high,1.0,0.0,0.0,-0.11349693251533743,-0.0917105432771768,True,ex_post_event_outcome;not_a_trade_signal
869803532fb58b08,000630,2026-04-20T00:00:00,2026-04-20,1,2026-04-21,general_news,neutral,cninfo_disclosure,official_disclosure,0.95,high,1.0,0.0,0.0,-0.010736196319018454,-0.008669411782800559,True,ex_post_event_outcome;not_a_trade_signal
869803532fb58b08,000630,2026-04-20T00:00:00,2026-04-20,5,2026-04-27,general_news,neutral,cninfo_disclosure,official_disclosure,0.95,high,1.0,0.0,0.0,-0.03527607361963192,-0.030598121470582513,True,ex_post_event_outcome;not_a_trade_signal
869803532fb58b08,000630,2026-04-20T00:00:00,2026-04-20,20,2026-05-21,general_news,neutral,cninfo_disclosure,official_disclosure,0.95,high,1.0,0.0,0.0,-0.11349693251533743,-0.0917105432771768,True,ex_post_event_outcome;not_a_trade_signal
8aa438329b1391c5,000630,2026-04-20T00:00:00,2026-04-20,1,2026-04-21,general_news,neutral,cninfo_disclosure,official_disclosure,0.95,high,1.0,0.0,0.0,-0.010736196319018454,-0.008669411782800559,True,ex_post_event_outcome;not_a_trade_signal
8aa438329b1391c5,000630,2026-04-20T00:00:00,2026-04-20,5,2026-04-27,general_news,neutral,cninfo_disclosure,official_disclosure,0.95,high,1.0,0.0,0.0,-0.03527607361963192,-0.030598121470582513,True,ex_post_event_outcome;not_a_trade_signal
8aa438329b1391c5,000630,2026-04-20T00:00:00,2026-04-20,20,2026-05-21,general_news,neutral,cninfo_disclosure,official_disclosure,0.95,high,1.0,0.0,0.0,-0.11349693251533743,-0.0917105432771768,True,ex_post_event_outcome;not_a_trade_signal
95f053c3fc6e6ae9,000630,2026-04-20T00:00:00,2026-04-20,1,2026-04-21,shareholder_change,neutral,cninfo_disclosure,official_disclosure,0.95,high,1.0,-0.15,-0.089775,-0.010736196319018454,-0.008669411782800559,True,ex_post_event_outcome;not_a_trade_signal
95f053c3fc6e6ae9,000630,2026-04-20T00:00:00,2026-04-20,5,2026-04-27,shareholder_change,neutral,cninfo_disclosure,official_disclosure,0.95,high,1.0,-0.15,-0.089775,-0.03527607361963192,-0.030598121470582513,True,ex_post_event_outcome;not_a_trade_signal
95f053c3fc6e6ae9,000630,2026-04-20T00:00:00,2026-04-20,20,2026-05-21,shareholder_change,neutral,cninfo_disclosure,official_disclosure,0.95,high,1.0,-0.15,-0.089775,-0.11349693251533743,-0.0917105432771768,True,ex_post_event_outcome;not_a_trade_signal
9ac6b8753c3dce5d,000630,2026-04-20T00:00:00,2026-04-20,1,2026-04-21,general_news,neutral,cninfo_disclosure,official_disclosure,0.95,high,1.0,0.0,0.0,-0.010736196319018454,-0.008669411782800559,True,ex_post_event_outcome;not_a_trade_signal
9ac6b8753c3dce5d,000630,2026-04-20T00:00:00,2026-04-20,5,2026-04-27,general_news,neutral,cninfo_disclosure,official_disclosure,0.95,high,1.0,0.0,0.0,-0.03527607361963192,-0.030598121470582513,True,ex_post_event_outcome;not_a_trade_signal
9ac6b8753c3dce5d,000630,2026-04-20T00:00:00,2026-04-20,20,2026-05-21,general_news,neutral,cninfo_disclosure,official_disclosure,0.95,high,1.0,0.0,0.0,-0.11349693251533743,-0.0917105432771768,True,ex_post_event_outcome;not_a_trade_signal
ac9d66c0afa7b847,000630,2026-04-20T00:00:00,2026-04-20,1,2026-04-21,general_news,neutral,cninfo_disclosure,official_disclosure,0.95,high,1.0,0.0,0.0,-0.010736196319018454,-0.008669411782800559,True,ex_post_event_outcome;not_a_trade_signal
ac9d66c0afa7b847,000630,2026-04-20T00:00:00,2026-04-20,5,2026-04-27,general_news,neutral,cninfo_disclosure,official_disclosure,0.95,high,1.0,0.0,0.0,-0.03527607361963192,-0.030598121470582513,True,ex_post_event_outcome;not_a_trade_signal
ac9d66c0afa7b847,000630,2026-04-20T00:00:00,2026-04-20,20,2026-05-21,general_news,neutral,cninfo_disclosure,official_disclosure,0.95,high,1.0,0.0,0.0,-0.11349693251533743,-0.0917105432771768,True,ex_post_event_outcome;not_a_trade_signal
ae53b2803ef123e3,000630,2026-04-20T00:00:00,2026-04-20,1,2026-04-21,commodity_shock,positive,cninfo_disclosure,official_disclosure,0.95,high,1.0,0.2,0.1197,-0.010736196319018454,-0.008669411782800559,True,ex_post_event_outcome;not_a_trade_signal
ae53b2803ef123e3,000630,2026-04-20T00:00:00,2026-04-20,5,2026-04-27,commodity_shock,positive,cninfo_disclosure,official_disclosure,0.95,high,1.0,0.2,0.1197,-0.03527607361963192,-0.030598121470582513,True,ex_post_event_outcome;not_a_trade_signal
ae53b2803ef123e3,000630,2026-04-20T00:00:00,2026-04-20,20,2026-05-21,commodity_shock,positive,cninfo_disclosure,official_disclosure,0.95,high,1.0,0.2,0.1197,-0.11349693251533743,-0.0917105432771768,True,ex_post_event_outcome;not_a_trade_signal
b412b5905fa5eef2,000630,2026-04-20T00:00:00,2026-04-20,1,2026-04-21,general_news,neutral,cninfo_disclosure,official_disclosure,0.95,high,1.0,0.0,0.0,-0.010736196319018454,-0.008669411782800559,True,ex_post_event_outcome;not_a_trade_signal
b412b5905fa5eef2,000630,2026-04-20T00:00:00,2026-04-20,5,2026-04-27,general_news,neutral,cninfo_disclosure,official_disclosure,0.95,high,1.0,0.0,0.0,-0.03527607361963192,-0.030598121470582513,True,ex_post_event_outcome;not_a_trade_signal
b412b5905fa5eef2,000630,2026-04-20T00:00:00,2026-04-20,20,2026-05-21,general_news,neutral,cninfo_disclosure,official_disclosure,0.95,high,1.0,0.0,0.0,-0.11349693251533743,-0.0917105432771768,True,ex_post_event_outcome;not_a_trade_signal
b59a3f6f34f1a1bb,000630,2026-04-20T00:00:00,2026-04-20,1,2026-04-21,general_news,neutral,cninfo_disclosure,official_disclosure,0.95,high,1.0,0.0,0.0,-0.010736196319018454,-0.008669411782800559,True,ex_post_event_outcome;not_a_trade_signal
b59a3f6f34f1a1bb,000630,2026-04-20T00:00:00,2026-04-20,5,2026-04-27,general_news,neutral,cninfo_disclosure,official_disclosure,0.95,high,1.0,0.0,0.0,-0.03527607361963192,-0.030598121470582513,True,ex_post_event_outcome;not_a_trade_signal
b59a3f6f34f1a1bb,000630,2026-04-20T00:00:00,2026-04-20,20,2026-05-21,general_news,neutral,cninfo_disclosure,official_disclosure,0.95,high,1.0,0.0,0.0,-0.11349693251533743,-0.0917105432771768,True,ex_post_event_outcome;not_a_trade_signal
c25c460923b771d5,000630,2026-04-20T00:00:00,2026-04-20,1,2026-04-21,general_news,neutral,cninfo_disclosure,official_disclosure,0.95,high,1.0,0.0,0.0,-0.010736196319018454,-0.008669411782800559,True,ex_post_event_outcome;not_a_trade_signal
c25c460923b771d5,000630,2026-04-20T00:00:00,2026-04-20,5,2026-04-27,general_news,neutral,cninfo_disclosure,official_disclosure,0.95,high,1.0,0.0,0.0,-0.03527607361963192,-0.030598121470582513,True,ex_post_event_outcome;not_a_trade_signal
c25c460923b771d5,000630,2026-04-20T00:00:00,2026-04-20,20,2026-05-21,general_news,neutral,cninfo_disclosure,official_disclosure,0.95,high,1.0,0.0,0.0,-0.11349693251533743,-0.0917105432771768,True,ex_post_event_outcome;not_a_trade_signal
c7581c1578cfdcd6,000630,2026-04-20T00:00:00,2026-04-20,1,2026-04-21,commodity_shock,positive,cninfo_disclosure,official_disclosure,0.95,high,1.0,0.2,0.1197,-0.010736196319018454,-0.008669411782800559,True,ex_post_event_outcome;not_a_trade_signal
c7581c1578cfdcd6,000630,2026-04-20T00:00:00,2026-04-20,5,2026-04-27,commodity_shock,positive,cninfo_disclosure,official_disclosure,0.95,high,1.0,0.2,0.1197,-0.03527607361963192,-0.030598121470582513,True,ex_post_event_outcome;not_a_trade_signal
c7581c1578cfdcd6,000630,2026-04-20T00:00:00,2026-04-20,20,2026-05-21,commodity_shock,positive,cninfo_disclosure,official_disclosure,0.95,high,1.0,0.2,0.1197,-0.11349693251533743,-0.0917105432771768,True,ex_post_event_outcome;not_a_trade_signal
c8f89c422d8b3949,000630,2026-04-20T00:00:00,2026-04-20,1,2026-04-21,general_news,neutral,cninfo_disclosure,official_disclosure,0.95,high,1.0,0.0,0.0,-0.010736196319018454,-0.008669411782800559,True,ex_post_event_outcome;not_a_trade_signal
c8f89c422d8b3949,000630,2026-04-20T00:00:00,2026-04-20,5,2026-04-27,general_news,neutral,cninfo_disclosure,official_disclosure,0.95,high,1.0,0.0,0.0,-0.03527607361963192,-0.030598121470582513,True,ex_post_event_outcome;not_a_trade_signal
c8f89c422d8b3949,000630,2026-04-20T00:00:00,2026-04-20,20,2026-05-21,general_news,neutral,cninfo_disclosure,official_disclosure,0.95,high,1.0,0.0,0.0,-0.11349693251533743,-0.0917105432771768,True,ex_post_event_outcome;not_a_trade_signal
ca25f29cb694072c,000630,2026-04-20T00:00:00,2026-04-20,1,2026-04-21,general_news,neutral,cninfo_disclosure,official_disclosure,0.95,high,1.0,0.0,0.0,-0.010736196319018454,-0.008669411782800559,True,ex_post_event_outcome;not_a_trade_signal
ca25f29cb694072c,000630,2026-04-20T00:00:00,2026-04-20,5,2026-04-27,general_news,neutral,cninfo_disclosure,official_disclosure,0.95,high,1.0,0.0,0.0,-0.03527607361963192,-0.030598121470582513,True,ex_post_event_outcome;not_a_trade_signal
ca25f29cb694072c,000630,2026-04-20T00:00:00,2026-04-20,20,2026-05-21,general_news,neutral,cninfo_disclosure,official_disclosure,0.95,high,1.0,0.0,0.0,-0.11349693251533743,-0.0917105432771768,True,ex_post_event_outcome;not_a_trade_signal
ccbf1a3bca9c61ef,000630,2026-04-20T00:00:00,2026-04-20,1,2026-04-21,commodity_shock,positive,cninfo_disclosure,official_disclosure,0.95,high,1.0,0.2,0.1197,-0.010736196319018454,-0.008669411782800559,True,ex_post_event_outcome;not_a_trade_signal
ccbf1a3bca9c61ef,000630,2026-04-20T00:00:00,2026-04-20,5,2026-04-27,commodity_shock,positive,cninfo_disclosure,official_disclosure,0.95,high,1.0,0.2,0.1197,-0.03527607361963192,-0.030598121470582513,True,ex_post_event_outcome;not_a_trade_signal
ccbf1a3bca9c61ef,000630,2026-04-20T00:00:00,2026-04-20,20,2026-05-21,commodity_shock,positive,cninfo_disclosure,official_disclosure,0.95,high,1.0,0.2,0.1197,-0.11349693251533743,-0.0917105432771768,True,ex_post_event_outcome;not_a_trade_signal
d2af162dbfb2c0b3,000630,2026-04-20T00:00:00,2026-04-20,1,2026-04-21,general_news,neutral,cninfo_disclosure,official_disclosure,0.95,high,1.0,0.0,0.0,-0.010736196319018454,-0.008669411782800559,True,ex_post_event_outcome;not_a_trade_signal
d2af162dbfb2c0b3,000630,2026-04-20T00:00:00,2026-04-20,5,2026-04-27,general_news,neutral,cninfo_disclosure,official_disclosure,0.95,high,1.0,0.0,0.0,-0.03527607361963192,-0.030598121470582513,True,ex_post_event_outcome;not_a_trade_signal
d2af162dbfb2c0b3,000630,2026-04-20T00:00:00,2026-04-20,20,2026-05-21,general_news,neutral,cninfo_disclosure,official_disclosure,0.95,high,1.0,0.0,0.0,-0.11349693251533743,-0.0917105432771768,True,ex_post_event_outcome;not_a_trade_signal
d633263c16efcbd9,000630,2026-04-20T00:00:00,2026-04-20,1,2026-04-21,general_news,neutral,cninfo_disclosure,official_disclosure,0.95,high,1.0,0.0,0.0,-0.010736196319018454,-0.008669411782800559,True,ex_post_event_outcome;not_a_trade_signal
d633263c16efcbd9,000630,2026-04-20T00:00:00,2026-04-20,5,2026-04-27,general_news,neutral,cninfo_disclosure,official_disclosure,0.95,high,1.0,0.0,0.0,-0.03527607361963192,-0.030598121470582513,True,ex_post_event_outcome;not_a_trade_signal
d633263c16efcbd9,000630,2026-04-20T00:00:00,2026-04-20,20,2026-05-21,general_news,neutral,cninfo_disclosure,official_disclosure,0.95,high,1.0,0.0,0.0,-0.11349693251533743,-0.0917105432771768,True,ex_post_event_outcome;not_a_trade_signal
ebf28a310653d8f0,000630,2026-04-20T00:00:00,2026-04-20,1,2026-04-21,commodity_shock,positive,cninfo_disclosure,official_disclosure,0.95,high,1.0,0.2,0.1197,-0.010736196319018454,-0.008669411782800559,True,ex_post_event_outcome;not_a_trade_signal
ebf28a310653d8f0,000630,2026-04-20T00:00:00,2026-04-20,5,2026-04-27,commodity_shock,positive,cninfo_disclosure,official_disclosure,0.95,high,1.0,0.2,0.1197,-0.03527607361963192,-0.030598121470582513,True,ex_post_event_outcome;not_a_trade_signal
ebf28a310653d8f0,000630,2026-04-20T00:00:00,2026-04-20,20,2026-05-21,commodity_shock,positive,cninfo_disclosure,official_disclosure,0.95,high,1.0,0.2,0.1197,-0.11349693251533743,-0.0917105432771768,True,ex_post_event_outcome;not_a_trade_signal
ed410bae24ebccc3,000630,2026-04-20T00:00:00,2026-04-20,1,2026-04-21,commodity_shock,positive,cninfo_disclosure,official_disclosure,0.95,high,1.0,0.2,0.1197,-0.010736196319018454,-0.008669411782800559,True,ex_post_event_outcome;not_a_trade_signal
ed410bae24ebccc3,000630,2026-04-20T00:00:00,2026-04-20,5,2026-04-27,commodity_shock,positive,cninfo_disclosure,official_disclosure,0.95,high,1.0,0.2,0.1197,-0.03527607361963192,-0.030598121470582513,True,ex_post_event_outcome;not_a_trade_signal
ed410bae24ebccc3,000630,2026-04-20T00:00:00,2026-04-20,20,2026-05-21,commodity_shock,positive,cninfo_disclosure,official_disclosure,0.95,high,1.0,0.2,0.1197,-0.11349693251533743,-0.0917105432771768,True,ex_post_event_outcome;not_a_trade_signal
eef6d252033ef738,000630,2026-04-20T00:00:00,2026-04-20,1,2026-04-21,general_news,neutral,cninfo_disclosure,official_disclosure,0.95,high,1.0,0.0,0.0,-0.010736196319018454,-0.008669411782800559,True,ex_post_event_outcome;not_a_trade_signal
eef6d252033ef738,000630,2026-04-20T00:00:00,2026-04-20,5,2026-04-27,general_news,neutral,cninfo_disclosure,official_disclosure,0.95,high,1.0,0.0,0.0,-0.03527607361963192,-0.030598121470582513,True,ex_post_event_outcome;not_a_trade_signal
eef6d252033ef738,000630,2026-04-20T00:00:00,2026-04-20,20,2026-05-21,general_news,neutral,cninfo_disclosure,official_disclosure,0.95,high,1.0,0.0,0.0,-0.11349693251533743,-0.0917105432771768,True,ex_post_event_outcome;not_a_trade_signal
f589d841d3ea0b29,000630,2026-04-20T00:00:00,2026-04-20,1,2026-04-21,general_news,neutral,cninfo_disclosure,official_disclosure,0.95,high,1.0,0.0,0.0,-0.010736196319018454,-0.008669411782800559,True,ex_post_event_outcome;not_a_trade_signal
f589d841d3ea0b29,000630,2026-04-20T00:00:00,2026-04-20,5,2026-04-27,general_news,neutral,cninfo_disclosure,official_disclosure,0.95,high,1.0,0.0,0.0,-0.03527607361963192,-0.030598121470582513,True,ex_post_event_outcome;not_a_trade_signal
f589d841d3ea0b29,000630,2026-04-20T00:00:00,2026-04-20,20,2026-05-21,general_news,neutral,cninfo_disclosure,official_disclosure,0.95,high,1.0,0.0,0.0,-0.11349693251533743,-0.0917105432771768,True,ex_post_event_outcome;not_a_trade_signal
f74504505ec62bef,000630,2026-04-20T00:00:00,2026-04-20,1,2026-04-21,commodity_shock,positive,cninfo_disclosure,official_disclosure,0.95,high,1.0,0.2,0.1197,-0.010736196319018454,-0.008669411782800559,True,ex_post_event_outcome;not_a_trade_signal
f74504505ec62bef,000630,2026-04-20T00:00:00,2026-04-20,5,2026-04-27,commodity_shock,positive,cninfo_disclosure,official_disclosure,0.95,high,1.0,0.2,0.1197,-0.03527607361963192,-0.030598121470582513,True,ex_post_event_outcome;not_a_trade_signal
f74504505ec62bef,000630,2026-04-20T00:00:00,2026-04-20,20,2026-05-21,commodity_shock,positive,cninfo_disclosure,official_disclosure,0.95,high,1.0,0.2,0.1197,-0.11349693251533743,-0.0917105432771768,True,ex_post_event_outcome;not_a_trade_signal
76f91190a5c309d3,000630,2026-04-23T00:00:00,2026-04-23,1,2026-04-24,commodity_shock,negative,akshare_futures_main_sina,market_data,0.75,medium,1.0,-0.38464240903387736,-0.20193726474278562,-0.0015873015873015817,0.0018212142489197332,True,ex_post_event_outcome;not_a_trade_signal
76f91190a5c309d3,000630,2026-04-23T00:00:00,2026-04-23,5,2026-04-30,commodity_shock,negative,akshare_futures_main_sina,market_data,0.75,medium,1.0,-0.38464240903387736,-0.20193726474278562,-0.023809523809523725,-0.025061000545945622,True,ex_post_event_outcome;not_a_trade_signal
76f91190a5c309d3,000630,2026-04-23T00:00:00,2026-04-23,20,2026-05-26,commodity_shock,negative,akshare_futures_main_sina,market_data,0.75,medium,1.0,-0.38464240903387736,-0.20193726474278562,0.08412698412698427,0.08509218200427097,True,ex_post_event_outcome;not_a_trade_signal
2c966685e67e0082,000630,2026-04-24T00:00:00,2026-04-24,1,2026-04-27,commodity_shock,negative,akshare_futures_main_sina,market_data,0.75,medium,1.0,-0.46111394992335164,-0.2420848237097596,0.0,-0.005064101528958549,True,ex_post_event_outcome;not_a_trade_signal
2c966685e67e0082,000630,2026-04-24T00:00:00,2026-04-24,5,2026-05-06,commodity_shock,negative,akshare_futures_main_sina,market_data,0.75,medium,1.0,-0.46111394992335164,-0.2420848237097596,0.03338632750397452,0.011321884183208272,True,ex_post_event_outcome;not_a_trade_signal
2c966685e67e0082,000630,2026-04-24T00:00:00,2026-04-24,20,2026-05-27,commodity_shock,negative,akshare_futures_main_sina,market_data,0.75,medium,1.0,-0.46111394992335164,-0.2420848237097596,0.027027027027026973,0.04097660800415985,True,ex_post_event_outcome;not_a_trade_signal
97b13491a2322408,000630,2026-04-28T00:00:00,2026-04-28,1,2026-04-29,commodity_shock,negative,akshare_futures_main_sina,market_data,0.75,medium,1.0,-0.6451941179463692,-0.3387269119218438,0.014423076923076872,-0.0011143807185091652,True,ex_post_event_outcome;not_a_trade_signal
97b13491a2322408,000630,2026-04-28T00:00:00,2026-04-28,5,2026-05-08,commodity_shock,negative,akshare_futures_main_sina,market_data,0.75,medium,1.0,-0.6451941179463692,-0.3387269119218438,0.06891025641025639,0.02512402259974727,True,ex_post_event_outcome;not_a_trade_signal
97b13491a2322408,000630,2026-04-28T00:00:00,2026-04-28,20,2026-05-29,commodity_shock,negative,akshare_futures_main_sina,market_data,0.75,medium,1.0,-0.6451941179463692,-0.3387269119218438,0.10576923076923062,0.12842579497172818,True,ex_post_event_outcome;not_a_trade_signal
17652ab5e39c62c4,000630,2026-04-29T00:00:00,2026-04-29,1,2026-04-30,general_news,neutral,cninfo_disclosure,official_disclosure,0.95,high,1.0,0.0,0.0,-0.028436018957345932,-0.026427737605290456,True,ex_post_event_outcome;not_a_trade_signal
17652ab5e39c62c4,000630,2026-04-29T00:00:00,2026-04-29,5,2026-05-11,general_news,neutral,cninfo_disclosure,official_disclosure,0.95,high,1.0,0.0,0.0,0.08688783570300163,0.04789841464801938,True,ex_post_event_outcome;not_a_trade_signal
17652ab5e39c62c4,000630,2026-04-29T00:00:00,2026-04-29,20,2026-06-01,general_news,neutral,cninfo_disclosure,official_disclosure,0.95,high,1.0,0.0,0.0,0.07740916271721954,0.11080275918808913,True,ex_post_event_outcome;not_a_trade_signal
1b59f316faba3d61,000630,2026-04-29T00:00:00,2026-04-29,1,2026-04-30,general_news,neutral,cninfo_disclosure,official_disclosure,0.95,high,1.0,0.0,0.0,-0.028436018957345932,-0.026427737605290456,True,ex_post_event_outcome;not_a_trade_signal
1b59f316faba3d61,000630,2026-04-29T00:00:00,2026-04-29,5,2026-05-11,general_news,neutral,cninfo_disclosure,official_disclosure,0.95,high,1.0,0.0,0.0,0.08688783570300163,0.04789841464801938,True,ex_post_event_outcome;not_a_trade_signal
1b59f316faba3d61,000630,2026-04-29T00:00:00,2026-04-29,20,2026-06-01,general_news,neutral,cninfo_disclosure,official_disclosure,0.95,high,1.0,0.0,0.0,0.07740916271721954,0.11080275918808913,True,ex_post_event_outcome;not_a_trade_signal
794184605118778e,000630,2026-04-29T00:00:00,2026-04-29,1,2026-04-30,general_news,neutral,cninfo_disclosure,official_disclosure,0.95,high,1.0,0.0,0.0,-0.028436018957345932,-0.026427737605290456,True,ex_post_event_outcome;not_a_trade_signal
794184605118778e,000630,2026-04-29T00:00:00,2026-04-29,5,2026-05-11,general_news,neutral,cninfo_disclosure,official_disclosure,0.95,high,1.0,0.0,0.0,0.08688783570300163,0.04789841464801938,True,ex_post_event_outcome;not_a_trade_signal
794184605118778e,000630,2026-04-29T00:00:00,2026-04-29,20,2026-06-01,general_news,neutral,cninfo_disclosure,official_disclosure,0.95,high,1.0,0.0,0.0,0.07740916271721954,0.11080275918808913,True,ex_post_event_outcome;not_a_trade_signal
b0cf525d200e7fc2,000630,2026-04-29T00:00:00,2026-04-29,1,2026-04-30,general_news,neutral,cninfo_disclosure,official_disclosure,0.95,high,1.0,0.0,0.0,-0.028436018957345932,-0.026427737605290456,True,ex_post_event_outcome;not_a_trade_signal
b0cf525d200e7fc2,000630,2026-04-29T00:00:00,2026-04-29,5,2026-05-11,general_news,neutral,cninfo_disclosure,official_disclosure,0.95,high,1.0,0.0,0.0,0.08688783570300163,0.04789841464801938,True,ex_post_event_outcome;not_a_trade_signal
b0cf525d200e7fc2,000630,2026-04-29T00:00:00,2026-04-29,20,2026-06-01,general_news,neutral,cninfo_disclosure,official_disclosure,0.95,high,1.0,0.0,0.0,0.07740916271721954,0.11080275918808913,True,ex_post_event_outcome;not_a_trade_signal
d7069c5c6c048ed1,000630,2026-04-29T00:00:00,2026-04-29,1,2026-04-30,shareholder_change,neutral,cninfo_disclosure,official_disclosure,0.95,high,1.0,-0.15,-0.089775,-0.028436018957345932,-0.026427737605290456,True,ex_post_event_outcome;not_a_trade_signal
d7069c5c6c048ed1,000630,2026-04-29T00:00:00,2026-04-29,5,2026-05-11,shareholder_change,neutral,cninfo_disclosure,official_disclosure,0.95,high,1.0,-0.15,-0.089775,0.08688783570300163,0.04789841464801938,True,ex_post_event_outcome;not_a_trade_signal
d7069c5c6c048ed1,000630,2026-04-29T00:00:00,2026-04-29,20,2026-06-01,shareholder_change,neutral,cninfo_disclosure,official_disclosure,0.95,high,1.0,-0.15,-0.089775,0.07740916271721954,0.11080275918808913,True,ex_post_event_outcome;not_a_trade_signal
dd1dc9fc3c6594bc,000630,2026-04-29T00:00:00,2026-04-29,1,2026-04-30,commodity_shock,negative,akshare_futures_main_sina,market_data,0.75,medium,1.0,-0.6073726130909831,-0.3188706218727661,-0.028436018957345932,-0.026427737605290456,True,ex_post_event_outcome;not_a_trade_signal
dd1dc9fc3c6594bc,000630,2026-04-29T00:00:00,2026-04-29,5,2026-05-11,commodity_shock,negative,akshare_futures_main_sina,market_data,0.75,medium,1.0,-0.6073726130909831,-0.3188706218727661,0.08688783570300163,0.04789841464801938,True,ex_post_event_outcome;not_a_trade_signal
dd1dc9fc3c6594bc,000630,2026-04-29T00:00:00,2026-04-29,20,2026-06-01,commodity_shock,negative,akshare_futures_main_sina,market_data,0.75,medium,1.0,-0.6073726130909831,-0.3188706218727661,0.07740916271721954,0.11080275918808913,True,ex_post_event_outcome;not_a_trade_signal
b694182b86e37f1c,000630,2026-05-06T00:00:00,2026-05-06,1,2026-05-07,commodity_shock,positive,akshare_futures_main_sina,market_data,0.75,medium,1.0,0.31585332230493535,0.16582299421009103,0.007692307692307665,0.0004589137201618165,True,ex_post_event_outcome;not_a_trade_signal
b694182b86e37f1c,000630,2026-05-06T00:00:00,2026-05-06,5,2026-05-13,commodity_shock,positive,akshare_futures_main_sina,market_data,0.75,medium,1.0,0.31585332230493535,0.16582299421009103,0.0738461538461539,0.05266259571040109,True,ex_post_event_outcome;not_a_trade_signal
b694182b86e37f1c,000630,2026-05-06T00:00:00,2026-05-06,20,2026-06-03,commodity_shock,positive,akshare_futures_main_sina,market_data,0.75,medium,1.0,0.31585332230493535,0.16582299421009103,0.08769230769230774,0.14116228622012103,True,ex_post_event_outcome;not_a_trade_signal
ecf882da5dc6d442,000630,2026-05-07T00:00:00,2026-05-07,1,2026-05-08,commodity_shock,positive,akshare_futures_main_sina,market_data,0.75,medium,1.0,0.28607863974495196,0.15019128586609976,0.018320610687022842,0.014956518870007558,True,ex_post_event_outcome;not_a_trade_signal
ecf882da5dc6d442,000630,2026-05-07T00:00:00,2026-05-07,5,2026-05-14,commodity_shock,positive,akshare_futures_main_sina,market_data,0.75,medium,1.0,0.28607863974495196,0.15019128586609976,0.021374045801526798,0.033826749249961124,True,ex_post_event_outcome;not_a_trade_signal
ecf882da5dc6d442,000630,2026-05-07T00:00:00,2026-05-07,20,2026-06-04,commodity_shock,positive,akshare_futures_main_sina,market_data,0.75,medium,1.0,0.28607863974495196,0.15019128586609976,0.021374045801526798,0.09011622063638457,True,ex_post_event_outcome;not_a_trade_signal
340d0237cc387eb7,000630,2026-05-08T00:00:00,2026-05-08,1,2026-05-11,commodity_shock,positive,akshare_futures_main_sina,market_data,0.75,medium,1.0,0.7845915430595536,0.4119105601062656,0.03148425787106457,0.022444206882770316,True,ex_post_event_outcome;not_a_trade_signal
340d0237cc387eb7,000630,2026-05-08T00:00:00,2026-05-08,5,2026-05-15,commodity_shock,positive,akshare_futures_main_sina,market_data,0.75,medium,1.0,0.7845915430595536,0.4119105601062656,-0.06746626686656676,-0.041040822143017755,True,ex_post_event_outcome;not_a_trade_signal
340d0237cc387eb7,000630,2026-05-08T00:00:00,2026-05-08,20,2026-06-05,commodity_shock,positive,akshare_futures_main_sina,market_data,0.75,medium,1.0,0.7845915430595536,0.4119105601062656,-0.026986506746626615,0.049934979570128435,True,ex_post_event_outcome;not_a_trade_signal
f046248146819773,000630,2026-05-11T00:00:00,2026-05-11,1,2026-05-12,commodity_shock,positive,akshare_futures_main_sina,market_data,0.75,medium,1.0,0.8088844687551795,0.4246643460964692,0.0014534883720929148,0.01087068715298333,True,ex_post_event_outcome;not_a_trade_signal
f046248146819773,000630,2026-05-11T00:00:00,2026-05-11,5,2026-05-18,commodity_shock,positive,akshare_futures_main_sina,market_data,0.75,medium,1.0,0.8088844687551795,0.4246643460964692,-0.11627906976744184,-0.0793938636607509,True,ex_post_event_outcome;not_a_trade_signal
f046248146819773,000630,2026-05-11T00:00:00,2026-05-11,20,2026-06-08,commodity_shock,positive,akshare_futures_main_sina,market_data,0.75,medium,1.0,0.8088844687551795,0.4246643460964692,-0.13138962098893603,-0.019211916742638765,True,ex_post_event_outcome;not_a_trade_signal
86363867fae769a2,000630,2026-05-12T00:00:00,2026-05-12,1,2026-05-13,commodity_shock,positive,akshare_futures_main_sina,market_data,0.75,medium,1.0,0.85,0.44625,0.013062409288824517,0.003330849712088727,True,ex_post_event_outcome;not_a_trade_signal
86363867fae769a2,000630,2026-05-12T00:00:00,2026-05-12,5,2026-05-19,commodity_shock,positive,akshare_futures_main_sina,market_data,0.75,medium,1.0,0.85,0.44625,-0.1262699564586357,-0.10569891526708584,True,ex_post_event_outcome;not_a_trade_signal
86363867fae769a2,000630,2026-05-12T00:00:00,2026-05-12,20,2026-06-09,commodity_shock,positive,akshare_futures_main_sina,market_data,0.75,medium,1.0,0.85,0.44625,-0.08584559832110583,0.00497781549773843,True,ex_post_event_outcome;not_a_trade_signal
90504be58778ddf9,000630,2026-05-12T00:00:00,2026-05-12,1,2026-05-13,commodity_shock,positive,akshare_futures_main_sina,market_data,0.75,medium,1.0,0.43393051568840946,0.22781352073641495,0.013062409288824517,0.003330849712088727,True,ex_post_event_outcome;not_a_trade_signal
90504be58778ddf9,000630,2026-05-12T00:00:00,2026-05-12,5,2026-05-19,commodity_shock,positive,akshare_futures_main_sina,market_data,0.75,medium,1.0,0.43393051568840946,0.22781352073641495,-0.1262699564586357,-0.10569891526708584,True,ex_post_event_outcome;not_a_trade_signal
90504be58778ddf9,000630,2026-05-12T00:00:00,2026-05-12,20,2026-06-09,commodity_shock,positive,akshare_futures_main_sina,market_data,0.75,medium,1.0,0.43393051568840946,0.22781352073641495,-0.08584559832110583,0.00497781549773843,True,ex_post_event_outcome;not_a_trade_signal
bc6e661ffcf08ec8,000630,2026-05-13T00:00:00,2026-05-13,1,2026-05-14,commodity_shock,positive,akshare_futures_main_sina,market_data,0.75,medium,1.0,0.85,0.44625,-0.04154727793696278,-0.015953495060084512,True,ex_post_event_outcome;not_a_trade_signal
bc6e661ffcf08ec8,000630,2026-05-13T00:00:00,2026-05-13,5,2026-05-20,commodity_shock,positive,akshare_futures_main_sina,market_data,0.75,medium,1.0,0.85,0.44625,-0.15186246418338112,-0.11272905612269818,True,ex_post_event_outcome;not_a_trade_signal
bc6e661ffcf08ec8,000630,2026-05-13T00:00:00,2026-05-13,20,2026-06-10,commodity_shock,positive,akshare_futures_main_sina,market_data,0.75,medium,1.0,0.85,0.44625,-0.08319481249159577,0.03161106321785681,True,ex_post_event_outcome;not_a_trade_signal
c71a7dbbf115b4fe,000630,2026-05-13T00:00:00,2026-05-13,1,2026-05-14,commodity_shock,positive,akshare_futures_main_sina,market_data,0.75,medium,1.0,0.45587375803623686,0.23933372296902433,-0.04154727793696278,-0.015953495060084512,True,ex_post_event_outcome;not_a_trade_signal
c71a7dbbf115b4fe,000630,2026-05-13T00:00:00,2026-05-13,5,2026-05-20,commodity_shock,positive,akshare_futures_main_sina,market_data,0.75,medium,1.0,0.45587375803623686,0.23933372296902433,-0.15186246418338112,-0.11272905612269818,True,ex_post_event_outcome;not_a_trade_signal
c71a7dbbf115b4fe,000630,2026-05-13T00:00:00,2026-05-13,20,2026-06-10,commodity_shock,positive,akshare_futures_main_sina,market_data,0.75,medium,1.0,0.45587375803623686,0.23933372296902433,-0.08319481249159577,0.03161106321785681,True,ex_post_event_outcome;not_a_trade_signal
34c82a62a12c1c6a,000630,2026-05-14T00:00:00,2026-05-14,1,2026-05-15,shareholder_change,neutral,cninfo_disclosure,official_disclosure,0.95,high,1.0,-0.15,-0.089775,-0.07025411061285503,-0.05955451072201097,True,ex_post_event_outcome;not_a_trade_signal
34c82a62a12c1c6a,000630,2026-05-14T00:00:00,2026-05-14,5,2026-05-21,shareholder_change,neutral,cninfo_disclosure,official_disclosure,0.95,high,1.0,-0.15,-0.089775,-0.1360239162929745,-0.10436606520217695,True,ex_post_event_outcome;not_a_trade_signal
34c82a62a12c1c6a,000630,2026-05-14T00:00:00,2026-05-14,20,,shareholder_change,neutral,cninfo_disclosure,official_disclosure,0.95,high,1.0,-0.15,-0.089775,,,False,ex_post_event_outcome;not_a_trade_signal
4fcc623cb2d28ac0,000630,2026-05-14T00:00:00,2026-05-14,1,2026-05-15,commodity_shock,positive,akshare_futures_main_sina,market_data,0.75,medium,1.0,0.8006976863489452,0.4203662853331962,-0.07025411061285503,-0.05955451072201097,True,ex_post_event_outcome;not_a_trade_signal
4fcc623cb2d28ac0,000630,2026-05-14T00:00:00,2026-05-14,5,2026-05-21,commodity_shock,positive,akshare_futures_main_sina,market_data,0.75,medium,1.0,0.8006976863489452,0.4203662853331962,-0.1360239162929745,-0.10436606520217695,True,ex_post_event_outcome;not_a_trade_signal
4fcc623cb2d28ac0,000630,2026-05-14T00:00:00,2026-05-14,20,,commodity_shock,positive,akshare_futures_main_sina,market_data,0.75,medium,1.0,0.8006976863489452,0.4203662853331962,,,False,ex_post_event_outcome;not_a_trade_signal
70541f8b7699078a,000630,2026-05-14T00:00:00,2026-05-14,1,2026-05-15,general_news,neutral,cninfo_disclosure,official_disclosure,0.95,high,1.0,0.0,0.0,-0.07025411061285503,-0.05955451072201097,True,ex_post_event_outcome;not_a_trade_signal
70541f8b7699078a,000630,2026-05-14T00:00:00,2026-05-14,5,2026-05-21,general_news,neutral,cninfo_disclosure,official_disclosure,0.95,high,1.0,0.0,0.0,-0.1360239162929745,-0.10436606520217695,True,ex_post_event_outcome;not_a_trade_signal
70541f8b7699078a,000630,2026-05-14T00:00:00,2026-05-14,20,,general_news,neutral,cninfo_disclosure,official_disclosure,0.95,high,1.0,0.0,0.0,,,False,ex_post_event_outcome;not_a_trade_signal
b7bd17b7b4bb5a8b,000630,2026-05-14T00:00:00,2026-05-14,1,2026-05-15,general_news,neutral,cninfo_disclosure,official_disclosure,0.95,high,1.0,0.0,0.0,-0.07025411061285503,-0.05955451072201097,True,ex_post_event_outcome;not_a_trade_signal
b7bd17b7b4bb5a8b,000630,2026-05-14T00:00:00,2026-05-14,5,2026-05-21,general_news,neutral,cninfo_disclosure,official_disclosure,0.95,high,1.0,0.0,0.0,-0.1360239162929745,-0.10436606520217695,True,ex_post_event_outcome;not_a_trade_signal
b7bd17b7b4bb5a8b,000630,2026-05-14T00:00:00,2026-05-14,20,,general_news,neutral,cninfo_disclosure,official_disclosure,0.95,high,1.0,0.0,0.0,,,False,ex_post_event_outcome;not_a_trade_signal
c2a58ef4246917e7,000630,2026-05-14T00:00:00,2026-05-14,1,2026-05-15,shareholder_change,neutral,cninfo_disclosure,official_disclosure,0.95,high,1.0,-0.15,-0.089775,-0.07025411061285503,-0.05955451072201097,True,ex_post_event_outcome;not_a_trade_signal
c2a58ef4246917e7,000630,2026-05-14T00:00:00,2026-05-14,5,2026-05-21,shareholder_change,neutral,cninfo_disclosure,official_disclosure,0.95,high,1.0,-0.15,-0.089775,-0.1360239162929745,-0.10436606520217695,True,ex_post_event_outcome;not_a_trade_signal
c2a58ef4246917e7,000630,2026-05-14T00:00:00,2026-05-14,20,,shareholder_change,neutral,cninfo_disclosure,official_disclosure,0.95,high,1.0,-0.15,-0.089775,,,False,ex_post_event_outcome;not_a_trade_signal
6d5edb5fdb8c93ba,000630,2026-05-15T00:00:00,2026-05-15,1,2026-05-18,commodity_shock,negative,akshare_futures_main_sina,market_data,0.75,medium,1.0,-0.8244730460734937,-0.43284834918858417,-0.022508038585209,-0.021052776380128466,True,ex_post_event_outcome;not_a_trade_signal
6d5edb5fdb8c93ba,000630,2026-05-15T00:00:00,2026-05-15,5,2026-05-22,commodity_shock,negative,akshare_futures_main_sina,market_data,0.75,medium,1.0,-0.8244730460734937,-0.43284834918858417,0.022508038585209222,0.030158723752828978,True,ex_post_event_outcome;not_a_trade_signal
6d5edb5fdb8c93ba,000630,2026-05-15T00:00:00,2026-05-15,20,,commodity_shock,negative,akshare_futures_main_sina,market_data,0.75,medium,1.0,-0.8244730460734937,-0.43284834918858417,,,False,ex_post_event_outcome;not_a_trade_signal
eeec94f2124d0c43,000630,2026-05-18T00:00:00,2026-05-18,1,2026-05-19,commodity_shock,negative,akshare_futures_main_sina,market_data,0.75,medium,1.0,-0.5306839279442022,-0.27860906217070613,-0.009868421052631526,-0.01733710676181679,True,ex_post_event_outcome;not_a_trade_signal
eeec94f2124d0c43,000630,2026-05-18T00:00:00,2026-05-18,5,2026-05-25,commodity_shock,negative,akshare_futures_main_sina,market_data,0.75,medium,1.0,-0.5306839279442022,-0.27860906217070613,0.10855263157894735,0.11068126643719192,True,ex_post_event_outcome;not_a_trade_signal
eeec94f2124d0c43,000630,2026-05-18T00:00:00,2026-05-18,20,,commodity_shock,negative,akshare_futures_main_sina,market_data,0.75,medium,1.0,-0.5306839279442022,-0.27860906217070613,,,False,ex_post_event_outcome;not_a_trade_signal
2fe6cc503b5e670c,000630,2026-05-19T00:00:00,2026-05-19,1,2026-05-20,commodity_shock,negative,akshare_futures_main_sina,market_data,0.75,medium,1.0,-0.7973434717743872,-0.41860532268155326,-0.01661129568106312,-0.00746198494112303,True,ex_post_event_outcome;not_a_trade_signal
2fe6cc503b5e670c,000630,2026-05-19T00:00:00,2026-05-19,5,2026-05-26,commodity_shock,negative,akshare_futures_main_sina,market_data,0.75,medium,1.0,-0.7973434717743872,-0.41860532268155326,0.13455149501661134,0.14675279727141685,True,ex_post_event_outcome;not_a_trade_signal
2fe6cc503b5e670c,000630,2026-05-19T00:00:00,2026-05-19,20,,commodity_shock,negative,akshare_futures_main_sina,market_data,0.75,medium,1.0,-0.7973434717743872,-0.41860532268155326,,,False,ex_post_event_outcome;not_a_trade_signal
0ba27693262be86b,000630,2026-05-20T00:00:00,2026-05-20,1,2026-05-21,commodity_shock,negative,akshare_futures_main_sina,market_data,0.75,medium,1.0,-0.85,-0.44625,-0.023648648648648574,-0.005635874782331914,True,ex_post_event_outcome;not_a_trade_signal
0ba27693262be86b,000630,2026-05-20T00:00:00,2026-05-20,5,2026-05-27,commodity_shock,negative,akshare_futures_main_sina,market_data,0.75,medium,1.0,-0.85,-0.44625,0.09121621621621623,0.11089833731537663,True,ex_post_event_outcome;not_a_trade_signal
0ba27693262be86b,000630,2026-05-20T00:00:00,2026-05-20,20,,commodity_shock,negative,akshare_futures_main_sina,market_data,0.75,medium,1.0,-0.85,-0.44625,,,False,ex_post_event_outcome;not_a_trade_signal
d735867dd93cb3cf,000630,2026-05-21T00:00:00,2026-05-21,1,2026-05-22,general_news,neutral,cninfo_disclosure,official_disclosure,0.95,high,1.0,0.0,0.0,0.10034602076124566,0.08670806882991869,True,ex_post_event_outcome;not_a_trade_signal
d735867dd93cb3cf,000630,2026-05-21T00:00:00,2026-05-21,5,2026-05-28,general_news,neutral,cninfo_disclosure,official_disclosure,0.95,high,1.0,0.0,0.0,0.16782006920415227,0.1691212575008604,True,ex_post_event_outcome;not_a_trade_signal
d735867dd93cb3cf,000630,2026-05-21T00:00:00,2026-05-21,20,,general_news,neutral,cninfo_disclosure,official_disclosure,0.95,high,1.0,0.0,0.0,,,False,ex_post_event_outcome;not_a_trade_signal
e9085955a24eba97,000630,2026-05-21T00:00:00,2026-05-21,1,2026-05-22,commodity_shock,negative,akshare_futures_main_sina,market_data,0.75,medium,1.0,-0.85,-0.44625,0.10034602076124566,0.08670806882991869,True,ex_post_event_outcome;not_a_trade_signal
e9085955a24eba97,000630,2026-05-21T00:00:00,2026-05-21,5,2026-05-28,commodity_shock,negative,akshare_futures_main_sina,market_data,0.75,medium,1.0,-0.85,-0.44625,0.16782006920415227,0.1691212575008604,True,ex_post_event_outcome;not_a_trade_signal
e9085955a24eba97,000630,2026-05-21T00:00:00,2026-05-21,20,,commodity_shock,negative,akshare_futures_main_sina,market_data,0.75,medium,1.0,-0.85,-0.44625,,,False,ex_post_event_outcome;not_a_trade_signal
04f86c844078c39d,000630,2026-05-29T00:00:00,2026-05-29,1,2026-06-01,general_news,neutral,cninfo_disclosure,official_disclosure,0.95,high,1.0,0.0,0.0,-0.011594202898550732,-0.015306811516352822,True,ex_post_event_outcome;not_a_trade_signal
04f86c844078c39d,000630,2026-05-29T00:00:00,2026-05-29,5,2026-06-05,general_news,neutral,cninfo_disclosure,official_disclosure,0.95,high,1.0,0.0,0.0,-0.05942028985507242,-0.04414304833883158,True,ex_post_event_outcome;not_a_trade_signal
04f86c844078c39d,000630,2026-05-29T00:00:00,2026-05-29,20,,general_news,neutral,cninfo_disclosure,official_disclosure,0.95,high,1.0,0.0,0.0,,,False,ex_post_event_outcome;not_a_trade_signal
dbbbf1c1664b0997,000630,2026-05-29T00:00:00,2026-05-29,1,2026-06-01,commodity_shock,positive,akshare_futures_main_sina,market_data,0.75,medium,1.0,0.2554243957279372,0.134097807757167,-0.011594202898550732,-0.015306811516352822,True,ex_post_event_outcome;not_a_trade_signal
dbbbf1c1664b0997,000630,2026-05-29T00:00:00,2026-05-29,5,2026-06-05,commodity_shock,positive,akshare_futures_main_sina,market_data,0.75,medium,1.0,0.2554243957279372,0.134097807757167,-0.05942028985507242,-0.04414304833883158,True,ex_post_event_outcome;not_a_trade_signal
dbbbf1c1664b0997,000630,2026-05-29T00:00:00,2026-05-29,20,,commodity_shock,positive,akshare_futures_main_sina,market_data,0.75,medium,1.0,0.2554243957279372,0.134097807757167,,,False,ex_post_event_outcome;not_a_trade_signal
11e31636aca4498d,000630,2026-06-04T16:54:00,2026-06-04,1,2026-06-05,commodity_shock,positive,eastmoney_stock_news,public_finance_media,0.65,medium,0.95,0.2,0.09230000000000001,-0.029895366218236075,-0.025325604461768667,True,ex_post_event_outcome;not_a_trade_signal
11e31636aca4498d,000630,2026-06-04T16:54:00,2026-06-04,5,,commodity_shock,positive,eastmoney_stock_news,public_finance_media,0.65,medium,0.95,0.2,0.09230000000000001,,,False,ex_post_event_outcome;not_a_trade_signal
11e31636aca4498d,000630,2026-06-04T16:54:00,2026-06-04,20,,commodity_shock,positive,eastmoney_stock_news,public_finance_media,0.65,medium,0.95,0.2,0.09230000000000001,,,False,ex_post_event_outcome;not_a_trade_signal
072bc65f7c25706e,000630,2026-06-08T00:00:00,2026-06-08,1,2026-06-09,commodity_shock,negative,akshare_futures_main_sina,market_data,0.75,medium,1.0,-0.85,-0.44625,0.053962900505902134,0.039888934129349934,True,ex_post_event_outcome;not_a_trade_signal
072bc65f7c25706e,000630,2026-06-08T00:00:00,2026-06-08,5,,commodity_shock,negative,akshare_futures_main_sina,market_data,0.75,medium,1.0,-0.85,-0.44625,,,False,ex_post_event_outcome;not_a_trade_signal
072bc65f7c25706e,000630,2026-06-08T00:00:00,2026-06-08,20,,commodity_shock,negative,akshare_futures_main_sina,market_data,0.75,medium,1.0,-0.85,-0.44625,,,False,ex_post_event_outcome;not_a_trade_signal
483e8b7c15c2242c,000630,2026-06-08T00:00:00,2026-06-08,1,2026-06-09,commodity_shock,negative,akshare_futures_main_sina,market_data,0.75,medium,1.0,-0.3365664206266903,-0.17669737082901238,0.053962900505902134,0.039888934129349934,True,ex_post_event_outcome;not_a_trade_signal
483e8b7c15c2242c,000630,2026-06-08T00:00:00,2026-06-08,5,,commodity_shock,negative,akshare_futures_main_sina,market_data,0.75,medium,1.0,-0.3365664206266903,-0.17669737082901238,,,False,ex_post_event_outcome;not_a_trade_signal
483e8b7c15c2242c,000630,2026-06-08T00:00:00,2026-06-08,20,,commodity_shock,negative,akshare_futures_main_sina,market_data,0.75,medium,1.0,-0.3365664206266903,-0.17669737082901238,,,False,ex_post_event_outcome;not_a_trade_signal
9bbe5b84c5521465,000630,2026-06-09T00:00:00,2026-06-09,1,2026-06-10,commodity_shock,negative,akshare_futures_main_sina,market_data,0.75,medium,1.0,-0.85,-0.44625,0.016000000000000014,0.030965847784909163,True,ex_post_event_outcome;not_a_trade_signal
9bbe5b84c5521465,000630,2026-06-09T00:00:00,2026-06-09,5,,commodity_shock,negative,akshare_futures_main_sina,market_data,0.75,medium,1.0,-0.85,-0.44625,,,False,ex_post_event_outcome;not_a_trade_signal
9bbe5b84c5521465,000630,2026-06-09T00:00:00,2026-06-09,20,,commodity_shock,negative,akshare_futures_main_sina,market_data,0.75,medium,1.0,-0.85,-0.44625,,,False,ex_post_event_outcome;not_a_trade_signal
c34e1a742f5b77f7,000630,2026-06-10T00:00:00,2026-06-10,1,,commodity_shock,negative,akshare_futures_main_sina,market_data,0.75,medium,1.0,-0.4729193105989271,-0.24828263806443673,,,False,ex_post_event_outcome;not_a_trade_signal
c34e1a742f5b77f7,000630,2026-06-10T00:00:00,2026-06-10,5,,commodity_shock,negative,akshare_futures_main_sina,market_data,0.75,medium,1.0,-0.4729193105989271,-0.24828263806443673,,,False,ex_post_event_outcome;not_a_trade_signal
c34e1a742f5b77f7,000630,2026-06-10T00:00:00,2026-06-10,20,,commodity_shock,negative,akshare_futures_main_sina,market_data,0.75,medium,1.0,-0.4729193105989271,-0.24828263806443673,,,False,ex_post_event_outcome;not_a_trade_signal
d6987b9a98fa9626,000630,2026-06-10T00:00:00,2026-06-10,1,,commodity_shock,negative,akshare_futures_main_sina,market_data,0.75,medium,1.0,-0.85,-0.44625,,,False,ex_post_event_outcome;not_a_trade_signal
d6987b9a98fa9626,000630,2026-06-10T00:00:00,2026-06-10,5,,commodity_shock,negative,akshare_futures_main_sina,market_data,0.75,medium,1.0,-0.85,-0.44625,,,False,ex_post_event_outcome;not_a_trade_signal
d6987b9a98fa9626,000630,2026-06-10T00:00:00,2026-06-10,20,,commodity_shock,negative,akshare_futures_main_sina,market_data,0.75,medium,1.0,-0.85,-0.44625,,,False,ex_post_event_outcome;not_a_trade_signal
