date,symbol,event_count_3d,event_count_20d,positive_event_count,negative_event_count,event_risk_count,event_impact_score,event_confidence_mean,latest_event_type,latest_event_title
2025-12-17,000630,15,15,1,0,0,0.013333333333333334,0.3686666666666666,general_news,子公司管理办法
2025-12-18,000630,15,15,1,0,0,0.01333333333333333,0.3686666666666666,general_news,子公司管理办法
2025-12-19,000630,15,15,1,0,0,0.013333333333333334,0.3686666666666666,general_news,子公司管理办法
2025-12-22,000630,15,15,1,0,0,0.013333333333333334,0.3686666666666666,general_news,子公司管理办法
2025-12-23,000630,0,15,1,0,0,0.013333333333333338,0.3686666666666666,general_news,子公司管理办法
2025-12-24,000630,0,15,1,0,0,0.01333333333333333,0.3686666666666666,general_news,子公司管理办法
2025-12-25,000630,0,15,1,0,0,0.013333333333333338,0.3686666666666666,general_news,子公司管理办法
2025-12-26,000630,0,15,1,0,0,0.013333333333333334,0.3686666666666666,general_news,子公司管理办法
2025-12-29,000630,0,15,1,0,0,0.01333333333333333,0.3686666666666666,general_news,子公司管理办法
2025-12-30,000630,2,17,1,0,0,-0.06190478741565592,0.3994117647058823,shareholder_change,安徽承义律师事务所关于铜陵有色金属集团股份有限公司召开2025年第三次临时股东会的法律意见书
2025-12-31,000630,3,18,1,0,0,-0.048909913215569645,0.3966666666666666,general_news,关于选举第十届董事会职工董事的公告
2026-01-01,000630,3,18,1,0,0,-0.04890991321556965,0.3966666666666666,general_news,关于选举第十届董事会职工董事的公告
2026-01-02,000630,3,18,1,0,0,-0.048909913215569645,0.3966666666666666,general_news,关于选举第十届董事会职工董事的公告
2026-01-05,000630,2,19,1,0,0,-0.03423138153985803,0.3942105263157894,general_news,关于控股子公司项目延期的公告
2026-01-06,000630,1,19,1,0,0,-0.03423138153985804,0.3942105263157894,general_news,关于控股子公司项目延期的公告
2026-01-07,000630,1,19,1,0,0,-0.03423138153985804,0.3942105263157894,general_news,关于控股子公司项目延期的公告
2026-01-08,000630,1,19,1,0,0,-0.03423138153985803,0.3942105263157894,general_news,关于控股子公司项目延期的公告
2026-01-09,000630,1,19,1,0,0,-0.03423138153985803,0.3942105263157894,general_news,关于控股子公司项目延期的公告
2026-01-12,000630,0,19,1,0,0,-0.03423138153985804,0.3942105263157894,general_news,关于控股子公司项目延期的公告
2026-01-13,000630,0,19,1,0,0,-0.03423138153985803,0.3942105263157894,general_news,关于控股子公司项目延期的公告
2026-01-14,000630,0,19,1,0,0,-0.03423138153985804,0.3942105263157894,general_news,关于控股子公司项目延期的公告
2026-01-15,000630,0,19,1,0,0,-0.034231381539858045,0.3942105263157894,general_news,关于控股子公司项目延期的公告
2026-01-16,000630,0,19,1,0,0,-0.03423138153985804,0.3942105263157894,general_news,关于控股子公司项目延期的公告
2026-01-19,000630,0,4,0,0,0,-0.054446624643242465,0.49,general_news,关于控股子公司项目延期的公告
2026-01-20,000630,0,4,0,0,0,-0.05444662464324246,0.49,general_news,关于控股子公司项目延期的公告
2026-01-21,000630,0,4,0,0,0,-0.054446624643242465,0.49,general_news,关于控股子公司项目延期的公告
2026-01-22,000630,0,4,0,0,0,-0.05444662464324246,0.49,general_news,关于控股子公司项目延期的公告
2026-01-23,000630,0,4,0,0,0,-0.05444662464324248,0.49,general_news,关于控股子公司项目延期的公告
2026-01-26,000630,0,4,0,0,0,-0.05444662464324246,0.49,general_news,关于控股子公司项目延期的公告
2026-01-27,000630,1,5,0,0,0,-0.004991005088315025,0.4619999999999999,general_news,股票交易异常波动公告
2026-01-28,000630,1,5,0,0,0,-0.004991005088315025,0.4619999999999999,general_news,股票交易异常波动公告
2026-01-29,000630,1,5,0,0,0,-0.004991005088315026,0.4619999999999999,general_news,股票交易异常波动公告
2026-01-30,000630,2,4,0,0,0,0.0,0.35,general_news,股票交易异常波动公告
2026-02-02,000630,1,3,0,0,0,0.0,0.3499999999999999,general_news,股票交易异常波动公告
2026-02-03,000630,1,3,0,0,0,0.0,0.3499999999999999,general_news,股票交易异常波动公告
2026-02-04,000630,1,3,0,0,0,0.0,0.3499999999999999,general_news,股票交易异常波动公告
2026-02-05,000630,0,2,0,0,0,0.0,0.35,general_news,股票交易异常波动公告
2026-02-06,000630,0,2,0,0,0,0.0,0.35,general_news,股票交易异常波动公告
2026-02-09,000630,0,2,0,0,0,0.0,0.35,general_news,股票交易异常波动公告
2026-02-10,000630,0,2,0,0,0,0.0,0.35,general_news,股票交易异常波动公告
2026-02-11,000630,0,2,0,0,0,0.0,0.35,general_news,股票交易异常波动公告
2026-02-12,000630,0,2,0,0,0,0.0,0.35,general_news,股票交易异常波动公告
2026-02-13,000630,0,2,0,0,0,0.0,0.35,general_news,股票交易异常波动公告
2026-02-16,000630,0,2,0,0,0,0.0,0.35,general_news,股票交易异常波动公告
2026-02-17,000630,0,2,0,0,0,0.0,0.35,general_news,股票交易异常波动公告
2026-02-18,000630,0,2,0,0,0,0.0,0.35,general_news,股票交易异常波动公告
2026-02-19,000630,0,2,0,0,0,0.0,0.35,general_news,股票交易异常波动公告
2026-02-20,000630,0,2,0,0,0,0.0,0.35,general_news,股票交易异常波动公告
2026-02-23,000630,0,2,0,0,0,0.0,0.35,general_news,股票交易异常波动公告
2026-02-24,000630,0,2,0,0,0,0.0,0.35,general_news,股票交易异常波动公告
2026-02-25,000630,0,2,0,0,0,0.0,0.35,general_news,股票交易异常波动公告
2026-02-26,000630,0,2,0,0,0,0.0,0.35,general_news,股票交易异常波动公告
2026-02-27,000630,0,1,0,0,0,0.0,0.35,general_news,股票交易异常波动公告
2026-04-20,000630,48,48,12,0,0,0.04895833333333333,0.43166666666666664,general_news,2025年年度报告摘要
2026-04-21,000630,48,48,12,0,0,0.04895833333333334,0.43166666666666664,general_news,2025年年度报告摘要
2026-04-22,000630,48,48,12,0,0,0.04895833333333334,0.43166666666666664,general_news,2025年年度报告摘要
2026-04-23,000630,48,48,12,0,0,0.04895833333333335,0.43166666666666664,general_news,2025年年度报告摘要
2026-04-24,000630,48,48,12,0,0,0.04895833333333333,0.43166666666666664,general_news,2025年年度报告摘要
2026-04-27,000630,0,48,12,0,0,0.04895833333333333,0.43166666666666664,general_news,2025年年度报告摘要
2026-04-28,000630,0,48,12,0,0,0.048958333333333326,0.43166666666666664,general_news,2025年年度报告摘要
2026-04-29,000630,5,53,12,0,0,0.027349293912698743,0.42924528301886805,general_news,董事会议事规则
2026-04-30,000630,5,53,12,0,0,0.027349293912698747,0.42924528301886805,general_news,董事会议事规则
2026-05-01,000630,5,53,12,0,0,0.027349293912698757,0.42924528301886805,general_news,董事会议事规则
2026-05-04,000630,5,53,12,0,0,0.02734929391269876,0.42924528301886805,general_news,董事会议事规则
2026-05-05,000630,0,53,12,0,0,0.027349293912698764,0.42924528301886805,general_news,董事会议事规则
2026-05-06,000630,0,53,12,0,0,0.027349293912698757,0.42924528301886805,general_news,董事会议事规则
2026-05-07,000630,0,53,12,0,0,0.027349293912698764,0.42924528301886805,general_news,董事会议事规则
2026-05-08,000630,0,53,12,0,0,0.027349293912698757,0.42924528301886805,general_news,董事会议事规则
2026-05-11,000630,0,53,12,0,0,0.02734929391269875,0.42924528301886805,general_news,董事会议事规则
2026-05-12,000630,0,53,12,0,0,0.02734929391269875,0.42924528301886805,general_news,董事会议事规则
2026-05-13,000630,0,53,12,0,0,0.02734929391269875,0.42924528301886805,general_news,董事会议事规则
2026-05-14,000630,4,57,12,0,0,-0.03929096216624681,0.43350877192982457,general_news,关于独立董事辞职的公告
2026-05-15,000630,4,57,12,0,0,-0.039290962166246834,0.43350877192982457,general_news,关于独立董事辞职的公告
2026-05-18,000630,4,57,12,0,0,-0.039290962166246814,0.43350877192982457,general_news,关于独立董事辞职的公告
2026-05-19,000630,4,57,12,0,0,-0.03929096216624683,0.43350877192982457,general_news,关于独立董事辞职的公告
2026-05-20,000630,0,57,12,0,0,-0.03929096216624682,0.43350877192982457,general_news,关于独立董事辞职的公告
2026-05-21,000630,1,10,0,0,0,-0.04347750773428361,0.434,general_news,十一届一次董事会会议决议公告
2026-05-22,000630,1,10,0,0,0,-0.04347750773428361,0.434,general_news,十一届一次董事会会议决议公告
2026-05-25,000630,1,10,0,0,0,-0.04347750773428361,0.434,general_news,十一届一次董事会会议决议公告
2026-05-26,000630,1,10,0,0,0,-0.0434775077342836,0.434,general_news,十一届一次董事会会议决议公告
2026-05-27,000630,0,10,0,0,0,-0.043477507734283605,0.434,general_news,十一届一次董事会会议决议公告
2026-05-28,000630,0,10,0,0,0,-0.04347750773428361,0.434,general_news,十一届一次董事会会议决议公告
2026-05-29,000630,1,11,0,0,0,-0.020064768223645144,0.42636363636363633,general_news,2025年年度权益分派实施公告
2025-08-26,000807,1,1,0,0,0,-0.15,0.63,shareholder_change,云南铝业股份有限公司关于召开2025年第二次临时股东大会的通知
2025-08-27,000807,1,1,0,0,0,-0.15,0.63,shareholder_change,云南铝业股份有限公司关于召开2025年第二次临时股东大会的通知
2025-08-28,000807,1,1,0,0,0,-0.15,0.63,shareholder_change,云南铝业股份有限公司关于召开2025年第二次临时股东大会的通知
2025-08-29,000807,1,1,0,0,0,-0.15,0.63,shareholder_change,云南铝业股份有限公司关于召开2025年第二次临时股东大会的通知
2025-09-01,000807,0,1,0,0,0,-0.14999999999999997,0.63,shareholder_change,云南铝业股份有限公司关于召开2025年第二次临时股东大会的通知
2025-09-02,000807,0,1,0,0,0,-0.15,0.63,shareholder_change,云南铝业股份有限公司关于召开2025年第二次临时股东大会的通知
2025-09-03,000807,0,1,0,0,0,-0.15,0.63,shareholder_change,云南铝业股份有限公司关于召开2025年第二次临时股东大会的通知
2025-09-04,000807,0,1,0,0,0,-0.15,0.63,shareholder_change,云南铝业股份有限公司关于召开2025年第二次临时股东大会的通知
2025-09-05,000807,0,1,0,0,0,-0.15,0.63,shareholder_change,云南铝业股份有限公司关于召开2025年第二次临时股东大会的通知
2025-09-08,000807,0,1,0,0,0,-0.15,0.63,shareholder_change,云南铝业股份有限公司关于召开2025年第二次临时股东大会的通知
2025-09-09,000807,0,1,0,0,0,-0.15,0.63,shareholder_change,云南铝业股份有限公司关于召开2025年第二次临时股东大会的通知
2025-09-10,000807,0,1,0,0,0,-0.15,0.63,shareholder_change,云南铝业股份有限公司关于召开2025年第二次临时股东大会的通知
2025-09-11,000807,0,1,0,0,0,-0.15,0.63,shareholder_change,云南铝业股份有限公司关于召开2025年第二次临时股东大会的通知
2025-09-12,000807,0,1,0,0,0,-0.15,0.63,shareholder_change,云南铝业股份有限公司关于召开2025年第二次临时股东大会的通知
2025-09-15,000807,3,4,0,0,0,-0.10124212771347635,0.5599999999999999,general_news,云南铝业股份有限公司章程
2025-09-16,000807,3,4,0,0,0,-0.10124212771347636,0.5599999999999999,general_news,云南铝业股份有限公司章程
2025-09-17,000807,3,4,0,0,0,-0.10124212771347635,0.5599999999999999,general_news,云南铝业股份有限公司章程
2025-09-18,000807,3,4,0,0,0,-0.10124212771347635,0.5599999999999999,general_news,云南铝业股份有限公司章程
2025-09-19,000807,0,4,0,0,0,-0.10124212771347633,0.5599999999999999,general_news,云南铝业股份有限公司章程
2025-09-22,000807,0,4,0,0,0,-0.10124212771347635,0.5599999999999999,general_news,云南铝业股份有限公司章程
2025-09-23,000807,0,4,0,0,0,-0.10124212771347635,0.5599999999999999,general_news,云南铝业股份有限公司章程
2025-09-24,000807,0,4,0,0,0,-0.10124212771347638,0.5599999999999999,general_news,云南铝业股份有限公司章程
2025-09-25,000807,0,4,0,0,0,-0.10124212771347635,0.5599999999999999,general_news,云南铝业股份有限公司章程
2025-09-26,000807,1,4,0,0,0,-0.03189653806815217,0.49,general_news,云南铝业股份有限公司关于公司总法律顾问辞职的公告
2025-09-29,000807,1,4,0,0,0,-0.03189653806815219,0.49,general_news,云南铝业股份有限公司关于公司总法律顾问辞职的公告
2025-09-30,000807,1,4,0,0,0,-0.03189653806815218,0.49,general_news,云南铝业股份有限公司关于公司总法律顾问辞职的公告
2025-10-01,000807,1,4,0,0,0,-0.03189653806815219,0.49,general_news,云南铝业股份有限公司关于公司总法律顾问辞职的公告
2025-10-02,000807,0,4,0,0,0,-0.03189653806815218,0.49,general_news,云南铝业股份有限公司关于公司总法律顾问辞职的公告
2025-10-03,000807,0,4,0,0,0,-0.03189653806815219,0.49,general_news,云南铝业股份有限公司关于公司总法律顾问辞职的公告
2025-10-06,000807,0,4,0,0,0,-0.031896538068152194,0.49,general_news,云南铝业股份有限公司关于公司总法律顾问辞职的公告
2025-10-07,000807,0,4,0,0,0,-0.03189653806815218,0.49,general_news,云南铝业股份有限公司关于公司总法律顾问辞职的公告
2025-10-08,000807,0,4,0,0,0,-0.03189653806815218,0.49,general_news,云南铝业股份有限公司关于公司总法律顾问辞职的公告
2025-10-09,000807,0,4,0,0,0,-0.03189653806815218,0.49,general_news,云南铝业股份有限公司关于公司总法律顾问辞职的公告
2025-10-10,000807,0,4,0,0,0,-0.03189653806815219,0.49,general_news,云南铝业股份有限公司关于公司总法律顾问辞职的公告
2025-10-13,000807,0,4,0,0,0,-0.03189653806815218,0.49,general_news,云南铝业股份有限公司关于公司总法律顾问辞职的公告
2025-10-14,000807,0,1,0,0,0,0.0,0.35,general_news,云南铝业股份有限公司关于公司总法律顾问辞职的公告
2025-10-15,000807,0,1,0,0,0,0.0,0.35,general_news,云南铝业股份有限公司关于公司总法律顾问辞职的公告
2025-10-16,000807,0,1,0,0,0,0.0,0.35,general_news,云南铝业股份有限公司关于公司总法律顾问辞职的公告
2025-10-17,000807,0,1,0,0,0,0.0,0.35,general_news,云南铝业股份有限公司关于公司总法律顾问辞职的公告
2025-10-20,000807,0,1,0,0,0,0.0,0.35,general_news,云南铝业股份有限公司关于公司总法律顾问辞职的公告
2025-10-21,000807,0,1,0,0,0,0.0,0.35,general_news,云南铝业股份有限公司关于公司总法律顾问辞职的公告
2025-10-22,000807,1,2,0,0,0,0.0,0.35,general_news,云南铝业股份有限公司2025年中期利润分配实施公告
2025-10-23,000807,1,2,0,0,0,0.0,0.35,general_news,云南铝业股份有限公司2025年中期利润分配实施公告
2025-10-24,000807,1,2,0,0,0,0.0,0.35,general_news,云南铝业股份有限公司2025年中期利润分配实施公告
2025-10-27,000807,2,2,0,0,0,0.0,0.35,general_news,2025年三季度报告
2025-10-28,000807,7,8,0,0,0,-0.021198980703824748,0.385,general_news,云南铝业股份有限公司关于继续使用自有资金开展保本型现金管理业务的公告
2025-10-29,000807,7,8,0,0,0,-0.02119898070382475,0.385,general_news,云南铝业股份有限公司关于继续使用自有资金开展保本型现金管理业务的公告
2025-10-30,000807,7,8,0,0,0,-0.021198980703824748,0.385,general_news,云南铝业股份有限公司关于继续使用自有资金开展保本型现金管理业务的公告
2025-10-31,000807,6,8,0,0,0,-0.021198980703824748,0.385,general_news,云南铝业股份有限公司关于继续使用自有资金开展保本型现金管理业务的公告
2025-11-03,000807,0,8,0,0,0,-0.021198980703824748,0.385,general_news,云南铝业股份有限公司关于继续使用自有资金开展保本型现金管理业务的公告
2025-11-04,000807,0,8,0,0,0,-0.02119898070382475,0.385,general_news,云南铝业股份有限公司关于继续使用自有资金开展保本型现金管理业务的公告
2025-11-05,000807,0,8,0,0,0,-0.021198980703824755,0.385,general_news,云南铝业股份有限公司关于继续使用自有资金开展保本型现金管理业务的公告
2025-11-06,000807,0,8,0,0,0,-0.02119898070382475,0.385,general_news,云南铝业股份有限公司关于继续使用自有资金开展保本型现金管理业务的公告
2025-11-07,000807,0,8,0,0,0,-0.02119898070382475,0.385,general_news,云南铝业股份有限公司关于继续使用自有资金开展保本型现金管理业务的公告
2025-11-10,000807,0,8,0,0,0,-0.02119898070382475,0.385,general_news,云南铝业股份有限公司关于继续使用自有资金开展保本型现金管理业务的公告
2025-11-11,000807,0,8,0,0,0,-0.02119898070382475,0.385,general_news,云南铝业股份有限公司关于继续使用自有资金开展保本型现金管理业务的公告
2025-11-12,000807,0,8,0,0,0,-0.02119898070382475,0.385,general_news,云南铝业股份有限公司关于继续使用自有资金开展保本型现金管理业务的公告
2025-11-13,000807,0,8,0,0,0,-0.02119898070382475,0.385,general_news,云南铝业股份有限公司关于继续使用自有资金开展保本型现金管理业务的公告
2025-11-14,000807,0,8,0,0,0,-0.02119898070382475,0.385,general_news,云南铝业股份有限公司关于继续使用自有资金开展保本型现金管理业务的公告
2025-11-17,000807,0,8,0,0,0,-0.02119898070382475,0.385,general_news,云南铝业股份有限公司关于继续使用自有资金开展保本型现金管理业务的公告
2025-11-18,000807,0,8,0,0,0,-0.02119898070382475,0.385,general_news,云南铝业股份有限公司关于继续使用自有资金开展保本型现金管理业务的公告
2025-11-19,000807,0,8,0,0,0,-0.021198980703824755,0.385,general_news,云南铝业股份有限公司关于继续使用自有资金开展保本型现金管理业务的公告
2025-11-20,000807,0,8,0,0,0,-0.021198980703824755,0.385,general_news,云南铝业股份有限公司关于继续使用自有资金开展保本型现金管理业务的公告
2025-11-21,000807,3,11,0,0,0,-0.047953365277349023,0.4009090909090908,general_news,云南铝业股份有限公司第九届董事会第十八次（临时）会议决议公告
2025-11-24,000807,3,10,0,0,0,-0.04815861272029235,0.40599999999999997,general_news,云南铝业股份有限公司第九届董事会第十八次（临时）会议决议公告
2025-11-25,000807,3,9,0,0,0,-0.048477121711996744,0.4122222222222222,general_news,云南铝业股份有限公司第九届董事会第十八次（临时）会议决议公告
2025-11-26,000807,18,24,2,0,0,0.013534691685167036,0.44333333333333336,general_news,《云南云铝涌鑫铝业有限公司2024年度审计报告》（安永华明(2025)审字第80017041_A01号）
2025-11-27,000807,15,24,2,0,0,0.013534691685167037,0.44333333333333336,general_news,《云南云铝涌鑫铝业有限公司2024年度审计报告》（安永华明(2025)审字第80017041_A01号）
2025-11-28,000807,15,18,2,0,0,0.013757599760750815,0.4588888888888889,general_news,《云南云铝泓鑫铝业有限公司2025年1-9月审计报告》（致同审字（2025）第530C034879号）
2025-12-01,000807,15,18,2,0,0,0.013757599760750808,0.4588888888888889,general_news,《云南云铝泓鑫铝业有限公司2025年1-9月审计报告》（致同审字（2025）第530C034879号）
2025-12-02,000807,0,18,2,0,0,0.013757599760750817,0.4588888888888889,general_news,《云南云铝泓鑫铝业有限公司2025年1-9月审计报告》（致同审字（2025）第530C034879号）
2025-12-03,000807,0,18,2,0,0,0.013757599760750815,0.4588888888888889,general_news,《云南云铝泓鑫铝业有限公司2025年1-9月审计报告》（致同审字（2025）第530C034879号）
2025-12-04,000807,0,18,2,0,0,0.013757599760750819,0.4588888888888889,general_news,《云南云铝泓鑫铝业有限公司2025年1-9月审计报告》（致同审字（2025）第530C034879号）
2025-12-05,000807,0,18,2,0,0,0.013757599760750814,0.4588888888888889,general_news,《云南云铝泓鑫铝业有限公司2025年1-9月审计报告》（致同审字（2025）第530C034879号）
2025-12-08,000807,0,18,2,0,0,0.013757599760750815,0.4588888888888889,general_news,《云南云铝泓鑫铝业有限公司2025年1-9月审计报告》（致同审字（2025）第530C034879号）
2025-12-09,000807,0,18,2,0,0,0.01375759976075081,0.4588888888888889,general_news,《云南云铝泓鑫铝业有限公司2025年1-9月审计报告》（致同审字（2025）第530C034879号）
2025-12-10,000807,3,21,2,0,0,-0.05151047538802988,0.47000000000000003,shareholder_change,云南海合律师事务所关于云南铝业股份有限公司2025年第三次临时股东会的见证意见书
2025-12-11,000807,3,21,2,0,0,-0.051510475388029914,0.47000000000000003,shareholder_change,云南海合律师事务所关于云南铝业股份有限公司2025年第三次临时股东会的见证意见书
2025-12-12,000807,3,21,2,0,0,-0.05151047538802989,0.47000000000000003,shareholder_change,云南海合律师事务所关于云南铝业股份有限公司2025年第三次临时股东会的见证意见书
2025-12-15,000807,3,21,2,0,0,-0.0515104753880299,0.47000000000000003,shareholder_change,云南海合律师事务所关于云南铝业股份有限公司2025年第三次临时股东会的见证意见书
2025-12-16,000807,0,21,2,0,0,-0.05151047538802989,0.47000000000000003,shareholder_change,云南海合律师事务所关于云南铝业股份有限公司2025年第三次临时股东会的见证意见书
2025-12-17,000807,0,21,2,0,0,-0.0515104753880299,0.47000000000000003,shareholder_change,云南海合律师事务所关于云南铝业股份有限公司2025年第三次临时股东会的见证意见书
2025-12-18,000807,0,21,2,0,0,-0.05151047538802989,0.47000000000000003,shareholder_change,云南海合律师事务所关于云南铝业股份有限公司2025年第三次临时股东会的见证意见书
2025-12-19,000807,0,21,2,0,0,-0.05151047538802987,0.47000000000000003,shareholder_change,云南海合律师事务所关于云南铝业股份有限公司2025年第三次临时股东会的见证意见书
2025-12-22,000807,0,18,2,0,0,-0.051570160373090215,0.4744444444444445,shareholder_change,云南海合律师事务所关于云南铝业股份有限公司2025年第三次临时股东会的见证意见书
2025-12-23,000807,3,21,2,0,0,-0.08995294389771405,0.48333333333333334,shareholder_change,云南海合律师事务所关于云南铝业股份有限公司2025年第四次临时股东会的见证意见书
2025-12-24,000807,3,21,2,0,0,-0.08995294389771406,0.48333333333333334,shareholder_change,云南海合律师事务所关于云南铝业股份有限公司2025年第四次临时股东会的见证意见书
2025-12-25,000807,3,21,2,0,0,-0.08995294389771404,0.48333333333333334,shareholder_change,云南海合律师事务所关于云南铝业股份有限公司2025年第四次临时股东会的见证意见书
2025-12-26,000807,3,21,2,0,0,-0.08995294389771406,0.48333333333333334,shareholder_change,云南海合律师事务所关于云南铝业股份有限公司2025年第四次临时股东会的见证意见书
2025-12-29,000807,0,6,0,0,0,-0.09999999999999999,0.5366666666666666,general_news,云南铝业股份有限公司第九届董事会第二十一次会议决议公告
2025-12-30,000807,0,6,0,0,0,-0.1,0.5366666666666666,general_news,云南铝业股份有限公司第九届董事会第二十一次会议决议公告
2025-12-31,000807,3,9,0,0,0,-0.06346881503541271,0.5055555555555555,general_news,云南铝业股份有限公司关于向中铝物流转让云铝物流51%股权暨关联交易的公告
2026-01-01,000807,3,9,0,0,0,-0.06346881503541271,0.5055555555555555,general_news,云南铝业股份有限公司关于向中铝物流转让云铝物流51%股权暨关联交易的公告
2026-01-02,000807,3,9,0,0,0,-0.06346881503541271,0.5055555555555555,general_news,云南铝业股份有限公司关于向中铝物流转让云铝物流51%股权暨关联交易的公告
2026-01-05,000807,3,9,0,0,0,-0.06346881503541271,0.5055555555555555,general_news,云南铝业股份有限公司关于向中铝物流转让云铝物流51%股权暨关联交易的公告
2026-01-06,000807,0,9,0,0,0,-0.06346881503541271,0.5055555555555555,general_news,云南铝业股份有限公司关于向中铝物流转让云铝物流51%股权暨关联交易的公告
2026-01-07,000807,0,9,0,0,0,-0.06346881503541271,0.5055555555555555,general_news,云南铝业股份有限公司关于向中铝物流转让云铝物流51%股权暨关联交易的公告
2026-01-08,000807,0,9,0,0,0,-0.0634688150354127,0.5055555555555555,general_news,云南铝业股份有限公司关于向中铝物流转让云铝物流51%股权暨关联交易的公告
2026-01-09,000807,0,9,0,0,0,-0.06346881503541271,0.5055555555555555,general_news,云南铝业股份有限公司关于向中铝物流转让云铝物流51%股权暨关联交易的公告
2026-01-12,000807,0,6,0,0,0,-0.06208980862037051,0.49,general_news,云南铝业股份有限公司关于向中铝物流转让云铝物流51%股权暨关联交易的公告
2026-01-13,000807,0,6,0,0,0,-0.0620898086203705,0.49,general_news,云南铝业股份有限公司关于向中铝物流转让云铝物流51%股权暨关联交易的公告
2026-01-14,000807,0,6,0,0,0,-0.06208980862037049,0.49,general_news,云南铝业股份有限公司关于向中铝物流转让云铝物流51%股权暨关联交易的公告
2026-01-15,000807,0,6,0,0,0,-0.06208980862037051,0.49,general_news,云南铝业股份有限公司关于向中铝物流转让云铝物流51%股权暨关联交易的公告
2026-01-16,000807,0,6,0,0,0,-0.06208980862037048,0.49,general_news,云南铝业股份有限公司关于向中铝物流转让云铝物流51%股权暨关联交易的公告
2026-01-19,000807,0,6,0,0,0,-0.062089808620370515,0.49,general_news,云南铝业股份有限公司关于向中铝物流转让云铝物流51%股权暨关联交易的公告
2026-01-20,000807,0,6,0,0,0,-0.06208980862037051,0.49,general_news,云南铝业股份有限公司关于向中铝物流转让云铝物流51%股权暨关联交易的公告
2026-01-21,000807,0,6,0,0,0,-0.0620898086203705,0.49,general_news,云南铝业股份有限公司关于向中铝物流转让云铝物流51%股权暨关联交易的公告
2026-01-22,000807,0,6,0,0,0,-0.06208980862037051,0.49,general_news,云南铝业股份有限公司关于向中铝物流转让云铝物流51%股权暨关联交易的公告
2026-01-23,000807,0,3,0,0,0,-0.05,0.44333333333333336,general_news,云南铝业股份有限公司关于向中铝物流转让云铝物流51%股权暨关联交易的公告
2026-01-26,000807,0,3,0,0,0,-0.049999999999999996,0.44333333333333336,general_news,云南铝业股份有限公司关于向中铝物流转让云铝物流51%股权暨关联交易的公告
2026-01-27,000807,0,3,0,0,0,-0.05,0.44333333333333336,general_news,云南铝业股份有限公司关于向中铝物流转让云铝物流51%股权暨关联交易的公告
2026-01-28,000807,0,3,0,0,0,-0.049999999999999996,0.44333333333333336,general_news,云南铝业股份有限公司关于向中铝物流转让云铝物流51%股权暨关联交易的公告
2026-01-29,000807,0,3,0,0,0,-0.049999999999999996,0.44333333333333336,general_news,云南铝业股份有限公司关于向中铝物流转让云铝物流51%股权暨关联交易的公告
2026-01-30,000807,0,3,0,0,0,-0.04999999999999999,0.44333333333333336,general_news,云南铝业股份有限公司关于向中铝物流转让云铝物流51%股权暨关联交易的公告
2026-03-02,000807,1,1,0,0,0,0.0,0.35,general_news,云南铝业股份有限公司关于公司副总经理离任的公告
2026-03-03,000807,1,1,0,0,0,0.0,0.35,general_news,云南铝业股份有限公司关于公司副总经理离任的公告
2026-03-04,000807,1,1,0,0,0,0.0,0.35,general_news,云南铝业股份有限公司关于公司副总经理离任的公告
2026-03-05,000807,1,1,0,0,0,0.0,0.35,general_news,云南铝业股份有限公司关于公司副总经理离任的公告
2026-03-06,000807,0,1,0,0,0,0.0,0.35,general_news,云南铝业股份有限公司关于公司副总经理离任的公告
2026-03-09,000807,0,1,0,0,0,0.0,0.35,general_news,云南铝业股份有限公司关于公司副总经理离任的公告
2026-03-10,000807,0,1,0,0,0,0.0,0.35,general_news,云南铝业股份有限公司关于公司副总经理离任的公告
2026-03-11,000807,0,1,0,0,0,0.0,0.35,general_news,云南铝业股份有限公司关于公司副总经理离任的公告
2026-03-12,000807,0,1,0,0,0,0.0,0.35,general_news,云南铝业股份有限公司关于公司副总经理离任的公告
2026-03-13,000807,0,1,0,0,0,0.0,0.35,general_news,云南铝业股份有限公司关于公司副总经理离任的公告
2026-03-16,000807,0,1,0,0,0,0.0,0.35,general_news,云南铝业股份有限公司关于公司副总经理离任的公告
2026-03-17,000807,0,1,0,0,0,0.0,0.35,general_news,云南铝业股份有限公司关于公司副总经理离任的公告
2026-03-18,000807,0,1,0,0,0,0.0,0.35,general_news,云南铝业股份有限公司关于公司副总经理离任的公告
2026-03-19,000807,0,1,0,0,0,0.0,0.35,general_news,云南铝业股份有限公司关于公司副总经理离任的公告
2026-03-20,000807,0,1,0,0,0,0.0,0.35,general_news,云南铝业股份有限公司关于公司副总经理离任的公告
2026-03-23,000807,0,1,0,0,0,0.0,0.35,general_news,云南铝业股份有限公司关于公司副总经理离任的公告
2026-03-24,000807,0,1,0,0,0,0.0,0.35,general_news,云南铝业股份有限公司关于公司副总经理离任的公告
2026-03-25,000807,0,1,0,0,0,0.0,0.35,general_news,云南铝业股份有限公司关于公司副总经理离任的公告
2026-03-26,000807,0,1,0,0,0,0.0,0.35,general_news,云南铝业股份有限公司关于公司副总经理离任的公告
2026-03-27,000807,0,1,0,0,0,0.0,0.35,general_news,云南铝业股份有限公司关于公司副总经理离任的公告
2026-03-30,000807,32,33,1,0,0,0.003123212386554845,0.37545454545454543,shareholder_change,云南铝业股份有限公司关于召开2025年年度股东会的通知
2026-03-31,000807,32,32,1,0,0,0.0031250000000000006,0.37625,general_news,2025年年度报告摘要
2026-04-01,000807,32,32,1,0,0,0.003125,0.37625,general_news,2025年年度报告摘要
2026-04-02,000807,32,32,1,0,0,0.003125,0.37625,general_news,2025年年度报告摘要
2026-04-03,000807,0,32,1,0,0,0.003125,0.37625,general_news,2025年年度报告摘要
2026-04-06,000807,0,32,1,0,0,0.003125,0.37625,general_news,2025年年度报告摘要
2026-04-07,000807,0,32,1,0,0,0.003125,0.37625,general_news,2025年年度报告摘要
2026-04-08,000807,0,32,1,0,0,0.003125,0.37625,general_news,2025年年度报告摘要
2026-04-09,000807,0,32,1,0,0,0.003125,0.37625,general_news,2025年年度报告摘要
2026-04-10,000807,0,32,1,0,0,0.003125,0.37625,general_news,2025年年度报告摘要
2026-04-13,000807,0,32,1,0,0,0.003125,0.37625,general_news,2025年年度报告摘要
2026-04-14,000807,0,32,1,0,0,0.003125,0.37625,general_news,2025年年度报告摘要
2026-04-15,000807,0,32,1,0,0,0.003125,0.37625,general_news,2025年年度报告摘要
2026-04-16,000807,1,33,1,0,0,0.00212342064328481,0.37545454545454543,general_news,云南铝业股份有限公司关于召开2025年度暨2026年第一季度网上业绩说明会的公告
2026-04-17,000807,1,33,1,0,0,0.00212342064328481,0.37545454545454543,general_news,云南铝业股份有限公司关于召开2025年度暨2026年第一季度网上业绩说明会的公告
2026-04-20,000807,3,35,1,0,0,-0.06790429096840044,0.39,shareholder_change,云南海合律师事务所关于云南铝业股份有限公司2025年年度股东会的见证意见书
2026-04-21,000807,3,35,1,0,0,-0.06790429096840046,0.39,shareholder_change,云南海合律师事务所关于云南铝业股份有限公司2025年年度股东会的见证意见书
2026-04-22,000807,2,35,1,0,0,-0.06790429096840046,0.39,shareholder_change,云南海合律师事务所关于云南铝业股份有限公司2025年年度股东会的见证意见书
2026-04-23,000807,2,35,1,0,0,-0.06790429096840045,0.39,shareholder_change,云南海合律师事务所关于云南铝业股份有限公司2025年年度股东会的见证意见书
2026-04-24,000807,3,38,1,0,0,-0.0052023717641341005,0.3868421052631579,general_news,云铝股份000807.SZ)：2026年一季报净利润为36.00亿元、同比较去年同期上涨269.45%
2026-04-27,000807,3,38,1,0,0,-0.005202371764134092,0.3868421052631579,general_news,云铝股份000807.SZ)：2026年一季报净利润为36.00亿元、同比较去年同期上涨269.45%
2026-04-28,000807,3,6,0,0,0,-0.006553294774473868,0.4433333333333333,general_news,云铝股份000807.SZ)：2026年一季报净利润为36.00亿元、同比较去年同期上涨269.45%
2026-04-29,000807,3,6,0,0,0,-0.006553294774473877,0.4433333333333333,general_news,云铝股份000807.SZ)：2026年一季报净利润为36.00亿元、同比较去年同期上涨269.45%
2026-04-30,000807,0,6,0,0,0,-0.006553294774473875,0.4433333333333333,general_news,云铝股份000807.SZ)：2026年一季报净利润为36.00亿元、同比较去年同期上涨269.45%
2026-05-01,000807,0,6,0,0,0,-0.00655329477447387,0.4433333333333333,general_news,云铝股份000807.SZ)：2026年一季报净利润为36.00亿元、同比较去年同期上涨269.45%
2026-05-04,000807,0,6,0,0,0,-0.006553294774473878,0.4433333333333333,general_news,云铝股份000807.SZ)：2026年一季报净利润为36.00亿元、同比较去年同期上涨269.45%
2026-05-05,000807,0,6,0,0,0,-0.006553294774473878,0.4433333333333333,general_news,云铝股份000807.SZ)：2026年一季报净利润为36.00亿元、同比较去年同期上涨269.45%
2026-05-06,000807,0,6,0,0,0,-0.0065532947744738656,0.4433333333333333,general_news,云铝股份000807.SZ)：2026年一季报净利润为36.00亿元、同比较去年同期上涨269.45%
2026-05-07,000807,0,6,0,0,0,-0.006553294774473875,0.4433333333333333,general_news,云铝股份000807.SZ)：2026年一季报净利润为36.00亿元、同比较去年同期上涨269.45%
2026-05-08,000807,0,6,0,0,0,-0.006553294774473873,0.4433333333333333,general_news,云铝股份000807.SZ)：2026年一季报净利润为36.00亿元、同比较去年同期上涨269.45%
2026-05-11,000807,0,6,0,0,0,-0.006553294774473874,0.4433333333333333,general_news,云铝股份000807.SZ)：2026年一季报净利润为36.00亿元、同比较去年同期上涨269.45%
2026-05-12,000807,0,6,0,0,0,-0.006553294774473886,0.4433333333333333,general_news,云铝股份000807.SZ)：2026年一季报净利润为36.00亿元、同比较去年同期上涨269.45%
2026-05-13,000807,0,6,0,0,0,-0.006553294774473868,0.4433333333333333,general_news,云铝股份000807.SZ)：2026年一季报净利润为36.00亿元、同比较去年同期上涨269.45%
2026-05-14,000807,0,6,0,0,0,-0.006553294774473871,0.4433333333333333,general_news,云铝股份000807.SZ)：2026年一季报净利润为36.00亿元、同比较去年同期上涨269.45%
2026-05-15,000807,0,6,0,0,0,-0.006553294774473871,0.4433333333333333,general_news,云铝股份000807.SZ)：2026年一季报净利润为36.00亿元、同比较去年同期上涨269.45%
2026-05-18,000807,0,5,0,0,0,-0.007096299909978534,0.4619999999999999,general_news,云铝股份000807.SZ)：2026年一季报净利润为36.00亿元、同比较去年同期上涨269.45%
2026-05-19,000807,0,3,0,0,0,0.03333333333333333,0.3499999999999999,general_news,云铝股份000807.SZ)：2026年一季报净利润为36.00亿元、同比较去年同期上涨269.45%
2026-05-20,000807,0,3,0,0,0,0.03333333333333333,0.3499999999999999,general_news,云铝股份000807.SZ)：2026年一季报净利润为36.00亿元、同比较去年同期上涨269.45%
2026-05-21,000807,1,4,0,0,0,0.001986889326752631,0.35,general_news,云南铝业股份有限公司关于公司副总经理离任的公告
2026-05-22,000807,1,4,0,0,0,0.001986889326752632,0.35,general_news,云南铝业股份有限公司关于公司副总经理离任的公告
2026-05-25,000807,1,1,0,0,0,0.0,0.35,general_news,云南铝业股份有限公司关于公司副总经理离任的公告
2026-05-26,000807,3,3,1,0,0,0.08033607279967858,0.44333333333333336,commodity_shock,有色金属行业5月26日资金流向日报
2026-05-27,000807,3,4,1,0,0,0.10239468251043345,0.49,fund_flow,有色金属行业今日跌3.73%，主力资金净流出75.70亿元
2026-05-28,000807,4,5,1,0,0,0.11513116900763026,0.518,fund_flow,60股获融资客逆市净买入超亿元
2026-05-29,000807,4,5,1,0,0,0.11513116900763029,0.518,fund_flow,60股获融资客逆市净买入超亿元
2026-06-01,000807,3,6,1,0,0,0.07812046948302451,0.49,general_news,云铝股份：目前电解铝生产线处于满负荷生产状态
2026-06-02,000807,3,7,2,0,0,0.11109079167862036,0.51,commodity_shock,82.33亿元主力资金今日抢筹有色金属板块
2026-06-03,000807,2,7,2,0,0,0.11109079167862036,0.51,commodity_shock,82.33亿元主力资金今日抢筹有色金属板块
2026-06-04,000807,4,9,3,0,0,0.10644829594590499,0.5144444444444445,commodity_shock,有色金属行业6月4日资金流向日报
2026-06-05,000807,5,10,3,0,0,0.0857461384079434,0.49799999999999994,general_news,杠杆资金大手笔加仓股名单
2026-06-08,000807,3,10,3,0,0,0.08574613840794339,0.49799999999999994,general_news,杠杆资金大手笔加仓股名单
2026-06-09,000807,4,11,4,0,0,0.1790555467383776,0.5099999999999999,buyback_dividend,抢权行情能否上演？ 这些股即将实施分红
2025-06-24,000831,2,2,0,0,0,0.0,0.35,general_news,第九届董事会第十八次会议决议公告
2025-06-25,000831,2,2,0,0,0,0.0,0.35,general_news,第九届董事会第十八次会议决议公告
2025-06-26,000831,2,2,0,0,0,0.0,0.35,general_news,第九届董事会第十八次会议决议公告
2025-06-27,000831,2,2,0,0,0,0.0,0.35,general_news,第九届董事会第十八次会议决议公告
2025-06-30,000831,1,3,0,0,0,0.0,0.3499999999999999,general_news,澄清公告
2025-07-01,000831,1,3,0,0,0,0.0,0.3499999999999999,general_news,澄清公告
2025-07-02,000831,1,3,0,0,0,0.0,0.3499999999999999,general_news,澄清公告
2025-07-03,000831,2,4,0,0,0,-0.06804741986354995,0.42000000000000004,shareholder_change,关于召开2025年第二临时股东大会的提示性公告
2025-07-04,000831,2,4,0,0,0,-0.06804741986354994,0.42000000000000004,shareholder_change,关于召开2025年第二临时股东大会的提示性公告
2025-07-07,000831,1,4,0,0,0,-0.06804741986354995,0.42000000000000004,shareholder_change,关于召开2025年第二临时股东大会的提示性公告
2025-07-08,000831,1,4,0,0,0,-0.06804741986354995,0.42000000000000004,shareholder_change,关于召开2025年第二临时股东大会的提示性公告
2025-07-09,000831,0,4,0,0,0,-0.06804741986354995,0.42000000000000004,shareholder_change,关于召开2025年第二临时股东大会的提示性公告
2025-07-10,000831,4,8,0,0,0,-0.07382806969384034,0.45499999999999996,general_news,关于持续督导保荐机构变更保荐代表人的公告
2025-07-11,000831,4,8,0,0,0,-0.07382806969384037,0.45499999999999996,general_news,关于持续督导保荐机构变更保荐代表人的公告
2025-07-14,000831,4,8,0,0,0,-0.07382806969384036,0.45499999999999996,general_news,关于持续督导保荐机构变更保荐代表人的公告
2025-07-15,000831,5,9,0,0,0,-0.05182368237481484,0.4433333333333333,general_news,2025年半年度业绩预告
2025-07-16,000831,1,9,0,0,0,-0.051823682374814835,0.4433333333333333,general_news,2025年半年度业绩预告
2025-07-17,000831,1,9,0,0,0,-0.05182368237481484,0.4433333333333333,general_news,2025年半年度业绩预告
2025-07-18,000831,1,9,0,0,0,-0.05182368237481485,0.4433333333333333,general_news,2025年半年度业绩预告
2025-07-21,000831,0,9,0,0,0,-0.05182368237481484,0.4433333333333333,general_news,2025年半年度业绩预告
2025-07-22,000831,0,9,0,0,0,-0.05182368237481484,0.4433333333333333,general_news,2025年半年度业绩预告
2025-07-23,000831,0,9,0,0,0,-0.05182368237481483,0.4433333333333333,general_news,2025年半年度业绩预告
2025-07-24,000831,0,9,0,0,0,-0.051823682374814835,0.4433333333333333,general_news,2025年半年度业绩预告
2025-07-25,000831,0,7,0,0,0,-0.0534087459949543,0.47000000000000003,general_news,2025年半年度业绩预告
2025-07-28,000831,0,7,0,0,0,-0.053408745994954286,0.47000000000000003,general_news,2025年半年度业绩预告
2025-07-29,000831,0,7,0,0,0,-0.053408745994954286,0.47000000000000003,general_news,2025年半年度业绩预告
2025-07-30,000831,0,7,0,0,0,-0.0534087459949543,0.47000000000000003,general_news,2025年半年度业绩预告
2025-07-31,000831,0,6,0,0,0,-0.055405352916609835,0.49,general_news,2025年半年度业绩预告
2025-08-01,000831,0,6,0,0,0,-0.05540535291660982,0.49,general_news,2025年半年度业绩预告
2025-08-04,000831,0,5,0,0,0,-0.04964645871169338,0.462,general_news,2025年半年度业绩预告
2025-08-05,000831,0,5,0,0,0,-0.04964645871169339,0.462,general_news,2025年半年度业绩预告
2025-08-06,000831,0,5,0,0,0,-0.04964645871169338,0.462,general_news,2025年半年度业绩预告
2025-08-07,000831,0,5,0,0,0,-0.04964645871169338,0.462,general_news,2025年半年度业绩预告
2025-08-08,000831,0,5,0,0,0,-0.04964645871169338,0.462,general_news,2025年半年度业绩预告
2025-08-11,000831,0,1,0,0,0,0.0,0.35,general_news,2025年半年度业绩预告
2025-08-12,000831,0,1,0,0,0,0.0,0.35,general_news,2025年半年度业绩预告
2025-08-13,000831,0,1,0,0,0,0.0,0.35,general_news,2025年半年度业绩预告
2025-08-14,000831,0,1,0,0,0,0.0,0.35,general_news,2025年半年度业绩预告
2025-09-01,000831,16,16,0,0,0,-0.027555442442390197,0.40249999999999997,general_news,股票交易异常波动公告
2025-09-02,000831,16,16,0,0,0,-0.027555442442390197,0.40249999999999997,general_news,股票交易异常波动公告
2025-09-03,000831,16,16,0,0,0,-0.0275554424423902,0.40249999999999997,general_news,股票交易异常波动公告
2025-09-04,000831,16,16,0,0,0,-0.0275554424423902,0.40249999999999997,general_news,股票交易异常波动公告
2025-09-05,000831,1,16,0,0,0,-0.027555442442390197,0.40249999999999997,general_news,股票交易异常波动公告
2025-09-08,000831,1,17,0,0,0,-0.023623294720340905,0.3994117647058823,general_news,关于召开2025年半年度业绩说明会的公告
2025-09-09,000831,1,17,0,0,0,-0.0236232947203409,0.3994117647058823,general_news,关于召开2025年半年度业绩说明会的公告
2025-09-10,000831,2,18,0,0,0,-0.04911586317400832,0.41222222222222216,shareholder_change,关于召开2025年第三次临时股东大会的提示性公告
2025-09-11,000831,2,18,0,0,0,-0.04911586317400832,0.41222222222222216,shareholder_change,关于召开2025年第三次临时股东大会的提示性公告
2025-09-12,000831,1,18,0,0,0,-0.04911586317400832,0.41222222222222216,shareholder_change,关于召开2025年第三次临时股东大会的提示性公告
2025-09-15,000831,1,18,0,0,0,-0.04911586317400832,0.41222222222222216,shareholder_change,关于召开2025年第三次临时股东大会的提示性公告
2025-09-16,000831,0,18,0,0,0,-0.04911586317400831,0.41222222222222216,shareholder_change,关于召开2025年第三次临时股东大会的提示性公告
2025-09-17,000831,2,20,0,0,0,-0.10188335090185359,0.4339999999999999,shareholder_change,2025年第三次临时股东大会的法律意见书
2025-09-18,000831,2,20,0,0,0,-0.10188335090185356,0.4339999999999999,shareholder_change,2025年第三次临时股东大会的法律意见书
2025-09-19,000831,2,20,0,0,0,-0.10188335090185356,0.4339999999999999,shareholder_change,2025年第三次临时股东大会的法律意见书
2025-09-22,000831,2,20,0,0,0,-0.10188335090185359,0.4339999999999999,shareholder_change,2025年第三次临时股东大会的法律意见书
2025-09-23,000831,0,20,0,0,0,-0.10188335090185356,0.4339999999999999,shareholder_change,2025年第三次临时股东大会的法律意见书
2025-09-24,000831,0,20,0,0,0,-0.1018833509018536,0.4339999999999999,shareholder_change,2025年第三次临时股东大会的法律意见书
2025-09-25,000831,0,20,0,0,0,-0.10188335090185362,0.4339999999999999,shareholder_change,2025年第三次临时股东大会的法律意见书
2025-09-26,000831,0,20,0,0,0,-0.10188335090185359,0.4339999999999999,shareholder_change,2025年第三次临时股东大会的法律意见书
2025-09-29,000831,0,20,0,0,0,-0.10188335090185356,0.4339999999999999,shareholder_change,2025年第三次临时股东大会的法律意见书
2025-09-30,000831,0,5,0,0,0,-0.132662781989179,0.518,shareholder_change,2025年第三次临时股东大会决议公告
2025-10-01,000831,0,5,0,0,0,-0.132662781989179,0.518,shareholder_change,2025年第三次临时股东大会决议公告
2025-10-02,000831,0,4,0,0,0,-0.13790111282820558,0.56,shareholder_change,2025年第三次临时股东大会决议公告
2025-10-03,000831,0,4,0,0,0,-0.13790111282820558,0.56,shareholder_change,2025年第三次临时股东大会决议公告
2025-10-06,000831,0,4,0,0,0,-0.13790111282820558,0.56,shareholder_change,2025年第三次临时股东大会决议公告
2025-10-07,000831,0,3,0,0,0,-0.15,0.63,shareholder_change,2025年第三次临时股东大会决议公告
2025-10-08,000831,0,3,0,0,0,-0.15,0.63,shareholder_change,2025年第三次临时股东大会决议公告
2025-10-09,000831,0,3,0,0,0,-0.15,0.63,shareholder_change,2025年第三次临时股东大会决议公告
2025-10-10,000831,0,3,0,0,0,-0.15,0.63,shareholder_change,2025年第三次临时股东大会决议公告
2025-10-13,000831,0,2,0,0,0,-0.15,0.63,shareholder_change,2025年第三次临时股东大会决议公告
2025-10-14,000831,0,2,0,0,0,-0.15,0.63,shareholder_change,2025年第三次临时股东大会决议公告
2025-10-15,000831,0,2,0,0,0,-0.15,0.63,shareholder_change,2025年第三次临时股东大会决议公告
2025-10-16,000831,0,2,0,0,0,-0.15,0.63,shareholder_change,2025年第三次临时股东大会决议公告
2025-10-17,000831,0,2,0,0,0,-0.15,0.63,shareholder_change,2025年第三次临时股东大会决议公告
2025-10-30,000831,2,2,0,0,0,0.0,0.35,general_news,2025年三季度报告
2025-10-31,000831,2,2,0,0,0,0.0,0.35,general_news,2025年三季度报告
2025-11-03,000831,2,2,0,0,0,0.0,0.35,general_news,2025年三季度报告
2025-11-04,000831,2,2,0,0,0,0.0,0.35,general_news,2025年三季度报告
2025-11-05,000831,0,2,0,0,0,0.0,0.35,general_news,2025年三季度报告
2025-11-06,000831,0,2,0,0,0,0.0,0.35,general_news,2025年三季度报告
2025-11-07,000831,0,2,0,0,0,0.0,0.35,general_news,2025年三季度报告
2025-11-10,000831,0,2,0,0,0,0.0,0.35,general_news,2025年三季度报告
2025-11-11,000831,0,2,0,0,0,0.0,0.35,general_news,2025年三季度报告
2025-11-12,000831,0,2,0,0,0,0.0,0.35,general_news,2025年三季度报告
2025-11-13,000831,0,2,0,0,0,0.0,0.35,general_news,2025年三季度报告
2025-11-14,000831,0,2,0,0,0,0.0,0.35,general_news,2025年三季度报告
2025-11-17,000831,0,2,0,0,0,0.0,0.35,general_news,2025年三季度报告
2025-11-18,000831,0,2,0,0,0,0.0,0.35,general_news,2025年三季度报告
2025-11-19,000831,0,2,0,0,0,0.0,0.35,general_news,2025年三季度报告
2025-11-20,000831,0,2,0,0,0,0.0,0.35,general_news,2025年三季度报告
2025-11-21,000831,0,2,0,0,0,0.0,0.35,general_news,2025年三季度报告
2025-11-24,000831,0,2,0,0,0,0.0,0.35,general_news,2025年三季度报告
2025-11-25,000831,0,2,0,0,0,0.0,0.35,general_news,2025年三季度报告
2025-11-26,000831,0,2,0,0,0,0.0,0.35,general_news,2025年三季度报告
2025-11-27,000831,0,2,0,0,0,0.0,0.35,general_news,2025年三季度报告
2025-11-28,000831,0,2,0,0,0,0.0,0.35,general_news,2025年三季度报告
2025-12-09,000831,6,6,0,0,0,-0.049999999999999996,0.4433333333333333,general_news,第九届董事会第二十二次会议决议公告
2025-12-10,000831,6,6,0,0,0,-0.049999999999999996,0.4433333333333333,general_news,第九届董事会第二十二次会议决议公告
2025-12-11,000831,6,6,0,0,0,-0.04999999999999999,0.4433333333333333,general_news,第九届董事会第二十二次会议决议公告
2025-12-12,000831,6,6,0,0,0,-0.05,0.4433333333333333,general_news,第九届董事会第二十二次会议决议公告
2025-12-15,000831,0,6,0,0,0,-0.05,0.4433333333333333,general_news,第九届董事会第二十二次会议决议公告
2025-12-16,000831,0,6,0,0,0,-0.049999999999999996,0.4433333333333333,general_news,第九届董事会第二十二次会议决议公告
2025-12-17,000831,0,6,0,0,0,-0.05,0.4433333333333333,general_news,第九届董事会第二十二次会议决议公告
2025-12-18,000831,1,7,0,0,0,-0.0876121083458203,0.47000000000000003,shareholder_change,关于召开2025年第四次临时股东会的提示性公告
2025-12-19,000831,1,7,0,0,0,-0.08761210834582028,0.47000000000000003,shareholder_change,关于召开2025年第四次临时股东会的提示性公告
2025-12-22,000831,1,7,0,0,0,-0.08761210834582027,0.47000000000000003,shareholder_change,关于召开2025年第四次临时股东会的提示性公告
2025-12-23,000831,1,7,0,0,0,-0.08761210834582028,0.47000000000000003,shareholder_change,关于召开2025年第四次临时股东会的提示性公告
2025-12-24,000831,0,7,0,0,0,-0.0876121083458203,0.47000000000000003,shareholder_change,关于召开2025年第四次临时股东会的提示性公告
2025-12-25,000831,2,9,0,0,0,-0.12951006162912615,0.5055555555555555,shareholder_change,2025年第四次临时股东会决议公告
2025-12-26,000831,2,9,0,0,0,-0.12951006162912615,0.5055555555555555,shareholder_change,2025年第四次临时股东会决议公告
2025-12-29,000831,2,9,0,0,0,-0.12951006162912615,0.5055555555555555,shareholder_change,2025年第四次临时股东会决议公告
2025-12-30,000831,2,9,0,0,0,-0.12951006162912612,0.5055555555555555,shareholder_change,2025年第四次临时股东会决议公告
2025-12-31,000831,0,9,0,0,0,-0.12951006162912612,0.5055555555555555,shareholder_change,2025年第四次临时股东会决议公告
2026-01-01,000831,0,9,0,0,0,-0.12951006162912612,0.5055555555555555,shareholder_change,2025年第四次临时股东会决议公告
2026-01-02,000831,0,9,0,0,0,-0.12951006162912615,0.5055555555555555,shareholder_change,2025年第四次临时股东会决议公告
2026-01-05,000831,0,9,0,0,0,-0.12951006162912618,0.5055555555555555,shareholder_change,2025年第四次临时股东会决议公告
2026-01-06,000831,0,9,0,0,0,-0.12951006162912618,0.5055555555555555,shareholder_change,2025年第四次临时股东会决议公告
2026-01-07,000831,0,9,0,0,0,-0.12951006162912618,0.5055555555555555,shareholder_change,2025年第四次临时股东会决议公告
2026-01-08,000831,0,9,0,0,0,-0.12951006162912615,0.5055555555555555,shareholder_change,2025年第四次临时股东会决议公告
2026-01-09,000831,0,3,0,0,0,-0.15,0.63,shareholder_change,2025年第四次临时股东会决议公告
2026-01-12,000831,0,3,0,0,0,-0.15,0.63,shareholder_change,2025年第四次临时股东会决议公告
2026-01-13,000831,0,3,0,0,0,-0.15,0.63,shareholder_change,2025年第四次临时股东会决议公告
2026-01-14,000831,0,3,0,0,0,-0.15,0.63,shareholder_change,2025年第四次临时股东会决议公告
2026-01-15,000831,0,3,0,0,0,-0.15,0.63,shareholder_change,2025年第四次临时股东会决议公告
2026-01-16,000831,0,3,0,0,0,-0.15,0.63,shareholder_change,2025年第四次临时股东会决议公告
2026-01-19,000831,0,2,0,0,0,-0.15,0.63,shareholder_change,2025年第四次临时股东会决议公告
2026-01-20,000831,0,2,0,0,0,-0.15,0.63,shareholder_change,2025年第四次临时股东会决议公告
2026-01-21,000831,0,2,0,0,0,-0.15,0.63,shareholder_change,2025年第四次临时股东会决议公告
2026-01-22,000831,0,2,0,0,0,-0.15,0.63,shareholder_change,2025年第四次临时股东会决议公告
2026-01-23,000831,0,2,0,0,0,-0.15,0.63,shareholder_change,2025年第四次临时股东会决议公告
2026-01-27,000831,1,1,0,0,0,0.0,0.35,general_news,2025年年度业绩预告
2026-01-28,000831,1,1,0,0,0,0.0,0.35,general_news,2025年年度业绩预告
2026-01-29,000831,1,1,0,0,0,0.0,0.35,general_news,2025年年度业绩预告
2026-01-30,000831,1,1,0,0,0,0.0,0.35,general_news,2025年年度业绩预告
2026-02-02,000831,0,1,0,0,0,0.0,0.35,general_news,2025年年度业绩预告
2026-02-03,000831,0,1,0,0,0,0.0,0.35,general_news,2025年年度业绩预告
2026-02-04,000831,0,1,0,0,0,0.0,0.35,general_news,2025年年度业绩预告
2026-02-05,000831,0,1,0,0,0,0.0,0.35,general_news,2025年年度业绩预告
2026-02-06,000831,0,1,0,0,0,0.0,0.35,general_news,2025年年度业绩预告
2026-02-09,000831,0,1,0,0,0,0.0,0.35,general_news,2025年年度业绩预告
2026-02-10,000831,0,1,0,0,0,0.0,0.35,general_news,2025年年度业绩预告
2026-02-11,000831,0,1,0,0,0,0.0,0.35,general_news,2025年年度业绩预告
2026-02-12,000831,0,1,0,0,0,0.0,0.35,general_news,2025年年度业绩预告
2026-02-13,000831,0,1,0,0,0,0.0,0.35,general_news,2025年年度业绩预告
2026-02-16,000831,0,1,0,0,0,0.0,0.35,general_news,2025年年度业绩预告
2026-02-17,000831,0,1,0,0,0,0.0,0.35,general_news,2025年年度业绩预告
2026-02-18,000831,0,1,0,0,0,0.0,0.35,general_news,2025年年度业绩预告
2026-02-19,000831,0,1,0,0,0,0.0,0.35,general_news,2025年年度业绩预告
2026-02-20,000831,0,1,0,0,0,0.0,0.35,general_news,2025年年度业绩预告
2026-02-23,000831,0,1,0,0,0,0.0,0.35,general_news,2025年年度业绩预告
2026-02-24,000831,0,1,0,0,0,0.0,0.35,general_news,2025年年度业绩预告
2026-02-25,000831,0,1,0,0,0,0.0,0.35,general_news,2025年年度业绩预告
2026-02-26,000831,0,1,0,0,0,0.0,0.35,general_news,2025年年度业绩预告
2026-04-20,000831,1,1,0,0,0,0.0,0.35,general_news,关于董事会延期换届的提示性公告
2026-04-21,000831,1,1,0,0,0,0.0,0.35,general_news,关于董事会延期换届的提示性公告
2026-04-22,000831,1,1,0,0,0,0.0,0.35,general_news,关于董事会延期换届的提示性公告
2026-04-23,000831,1,1,0,0,0,0.0,0.35,general_news,关于董事会延期换届的提示性公告
2026-04-24,000831,0,1,0,0,0,0.0,0.35,general_news,关于董事会延期换届的提示性公告
2026-04-27,000831,0,1,0,0,0,0.0,0.35,general_news,关于董事会延期换届的提示性公告
2026-04-28,000831,35,36,5,0,0,0.026958269223994094,0.4222222222222222,performance_beat,中国稀土000831.SZ)：2025年年报净利润为1.73亿元，同比扭亏为盈
2026-04-29,000831,35,36,5,0,0,0.026958269223994094,0.4222222222222222,performance_beat,中国稀土000831.SZ)：2025年年报净利润为1.73亿元，同比扭亏为盈
2026-04-30,000831,35,36,5,0,0,0.0269582692239941,0.4222222222222222,performance_beat,中国稀土000831.SZ)：2025年年报净利润为1.73亿元，同比扭亏为盈
2026-05-01,000831,35,36,5,0,0,0.026958269223994098,0.4222222222222222,performance_beat,中国稀土000831.SZ)：2025年年报净利润为1.73亿元，同比扭亏为盈
2026-05-04,000831,0,36,5,0,0,0.026958269223994098,0.4222222222222222,performance_beat,中国稀土000831.SZ)：2025年年报净利润为1.73亿元，同比扭亏为盈
2026-05-05,000831,0,36,5,0,0,0.02695826922399409,0.4222222222222222,performance_beat,中国稀土000831.SZ)：2025年年报净利润为1.73亿元，同比扭亏为盈
2026-05-06,000831,0,36,5,0,0,0.026958269223994094,0.4222222222222222,performance_beat,中国稀土000831.SZ)：2025年年报净利润为1.73亿元，同比扭亏为盈
2026-05-07,000831,2,38,5,0,0,0.02236654392595544,0.4184210526315789,general_news,关于召开2025年度暨2026年第一季度业绩说明会的公告
2026-05-08,000831,2,38,5,0,0,0.022366543925955426,0.4184210526315789,general_news,关于召开2025年度暨2026年第一季度业绩说明会的公告
2026-05-11,000831,2,38,5,0,0,0.022366543925955433,0.4184210526315789,general_news,关于召开2025年度暨2026年第一季度业绩说明会的公告
2026-05-12,000831,2,38,5,0,0,0.02236654392595543,0.4184210526315789,general_news,关于召开2025年度暨2026年第一季度业绩说明会的公告
2026-05-13,000831,0,38,5,0,0,0.022366543925955436,0.4184210526315789,general_news,关于召开2025年度暨2026年第一季度业绩说明会的公告
2026-05-14,000831,0,38,5,0,0,0.02236654392595543,0.4184210526315789,general_news,关于召开2025年度暨2026年第一季度业绩说明会的公告
2026-05-15,000831,1,39,5,0,0,-0.013962177873439943,0.4238461538461539,shareholder_change,关于召开2025年年度股东会的提示性公告
2026-05-18,000831,1,39,5,0,0,-0.01396217787343993,0.4238461538461539,shareholder_change,关于召开2025年年度股东会的提示性公告
2026-05-19,000831,1,38,5,0,0,-0.014024630789615706,0.4257894736842105,shareholder_change,关于召开2025年年度股东会的提示性公告
2026-05-20,000831,1,38,5,0,0,-0.014024630789615704,0.4257894736842105,shareholder_change,关于召开2025年年度股东会的提示性公告
2026-05-21,000831,0,38,5,0,0,-0.014024630789615702,0.4257894736842105,shareholder_change,关于召开2025年年度股东会的提示性公告
2026-05-22,000831,2,40,5,0,0,-0.08678384259195358,0.43600000000000005,shareholder_change,2025年年度股东会的法律意见书
2026-05-25,000831,2,40,5,0,0,-0.08678384259195361,0.43600000000000005,shareholder_change,2025年年度股东会的法律意见书
2026-05-26,000831,2,40,5,0,0,-0.0867838425919536,0.43600000000000005,shareholder_change,2025年年度股东会的法律意见书
2026-05-27,000831,2,40,5,0,0,-0.08678384259195361,0.43600000000000005,shareholder_change,2025年年度股东会的法律意见书
2026-05-28,000831,0,40,5,0,0,-0.0867838425919536,0.43600000000000005,shareholder_change,2025年年度股东会的法律意见书
2026-05-29,000831,0,5,0,0,0,-0.13647626917727587,0.518,shareholder_change,2025年年度股东会决议公告
2026-06-01,000831,0,5,0,0,0,-0.13647626917727587,0.518,shareholder_change,2025年年度股东会决议公告
2026-06-02,000831,0,5,0,0,0,-0.1364762691772759,0.518,shareholder_change,2025年年度股东会决议公告
2026-06-03,000831,1,6,0,0,0,0.024535050285241576,0.49,general_news,【盘中播报】72只个股突破半年线
2026-06-04,000831,2,7,1,0,0,0.10172432380635184,0.51,commodity_shock,有色金属行业6月4日资金流向日报
2026-06-05,000831,2,7,1,0,0,0.10172432380635184,0.51,commodity_shock,有色金属行业6月4日资金流向日报
2026-06-08,000831,3,6,2,0,0,0.14608100280639708,0.61,commodity_shock,有色金属行业资金流出榜：紫金矿业、北方稀土等净流出资金居前
2026-06-09,000831,4,8,2,0,0,0.12281811188053426,0.545,general_news,今日145只个股突破半年线
2026-02-26,000878,4,4,3,0,0,0.15000000000000002,0.5599999999999999,commodity_shock,云南铜业股份有限公司发行股份购买资产并募集配套资金暨关联交易之募集配套资金向特定对象发行股票发行情况报告书
2026-02-27,000878,4,4,3,0,0,0.15000000000000002,0.5599999999999999,commodity_shock,云南铜业股份有限公司发行股份购买资产并募集配套资金暨关联交易之募集配套资金向特定对象发行股票发行情况报告书
2026-03-02,000878,4,4,3,0,0,0.15000000000000002,0.5599999999999999,commodity_shock,云南铜业股份有限公司发行股份购买资产并募集配套资金暨关联交易之募集配套资金向特定对象发行股票发行情况报告书
2026-03-03,000878,4,4,3,0,0,0.15,0.5599999999999999,commodity_shock,云南铜业股份有限公司发行股份购买资产并募集配套资金暨关联交易之募集配套资金向特定对象发行股票发行情况报告书
2026-03-04,000878,0,4,3,0,0,0.15000000000000002,0.5599999999999999,commodity_shock,云南铜业股份有限公司发行股份购买资产并募集配套资金暨关联交易之募集配套资金向特定对象发行股票发行情况报告书
2026-03-05,000878,0,4,3,0,0,0.15000000000000002,0.5599999999999999,commodity_shock,云南铜业股份有限公司发行股份购买资产并募集配套资金暨关联交易之募集配套资金向特定对象发行股票发行情况报告书
2026-03-06,000878,1,5,3,0,0,0.12802802615108244,0.574,industry_policy,关于开立募集资金专户并签订募集资金三方监管协议的公告
2026-03-09,000878,1,5,3,0,0,0.12802802615108244,0.574,industry_policy,关于开立募集资金专户并签订募集资金三方监管协议的公告
2026-03-10,000878,1,5,3,0,0,0.1280280261510824,0.574,industry_policy,关于开立募集资金专户并签订募集资金三方监管协议的公告
2026-03-11,000878,6,10,5,0,0,0.08875102465787482,0.518,general_news,发行股份购买资产并募集配套资金暨关联交易之向特定对象发行股票募集配套资金实施情况暨新增股份上市公告书
2026-03-12,000878,5,10,5,0,0,0.08875102465787482,0.518,general_news,发行股份购买资产并募集配套资金暨关联交易之向特定对象发行股票募集配套资金实施情况暨新增股份上市公告书
2026-03-13,000878,5,10,5,0,0,0.08875102465787482,0.518,general_news,发行股份购买资产并募集配套资金暨关联交易之向特定对象发行股票募集配套资金实施情况暨新增股份上市公告书
2026-03-16,000878,5,10,5,0,0,0.0887510246578748,0.518,general_news,发行股份购买资产并募集配套资金暨关联交易之向特定对象发行股票募集配套资金实施情况暨新增股份上市公告书
2026-03-17,000878,0,10,5,0,0,0.0887510246578748,0.518,general_news,发行股份购买资产并募集配套资金暨关联交易之向特定对象发行股票募集配套资金实施情况暨新增股份上市公告书
2026-03-18,000878,0,10,5,0,0,0.0887510246578748,0.518,general_news,发行股份购买资产并募集配套资金暨关联交易之向特定对象发行股票募集配套资金实施情况暨新增股份上市公告书
2026-03-19,000878,0,10,5,0,0,0.08875102465787478,0.518,general_news,发行股份购买资产并募集配套资金暨关联交易之向特定对象发行股票募集配套资金实施情况暨新增股份上市公告书
2026-03-20,000878,0,10,5,0,0,0.08875102465787481,0.518,general_news,发行股份购买资产并募集配套资金暨关联交易之向特定对象发行股票募集配套资金实施情况暨新增股份上市公告书
2026-03-23,000878,0,10,5,0,0,0.08875102465787481,0.518,general_news,发行股份购买资产并募集配套资金暨关联交易之向特定对象发行股票募集配套资金实施情况暨新增股份上市公告书
2026-03-24,000878,0,10,5,0,0,0.08875102465787481,0.518,general_news,发行股份购买资产并募集配套资金暨关联交易之向特定对象发行股票募集配套资金实施情况暨新增股份上市公告书
2026-03-25,000878,0,10,5,0,0,0.08875102465787481,0.518,general_news,发行股份购买资产并募集配套资金暨关联交易之向特定对象发行股票募集配套资金实施情况暨新增股份上市公告书
2026-03-26,000878,0,10,5,0,0,0.0887510246578748,0.518,general_news,发行股份购买资产并募集配套资金暨关联交易之向特定对象发行股票募集配套资金实施情况暨新增股份上市公告书
2026-03-27,000878,52,62,13,0,0,0.026703488249360443,0.4416129032258065,general_news,关于变更注册资本暨修订《公司章程》的公告
2026-03-30,000878,52,58,10,0,0,0.02655450085508464,0.433448275862069,industry_policy,关于会计政策变更的公告
2026-03-31,000878,52,58,10,0,0,0.026554500855084633,0.433448275862069,industry_policy,关于会计政策变更的公告
2026-04-01,000878,52,58,10,0,0,0.026554500855084637,0.433448275862069,industry_policy,关于会计政策变更的公告
2026-04-02,000878,0,58,10,0,0,0.02655450085508465,0.433448275862069,industry_policy,关于会计政策变更的公告
2026-04-03,000878,0,58,10,0,0,0.02655450085508464,0.433448275862069,industry_policy,关于会计政策变更的公告
2026-04-06,000878,0,57,10,0,0,0.026484861928007176,0.4300000000000001,industry_policy,关于会计政策变更的公告
2026-04-07,000878,0,57,10,0,0,0.026484861928007173,0.4300000000000001,industry_policy,关于会计政策变更的公告
2026-04-08,000878,0,57,10,0,0,0.02648486192800717,0.4300000000000001,industry_policy,关于会计政策变更的公告
2026-04-09,000878,0,57,10,0,0,0.02648486192800718,0.4300000000000001,industry_policy,关于会计政策变更的公告
2026-04-10,000878,0,57,10,0,0,0.026484861928007176,0.4300000000000001,industry_policy,关于会计政策变更的公告
2026-04-13,000878,0,52,8,0,0,0.02596153846153847,0.42692307692307707,general_news,2025年年度报告摘要
2026-04-14,000878,0,52,8,0,0,0.02596153846153846,0.42692307692307707,general_news,2025年年度报告摘要
2026-04-15,000878,0,52,8,0,0,0.025961538461538456,0.42692307692307707,general_news,2025年年度报告摘要
2026-04-16,000878,0,52,8,0,0,0.025961538461538456,0.42692307692307707,general_news,2025年年度报告摘要
2026-04-17,000878,0,52,8,0,0,0.02596153846153846,0.42692307692307707,general_news,2025年年度报告摘要
2026-04-20,000878,2,54,8,0,0,-0.0569554082266248,0.4344444444444446,shareholder_change,北京大成（昆明）律师事务所关于云南铜业股份有限公司2025年年度股东会的法律意见书
2026-04-21,000878,2,54,8,0,0,-0.0569554082266248,0.4344444444444446,shareholder_change,北京大成（昆明）律师事务所关于云南铜业股份有限公司2025年年度股东会的法律意见书
2026-04-22,000878,2,54,8,0,0,-0.05695540822662477,0.4344444444444446,shareholder_change,北京大成（昆明）律师事务所关于云南铜业股份有限公司2025年年度股东会的法律意见书
2026-04-23,000878,2,54,8,0,0,-0.056955408226624815,0.4344444444444446,shareholder_change,北京大成（昆明）律师事务所关于云南铜业股份有限公司2025年年度股东会的法律意见书
2026-04-24,000878,10,64,11,0,0,0.05062335514437014,0.43875,general_news,2026年一季度报告
2026-04-27,000878,10,12,3,0,0,0.05278842020910576,0.48999999999999994,general_news,第十届董事会第十二次会议决议公告
2026-04-28,000878,10,12,3,0,0,0.05278842020910573,0.48999999999999994,general_news,第十届董事会第十二次会议决议公告
2026-04-29,000878,10,12,3,0,0,0.05278842020910575,0.48999999999999994,general_news,第十届董事会第十二次会议决议公告
2026-04-30,000878,2,14,4,0,0,0.06708648234631293,0.4899999999999999,commodity_shock,关于子公司赤峰云铜有色金属有限公司被取消高新技术企业资格等事项的公告
2026-05-01,000878,2,14,4,0,0,0.06708648234631294,0.4899999999999999,commodity_shock,关于子公司赤峰云铜有色金属有限公司被取消高新技术企业资格等事项的公告
2026-05-04,000878,2,14,4,0,0,0.06708648234631294,0.4899999999999999,commodity_shock,关于子公司赤峰云铜有色金属有限公司被取消高新技术企业资格等事项的公告
2026-05-05,000878,2,14,4,0,0,0.06708648234631293,0.4899999999999999,commodity_shock,关于子公司赤峰云铜有色金属有限公司被取消高新技术企业资格等事项的公告
2026-05-06,000878,0,14,4,0,0,0.06708648234631294,0.4899999999999999,commodity_shock,关于子公司赤峰云铜有色金属有限公司被取消高新技术企业资格等事项的公告
2026-05-07,000878,0,14,4,0,0,0.06708648234631291,0.4899999999999999,commodity_shock,关于子公司赤峰云铜有色金属有限公司被取消高新技术企业资格等事项的公告
2026-05-08,000878,0,14,4,0,0,0.0670864823463129,0.4899999999999999,commodity_shock,关于子公司赤峰云铜有色金属有限公司被取消高新技术企业资格等事项的公告
2026-05-11,000878,0,14,4,0,0,0.06708648234631291,0.4899999999999999,commodity_shock,关于子公司赤峰云铜有色金属有限公司被取消高新技术企业资格等事项的公告
2026-05-12,000878,0,14,4,0,0,0.06708648234631291,0.4899999999999999,commodity_shock,关于子公司赤峰云铜有色金属有限公司被取消高新技术企业资格等事项的公告
2026-05-13,000878,0,14,4,0,0,0.06708648234631295,0.4899999999999999,commodity_shock,关于子公司赤峰云铜有色金属有限公司被取消高新技术企业资格等事项的公告
2026-05-14,000878,0,14,4,0,0,0.06708648234631295,0.4899999999999999,commodity_shock,关于子公司赤峰云铜有色金属有限公司被取消高新技术企业资格等事项的公告
2026-05-15,000878,1,15,5,0,0,0.28284090248592386,0.5046666666666666,buyback_dividend,2025年年度分红派息实施公告
2026-05-18,000878,1,15,5,0,0,0.28284090248592364,0.5046666666666666,buyback_dividend,2025年年度分红派息实施公告
2026-05-19,000878,1,13,5,0,0,0.2933980582040074,0.4853846153846153,buyback_dividend,2025年年度分红派息实施公告
2026-05-20,000878,2,14,6,0,0,0.24286168446452333,0.4957142857142856,commodity_shock,关于子公司赤峰云铜有色金属有限公司完成税费补缴的公告
2026-05-21,000878,2,15,6,0,0,0.14952900409921555,0.4859999999999999,general_news,关于2026年度第一期中期票据发行结果的公告
2026-05-22,000878,2,15,6,0,0,0.1495290040992155,0.4859999999999999,general_news,关于2026年度第一期中期票据发行结果的公告
2026-05-25,000878,3,6,3,0,0,0.10057692995428667,0.5033333333333333,general_news,关于2026年度第二期中期票据发行结果的公告
2026-05-26,000878,2,6,3,0,0,0.10057692995428669,0.5033333333333333,general_news,关于2026年度第二期中期票据发行结果的公告
2026-05-27,000878,1,6,3,0,0,0.10057692995428666,0.5033333333333333,general_news,关于2026年度第二期中期票据发行结果的公告
2026-05-28,000878,1,6,3,0,0,0.10057692995428665,0.5033333333333333,general_news,关于2026年度第二期中期票据发行结果的公告
2026-05-29,000878,0,6,3,0,0,0.10057692995428663,0.5033333333333333,general_news,关于2026年度第二期中期票据发行结果的公告
2026-06-01,000878,1,5,2,0,0,0.04319176200734483,0.4779999999999999,general_news,年内83家公司实施定增，合计募资2755.27亿元
2026-06-02,000878,1,5,2,0,0,0.0431917620073448,0.4779999999999999,general_news,年内83家公司实施定增，合计募资2755.27亿元
2026-06-03,000878,1,5,2,0,0,0.043191762007344814,0.4779999999999999,general_news,年内83家公司实施定增，合计募资2755.27亿元
2026-06-04,000878,1,5,2,0,0,0.043191762007344814,0.4779999999999999,general_news,年内83家公司实施定增，合计募资2755.27亿元
2026-06-05,000878,1,5,2,0,0,0.04319176200734482,0.4779999999999999,general_news,年内83家公司实施定增，合计募资2755.27亿元
2026-06-08,000878,0,5,2,0,0,0.043191762007344835,0.4779999999999999,general_news,年内83家公司实施定增，合计募资2755.27亿元
2026-06-09,000878,0,5,2,0,0,0.04319176200734482,0.4779999999999999,general_news,年内83家公司实施定增，合计募资2755.27亿元
2026-06-10,000878,2,7,3,0,0,0.08892239698487582,0.48142857142857143,general_news,197家公司获机构调研（附名单）
2025-11-04,000933,2,2,2,0,0,0.45,0.63,buyback_dividend,河南神火煤电股份有限公司关于股份回购进展情况的公告
2025-11-05,000933,2,2,2,0,0,0.45,0.63,buyback_dividend,河南神火煤电股份有限公司关于股份回购进展情况的公告
2025-11-06,000933,2,2,2,0,0,0.45,0.63,buyback_dividend,河南神火煤电股份有限公司关于股份回购进展情况的公告
2025-11-07,000933,2,2,2,0,0,0.44999999999999996,0.63,buyback_dividend,河南神火煤电股份有限公司关于股份回购进展情况的公告
2025-11-10,000933,0,2,2,0,0,0.45000000000000007,0.63,buyback_dividend,河南神火煤电股份有限公司关于股份回购进展情况的公告
2025-11-11,000933,0,2,2,0,0,0.45000000000000007,0.63,buyback_dividend,河南神火煤电股份有限公司关于股份回购进展情况的公告
2025-11-12,000933,0,2,2,0,0,0.45,0.63,buyback_dividend,河南神火煤电股份有限公司关于股份回购进展情况的公告
2025-11-13,000933,0,2,2,0,0,0.45,0.63,buyback_dividend,河南神火煤电股份有限公司关于股份回购进展情况的公告
2025-11-14,000933,0,2,2,0,0,0.44999999999999996,0.63,buyback_dividend,河南神火煤电股份有限公司关于股份回购进展情况的公告
2025-11-17,000933,0,2,2,0,0,0.45,0.63,buyback_dividend,河南神火煤电股份有限公司关于股份回购进展情况的公告
2025-11-18,000933,0,2,2,0,0,0.45,0.63,buyback_dividend,河南神火煤电股份有限公司关于股份回购进展情况的公告
2025-11-19,000933,0,2,2,0,0,0.45,0.63,buyback_dividend,河南神火煤电股份有限公司关于股份回购进展情况的公告
2025-11-20,000933,0,2,2,0,0,0.45000000000000007,0.63,buyback_dividend,河南神火煤电股份有限公司关于股份回购进展情况的公告
2025-11-21,000933,0,2,2,0,0,0.45,0.63,buyback_dividend,河南神火煤电股份有限公司关于股份回购进展情况的公告
2025-11-24,000933,0,2,2,0,0,0.45,0.63,buyback_dividend,河南神火煤电股份有限公司关于股份回购进展情况的公告
2025-11-25,000933,1,3,3,0,0,0.22263925037181456,0.63,commodity_shock,河南神火煤电股份有限公司关于通过公开摘牌方式受让商丘新发投资有限公司所持神火新材料科技有限公司14.6869%股权的进展公告
2025-11-26,000933,1,3,3,0,0,0.2226392503718145,0.63,commodity_shock,河南神火煤电股份有限公司关于通过公开摘牌方式受让商丘新发投资有限公司所持神火新材料科技有限公司14.6869%股权的进展公告
2025-11-27,000933,1,3,3,0,0,0.22263925037181456,0.63,commodity_shock,河南神火煤电股份有限公司关于通过公开摘牌方式受让商丘新发投资有限公司所持神火新材料科技有限公司14.6869%股权的进展公告
2025-11-28,000933,1,3,3,0,0,0.22263925037181456,0.63,commodity_shock,河南神火煤电股份有限公司关于通过公开摘牌方式受让商丘新发投资有限公司所持神火新材料科技有限公司14.6869%股权的进展公告
2025-12-01,000933,0,3,3,0,0,0.22263925037181453,0.63,commodity_shock,河南神火煤电股份有限公司关于通过公开摘牌方式受让商丘新发投资有限公司所持神火新材料科技有限公司14.6869%股权的进展公告
2025-12-02,000933,6,9,9,0,0,0.20142990149384435,0.63,commodity_shock,河南神火煤电股份有限公司关于向全资子公司神火新材料科技有限公司增资的公告
2025-12-03,000933,7,10,10,0,0,0.23936836298465866,0.63,buyback_dividend,河南神火煤电股份有限公司关于股份回购实施完成暨股份变动的公告
2025-12-04,000933,7,10,10,0,0,0.2393683629846587,0.63,buyback_dividend,河南神火煤电股份有限公司关于股份回购实施完成暨股份变动的公告
2025-12-05,000933,7,8,8,0,0,0.23834253529028204,0.63,buyback_dividend,河南神火煤电股份有限公司关于股份回购实施完成暨股份变动的公告
2025-12-08,000933,1,8,8,0,0,0.238342535290282,0.63,buyback_dividend,河南神火煤电股份有限公司关于股份回购实施完成暨股份变动的公告
2025-12-09,000933,0,8,8,0,0,0.238342535290282,0.63,buyback_dividend,河南神火煤电股份有限公司关于股份回购实施完成暨股份变动的公告
2025-12-10,000933,0,8,8,0,0,0.23834253529028201,0.63,buyback_dividend,河南神火煤电股份有限公司关于股份回购实施完成暨股份变动的公告
2025-12-11,000933,0,8,8,0,0,0.23834253529028201,0.63,buyback_dividend,河南神火煤电股份有限公司关于股份回购实施完成暨股份变动的公告
2025-12-12,000933,0,8,8,0,0,0.238342535290282,0.63,buyback_dividend,河南神火煤电股份有限公司关于股份回购实施完成暨股份变动的公告
2025-12-15,000933,0,8,8,0,0,0.23834253529028201,0.63,buyback_dividend,河南神火煤电股份有限公司关于股份回购实施完成暨股份变动的公告
2025-12-16,000933,0,8,8,0,0,0.238342535290282,0.63,buyback_dividend,河南神火煤电股份有限公司关于股份回购实施完成暨股份变动的公告
2025-12-17,000933,0,8,8,0,0,0.23834253529028201,0.63,buyback_dividend,河南神火煤电股份有限公司关于股份回购实施完成暨股份变动的公告
2025-12-18,000933,0,8,8,0,0,0.238342535290282,0.63,buyback_dividend,河南神火煤电股份有限公司关于股份回购实施完成暨股份变动的公告
2025-12-19,000933,0,8,8,0,0,0.23834253529028201,0.63,buyback_dividend,河南神火煤电股份有限公司关于股份回购实施完成暨股份变动的公告
2025-12-22,000933,0,8,8,0,0,0.23834253529028204,0.63,buyback_dividend,河南神火煤电股份有限公司关于股份回购实施完成暨股份变动的公告
2025-12-23,000933,3,11,11,0,0,0.20425493543373052,0.63,commodity_shock,河南神火煤电股份有限公司董事会第九届二十四次会议决议公告
2025-12-24,000933,3,11,11,0,0,0.20425493543373047,0.63,commodity_shock,河南神火煤电股份有限公司董事会第九届二十四次会议决议公告
2025-12-25,000933,3,11,11,0,0,0.20425493543373052,0.63,commodity_shock,河南神火煤电股份有限公司董事会第九届二十四次会议决议公告
2025-12-26,000933,3,10,10,0,0,0.20427815601210514,0.63,commodity_shock,河南神火煤电股份有限公司董事会第九届二十四次会议决议公告
2025-12-29,000933,0,10,10,0,0,0.20427815601210506,0.63,commodity_shock,河南神火煤电股份有限公司董事会第九届二十四次会议决议公告
2025-12-30,000933,0,10,10,0,0,0.20427815601210508,0.63,commodity_shock,河南神火煤电股份有限公司董事会第九届二十四次会议决议公告
2025-12-31,000933,0,10,10,0,0,0.20427815601210508,0.63,commodity_shock,河南神火煤电股份有限公司董事会第九届二十四次会议决议公告
2026-01-01,000933,0,10,10,0,0,0.20427815601210508,0.63,commodity_shock,河南神火煤电股份有限公司董事会第九届二十四次会议决议公告
2026-01-02,000933,0,4,4,0,0,0.20469614758684154,0.63,commodity_shock,河南神火煤电股份有限公司董事会第九届二十四次会议决议公告
2026-01-05,000933,0,3,3,0,0,0.2,0.63,commodity_shock,河南神火煤电股份有限公司董事会第九届二十四次会议决议公告
2026-01-06,000933,0,3,3,0,0,0.20000000000000004,0.63,commodity_shock,河南神火煤电股份有限公司董事会第九届二十四次会议决议公告
2026-01-07,000933,0,3,3,0,0,0.2,0.63,commodity_shock,河南神火煤电股份有限公司董事会第九届二十四次会议决议公告
2026-01-08,000933,0,3,3,0,0,0.2,0.63,commodity_shock,河南神火煤电股份有限公司董事会第九届二十四次会议决议公告
2026-01-09,000933,0,3,3,0,0,0.2,0.63,commodity_shock,河南神火煤电股份有限公司董事会第九届二十四次会议决议公告
2026-01-12,000933,0,3,3,0,0,0.19999999999999998,0.63,commodity_shock,河南神火煤电股份有限公司董事会第九届二十四次会议决议公告
2026-01-13,000933,0,3,3,0,0,0.2,0.63,commodity_shock,河南神火煤电股份有限公司董事会第九届二十四次会议决议公告
2026-01-14,000933,0,3,3,0,0,0.2,0.63,commodity_shock,河南神火煤电股份有限公司董事会第九届二十四次会议决议公告
2026-01-15,000933,0,3,3,0,0,0.2,0.63,commodity_shock,河南神火煤电股份有限公司董事会第九届二十四次会议决议公告
2026-01-16,000933,0,3,3,0,0,0.2,0.63,commodity_shock,河南神火煤电股份有限公司董事会第九届二十四次会议决议公告
2026-01-19,000933,0,3,3,0,0,0.2,0.63,commodity_shock,河南神火煤电股份有限公司董事会第九届二十四次会议决议公告
2026-01-20,000933,0,3,3,0,0,0.2,0.63,commodity_shock,河南神火煤电股份有限公司董事会第九届二十四次会议决议公告
2026-01-21,000933,0,3,3,0,0,0.2,0.63,commodity_shock,河南神火煤电股份有限公司董事会第九届二十四次会议决议公告
2026-01-22,000933,0,3,3,0,0,0.2,0.63,commodity_shock,河南神火煤电股份有限公司董事会第九届二十四次会议决议公告
2026-02-12,000933,1,1,0,0,0,-0.15,0.63,shareholder_change,河南神火煤电股份有限公司关于部分高级管理人员减持计划期限届满暨减持结果的公告
2026-02-13,000933,1,1,0,0,0,-0.15,0.63,shareholder_change,河南神火煤电股份有限公司关于部分高级管理人员减持计划期限届满暨减持结果的公告
2026-02-16,000933,1,1,0,0,0,-0.15,0.63,shareholder_change,河南神火煤电股份有限公司关于部分高级管理人员减持计划期限届满暨减持结果的公告
2026-02-17,000933,1,1,0,0,0,-0.15,0.63,shareholder_change,河南神火煤电股份有限公司关于部分高级管理人员减持计划期限届满暨减持结果的公告
2026-02-18,000933,0,1,0,0,0,-0.14999999999999997,0.63,shareholder_change,河南神火煤电股份有限公司关于部分高级管理人员减持计划期限届满暨减持结果的公告
2026-02-19,000933,0,1,0,0,0,-0.15,0.63,shareholder_change,河南神火煤电股份有限公司关于部分高级管理人员减持计划期限届满暨减持结果的公告
2026-02-20,000933,0,1,0,0,0,-0.15,0.63,shareholder_change,河南神火煤电股份有限公司关于部分高级管理人员减持计划期限届满暨减持结果的公告
2026-02-23,000933,0,1,0,0,0,-0.15,0.63,shareholder_change,河南神火煤电股份有限公司关于部分高级管理人员减持计划期限届满暨减持结果的公告
2026-02-24,000933,0,1,0,0,0,-0.15,0.63,shareholder_change,河南神火煤电股份有限公司关于部分高级管理人员减持计划期限届满暨减持结果的公告
2026-02-25,000933,3,4,2,0,0,0.07179145074718532,0.63,commodity_shock,河南神火煤电股份有限公司董事会第九届二十六次会议决议公告
2026-02-26,000933,3,4,2,0,0,0.07179145074718533,0.63,commodity_shock,河南神火煤电股份有限公司董事会第九届二十六次会议决议公告
2026-02-27,000933,3,4,2,0,0,0.07179145074718535,0.63,commodity_shock,河南神火煤电股份有限公司董事会第九届二十六次会议决议公告
2026-03-02,000933,3,4,2,0,0,0.07179145074718532,0.63,commodity_shock,河南神火煤电股份有限公司董事会第九届二十六次会议决议公告
2026-03-03,000933,0,4,2,0,0,0.07179145074718533,0.63,commodity_shock,河南神火煤电股份有限公司董事会第九届二十六次会议决议公告
2026-03-04,000933,0,4,2,0,0,0.07179145074718532,0.63,commodity_shock,河南神火煤电股份有限公司董事会第九届二十六次会议决议公告
2026-03-05,000933,0,4,2,0,0,0.07179145074718532,0.63,commodity_shock,河南神火煤电股份有限公司董事会第九届二十六次会议决议公告
2026-03-06,000933,0,4,2,0,0,0.07179145074718533,0.63,commodity_shock,河南神火煤电股份有限公司董事会第九届二十六次会议决议公告
2026-03-09,000933,0,4,2,0,0,0.07179145074718533,0.63,commodity_shock,河南神火煤电股份有限公司董事会第九届二十六次会议决议公告
2026-03-10,000933,0,4,2,0,0,0.0717914507471853,0.63,commodity_shock,河南神火煤电股份有限公司董事会第九届二十六次会议决议公告
2026-03-11,000933,0,4,2,0,0,0.07179145074718532,0.63,commodity_shock,河南神火煤电股份有限公司董事会第九届二十六次会议决议公告
2026-03-12,000933,0,4,2,0,0,0.07179145074718532,0.63,commodity_shock,河南神火煤电股份有限公司董事会第九届二十六次会议决议公告
2026-03-13,000933,0,4,2,0,0,0.07179145074718532,0.63,commodity_shock,河南神火煤电股份有限公司董事会第九届二十六次会议决议公告
2026-03-16,000933,3,6,3,0,0,-0.023881026989047396,0.63,commodity_shock,河南神火煤电股份有限公司董事会第九届二十七次会议决议公告
2026-03-17,000933,3,6,3,0,0,-0.023881026989047396,0.63,commodity_shock,河南神火煤电股份有限公司董事会第九届二十七次会议决议公告
2026-03-18,000933,3,6,3,0,0,-0.02388102698904741,0.63,commodity_shock,河南神火煤电股份有限公司董事会第九届二十七次会议决议公告
2026-03-19,000933,3,6,3,0,0,-0.023881026989047413,0.63,commodity_shock,河南神火煤电股份有限公司董事会第九届二十七次会议决议公告
2026-03-20,000933,0,6,3,0,0,-0.023881026989047403,0.63,commodity_shock,河南神火煤电股份有限公司董事会第九届二十七次会议决议公告
2026-03-23,000933,0,6,3,0,0,-0.023881026989047403,0.63,commodity_shock,河南神火煤电股份有限公司董事会第九届二十七次会议决议公告
2026-03-24,000933,33,39,29,0,0,0.14893335606097943,0.5889743589743589,commodity_shock,河南神火煤电股份有限公司关于2026年度对外捐赠预算的公告
2026-03-25,000933,35,41,29,0,0,0.12982312390440534,0.5909756097560975,shareholder_change,河南神火煤电股份有限公司关于召开2025年度股东会的通知（更正后）
2026-03-26,000933,35,41,29,0,0,0.12982312390440537,0.5909756097560975,shareholder_change,河南神火煤电股份有限公司关于召开2025年度股东会的通知（更正后）
2026-03-27,000933,35,41,29,0,0,0.12982312390440537,0.5909756097560975,shareholder_change,河南神火煤电股份有限公司关于召开2025年度股东会的通知（更正后）
2026-03-30,000933,2,38,27,0,0,0.12990491875044238,0.5878947368421052,shareholder_change,河南神火煤电股份有限公司关于召开2025年度股东会的通知（更正后）
2026-03-31,000933,0,38,27,0,0,0.12990491875044238,0.5878947368421052,shareholder_change,河南神火煤电股份有限公司关于召开2025年度股东会的通知（更正后）
2026-04-01,000933,1,39,28,0,0,0.13551748490224552,0.5889743589743589,commodity_shock,河南神火煤电股份有限公司关于召开2025年度业绩说明会并征集问题的公告
2026-04-02,000933,1,39,28,0,0,0.13551748490224555,0.5889743589743589,commodity_shock,河南神火煤电股份有限公司关于召开2025年度业绩说明会并征集问题的公告
2026-04-03,000933,1,39,28,0,0,0.13551748490224555,0.5889743589743589,commodity_shock,河南神火煤电股份有限公司关于召开2025年度业绩说明会并征集问题的公告
2026-04-06,000933,1,39,28,0,0,0.13551748490224555,0.5889743589743589,commodity_shock,河南神火煤电股份有限公司关于召开2025年度业绩说明会并征集问题的公告
2026-04-07,000933,0,39,28,0,0,0.13551748490224552,0.5889743589743589,commodity_shock,河南神火煤电股份有限公司关于召开2025年度业绩说明会并征集问题的公告
2026-04-08,000933,1,40,29,0,0,0.2453557657515038,0.59,performance_beat,河南神火煤电股份有限公司2026年第一季度业绩预增公告
2026-04-09,000933,1,40,29,0,0,0.24535576575150378,0.59,performance_beat,河南神火煤电股份有限公司2026年第一季度业绩预增公告
2026-04-10,000933,1,40,29,0,0,0.24535576575150375,0.59,performance_beat,河南神火煤电股份有限公司2026年第一季度业绩预增公告
2026-04-13,000933,1,40,29,0,0,0.24535576575150375,0.59,performance_beat,河南神火煤电股份有限公司2026年第一季度业绩预增公告
2026-04-14,000933,2,39,29,0,0,0.18064514773530146,0.5817948717948719,commodity_shock,河南神火煤电股份有限公司董事会第九届二十九次会议决议公告
2026-04-15,000933,5,42,30,0,0,0.08569554620824633,0.5852380952380953,commodity_shock,河南神火煤电股份有限公司董事、高级管理人员薪酬管理制度
2026-04-16,000933,5,42,30,0,0,0.0856955462082463,0.5852380952380953,commodity_shock,河南神火煤电股份有限公司董事、高级管理人员薪酬管理制度
2026-04-17,000933,6,43,30,0,0,0.04693358698115499,0.5881395348837211,shareholder_change,河南神火煤电股份有限公司关于持股5%以上股东减持股份预披露公告
2026-04-20,000933,4,43,30,0,0,0.046933586981154955,0.5881395348837211,shareholder_change,河南神火煤电股份有限公司关于持股5%以上股东减持股份预披露公告
2026-04-21,000933,1,43,30,0,0,0.04693358698115497,0.5881395348837211,shareholder_change,河南神火煤电股份有限公司关于持股5%以上股东减持股份预披露公告
2026-04-22,000933,1,43,30,0,0,0.046933586981154934,0.5881395348837211,shareholder_change,河南神火煤电股份有限公司关于持股5%以上股东减持股份预披露公告
2026-04-23,000933,0,43,30,0,0,0.046933586981154976,0.5881395348837211,shareholder_change,河南神火煤电股份有限公司关于持股5%以上股东减持股份预披露公告
2026-04-24,000933,0,10,4,0,0,0.024269241577531925,0.61,shareholder_change,河南神火煤电股份有限公司关于持股5%以上股东减持股份预披露公告
2026-04-27,000933,0,8,4,0,0,0.026911377324017945,0.605,shareholder_change,河南神火煤电股份有限公司关于持股5%以上股东减持股份预披露公告
2026-04-28,000933,0,8,4,0,0,0.026911377324017948,0.605,shareholder_change,河南神火煤电股份有限公司关于持股5%以上股东减持股份预披露公告
2026-04-29,000933,0,8,4,0,0,0.026911377324017934,0.605,shareholder_change,河南神火煤电股份有限公司关于持股5%以上股东减持股份预披露公告
2026-04-30,000933,13,21,16,0,0,0.1648983797348122,0.6204761904761906,commodity_shock,河南神火煤电股份有限公司关于董事会换届选举的公告
2026-05-01,000933,13,21,16,0,0,0.1648983797348122,0.6204761904761906,commodity_shock,河南神火煤电股份有限公司关于董事会换届选举的公告
2026-05-04,000933,13,20,15,0,0,0.1648578608005722,0.6200000000000001,commodity_shock,河南神火煤电股份有限公司独立董事候选人声明与承诺（熊慧）
2026-05-05,000933,13,20,15,0,0,0.1648578608005722,0.6200000000000001,commodity_shock,河南神火煤电股份有限公司独立董事候选人声明与承诺（熊慧）
2026-05-06,000933,0,20,15,0,0,0.16485786080057221,0.6200000000000001,commodity_shock,河南神火煤电股份有限公司独立董事候选人声明与承诺（熊慧）
2026-05-07,000933,0,20,15,0,0,0.1648578608005722,0.6200000000000001,commodity_shock,河南神火煤电股份有限公司独立董事候选人声明与承诺（熊慧）
2026-05-08,000933,0,20,15,0,0,0.1648578608005721,0.6200000000000001,commodity_shock,河南神火煤电股份有限公司独立董事候选人声明与承诺（熊慧）
2026-05-11,000933,0,19,14,0,0,0.1630160221641311,0.6194736842105264,commodity_shock,河南神火煤电股份有限公司独立董事候选人声明与承诺（熊慧）
2026-05-12,000933,0,19,14,0,0,0.16301602216413116,0.6194736842105264,commodity_shock,河南神火煤电股份有限公司独立董事候选人声明与承诺（熊慧）
2026-05-13,000933,0,19,14,0,0,0.1630160221641311,0.6194736842105264,commodity_shock,河南神火煤电股份有限公司独立董事候选人声明与承诺（熊慧）
2026-05-14,000933,0,19,14,0,0,0.16301602216413114,0.6194736842105264,commodity_shock,河南神火煤电股份有限公司独立董事候选人声明与承诺（熊慧）
2026-05-15,000933,0,17,13,0,0,0.1639649089497996,0.6347058823529412,commodity_shock,河南神火煤电股份有限公司独立董事候选人声明与承诺（王生龙）
2026-05-18,000933,0,13,12,0,0,0.17307692307692313,0.63,commodity_shock,河南神火煤电股份有限公司董事会第九届三十次会议决议公告
2026-05-19,000933,3,16,13,0,0,0.012707597250482849,0.63,commodity_shock,河南神火煤电股份有限公司董事会第十届一次会议决议公告
2026-05-20,000933,3,16,13,0,0,0.01270759725048286,0.63,commodity_shock,河南神火煤电股份有限公司董事会第十届一次会议决议公告
2026-05-21,000933,3,16,13,0,0,0.012707597250482863,0.63,commodity_shock,河南神火煤电股份有限公司董事会第十届一次会议决议公告
2026-05-22,000933,4,17,14,0,0,0.06598546941347351,0.63,commodity_shock,河南神火煤电股份有限公司2025年年度权益分派实施公告
2026-05-25,000933,3,19,16,0,0,0.1284622151918849,0.6300000000000001,commodity_shock,公司近期是否有铝锭库存？神火股份：公司电解铝产品实行零库存战略
2026-05-26,000933,3,19,16,0,0,0.12846221519188492,0.6300000000000001,commodity_shock,公司近期是否有铝锭库存？神火股份：公司电解铝产品实行零库存战略
2026-05-27,000933,3,19,16,0,0,0.12846221519188494,0.6300000000000001,commodity_shock,公司近期是否有铝锭库存？神火股份：公司电解铝产品实行零库存战略
2026-05-28,000933,3,20,17,0,0,0.21319530314639407,0.6300000000000001,buyback_dividend,分红季|红利质量（931468.CSI）有多只成分股5月28日进行股权登记
2026-05-29,000933,3,20,17,0,0,0.21319530314639404,0.6300000000000001,buyback_dividend,分红季|红利质量（931468.CSI）有多只成分股5月28日进行股权登记
2026-06-01,000933,1,7,5,0,0,0.21588109625773585,0.63,buyback_dividend,分红季|红利质量（931468.CSI）有多只成分股5月28日进行股权登记
2026-06-02,000933,1,7,5,0,0,0.21588109625773583,0.63,buyback_dividend,分红季|红利质量（931468.CSI）有多只成分股5月28日进行股权登记
2026-06-03,000933,0,7,5,0,0,0.21588109625773594,0.63,buyback_dividend,分红季|红利质量（931468.CSI）有多只成分股5月28日进行股权登记
2026-06-04,000933,2,9,6,0,0,0.14582852378185907,0.5988888888888888,commodity_shock,有色金属行业6月4日资金流向日报
2026-06-05,000933,3,10,7,0,0,0.1598336238737487,0.602,commodity_shock,杠杆资金大手笔加仓股名单
2026-06-08,000933,3,10,7,0,0,0.15983362387374864,0.602,commodity_shock,杠杆资金大手笔加仓股名单
2026-06-09,000933,5,12,8,0,0,0.16708277195871532,0.6066666666666666,commodity_shock,煤炭概念下跌1.04%，8股主力资金净流出超亿元
2026-06-10,000933,4,13,8,0,0,0.16339103088041132,0.6084615384615384,fund_flow,解密主力资金出逃股 连续5日净流出684股
2025-10-13,000960,1,1,0,0,0,0.0,0.35,general_news,云南锡业股份有限公司关于股票交易异常波动的公告
2025-10-14,000960,1,1,0,0,0,0.0,0.35,general_news,云南锡业股份有限公司关于股票交易异常波动的公告
2025-10-15,000960,1,1,0,0,0,0.0,0.35,general_news,云南锡业股份有限公司关于股票交易异常波动的公告
2025-10-16,000960,1,1,0,0,0,0.0,0.35,general_news,云南锡业股份有限公司关于股票交易异常波动的公告
2025-10-17,000960,1,1,0,0,0,0.0,0.35,general_news,云南锡业股份有限公司关于股票交易异常波动的公告
2025-10-20,000960,0,1,0,0,0,0.0,0.35,general_news,云南锡业股份有限公司关于股票交易异常波动的公告
2025-10-21,000960,0,1,0,0,0,0.0,0.35,general_news,云南锡业股份有限公司关于股票交易异常波动的公告
2025-10-22,000960,0,1,0,0,0,0.0,0.35,general_news,云南锡业股份有限公司关于股票交易异常波动的公告
2025-10-23,000960,0,1,0,0,0,0.0,0.35,general_news,云南锡业股份有限公司关于股票交易异常波动的公告
2025-10-24,000960,0,1,0,0,0,0.0,0.35,general_news,云南锡业股份有限公司关于股票交易异常波动的公告
2025-10-27,000960,2,3,0,0,0,0.0,0.3499999999999999,general_news,2025年三季度报告
2025-10-28,000960,2,3,0,0,0,0.0,0.3499999999999999,general_news,2025年三季度报告
2025-10-29,000960,2,3,0,0,0,0.0,0.3499999999999999,general_news,2025年三季度报告
2025-10-30,000960,2,3,0,0,0,0.0,0.3499999999999999,general_news,2025年三季度报告
2025-10-31,000960,2,3,0,0,0,0.0,0.3499999999999999,general_news,2025年三季度报告
2025-11-03,000960,0,3,0,0,0,0.0,0.3499999999999999,general_news,2025年三季度报告
2025-11-04,000960,1,4,1,0,0,0.26770219046987503,0.42000000000000004,buyback_dividend,云南锡业股份有限公司关于回购公司股份的进展公告
2025-11-05,000960,1,4,1,0,0,0.2677021904698751,0.42000000000000004,buyback_dividend,云南锡业股份有限公司关于回购公司股份的进展公告
2025-11-06,000960,1,4,1,0,0,0.2677021904698751,0.42000000000000004,buyback_dividend,云南锡业股份有限公司关于回购公司股份的进展公告
2025-11-07,000960,1,4,1,0,0,0.26770219046987503,0.42000000000000004,buyback_dividend,云南锡业股份有限公司关于回购公司股份的进展公告
2025-11-10,000960,0,4,1,0,0,0.2677021904698751,0.42000000000000004,buyback_dividend,云南锡业股份有限公司关于回购公司股份的进展公告
2025-11-11,000960,0,4,1,0,0,0.26770219046987515,0.42000000000000004,buyback_dividend,云南锡业股份有限公司关于回购公司股份的进展公告
2025-11-12,000960,0,4,1,0,0,0.2677021904698751,0.42000000000000004,buyback_dividend,云南锡业股份有限公司关于回购公司股份的进展公告
2025-11-13,000960,0,3,1,0,0,0.2747566227033971,0.44333333333333336,buyback_dividend,云南锡业股份有限公司关于回购公司股份的进展公告
2025-11-14,000960,0,3,1,0,0,0.2747566227033972,0.44333333333333336,buyback_dividend,云南锡业股份有限公司关于回购公司股份的进展公告
2025-11-17,000960,0,3,1,0,0,0.2747566227033971,0.44333333333333336,buyback_dividend,云南锡业股份有限公司关于回购公司股份的进展公告
2025-11-18,000960,0,3,1,0,0,0.2747566227033971,0.44333333333333336,buyback_dividend,云南锡业股份有限公司关于回购公司股份的进展公告
2025-11-19,000960,0,3,1,0,0,0.2747566227033971,0.44333333333333336,buyback_dividend,云南锡业股份有限公司关于回购公司股份的进展公告
2025-11-20,000960,0,3,1,0,0,0.2747566227033972,0.44333333333333336,buyback_dividend,云南锡业股份有限公司关于回购公司股份的进展公告
2025-11-21,000960,0,3,1,0,0,0.2747566227033972,0.44333333333333336,buyback_dividend,云南锡业股份有限公司关于回购公司股份的进展公告
2025-11-24,000960,0,3,1,0,0,0.2747566227033971,0.44333333333333336,buyback_dividend,云南锡业股份有限公司关于回购公司股份的进展公告
2025-11-25,000960,0,3,1,0,0,0.2747566227033972,0.44333333333333336,buyback_dividend,云南锡业股份有限公司关于回购公司股份的进展公告
2025-11-26,000960,0,3,1,0,0,0.2747566227033972,0.44333333333333336,buyback_dividend,云南锡业股份有限公司关于回购公司股份的进展公告
2025-11-27,000960,0,1,1,0,0,0.45,0.63,buyback_dividend,云南锡业股份有限公司关于回购公司股份的进展公告
2025-11-28,000960,0,1,1,0,0,0.45,0.63,buyback_dividend,云南锡业股份有限公司关于回购公司股份的进展公告
2025-12-01,000960,0,1,1,0,0,0.45,0.63,buyback_dividend,云南锡业股份有限公司关于回购公司股份的进展公告
2025-12-02,000960,1,2,2,0,0,0.44999999999999996,0.63,buyback_dividend,云南锡业股份有限公司关于回购公司股份的进展公告
2025-12-03,000960,1,2,2,0,0,0.45,0.63,buyback_dividend,云南锡业股份有限公司关于回购公司股份的进展公告
2025-12-04,000960,1,2,2,0,0,0.45,0.63,buyback_dividend,云南锡业股份有限公司关于回购公司股份的进展公告
2025-12-05,000960,1,1,1,0,0,0.44999999999999996,0.63,buyback_dividend,云南锡业股份有限公司关于回购公司股份的进展公告
2025-12-08,000960,0,1,1,0,0,0.45000000000000007,0.63,buyback_dividend,云南锡业股份有限公司关于回购公司股份的进展公告
2025-12-09,000960,0,1,1,0,0,0.45000000000000007,0.63,buyback_dividend,云南锡业股份有限公司关于回购公司股份的进展公告
2025-12-10,000960,0,1,1,0,0,0.45,0.63,buyback_dividend,云南锡业股份有限公司关于回购公司股份的进展公告
2025-12-11,000960,0,1,1,0,0,0.45,0.63,buyback_dividend,云南锡业股份有限公司关于回购公司股份的进展公告
2025-12-12,000960,0,1,1,0,0,0.44999999999999996,0.63,buyback_dividend,云南锡业股份有限公司关于回购公司股份的进展公告
2025-12-15,000960,0,1,1,0,0,0.45,0.63,buyback_dividend,云南锡业股份有限公司关于回购公司股份的进展公告
2025-12-16,000960,0,1,1,0,0,0.45,0.63,buyback_dividend,云南锡业股份有限公司关于回购公司股份的进展公告
2025-12-17,000960,0,1,1,0,0,0.45,0.63,buyback_dividend,云南锡业股份有限公司关于回购公司股份的进展公告
2025-12-18,000960,0,1,1,0,0,0.45000000000000007,0.63,buyback_dividend,云南锡业股份有限公司关于回购公司股份的进展公告
2025-12-19,000960,0,1,1,0,0,0.45,0.63,buyback_dividend,云南锡业股份有限公司关于回购公司股份的进展公告
2025-12-22,000960,0,1,1,0,0,0.45,0.63,buyback_dividend,云南锡业股份有限公司关于回购公司股份的进展公告
2025-12-23,000960,0,1,1,0,0,0.44999999999999996,0.63,buyback_dividend,云南锡业股份有限公司关于回购公司股份的进展公告
2025-12-24,000960,0,1,1,0,0,0.45,0.63,buyback_dividend,云南锡业股份有限公司关于回购公司股份的进展公告
2025-12-25,000960,0,1,1,0,0,0.45,0.63,buyback_dividend,云南锡业股份有限公司关于回购公司股份的进展公告
2025-12-26,000960,0,1,1,0,0,0.45,0.63,buyback_dividend,云南锡业股份有限公司关于回购公司股份的进展公告
2025-12-29,000960,0,1,1,0,0,0.45,0.63,buyback_dividend,云南锡业股份有限公司关于回购公司股份的进展公告
2025-12-30,000960,7,8,1,0,0,-0.02019828827797139,0.42,general_news,云南锡业股份有限公司关于2025年前三季度利润分配预案
2025-12-31,000960,7,8,1,0,0,-0.02019828827797139,0.42,general_news,云南锡业股份有限公司关于2025年前三季度利润分配预案
2026-01-01,000960,7,8,1,0,0,-0.020198288277971387,0.42,general_news,云南锡业股份有限公司关于2025年前三季度利润分配预案
2026-01-02,000960,7,7,0,0,0,-0.02142857142857143,0.39,general_news,云南锡业股份有限公司关于2025年前三季度利润分配预案
2026-01-05,000960,0,7,0,0,0,-0.021428571428571432,0.39,general_news,云南锡业股份有限公司关于2025年前三季度利润分配预案
2026-01-06,000960,1,8,1,0,0,0.11043380319180802,0.42,buyback_dividend,云南锡业股份有限公司关于回购公司股份的进展公告
2026-01-07,000960,1,8,1,0,0,0.110433803191808,0.42,buyback_dividend,云南锡业股份有限公司关于回购公司股份的进展公告
2026-01-08,000960,1,8,1,0,0,0.11043380319180804,0.42,buyback_dividend,云南锡业股份有限公司关于回购公司股份的进展公告
2026-01-09,000960,1,8,1,0,0,0.110433803191808,0.42,buyback_dividend,云南锡业股份有限公司关于回购公司股份的进展公告
2026-01-12,000960,0,8,1,0,0,0.11043380319180804,0.42,buyback_dividend,云南锡业股份有限公司关于回购公司股份的进展公告
2026-01-13,000960,0,8,1,0,0,0.11043380319180804,0.42,buyback_dividend,云南锡业股份有限公司关于回购公司股份的进展公告
2026-01-14,000960,0,8,1,0,0,0.11043380319180805,0.42,buyback_dividend,云南锡业股份有限公司关于回购公司股份的进展公告
2026-01-15,000960,0,8,1,0,0,0.110433803191808,0.42,buyback_dividend,云南锡业股份有限公司关于回购公司股份的进展公告
2026-01-16,000960,1,9,1,0,0,-0.029826443013077155,0.4433333333333333,shareholder_change,云南锡业股份有限公司关于召开2026年第一次临时股东会的提示性公告
2026-01-19,000960,3,11,1,0,0,-0.09641178259076796,0.4772727272727272,shareholder_change,云南锡业股份有限公司2026年第一次临时股东会决议公告
2026-01-20,000960,4,12,1,0,0,-0.06764452020335215,0.46666666666666656,general_news,云南锡业股份有限公司2025年前三季度权益分派实施公告
2026-01-21,000960,4,12,1,0,0,-0.06764452020335217,0.46666666666666656,general_news,云南锡业股份有限公司2025年前三季度权益分派实施公告
2026-01-22,000960,3,12,1,0,0,-0.06764452020335214,0.46666666666666656,general_news,云南锡业股份有限公司2025年前三季度权益分派实施公告
2026-01-23,000960,1,12,1,0,0,-0.06764452020335217,0.46666666666666656,general_news,云南锡业股份有限公司2025年前三季度权益分派实施公告
2026-01-26,000960,0,12,1,0,0,-0.06764452020335213,0.46666666666666656,general_news,云南锡业股份有限公司2025年前三季度权益分派实施公告
2026-01-27,000960,0,12,1,0,0,-0.06764452020335215,0.46666666666666656,general_news,云南锡业股份有限公司2025年前三季度权益分派实施公告
2026-01-28,000960,4,16,2,0,0,0.04492225567176021,0.4725,buyback_dividend,云南锡业股份有限公司关于提前终止回购公司股份方案并注销回购股份的公告
2026-01-29,000960,4,16,2,0,0,0.04492225567176022,0.4725,buyback_dividend,云南锡业股份有限公司关于提前终止回购公司股份方案并注销回购股份的公告
2026-01-30,000960,4,9,2,0,0,0.04640972535333194,0.5366666666666666,buyback_dividend,云南锡业股份有限公司关于提前终止回购公司股份方案并注销回购股份的公告
2026-02-02,000960,5,10,3,0,0,0.16417827336712207,0.546,buyback_dividend,中信证券股份有限公司关于云南锡业股份有限公司提前终止回购公司股份方案并注销回购股份的临时受托管理事务报告
2026-02-03,000960,2,11,3,0,0,0.12283158342122817,0.5281818181818182,general_news,云南锡业股份有限公司关于董事任期届满的提示性公告
2026-02-04,000960,2,11,3,0,0,0.12283158342122816,0.5281818181818182,general_news,云南锡业股份有限公司关于董事任期届满的提示性公告
2026-02-05,000960,2,11,3,0,0,0.12283158342122814,0.5281818181818182,general_news,云南锡业股份有限公司关于董事任期届满的提示性公告
2026-02-06,000960,2,10,2,0,0,0.1213154885619771,0.518,general_news,云南锡业股份有限公司关于董事任期届满的提示性公告
2026-02-09,000960,0,10,2,0,0,0.1213154885619771,0.518,general_news,云南锡业股份有限公司关于董事任期届满的提示性公告
2026-02-10,000960,0,10,2,0,0,0.12131548856197712,0.518,general_news,云南锡业股份有限公司关于董事任期届满的提示性公告
2026-02-11,000960,0,10,2,0,0,0.1213154885619771,0.518,general_news,云南锡业股份有限公司关于董事任期届满的提示性公告
2026-02-12,000960,1,11,2,0,0,-0.008334993535740784,0.5281818181818182,shareholder_change,云南锡业股份有限公司关于召开2026年第二次临时股东会的提示性公告
2026-02-13,000960,5,15,2,0,0,-0.05419945582086899,0.5179999999999999,shareholder_change,云南锡业股份有限公司2026年第二次临时股东会决议公告
2026-02-16,000960,5,14,2,0,0,-0.05389670960807597,0.5099999999999999,shareholder_change,云南锡业股份有限公司2026年第二次临时股东会决议公告
2026-02-17,000960,5,12,2,0,0,-0.053190881297043,0.48999999999999994,shareholder_change,云南锡业股份有限公司2026年第二次临时股东会决议公告
2026-02-18,000960,4,12,2,0,0,-0.05319088129704299,0.48999999999999994,shareholder_change,云南锡业股份有限公司2026年第二次临时股东会决议公告
2026-02-19,000960,0,12,2,0,0,-0.053190881297043,0.48999999999999994,shareholder_change,云南锡业股份有限公司2026年第二次临时股东会决议公告
2026-02-20,000960,0,11,2,0,0,-0.05349242433692237,0.5027272727272727,shareholder_change,云南锡业股份有限公司2026年第二次临时股东会决议公告
2026-02-23,000960,0,11,2,0,0,-0.05349242433692236,0.5027272727272727,shareholder_change,云南锡业股份有限公司2026年第二次临时股东会决议公告
2026-02-24,000960,0,11,2,0,0,-0.053492424336922355,0.5027272727272727,shareholder_change,云南锡业股份有限公司2026年第二次临时股东会决议公告
2026-02-25,000960,0,11,2,0,0,-0.05349242433692235,0.5027272727272727,shareholder_change,云南锡业股份有限公司2026年第二次临时股东会决议公告
2026-02-26,000960,0,11,2,0,0,-0.05349242433692236,0.5027272727272727,shareholder_change,云南锡业股份有限公司2026年第二次临时股东会决议公告
2026-02-27,000960,0,11,2,0,0,-0.053492424336922355,0.5027272727272727,shareholder_change,云南锡业股份有限公司2026年第二次临时股东会决议公告
2026-03-02,000960,0,7,1,0,0,-0.06332846273110256,0.51,shareholder_change,云南锡业股份有限公司2026年第二次临时股东会决议公告
2026-03-03,000960,5,12,1,0,0,-0.004757707903613032,0.4433333333333333,general_news,云南锡业股份有限公司第九届董事会2026年第二次临时会议决议公告
2026-03-04,000960,6,13,2,0,0,0.07521414086293546,0.4576923076923076,buyback_dividend,云南锡业股份有限公司关于回购股份注销完成暨股份变动的公告
2026-03-05,000960,7,13,1,0,0,0.061748100909294314,0.43615384615384617,general_news,中信证券股份有限公司关于云南锡业股份有限公司聘任总经理的临时受托管理事务报告
2026-03-06,000960,7,12,1,0,0,0.06189205739430024,0.44333333333333336,general_news,中信证券股份有限公司关于云南锡业股份有限公司聘任总经理的临时受托管理事务报告
2026-03-09,000960,2,12,1,0,0,0.061892057394300225,0.44333333333333336,general_news,中信证券股份有限公司关于云南锡业股份有限公司聘任总经理的临时受托管理事务报告
2026-03-10,000960,2,13,1,0,0,0.045982104812760424,0.43615384615384617,general_news,2026-015云南锡业股份有限公司2024年面向专业投资者公开发行科技创新可续期公司债券（第一期）关于不行使续期选择权的公告
2026-03-11,000960,1,13,1,0,0,0.04598210481276041,0.43615384615384617,general_news,2026-015云南锡业股份有限公司2024年面向专业投资者公开发行科技创新可续期公司债券（第一期）关于不行使续期选择权的公告
2026-03-12,000960,1,13,1,0,0,0.045982104812760424,0.43615384615384617,general_news,2026-015云南锡业股份有限公司2024年面向专业投资者公开发行科技创新可续期公司债券（第一期）关于不行使续期选择权的公告
2026-03-13,000960,1,13,1,0,0,0.045982104812760397,0.43615384615384617,general_news,2026-015云南锡业股份有限公司2024年面向专业投资者公开发行科技创新可续期公司债券（第一期）关于不行使续期选择权的公告
2026-03-16,000960,0,8,1,0,0,0.05087980835439639,0.385,general_news,2026-015云南锡业股份有限公司2024年面向专业投资者公开发行科技创新可续期公司债券（第一期）关于不行使续期选择权的公告
2026-03-17,000960,0,8,1,0,0,0.05087980835439638,0.385,general_news,2026-015云南锡业股份有限公司2024年面向专业投资者公开发行科技创新可续期公司债券（第一期）关于不行使续期选择权的公告
2026-03-18,000960,0,8,1,0,0,0.050879808354396386,0.385,general_news,2026-015云南锡业股份有限公司2024年面向专业投资者公开发行科技创新可续期公司债券（第一期）关于不行使续期选择权的公告
2026-03-19,000960,0,8,1,0,0,0.050879808354396386,0.385,general_news,2026-015云南锡业股份有限公司2024年面向专业投资者公开发行科技创新可续期公司债券（第一期）关于不行使续期选择权的公告
2026-03-20,000960,0,8,1,0,0,0.05087980835439639,0.385,general_news,2026-015云南锡业股份有限公司2024年面向专业投资者公开发行科技创新可续期公司债券（第一期）关于不行使续期选择权的公告
2026-03-23,000960,0,8,1,0,0,0.05087980835439638,0.385,general_news,2026-015云南锡业股份有限公司2024年面向专业投资者公开发行科技创新可续期公司债券（第一期）关于不行使续期选择权的公告
2026-03-24,000960,0,8,1,0,0,0.05087980835439638,0.385,general_news,2026-015云南锡业股份有限公司2024年面向专业投资者公开发行科技创新可续期公司债券（第一期）关于不行使续期选择权的公告
2026-03-25,000960,0,8,1,0,0,0.05087980835439638,0.385,general_news,2026-015云南锡业股份有限公司2024年面向专业投资者公开发行科技创新可续期公司债券（第一期）关于不行使续期选择权的公告
2026-03-26,000960,0,8,1,0,0,0.050879808354396386,0.385,general_news,2026-015云南锡业股份有限公司2024年面向专业投资者公开发行科技创新可续期公司债券（第一期）关于不行使续期选择权的公告
2026-03-27,000960,0,8,1,0,0,0.05087980835439637,0.385,general_news,2026-015云南锡业股份有限公司2024年面向专业投资者公开发行科技创新可续期公司债券（第一期）关于不行使续期选择权的公告
2026-03-30,000960,28,36,1,0,0,-0.001383357859192226,0.3733333333333333,general_news,云南锡业股份有限公司第九届董事会第十次会议决议公告
2026-03-31,000960,28,36,1,0,0,-0.001383357859192226,0.3733333333333333,general_news,云南锡业股份有限公司第九届董事会第十次会议决议公告
2026-04-01,000960,28,36,1,0,0,-0.0013833578591922254,0.3733333333333333,general_news,云南锡业股份有限公司第九届董事会第十次会议决议公告
2026-04-02,000960,28,36,1,0,0,-0.001383357859192225,0.3733333333333333,general_news,云南锡业股份有限公司第九届董事会第十次会议决议公告
2026-04-03,000960,28,31,1,0,0,-0.0013885567304193736,0.3770967741935483,general_news,云南锡业股份有限公司独立董事提名人声明与承诺
2026-04-06,000960,0,29,0,0,0,-0.0017820589887352683,0.3693103448275861,general_news,云南锡业股份有限公司独立董事候选人声明与承诺
2026-04-07,000960,0,29,0,0,0,-0.0017820589887352696,0.3693103448275861,general_news,云南锡业股份有限公司独立董事候选人声明与承诺
2026-04-08,000960,0,29,0,0,0,-0.0017820589887352681,0.3693103448275861,general_news,云南锡业股份有限公司独立董事候选人声明与承诺
2026-04-09,000960,0,29,0,0,0,-0.0017820589887352683,0.3693103448275861,general_news,云南锡业股份有限公司独立董事候选人声明与承诺
2026-04-10,000960,0,28,0,0,0,-0.001785714285714286,0.36999999999999994,general_news,2025年年度报告摘要
2026-04-13,000960,0,28,0,0,0,-0.0017857142857142852,0.36999999999999994,general_news,2025年年度报告摘要
2026-04-14,000960,1,29,0,0,0,-0.0013689720019169325,0.3693103448275861,general_news,云南锡业股份有限公司2026年第一季度业绩预告
2026-04-15,000960,1,29,0,0,0,-0.001368972001916933,0.3693103448275861,general_news,云南锡业股份有限公司2026年第一季度业绩预告
2026-04-16,000960,2,30,0,0,0,-0.001044573559244443,0.3686666666666666,general_news,云南锡业股份有限公司关于举办2025年度业绩说明会的公告
2026-04-17,000960,2,30,0,0,0,-0.001044573559244443,0.3686666666666666,general_news,云南锡业股份有限公司关于举办2025年度业绩说明会的公告
2026-04-20,000960,2,31,0,0,0,-0.04507346859600775,0.37709677419354826,shareholder_change,云南锡业股份有限公司关于召开2025年度股东会的提示性公告
2026-04-21,000960,5,34,0,0,0,-0.07284799574035403,0.3911764705882353,shareholder_change,北京德恒（昆明）律师事务所关于云南锡业股份有限公司2025年度股东会的法律意见
2026-04-22,000960,5,35,0,0,0,-0.060989253454439805,0.39,general_news,云南锡业股份有限公司2024年面向专业投资者公开发行科技创新可续期公司债券（第一期）兑付暨摘牌公告
2026-04-23,000960,6,36,0,0,0,-0.051347007030821006,0.38888888888888884,general_news,云南锡业股份有限公司2025年度权益分派实施公告
2026-04-24,000960,7,37,0,0,0,-0.04342698088290041,0.3878378378378378,general_news,中信证券股份有限公司关于云南锡业股份有限公司董事会换届的临时受托管理事务报告
2026-04-27,000960,3,37,0,0,0,-0.043426980882900416,0.3878378378378378,general_news,中信证券股份有限公司关于云南锡业股份有限公司董事会换届的临时受托管理事务报告
2026-04-28,000960,4,39,0,0,0,-0.05458121322198001,0.39512820512820507,shareholder_change,云南锡业股份有限公司关于控股股东及其一致行动人减持股份的预披露公告
2026-04-29,000960,3,39,0,0,0,-0.05458121322198002,0.39512820512820507,shareholder_change,云南锡业股份有限公司关于控股股东及其一致行动人减持股份的预披露公告
2026-04-30,000960,2,11,0,0,0,-0.05908053414764754,0.459090909090909,general_news,2026年一季度报告
2026-05-01,000960,2,11,0,0,0,-0.05908053414764754,0.459090909090909,general_news,2026年一季度报告
2026-05-04,000960,0,11,0,0,0,-0.059080534147647516,0.459090909090909,general_news,2026年一季度报告
2026-05-05,000960,0,11,0,0,0,-0.05908053414764754,0.459090909090909,general_news,2026年一季度报告
2026-05-06,000960,0,11,0,0,0,-0.05908053414764753,0.459090909090909,general_news,2026年一季度报告
2026-05-07,000960,0,11,0,0,0,-0.05908053414764754,0.459090909090909,general_news,2026年一季度报告
2026-05-08,000960,0,11,0,0,0,-0.05908053414764752,0.459090909090909,general_news,2026年一季度报告
2026-05-11,000960,0,11,0,0,0,-0.059080534147647544,0.459090909090909,general_news,2026年一季度报告
2026-05-12,000960,0,11,0,0,0,-0.05908053414764754,0.459090909090909,general_news,2026年一季度报告
2026-05-13,000960,0,11,0,0,0,-0.05908053414764753,0.459090909090909,general_news,2026年一季度报告
2026-05-14,000960,0,11,0,0,0,-0.05908053414764752,0.459090909090909,general_news,2026年一季度报告
2026-05-15,000960,0,10,0,0,0,-0.060654093731280036,0.4699999999999999,general_news,2026年一季度报告
2026-05-18,000960,0,9,0,0,0,-0.06288281039442821,0.4833333333333333,general_news,2026年一季度报告
2026-05-19,000960,0,9,0,0,0,-0.06288281039442821,0.4833333333333333,general_news,2026年一季度报告
2026-05-20,000960,0,9,0,0,0,-0.06288281039442821,0.4833333333333333,general_news,2026年一季度报告
2026-05-21,000960,0,8,0,0,0,-0.056819824743990215,0.46499999999999997,general_news,2026年一季度报告
2026-05-22,000960,0,5,0,0,0,-0.04312039127826517,0.42200000000000004,general_news,2026年一季度报告
2026-05-25,000960,0,2,0,0,0,-0.075,0.53,general_news,2026年一季度报告
2026-05-26,000960,2,4,0,0,0,-0.075,0.53,general_news,云南锡业股份有限公司2024年面向专业投资者公开发行科技创新可续期公司债券（第二期）2026年付息公告
2026-05-27,000960,2,4,0,0,0,-0.07499999999999998,0.53,general_news,云南锡业股份有限公司2024年面向专业投资者公开发行科技创新可续期公司债券（第二期）2026年付息公告
2026-05-28,000960,2,4,0,0,0,-0.075,0.53,general_news,云南锡业股份有限公司2024年面向专业投资者公开发行科技创新可续期公司债券（第二期）2026年付息公告
2026-05-29,000960,2,2,0,0,0,-0.075,0.53,general_news,云南锡业股份有限公司2024年面向专业投资者公开发行科技创新可续期公司债券（第二期）2026年付息公告
2026-06-01,000960,2,4,0,0,0,-0.022345247259080284,0.43999999999999995,general_news,云南锡业股份有限公司关于参与竞拍赤峰大井子锡业有限公司100%股权的公告
2026-06-02,000960,3,5,0,0,0,0.0273289184566614,0.47800000000000004,fund_flow,锡业股份000960龙虎榜数据06-02)
2026-06-03,000960,3,5,0,0,0,0.0273289184566614,0.47800000000000004,fund_flow,锡业股份000960龙虎榜数据06-02)
2026-06-04,000960,4,6,0,0,0,-0.021829956880768324,0.5166666666666667,shareholder_change,云南锡业股份有限公司控股股东及其一致行动人减持股份超过1%的公告
2026-02-12,002460,3,3,0,0,0,0.0,0.3499999999999999,general_news,关于为控股子公司提供担保的进展公告
2026-02-13,002460,3,3,0,0,0,0.0,0.3499999999999999,general_news,关于为控股子公司提供担保的进展公告
2026-02-16,002460,4,4,0,0,0,-0.04609099393276622,0.42000000000000004,shareholder_change,关于召开2026年第一次临时股东会的通知
2026-02-17,002460,4,4,0,0,0,-0.04609099393276622,0.42000000000000004,shareholder_change,关于召开2026年第一次临时股东会的通知
2026-02-18,002460,1,4,0,0,0,-0.04609099393276622,0.42000000000000004,shareholder_change,关于召开2026年第一次临时股东会的通知
2026-02-19,002460,1,4,0,0,0,-0.04609099393276623,0.42000000000000004,shareholder_change,关于召开2026年第一次临时股东会的通知
2026-02-20,002460,0,4,0,0,0,-0.04609099393276622,0.42000000000000004,shareholder_change,关于召开2026年第一次临时股东会的通知
2026-02-23,002460,0,4,0,0,0,-0.046090993932766215,0.42000000000000004,shareholder_change,关于召开2026年第一次临时股东会的通知
2026-02-24,002460,0,4,0,0,0,-0.04609099393276622,0.42000000000000004,shareholder_change,关于召开2026年第一次临时股东会的通知
2026-02-25,002460,0,4,0,0,0,-0.04609099393276623,0.42000000000000004,shareholder_change,关于召开2026年第一次临时股东会的通知
2026-02-26,002460,1,5,0,0,0,-0.11160333646365063,0.462,shareholder_change,关于公司高级管理人员股份减持计划期限届满未实施减持的公告
2026-02-27,002460,2,6,0,0,0,-0.06461153678176737,0.44333333333333336,general_news,关于为控股子公司提供担保的进展公告
2026-03-02,002460,2,6,0,0,0,-0.06461153678176738,0.44333333333333336,general_news,关于为控股子公司提供担保的进展公告
2026-03-03,002460,2,6,0,0,0,-0.0646115367817674,0.44333333333333336,general_news,关于为控股子公司提供担保的进展公告
2026-03-04,002460,1,6,0,0,0,-0.0646115367817674,0.44333333333333336,general_news,关于为控股子公司提供担保的进展公告
2026-03-05,002460,1,7,0,0,0,-0.03243232522530072,0.43000000000000005,general_news,H股公告
2026-03-06,002460,1,7,0,0,0,-0.03243232522530072,0.43000000000000005,general_news,H股公告
2026-03-09,002460,1,7,0,0,0,-0.03243232522530072,0.43000000000000005,general_news,H股公告
2026-03-10,002460,1,7,0,0,0,-0.03243232522530073,0.43000000000000005,general_news,H股公告
2026-03-11,002460,0,7,0,0,0,-0.032432325225300714,0.43000000000000005,general_news,H股公告
2026-03-12,002460,2,9,0,0,0,-0.11829036925748855,0.4744444444444444,shareholder_change,2026年第一次临时股东会决议公告
2026-03-13,002460,2,9,0,0,0,-0.11829036925748856,0.4744444444444444,shareholder_change,2026年第一次临时股东会决议公告
2026-03-16,002460,3,7,0,0,0,-0.08069818198520855,0.51,general_news,H股公告（董事会会议通知）
2026-03-17,002460,3,6,0,0,0,-0.08027485783263223,0.49,general_news,H股公告（董事会会议通知）
2026-03-18,002460,1,6,0,0,0,-0.08027485783263222,0.49,general_news,H股公告（董事会会议通知）
2026-03-19,002460,1,6,0,0,0,-0.08027485783263222,0.49,general_news,H股公告（董事会会议通知）
2026-03-20,002460,0,6,0,0,0,-0.08027485783263223,0.49,general_news,H股公告（董事会会议通知）
2026-03-23,002460,0,6,0,0,0,-0.08027485783263225,0.49,general_news,H股公告（董事会会议通知）
2026-03-24,002460,1,7,0,0,0,-0.033564768758306794,0.47000000000000003,general_news,关于独立董事任期届满的公告
2026-03-25,002460,1,7,0,0,0,-0.03356476875830679,0.47000000000000003,general_news,关于独立董事任期届满的公告
2026-03-26,002460,1,7,0,0,0,-0.03356476875830679,0.47000000000000003,general_news,关于独立董事任期届满的公告
2026-03-27,002460,1,7,0,0,0,-0.03356476875830678,0.47000000000000003,general_news,关于独立董事任期届满的公告
2026-03-30,002460,1,6,0,0,0,-0.015719969417472536,0.4433333333333333,general_news,关于为控股子公司提供担保的进展公告
2026-03-31,002460,31,36,5,0,0,0.036147369549608774,0.41222222222222227,general_news,关于2025年度利润分配预案的公告
2026-04-01,002460,31,36,5,0,0,0.036147369549608774,0.41222222222222227,general_news,关于2025年度利润分配预案的公告
2026-04-02,002460,33,38,5,0,0,0.027428032954655995,0.4163157894736842,general_news,H股公告
2026-04-03,002460,32,38,5,0,0,0.027428032954655995,0.4163157894736842,general_news,H股公告
2026-04-06,002460,2,37,5,0,0,0.027447751873970663,0.4181081081081081,general_news,H股公告
2026-04-07,002460,2,37,5,0,0,0.02744775187397066,0.4181081081081081,general_news,H股公告
2026-04-08,002460,0,37,5,0,0,0.027447751873970656,0.4181081081081081,general_news,H股公告
2026-04-09,002460,0,37,5,0,0,0.027447751873970676,0.4181081081081081,general_news,H股公告
2026-04-10,002460,2,39,5,0,0,0.022025710291171695,0.41461538461538466,general_news,关于召开2025年度网上业绩说明会的公告
2026-04-13,002460,2,37,5,0,0,0.022566955050736446,0.40297297297297296,general_news,关于召开2025年度网上业绩说明会的公告
2026-04-14,002460,3,37,5,0,0,0.019232784374190945,0.4029729729729729,general_news,关于为控股子公司提供担保的进展公告
2026-04-15,002460,3,37,5,0,0,0.019232784374190952,0.4029729729729729,general_news,关于为控股子公司提供担保的进展公告
2026-04-16,002460,3,39,5,0,0,-0.007592757981356875,0.4074358974358974,general_news,H股公告（董事会会议通知）
2026-04-17,002460,4,40,5,0,0,-0.006521898267002979,0.406,general_news,2026年第一季度业绩预告
2026-04-20,002460,3,40,5,0,0,-0.006521898267002982,0.406,general_news,2026年第一季度业绩预告
2026-04-21,002460,3,40,5,0,0,-0.00652189826700298,0.406,general_news,2026年第一季度业绩预告
2026-04-22,002460,1,40,5,0,0,-0.0065218982670029796,0.406,general_news,2026年第一季度业绩预告
2026-04-23,002460,0,40,5,0,0,-0.006521898267002981,0.406,general_news,2026年第一季度业绩预告
2026-04-24,002460,0,39,5,0,0,-0.006551868390778398,0.4074358974358974,general_news,2026年第一季度业绩预告
2026-04-27,002460,1,40,5,0,0,-0.004536412628321332,0.406,general_news,关于为控股子公司提供担保的进展公告
2026-04-28,002460,2,40,5,0,0,-0.0030932021821286388,0.406,general_news,关于公司2026年度第一期绿色中期票据发行结果的公告
2026-04-29,002460,2,40,5,0,0,-0.0030932021821286388,0.406,general_news,关于公司2026年度第一期绿色中期票据发行结果的公告
2026-04-30,002460,13,51,9,0,0,0.10070412973623039,0.4158823529411765,performance_beat,赣锋锂业002460.SZ)：2026年一季报净利润为18.37亿元，同比扭亏为盈
2026-05-01,002460,12,21,4,0,0,0.10269729894086688,0.43,performance_beat,赣锋锂业002460.SZ)：2026年一季报净利润为18.37亿元，同比扭亏为盈
2026-05-04,002460,11,19,4,0,0,0.10320250618020667,0.4236842105263157,performance_beat,赣锋锂业002460.SZ)：2026年一季报净利润为18.37亿元，同比扭亏为盈
2026-05-05,002460,11,19,4,0,0,0.10320250618020665,0.4236842105263157,performance_beat,赣锋锂业002460.SZ)：2026年一季报净利润为18.37亿元，同比扭亏为盈
2026-05-06,002460,1,20,4,0,0,0.06405421058913083,0.434,shareholder_change,关于2025年年度股东会增加临时议案及会议补充通知的公告
2026-05-07,002460,2,21,4,0,0,0.0543589784094683,0.43,general_news,H股公告
2026-05-08,002460,2,21,4,0,0,0.0543589784094683,0.43,general_news,H股公告
2026-05-11,002460,2,19,4,0,0,0.05470889344027217,0.43842105263157893,general_news,H股公告
2026-05-12,002460,1,19,4,0,0,0.054708893440272154,0.43842105263157893,general_news,H股公告
2026-05-13,002460,3,22,5,0,0,0.03498359704800333,0.4518181818181818,commodity_shock,赣锋锂业002460.SZ)：注销2022年股票期权激励计划剩余55.125万份期权，因第四个行权期业绩未达标
2026-05-14,002460,3,22,5,0,0,0.03498359704800331,0.4518181818181818,commodity_shock,赣锋锂业002460.SZ)：注销2022年股票期权激励计划剩余55.125万份期权，因第四个行权期业绩未达标
2026-05-15,002460,4,22,5,0,0,0.00039452419132055954,0.4645454545454545,shareholder_change,关于2025年年度股东会变更现场会议召开地点的公告
2026-05-18,002460,4,19,5,0,0,0.0008488211861257301,0.4678947368421052,shareholder_change,关于2025年年度股东会变更现场会议召开地点的公告
2026-05-19,002460,1,19,5,0,0,0.0008488211861257368,0.4678947368421052,shareholder_change,关于2025年年度股东会变更现场会议召开地点的公告
2026-05-20,002460,1,19,5,0,0,0.0008488211861257448,0.4678947368421052,shareholder_change,关于2025年年度股东会变更现场会议召开地点的公告
2026-05-21,002460,2,21,5,0,0,-0.07025276554494729,0.48333333333333334,shareholder_change,北京市汉坤律师事务所上海分所关于江西赣锋锂业集团股份有限公司2025年年度股东会的法律意见书
2026-05-22,002460,2,21,5,0,0,-0.07025276554494723,0.48333333333333334,shareholder_change,北京市汉坤律师事务所上海分所关于江西赣锋锂业集团股份有限公司2025年年度股东会的法律意见书
2026-05-25,002460,2,21,5,0,0,-0.07025276554494726,0.48333333333333334,shareholder_change,北京市汉坤律师事务所上海分所关于江西赣锋锂业集团股份有限公司2025年年度股东会的法律意见书
2026-05-26,002460,2,20,5,0,0,-0.07065862791418015,0.49000000000000005,shareholder_change,北京市汉坤律师事务所上海分所关于江西赣锋锂业集团股份有限公司2025年年度股东会的法律意见书
2026-05-27,002460,0,20,5,0,0,-0.07065862791418015,0.49000000000000005,shareholder_change,北京市汉坤律师事务所上海分所关于江西赣锋锂业集团股份有限公司2025年年度股东会的法律意见书
2026-05-28,002460,1,21,5,0,0,-0.042971258085319666,0.48333333333333334,general_news,关于为控股子公司提供担保的进展公告
2026-05-29,002460,2,21,5,0,0,-0.029704435563974892,0.48333333333333334,general_news,关于公司对外提供担保的进展公告
2026-06-01,002460,2,10,1,0,0,-0.03850319853476878,0.518,general_news,关于公司对外提供担保的进展公告
2026-06-02,002460,2,10,1,0,0,-0.03850319853476878,0.518,general_news,关于公司对外提供担保的进展公告
2026-06-03,002460,9,18,2,0,0,0.015079170864698826,0.4588888888888889,general_news,第六届董事会第十六次会议决议公告
2026-06-04,002460,8,18,2,0,0,0.01507917086469883,0.4588888888888889,general_news,第六届董事会第十六次会议决议公告
2026-06-05,002460,8,18,2,0,0,0.01507917086469883,0.4588888888888889,general_news,第六届董事会第十六次会议决议公告
2026-06-08,002460,10,18,3,0,0,0.09748536516565677,0.4588888888888889,order_contract,赣锋锂业：储能电芯满产满销 588Ah产线三季度启动产能爬坡
2026-06-09,002460,3,19,3,0,0,0.059557417805884645,0.4678947368421053,shareholder_change,关于召开2026年第二次临时股东会的通知
2026-03-30,002466,17,17,0,0,0,-0.008823529411764704,0.3664705882352941,general_news,关于开展外汇套期保值业务的公告
2026-03-31,002466,17,17,0,0,0,-0.008823529411764706,0.3664705882352941,general_news,关于开展外汇套期保值业务的公告
2026-04-01,002466,17,17,0,0,0,-0.008823529411764706,0.3664705882352941,general_news,关于开展外汇套期保值业务的公告
2026-04-02,002466,19,19,0,0,0,-0.007113908906123914,0.3647368421052631,general_news,关于举行2025年度业绩说明会的公告
2026-04-03,002466,2,19,0,0,0,-0.007113908906123912,0.3647368421052631,general_news,关于举行2025年度业绩说明会的公告
2026-04-06,002466,2,19,0,0,0,-0.007113908906123915,0.3647368421052631,general_news,关于举行2025年度业绩说明会的公告
2026-04-07,002466,2,19,0,0,0,-0.007113908906123914,0.3647368421052631,general_news,关于举行2025年度业绩说明会的公告
2026-04-08,002466,0,19,0,0,0,-0.007113908906123916,0.3647368421052631,general_news,关于举行2025年度业绩说明会的公告
2026-04-09,002466,0,19,0,0,0,-0.007113908906123915,0.3647368421052631,general_news,关于举行2025年度业绩说明会的公告
2026-04-10,002466,0,19,0,0,0,-0.007113908906123914,0.3647368421052631,general_news,关于举行2025年度业绩说明会的公告
2026-04-13,002466,13,32,0,0,0,-0.020203623979209336,0.37625,shareholder_change,股东会议事规则 （2026年4月修订）
2026-04-14,002466,13,32,0,0,0,-0.02020362397920934,0.37625,shareholder_change,股东会议事规则 （2026年4月修订）
2026-04-15,002466,14,33,1,0,0,0.0019211261857421354,0.3839393939393939,commodity_shock,关于开展外汇及商品期货套期保值业务的进展公告
2026-04-16,002466,15,34,1,0,0,0.0017215883336071354,0.38294117647058823,general_news,H股公告：董事会会议通告
2026-04-17,002466,2,34,1,0,0,0.0017215883336071396,0.38294117647058823,general_news,H股公告：董事会会议通告
2026-04-20,002466,2,34,1,0,0,0.0017215883336071398,0.38294117647058823,general_news,H股公告：董事会会议通告
2026-04-21,002466,2,35,1,0,0,0.0014202556317180692,0.38199999999999995,general_news,2026年第一季度业绩预告
2026-04-22,002466,1,35,1,0,0,0.001420255631718068,0.38199999999999995,general_news,2026年第一季度业绩预告
2026-04-23,002466,1,35,1,0,0,0.0014202556317180664,0.38199999999999995,general_news,2026年第一季度业绩预告
2026-04-24,002466,1,35,1,0,0,0.001420255631718068,0.38199999999999995,general_news,2026年第一季度业绩预告
2026-04-27,002466,0,35,1,0,0,0.0014202556317180685,0.38199999999999995,general_news,2026年第一季度业绩预告
2026-04-28,002466,11,29,3,0,0,0.05851443536188582,0.40793103448275864,general_news,H股公告：2025年度报告
2026-04-29,002466,15,33,3,0,0,0.0233369721368057,0.4178787878787879,general_news,关于完成董事会换届选举及聘任高级管理人员、监察审计部负责人和证券事务代表的公告
2026-04-30,002466,15,33,3,0,0,0.023336972136805707,0.4178787878787879,general_news,关于完成董事会换届选举及聘任高级管理人员、监察审计部负责人和证券事务代表的公告
2026-05-01,002466,15,33,3,0,0,0.0233369721368057,0.4178787878787879,general_news,关于完成董事会换届选举及聘任高级管理人员、监察审计部负责人和证券事务代表的公告
2026-05-04,002466,4,31,3,0,0,0.023402108789031026,0.42225806451612896,general_news,关于完成董事会换届选举及聘任高级管理人员、监察审计部负责人和证券事务代表的公告
2026-05-05,002466,0,31,3,0,0,0.023402108789031,0.42225806451612896,general_news,关于完成董事会换届选举及聘任高级管理人员、监察审计部负责人和证券事务代表的公告
2026-05-06,002466,0,31,3,0,0,0.023402108789030998,0.42225806451612896,general_news,关于完成董事会换届选举及聘任高级管理人员、监察审计部负责人和证券事务代表的公告
2026-05-07,002466,1,32,3,0,0,0.01938671942035528,0.42000000000000004,general_news,H股公告：证券变动月报表
2026-05-08,002466,1,32,3,0,0,0.019386719420355282,0.42000000000000004,general_news,H股公告：证券变动月报表
2026-05-11,002466,2,33,3,0,0,0.015783031109125864,0.4178787878787879,general_news,H股公告：翌日披露报表
2026-05-12,002466,2,20,3,0,0,0.01758260920951532,0.434,general_news,H股公告：翌日披露报表
2026-05-13,002466,1,20,3,0,0,0.017582609209515317,0.434,general_news,H股公告：翌日披露报表
2026-05-14,002466,1,20,3,0,0,0.017582609209515324,0.434,general_news,H股公告：翌日披露报表
2026-05-15,002466,2,22,3,0,0,0.009173798300154884,0.42636363636363633,general_news,H股公告：翌日披露报表
2026-05-18,002466,2,20,2,0,0,0.00857633900934804,0.41999999999999993,general_news,H股公告：翌日披露报表
2026-05-19,002466,2,20,2,0,0,0.008576339009348037,0.41999999999999993,general_news,H股公告：翌日披露报表
2026-05-20,002466,2,20,2,0,0,0.008576339009348042,0.41999999999999993,general_news,H股公告：翌日披露报表
2026-05-21,002466,2,22,2,0,0,-0.07572509615477922,0.43909090909090903,shareholder_change,2025年度股东会的法律意见书
2026-05-22,002466,2,21,2,0,0,-0.0760031546311668,0.44333333333333325,shareholder_change,2025年度股东会的法律意见书
2026-05-25,002466,2,21,2,0,0,-0.07600315463116686,0.44333333333333325,shareholder_change,2025年度股东会的法律意见书
2026-05-26,002466,2,21,2,0,0,-0.0760031546311668,0.44333333333333325,shareholder_change,2025年度股东会的法律意见书
2026-05-27,002466,0,21,2,0,0,-0.07600315463116677,0.44333333333333325,shareholder_change,2025年度股东会的法律意见书
2026-05-28,002466,0,21,2,0,0,-0.0760031546311668,0.44333333333333325,shareholder_change,2025年度股东会的法律意见书
2026-05-29,002466,0,10,0,0,0,-0.09378650377292679,0.4619999999999999,shareholder_change,2025年度股东会决议公告
2026-06-01,002466,0,6,0,0,0,-0.09481149507751233,0.44333333333333336,shareholder_change,2025年度股东会决议公告
2026-06-02,002466,0,6,0,0,0,-0.09481149507751235,0.44333333333333336,shareholder_change,2025年度股东会决议公告
2026-06-03,002466,0,6,0,0,0,-0.09481149507751234,0.44333333333333336,shareholder_change,2025年度股东会决议公告
2026-06-04,002466,23,29,0,0,0,-0.012403867292673837,0.3789655172413793,general_news,关联交易决策制度（2026年6月修订）
2026-06-05,002466,23,29,0,0,0,-0.01240386729267384,0.3789655172413793,general_news,关联交易决策制度（2026年6月修订）
2026-06-08,002466,24,29,0,0,0,-0.019813868763800983,0.3886206896551724,shareholder_change,关于召开2026年第二次临时股东会的通知
2026-06-09,002466,24,28,0,0,0,-0.01983340734157463,0.39,shareholder_change,关于召开2026年第二次临时股东会的通知
2026-06-10,002466,6,33,5,0,0,0.057587628908291257,0.4287878787878788,capacity_operation,天齐锂业澳大利亚泰利森三期一工厂发生局部火情：或影响产能爬坡
2025-11-17,600111,1,1,1,0,0,0.20000000000000004,0.63,commodity_shock,北方稀土关于部分董事及独立董事离任的公告
2025-11-18,600111,1,1,1,0,0,0.20000000000000004,0.63,commodity_shock,北方稀土关于部分董事及独立董事离任的公告
2025-11-19,600111,1,1,1,0,0,0.2,0.63,commodity_shock,北方稀土关于部分董事及独立董事离任的公告
2025-11-20,600111,1,1,1,0,0,0.2,0.63,commodity_shock,北方稀土关于部分董事及独立董事离任的公告
2025-11-21,600111,0,1,1,0,0,0.2,0.63,commodity_shock,北方稀土关于部分董事及独立董事离任的公告
2025-11-24,600111,0,1,1,0,0,0.2,0.63,commodity_shock,北方稀土关于部分董事及独立董事离任的公告
2025-11-25,600111,8,9,7,0,0,0.11504494584733178,0.63,shareholder_change,北方稀土关于召开2025年第二次临时股东大会的通知
2025-11-26,600111,8,9,7,0,0,0.1150449458473318,0.63,shareholder_change,北方稀土关于召开2025年第二次临时股东大会的通知
2025-11-27,600111,9,10,7,0,0,0.07819174250580199,0.63,shareholder_change,北方稀土2025年第二次临时股东大会会议资料
2025-11-28,600111,9,10,7,0,0,0.07819174250580198,0.63,shareholder_change,北方稀土2025年第二次临时股东大会会议资料
2025-12-01,600111,1,10,7,0,0,0.07819174250580196,0.63,shareholder_change,北方稀土2025年第二次临时股东大会会议资料
2025-12-02,600111,1,10,7,0,0,0.07819174250580196,0.63,shareholder_change,北方稀土2025年第二次临时股东大会会议资料
2025-12-03,600111,1,11,8,0,0,0.10825262765271022,0.63,commodity_shock,北方稀土关于银行间债券市场非金融企业债务融资工具获准注册的公告
2025-12-04,600111,1,11,8,0,0,0.10825262765271022,0.63,commodity_shock,北方稀土关于银行间债券市场非金融企业债务融资工具获准注册的公告
2025-12-05,600111,1,11,8,0,0,0.10825262765271021,0.63,commodity_shock,北方稀土关于银行间债券市场非金融企业债务融资工具获准注册的公告
2025-12-08,600111,1,11,8,0,0,0.10825262765271018,0.63,commodity_shock,北方稀土关于银行间债券市场非金融企业债务融资工具获准注册的公告
2025-12-09,600111,0,11,8,0,0,0.10825262765271018,0.63,commodity_shock,北方稀土关于银行间债券市场非金融企业债务融资工具获准注册的公告
2025-12-10,600111,0,11,8,0,0,0.10825262765271021,0.63,commodity_shock,北方稀土关于银行间债券市场非金融企业债务融资工具获准注册的公告
2025-12-11,600111,13,24,18,0,0,0.11823818499566961,0.63,shareholder_change,北方稀土股东会议事规则（2025年12月修订）
2025-12-12,600111,13,24,18,0,0,0.1182381849956696,0.63,shareholder_change,北方稀土股东会议事规则（2025年12月修订）
2025-12-15,600111,13,24,18,0,0,0.11823818499566963,0.63,shareholder_change,北方稀土股东会议事规则（2025年12月修订）
2025-12-16,600111,13,23,17,0,0,0.1180985166117031,0.6300000000000002,shareholder_change,北方稀土股东会议事规则（2025年12月修订）
2025-12-17,600111,0,23,17,0,0,0.11809851661170306,0.6300000000000002,shareholder_change,北方稀土股东会议事规则（2025年12月修订）
2025-12-18,600111,0,23,17,0,0,0.11809851661170309,0.6300000000000002,shareholder_change,北方稀土股东会议事规则（2025年12月修订）
2025-12-19,600111,0,23,17,0,0,0.11809851661170287,0.6300000000000002,shareholder_change,北方稀土股东会议事规则（2025年12月修订）
2025-12-22,600111,0,23,17,0,0,0.11809851661170305,0.6300000000000002,shareholder_change,北方稀土股东会议事规则（2025年12月修订）
2025-12-23,600111,0,23,17,0,0,0.11809851661170308,0.6300000000000002,shareholder_change,北方稀土股东会议事规则（2025年12月修订）
2025-12-24,600111,0,23,17,0,0,0.11809851661170301,0.6300000000000002,shareholder_change,北方稀土股东会议事规则（2025年12月修订）
2025-12-25,600111,0,23,17,0,0,0.11809851661170298,0.6300000000000002,shareholder_change,北方稀土股东会议事规则（2025年12月修订）
2025-12-26,600111,0,15,11,0,0,0.11843707269891832,0.6300000000000001,commodity_shock,北方稀土担保管理办法（2025年12月修订）
2025-12-29,600111,0,14,11,0,0,0.12116469955841742,0.63,commodity_shock,北方稀土担保管理办法（2025年12月修订）
2025-12-30,600111,0,14,11,0,0,0.12116469955841745,0.63,commodity_shock,北方稀土担保管理办法（2025年12月修订）
2025-12-31,600111,0,14,11,0,0,0.12116469955841744,0.63,commodity_shock,北方稀土担保管理办法（2025年12月修订）
2026-01-01,600111,0,14,11,0,0,0.1211646995584174,0.63,commodity_shock,北方稀土担保管理办法（2025年12月修订）
2026-01-02,600111,0,14,11,0,0,0.12116469955841738,0.63,commodity_shock,北方稀土担保管理办法（2025年12月修订）
2026-01-05,600111,0,13,10,0,0,0.11923076923076927,0.63,commodity_shock,北方稀土担保管理办法（2025年12月修订）
2026-01-06,600111,0,13,10,0,0,0.11923076923076925,0.63,commodity_shock,北方稀土担保管理办法（2025年12月修订）
2026-01-07,600111,0,13,10,0,0,0.11923076923076928,0.63,commodity_shock,北方稀土担保管理办法（2025年12月修订）
2026-01-08,600111,0,13,10,0,0,0.11923076923076925,0.63,commodity_shock,北方稀土担保管理办法（2025年12月修订）
2026-01-09,600111,0,13,10,0,0,0.11923076923076929,0.63,commodity_shock,北方稀土担保管理办法（2025年12月修订）
2026-01-12,600111,1,1,1,0,0,0.20000000000000004,0.7100000000000001,commodity_shock,北方稀土关于2026年第一季度稀土精矿交易价格的公告
2026-01-13,600111,1,1,1,0,0,0.20000000000000004,0.7100000000000001,commodity_shock,北方稀土关于2026年第一季度稀土精矿交易价格的公告
2026-01-14,600111,1,1,1,0,0,0.2,0.7100000000000001,commodity_shock,北方稀土关于2026年第一季度稀土精矿交易价格的公告
2026-01-15,600111,1,1,1,0,0,0.2,0.7100000000000001,commodity_shock,北方稀土关于2026年第一季度稀土精矿交易价格的公告
2026-01-16,600111,0,1,1,0,0,0.2,0.7100000000000001,commodity_shock,北方稀土关于2026年第一季度稀土精矿交易价格的公告
2026-01-19,600111,1,2,2,0,0,0.6020822182465028,0.67,performance_beat,北方稀土2025年度业绩预增公告
2026-01-20,600111,2,3,3,0,0,0.38946293610442234,0.6566666666666667,commodity_shock,北方稀土关于董事离任暨选举职工董事的公告
2026-01-21,600111,2,3,3,0,0,0.38946293610442234,0.6566666666666667,commodity_shock,北方稀土关于董事离任暨选举职工董事的公告
2026-01-22,600111,2,3,3,0,0,0.38946293610442245,0.6566666666666667,commodity_shock,北方稀土关于董事离任暨选举职工董事的公告
2026-01-23,600111,1,3,3,0,0,0.3894629361044223,0.6566666666666667,commodity_shock,北方稀土关于董事离任暨选举职工董事的公告
2026-01-26,600111,0,3,3,0,0,0.38946293610442234,0.6566666666666667,commodity_shock,北方稀土关于董事离任暨选举职工董事的公告
2026-01-27,600111,0,3,3,0,0,0.3894629361044223,0.6566666666666667,commodity_shock,北方稀土关于董事离任暨选举职工董事的公告
2026-01-28,600111,0,3,3,0,0,0.3894629361044223,0.6566666666666667,commodity_shock,北方稀土关于董事离任暨选举职工董事的公告
2026-01-29,600111,0,3,3,0,0,0.3894629361044224,0.6566666666666667,commodity_shock,北方稀土关于董事离任暨选举职工董事的公告
2026-01-30,600111,0,3,3,0,0,0.38946293610442234,0.6566666666666667,commodity_shock,北方稀土关于董事离任暨选举职工董事的公告
2026-02-02,600111,0,3,3,0,0,0.38946293610442245,0.6566666666666667,commodity_shock,北方稀土关于董事离任暨选举职工董事的公告
2026-02-03,600111,0,3,3,0,0,0.38946293610442234,0.6566666666666667,commodity_shock,北方稀土关于董事离任暨选举职工董事的公告
2026-02-04,600111,0,3,3,0,0,0.3894629361044223,0.6566666666666667,commodity_shock,北方稀土关于董事离任暨选举职工董事的公告
2026-02-05,600111,0,3,3,0,0,0.3894629361044223,0.6566666666666667,commodity_shock,北方稀土关于董事离任暨选举职工董事的公告
2026-02-06,600111,0,3,3,0,0,0.3894629361044223,0.6566666666666667,commodity_shock,北方稀土关于董事离任暨选举职工董事的公告
2026-02-09,600111,0,3,3,0,0,0.3894629361044224,0.6566666666666667,commodity_shock,北方稀土关于董事离任暨选举职工董事的公告
2026-02-10,600111,0,2,2,0,0,0.41695713202867796,0.63,commodity_shock,北方稀土关于董事离任暨选举职工董事的公告
2026-02-11,600111,0,2,2,0,0,0.4169571320286778,0.63,commodity_shock,北方稀土关于董事离任暨选举职工董事的公告
2026-02-12,600111,1,3,3,0,0,0.212625006790787,0.63,commodity_shock,北方稀土第九届董事会第十次会议决议公告
2026-02-13,600111,1,3,3,0,0,0.212625006790787,0.63,commodity_shock,北方稀土第九届董事会第十次会议决议公告
2026-02-16,600111,1,3,3,0,0,0.21262500679078697,0.63,commodity_shock,北方稀土第九届董事会第十次会议决议公告
2026-02-17,600111,1,2,2,0,0,0.20000000000000004,0.63,commodity_shock,北方稀土第九届董事会第十次会议决议公告
2026-02-18,600111,0,2,2,0,0,0.2,0.63,commodity_shock,北方稀土第九届董事会第十次会议决议公告
2026-02-19,600111,0,2,2,0,0,0.2,0.63,commodity_shock,北方稀土第九届董事会第十次会议决议公告
2026-02-20,600111,0,1,1,0,0,0.19999999999999998,0.63,commodity_shock,北方稀土第九届董事会第十次会议决议公告
2026-02-23,600111,0,1,1,0,0,0.2,0.63,commodity_shock,北方稀土第九届董事会第十次会议决议公告
2026-02-24,600111,0,1,1,0,0,0.2,0.63,commodity_shock,北方稀土第九届董事会第十次会议决议公告
2026-02-25,600111,0,1,1,0,0,0.2,0.63,commodity_shock,北方稀土第九届董事会第十次会议决议公告
2026-02-26,600111,0,1,1,0,0,0.2,0.63,commodity_shock,北方稀土第九届董事会第十次会议决议公告
2026-02-27,600111,0,1,1,0,0,0.2,0.63,commodity_shock,北方稀土第九届董事会第十次会议决议公告
2026-03-02,600111,0,1,1,0,0,0.2,0.63,commodity_shock,北方稀土第九届董事会第十次会议决议公告
2026-03-03,600111,0,1,1,0,0,0.2,0.63,commodity_shock,北方稀土第九届董事会第十次会议决议公告
2026-03-04,600111,0,1,1,0,0,0.2,0.63,commodity_shock,北方稀土第九届董事会第十次会议决议公告
2026-03-05,600111,0,1,1,0,0,0.2,0.63,commodity_shock,北方稀土第九届董事会第十次会议决议公告
2026-03-06,600111,0,1,1,0,0,0.2,0.63,commodity_shock,北方稀土第九届董事会第十次会议决议公告
2026-03-09,600111,0,1,1,0,0,0.2,0.63,commodity_shock,北方稀土第九届董事会第十次会议决议公告
2026-03-10,600111,0,1,1,0,0,0.2,0.63,commodity_shock,北方稀土第九届董事会第十次会议决议公告
2026-03-11,600111,0,1,1,0,0,0.2,0.63,commodity_shock,北方稀土第九届董事会第十次会议决议公告
2026-03-12,600111,0,1,1,0,0,0.2,0.63,commodity_shock,北方稀土第九届董事会第十次会议决议公告
2026-03-13,600111,0,1,1,0,0,0.2,0.63,commodity_shock,北方稀土第九届董事会第十次会议决议公告
2026-03-16,600111,4,4,4,0,0,0.20000000000000004,0.63,commodity_shock,北方稀土关于2026年度第一期超短期融资券发行结果的公告
2026-03-17,600111,4,4,4,0,0,0.20000000000000004,0.63,commodity_shock,北方稀土关于2026年度第一期超短期融资券发行结果的公告
2026-03-18,600111,4,4,4,0,0,0.2,0.63,commodity_shock,北方稀土关于2026年度第一期超短期融资券发行结果的公告
2026-03-19,600111,4,4,4,0,0,0.2,0.63,commodity_shock,北方稀土关于2026年度第一期超短期融资券发行结果的公告
2026-03-20,600111,0,4,4,0,0,0.2,0.63,commodity_shock,北方稀土关于2026年度第一期超短期融资券发行结果的公告
2026-03-23,600111,0,4,4,0,0,0.2,0.63,commodity_shock,北方稀土关于2026年度第一期超短期融资券发行结果的公告
2026-03-24,600111,0,4,4,0,0,0.2,0.63,commodity_shock,北方稀土关于2026年度第一期超短期融资券发行结果的公告
2026-03-25,600111,0,4,4,0,0,0.2,0.63,commodity_shock,北方稀土关于2026年度第一期超短期融资券发行结果的公告
2026-03-26,600111,0,4,4,0,0,0.2,0.63,commodity_shock,北方稀土关于2026年度第一期超短期融资券发行结果的公告
2026-03-27,600111,0,4,4,0,0,0.2,0.63,commodity_shock,北方稀土关于2026年度第一期超短期融资券发行结果的公告
2026-03-30,600111,0,4,4,0,0,0.2,0.63,commodity_shock,北方稀土关于2026年度第一期超短期融资券发行结果的公告
2026-03-31,600111,0,4,4,0,0,0.2,0.63,commodity_shock,北方稀土关于2026年度第一期超短期融资券发行结果的公告
2026-04-01,600111,0,4,4,0,0,0.2,0.63,commodity_shock,北方稀土关于2026年度第一期超短期融资券发行结果的公告
2026-04-02,600111,0,4,4,0,0,0.2,0.63,commodity_shock,北方稀土关于2026年度第一期超短期融资券发行结果的公告
2026-04-03,600111,0,4,4,0,0,0.2,0.63,commodity_shock,北方稀土关于2026年度第一期超短期融资券发行结果的公告
2026-04-06,600111,0,4,4,0,0,0.2,0.63,commodity_shock,北方稀土关于2026年度第一期超短期融资券发行结果的公告
2026-04-07,600111,0,4,4,0,0,0.2,0.63,commodity_shock,北方稀土关于2026年度第一期超短期融资券发行结果的公告
2026-04-08,600111,0,4,4,0,0,0.2,0.63,commodity_shock,北方稀土关于2026年度第一期超短期融资券发行结果的公告
2026-04-09,600111,0,4,4,0,0,0.2,0.63,commodity_shock,北方稀土关于2026年度第一期超短期融资券发行结果的公告
2026-04-10,600111,0,4,4,0,0,0.2,0.63,commodity_shock,北方稀土关于2026年度第一期超短期融资券发行结果的公告
2026-04-13,600111,1,5,5,0,0,0.19999999999999993,0.646,commodity_shock,北方稀土关于2026年第二季度稀土精矿交易价格的公告
2026-04-14,600111,3,3,3,0,0,0.4074345244473182,0.6566666666666667,performance_beat,北方稀土2026年第一季度业绩预增公告
2026-04-15,600111,3,3,3,0,0,0.4074345244473181,0.6566666666666667,performance_beat,北方稀土2026年第一季度业绩预增公告
2026-04-16,600111,3,3,3,0,0,0.40743452444731815,0.6566666666666667,performance_beat,北方稀土2026年第一季度业绩预增公告
2026-04-17,600111,2,3,3,0,0,0.4074345244473182,0.6566666666666667,performance_beat,北方稀土2026年第一季度业绩预增公告
2026-04-20,600111,33,36,34,0,0,0.1901614074557844,0.6244444444444445,commodity_shock,北方稀土关于2025年度会计师事务所履职情况的评估报告
2026-04-21,600111,33,36,34,0,0,0.19016140745578441,0.6244444444444445,commodity_shock,北方稀土关于2025年度会计师事务所履职情况的评估报告
2026-04-22,600111,34,37,35,0,0,0.19064177794407483,0.6245945945945945,commodity_shock,北方稀土关于参加2025年报沪市主板培育新动能之基业长青集体业绩说明会的公告
2026-04-23,600111,34,37,35,0,0,0.19064177794407475,0.6245945945945945,commodity_shock,北方稀土关于参加2025年报沪市主板培育新动能之基业长青集体业绩说明会的公告
2026-04-24,600111,1,37,35,0,0,0.19064177794407475,0.6245945945945945,commodity_shock,北方稀土关于参加2025年报沪市主板培育新动能之基业长青集体业绩说明会的公告
2026-04-27,600111,2,38,35,0,0,0.16689091779960355,0.6247368421052631,shareholder_change,北方稀土2025年度股东会会议资料
2026-04-28,600111,2,39,36,0,0,0.2232673839360517,0.6248717948717948,performance_beat,600111，一季度业绩同比大增！“超级牛散”章建平出手
2026-04-29,600111,6,43,40,0,0,0.2160895431995062,0.6253488372093023,commodity_shock,北方稀土600111.SH)：2026年一季报净利润为9.18亿元、同比较去年同期上涨113.12%
2026-04-30,600111,6,43,40,0,0,0.2160895431995062,0.6253488372093023,commodity_shock,北方稀土600111.SH)：2026年一季报净利润为9.18亿元、同比较去年同期上涨113.12%
2026-05-01,600111,5,43,40,0,0,0.21608954319950616,0.6253488372093023,commodity_shock,北方稀土600111.SH)：2026年一季报净利润为9.18亿元、同比较去年同期上涨113.12%
2026-05-04,600111,4,43,40,0,0,0.21608954319950627,0.6253488372093023,commodity_shock,北方稀土600111.SH)：2026年一季报净利润为9.18亿元、同比较去年同期上涨113.12%
2026-05-05,600111,0,43,40,0,0,0.21608954319950618,0.6253488372093023,commodity_shock,北方稀土600111.SH)：2026年一季报净利润为9.18亿元、同比较去年同期上涨113.12%
2026-05-06,600111,0,43,40,0,0,0.21608954319950624,0.6253488372093023,commodity_shock,北方稀土600111.SH)：2026年一季报净利润为9.18亿元、同比较去年同期上涨113.12%
2026-05-07,600111,0,43,40,0,0,0.21608954319950638,0.6253488372093023,commodity_shock,北方稀土600111.SH)：2026年一季报净利润为9.18亿元、同比较去年同期上涨113.12%
2026-05-08,600111,0,43,40,0,0,0.2160895431995063,0.6253488372093023,commodity_shock,北方稀土600111.SH)：2026年一季报净利润为9.18亿元、同比较去年同期上涨113.12%
2026-05-11,600111,1,44,41,0,0,0.21217230633932505,0.6254545454545455,commodity_shock,北方稀土关于召开2026年第一季度业绩说明会的公告
2026-05-12,600111,1,43,40,0,0,0.21222682836796838,0.6234883720930232,commodity_shock,北方稀土关于召开2026年第一季度业绩说明会的公告
2026-05-13,600111,5,47,41,0,0,0.03805043682857392,0.6240425531914893,commodity_shock,北方稀土600111.SH)：5亿元超短期融资券兑付完成
2026-05-14,600111,6,48,42,0,0,0.06308408903939673,0.6241666666666666,commodity_shock,北方稀土关于2026年度第一期超短期融资券兑付完成的公告
2026-05-15,600111,5,46,40,0,0,0.06132384512390557,0.6239130434782608,commodity_shock,北方稀土关于2026年度第一期超短期融资券兑付完成的公告
2026-05-18,600111,5,46,40,0,0,0.061323845123905596,0.6239130434782608,commodity_shock,北方稀土关于2026年度第一期超短期融资券兑付完成的公告
2026-05-19,600111,1,13,9,0,0,0.044348876293160325,0.63,commodity_shock,北方稀土关于2026年度第一期超短期融资券兑付完成的公告
2026-05-20,600111,0,13,9,0,0,0.04434887629316033,0.63,commodity_shock,北方稀土关于2026年度第一期超短期融资券兑付完成的公告
2026-05-21,600111,0,13,9,0,0,0.04434887629316031,0.63,commodity_shock,北方稀土关于2026年度第一期超短期融资券兑付完成的公告
2026-05-22,600111,1,14,10,0,0,0.09998192726521182,0.63,commodity_shock,北方稀土关于参加内蒙古辖区上市公司2026年投资者网上集体接待日活动的公告
2026-05-25,600111,1,13,9,0,0,0.0994874585647856,0.63,commodity_shock,北方稀土关于参加内蒙古辖区上市公司2026年投资者网上集体接待日活动的公告
2026-05-26,600111,1,12,9,0,0,0.10139530623364822,0.63,commodity_shock,北方稀土关于参加内蒙古辖区上市公司2026年投资者网上集体接待日活动的公告
2026-05-27,600111,1,12,9,0,0,0.10139530623364822,0.63,commodity_shock,北方稀土关于参加内蒙古辖区上市公司2026年投资者网上集体接待日活动的公告
2026-05-28,600111,0,12,9,0,0,0.10139530623364822,0.63,commodity_shock,北方稀土关于参加内蒙古辖区上市公司2026年投资者网上集体接待日活动的公告
2026-05-29,600111,0,11,8,0,0,0.09369107169314565,0.63,commodity_shock,北方稀土关于参加内蒙古辖区上市公司2026年投资者网上集体接待日活动的公告
2026-06-01,600111,0,7,4,0,0,0.08752651846081175,0.63,commodity_shock,北方稀土关于参加内蒙古辖区上市公司2026年投资者网上集体接待日活动的公告
2026-06-02,600111,0,7,4,0,0,0.08752651846081175,0.63,commodity_shock,北方稀土关于参加内蒙古辖区上市公司2026年投资者网上集体接待日活动的公告
2026-06-03,600111,1,8,5,0,0,0.1643112921948325,0.63,commodity_shock,北方稀土2025年度权益分派实施公告
2026-06-04,600111,2,9,6,0,0,0.18003462305296702,0.63,commodity_shock,有色金属行业6月4日资金流向日报
2026-06-05,600111,2,9,6,0,0,0.180034623052967,0.63,commodity_shock,有色金属行业6月4日资金流向日报
2026-06-08,600111,3,10,7,0,0,0.18878448527849717,0.63,commodity_shock,有色金属行业资金流出榜：紫金矿业、北方稀土等净流出资金居前
2026-06-09,600111,2,9,6,0,0,0.18871642269277955,0.63,commodity_shock,有色金属行业资金流出榜：紫金矿业、北方稀土等净流出资金居前
2026-06-10,600111,3,11,7,0,0,0.18131089204131162,0.6045454545454545,general_news,短线防风险 71只个股短期均线现死叉
2025-12-03,600219,1,1,1,0,0,0.45,0.63,buyback_dividend,山东南山铝业股份有限公司关于以集中竞价交易方式回购股份的进展公告
2025-12-04,600219,1,1,1,0,0,0.45,0.63,buyback_dividend,山东南山铝业股份有限公司关于以集中竞价交易方式回购股份的进展公告
2025-12-05,600219,3,3,2,0,0,0.28645149420911936,0.5366666666666666,buyback_dividend,北京浩天律师事务所关于山东南山铝业股份有限公司差异化分红相关事项的法律意见书
2025-12-08,600219,3,3,2,0,0,0.2864514942091194,0.5366666666666666,buyback_dividend,北京浩天律师事务所关于山东南山铝业股份有限公司差异化分红相关事项的法律意见书
2025-12-09,600219,3,4,2,0,0,0.11554933242627555,0.5599999999999999,shareholder_change,山东南山铝业股份有限公司关于控股股东非公开发行可交换公司债券（第一期）（品种一）摘牌完成的公告
2025-12-10,600219,3,4,2,0,0,0.11554933242627555,0.5599999999999999,shareholder_change,山东南山铝业股份有限公司关于控股股东非公开发行可交换公司债券（第一期）（品种一）摘牌完成的公告
2025-12-11,600219,1,4,2,0,0,0.11554933242627555,0.5599999999999999,shareholder_change,山东南山铝业股份有限公司关于控股股东非公开发行可交换公司债券（第一期）（品种一）摘牌完成的公告
2025-12-12,600219,1,4,2,0,0,0.11554933242627555,0.5599999999999999,shareholder_change,山东南山铝业股份有限公司关于控股股东非公开发行可交换公司债券（第一期）（品种一）摘牌完成的公告
2025-12-15,600219,0,4,2,0,0,0.11554933242627552,0.5599999999999999,shareholder_change,山东南山铝业股份有限公司关于控股股东非公开发行可交换公司债券（第一期）（品种一）摘牌完成的公告
2025-12-16,600219,1,5,3,0,0,0.28799157333140946,0.574,buyback_dividend,山东南山铝业股份有限公司关于以集中竞价交易方式回购公司股份比例达1%的进展公告
2025-12-17,600219,2,6,3,0,0,0.12464138485116205,0.5833333333333334,shareholder_change,山东南山铝业股份有限公司关于控股股东非公开发行可交换公司债券完成股份解除质押的公告
2025-12-18,600219,3,7,4,0,0,0.22251233534216136,0.59,buyback_dividend,山东南山铝业股份有限公司关于股份回购实施结果暨股份变动的公告
2025-12-19,600219,3,7,4,0,0,0.22251233534216136,0.59,buyback_dividend,山东南山铝业股份有限公司关于股份回购实施结果暨股份变动的公告
2025-12-22,600219,2,7,4,0,0,0.22251233534216142,0.59,buyback_dividend,山东南山铝业股份有限公司关于股份回购实施结果暨股份变动的公告
2025-12-23,600219,11,17,6,0,0,0.09564635295165586,0.4982352941176471,general_news,山东南山铝业股份有限公司关于公司全资子公司烟台锦泰国际贸易有限公司开展伦铝套期保值业务的公告
2025-12-24,600219,10,17,6,0,0,0.09564635295165586,0.4982352941176471,general_news,山东南山铝业股份有限公司关于公司全资子公司烟台锦泰国际贸易有限公司开展伦铝套期保值业务的公告
2025-12-25,600219,11,18,6,0,0,0.08582411766693855,0.4900000000000001,general_news,山东南山铝业股份有限公司关于设立全资子公司的公告
2025-12-26,600219,12,19,6,0,0,0.06084653240292001,0.4973684210526316,shareholder_change,山东南山铝业股份有限公司关于回购股份事项前十名股东和前十名无限售条件股东持股情况的公告
2025-12-29,600219,3,20,6,0,0,0.03788992091362341,0.5040000000000001,shareholder_change,山东南山铝业股份有限公司关于控股股东非公开发行可交换公司债券获得上海证券交易所无异议函的公告
2025-12-30,600219,3,20,6,0,0,0.03788992091362339,0.5040000000000001,shareholder_change,山东南山铝业股份有限公司关于控股股东非公开发行可交换公司债券获得上海证券交易所无异议函的公告
2025-12-31,600219,2,20,6,0,0,0.03788992091362339,0.5040000000000001,shareholder_change,山东南山铝业股份有限公司关于控股股东非公开发行可交换公司债券获得上海证券交易所无异议函的公告
2026-01-01,600219,2,21,6,0,0,0.0037046727936367327,0.5100000000000001,shareholder_change,山东南山铝业股份有限公司2026年第一次临时股东会会议资料
2026-01-02,600219,1,21,6,0,0,0.0037046727936367297,0.5100000000000001,shareholder_change,山东南山铝业股份有限公司2026年第一次临时股东会会议资料
2026-01-05,600219,1,18,4,0,0,0.0006820699475120202,0.5055555555555556,shareholder_change,山东南山铝业股份有限公司2026年第一次临时股东会会议资料
2026-01-06,600219,2,19,4,0,0,-0.040463458871472235,0.5121052631578948,shareholder_change,山东南山铝业股份有限公司关于回购股份事项前十名股东和前十名无限售条件股东持股情况的公告
2026-01-07,600219,1,19,4,0,0,-0.04046345887147224,0.5121052631578948,shareholder_change,山东南山铝业股份有限公司关于回购股份事项前十名股东和前十名无限售条件股东持股情况的公告
2026-01-08,600219,1,19,4,0,0,-0.04046345887147224,0.5121052631578948,shareholder_change,山东南山铝业股份有限公司关于回购股份事项前十名股东和前十名无限售条件股东持股情况的公告
2026-01-09,600219,1,18,4,0,0,-0.03991287985700416,0.5055555555555556,shareholder_change,山东南山铝业股份有限公司关于回购股份事项前十名股东和前十名无限售条件股东持股情况的公告
2026-01-12,600219,2,20,4,0,0,-0.0941730234003286,0.5180000000000001,shareholder_change,山东南山铝业股份有限公司2026年第一次临时股东会决议公告
2026-01-13,600219,3,21,5,0,0,0.05518642851258913,0.5233333333333335,buyback_dividend,山东南山铝业股份有限公司关于回购股份通知债权人的公告
2026-01-14,600219,4,22,6,0,0,0.15013086787820745,0.5281818181818183,buyback_dividend,山东南山铝业股份有限公司关于以集中竞价交易方式回购股份的回购报告书
2026-01-15,600219,4,22,6,0,0,0.15013086787820745,0.5281818181818183,buyback_dividend,山东南山铝业股份有限公司关于以集中竞价交易方式回购股份的回购报告书
2026-01-16,600219,2,21,5,0,0,0.14898152232434092,0.5233333333333334,buyback_dividend,山东南山铝业股份有限公司关于以集中竞价交易方式回购股份的回购报告书
2026-01-19,600219,1,19,4,0,0,0.1487660809927517,0.5121052631578947,buyback_dividend,山东南山铝业股份有限公司关于以集中竞价交易方式回购股份的回购报告书
2026-01-20,600219,2,21,4,0,0,0.06923797007055382,0.49666666666666676,general_news,山东南山铝业股份有限公司对外投资公告
2026-01-21,600219,3,22,5,0,0,0.15897301387004595,0.5027272727272728,buyback_dividend,山东南山铝业股份有限公司关于以集中竞价交易方式首次回购公司股份公告
2026-01-22,600219,3,22,5,0,0,0.158973013870046,0.5027272727272728,buyback_dividend,山东南山铝业股份有限公司关于以集中竞价交易方式首次回购公司股份公告
2026-01-23,600219,4,13,3,0,0,0.12236909425107018,0.5438461538461538,general_news,山东南山铝业股份有限公司关于控股子公司南山铝业国际控股有限公司根据一般性授权配售股份的公告
2026-01-26,600219,2,11,3,0,0,0.12408688092691349,0.5536363636363636,general_news,山东南山铝业股份有限公司关于控股子公司南山铝业国际控股有限公司根据一般性授权配售股份的公告
2026-01-27,600219,1,10,3,0,0,0.12552957125297684,0.546,general_news,山东南山铝业股份有限公司关于控股子公司南山铝业国际控股有限公司根据一般性授权配售股份的公告
2026-01-28,600219,1,10,3,0,0,0.1255295712529769,0.546,general_news,山东南山铝业股份有限公司关于控股子公司南山铝业国际控股有限公司根据一般性授权配售股份的公告
2026-01-29,600219,0,10,3,0,0,0.1255295712529769,0.546,general_news,山东南山铝业股份有限公司关于控股子公司南山铝业国际控股有限公司根据一般性授权配售股份的公告
2026-01-30,600219,0,10,3,0,0,0.12552957125297687,0.546,general_news,山东南山铝业股份有限公司关于控股子公司南山铝业国际控股有限公司根据一般性授权配售股份的公告
2026-02-02,600219,2,11,3,0,0,0.04524673421516805,0.5027272727272727,general_news,山东南山铝业股份有限公司关于控股子公司南山铝业国际控股有限公司完成根据一般性授权配售股份的公告
2026-02-03,600219,3,12,4,0,0,0.1663123416665667,0.5133333333333333,buyback_dividend,山东南山铝业股份有限公司关于以集中竞价交易方式回购股份的进展公告
2026-02-04,600219,3,12,4,0,0,0.16631234166656675,0.5133333333333333,buyback_dividend,山东南山铝业股份有限公司关于以集中竞价交易方式回购股份的进展公告
2026-02-05,600219,3,12,4,0,0,0.16631234166656672,0.5133333333333333,buyback_dividend,山东南山铝业股份有限公司关于以集中竞价交易方式回购股份的进展公告
2026-02-06,600219,2,11,4,0,0,0.16805476792255428,0.5027272727272727,buyback_dividend,山东南山铝业股份有限公司关于以集中竞价交易方式回购股份的进展公告
2026-02-09,600219,0,11,4,0,0,0.16805476792255425,0.5027272727272727,buyback_dividend,山东南山铝业股份有限公司关于以集中竞价交易方式回购股份的进展公告
2026-02-10,600219,0,9,4,0,0,0.17438318173496817,0.4744444444444444,buyback_dividend,山东南山铝业股份有限公司关于以集中竞价交易方式回购股份的进展公告
2026-02-11,600219,0,9,4,0,0,0.17438318173496817,0.4744444444444444,buyback_dividend,山东南山铝业股份有限公司关于以集中竞价交易方式回购股份的进展公告
2026-02-12,600219,0,9,4,0,0,0.17438318173496814,0.4744444444444444,buyback_dividend,山东南山铝业股份有限公司关于以集中竞价交易方式回购股份的进展公告
2026-02-13,600219,0,8,3,0,0,0.17010874893697966,0.45499999999999996,buyback_dividend,山东南山铝业股份有限公司关于以集中竞价交易方式回购股份的进展公告
2026-02-16,600219,0,7,2,0,0,0.1650102290240414,0.43000000000000005,buyback_dividend,山东南山铝业股份有限公司关于以集中竞价交易方式回购股份的进展公告
2026-02-17,600219,0,7,2,0,0,0.16501022902404144,0.43000000000000005,buyback_dividend,山东南山铝业股份有限公司关于以集中竞价交易方式回购股份的进展公告
2026-02-18,600219,0,7,2,0,0,0.16501022902404142,0.43000000000000005,buyback_dividend,山东南山铝业股份有限公司关于以集中竞价交易方式回购股份的进展公告
2026-02-19,600219,0,7,2,0,0,0.1650102290240414,0.43000000000000005,buyback_dividend,山东南山铝业股份有限公司关于以集中竞价交易方式回购股份的进展公告
2026-02-20,600219,0,5,2,0,0,0.18050661118420194,0.462,buyback_dividend,山东南山铝业股份有限公司关于以集中竞价交易方式回购股份的进展公告
2026-02-23,600219,0,3,1,0,0,0.1786907715086896,0.44333333333333336,buyback_dividend,山东南山铝业股份有限公司关于以集中竞价交易方式回购股份的进展公告
2026-02-24,600219,0,3,1,0,0,0.1786907715086896,0.44333333333333336,buyback_dividend,山东南山铝业股份有限公司关于以集中竞价交易方式回购股份的进展公告
2026-02-25,600219,0,3,1,0,0,0.17869077150868962,0.44333333333333336,buyback_dividend,山东南山铝业股份有限公司关于以集中竞价交易方式回购股份的进展公告
2026-02-26,600219,0,3,1,0,0,0.17869077150868962,0.44333333333333336,buyback_dividend,山东南山铝业股份有限公司关于以集中竞价交易方式回购股份的进展公告
2026-02-27,600219,0,3,1,0,0,0.17869077150868967,0.44333333333333336,buyback_dividend,山东南山铝业股份有限公司关于以集中竞价交易方式回购股份的进展公告
2026-03-02,600219,0,3,1,0,0,0.17869077150868962,0.44333333333333336,buyback_dividend,山东南山铝业股份有限公司关于以集中竞价交易方式回购股份的进展公告
2026-03-03,600219,1,3,2,0,0,0.44309138648879814,0.5366666666666666,buyback_dividend,山东南山铝业股份有限公司关于以集中竞价交易方式回购股份的进展公告
2026-03-04,600219,1,3,2,0,0,0.44309138648879814,0.5366666666666666,buyback_dividend,山东南山铝业股份有限公司关于以集中竞价交易方式回购股份的进展公告
2026-03-05,600219,1,2,2,0,0,0.45,0.63,buyback_dividend,山东南山铝业股份有限公司关于以集中竞价交易方式回购股份的进展公告
2026-03-06,600219,1,1,1,0,0,0.44999999999999996,0.63,buyback_dividend,山东南山铝业股份有限公司关于以集中竞价交易方式回购股份的进展公告
2026-03-09,600219,0,1,1,0,0,0.45000000000000007,0.63,buyback_dividend,山东南山铝业股份有限公司关于以集中竞价交易方式回购股份的进展公告
2026-03-10,600219,0,1,1,0,0,0.45000000000000007,0.63,buyback_dividend,山东南山铝业股份有限公司关于以集中竞价交易方式回购股份的进展公告
2026-03-11,600219,0,1,1,0,0,0.45,0.63,buyback_dividend,山东南山铝业股份有限公司关于以集中竞价交易方式回购股份的进展公告
2026-03-12,600219,0,1,1,0,0,0.45,0.63,buyback_dividend,山东南山铝业股份有限公司关于以集中竞价交易方式回购股份的进展公告
2026-03-13,600219,0,1,1,0,0,0.44999999999999996,0.63,buyback_dividend,山东南山铝业股份有限公司关于以集中竞价交易方式回购股份的进展公告
2026-03-16,600219,0,1,1,0,0,0.45,0.63,buyback_dividend,山东南山铝业股份有限公司关于以集中竞价交易方式回购股份的进展公告
2026-03-17,600219,0,1,1,0,0,0.45,0.63,buyback_dividend,山东南山铝业股份有限公司关于以集中竞价交易方式回购股份的进展公告
2026-03-18,600219,1,2,1,0,0,-0.0869996489878411,0.63,shareholder_change,山东南山铝业股份有限公司关于持股5%以上股东权益变动触及1%刻度的提示性公告
2026-03-19,600219,1,2,1,0,0,-0.08699964898784109,0.63,shareholder_change,山东南山铝业股份有限公司关于持股5%以上股东权益变动触及1%刻度的提示性公告
2026-03-20,600219,1,2,1,0,0,-0.08699964898784107,0.63,shareholder_change,山东南山铝业股份有限公司关于持股5%以上股东权益变动触及1%刻度的提示性公告
2026-03-23,600219,1,2,1,0,0,-0.0869996489878411,0.63,shareholder_change,山东南山铝业股份有限公司关于持股5%以上股东权益变动触及1%刻度的提示性公告
2026-03-24,600219,0,2,1,0,0,-0.08699964898784109,0.63,shareholder_change,山东南山铝业股份有限公司关于持股5%以上股东权益变动触及1%刻度的提示性公告
2026-03-25,600219,0,2,1,0,0,-0.0869996489878411,0.63,shareholder_change,山东南山铝业股份有限公司关于持股5%以上股东权益变动触及1%刻度的提示性公告
2026-03-26,600219,0,2,1,0,0,-0.08699964898784111,0.63,shareholder_change,山东南山铝业股份有限公司关于持股5%以上股东权益变动触及1%刻度的提示性公告
2026-03-27,600219,25,27,1,0,0,-0.02279329845012333,0.40185185185185185,general_news,山东南山铝业股份有限公司第十一届董事会第二十六次会议决议公告
2026-03-30,600219,25,27,1,0,0,-0.022793298450123338,0.40185185185185185,general_news,山东南山铝业股份有限公司第十一届董事会第二十六次会议决议公告
2026-03-31,600219,25,27,1,0,0,-0.022793298450123334,0.40185185185185185,general_news,山东南山铝业股份有限公司第十一届董事会第二十六次会议决议公告
2026-04-01,600219,25,27,1,0,0,-0.022793298450123334,0.40185185185185185,general_news,山东南山铝业股份有限公司第十一届董事会第二十六次会议决议公告
2026-04-02,600219,1,28,2,0,0,0.01747731699330095,0.41000000000000003,buyback_dividend,山东南山铝业股份有限公司关于以集中竞价交易方式回购股份的进展公告
2026-04-03,600219,1,27,1,0,0,0.01696965667374288,0.40185185185185185,buyback_dividend,山东南山铝业股份有限公司关于以集中竞价交易方式回购股份的进展公告
2026-04-06,600219,1,27,1,0,0,0.016969656673742877,0.40185185185185185,buyback_dividend,山东南山铝业股份有限公司关于以集中竞价交易方式回购股份的进展公告
2026-04-07,600219,1,27,1,0,0,0.016969656673742884,0.40185185185185185,buyback_dividend,山东南山铝业股份有限公司关于以集中竞价交易方式回购股份的进展公告
2026-04-08,600219,0,27,1,0,0,0.016969656673742887,0.40185185185185185,buyback_dividend,山东南山铝业股份有限公司关于以集中竞价交易方式回购股份的进展公告
2026-04-09,600219,1,28,1,0,0,-0.014451113847002532,0.41,shareholder_change,山东南山铝业股份有限公司2025年年度股东会会议资料
2026-04-10,600219,3,30,1,0,0,-0.010076350203686095,0.4059999999999999,general_news,山东南山铝业股份有限公司关于更换持续督导财务顾问主办人的公告
2026-04-13,600219,3,30,1,0,0,-0.0100763502036861,0.4059999999999999,general_news,山东南山铝业股份有限公司关于更换持续督导财务顾问主办人的公告
2026-04-14,600219,3,30,1,0,0,-0.01007635020368609,0.4059999999999999,general_news,山东南山铝业股份有限公司关于更换持续督导财务顾问主办人的公告
2026-04-15,600219,3,31,1,0,0,-0.04312244418793595,0.4132258064516129,shareholder_change,山东南山铝业股份有限公司关于控股股东非公开发行可交换公司债券拟办理股份担保及信托登记的公告
2026-04-16,600219,1,31,1,0,0,-0.043122444187935934,0.4132258064516129,shareholder_change,山东南山铝业股份有限公司关于控股股东非公开发行可交换公司债券拟办理股份担保及信托登记的公告
2026-04-17,600219,3,33,1,0,0,-0.08437276025719086,0.42636363636363644,shareholder_change,山东南山铝业股份有限公司2025年年度股东会决议公告
2026-04-20,600219,4,33,1,0,0,-0.09620533132435508,0.42636363636363633,shareholder_change,山东南山铝业股份有限公司关于控股股东非公开发行可交换公司债券办理股份担保及信托登记完成的公告
2026-04-21,600219,3,33,1,0,0,-0.09620533132435509,0.42636363636363633,shareholder_change,山东南山铝业股份有限公司关于控股股东非公开发行可交换公司债券办理股份担保及信托登记完成的公告
2026-04-22,600219,3,33,1,0,0,-0.09620533132435506,0.42636363636363633,shareholder_change,山东南山铝业股份有限公司关于控股股东非公开发行可交换公司债券办理股份担保及信托登记完成的公告
2026-04-23,600219,1,33,1,0,0,-0.09620533132435512,0.42636363636363633,shareholder_change,山东南山铝业股份有限公司关于控股股东非公开发行可交换公司债券办理股份担保及信托登记完成的公告
2026-04-24,600219,1,34,1,0,0,-0.11238113950887585,0.43235294117647055,shareholder_change,山东南山铝业股份有限公司关于控股股东非公开发行可交换公司债券发行完成的公告
2026-04-27,600219,1,9,1,0,0,-0.12681229333567826,0.5677777777777778,shareholder_change,山东南山铝业股份有限公司关于控股股东非公开发行可交换公司债券发行完成的公告
2026-04-28,600219,5,13,1,0,0,-0.03654578017697812,0.5007692307692306,general_news,山东南山铝业股份有限公司2026年第一季度报告
2026-04-29,600219,5,13,1,0,0,-0.03654578017697811,0.5007692307692306,general_news,山东南山铝业股份有限公司2026年第一季度报告
2026-04-30,600219,4,13,1,0,0,-0.03654578017697811,0.5007692307692306,general_news,山东南山铝业股份有限公司2026年第一季度报告
2026-05-01,600219,4,13,1,0,0,-0.03654578017697811,0.5007692307692306,general_news,山东南山铝业股份有限公司2026年第一季度报告
2026-05-04,600219,0,12,0,0,0,-0.038665229158527076,0.48999999999999994,general_news,山东南山铝业股份有限公司2026年第一季度报告
2026-05-05,600219,0,12,0,0,0,-0.03866522915852707,0.48999999999999994,general_news,山东南山铝业股份有限公司2026年第一季度报告
2026-05-06,600219,0,12,0,0,0,-0.038665229158527076,0.48999999999999994,general_news,山东南山铝业股份有限公司2026年第一季度报告
2026-05-07,600219,1,13,1,0,0,0.15321054160942804,0.5007692307692306,buyback_dividend,山东南山铝业股份有限公司关于以集中竞价方式回购股份的进展公告
2026-05-08,600219,1,13,1,0,0,0.15321054160942799,0.5007692307692306,buyback_dividend,山东南山铝业股份有限公司关于以集中竞价方式回购股份的进展公告
2026-05-11,600219,1,10,1,0,0,0.15804829044027593,0.518,buyback_dividend,山东南山铝业股份有限公司关于以集中竞价方式回购股份的进展公告
2026-05-12,600219,1,10,1,0,0,0.1580482904402759,0.518,buyback_dividend,山东南山铝业股份有限公司关于以集中竞价方式回购股份的进展公告
2026-05-13,600219,3,13,2,0,0,0.15209406050450489,0.5007692307692307,general_news,山东南山铝业股份有限公司关于参加2026年山东辖区上市公司投资者网上集体接待日活动的公告
2026-05-14,600219,3,13,2,0,0,0.15209406050450486,0.5007692307692307,general_news,山东南山铝业股份有限公司关于参加2026年山东辖区上市公司投资者网上集体接待日活动的公告
2026-05-15,600219,3,13,2,0,0,0.15209406050450489,0.5007692307692307,general_news,山东南山铝业股份有限公司关于参加2026年山东辖区上市公司投资者网上集体接待日活动的公告
2026-05-18,600219,3,10,2,0,0,0.1571739852911475,0.462,general_news,山东南山铝业股份有限公司关于参加2026年山东辖区上市公司投资者网上集体接待日活动的公告
2026-05-19,600219,2,11,3,0,0,0.15427139312953742,0.4772727272727272,buyback_dividend,43只股即将分红 抢权行情能否开启？
2026-05-20,600219,2,11,3,0,0,0.15427139312953742,0.4772727272727272,buyback_dividend,43只股即将分红 抢权行情能否开启？
2026-05-21,600219,2,11,3,0,0,0.15427139312953742,0.4772727272727272,buyback_dividend,43只股即将分红 抢权行情能否开启？
2026-05-22,600219,4,13,4,0,0,0.18643826873218614,0.4792307692307691,general_news,有色金属行业5月22日资金流向日报
2026-05-25,600219,2,12,4,0,0,0.18784536502047558,0.46666666666666656,general_news,有色金属行业5月22日资金流向日报
2026-05-26,600219,5,15,5,0,0,0.1488295427942635,0.4806666666666665,fund_flow,有色金属行业5月26日资金流向日报
2026-05-27,600219,6,16,5,0,0,0.14903329623298905,0.49,fund_flow,有色金属行业今日跌3.73%，主力资金净流出75.70亿元
2026-05-28,600219,4,16,5,0,0,0.1490332962329891,0.49,fund_flow,有色金属行业今日跌3.73%，主力资金净流出75.70亿元
2026-05-29,600219,5,13,6,0,0,0.16005591335772687,0.5438461538461538,commodity_shock,高股息精选概念涨1.11%，主力资金净流入这些股
2026-06-01,600219,2,13,6,0,0,0.16005591335772687,0.5438461538461538,commodity_shock,高股息精选概念涨1.11%，主力资金净流入这些股
2026-06-02,600219,2,14,7,0,0,0.23298742010072548,0.5499999999999999,buyback_dividend,山东南山铝业股份有限公司关于以集中竞价交易方式回购股份的进展公告
2026-06-03,600219,2,14,7,0,0,0.23298742010072546,0.5499999999999999,buyback_dividend,山东南山铝业股份有限公司关于以集中竞价交易方式回购股份的进展公告
2026-06-04,600219,2,15,8,0,0,0.2247148130244102,0.5606666666666666,commodity_shock,有色金属行业6月4日资金流向日报
2026-06-05,600219,2,15,8,0,0,0.22471481302441026,0.5606666666666666,commodity_shock,有色金属行业6月4日资金流向日报
2026-06-08,600219,2,15,8,0,0,0.2163714544738039,0.5660000000000001,commodity_shock,有色金属行业资金流出榜：紫金矿业、北方稀土等净流出资金居前
2026-06-09,600219,3,16,9,0,0,0.21207446520882267,0.575,commodity_shock,解密主力资金出逃股 连续5日净流出652股
2025-08-29,600362,8,8,8,0,0,0.2,0.63,commodity_shock,江西铜业股份有限公司董事会独立审核委员会（审计委员会）议事规则（修订）
2025-09-01,600362,8,8,8,0,0,0.20000000000000004,0.63,commodity_shock,江西铜业股份有限公司董事会独立审核委员会（审计委员会）议事规则（修订）
2025-09-02,600362,8,8,8,0,0,0.2,0.63,commodity_shock,江西铜业股份有限公司董事会独立审核委员会（审计委员会）议事规则（修订）
2025-09-03,600362,8,8,8,0,0,0.2,0.63,commodity_shock,江西铜业股份有限公司董事会独立审核委员会（审计委员会）议事规则（修订）
2025-09-04,600362,0,8,8,0,0,0.2,0.63,commodity_shock,江西铜业股份有限公司董事会独立审核委员会（审计委员会）议事规则（修订）
2025-09-05,600362,0,8,8,0,0,0.2,0.63,commodity_shock,江西铜业股份有限公司董事会独立审核委员会（审计委员会）议事规则（修订）
2025-09-08,600362,0,8,8,0,0,0.2,0.63,commodity_shock,江西铜业股份有限公司董事会独立审核委员会（审计委员会）议事规则（修订）
2025-09-09,600362,1,9,9,0,0,0.20000000000000004,0.63,commodity_shock,江西铜业股份有限公司关于召开2025年半年度业绩说明会的公告
2025-09-10,600362,1,9,9,0,0,0.19999999999999998,0.63,commodity_shock,江西铜业股份有限公司关于召开2025年半年度业绩说明会的公告
2025-09-11,600362,1,9,9,0,0,0.19999999999999998,0.63,commodity_shock,江西铜业股份有限公司关于召开2025年半年度业绩说明会的公告
2025-09-12,600362,1,9,9,0,0,0.19999999999999998,0.63,commodity_shock,江西铜业股份有限公司关于召开2025年半年度业绩说明会的公告
2025-09-15,600362,0,9,9,0,0,0.2,0.63,commodity_shock,江西铜业股份有限公司关于召开2025年半年度业绩说明会的公告
2025-09-16,600362,0,9,9,0,0,0.2,0.63,commodity_shock,江西铜业股份有限公司关于召开2025年半年度业绩说明会的公告
2025-09-17,600362,0,9,9,0,0,0.2,0.63,commodity_shock,江西铜业股份有限公司关于召开2025年半年度业绩说明会的公告
2025-09-18,600362,0,9,9,0,0,0.2,0.63,commodity_shock,江西铜业股份有限公司关于召开2025年半年度业绩说明会的公告
2025-09-19,600362,0,9,9,0,0,0.20000000000000004,0.63,commodity_shock,江西铜业股份有限公司关于召开2025年半年度业绩说明会的公告
2025-09-22,600362,0,9,9,0,0,0.2,0.63,commodity_shock,江西铜业股份有限公司关于召开2025年半年度业绩说明会的公告
2025-09-23,600362,0,9,9,0,0,0.2,0.63,commodity_shock,江西铜业股份有限公司关于召开2025年半年度业绩说明会的公告
2025-09-24,600362,0,9,9,0,0,0.2,0.63,commodity_shock,江西铜业股份有限公司关于召开2025年半年度业绩说明会的公告
2025-09-25,600362,0,9,9,0,0,0.2,0.63,commodity_shock,江西铜业股份有限公司关于召开2025年半年度业绩说明会的公告
2025-09-26,600362,0,9,9,0,0,0.20000000000000004,0.63,commodity_shock,江西铜业股份有限公司关于召开2025年半年度业绩说明会的公告
2025-09-29,600362,0,1,1,0,0,0.2,0.63,commodity_shock,江西铜业股份有限公司关于召开2025年半年度业绩说明会的公告
2025-09-30,600362,0,1,1,0,0,0.2,0.63,commodity_shock,江西铜业股份有限公司关于召开2025年半年度业绩说明会的公告
2025-10-01,600362,0,1,1,0,0,0.2,0.63,commodity_shock,江西铜业股份有限公司关于召开2025年半年度业绩说明会的公告
2025-10-02,600362,0,1,1,0,0,0.2,0.63,commodity_shock,江西铜业股份有限公司关于召开2025年半年度业绩说明会的公告
2025-10-03,600362,0,1,1,0,0,0.2,0.63,commodity_shock,江西铜业股份有限公司关于召开2025年半年度业绩说明会的公告
2025-10-06,600362,0,1,1,0,0,0.2,0.63,commodity_shock,江西铜业股份有限公司关于召开2025年半年度业绩说明会的公告
2025-10-07,600362,0,1,1,0,0,0.2,0.63,commodity_shock,江西铜业股份有限公司关于召开2025年半年度业绩说明会的公告
2025-10-08,600362,0,1,1,0,0,0.2,0.63,commodity_shock,江西铜业股份有限公司关于召开2025年半年度业绩说明会的公告
2025-10-09,600362,0,1,1,0,0,0.20000000000000004,0.63,commodity_shock,江西铜业股份有限公司关于召开2025年半年度业绩说明会的公告
2025-10-10,600362,3,3,1,1,1,-0.21666666666666665,0.63,shareholder_change,江西铜业股份有限公司关于召开2025年第一次临时股东大会、2025年第一次A股类别股东大会、2025年第一次H股类别股东大会的通知
2025-10-13,600362,3,3,1,1,1,-0.21666666666666665,0.63,shareholder_change,江西铜业股份有限公司关于召开2025年第一次临时股东大会、2025年第一次A股类别股东大会、2025年第一次H股类别股东大会的通知
2025-10-14,600362,3,3,1,1,1,-0.21666666666666665,0.63,shareholder_change,江西铜业股份有限公司关于召开2025年第一次临时股东大会、2025年第一次A股类别股东大会、2025年第一次H股类别股东大会的通知
2025-10-15,600362,3,3,1,1,1,-0.21666666666666665,0.63,shareholder_change,江西铜业股份有限公司关于召开2025年第一次临时股东大会、2025年第一次A股类别股东大会、2025年第一次H股类别股东大会的通知
2025-10-16,600362,1,4,1,1,1,-0.1873383823820526,0.63,shareholder_change,江西铜业股份有限公司2025年第一次临时股东大会、2025年第一次A股类别股东大会、2025年第一次H股类别股东大会会议资料
2025-10-17,600362,1,4,1,1,1,-0.18733838238205264,0.63,shareholder_change,江西铜业股份有限公司2025年第一次临时股东大会、2025年第一次A股类别股东大会、2025年第一次H股类别股东大会会议资料
2025-10-20,600362,1,4,1,1,1,-0.18733838238205267,0.63,shareholder_change,江西铜业股份有限公司2025年第一次临时股东大会、2025年第一次A股类别股东大会、2025年第一次H股类别股东大会会议资料
2025-10-21,600362,1,4,1,1,1,-0.18733838238205264,0.63,shareholder_change,江西铜业股份有限公司2025年第一次临时股东大会、2025年第一次A股类别股东大会、2025年第一次H股类别股东大会会议资料
2025-10-22,600362,0,4,1,1,1,-0.18733838238205264,0.63,shareholder_change,江西铜业股份有限公司2025年第一次临时股东大会、2025年第一次A股类别股东大会、2025年第一次H股类别股东大会会议资料
2025-10-23,600362,0,4,1,1,1,-0.18733838238205267,0.63,shareholder_change,江西铜业股份有限公司2025年第一次临时股东大会、2025年第一次A股类别股东大会、2025年第一次H股类别股东大会会议资料
2025-10-24,600362,0,4,1,1,1,-0.18733838238205264,0.63,shareholder_change,江西铜业股份有限公司2025年第一次临时股东大会、2025年第一次A股类别股东大会、2025年第一次H股类别股东大会会议资料
2025-10-27,600362,0,4,1,1,1,-0.18733838238205267,0.63,shareholder_change,江西铜业股份有限公司2025年第一次临时股东大会、2025年第一次A股类别股东大会、2025年第一次H股类别股东大会会议资料
2025-10-28,600362,0,4,1,1,1,-0.18733838238205264,0.63,shareholder_change,江西铜业股份有限公司2025年第一次临时股东大会、2025年第一次A股类别股东大会、2025年第一次H股类别股东大会会议资料
2025-10-29,600362,9,13,7,1,1,0.07306546989701374,0.63,shareholder_change,江西铜业股份有限公司2025年第一次临时股东大会、2025年第一次A股类别股东大会、2025年第一次H股类别股东大会决议公告
2025-10-30,600362,9,13,7,1,1,0.07306546989701372,0.63,shareholder_change,江西铜业股份有限公司2025年第一次临时股东大会、2025年第一次A股类别股东大会、2025年第一次H股类别股东大会决议公告
2025-10-31,600362,9,13,7,1,1,0.07306546989701375,0.63,shareholder_change,江西铜业股份有限公司2025年第一次临时股东大会、2025年第一次A股类别股东大会、2025年第一次H股类别股东大会决议公告
2025-11-03,600362,9,13,7,1,1,0.07306546989701371,0.63,shareholder_change,江西铜业股份有限公司2025年第一次临时股东大会、2025年第一次A股类别股东大会、2025年第一次H股类别股东大会决议公告
2025-11-04,600362,0,13,7,1,1,0.07306546989701372,0.63,shareholder_change,江西铜业股份有限公司2025年第一次临时股东大会、2025年第一次A股类别股东大会、2025年第一次H股类别股东大会决议公告
2025-11-05,600362,0,13,7,1,1,0.07306546989701371,0.63,shareholder_change,江西铜业股份有限公司2025年第一次临时股东大会、2025年第一次A股类别股东大会、2025年第一次H股类别股东大会决议公告
2025-11-06,600362,0,13,7,1,1,0.07306546989701371,0.63,shareholder_change,江西铜业股份有限公司2025年第一次临时股东大会、2025年第一次A股类别股东大会、2025年第一次H股类别股东大会决议公告
2025-11-07,600362,0,13,7,1,1,0.07306546989701372,0.63,shareholder_change,江西铜业股份有限公司2025年第一次临时股东大会、2025年第一次A股类别股东大会、2025年第一次H股类别股东大会决议公告
2025-11-10,600362,0,10,6,0,0,0.0793548411681198,0.63,shareholder_change,江西铜业股份有限公司2025年第一次临时股东大会、2025年第一次A股类别股东大会、2025年第一次H股类别股东大会决议公告
2025-11-11,600362,0,10,6,0,0,0.07935484116811979,0.63,shareholder_change,江西铜业股份有限公司2025年第一次临时股东大会、2025年第一次A股类别股东大会、2025年第一次H股类别股东大会决议公告
2025-11-12,600362,0,10,6,0,0,0.07935484116811979,0.63,shareholder_change,江西铜业股份有限公司2025年第一次临时股东大会、2025年第一次A股类别股东大会、2025年第一次H股类别股东大会决议公告
2025-11-13,600362,0,10,6,0,0,0.07935484116811979,0.63,shareholder_change,江西铜业股份有限公司2025年第一次临时股东大会、2025年第一次A股类别股东大会、2025年第一次H股类别股东大会决议公告
2025-11-14,600362,0,10,6,0,0,0.07935484116811979,0.63,shareholder_change,江西铜业股份有限公司2025年第一次临时股东大会、2025年第一次A股类别股东大会、2025年第一次H股类别股东大会决议公告
2025-11-17,600362,0,9,6,0,0,0.08333333333333336,0.63,shareholder_change,江西铜业股份有限公司2025年第一次临时股东大会、2025年第一次A股类别股东大会、2025年第一次H股类别股东大会决议公告
2025-11-18,600362,0,9,6,0,0,0.08333333333333334,0.63,shareholder_change,江西铜业股份有限公司2025年第一次临时股东大会、2025年第一次A股类别股东大会、2025年第一次H股类别股东大会决议公告
2025-11-19,600362,0,9,6,0,0,0.08333333333333334,0.63,shareholder_change,江西铜业股份有限公司2025年第一次临时股东大会、2025年第一次A股类别股东大会、2025年第一次H股类别股东大会决议公告
2025-11-20,600362,0,9,6,0,0,0.08333333333333331,0.63,shareholder_change,江西铜业股份有限公司2025年第一次临时股东大会、2025年第一次A股类别股东大会、2025年第一次H股类别股东大会决议公告
2025-11-21,600362,3,12,9,0,0,0.2631503876975068,0.63,commodity_shock,江西铜业股份有限公司2025年半年度权益分派实施公告
2025-11-24,600362,3,12,9,0,0,0.26315038769750687,0.63,commodity_shock,江西铜业股份有限公司2025年半年度权益分派实施公告
2025-11-25,600362,3,12,9,0,0,0.2631503876975068,0.63,commodity_shock,江西铜业股份有限公司2025年半年度权益分派实施公告
2025-11-26,600362,3,12,9,0,0,0.263150387697507,0.63,commodity_shock,江西铜业股份有限公司2025年半年度权益分派实施公告
2025-11-27,600362,0,12,9,0,0,0.26315038769750687,0.63,commodity_shock,江西铜业股份有限公司2025年半年度权益分派实施公告
2025-11-28,600362,0,12,9,0,0,0.26315038769750676,0.63,commodity_shock,江西铜业股份有限公司2025年半年度权益分派实施公告
2025-12-01,600362,1,4,4,0,0,0.38029157248628015,0.63,ma_restructuring,江西铜业股份有限公司关于筹划收购境外上市公司股份的提示性公告
2025-12-02,600362,1,4,4,0,0,0.38029157248628015,0.63,ma_restructuring,江西铜业股份有限公司关于筹划收购境外上市公司股份的提示性公告
2025-12-03,600362,1,4,4,0,0,0.3802915724862802,0.63,ma_restructuring,江西铜业股份有限公司关于筹划收购境外上市公司股份的提示性公告
2025-12-04,600362,1,4,4,0,0,0.38029157248628015,0.63,ma_restructuring,江西铜业股份有限公司关于筹划收购境外上市公司股份的提示性公告
2025-12-05,600362,1,4,4,0,0,0.3802915724862802,0.63,ma_restructuring,江西铜业股份有限公司关于筹划收购境外上市公司股份的提示性公告
2025-12-08,600362,0,4,4,0,0,0.3802915724862802,0.63,ma_restructuring,江西铜业股份有限公司关于筹划收购境外上市公司股份的提示性公告
2025-12-09,600362,0,4,4,0,0,0.3802915724862802,0.63,ma_restructuring,江西铜业股份有限公司关于筹划收购境外上市公司股份的提示性公告
2025-12-10,600362,0,4,4,0,0,0.38029157248628015,0.63,ma_restructuring,江西铜业股份有限公司关于筹划收购境外上市公司股份的提示性公告
2025-12-11,600362,0,4,4,0,0,0.38029157248628015,0.63,ma_restructuring,江西铜业股份有限公司关于筹划收购境外上市公司股份的提示性公告
2025-12-12,600362,0,4,4,0,0,0.3802915724862802,0.63,ma_restructuring,江西铜业股份有限公司关于筹划收购境外上市公司股份的提示性公告
2025-12-15,600362,1,5,5,0,0,0.4335215752674392,0.63,ma_restructuring,江西铜业股份有限公司关于筹划收购境外上市公司股份的进展公告
2025-12-16,600362,1,5,5,0,0,0.4335215752674391,0.63,ma_restructuring,江西铜业股份有限公司关于筹划收购境外上市公司股份的进展公告
2025-12-17,600362,1,5,5,0,0,0.43352157526743923,0.63,ma_restructuring,江西铜业股份有限公司关于筹划收购境外上市公司股份的进展公告
2025-12-18,600362,1,5,5,0,0,0.4335215752674391,0.63,ma_restructuring,江西铜业股份有限公司关于筹划收购境外上市公司股份的进展公告
2025-12-19,600362,0,5,5,0,0,0.433521575267439,0.63,ma_restructuring,江西铜业股份有限公司关于筹划收购境外上市公司股份的进展公告
2025-12-22,600362,0,2,2,0,0,0.45,0.63,ma_restructuring,江西铜业股份有限公司关于筹划收购境外上市公司股份的进展公告
2025-12-23,600362,0,2,2,0,0,0.45,0.63,ma_restructuring,江西铜业股份有限公司关于筹划收购境外上市公司股份的进展公告
2025-12-24,600362,0,2,2,0,0,0.45,0.63,ma_restructuring,江西铜业股份有限公司关于筹划收购境外上市公司股份的进展公告
2025-12-25,600362,1,3,3,0,0,0.44999999999999996,0.63,ma_restructuring,江西铜业股份有限公司关于全资子公司正式要约收购SolGold plc全部股份的公告
2025-12-26,600362,1,3,3,0,0,0.44999999999999996,0.63,ma_restructuring,江西铜业股份有限公司关于全资子公司正式要约收购SolGold plc全部股份的公告
2025-12-29,600362,1,3,3,0,0,0.44999999999999996,0.63,ma_restructuring,江西铜业股份有限公司关于全资子公司正式要约收购SolGold plc全部股份的公告
2025-12-30,600362,1,3,3,0,0,0.45,0.63,ma_restructuring,江西铜业股份有限公司关于全资子公司正式要约收购SolGold plc全部股份的公告
2025-12-31,600362,6,9,8,0,0,0.16602085621268833,0.63,shareholder_change,江西铜业股份有限公司关于全资子公司江西铜业集团财务有限公司与公司控股股东江西铜业集团有限公司签署《金融服务协议》的关联交易公告
2026-01-01,600362,6,8,7,0,0,0.16541960269108952,0.63,shareholder_change,江西铜业股份有限公司关于全资子公司江西铜业集团财务有限公司与公司控股股东江西铜业集团有限公司签署《金融服务协议》的关联交易公告
2026-01-02,600362,6,8,7,0,0,0.16541960269108952,0.63,shareholder_change,江西铜业股份有限公司关于全资子公司江西铜业集团财务有限公司与公司控股股东江西铜业集团有限公司签署《金融服务协议》的关联交易公告
2026-01-05,600362,6,8,7,0,0,0.16541960269108952,0.63,shareholder_change,江西铜业股份有限公司关于全资子公司江西铜业集团财务有限公司与公司控股股东江西铜业集团有限公司签署《金融服务协议》的关联交易公告
2026-01-06,600362,0,8,7,0,0,0.16541960269108952,0.63,shareholder_change,江西铜业股份有限公司关于全资子公司江西铜业集团财务有限公司与公司控股股东江西铜业集团有限公司签署《金融服务协议》的关联交易公告
2026-01-07,600362,0,8,7,0,0,0.1654196026910895,0.63,shareholder_change,江西铜业股份有限公司关于全资子公司江西铜业集团财务有限公司与公司控股股东江西铜业集团有限公司签署《金融服务协议》的关联交易公告
2026-01-08,600362,0,8,7,0,0,0.1654196026910895,0.63,shareholder_change,江西铜业股份有限公司关于全资子公司江西铜业集团财务有限公司与公司控股股东江西铜业集团有限公司签署《金融服务协议》的关联交易公告
2026-01-09,600362,0,8,7,0,0,0.16541960269108952,0.63,shareholder_change,江西铜业股份有限公司关于全资子公司江西铜业集团财务有限公司与公司控股股东江西铜业集团有限公司签署《金融服务协议》的关联交易公告
2026-01-12,600362,0,8,7,0,0,0.1654196026910895,0.63,shareholder_change,江西铜业股份有限公司关于全资子公司江西铜业集团财务有限公司与公司控股股东江西铜业集团有限公司签署《金融服务协议》的关联交易公告
2026-01-13,600362,0,7,6,0,0,0.16203414801105592,0.63,shareholder_change,江西铜业股份有限公司关于全资子公司江西铜业集团财务有限公司与公司控股股东江西铜业集团有限公司签署《金融服务协议》的关联交易公告
2026-01-14,600362,0,7,6,0,0,0.16203414801105595,0.63,shareholder_change,江西铜业股份有限公司关于全资子公司江西铜业集团财务有限公司与公司控股股东江西铜业集团有限公司签署《金融服务协议》的关联交易公告
2026-01-15,600362,0,7,6,0,0,0.16203414801105592,0.63,shareholder_change,江西铜业股份有限公司关于全资子公司江西铜业集团财务有限公司与公司控股股东江西铜业集团有限公司签署《金融服务协议》的关联交易公告
2026-01-16,600362,1,8,7,0,0,0.39668604102353777,0.63,order_contract,江西铜业股份有限公司关于全资子公司与第一量子全资子公司签署合作协议的公告
2026-01-19,600362,1,8,7,0,0,0.39668604102353777,0.63,order_contract,江西铜业股份有限公司关于全资子公司与第一量子全资子公司签署合作协议的公告
2026-01-20,600362,5,12,11,0,0,0.23722229416371973,0.63,commodity_shock,江西铜业股份有限公司关于子公司浙江江铜富冶和鼎铜业有限公司对外担保的公告
2026-01-21,600362,5,12,11,0,0,0.23722229416371968,0.63,commodity_shock,江西铜业股份有限公司关于子公司浙江江铜富冶和鼎铜业有限公司对外担保的公告
2026-01-22,600362,4,12,11,0,0,0.23722229416371957,0.63,commodity_shock,江西铜业股份有限公司关于子公司浙江江铜富冶和鼎铜业有限公司对外担保的公告
2026-01-23,600362,4,12,11,0,0,0.2372222941637196,0.63,commodity_shock,江西铜业股份有限公司关于子公司浙江江铜富冶和鼎铜业有限公司对外担保的公告
2026-01-26,600362,0,11,10,0,0,0.23616593516566883,0.63,commodity_shock,江西铜业股份有限公司关于子公司浙江江铜富冶和鼎铜业有限公司对外担保的公告
2026-01-27,600362,0,11,10,0,0,0.23616593516566886,0.63,commodity_shock,江西铜业股份有限公司关于子公司浙江江铜富冶和鼎铜业有限公司对外担保的公告
2026-01-28,600362,0,11,10,0,0,0.23616593516566892,0.63,commodity_shock,江西铜业股份有限公司关于子公司浙江江铜富冶和鼎铜业有限公司对外担保的公告
2026-01-29,600362,0,11,10,0,0,0.2361659351656689,0.63,commodity_shock,江西铜业股份有限公司关于子公司浙江江铜富冶和鼎铜业有限公司对外担保的公告
2026-01-30,600362,0,11,10,0,0,0.23616593516566886,0.63,commodity_shock,江西铜业股份有限公司关于子公司浙江江铜富冶和鼎铜业有限公司对外担保的公告
2026-02-02,600362,0,5,5,0,0,0.24329979144819136,0.63,commodity_shock,江西铜业股份有限公司关于子公司浙江江铜富冶和鼎铜业有限公司对外担保的公告
2026-02-03,600362,0,5,5,0,0,0.24329979144819136,0.63,commodity_shock,江西铜业股份有限公司关于子公司浙江江铜富冶和鼎铜业有限公司对外担保的公告
2026-02-04,600362,0,5,5,0,0,0.24329979144819142,0.63,commodity_shock,江西铜业股份有限公司关于子公司浙江江铜富冶和鼎铜业有限公司对外担保的公告
2026-02-05,600362,0,5,5,0,0,0.2432997914481914,0.63,commodity_shock,江西铜业股份有限公司关于子公司浙江江铜富冶和鼎铜业有限公司对外担保的公告
2026-02-06,600362,0,5,5,0,0,0.24329979144819136,0.63,commodity_shock,江西铜业股份有限公司关于子公司浙江江铜富冶和鼎铜业有限公司对外担保的公告
2026-02-09,600362,0,5,5,0,0,0.2432997914481914,0.63,commodity_shock,江西铜业股份有限公司关于子公司浙江江铜富冶和鼎铜业有限公司对外担保的公告
2026-02-10,600362,0,5,5,0,0,0.2432997914481914,0.63,commodity_shock,江西铜业股份有限公司关于子公司浙江江铜富冶和鼎铜业有限公司对外担保的公告
2026-02-11,600362,0,5,5,0,0,0.24329979144819133,0.63,commodity_shock,江西铜业股份有限公司关于子公司浙江江铜富冶和鼎铜业有限公司对外担保的公告
2026-02-12,600362,0,5,5,0,0,0.24329979144819136,0.63,commodity_shock,江西铜业股份有限公司关于子公司浙江江铜富冶和鼎铜业有限公司对外担保的公告
2026-02-13,600362,0,5,5,0,0,0.24329979144819133,0.63,commodity_shock,江西铜业股份有限公司关于子公司浙江江铜富冶和鼎铜业有限公司对外担保的公告
2026-02-16,600362,0,4,4,0,0,0.2,0.63,commodity_shock,江西铜业股份有限公司关于子公司浙江江铜富冶和鼎铜业有限公司对外担保的公告
2026-02-17,600362,0,4,4,0,0,0.2,0.63,commodity_shock,江西铜业股份有限公司关于子公司浙江江铜富冶和鼎铜业有限公司对外担保的公告
2026-02-18,600362,0,4,4,0,0,0.2,0.63,commodity_shock,江西铜业股份有限公司关于子公司浙江江铜富冶和鼎铜业有限公司对外担保的公告
2026-02-19,600362,0,4,4,0,0,0.20000000000000004,0.63,commodity_shock,江西铜业股份有限公司关于子公司浙江江铜富冶和鼎铜业有限公司对外担保的公告
2026-02-24,600362,1,1,1,0,0,0.45,0.63,ma_restructuring,江西铜业股份有限公司关于全资子公司正式要约收购SolGold plc全部股份的进展公告
2026-02-25,600362,2,2,1,0,0,0.12860779749961704,0.63,shareholder_change,江西铜业股份有限公司关于召开2026年第一临时股东会的通知
2026-02-26,600362,2,2,1,0,0,0.12860779749961707,0.63,shareholder_change,江西铜业股份有限公司关于召开2026年第一临时股东会的通知
2026-02-27,600362,2,2,1,0,0,0.12860779749961704,0.63,shareholder_change,江西铜业股份有限公司关于召开2026年第一临时股东会的通知
2026-03-02,600362,2,3,1,0,0,0.0028911741157126424,0.63,shareholder_change,江西铜业股份有限公司2026年第一次临时股东会会议资料
2026-03-03,600362,2,4,2,0,0,0.18585569903930785,0.63,ma_restructuring,江西铜业股份有限公司关于全资子公司正式要约收购SolGold plc全部股份的进展公告
2026-03-04,600362,2,4,2,0,0,0.18585569903930782,0.63,ma_restructuring,江西铜业股份有限公司关于全资子公司正式要约收购SolGold plc全部股份的进展公告
2026-03-05,600362,3,5,3,0,0,0.2789830075741213,0.63,ma_restructuring,江西铜业股份有限公司关于全资子公司正式要约收购SolGold plc全部股份生效的公告
2026-03-06,600362,2,5,3,0,0,0.27898300757412126,0.63,ma_restructuring,江西铜业股份有限公司关于全资子公司正式要约收购SolGold plc全部股份生效的公告
2026-03-09,600362,1,5,3,0,0,0.2789830075741213,0.63,ma_restructuring,江西铜业股份有限公司关于全资子公司正式要约收购SolGold plc全部股份生效的公告
2026-03-10,600362,1,5,3,0,0,0.27898300757412126,0.63,ma_restructuring,江西铜业股份有限公司关于全资子公司正式要约收购SolGold plc全部股份生效的公告
2026-03-11,600362,0,5,3,0,0,0.27898300757412126,0.63,ma_restructuring,江西铜业股份有限公司关于全资子公司正式要约收购SolGold plc全部股份生效的公告
2026-03-12,600362,0,5,3,0,0,0.2789830075741213,0.63,ma_restructuring,江西铜业股份有限公司关于全资子公司正式要约收购SolGold plc全部股份生效的公告
2026-03-13,600362,0,5,3,0,0,0.27898300757412126,0.63,ma_restructuring,江西铜业股份有限公司关于全资子公司正式要约收购SolGold plc全部股份生效的公告
2026-03-16,600362,0,5,3,0,0,0.2789830075741213,0.63,ma_restructuring,江西铜业股份有限公司关于全资子公司正式要约收购SolGold plc全部股份生效的公告
2026-03-17,600362,2,7,3,0,0,-0.0627258531462916,0.63,shareholder_change,北京德恒律师事务所关于江西铜业股份有限公司2026年第一次临时股东会的法律意见
2026-03-18,600362,2,7,3,0,0,-0.06272585314629159,0.63,shareholder_change,北京德恒律师事务所关于江西铜业股份有限公司2026年第一次临时股东会的法律意见
2026-03-19,600362,2,7,3,0,0,-0.06272585314629159,0.63,shareholder_change,北京德恒律师事务所关于江西铜业股份有限公司2026年第一次临时股东会的法律意见
2026-03-20,600362,2,7,3,0,0,-0.06272585314629157,0.63,shareholder_change,北京德恒律师事务所关于江西铜业股份有限公司2026年第一次临时股东会的法律意见
2026-03-23,600362,0,7,3,0,0,-0.06272585314629163,0.63,shareholder_change,北京德恒律师事务所关于江西铜业股份有限公司2026年第一次临时股东会的法律意见
2026-03-24,600362,0,7,3,0,0,-0.06272585314629162,0.63,shareholder_change,北京德恒律师事务所关于江西铜业股份有限公司2026年第一次临时股东会的法律意见
2026-03-25,600362,1,8,4,0,0,0.08317509921062267,0.63,commodity_shock,江西铜业股份有限公司关于选举职工董事的公告
2026-03-26,600362,1,8,4,0,0,0.08317509921062269,0.63,commodity_shock,江西铜业股份有限公司关于选举职工董事的公告
2026-03-27,600362,24,30,25,0,0,0.17900397400694656,0.6326666666666666,commodity_shock,江西铜业股份有限公司关于控股子公司江西铜业集团财务有限公司的风险持续评估报告
2026-03-30,600362,24,29,25,0,0,0.179190114814513,0.632758620689655,commodity_shock,江西铜业股份有限公司关于控股子公司江西铜业集团财务有限公司的风险持续评估报告
2026-03-31,600362,23,28,25,0,0,0.17947626286260193,0.6328571428571428,commodity_shock,江西铜业股份有限公司2025年度审计报告
2026-04-01,600362,23,28,25,0,0,0.1794762628626019,0.6328571428571428,commodity_shock,江西铜业股份有限公司2025年度审计报告
2026-04-02,600362,0,28,25,0,0,0.179476262862602,0.6328571428571428,commodity_shock,江西铜业股份有限公司2025年度审计报告
2026-04-03,600362,0,27,24,0,0,0.1791148068314349,0.632962962962963,commodity_shock,江西铜业股份有限公司2025年度审计报告
2026-04-06,600362,1,27,24,0,0,0.1810806702875916,0.632962962962963,commodity_shock,江西铜业股份有限公司关于召开2025年度业绩说明会的公告
2026-04-07,600362,1,27,24,0,0,0.18108067028759162,0.632962962962963,commodity_shock,江西铜业股份有限公司关于召开2025年度业绩说明会的公告
2026-04-08,600362,1,27,24,0,0,0.18108067028759162,0.632962962962963,commodity_shock,江西铜业股份有限公司关于召开2025年度业绩说明会的公告
2026-04-09,600362,1,27,24,0,0,0.18108067028759156,0.632962962962963,commodity_shock,江西铜业股份有限公司关于召开2025年度业绩说明会的公告
2026-04-10,600362,0,27,24,0,0,0.18108067028759156,0.632962962962963,commodity_shock,江西铜业股份有限公司关于召开2025年度业绩说明会的公告
2026-04-13,600362,1,28,24,0,0,0.1024506536102615,0.6328571428571428,shareholder_change,江西铜业股份有限公司关于控股股东公开发行可交换公司债券发行完成的公告
2026-04-14,600362,1,28,24,0,0,0.10245065361026148,0.6328571428571428,shareholder_change,江西铜业股份有限公司关于控股股东公开发行可交换公司债券发行完成的公告
2026-04-15,600362,1,28,24,0,0,0.1024506536102615,0.6328571428571428,shareholder_change,江西铜业股份有限公司关于控股股东公开发行可交换公司债券发行完成的公告
2026-04-16,600362,1,28,24,0,0,0.10245065361026152,0.6328571428571428,shareholder_change,江西铜业股份有限公司关于控股股东公开发行可交换公司债券发行完成的公告
2026-04-17,600362,0,26,24,0,0,0.10586767932240154,0.6330769230769231,shareholder_change,江西铜业股份有限公司关于控股股东公开发行可交换公司债券发行完成的公告
2026-04-20,600362,0,26,24,0,0,0.10586767932240156,0.6330769230769231,shareholder_change,江西铜业股份有限公司关于控股股东公开发行可交换公司债券发行完成的公告
2026-04-21,600362,0,26,24,0,0,0.10586767932240153,0.6330769230769231,shareholder_change,江西铜业股份有限公司关于控股股东公开发行可交换公司债券发行完成的公告
2026-04-22,600362,0,26,24,0,0,0.10586767932240151,0.6330769230769231,shareholder_change,江西铜业股份有限公司关于控股股东公开发行可交换公司债券发行完成的公告
2026-04-23,600362,0,26,24,0,0,0.1058676793224015,0.6330769230769231,shareholder_change,江西铜业股份有限公司关于控股股东公开发行可交换公司债券发行完成的公告
2026-04-24,600362,0,26,24,0,0,0.10586767932240154,0.6330769230769231,shareholder_change,江西铜业股份有限公司关于控股股东公开发行可交换公司债券发行完成的公告
2026-04-27,600362,0,2,1,0,0,-0.0558705025205017,0.63,shareholder_change,江西铜业股份有限公司关于控股股东公开发行可交换公司债券发行完成的公告
2026-04-28,600362,0,2,1,0,0,-0.05587050252050169,0.63,shareholder_change,江西铜业股份有限公司关于控股股东公开发行可交换公司债券发行完成的公告
2026-04-29,600362,2,4,3,0,0,0.18728977557885818,0.63,commodity_shock,江西铜业股份有限公司第十届董事会第十七次会议决议公告
2026-04-30,600362,3,5,4,0,0,0.19178995627646686,0.63,commodity_shock,600362，又拟分拆上市！
2026-05-01,600362,4,6,5,0,0,0.19417078781359012,0.63,commodity_shock,江西铜业股份有限公司关于拟筹划控股子公司分拆上市的提示性公告
2026-05-04,600362,4,6,5,0,0,0.19417078781359015,0.63,commodity_shock,江西铜业股份有限公司关于拟筹划控股子公司分拆上市的提示性公告
2026-05-05,600362,2,5,4,0,0,0.1941348520972735,0.63,commodity_shock,江西铜业股份有限公司关于拟筹划控股子公司分拆上市的提示性公告
2026-05-06,600362,1,5,4,0,0,0.19413485209727346,0.63,commodity_shock,江西铜业股份有限公司关于拟筹划控股子公司分拆上市的提示性公告
2026-05-07,600362,2,7,5,0,0,0.0962116356008186,0.63,commodity_shock,江西铜业股份有限公司关于参加江西辖区上市公司2026年投资者网上集体接待日活动的公告
2026-05-08,600362,2,7,5,0,0,0.0962116356008186,0.63,commodity_shock,江西铜业股份有限公司关于参加江西辖区上市公司2026年投资者网上集体接待日活动的公告
2026-05-11,600362,3,8,5,0,0,0.027742142206813303,0.63,shareholder_change,江西铜业股份有限公司2025年年度股东会会议资料
2026-05-12,600362,3,7,5,0,0,0.0286520947150377,0.63,shareholder_change,江西铜业股份有限公司2025年年度股东会会议资料
2026-05-13,600362,1,7,5,0,0,0.02865209471503769,0.63,shareholder_change,江西铜业股份有限公司2025年年度股东会会议资料
2026-05-14,600362,1,7,5,0,0,0.02865209471503769,0.63,shareholder_change,江西铜业股份有限公司2025年年度股东会会议资料
2026-05-15,600362,0,7,5,0,0,0.028652094715037688,0.63,shareholder_change,江西铜业股份有限公司2025年年度股东会会议资料
2026-05-18,600362,0,7,5,0,0,0.028652094715037706,0.63,shareholder_change,江西铜业股份有限公司2025年年度股东会会议资料
2026-05-19,600362,0,7,5,0,0,0.028652094715037695,0.63,shareholder_change,江西铜业股份有限公司2025年年度股东会会议资料
2026-05-20,600362,0,7,5,0,0,0.028652094715037695,0.63,shareholder_change,江西铜业股份有限公司2025年年度股东会会议资料
2026-05-21,600362,0,7,5,0,0,0.028652094715037688,0.63,shareholder_change,江西铜业股份有限公司2025年年度股东会会议资料
2026-05-22,600362,0,7,5,0,0,0.028652094715037713,0.63,shareholder_change,江西铜业股份有限公司2025年年度股东会会议资料
2026-05-25,600362,0,7,5,0,0,0.028652094715037695,0.63,shareholder_change,江西铜业股份有限公司2025年年度股东会会议资料
2026-05-26,600362,0,7,5,0,0,0.028652094715037685,0.63,shareholder_change,江西铜业股份有限公司2025年年度股东会会议资料
2026-05-27,600362,0,7,5,0,0,0.02865209471503771,0.63,shareholder_change,江西铜业股份有限公司2025年年度股东会会议资料
2026-05-28,600362,0,7,5,0,0,0.0286520947150377,0.63,shareholder_change,江西铜业股份有限公司2025年年度股东会会议资料
2026-05-29,600362,0,7,5,0,0,0.02865209471503769,0.63,shareholder_change,江西铜业股份有限公司2025年年度股东会会议资料
2026-06-01,600362,0,3,1,0,0,-0.0449173692436593,0.63,shareholder_change,江西铜业股份有限公司2025年年度股东会会议资料
2026-06-02,600362,0,3,1,0,0,-0.04491736924365931,0.63,shareholder_change,江西铜业股份有限公司2025年年度股东会会议资料
2026-06-03,600362,0,3,1,0,0,-0.04491736924365929,0.63,shareholder_change,江西铜业股份有限公司2025年年度股东会会议资料
2026-06-04,600362,0,3,1,0,0,-0.0449173692436593,0.63,shareholder_change,江西铜业股份有限公司2025年年度股东会会议资料
2026-06-05,600362,0,3,1,0,0,-0.0449173692436593,0.63,shareholder_change,江西铜业股份有限公司2025年年度股东会会议资料
2026-06-08,600362,3,4,1,0,0,-0.010930009582687356,0.65,commodity_shock,有色金属行业资金流出榜：紫金矿业、北方稀土等净流出资金居前
2026-06-09,600362,4,4,2,0,0,0.05613803140026765,0.65,commodity_shock,解密主力资金出逃股 连续5日净流出652股
2026-06-10,600362,5,5,3,0,0,0.09452383034990011,0.646,commodity_shock,解密主力资金出逃股 连续5日净流出684股
2025-04-30,600489,7,7,7,0,0,0.19999999999999998,0.63,commodity_shock,中金黄金股份有限公司为控股子公司提供贷款担保的公告
2025-05-01,600489,7,7,7,0,0,0.19999999999999998,0.63,commodity_shock,中金黄金股份有限公司为控股子公司提供贷款担保的公告
2025-05-02,600489,7,7,7,0,0,0.19999999999999998,0.63,commodity_shock,中金黄金股份有限公司为控股子公司提供贷款担保的公告
2025-05-05,600489,7,7,7,0,0,0.19999999999999998,0.63,commodity_shock,中金黄金股份有限公司为控股子公司提供贷款担保的公告
2025-05-06,600489,0,7,7,0,0,0.20000000000000007,0.63,commodity_shock,中金黄金股份有限公司为控股子公司提供贷款担保的公告
2025-05-07,600489,0,7,7,0,0,0.19999999999999998,0.63,commodity_shock,中金黄金股份有限公司为控股子公司提供贷款担保的公告
2025-05-08,600489,0,7,7,0,0,0.19999999999999998,0.63,commodity_shock,中金黄金股份有限公司为控股子公司提供贷款担保的公告
2025-05-09,600489,0,7,7,0,0,0.20000000000000007,0.63,commodity_shock,中金黄金股份有限公司为控股子公司提供贷款担保的公告
2025-05-12,600489,0,7,7,0,0,0.2,0.63,commodity_shock,中金黄金股份有限公司为控股子公司提供贷款担保的公告
2025-05-13,600489,0,7,7,0,0,0.2,0.63,commodity_shock,中金黄金股份有限公司为控股子公司提供贷款担保的公告
2025-05-14,600489,0,7,7,0,0,0.19999999999999998,0.63,commodity_shock,中金黄金股份有限公司为控股子公司提供贷款担保的公告
2025-05-15,600489,0,7,7,0,0,0.2,0.63,commodity_shock,中金黄金股份有限公司为控股子公司提供贷款担保的公告
2025-05-16,600489,0,7,7,0,0,0.2,0.63,commodity_shock,中金黄金股份有限公司为控股子公司提供贷款担保的公告
2025-05-19,600489,0,7,7,0,0,0.20000000000000004,0.63,commodity_shock,中金黄金股份有限公司为控股子公司提供贷款担保的公告
2025-05-20,600489,3,10,9,0,0,0.09712019843802015,0.63,shareholder_change,中金黄金股份有限公司关于召开2024年年度股东大会的通知
2025-05-21,600489,3,10,9,0,0,0.09712019843802017,0.63,shareholder_change,中金黄金股份有限公司关于召开2024年年度股东大会的通知
2025-05-22,600489,3,10,9,0,0,0.0971201984380202,0.63,shareholder_change,中金黄金股份有限公司关于召开2024年年度股东大会的通知
2025-05-23,600489,3,10,9,0,0,0.09712019843802018,0.63,shareholder_change,中金黄金股份有限公司关于召开2024年年度股东大会的通知
2025-05-26,600489,1,11,10,0,0,0.21792033730133892,0.63,ma_restructuring,中金黄金股份有限公司关于筹划收购股权暨关联交易的提示性公告
2025-05-27,600489,1,11,10,0,0,0.21792033730133886,0.63,ma_restructuring,中金黄金股份有限公司关于筹划收购股权暨关联交易的提示性公告
2025-05-28,600489,2,12,10,0,0,0.07906399140406763,0.63,shareholder_change,中金黄金股份有限公司2024年年度股东大会会议资料
2025-05-29,600489,2,12,10,0,0,0.07906399140406764,0.63,shareholder_change,中金黄金股份有限公司2024年年度股东大会会议资料
2025-05-30,600489,1,12,10,0,0,0.07906399140406761,0.63,shareholder_change,中金黄金股份有限公司2024年年度股东大会会议资料
2025-06-02,600489,1,5,3,0,0,0.07291466585987348,0.63,shareholder_change,中金黄金股份有限公司2024年年度股东大会会议资料
2025-06-03,600489,0,5,3,0,0,0.0729146658598735,0.63,shareholder_change,中金黄金股份有限公司2024年年度股东大会会议资料
2025-06-04,600489,0,5,3,0,0,0.07291466585987354,0.63,shareholder_change,中金黄金股份有限公司2024年年度股东大会会议资料
2025-06-05,600489,0,5,3,0,0,0.07291466585987352,0.63,shareholder_change,中金黄金股份有限公司2024年年度股东大会会议资料
2025-06-06,600489,0,5,3,0,0,0.07291466585987351,0.63,shareholder_change,中金黄金股份有限公司2024年年度股东大会会议资料
2025-06-09,600489,0,5,3,0,0,0.07291466585987352,0.63,shareholder_change,中金黄金股份有限公司2024年年度股东大会会议资料
2025-06-10,600489,2,7,3,0,0,-0.11334098261876467,0.63,shareholder_change,中金黄金股份有限公司2024年年度股东大会决议公告
2025-06-11,600489,2,7,3,0,0,-0.11334098261876469,0.63,shareholder_change,中金黄金股份有限公司2024年年度股东大会决议公告
2025-06-12,600489,2,7,3,0,0,-0.11334098261876467,0.63,shareholder_change,中金黄金股份有限公司2024年年度股东大会决议公告
2025-06-13,600489,2,7,3,0,0,-0.11334098261876464,0.63,shareholder_change,中金黄金股份有限公司2024年年度股东大会决议公告
2025-06-16,600489,0,7,3,0,0,-0.11334098261876467,0.63,shareholder_change,中金黄金股份有限公司2024年年度股东大会决议公告
2025-06-17,600489,0,7,3,0,0,-0.11334098261876466,0.63,shareholder_change,中金黄金股份有限公司2024年年度股东大会决议公告
2025-06-18,600489,0,7,3,0,0,-0.11334098261876473,0.63,shareholder_change,中金黄金股份有限公司2024年年度股东大会决议公告
2025-06-19,600489,0,7,3,0,0,-0.11334098261876464,0.63,shareholder_change,中金黄金股份有限公司2024年年度股东大会决议公告
2025-06-20,600489,0,4,1,0,0,-0.12643003711610248,0.63,shareholder_change,中金黄金股份有限公司2024年年度股东大会决议公告
2025-06-23,600489,0,4,1,0,0,-0.12643003711610248,0.63,shareholder_change,中金黄金股份有限公司2024年年度股东大会决议公告
2025-06-24,600489,0,3,0,0,0,-0.15,0.63,shareholder_change,中金黄金股份有限公司2024年年度股东大会决议公告
2025-06-25,600489,0,3,0,0,0,-0.15,0.63,shareholder_change,中金黄金股份有限公司2024年年度股东大会决议公告
2025-06-26,600489,0,3,0,0,0,-0.15000000000000002,0.63,shareholder_change,中金黄金股份有限公司2024年年度股东大会决议公告
2025-06-27,600489,1,4,1,0,0,0.14409561078171249,0.63,commodity_shock,中金黄金股份有限公司2024年年度权益分派实施公告
2025-06-30,600489,1,3,1,0,0,0.1475367243878086,0.63,commodity_shock,中金黄金股份有限公司2024年年度权益分派实施公告
2025-07-01,600489,1,3,1,0,0,0.14753672438780854,0.63,commodity_shock,中金黄金股份有限公司2024年年度权益分派实施公告
2025-07-02,600489,1,3,1,0,0,0.14753672438780857,0.63,commodity_shock,中金黄金股份有限公司2024年年度权益分派实施公告
2025-07-03,600489,0,3,1,0,0,0.1475367243878086,0.63,commodity_shock,中金黄金股份有限公司2024年年度权益分派实施公告
2025-07-04,600489,0,3,1,0,0,0.14753672438780852,0.63,commodity_shock,中金黄金股份有限公司2024年年度权益分派实施公告
2025-07-07,600489,0,3,1,0,0,0.14753672438780854,0.63,commodity_shock,中金黄金股份有限公司2024年年度权益分派实施公告
2025-07-08,600489,0,3,1,0,0,0.14753672438780854,0.63,commodity_shock,中金黄金股份有限公司2024年年度权益分派实施公告
2025-07-09,600489,0,3,1,0,0,0.1475367243878086,0.63,commodity_shock,中金黄金股份有限公司2024年年度权益分派实施公告
2025-07-10,600489,0,3,1,0,0,0.14753672438780857,0.63,commodity_shock,中金黄金股份有限公司2024年年度权益分派实施公告
2025-07-11,600489,0,1,1,0,0,0.2,0.63,commodity_shock,中金黄金股份有限公司2024年年度权益分派实施公告
2025-07-14,600489,1,2,2,0,0,0.6922496782388543,0.63,performance_beat,中金黄金股份有限公司2025年半年度业绩预增公告
2025-07-15,600489,1,2,2,0,0,0.6922496782388544,0.63,performance_beat,中金黄金股份有限公司2025年半年度业绩预增公告
2025-07-16,600489,1,2,2,0,0,0.6922496782388544,0.63,performance_beat,中金黄金股份有限公司2025年半年度业绩预增公告
2025-07-17,600489,1,2,2,0,0,0.6922496782388543,0.63,performance_beat,中金黄金股份有限公司2025年半年度业绩预增公告
2025-07-18,600489,0,2,2,0,0,0.6922496782388543,0.63,performance_beat,中金黄金股份有限公司2025年半年度业绩预增公告
2025-07-21,600489,0,2,2,0,0,0.6922496782388543,0.63,performance_beat,中金黄金股份有限公司2025年半年度业绩预增公告
2025-07-22,600489,0,2,2,0,0,0.6922496782388544,0.63,performance_beat,中金黄金股份有限公司2025年半年度业绩预增公告
2025-07-23,600489,0,2,2,0,0,0.6922496782388543,0.63,performance_beat,中金黄金股份有限公司2025年半年度业绩预增公告
2025-07-24,600489,1,3,3,0,0,0.2824584363093996,0.63,commodity_shock,中金黄金股份有限公司情况说明公告
2025-07-25,600489,2,4,4,0,0,0.2420636053793548,0.63,commodity_shock,中金黄金股份有限公司进展公告
2025-07-28,600489,2,3,3,0,0,0.24244443748550187,0.63,commodity_shock,中金黄金股份有限公司进展公告
2025-07-29,600489,2,3,3,0,0,0.24244443748550193,0.63,commodity_shock,中金黄金股份有限公司进展公告
2025-07-30,600489,1,3,3,0,0,0.2424444374855019,0.63,commodity_shock,中金黄金股份有限公司进展公告
2025-07-31,600489,0,3,3,0,0,0.24244443748550187,0.63,commodity_shock,中金黄金股份有限公司进展公告
2025-08-01,600489,0,3,3,0,0,0.24244443748550185,0.63,commodity_shock,中金黄金股份有限公司进展公告
2025-08-04,600489,0,3,3,0,0,0.24244443748550187,0.63,commodity_shock,中金黄金股份有限公司进展公告
2025-08-05,600489,0,3,3,0,0,0.24244443748550185,0.63,commodity_shock,中金黄金股份有限公司进展公告
2025-08-06,600489,0,3,3,0,0,0.24244443748550185,0.63,commodity_shock,中金黄金股份有限公司进展公告
2025-08-07,600489,0,3,3,0,0,0.24244443748550187,0.63,commodity_shock,中金黄金股份有限公司进展公告
2025-08-08,600489,0,3,3,0,0,0.24244443748550193,0.63,commodity_shock,中金黄金股份有限公司进展公告
2025-08-11,600489,0,3,3,0,0,0.24244443748550187,0.63,commodity_shock,中金黄金股份有限公司进展公告
2025-08-12,600489,0,2,2,0,0,0.20000000000000004,0.63,commodity_shock,中金黄金股份有限公司进展公告
2025-08-13,600489,0,2,2,0,0,0.20000000000000004,0.63,commodity_shock,中金黄金股份有限公司进展公告
2025-08-14,600489,0,2,2,0,0,0.2,0.63,commodity_shock,中金黄金股份有限公司进展公告
2025-08-15,600489,0,2,2,0,0,0.2,0.63,commodity_shock,中金黄金股份有限公司进展公告
2025-08-18,600489,0,2,2,0,0,0.2,0.63,commodity_shock,中金黄金股份有限公司进展公告
2025-08-19,600489,0,2,2,0,0,0.20000000000000004,0.63,commodity_shock,中金黄金股份有限公司进展公告
2025-08-20,600489,0,2,2,0,0,0.2,0.63,commodity_shock,中金黄金股份有限公司进展公告
2025-08-21,600489,0,2,2,0,0,0.2,0.63,commodity_shock,中金黄金股份有限公司进展公告
2025-08-22,600489,0,2,2,0,0,0.2,0.63,commodity_shock,中金黄金股份有限公司进展公告
2025-08-29,600489,4,4,4,0,0,0.2,0.63,commodity_shock,中金黄金股份有限公司2025年半年度报告摘要
2025-09-01,600489,4,4,4,0,0,0.20000000000000004,0.63,commodity_shock,中金黄金股份有限公司2025年半年度报告摘要
2025-09-02,600489,4,4,4,0,0,0.2,0.63,commodity_shock,中金黄金股份有限公司2025年半年度报告摘要
2025-09-03,600489,4,4,4,0,0,0.2,0.63,commodity_shock,中金黄金股份有限公司2025年半年度报告摘要
2025-09-04,600489,0,4,4,0,0,0.2,0.63,commodity_shock,中金黄金股份有限公司2025年半年度报告摘要
2025-09-05,600489,0,4,4,0,0,0.2,0.63,commodity_shock,中金黄金股份有限公司2025年半年度报告摘要
2025-09-08,600489,0,4,4,0,0,0.2,0.63,commodity_shock,中金黄金股份有限公司2025年半年度报告摘要
2025-09-09,600489,0,4,4,0,0,0.2,0.63,commodity_shock,中金黄金股份有限公司2025年半年度报告摘要
2025-09-10,600489,1,5,5,0,0,0.19999999999999998,0.63,commodity_shock,中金黄金股份有限公司持续进展公告
2025-09-11,600489,1,5,5,0,0,0.19999999999999996,0.63,commodity_shock,中金黄金股份有限公司持续进展公告
2025-09-12,600489,1,5,5,0,0,0.19999999999999996,0.63,commodity_shock,中金黄金股份有限公司持续进展公告
2025-09-15,600489,1,5,5,0,0,0.19999999999999998,0.63,commodity_shock,中金黄金股份有限公司持续进展公告
2025-09-16,600489,0,5,5,0,0,0.20000000000000004,0.63,commodity_shock,中金黄金股份有限公司持续进展公告
2025-09-17,600489,0,5,5,0,0,0.20000000000000004,0.63,commodity_shock,中金黄金股份有限公司持续进展公告
2025-09-18,600489,0,5,5,0,0,0.20000000000000004,0.63,commodity_shock,中金黄金股份有限公司持续进展公告
2025-09-19,600489,0,5,5,0,0,0.20000000000000004,0.63,commodity_shock,中金黄金股份有限公司持续进展公告
2025-09-22,600489,0,5,5,0,0,0.2,0.63,commodity_shock,中金黄金股份有限公司持续进展公告
2025-09-23,600489,0,5,5,0,0,0.19999999999999998,0.63,commodity_shock,中金黄金股份有限公司持续进展公告
2025-09-24,600489,0,5,5,0,0,0.2,0.63,commodity_shock,中金黄金股份有限公司持续进展公告
2025-09-25,600489,0,5,5,0,0,0.20000000000000004,0.63,commodity_shock,中金黄金股份有限公司持续进展公告
2025-09-26,600489,0,5,5,0,0,0.2,0.63,commodity_shock,中金黄金股份有限公司持续进展公告
2025-09-29,600489,0,1,1,0,0,0.2,0.63,commodity_shock,中金黄金股份有限公司持续进展公告
2025-09-30,600489,1,2,2,0,0,0.2,0.63,commodity_shock,中金黄金股份有限公司关于召开2025年半年度业绩说明会的公告
2025-10-01,600489,1,2,2,0,0,0.2,0.63,commodity_shock,中金黄金股份有限公司关于召开2025年半年度业绩说明会的公告
2025-10-02,600489,1,2,2,0,0,0.20000000000000004,0.63,commodity_shock,中金黄金股份有限公司关于召开2025年半年度业绩说明会的公告
2025-10-03,600489,1,2,2,0,0,0.2,0.63,commodity_shock,中金黄金股份有限公司关于召开2025年半年度业绩说明会的公告
2025-10-06,600489,0,2,2,0,0,0.2,0.63,commodity_shock,中金黄金股份有限公司关于召开2025年半年度业绩说明会的公告
2025-10-07,600489,0,2,2,0,0,0.2,0.63,commodity_shock,中金黄金股份有限公司关于召开2025年半年度业绩说明会的公告
2025-10-08,600489,0,2,2,0,0,0.2,0.63,commodity_shock,中金黄金股份有限公司关于召开2025年半年度业绩说明会的公告
2025-10-09,600489,0,2,2,0,0,0.20000000000000004,0.63,commodity_shock,中金黄金股份有限公司关于召开2025年半年度业绩说明会的公告
2025-10-10,600489,0,2,2,0,0,0.2,0.63,commodity_shock,中金黄金股份有限公司关于召开2025年半年度业绩说明会的公告
2025-10-13,600489,0,1,1,0,0,0.2,0.63,commodity_shock,中金黄金股份有限公司关于召开2025年半年度业绩说明会的公告
2025-10-14,600489,0,1,1,0,0,0.2,0.63,commodity_shock,中金黄金股份有限公司关于召开2025年半年度业绩说明会的公告
2025-10-15,600489,0,1,1,0,0,0.2,0.63,commodity_shock,中金黄金股份有限公司关于召开2025年半年度业绩说明会的公告
2025-10-16,600489,0,1,1,0,0,0.2,0.63,commodity_shock,中金黄金股份有限公司关于召开2025年半年度业绩说明会的公告
2025-10-17,600489,0,1,1,0,0,0.2,0.63,commodity_shock,中金黄金股份有限公司关于召开2025年半年度业绩说明会的公告
2025-10-20,600489,0,1,1,0,0,0.2,0.63,commodity_shock,中金黄金股份有限公司关于召开2025年半年度业绩说明会的公告
2025-10-21,600489,0,1,1,0,0,0.2,0.63,commodity_shock,中金黄金股份有限公司关于召开2025年半年度业绩说明会的公告
2025-10-22,600489,0,1,1,0,0,0.2,0.63,commodity_shock,中金黄金股份有限公司关于召开2025年半年度业绩说明会的公告
2025-10-23,600489,0,1,1,0,0,0.2,0.63,commodity_shock,中金黄金股份有限公司关于召开2025年半年度业绩说明会的公告
2025-10-24,600489,0,1,1,0,0,0.2,0.63,commodity_shock,中金黄金股份有限公司关于召开2025年半年度业绩说明会的公告
2025-10-27,600489,0,1,1,0,0,0.2,0.63,commodity_shock,中金黄金股份有限公司关于召开2025年半年度业绩说明会的公告
2025-10-28,600489,0,1,1,0,0,0.2,0.63,commodity_shock,中金黄金股份有限公司关于召开2025年半年度业绩说明会的公告
2025-10-29,600489,0,1,1,0,0,0.2,0.63,commodity_shock,中金黄金股份有限公司关于召开2025年半年度业绩说明会的公告
2025-10-30,600489,1,2,2,0,0,0.19999999999999998,0.63,commodity_shock,中金黄金股份有限公司2025年第三季度报告
2025-10-31,600489,1,1,1,0,0,0.2,0.63,commodity_shock,中金黄金股份有限公司2025年第三季度报告
2025-11-03,600489,1,1,1,0,0,0.2,0.63,commodity_shock,中金黄金股份有限公司2025年第三季度报告
2025-11-04,600489,1,1,1,0,0,0.2,0.63,commodity_shock,中金黄金股份有限公司2025年第三季度报告
2025-11-05,600489,0,1,1,0,0,0.2,0.63,commodity_shock,中金黄金股份有限公司2025年第三季度报告
2025-11-06,600489,0,1,1,0,0,0.2,0.63,commodity_shock,中金黄金股份有限公司2025年第三季度报告
2025-11-07,600489,0,1,1,0,0,0.19999999999999998,0.63,commodity_shock,中金黄金股份有限公司2025年第三季度报告
2025-11-10,600489,1,2,2,0,0,0.2,0.63,commodity_shock,中金黄金股份有限公司关于召开2025年第三季度业绩说明会的公告
2025-11-11,600489,1,2,2,0,0,0.2,0.63,commodity_shock,中金黄金股份有限公司关于召开2025年第三季度业绩说明会的公告
2025-11-12,600489,1,2,2,0,0,0.2,0.63,commodity_shock,中金黄金股份有限公司关于召开2025年第三季度业绩说明会的公告
2025-11-13,600489,1,2,2,0,0,0.2,0.63,commodity_shock,中金黄金股份有限公司关于召开2025年第三季度业绩说明会的公告
2025-11-14,600489,0,2,2,0,0,0.20000000000000004,0.63,commodity_shock,中金黄金股份有限公司关于召开2025年第三季度业绩说明会的公告
2025-11-17,600489,0,2,2,0,0,0.2,0.63,commodity_shock,中金黄金股份有限公司关于召开2025年第三季度业绩说明会的公告
2025-11-18,600489,0,2,2,0,0,0.2,0.63,commodity_shock,中金黄金股份有限公司关于召开2025年第三季度业绩说明会的公告
2025-11-19,600489,0,2,2,0,0,0.2,0.63,commodity_shock,中金黄金股份有限公司关于召开2025年第三季度业绩说明会的公告
2025-11-20,600489,0,2,2,0,0,0.19999999999999998,0.63,commodity_shock,中金黄金股份有限公司关于召开2025年第三季度业绩说明会的公告
2025-11-21,600489,0,2,2,0,0,0.19999999999999998,0.63,commodity_shock,中金黄金股份有限公司关于召开2025年第三季度业绩说明会的公告
2025-11-24,600489,0,2,2,0,0,0.19999999999999998,0.63,commodity_shock,中金黄金股份有限公司关于召开2025年第三季度业绩说明会的公告
2025-11-25,600489,0,2,2,0,0,0.2,0.63,commodity_shock,中金黄金股份有限公司关于召开2025年第三季度业绩说明会的公告
2025-11-26,600489,0,2,2,0,0,0.20000000000000004,0.63,commodity_shock,中金黄金股份有限公司关于召开2025年第三季度业绩说明会的公告
2025-11-27,600489,0,2,2,0,0,0.2,0.63,commodity_shock,中金黄金股份有限公司关于召开2025年第三季度业绩说明会的公告
2025-11-28,600489,0,2,2,0,0,0.2,0.63,commodity_shock,中金黄金股份有限公司关于召开2025年第三季度业绩说明会的公告
2025-12-01,600489,0,1,1,0,0,0.2,0.63,commodity_shock,中金黄金股份有限公司关于召开2025年第三季度业绩说明会的公告
2025-12-02,600489,0,1,1,0,0,0.2,0.63,commodity_shock,中金黄金股份有限公司关于召开2025年第三季度业绩说明会的公告
2025-12-03,600489,0,1,1,0,0,0.2,0.63,commodity_shock,中金黄金股份有限公司关于召开2025年第三季度业绩说明会的公告
2025-12-04,600489,0,1,1,0,0,0.2,0.63,commodity_shock,中金黄金股份有限公司关于召开2025年第三季度业绩说明会的公告
2025-12-05,600489,0,1,1,0,0,0.2,0.63,commodity_shock,中金黄金股份有限公司关于召开2025年第三季度业绩说明会的公告
2025-12-08,600489,11,12,10,0,0,0.13646941847178748,0.63,commodity_shock,中金黄金股份有限公司第八届监事会第五次会议决议公告
2025-12-09,600489,12,12,10,0,0,0.14415664289177024,0.63,commodity_shock,中金黄金股份有限公司新任高级管理人员个人简历
2025-12-10,600489,12,12,10,0,0,0.14415664289177021,0.63,commodity_shock,中金黄金股份有限公司新任高级管理人员个人简历
2025-12-11,600489,12,12,10,0,0,0.14415664289177021,0.63,commodity_shock,中金黄金股份有限公司新任高级管理人员个人简历
2025-12-12,600489,1,12,10,0,0,0.14415664289177027,0.63,commodity_shock,中金黄金股份有限公司新任高级管理人员个人简历
2025-12-15,600489,1,13,10,0,0,0.09173531067903593,0.63,shareholder_change,中金黄金股份有限公司2025年第二次临时股东大会会议资料
2025-12-16,600489,1,13,10,0,0,0.0917353106790359,0.63,shareholder_change,中金黄金股份有限公司2025年第二次临时股东大会会议资料
2025-12-17,600489,1,13,10,0,0,0.0917353106790359,0.63,shareholder_change,中金黄金股份有限公司2025年第二次临时股东大会会议资料
2025-12-18,600489,1,13,10,0,0,0.09173531067903587,0.63,shareholder_change,中金黄金股份有限公司2025年第二次临时股东大会会议资料
2025-12-19,600489,0,13,10,0,0,0.09173531067903586,0.63,shareholder_change,中金黄金股份有限公司2025年第二次临时股东大会会议资料
2025-12-22,600489,0,13,10,0,0,0.09173531067903586,0.63,shareholder_change,中金黄金股份有限公司2025年第二次临时股东大会会议资料
2025-12-23,600489,2,15,10,0,0,-0.05280968588499628,0.6300000000000001,shareholder_change,北京大成律师事务所关于中金黄金股份有限公司2025年第二次临时股东大会之法律意见书
2025-12-24,600489,2,15,10,0,0,-0.05280968588499627,0.6300000000000001,shareholder_change,北京大成律师事务所关于中金黄金股份有限公司2025年第二次临时股东大会之法律意见书
2025-12-25,600489,2,15,10,0,0,-0.052809685884996245,0.6300000000000001,shareholder_change,北京大成律师事务所关于中金黄金股份有限公司2025年第二次临时股东大会之法律意见书
2025-12-26,600489,2,15,10,0,0,-0.05280968588499626,0.6300000000000001,shareholder_change,北京大成律师事务所关于中金黄金股份有限公司2025年第二次临时股东大会之法律意见书
2025-12-29,600489,0,15,10,0,0,-0.05280968588499625,0.6300000000000001,shareholder_change,北京大成律师事务所关于中金黄金股份有限公司2025年第二次临时股东大会之法律意见书
2025-12-30,600489,0,15,10,0,0,-0.05280968588499623,0.6300000000000001,shareholder_change,北京大成律师事务所关于中金黄金股份有限公司2025年第二次临时股东大会之法律意见书
2025-12-31,600489,1,16,11,0,0,0.06951732687246492,0.63,commodity_shock,中金黄金股份有限公司第八届董事会第七次会议决议公告
2026-01-01,600489,1,16,11,0,0,0.06951732687246495,0.63,commodity_shock,中金黄金股份有限公司第八届董事会第七次会议决议公告
2026-01-02,600489,1,16,11,0,0,0.06951732687246492,0.63,commodity_shock,中金黄金股份有限公司第八届董事会第七次会议决议公告
2026-01-05,600489,1,16,11,0,0,0.06951732687246494,0.63,commodity_shock,中金黄金股份有限公司第八届董事会第七次会议决议公告
2026-01-06,600489,0,5,2,0,0,0.05775351431462964,0.63,commodity_shock,中金黄金股份有限公司第八届董事会第七次会议决议公告
2026-01-07,600489,0,5,2,0,0,0.05775351431462969,0.63,commodity_shock,中金黄金股份有限公司第八届董事会第七次会议决议公告
2026-01-08,600489,0,5,2,0,0,0.05775351431462965,0.63,commodity_shock,中金黄金股份有限公司第八届董事会第七次会议决议公告
2026-01-09,600489,0,4,1,0,0,0.05417218252329355,0.63,commodity_shock,中金黄金股份有限公司第八届董事会第七次会议决议公告
2026-01-12,600489,0,4,1,0,0,0.05417218252329356,0.63,commodity_shock,中金黄金股份有限公司第八届董事会第七次会议决议公告
2026-01-13,600489,0,3,1,0,0,0.06369959543597555,0.63,commodity_shock,中金黄金股份有限公司第八届董事会第七次会议决议公告
2026-01-14,600489,0,3,1,0,0,0.06369959543597555,0.63,commodity_shock,中金黄金股份有限公司第八届董事会第七次会议决议公告
2026-01-15,600489,0,3,1,0,0,0.06369959543597555,0.63,commodity_shock,中金黄金股份有限公司第八届董事会第七次会议决议公告
2026-01-16,600489,0,3,1,0,0,0.06369959543597556,0.63,commodity_shock,中金黄金股份有限公司第八届董事会第七次会议决议公告
2026-01-19,600489,0,3,1,0,0,0.06369959543597557,0.63,commodity_shock,中金黄金股份有限公司第八届董事会第七次会议决议公告
2026-01-20,600489,0,3,1,0,0,0.06369959543597559,0.63,commodity_shock,中金黄金股份有限公司第八届董事会第七次会议决议公告
2026-01-21,600489,0,3,1,0,0,0.06369959543597561,0.63,commodity_shock,中金黄金股份有限公司第八届董事会第七次会议决议公告
2026-01-22,600489,0,3,1,0,0,0.06369959543597556,0.63,commodity_shock,中金黄金股份有限公司第八届董事会第七次会议决议公告
2026-01-23,600489,0,1,1,0,0,0.2,0.63,commodity_shock,中金黄金股份有限公司第八届董事会第七次会议决议公告
2026-01-26,600489,0,1,1,0,0,0.2,0.63,commodity_shock,中金黄金股份有限公司第八届董事会第七次会议决议公告
2026-01-27,600489,0,1,1,0,0,0.2,0.63,commodity_shock,中金黄金股份有限公司第八届董事会第七次会议决议公告
2026-01-28,600489,1,2,2,0,0,0.7401075845208496,0.63,performance_beat,中金黄金股份有限公司2025年年度业绩预增公告
2026-01-29,600489,2,3,3,0,0,0.4532367531827898,0.63,commodity_shock,中金黄金股份有限公司股票交易异常波动公告
2026-01-30,600489,2,3,3,0,0,0.4532367531827898,0.63,commodity_shock,中金黄金股份有限公司股票交易异常波动公告
2026-02-02,600489,2,2,2,0,0,0.45539048104131563,0.63,commodity_shock,中金黄金股份有限公司股票交易异常波动公告
2026-02-03,600489,1,2,2,0,0,0.4553904810413157,0.63,commodity_shock,中金黄金股份有限公司股票交易异常波动公告
2026-02-04,600489,0,2,2,0,0,0.45539048104131563,0.63,commodity_shock,中金黄金股份有限公司股票交易异常波动公告
2026-02-05,600489,0,2,2,0,0,0.45539048104131563,0.63,commodity_shock,中金黄金股份有限公司股票交易异常波动公告
2026-02-06,600489,0,2,2,0,0,0.4553904810413157,0.63,commodity_shock,中金黄金股份有限公司股票交易异常波动公告
2026-02-09,600489,0,2,2,0,0,0.4553904810413156,0.63,commodity_shock,中金黄金股份有限公司股票交易异常波动公告
2026-02-10,600489,0,2,2,0,0,0.4553904810413156,0.63,commodity_shock,中金黄金股份有限公司股票交易异常波动公告
2026-02-11,600489,0,2,2,0,0,0.45539048104131563,0.63,commodity_shock,中金黄金股份有限公司股票交易异常波动公告
2026-02-12,600489,0,2,2,0,0,0.4553904810413157,0.63,commodity_shock,中金黄金股份有限公司股票交易异常波动公告
2026-02-13,600489,0,2,2,0,0,0.45539048104131563,0.63,commodity_shock,中金黄金股份有限公司股票交易异常波动公告
2026-02-16,600489,0,2,2,0,0,0.45539048104131563,0.63,commodity_shock,中金黄金股份有限公司股票交易异常波动公告
2026-02-17,600489,0,2,2,0,0,0.4553904810413157,0.63,commodity_shock,中金黄金股份有限公司股票交易异常波动公告
2026-02-18,600489,0,2,2,0,0,0.4553904810413157,0.63,commodity_shock,中金黄金股份有限公司股票交易异常波动公告
2026-02-19,600489,0,2,2,0,0,0.4553904810413157,0.63,commodity_shock,中金黄金股份有限公司股票交易异常波动公告
2026-02-20,600489,0,2,2,0,0,0.45539048104131563,0.63,commodity_shock,中金黄金股份有限公司股票交易异常波动公告
2026-02-23,600489,0,2,2,0,0,0.45539048104131563,0.63,commodity_shock,中金黄金股份有限公司股票交易异常波动公告
2026-02-24,600489,0,2,2,0,0,0.45539048104131563,0.63,commodity_shock,中金黄金股份有限公司股票交易异常波动公告
2026-02-25,600489,0,2,2,0,0,0.45539048104131563,0.63,commodity_shock,中金黄金股份有限公司股票交易异常波动公告
2026-02-26,600489,0,2,2,0,0,0.45539048104131563,0.63,commodity_shock,中金黄金股份有限公司股票交易异常波动公告
2026-02-27,600489,0,2,2,0,0,0.4553904810413157,0.63,commodity_shock,中金黄金股份有限公司股票交易异常波动公告
2026-03-02,600489,3,3,3,0,0,0.20000000000000004,0.6833333333333335,commodity_shock,中金黄金股份有限公司关于中国黄金集团内蒙古矿业有限公司乌努格吐山铜钼矿南区尾矿库工程的公告
2026-03-03,600489,3,3,3,0,0,0.2,0.6833333333333335,commodity_shock,中金黄金股份有限公司关于中国黄金集团内蒙古矿业有限公司乌努格吐山铜钼矿南区尾矿库工程的公告
2026-03-04,600489,3,3,3,0,0,0.2,0.6833333333333335,commodity_shock,中金黄金股份有限公司关于中国黄金集团内蒙古矿业有限公司乌努格吐山铜钼矿南区尾矿库工程的公告
2026-03-05,600489,3,3,3,0,0,0.2,0.6833333333333335,commodity_shock,中金黄金股份有限公司关于中国黄金集团内蒙古矿业有限公司乌努格吐山铜钼矿南区尾矿库工程的公告
2026-03-06,600489,0,3,3,0,0,0.2,0.6833333333333335,commodity_shock,中金黄金股份有限公司关于中国黄金集团内蒙古矿业有限公司乌努格吐山铜钼矿南区尾矿库工程的公告
2026-03-09,600489,0,3,3,0,0,0.2,0.6833333333333335,commodity_shock,中金黄金股份有限公司关于中国黄金集团内蒙古矿业有限公司乌努格吐山铜钼矿南区尾矿库工程的公告
2026-03-10,600489,0,3,3,0,0,0.19999999999999998,0.6833333333333335,commodity_shock,中金黄金股份有限公司关于中国黄金集团内蒙古矿业有限公司乌努格吐山铜钼矿南区尾矿库工程的公告
2026-03-11,600489,0,3,3,0,0,0.2,0.6833333333333335,commodity_shock,中金黄金股份有限公司关于中国黄金集团内蒙古矿业有限公司乌努格吐山铜钼矿南区尾矿库工程的公告
2026-03-12,600489,0,3,3,0,0,0.2,0.6833333333333335,commodity_shock,中金黄金股份有限公司关于中国黄金集团内蒙古矿业有限公司乌努格吐山铜钼矿南区尾矿库工程的公告
2026-03-13,600489,0,3,3,0,0,0.2,0.6833333333333335,commodity_shock,中金黄金股份有限公司关于中国黄金集团内蒙古矿业有限公司乌努格吐山铜钼矿南区尾矿库工程的公告
2026-03-16,600489,0,3,3,0,0,0.2,0.6833333333333335,commodity_shock,中金黄金股份有限公司关于中国黄金集团内蒙古矿业有限公司乌努格吐山铜钼矿南区尾矿库工程的公告
2026-03-17,600489,0,3,3,0,0,0.2,0.6833333333333335,commodity_shock,中金黄金股份有限公司关于中国黄金集团内蒙古矿业有限公司乌努格吐山铜钼矿南区尾矿库工程的公告
2026-03-18,600489,0,3,3,0,0,0.2,0.6833333333333335,commodity_shock,中金黄金股份有限公司关于中国黄金集团内蒙古矿业有限公司乌努格吐山铜钼矿南区尾矿库工程的公告
2026-03-19,600489,0,3,3,0,0,0.20000000000000004,0.6833333333333335,commodity_shock,中金黄金股份有限公司关于中国黄金集团内蒙古矿业有限公司乌努格吐山铜钼矿南区尾矿库工程的公告
2026-03-20,600489,0,3,3,0,0,0.19999999999999998,0.6833333333333335,commodity_shock,中金黄金股份有限公司关于中国黄金集团内蒙古矿业有限公司乌努格吐山铜钼矿南区尾矿库工程的公告
2026-03-23,600489,0,3,3,0,0,0.2,0.6833333333333335,commodity_shock,中金黄金股份有限公司关于中国黄金集团内蒙古矿业有限公司乌努格吐山铜钼矿南区尾矿库工程的公告
2026-03-24,600489,0,3,3,0,0,0.2,0.6833333333333335,commodity_shock,中金黄金股份有限公司关于中国黄金集团内蒙古矿业有限公司乌努格吐山铜钼矿南区尾矿库工程的公告
2026-03-25,600489,0,3,3,0,0,0.2,0.6833333333333335,commodity_shock,中金黄金股份有限公司关于中国黄金集团内蒙古矿业有限公司乌努格吐山铜钼矿南区尾矿库工程的公告
2026-03-26,600489,0,3,3,0,0,0.2,0.6833333333333335,commodity_shock,中金黄金股份有限公司关于中国黄金集团内蒙古矿业有限公司乌努格吐山铜钼矿南区尾矿库工程的公告
2026-03-27,600489,0,3,3,0,0,0.2,0.6833333333333335,commodity_shock,中金黄金股份有限公司关于中国黄金集团内蒙古矿业有限公司乌努格吐山铜钼矿南区尾矿库工程的公告
2026-03-30,600489,0,3,3,0,0,0.2,0.6833333333333335,commodity_shock,中金黄金股份有限公司关于中国黄金集团内蒙古矿业有限公司乌努格吐山铜钼矿南区尾矿库工程的公告
2026-04-29,600489,30,30,30,0,0,0.20000000000000007,0.63,commodity_shock,中金黄金600489.SH)：2025年年报净利润为49.34亿元、同比较去年同期上涨45.71%
2026-04-30,600489,30,30,30,0,0,0.20000000000000004,0.63,commodity_shock,中金黄金600489.SH)：2025年年报净利润为49.34亿元、同比较去年同期上涨45.71%
2026-05-01,600489,30,30,30,0,0,0.19999999999999998,0.63,commodity_shock,中金黄金600489.SH)：2025年年报净利润为49.34亿元、同比较去年同期上涨45.71%
2026-05-04,600489,30,30,30,0,0,0.19999999999999996,0.63,commodity_shock,中金黄金600489.SH)：2025年年报净利润为49.34亿元、同比较去年同期上涨45.71%
2026-05-05,600489,0,30,30,0,0,0.19999999999999998,0.63,commodity_shock,中金黄金600489.SH)：2025年年报净利润为49.34亿元、同比较去年同期上涨45.71%
2026-05-06,600489,0,30,30,0,0,0.19999999999999996,0.63,commodity_shock,中金黄金600489.SH)：2025年年报净利润为49.34亿元、同比较去年同期上涨45.71%
2026-05-07,600489,0,30,30,0,0,0.19999999999999998,0.63,commodity_shock,中金黄金600489.SH)：2025年年报净利润为49.34亿元、同比较去年同期上涨45.71%
2026-05-08,600489,0,30,30,0,0,0.20000000000000004,0.63,commodity_shock,中金黄金600489.SH)：2025年年报净利润为49.34亿元、同比较去年同期上涨45.71%
2026-05-11,600489,0,30,30,0,0,0.20000000000000012,0.63,commodity_shock,中金黄金600489.SH)：2025年年报净利润为49.34亿元、同比较去年同期上涨45.71%
2026-05-12,600489,0,30,30,0,0,0.20000000000000004,0.63,commodity_shock,中金黄金600489.SH)：2025年年报净利润为49.34亿元、同比较去年同期上涨45.71%
2026-05-13,600489,0,30,30,0,0,0.2,0.63,commodity_shock,中金黄金600489.SH)：2025年年报净利润为49.34亿元、同比较去年同期上涨45.71%
2026-05-14,600489,0,30,30,0,0,0.19999999999999993,0.63,commodity_shock,中金黄金600489.SH)：2025年年报净利润为49.34亿元、同比较去年同期上涨45.71%
2026-05-15,600489,0,30,30,0,0,0.20000000000000012,0.63,commodity_shock,中金黄金600489.SH)：2025年年报净利润为49.34亿元、同比较去年同期上涨45.71%
2026-05-18,600489,0,30,30,0,0,0.19999999999999998,0.63,commodity_shock,中金黄金600489.SH)：2025年年报净利润为49.34亿元、同比较去年同期上涨45.71%
2026-05-19,600489,0,30,30,0,0,0.19999999999999993,0.63,commodity_shock,中金黄金600489.SH)：2025年年报净利润为49.34亿元、同比较去年同期上涨45.71%
2026-05-20,600489,0,30,30,0,0,0.2000000000000001,0.63,commodity_shock,中金黄金600489.SH)：2025年年报净利润为49.34亿元、同比较去年同期上涨45.71%
2026-05-21,600489,0,30,30,0,0,0.20000000000000007,0.63,commodity_shock,中金黄金600489.SH)：2025年年报净利润为49.34亿元、同比较去年同期上涨45.71%
2026-05-22,600489,0,30,30,0,0,0.19999999999999998,0.63,commodity_shock,中金黄金600489.SH)：2025年年报净利润为49.34亿元、同比较去年同期上涨45.71%
2026-05-25,600489,0,30,30,0,0,0.20000000000000007,0.63,commodity_shock,中金黄金600489.SH)：2025年年报净利润为49.34亿元、同比较去年同期上涨45.71%
2026-05-26,600489,0,30,30,0,0,0.20000000000000004,0.63,commodity_shock,中金黄金600489.SH)：2025年年报净利润为49.34亿元、同比较去年同期上涨45.71%
2026-05-27,600489,0,30,30,0,0,0.20000000000000007,0.63,commodity_shock,中金黄金600489.SH)：2025年年报净利润为49.34亿元、同比较去年同期上涨45.71%
2026-05-28,600489,0,30,30,0,0,0.19999999999999998,0.63,commodity_shock,中金黄金600489.SH)：2025年年报净利润为49.34亿元、同比较去年同期上涨45.71%
2026-05-29,600489,0,30,30,0,0,0.20000000000000004,0.63,commodity_shock,中金黄金600489.SH)：2025年年报净利润为49.34亿元、同比较去年同期上涨45.71%
2026-06-03,600489,5,5,4,0,0,0.13,0.63,commodity_shock,有色金属行业今日净流入资金22.81亿元，中钨高新等13股净流入资金超亿元
2026-06-04,600489,5,5,4,0,0,0.13000000000000003,0.63,commodity_shock,有色金属行业今日净流入资金22.81亿元，中钨高新等13股净流入资金超亿元
2026-06-05,600489,5,5,4,0,0,0.13000000000000003,0.63,commodity_shock,有色金属行业今日净流入资金22.81亿元，中钨高新等13股净流入资金超亿元
2026-06-08,600489,6,6,5,0,0,0.15030334180098032,0.6566666666666666,commodity_shock,有色金属行业资金流出榜：紫金矿业、北方稀土等净流出资金居前
2026-06-09,600489,1,6,5,0,0,0.1503033418009803,0.6566666666666666,commodity_shock,有色金属行业资金流出榜：紫金矿业、北方稀土等净流出资金居前
2026-06-10,600489,2,7,5,0,0,0.06667375745035621,0.6528571428571428,shareholder_change,中金黄金股份有限公司2025年年度股东会会议资料
2025-10-27,600497,2,2,0,0,0,0.0,0.35,general_news,驰宏锌锗关于与关联方共同投资设立参股公司暨关联交易的进展公告
2025-10-28,600497,2,2,0,0,0,0.0,0.35,general_news,驰宏锌锗关于与关联方共同投资设立参股公司暨关联交易的进展公告
2025-10-29,600497,3,3,0,0,0,-0.07044117917197752,0.44333333333333336,shareholder_change,驰宏锌锗关于控股股东国有股权拟无偿划转的提示性公告
2025-10-30,600497,3,3,0,0,0,-0.07044117917197754,0.44333333333333336,shareholder_change,驰宏锌锗关于控股股东国有股权拟无偿划转的提示性公告
2025-10-31,600497,1,3,0,0,0,-0.07044117917197752,0.44333333333333336,shareholder_change,驰宏锌锗关于控股股东国有股权拟无偿划转的提示性公告
2025-11-03,600497,1,3,0,0,0,-0.07044117917197754,0.44333333333333336,shareholder_change,驰宏锌锗关于控股股东国有股权拟无偿划转的提示性公告
2025-11-04,600497,1,4,0,0,0,-0.033438443838760594,0.42000000000000004,general_news,驰宏锌锗2025年半年度权益分派实施公告
2025-11-05,600497,1,4,0,0,0,-0.0334384438387606,0.42000000000000004,general_news,驰宏锌锗2025年半年度权益分派实施公告
2025-11-06,600497,1,4,0,0,0,-0.0334384438387606,0.42000000000000004,general_news,驰宏锌锗2025年半年度权益分派实施公告
2025-11-07,600497,1,4,0,0,0,-0.033438443838760594,0.42000000000000004,general_news,驰宏锌锗2025年半年度权益分派实施公告
2025-11-10,600497,0,4,0,0,0,-0.0334384438387606,0.42000000000000004,general_news,驰宏锌锗2025年半年度权益分派实施公告
2025-11-11,600497,0,4,0,0,0,-0.033438443838760594,0.42000000000000004,general_news,驰宏锌锗2025年半年度权益分派实施公告
2025-11-12,600497,0,4,0,0,0,-0.03343844383876061,0.42000000000000004,general_news,驰宏锌锗2025年半年度权益分派实施公告
2025-11-13,600497,0,4,0,0,0,-0.0334384438387606,0.42000000000000004,general_news,驰宏锌锗2025年半年度权益分派实施公告
2025-11-14,600497,0,4,0,0,0,-0.03343844383876061,0.42000000000000004,general_news,驰宏锌锗2025年半年度权益分派实施公告
2025-11-17,600497,0,4,0,0,0,-0.0334384438387606,0.42000000000000004,general_news,驰宏锌锗2025年半年度权益分派实施公告
2025-11-18,600497,3,7,0,0,0,-0.09473589006123015,0.47000000000000003,general_news,驰宏锌锗关于与关联方共同投资设立参股公司暨关联交易进展的公告
2025-11-19,600497,3,7,0,0,0,-0.09473589006123014,0.47000000000000003,general_news,驰宏锌锗关于与关联方共同投资设立参股公司暨关联交易进展的公告
2025-11-20,600497,3,7,0,0,0,-0.09473589006123014,0.47000000000000003,general_news,驰宏锌锗关于与关联方共同投资设立参股公司暨关联交易进展的公告
2025-11-21,600497,3,7,0,0,0,-0.09473589006123016,0.47000000000000003,general_news,驰宏锌锗关于与关联方共同投资设立参股公司暨关联交易进展的公告
2025-11-24,600497,0,7,0,0,0,-0.09473589006123012,0.47000000000000003,general_news,驰宏锌锗关于与关联方共同投资设立参股公司暨关联交易进展的公告
2025-11-25,600497,0,5,0,0,0,-0.09666060995166051,0.518,general_news,驰宏锌锗关于与关联方共同投资设立参股公司暨关联交易进展的公告
2025-11-26,600497,1,6,0,0,0,-0.04876601693871676,0.49,general_news,驰宏锌锗关于与关联方共同投资设立参股公司暨关联交易的进展公告
2025-11-27,600497,2,7,0,0,0,-0.08558468964026293,0.51,shareholder_change,驰宏锌锗关于控股股东权益变动进展的提示性公告
2025-11-28,600497,2,7,0,0,0,-0.08558468964026295,0.51,shareholder_change,驰宏锌锗关于控股股东权益变动进展的提示性公告
2025-12-01,600497,8,12,5,0,0,0.25762139298321685,0.5366666666666666,ma_restructuring,中信建投证券股份有限公司关于云南驰宏锌锗股份有限公司收购报告书之财务顾问报告
2025-12-02,600497,7,12,5,0,0,0.25762139298321685,0.5366666666666666,ma_restructuring,中信建投证券股份有限公司关于云南驰宏锌锗股份有限公司收购报告书之财务顾问报告
2025-12-03,600497,6,12,5,0,0,0.25762139298321685,0.5366666666666666,ma_restructuring,中信建投证券股份有限公司关于云南驰宏锌锗股份有限公司收购报告书之财务顾问报告
2025-12-04,600497,6,12,5,0,0,0.2576213929832169,0.5366666666666666,ma_restructuring,中信建投证券股份有限公司关于云南驰宏锌锗股份有限公司收购报告书之财务顾问报告
2025-12-05,600497,0,11,5,0,0,0.2585238413029744,0.5536363636363636,ma_restructuring,中信建投证券股份有限公司关于云南驰宏锌锗股份有限公司收购报告书之财务顾问报告
2025-12-08,600497,0,11,5,0,0,0.2585238413029743,0.5536363636363636,ma_restructuring,中信建投证券股份有限公司关于云南驰宏锌锗股份有限公司收购报告书之财务顾问报告
2025-12-09,600497,0,11,5,0,0,0.25852384130297446,0.5536363636363636,ma_restructuring,中信建投证券股份有限公司关于云南驰宏锌锗股份有限公司收购报告书之财务顾问报告
2025-12-10,600497,0,11,5,0,0,0.2585238413029744,0.5536363636363636,ma_restructuring,中信建投证券股份有限公司关于云南驰宏锌锗股份有限公司收购报告书之财务顾问报告
2025-12-11,600497,0,11,5,0,0,0.2585238413029744,0.5536363636363636,ma_restructuring,中信建投证券股份有限公司关于云南驰宏锌锗股份有限公司收购报告书之财务顾问报告
2025-12-12,600497,0,11,5,0,0,0.2585238413029743,0.5536363636363636,ma_restructuring,中信建投证券股份有限公司关于云南驰宏锌锗股份有限公司收购报告书之财务顾问报告
2025-12-15,600497,0,11,5,0,0,0.25852384130297446,0.5536363636363636,ma_restructuring,中信建投证券股份有限公司关于云南驰宏锌锗股份有限公司收购报告书之财务顾问报告
2025-12-16,600497,1,12,5,0,0,0.01928634783368546,0.5599999999999999,shareholder_change,驰宏锌锗关于控股股东权益变动完成过户登记的公告
2025-12-17,600497,1,12,5,0,0,0.019286347833685404,0.5599999999999999,shareholder_change,驰宏锌锗关于控股股东权益变动完成过户登记的公告
2025-12-18,600497,1,12,5,0,0,0.019286347833685425,0.5599999999999999,shareholder_change,驰宏锌锗关于控股股东权益变动完成过户登记的公告
2025-12-19,600497,1,9,5,0,0,0.023252325705707344,0.5677777777777777,shareholder_change,驰宏锌锗关于控股股东权益变动完成过户登记的公告
2025-12-22,600497,0,9,5,0,0,0.02325232570570734,0.5677777777777777,shareholder_change,驰宏锌锗关于控股股东权益变动完成过户登记的公告
2025-12-23,600497,0,9,5,0,0,0.02325232570570737,0.5677777777777777,shareholder_change,驰宏锌锗关于控股股东权益变动完成过户登记的公告
2025-12-24,600497,0,9,5,0,0,0.023252325705707306,0.5677777777777777,shareholder_change,驰宏锌锗关于控股股东权益变动完成过户登记的公告
2025-12-25,600497,0,9,5,0,0,0.023252325705707344,0.5677777777777777,shareholder_change,驰宏锌锗关于控股股东权益变动完成过户登记的公告
2025-12-26,600497,0,9,5,0,0,0.023252325705707327,0.5677777777777777,shareholder_change,驰宏锌锗关于控股股东权益变动完成过户登记的公告
2025-12-29,600497,0,7,5,0,0,0.03163296661145246,0.59,shareholder_change,驰宏锌锗关于控股股东权益变动完成过户登记的公告
2025-12-30,600497,0,1,0,0,0,-0.15,0.63,shareholder_change,驰宏锌锗关于控股股东权益变动完成过户登记的公告
2025-12-31,600497,3,4,0,0,0,-0.005645195110446881,0.41999999999999993,general_news,驰宏锌锗关于预计2026年度日常关联交易的公告
2026-01-01,600497,3,4,0,0,0,-0.005645195110446883,0.41999999999999993,general_news,驰宏锌锗关于预计2026年度日常关联交易的公告
2026-01-02,600497,3,4,0,0,0,-0.005645195110446883,0.41999999999999993,general_news,驰宏锌锗关于预计2026年度日常关联交易的公告
2026-01-05,600497,3,4,0,0,0,-0.005645195110446882,0.41999999999999993,general_news,驰宏锌锗关于预计2026年度日常关联交易的公告
2026-01-06,600497,0,4,0,0,0,-0.005645195110446882,0.41999999999999993,general_news,驰宏锌锗关于预计2026年度日常关联交易的公告
2026-01-07,600497,0,4,0,0,0,-0.005645195110446882,0.41999999999999993,general_news,驰宏锌锗关于预计2026年度日常关联交易的公告
2026-01-08,600497,0,4,0,0,0,-0.005645195110446882,0.41999999999999993,general_news,驰宏锌锗关于预计2026年度日常关联交易的公告
2026-01-09,600497,0,4,0,0,0,-0.005645195110446884,0.41999999999999993,general_news,驰宏锌锗关于预计2026年度日常关联交易的公告
2026-01-12,600497,0,4,0,0,0,-0.00564519511044688,0.41999999999999993,general_news,驰宏锌锗关于预计2026年度日常关联交易的公告
2026-01-13,600497,0,4,0,0,0,-0.005645195110446882,0.41999999999999993,general_news,驰宏锌锗关于预计2026年度日常关联交易的公告
2026-01-14,600497,0,4,0,0,0,-0.0056451951104468795,0.41999999999999993,general_news,驰宏锌锗关于预计2026年度日常关联交易的公告
2026-01-15,600497,1,5,0,0,0,-0.0015117052304955993,0.40599999999999997,general_news,云南驰宏锌锗股份有限公司增资并控股赫章县乌蒙矿业有限责任公司进展公告
2026-01-16,600497,1,4,0,0,0,0.0,0.35,general_news,云南驰宏锌锗股份有限公司增资并控股赫章县乌蒙矿业有限责任公司进展公告
2026-01-19,600497,1,4,0,0,0,0.0,0.35,general_news,云南驰宏锌锗股份有限公司增资并控股赫章县乌蒙矿业有限责任公司进展公告
2026-01-20,600497,1,4,0,0,0,0.0,0.35,general_news,云南驰宏锌锗股份有限公司增资并控股赫章县乌蒙矿业有限责任公司进展公告
2026-01-21,600497,0,4,0,0,0,0.0,0.35,general_news,云南驰宏锌锗股份有限公司增资并控股赫章县乌蒙矿业有限责任公司进展公告
2026-01-22,600497,0,4,0,0,0,0.0,0.35,general_news,云南驰宏锌锗股份有限公司增资并控股赫章县乌蒙矿业有限责任公司进展公告
2026-01-23,600497,0,4,0,0,0,0.0,0.35,general_news,云南驰宏锌锗股份有限公司增资并控股赫章县乌蒙矿业有限责任公司进展公告
2026-01-26,600497,0,4,0,0,0,0.0,0.35,general_news,云南驰宏锌锗股份有限公司增资并控股赫章县乌蒙矿业有限责任公司进展公告
2026-01-27,600497,0,4,0,0,0,0.0,0.35,general_news,云南驰宏锌锗股份有限公司增资并控股赫章县乌蒙矿业有限责任公司进展公告
2026-01-28,600497,0,4,0,0,0,0.0,0.35,general_news,云南驰宏锌锗股份有限公司增资并控股赫章县乌蒙矿业有限责任公司进展公告
2026-01-29,600497,5,9,2,0,0,0.2122336266214011,0.4122222222222222,order_contract,驰宏锌锗关于与中铝商业保理有限公司签订保理业务框架合作协议暨关联交易的公告
2026-01-30,600497,5,9,2,0,0,0.21223362662140108,0.4122222222222222,order_contract,驰宏锌锗关于与中铝商业保理有限公司签订保理业务框架合作协议暨关联交易的公告
2026-02-02,600497,5,6,2,0,0,0.21420217752689957,0.44333333333333336,order_contract,驰宏锌锗关于与中铝商业保理有限公司签订保理业务框架合作协议暨关联交易的公告
2026-02-03,600497,5,6,2,0,0,0.21420217752689957,0.44333333333333336,order_contract,驰宏锌锗关于与中铝商业保理有限公司签订保理业务框架合作协议暨关联交易的公告
2026-02-04,600497,0,6,2,0,0,0.21420217752689957,0.44333333333333336,order_contract,驰宏锌锗关于与中铝商业保理有限公司签订保理业务框架合作协议暨关联交易的公告
2026-02-05,600497,0,6,2,0,0,0.2142021775268996,0.44333333333333336,order_contract,驰宏锌锗关于与中铝商业保理有限公司签订保理业务框架合作协议暨关联交易的公告
2026-02-06,600497,0,6,2,0,0,0.2142021775268996,0.44333333333333336,order_contract,驰宏锌锗关于与中铝商业保理有限公司签订保理业务框架合作协议暨关联交易的公告
2026-02-09,600497,1,7,2,0,0,0.12567714174934355,0.43000000000000005,general_news,驰宏锌锗关于董事会延期换届的提示性公告
2026-02-10,600497,1,7,2,0,0,0.12567714174934352,0.43000000000000005,general_news,驰宏锌锗关于董事会延期换届的提示性公告
2026-02-11,600497,1,7,2,0,0,0.1256771417493435,0.43000000000000005,general_news,驰宏锌锗关于董事会延期换届的提示性公告
2026-02-12,600497,1,7,2,0,0,0.12567714174934355,0.43000000000000005,general_news,驰宏锌锗关于董事会延期换届的提示性公告
2026-02-13,600497,0,7,2,0,0,0.12567714174934355,0.43000000000000005,general_news,驰宏锌锗关于董事会延期换届的提示性公告
2026-02-16,600497,0,6,2,0,0,0.12765092109021733,0.44333333333333336,general_news,驰宏锌锗关于董事会延期换届的提示性公告
2026-02-17,600497,0,6,2,0,0,0.12765092109021733,0.44333333333333336,general_news,驰宏锌锗关于董事会延期换届的提示性公告
2026-02-18,600497,0,6,2,0,0,0.12765092109021733,0.44333333333333336,general_news,驰宏锌锗关于董事会延期换届的提示性公告
2026-02-19,600497,0,6,2,0,0,0.12765092109021733,0.44333333333333336,general_news,驰宏锌锗关于董事会延期换届的提示性公告
2026-02-20,600497,0,6,2,0,0,0.12765092109021733,0.44333333333333336,general_news,驰宏锌锗关于董事会延期换届的提示性公告
2026-02-23,600497,0,6,2,0,0,0.12765092109021733,0.44333333333333336,general_news,驰宏锌锗关于董事会延期换届的提示性公告
2026-02-24,600497,0,6,2,0,0,0.1276509210902173,0.44333333333333336,general_news,驰宏锌锗关于董事会延期换届的提示性公告
2026-02-25,600497,0,6,2,0,0,0.12765092109021736,0.44333333333333336,general_news,驰宏锌锗关于董事会延期换届的提示性公告
2026-02-26,600497,0,6,2,0,0,0.12765092109021736,0.44333333333333336,general_news,驰宏锌锗关于董事会延期换届的提示性公告
2026-02-27,600497,0,6,2,0,0,0.12765092109021733,0.44333333333333336,general_news,驰宏锌锗关于董事会延期换届的提示性公告
2026-03-02,600497,0,1,0,0,0,0.0,0.35,general_news,驰宏锌锗关于董事会延期换届的提示性公告
2026-03-03,600497,0,1,0,0,0,0.0,0.35,general_news,驰宏锌锗关于董事会延期换届的提示性公告
2026-03-04,600497,0,1,0,0,0,0.0,0.35,general_news,驰宏锌锗关于董事会延期换届的提示性公告
2026-03-05,600497,0,1,0,0,0,0.0,0.35,general_news,驰宏锌锗关于董事会延期换届的提示性公告
2026-03-06,600497,0,1,0,0,0,0.0,0.35,general_news,驰宏锌锗关于董事会延期换届的提示性公告
2026-03-09,600497,1,2,0,0,0,0.0,0.35,general_news,驰宏锌锗增资并控股赫章县乌蒙矿业有限责任公司的进展公告
2026-03-10,600497,1,1,0,0,0,0.0,0.35,general_news,驰宏锌锗增资并控股赫章县乌蒙矿业有限责任公司的进展公告
2026-03-11,600497,1,1,0,0,0,0.0,0.35,general_news,驰宏锌锗增资并控股赫章县乌蒙矿业有限责任公司的进展公告
2026-03-12,600497,1,1,0,0,0,0.0,0.35,general_news,驰宏锌锗增资并控股赫章县乌蒙矿业有限责任公司的进展公告
2026-03-13,600497,0,1,0,0,0,0.0,0.35,general_news,驰宏锌锗增资并控股赫章县乌蒙矿业有限责任公司的进展公告
2026-03-16,600497,0,1,0,0,0,0.0,0.35,general_news,驰宏锌锗增资并控股赫章县乌蒙矿业有限责任公司的进展公告
2026-03-17,600497,0,1,0,0,0,0.0,0.35,general_news,驰宏锌锗增资并控股赫章县乌蒙矿业有限责任公司的进展公告
2026-03-18,600497,0,1,0,0,0,0.0,0.35,general_news,驰宏锌锗增资并控股赫章县乌蒙矿业有限责任公司的进展公告
2026-03-19,600497,0,1,0,0,0,0.0,0.35,general_news,驰宏锌锗增资并控股赫章县乌蒙矿业有限责任公司的进展公告
2026-03-20,600497,0,1,0,0,0,0.0,0.35,general_news,驰宏锌锗增资并控股赫章县乌蒙矿业有限责任公司的进展公告
2026-03-23,600497,1,2,0,0,0,0.0,0.35,general_news,驰宏锌锗关于召开2025年年度业绩说明会的公告
2026-03-24,600497,1,2,0,0,0,0.0,0.35,general_news,驰宏锌锗关于召开2025年年度业绩说明会的公告
2026-03-25,600497,1,2,0,0,0,0.0,0.35,general_news,驰宏锌锗关于召开2025年年度业绩说明会的公告
2026-03-26,600497,1,2,0,0,0,0.0,0.35,general_news,驰宏锌锗关于召开2025年年度业绩说明会的公告
2026-03-27,600497,27,29,4,0,0,0.01819385559066683,0.3886206896551723,commodity_shock,驰宏锌锗关于2026年度货币类期货和衍生品业务年度计划的公告
2026-03-30,600497,27,29,4,0,0,0.018193855590666826,0.3886206896551723,commodity_shock,驰宏锌锗关于2026年度货币类期货和衍生品业务年度计划的公告
2026-03-31,600497,27,29,4,0,0,0.01819385559066683,0.3886206896551723,commodity_shock,驰宏锌锗关于2026年度货币类期货和衍生品业务年度计划的公告
2026-04-01,600497,27,29,4,0,0,0.01819385559066683,0.3886206896551723,commodity_shock,驰宏锌锗关于2026年度货币类期货和衍生品业务年度计划的公告
2026-04-02,600497,0,29,4,0,0,0.018193855590666826,0.3886206896551723,commodity_shock,驰宏锌锗关于2026年度货币类期货和衍生品业务年度计划的公告
2026-04-03,600497,0,29,4,0,0,0.01819385559066683,0.3886206896551723,commodity_shock,驰宏锌锗关于2026年度货币类期货和衍生品业务年度计划的公告
2026-04-06,600497,0,29,4,0,0,0.01819385559066683,0.3886206896551723,commodity_shock,驰宏锌锗关于2026年度货币类期货和衍生品业务年度计划的公告
2026-04-07,600497,0,28,4,0,0,0.018231957493198163,0.38999999999999996,general_news,云南驰宏锌锗股份有限公司2025年年度报告
2026-04-08,600497,0,28,4,0,0,0.018231957493198166,0.38999999999999996,general_news,云南驰宏锌锗股份有限公司2025年年度报告
2026-04-09,600497,11,39,4,0,0,-0.00470773564385319,0.38589743589743586,general_news,驰宏锌锗关于董事会换届选举的公告
2026-04-10,600497,11,39,4,0,0,-0.004707735643853187,0.38589743589743586,general_news,驰宏锌锗关于董事会换届选举的公告
2026-04-13,600497,12,40,5,0,0,0.03171651220470577,0.392,ma_restructuring,中信建投证券股份有限公司关于中国铜业有限公司收购云南驰宏锌锗股份有限公司之2025年度持续督导意见
2026-04-14,600497,12,40,5,0,0,0.03171651220470577,0.392,ma_restructuring,中信建投证券股份有限公司关于中国铜业有限公司收购云南驰宏锌锗股份有限公司之2025年度持续督导意见
2026-04-15,600497,1,40,5,0,0,0.03171651220470578,0.392,ma_restructuring,中信建投证券股份有限公司关于中国铜业有限公司收购云南驰宏锌锗股份有限公司之2025年度持续督导意见
2026-04-16,600497,1,40,5,0,0,0.03171651220470577,0.392,ma_restructuring,中信建投证券股份有限公司关于中国铜业有限公司收购云南驰宏锌锗股份有限公司之2025年度持续督导意见
2026-04-17,600497,0,40,5,0,0,0.031716512204705775,0.392,ma_restructuring,中信建投证券股份有限公司关于中国铜业有限公司收购云南驰宏锌锗股份有限公司之2025年度持续督导意见
2026-04-20,600497,0,40,5,0,0,0.03171651220470576,0.392,ma_restructuring,中信建投证券股份有限公司关于中国铜业有限公司收购云南驰宏锌锗股份有限公司之2025年度持续督导意见
2026-04-21,600497,0,39,5,0,0,0.03184350986935541,0.39307692307692305,ma_restructuring,中信建投证券股份有限公司关于中国铜业有限公司收购云南驰宏锌锗股份有限公司之2025年度持续督导意见
2026-04-22,600497,0,39,5,0,0,0.0318435098693554,0.39307692307692305,ma_restructuring,中信建投证券股份有限公司关于中国铜业有限公司收购云南驰宏锌锗股份有限公司之2025年度持续督导意见
2026-04-23,600497,1,40,5,0,0,-0.02429412926406431,0.399,shareholder_change,驰宏锌锗2025年年度股东会会议资料
2026-04-24,600497,1,40,5,0,0,-0.02429412926406432,0.399,shareholder_change,驰宏锌锗2025年年度股东会会议资料
2026-04-27,600497,1,13,1,0,0,-0.033445521066767785,0.4146153846153845,shareholder_change,驰宏锌锗2025年年度股东会会议资料
2026-04-28,600497,1,13,1,0,0,-0.0334455210667678,0.4146153846153845,shareholder_change,驰宏锌锗2025年年度股东会会议资料
2026-04-29,600497,6,19,1,0,0,-0.04737136287145058,0.4236842105263157,shareholder_change,驰宏锌锗2025年年度股东会决议公告
2026-04-30,600497,6,19,1,0,0,-0.04737136287145058,0.4236842105263157,shareholder_change,驰宏锌锗2025年年度股东会决议公告
2026-05-01,600497,6,19,1,0,0,-0.047371362871450585,0.4236842105263157,shareholder_change,驰宏锌锗2025年年度股东会决议公告
2026-05-04,600497,6,19,1,0,0,-0.04737136287145057,0.4236842105263157,shareholder_change,驰宏锌锗2025年年度股东会决议公告
2026-05-05,600497,0,19,1,0,0,-0.047371362871450565,0.4236842105263157,shareholder_change,驰宏锌锗2025年年度股东会决议公告
2026-05-06,600497,0,19,1,0,0,-0.047371362871450585,0.4236842105263157,shareholder_change,驰宏锌锗2025年年度股东会决议公告
2026-05-07,600497,0,19,1,0,0,-0.04737136287145057,0.4236842105263157,shareholder_change,驰宏锌锗2025年年度股东会决议公告
2026-05-08,600497,0,19,1,0,0,-0.047371362871450565,0.4236842105263157,shareholder_change,驰宏锌锗2025年年度股东会决议公告
2026-05-11,600497,0,8,1,0,0,-0.050649787970079525,0.49,general_news,驰宏锌锗第九届董事会第一次会议决议公告
2026-05-12,600497,1,8,1,0,0,0.19632276394712875,0.49,ma_restructuring,中信建投证券股份有限公司关于中国铜业有限公司收购云南驰宏锌锗股份有限公司之2026年第一季度持续督导意见
2026-05-13,600497,1,8,1,0,0,0.1963227639471287,0.49,ma_restructuring,中信建投证券股份有限公司关于中国铜业有限公司收购云南驰宏锌锗股份有限公司之2026年第一季度持续督导意见
2026-05-14,600497,1,8,1,0,0,0.19632276394712875,0.49,ma_restructuring,中信建投证券股份有限公司关于中国铜业有限公司收购云南驰宏锌锗股份有限公司之2026年第一季度持续督导意见
2026-05-15,600497,1,8,1,0,0,0.19632276394712866,0.49,ma_restructuring,中信建投证券股份有限公司关于中国铜业有限公司收购云南驰宏锌锗股份有限公司之2026年第一季度持续督导意见
2026-05-18,600497,0,8,1,0,0,0.1963227639471288,0.49,ma_restructuring,中信建投证券股份有限公司关于中国铜业有限公司收购云南驰宏锌锗股份有限公司之2026年第一季度持续督导意见
2026-05-19,600497,1,9,1,0,0,0.08328882899657364,0.4744444444444444,general_news,驰宏锌锗2025年年度权益分派实施公告
2026-05-20,600497,1,9,1,0,0,0.08328882899657362,0.4744444444444444,general_news,驰宏锌锗2025年年度权益分派实施公告
2026-05-21,600497,1,9,1,0,0,0.08328882899657361,0.4744444444444444,general_news,驰宏锌锗2025年年度权益分派实施公告
2026-05-22,600497,1,9,1,0,0,0.08328882899657364,0.4744444444444444,general_news,驰宏锌锗2025年年度权益分派实施公告
2026-05-25,600497,0,8,1,0,0,0.08660911789575523,0.45499999999999996,general_news,驰宏锌锗2025年年度权益分派实施公告
2026-05-26,600497,0,8,1,0,0,0.08660911789575526,0.45499999999999996,general_news,驰宏锌锗2025年年度权益分派实施公告
2026-05-27,600497,0,8,1,0,0,0.08660911789575526,0.45499999999999996,general_news,驰宏锌锗2025年年度权益分派实施公告
2026-05-28,600497,0,8,1,0,0,0.08660911789575529,0.45499999999999996,general_news,驰宏锌锗2025年年度权益分派实施公告
2026-05-29,600497,0,8,1,0,0,0.08660911789575527,0.45499999999999996,general_news,驰宏锌锗2025年年度权益分派实施公告
2026-06-01,600497,0,2,1,0,0,0.12102363961649781,0.49,general_news,驰宏锌锗2025年年度权益分派实施公告
2026-06-02,600497,0,2,1,0,0,0.12102363961649779,0.49,general_news,驰宏锌锗2025年年度权益分派实施公告
2026-06-03,600497,0,2,1,0,0,0.12102363961649783,0.49,general_news,驰宏锌锗2025年年度权益分派实施公告
2026-06-04,600497,0,2,1,0,0,0.1210236396164978,0.49,general_news,驰宏锌锗2025年年度权益分派实施公告
2026-06-05,600497,0,2,1,0,0,0.12102363961649781,0.49,general_news,驰宏锌锗2025年年度权益分派实施公告
2026-06-08,600497,0,2,1,0,0,0.1210236396164978,0.49,general_news,驰宏锌锗2025年年度权益分派实施公告
2026-06-09,600497,1,3,1,0,0,0.007716521495484176,0.44333333333333336,general_news,驰宏锌锗600497.SH)：黄云东、侯方俊辞任副总经理，陈国木、李国清接任
2026-06-10,600497,5,7,1,0,0,-0.029000738040898314,0.43,general_news,驰宏锌锗第九届董事会第二次会议决议公告
2026-02-05,600547,1,1,0,0,0,0.0,0.35,general_news,股份发行人及根据《上市规则》第十九B章上市的香港预托证券发行人的证券变动月报表
2026-02-06,600547,1,1,0,0,0,0.0,0.35,general_news,股份发行人及根据《上市规则》第十九B章上市的香港预托证券发行人的证券变动月报表
2026-02-09,600547,1,1,0,0,0,0.0,0.35,general_news,股份发行人及根据《上市规则》第十九B章上市的香港预托证券发行人的证券变动月报表
2026-02-10,600547,1,1,0,0,0,0.0,0.35,general_news,股份发行人及根据《上市规则》第十九B章上市的香港预托证券发行人的证券变动月报表
2026-02-11,600547,0,1,0,0,0,0.0,0.35,general_news,股份发行人及根据《上市规则》第十九B章上市的香港预托证券发行人的证券变动月报表
2026-02-12,600547,0,1,0,0,0,0.0,0.35,general_news,股份发行人及根据《上市规则》第十九B章上市的香港预托证券发行人的证券变动月报表
2026-02-13,600547,0,1,0,0,0,0.0,0.35,general_news,股份发行人及根据《上市规则》第十九B章上市的香港预托证券发行人的证券变动月报表
2026-02-16,600547,0,1,0,0,0,0.0,0.35,general_news,股份发行人及根据《上市规则》第十九B章上市的香港预托证券发行人的证券变动月报表
2026-02-17,600547,0,1,0,0,0,0.0,0.35,general_news,股份发行人及根据《上市规则》第十九B章上市的香港预托证券发行人的证券变动月报表
2026-02-18,600547,0,1,0,0,0,0.0,0.35,general_news,股份发行人及根据《上市规则》第十九B章上市的香港预托证券发行人的证券变动月报表
2026-02-19,600547,0,1,0,0,0,0.0,0.35,general_news,股份发行人及根据《上市规则》第十九B章上市的香港预托证券发行人的证券变动月报表
2026-02-20,600547,0,1,0,0,0,0.0,0.35,general_news,股份发行人及根据《上市规则》第十九B章上市的香港预托证券发行人的证券变动月报表
2026-02-23,600547,0,1,0,0,0,0.0,0.35,general_news,股份发行人及根据《上市规则》第十九B章上市的香港预托证券发行人的证券变动月报表
2026-02-24,600547,0,1,0,0,0,0.0,0.35,general_news,股份发行人及根据《上市规则》第十九B章上市的香港预托证券发行人的证券变动月报表
2026-02-25,600547,0,1,0,0,0,0.0,0.35,general_news,股份发行人及根据《上市规则》第十九B章上市的香港预托证券发行人的证券变动月报表
2026-02-26,600547,0,1,0,0,0,0.0,0.35,general_news,股份发行人及根据《上市规则》第十九B章上市的香港预托证券发行人的证券变动月报表
2026-02-27,600547,0,1,0,0,0,0.0,0.35,general_news,股份发行人及根据《上市规则》第十九B章上市的香港预托证券发行人的证券变动月报表
2026-03-02,600547,0,1,0,0,0,0.0,0.35,general_news,股份发行人及根据《上市规则》第十九B章上市的香港预托证券发行人的证券变动月报表
2026-03-03,600547,0,1,0,0,0,0.0,0.35,general_news,股份发行人及根据《上市规则》第十九B章上市的香港预托证券发行人的证券变动月报表
2026-03-04,600547,1,2,0,0,0,0.0,0.35,general_news,股份发行人及根据《上市规则》第十九B章上市的香港预托证券发行人的证券变动月报表
2026-03-05,600547,1,2,0,0,0,0.0,0.35,general_news,股份发行人及根据《上市规则》第十九B章上市的香港预托证券发行人的证券变动月报表
2026-03-06,600547,1,2,0,0,0,0.0,0.35,general_news,股份发行人及根据《上市规则》第十九B章上市的香港预托证券发行人的证券变动月报表
2026-03-09,600547,1,1,0,0,0,0.0,0.35,general_news,股份发行人及根据《上市规则》第十九B章上市的香港预托证券发行人的证券变动月报表
2026-03-10,600547,0,1,0,0,0,0.0,0.35,general_news,股份发行人及根据《上市规则》第十九B章上市的香港预托证券发行人的证券变动月报表
2026-03-11,600547,0,1,0,0,0,0.0,0.35,general_news,股份发行人及根据《上市规则》第十九B章上市的香港预托证券发行人的证券变动月报表
2026-03-12,600547,0,1,0,0,0,0.0,0.35,general_news,股份发行人及根据《上市规则》第十九B章上市的香港预托证券发行人的证券变动月报表
2026-03-13,600547,0,1,0,0,0,0.0,0.35,general_news,股份发行人及根据《上市规则》第十九B章上市的香港预托证券发行人的证券变动月报表
2026-03-16,600547,0,1,0,0,0,0.0,0.35,general_news,股份发行人及根据《上市规则》第十九B章上市的香港预托证券发行人的证券变动月报表
2026-03-17,600547,1,2,0,0,0,0.0,0.35,general_news,董事会会议通告
2026-03-18,600547,1,2,0,0,0,0.0,0.35,general_news,董事会会议通告
2026-03-19,600547,1,2,0,0,0,0.0,0.35,general_news,董事会会议通告
2026-03-20,600547,1,2,0,0,0,0.0,0.35,general_news,董事会会议通告
2026-03-23,600547,0,2,0,0,0,0.0,0.35,general_news,董事会会议通告
2026-03-24,600547,0,2,0,0,0,0.0,0.35,general_news,董事会会议通告
2026-03-25,600547,0,2,0,0,0,0.0,0.35,general_news,董事会会议通告
2026-03-26,600547,0,2,0,0,0,0.0,0.35,general_news,董事会会议通告
2026-03-27,600547,33,35,31,0,0,0.17729929066434744,0.6185714285714287,shareholder_change,山东黄金矿业股份有限公司关于提请股东大会授权董事会制定并执行2026年中期分红的公告
2026-03-30,600547,35,37,33,0,0,0.17877110947261177,0.6191891891891892,commodity_shock,山东黄金矿业股份有限公司关于控股子公司山金国际重新向香港联交所递交境外上市股份（H股）发行上市的申请并刊发申请资料的公告
2026-03-31,600547,35,37,33,0,0,0.17877110947261182,0.6191891891891892,commodity_shock,山东黄金矿业股份有限公司关于控股子公司山金国际重新向香港联交所递交境外上市股份（H股）发行上市的申请并刊发申请资料的公告
2026-04-01,600547,35,37,33,0,0,0.17877110947261185,0.6191891891891892,commodity_shock,山东黄金矿业股份有限公司关于控股子公司山金国际重新向香港联交所递交境外上市股份（H股）发行上市的申请并刊发申请资料的公告
2026-04-02,600547,2,37,33,0,0,0.17877110947261177,0.6191891891891892,commodity_shock,山东黄金矿业股份有限公司关于控股子公司山金国际重新向香港联交所递交境外上市股份（H股）发行上市的申请并刊发申请资料的公告
2026-04-03,600547,1,38,33,0,0,0.1660839335998306,0.6121052631578947,general_news,股份发行人及根据《上市规则》第十九B章上市的香港预托证券发行人的证券变动月报表
2026-04-06,600547,1,37,33,0,0,0.1662463229739129,0.6191891891891891,general_news,股份发行人及根据《上市规则》第十九B章上市的香港预托证券发行人的证券变动月报表
2026-04-07,600547,1,37,33,0,0,0.16624632297391287,0.6191891891891891,general_news,股份发行人及根据《上市规则》第十九B章上市的香港预托证券发行人的证券变动月报表
2026-04-08,600547,1,37,33,0,0,0.16624632297391295,0.6191891891891891,general_news,股份发行人及根据《上市规则》第十九B章上市的香港预托证券发行人的证券变动月报表
2026-04-09,600547,2,39,33,0,0,0.08692562945319283,0.6238461538461537,shareholder_change,山东黄金矿业股份有限公司关于控股股东及其一致行动人增持公司股份计划实施完毕及增持结果公告
2026-04-10,600547,2,39,33,0,0,0.08692562945319286,0.6238461538461537,shareholder_change,山东黄金矿业股份有限公司关于控股股东及其一致行动人增持公司股份计划实施完毕及增持结果公告
2026-04-13,600547,2,39,33,0,0,0.08692562945319288,0.6238461538461537,shareholder_change,山东黄金矿业股份有限公司关于控股股东及其一致行动人增持公司股份计划实施完毕及增持结果公告
2026-04-14,600547,2,39,33,0,0,0.08692562945319281,0.6238461538461537,shareholder_change,山东黄金矿业股份有限公司关于控股股东及其一致行动人增持公司股份计划实施完毕及增持结果公告
2026-04-15,600547,0,39,33,0,0,0.08692562945319278,0.6238461538461537,shareholder_change,山东黄金矿业股份有限公司关于控股股东及其一致行动人增持公司股份计划实施完毕及增持结果公告
2026-04-16,600547,0,39,33,0,0,0.08692562945319281,0.6238461538461537,shareholder_change,山东黄金矿业股份有限公司关于控股股东及其一致行动人增持公司股份计划实施完毕及增持结果公告
2026-04-17,600547,0,38,33,0,0,0.08733541233662241,0.6310526315789472,shareholder_change,山东黄金矿业股份有限公司关于控股股东及其一致行动人增持公司股份计划实施完毕及增持结果公告
2026-04-20,600547,0,38,33,0,0,0.08733541233662244,0.6310526315789472,shareholder_change,山东黄金矿业股份有限公司关于控股股东及其一致行动人增持公司股份计划实施完毕及增持结果公告
2026-04-21,600547,0,38,33,0,0,0.08733541233662247,0.6310526315789472,shareholder_change,山东黄金矿业股份有限公司关于控股股东及其一致行动人增持公司股份计划实施完毕及增持结果公告
2026-04-22,600547,0,38,33,0,0,0.0873354123366225,0.6310526315789472,shareholder_change,山东黄金矿业股份有限公司关于控股股东及其一致行动人增持公司股份计划实施完毕及增持结果公告
2026-04-23,600547,0,38,33,0,0,0.08733541233662243,0.6310526315789472,shareholder_change,山东黄金矿业股份有限公司关于控股股东及其一致行动人增持公司股份计划实施完毕及增持结果公告
2026-04-24,600547,0,38,33,0,0,0.08733541233662247,0.6310526315789472,shareholder_change,山东黄金矿业股份有限公司关于控股股东及其一致行动人增持公司股份计划实施完毕及增持结果公告
2026-04-27,600547,0,5,2,0,0,-0.08186689540404468,0.606,shareholder_change,国浩律师（济南）事务所关于山东黄金矿业股份有限公司控股股东及其一致行动人增持股份之法律意见书
2026-04-28,600547,0,3,0,0,0,-0.1237433427514867,0.59,shareholder_change,国浩律师（济南）事务所关于山东黄金矿业股份有限公司控股股东及其一致行动人增持股份之法律意见书
2026-04-29,600547,0,3,0,0,0,-0.1237433427514867,0.59,shareholder_change,国浩律师（济南）事务所关于山东黄金矿业股份有限公司控股股东及其一致行动人增持股份之法律意见书
2026-04-30,600547,4,7,4,0,0,0.19051700416992912,0.6128571428571429,commodity_shock,山东黄金600547.SH)：2026年一季报净利润为14.46亿元、同比较去年同期上涨40.87%
2026-05-01,600547,4,7,4,0,0,0.19051700416992906,0.6128571428571429,commodity_shock,山东黄金600547.SH)：2026年一季报净利润为14.46亿元、同比较去年同期上涨40.87%
2026-05-04,600547,4,6,4,0,0,0.19149888581225788,0.6566666666666666,commodity_shock,山东黄金600547.SH)：2026年一季报净利润为14.46亿元、同比较去年同期上涨40.87%
2026-05-05,600547,4,6,4,0,0,0.19149888581225788,0.6566666666666666,commodity_shock,山东黄金600547.SH)：2026年一季报净利润为14.46亿元、同比较去年同期上涨40.87%
2026-05-06,600547,0,6,4,0,0,0.19149888581225785,0.6566666666666666,commodity_shock,山东黄金600547.SH)：2026年一季报净利润为14.46亿元、同比较去年同期上涨40.87%
2026-05-07,600547,0,6,4,0,0,0.1914988858122579,0.6566666666666666,commodity_shock,山东黄金600547.SH)：2026年一季报净利润为14.46亿元、同比较去年同期上涨40.87%
2026-05-08,600547,2,8,5,0,0,0.13616877189260393,0.615,general_news,股份发行人及根据《上市规则》第十九B章上市的香港预托证券发行人的证券变动月报表
2026-05-11,600547,2,6,5,0,0,0.13894297273257844,0.5833333333333333,general_news,股份发行人及根据《上市规则》第十九B章上市的香港预托证券发行人的证券变动月报表
2026-05-12,600547,2,6,5,0,0,0.13894297273257838,0.5833333333333333,general_news,股份发行人及根据《上市规则》第十九B章上市的香港预托证券发行人的证券变动月报表
2026-05-13,600547,2,6,5,0,0,0.13894297273257838,0.5833333333333333,general_news,股份发行人及根据《上市规则》第十九B章上市的香港预托证券发行人的证券变动月报表
2026-05-14,600547,2,8,5,0,0,-0.03152049189695107,0.595,shareholder_change,山东黄金矿业股份有限公司2025年年度股东会会议资料
2026-05-15,600547,2,8,5,0,0,-0.03152049189695108,0.595,shareholder_change,山东黄金矿业股份有限公司2025年年度股东会会议资料
2026-05-18,600547,2,8,5,0,0,-0.0315204918969511,0.595,shareholder_change,山东黄金矿业股份有限公司2025年年度股东会会议资料
2026-05-19,600547,2,8,5,0,0,-0.03152049189695109,0.595,shareholder_change,山东黄金矿业股份有限公司2025年年度股东会会议资料
2026-05-20,600547,0,8,5,0,0,-0.03152049189695109,0.595,shareholder_change,山东黄金矿业股份有限公司2025年年度股东会会议资料
2026-05-21,600547,0,8,5,0,0,-0.03152049189695109,0.595,shareholder_change,山东黄金矿业股份有限公司2025年年度股东会会议资料
2026-05-22,600547,0,8,5,0,0,-0.03152049189695109,0.595,shareholder_change,山东黄金矿业股份有限公司2025年年度股东会会议资料
2026-05-25,600547,0,8,5,0,0,-0.03152049189695109,0.595,shareholder_change,山东黄金矿业股份有限公司2025年年度股东会会议资料
2026-05-26,600547,0,8,5,0,0,-0.031520491896951115,0.595,shareholder_change,山东黄金矿业股份有限公司2025年年度股东会会议资料
2026-05-27,600547,0,8,5,0,0,-0.03152049189695109,0.595,shareholder_change,山东黄金矿业股份有限公司2025年年度股东会会议资料
2026-05-28,600547,1,9,5,0,0,-0.11273768496898842,0.5988888888888888,shareholder_change,山东黄金矿业股份有限公司关于2025年年度股东会的延期公告
2026-05-29,600547,1,9,5,0,0,-0.11273768496898837,0.5988888888888888,shareholder_change,山东黄金矿业股份有限公司关于2025年年度股东会的延期公告
2026-06-01,600547,27,31,24,0,0,0.14849193245131603,0.6209677419354839,commodity_shock,山东黄金矿业股份有限公司年报信息披露重大差错责任追究制度
2026-06-02,600547,29,33,26,0,0,0.15374365285361088,0.623939393939394,commodity_shock,山东黄金：子公司19.5亿元转让东海证券14.13%股权，公允价值变动损失约7.05亿元
2026-06-03,600547,30,35,28,0,0,0.15861161195735154,0.6265714285714286,commodity_shock,有色金属行业今日净流入资金22.81亿元，中钨高新等13股净流入资金超亿元
2026-06-04,600547,33,38,29,0,0,0.12904295924216824,0.6268421052631578,commodity_shock,有色金属行业6月4日资金流向日报
2026-06-05,600547,9,40,29,0,0,0.1153746143482834,0.613,general_news,220家公司获机构调研（附名单）
2026-06-08,600547,8,39,29,0,0,0.12177626397137377,0.6217948717948716,commodity_shock,有色金属行业资金流出榜：紫金矿业、北方稀土等净流出资金居前
2026-06-09,600547,7,40,29,0,0,0.12403250070321192,0.622,fund_flow,解密主力资金出逃股 连续5日净流出652股
2026-06-10,600547,5,41,29,0,0,0.126224969010573,0.6221951219512195,fund_flow,解密主力资金出逃股 连续5日净流出684股
2026-03-13,600988,18,18,18,0,0,0.20000000000000004,0.6300000000000001,commodity_shock,赤峰黄金信息披露管理制度
2026-03-16,600988,18,18,18,0,0,0.20000000000000004,0.6300000000000001,commodity_shock,赤峰黄金信息披露管理制度
2026-03-17,600988,18,18,18,0,0,0.2,0.6300000000000001,commodity_shock,赤峰黄金信息披露管理制度
2026-03-18,600988,18,18,18,0,0,0.2,0.6300000000000001,commodity_shock,赤峰黄金信息披露管理制度
2026-03-19,600988,1,19,19,0,0,0.19999999999999998,0.6300000000000001,commodity_shock,赤峰黄金关于筹划公司控制权变更事项的停牌公告
2026-03-20,600988,2,20,20,0,0,0.2294508898983823,0.6300000000000001,buyback_dividend,赤峰黄金关于召开2025年年度业绩暨现金分红说明会的公告
2026-03-23,600988,31,49,48,0,0,0.19333268019116184,0.6299999999999999,shareholder_change,赤峰黄金关于实际控制人发生变更暨股东权益变动的提示性公告
2026-03-24,600988,32,50,49,0,0,0.1935958800441046,0.6299999999999999,commodity_shock,赤峰黄金H股市场公告
2026-03-25,600988,31,50,49,0,0,0.19359588004410452,0.6299999999999999,commodity_shock,赤峰黄金H股市场公告
2026-03-26,600988,33,53,52,0,0,0.19446773236722825,0.63,commodity_shock,中信证券股份有限公司关于赤峰吉隆黄金矿业股份有限公司详式权益变动报告书之财务顾问核查意见
2026-03-27,600988,7,53,52,0,0,0.19446773236722814,0.63,commodity_shock,中信证券股份有限公司关于赤峰吉隆黄金矿业股份有限公司详式权益变动报告书之财务顾问核查意见
2026-03-30,600988,3,53,52,0,0,0.1944677323672281,0.63,commodity_shock,中信证券股份有限公司关于赤峰吉隆黄金矿业股份有限公司详式权益变动报告书之财务顾问核查意见
2026-03-31,600988,3,53,52,0,0,0.19446773236722809,0.63,commodity_shock,中信证券股份有限公司关于赤峰吉隆黄金矿业股份有限公司详式权益变动报告书之财务顾问核查意见
2026-04-01,600988,0,53,52,0,0,0.19446773236722828,0.63,commodity_shock,中信证券股份有限公司关于赤峰吉隆黄金矿业股份有限公司详式权益变动报告书之财务顾问核查意见
2026-04-02,600988,1,54,53,0,0,0.19507522758528298,0.63,commodity_shock,赤峰黄金H股市场公告
2026-04-03,600988,1,54,53,0,0,0.1950752275852829,0.63,commodity_shock,赤峰黄金H股市场公告
2026-04-06,600988,1,54,53,0,0,0.1950752275852828,0.63,commodity_shock,赤峰黄金H股市场公告
2026-04-07,600988,1,54,53,0,0,0.19507522758528276,0.63,commodity_shock,赤峰黄金H股市场公告
2026-04-08,600988,0,54,53,0,0,0.19507522758528278,0.63,commodity_shock,赤峰黄金H股市场公告
2026-04-09,600988,0,54,53,0,0,0.19507522758528303,0.63,commodity_shock,赤峰黄金H股市场公告
2026-04-10,600988,0,54,53,0,0,0.19507522758528284,0.63,commodity_shock,赤峰黄金H股市场公告
2026-04-13,600988,0,36,35,0,0,0.19444457840931828,0.6299999999999999,commodity_shock,赤峰黄金H股市场公告
2026-04-14,600988,2,38,35,0,0,-0.00500988413066325,0.6299999999999999,shareholder_change,赤峰黄金关于召开2025年年度股东会的通知
2026-04-15,600988,4,40,37,0,0,0.0770912634313283,0.63,commodity_shock,赤峰黄金H股市场公告
2026-04-16,600988,4,40,37,0,0,0.07709126343132829,0.63,commodity_shock,赤峰黄金H股市场公告
2026-04-17,600988,4,40,37,0,0,0.07709126343132827,0.63,commodity_shock,赤峰黄金H股市场公告
2026-04-20,600988,2,38,35,0,0,0.07472983907555311,0.6299999999999999,commodity_shock,赤峰黄金H股市场公告
2026-04-21,600988,2,14,9,0,0,-0.054120743285932485,0.63,shareholder_change,赤峰黄金关于召开2026年第一次临时股东会的通知
2026-04-22,600988,2,14,9,0,0,-0.05412074328593252,0.63,shareholder_change,赤峰黄金关于召开2026年第一次临时股东会的通知
2026-04-23,600988,2,11,7,0,0,-0.05587031976918665,0.63,shareholder_change,赤峰黄金关于召开2026年第一次临时股东会的通知
2026-04-24,600988,2,10,6,0,0,-0.05712880130248325,0.63,shareholder_change,赤峰黄金关于召开2026年第一次临时股东会的通知
2026-04-27,600988,2,9,5,0,0,0.06687021027525836,0.63,commodity_shock,赤峰黄金600988.SH)：2026年一季报净利润为9.88亿元
2026-04-28,600988,2,9,5,0,0,0.06687021027525833,0.63,commodity_shock,赤峰黄金600988.SH)：2026年一季报净利润为9.88亿元
2026-04-29,600988,2,9,5,0,0,0.06687021027525836,0.63,commodity_shock,赤峰黄金600988.SH)：2026年一季报净利润为9.88亿元
2026-04-30,600988,2,9,5,0,0,0.06687021027525836,0.63,commodity_shock,赤峰黄金600988.SH)：2026年一季报净利润为9.88亿元
2026-05-01,600988,1,10,6,0,0,0.11574933423490195,0.63,commodity_shock,赤峰黄金H股市场公告
2026-05-04,600988,1,9,5,0,0,0.11525531868186366,0.63,commodity_shock,赤峰黄金H股市场公告
2026-05-05,600988,1,9,5,0,0,0.11525531868186367,0.63,commodity_shock,赤峰黄金H股市场公告
2026-05-06,600988,1,9,5,0,0,0.11525531868186363,0.63,commodity_shock,赤峰黄金H股市场公告
2026-05-07,600988,0,9,5,0,0,0.11525531868186366,0.63,commodity_shock,赤峰黄金H股市场公告
2026-05-08,600988,2,11,5,0,0,-0.061809673560914685,0.63,shareholder_change,赤峰黄金2026年第一次临时股东会决议公告
2026-05-11,600988,8,17,8,0,0,-0.001225646807681185,0.63,shareholder_change,赤峰黄金2025年年度股东会决议公告
2026-05-12,600988,8,17,8,0,0,-0.0012256468076811949,0.63,shareholder_change,赤峰黄金2025年年度股东会决议公告
2026-05-13,600988,8,17,8,0,0,-0.0012256468076811947,0.63,shareholder_change,赤峰黄金2025年年度股东会决议公告
2026-05-14,600988,7,18,9,0,0,0.037406747496174814,0.6300000000000001,commodity_shock,赤峰黄金关于召开2026年第一季度业绩说明会的公告
2026-05-15,600988,2,17,10,0,0,0.06782945686777682,0.63,commodity_shock,赤峰黄金关于完成名称变更工商登记的公告
2026-05-18,600988,2,15,8,0,0,0.06716357588012725,0.6300000000000001,commodity_shock,赤峰黄金关于完成名称变更工商登记的公告
2026-05-19,600988,2,15,8,0,0,0.06716357588012728,0.6300000000000001,commodity_shock,赤峰黄金关于完成名称变更工商登记的公告
2026-05-20,600988,2,16,9,0,0,0.10331124645753835,0.635,commodity_shock,赤峰黄金关于调整新增发行H股价格的提示公告
2026-05-21,600988,2,17,10,0,0,0.126411435730634,0.6347058823529412,commodity_shock,赤峰黄金2025年年度权益分派实施公告
2026-05-22,600988,2,15,10,0,0,0.12824134336309076,0.6353333333333334,commodity_shock,赤峰黄金2025年年度权益分派实施公告
2026-05-25,600988,3,16,11,0,0,0.1456385766913233,0.635,commodity_shock,赤峰黄金关于参加内蒙古辖区上市公司2026年投资者网上集体接待日活动的公告
2026-05-26,600988,2,14,9,0,0,0.14515147129755251,0.6357142857142858,commodity_shock,赤峰黄金关于参加内蒙古辖区上市公司2026年投资者网上集体接待日活动的公告
2026-05-27,600988,1,14,9,0,0,0.14515147129755246,0.6357142857142858,commodity_shock,赤峰黄金关于参加内蒙古辖区上市公司2026年投资者网上集体接待日活动的公告
2026-05-28,600988,1,14,9,0,0,0.1451514712975525,0.6357142857142858,commodity_shock,赤峰黄金关于参加内蒙古辖区上市公司2026年投资者网上集体接待日活动的公告
2026-05-29,600988,3,17,12,0,0,0.17990332362797762,0.6347058823529412,commodity_shock,赤峰黄金第九届董事会第八次会议决议公告
2026-06-01,600988,4,17,11,0,0,0.11500977869412454,0.6347058823529412,shareholder_change,赤峰黄金关于控股股东一致行动人股份解除质押的公告
2026-06-02,600988,5,18,12,0,0,0.13470640160348243,0.6344444444444446,commodity_shock,赤峰黄金H股市场公告
2026-06-03,600988,5,18,12,0,0,0.13470640160348246,0.6344444444444446,commodity_shock,赤峰黄金H股市场公告
2026-06-04,600988,2,18,12,0,0,0.13470640160348246,0.6344444444444446,commodity_shock,赤峰黄金H股市场公告
2026-06-05,600988,1,18,12,0,0,0.13470640160348246,0.6344444444444446,commodity_shock,赤峰黄金H股市场公告
2026-06-08,600988,1,17,12,0,0,0.14257432963203262,0.6347058823529412,fund_flow,金属铅概念下跌5.48%，5股主力资金净流出超亿元
2026-06-09,600988,2,12,9,0,0,0.14728663383670182,0.6366666666666666,fund_flow,解密主力资金出逃股 连续5日净流出652股
2026-06-10,600988,3,13,9,0,0,0.14797980331726698,0.6361538461538461,fund_flow,解密主力资金出逃股 连续5日净流出684股
2025-12-09,601168,23,23,0,0,0,-0.006521739130434782,0.3621739130434782,general_news,西部矿业内部审计工作制度
2025-12-10,601168,23,23,0,0,0,-0.0065217391304347805,0.3621739130434782,general_news,西部矿业内部审计工作制度
2025-12-11,601168,23,23,0,0,0,-0.006521739130434781,0.3621739130434782,general_news,西部矿业内部审计工作制度
2025-12-12,601168,23,23,0,0,0,-0.006521739130434783,0.3621739130434782,general_news,西部矿业内部审计工作制度
2025-12-15,601168,2,25,0,0,0,-0.015659169038287644,0.37239999999999995,general_news,西部矿业关于公司董事、副董事长离任的公告
2025-12-16,601168,2,25,0,0,0,-0.015659169038287648,0.37239999999999995,general_news,西部矿业关于公司董事、副董事长离任的公告
2025-12-17,601168,2,25,0,0,0,-0.01565916903828765,0.37239999999999995,general_news,西部矿业关于公司董事、副董事长离任的公告
2025-12-18,601168,2,25,0,0,0,-0.01565916903828765,0.37239999999999995,general_news,西部矿业关于公司董事、副董事长离任的公告
2025-12-19,601168,1,26,0,0,0,-0.01353177252827282,0.3715384615384615,general_news,西部矿业关于全资子公司取得采矿许可证的公告
2025-12-22,601168,1,26,0,0,0,-0.013531772528272824,0.3715384615384615,general_news,西部矿业关于全资子公司取得采矿许可证的公告
2025-12-23,601168,1,26,0,0,0,-0.013531772528272826,0.3715384615384615,general_news,西部矿业关于全资子公司取得采矿许可证的公告
2025-12-24,601168,1,26,0,0,0,-0.013531772528272822,0.3715384615384615,general_news,西部矿业关于全资子公司取得采矿许可证的公告
2025-12-25,601168,10,36,0,0,0,-0.03750995906536185,0.3888888888888889,general_news,西部矿业信息披露管理办法
2025-12-26,601168,10,36,0,0,0,-0.037509959065361836,0.3888888888888889,general_news,西部矿业信息披露管理办法
2025-12-29,601168,10,36,0,0,0,-0.037509959065361864,0.3888888888888889,general_news,西部矿业信息披露管理办法
2025-12-30,601168,10,36,0,0,0,-0.037509959065361864,0.3888888888888889,general_news,西部矿业信息披露管理办法
2025-12-31,601168,0,36,0,0,0,-0.037509959065361864,0.3888888888888889,general_news,西部矿业信息披露管理办法
2026-01-01,601168,0,36,0,0,0,-0.03750995906536187,0.3888888888888889,general_news,西部矿业信息披露管理办法
2026-01-02,601168,0,36,0,0,0,-0.03750995906536184,0.3888888888888889,general_news,西部矿业信息披露管理办法
2026-01-05,601168,0,36,0,0,0,-0.03750995906536187,0.3888888888888889,general_news,西部矿业信息披露管理办法
2026-01-06,601168,0,36,0,0,0,-0.03750995906536186,0.3888888888888889,general_news,西部矿业信息披露管理办法
2026-01-07,601168,0,36,0,0,0,-0.03750995906536186,0.3888888888888889,general_news,西部矿业信息披露管理办法
2026-01-08,601168,0,36,0,0,0,-0.03750995906536186,0.3888888888888889,general_news,西部矿业信息披露管理办法
2026-01-09,601168,0,13,0,0,0,-0.0442311933661005,0.43615384615384606,shareholder_change,青海树人律师事务所关于西部矿业股份有限公司2025年第三次临时股东会之法律意见书
2026-01-12,601168,0,13,0,0,0,-0.04423119336610049,0.43615384615384606,shareholder_change,青海树人律师事务所关于西部矿业股份有限公司2025年第三次临时股东会之法律意见书
2026-01-13,601168,3,14,0,0,0,-0.04872152304728429,0.4299999999999999,general_news,西部矿业2025年前三季度利润分配方案的公告
2026-01-14,601168,4,15,1,0,0,0.010507297025735137,0.44333333333333325,commodity_shock,西部矿业关于西藏玉龙铜业股份有限公司玉龙铜矿增储取得进展的公告
2026-01-15,601168,4,15,1,0,0,0.010507297025735132,0.44333333333333325,commodity_shock,西部矿业关于西藏玉龙铜业股份有限公司玉龙铜矿增储取得进展的公告
2026-01-16,601168,4,15,1,0,0,0.010507297025735145,0.44333333333333325,commodity_shock,西部矿业关于西藏玉龙铜业股份有限公司玉龙铜矿增储取得进展的公告
2026-01-19,601168,2,15,1,0,0,-0.032598085549308035,0.46199999999999986,shareholder_change,西部矿业2026年第一次临时股东会材料
2026-01-20,601168,1,15,1,0,0,-0.03259808554930801,0.46199999999999986,shareholder_change,西部矿业2026年第一次临时股东会材料
2026-01-21,601168,1,15,1,0,0,-0.032598085549308035,0.46199999999999986,shareholder_change,西部矿业2026年第一次临时股东会材料
2026-01-22,601168,1,15,1,0,0,-0.03259808554930802,0.46199999999999986,shareholder_change,西部矿业2026年第一次临时股东会材料
2026-01-23,601168,0,15,1,0,0,-0.032598085549308015,0.46199999999999986,shareholder_change,西部矿业2026年第一次临时股东会材料
2026-01-26,601168,0,5,1,0,0,-0.031211176486597044,0.518,shareholder_change,西部矿业2026年第一次临时股东会材料
2026-01-27,601168,0,5,1,0,0,-0.031211176486597065,0.518,shareholder_change,西部矿业2026年第一次临时股东会材料
2026-01-28,601168,0,5,1,0,0,-0.031211176486597058,0.518,shareholder_change,西部矿业2026年第一次临时股东会材料
2026-01-29,601168,2,7,1,0,0,-0.12249886828442677,0.55,shareholder_change,西部矿业2026年第一次临时股东会决议公告
2026-01-30,601168,2,7,1,0,0,-0.12249886828442677,0.55,shareholder_change,西部矿业2026年第一次临时股东会决议公告
2026-02-02,601168,2,7,1,0,0,-0.12249886828442677,0.55,shareholder_change,西部矿业2026年第一次临时股东会决议公告
2026-02-03,601168,2,7,1,0,0,-0.12249886828442683,0.55,shareholder_change,西部矿业2026年第一次临时股东会决议公告
2026-02-04,601168,0,7,1,0,0,-0.12249886828442674,0.55,shareholder_change,西部矿业2026年第一次临时股东会决议公告
2026-02-05,601168,1,8,1,0,0,-0.05991681198744698,0.525,general_news,西部矿业2025年前三季度权益分派实施公告
2026-02-06,601168,1,8,1,0,0,-0.05991681198744697,0.525,general_news,西部矿业2025年前三季度权益分派实施公告
2026-02-09,601168,1,8,1,0,0,-0.05991681198744697,0.525,general_news,西部矿业2025年前三季度权益分派实施公告
2026-02-10,601168,1,8,1,0,0,-0.05991681198744697,0.525,general_news,西部矿业2025年前三季度权益分派实施公告
2026-02-11,601168,0,8,1,0,0,-0.059916811987446965,0.525,general_news,西部矿业2025年前三季度权益分派实施公告
2026-02-12,601168,0,8,1,0,0,-0.05991681198744696,0.525,general_news,西部矿业2025年前三季度权益分派实施公告
2026-02-13,601168,0,5,1,0,0,-0.06052005077698486,0.574,general_news,西部矿业2025年前三季度权益分派实施公告
2026-02-16,601168,0,4,0,0,0,-0.0667596711552274,0.5599999999999999,general_news,西部矿业2025年前三季度权益分派实施公告
2026-02-17,601168,0,3,0,0,0,-0.06358246728512562,0.5366666666666666,general_news,西部矿业2025年前三季度权益分派实施公告
2026-02-18,601168,0,3,0,0,0,-0.06358246728512565,0.5366666666666666,general_news,西部矿业2025年前三季度权益分派实施公告
2026-02-19,601168,0,3,0,0,0,-0.06358246728512562,0.5366666666666666,general_news,西部矿业2025年前三季度权益分派实施公告
2026-02-20,601168,0,3,0,0,0,-0.06358246728512564,0.5366666666666666,general_news,西部矿业2025年前三季度权益分派实施公告
2026-02-23,601168,0,3,0,0,0,-0.06358246728512564,0.5366666666666666,general_news,西部矿业2025年前三季度权益分派实施公告
2026-02-24,601168,0,3,0,0,0,-0.06358246728512564,0.5366666666666666,general_news,西部矿业2025年前三季度权益分派实施公告
2026-02-25,601168,0,3,0,0,0,-0.06358246728512564,0.5366666666666666,general_news,西部矿业2025年前三季度权益分派实施公告
2026-02-26,601168,0,3,0,0,0,-0.06358246728512564,0.5366666666666666,general_news,西部矿业2025年前三季度权益分派实施公告
2026-02-27,601168,0,3,0,0,0,-0.06358246728512561,0.5366666666666666,general_news,西部矿业2025年前三季度权益分派实施公告
2026-03-02,601168,0,1,0,0,0,0.0,0.35,general_news,西部矿业2025年前三季度权益分派实施公告
2026-03-03,601168,0,1,0,0,0,0.0,0.35,general_news,西部矿业2025年前三季度权益分派实施公告
2026-03-04,601168,0,1,0,0,0,0.0,0.35,general_news,西部矿业2025年前三季度权益分派实施公告
2026-03-05,601168,0,1,0,0,0,0.0,0.35,general_news,西部矿业2025年前三季度权益分派实施公告
2026-03-06,601168,0,1,0,0,0,0.0,0.35,general_news,西部矿业2025年前三季度权益分派实施公告
2026-03-26,601168,25,25,1,0,0,-0.008,0.38359999999999994,general_news,2025年度独立董事述职报告（秦嘉龙）
2026-03-27,601168,25,25,1,0,0,-0.007999999999999998,0.38359999999999994,general_news,2025年度独立董事述职报告（秦嘉龙）
2026-03-30,601168,25,25,1,0,0,-0.007999999999999998,0.38359999999999994,general_news,2025年度独立董事述职报告（秦嘉龙）
2026-03-31,601168,25,25,1,0,0,-0.007999999999999998,0.38359999999999994,general_news,2025年度独立董事述职报告（秦嘉龙）
2026-04-01,601168,0,25,1,0,0,-0.007999999999999998,0.38359999999999994,general_news,2025年度独立董事述职报告（秦嘉龙）
2026-04-02,601168,1,26,1,0,0,-0.021925683490412913,0.39307692307692305,shareholder_change,西部矿业2025年年度股东会材料
2026-04-03,601168,1,26,1,0,0,-0.021925683490412913,0.39307692307692305,shareholder_change,西部矿业2025年年度股东会材料
2026-04-06,601168,1,26,1,0,0,-0.02192568349041292,0.39307692307692305,shareholder_change,西部矿业2025年年度股东会材料
2026-04-07,601168,1,26,1,0,0,-0.021925683490412913,0.39307692307692305,shareholder_change,西部矿业2025年年度股东会材料
2026-04-08,601168,1,27,1,0,0,-0.04596670615481939,0.40481481481481474,shareholder_change,西部矿业关于控股股东之一致行动人以专项贷款和自有资金增持公司股份计划的公告
2026-04-09,601168,1,27,1,0,0,-0.04596670615481938,0.40481481481481474,shareholder_change,西部矿业关于控股股东之一致行动人以专项贷款和自有资金增持公司股份计划的公告
2026-04-10,601168,1,27,1,0,0,-0.04596670615481936,0.40481481481481474,shareholder_change,西部矿业关于控股股东之一致行动人以专项贷款和自有资金增持公司股份计划的公告
2026-04-13,601168,1,27,1,0,0,-0.04596670615481938,0.40481481481481474,shareholder_change,西部矿业关于控股股东之一致行动人以专项贷款和自有资金增持公司股份计划的公告
2026-04-14,601168,0,27,1,0,0,-0.04596670615481937,0.40481481481481474,shareholder_change,西部矿业关于控股股东之一致行动人以专项贷款和自有资金增持公司股份计划的公告
2026-04-15,601168,0,27,1,0,0,-0.045966706154819376,0.40481481481481474,shareholder_change,西部矿业关于控股股东之一致行动人以专项贷款和自有资金增持公司股份计划的公告
2026-04-16,601168,3,30,1,0,0,-0.08046398032951617,0.418,shareholder_change,西部矿业2025年年度股东会决议公告
2026-04-17,601168,3,30,1,0,0,-0.08046398032951613,0.418,shareholder_change,西部矿业2025年年度股东会决议公告
2026-04-20,601168,3,30,1,0,0,-0.08046398032951611,0.418,shareholder_change,西部矿业2025年年度股东会决议公告
2026-04-21,601168,3,30,1,0,0,-0.08046398032951607,0.418,shareholder_change,西部矿业2025年年度股东会决议公告
2026-04-22,601168,2,32,1,0,0,-0.0777279500306277,0.42250000000000004,shareholder_change,西部矿业关于控股股东及其一致行动人权益变动触及1%刻度的提示性公告
2026-04-23,601168,2,32,1,0,0,-0.07772795003062771,0.42250000000000004,shareholder_change,西部矿业关于控股股东及其一致行动人权益变动触及1%刻度的提示性公告
2026-04-24,601168,2,32,1,0,0,-0.07772795003062773,0.42250000000000004,shareholder_change,西部矿业关于控股股东及其一致行动人权益变动触及1%刻度的提示性公告
2026-04-27,601168,2,7,0,0,0,-0.0883546083869376,0.5614285714285714,general_news,西部矿业关于参加2025年报沪市主板培育新动能之基业长青集体业绩说明会的公告
2026-04-28,601168,1,8,0,0,0,-0.11330389232706545,0.5700000000000001,shareholder_change,西部矿业关于控股股东及其一致行动人权益变动触及1%刻度的提示性公告
2026-04-29,601168,2,9,0,0,0,-0.07724174319718227,0.5455555555555556,general_news,西部矿业2026年第一季度报告
2026-04-30,601168,2,9,0,0,0,-0.07724174319718227,0.5455555555555556,general_news,西部矿业2026年第一季度报告
2026-05-01,601168,2,9,0,0,0,-0.07724174319718224,0.5455555555555556,general_news,西部矿业2026年第一季度报告
2026-05-04,601168,1,8,0,0,0,-0.07674915550908276,0.535,general_news,西部矿业2026年第一季度报告
2026-05-05,601168,0,8,0,0,0,-0.07674915550908278,0.535,general_news,西部矿业2026年第一季度报告
2026-05-06,601168,0,8,0,0,0,-0.07674915550908276,0.535,general_news,西部矿业2026年第一季度报告
2026-05-07,601168,0,8,0,0,0,-0.07674915550908276,0.535,general_news,西部矿业2026年第一季度报告
2026-05-08,601168,0,8,0,0,0,-0.07674915550908278,0.535,general_news,西部矿业2026年第一季度报告
2026-05-11,601168,0,7,0,0,0,-0.07556160891581588,0.51,general_news,西部矿业2026年第一季度报告
2026-05-12,601168,0,7,0,0,0,-0.0755616089158159,0.51,general_news,西部矿业2026年第一季度报告
2026-05-13,601168,0,7,0,0,0,-0.0755616089158159,0.51,general_news,西部矿业2026年第一季度报告
2026-05-14,601168,0,7,0,0,0,-0.0755616089158159,0.51,general_news,西部矿业2026年第一季度报告
2026-05-15,601168,0,7,0,0,0,-0.07556160891581588,0.51,general_news,西部矿业2026年第一季度报告
2026-05-18,601168,0,4,0,0,0,-0.07116382985615571,0.49,general_news,西部矿业2026年第一季度报告
2026-05-19,601168,0,4,0,0,0,-0.07116382985615573,0.49,general_news,西部矿业2026年第一季度报告
2026-05-20,601168,0,4,0,0,0,-0.07116382985615573,0.49,general_news,西部矿业2026年第一季度报告
2026-05-21,601168,0,4,0,0,0,-0.07116382985615573,0.49,general_news,西部矿业2026年第一季度报告
2026-05-22,601168,0,4,0,0,0,-0.07116382985615573,0.49,general_news,西部矿业2026年第一季度报告
2026-05-25,601168,0,2,0,0,0,-0.06965194937490427,0.49,general_news,西部矿业2026年第一季度报告
2026-05-26,601168,0,2,0,0,0,-0.06965194937490427,0.49,general_news,西部矿业2026年第一季度报告
2026-05-27,601168,0,2,0,0,0,-0.06965194937490425,0.49,general_news,西部矿业2026年第一季度报告
2026-05-28,601168,0,2,0,0,0,-0.06965194937490427,0.49,general_news,西部矿业2026年第一季度报告
2026-05-29,601168,0,1,0,0,0,0.0,0.35,general_news,西部矿业2026年第一季度报告
2026-06-03,601168,1,1,0,0,0,0.0,0.35,general_news,西部矿业2025年年度权益分派实施公告
2026-06-04,601168,1,1,0,0,0,0.0,0.35,general_news,西部矿业2025年年度权益分派实施公告
2026-06-05,601168,1,1,0,0,0,0.0,0.35,general_news,西部矿业2025年年度权益分派实施公告
2026-06-08,601168,1,1,0,0,0,0.0,0.35,general_news,西部矿业2025年年度权益分派实施公告
2026-06-09,601168,1,2,0,0,0,0.0,0.35,general_news,西部矿业关于参加青海辖区上市公司2026年投资者网上集体接待日暨2025年度业绩说明会的公告
2025-11-28,601600,1,1,0,0,0,0.0,0.35,general_news,中国铝业关于召开2025年第三季度业绩说明会的公告
2025-12-01,601600,1,1,0,0,0,0.0,0.35,general_news,中国铝业关于召开2025年第三季度业绩说明会的公告
2025-12-02,601600,1,1,0,0,0,0.0,0.35,general_news,中国铝业关于召开2025年第三季度业绩说明会的公告
2025-12-03,601600,1,1,0,0,0,0.0,0.35,general_news,中国铝业关于召开2025年第三季度业绩说明会的公告
2025-12-04,601600,4,5,0,0,0,-0.06780622033089496,0.462,shareholder_change,中国铝业关于2025年第三次临时股东会增加临时提案的公告
2025-12-05,601600,4,5,0,0,0,-0.06780622033089496,0.462,shareholder_change,中国铝业关于2025年第三次临时股东会增加临时提案的公告
2025-12-08,601600,4,5,0,0,0,-0.06780622033089496,0.462,shareholder_change,中国铝业关于2025年第三次临时股东会增加临时提案的公告
2025-12-09,601600,4,5,0,0,0,-0.06780622033089496,0.462,shareholder_change,中国铝业关于2025年第三次临时股东会增加临时提案的公告
2025-12-10,601600,0,5,0,0,0,-0.06780622033089495,0.462,shareholder_change,中国铝业关于2025年第三次临时股东会增加临时提案的公告
2025-12-11,601600,0,5,0,0,0,-0.06780622033089495,0.462,shareholder_change,中国铝业关于2025年第三次临时股东会增加临时提案的公告
2025-12-12,601600,0,5,0,0,0,-0.06780622033089496,0.462,shareholder_change,中国铝业关于2025年第三次临时股东会增加临时提案的公告
2025-12-15,601600,0,5,0,0,0,-0.06780622033089496,0.462,shareholder_change,中国铝业关于2025年第三次临时股东会增加临时提案的公告
2025-12-16,601600,3,8,1,0,0,0.10429118519674421,0.45499999999999996,general_news,中国铝业关于2021年限制性股票激励计划预留授予部分第二个解除限售期解锁暨上市公告
2025-12-17,601600,3,8,1,0,0,0.10429118519674423,0.45499999999999996,general_news,中国铝业关于2021年限制性股票激励计划预留授予部分第二个解除限售期解锁暨上市公告
2025-12-18,601600,3,8,1,0,0,0.10429118519674423,0.45499999999999996,general_news,中国铝业关于2021年限制性股票激励计划预留授予部分第二个解除限售期解锁暨上市公告
2025-12-19,601600,3,8,1,0,0,0.10429118519674423,0.45499999999999996,general_news,中国铝业关于2021年限制性股票激励计划预留授予部分第二个解除限售期解锁暨上市公告
2025-12-22,601600,0,8,1,0,0,0.10429118519674427,0.45499999999999996,general_news,中国铝业关于2021年限制性股票激励计划预留授予部分第二个解除限售期解锁暨上市公告
2025-12-23,601600,3,11,1,0,0,-0.03510080678012302,0.4772727272727272,shareholder_change,中国铝业2025年第三次临时股东会决议公告
2025-12-24,601600,3,11,1,0,0,-0.03510080678012303,0.4772727272727272,shareholder_change,中国铝业2025年第三次临时股东会决议公告
2025-12-25,601600,3,11,1,0,0,-0.035100806780123034,0.4772727272727272,shareholder_change,中国铝业2025年第三次临时股东会决议公告
2025-12-26,601600,3,11,1,0,0,-0.03510080678012302,0.4772727272727272,shareholder_change,中国铝业2025年第三次临时股东会决议公告
2025-12-29,601600,0,10,1,0,0,-0.0353267079021391,0.48999999999999994,shareholder_change,中国铝业2025年第三次临时股东会决议公告
2025-12-30,601600,0,10,1,0,0,-0.035326707902139085,0.48999999999999994,shareholder_change,中国铝业2025年第三次临时股东会决议公告
2025-12-31,601600,3,13,1,0,0,-0.011202980789071329,0.4576923076923076,general_news,中国铝业第九届董事会第八次会议决议公告
2026-01-01,601600,3,13,1,0,0,-0.011202980789071317,0.4576923076923076,general_news,中国铝业第九届董事会第八次会议决议公告
2026-01-02,601600,3,13,1,0,0,-0.011202980789071318,0.4576923076923076,general_news,中国铝业第九届董事会第八次会议决议公告
2026-01-05,601600,3,9,1,0,0,-0.009951625698669819,0.44333333333333336,general_news,中国铝业第九届董事会第八次会议决议公告
2026-01-06,601600,0,9,1,0,0,-0.009951625698669824,0.44333333333333336,general_news,中国铝业第九届董事会第八次会议决议公告
2026-01-07,601600,1,10,1,0,0,-0.0061019770376669604,0.434,general_news,截至二零二五年十二月三十一日止股份发行人的证券变动月报表
2026-01-08,601600,1,10,1,0,0,-0.006101977037666962,0.434,general_news,截至二零二五年十二月三十一日止股份发行人的证券变动月报表
2026-01-09,601600,3,12,1,0,0,-0.0030065884378953885,0.41999999999999993,general_news,中国铝业第九届董事会第九次会议决议公告
2026-01-12,601600,3,12,1,0,0,-0.0030065884378953894,0.41999999999999993,general_news,中国铝业第九届董事会第九次会议决议公告
2026-01-13,601600,2,12,1,0,0,-0.003006588437895388,0.41999999999999993,general_news,中国铝业第九届董事会第九次会议决议公告
2026-01-14,601600,2,12,1,0,0,-0.0030065884378953894,0.41999999999999993,general_news,中国铝业第九届董事会第九次会议决议公告
2026-01-15,601600,0,12,1,0,0,-0.003006588437895388,0.41999999999999993,general_news,中国铝业第九届董事会第九次会议决议公告
2026-01-16,601600,0,9,0,0,0,-0.006878172908808585,0.4122222222222222,general_news,中国铝业第九届董事会第九次会议决议公告
2026-01-19,601600,0,9,0,0,0,-0.006878172908808584,0.4122222222222222,general_news,中国铝业第九届董事会第九次会议决议公告
2026-01-20,601600,0,9,0,0,0,-0.006878172908808584,0.4122222222222222,general_news,中国铝业第九届董事会第九次会议决议公告
2026-01-21,601600,0,9,0,0,0,-0.006878172908808582,0.4122222222222222,general_news,中国铝业第九届董事会第九次会议决议公告
2026-01-22,601600,0,9,0,0,0,-0.006878172908808585,0.4122222222222222,general_news,中国铝业第九届董事会第九次会议决议公告
2026-01-23,601600,0,6,0,0,0,0.0,0.35000000000000003,general_news,中国铝业第九届董事会第九次会议决议公告
2026-01-26,601600,0,6,0,0,0,0.0,0.35000000000000003,general_news,中国铝业第九届董事会第九次会议决议公告
2026-01-27,601600,0,6,0,0,0,0.0,0.35000000000000003,general_news,中国铝业第九届董事会第九次会议决议公告
2026-01-28,601600,0,6,0,0,0,0.0,0.35000000000000003,general_news,中国铝业第九届董事会第九次会议决议公告
2026-01-29,601600,0,6,0,0,0,0.0,0.35000000000000003,general_news,中国铝业第九届董事会第九次会议决议公告
2026-01-30,601600,5,11,4,0,0,0.34760581245779926,0.45181818181818173,buyback_dividend,北京金诚同达律师事务所关于中国铝业2021年限制性股票激励计划预留授予部分第二个解除限售期解除限售条件成就、回购注销部分激励对象已获授但尚未解除限售的限制性股票及调整回购价格的法律意见书
2026-02-02,601600,5,8,4,0,0,0.3503998849459488,0.49,buyback_dividend,北京金诚同达律师事务所关于中国铝业2021年限制性股票激励计划预留授予部分第二个解除限售期解除限售条件成就、回购注销部分激励对象已获授但尚未解除限售的限制性股票及调整回购价格的法律意见书
2026-02-03,601600,5,8,4,0,0,0.35039988494594887,0.49,buyback_dividend,北京金诚同达律师事务所关于中国铝业2021年限制性股票激励计划预留授予部分第二个解除限售期解除限售条件成就、回购注销部分激励对象已获授但尚未解除限售的限制性股票及调整回购价格的法律意见书
2026-02-04,601600,5,8,4,0,0,0.35039988494594887,0.49,buyback_dividend,北京金诚同达律师事务所关于中国铝业2021年限制性股票激励计划预留授予部分第二个解除限售期解除限售条件成就、回购注销部分激励对象已获授但尚未解除限售的限制性股票及调整回购价格的法律意见书
2026-02-05,601600,2,10,4,0,0,0.18274436583718381,0.4619999999999999,general_news,H股公告-翌日披露报表
2026-02-06,601600,2,10,4,0,0,0.18274436583718384,0.4619999999999999,general_news,H股公告-翌日披露报表
2026-02-09,601600,3,8,4,0,0,0.10348581084130276,0.525,shareholder_change,中国铝业关于召开2026年第一次临时股东会的通知
2026-02-10,601600,3,8,4,0,0,0.1034858108413028,0.525,shareholder_change,中国铝业关于召开2026年第一次临时股东会的通知
2026-02-11,601600,1,8,4,0,0,0.1034858108413028,0.525,shareholder_change,中国铝业关于召开2026年第一次临时股东会的通知
2026-02-12,601600,1,8,4,0,0,0.10348581084130276,0.525,shareholder_change,中国铝业关于召开2026年第一次临时股东会的通知
2026-02-13,601600,0,8,4,0,0,0.10348581084130279,0.525,shareholder_change,中国铝业关于召开2026年第一次临时股东会的通知
2026-02-16,601600,0,8,4,0,0,0.1034858108413028,0.525,shareholder_change,中国铝业关于召开2026年第一次临时股东会的通知
2026-02-17,601600,0,8,4,0,0,0.10348581084130275,0.525,shareholder_change,中国铝业关于召开2026年第一次临时股东会的通知
2026-02-18,601600,0,8,4,0,0,0.10348581084130277,0.525,shareholder_change,中国铝业关于召开2026年第一次临时股东会的通知
2026-02-19,601600,0,8,4,0,0,0.10348581084130275,0.525,shareholder_change,中国铝业关于召开2026年第一次临时股东会的通知
2026-02-20,601600,0,8,4,0,0,0.10348581084130277,0.525,shareholder_change,中国铝业关于召开2026年第一次临时股东会的通知
2026-02-23,601600,0,8,4,0,0,0.10348581084130282,0.525,shareholder_change,中国铝业关于召开2026年第一次临时股东会的通知
2026-02-24,601600,0,8,4,0,0,0.10348581084130276,0.525,shareholder_change,中国铝业关于召开2026年第一次临时股东会的通知
2026-02-25,601600,0,8,4,0,0,0.1034858108413028,0.525,shareholder_change,中国铝业关于召开2026年第一次临时股东会的通知
2026-02-26,601600,0,8,4,0,0,0.10348581084130276,0.525,shareholder_change,中国铝业关于召开2026年第一次临时股东会的通知
2026-02-27,601600,0,8,4,0,0,0.10348581084130276,0.525,shareholder_change,中国铝业关于召开2026年第一次临时股东会的通知
2026-03-02,601600,0,3,0,0,0,-0.05992917363742227,0.44333333333333336,shareholder_change,中国铝业关于召开2026年第一次临时股东会的通知
2026-03-03,601600,0,3,0,0,0,-0.05992917363742227,0.44333333333333336,shareholder_change,中国铝业关于召开2026年第一次临时股东会的通知
2026-03-04,601600,0,3,0,0,0,-0.05992917363742225,0.44333333333333336,shareholder_change,中国铝业关于召开2026年第一次临时股东会的通知
2026-03-05,601600,1,4,0,0,0,-0.003445723287685984,0.42000000000000004,general_news,截至二零二六年二月二十八日止股份发行人的证券变动月报表
2026-03-06,601600,1,4,0,0,0,-0.0034457232876859843,0.42000000000000004,general_news,截至二零二六年二月二十八日止股份发行人的证券变动月报表
2026-03-09,601600,2,3,0,0,0,-0.08630803246784323,0.5366666666666666,shareholder_change,中国铝业关于董事减持股份结果公告
2026-03-10,601600,2,2,0,0,0,-0.08564198953251993,0.49,shareholder_change,中国铝业关于董事减持股份结果公告
2026-03-11,601600,1,2,0,0,0,-0.08564198953251993,0.49,shareholder_change,中国铝业关于董事减持股份结果公告
2026-03-12,601600,1,2,0,0,0,-0.08564198953251995,0.49,shareholder_change,中国铝业关于董事减持股份结果公告
2026-03-13,601600,0,2,0,0,0,-0.08564198953251993,0.49,shareholder_change,中国铝业关于董事减持股份结果公告
2026-03-16,601600,0,2,0,0,0,-0.08564198953251993,0.49,shareholder_change,中国铝业关于董事减持股份结果公告
2026-03-17,601600,0,2,0,0,0,-0.08564198953251993,0.49,shareholder_change,中国铝业关于董事减持股份结果公告
2026-03-18,601600,2,4,0,0,0,-0.07663810480639727,0.49,general_news,董事会召开日期公告
2026-03-19,601600,2,4,0,0,0,-0.07663810480639725,0.49,general_news,董事会召开日期公告
2026-03-20,601600,2,4,0,0,0,-0.07663810480639725,0.49,general_news,董事会召开日期公告
2026-03-23,601600,2,4,0,0,0,-0.07663810480639727,0.49,general_news,董事会召开日期公告
2026-03-24,601600,0,4,0,0,0,-0.07663810480639727,0.49,general_news,董事会召开日期公告
2026-03-25,601600,0,4,0,0,0,-0.07663810480639727,0.49,general_news,董事会召开日期公告
2026-03-26,601600,0,4,0,0,0,-0.07663810480639728,0.49,general_news,董事会召开日期公告
2026-03-27,601600,0,4,0,0,0,-0.07663810480639727,0.49,general_news,董事会召开日期公告
2026-03-30,601600,27,31,1,0,0,-0.0033887401585344142,0.40419354838709676,fund_flow,中国铝业关于2026年度为附属企业提供融资担保计划的公告
2026-03-31,601600,27,31,1,0,0,-0.003388740158534412,0.40419354838709676,fund_flow,中国铝业关于2026年度为附属企业提供融资担保计划的公告
2026-04-01,601600,27,31,1,0,0,-0.0033887401585344142,0.40419354838709676,fund_flow,中国铝业关于2026年度为附属企业提供融资担保计划的公告
2026-04-02,601600,27,31,1,0,0,-0.0033887401585344134,0.40419354838709676,fund_flow,中国铝业关于2026年度为附属企业提供融资担保计划的公告
2026-04-03,601600,3,34,1,0,0,-0.012902228903240807,0.4076470588235294,general_news,中国铝业H股公告
2026-04-06,601600,3,33,1,0,0,-0.01291618107586377,0.40939393939393937,general_news,中国铝业H股公告
2026-04-07,601600,3,32,1,0,0,-0.012718632987650483,0.40249999999999997,general_news,中国铝业H股公告
2026-04-08,601600,3,32,1,0,0,-0.012718632987650486,0.40249999999999997,general_news,中国铝业H股公告
2026-04-09,601600,3,35,2,0,0,0.04021561407424431,0.4265714285714286,performance_beat,中国铝业2026年第一季度业绩预增公告
2026-04-10,601600,3,35,2,0,0,0.04021561407424433,0.4265714285714286,performance_beat,中国铝业2026年第一季度业绩预增公告
2026-04-13,601600,3,35,2,0,0,0.04021561407424435,0.4265714285714286,performance_beat,中国铝业2026年第一季度业绩预增公告
2026-04-14,601600,5,37,2,0,0,0.02786915661571641,0.42243243243243245,general_news,中国铝业H股公告
2026-04-15,601600,2,37,2,0,0,0.027869156615716432,0.42243243243243245,general_news,中国铝业H股公告
2026-04-16,601600,2,37,2,0,0,0.02786915661571641,0.42243243243243245,general_news,中国铝业H股公告
2026-04-17,601600,2,37,2,0,0,0.027869156615716425,0.42243243243243245,general_news,中国铝业H股公告
2026-04-20,601600,0,35,2,0,0,0.028540775991068575,0.4185714285714286,general_news,中国铝业H股公告
2026-04-21,601600,0,35,2,0,0,0.028540775991068572,0.4185714285714286,general_news,中国铝业H股公告
2026-04-22,601600,0,35,2,0,0,0.02854077599106857,0.4185714285714286,general_news,中国铝业H股公告
2026-04-23,601600,0,35,2,0,0,0.028540775991068572,0.4185714285714286,general_news,中国铝业H股公告
2026-04-24,601600,3,38,2,0,0,0.00972716549583054,0.4131578947368421,general_news,中国铝业2026年第一季度报告
2026-04-27,601600,3,38,2,0,0,0.009727165495830536,0.4131578947368421,general_news,中国铝业2026年第一季度报告
2026-04-28,601600,3,11,1,0,0,0.011386556779645386,0.46636363636363637,general_news,中国铝业股份有限公司董事及高级管理人员薪酬管理办法
2026-04-29,601600,3,11,1,0,0,0.011386556779645389,0.46636363636363637,general_news,中国铝业股份有限公司董事及高级管理人员薪酬管理办法
2026-04-30,601600,0,11,1,0,0,0.011386556779645382,0.46636363636363637,general_news,中国铝业股份有限公司董事及高级管理人员薪酬管理办法
2026-05-01,601600,0,11,1,0,0,0.011386556779645382,0.46636363636363637,general_news,中国铝业股份有限公司董事及高级管理人员薪酬管理办法
2026-05-04,601600,0,8,1,0,0,0.013779704497114383,0.47500000000000003,general_news,中国铝业股份有限公司董事及高级管理人员薪酬管理办法
2026-05-05,601600,0,8,1,0,0,0.013779704497114386,0.47500000000000003,general_news,中国铝业股份有限公司董事及高级管理人员薪酬管理办法
2026-05-06,601600,0,8,1,0,0,0.013779704497114381,0.47500000000000003,general_news,中国铝业股份有限公司董事及高级管理人员薪酬管理办法
2026-05-07,601600,0,8,1,0,0,0.013779704497114383,0.47500000000000003,general_news,中国铝业股份有限公司董事及高级管理人员薪酬管理办法
2026-05-08,601600,0,8,1,0,0,0.013779704497114381,0.47500000000000003,general_news,中国铝业股份有限公司董事及高级管理人员薪酬管理办法
2026-05-11,601600,2,7,0,0,0,-0.06228747467494462,0.39000000000000007,shareholder_change,中国铝业关于召开2025年年度股东会、2026年第一次A股类别股东会及2026年第一次H股类别股东会的公告
2026-05-12,601600,2,7,0,0,0,-0.06228747467494462,0.39000000000000007,shareholder_change,中国铝业关于召开2025年年度股东会、2026年第一次A股类别股东会及2026年第一次H股类别股东会的公告
2026-05-13,601600,2,7,0,0,0,-0.06228747467494464,0.39000000000000007,shareholder_change,中国铝业关于召开2025年年度股东会、2026年第一次A股类别股东会及2026年第一次H股类别股东会的公告
2026-05-14,601600,2,7,0,0,0,-0.06228747467494463,0.39000000000000007,shareholder_change,中国铝业关于召开2025年年度股东会、2026年第一次A股类别股东会及2026年第一次H股类别股东会的公告
2026-05-15,601600,0,5,0,0,0,-0.06377666267758678,0.406,shareholder_change,中国铝业关于召开2025年年度股东会、2026年第一次A股类别股东会及2026年第一次H股类别股东会的公告
2026-05-18,601600,0,5,0,0,0,-0.06377666267758679,0.406,shareholder_change,中国铝业关于召开2025年年度股东会、2026年第一次A股类别股东会及2026年第一次H股类别股东会的公告
2026-05-19,601600,0,5,0,0,0,-0.06377666267758679,0.406,shareholder_change,中国铝业关于召开2025年年度股东会、2026年第一次A股类别股东会及2026年第一次H股类别股东会的公告
2026-05-20,601600,0,5,0,0,0,-0.06377666267758679,0.406,shareholder_change,中国铝业关于召开2025年年度股东会、2026年第一次A股类别股东会及2026年第一次H股类别股东会的公告
2026-05-21,601600,0,5,0,0,0,-0.06377666267758679,0.406,shareholder_change,中国铝业关于召开2025年年度股东会、2026年第一次A股类别股东会及2026年第一次H股类别股东会的公告
2026-05-22,601600,2,7,0,0,0,-0.0098926473894066,0.39,general_news,中国铝业关于拟投资建设几内亚氧化铝项目暨签署《矿业协议修订与重述版》的公告
2026-05-25,601600,2,4,0,0,0,-0.010127731719210178,0.41999999999999993,general_news,中国铝业关于拟投资建设几内亚氧化铝项目暨签署《矿业协议修订与重述版》的公告
2026-05-26,601600,2,4,0,0,0,-0.010127731719210178,0.41999999999999993,general_news,中国铝业关于拟投资建设几内亚氧化铝项目暨签署《矿业协议修订与重述版》的公告
2026-05-27,601600,2,4,0,0,0,-0.010127731719210177,0.41999999999999993,general_news,中国铝业关于拟投资建设几内亚氧化铝项目暨签署《矿业协议修订与重述版》的公告
2026-05-28,601600,0,4,0,0,0,-0.010127731719210177,0.41999999999999993,general_news,中国铝业关于拟投资建设几内亚氧化铝项目暨签署《矿业协议修订与重述版》的公告
2026-05-29,601600,0,4,0,0,0,-0.010127731719210178,0.41999999999999993,general_news,中国铝业关于拟投资建设几内亚氧化铝项目暨签署《矿业协议修订与重述版》的公告
2026-06-01,601600,0,4,0,0,0,-0.01012773171921018,0.41999999999999993,general_news,中国铝业关于拟投资建设几内亚氧化铝项目暨签署《矿业协议修订与重述版》的公告
2026-06-02,601600,0,4,0,0,0,-0.010127731719210178,0.41999999999999993,general_news,中国铝业关于拟投资建设几内亚氧化铝项目暨签署《矿业协议修订与重述版》的公告
2026-06-03,601600,7,11,3,0,0,0.1814599749038917,0.4518181818181818,general_news,中国铝业截至二零二六年五月三十一日止股份发行人的证券变动月报表
2026-06-04,601600,12,16,5,0,0,0.17644647963576932,0.5075000000000001,commodity_shock,沪股通现身11只个股龙虎榜
2026-06-05,601600,12,16,5,0,0,0.1764464796357693,0.5075000000000001,commodity_shock,沪股通现身11只个股龙虎榜
2026-06-08,601600,13,17,6,0,0,0.17960622973731966,0.5147058823529412,commodity_shock,有色金属行业资金流出榜：紫金矿业、北方稀土等净流出资金居前
2026-06-09,601600,6,15,6,0,0,0.18054994424261106,0.5179999999999999,commodity_shock,有色金属行业资金流出榜：紫金矿业、北方稀土等净流出资金居前
2026-06-10,601600,4,18,6,0,0,0.09994748984234779,0.5366666666666666,fund_flow,解密主力资金出逃股 连续5日净流出684股
2026-01-26,601899,1,1,1,0,0,0.25,0.63,capacity_operation,紫金矿业集团股份有限公司关于巨龙铜矿二期工程建成投产的公告
2026-01-27,601899,2,2,2,0,0,0.37110649744411717,0.63,ma_restructuring,紫金矿业集团股份有限公司关于拟收购Allied Gold Corporation 100%股权的公告
2026-01-28,601899,2,2,2,0,0,0.3711064974441171,0.63,ma_restructuring,紫金矿业集团股份有限公司关于拟收购Allied Gold Corporation 100%股权的公告
2026-01-29,601899,2,2,2,0,0,0.37110649744411717,0.63,ma_restructuring,紫金矿业集团股份有限公司关于拟收购Allied Gold Corporation 100%股权的公告
2026-01-30,601899,2,3,2,0,0,0.1923299441010127,0.5366666666666666,general_news,紫金矿业集团股份有限公司关于根据一般性授权拟发行15亿美元零息可转换公司债券的公告
2026-02-02,601899,1,3,2,0,0,0.19232994410101276,0.5366666666666666,general_news,紫金矿业集团股份有限公司关于根据一般性授权拟发行15亿美元零息可转换公司债券的公告
2026-02-03,601899,1,3,2,0,0,0.1923299441010127,0.5366666666666666,general_news,紫金矿业集团股份有限公司关于根据一般性授权拟发行15亿美元零息可转换公司债券的公告
2026-02-04,601899,3,5,2,0,0,0.064798498307638,0.4619999999999999,general_news,紫金矿业H股市场公告
2026-02-05,601899,2,5,2,0,0,0.06479849830763797,0.4619999999999999,general_news,紫金矿业H股市场公告
2026-02-06,601899,4,7,2,0,0,0.03442374975427934,0.43,general_news,紫金矿业集团股份有限公司关于15亿美元零息可转换公司债券发行完成的公告
2026-02-09,601899,5,8,2,0,0,0.05177457173966416,0.45499999999999996,industry_policy,紫金矿业集团股份有限公司关于三年（2026-2028年）主要矿产品产量规划和2035年远景目标纲要的公告
2026-02-10,601899,3,8,2,0,0,0.05177457173966416,0.45499999999999996,industry_policy,紫金矿业集团股份有限公司关于三年（2026-2028年）主要矿产品产量规划和2035年远景目标纲要的公告
2026-02-11,601899,3,8,2,0,0,0.051774571739664176,0.45499999999999996,industry_policy,紫金矿业集团股份有限公司关于三年（2026-2028年）主要矿产品产量规划和2035年远景目标纲要的公告
2026-02-12,601899,1,8,2,0,0,0.05177457173966417,0.45499999999999996,industry_policy,紫金矿业集团股份有限公司关于三年（2026-2028年）主要矿产品产量规划和2035年远景目标纲要的公告
2026-02-13,601899,1,8,2,0,0,0.051774571739664176,0.45499999999999996,industry_policy,紫金矿业集团股份有限公司关于三年（2026-2028年）主要矿产品产量规划和2035年远景目标纲要的公告
2026-02-16,601899,0,8,2,0,0,0.05177457173966417,0.45499999999999996,industry_policy,紫金矿业集团股份有限公司关于三年（2026-2028年）主要矿产品产量规划和2035年远景目标纲要的公告
2026-02-17,601899,0,8,2,0,0,0.05177457173966416,0.45499999999999996,industry_policy,紫金矿业集团股份有限公司关于三年（2026-2028年）主要矿产品产量规划和2035年远景目标纲要的公告
2026-02-18,601899,0,8,2,0,0,0.051774571739664155,0.45499999999999996,industry_policy,紫金矿业集团股份有限公司关于三年（2026-2028年）主要矿产品产量规划和2035年远景目标纲要的公告
2026-02-19,601899,0,8,2,0,0,0.05177457173966416,0.45499999999999996,industry_policy,紫金矿业集团股份有限公司关于三年（2026-2028年）主要矿产品产量规划和2035年远景目标纲要的公告
2026-02-20,601899,0,8,2,0,0,0.05177457173966416,0.45499999999999996,industry_policy,紫金矿业集团股份有限公司关于三年（2026-2028年）主要矿产品产量规划和2035年远景目标纲要的公告
2026-02-23,601899,0,8,2,0,0,0.05177457173966416,0.45499999999999996,industry_policy,紫金矿业集团股份有限公司关于三年（2026-2028年）主要矿产品产量规划和2035年远景目标纲要的公告
2026-02-24,601899,0,7,1,0,0,0.04629298412555393,0.43000000000000005,industry_policy,紫金矿业集团股份有限公司关于三年（2026-2028年）主要矿产品产量规划和2035年远景目标纲要的公告
2026-02-25,601899,0,7,1,0,0,0.04629298412555392,0.43000000000000005,industry_policy,紫金矿业集团股份有限公司关于三年（2026-2028年）主要矿产品产量规划和2035年远景目标纲要的公告
2026-02-26,601899,0,7,1,0,0,0.046292984125553924,0.43000000000000005,industry_policy,紫金矿业集团股份有限公司关于三年（2026-2028年）主要矿产品产量规划和2035年远景目标纲要的公告
2026-02-27,601899,0,6,0,0,0,0.028396082997302962,0.3966666666666667,industry_policy,紫金矿业集团股份有限公司关于三年（2026-2028年）主要矿产品产量规划和2035年远景目标纲要的公告
2026-03-02,601899,0,5,0,0,0,0.03046958412084644,0.406,industry_policy,紫金矿业集团股份有限公司关于三年（2026-2028年）主要矿产品产量规划和2035年远景目标纲要的公告
2026-03-03,601899,2,7,0,0,0,0.0020152389942081268,0.39000000000000007,general_news,紫金矿业H股市场公告
2026-03-04,601899,2,7,0,0,0,0.0020152389942081268,0.39000000000000007,general_news,紫金矿业H股市场公告
2026-03-05,601899,2,7,0,0,0,0.0020152389942081263,0.39000000000000007,general_news,紫金矿业H股市场公告
2026-03-06,601899,2,7,0,0,0,0.002015238994208126,0.39000000000000007,general_news,紫金矿业H股市场公告
2026-03-09,601899,0,3,0,0,0,0.002112381010419277,0.44333333333333336,general_news,紫金矿业H股市场公告
2026-03-10,601899,0,3,0,0,0,0.0021123810104192765,0.44333333333333336,general_news,紫金矿业H股市场公告
2026-03-11,601899,0,3,0,0,0,0.0021123810104192774,0.44333333333333336,general_news,紫金矿业H股市场公告
2026-03-12,601899,0,2,0,0,0,0.0,0.35,general_news,紫金矿业H股市场公告
2026-03-13,601899,1,3,0,0,0,0.0,0.3499999999999999,general_news,紫金矿业集团股份有限公司关于全资子公司与专业投资机构共同投资的公告
2026-03-16,601899,2,4,0,0,0,0.0,0.35,general_news,紫金矿业集团股份有限公司关于召开2025年度业绩说明会的公告
2026-03-17,601899,2,4,0,0,0,0.0,0.35,general_news,紫金矿业集团股份有限公司关于召开2025年度业绩说明会的公告
2026-03-18,601899,2,4,0,0,0,0.0,0.35,general_news,紫金矿业集团股份有限公司关于召开2025年度业绩说明会的公告
2026-03-19,601899,1,4,0,0,0,0.0,0.35,general_news,紫金矿业集团股份有限公司关于召开2025年度业绩说明会的公告
2026-03-20,601899,0,4,0,0,0,0.0,0.35,general_news,紫金矿业集团股份有限公司关于召开2025年度业绩说明会的公告
2026-03-23,601899,33,37,4,0,0,0.03947341652806497,0.38027027027027016,ma_restructuring,紫金矿业集团股份有限公司关于拟通过协议收购A股和认购定向增发H股的方式获得赤峰吉隆黄金矿业股份有限公司控制权的公告
2026-03-24,601899,34,38,5,0,0,0.057122957757332594,0.3868421052631578,buyback_dividend,紫金矿业集团股份有限公司关于以集中竞价交易方式首次回购公司A股股份的公告
2026-03-25,601899,35,39,5,0,0,0.04733615432807542,0.3930769230769231,shareholder_change,紫金矿业集团股份有限公司关于回购A股股份事项前十名股东和前十名无限售条件股东持股情况的公告
2026-03-26,601899,35,39,5,0,0,0.04733615432807541,0.3930769230769231,shareholder_change,紫金矿业集团股份有限公司关于回购A股股份事项前十名股东和前十名无限售条件股东持股情况的公告
2026-03-27,601899,3,39,5,0,0,0.047336154328075405,0.3930769230769231,shareholder_change,紫金矿业集团股份有限公司关于回购A股股份事项前十名股东和前十名无限售条件股东持股情况的公告
2026-03-30,601899,1,39,5,0,0,0.04733615432807541,0.3930769230769231,shareholder_change,紫金矿业集团股份有限公司关于回购A股股份事项前十名股东和前十名无限售条件股东持股情况的公告
2026-03-31,601899,0,39,5,0,0,0.047336154328075405,0.3930769230769231,shareholder_change,紫金矿业集团股份有限公司关于回购A股股份事项前十名股东和前十名无限售条件股东持股情况的公告
2026-04-01,601899,0,39,5,0,0,0.047336154328075405,0.3930769230769231,shareholder_change,紫金矿业集团股份有限公司关于回购A股股份事项前十名股东和前十名无限售条件股东持股情况的公告
2026-04-02,601899,1,40,5,0,0,0.041227614823404465,0.392,general_news,紫金矿业H股市场公告
2026-04-03,601899,3,40,6,0,0,0.08361778577539804,0.399,buyback_dividend,紫金矿业集团股份有限公司关于以集中竞价交易方式回购公司A股股份的进展公告
2026-04-06,601899,4,41,7,0,0,0.09725142680404347,0.4046341463414635,commodity_shock,中信证券股份有限公司关于紫金矿业集团股份有限公司分拆所属子公司紫金黄金国际有限公司境外上市之持续督导核查意见
2026-04-07,601899,4,41,7,0,0,0.09725142680404347,0.4046341463414635,commodity_shock,中信证券股份有限公司关于紫金矿业集团股份有限公司分拆所属子公司紫金黄金国际有限公司境外上市之持续督导核查意见
2026-04-08,601899,3,41,7,0,0,0.09725142680404353,0.4046341463414635,commodity_shock,中信证券股份有限公司关于紫金矿业集团股份有限公司分拆所属子公司紫金黄金国际有限公司境外上市之持续督导核查意见
2026-04-09,601899,1,41,7,0,0,0.09725142680404353,0.4046341463414635,commodity_shock,中信证券股份有限公司关于紫金矿业集团股份有限公司分拆所属子公司紫金黄金国际有限公司境外上市之持续督导核查意见
2026-04-10,601899,0,41,7,0,0,0.0972514268040435,0.4046341463414635,commodity_shock,中信证券股份有限公司关于紫金矿业集团股份有限公司分拆所属子公司紫金黄金国际有限公司境外上市之持续督导核查意见
2026-04-13,601899,0,40,7,0,0,0.09774562030732885,0.406,commodity_shock,中信证券股份有限公司关于紫金矿业集团股份有限公司分拆所属子公司紫金黄金国际有限公司境外上市之持续督导核查意见
2026-04-14,601899,0,39,7,0,0,0.09832198017835883,0.4074358974358974,commodity_shock,中信证券股份有限公司关于紫金矿业集团股份有限公司分拆所属子公司紫金黄金国际有限公司境外上市之持续督导核查意见
2026-04-15,601899,1,40,8,0,0,0.22601395297194712,0.4130000000000001,buyback_dividend,紫金矿业集团股份有限公司关于回购股份实施结果暨股份变动的公告
2026-04-16,601899,1,40,8,0,0,0.2260139529719471,0.4130000000000001,buyback_dividend,紫金矿业集团股份有限公司关于回购股份实施结果暨股份变动的公告
2026-04-17,601899,1,40,8,0,0,0.22601395297194712,0.4130000000000001,buyback_dividend,紫金矿业集团股份有限公司关于回购股份实施结果暨股份变动的公告
2026-04-20,601899,1,40,8,0,0,0.2260139529719471,0.4130000000000001,buyback_dividend,紫金矿业集团股份有限公司关于回购股份实施结果暨股份变动的公告
2026-04-21,601899,0,8,5,0,0,0.3242975867344688,0.56,buyback_dividend,紫金矿业集团股份有限公司关于回购股份实施结果暨股份变动的公告
2026-04-22,601899,8,16,5,0,0,0.008204801000339077,0.4725,general_news,紫金矿业集团股份有限公司2026年第一季度报告
2026-04-23,601899,8,15,4,0,0,0.00750331633231037,0.4619999999999999,general_news,紫金矿业集团股份有限公司2026年第一季度报告
2026-04-24,601899,8,14,3,0,0,0.006691336057372588,0.4499999999999999,general_news,紫金矿业集团股份有限公司2026年第一季度报告
2026-04-27,601899,8,13,3,0,0,0.007023722112855182,0.43615384615384606,general_news,紫金矿业集团股份有限公司2026年第一季度报告
2026-04-28,601899,1,14,3,0,0,0.005517822890150081,0.43,general_news,紫金矿业H股市场公告
2026-04-29,601899,1,14,3,0,0,0.0055178228901500825,0.43,general_news,紫金矿业H股市场公告
2026-04-30,601899,1,14,3,0,0,0.005517822890150081,0.43,general_news,紫金矿业H股市场公告
2026-05-01,601899,2,15,3,0,0,0.004151484630814309,0.42466666666666664,general_news,紫金矿业H股市场公告
2026-05-04,601899,1,12,2,0,0,0.0021383728311271484,0.42,general_news,紫金矿业H股市场公告
2026-05-05,601899,1,11,1,0,0,0.0010839658175120935,0.40090909090909094,general_news,紫金矿业H股市场公告
2026-05-06,601899,1,11,1,0,0,0.0010839658175120922,0.40090909090909094,general_news,紫金矿业H股市场公告
2026-05-07,601899,0,11,1,0,0,0.0010839658175120944,0.40090909090909094,general_news,紫金矿业H股市场公告
2026-05-08,601899,0,11,1,0,0,0.0010839658175120926,0.40090909090909094,general_news,紫金矿业H股市场公告
2026-05-11,601899,8,19,1,0,0,0.00014793797241207553,0.37947368421052624,general_news,紫金矿业集团股份有限公司第九届董事会临时会议决议公告
2026-05-12,601899,8,19,1,0,0,0.00014793797241207524,0.37947368421052624,general_news,紫金矿业集团股份有限公司第九届董事会临时会议决议公告
2026-05-13,601899,8,19,1,0,0,0.00014793797241207543,0.37947368421052624,general_news,紫金矿业集团股份有限公司第九届董事会临时会议决议公告
2026-05-14,601899,8,19,1,0,0,0.00014793797241207502,0.37947368421052624,general_news,紫金矿业集团股份有限公司第九届董事会临时会议决议公告
2026-05-15,601899,0,19,1,0,0,0.00014793797241207556,0.37947368421052624,general_news,紫金矿业集团股份有限公司第九届董事会临时会议决议公告
2026-05-18,601899,1,19,0,0,0,-0.03522663520001981,0.37947368421052624,shareholder_change,紫金矿业集团股份有限公司关于召开2025年年度股东会的通知
2026-05-19,601899,1,19,0,0,0,-0.03522663520001982,0.37947368421052624,shareholder_change,紫金矿业集团股份有限公司关于召开2025年年度股东会的通知
2026-05-20,601899,1,19,0,0,0,-0.035226635200019805,0.37947368421052624,shareholder_change,紫金矿业集团股份有限公司关于召开2025年年度股东会的通知
2026-05-21,601899,1,19,0,0,0,-0.03522663520001981,0.37947368421052624,shareholder_change,紫金矿业集团股份有限公司关于召开2025年年度股东会的通知
2026-05-22,601899,0,19,0,0,0,-0.03522663520001981,0.37947368421052624,shareholder_change,紫金矿业集团股份有限公司关于召开2025年年度股东会的通知
2026-05-25,601899,0,11,0,0,0,-0.03626007773583531,0.37545454545454543,shareholder_change,紫金矿业集团股份有限公司关于召开2025年年度股东会的通知
2026-05-26,601899,0,11,0,0,0,-0.03626007773583532,0.37545454545454543,shareholder_change,紫金矿业集团股份有限公司关于召开2025年年度股东会的通知
2026-05-27,601899,1,12,0,0,0,-0.0974300180631405,0.39666666666666656,shareholder_change,紫金矿业集团股份有限公司2025年年度股东会会议材料
2026-05-28,601899,1,12,0,0,0,-0.09743001806314049,0.39666666666666656,shareholder_change,紫金矿业集团股份有限公司2025年年度股东会会议材料
2026-05-29,601899,1,11,0,0,0,-0.09826913457027744,0.4009090909090908,shareholder_change,紫金矿业集团股份有限公司2025年年度股东会会议材料
2026-06-01,601899,2,11,0,0,0,-0.05401021622634967,0.4009090909090908,general_news,紫金矿业H股市场公告
2026-06-02,601899,1,11,0,0,0,-0.05401021622634966,0.4009090909090908,general_news,紫金矿业H股市场公告
2026-06-03,601899,2,12,0,0,0,-0.0969788687187355,0.41999999999999993,shareholder_change,紫金矿业集团股份有限公司关于调整2025年年度股东会现场会议召开地点的公告
2026-06-04,601899,2,12,0,0,0,-0.0969788687187355,0.41999999999999993,shareholder_change,紫金矿业集团股份有限公司关于调整2025年年度股东会现场会议召开地点的公告
2026-06-05,601899,1,12,0,0,0,-0.09697886871873547,0.41999999999999993,shareholder_change,紫金矿业集团股份有限公司关于调整2025年年度股东会现场会议召开地点的公告
2026-06-08,601899,6,17,0,0,0,-0.04509974734203394,0.4488235294117646,general_news,紫金矿业集团股份有限公司第九届董事会临时会议决议公告
2026-06-09,601899,6,10,0,0,0,-0.03711604661040787,0.518,general_news,紫金矿业集团股份有限公司第九届董事会临时会议决议公告
2025-04-16,601958,2,2,0,0,0,-0.15,0.67,shareholder_change,金钼股份关于控股股东增持公司股份计划实施完毕暨增持结果公告
2025-04-17,601958,2,2,0,0,0,-0.15,0.67,shareholder_change,金钼股份关于控股股东增持公司股份计划实施完毕暨增持结果公告
2025-04-18,601958,2,2,0,0,0,-0.15,0.67,shareholder_change,金钼股份关于控股股东增持公司股份计划实施完毕暨增持结果公告
2025-04-21,601958,2,2,0,0,0,-0.15,0.67,shareholder_change,金钼股份关于控股股东增持公司股份计划实施完毕暨增持结果公告
2025-04-22,601958,0,2,0,0,0,-0.14999999999999997,0.67,shareholder_change,金钼股份关于控股股东增持公司股份计划实施完毕暨增持结果公告
2025-04-23,601958,0,2,0,0,0,-0.15,0.67,shareholder_change,金钼股份关于控股股东增持公司股份计划实施完毕暨增持结果公告
2025-04-24,601958,0,2,0,0,0,-0.15,0.67,shareholder_change,金钼股份关于控股股东增持公司股份计划实施完毕暨增持结果公告
2025-04-25,601958,0,2,0,0,0,-0.15,0.67,shareholder_change,金钼股份关于控股股东增持公司股份计划实施完毕暨增持结果公告
2025-04-28,601958,1,3,0,0,0,-0.04860083160188489,0.5633333333333334,general_news,金钼股份2025年第一季度报告
2025-04-29,601958,1,3,0,0,0,-0.048600831601884886,0.5633333333333334,general_news,金钼股份2025年第一季度报告
2025-04-30,601958,2,4,0,0,0,-0.022120973734771083,0.51,general_news,金钼股份关于副总经理离任的公告
2025-05-01,601958,2,4,0,0,0,-0.022120973734771086,0.51,general_news,金钼股份关于副总经理离任的公告
2025-05-02,601958,1,4,0,0,0,-0.022120973734771083,0.51,general_news,金钼股份关于副总经理离任的公告
2025-05-05,601958,1,4,0,0,0,-0.022120973734771083,0.51,general_news,金钼股份关于副总经理离任的公告
2025-05-06,601958,0,4,0,0,0,-0.022120973734771086,0.51,general_news,金钼股份关于副总经理离任的公告
2025-05-07,601958,0,4,0,0,0,-0.022120973734771083,0.51,general_news,金钼股份关于副总经理离任的公告
2025-05-08,601958,0,4,0,0,0,-0.022120973734771083,0.51,general_news,金钼股份关于副总经理离任的公告
2025-05-09,601958,0,4,0,0,0,-0.02212097373477109,0.51,general_news,金钼股份关于副总经理离任的公告
2025-05-12,601958,0,4,0,0,0,-0.02212097373477108,0.51,general_news,金钼股份关于副总经理离任的公告
2025-05-13,601958,1,5,0,0,0,-0.004926778253335091,0.4779999999999999,general_news,金钼股份关于参加“2025年陕西辖区上市公司投资者集体接待日暨2024年度业绩说明会”预告公告
2025-05-14,601958,1,5,0,0,0,-0.004926778253335091,0.4779999999999999,general_news,金钼股份关于参加“2025年陕西辖区上市公司投资者集体接待日暨2024年度业绩说明会”预告公告
2025-05-15,601958,1,5,0,0,0,-0.004926778253335092,0.4779999999999999,general_news,金钼股份关于参加“2025年陕西辖区上市公司投资者集体接待日暨2024年度业绩说明会”预告公告
2025-05-16,601958,1,5,0,0,0,-0.004926778253335093,0.4779999999999999,general_news,金钼股份关于参加“2025年陕西辖区上市公司投资者集体接待日暨2024年度业绩说明会”预告公告
2025-05-19,601958,0,3,0,0,0,0.0,0.3499999999999999,general_news,金钼股份关于参加“2025年陕西辖区上市公司投资者集体接待日暨2024年度业绩说明会”预告公告
2025-05-20,601958,0,3,0,0,0,0.0,0.3499999999999999,general_news,金钼股份关于参加“2025年陕西辖区上市公司投资者集体接待日暨2024年度业绩说明会”预告公告
2025-05-21,601958,0,3,0,0,0,0.0,0.3499999999999999,general_news,金钼股份关于参加“2025年陕西辖区上市公司投资者集体接待日暨2024年度业绩说明会”预告公告
2025-05-22,601958,0,3,0,0,0,0.0,0.3499999999999999,general_news,金钼股份关于参加“2025年陕西辖区上市公司投资者集体接待日暨2024年度业绩说明会”预告公告
2025-05-23,601958,0,3,0,0,0,0.0,0.3499999999999999,general_news,金钼股份关于参加“2025年陕西辖区上市公司投资者集体接待日暨2024年度业绩说明会”预告公告
2025-05-26,601958,2,5,0,0,0,0.0,0.35,general_news,金钼股份第五届董事会第二十一次会议决议公告
2025-05-27,601958,2,4,0,0,0,0.0,0.35,general_news,金钼股份第五届董事会第二十一次会议决议公告
2025-05-28,601958,2,4,0,0,0,0.0,0.35,general_news,金钼股份第五届董事会第二十一次会议决议公告
2025-05-29,601958,2,4,0,0,0,0.0,0.35,general_news,金钼股份第五届董事会第二十一次会议决议公告
2025-05-30,601958,0,4,0,0,0,0.0,0.35,general_news,金钼股份第五届董事会第二十一次会议决议公告
2025-06-02,601958,0,3,0,0,0,0.0,0.3499999999999999,general_news,金钼股份第五届董事会第二十一次会议决议公告
2025-06-03,601958,0,3,0,0,0,0.0,0.3499999999999999,general_news,金钼股份第五届董事会第二十一次会议决议公告
2025-06-04,601958,2,5,0,0,0,-0.122017898645735,0.462,shareholder_change,金钼股份2024年年度股东大会会议材料
2025-06-05,601958,3,6,0,0,0,-0.08305140430380563,0.44333333333333336,general_news,金钼股份关于公司高级管理人员离任的公告
2025-06-06,601958,3,6,0,0,0,-0.08305140430380564,0.44333333333333336,general_news,金钼股份关于公司高级管理人员离任的公告
2025-06-09,601958,3,6,0,0,0,-0.08305140430380563,0.44333333333333336,general_news,金钼股份关于公司高级管理人员离任的公告
2025-06-10,601958,1,6,0,0,0,-0.08305140430380563,0.44333333333333336,general_news,金钼股份关于公司高级管理人员离任的公告
2025-06-11,601958,0,6,0,0,0,-0.08305140430380563,0.44333333333333336,general_news,金钼股份关于公司高级管理人员离任的公告
2025-06-12,601958,0,6,0,0,0,-0.08305140430380566,0.44333333333333336,general_news,金钼股份关于公司高级管理人员离任的公告
2025-06-13,601958,0,5,0,0,0,-0.08405571352468269,0.462,general_news,金钼股份关于公司高级管理人员离任的公告
2025-06-16,601958,0,5,0,0,0,-0.08405571352468269,0.462,general_news,金钼股份关于公司高级管理人员离任的公告
2025-06-17,601958,0,5,0,0,0,-0.0840557135246827,0.462,general_news,金钼股份关于公司高级管理人员离任的公告
2025-06-18,601958,0,5,0,0,0,-0.08405571352468272,0.462,general_news,金钼股份关于公司高级管理人员离任的公告
2025-06-19,601958,0,5,0,0,0,-0.0840557135246827,0.462,general_news,金钼股份关于公司高级管理人员离任的公告
2025-06-20,601958,0,5,0,0,0,-0.0840557135246827,0.462,general_news,金钼股份关于公司高级管理人员离任的公告
2025-06-23,601958,0,5,0,0,0,-0.0840557135246827,0.462,general_news,金钼股份关于公司高级管理人员离任的公告
2025-06-24,601958,0,3,0,0,0,-0.09513043190345867,0.5366666666666666,general_news,金钼股份关于公司高级管理人员离任的公告
2025-06-25,601958,3,6,0,0,0,-0.09975782278941231,0.5366666666666666,shareholder_change,金钼股份2024年年度股东大会决议公告
2025-06-26,601958,3,6,0,0,0,-0.09975782278941234,0.5366666666666666,shareholder_change,金钼股份2024年年度股东大会决议公告
2025-06-27,601958,3,6,0,0,0,-0.09975782278941231,0.5366666666666666,shareholder_change,金钼股份2024年年度股东大会决议公告
2025-06-30,601958,5,8,0,0,0,-0.050574820212493446,0.49,general_news,金钼股份第五届董事会第二十二次会议决议公告
2025-07-01,601958,2,8,0,0,0,-0.05057482021249344,0.49,general_news,金钼股份第五届董事会第二十二次会议决议公告
2025-07-02,601958,2,8,0,0,0,-0.050574820212493446,0.49,general_news,金钼股份第五届董事会第二十二次会议决议公告
2025-07-03,601958,2,8,0,0,0,-0.05057482021249345,0.49,general_news,金钼股份第五届董事会第二十二次会议决议公告
2025-07-04,601958,0,8,0,0,0,-0.050574820212493446,0.49,general_news,金钼股份第五届董事会第二十二次会议决议公告
2025-07-07,601958,0,5,0,0,0,-0.04942236768811245,0.4619999999999999,general_news,金钼股份第五届董事会第二十二次会议决议公告
2025-07-08,601958,0,5,0,0,0,-0.04942236768811244,0.4619999999999999,general_news,金钼股份第五届董事会第二十二次会议决议公告
2025-07-09,601958,0,5,0,0,0,-0.049422367688112444,0.4619999999999999,general_news,金钼股份第五届董事会第二十二次会议决议公告
2025-07-10,601958,0,5,0,0,0,-0.049422367688112444,0.4619999999999999,general_news,金钼股份第五届董事会第二十二次会议决议公告
2025-07-11,601958,0,5,0,0,0,-0.04942236768811245,0.4619999999999999,general_news,金钼股份第五届董事会第二十二次会议决议公告
2025-07-14,601958,0,5,0,0,0,-0.04942236768811243,0.4619999999999999,general_news,金钼股份第五届董事会第二十二次会议决议公告
2025-07-15,601958,0,5,0,0,0,-0.049422367688112444,0.4619999999999999,general_news,金钼股份第五届董事会第二十二次会议决议公告
2025-07-16,601958,0,5,0,0,0,-0.04942236768811245,0.4619999999999999,general_news,金钼股份第五届董事会第二十二次会议决议公告
2025-07-17,601958,0,5,0,0,0,-0.049422367688112444,0.4619999999999999,general_news,金钼股份第五届董事会第二十二次会议决议公告
2025-07-18,601958,1,6,0,0,0,-0.00914684482028761,0.4433333333333333,general_news,金钼股份2025年半年度业绩快报公告
2025-07-21,601958,1,6,0,0,0,-0.00914684482028761,0.4433333333333333,general_news,金钼股份2025年半年度业绩快报公告
2025-07-22,601958,2,7,0,0,0,-0.0037440037615045427,0.43,general_news,金钼股份第五届董事会第二十三次会议决议公告
2025-07-23,601958,2,7,0,0,0,-0.0037440037615045435,0.43,general_news,金钼股份第五届董事会第二十三次会议决议公告
2025-07-24,601958,1,7,0,0,0,-0.003744003761504542,0.43,general_news,金钼股份第五届董事会第二十三次会议决议公告
2025-07-25,601958,1,7,0,0,0,-0.003744003761504543,0.43,general_news,金钼股份第五届董事会第二十三次会议决议公告
2025-07-28,601958,0,4,0,0,0,0.0,0.35,general_news,金钼股份第五届董事会第二十三次会议决议公告
2025-07-29,601958,0,2,0,0,0,0.0,0.35,general_news,金钼股份第五届董事会第二十三次会议决议公告
2025-07-30,601958,0,2,0,0,0,0.0,0.35,general_news,金钼股份第五届董事会第二十三次会议决议公告
2025-07-31,601958,0,2,0,0,0,0.0,0.35,general_news,金钼股份第五届董事会第二十三次会议决议公告
2025-08-01,601958,0,2,0,0,0,0.0,0.35,general_news,金钼股份第五届董事会第二十三次会议决议公告
2025-08-04,601958,1,3,0,0,0,0.0,0.3499999999999999,general_news,金钼股份2024年年度权益分派实施公告
2025-08-05,601958,1,3,0,0,0,0.0,0.3499999999999999,general_news,金钼股份2024年年度权益分派实施公告
2025-08-06,601958,2,4,0,0,0,0.0,0.35,general_news,金钼股份关于聘任总工程师的公告
2025-08-07,601958,2,4,0,0,0,0.0,0.35,general_news,金钼股份关于聘任总工程师的公告
2025-08-08,601958,1,4,0,0,0,0.0,0.35,general_news,金钼股份关于聘任总工程师的公告
2025-08-11,601958,1,4,0,0,0,0.0,0.35,general_news,金钼股份关于聘任总工程师的公告
2025-08-12,601958,0,4,0,0,0,0.0,0.35,general_news,金钼股份关于聘任总工程师的公告
2025-08-13,601958,0,4,0,0,0,0.0,0.35,general_news,金钼股份关于聘任总工程师的公告
2025-08-14,601958,0,4,0,0,0,0.0,0.35,general_news,金钼股份关于聘任总工程师的公告
2025-08-15,601958,0,4,0,0,0,0.0,0.35,general_news,金钼股份关于聘任总工程师的公告
2025-08-18,601958,0,3,0,0,0,0.0,0.3499999999999999,general_news,金钼股份关于聘任总工程师的公告
2025-08-19,601958,0,3,0,0,0,0.0,0.3499999999999999,general_news,金钼股份关于聘任总工程师的公告
2025-08-20,601958,0,3,0,0,0,0.0,0.3499999999999999,general_news,金钼股份关于聘任总工程师的公告
2025-08-21,601958,0,3,0,0,0,0.0,0.3499999999999999,general_news,金钼股份关于聘任总工程师的公告
2025-08-22,601958,0,2,0,0,0,0.0,0.35,general_news,金钼股份关于聘任总工程师的公告
2025-08-25,601958,3,5,0,0,0,0.0,0.35,general_news,金钼股份关于召开2025年半年度业绩说明会的公告
2025-08-26,601958,3,5,0,0,0,0.0,0.35,general_news,金钼股份关于召开2025年半年度业绩说明会的公告
2025-08-27,601958,3,5,0,0,0,0.0,0.35,general_news,金钼股份关于召开2025年半年度业绩说明会的公告
2025-08-28,601958,3,5,0,0,0,0.0,0.35,general_news,金钼股份关于召开2025年半年度业绩说明会的公告
2025-08-29,601958,0,5,0,0,0,0.0,0.35,general_news,金钼股份关于召开2025年半年度业绩说明会的公告
2025-09-01,601958,2,7,0,0,0,0.0,0.35000000000000003,general_news,金钼股份第五届董事会第二十六次会议决议公告
2025-09-02,601958,2,6,0,0,0,0.0,0.35000000000000003,general_news,金钼股份第五届董事会第二十六次会议决议公告
2025-09-03,601958,2,6,0,0,0,0.0,0.35000000000000003,general_news,金钼股份第五届董事会第二十六次会议决议公告
2025-09-04,601958,2,6,0,0,0,0.0,0.35000000000000003,general_news,金钼股份第五届董事会第二十六次会议决议公告
2025-09-05,601958,0,6,0,0,0,0.0,0.35000000000000003,general_news,金钼股份第五届董事会第二十六次会议决议公告
2025-09-08,601958,0,5,0,0,0,0.0,0.35,general_news,金钼股份第五届董事会第二十六次会议决议公告
2025-09-09,601958,0,5,0,0,0,0.0,0.35,general_news,金钼股份第五届董事会第二十六次会议决议公告
2025-09-10,601958,0,5,0,0,0,0.0,0.35,general_news,金钼股份第五届董事会第二十六次会议决议公告
2025-09-11,601958,0,5,0,0,0,0.0,0.35,general_news,金钼股份第五届董事会第二十六次会议决议公告
2025-09-12,601958,0,5,0,0,0,0.0,0.35,general_news,金钼股份第五届董事会第二十六次会议决议公告
2025-09-15,601958,0,5,0,0,0,0.0,0.35,general_news,金钼股份第五届董事会第二十六次会议决议公告
2025-09-16,601958,0,5,0,0,0,0.0,0.35,general_news,金钼股份第五届董事会第二十六次会议决议公告
2025-09-17,601958,0,5,0,0,0,0.0,0.35,general_news,金钼股份第五届董事会第二十六次会议决议公告
2025-09-18,601958,0,5,0,0,0,0.0,0.35,general_news,金钼股份第五届董事会第二十六次会议决议公告
2025-09-19,601958,0,5,0,0,0,0.0,0.35,general_news,金钼股份第五届董事会第二十六次会议决议公告
2025-09-22,601958,0,5,0,0,0,0.0,0.35,general_news,金钼股份第五届董事会第二十六次会议决议公告
2025-09-23,601958,0,2,0,0,0,0.0,0.35,general_news,金钼股份第五届董事会第二十六次会议决议公告
2025-09-24,601958,0,2,0,0,0,0.0,0.35,general_news,金钼股份第五届董事会第二十六次会议决议公告
2025-09-25,601958,0,2,0,0,0,0.0,0.35,general_news,金钼股份第五届董事会第二十六次会议决议公告
2025-09-26,601958,0,2,0,0,0,0.0,0.35,general_news,金钼股份第五届董事会第二十六次会议决议公告
2025-09-29,601958,0,2,0,0,0,0.0,0.35,general_news,金钼股份第五届董事会第二十六次会议决议公告
2025-10-17,601958,1,1,0,0,0,0.0,0.35,general_news,金钼股份2025年前三季度业绩快报公告
2025-10-20,601958,1,1,0,0,0,0.0,0.35,general_news,金钼股份2025年前三季度业绩快报公告
2025-10-21,601958,1,1,0,0,0,0.0,0.35,general_news,金钼股份2025年前三季度业绩快报公告
2025-10-22,601958,1,1,0,0,0,0.0,0.35,general_news,金钼股份2025年前三季度业绩快报公告
2025-10-23,601958,0,1,0,0,0,0.0,0.35,general_news,金钼股份2025年前三季度业绩快报公告
2025-10-24,601958,0,1,0,0,0,0.0,0.35,general_news,金钼股份2025年前三季度业绩快报公告
2025-10-27,601958,0,1,0,0,0,0.0,0.35,general_news,金钼股份2025年前三季度业绩快报公告
2025-10-28,601958,0,1,0,0,0,0.0,0.35,general_news,金钼股份2025年前三季度业绩快报公告
2025-10-29,601958,4,5,0,0,0,0.0,0.35,general_news,金钼股份第五届董事会第二十七次会议决议公告
2025-10-30,601958,4,5,0,0,0,0.0,0.35,general_news,金钼股份第五届董事会第二十七次会议决议公告
2025-10-31,601958,4,5,0,0,0,0.0,0.35,general_news,金钼股份第五届董事会第二十七次会议决议公告
2025-11-03,601958,4,5,0,0,0,0.0,0.35,general_news,金钼股份第五届董事会第二十七次会议决议公告
2025-11-04,601958,0,5,0,0,0,0.0,0.35,general_news,金钼股份第五届董事会第二十七次会议决议公告
2025-11-05,601958,0,5,0,0,0,0.0,0.35,general_news,金钼股份第五届董事会第二十七次会议决议公告
2025-11-06,601958,0,5,0,0,0,0.0,0.35,general_news,金钼股份第五届董事会第二十七次会议决议公告
2025-11-07,601958,0,5,0,0,0,0.0,0.35,general_news,金钼股份第五届董事会第二十七次会议决议公告
2025-11-10,601958,0,5,0,0,0,0.0,0.35,general_news,金钼股份第五届董事会第二十七次会议决议公告
2025-11-11,601958,0,5,0,0,0,0.0,0.35,general_news,金钼股份第五届董事会第二十七次会议决议公告
2025-11-12,601958,0,5,0,0,0,0.0,0.35,general_news,金钼股份第五届董事会第二十七次会议决议公告
2025-11-13,601958,0,5,0,0,0,0.0,0.35,general_news,金钼股份第五届董事会第二十七次会议决议公告
2025-11-14,601958,0,5,0,0,0,0.0,0.35,general_news,金钼股份第五届董事会第二十七次会议决议公告
2025-11-17,601958,0,4,0,0,0,0.0,0.35,general_news,金钼股份第五届董事会第二十七次会议决议公告
2025-11-18,601958,0,4,0,0,0,0.0,0.35,general_news,金钼股份第五届董事会第二十七次会议决议公告
2025-11-19,601958,0,4,0,0,0,0.0,0.35,general_news,金钼股份第五届董事会第二十七次会议决议公告
2025-11-20,601958,0,4,0,0,0,0.0,0.35,general_news,金钼股份第五届董事会第二十七次会议决议公告
2025-11-21,601958,0,4,0,0,0,0.0,0.35,general_news,金钼股份第五届董事会第二十七次会议决议公告
2025-11-24,601958,0,4,0,0,0,0.0,0.35,general_news,金钼股份第五届董事会第二十七次会议决议公告
2025-11-25,601958,0,4,0,0,0,0.0,0.35,general_news,金钼股份第五届董事会第二十七次会议决议公告
2025-11-26,601958,0,4,0,0,0,0.0,0.35,general_news,金钼股份第五届董事会第二十七次会议决议公告
2025-11-27,601958,0,4,0,0,0,0.0,0.35,general_news,金钼股份第五届董事会第二十七次会议决议公告
2025-11-28,601958,0,4,0,0,0,0.0,0.35,general_news,金钼股份第五届董事会第二十七次会议决议公告
2025-12-15,601958,7,7,0,0,0,0.0,0.35000000000000003,general_news,独立董事提名人声明与承诺
2025-12-16,601958,7,7,0,0,0,0.0,0.35000000000000003,general_news,独立董事提名人声明与承诺
2025-12-17,601958,7,7,0,0,0,0.0,0.35000000000000003,general_news,独立董事提名人声明与承诺
2025-12-18,601958,7,7,0,0,0,0.0,0.35000000000000003,general_news,独立董事提名人声明与承诺
2025-12-19,601958,0,7,0,0,0,0.0,0.35000000000000003,general_news,独立董事提名人声明与承诺
2025-12-22,601958,0,7,0,0,0,0.0,0.35000000000000003,general_news,独立董事提名人声明与承诺
2025-12-23,601958,0,7,0,0,0,0.0,0.35000000000000003,general_news,独立董事提名人声明与承诺
2025-12-24,601958,0,7,0,0,0,0.0,0.35000000000000003,general_news,独立董事提名人声明与承诺
2025-12-25,601958,0,7,0,0,0,0.0,0.35000000000000003,general_news,独立董事提名人声明与承诺
2025-12-26,601958,0,7,0,0,0,0.0,0.35000000000000003,general_news,独立董事提名人声明与承诺
2025-12-29,601958,0,7,0,0,0,0.0,0.35000000000000003,general_news,独立董事提名人声明与承诺
2025-12-30,601958,0,7,0,0,0,0.0,0.35000000000000003,general_news,独立董事提名人声明与承诺
2025-12-31,601958,0,7,0,0,0,0.0,0.35000000000000003,general_news,独立董事提名人声明与承诺
2026-01-01,601958,0,7,0,0,0,0.0,0.35000000000000003,general_news,独立董事提名人声明与承诺
2026-01-02,601958,0,7,0,0,0,0.0,0.35000000000000003,general_news,独立董事提名人声明与承诺
2026-01-05,601958,0,7,0,0,0,0.0,0.35000000000000003,general_news,独立董事提名人声明与承诺
2026-01-06,601958,0,7,0,0,0,0.0,0.35000000000000003,general_news,独立董事提名人声明与承诺
2026-01-07,601958,0,7,0,0,0,0.0,0.35000000000000003,general_news,独立董事提名人声明与承诺
2026-01-08,601958,0,7,0,0,0,0.0,0.35000000000000003,general_news,独立董事提名人声明与承诺
2026-01-09,601958,0,7,0,0,0,0.0,0.35000000000000003,general_news,独立董事提名人声明与承诺
2026-01-12,601958,0,7,0,0,0,0.0,0.35000000000000003,general_news,独立董事提名人声明与承诺
2026-01-16,601958,2,2,1,0,0,0.225,0.49,general_news,金钼股份关于变更审计报告签字注册会计师和质控合伙人的公告
2026-01-19,601958,2,2,1,0,0,0.22499999999999998,0.49,general_news,金钼股份关于变更审计报告签字注册会计师和质控合伙人的公告
2026-01-20,601958,2,2,1,0,0,0.225,0.49,general_news,金钼股份关于变更审计报告签字注册会计师和质控合伙人的公告
2026-01-21,601958,2,2,1,0,0,0.225,0.49,general_news,金钼股份关于变更审计报告签字注册会计师和质控合伙人的公告
2026-01-22,601958,2,4,1,0,0,-0.03827376370459858,0.56,shareholder_change,金钼股份关于召开2026年第一次临时股东会的通知
2026-01-23,601958,2,4,1,0,0,-0.038273763704598576,0.56,shareholder_change,金钼股份关于召开2026年第一次临时股东会的通知
2026-01-26,601958,2,4,1,0,0,-0.0382737637045986,0.56,shareholder_change,金钼股份关于召开2026年第一次临时股东会的通知
2026-01-27,601958,2,4,1,0,0,-0.03827376370459859,0.56,shareholder_change,金钼股份关于召开2026年第一次临时股东会的通知
2026-01-28,601958,0,4,1,0,0,-0.03827376370459856,0.56,shareholder_change,金钼股份关于召开2026年第一次临时股东会的通知
2026-01-29,601958,0,4,1,0,0,-0.038273763704598604,0.56,shareholder_change,金钼股份关于召开2026年第一次临时股东会的通知
2026-01-30,601958,1,5,1,0,0,-0.018219222980355082,0.518,general_news,金钼股份2025年度业绩快报公告
2026-02-02,601958,1,5,1,0,0,-0.01821922298035508,0.518,general_news,金钼股份2025年度业绩快报公告
2026-02-03,601958,1,5,1,0,0,-0.018219222980355092,0.518,general_news,金钼股份2025年度业绩快报公告
2026-02-04,601958,1,5,1,0,0,-0.018219222980355082,0.518,general_news,金钼股份2025年度业绩快报公告
2026-02-05,601958,0,5,1,0,0,-0.018219222980355086,0.518,general_news,金钼股份2025年度业绩快报公告
2026-02-06,601958,0,5,1,0,0,-0.018219222980355082,0.518,general_news,金钼股份2025年度业绩快报公告
2026-02-09,601958,8,13,1,0,0,-0.07098561249605824,0.5007692307692306,shareholder_change,金钼股份股东会议事规则
2026-02-10,601958,8,13,1,0,0,-0.07098561249605824,0.5007692307692306,shareholder_change,金钼股份股东会议事规则
2026-02-11,601958,8,13,1,0,0,-0.07098561249605828,0.5007692307692306,shareholder_change,金钼股份股东会议事规则
2026-02-12,601958,8,13,1,0,0,-0.07098561249605828,0.5007692307692306,shareholder_change,金钼股份股东会议事规则
2026-02-13,601958,0,13,1,0,0,-0.07098561249605827,0.5007692307692306,shareholder_change,金钼股份股东会议事规则
2026-02-16,601958,0,11,0,0,0,-0.07398351695460756,0.5027272727272727,shareholder_change,金钼股份股东会议事规则
2026-02-17,601958,0,11,0,0,0,-0.07398351695460756,0.5027272727272727,shareholder_change,金钼股份股东会议事规则
2026-02-18,601958,0,11,0,0,0,-0.07398351695460757,0.5027272727272727,shareholder_change,金钼股份股东会议事规则
2026-02-19,601958,0,11,0,0,0,-0.07398351695460757,0.5027272727272727,shareholder_change,金钼股份股东会议事规则
2026-02-20,601958,0,11,0,0,0,-0.07398351695460759,0.5027272727272727,shareholder_change,金钼股份股东会议事规则
2026-02-23,601958,0,9,0,0,0,-0.07212486351006787,0.4744444444444444,shareholder_change,金钼股份股东会议事规则
2026-02-24,601958,0,9,0,0,0,-0.07212486351006787,0.4744444444444444,shareholder_change,金钼股份股东会议事规则
2026-02-25,601958,0,9,0,0,0,-0.07212486351006789,0.4744444444444444,shareholder_change,金钼股份股东会议事规则
2026-02-26,601958,0,9,0,0,0,-0.07212486351006787,0.4744444444444444,shareholder_change,金钼股份股东会议事规则
2026-02-27,601958,0,9,0,0,0,-0.07212486351006787,0.4744444444444444,shareholder_change,金钼股份股东会议事规则
2026-03-02,601958,0,8,0,0,0,-0.075,0.49,shareholder_change,金钼股份股东会议事规则
2026-03-03,601958,0,8,0,0,0,-0.075,0.49,shareholder_change,金钼股份股东会议事规则
2026-03-04,601958,0,8,0,0,0,-0.075,0.49,shareholder_change,金钼股份股东会议事规则
2026-03-05,601958,0,8,0,0,0,-0.075,0.49,shareholder_change,金钼股份股东会议事规则
2026-03-06,601958,1,9,1,0,0,0.3740917162191986,0.5055555555555555,ma_restructuring,金钼股份关于收购参股公司部分股权进展的公告
2026-03-09,601958,1,9,1,0,0,0.37409171621919857,0.5055555555555555,ma_restructuring,金钼股份关于收购参股公司部分股权进展的公告
2026-03-10,601958,1,1,1,0,0,0.45,0.63,ma_restructuring,金钼股份关于收购参股公司部分股权进展的公告
2026-03-11,601958,1,1,1,0,0,0.45,0.63,ma_restructuring,金钼股份关于收购参股公司部分股权进展的公告
2026-03-12,601958,0,1,1,0,0,0.45000000000000007,0.63,ma_restructuring,金钼股份关于收购参股公司部分股权进展的公告
2026-03-13,601958,0,1,1,0,0,0.45000000000000007,0.63,ma_restructuring,金钼股份关于收购参股公司部分股权进展的公告
2026-03-16,601958,0,1,1,0,0,0.44999999999999996,0.63,ma_restructuring,金钼股份关于收购参股公司部分股权进展的公告
2026-03-17,601958,0,1,1,0,0,0.45,0.63,ma_restructuring,金钼股份关于收购参股公司部分股权进展的公告
2026-03-18,601958,0,1,1,0,0,0.45000000000000007,0.63,ma_restructuring,金钼股份关于收购参股公司部分股权进展的公告
2026-03-19,601958,0,1,1,0,0,0.45,0.63,ma_restructuring,金钼股份关于收购参股公司部分股权进展的公告
2026-03-20,601958,0,1,1,0,0,0.45,0.63,ma_restructuring,金钼股份关于收购参股公司部分股权进展的公告
2026-03-23,601958,0,1,1,0,0,0.45,0.63,ma_restructuring,金钼股份关于收购参股公司部分股权进展的公告
2026-03-24,601958,0,1,1,0,0,0.45,0.63,ma_restructuring,金钼股份关于收购参股公司部分股权进展的公告
2026-03-25,601958,0,1,1,0,0,0.45,0.63,ma_restructuring,金钼股份关于收购参股公司部分股权进展的公告
2026-03-26,601958,0,1,1,0,0,0.45,0.63,ma_restructuring,金钼股份关于收购参股公司部分股权进展的公告
2026-03-27,601958,0,1,1,0,0,0.44999999999999996,0.63,ma_restructuring,金钼股份关于收购参股公司部分股权进展的公告
2026-03-30,601958,0,1,1,0,0,0.45,0.63,ma_restructuring,金钼股份关于收购参股公司部分股权进展的公告
2026-03-31,601958,0,1,1,0,0,0.45,0.63,ma_restructuring,金钼股份关于收购参股公司部分股权进展的公告
2026-04-01,601958,0,1,1,0,0,0.44999999999999996,0.63,ma_restructuring,金钼股份关于收购参股公司部分股权进展的公告
2026-04-02,601958,0,1,1,0,0,0.45,0.63,ma_restructuring,金钼股份关于收购参股公司部分股权进展的公告
2026-04-03,601958,0,1,1,0,0,0.45,0.63,ma_restructuring,金钼股份关于收购参股公司部分股权进展的公告
2026-04-06,601958,19,19,0,0,0,0.0,0.3499999999999999,general_news,金钼股份2025年度独立董事述职报告（张金钰）
2026-04-07,601958,19,19,0,0,0,0.0,0.3499999999999999,general_news,金钼股份2025年度独立董事述职报告（张金钰）
2026-04-08,601958,19,19,0,0,0,0.0,0.3499999999999999,general_news,金钼股份2025年度独立董事述职报告（张金钰）
2026-04-09,601958,19,19,0,0,0,0.0,0.3499999999999999,general_news,金钼股份2025年度独立董事述职报告（张金钰）
2026-04-10,601958,0,19,0,0,0,0.0,0.3499999999999999,general_news,金钼股份2025年度独立董事述职报告（张金钰）
2026-04-13,601958,0,19,0,0,0,0.0,0.3499999999999999,general_news,金钼股份2025年度独立董事述职报告（张金钰）
2026-04-14,601958,0,19,0,0,0,0.0,0.3499999999999999,general_news,金钼股份2025年度独立董事述职报告（张金钰）
2026-04-15,601958,0,19,0,0,0,0.0,0.3499999999999999,general_news,金钼股份2025年度独立董事述职报告（张金钰）
2026-04-16,601958,0,19,0,0,0,0.0,0.3499999999999999,general_news,金钼股份2025年度独立董事述职报告（张金钰）
2026-04-17,601958,0,19,0,0,0,0.0,0.3499999999999999,general_news,金钼股份2025年度独立董事述职报告（张金钰）
2026-04-20,601958,0,19,0,0,0,0.0,0.3499999999999999,general_news,金钼股份2025年度独立董事述职报告（张金钰）
2026-04-21,601958,0,19,0,0,0,0.0,0.3499999999999999,general_news,金钼股份2025年度独立董事述职报告（张金钰）
2026-04-22,601958,1,20,0,0,0,0.0,0.3499999999999999,general_news,金钼股份关于向专业投资者公开发行可续期公司债券获得中国证监会批复的公告
2026-04-23,601958,1,20,0,0,0,0.0,0.3499999999999999,general_news,金钼股份关于向专业投资者公开发行可续期公司债券获得中国证监会批复的公告
2026-04-24,601958,1,20,0,0,0,0.0,0.3499999999999999,general_news,金钼股份关于向专业投资者公开发行可续期公司债券获得中国证监会批复的公告
2026-04-27,601958,1,20,0,0,0,0.0,0.3499999999999999,general_news,金钼股份关于向专业投资者公开发行可续期公司债券获得中国证监会批复的公告
2026-04-28,601958,0,20,0,0,0,0.0,0.3499999999999999,general_news,金钼股份关于向专业投资者公开发行可续期公司债券获得中国证监会批复的公告
2026-04-29,601958,4,24,0,0,0,0.0,0.3499999999999999,general_news,金钼股份董事会授权管理管理办法（试行）
2026-04-30,601958,4,24,0,0,0,0.0,0.3499999999999999,general_news,金钼股份董事会授权管理管理办法（试行）
2026-05-01,601958,4,24,0,0,0,0.0,0.3499999999999999,general_news,金钼股份董事会授权管理管理办法（试行）
2026-05-04,601958,4,24,0,0,0,0.0,0.3499999999999999,general_news,金钼股份董事会授权管理管理办法（试行）
2026-05-05,601958,0,5,0,0,0,0.0,0.35,general_news,金钼股份2026年第3次董事会会议决议公告
2026-05-06,601958,0,5,0,0,0,0.0,0.35,general_news,金钼股份2026年第3次董事会会议决议公告
2026-05-07,601958,0,5,0,0,0,0.0,0.35,general_news,金钼股份2026年第3次董事会会议决议公告
2026-05-08,601958,0,5,0,0,0,0.0,0.35,general_news,金钼股份2026年第3次董事会会议决议公告
2026-05-11,601958,0,5,0,0,0,0.0,0.35,general_news,金钼股份2026年第3次董事会会议决议公告
2026-05-12,601958,0,5,0,0,0,0.0,0.35,general_news,金钼股份2026年第3次董事会会议决议公告
2026-05-13,601958,1,6,0,0,0,0.0,0.35000000000000003,general_news,金钼股份关于参加“2026年陕西辖区上市公司投资者集体接待日暨2025年度业绩说明会”的公告
2026-05-14,601958,1,6,0,0,0,0.0,0.35000000000000003,general_news,金钼股份关于参加“2026年陕西辖区上市公司投资者集体接待日暨2025年度业绩说明会”的公告
2026-05-15,601958,1,6,0,0,0,0.0,0.35000000000000003,general_news,金钼股份关于参加“2026年陕西辖区上市公司投资者集体接待日暨2025年度业绩说明会”的公告
2026-05-18,601958,1,6,0,0,0,0.0,0.35000000000000003,general_news,金钼股份关于参加“2026年陕西辖区上市公司投资者集体接待日暨2025年度业绩说明会”的公告
2026-05-19,601958,0,6,0,0,0,0.0,0.35000000000000003,general_news,金钼股份关于参加“2026年陕西辖区上市公司投资者集体接待日暨2025年度业绩说明会”的公告
2026-05-20,601958,0,6,0,0,0,0.0,0.35000000000000003,general_news,金钼股份关于参加“2026年陕西辖区上市公司投资者集体接待日暨2025年度业绩说明会”的公告
2026-05-21,601958,0,6,0,0,0,0.0,0.35000000000000003,general_news,金钼股份关于参加“2026年陕西辖区上市公司投资者集体接待日暨2025年度业绩说明会”的公告
2026-05-22,601958,0,6,0,0,0,0.0,0.35000000000000003,general_news,金钼股份关于参加“2026年陕西辖区上市公司投资者集体接待日暨2025年度业绩说明会”的公告
2026-05-25,601958,0,5,0,0,0,0.0,0.35,general_news,金钼股份关于参加“2026年陕西辖区上市公司投资者集体接待日暨2025年度业绩说明会”的公告
2026-05-26,601958,0,5,0,0,0,0.0,0.35,general_news,金钼股份关于参加“2026年陕西辖区上市公司投资者集体接待日暨2025年度业绩说明会”的公告
2026-05-27,601958,0,5,0,0,0,0.0,0.35,general_news,金钼股份关于参加“2026年陕西辖区上市公司投资者集体接待日暨2025年度业绩说明会”的公告
2026-05-28,601958,2,7,2,0,0,0.3439059409932552,0.43000000000000005,order_contract,3天2板后，601958澄清：网传信息不实
2026-05-29,601958,3,8,2,0,0,0.22492843780655428,0.42,general_news,金钼股份股票交易异常波动公告
2026-06-01,601958,3,4,2,0,0,0.2292957998772859,0.49,general_news,金钼股份股票交易异常波动公告
2026-06-02,601958,3,4,2,0,0,0.22929579987728588,0.49,general_news,金钼股份股票交易异常波动公告
2026-06-03,601958,3,6,2,0,0,0.005395287114621301,0.5366666666666667,shareholder_change,金钼股份关于召开2025年年度股东会的通知
2026-06-04,601958,2,6,2,0,0,0.0053952871146213,0.5366666666666667,shareholder_change,金钼股份关于召开2025年年度股东会的通知
2026-06-05,601958,3,7,2,0,0,0.003873799716418426,0.51,general_news,金钼股份：拟出资5.1亿元设立合资子公司建设钼基新材料基地
2025-11-18,603993,10,10,0,0,0,-0.05500000000000001,0.434,general_news,洛阳钼业子公司管理制度
2025-11-19,603993,10,10,0,0,0,-0.05500000000000001,0.434,general_news,洛阳钼业子公司管理制度
2025-11-20,603993,10,10,0,0,0,-0.05499999999999999,0.434,general_news,洛阳钼业子公司管理制度
2025-11-21,603993,10,10,0,0,0,-0.055,0.434,general_news,洛阳钼业子公司管理制度
2025-11-24,603993,0,10,0,0,0,-0.05499999999999999,0.434,general_news,洛阳钼业子公司管理制度
2025-11-25,603993,0,10,0,0,0,-0.055,0.434,general_news,洛阳钼业子公司管理制度
2025-11-26,603993,0,10,0,0,0,-0.05500000000000001,0.434,general_news,洛阳钼业子公司管理制度
2025-11-27,603993,0,10,0,0,0,-0.05499999999999999,0.434,general_news,洛阳钼业子公司管理制度
2025-11-28,603993,0,10,0,0,0,-0.055,0.434,general_news,洛阳钼业子公司管理制度
2025-12-01,603993,0,10,0,0,0,-0.05499999999999999,0.434,general_news,洛阳钼业子公司管理制度
2025-12-02,603993,0,10,0,0,0,-0.05499999999999999,0.434,general_news,洛阳钼业子公司管理制度
2025-12-03,603993,2,12,0,0,0,-0.02033458682816291,0.41999999999999993,general_news,洛阳钼业关于全资子公司认购基金份额的公告
2025-12-04,603993,2,12,0,0,0,-0.020334586828162922,0.41999999999999993,general_news,洛阳钼业关于全资子公司认购基金份额的公告
2025-12-05,603993,2,12,0,0,0,-0.020334586828162915,0.41999999999999993,general_news,洛阳钼业关于全资子公司认购基金份额的公告
2025-12-08,603993,2,12,0,0,0,-0.02033458682816292,0.41999999999999993,general_news,洛阳钼业关于全资子公司认购基金份额的公告
2025-12-09,603993,13,25,0,0,0,-0.022819519184472694,0.4059999999999999,general_news,洛阳钼业募集资金管理制度
2025-12-10,603993,13,25,0,0,0,-0.022819519184472694,0.4059999999999999,general_news,洛阳钼业募集资金管理制度
2025-12-11,603993,13,25,0,0,0,-0.02281951918447269,0.4059999999999999,general_news,洛阳钼业募集资金管理制度
2025-12-12,603993,14,26,0,0,0,-0.02061387084329479,0.40384615384615385,general_news,洛阳钼业关于对外担保计划的公告
2025-12-15,603993,3,28,1,0,0,0.03559226164353867,0.41,general_news,洛阳钼业第七届董事会第八次临时会议决议公告
2025-12-16,603993,3,28,1,0,0,0.03559226164353869,0.41,general_news,洛阳钼业第七届董事会第八次临时会议决议公告
2025-12-17,603993,3,28,1,0,0,0.03559226164353868,0.41,general_news,洛阳钼业第七届董事会第八次临时会议决议公告
2025-12-18,603993,2,28,1,0,0,0.03559226164353869,0.41,general_news,洛阳钼业第七届董事会第八次临时会议决议公告
2025-12-19,603993,2,18,1,0,0,0.03783657804195708,0.3966666666666666,general_news,洛阳钼业第七届董事会第八次临时会议决议公告
2025-12-22,603993,0,18,1,0,0,0.03783657804195707,0.3966666666666666,general_news,洛阳钼业第七届董事会第八次临时会议决议公告
2025-12-23,603993,0,18,1,0,0,0.037836578041957065,0.3966666666666666,general_news,洛阳钼业第七届董事会第八次临时会议决议公告
2025-12-24,603993,0,18,1,0,0,0.03783657804195705,0.3966666666666666,general_news,洛阳钼业第七届董事会第八次临时会议决议公告
2025-12-25,603993,0,18,1,0,0,0.03783657804195706,0.3966666666666666,general_news,洛阳钼业第七届董事会第八次临时会议决议公告
2025-12-26,603993,0,18,1,0,0,0.037836578041957065,0.3966666666666666,general_news,洛阳钼业第七届董事会第八次临时会议决议公告
2025-12-29,603993,0,18,1,0,0,0.03783657804195708,0.3966666666666666,general_news,洛阳钼业第七届董事会第八次临时会议决议公告
2025-12-30,603993,0,18,1,0,0,0.03783657804195707,0.3966666666666666,general_news,洛阳钼业第七届董事会第八次临时会议决议公告
2025-12-31,603993,0,18,1,0,0,0.03783657804195707,0.3966666666666666,general_news,洛阳钼业第七届董事会第八次临时会议决议公告
2026-01-01,603993,0,18,1,0,0,0.03783657804195707,0.3966666666666666,general_news,洛阳钼业第七届董事会第八次临时会议决议公告
2026-01-02,603993,0,18,1,0,0,0.03783657804195704,0.3966666666666666,general_news,洛阳钼业第七届董事会第八次临时会议决议公告
2026-01-05,603993,0,16,1,0,0,0.03950500071484615,0.40249999999999997,ma_restructuring,洛阳钼业关于收购金矿项目的公告
2026-01-06,603993,0,16,1,0,0,0.03950500071484617,0.40249999999999997,ma_restructuring,洛阳钼业关于收购金矿项目的公告
2026-01-07,603993,0,16,1,0,0,0.03950500071484617,0.40249999999999997,ma_restructuring,洛阳钼业关于收购金矿项目的公告
2026-01-08,603993,0,16,1,0,0,0.03950500071484616,0.40249999999999997,ma_restructuring,洛阳钼业关于收购金矿项目的公告
2026-01-09,603993,0,3,1,0,0,0.1697191563659876,0.44333333333333336,ma_restructuring,洛阳钼业关于收购金矿项目的公告
2026-01-12,603993,0,2,1,0,0,0.225,0.49,ma_restructuring,洛阳钼业关于收购金矿项目的公告
2026-01-13,603993,0,2,1,0,0,0.225,0.49,ma_restructuring,洛阳钼业关于收购金矿项目的公告
2026-01-14,603993,0,2,1,0,0,0.225,0.49,ma_restructuring,洛阳钼业关于收购金矿项目的公告
2026-01-16,603993,5,5,3,0,0,0.22999999999999998,0.518,general_news,洛阳钼业关于公司使用自有资金进行理财和委托理财的公告
2026-01-19,603993,6,6,3,0,0,0.18688353839668884,0.49,general_news,洛阳钼业关于对外担保计划的公告
2026-01-20,603993,8,8,3,0,0,0.11861594908894395,0.45499999999999996,general_news,洛阳钼业关于拟根据一般性授权发行12亿美元于2027年到期的零息有担保可换股债券的公告
2026-01-21,603993,8,8,3,0,0,0.11861594908894392,0.45499999999999996,general_news,洛阳钼业关于拟根据一般性授权发行12亿美元于2027年到期的零息有担保可换股债券的公告
2026-01-22,603993,3,8,3,0,0,0.11861594908894393,0.45499999999999996,general_news,洛阳钼业关于拟根据一般性授权发行12亿美元于2027年到期的零息有担保可换股债券的公告
2026-01-23,603993,2,8,3,0,0,0.11861594908894392,0.45499999999999996,general_news,洛阳钼业关于拟根据一般性授权发行12亿美元于2027年到期的零息有担保可换股债券的公告
2026-01-26,603993,1,9,4,0,0,0.2183266894418228,0.4744444444444444,ma_restructuring,洛阳钼业关于收购金矿项目完成交割的公告
2026-01-27,603993,3,11,4,0,0,0.12886739697131872,0.4518181818181818,general_news,洛阳钼业关于完成发行12亿美元于2027年到期的零息有担保可换股债券的公告
2026-01-28,603993,3,11,4,0,0,0.12886739697131874,0.4518181818181818,general_news,洛阳钼业关于完成发行12亿美元于2027年到期的零息有担保可换股债券的公告
2026-01-29,603993,3,11,4,0,0,0.12886739697131866,0.4518181818181818,general_news,洛阳钼业关于完成发行12亿美元于2027年到期的零息有担保可换股债券的公告
2026-01-30,603993,3,11,4,0,0,0.1288673969713187,0.4518181818181818,general_news,洛阳钼业关于完成发行12亿美元于2027年到期的零息有担保可换股债券的公告
2026-02-02,603993,0,11,4,0,0,0.1288673969713187,0.4518181818181818,general_news,洛阳钼业关于完成发行12亿美元于2027年到期的零息有担保可换股债券的公告
2026-02-03,603993,0,11,4,0,0,0.1288673969713187,0.4518181818181818,general_news,洛阳钼业关于完成发行12亿美元于2027年到期的零息有担保可换股债券的公告
2026-02-04,603993,0,11,4,0,0,0.1288673969713187,0.4518181818181818,general_news,洛阳钼业关于完成发行12亿美元于2027年到期的零息有担保可换股债券的公告
2026-02-05,603993,0,11,4,0,0,0.12886739697131872,0.4518181818181818,general_news,洛阳钼业关于完成发行12亿美元于2027年到期的零息有担保可换股债券的公告
2026-02-06,603993,0,11,4,0,0,0.12886739697131872,0.4518181818181818,general_news,洛阳钼业关于完成发行12亿美元于2027年到期的零息有担保可换股债券的公告
2026-02-09,603993,0,11,4,0,0,0.12886739697131872,0.4518181818181818,general_news,洛阳钼业关于完成发行12亿美元于2027年到期的零息有担保可换股债券的公告
2026-02-10,603993,0,11,4,0,0,0.12886739697131872,0.4518181818181818,general_news,洛阳钼业关于完成发行12亿美元于2027年到期的零息有担保可换股债券的公告
2026-02-11,603993,1,12,4,0,0,0.04692394991789947,0.4433333333333333,general_news,洛阳钼业关于对下属子公司及合营公司提供担保的公告
2026-02-12,603993,1,12,4,0,0,0.04692394991789945,0.4433333333333333,general_news,洛阳钼业关于对下属子公司及合营公司提供担保的公告
2026-02-13,603993,1,12,4,0,0,0.04692394991789944,0.4433333333333333,general_news,洛阳钼业关于对下属子公司及合营公司提供担保的公告
2026-02-16,603993,1,7,1,0,0,0.031545662142891145,0.39,general_news,洛阳钼业关于对下属子公司及合营公司提供担保的公告
2026-02-17,603993,0,6,1,0,0,0.0321690915894057,0.39666666666666667,general_news,洛阳钼业关于对下属子公司及合营公司提供担保的公告
2026-02-18,603993,0,6,1,0,0,0.0321690915894057,0.39666666666666667,general_news,洛阳钼业关于对下属子公司及合营公司提供担保的公告
2026-02-19,603993,0,6,1,0,0,0.032169091589405716,0.39666666666666667,general_news,洛阳钼业关于对下属子公司及合营公司提供担保的公告
2026-02-20,603993,0,4,1,0,0,0.03424699999416286,0.41999999999999993,general_news,洛阳钼业关于对下属子公司及合营公司提供担保的公告
2026-02-23,603993,0,4,1,0,0,0.03424699999416287,0.41999999999999993,general_news,洛阳钼业关于对下属子公司及合营公司提供担保的公告
2026-02-24,603993,0,4,1,0,0,0.03424699999416287,0.41999999999999993,general_news,洛阳钼业关于对下属子公司及合营公司提供担保的公告
2026-02-25,603993,0,4,1,0,0,0.03424699999416288,0.41999999999999993,general_news,洛阳钼业关于对下属子公司及合营公司提供担保的公告
2026-02-26,603993,0,3,0,0,0,0.0,0.3499999999999999,general_news,洛阳钼业关于对下属子公司及合营公司提供担保的公告
2026-02-27,603993,0,1,0,0,0,0.0,0.35,general_news,洛阳钼业关于对下属子公司及合营公司提供担保的公告
2026-03-02,603993,0,1,0,0,0,0.0,0.35,general_news,洛阳钼业关于对下属子公司及合营公司提供担保的公告
2026-03-03,603993,0,1,0,0,0,0.0,0.35,general_news,洛阳钼业关于对下属子公司及合营公司提供担保的公告
2026-03-04,603993,0,1,0,0,0,0.0,0.35,general_news,洛阳钼业关于对下属子公司及合营公司提供担保的公告
2026-03-05,603993,0,1,0,0,0,0.0,0.35,general_news,洛阳钼业关于对下属子公司及合营公司提供担保的公告
2026-03-06,603993,0,1,0,0,0,0.0,0.35,general_news,洛阳钼业关于对下属子公司及合营公司提供担保的公告
2026-03-09,603993,0,1,0,0,0,0.0,0.35,general_news,洛阳钼业关于对下属子公司及合营公司提供担保的公告
2026-03-10,603993,0,1,0,0,0,0.0,0.35,general_news,洛阳钼业关于对下属子公司及合营公司提供担保的公告
2026-03-11,603993,0,1,0,0,0,0.0,0.35,general_news,洛阳钼业关于对下属子公司及合营公司提供担保的公告
2026-03-12,603993,0,1,0,0,0,0.0,0.35,general_news,洛阳钼业关于对下属子公司及合营公司提供担保的公告
2026-03-13,603993,0,1,0,0,0,0.0,0.35,general_news,洛阳钼业关于对下属子公司及合营公司提供担保的公告
2026-03-19,603993,1,1,0,0,0,0.0,0.35,general_news,洛阳钼业关于对下属子公司及合营公司提供担保的公告
2026-03-20,603993,1,1,0,0,0,0.0,0.35,general_news,洛阳钼业关于对下属子公司及合营公司提供担保的公告
2026-03-23,603993,2,2,0,0,0,0.0,0.35,general_news,洛阳钼业关于召开2025年年度业绩说明会的公告
2026-03-24,603993,2,2,0,0,0,0.0,0.35,general_news,洛阳钼业关于召开2025年年度业绩说明会的公告
2026-03-25,603993,1,2,0,0,0,0.0,0.35,general_news,洛阳钼业关于召开2025年年度业绩说明会的公告
2026-03-26,603993,1,2,0,0,0,0.0,0.35,general_news,洛阳钼业关于召开2025年年度业绩说明会的公告
2026-03-27,603993,0,2,0,0,0,0.0,0.35,general_news,洛阳钼业关于召开2025年年度业绩说明会的公告
2026-03-30,603993,22,24,0,0,0,-0.015456406153219691,0.36166666666666664,general_news,德勤华永会计师事务所(特殊普通合伙）关于洛阳钼业2025年度内部控制审计报告
2026-03-31,603993,22,24,0,0,0,-0.015456406153219691,0.36166666666666664,general_news,德勤华永会计师事务所(特殊普通合伙）关于洛阳钼业2025年度内部控制审计报告
2026-04-01,603993,22,24,0,0,0,-0.01545640615321969,0.36166666666666664,general_news,德勤华永会计师事务所(特殊普通合伙）关于洛阳钼业2025年度内部控制审计报告
2026-04-02,603993,24,26,0,0,0,-0.013094006505424317,0.36076923076923073,general_news,H股市场公告-洛阳钼业2025年年度报告（H股）
2026-04-03,603993,2,26,0,0,0,-0.013094006505424317,0.36076923076923073,general_news,H股市场公告-洛阳钼业2025年年度报告（H股）
2026-04-06,603993,2,26,0,0,0,-0.013094006505424317,0.36076923076923073,general_news,H股市场公告-洛阳钼业2025年年度报告（H股）
2026-04-07,603993,2,26,0,0,0,-0.013094006505424315,0.36076923076923073,general_news,H股市场公告-洛阳钼业2025年年度报告（H股）
2026-04-08,603993,2,28,0,0,0,-0.049345779438556774,0.3799999999999999,shareholder_change,洛阳钼业关于召开2025年年度股东会、2026年第一次A股类别股东会和2026年第一次H股类别股东会的通知
2026-04-09,603993,2,28,0,0,0,-0.04934577943855676,0.3799999999999999,shareholder_change,洛阳钼业关于召开2025年年度股东会、2026年第一次A股类别股东会和2026年第一次H股类别股东会的通知
2026-04-10,603993,2,28,0,0,0,-0.04934577943855678,0.3799999999999999,shareholder_change,洛阳钼业关于召开2025年年度股东会、2026年第一次A股类别股东会和2026年第一次H股类别股东会的通知
2026-04-13,603993,2,28,0,0,0,-0.04934577943855676,0.3799999999999999,shareholder_change,洛阳钼业关于召开2025年年度股东会、2026年第一次A股类别股东会和2026年第一次H股类别股东会的通知
2026-04-14,603993,0,28,0,0,0,-0.04934577943855676,0.3799999999999999,shareholder_change,洛阳钼业关于召开2025年年度股东会、2026年第一次A股类别股东会和2026年第一次H股类别股东会的通知
2026-04-15,603993,0,28,0,0,0,-0.049345779438556774,0.3799999999999999,shareholder_change,洛阳钼业关于召开2025年年度股东会、2026年第一次A股类别股东会和2026年第一次H股类别股东会的通知
2026-04-16,603993,0,28,0,0,0,-0.04934577943855677,0.3799999999999999,shareholder_change,洛阳钼业关于召开2025年年度股东会、2026年第一次A股类别股东会和2026年第一次H股类别股东会的通知
2026-04-17,603993,0,28,0,0,0,-0.04934577943855677,0.3799999999999999,shareholder_change,洛阳钼业关于召开2025年年度股东会、2026年第一次A股类别股东会和2026年第一次H股类别股东会的通知
2026-04-20,603993,0,27,0,0,0,-0.04972387395104737,0.381111111111111,shareholder_change,洛阳钼业关于召开2025年年度股东会、2026年第一次A股类别股东会和2026年第一次H股类别股东会的通知
2026-04-21,603993,0,26,0,0,0,-0.05023608660007713,0.38230769230769224,shareholder_change,洛阳钼业关于召开2025年年度股东会、2026年第一次A股类别股东会和2026年第一次H股类别股东会的通知
2026-04-22,603993,0,26,0,0,0,-0.05023608660007715,0.38230769230769224,shareholder_change,洛阳钼业关于召开2025年年度股东会、2026年第一次A股类别股东会和2026年第一次H股类别股东会的通知
2026-04-23,603993,0,26,0,0,0,-0.05023608660007713,0.38230769230769224,shareholder_change,洛阳钼业关于召开2025年年度股东会、2026年第一次A股类别股东会和2026年第一次H股类别股东会的通知
2026-04-24,603993,0,26,0,0,0,-0.05023608660007715,0.38230769230769224,shareholder_change,洛阳钼业关于召开2025年年度股东会、2026年第一次A股类别股东会和2026年第一次H股类别股东会的通知
2026-04-27,603993,5,31,0,0,0,-0.005811587530866697,0.37709677419354826,general_news,洛阳钼业2026年第一季度报告（更正版）
2026-04-28,603993,5,9,0,0,0,-0.005036761716601423,0.4122222222222222,general_news,洛阳钼业第七届董事会第九次会议决议公告
2026-04-29,603993,9,13,0,0,0,-0.04521422418695604,0.43615384615384606,shareholder_change,上海市通力律师事务所关于洛阳栾川钼业集团股份有限公司2025年年度股东会、2026年第一次A股类别股东会、2026年第一次H股类别股东会的法律意见书
2026-04-30,603993,9,13,0,0,0,-0.04521422418695605,0.43615384615384606,shareholder_change,上海市通力律师事务所关于洛阳栾川钼业集团股份有限公司2025年年度股东会、2026年第一次A股类别股东会、2026年第一次H股类别股东会的法律意见书
2026-05-01,603993,4,13,0,0,0,-0.04521422418695604,0.43615384615384606,shareholder_change,上海市通力律师事务所关于洛阳栾川钼业集团股份有限公司2025年年度股东会、2026年第一次A股类别股东会、2026年第一次H股类别股东会的法律意见书
2026-05-04,603993,4,11,0,0,0,-0.04549019589012188,0.4518181818181818,shareholder_change,上海市通力律师事务所关于洛阳栾川钼业集团股份有限公司2025年年度股东会、2026年第一次A股类别股东会、2026年第一次H股类别股东会的法律意见书
2026-05-05,603993,0,11,0,0,0,-0.04549019589012189,0.4518181818181818,shareholder_change,上海市通力律师事务所关于洛阳栾川钼业集团股份有限公司2025年年度股东会、2026年第一次A股类别股东会、2026年第一次H股类别股东会的法律意见书
2026-05-06,603993,0,11,0,0,0,-0.04549019589012188,0.4518181818181818,shareholder_change,上海市通力律师事务所关于洛阳栾川钼业集团股份有限公司2025年年度股东会、2026年第一次A股类别股东会、2026年第一次H股类别股东会的法律意见书
2026-05-07,603993,0,11,0,0,0,-0.04549019589012188,0.4518181818181818,shareholder_change,上海市通力律师事务所关于洛阳栾川钼业集团股份有限公司2025年年度股东会、2026年第一次A股类别股东会、2026年第一次H股类别股东会的法律意见书
2026-05-08,603993,0,11,0,0,0,-0.04549019589012189,0.4518181818181818,shareholder_change,上海市通力律师事务所关于洛阳栾川钼业集团股份有限公司2025年年度股东会、2026年第一次A股类别股东会、2026年第一次H股类别股东会的法律意见书
2026-05-11,603993,0,9,0,0,0,-0.043965122930828104,0.4122222222222222,shareholder_change,上海市通力律师事务所关于洛阳栾川钼业集团股份有限公司2025年年度股东会、2026年第一次A股类别股东会、2026年第一次H股类别股东会的法律意见书
2026-05-12,603993,0,9,0,0,0,-0.0439651229308281,0.4122222222222222,shareholder_change,上海市通力律师事务所关于洛阳栾川钼业集团股份有限公司2025年年度股东会、2026年第一次A股类别股东会、2026年第一次H股类别股东会的法律意见书
2026-05-13,603993,0,9,0,0,0,-0.043965122930828104,0.4122222222222222,shareholder_change,上海市通力律师事务所关于洛阳栾川钼业集团股份有限公司2025年年度股东会、2026年第一次A股类别股东会、2026年第一次H股类别股东会的法律意见书
2026-05-14,603993,0,9,0,0,0,-0.04396512293082811,0.4122222222222222,shareholder_change,上海市通力律师事务所关于洛阳栾川钼业集团股份有限公司2025年年度股东会、2026年第一次A股类别股东会、2026年第一次H股类别股东会的法律意见书
2026-05-15,603993,1,10,0,0,0,-0.018011205467765804,0.40599999999999997,general_news,洛阳钼业H股市场公告
2026-05-18,603993,1,10,0,0,0,-0.0180112054677658,0.40599999999999997,general_news,洛阳钼业H股市场公告
2026-05-19,603993,1,10,0,0,0,-0.018011205467765804,0.40599999999999997,general_news,洛阳钼业H股市场公告
2026-05-20,603993,2,11,0,0,0,-0.008165079484204621,0.4009090909090908,general_news,洛阳钼业2025年年度权益分派实施公告
2026-05-21,603993,2,12,0,0,0,-0.005007360242879491,0.39666666666666656,general_news,洛阳钼业关于对下属子公司及合营公司提供担保的进展公告
