source,source_url,published_at,symbol,related_symbols,title,summary,quality_flag
cninfo_disclosure,http://www.cninfo.com.cn/new/disclosure/detail?stockCode=601899&announcementId=1225357786&orgId=9900004143&announcementTime=2026-06-09 00:00:00,2026-06-09 00:00:00,601899,601899,紫金矿业集团股份有限公司第九届董事会临时会议决议公告,紫金矿业集团股份有限公司第九届董事会临时会议决议公告,ok
cninfo_disclosure,http://www.cninfo.com.cn/new/disclosure/detail?stockCode=601899&announcementId=1225355503&orgId=9900004143&announcementTime=2026-06-06 00:00:00,2026-06-06 00:00:00,601899,601899,紫金矿业集团股份有限公司第九届董事会临时会议决议公告,紫金矿业集团股份有限公司第九届董事会临时会议决议公告,ok
cninfo_disclosure,http://www.cninfo.com.cn/new/disclosure/detail?stockCode=601899&announcementId=1225355500&orgId=9900004143&announcementTime=2026-06-06 00:00:00,2026-06-06 00:00:00,601899,601899,福建至理律师事务所关于紫金矿业集团股份有限公司2025年年度股东会的法律意见书,福建至理律师事务所关于紫金矿业集团股份有限公司2025年年度股东会的法律意见书,ok
cninfo_disclosure,http://www.cninfo.com.cn/new/disclosure/detail?stockCode=601899&announcementId=1225355497&orgId=9900004143&announcementTime=2026-06-06 00:00:00,2026-06-06 00:00:00,601899,601899,紫金矿业集团股份有限公司2025年年度股东会决议公告,紫金矿业集团股份有限公司2025年年度股东会决议公告,ok
cninfo_disclosure,http://www.cninfo.com.cn/new/disclosure/detail?stockCode=601899&announcementId=1225355495&orgId=9900004143&announcementTime=2026-06-06 00:00:00,2026-06-06 00:00:00,601899,601899,紫金矿业集团股份有限公司债务融资工具信息披露事务管理制度,紫金矿业集团股份有限公司债务融资工具信息披露事务管理制度,ok
cninfo_disclosure,http://www.cninfo.com.cn/new/disclosure/detail?stockCode=601899&announcementId=1225355459&orgId=9900004143&announcementTime=2026-06-06 00:00:00,2026-06-06 00:00:00,601899,601899,紫金矿业集团股份有限公司内幕信息及知情人管理制度,紫金矿业集团股份有限公司内幕信息及知情人管理制度,ok
cninfo_disclosure,http://www.cninfo.com.cn/new/disclosure/detail?stockCode=601899&announcementId=1225347320&orgId=9900004143&announcementTime=2026-06-03 00:00:00,2026-06-03 00:00:00,601899,601899,紫金矿业集团股份有限公司关于调整2025年年度股东会现场会议召开地点的公告,紫金矿业集团股份有限公司关于调整2025年年度股东会现场会议召开地点的公告,ok
cninfo_disclosure,http://www.cninfo.com.cn/new/disclosure/detail?stockCode=601899&announcementId=1225339211&orgId=9900004143&announcementTime=2026-05-30 00:00:00,2026-05-30 00:00:00,601899,601899,紫金矿业H股市场公告,紫金矿业H股市场公告,ok
cninfo_disclosure,http://www.cninfo.com.cn/new/disclosure/detail?stockCode=601899&announcementId=1225331065&orgId=9900004143&announcementTime=2026-05-27 00:00:00,2026-05-27 00:00:00,601899,601899,紫金矿业集团股份有限公司2025年年度股东会会议材料,紫金矿业集团股份有限公司2025年年度股东会会议材料,ok
cninfo_disclosure,http://www.cninfo.com.cn/new/disclosure/detail?stockCode=601899&announcementId=1225309069&orgId=9900004143&announcementTime=2026-05-16 00:00:00,2026-05-16 00:00:00,601899,601899,紫金矿业集团股份有限公司关于召开2025年年度股东会的通知,紫金矿业集团股份有限公司关于召开2025年年度股东会的通知,ok
cninfo_disclosure,http://www.cninfo.com.cn/new/disclosure/detail?stockCode=601899&announcementId=1225286410&orgId=9900004143&announcementTime=2026-05-09 00:00:00,2026-05-09 00:00:00,601899,601899,紫金矿业集团股份有限公司第九届董事会临时会议决议公告,紫金矿业集团股份有限公司第九届董事会临时会议决议公告,ok
cninfo_disclosure,http://www.cninfo.com.cn/new/disclosure/detail?stockCode=601899&announcementId=1225286409&orgId=9900004143&announcementTime=2026-05-09 00:00:00,2026-05-09 00:00:00,601899,601899,紫金矿业集团股份有限公司九届二次职工（会员）代表大会决议公告,紫金矿业集团股份有限公司九届二次职工（会员）代表大会决议公告,ok
cninfo_disclosure,http://www.cninfo.com.cn/new/disclosure/detail?stockCode=601899&announcementId=1225286404&orgId=9900004143&announcementTime=2026-05-09 00:00:00,2026-05-09 00:00:00,601899,601899,紫金矿业集团股份有限公司2026年员工持股计划（草案）,紫金矿业集团股份有限公司2026年员工持股计划（草案）,ok
cninfo_disclosure,http://www.cninfo.com.cn/new/disclosure/detail?stockCode=601899&announcementId=1225286353&orgId=9900004143&announcementTime=2026-05-09 00:00:00,2026-05-09 00:00:00,601899,601899,紫金矿业集团股份有限公司董事会提名与薪酬委员会关于公司2026年员工持股计划相关事项的核查意见,紫金矿业集团股份有限公司董事会提名与薪酬委员会关于公司2026年员工持股计划相关事项的核查意见,ok
cninfo_disclosure,http://www.cninfo.com.cn/new/disclosure/detail?stockCode=601899&announcementId=1225286352&orgId=9900004143&announcementTime=2026-05-09 00:00:00,2026-05-09 00:00:00,601899,601899,紫金矿业集团股份有限公司董事会秘书管理制度,紫金矿业集团股份有限公司董事会秘书管理制度,ok
cninfo_disclosure,http://www.cninfo.com.cn/new/disclosure/detail?stockCode=601899&announcementId=1225286342&orgId=9900004143&announcementTime=2026-05-09 00:00:00,2026-05-09 00:00:00,601899,601899,紫金矿业集团股份有限公司2026年员工持股计划管理办法,紫金矿业集团股份有限公司2026年员工持股计划管理办法,ok
cninfo_disclosure,http://www.cninfo.com.cn/new/disclosure/detail?stockCode=601899&announcementId=1225286337&orgId=9900004143&announcementTime=2026-05-09 00:00:00,2026-05-09 00:00:00,601899,601899,福建至理律师事务所关于紫金矿业集团股份有限公司2026年员工持股计划法律意见书,福建至理律师事务所关于紫金矿业集团股份有限公司2026年员工持股计划法律意见书,ok
cninfo_disclosure,http://www.cninfo.com.cn/new/disclosure/detail?stockCode=601899&announcementId=1225286335&orgId=9900004143&announcementTime=2026-05-09 00:00:00,2026-05-09 00:00:00,601899,601899,紫金矿业集团股份有限公司2026年员工持股计划（草案）摘要,紫金矿业集团股份有限公司2026年员工持股计划（草案）摘要,ok
cninfo_disclosure,http://www.cninfo.com.cn/new/disclosure/detail?stockCode=601899&announcementId=1225272773&orgId=9900004143&announcementTime=2026-05-01 00:00:00,2026-05-01 00:00:00,601899,601899,紫金矿业H股市场公告,紫金矿业H股市场公告,ok
cninfo_disclosure,http://www.cninfo.com.cn/new/disclosure/detail?stockCode=601899&announcementId=1225201092&orgId=9900004143&announcementTime=2026-04-28 00:00:00,2026-04-28 00:00:00,601899,601899,紫金矿业H股市场公告,紫金矿业H股市场公告,ok
cninfo_disclosure,http://www.cninfo.com.cn/new/disclosure/detail?stockCode=601899&announcementId=1225141516&orgId=9900004143&announcementTime=2026-04-22 00:00:00,2026-04-22 00:00:00,601899,601899,紫金矿业集团股份有限公司证券违法违规行为内部问责制度,紫金矿业集团股份有限公司证券违法违规行为内部问责制度,ok
cninfo_disclosure,http://www.cninfo.com.cn/new/disclosure/detail?stockCode=601899&announcementId=1225141515&orgId=9900004143&announcementTime=2026-04-22 00:00:00,2026-04-22 00:00:00,601899,601899,紫金矿业集团股份有限公司未来三年（2026-2028年度）股东分红回报规划,紫金矿业集团股份有限公司未来三年（2026-2028年度）股东分红回报规划,ok
cninfo_disclosure,http://www.cninfo.com.cn/new/disclosure/detail?stockCode=601899&announcementId=1225141513&orgId=9900004143&announcementTime=2026-04-22 00:00:00,2026-04-22 00:00:00,601899,601899,紫金矿业集团股份有限公司投资者关系管理制度,紫金矿业集团股份有限公司投资者关系管理制度,ok
cninfo_disclosure,http://www.cninfo.com.cn/new/disclosure/detail?stockCode=601899&announcementId=1225141512&orgId=9900004143&announcementTime=2026-04-22 00:00:00,2026-04-22 00:00:00,601899,601899,紫金矿业集团股份有限公司信息披露管理办法,紫金矿业集团股份有限公司信息披露管理办法,ok
cninfo_disclosure,http://www.cninfo.com.cn/new/disclosure/detail?stockCode=601899&announcementId=1225141511&orgId=9900004143&announcementTime=2026-04-22 00:00:00,2026-04-22 00:00:00,601899,601899,紫金矿业集团股份有限公司市值管理制度,紫金矿业集团股份有限公司市值管理制度,ok
cninfo_disclosure,http://www.cninfo.com.cn/new/disclosure/detail?stockCode=601899&announcementId=1225141510&orgId=9900004143&announcementTime=2026-04-22 00:00:00,2026-04-22 00:00:00,601899,601899,紫金矿业集团股份有限公司总裁工作细则,紫金矿业集团股份有限公司总裁工作细则,ok
cninfo_disclosure,http://www.cninfo.com.cn/new/disclosure/detail?stockCode=601899&announcementId=1225141509&orgId=9900004143&announcementTime=2026-04-22 00:00:00,2026-04-22 00:00:00,601899,601899,紫金矿业集团股份有限公司第九届董事会第三次会议决议公告,紫金矿业集团股份有限公司第九届董事会第三次会议决议公告,ok
cninfo_disclosure,http://www.cninfo.com.cn/new/disclosure/detail?stockCode=601899&announcementId=1225141507&orgId=9900004143&announcementTime=2026-04-22 00:00:00,2026-04-22 00:00:00,601899,601899,紫金矿业集团股份有限公司2026年第一季度报告,紫金矿业集团股份有限公司2026年第一季度报告,ok
cninfo_disclosure,http://www.cninfo.com.cn/new/disclosure/detail?stockCode=601899&announcementId=1225102175&orgId=9900004143&announcementTime=2026-04-15 00:00:00,2026-04-15 00:00:00,601899,601899,紫金矿业集团股份有限公司关于回购股份实施结果暨股份变动的公告,紫金矿业集团股份有限公司关于回购股份实施结果暨股份变动的公告,ok
cninfo_disclosure,http://www.cninfo.com.cn/new/disclosure/detail?stockCode=601899&announcementId=1225078771&orgId=9900004143&announcementTime=2026-04-04 00:00:00,2026-04-04 00:00:00,601899,601899,中信证券股份有限公司关于紫金矿业集团股份有限公司分拆所属子公司紫金黄金国际有限公司境外上市之持续督导核查意见,中信证券股份有限公司关于紫金矿业集团股份有限公司分拆所属子公司紫金黄金国际有限公司境外上市之持续督导核查意见,ok
cninfo_disclosure,http://www.cninfo.com.cn/new/disclosure/detail?stockCode=601899&announcementId=1225075988&orgId=9900004143&announcementTime=2026-04-03 00:00:00,2026-04-03 00:00:00,601899,601899,紫金矿业集团股份有限公司关于以集中竞价交易方式回购公司A股股份的进展公告,紫金矿业集团股份有限公司关于以集中竞价交易方式回购公司A股股份的进展公告,ok
cninfo_disclosure,http://www.cninfo.com.cn/new/disclosure/detail?stockCode=601899&announcementId=1225075985&orgId=9900004143&announcementTime=2026-04-03 00:00:00,2026-04-03 00:00:00,601899,601899,紫金矿业集团股份有限公司关于2023年股票期权激励计划第一个行权期自主行权完毕暨股份变动公告,紫金矿业集团股份有限公司关于2023年股票期权激励计划第一个行权期自主行权完毕暨股份变动公告,ok
cninfo_disclosure,http://www.cninfo.com.cn/new/disclosure/detail?stockCode=601899&announcementId=1225071936&orgId=9900004143&announcementTime=2026-04-02 00:00:00,2026-04-02 00:00:00,601899,601899,紫金矿业H股市场公告,紫金矿业H股市场公告,ok
cninfo_disclosure,http://www.cninfo.com.cn/new/disclosure/detail?stockCode=601899&announcementId=1225027508&orgId=9900004143&announcementTime=2026-03-25 00:00:00,2026-03-25 00:00:00,601899,601899,紫金矿业集团股份有限公司关于回购A股股份事项前十名股东和前十名无限售条件股东持股情况的公告,紫金矿业集团股份有限公司关于回购A股股份事项前十名股东和前十名无限售条件股东持股情况的公告,ok
cninfo_disclosure,http://www.cninfo.com.cn/new/disclosure/detail?stockCode=601899&announcementId=1225025170&orgId=9900004143&announcementTime=2026-03-24 00:00:00,2026-03-24 00:00:00,601899,601899,紫金矿业集团股份有限公司关于以集中竞价交易方式首次回购公司A股股份的公告,紫金矿业集团股份有限公司关于以集中竞价交易方式首次回购公司A股股份的公告,ok
cninfo_disclosure,http://www.cninfo.com.cn/new/disclosure/detail?stockCode=601899&announcementId=1225024230&orgId=9900004143&announcementTime=2026-03-23 00:00:00,2026-03-23 00:00:00,601899,601899,紫金矿业集团股份有限公司关于拟通过协议收购A股和认购定向增发H股的方式获得赤峰吉隆黄金矿业股份有限公司控制权的公告,紫金矿业集团股份有限公司关于拟通过协议收购A股和认购定向增发H股的方式获得赤峰吉隆黄金矿业股份有限公司控制权的公告,ok
cninfo_disclosure,http://www.cninfo.com.cn/new/disclosure/detail?stockCode=601899&announcementId=1225023679&orgId=9900004143&announcementTime=2026-03-21 00:00:00,2026-03-21 00:00:00,601899,601899,紫金矿业集团股份有限公司关于续聘会计师事务所的公告,紫金矿业集团股份有限公司关于续聘会计师事务所的公告,ok
cninfo_disclosure,http://www.cninfo.com.cn/new/disclosure/detail?stockCode=601899&announcementId=1225023678&orgId=9900004143&announcementTime=2026-03-21 00:00:00,2026-03-21 00:00:00,601899,601899,紫金矿业集团股份有限公司涉及财务公司关联交易的存贷款等金融业务的专项说明,紫金矿业集团股份有限公司涉及财务公司关联交易的存贷款等金融业务的专项说明,ok
cninfo_disclosure,http://www.cninfo.com.cn/new/disclosure/detail?stockCode=601899&announcementId=1225023677&orgId=9900004143&announcementTime=2026-03-21 00:00:00,2026-03-21 00:00:00,601899,601899,紫金矿业集团股份有限公司2025年年度报告摘要,紫金矿业集团股份有限公司2025年年度报告摘要,ok
cninfo_disclosure,http://www.cninfo.com.cn/new/disclosure/detail?stockCode=601899&announcementId=1225023676&orgId=9900004143&announcementTime=2026-03-21 00:00:00,2026-03-21 00:00:00,601899,601899,紫金矿业集团股份有限公司第九届董事会第二次会议决议公告,紫金矿业集团股份有限公司第九届董事会第二次会议决议公告,ok
cninfo_disclosure,http://www.cninfo.com.cn/new/disclosure/detail?stockCode=601899&announcementId=1225023675&orgId=9900004143&announcementTime=2026-03-21 00:00:00,2026-03-21 00:00:00,601899,601899,紫金矿业集团股份有限公司第八届董事会审计与内控委员会2025年度对会计师事务所履行监督职责情况的报告,紫金矿业集团股份有限公司第八届董事会审计与内控委员会2025年度对会计师事务所履行监督职责情况的报告,ok
cninfo_disclosure,http://www.cninfo.com.cn/new/disclosure/detail?stockCode=601899&announcementId=1225023674&orgId=9900004143&announcementTime=2026-03-21 00:00:00,2026-03-21 00:00:00,601899,601899,紫金矿业集团股份有限公司关于控股子公司紫金矿业集团财务有限公司的风险持续评估报告,紫金矿业集团股份有限公司关于控股子公司紫金矿业集团财务有限公司的风险持续评估报告,ok
cninfo_disclosure,http://www.cninfo.com.cn/new/disclosure/detail?stockCode=601899&announcementId=1225023673&orgId=9900004143&announcementTime=2026-03-21 00:00:00,2026-03-21 00:00:00,601899,601899,紫金矿业集团股份有限公司2025年年度审计报告,紫金矿业集团股份有限公司2025年年度审计报告,ok
cninfo_disclosure,http://www.cninfo.com.cn/new/disclosure/detail?stockCode=601899&announcementId=1225023672&orgId=9900004143&announcementTime=2026-03-21 00:00:00,2026-03-21 00:00:00,601899,601899,紫金矿业集团股份有限公司2025年度募集资金存放、管理与实际使用情况的专项报告,紫金矿业集团股份有限公司2025年度募集资金存放、管理与实际使用情况的专项报告,ok
cninfo_disclosure,http://www.cninfo.com.cn/new/disclosure/detail?stockCode=601899&announcementId=1225023671&orgId=9900004143&announcementTime=2026-03-21 00:00:00,2026-03-21 00:00:00,601899,601899,紫金矿业集团股份有限公司2025年度内部控制审计报告,紫金矿业集团股份有限公司2025年度内部控制审计报告,ok
cninfo_disclosure,http://www.cninfo.com.cn/new/disclosure/detail?stockCode=601899&announcementId=1225023670&orgId=9900004143&announcementTime=2026-03-21 00:00:00,2026-03-21 00:00:00,601899,601899,紫金矿业集团股份有限公司2026年度担保计划的公告,紫金矿业集团股份有限公司2026年度担保计划的公告,ok
cninfo_disclosure,http://www.cninfo.com.cn/new/disclosure/detail?stockCode=601899&announcementId=1225023669&orgId=9900004143&announcementTime=2026-03-21 00:00:00,2026-03-21 00:00:00,601899,601899,紫金矿业集团股份有限公司2025年度利润分配方案公告,紫金矿业集团股份有限公司2025年度利润分配方案公告,ok
cninfo_disclosure,http://www.cninfo.com.cn/new/disclosure/detail?stockCode=601899&announcementId=1225023668&orgId=9900004143&announcementTime=2026-03-21 00:00:00,2026-03-21 00:00:00,601899,601899,紫金矿业集团股份有限公司信息披露暂缓与豁免事务管理制度,紫金矿业集团股份有限公司信息披露暂缓与豁免事务管理制度,ok
cninfo_disclosure,http://www.cninfo.com.cn/new/disclosure/detail?stockCode=601899&announcementId=1225023667&orgId=9900004143&announcementTime=2026-03-21 00:00:00,2026-03-21 00:00:00,601899,601899,紫金矿业集团股份有限公司2025年度会计师事务所履职情况评估报告,紫金矿业集团股份有限公司2025年度会计师事务所履职情况评估报告,ok
cninfo_disclosure,http://www.cninfo.com.cn/new/disclosure/detail?stockCode=601899&announcementId=1225023666&orgId=9900004143&announcementTime=2026-03-21 00:00:00,2026-03-21 00:00:00,601899,601899,紫金矿业集团股份有限公司第八届独立董事2025年度述职报告（孙文德）,紫金矿业集团股份有限公司第八届独立董事2025年度述职报告（孙文德）,ok
cninfo_disclosure,http://www.cninfo.com.cn/new/disclosure/detail?stockCode=601899&announcementId=1225023665&orgId=9900004143&announcementTime=2026-03-21 00:00:00,2026-03-21 00:00:00,601899,601899,紫金矿业集团股份有限公司董事会关于独立董事独立性情况评估的专项意见,紫金矿业集团股份有限公司董事会关于独立董事独立性情况评估的专项意见,ok
cninfo_disclosure,http://www.cninfo.com.cn/new/disclosure/detail?stockCode=601899&announcementId=1225023664&orgId=9900004143&announcementTime=2026-03-21 00:00:00,2026-03-21 00:00:00,601899,601899,紫金矿业集团股份有限公司2025年度内部控制评价报告,紫金矿业集团股份有限公司2025年度内部控制评价报告,ok
cninfo_disclosure,http://www.cninfo.com.cn/new/disclosure/detail?stockCode=601899&announcementId=1225023663&orgId=9900004143&announcementTime=2026-03-21 00:00:00,2026-03-21 00:00:00,601899,601899,紫金矿业集团股份有限公司第八届独立董事2025年度述职报告（何福龙）,紫金矿业集团股份有限公司第八届独立董事2025年度述职报告（何福龙）,ok
cninfo_disclosure,http://www.cninfo.com.cn/new/disclosure/detail?stockCode=601899&announcementId=1225023662&orgId=9900004143&announcementTime=2026-03-21 00:00:00,2026-03-21 00:00:00,601899,601899,德勤华永会计师事务所（特殊普通合伙）关于紫金矿业集团股份有限公司非经营性资金占用及其他关联资金往来情况汇总表的专项审计报告,德勤华永会计师事务所（特殊普通合伙）关于紫金矿业集团股份有限公司非经营性资金占用及其他关联资金往来情况汇总表的专项审计报告,ok
cninfo_disclosure,http://www.cninfo.com.cn/new/disclosure/detail?stockCode=601899&announcementId=1225023661&orgId=9900004143&announcementTime=2026-03-21 00:00:00,2026-03-21 00:00:00,601899,601899,紫金矿业集团股份有限公司关于子公司开展期货及衍生品交易的公告,紫金矿业集团股份有限公司关于子公司开展期货及衍生品交易的公告,ok
cninfo_disclosure,http://www.cninfo.com.cn/new/disclosure/detail?stockCode=601899&announcementId=1225023660&orgId=9900004143&announcementTime=2026-03-21 00:00:00,2026-03-21 00:00:00,601899,601899,紫金矿业集团股份有限公司第八届独立董事2025年度述职报告（薄少川）,紫金矿业集团股份有限公司第八届独立董事2025年度述职报告（薄少川）,ok
cninfo_disclosure,http://www.cninfo.com.cn/new/disclosure/detail?stockCode=601899&announcementId=1225023659&orgId=9900004143&announcementTime=2026-03-21 00:00:00,2026-03-21 00:00:00,601899,601899,紫金矿业集团股份有限公司第八届董事会审计与内控委员会2025年度履职情况报告,紫金矿业集团股份有限公司第八届董事会审计与内控委员会2025年度履职情况报告,ok
cninfo_disclosure,http://www.cninfo.com.cn/new/disclosure/detail?stockCode=601899&announcementId=1225023658&orgId=9900004143&announcementTime=2026-03-21 00:00:00,2026-03-21 00:00:00,601899,601899,紫金矿业集团股份有限公司2025年年度报告,紫金矿业集团股份有限公司2025年年度报告,ok
cninfo_disclosure,http://www.cninfo.com.cn/new/disclosure/detail?stockCode=601899&announcementId=1225023657&orgId=9900004143&announcementTime=2026-03-21 00:00:00,2026-03-21 00:00:00,601899,601899,紫金矿业集团股份有限公司2025年度可持续发展报告摘要,紫金矿业集团股份有限公司2025年度可持续发展报告摘要,ok
cninfo_disclosure,http://www.cninfo.com.cn/new/disclosure/detail?stockCode=601899&announcementId=1225023656&orgId=9900004143&announcementTime=2026-03-21 00:00:00,2026-03-21 00:00:00,601899,601899,紫金矿业集团股份有限公司第八届独立董事2025年度述职报告（吴小敏）,紫金矿业集团股份有限公司第八届独立董事2025年度述职报告（吴小敏）,ok
cninfo_disclosure,http://www.cninfo.com.cn/new/disclosure/detail?stockCode=601899&announcementId=1225023655&orgId=9900004143&announcementTime=2026-03-21 00:00:00,2026-03-21 00:00:00,601899,601899,紫金矿业集团股份有限公司2025年度募集资金存放、管理与实际使用情况审核报告,紫金矿业集团股份有限公司2025年度募集资金存放、管理与实际使用情况审核报告,ok
cninfo_disclosure,http://www.cninfo.com.cn/new/disclosure/detail?stockCode=601899&announcementId=1225023654&orgId=9900004143&announcementTime=2026-03-21 00:00:00,2026-03-21 00:00:00,601899,601899,紫金矿业集团股份有限公司关于以集中竞价方式回购A股股份方案的公告暨回购报告书,紫金矿业集团股份有限公司关于以集中竞价方式回购A股股份方案的公告暨回购报告书,ok
cninfo_disclosure,http://www.cninfo.com.cn/new/disclosure/detail?stockCode=601899&announcementId=1225023653&orgId=9900004143&announcementTime=2026-03-21 00:00:00,2026-03-21 00:00:00,601899,601899,紫金矿业集团股份有限公司2025年度可持续发展报告,紫金矿业集团股份有限公司2025年度可持续发展报告,ok
cninfo_disclosure,http://www.cninfo.com.cn/new/disclosure/detail?stockCode=601899&announcementId=1225023652&orgId=9900004143&announcementTime=2026-03-21 00:00:00,2026-03-21 00:00:00,601899,601899,兴业证券股份有限公司关于紫金矿业集团股份有限公司2025年度募集资金存放、管理与使用情况的核查意见,兴业证券股份有限公司关于紫金矿业集团股份有限公司2025年度募集资金存放、管理与使用情况的核查意见,ok
cninfo_disclosure,http://www.cninfo.com.cn/new/disclosure/detail?stockCode=601899&announcementId=1225023651&orgId=9900004143&announcementTime=2026-03-21 00:00:00,2026-03-21 00:00:00,601899,601899,紫金矿业集团股份有限公司第八届独立董事2025年度述职报告（李常青）,紫金矿业集团股份有限公司第八届独立董事2025年度述职报告（李常青）,ok
cninfo_disclosure,http://www.cninfo.com.cn/new/disclosure/detail?stockCode=601899&announcementId=1225023650&orgId=9900004143&announcementTime=2026-03-21 00:00:00,2026-03-21 00:00:00,601899,601899,紫金矿业集团股份有限公司关于开展期货和衍生品业务的可行性分析报告,紫金矿业集团股份有限公司关于开展期货和衍生品业务的可行性分析报告,ok
cninfo_disclosure,http://www.cninfo.com.cn/new/disclosure/detail?stockCode=601899&announcementId=1225023649&orgId=9900004143&announcementTime=2026-03-21 00:00:00,2026-03-21 00:00:00,601899,601899,紫金矿业集团股份有限公司第八届独立董事2025年度述职报告（毛景文）,紫金矿业集团股份有限公司第八届独立董事2025年度述职报告（毛景文）,ok
cninfo_disclosure,http://www.cninfo.com.cn/new/disclosure/detail?stockCode=601899&announcementId=1225023648&orgId=9900004143&announcementTime=2026-03-21 00:00:00,2026-03-21 00:00:00,601899,601899,紫金矿业集团股份有限公司内部审计管理制度,紫金矿业集团股份有限公司内部审计管理制度,ok
cninfo_disclosure,http://www.cninfo.com.cn/new/disclosure/detail?stockCode=601899&announcementId=1225008174&orgId=9900004143&announcementTime=2026-03-14 00:00:00,2026-03-14 00:00:00,601899,601899,紫金矿业集团股份有限公司关于召开2025年度业绩说明会的公告,紫金矿业集团股份有限公司关于召开2025年度业绩说明会的公告,ok
cninfo_disclosure,http://www.cninfo.com.cn/new/disclosure/detail?stockCode=601899&announcementId=1225007115&orgId=9900004143&announcementTime=2026-03-13 00:00:00,2026-03-13 00:00:00,601899,601899,紫金矿业集团股份有限公司关于全资子公司与专业投资机构共同投资的公告,紫金矿业集团股份有限公司关于全资子公司与专业投资机构共同投资的公告,ok
cninfo_disclosure,http://www.cninfo.com.cn/new/disclosure/detail?stockCode=601899&announcementId=1224992174&orgId=9900004143&announcementTime=2026-03-03 00:00:00,2026-03-03 00:00:00,601899,601899,紫金矿业集团股份有限公司关于2023年股票期权激励计划第一个行权期自主行权结果暨股份变动月度公告,紫金矿业集团股份有限公司关于2023年股票期权激励计划第一个行权期自主行权结果暨股份变动月度公告,ok
cninfo_disclosure,http://www.cninfo.com.cn/new/disclosure/detail?stockCode=601899&announcementId=1224991243&orgId=9900004143&announcementTime=2026-03-03 00:00:00,2026-03-03 00:00:00,601899,601899,紫金矿业H股市场公告,紫金矿业H股市场公告,ok
cninfo_disclosure,http://www.cninfo.com.cn/new/disclosure/detail?stockCode=601899&announcementId=1224972233&orgId=9900004143&announcementTime=2026-02-09 00:00:00,2026-02-09 00:00:00,601899,601899,紫金矿业集团股份有限公司关于三年（2026-2028年）主要矿产品产量规划和2035年远景目标纲要的公告,紫金矿业集团股份有限公司关于三年（2026-2028年）主要矿产品产量规划和2035年远景目标纲要的公告,ok
cninfo_disclosure,http://www.cninfo.com.cn/new/disclosure/detail?stockCode=601899&announcementId=1224968955&orgId=9900004143&announcementTime=2026-02-06 00:00:00,2026-02-06 00:00:00,601899,601899,紫金矿业集团股份有限公司关于为全资子公司提供担保的实施公告,紫金矿业集团股份有限公司关于为全资子公司提供担保的实施公告,ok
cninfo_disclosure,http://www.cninfo.com.cn/new/disclosure/detail?stockCode=601899&announcementId=1224968949&orgId=9900004143&announcementTime=2026-02-06 00:00:00,2026-02-06 00:00:00,601899,601899,紫金矿业集团股份有限公司关于15亿美元零息可转换公司债券发行完成的公告,紫金矿业集团股份有限公司关于15亿美元零息可转换公司债券发行完成的公告,ok
cninfo_disclosure,http://www.cninfo.com.cn/new/disclosure/detail?stockCode=601899&announcementId=1224965300&orgId=9900004143&announcementTime=2026-02-04 00:00:00,2026-02-04 00:00:00,601899,601899,紫金矿业集团股份有限公司关于2023年股票期权激励计划第一个行权期自主行权结果暨股份变动月度公告,紫金矿业集团股份有限公司关于2023年股票期权激励计划第一个行权期自主行权结果暨股份变动月度公告,ok
cninfo_disclosure,http://www.cninfo.com.cn/new/disclosure/detail?stockCode=601899&announcementId=1224965070&orgId=9900004143&announcementTime=2026-02-04 00:00:00,2026-02-04 00:00:00,601899,601899,紫金矿业H股市场公告,紫金矿业H股市场公告,ok
cninfo_disclosure,http://www.cninfo.com.cn/new/disclosure/detail?stockCode=601899&announcementId=1224957529&orgId=9900004143&announcementTime=2026-01-30 00:00:00,2026-01-30 00:00:00,601899,601899,紫金矿业集团股份有限公司关于根据一般性授权拟发行15亿美元零息可转换公司债券的公告,紫金矿业集团股份有限公司关于根据一般性授权拟发行15亿美元零息可转换公司债券的公告,ok
cninfo_disclosure,http://www.cninfo.com.cn/new/disclosure/detail?stockCode=601899&announcementId=1224951157&orgId=9900004143&announcementTime=2026-01-27 00:00:00,2026-01-27 00:00:00,601899,601899,紫金矿业集团股份有限公司关于拟收购Allied Gold Corporation 100%股权的公告,紫金矿业集团股份有限公司关于拟收购Allied Gold Corporation 100%股权的公告,ok
cninfo_disclosure,http://www.cninfo.com.cn/new/disclosure/detail?stockCode=601899&announcementId=1224948177&orgId=9900004143&announcementTime=2026-01-24 00:00:00,2026-01-24 00:00:00,601899,601899,紫金矿业集团股份有限公司关于巨龙铜矿二期工程建成投产的公告,紫金矿业集团股份有限公司关于巨龙铜矿二期工程建成投产的公告,ok
cninfo_disclosure,http://www.cninfo.com.cn/new/disclosure/detail?stockCode=603993&announcementId=1225319490&orgId=gshk0003993&announcementTime=2026-05-21 00:00:00,2026-05-21 00:00:00,603993,603993,洛阳钼业关于对下属子公司及合营公司提供担保的进展公告,洛阳钼业关于对下属子公司及合营公司提供担保的进展公告,ok
cninfo_disclosure,http://www.cninfo.com.cn/new/disclosure/detail?stockCode=603993&announcementId=1225317443&orgId=gshk0003993&announcementTime=2026-05-20 00:00:00,2026-05-20 00:00:00,603993,603993,洛阳钼业2025年年度权益分派实施公告,洛阳钼业2025年年度权益分派实施公告,ok
cninfo_disclosure,http://www.cninfo.com.cn/new/disclosure/detail?stockCode=603993&announcementId=1225306472&orgId=gshk0003993&announcementTime=2026-05-15 00:00:00,2026-05-15 00:00:00,603993,603993,洛阳钼业H股市场公告,洛阳钼业H股市场公告,ok
cninfo_disclosure,http://www.cninfo.com.cn/new/disclosure/detail?stockCode=603993&announcementId=1225234639&orgId=gshk0003993&announcementTime=2026-04-29 00:00:00,2026-04-29 00:00:00,603993,603993,洛阳钼业第七届董事会第十一次临时会议决议公告,洛阳钼业第七届董事会第十一次临时会议决议公告,ok
cninfo_disclosure,http://www.cninfo.com.cn/new/disclosure/detail?stockCode=603993&announcementId=1225234622&orgId=gshk0003993&announcementTime=2026-04-29 00:00:00,2026-04-29 00:00:00,603993,603993,洛阳钼业公司章程,洛阳钼业公司章程,ok
cninfo_disclosure,http://www.cninfo.com.cn/new/disclosure/detail?stockCode=603993&announcementId=1225234620&orgId=gshk0003993&announcementTime=2026-04-29 00:00:00,2026-04-29 00:00:00,603993,603993,洛阳钼业2025年年度股东会、2026年第一次A股类别股东会及2026年第一次H股类别股东会决议公告,洛阳钼业2025年年度股东会、2026年第一次A股类别股东会及2026年第一次H股类别股东会决议公告,ok
cninfo_disclosure,http://www.cninfo.com.cn/new/disclosure/detail?stockCode=603993&announcementId=1225234538&orgId=gshk0003993&announcementTime=2026-04-29 00:00:00,2026-04-29 00:00:00,603993,603993,上海市通力律师事务所关于洛阳栾川钼业集团股份有限公司2025年年度股东会、2026年第一次A股类别股东会、2026年第一次H股类别股东会的法律意见书,上海市通力律师事务所关于洛阳栾川钼业集团股份有限公司2025年年度股东会、2026年第一次A股类别股东会、2026年第一次H股类别股东会的法律意见书,ok
cninfo_disclosure,http://www.cninfo.com.cn/new/disclosure/detail?stockCode=603993&announcementId=1225189634&orgId=gshk0003993&announcementTime=2026-04-25 00:00:00,2026-04-25 00:00:00,603993,603993,洛阳钼业2026年第一季度报告（更正版）,洛阳钼业2026年第一季度报告（更正版）,ok
cninfo_disclosure,http://www.cninfo.com.cn/new/disclosure/detail?stockCode=603993&announcementId=1225189278&orgId=gshk0003993&announcementTime=2026-04-25 00:00:00,2026-04-25 00:00:00,603993,603993,洛阳钼业关于2026年第一季度报告的更正公告,洛阳钼业关于2026年第一季度报告的更正公告,ok
cninfo_disclosure,http://www.cninfo.com.cn/new/disclosure/detail?stockCode=603993&announcementId=1225176419&orgId=gshk0003993&announcementTime=2026-04-25 00:00:00,2026-04-25 00:00:00,603993,603993,洛阳钼业2025年度“提质增效重回报”专项行动方案评估报告暨2026年度“提质增效重回报”专项行动方案,洛阳钼业2025年度“提质增效重回报”专项行动方案评估报告暨2026年度“提质增效重回报”专项行动方案,ok
cninfo_disclosure,http://www.cninfo.com.cn/new/disclosure/detail?stockCode=603993&announcementId=1225176397&orgId=gshk0003993&announcementTime=2026-04-25 00:00:00,2026-04-25 00:00:00,603993,603993,洛阳钼业2026年第一季度报告,洛阳钼业2026年第一季度报告,ok
cninfo_disclosure,http://www.cninfo.com.cn/new/disclosure/detail?stockCode=603993&announcementId=1225176387&orgId=gshk0003993&announcementTime=2026-04-25 00:00:00,2026-04-25 00:00:00,603993,603993,洛阳钼业第七届董事会第九次会议决议公告,洛阳钼业第七届董事会第九次会议决议公告,ok
cninfo_disclosure,http://www.cninfo.com.cn/new/disclosure/detail?stockCode=603993&announcementId=1225082129&orgId=gshk0003993&announcementTime=2026-04-08 00:00:00,2026-04-08 00:00:00,603993,603993,洛阳钼业关于召开2025年年度股东会、2026年第一次A股类别股东会和2026年第一次H股类别股东会的通知,洛阳钼业关于召开2025年年度股东会、2026年第一次A股类别股东会和2026年第一次H股类别股东会的通知,ok
cninfo_disclosure,http://www.cninfo.com.cn/new/disclosure/detail?stockCode=603993&announcementId=1225082001&orgId=gshk0003993&announcementTime=2026-04-08 00:00:00,2026-04-08 00:00:00,603993,603993,洛阳钼业2025年年度股东会、2026年第一次A股类别股东会及2026年第一次H股类别股东会会议资料,洛阳钼业2025年年度股东会、2026年第一次A股类别股东会及2026年第一次H股类别股东会会议资料,ok
cninfo_disclosure,http://www.cninfo.com.cn/new/disclosure/detail?stockCode=603993&announcementId=1225072880&orgId=gshk0003993&announcementTime=2026-04-02 00:00:00,2026-04-02 00:00:00,603993,603993,H股市场公告-洛阳钼业2025年年度报告（H股）,H股市场公告-洛阳钼业2025年年度报告（H股）,ok
cninfo_disclosure,http://www.cninfo.com.cn/new/disclosure/detail?stockCode=603993&announcementId=1225072765&orgId=gshk0003993&announcementTime=2026-04-02 00:00:00,2026-04-02 00:00:00,603993,603993,洛阳钼业2025年年度报告（更新版）,洛阳钼业2025年年度报告（更新版）,ok
cninfo_disclosure,http://www.cninfo.com.cn/new/disclosure/detail?stockCode=603993&announcementId=1225048424&orgId=gshk0003993&announcementTime=2026-03-28 00:00:00,2026-03-28 00:00:00,603993,603993,洛阳钼业董事、高级管理人员薪酬管理制度,洛阳钼业董事、高级管理人员薪酬管理制度,ok
cninfo_disclosure,http://www.cninfo.com.cn/new/disclosure/detail?stockCode=603993&announcementId=1225048413&orgId=gshk0003993&announcementTime=2026-03-28 00:00:00,2026-03-28 00:00:00,603993,603993,洛阳钼业2025年度对会计师事务所履职情况评估报告,洛阳钼业2025年度对会计师事务所履职情况评估报告,ok
cninfo_disclosure,http://www.cninfo.com.cn/new/disclosure/detail?stockCode=603993&announcementId=1225048270&orgId=gshk0003993&announcementTime=2026-03-28 00:00:00,2026-03-28 00:00:00,603993,603993,洛阳钼业2025年非经营性资金占用及其他关联资金往来情况,洛阳钼业2025年非经营性资金占用及其他关联资金往来情况,ok
cninfo_disclosure,http://www.cninfo.com.cn/new/disclosure/detail?stockCode=603993&announcementId=1225048244&orgId=gshk0003993&announcementTime=2026-03-28 00:00:00,2026-03-28 00:00:00,603993,603993,洛阳钼业2025年12月31日止年度财务报表及审计报告,洛阳钼业2025年12月31日止年度财务报表及审计报告,ok
cninfo_disclosure,http://www.cninfo.com.cn/new/disclosure/detail?stockCode=603993&announcementId=1225047937&orgId=gshk0003993&announcementTime=2026-03-28 00:00:00,2026-03-28 00:00:00,603993,603993,洛阳钼业2025年年报报告摘要,洛阳钼业2025年年报报告摘要,ok
cninfo_disclosure,http://www.cninfo.com.cn/new/disclosure/detail?stockCode=603993&announcementId=1225047917&orgId=gshk0003993&announcementTime=2026-03-28 00:00:00,2026-03-28 00:00:00,603993,603993,洛阳钼业第七届董事会第八次会议决议公告,洛阳钼业第七届董事会第八次会议决议公告,ok
cninfo_disclosure,http://www.cninfo.com.cn/new/disclosure/detail?stockCode=603993&announcementId=1225047689&orgId=gshk0003993&announcementTime=2026-03-28 00:00:00,2026-03-28 00:00:00,603993,603993,洛阳钼业2025年度利润分配方案公告,洛阳钼业2025年度利润分配方案公告,ok
cninfo_disclosure,http://www.cninfo.com.cn/new/disclosure/detail?stockCode=603993&announcementId=1225047621&orgId=gshk0003993&announcementTime=2026-03-28 00:00:00,2026-03-28 00:00:00,603993,603993,洛阳钼业董事会审计及风险委员会对会计师事务所2025年度履职情况评估及履行监督职责情况的报告,洛阳钼业董事会审计及风险委员会对会计师事务所2025年度履职情况评估及履行监督职责情况的报告,ok
cninfo_disclosure,http://www.cninfo.com.cn/new/disclosure/detail?stockCode=603993&announcementId=1225047545&orgId=gshk0003993&announcementTime=2026-03-28 00:00:00,2026-03-28 00:00:00,603993,603993,洛阳钼业第七届董事会独立董事程钰2025年度述职报告,洛阳钼业第七届董事会独立董事程钰2025年度述职报告,ok
cninfo_disclosure,http://www.cninfo.com.cn/new/disclosure/detail?stockCode=603993&announcementId=1225047295&orgId=gshk0003993&announcementTime=2026-03-28 00:00:00,2026-03-28 00:00:00,603993,603993,洛阳钼业2025年可持续发展报告,洛阳钼业2025年可持续发展报告,ok
cninfo_disclosure,http://www.cninfo.com.cn/new/disclosure/detail?stockCode=603993&announcementId=1225047285&orgId=gshk0003993&announcementTime=2026-03-28 00:00:00,2026-03-28 00:00:00,603993,603993,洛阳钼业2025年度内部控制评价报告,洛阳钼业2025年度内部控制评价报告,ok
cninfo_disclosure,http://www.cninfo.com.cn/new/disclosure/detail?stockCode=603993&announcementId=1225047167&orgId=gshk0003993&announcementTime=2026-03-28 00:00:00,2026-03-28 00:00:00,603993,603993,德勤华永会计师事务所(特殊普通合伙）关于洛阳钼业2025年度内部控制审计报告,德勤华永会计师事务所(特殊普通合伙）关于洛阳钼业2025年度内部控制审计报告,ok
cninfo_disclosure,http://www.cninfo.com.cn/new/disclosure/detail?stockCode=603993&announcementId=1225047121&orgId=gshk0003993&announcementTime=2026-03-28 00:00:00,2026-03-28 00:00:00,603993,603993,德勤关于洛阳钼业2025年度控股股东及其他关联方资金占用情况的专项说明,德勤关于洛阳钼业2025年度控股股东及其他关联方资金占用情况的专项说明,ok
cninfo_disclosure,http://www.cninfo.com.cn/new/disclosure/detail?stockCode=603993&announcementId=1225047013&orgId=gshk0003993&announcementTime=2026-03-28 00:00:00,2026-03-28 00:00:00,603993,603993,洛阳钼业关于2026年度担保计划的公告,洛阳钼业关于2026年度担保计划的公告,ok
cninfo_disclosure,http://www.cninfo.com.cn/new/disclosure/detail?stockCode=603993&announcementId=1225046921&orgId=gshk0003993&announcementTime=2026-03-28 00:00:00,2026-03-28 00:00:00,603993,603993,洛阳钼业第七届董事会独立董事顾红雨2025年度述职报告,洛阳钼业第七届董事会独立董事顾红雨2025年度述职报告,ok
cninfo_disclosure,http://www.cninfo.com.cn/new/disclosure/detail?stockCode=603993&announcementId=1225046828&orgId=gshk0003993&announcementTime=2026-03-28 00:00:00,2026-03-28 00:00:00,603993,603993,洛阳钼业2025年可持续发展报告摘要,洛阳钼业2025年可持续发展报告摘要,ok
cninfo_disclosure,http://www.cninfo.com.cn/new/disclosure/detail?stockCode=603993&announcementId=1225046773&orgId=gshk0003993&announcementTime=2026-03-28 00:00:00,2026-03-28 00:00:00,603993,603993,洛阳钼业关于聘任会计师事务所的公告,洛阳钼业关于聘任会计师事务所的公告,ok
cninfo_disclosure,http://www.cninfo.com.cn/new/disclosure/detail?stockCode=603993&announcementId=1225046732&orgId=gshk0003993&announcementTime=2026-03-28 00:00:00,2026-03-28 00:00:00,603993,603993,洛阳钼业关于修订《公司章程》的公告,洛阳钼业关于修订《公司章程》的公告,ok
cninfo_disclosure,http://www.cninfo.com.cn/new/disclosure/detail?stockCode=603993&announcementId=1225046687&orgId=gshk0003993&announcementTime=2026-03-28 00:00:00,2026-03-28 00:00:00,603993,603993,洛阳钼业2025年年度报告,洛阳钼业2025年年度报告,ok
cninfo_disclosure,http://www.cninfo.com.cn/new/disclosure/detail?stockCode=603993&announcementId=1225046654&orgId=gshk0003993&announcementTime=2026-03-28 00:00:00,2026-03-28 00:00:00,603993,603993,洛阳钼业董事会关于独立董事独立性情况的专项意见,洛阳钼业董事会关于独立董事独立性情况的专项意见,ok
cninfo_disclosure,http://www.cninfo.com.cn/new/disclosure/detail?stockCode=603993&announcementId=1225046375&orgId=gshk0003993&announcementTime=2026-03-28 00:00:00,2026-03-28 00:00:00,603993,603993,洛阳钼业第七届董事会独立董事王开国2025年度述职报告,洛阳钼业第七届董事会独立董事王开国2025年度述职报告,ok
cninfo_disclosure,http://www.cninfo.com.cn/new/disclosure/detail?stockCode=603993&announcementId=1225046345&orgId=gshk0003993&announcementTime=2026-03-28 00:00:00,2026-03-28 00:00:00,603993,603993,洛阳钼业第七届董事会审计及风险委员会2025年度履职情况报告,洛阳钼业第七届董事会审计及风险委员会2025年度履职情况报告,ok
cninfo_disclosure,http://www.cninfo.com.cn/new/disclosure/detail?stockCode=603993&announcementId=1225020646&orgId=gshk0003993&announcementTime=2026-03-21 00:00:00,2026-03-21 00:00:00,603993,603993,洛阳钼业关于召开2025年年度业绩说明会的公告,洛阳钼业关于召开2025年年度业绩说明会的公告,ok
cninfo_disclosure,http://www.cninfo.com.cn/new/disclosure/detail?stockCode=603993&announcementId=1225016798&orgId=gshk0003993&announcementTime=2026-03-19 00:00:00,2026-03-19 00:00:00,603993,603993,洛阳钼业关于对下属子公司及合营公司提供担保的公告,洛阳钼业关于对下属子公司及合营公司提供担保的公告,ok
cninfo_disclosure,http://www.cninfo.com.cn/new/disclosure/detail?stockCode=603993&announcementId=1224976097&orgId=gshk0003993&announcementTime=2026-02-11 00:00:00,2026-02-11 00:00:00,603993,603993,洛阳钼业关于对下属子公司及合营公司提供担保的公告,洛阳钼业关于对下属子公司及合营公司提供担保的公告,ok
cninfo_disclosure,http://www.cninfo.com.cn/new/disclosure/detail?stockCode=603993&announcementId=1224951182&orgId=gshk0003993&announcementTime=2026-01-27 00:00:00,2026-01-27 00:00:00,603993,603993,洛阳钼业关于为子公司提供担保的公告,洛阳钼业关于为子公司提供担保的公告,ok
cninfo_disclosure,http://www.cninfo.com.cn/new/disclosure/detail?stockCode=603993&announcementId=1224951180&orgId=gshk0003993&announcementTime=2026-01-27 00:00:00,2026-01-27 00:00:00,603993,603993,洛阳钼业关于完成发行12亿美元于2027年到期的零息有担保可换股债券的公告,洛阳钼业关于完成发行12亿美元于2027年到期的零息有担保可换股债券的公告,ok
cninfo_disclosure,http://www.cninfo.com.cn/new/disclosure/detail?stockCode=603993&announcementId=1224949380&orgId=gshk0003993&announcementTime=2026-01-26 00:00:00,2026-01-26 00:00:00,603993,603993,洛阳钼业关于收购金矿项目完成交割的公告,洛阳钼业关于收购金矿项目完成交割的公告,ok
cninfo_disclosure,http://www.cninfo.com.cn/new/disclosure/detail?stockCode=603993&announcementId=1224940819&orgId=gshk0003993&announcementTime=2026-01-20 00:00:00,2026-01-20 00:00:00,603993,603993,洛阳钼业第七届董事会第十次临时会议决议公告,洛阳钼业第七届董事会第十次临时会议决议公告,ok
cninfo_disclosure,http://www.cninfo.com.cn/new/disclosure/detail?stockCode=603993&announcementId=1224940818&orgId=gshk0003993&announcementTime=2026-01-20 00:00:00,2026-01-20 00:00:00,603993,603993,洛阳钼业关于拟根据一般性授权发行12亿美元于2027年到期的零息有担保可换股债券的公告,洛阳钼业关于拟根据一般性授权发行12亿美元于2027年到期的零息有担保可换股债券的公告,ok
cninfo_disclosure,http://www.cninfo.com.cn/new/disclosure/detail?stockCode=603993&announcementId=1224937701&orgId=gshk0003993&announcementTime=2026-01-17 00:00:00,2026-01-17 00:00:00,603993,603993,洛阳钼业关于对外担保计划的公告,洛阳钼业关于对外担保计划的公告,ok
cninfo_disclosure,http://www.cninfo.com.cn/new/disclosure/detail?stockCode=603993&announcementId=1224935562&orgId=gshk0003993&announcementTime=2026-01-16 00:00:00,2026-01-16 00:00:00,603993,603993,洛阳钼业2025年度业绩预增公告,洛阳钼业2025年度业绩预增公告,ok
cninfo_disclosure,http://www.cninfo.com.cn/new/disclosure/detail?stockCode=603993&announcementId=1224935561&orgId=gshk0003993&announcementTime=2026-01-16 00:00:00,2026-01-16 00:00:00,603993,603993,洛阳钼业第七届董事会第九次临时会议决议公告,洛阳钼业第七届董事会第九次临时会议决议公告,ok
cninfo_disclosure,http://www.cninfo.com.cn/new/disclosure/detail?stockCode=603993&announcementId=1224935559&orgId=gshk0003993&announcementTime=2026-01-16 00:00:00,2026-01-16 00:00:00,603993,603993,洛阳钼业关于2026年度开展期货和衍生品交易业务的公告,洛阳钼业关于2026年度开展期货和衍生品交易业务的公告,ok
cninfo_disclosure,http://www.cninfo.com.cn/new/disclosure/detail?stockCode=603993&announcementId=1224935558&orgId=gshk0003993&announcementTime=2026-01-16 00:00:00,2026-01-16 00:00:00,603993,603993,洛阳钼业关于开展期货和衍生品交易业务的可行性分析报告,洛阳钼业关于开展期货和衍生品交易业务的可行性分析报告,ok
cninfo_disclosure,http://www.cninfo.com.cn/new/disclosure/detail?stockCode=603993&announcementId=1224935557&orgId=gshk0003993&announcementTime=2026-01-16 00:00:00,2026-01-16 00:00:00,603993,603993,洛阳钼业关于公司使用自有资金进行理财和委托理财的公告,洛阳钼业关于公司使用自有资金进行理财和委托理财的公告,ok
cninfo_disclosure,http://www.cninfo.com.cn/new/disclosure/detail?stockCode=603993&announcementId=1224876650&orgId=gshk0003993&announcementTime=2025-12-15 00:00:00,2025-12-15 00:00:00,603993,603993,洛阳钼业第七届董事会第八次临时会议决议公告,洛阳钼业第七届董事会第八次临时会议决议公告,ok
cninfo_disclosure,http://www.cninfo.com.cn/new/disclosure/detail?stockCode=603993&announcementId=1224876649&orgId=gshk0003993&announcementTime=2025-12-15 00:00:00,2025-12-15 00:00:00,603993,603993,洛阳钼业关于收购金矿项目的公告,洛阳钼业关于收购金矿项目的公告,ok
cninfo_disclosure,http://www.cninfo.com.cn/new/disclosure/detail?stockCode=603993&announcementId=1224869425&orgId=gshk0003993&announcementTime=2025-12-12 00:00:00,2025-12-12 00:00:00,603993,603993,洛阳钼业关于对外担保计划的公告,洛阳钼业关于对外担保计划的公告,ok
cninfo_disclosure,http://www.cninfo.com.cn/new/disclosure/detail?stockCode=603993&announcementId=1224860405&orgId=gshk0003993&announcementTime=2025-12-09 00:00:00,2025-12-09 00:00:00,603993,603993,洛阳钼业H股市场公告,洛阳钼业H股市场公告,ok
cninfo_disclosure,http://www.cninfo.com.cn/new/disclosure/detail?stockCode=603993&announcementId=1224858963&orgId=gshk0003993&announcementTime=2025-12-09 00:00:00,2025-12-09 00:00:00,603993,603993,洛阳钼业2025年第二次临时股东大会决议公告,洛阳钼业2025年第二次临时股东大会决议公告,ok
cninfo_disclosure,http://www.cninfo.com.cn/new/disclosure/detail?stockCode=603993&announcementId=1224858962&orgId=gshk0003993&announcementTime=2025-12-09 00:00:00,2025-12-09 00:00:00,603993,603993,洛阳钼业独立董事工作制度,洛阳钼业独立董事工作制度,ok
cninfo_disclosure,http://www.cninfo.com.cn/new/disclosure/detail?stockCode=603993&announcementId=1224858961&orgId=gshk0003993&announcementTime=2025-12-09 00:00:00,2025-12-09 00:00:00,603993,603993,洛阳钼业第三方担保管理制度,洛阳钼业第三方担保管理制度,ok
cninfo_disclosure,http://www.cninfo.com.cn/new/disclosure/detail?stockCode=603993&announcementId=1224858959&orgId=gshk0003993&announcementTime=2025-12-09 00:00:00,2025-12-09 00:00:00,603993,603993,上海市通力律师事务所关于洛阳栾川钼业集团股份有限公司2025年第二次临时股东大会的法律意见书,上海市通力律师事务所关于洛阳栾川钼业集团股份有限公司2025年第二次临时股东大会的法律意见书,ok
cninfo_disclosure,http://www.cninfo.com.cn/new/disclosure/detail?stockCode=603993&announcementId=1224858955&orgId=gshk0003993&announcementTime=2025-12-09 00:00:00,2025-12-09 00:00:00,603993,603993,洛阳钼业累积投票制实施细则,洛阳钼业累积投票制实施细则,ok
cninfo_disclosure,http://www.cninfo.com.cn/new/disclosure/detail?stockCode=603993&announcementId=1224858954&orgId=gshk0003993&announcementTime=2025-12-09 00:00:00,2025-12-09 00:00:00,603993,603993,洛阳钼业关联交易管理制度,洛阳钼业关联交易管理制度,ok
cninfo_disclosure,http://www.cninfo.com.cn/new/disclosure/detail?stockCode=603993&announcementId=1224858953&orgId=gshk0003993&announcementTime=2025-12-09 00:00:00,2025-12-09 00:00:00,603993,603993,洛阳钼业债券持有人会议规则,洛阳钼业债券持有人会议规则,ok
cninfo_disclosure,http://www.cninfo.com.cn/new/disclosure/detail?stockCode=603993&announcementId=1224858952&orgId=gshk0003993&announcementTime=2025-12-09 00:00:00,2025-12-09 00:00:00,603993,603993,洛阳钼业关于选举职工董事的公告,洛阳钼业关于选举职工董事的公告,ok
cninfo_disclosure,http://www.cninfo.com.cn/new/disclosure/detail?stockCode=603993&announcementId=1224858951&orgId=gshk0003993&announcementTime=2025-12-09 00:00:00,2025-12-09 00:00:00,603993,603993,洛阳钼业第七届董事会第七次临时会议决议公告,洛阳钼业第七届董事会第七次临时会议决议公告,ok
cninfo_disclosure,http://www.cninfo.com.cn/new/disclosure/detail?stockCode=603993&announcementId=1224858949&orgId=gshk0003993&announcementTime=2025-12-09 00:00:00,2025-12-09 00:00:00,603993,603993,洛阳钼业公司章程,洛阳钼业公司章程,ok
cninfo_disclosure,http://www.cninfo.com.cn/new/disclosure/detail?stockCode=603993&announcementId=1224858943&orgId=gshk0003993&announcementTime=2025-12-09 00:00:00,2025-12-09 00:00:00,603993,603993,洛阳钼业对外投资管理制度,洛阳钼业对外投资管理制度,ok
cninfo_disclosure,http://www.cninfo.com.cn/new/disclosure/detail?stockCode=603993&announcementId=1224858942&orgId=gshk0003993&announcementTime=2025-12-09 00:00:00,2025-12-09 00:00:00,603993,603993,洛阳钼业募集资金管理制度,洛阳钼业募集资金管理制度,ok
cninfo_disclosure,http://www.cninfo.com.cn/new/disclosure/detail?stockCode=603993&announcementId=1224845517&orgId=gshk0003993&announcementTime=2025-12-03 00:00:00,2025-12-03 00:00:00,603993,603993,洛阳钼业第七届董事会第六次临时会议决议公告,洛阳钼业第七届董事会第六次临时会议决议公告,ok
cninfo_disclosure,http://www.cninfo.com.cn/new/disclosure/detail?stockCode=603993&announcementId=1224845516&orgId=gshk0003993&announcementTime=2025-12-03 00:00:00,2025-12-03 00:00:00,603993,603993,洛阳钼业关于全资子公司认购基金份额的公告,洛阳钼业关于全资子公司认购基金份额的公告,ok
cninfo_disclosure,http://www.cninfo.com.cn/new/disclosure/detail?stockCode=603993&announcementId=1224808948&orgId=gshk0003993&announcementTime=2025-11-18 00:00:00,2025-11-18 00:00:00,603993,603993,洛阳钼业薪酬委员会工作细则,洛阳钼业薪酬委员会工作细则,ok
cninfo_disclosure,http://www.cninfo.com.cn/new/disclosure/detail?stockCode=603993&announcementId=1224808947&orgId=gshk0003993&announcementTime=2025-11-18 00:00:00,2025-11-18 00:00:00,603993,603993,洛阳钼业2025年第二次临时股东大会会议资料,洛阳钼业2025年第二次临时股东大会会议资料,ok
cninfo_disclosure,http://www.cninfo.com.cn/new/disclosure/detail?stockCode=603993&announcementId=1224808946&orgId=gshk0003993&announcementTime=2025-11-18 00:00:00,2025-11-18 00:00:00,603993,603993,洛阳钼业防范控股股东、实际控制人及其他关联方资金占用管理办法,洛阳钼业防范控股股东、实际控制人及其他关联方资金占用管理办法,ok
cninfo_disclosure,http://www.cninfo.com.cn/new/disclosure/detail?stockCode=603993&announcementId=1224808945&orgId=gshk0003993&announcementTime=2025-11-18 00:00:00,2025-11-18 00:00:00,603993,603993,洛阳钼业审计及风险委员会工作细则,洛阳钼业审计及风险委员会工作细则,ok
cninfo_disclosure,http://www.cninfo.com.cn/new/disclosure/detail?stockCode=603993&announcementId=1224808944&orgId=gshk0003993&announcementTime=2025-11-18 00:00:00,2025-11-18 00:00:00,603993,603993,洛阳钼业投资者关系管理制度,洛阳钼业投资者关系管理制度,ok
cninfo_disclosure,http://www.cninfo.com.cn/new/disclosure/detail?stockCode=603993&announcementId=1224808942&orgId=gshk0003993&announcementTime=2025-11-18 00:00:00,2025-11-18 00:00:00,603993,603993,洛阳钼业董事会秘书工作制度,洛阳钼业董事会秘书工作制度,ok
cninfo_disclosure,http://www.cninfo.com.cn/new/disclosure/detail?stockCode=603993&announcementId=1224808941&orgId=gshk0003993&announcementTime=2025-11-18 00:00:00,2025-11-18 00:00:00,603993,603993,洛阳钼业总裁工作细则,洛阳钼业总裁工作细则,ok
cninfo_disclosure,http://www.cninfo.com.cn/new/disclosure/detail?stockCode=603993&announcementId=1224808940&orgId=gshk0003993&announcementTime=2025-11-18 00:00:00,2025-11-18 00:00:00,603993,603993,洛阳钼业提名及管制委员会工作细则,洛阳钼业提名及管制委员会工作细则,ok
cninfo_disclosure,http://www.cninfo.com.cn/new/disclosure/detail?stockCode=603993&announcementId=1224808938&orgId=gshk0003993&announcementTime=2025-11-18 00:00:00,2025-11-18 00:00:00,603993,603993,洛阳钼业关于召开2025年第二次临时股东大会的通知,洛阳钼业关于召开2025年第二次临时股东大会的通知,ok
cninfo_disclosure,http://www.cninfo.com.cn/new/disclosure/detail?stockCode=603993&announcementId=1224808937&orgId=gshk0003993&announcementTime=2025-11-18 00:00:00,2025-11-18 00:00:00,603993,603993,洛阳钼业子公司管理制度,洛阳钼业子公司管理制度,ok
eastmoney_stock_news,http://finance.eastmoney.com/a/202604303726101124.html,2026-04-30 10:12:57,600547,600547,山东黄金600547.SH)：2026年一季报净利润为14.46亿元、同比较去年同期上涨40.87%,2026年4月30日，山东黄金600547.SH)发布2026年一季报。 公司营业总收入为325.16亿元，在已披露的同业公司中排名第2，较去年同报告期营业总收入增加65.81亿元，实现3年连续上涨，同比较去年同期上涨25.37%。,ok
eastmoney_stock_news,http://finance.eastmoney.com/a/202606103766792144.html,2026-06-10 17:37:00,600547,600547,解密主力资金出逃股 连续5日净流出684股,10.56 8.28 -11.08 600309 万华化学 5 10.36 8.74 -8.45 002202 金风科技 5 9.72 8.30 -10.00 688308 欧科亿 10 9.13 4.97 -4.26 001267 汇绿生态 5 8.88 9.24 -13.55 600547,ok
eastmoney_stock_news,http://finance.eastmoney.com/a/202606083763665446.html,2026-06-08 17:12:00,600547,600547,有色金属行业资金流出榜：紫金矿业、北方稀土等净流出资金居前,53347.75 601600 中国铝业 -6.18 2.18 -37806.23 000426 兴业银锡 -7.93 4.29 -30459.53 603799 华友钴业 -6.49 3.44 -28419.05 000630 铜陵有色 -7.92 3.96 -27863.20 600547,ok
eastmoney_stock_news,http://finance.eastmoney.com/a/202606023757691785.html,2026-06-02 19:13:00,600547,600547,山东黄金：子公司19.5亿元转让东海证券14.13%股权，公允价值变动损失约7.05亿元,6月2日，山东黄金（600547/01787）发布公告，全资子公司山金金控资本管理有限公司拟向东吴证券（601555）出售其持有的14.13%东海证券股份，对应2.62亿股，转让价格为19.5亿元。,ok
eastmoney_stock_news,http://finance.eastmoney.com/a/202606093765150767.html,2026-06-09 16:35:00,600547,600547,解密主力资金出逃股 连续5日净流出652股,7.02 4.18 6.95 300827 上能电气 12 7.02 8.93 -22.05 300573 兴齐眼药 22 6.90 10.15 -25.82 600545 卓郎智能 7 6.87 8.14 -19.42 300139 晓程科技 10 6.73 8.08 -19.81 600547,ok
eastmoney_stock_news,http://finance.eastmoney.com/a/202606043760474882.html,2026-06-04 16:54:00,600547,600547,有色金属行业6月4日资金流向日报,31509.36 600219 南山铝业 -5.31 3.04 -29122.15 000960 锡业股份 -4.37 5.73 -25931.00 600362 江西铜业 -4.10 2.78 -24785.51 000426 兴业银锡 -5.20 3.93 -23660.75 600547,ok
eastmoney_stock_news,http://finance.eastmoney.com/a/202606033759063490.html,2026-06-03 16:46:00,600547,600547,有色金属行业今日净流入资金22.81亿元，中钨高新等13股净流入资金超亿元,17.09 -10776.02 600489 中金黄金 -0.22 1.28 -10354.66 600362 江西铜业 1.14 4.89 -10254.11 000960 锡业股份 1.30 8.97 -9013.66 000975 山金国际 -0.95 1.77 -8327.46 600547,ok
eastmoney_stock_news,http://finance.eastmoney.com/a/202606053761244270.html,2026-06-05 09:23:00,600547,600547,220家公司获机构调研（附名单）,机械设备 300870 欧陆通 1 13 275.00 -7.84 电力设备 601567 三星电气 1 13 15.41 -7.67 电力设备 688139 海尔生物 1 13 29.36 -8.73 医药生物 688785 恒运昌 1 13 337.12 -11.32 电子 600547,ok
cninfo_disclosure,http://www.cninfo.com.cn/new/disclosure/detail?stockCode=600547&announcementId=1225351284&orgId=gssh0600547&announcementTime=2026-06-05 00:00:00,2026-06-05 00:00:00,600547,600547,股份发行人及根据《上市规则》第十九B章上市的香港预托证券发行人的证券变动月报表,股份发行人及根据《上市规则》第十九B章上市的香港预托证券发行人的证券变动月报表,ok
cninfo_disclosure,http://www.cninfo.com.cn/new/disclosure/detail?stockCode=600547&announcementId=1225349137&orgId=gssh0600547&announcementTime=2026-06-04 00:00:00,2026-06-04 00:00:00,600547,600547,山东黄金矿业股份有限公司2026年第一次临时股东会会议资料,山东黄金矿业股份有限公司2026年第一次临时股东会会议资料,ok
cninfo_disclosure,http://www.cninfo.com.cn/new/disclosure/detail?stockCode=600547&announcementId=1225349134&orgId=gssh0600547&announcementTime=2026-06-04 00:00:00,2026-06-04 00:00:00,600547,600547,山东黄金矿业股份有限公司关于召开2026年第一次临时股东会的通知,山东黄金矿业股份有限公司关于召开2026年第一次临时股东会的通知,ok
cninfo_disclosure,http://www.cninfo.com.cn/new/disclosure/detail?stockCode=600547&announcementId=1225346872&orgId=gssh0600547&announcementTime=2026-06-03 00:00:00,2026-06-03 00:00:00,600547,600547,山东黄金矿业股份有限公司关于拟确认公允价值变动损失的公告,山东黄金矿业股份有限公司关于拟确认公允价值变动损失的公告,ok
cninfo_disclosure,http://www.cninfo.com.cn/new/disclosure/detail?stockCode=600547&announcementId=1225342329&orgId=gssh0600547&announcementTime=2026-06-02 00:00:00,2026-06-02 00:00:00,600547,600547,山东黄金矿业股份有限公司关于控股子公司山金国际为其子公司提供担保的进展公告,山东黄金矿业股份有限公司关于控股子公司山金国际为其子公司提供担保的进展公告,ok
cninfo_disclosure,http://www.cninfo.com.cn/new/disclosure/detail?stockCode=600547&announcementId=1225338303&orgId=gssh0600547&announcementTime=2026-05-30 00:00:00,2026-05-30 00:00:00,600547,600547,山东黄金矿业股份有限公司防范控股股东及关联方占用上市公司资金制度,山东黄金矿业股份有限公司防范控股股东及关联方占用上市公司资金制度,ok
cninfo_disclosure,http://www.cninfo.com.cn/new/disclosure/detail?stockCode=600547&announcementId=1225338302&orgId=gssh0600547&announcementTime=2026-05-30 00:00:00,2026-05-30 00:00:00,600547,600547,山东黄金矿业股份有限公司信息披露暂缓与豁免业务内部管理制度,山东黄金矿业股份有限公司信息披露暂缓与豁免业务内部管理制度,ok
cninfo_disclosure,http://www.cninfo.com.cn/new/disclosure/detail?stockCode=600547&announcementId=1225338298&orgId=gssh0600547&announcementTime=2026-05-30 00:00:00,2026-05-30 00:00:00,600547,600547,山东黄金矿业股份有限公司董事会提名委员会实施细则,山东黄金矿业股份有限公司董事会提名委员会实施细则,ok
cninfo_disclosure,http://www.cninfo.com.cn/new/disclosure/detail?stockCode=600547&announcementId=1225338296&orgId=gssh0600547&announcementTime=2026-05-30 00:00:00,2026-05-30 00:00:00,600547,600547,山东黄金矿业股份有限公司股东提名人选参选董事的程序规范,山东黄金矿业股份有限公司股东提名人选参选董事的程序规范,ok
cninfo_disclosure,http://www.cninfo.com.cn/new/disclosure/detail?stockCode=600547&announcementId=1225338295&orgId=gssh0600547&announcementTime=2026-05-30 00:00:00,2026-05-30 00:00:00,600547,600547,山东黄金矿业股份有限公司关于与山东黄金集团财务有限公司签订《金融服务框架协议之补充协议》暨关联交易的公告,山东黄金矿业股份有限公司关于与山东黄金集团财务有限公司签订《金融服务框架协议之补充协议》暨关联交易的公告,ok
cninfo_disclosure,http://www.cninfo.com.cn/new/disclosure/detail?stockCode=600547&announcementId=1225338292&orgId=gssh0600547&announcementTime=2026-05-30 00:00:00,2026-05-30 00:00:00,600547,600547,山东黄金矿业股份有限公司募集资金管理办法,山东黄金矿业股份有限公司募集资金管理办法,ok
cninfo_disclosure,http://www.cninfo.com.cn/new/disclosure/detail?stockCode=600547&announcementId=1225338287&orgId=gssh0600547&announcementTime=2026-05-30 00:00:00,2026-05-30 00:00:00,600547,600547,山东黄金矿业股份有限公司总经理工作细则,山东黄金矿业股份有限公司总经理工作细则,ok
cninfo_disclosure,http://www.cninfo.com.cn/new/disclosure/detail?stockCode=600547&announcementId=1225338282&orgId=gssh0600547&announcementTime=2026-05-30 00:00:00,2026-05-30 00:00:00,600547,600547,山东黄金矿业股份有限公司董事会成员多元化制度,山东黄金矿业股份有限公司董事会成员多元化制度,ok
cninfo_disclosure,http://www.cninfo.com.cn/new/disclosure/detail?stockCode=600547&announcementId=1225338281&orgId=gssh0600547&announcementTime=2026-05-30 00:00:00,2026-05-30 00:00:00,600547,600547,山东黄金矿业股份有限公司独立董事专门会议议事规则,山东黄金矿业股份有限公司独立董事专门会议议事规则,ok
cninfo_disclosure,http://www.cninfo.com.cn/new/disclosure/detail?stockCode=600547&announcementId=1225338277&orgId=gssh0600547&announcementTime=2026-05-30 00:00:00,2026-05-30 00:00:00,600547,600547,山东黄金矿业股份有限公司董事会秘书工作细则,山东黄金矿业股份有限公司董事会秘书工作细则,ok
cninfo_disclosure,http://www.cninfo.com.cn/new/disclosure/detail?stockCode=600547&announcementId=1225338274&orgId=gssh0600547&announcementTime=2026-05-30 00:00:00,2026-05-30 00:00:00,600547,600547,山东黄金矿业股份有限公司董事会审计委员会实施细则,山东黄金矿业股份有限公司董事会审计委员会实施细则,ok
cninfo_disclosure,http://www.cninfo.com.cn/new/disclosure/detail?stockCode=600547&announcementId=1225338271&orgId=gssh0600547&announcementTime=2026-05-30 00:00:00,2026-05-30 00:00:00,600547,600547,山东黄金矿业股份有限公司董事、高级管理人员薪酬管理制度,山东黄金矿业股份有限公司董事、高级管理人员薪酬管理制度,ok
cninfo_disclosure,http://www.cninfo.com.cn/new/disclosure/detail?stockCode=600547&announcementId=1225338270&orgId=gssh0600547&announcementTime=2026-05-30 00:00:00,2026-05-30 00:00:00,600547,600547,山东黄金矿业股份有限公司董事会战略委员会实施细则,山东黄金矿业股份有限公司董事会战略委员会实施细则,ok
cninfo_disclosure,http://www.cninfo.com.cn/new/disclosure/detail?stockCode=600547&announcementId=1225338252&orgId=gssh0600547&announcementTime=2026-05-30 00:00:00,2026-05-30 00:00:00,600547,600547,山东黄金矿业股份有限公司大股东及董事、高级管理人员所持公司股份的管理制度及董事进行证券交易的标准守则,山东黄金矿业股份有限公司大股东及董事、高级管理人员所持公司股份的管理制度及董事进行证券交易的标准守则,ok
cninfo_disclosure,http://www.cninfo.com.cn/new/disclosure/detail?stockCode=600547&announcementId=1225338236&orgId=gssh0600547&announcementTime=2026-05-30 00:00:00,2026-05-30 00:00:00,600547,600547,山东黄金矿业股份有限公司内幕信息知情人登记管理制度,山东黄金矿业股份有限公司内幕信息知情人登记管理制度,ok
cninfo_disclosure,http://www.cninfo.com.cn/new/disclosure/detail?stockCode=600547&announcementId=1225338233&orgId=gssh0600547&announcementTime=2026-05-30 00:00:00,2026-05-30 00:00:00,600547,600547,山东黄金矿业股份有限公司年报信息披露重大差错责任追究制度,山东黄金矿业股份有限公司年报信息披露重大差错责任追究制度,ok
cninfo_disclosure,http://www.cninfo.com.cn/new/disclosure/detail?stockCode=600547&announcementId=1225338232&orgId=gssh0600547&announcementTime=2026-05-30 00:00:00,2026-05-30 00:00:00,600547,600547,山东黄金矿业股份有限公司内部审计工作规定,山东黄金矿业股份有限公司内部审计工作规定,ok
cninfo_disclosure,http://www.cninfo.com.cn/new/disclosure/detail?stockCode=600547&announcementId=1225338222&orgId=gssh0600547&announcementTime=2026-05-30 00:00:00,2026-05-30 00:00:00,600547,600547,山东黄金矿业股份有限公司雇员多元化管理办法,山东黄金矿业股份有限公司雇员多元化管理办法,ok
cninfo_disclosure,http://www.cninfo.com.cn/new/disclosure/detail?stockCode=600547&announcementId=1225338217&orgId=gssh0600547&announcementTime=2026-05-30 00:00:00,2026-05-30 00:00:00,600547,600547,山东黄金矿业股份有限公司独立董事工作制度,山东黄金矿业股份有限公司独立董事工作制度,ok
cninfo_disclosure,http://www.cninfo.com.cn/new/disclosure/detail?stockCode=600547&announcementId=1225338216&orgId=gssh0600547&announcementTime=2026-05-30 00:00:00,2026-05-30 00:00:00,600547,600547,山东黄金矿业股份有限公司董事会可持续发展委员会工作细则,山东黄金矿业股份有限公司董事会可持续发展委员会工作细则,ok
cninfo_disclosure,http://www.cninfo.com.cn/new/disclosure/detail?stockCode=600547&announcementId=1225338200&orgId=gssh0600547&announcementTime=2026-05-30 00:00:00,2026-05-30 00:00:00,600547,600547,山东黄金矿业股份有限公司投资者关系管理制度,山东黄金矿业股份有限公司投资者关系管理制度,ok
cninfo_disclosure,http://www.cninfo.com.cn/new/disclosure/detail?stockCode=600547&announcementId=1225338199&orgId=gssh0600547&announcementTime=2026-05-30 00:00:00,2026-05-30 00:00:00,600547,600547,山东黄金矿业股份有限公司信息披露事务管理办法,山东黄金矿业股份有限公司信息披露事务管理办法,ok
cninfo_disclosure,http://www.cninfo.com.cn/new/disclosure/detail?stockCode=600547&announcementId=1225338197&orgId=gssh0600547&announcementTime=2026-05-30 00:00:00,2026-05-30 00:00:00,600547,600547,山东黄金矿业股份有限公司对外担保决策制度,山东黄金矿业股份有限公司对外担保决策制度,ok
cninfo_disclosure,http://www.cninfo.com.cn/new/disclosure/detail?stockCode=600547&announcementId=1225338194&orgId=gssh0600547&announcementTime=2026-05-30 00:00:00,2026-05-30 00:00:00,600547,600547,山东黄金矿业股份有限公司董事会薪酬与考核委员会实施细则,山东黄金矿业股份有限公司董事会薪酬与考核委员会实施细则,ok
cninfo_disclosure,http://www.cninfo.com.cn/new/disclosure/detail?stockCode=600547&announcementId=1225338193&orgId=gssh0600547&announcementTime=2026-05-30 00:00:00,2026-05-30 00:00:00,600547,600547,山东黄金矿业股份有限公司第七届董事会第十一次会议决议公告,山东黄金矿业股份有限公司第七届董事会第十一次会议决议公告,ok
cninfo_disclosure,http://www.cninfo.com.cn/new/disclosure/detail?stockCode=600547&announcementId=1225338192&orgId=gssh0600547&announcementTime=2026-05-30 00:00:00,2026-05-30 00:00:00,600547,600547,山东黄金矿业股份有限公司关联交易管理制度,山东黄金矿业股份有限公司关联交易管理制度,ok
cninfo_disclosure,http://www.cninfo.com.cn/new/disclosure/detail?stockCode=600547&announcementId=1225333143&orgId=gssh0600547&announcementTime=2026-05-28 00:00:00,2026-05-28 00:00:00,600547,600547,山东黄金矿业股份有限公司关于2025年年度股东会的延期公告,山东黄金矿业股份有限公司关于2025年年度股东会的延期公告,ok
cninfo_disclosure,http://www.cninfo.com.cn/new/disclosure/detail?stockCode=600547&announcementId=1225305174&orgId=gssh0600547&announcementTime=2026-05-14 00:00:00,2026-05-14 00:00:00,600547,600547,山东黄金矿业股份有限公司关于召开2025年年度股东会的通知,山东黄金矿业股份有限公司关于召开2025年年度股东会的通知,ok
cninfo_disclosure,http://www.cninfo.com.cn/new/disclosure/detail?stockCode=600547&announcementId=1225304704&orgId=gssh0600547&announcementTime=2026-05-14 00:00:00,2026-05-14 00:00:00,600547,600547,山东黄金矿业股份有限公司2025年年度股东会会议资料,山东黄金矿业股份有限公司2025年年度股东会会议资料,ok
cninfo_disclosure,http://www.cninfo.com.cn/new/disclosure/detail?stockCode=600547&announcementId=1225281805&orgId=gssh0600547&announcementTime=2026-05-08 00:00:00,2026-05-08 00:00:00,600547,600547,山东黄金矿业股份有限公司关于参加山东辖区上市公司2026年投资者网上集体接待日活动暨2025年度、2026年第一季度业绩说明会的公告,山东黄金矿业股份有限公司关于参加山东辖区上市公司2026年投资者网上集体接待日活动暨2025年度、2026年第一季度业绩说明会的公告,ok
cninfo_disclosure,http://www.cninfo.com.cn/new/disclosure/detail?stockCode=600547&announcementId=1225281739&orgId=gssh0600547&announcementTime=2026-05-08 00:00:00,2026-05-08 00:00:00,600547,600547,股份发行人及根据《上市规则》第十九B章上市的香港预托证券发行人的证券变动月报表,股份发行人及根据《上市规则》第十九B章上市的香港预托证券发行人的证券变动月报表,ok
cninfo_disclosure,http://www.cninfo.com.cn/new/disclosure/detail?stockCode=600547&announcementId=1225256109&orgId=gssh0600547&announcementTime=2026-04-30 00:00:00,2026-04-30 00:00:00,600547,600547,山东黄金矿业股份有限公司2026年第一季度报告,山东黄金矿业股份有限公司2026年第一季度报告,ok
cninfo_disclosure,http://www.cninfo.com.cn/new/disclosure/detail?stockCode=600547&announcementId=1225256070&orgId=gssh0600547&announcementTime=2026-04-30 00:00:00,2026-04-30 00:00:00,600547,600547,山东黄金矿业股份有限公司第七届董事会第十次会议决议公告,山东黄金矿业股份有限公司第七届董事会第十次会议决议公告,ok
cninfo_disclosure,http://www.cninfo.com.cn/new/disclosure/detail?stockCode=600547&announcementId=1225255945&orgId=gssh0600547&announcementTime=2026-04-30 00:00:00,2026-04-30 00:00:00,600547,600547,山东黄金矿业股份有限公司关于“提质增效重回报”2025年度评估报告暨2026年度行动方案的公告,山东黄金矿业股份有限公司关于“提质增效重回报”2025年度评估报告暨2026年度行动方案的公告,ok
cninfo_disclosure,http://www.cninfo.com.cn/new/disclosure/detail?stockCode=600547&announcementId=1225084437&orgId=gssh0600547&announcementTime=2026-04-09 00:00:00,2026-04-09 00:00:00,600547,600547,山东黄金矿业股份有限公司关于控股股东及其一致行动人增持公司股份计划实施完毕及增持结果公告,山东黄金矿业股份有限公司关于控股股东及其一致行动人增持公司股份计划实施完毕及增持结果公告,ok
cninfo_disclosure,http://www.cninfo.com.cn/new/disclosure/detail?stockCode=600547&announcementId=1225084435&orgId=gssh0600547&announcementTime=2026-04-09 00:00:00,2026-04-09 00:00:00,600547,600547,国浩律师（济南）事务所关于山东黄金矿业股份有限公司控股股东及其一致行动人增持股份之法律意见书,国浩律师（济南）事务所关于山东黄金矿业股份有限公司控股股东及其一致行动人增持股份之法律意见书,ok
cninfo_disclosure,http://www.cninfo.com.cn/new/disclosure/detail?stockCode=600547&announcementId=1225075208&orgId=gssh0600547&announcementTime=2026-04-03 00:00:00,2026-04-03 00:00:00,600547,600547,股份发行人及根据《上市规则》第十九B章上市的香港预托证券发行人的证券变动月报表,股份发行人及根据《上市规则》第十九B章上市的香港预托证券发行人的证券变动月报表,ok
cninfo_disclosure,http://www.cninfo.com.cn/new/disclosure/detail?stockCode=600547&announcementId=1225041027&orgId=gssh0600547&announcementTime=2026-03-28 00:00:00,2026-03-28 00:00:00,600547,600547,山东黄金矿业股份有限公司关于控股子公司山金国际重新向香港联交所递交境外上市股份（H股）发行上市的申请并刊发申请资料的公告,山东黄金矿业股份有限公司关于控股子公司山金国际重新向香港联交所递交境外上市股份（H股）发行上市的申请并刊发申请资料的公告,ok
cninfo_disclosure,http://www.cninfo.com.cn/new/disclosure/detail?stockCode=600547&announcementId=1225041011&orgId=gssh0600547&announcementTime=2026-03-28 00:00:00,2026-03-28 00:00:00,600547,600547,山东黄金矿业股份有限公司关于控股子公司山金国际为其子公司提供担保的进展公告,山东黄金矿业股份有限公司关于控股子公司山金国际为其子公司提供担保的进展公告,ok
cninfo_disclosure,http://www.cninfo.com.cn/new/disclosure/detail?stockCode=600547&announcementId=1225035680&orgId=gssh0600547&announcementTime=2026-03-27 00:00:00,2026-03-27 00:00:00,600547,600547,山东黄金矿业股份有限公司关于开展2026年度黄金租赁与黄金远期交易组合业务的可行性分析报告,山东黄金矿业股份有限公司关于开展2026年度黄金租赁与黄金远期交易组合业务的可行性分析报告,ok
cninfo_disclosure,http://www.cninfo.com.cn/new/disclosure/detail?stockCode=600547&announcementId=1225035679&orgId=gssh0600547&announcementTime=2026-03-27 00:00:00,2026-03-27 00:00:00,600547,600547,山东黄金矿业股份有限公司关于2026年度公司为香港子公司提供担保额度预计的公告,山东黄金矿业股份有限公司关于2026年度公司为香港子公司提供担保额度预计的公告,ok
cninfo_disclosure,http://www.cninfo.com.cn/new/disclosure/detail?stockCode=600547&announcementId=1225035678&orgId=gssh0600547&announcementTime=2026-03-27 00:00:00,2026-03-27 00:00:00,600547,600547,山东黄金矿业股份有限公司2025年度可持续发展报告摘要,山东黄金矿业股份有限公司2025年度可持续发展报告摘要,ok
cninfo_disclosure,http://www.cninfo.com.cn/new/disclosure/detail?stockCode=600547&announcementId=1225035675&orgId=gssh0600547&announcementTime=2026-03-27 00:00:00,2026-03-27 00:00:00,600547,600547,山东黄金矿业股份有限公司董事会审计委员会2025年度履职情况报告,山东黄金矿业股份有限公司董事会审计委员会2025年度履职情况报告,ok
cninfo_disclosure,http://www.cninfo.com.cn/new/disclosure/detail?stockCode=600547&announcementId=1225035674&orgId=gssh0600547&announcementTime=2026-03-27 00:00:00,2026-03-27 00:00:00,600547,600547,山东黄金矿业股份有限公司2025年年度报告摘要,山东黄金矿业股份有限公司2025年年度报告摘要,ok
cninfo_disclosure,http://www.cninfo.com.cn/new/disclosure/detail?stockCode=600547&announcementId=1225035673&orgId=gssh0600547&announcementTime=2026-03-27 00:00:00,2026-03-27 00:00:00,600547,600547,山东黄金矿业股份有限公司关于开展2026年度期货和衍生品交易业务的可行性分析报告,山东黄金矿业股份有限公司关于开展2026年度期货和衍生品交易业务的可行性分析报告,ok
cninfo_disclosure,http://www.cninfo.com.cn/new/disclosure/detail?stockCode=600547&announcementId=1225035672&orgId=gssh0600547&announcementTime=2026-03-27 00:00:00,2026-03-27 00:00:00,600547,600547,山东黄金矿业股份有限公司关于续聘会计师事务所的公告,山东黄金矿业股份有限公司关于续聘会计师事务所的公告,ok
cninfo_disclosure,http://www.cninfo.com.cn/new/disclosure/detail?stockCode=600547&announcementId=1225035671&orgId=gssh0600547&announcementTime=2026-03-27 00:00:00,2026-03-27 00:00:00,600547,600547,山东黄金矿业股份有限公司关于山东黄金集团财务有限公司的风险持续评估报告,山东黄金矿业股份有限公司关于山东黄金集团财务有限公司的风险持续评估报告,ok
cninfo_disclosure,http://www.cninfo.com.cn/new/disclosure/detail?stockCode=600547&announcementId=1225035670&orgId=gssh0600547&announcementTime=2026-03-27 00:00:00,2026-03-27 00:00:00,600547,600547,山东黄金矿业股份有限公司关于2026年度子公司委托理财单日最高额度的公告,山东黄金矿业股份有限公司关于2026年度子公司委托理财单日最高额度的公告,ok
cninfo_disclosure,http://www.cninfo.com.cn/new/disclosure/detail?stockCode=600547&announcementId=1225035668&orgId=gssh0600547&announcementTime=2026-03-27 00:00:00,2026-03-27 00:00:00,600547,600547,山东黄金矿业股份有限公司2025年度会计师事务所履职情况评估报告,山东黄金矿业股份有限公司2025年度会计师事务所履职情况评估报告,ok
cninfo_disclosure,http://www.cninfo.com.cn/new/disclosure/detail?stockCode=600547&announcementId=1225035667&orgId=gssh0600547&announcementTime=2026-03-27 00:00:00,2026-03-27 00:00:00,600547,600547,山东黄金矿业股份有限公司2025年度独立董事述职报告—战凯,山东黄金矿业股份有限公司2025年度独立董事述职报告—战凯,ok
cninfo_disclosure,http://www.cninfo.com.cn/new/disclosure/detail?stockCode=600547&announcementId=1225035665&orgId=gssh0600547&announcementTime=2026-03-27 00:00:00,2026-03-27 00:00:00,600547,600547,山东黄金矿业股份有限公司2025年度审计报告,山东黄金矿业股份有限公司2025年度审计报告,ok
cninfo_disclosure,http://www.cninfo.com.cn/new/disclosure/detail?stockCode=600547&announcementId=1225035663&orgId=gssh0600547&announcementTime=2026-03-27 00:00:00,2026-03-27 00:00:00,600547,600547,山东黄金矿业股份有限公司董事会关于独立董事2025年度独立性情况的专项意见,山东黄金矿业股份有限公司董事会关于独立董事2025年度独立性情况的专项意见,ok
cninfo_disclosure,http://www.cninfo.com.cn/new/disclosure/detail?stockCode=600547&announcementId=1225035661&orgId=gssh0600547&announcementTime=2026-03-27 00:00:00,2026-03-27 00:00:00,600547,600547,山东黄金矿业股份有限公司2025年度募集资金年度存放、管理与实际使用情况鉴证报告,山东黄金矿业股份有限公司2025年度募集资金年度存放、管理与实际使用情况鉴证报告,ok
cninfo_disclosure,http://www.cninfo.com.cn/new/disclosure/detail?stockCode=600547&announcementId=1225035657&orgId=gssh0600547&announcementTime=2026-03-27 00:00:00,2026-03-27 00:00:00,600547,600547,山东黄金矿业股份有限公司2025年度内部控制评价报告,山东黄金矿业股份有限公司2025年度内部控制评价报告,ok
cninfo_disclosure,http://www.cninfo.com.cn/new/disclosure/detail?stockCode=600547&announcementId=1225035655&orgId=gssh0600547&announcementTime=2026-03-27 00:00:00,2026-03-27 00:00:00,600547,600547,山东黄金矿业股份有限公司关于开展2026年度期货和衍生品交易的公告,山东黄金矿业股份有限公司关于开展2026年度期货和衍生品交易的公告,ok
cninfo_disclosure,http://www.cninfo.com.cn/new/disclosure/detail?stockCode=600547&announcementId=1225035653&orgId=gssh0600547&announcementTime=2026-03-27 00:00:00,2026-03-27 00:00:00,600547,600547,山东黄金矿业股份有限公司2025年度独立董事述职报告—赵峰,山东黄金矿业股份有限公司2025年度独立董事述职报告—赵峰,ok
cninfo_disclosure,http://www.cninfo.com.cn/new/disclosure/detail?stockCode=600547&announcementId=1225035649&orgId=gssh0600547&announcementTime=2026-03-27 00:00:00,2026-03-27 00:00:00,600547,600547,山东黄金矿业股份有限公司关于提请股东大会授权董事会制定并执行2026年中期分红的公告,山东黄金矿业股份有限公司关于提请股东大会授权董事会制定并执行2026年中期分红的公告,ok
cninfo_disclosure,http://www.cninfo.com.cn/new/disclosure/detail?stockCode=600547&announcementId=1225035647&orgId=gssh0600547&announcementTime=2026-03-27 00:00:00,2026-03-27 00:00:00,600547,600547,山东黄金矿业股份有限公司第七届董事会第九次会议决议公告,山东黄金矿业股份有限公司第七届董事会第九次会议决议公告,ok
cninfo_disclosure,http://www.cninfo.com.cn/new/disclosure/detail?stockCode=600547&announcementId=1225035643&orgId=gssh0600547&announcementTime=2026-03-27 00:00:00,2026-03-27 00:00:00,600547,600547,山东黄金矿业股份有限公司关于计提2025年度资产减值准备的公告,山东黄金矿业股份有限公司关于计提2025年度资产减值准备的公告,ok
cninfo_disclosure,http://www.cninfo.com.cn/new/disclosure/detail?stockCode=600547&announcementId=1225035641&orgId=gssh0600547&announcementTime=2026-03-27 00:00:00,2026-03-27 00:00:00,600547,600547,山东黄金矿业股份有限公司2025年度独立董事述职报告—王运敏,山东黄金矿业股份有限公司2025年度独立董事述职报告—王运敏,ok
cninfo_disclosure,http://www.cninfo.com.cn/new/disclosure/detail?stockCode=600547&announcementId=1225035639&orgId=gssh0600547&announcementTime=2026-03-27 00:00:00,2026-03-27 00:00:00,600547,600547,山东黄金矿业股份有限公司2025年年度报告,山东黄金矿业股份有限公司2025年年度报告,ok
cninfo_disclosure,http://www.cninfo.com.cn/new/disclosure/detail?stockCode=600547&announcementId=1225035638&orgId=gssh0600547&announcementTime=2026-03-27 00:00:00,2026-03-27 00:00:00,600547,600547,关于山东黄金矿业股份有限公司2025年度涉及财务公司关联交易的存款、贷款等金融业务的专项说明,关于山东黄金矿业股份有限公司2025年度涉及财务公司关联交易的存款、贷款等金融业务的专项说明,ok
cninfo_disclosure,http://www.cninfo.com.cn/new/disclosure/detail?stockCode=600547&announcementId=1225035637&orgId=gssh0600547&announcementTime=2026-03-27 00:00:00,2026-03-27 00:00:00,600547,600547,山东黄金矿业股份有限公司2025年可持续发展报告,山东黄金矿业股份有限公司2025年可持续发展报告,ok
cninfo_disclosure,http://www.cninfo.com.cn/new/disclosure/detail?stockCode=600547&announcementId=1225035636&orgId=gssh0600547&announcementTime=2026-03-27 00:00:00,2026-03-27 00:00:00,600547,600547,山东黄金矿业股份有限公司2025年度内部控制审计报告,山东黄金矿业股份有限公司2025年度内部控制审计报告,ok
cninfo_disclosure,http://www.cninfo.com.cn/new/disclosure/detail?stockCode=600547&announcementId=1225035634&orgId=gssh0600547&announcementTime=2026-03-27 00:00:00,2026-03-27 00:00:00,600547,600547,中信证券股份有限公司关于山东黄金矿业股份有限公司募集资金使用情况的核查意见,中信证券股份有限公司关于山东黄金矿业股份有限公司募集资金使用情况的核查意见,ok
cninfo_disclosure,http://www.cninfo.com.cn/new/disclosure/detail?stockCode=600547&announcementId=1225035633&orgId=gssh0600547&announcementTime=2026-03-27 00:00:00,2026-03-27 00:00:00,600547,600547,山东黄金矿业股份有限公司未来三年（2026年-2028年）股东回报规划,山东黄金矿业股份有限公司未来三年（2026年-2028年）股东回报规划,ok
cninfo_disclosure,http://www.cninfo.com.cn/new/disclosure/detail?stockCode=600547&announcementId=1225035632&orgId=gssh0600547&announcementTime=2026-03-27 00:00:00,2026-03-27 00:00:00,600547,600547,山东黄金矿业股份有限公司2025年度独立董事述职报告—刘怀镜,山东黄金矿业股份有限公司2025年度独立董事述职报告—刘怀镜,ok
cninfo_disclosure,http://www.cninfo.com.cn/new/disclosure/detail?stockCode=600547&announcementId=1225035631&orgId=gssh0600547&announcementTime=2026-03-27 00:00:00,2026-03-27 00:00:00,600547,600547,山东黄金矿业股份有限公司关于开展2026年度黄金租赁与黄金远期交易组合业务的公告,山东黄金矿业股份有限公司关于开展2026年度黄金租赁与黄金远期交易组合业务的公告,ok
cninfo_disclosure,http://www.cninfo.com.cn/new/disclosure/detail?stockCode=600547&announcementId=1225035630&orgId=gssh0600547&announcementTime=2026-03-27 00:00:00,2026-03-27 00:00:00,600547,600547,山东黄金矿业股份有限公司关于2025年度利润分配方案的公告,山东黄金矿业股份有限公司关于2025年度利润分配方案的公告,ok
cninfo_disclosure,http://www.cninfo.com.cn/new/disclosure/detail?stockCode=600547&announcementId=1225035629&orgId=gssh0600547&announcementTime=2026-03-27 00:00:00,2026-03-27 00:00:00,600547,600547,山东黄金矿业股份有限公司关于2025年度募集资金存放、管理与实际使用情况的专项报告,山东黄金矿业股份有限公司关于2025年度募集资金存放、管理与实际使用情况的专项报告,ok
cninfo_disclosure,http://www.cninfo.com.cn/new/disclosure/detail?stockCode=600547&announcementId=1225035628&orgId=gssh0600547&announcementTime=2026-03-27 00:00:00,2026-03-27 00:00:00,600547,600547,山东黄金矿业股份有限公司董事会审计委员会2025年度对会计师事务所履行监督职责情况的报告,山东黄金矿业股份有限公司董事会审计委员会2025年度对会计师事务所履行监督职责情况的报告,ok
cninfo_disclosure,http://www.cninfo.com.cn/new/disclosure/detail?stockCode=600547&announcementId=1225035627&orgId=gssh0600547&announcementTime=2026-03-27 00:00:00,2026-03-27 00:00:00,600547,600547,关于山东黄金矿业股份有限公司非经营性资金占用及其他关联资金往来情况汇总表的专项审计报告,关于山东黄金矿业股份有限公司非经营性资金占用及其他关联资金往来情况汇总表的专项审计报告,ok
cninfo_disclosure,http://www.cninfo.com.cn/new/disclosure/detail?stockCode=600547&announcementId=1225011364&orgId=gssh0600547&announcementTime=2026-03-17 00:00:00,2026-03-17 00:00:00,600547,600547,董事会会议通告,董事会会议通告,ok
cninfo_disclosure,http://www.cninfo.com.cn/new/disclosure/detail?stockCode=600547&announcementId=1224994276&orgId=gssh0600547&announcementTime=2026-03-04 00:00:00,2026-03-04 00:00:00,600547,600547,股份发行人及根据《上市规则》第十九B章上市的香港预托证券发行人的证券变动月报表,股份发行人及根据《上市规则》第十九B章上市的香港预托证券发行人的证券变动月报表,ok
cninfo_disclosure,http://www.cninfo.com.cn/new/disclosure/detail?stockCode=600547&announcementId=1224966828&orgId=gssh0600547&announcementTime=2026-02-05 00:00:00,2026-02-05 00:00:00,600547,600547,股份发行人及根据《上市规则》第十九B章上市的香港预托证券发行人的证券变动月报表,股份发行人及根据《上市规则》第十九B章上市的香港预托证券发行人的证券变动月报表,ok
eastmoney_stock_news,http://finance.eastmoney.com/a/202606083763665446.html,2026-06-08 17:12:00,600489,600489,有色金属行业资金流出榜：紫金矿业、北方稀土等净流出资金居前,27863.20 600547 山东黄金 -5.67 1.74 -27389.34 600549 厦门钨业 -3.82 5.37 -26867.49 002460 赣锋锂业 -4.40 4.17 -22075.67 002466 天齐锂业 -4.84 3.89 -20048.98 600489,ok
eastmoney_stock_news,http://finance.eastmoney.com/a/202604293723696641.html,2026-04-29 09:11:09,600489,600489,中金黄金600489.SH)：2026年一季报净利润为23.81亿元、同比较去年同期上涨129.23%,2026年4月29日，中金黄金600489.SH)发布2026年一季报。 公司营业总收入为225.88亿元，在已披露的同业公司中排名第2，较去年同报告期营业总收入增加77.28亿元，实现2年连续上涨，同比较去年同期上涨52.01%。,ok
eastmoney_stock_news,http://finance.eastmoney.com/a/202604293723973094.html,2026-04-29 10:01:10,600489,600489,中金黄金600489.SH)：2025年年报净利润为49.34亿元、同比较去年同期上涨45.71%,2026年4月29日，中金黄金600489.SH)发布2025年年报。 公司营业总收入为790.75亿元，在已披露的同业公司中排名第3，较去年同报告期营业总收入增加135.19亿元，实现5年连续上涨，同比较去年同期上涨20.62%。,ok
eastmoney_stock_news,http://finance.eastmoney.com/a/202606033759063490.html,2026-06-03 16:46:00,600489,600489,有色金属行业今日净流入资金22.81亿元，中钨高新等13股净流入资金超亿元,13594.31 600888 新疆众和 -4.40 5.66 -12690.28 603876 鼎胜新材 -7.29 4.40 -11764.96 000737 北方铜业 -1.32 4.73 -10931.34 603045 福达合金 -3.81 17.09 -10776.02 600489,ok
cninfo_disclosure,http://www.cninfo.com.cn/new/disclosure/detail?stockCode=600489&announcementId=1225359375&orgId=gssh0600489&announcementTime=2026-06-10 00:00:00,2026-06-10 00:00:00,600489,600489,中金黄金股份有限公司2025年年度股东会会议资料,中金黄金股份有限公司2025年年度股东会会议资料,ok
cninfo_disclosure,http://www.cninfo.com.cn/new/disclosure/detail?stockCode=600489&announcementId=1225345835&orgId=gssh0600489&announcementTime=2026-06-03 00:00:00,2026-06-03 00:00:00,600489,600489,中金黄金股份有限公司反洗钱和反恐怖融资管理办法,中金黄金股份有限公司反洗钱和反恐怖融资管理办法,ok
cninfo_disclosure,http://www.cninfo.com.cn/new/disclosure/detail?stockCode=600489&announcementId=1225345809&orgId=gssh0600489&announcementTime=2026-06-03 00:00:00,2026-06-03 00:00:00,600489,600489,中金黄金股份有限公司关于召开2025年年度股东会的通知,中金黄金股份有限公司关于召开2025年年度股东会的通知,ok
cninfo_disclosure,http://www.cninfo.com.cn/new/disclosure/detail?stockCode=600489&announcementId=1225345785&orgId=gssh0600489&announcementTime=2026-06-03 00:00:00,2026-06-03 00:00:00,600489,600489,中金黄金股份有限公司关于续聘会计师事务所的公告,中金黄金股份有限公司关于续聘会计师事务所的公告,ok
cninfo_disclosure,http://www.cninfo.com.cn/new/disclosure/detail?stockCode=600489&announcementId=1225345757&orgId=gssh0600489&announcementTime=2026-06-03 00:00:00,2026-06-03 00:00:00,600489,600489,中金黄金股份有限公司第八届董事会第十次会议决议公告,中金黄金股份有限公司第八届董事会第十次会议决议公告,ok
cninfo_disclosure,http://www.cninfo.com.cn/new/disclosure/detail?stockCode=600489&announcementId=1225232996&orgId=gssh0600489&announcementTime=2026-04-29 00:00:00,2026-04-29 00:00:00,600489,600489,中金黄金股份有限公司董事会审计委员会2025年度履职报告,中金黄金股份有限公司董事会审计委员会2025年度履职报告,ok
cninfo_disclosure,http://www.cninfo.com.cn/new/disclosure/detail?stockCode=600489&announcementId=1225232985&orgId=gssh0600489&announcementTime=2026-04-29 00:00:00,2026-04-29 00:00:00,600489,600489,中金黄金股份有限公司2026年第一季度报告,中金黄金股份有限公司2026年第一季度报告,ok
cninfo_disclosure,http://www.cninfo.com.cn/new/disclosure/detail?stockCode=600489&announcementId=1225232974&orgId=gssh0600489&announcementTime=2026-04-29 00:00:00,2026-04-29 00:00:00,600489,600489,中金黄金股份有限公司2025年度审计报告,中金黄金股份有限公司2025年度审计报告,ok
cninfo_disclosure,http://www.cninfo.com.cn/new/disclosure/detail?stockCode=600489&announcementId=1225232961&orgId=gssh0600489&announcementTime=2026-04-29 00:00:00,2026-04-29 00:00:00,600489,600489,中金黄金股份有限公司关于与关联人共同投资的公告,中金黄金股份有限公司关于与关联人共同投资的公告,ok
cninfo_disclosure,http://www.cninfo.com.cn/new/disclosure/detail?stockCode=600489&announcementId=1225232937&orgId=gssh0600489&announcementTime=2026-04-29 00:00:00,2026-04-29 00:00:00,600489,600489,中金黄金股份有限公司董事会薪酬与考核委员会工作条例,中金黄金股份有限公司董事会薪酬与考核委员会工作条例,ok
cninfo_disclosure,http://www.cninfo.com.cn/new/disclosure/detail?stockCode=600489&announcementId=1225232936&orgId=gssh0600489&announcementTime=2026-04-29 00:00:00,2026-04-29 00:00:00,600489,600489,中金黄金股份有限公司2025年度独立董事述职报告（高永涛）,中金黄金股份有限公司2025年度独立董事述职报告（高永涛）,ok
cninfo_disclosure,http://www.cninfo.com.cn/new/disclosure/detail?stockCode=600489&announcementId=1225232924&orgId=gssh0600489&announcementTime=2026-04-29 00:00:00,2026-04-29 00:00:00,600489,600489,中金黄金股份有限公司2025年环境、社会及公司治理报告,中金黄金股份有限公司2025年环境、社会及公司治理报告,ok
cninfo_disclosure,http://www.cninfo.com.cn/new/disclosure/detail?stockCode=600489&announcementId=1225232923&orgId=gssh0600489&announcementTime=2026-04-29 00:00:00,2026-04-29 00:00:00,600489,600489,关于中金黄金股份有限公司非经营性资金占用及其他关联资金往来情况汇总表的专项审计报告,关于中金黄金股份有限公司非经营性资金占用及其他关联资金往来情况汇总表的专项审计报告,ok
cninfo_disclosure,http://www.cninfo.com.cn/new/disclosure/detail?stockCode=600489&announcementId=1225232921&orgId=gssh0600489&announcementTime=2026-04-29 00:00:00,2026-04-29 00:00:00,600489,600489,中金黄金股份有限公司2025年度独立董事述职报告（张跃）,中金黄金股份有限公司2025年度独立董事述职报告（张跃）,ok
cninfo_disclosure,http://www.cninfo.com.cn/new/disclosure/detail?stockCode=600489&announcementId=1225232908&orgId=gssh0600489&announcementTime=2026-04-29 00:00:00,2026-04-29 00:00:00,600489,600489,中金黄金股份有限公司董事、高级管理人员薪酬管理办法,中金黄金股份有限公司董事、高级管理人员薪酬管理办法,ok
cninfo_disclosure,http://www.cninfo.com.cn/new/disclosure/detail?stockCode=600489&announcementId=1225232907&orgId=gssh0600489&announcementTime=2026-04-29 00:00:00,2026-04-29 00:00:00,600489,600489,中金黄金股份有限公司2025年年度报告,中金黄金股份有限公司2025年年度报告,ok
cninfo_disclosure,http://www.cninfo.com.cn/new/disclosure/detail?stockCode=600489&announcementId=1225232901&orgId=gssh0600489&announcementTime=2026-04-29 00:00:00,2026-04-29 00:00:00,600489,600489,中金黄金股份有限公司关于“提质增效重回报”行动方案的评估报告暨持续开展“提质增效重回报”行动方案的公告,中金黄金股份有限公司关于“提质增效重回报”行动方案的评估报告暨持续开展“提质增效重回报”行动方案的公告,ok
cninfo_disclosure,http://www.cninfo.com.cn/new/disclosure/detail?stockCode=600489&announcementId=1225232900&orgId=gssh0600489&announcementTime=2026-04-29 00:00:00,2026-04-29 00:00:00,600489,600489,中金黄金股份有限公司2025年度独立董事述职报告（吴三忙）,中金黄金股份有限公司2025年度独立董事述职报告（吴三忙）,ok
cninfo_disclosure,http://www.cninfo.com.cn/new/disclosure/detail?stockCode=600489&announcementId=1225232889&orgId=gssh0600489&announcementTime=2026-04-29 00:00:00,2026-04-29 00:00:00,600489,600489,中金黄金股份有限公司董事会关于独立董事2025年独立性情况评估的专项报告,中金黄金股份有限公司董事会关于独立董事2025年独立性情况评估的专项报告,ok
cninfo_disclosure,http://www.cninfo.com.cn/new/disclosure/detail?stockCode=600489&announcementId=1225232886&orgId=gssh0600489&announcementTime=2026-04-29 00:00:00,2026-04-29 00:00:00,600489,600489,中金黄金股份有限公司2025年年度利润分配方案公告,中金黄金股份有限公司2025年年度利润分配方案公告,ok
cninfo_disclosure,http://www.cninfo.com.cn/new/disclosure/detail?stockCode=600489&announcementId=1225232879&orgId=gssh0600489&announcementTime=2026-04-29 00:00:00,2026-04-29 00:00:00,600489,600489,中金黄金股份有限公司2025年度内部控制审计报告,中金黄金股份有限公司2025年度内部控制审计报告,ok
cninfo_disclosure,http://www.cninfo.com.cn/new/disclosure/detail?stockCode=600489&announcementId=1225232651&orgId=gssh0600489&announcementTime=2026-04-29 00:00:00,2026-04-29 00:00:00,600489,600489,中金黄金股份有限公司2025年年度报告摘要,中金黄金股份有限公司2025年年度报告摘要,ok
cninfo_disclosure,http://www.cninfo.com.cn/new/disclosure/detail?stockCode=600489&announcementId=1225232624&orgId=gssh0600489&announcementTime=2026-04-29 00:00:00,2026-04-29 00:00:00,600489,600489,关于中金黄金股份有限公司2025年度涉及财务公司关联交易的存款、贷款等金融业务的专项说明,关于中金黄金股份有限公司2025年度涉及财务公司关联交易的存款、贷款等金融业务的专项说明,ok
cninfo_disclosure,http://www.cninfo.com.cn/new/disclosure/detail?stockCode=600489&announcementId=1225232615&orgId=gssh0600489&announcementTime=2026-04-29 00:00:00,2026-04-29 00:00:00,600489,600489,中金黄金股份有限公司2026年预计日常关联交易公告,中金黄金股份有限公司2026年预计日常关联交易公告,ok
cninfo_disclosure,http://www.cninfo.com.cn/new/disclosure/detail?stockCode=600489&announcementId=1225232598&orgId=gssh0600489&announcementTime=2026-04-29 00:00:00,2026-04-29 00:00:00,600489,600489,中金黄金股份有限公司2025年度环境、社会及公司治理报告摘要,中金黄金股份有限公司2025年度环境、社会及公司治理报告摘要,ok
cninfo_disclosure,http://www.cninfo.com.cn/new/disclosure/detail?stockCode=600489&announcementId=1225232531&orgId=gssh0600489&announcementTime=2026-04-29 00:00:00,2026-04-29 00:00:00,600489,600489,中金黄金股份有限公司2025年度独立董事述职报告（周连碧）,中金黄金股份有限公司2025年度独立董事述职报告（周连碧）,ok
cninfo_disclosure,http://www.cninfo.com.cn/new/disclosure/detail?stockCode=600489&announcementId=1225232524&orgId=gssh0600489&announcementTime=2026-04-29 00:00:00,2026-04-29 00:00:00,600489,600489,中金黄金股份有限公司2025年度内部控制评价报告,中金黄金股份有限公司2025年度内部控制评价报告,ok
cninfo_disclosure,http://www.cninfo.com.cn/new/disclosure/detail?stockCode=600489&announcementId=1225232521&orgId=gssh0600489&announcementTime=2026-04-29 00:00:00,2026-04-29 00:00:00,600489,600489,中金黄金股份有限公司关于会计师事务所2025年度履职情况评估报告,中金黄金股份有限公司关于会计师事务所2025年度履职情况评估报告,ok
cninfo_disclosure,http://www.cninfo.com.cn/new/disclosure/detail?stockCode=600489&announcementId=1225232273&orgId=gssh0600489&announcementTime=2026-04-29 00:00:00,2026-04-29 00:00:00,600489,600489,中金黄金股份有限公司第八届董事会第九次会议决议公告,中金黄金股份有限公司第八届董事会第九次会议决议公告,ok
cninfo_disclosure,http://www.cninfo.com.cn/new/disclosure/detail?stockCode=600489&announcementId=1225232248&orgId=gssh0600489&announcementTime=2026-04-29 00:00:00,2026-04-29 00:00:00,600489,600489,中金黄金股份有限公司董事会审计委员会对会计师事务所2025年度履行监督职责情况的报告,中金黄金股份有限公司董事会审计委员会对会计师事务所2025年度履行监督职责情况的报告,ok
cninfo_disclosure,http://www.cninfo.com.cn/new/disclosure/detail?stockCode=600489&announcementId=1225232226&orgId=gssh0600489&announcementTime=2026-04-29 00:00:00,2026-04-29 00:00:00,600489,600489,中金黄金股份有限公司2025年度独立董事述职报告（谢文政）,中金黄金股份有限公司2025年度独立董事述职报告（谢文政）,ok
cninfo_disclosure,http://www.cninfo.com.cn/new/disclosure/detail?stockCode=600489&announcementId=1225232171&orgId=gssh0600489&announcementTime=2026-04-29 00:00:00,2026-04-29 00:00:00,600489,600489,中金黄金股份有限公司关于中国黄金集团财务有限公司的风险持续评估报告,中金黄金股份有限公司关于中国黄金集团财务有限公司的风险持续评估报告,ok
cninfo_disclosure,http://www.cninfo.com.cn/new/disclosure/detail?stockCode=600489&announcementId=1225232164&orgId=gssh0600489&announcementTime=2026-04-29 00:00:00,2026-04-29 00:00:00,600489,600489,中金黄金股份有限公司关于召开2025年度暨2026年第一季度业绩说明会的公告,中金黄金股份有限公司关于召开2025年度暨2026年第一季度业绩说明会的公告,ok
cninfo_disclosure,http://www.cninfo.com.cn/new/disclosure/detail?stockCode=600489&announcementId=1224987199&orgId=gssh0600489&announcementTime=2026-02-28 00:00:00,2026-02-28 00:00:00,600489,600489,中金黄金股份有限公司第八届董事会第八次会议决议公告,中金黄金股份有限公司第八届董事会第八次会议决议公告,ok
cninfo_disclosure,http://www.cninfo.com.cn/new/disclosure/detail?stockCode=600489&announcementId=1224987192&orgId=gssh0600489&announcementTime=2026-02-28 00:00:00,2026-02-28 00:00:00,600489,600489,中国黄金集团内蒙古矿业有限公司乌努格吐山铜钼矿南区尾矿库工程可行性研究报告,中国黄金集团内蒙古矿业有限公司乌努格吐山铜钼矿南区尾矿库工程可行性研究报告,ok
cninfo_disclosure,http://www.cninfo.com.cn/new/disclosure/detail?stockCode=600489&announcementId=1224987151&orgId=gssh0600489&announcementTime=2026-02-28 00:00:00,2026-02-28 00:00:00,600489,600489,中金黄金股份有限公司关于中国黄金集团内蒙古矿业有限公司乌努格吐山铜钼矿南区尾矿库工程的公告,中金黄金股份有限公司关于中国黄金集团内蒙古矿业有限公司乌努格吐山铜钼矿南区尾矿库工程的公告,ok
cninfo_disclosure,http://www.cninfo.com.cn/new/disclosure/detail?stockCode=600489&announcementId=1224954418&orgId=gssh0600489&announcementTime=2026-01-29 00:00:00,2026-01-29 00:00:00,600489,600489,中金黄金股份有限公司股票交易异常波动公告,中金黄金股份有限公司股票交易异常波动公告,ok
cninfo_disclosure,http://www.cninfo.com.cn/new/disclosure/detail?stockCode=600489&announcementId=1224951778&orgId=gssh0600489&announcementTime=2026-01-28 00:00:00,2026-01-28 00:00:00,600489,600489,中金黄金股份有限公司2025年年度业绩预增公告,中金黄金股份有限公司2025年年度业绩预增公告,ok
cninfo_disclosure,http://www.cninfo.com.cn/new/disclosure/detail?stockCode=600489&announcementId=1224907840&orgId=gssh0600489&announcementTime=2025-12-31 00:00:00,2025-12-31 00:00:00,600489,600489,中金黄金股份有限公司第八届董事会第七次会议决议公告,中金黄金股份有限公司第八届董事会第七次会议决议公告,ok
cninfo_disclosure,http://www.cninfo.com.cn/new/disclosure/detail?stockCode=600489&announcementId=1224891153&orgId=gssh0600489&announcementTime=2025-12-23 00:00:00,2025-12-23 00:00:00,600489,600489,中金黄金股份有限公司2025年第二次临时股东大会决议公告,中金黄金股份有限公司2025年第二次临时股东大会决议公告,ok
cninfo_disclosure,http://www.cninfo.com.cn/new/disclosure/detail?stockCode=600489&announcementId=1224891142&orgId=gssh0600489&announcementTime=2025-12-23 00:00:00,2025-12-23 00:00:00,600489,600489,北京大成律师事务所关于中金黄金股份有限公司2025年第二次临时股东大会之法律意见书,北京大成律师事务所关于中金黄金股份有限公司2025年第二次临时股东大会之法律意见书,ok
cninfo_disclosure,http://www.cninfo.com.cn/new/disclosure/detail?stockCode=600489&announcementId=1224872128&orgId=gssh0600489&announcementTime=2025-12-13 00:00:00,2025-12-13 00:00:00,600489,600489,中金黄金股份有限公司2025年第二次临时股东大会会议资料,中金黄金股份有限公司2025年第二次临时股东大会会议资料,ok
cninfo_disclosure,http://www.cninfo.com.cn/new/disclosure/detail?stockCode=600489&announcementId=1224857662&orgId=gssh0600489&announcementTime=2025-12-09 00:00:00,2025-12-09 00:00:00,600489,600489,中金黄金股份有限公司新任高级管理人员个人简历,中金黄金股份有限公司新任高级管理人员个人简历,ok
cninfo_disclosure,http://www.cninfo.com.cn/new/disclosure/detail?stockCode=600489&announcementId=1224854018&orgId=gssh0600489&announcementTime=2025-12-06 00:00:00,2025-12-06 00:00:00,600489,600489,中金黄金股份有限公司总经理工作细则,中金黄金股份有限公司总经理工作细则,ok
cninfo_disclosure,http://www.cninfo.com.cn/new/disclosure/detail?stockCode=600489&announcementId=1224854015&orgId=gssh0600489&announcementTime=2025-12-06 00:00:00,2025-12-06 00:00:00,600489,600489,中金黄金股份有限公司董事长工作细则,中金黄金股份有限公司董事长工作细则,ok
cninfo_disclosure,http://www.cninfo.com.cn/new/disclosure/detail?stockCode=600489&announcementId=1224854012&orgId=gssh0600489&announcementTime=2025-12-06 00:00:00,2025-12-06 00:00:00,600489,600489,中金黄金股份有限公司董事会秘书工作细则,中金黄金股份有限公司董事会秘书工作细则,ok
cninfo_disclosure,http://www.cninfo.com.cn/new/disclosure/detail?stockCode=600489&announcementId=1224853998&orgId=gssh0600489&announcementTime=2025-12-06 00:00:00,2025-12-06 00:00:00,600489,600489,中金黄金股份有限公司董事会议事规则,中金黄金股份有限公司董事会议事规则,ok
cninfo_disclosure,http://www.cninfo.com.cn/new/disclosure/detail?stockCode=600489&announcementId=1224853984&orgId=gssh0600489&announcementTime=2025-12-06 00:00:00,2025-12-06 00:00:00,600489,600489,中金黄金股份有限公司第八届董事会第六次会议决议公告,中金黄金股份有限公司第八届董事会第六次会议决议公告,ok
cninfo_disclosure,http://www.cninfo.com.cn/new/disclosure/detail?stockCode=600489&announcementId=1224853981&orgId=gssh0600489&announcementTime=2025-12-06 00:00:00,2025-12-06 00:00:00,600489,600489,中金黄金股份有限公司董事会审计委员会工作条例,中金黄金股份有限公司董事会审计委员会工作条例,ok
cninfo_disclosure,http://www.cninfo.com.cn/new/disclosure/detail?stockCode=600489&announcementId=1224853979&orgId=gssh0600489&announcementTime=2025-12-06 00:00:00,2025-12-06 00:00:00,600489,600489,中金黄金股份有限公司股东会议事规则,中金黄金股份有限公司股东会议事规则,ok
cninfo_disclosure,http://www.cninfo.com.cn/new/disclosure/detail?stockCode=600489&announcementId=1224853959&orgId=gssh0600489&announcementTime=2025-12-06 00:00:00,2025-12-06 00:00:00,600489,600489,中金黄金股份有限公司章程,中金黄金股份有限公司章程,ok
cninfo_disclosure,http://www.cninfo.com.cn/new/disclosure/detail?stockCode=600489&announcementId=1224853956&orgId=gssh0600489&announcementTime=2025-12-06 00:00:00,2025-12-06 00:00:00,600489,600489,中金黄金股份有限公司关于召开2025年第二次临时股东大会的通知,中金黄金股份有限公司关于召开2025年第二次临时股东大会的通知,ok
cninfo_disclosure,http://www.cninfo.com.cn/new/disclosure/detail?stockCode=600489&announcementId=1224853949&orgId=gssh0600489&announcementTime=2025-12-06 00:00:00,2025-12-06 00:00:00,600489,600489,中金黄金股份有限公司关于修订公司章程的公告,中金黄金股份有限公司关于修订公司章程的公告,ok
cninfo_disclosure,http://www.cninfo.com.cn/new/disclosure/detail?stockCode=600489&announcementId=1224853946&orgId=gssh0600489&announcementTime=2025-12-06 00:00:00,2025-12-06 00:00:00,600489,600489,中金黄金股份有限公司第八届监事会第五次会议决议公告,中金黄金股份有限公司第八届监事会第五次会议决议公告,ok
cninfo_disclosure,http://www.cninfo.com.cn/new/disclosure/detail?stockCode=600489&announcementId=1224791815&orgId=gssh0600489&announcementTime=2025-11-08 00:00:00,2025-11-08 00:00:00,600489,600489,中金黄金股份有限公司关于召开2025年第三季度业绩说明会的公告,中金黄金股份有限公司关于召开2025年第三季度业绩说明会的公告,ok
cninfo_disclosure,http://www.cninfo.com.cn/new/disclosure/detail?stockCode=600489&announcementId=1224762147&orgId=gssh0600489&announcementTime=2025-10-30 00:00:00,2025-10-30 00:00:00,600489,600489,中金黄金股份有限公司2025年第三季度报告,中金黄金股份有限公司2025年第三季度报告,ok
cninfo_disclosure,http://www.cninfo.com.cn/new/disclosure/detail?stockCode=600489&announcementId=1224688101&orgId=gssh0600489&announcementTime=2025-09-30 00:00:00,2025-09-30 00:00:00,600489,600489,中金黄金股份有限公司关于召开2025年半年度业绩说明会的公告,中金黄金股份有限公司关于召开2025年半年度业绩说明会的公告,ok
cninfo_disclosure,http://www.cninfo.com.cn/new/disclosure/detail?stockCode=600489&announcementId=1224647125&orgId=gssh0600489&announcementTime=2025-09-10 00:00:00,2025-09-10 00:00:00,600489,600489,中金黄金股份有限公司持续进展公告,中金黄金股份有限公司持续进展公告,ok
cninfo_disclosure,http://www.cninfo.com.cn/new/disclosure/detail?stockCode=600489&announcementId=1224604440&orgId=gssh0600489&announcementTime=2025-08-29 00:00:00,2025-08-29 00:00:00,600489,600489,中金黄金股份有限公司第八届董事会第四次会议决议公告,中金黄金股份有限公司第八届董事会第四次会议决议公告,ok
cninfo_disclosure,http://www.cninfo.com.cn/new/disclosure/detail?stockCode=600489&announcementId=1224604439&orgId=gssh0600489&announcementTime=2025-08-29 00:00:00,2025-08-29 00:00:00,600489,600489,关于中国黄金集团财务有限公司的风险持续评估报告,关于中国黄金集团财务有限公司的风险持续评估报告,ok
cninfo_disclosure,http://www.cninfo.com.cn/new/disclosure/detail?stockCode=600489&announcementId=1224604436&orgId=gssh0600489&announcementTime=2025-08-29 00:00:00,2025-08-29 00:00:00,600489,600489,中金黄金股份有限公司2025年半年度报告,中金黄金股份有限公司2025年半年度报告,ok
cninfo_disclosure,http://www.cninfo.com.cn/new/disclosure/detail?stockCode=600489&announcementId=1224604433&orgId=gssh0600489&announcementTime=2025-08-29 00:00:00,2025-08-29 00:00:00,600489,600489,中金黄金股份有限公司2025年半年度报告摘要,中金黄金股份有限公司2025年半年度报告摘要,ok
cninfo_disclosure,http://www.cninfo.com.cn/new/disclosure/detail?stockCode=600489&announcementId=1224283326&orgId=gssh0600489&announcementTime=2025-07-25 00:00:00,2025-07-25 00:00:00,600489,600489,中金黄金股份有限公司进展公告,中金黄金股份有限公司进展公告,ok
cninfo_disclosure,http://www.cninfo.com.cn/new/disclosure/detail?stockCode=600489&announcementId=1224270281&orgId=gssh0600489&announcementTime=2025-07-24 08:20:00,2025-07-24 08:20:00,600489,600489,中金黄金股份有限公司情况说明公告,中金黄金股份有限公司情况说明公告,ok
cninfo_disclosure,http://www.cninfo.com.cn/new/disclosure/detail?stockCode=600489&announcementId=1224143413&orgId=gssh0600489&announcementTime=2025-07-12 00:00:00,2025-07-12 00:00:00,600489,600489,中金黄金股份有限公司2025年半年度业绩预增公告,中金黄金股份有限公司2025年半年度业绩预增公告,ok
cninfo_disclosure,http://www.cninfo.com.cn/new/disclosure/detail?stockCode=600489&announcementId=1223998106&orgId=gssh0600489&announcementTime=2025-06-27 00:00:00,2025-06-27 00:00:00,600489,600489,中金黄金股份有限公司2024年年度权益分派实施公告,中金黄金股份有限公司2024年年度权益分派实施公告,ok
cninfo_disclosure,http://www.cninfo.com.cn/new/disclosure/detail?stockCode=600489&announcementId=1223826941&orgId=gssh0600489&announcementTime=2025-06-10 00:00:00,2025-06-10 00:00:00,600489,600489,北京大成律师事务所关于中金黄金股份有限公司2024年年度股东大会之法律意见书,北京大成律师事务所关于中金黄金股份有限公司2024年年度股东大会之法律意见书,ok
cninfo_disclosure,http://www.cninfo.com.cn/new/disclosure/detail?stockCode=600489&announcementId=1223826940&orgId=gssh0600489&announcementTime=2025-06-10 00:00:00,2025-06-10 00:00:00,600489,600489,中金黄金股份有限公司2024年年度股东大会决议公告,中金黄金股份有限公司2024年年度股东大会决议公告,ok
cninfo_disclosure,http://www.cninfo.com.cn/new/disclosure/detail?stockCode=600489&announcementId=1224312103&orgId=gssh0600489&announcementTime=2025-05-28 00:00:00,2025-05-28 00:00:00,600489,600489,中金黄金股份有限公司2024年年度股东大会会议资料,中金黄金股份有限公司2024年年度股东大会会议资料,ok
cninfo_disclosure,http://www.cninfo.com.cn/new/disclosure/detail?stockCode=600489&announcementId=1223644272&orgId=gssh0600489&announcementTime=2025-05-24 00:00:00,2025-05-24 00:00:00,600489,600489,中金黄金股份有限公司关于筹划收购股权暨关联交易的提示性公告,中金黄金股份有限公司关于筹划收购股权暨关联交易的提示性公告,ok
cninfo_disclosure,http://www.cninfo.com.cn/new/disclosure/detail?stockCode=600489&announcementId=1223587415&orgId=gssh0600489&announcementTime=2025-05-20 00:00:00,2025-05-20 00:00:00,600489,600489,中金黄金股份有限公司关于召开2024年度暨2025年第一季度业绩说明会的公告,中金黄金股份有限公司关于召开2024年度暨2025年第一季度业绩说明会的公告,ok
cninfo_disclosure,http://www.cninfo.com.cn/new/disclosure/detail?stockCode=600489&announcementId=1223587413&orgId=gssh0600489&announcementTime=2025-05-20 00:00:00,2025-05-20 00:00:00,600489,600489,中金黄金股份有限公司第八届董事会第三次会议决议公告,中金黄金股份有限公司第八届董事会第三次会议决议公告,ok
cninfo_disclosure,http://www.cninfo.com.cn/new/disclosure/detail?stockCode=600489&announcementId=1223587411&orgId=gssh0600489&announcementTime=2025-05-20 00:00:00,2025-05-20 00:00:00,600489,600489,中金黄金股份有限公司关于召开2024年年度股东大会的通知,中金黄金股份有限公司关于召开2024年年度股东大会的通知,ok
cninfo_disclosure,http://www.cninfo.com.cn/new/disclosure/detail?stockCode=600489&announcementId=1223413324&orgId=gssh0600489&announcementTime=2025-04-30 00:00:00,2025-04-30 00:00:00,600489,600489,中金黄金股份有限公司2025年日常关联交易公告,中金黄金股份有限公司2025年日常关联交易公告,ok
cninfo_disclosure,http://www.cninfo.com.cn/new/disclosure/detail?stockCode=600489&announcementId=1223413323&orgId=gssh0600489&announcementTime=2025-04-30 00:00:00,2025-04-30 00:00:00,600489,600489,中金黄金股份有限公司关于中国黄金集团财务有限公司的风险评估报告,中金黄金股份有限公司关于中国黄金集团财务有限公司的风险评估报告,ok
cninfo_disclosure,http://www.cninfo.com.cn/new/disclosure/detail?stockCode=600489&announcementId=1223413322&orgId=gssh0600489&announcementTime=2025-04-30 00:00:00,2025-04-30 00:00:00,600489,600489,中金黄金股份有限公司董事会审计委员会对会计师事务所2024年度履行监督职责情况的报告,中金黄金股份有限公司董事会审计委员会对会计师事务所2024年度履行监督职责情况的报告,ok
cninfo_disclosure,http://www.cninfo.com.cn/new/disclosure/detail?stockCode=600489&announcementId=1223413321&orgId=gssh0600489&announcementTime=2025-04-30 00:00:00,2025-04-30 00:00:00,600489,600489,中金黄金股份有限公司2024年度独立董事述职报告（胡世明）,中金黄金股份有限公司2024年度独立董事述职报告（胡世明）,ok
cninfo_disclosure,http://www.cninfo.com.cn/new/disclosure/detail?stockCode=600489&announcementId=1223413320&orgId=gssh0600489&announcementTime=2025-04-30 00:00:00,2025-04-30 00:00:00,600489,600489,中金黄金股份有限公司2024年度内控审计报告,中金黄金股份有限公司2024年度内控审计报告,ok
cninfo_disclosure,http://www.cninfo.com.cn/new/disclosure/detail?stockCode=600489&announcementId=1223413319&orgId=gssh0600489&announcementTime=2025-04-30 00:00:00,2025-04-30 00:00:00,600489,600489,中金黄金股份有限公司2024年年度报告摘要,中金黄金股份有限公司2024年年度报告摘要,ok
cninfo_disclosure,http://www.cninfo.com.cn/new/disclosure/detail?stockCode=600489&announcementId=1223413318&orgId=gssh0600489&announcementTime=2025-04-30 00:00:00,2025-04-30 00:00:00,600489,600489,中金黄金股份有限公司为控股子公司提供贷款担保的公告,中金黄金股份有限公司为控股子公司提供贷款担保的公告,ok
eastmoney_stock_news,http://finance.eastmoney.com/a/202606103766792144.html,2026-06-10 17:37:00,600988,600988,解密主力资金出逃股 连续5日净流出684股,4.31 6.83 -10.20 300017 网宿科技 5 4.28 5.53 -7.11 000568 泸州老窖 8 4.24 5.62 -6.18 000625 长安汽车 6 4.17 10.43 -11.70 600809 山西汾酒 7 4.16 5.59 -7.29 600988,ok
eastmoney_stock_news,http://finance.eastmoney.com/a/202606083763666159.html,2026-06-08 17:12:00,600988,600988,金属铅概念下跌5.48%，5股主力资金净流出超亿元,-15203.88 600711 盛屯矿业 -6.81 2.70 -11150.75 000975 山金国际 -7.05 2.29 -8873.39 601168 西部矿业 -4.52 2.44 -8410.27 600497 驰宏锌锗 -7.83 3.55 -7669.69 600988,ok
eastmoney_stock_news,http://finance.eastmoney.com/a/202606093765150767.html,2026-06-09 16:35:00,600988,600988,解密主力资金出逃股 连续5日净流出652股,3.28 5.56 -14.09 688166 博瑞医药 6 3.25 12.64 -15.40 300777 中简科技 11 3.20 6.32 -26.21 301086 鸿富瀚 8 3.14 9.01 -13.12 600629 华建集团 14 3.13 6.71 -21.84 600988,ok
eastmoney_stock_news,http://finance.eastmoney.com/a/202604253718934046.html,2026-04-25 10:13:06,600988,600988,赤峰黄金600988.SH)：2026年一季报净利润为9.88亿元,2026年4月25日，赤峰黄金600988.SH)发布2026年一季报。 公司营业总收入为35.54亿元。归母净利润为9.88亿元。经营活动现金净流入为4.97亿元。 公司最新资产负债率为29.36%。 公司最新毛利率为59.27%。最新ROE为6.92%。,ok
cninfo_disclosure,http://www.cninfo.com.cn/new/disclosure/detail?stockCode=600988&announcementId=1225341640&orgId=gssh0600988&announcementTime=2026-06-02 00:00:00,2026-06-02 00:00:00,600988,600988,赤峰黄金H股市场公告,赤峰黄金H股市场公告,ok
cninfo_disclosure,http://www.cninfo.com.cn/new/disclosure/detail?stockCode=600988&announcementId=1225337762&orgId=gssh0600988&announcementTime=2026-05-30 00:00:00,2026-05-30 00:00:00,600988,600988,赤峰黄金关于控股股东一致行动人股份解除质押的公告,赤峰黄金关于控股股东一致行动人股份解除质押的公告,ok
cninfo_disclosure,http://www.cninfo.com.cn/new/disclosure/detail?stockCode=600988&announcementId=1225335466&orgId=gssh0600988&announcementTime=2026-05-29 00:00:00,2026-05-29 00:00:00,600988,600988,赤峰黄金第九届董事会第八次会议决议公告,赤峰黄金第九届董事会第八次会议决议公告,ok
cninfo_disclosure,http://www.cninfo.com.cn/new/disclosure/detail?stockCode=600988&announcementId=1225335464&orgId=gssh0600988&announcementTime=2026-05-29 00:00:00,2026-05-29 00:00:00,600988,600988,赤峰黄金关于提前终止第三期员工持股计划、变更注册资本暨修订《公司章程》的公告,赤峰黄金关于提前终止第三期员工持股计划、变更注册资本暨修订《公司章程》的公告,ok
cninfo_disclosure,http://www.cninfo.com.cn/new/disclosure/detail?stockCode=600988&announcementId=1225335463&orgId=gssh0600988&announcementTime=2026-05-29 00:00:00,2026-05-29 00:00:00,600988,600988,赤峰黄金第三期员工持股计划第二次持有人会议决议公告,赤峰黄金第三期员工持股计划第二次持有人会议决议公告,ok
cninfo_disclosure,http://www.cninfo.com.cn/new/disclosure/detail?stockCode=600988&announcementId=1225324903&orgId=gssh0600988&announcementTime=2026-05-23 00:00:00,2026-05-23 00:00:00,600988,600988,赤峰黄金关于参加内蒙古辖区上市公司2026年投资者网上集体接待日活动的公告,赤峰黄金关于参加内蒙古辖区上市公司2026年投资者网上集体接待日活动的公告,ok
cninfo_disclosure,http://www.cninfo.com.cn/new/disclosure/detail?stockCode=600988&announcementId=1225318861&orgId=gssh0600988&announcementTime=2026-05-21 00:00:00,2026-05-21 00:00:00,600988,600988,赤峰黄金2025年年度权益分派实施公告,赤峰黄金2025年年度权益分派实施公告,ok
cninfo_disclosure,http://www.cninfo.com.cn/new/disclosure/detail?stockCode=600988&announcementId=1225315721&orgId=gssh0600988&announcementTime=2026-05-20 00:00:00,2026-05-20 00:00:00,600988,600988,赤峰黄金关于调整新增发行H股价格的提示公告,赤峰黄金关于调整新增发行H股价格的提示公告,ok
cninfo_disclosure,http://www.cninfo.com.cn/new/disclosure/detail?stockCode=600988&announcementId=1225305870&orgId=gssh0600988&announcementTime=2026-05-15 00:00:00,2026-05-15 00:00:00,600988,600988,赤峰黄金关于完成名称变更工商登记的公告,赤峰黄金关于完成名称变更工商登记的公告,ok
cninfo_disclosure,http://www.cninfo.com.cn/new/disclosure/detail?stockCode=600988&announcementId=1225305176&orgId=gssh0600988&announcementTime=2026-05-14 00:00:00,2026-05-14 00:00:00,600988,600988,赤峰黄金关于召开2026年第一季度业绩说明会的公告,赤峰黄金关于召开2026年第一季度业绩说明会的公告,ok
cninfo_disclosure,http://www.cninfo.com.cn/new/disclosure/detail?stockCode=600988&announcementId=1225286367&orgId=gssh0600988&announcementTime=2026-05-09 00:00:00,2026-05-09 00:00:00,600988,600988,赤峰黄金2025年年度股东会决议公告,赤峰黄金2025年年度股东会决议公告,ok
cninfo_disclosure,http://www.cninfo.com.cn/new/disclosure/detail?stockCode=600988&announcementId=1225286366&orgId=gssh0600988&announcementTime=2026-05-09 00:00:00,2026-05-09 00:00:00,600988,600988,赤峰黄金董事会议事规则,赤峰黄金董事会议事规则,ok
cninfo_disclosure,http://www.cninfo.com.cn/new/disclosure/detail?stockCode=600988&announcementId=1225286355&orgId=gssh0600988&announcementTime=2026-05-09 00:00:00,2026-05-09 00:00:00,600988,600988,北京市天元律师事务所上海分所关于赤峰黄金2025年年度股东会的法律意见,北京市天元律师事务所上海分所关于赤峰黄金2025年年度股东会的法律意见,ok
cninfo_disclosure,http://www.cninfo.com.cn/new/disclosure/detail?stockCode=600988&announcementId=1225286354&orgId=gssh0600988&announcementTime=2026-05-09 00:00:00,2026-05-09 00:00:00,600988,600988,赤峰黄金董事、高级管理人员薪酬管理及绩效考核制度,赤峰黄金董事、高级管理人员薪酬管理及绩效考核制度,ok
cninfo_disclosure,http://www.cninfo.com.cn/new/disclosure/detail?stockCode=600988&announcementId=1225286348&orgId=gssh0600988&announcementTime=2026-05-09 00:00:00,2026-05-09 00:00:00,600988,600988,赤峰黄金股东会议事规则,赤峰黄金股东会议事规则,ok
cninfo_disclosure,http://www.cninfo.com.cn/new/disclosure/detail?stockCode=600988&announcementId=1225286339&orgId=gssh0600988&announcementTime=2026-05-09 00:00:00,2026-05-09 00:00:00,600988,600988,赤峰黄金公司章程,赤峰黄金公司章程,ok
cninfo_disclosure,http://www.cninfo.com.cn/new/disclosure/detail?stockCode=600988&announcementId=1225282210&orgId=gssh0600988&announcementTime=2026-05-08 00:00:00,2026-05-08 00:00:00,600988,600988,北京市天元律师事务所上海分所关于赤峰黄金2026年第一次临时股东会的法律意见,北京市天元律师事务所上海分所关于赤峰黄金2026年第一次临时股东会的法律意见,ok
cninfo_disclosure,http://www.cninfo.com.cn/new/disclosure/detail?stockCode=600988&announcementId=1225282203&orgId=gssh0600988&announcementTime=2026-05-08 00:00:00,2026-05-08 00:00:00,600988,600988,赤峰黄金2026年第一次临时股东会决议公告,赤峰黄金2026年第一次临时股东会决议公告,ok
cninfo_disclosure,http://www.cninfo.com.cn/new/disclosure/detail?stockCode=600988&announcementId=1225272189&orgId=gssh0600988&announcementTime=2026-05-01 00:00:00,2026-05-01 00:00:00,600988,600988,赤峰黄金H股市场公告,赤峰黄金H股市场公告,ok
cninfo_disclosure,http://www.cninfo.com.cn/new/disclosure/detail?stockCode=600988&announcementId=1225176152&orgId=gssh0600988&announcementTime=2026-04-25 00:00:00,2026-04-25 00:00:00,600988,600988,赤峰黄金2026年第一季度报告,赤峰黄金2026年第一季度报告,ok
cninfo_disclosure,http://www.cninfo.com.cn/new/disclosure/detail?stockCode=600988&announcementId=1225126587&orgId=gssh0600988&announcementTime=2026-04-21 00:00:00,2026-04-21 00:00:00,600988,600988,赤峰黄金2026年第一次临时股东会会议材料,赤峰黄金2026年第一次临时股东会会议材料,ok
cninfo_disclosure,http://www.cninfo.com.cn/new/disclosure/detail?stockCode=600988&announcementId=1225126576&orgId=gssh0600988&announcementTime=2026-04-21 00:00:00,2026-04-21 00:00:00,600988,600988,赤峰黄金关于召开2026年第一次临时股东会的通知,赤峰黄金关于召开2026年第一次临时股东会的通知,ok
cninfo_disclosure,http://www.cninfo.com.cn/new/disclosure/detail?stockCode=600988&announcementId=1225101648&orgId=gssh0600988&announcementTime=2026-04-15 00:00:00,2026-04-15 00:00:00,600988,600988,赤峰黄金H股市场公告,赤峰黄金H股市场公告,ok
cninfo_disclosure,http://www.cninfo.com.cn/new/disclosure/detail?stockCode=600988&announcementId=1225101605&orgId=gssh0600988&announcementTime=2026-04-15 00:00:00,2026-04-15 00:00:00,600988,600988,赤峰黄金H股市场公告,赤峰黄金H股市场公告,ok
cninfo_disclosure,http://www.cninfo.com.cn/new/disclosure/detail?stockCode=600988&announcementId=1225098202&orgId=gssh0600988&announcementTime=2026-04-14 00:00:00,2026-04-14 00:00:00,600988,600988,赤峰黄金关于召开2025年年度股东会的通知,赤峰黄金关于召开2025年年度股东会的通知,ok
cninfo_disclosure,http://www.cninfo.com.cn/new/disclosure/detail?stockCode=600988&announcementId=1225098177&orgId=gssh0600988&announcementTime=2026-04-14 00:00:00,2026-04-14 00:00:00,600988,600988,赤峰黄金2025年年度股东会会议材料,赤峰黄金2025年年度股东会会议材料,ok
cninfo_disclosure,http://www.cninfo.com.cn/new/disclosure/detail?stockCode=600988&announcementId=1225070105&orgId=gssh0600988&announcementTime=2026-04-02 00:00:00,2026-04-02 00:00:00,600988,600988,赤峰黄金H股市场公告,赤峰黄金H股市场公告,ok
cninfo_disclosure,http://www.cninfo.com.cn/new/disclosure/detail?stockCode=600988&announcementId=1225031678&orgId=gssh0600988&announcementTime=2026-03-26 00:00:00,2026-03-26 00:00:00,600988,600988,中信证券股份有限公司关于赤峰吉隆黄金矿业股份有限公司详式权益变动报告书之财务顾问核查意见,中信证券股份有限公司关于赤峰吉隆黄金矿业股份有限公司详式权益变动报告书之财务顾问核查意见,ok
cninfo_disclosure,http://www.cninfo.com.cn/new/disclosure/detail?stockCode=600988&announcementId=1225031671&orgId=gssh0600988&announcementTime=2026-03-26 00:00:00,2026-03-26 00:00:00,600988,600988,赤峰黄金简式权益变动报告书,赤峰黄金简式权益变动报告书,ok
cninfo_disclosure,http://www.cninfo.com.cn/new/disclosure/detail?stockCode=600988&announcementId=1225031663&orgId=gssh0600988&announcementTime=2026-03-26 00:00:00,2026-03-26 00:00:00,600988,600988,赤峰黄金详式权益变动报告书,赤峰黄金详式权益变动报告书,ok
cninfo_disclosure,http://www.cninfo.com.cn/new/disclosure/detail?stockCode=600988&announcementId=1225024485&orgId=gssh0600988&announcementTime=2026-03-24 00:00:00,2026-03-24 00:00:00,600988,600988,赤峰黄金H股市场公告,赤峰黄金H股市场公告,ok
cninfo_disclosure,http://www.cninfo.com.cn/new/disclosure/detail?stockCode=600988&announcementId=1225024231&orgId=gssh0600988&announcementTime=2026-03-23 00:00:00,2026-03-23 00:00:00,600988,600988,赤峰黄金关于实际控制人发生变更暨股东权益变动的提示性公告,赤峰黄金关于实际控制人发生变更暨股东权益变动的提示性公告,ok
cninfo_disclosure,http://www.cninfo.com.cn/new/disclosure/detail?stockCode=600988&announcementId=1225024229&orgId=gssh0600988&announcementTime=2026-03-23 00:00:00,2026-03-23 00:00:00,600988,600988,赤峰黄金关于签署《战略投资协议》暨关联交易的公告,赤峰黄金关于签署《战略投资协议》暨关联交易的公告,ok
cninfo_disclosure,http://www.cninfo.com.cn/new/disclosure/detail?stockCode=600988&announcementId=1225024228&orgId=gssh0600988&announcementTime=2026-03-23 00:00:00,2026-03-23 00:00:00,600988,600988,赤峰黄金关于筹划公司控制权变更事项进展暨股票复牌的公告,赤峰黄金关于筹划公司控制权变更事项进展暨股票复牌的公告,ok
cninfo_disclosure,http://www.cninfo.com.cn/new/disclosure/detail?stockCode=600988&announcementId=1225021941&orgId=gssh0600988&announcementTime=2026-03-21 00:00:00,2026-03-21 00:00:00,600988,600988,赤峰黄金2025年年度报告摘要,赤峰黄金2025年年度报告摘要,ok
cninfo_disclosure,http://www.cninfo.com.cn/new/disclosure/detail?stockCode=600988&announcementId=1225021899&orgId=gssh0600988&announcementTime=2026-03-21 00:00:00,2026-03-21 00:00:00,600988,600988,赤峰黄金2025年年度内部控制审计报告,赤峰黄金2025年年度内部控制审计报告,ok
cninfo_disclosure,http://www.cninfo.com.cn/new/disclosure/detail?stockCode=600988&announcementId=1225021893&orgId=gssh0600988&announcementTime=2026-03-21 00:00:00,2026-03-21 00:00:00,600988,600988,赤峰黄金董事会审计委员会2025年度履职情况报告,赤峰黄金董事会审计委员会2025年度履职情况报告,ok
cninfo_disclosure,http://www.cninfo.com.cn/new/disclosure/detail?stockCode=600988&announcementId=1225021892&orgId=gssh0600988&announcementTime=2026-03-21 00:00:00,2026-03-21 00:00:00,600988,600988,赤峰黄金关于开展2026年度套期保值业务的公告,赤峰黄金关于开展2026年度套期保值业务的公告,ok
cninfo_disclosure,http://www.cninfo.com.cn/new/disclosure/detail?stockCode=600988&announcementId=1225021891&orgId=gssh0600988&announcementTime=2026-03-21 00:00:00,2026-03-21 00:00:00,600988,600988,赤峰黄金2025年度会计师事务所履职情况评估报告,赤峰黄金2025年度会计师事务所履职情况评估报告,ok
cninfo_disclosure,http://www.cninfo.com.cn/new/disclosure/detail?stockCode=600988&announcementId=1225021889&orgId=gssh0600988&announcementTime=2026-03-21 00:00:00,2026-03-21 00:00:00,600988,600988,赤峰黄金第九届董事会第五次会议决议公告,赤峰黄金第九届董事会第五次会议决议公告,ok
cninfo_disclosure,http://www.cninfo.com.cn/new/disclosure/detail?stockCode=600988&announcementId=1225021886&orgId=gssh0600988&announcementTime=2026-03-21 00:00:00,2026-03-21 00:00:00,600988,600988,赤峰黄金关于2026年度担保计划的公告,赤峰黄金关于2026年度担保计划的公告,ok
cninfo_disclosure,http://www.cninfo.com.cn/new/disclosure/detail?stockCode=600988&announcementId=1225021884&orgId=gssh0600988&announcementTime=2026-03-21 00:00:00,2026-03-21 00:00:00,600988,600988,赤峰黄金独立董事2025年度述职报告（沈政昌-离任）,赤峰黄金独立董事2025年度述职报告（沈政昌-离任）,ok
cninfo_disclosure,http://www.cninfo.com.cn/new/disclosure/detail?stockCode=600988&announcementId=1225021883&orgId=gssh0600988&announcementTime=2026-03-21 00:00:00,2026-03-21 00:00:00,600988,600988,赤峰黄金2025年年度报告,赤峰黄金2025年年度报告,ok
cninfo_disclosure,http://www.cninfo.com.cn/new/disclosure/detail?stockCode=600988&announcementId=1225021881&orgId=gssh0600988&announcementTime=2026-03-21 00:00:00,2026-03-21 00:00:00,600988,600988,赤峰黄金2025年环境、社会及管治（ESG）报告,赤峰黄金2025年环境、社会及管治（ESG）报告,ok
cninfo_disclosure,http://www.cninfo.com.cn/new/disclosure/detail?stockCode=600988&announcementId=1225021880&orgId=gssh0600988&announcementTime=2026-03-21 00:00:00,2026-03-21 00:00:00,600988,600988,赤峰黄金2025年度内部控制评价报告,赤峰黄金2025年度内部控制评价报告,ok
cninfo_disclosure,http://www.cninfo.com.cn/new/disclosure/detail?stockCode=600988&announcementId=1225021868&orgId=gssh0600988&announcementTime=2026-03-21 00:00:00,2026-03-21 00:00:00,600988,600988,赤峰黄金2025年度审计报告,赤峰黄金2025年度审计报告,ok
cninfo_disclosure,http://www.cninfo.com.cn/new/disclosure/detail?stockCode=600988&announcementId=1225021865&orgId=gssh0600988&announcementTime=2026-03-21 00:00:00,2026-03-21 00:00:00,600988,600988,赤峰黄金独立董事2025年度述职报告（黄一平）,赤峰黄金独立董事2025年度述职报告（黄一平）,ok
cninfo_disclosure,http://www.cninfo.com.cn/new/disclosure/detail?stockCode=600988&announcementId=1225021864&orgId=gssh0600988&announcementTime=2026-03-21 00:00:00,2026-03-21 00:00:00,600988,600988,赤峰黄金2025年“提质增效重回报”行动方案的年度评估报告,赤峰黄金2025年“提质增效重回报”行动方案的年度评估报告,ok
cninfo_disclosure,http://www.cninfo.com.cn/new/disclosure/detail?stockCode=600988&announcementId=1225021862&orgId=gssh0600988&announcementTime=2026-03-21 00:00:00,2026-03-21 00:00:00,600988,600988,赤峰黄金董事会关于独立董事独立性自查情况的专项报告,赤峰黄金董事会关于独立董事独立性自查情况的专项报告,ok
cninfo_disclosure,http://www.cninfo.com.cn/new/disclosure/detail?stockCode=600988&announcementId=1225021860&orgId=gssh0600988&announcementTime=2026-03-21 00:00:00,2026-03-21 00:00:00,600988,600988,赤峰黄金独立董事2025年度述职报告（李厚民）,赤峰黄金独立董事2025年度述职报告（李厚民）,ok
cninfo_disclosure,http://www.cninfo.com.cn/new/disclosure/detail?stockCode=600988&announcementId=1225021856&orgId=gssh0600988&announcementTime=2026-03-21 00:00:00,2026-03-21 00:00:00,600988,600988,赤峰黄金董事会审计委员会2025年度对会计师事务所履行监督职责情况报告,赤峰黄金董事会审计委员会2025年度对会计师事务所履行监督职责情况报告,ok
cninfo_disclosure,http://www.cninfo.com.cn/new/disclosure/detail?stockCode=600988&announcementId=1225021853&orgId=gssh0600988&announcementTime=2026-03-21 00:00:00,2026-03-21 00:00:00,600988,600988,赤峰黄金独立董事2025年度述职报告（胡乃连）,赤峰黄金独立董事2025年度述职报告（胡乃连）,ok
cninfo_disclosure,http://www.cninfo.com.cn/new/disclosure/detail?stockCode=600988&announcementId=1225021846&orgId=gssh0600988&announcementTime=2026-03-21 00:00:00,2026-03-21 00:00:00,600988,600988,赤峰黄金关于开展2026年度现金管理业务的公告,赤峰黄金关于开展2026年度现金管理业务的公告,ok
cninfo_disclosure,http://www.cninfo.com.cn/new/disclosure/detail?stockCode=600988&announcementId=1225021845&orgId=gssh0600988&announcementTime=2026-03-21 00:00:00,2026-03-21 00:00:00,600988,600988,赤峰黄金关于续聘2026年度审计机构的公告,赤峰黄金关于续聘2026年度审计机构的公告,ok
cninfo_disclosure,http://www.cninfo.com.cn/new/disclosure/detail?stockCode=600988&announcementId=1225021842&orgId=gssh0600988&announcementTime=2026-03-21 00:00:00,2026-03-21 00:00:00,600988,600988,赤峰黄金关于变更公司名称和修订《公司章程》及其附件的公告,赤峰黄金关于变更公司名称和修订《公司章程》及其附件的公告,ok
cninfo_disclosure,http://www.cninfo.com.cn/new/disclosure/detail?stockCode=600988&announcementId=1225021838&orgId=gssh0600988&announcementTime=2026-03-21 00:00:00,2026-03-21 00:00:00,600988,600988,赤峰黄金独立董事2025年度述职报告（蒋琪）,赤峰黄金独立董事2025年度述职报告（蒋琪）,ok
cninfo_disclosure,http://www.cninfo.com.cn/new/disclosure/detail?stockCode=600988&announcementId=1225021829&orgId=gssh0600988&announcementTime=2026-03-21 00:00:00,2026-03-21 00:00:00,600988,600988,赤峰黄金非经营性资金占用及其他关联资金往来情况的专项说明,赤峰黄金非经营性资金占用及其他关联资金往来情况的专项说明,ok
cninfo_disclosure,http://www.cninfo.com.cn/new/disclosure/detail?stockCode=600988&announcementId=1225021826&orgId=gssh0600988&announcementTime=2026-03-21 00:00:00,2026-03-21 00:00:00,600988,600988,赤峰黄金2025年环境、社会及管治（ESG）报告摘要,赤峰黄金2025年环境、社会及管治（ESG）报告摘要,ok
cninfo_disclosure,http://www.cninfo.com.cn/new/disclosure/detail?stockCode=600988&announcementId=1225021825&orgId=gssh0600988&announcementTime=2026-03-21 00:00:00,2026-03-21 00:00:00,600988,600988,赤峰黄金2025年度利润分配方案公告,赤峰黄金2025年度利润分配方案公告,ok
cninfo_disclosure,http://www.cninfo.com.cn/new/disclosure/detail?stockCode=600988&announcementId=1225021822&orgId=gssh0600988&announcementTime=2026-03-21 00:00:00,2026-03-21 00:00:00,600988,600988,赤峰黄金独立董事2025年度述职报告（毛景文-离任）,赤峰黄金独立董事2025年度述职报告（毛景文-离任）,ok
cninfo_disclosure,http://www.cninfo.com.cn/new/disclosure/detail?stockCode=600988&announcementId=1225017803&orgId=gssh0600988&announcementTime=2026-03-20 00:00:00,2026-03-20 00:00:00,600988,600988,赤峰黄金关于召开2025年年度业绩暨现金分红说明会的公告,赤峰黄金关于召开2025年年度业绩暨现金分红说明会的公告,ok
cninfo_disclosure,http://www.cninfo.com.cn/new/disclosure/detail?stockCode=600988&announcementId=1225017308&orgId=gssh0600988&announcementTime=2026-03-19 00:00:00,2026-03-19 00:00:00,600988,600988,赤峰黄金关于筹划公司控制权变更事项的停牌公告,赤峰黄金关于筹划公司控制权变更事项的停牌公告,ok
cninfo_disclosure,http://www.cninfo.com.cn/new/disclosure/detail?stockCode=600988&announcementId=1225006213&orgId=gssh0600988&announcementTime=2026-03-13 00:00:00,2026-03-13 00:00:00,600988,600988,赤峰黄金公司信用类债券信息披露管理制度,赤峰黄金公司信用类债券信息披露管理制度,ok
cninfo_disclosure,http://www.cninfo.com.cn/new/disclosure/detail?stockCode=600988&announcementId=1225006211&orgId=gssh0600988&announcementTime=2026-03-13 00:00:00,2026-03-13 00:00:00,600988,600988,赤峰黄金总裁工作细则,赤峰黄金总裁工作细则,ok
cninfo_disclosure,http://www.cninfo.com.cn/new/disclosure/detail?stockCode=600988&announcementId=1225006209&orgId=gssh0600988&announcementTime=2026-03-13 00:00:00,2026-03-13 00:00:00,600988,600988,赤峰黄金对外捐赠管理办法,赤峰黄金对外捐赠管理办法,ok
cninfo_disclosure,http://www.cninfo.com.cn/new/disclosure/detail?stockCode=600988&announcementId=1225006207&orgId=gssh0600988&announcementTime=2026-03-13 00:00:00,2026-03-13 00:00:00,600988,600988,赤峰黄金募集资金管理办法,赤峰黄金募集资金管理办法,ok
cninfo_disclosure,http://www.cninfo.com.cn/new/disclosure/detail?stockCode=600988&announcementId=1225006205&orgId=gssh0600988&announcementTime=2026-03-13 00:00:00,2026-03-13 00:00:00,600988,600988,赤峰黄金内幕信息知情人登记管理制度,赤峰黄金内幕信息知情人登记管理制度,ok
cninfo_disclosure,http://www.cninfo.com.cn/new/disclosure/detail?stockCode=600988&announcementId=1225006204&orgId=gssh0600988&announcementTime=2026-03-13 00:00:00,2026-03-13 00:00:00,600988,600988,赤峰黄金委托理财管理制度,赤峰黄金委托理财管理制度,ok
cninfo_disclosure,http://www.cninfo.com.cn/new/disclosure/detail?stockCode=600988&announcementId=1225006203&orgId=gssh0600988&announcementTime=2026-03-13 00:00:00,2026-03-13 00:00:00,600988,600988,赤峰黄金第九届董事会第四次会议决议公告,赤峰黄金第九届董事会第四次会议决议公告,ok
cninfo_disclosure,http://www.cninfo.com.cn/new/disclosure/detail?stockCode=600988&announcementId=1225006202&orgId=gssh0600988&announcementTime=2026-03-13 00:00:00,2026-03-13 00:00:00,600988,600988,赤峰黄金内部审计工作制度,赤峰黄金内部审计工作制度,ok
cninfo_disclosure,http://www.cninfo.com.cn/new/disclosure/detail?stockCode=600988&announcementId=1225006201&orgId=gssh0600988&announcementTime=2026-03-13 00:00:00,2026-03-13 00:00:00,600988,600988,赤峰黄金董事会授权管理制度,赤峰黄金董事会授权管理制度,ok
cninfo_disclosure,http://www.cninfo.com.cn/new/disclosure/detail?stockCode=600988&announcementId=1225006200&orgId=gssh0600988&announcementTime=2026-03-13 00:00:00,2026-03-13 00:00:00,600988,600988,赤峰黄金会计师事务所选聘制度,赤峰黄金会计师事务所选聘制度,ok
cninfo_disclosure,http://www.cninfo.com.cn/new/disclosure/detail?stockCode=600988&announcementId=1225006199&orgId=gssh0600988&announcementTime=2026-03-13 00:00:00,2026-03-13 00:00:00,600988,600988,赤峰黄金信息披露暂缓与豁免业务管理制度,赤峰黄金信息披露暂缓与豁免业务管理制度,ok
cninfo_disclosure,http://www.cninfo.com.cn/new/disclosure/detail?stockCode=600988&announcementId=1225006198&orgId=gssh0600988&announcementTime=2026-03-13 00:00:00,2026-03-13 00:00:00,600988,600988,赤峰黄金投资者关系管理制度,赤峰黄金投资者关系管理制度,ok
cninfo_disclosure,http://www.cninfo.com.cn/new/disclosure/detail?stockCode=600988&announcementId=1225006197&orgId=gssh0600988&announcementTime=2026-03-13 00:00:00,2026-03-13 00:00:00,600988,600988,赤峰黄金关联方资金往来管理制度,赤峰黄金关联方资金往来管理制度,ok
cninfo_disclosure,http://www.cninfo.com.cn/new/disclosure/detail?stockCode=600988&announcementId=1225006196&orgId=gssh0600988&announcementTime=2026-03-13 00:00:00,2026-03-13 00:00:00,600988,600988,赤峰黄金重大事项内部报告制度,赤峰黄金重大事项内部报告制度,ok
cninfo_disclosure,http://www.cninfo.com.cn/new/disclosure/detail?stockCode=600988&announcementId=1225006195&orgId=gssh0600988&announcementTime=2026-03-13 00:00:00,2026-03-13 00:00:00,600988,600988,赤峰黄金董事会会议提案管理办法,赤峰黄金董事会会议提案管理办法,ok
cninfo_disclosure,http://www.cninfo.com.cn/new/disclosure/detail?stockCode=600988&announcementId=1225006193&orgId=gssh0600988&announcementTime=2026-03-13 00:00:00,2026-03-13 00:00:00,600988,600988,赤峰黄金董事、高级管理人员离职管理制度,赤峰黄金董事、高级管理人员离职管理制度,ok
cninfo_disclosure,http://www.cninfo.com.cn/new/disclosure/detail?stockCode=600988&announcementId=1225006191&orgId=gssh0600988&announcementTime=2026-03-13 00:00:00,2026-03-13 00:00:00,600988,600988,赤峰黄金董事会秘书工作制度,赤峰黄金董事会秘书工作制度,ok
cninfo_disclosure,http://www.cninfo.com.cn/new/disclosure/detail?stockCode=600988&announcementId=1225006188&orgId=gssh0600988&announcementTime=2026-03-13 00:00:00,2026-03-13 00:00:00,600988,600988,赤峰黄金信息披露管理制度,赤峰黄金信息披露管理制度,ok
eastmoney_stock_news,http://finance.eastmoney.com/a/202604303726683750.html,2026-04-30 20:27:00,600362,600362,600362，又拟分拆上市！,【导读】江西铜业重启分拆上市计划，控股子公司江铜铜箔拟港股IPO 4月30日晚间，江西铜业发布公告称，公司拟分拆控股子公司江西省江铜铜箔科技股份有限公司（以下简称江铜铜箔）至香港联交所上市。 此前，江西铜业拟分拆江铜铜箔至深交所上市，并在2023年6月过会，但2024年6月终止分拆上市计划,ok
eastmoney_stock_news,http://finance.eastmoney.com/a/202606103766792144.html,2026-06-10 17:37:00,600362,600362,解密主力资金出逃股 连续5日净流出684股,7.06 5.65 -5.87 300573 兴齐眼药 23 7.03 10.02 -24.81 688167 炬光科技 5 7.00 7.26 -14.43 000983 山西焦煤 7 6.90 8.84 -1.78 300409 道氏技术 13 6.41 9.50 -19.51 600362,ok
eastmoney_stock_news,http://finance.eastmoney.com/a/202606083763665446.html,2026-06-08 17:12:00,600362,600362,有色金属行业资金流出榜：紫金矿业、北方稀土等净流出资金居前,20048.98 600489 中金黄金 -6.44 1.78 -18835.52 002149 西部材料 -2.49 11.55 -18159.62 000831 中国稀土 -4.77 4.55 -17118.36 000060 中金岭南 -6.71 5.65 -15203.88 600362,ok
eastmoney_stock_news,http://finance.eastmoney.com/a/202606093765150767.html,2026-06-09 16:35:00,600362,600362,解密主力资金出逃股 连续5日净流出652股,江苏国信 7 6.25 5.41 1.74 300602 飞荣达 5 6.08 8.69 -6.16 002432 九安医疗 7 6.05 4.95 -9.53 688516 奥特维 12 6.03 7.06 -28.66 000983 山西焦煤 6 5.88 8.22 2.19 600362,ok
cninfo_disclosure,http://www.cninfo.com.cn/new/disclosure/detail?stockCode=600362&announcementId=1225354387&orgId=gssh0600362&announcementTime=2026-06-06 00:00:00,2026-06-06 00:00:00,600362,600362,江西铜业股份有限公司2025年年度股东会决议公告,江西铜业股份有限公司2025年年度股东会决议公告,ok
cninfo_disclosure,http://www.cninfo.com.cn/new/disclosure/detail?stockCode=600362&announcementId=1225354379&orgId=gssh0600362&announcementTime=2026-06-06 00:00:00,2026-06-06 00:00:00,600362,600362,北京德恒律师事务所关于江西铜业股份有限公司2025年年度股东会的法律意见,北京德恒律师事务所关于江西铜业股份有限公司2025年年度股东会的法律意见,ok
cninfo_disclosure,http://www.cninfo.com.cn/new/disclosure/detail?stockCode=600362&announcementId=1225284285&orgId=gssh0600362&announcementTime=2026-05-09 00:00:00,2026-05-09 00:00:00,600362,600362,江西铜业股份有限公司2025年年度股东会会议资料,江西铜业股份有限公司2025年年度股东会会议资料,ok
cninfo_disclosure,http://www.cninfo.com.cn/new/disclosure/detail?stockCode=600362&announcementId=1225278636&orgId=gssh0600362&announcementTime=2026-05-07 00:00:00,2026-05-07 00:00:00,600362,600362,江西铜业股份有限公司关于召开2025年年度股东会的通知,江西铜业股份有限公司关于召开2025年年度股东会的通知,ok
cninfo_disclosure,http://www.cninfo.com.cn/new/disclosure/detail?stockCode=600362&announcementId=1225278618&orgId=gssh0600362&announcementTime=2026-05-07 00:00:00,2026-05-07 00:00:00,600362,600362,江西铜业股份有限公司关于参加江西辖区上市公司2026年投资者网上集体接待日活动的公告,江西铜业股份有限公司关于参加江西辖区上市公司2026年投资者网上集体接待日活动的公告,ok
cninfo_disclosure,http://www.cninfo.com.cn/new/disclosure/detail?stockCode=600362&announcementId=1225272496&orgId=gssh0600362&announcementTime=2026-05-01 00:00:00,2026-05-01 00:00:00,600362,600362,江西铜业股份有限公司关于拟筹划控股子公司分拆上市的提示性公告,江西铜业股份有限公司关于拟筹划控股子公司分拆上市的提示性公告,ok
cninfo_disclosure,http://www.cninfo.com.cn/new/disclosure/detail?stockCode=600362&announcementId=1225226781&orgId=gssh0600362&announcementTime=2026-04-29 00:00:00,2026-04-29 00:00:00,600362,600362,江西铜业股份有限公司2026年第一季度报告,江西铜业股份有限公司2026年第一季度报告,ok
cninfo_disclosure,http://www.cninfo.com.cn/new/disclosure/detail?stockCode=600362&announcementId=1225226659&orgId=gssh0600362&announcementTime=2026-04-29 00:00:00,2026-04-29 00:00:00,600362,600362,江西铜业股份有限公司第十届董事会第十七次会议决议公告,江西铜业股份有限公司第十届董事会第十七次会议决议公告,ok
cninfo_disclosure,http://www.cninfo.com.cn/new/disclosure/detail?stockCode=600362&announcementId=1225092285&orgId=gssh0600362&announcementTime=2026-04-11 00:00:00,2026-04-11 00:00:00,600362,600362,江西铜业股份有限公司关于控股股东公开发行可交换公司债券发行完成的公告,江西铜业股份有限公司关于控股股东公开发行可交换公司债券发行完成的公告,ok
cninfo_disclosure,http://www.cninfo.com.cn/new/disclosure/detail?stockCode=600362&announcementId=1225078769&orgId=gssh0600362&announcementTime=2026-04-04 00:00:00,2026-04-04 00:00:00,600362,600362,江西铜业股份有限公司关于召开2025年度业绩说明会的公告,江西铜业股份有限公司关于召开2025年度业绩说明会的公告,ok
cninfo_disclosure,http://www.cninfo.com.cn/new/disclosure/detail?stockCode=600362&announcementId=1225034790&orgId=gssh0600362&announcementTime=2026-03-27 00:00:00,2026-03-27 00:00:00,600362,600362,江西铜业股份有限公司2025年度内部控制审计报告,江西铜业股份有限公司2025年度内部控制审计报告,ok
cninfo_disclosure,http://www.cninfo.com.cn/new/disclosure/detail?stockCode=600362&announcementId=1225034786&orgId=gssh0600362&announcementTime=2026-03-27 00:00:00,2026-03-27 00:00:00,600362,600362,江西铜业股份有限公司独立董事2025年度述职报告（刘志宏）,江西铜业股份有限公司独立董事2025年度述职报告（刘志宏）,ok
cninfo_disclosure,http://www.cninfo.com.cn/new/disclosure/detail?stockCode=600362&announcementId=1225034784&orgId=gssh0600362&announcementTime=2026-03-27 00:00:00,2026-03-27 00:00:00,600362,600362,江西铜业股份有限公司2025年度内部控制评价报告,江西铜业股份有限公司2025年度内部控制评价报告,ok
cninfo_disclosure,http://www.cninfo.com.cn/new/disclosure/detail?stockCode=600362&announcementId=1225034783&orgId=gssh0600362&announcementTime=2026-03-27 00:00:00,2026-03-27 00:00:00,600362,600362,江西铜业股份有限公司2025年度可持续发展报告,江西铜业股份有限公司2025年度可持续发展报告,ok
cninfo_disclosure,http://www.cninfo.com.cn/new/disclosure/detail?stockCode=600362&announcementId=1225034776&orgId=gssh0600362&announcementTime=2026-03-27 00:00:00,2026-03-27 00:00:00,600362,600362,江西铜业股份有限公司关于2025年度计提资产减值准备的公告,江西铜业股份有限公司关于2025年度计提资产减值准备的公告,ok
cninfo_disclosure,http://www.cninfo.com.cn/new/disclosure/detail?stockCode=600362&announcementId=1225034774&orgId=gssh0600362&announcementTime=2026-03-27 00:00:00,2026-03-27 00:00:00,600362,600362,江西铜业股份有限公司2025年度可持续发展报告摘要,江西铜业股份有限公司2025年度可持续发展报告摘要,ok
cninfo_disclosure,http://www.cninfo.com.cn/new/disclosure/detail?stockCode=600362&announcementId=1225034773&orgId=gssh0600362&announcementTime=2026-03-27 00:00:00,2026-03-27 00:00:00,600362,600362,江西铜业股份有限公司2025年非经营性资金占用及其他关联资金往来情况的专项说明,江西铜业股份有限公司2025年非经营性资金占用及其他关联资金往来情况的专项说明,ok
cninfo_disclosure,http://www.cninfo.com.cn/new/disclosure/detail?stockCode=600362&announcementId=1225034769&orgId=gssh0600362&announcementTime=2026-03-27 00:00:00,2026-03-27 00:00:00,600362,600362,江西铜业股份有限公司独立董事2025年度述职报告（王丰）,江西铜业股份有限公司独立董事2025年度述职报告（王丰）,ok
cninfo_disclosure,http://www.cninfo.com.cn/new/disclosure/detail?stockCode=600362&announcementId=1225034762&orgId=gssh0600362&announcementTime=2026-03-27 00:00:00,2026-03-27 00:00:00,600362,600362,江西铜业股份有限公司关于控股股东拟公开发行可交换公司债券办理持有股份担保及信托登记的公告,江西铜业股份有限公司关于控股股东拟公开发行可交换公司债券办理持有股份担保及信托登记的公告,ok
cninfo_disclosure,http://www.cninfo.com.cn/new/disclosure/detail?stockCode=600362&announcementId=1225034758&orgId=gssh0600362&announcementTime=2026-03-27 00:00:00,2026-03-27 00:00:00,600362,600362,江西铜业股份有限公司2025年年度报告,江西铜业股份有限公司2025年年度报告,ok
cninfo_disclosure,http://www.cninfo.com.cn/new/disclosure/detail?stockCode=600362&announcementId=1225034748&orgId=gssh0600362&announcementTime=2026-03-27 00:00:00,2026-03-27 00:00:00,600362,600362,江西铜业股份有限公司关于2025年度末期利润分配方案公告,江西铜业股份有限公司关于2025年度末期利润分配方案公告,ok
cninfo_disclosure,http://www.cninfo.com.cn/new/disclosure/detail?stockCode=600362&announcementId=1225034747&orgId=gssh0600362&announcementTime=2026-03-27 00:00:00,2026-03-27 00:00:00,600362,600362,江西铜业股份有限公司董事会关于独立董事独立性自查情况的专项意见,江西铜业股份有限公司董事会关于独立董事独立性自查情况的专项意见,ok
cninfo_disclosure,http://www.cninfo.com.cn/new/disclosure/detail?stockCode=600362&announcementId=1225034742&orgId=gssh0600362&announcementTime=2026-03-27 00:00:00,2026-03-27 00:00:00,600362,600362,江西铜业股份有限公司董事会独立审核委员会（审计委员会）2025年度对会计师事务所履行监督职责情况报告,江西铜业股份有限公司董事会独立审核委员会（审计委员会）2025年度对会计师事务所履行监督职责情况报告,ok
cninfo_disclosure,http://www.cninfo.com.cn/new/disclosure/detail?stockCode=600362&announcementId=1225034739&orgId=gssh0600362&announcementTime=2026-03-27 00:00:00,2026-03-27 00:00:00,600362,600362,江西铜业股份有限公司2025年度审计报告,江西铜业股份有限公司2025年度审计报告,ok
cninfo_disclosure,http://www.cninfo.com.cn/new/disclosure/detail?stockCode=600362&announcementId=1225034737&orgId=gssh0600362&announcementTime=2026-03-27 00:00:00,2026-03-27 00:00:00,600362,600362,江西铜业股份有限公司关于控股子公司江西铜业集团财务有限公司的风险持续评估报告,江西铜业股份有限公司关于控股子公司江西铜业集团财务有限公司的风险持续评估报告,ok
cninfo_disclosure,http://www.cninfo.com.cn/new/disclosure/detail?stockCode=600362&announcementId=1225034736&orgId=gssh0600362&announcementTime=2026-03-27 00:00:00,2026-03-27 00:00:00,600362,600362,江西铜业股份有限公司2025年度对会计师事务所履职情况评估报告,江西铜业股份有限公司2025年度对会计师事务所履职情况评估报告,ok
cninfo_disclosure,http://www.cninfo.com.cn/new/disclosure/detail?stockCode=600362&announcementId=1225034734&orgId=gssh0600362&announcementTime=2026-03-27 00:00:00,2026-03-27 00:00:00,600362,600362,江西铜业股份有限公司关于开展期货及衍生品套期保值业务的可行性分析报告,江西铜业股份有限公司关于开展期货及衍生品套期保值业务的可行性分析报告,ok
cninfo_disclosure,http://www.cninfo.com.cn/new/disclosure/detail?stockCode=600362&announcementId=1225034731&orgId=gssh0600362&announcementTime=2026-03-27 00:00:00,2026-03-27 00:00:00,600362,600362,江西铜业股份有限公司2025年年度报告摘要,江西铜业股份有限公司2025年年度报告摘要,ok
cninfo_disclosure,http://www.cninfo.com.cn/new/disclosure/detail?stockCode=600362&announcementId=1225034729&orgId=gssh0600362&announcementTime=2026-03-27 00:00:00,2026-03-27 00:00:00,600362,600362,江西铜业股份有限公司独立董事2025年度述职报告（刘淑英）,江西铜业股份有限公司独立董事2025年度述职报告（刘淑英）,ok
cninfo_disclosure,http://www.cninfo.com.cn/new/disclosure/detail?stockCode=600362&announcementId=1225034723&orgId=gssh0600362&announcementTime=2026-03-27 00:00:00,2026-03-27 00:00:00,600362,600362,江西铜业股份有限公司独立审核委员会（审计委员会）2025年履职情况报告,江西铜业股份有限公司独立审核委员会（审计委员会）2025年履职情况报告,ok
cninfo_disclosure,http://www.cninfo.com.cn/new/disclosure/detail?stockCode=600362&announcementId=1225034721&orgId=gssh0600362&announcementTime=2026-03-27 00:00:00,2026-03-27 00:00:00,600362,600362,江西铜业股份有限公司第十届董事会第十六次会议决议公告,江西铜业股份有限公司第十届董事会第十六次会议决议公告,ok
cninfo_disclosure,http://www.cninfo.com.cn/new/disclosure/detail?stockCode=600362&announcementId=1225034706&orgId=gssh0600362&announcementTime=2026-03-27 00:00:00,2026-03-27 00:00:00,600362,600362,江西铜业股份有限公司独立董事2025年度述职报告（赖丹）,江西铜业股份有限公司独立董事2025年度述职报告（赖丹）,ok
cninfo_disclosure,http://www.cninfo.com.cn/new/disclosure/detail?stockCode=600362&announcementId=1225034700&orgId=gssh0600362&announcementTime=2026-03-27 00:00:00,2026-03-27 00:00:00,600362,600362,江西铜业股份有限公司涉及财务公司关联交易的专项说明,江西铜业股份有限公司涉及财务公司关联交易的专项说明,ok
cninfo_disclosure,http://www.cninfo.com.cn/new/disclosure/detail?stockCode=600362&announcementId=1225027145&orgId=gssh0600362&announcementTime=2026-03-25 00:00:00,2026-03-25 00:00:00,600362,600362,江西铜业股份有限公司关于选举职工董事的公告,江西铜业股份有限公司关于选举职工董事的公告,ok
cninfo_disclosure,http://www.cninfo.com.cn/new/disclosure/detail?stockCode=600362&announcementId=1225011379&orgId=gssh0600362&announcementTime=2026-03-17 00:00:00,2026-03-17 00:00:00,600362,600362,江西铜业股份有限公司2026年第一次临时股东会决议公告,江西铜业股份有限公司2026年第一次临时股东会决议公告,ok
cninfo_disclosure,http://www.cninfo.com.cn/new/disclosure/detail?stockCode=600362&announcementId=1225011360&orgId=gssh0600362&announcementTime=2026-03-17 00:00:00,2026-03-17 00:00:00,600362,600362,北京德恒律师事务所关于江西铜业股份有限公司2026年第一次临时股东会的法律意见,北京德恒律师事务所关于江西铜业股份有限公司2026年第一次临时股东会的法律意见,ok
cninfo_disclosure,http://www.cninfo.com.cn/new/disclosure/detail?stockCode=600362&announcementId=1224996778&orgId=gssh0600362&announcementTime=2026-03-05 00:00:00,2026-03-05 00:00:00,600362,600362,江西铜业股份有限公司关于全资子公司正式要约收购SolGold plc全部股份生效的公告,江西铜业股份有限公司关于全资子公司正式要约收购SolGold plc全部股份生效的公告,ok
cninfo_disclosure,http://www.cninfo.com.cn/new/disclosure/detail?stockCode=600362&announcementId=1224992936&orgId=gssh0600362&announcementTime=2026-03-03 00:00:00,2026-03-03 00:00:00,600362,600362,江西铜业股份有限公司关于全资子公司正式要约收购SolGold plc全部股份的进展公告,江西铜业股份有限公司关于全资子公司正式要约收购SolGold plc全部股份的进展公告,ok
cninfo_disclosure,http://www.cninfo.com.cn/new/disclosure/detail?stockCode=600362&announcementId=1224986921&orgId=gssh0600362&announcementTime=2026-02-28 00:00:00,2026-02-28 00:00:00,600362,600362,江西铜业股份有限公司2026年第一次临时股东会会议资料,江西铜业股份有限公司2026年第一次临时股东会会议资料,ok
cninfo_disclosure,http://www.cninfo.com.cn/new/disclosure/detail?stockCode=600362&announcementId=1224983081&orgId=gssh0600362&announcementTime=2026-02-25 00:00:00,2026-02-25 00:00:00,600362,600362,江西铜业股份有限公司关于召开2026年第一临时股东会的通知,江西铜业股份有限公司关于召开2026年第一临时股东会的通知,ok
cninfo_disclosure,http://www.cninfo.com.cn/new/disclosure/detail?stockCode=600362&announcementId=1224982767&orgId=gssh0600362&announcementTime=2026-02-24 00:00:00,2026-02-24 00:00:00,600362,600362,江西铜业股份有限公司关于全资子公司正式要约收购SolGold plc全部股份的进展公告,江西铜业股份有限公司关于全资子公司正式要约收购SolGold plc全部股份的进展公告,ok
cninfo_disclosure,http://www.cninfo.com.cn/new/disclosure/detail?stockCode=600362&announcementId=1224939581&orgId=gssh0600362&announcementTime=2026-01-20 00:00:00,2026-01-20 00:00:00,600362,600362,江西铜业股份有限公司关于与中国兵工物资集团有限公司签订《合作框架协议》的公告,江西铜业股份有限公司关于与中国兵工物资集团有限公司签订《合作框架协议》的公告,ok
cninfo_disclosure,http://www.cninfo.com.cn/new/disclosure/detail?stockCode=600362&announcementId=1224939579&orgId=gssh0600362&announcementTime=2026-01-20 00:00:00,2026-01-20 00:00:00,600362,600362,江西铜业股份有限公司第十届董事会第十五次会议决议公告,江西铜业股份有限公司第十届董事会第十五次会议决议公告,ok
cninfo_disclosure,http://www.cninfo.com.cn/new/disclosure/detail?stockCode=600362&announcementId=1224939576&orgId=gssh0600362&announcementTime=2026-01-20 00:00:00,2026-01-20 00:00:00,600362,600362,江西铜业第十届董事会独立董事专门会议2026年第一次会议的审核意见,江西铜业第十届董事会独立董事专门会议2026年第一次会议的审核意见,ok
cninfo_disclosure,http://www.cninfo.com.cn/new/disclosure/detail?stockCode=600362&announcementId=1224939572&orgId=gssh0600362&announcementTime=2026-01-20 00:00:00,2026-01-20 00:00:00,600362,600362,江西铜业股份有限公司关于子公司浙江江铜富冶和鼎铜业有限公司对外担保的公告,江西铜业股份有限公司关于子公司浙江江铜富冶和鼎铜业有限公司对外担保的公告,ok
cninfo_disclosure,http://www.cninfo.com.cn/new/disclosure/detail?stockCode=600362&announcementId=1224935218&orgId=gssh0600362&announcementTime=2026-01-16 00:00:00,2026-01-16 00:00:00,600362,600362,江西铜业股份有限公司关于全资子公司与第一量子全资子公司签署合作协议的公告,江西铜业股份有限公司关于全资子公司与第一量子全资子公司签署合作协议的公告,ok
cninfo_disclosure,http://www.cninfo.com.cn/new/disclosure/detail?stockCode=600362&announcementId=1224908511&orgId=gssh0600362&announcementTime=2025-12-31 00:00:00,2025-12-31 00:00:00,600362,600362,江西铜业股份有限公司总经理工作细则,江西铜业股份有限公司总经理工作细则,ok
cninfo_disclosure,http://www.cninfo.com.cn/new/disclosure/detail?stockCode=600362&announcementId=1224908509&orgId=gssh0600362&announcementTime=2025-12-31 00:00:00,2025-12-31 00:00:00,600362,600362,江西铜业股份有限公司第十届董事会第十四次会议决议公告,江西铜业股份有限公司第十届董事会第十四次会议决议公告,ok
cninfo_disclosure,http://www.cninfo.com.cn/new/disclosure/detail?stockCode=600362&announcementId=1224908507&orgId=gssh0600362&announcementTime=2025-12-31 00:00:00,2025-12-31 00:00:00,600362,600362,江西铜业股份有限公司关于聘任公司副总经理的公告,江西铜业股份有限公司关于聘任公司副总经理的公告,ok
cninfo_disclosure,http://www.cninfo.com.cn/new/disclosure/detail?stockCode=600362&announcementId=1224908485&orgId=gssh0600362&announcementTime=2025-12-31 00:00:00,2025-12-31 00:00:00,600362,600362,江西铜业第十届董事会独立董事专门会议2025年第一次会议的审核意见,江西铜业第十届董事会独立董事专门会议2025年第一次会议的审核意见,ok
cninfo_disclosure,http://www.cninfo.com.cn/new/disclosure/detail?stockCode=600362&announcementId=1224908477&orgId=gssh0600362&announcementTime=2025-12-31 00:00:00,2025-12-31 00:00:00,600362,600362,江西铜业股份有限公司关于与深圳江铜融资租赁有限公司签署《融资租赁合作框架协议》的关联交易公告,江西铜业股份有限公司关于与深圳江铜融资租赁有限公司签署《融资租赁合作框架协议》的关联交易公告,ok
cninfo_disclosure,http://www.cninfo.com.cn/new/disclosure/detail?stockCode=600362&announcementId=1224908473&orgId=gssh0600362&announcementTime=2025-12-31 00:00:00,2025-12-31 00:00:00,600362,600362,江西铜业股份有限公司关于全资子公司江西铜业集团财务有限公司与公司控股股东江西铜业集团有限公司签署《金融服务协议》的关联交易公告,江西铜业股份有限公司关于全资子公司江西铜业集团财务有限公司与公司控股股东江西铜业集团有限公司签署《金融服务协议》的关联交易公告,ok
cninfo_disclosure,http://www.cninfo.com.cn/new/disclosure/detail?stockCode=600362&announcementId=1224897504&orgId=gssh0600362&announcementTime=2025-12-25 00:00:00,2025-12-25 00:00:00,600362,600362,江西铜业股份有限公司关于全资子公司正式要约收购SolGold plc全部股份的公告,江西铜业股份有限公司关于全资子公司正式要约收购SolGold plc全部股份的公告,ok
cninfo_disclosure,http://www.cninfo.com.cn/new/disclosure/detail?stockCode=600362&announcementId=1224872383&orgId=gssh0600362&announcementTime=2025-12-13 00:00:00,2025-12-13 00:00:00,600362,600362,江西铜业股份有限公司关于筹划收购境外上市公司股份的进展公告,江西铜业股份有限公司关于筹划收购境外上市公司股份的进展公告,ok
cninfo_disclosure,http://www.cninfo.com.cn/new/disclosure/detail?stockCode=600362&announcementId=1224837704&orgId=gssh0600362&announcementTime=2025-12-01 00:00:00,2025-12-01 00:00:00,600362,600362,江西铜业股份有限公司关于筹划收购境外上市公司股份的提示性公告,江西铜业股份有限公司关于筹划收购境外上市公司股份的提示性公告,ok
cninfo_disclosure,http://www.cninfo.com.cn/new/disclosure/detail?stockCode=600362&announcementId=1224816881&orgId=gssh0600362&announcementTime=2025-11-21 00:00:00,2025-11-21 00:00:00,600362,600362,江西铜业股份有限公司关于召开2025年第三季度业绩说明会的公告,江西铜业股份有限公司关于召开2025年第三季度业绩说明会的公告,ok
cninfo_disclosure,http://www.cninfo.com.cn/new/disclosure/detail?stockCode=600362&announcementId=1224816864&orgId=gssh0600362&announcementTime=2025-11-21 00:00:00,2025-11-21 00:00:00,600362,600362,北京德恒律师事务所关于江西铜业股份有限公司差异化分红事项的法律意见,北京德恒律师事务所关于江西铜业股份有限公司差异化分红事项的法律意见,ok
cninfo_disclosure,http://www.cninfo.com.cn/new/disclosure/detail?stockCode=600362&announcementId=1224816852&orgId=gssh0600362&announcementTime=2025-11-21 00:00:00,2025-11-21 00:00:00,600362,600362,江西铜业股份有限公司2025年半年度权益分派实施公告,江西铜业股份有限公司2025年半年度权益分派实施公告,ok
cninfo_disclosure,http://www.cninfo.com.cn/new/disclosure/detail?stockCode=600362&announcementId=1224753941&orgId=gssh0600362&announcementTime=2025-10-29 00:00:00,2025-10-29 00:00:00,600362,600362,江西铜业股份有限公司2025年第三季度报告,江西铜业股份有限公司2025年第三季度报告,ok
cninfo_disclosure,http://www.cninfo.com.cn/new/disclosure/detail?stockCode=600362&announcementId=1224753940&orgId=gssh0600362&announcementTime=2025-10-29 00:00:00,2025-10-29 00:00:00,600362,600362,江西铜业股份有限公司募集资金使用管理办法,江西铜业股份有限公司募集资金使用管理办法,ok
cninfo_disclosure,http://www.cninfo.com.cn/new/disclosure/detail?stockCode=600362&announcementId=1224753939&orgId=gssh0600362&announcementTime=2025-10-29 00:00:00,2025-10-29 00:00:00,600362,600362,江西铜业股份有限公司关联交易管理办法,江西铜业股份有限公司关联交易管理办法,ok
cninfo_disclosure,http://www.cninfo.com.cn/new/disclosure/detail?stockCode=600362&announcementId=1224753938&orgId=gssh0600362&announcementTime=2025-10-29 00:00:00,2025-10-29 00:00:00,600362,600362,江西铜业股份有限公司独立董事工作制度,江西铜业股份有限公司独立董事工作制度,ok
cninfo_disclosure,http://www.cninfo.com.cn/new/disclosure/detail?stockCode=600362&announcementId=1224753937&orgId=gssh0600362&announcementTime=2025-10-29 00:00:00,2025-10-29 00:00:00,600362,600362,江西铜业股份有限公司董事会议事规则,江西铜业股份有限公司董事会议事规则,ok
cninfo_disclosure,http://www.cninfo.com.cn/new/disclosure/detail?stockCode=600362&announcementId=1224753936&orgId=gssh0600362&announcementTime=2025-10-29 00:00:00,2025-10-29 00:00:00,600362,600362,江西铜业股份有限公司股东会议事规则,江西铜业股份有限公司股东会议事规则,ok
cninfo_disclosure,http://www.cninfo.com.cn/new/disclosure/detail?stockCode=600362&announcementId=1224753935&orgId=gssh0600362&announcementTime=2025-10-29 00:00:00,2025-10-29 00:00:00,600362,600362,江西铜业股份有限公司章程,江西铜业股份有限公司章程,ok
cninfo_disclosure,http://www.cninfo.com.cn/new/disclosure/detail?stockCode=600362&announcementId=1224753934&orgId=gssh0600362&announcementTime=2025-10-29 00:00:00,2025-10-29 00:00:00,600362,600362,北京德恒律师事务所关于江西铜业股份有限公司2025年第一次临时股东大会、2025年第一次A股类别股东大会、2025年第一次H股类别股东大会的法律意见,北京德恒律师事务所关于江西铜业股份有限公司2025年第一次临时股东大会、2025年第一次A股类别股东大会、2025年第一次H股类别股东大会的法律意见,ok
cninfo_disclosure,http://www.cninfo.com.cn/new/disclosure/detail?stockCode=600362&announcementId=1224753933&orgId=gssh0600362&announcementTime=2025-10-29 00:00:00,2025-10-29 00:00:00,600362,600362,江西铜业股份有限公司2025年第一次临时股东大会、2025年第一次A股类别股东大会、2025年第一次H股类别股东大会决议公告,江西铜业股份有限公司2025年第一次临时股东大会、2025年第一次A股类别股东大会、2025年第一次H股类别股东大会决议公告,ok
cninfo_disclosure,http://www.cninfo.com.cn/new/disclosure/detail?stockCode=600362&announcementId=1224713514&orgId=gssh0600362&announcementTime=2025-10-16 00:00:00,2025-10-16 00:00:00,600362,600362,江西铜业股份有限公司2025年第一次临时股东大会、2025年第一次A股类别股东大会、2025年第一次H股类别股东大会会议资料,江西铜业股份有限公司2025年第一次临时股东大会、2025年第一次A股类别股东大会、2025年第一次H股类别股东大会会议资料,ok
cninfo_disclosure,http://www.cninfo.com.cn/new/disclosure/detail?stockCode=600362&announcementId=1224702754&orgId=gssh0600362&announcementTime=2025-10-10 00:00:00,2025-10-10 00:00:00,600362,600362,江西铜业集团有限公司关于《股票交易异常波动问询函》的回复,江西铜业集团有限公司关于《股票交易异常波动问询函》的回复,ok
cninfo_disclosure,http://www.cninfo.com.cn/new/disclosure/detail?stockCode=600362&announcementId=1224702753&orgId=gssh0600362&announcementTime=2025-10-10 00:00:00,2025-10-10 00:00:00,600362,600362,江西铜业股份有限公司股票交易异常波动公告,江西铜业股份有限公司股票交易异常波动公告,ok
cninfo_disclosure,http://www.cninfo.com.cn/new/disclosure/detail?stockCode=600362&announcementId=1224702752&orgId=gssh0600362&announcementTime=2025-10-10 00:00:00,2025-10-10 00:00:00,600362,600362,江西铜业股份有限公司关于召开2025年第一次临时股东大会、2025年第一次A股类别股东大会、2025年第一次H股类别股东大会的通知,江西铜业股份有限公司关于召开2025年第一次临时股东大会、2025年第一次A股类别股东大会、2025年第一次H股类别股东大会的通知,ok
cninfo_disclosure,http://www.cninfo.com.cn/new/disclosure/detail?stockCode=600362&announcementId=1224643841&orgId=gssh0600362&announcementTime=2025-09-09 00:00:00,2025-09-09 00:00:00,600362,600362,江西铜业股份有限公司关于召开2025年半年度业绩说明会的公告,江西铜业股份有限公司关于召开2025年半年度业绩说明会的公告,ok
cninfo_disclosure,http://www.cninfo.com.cn/new/disclosure/detail?stockCode=600362&announcementId=1224607200&orgId=gssh0600362&announcementTime=2025-08-29 00:00:00,2025-08-29 00:00:00,600362,600362,江西铜业股份有限公司关于控股子公司江西铜业集团财务有限公司的风险持续评估报告,江西铜业股份有限公司关于控股子公司江西铜业集团财务有限公司的风险持续评估报告,ok
cninfo_disclosure,http://www.cninfo.com.cn/new/disclosure/detail?stockCode=600362&announcementId=1224607199&orgId=gssh0600362&announcementTime=2025-08-29 00:00:00,2025-08-29 00:00:00,600362,600362,江西铜业股份有限公司董事会秘书工作制度（修订）,江西铜业股份有限公司董事会秘书工作制度（修订）,ok
cninfo_disclosure,http://www.cninfo.com.cn/new/disclosure/detail?stockCode=600362&announcementId=1224607198&orgId=gssh0600362&announcementTime=2025-08-29 00:00:00,2025-08-29 00:00:00,600362,600362,江西铜业股份有限公司募集资金使用管理办法（修订）,江西铜业股份有限公司募集资金使用管理办法（修订）,ok
cninfo_disclosure,http://www.cninfo.com.cn/new/disclosure/detail?stockCode=600362&announcementId=1224607197&orgId=gssh0600362&announcementTime=2025-08-29 00:00:00,2025-08-29 00:00:00,600362,600362,江西铜业股份有限公司关联交易管理办法（修订）,江西铜业股份有限公司关联交易管理办法（修订）,ok
cninfo_disclosure,http://www.cninfo.com.cn/new/disclosure/detail?stockCode=600362&announcementId=1224607196&orgId=gssh0600362&announcementTime=2025-08-29 00:00:00,2025-08-29 00:00:00,600362,600362,江西铜业股份有限公司董事会环境、社会及管治发展委员会工作细则（修订）,江西铜业股份有限公司董事会环境、社会及管治发展委员会工作细则（修订）,ok
cninfo_disclosure,http://www.cninfo.com.cn/new/disclosure/detail?stockCode=600362&announcementId=1224607195&orgId=gssh0600362&announcementTime=2025-08-29 00:00:00,2025-08-29 00:00:00,600362,600362,江西铜业股份有限公司董事会提名委员会议事规则（修订）,江西铜业股份有限公司董事会提名委员会议事规则（修订）,ok
cninfo_disclosure,http://www.cninfo.com.cn/new/disclosure/detail?stockCode=600362&announcementId=1224607194&orgId=gssh0600362&announcementTime=2025-08-29 00:00:00,2025-08-29 00:00:00,600362,600362,江西铜业股份有限公司董事会薪酬委员会议事规则（修订）,江西铜业股份有限公司董事会薪酬委员会议事规则（修订）,ok
cninfo_disclosure,http://www.cninfo.com.cn/new/disclosure/detail?stockCode=600362&announcementId=1224607193&orgId=gssh0600362&announcementTime=2025-08-29 00:00:00,2025-08-29 00:00:00,600362,600362,江西铜业股份有限公司董事会独立审核委员会（审计委员会）议事规则（修订）,江西铜业股份有限公司董事会独立审核委员会（审计委员会）议事规则（修订）,ok
cninfo_disclosure,http://www.cninfo.com.cn/new/disclosure/detail?stockCode=000630&announcementId=1225335106&orgId=gssz0000630&announcementTime=2026-05-29 00:00:00,2026-05-29 00:00:00,000630,000630,2025年年度权益分派实施公告,2025年年度权益分派实施公告,ok
cninfo_disclosure,http://www.cninfo.com.cn/new/disclosure/detail?stockCode=000630&announcementId=1225321199&orgId=gssz0000630&announcementTime=2026-05-21 00:00:00,2026-05-21 00:00:00,000630,000630,十一届一次董事会会议决议公告,十一届一次董事会会议决议公告,ok
cninfo_disclosure,http://www.cninfo.com.cn/new/disclosure/detail?stockCode=000630&announcementId=1225304286&orgId=gssz0000630&announcementTime=2026-05-14 00:00:00,2026-05-14 00:00:00,000630,000630,关于独立董事辞职的公告,关于独立董事辞职的公告,ok
cninfo_disclosure,http://www.cninfo.com.cn/new/disclosure/detail?stockCode=000630&announcementId=1225304285&orgId=gssz0000630&announcementTime=2026-05-14 00:00:00,2026-05-14 00:00:00,000630,000630,关于选举第十一届董事会职工董事的公告,关于选举第十一届董事会职工董事的公告,ok
cninfo_disclosure,http://www.cninfo.com.cn/new/disclosure/detail?stockCode=000630&announcementId=1225304284&orgId=gssz0000630&announcementTime=2026-05-14 00:00:00,2026-05-14 00:00:00,000630,000630,安徽承义律师事务所关于铜陵有色金属集团股份有限公司召开2025年年度股东会的法律意见书,安徽承义律师事务所关于铜陵有色金属集团股份有限公司召开2025年年度股东会的法律意见书,ok
cninfo_disclosure,http://www.cninfo.com.cn/new/disclosure/detail?stockCode=000630&announcementId=1225304283&orgId=gssz0000630&announcementTime=2026-05-14 00:00:00,2026-05-14 00:00:00,000630,000630,2025年度股东会决议的公告,2025年度股东会决议的公告,ok
cninfo_disclosure,http://www.cninfo.com.cn/new/disclosure/detail?stockCode=000630&announcementId=1225226181&orgId=gssz0000630&announcementTime=2026-04-29 00:00:00,2026-04-29 00:00:00,000630,000630,董事会议事规则,董事会议事规则,ok
cninfo_disclosure,http://www.cninfo.com.cn/new/disclosure/detail?stockCode=000630&announcementId=1225226180&orgId=gssz0000630&announcementTime=2026-04-29 00:00:00,2026-04-29 00:00:00,000630,000630,关于计提资产减值准备的公告,关于计提资产减值准备的公告,ok
cninfo_disclosure,http://www.cninfo.com.cn/new/disclosure/detail?stockCode=000630&announcementId=1225226179&orgId=gssz0000630&announcementTime=2026-04-29 00:00:00,2026-04-29 00:00:00,000630,000630,关于2025年度股东会增加临时提案暨股东会补充通知,关于2025年度股东会增加临时提案暨股东会补充通知,ok
cninfo_disclosure,http://www.cninfo.com.cn/new/disclosure/detail?stockCode=000630&announcementId=1225226178&orgId=gssz0000630&announcementTime=2026-04-29 00:00:00,2026-04-29 00:00:00,000630,000630,十届三十次董事会会议决议公告,十届三十次董事会会议决议公告,ok
cninfo_disclosure,http://www.cninfo.com.cn/new/disclosure/detail?stockCode=000630&announcementId=1225226176&orgId=gssz0000630&announcementTime=2026-04-29 00:00:00,2026-04-29 00:00:00,000630,000630,2026年一季度报告,2026年一季度报告,ok
cninfo_disclosure,http://www.cninfo.com.cn/new/disclosure/detail?stockCode=000630&announcementId=1225119744&orgId=gssz0000630&announcementTime=2026-04-20 00:00:00,2026-04-20 00:00:00,000630,000630,关于铜陵有色金属集团股份有限公司涉及财务公司关联交易的存款、贷款等金融业务的专项说明,关于铜陵有色金属集团股份有限公司涉及财务公司关联交易的存款、贷款等金融业务的专项说明,ok
cninfo_disclosure,http://www.cninfo.com.cn/new/disclosure/detail?stockCode=000630&announcementId=1225119743&orgId=gssz0000630&announcementTime=2026-04-20 00:00:00,2026-04-20 00:00:00,000630,000630,关于续聘会计师事务所的公告,关于续聘会计师事务所的公告,ok
cninfo_disclosure,http://www.cninfo.com.cn/new/disclosure/detail?stockCode=000630&announcementId=1225119742&orgId=gssz0000630&announcementTime=2026-04-20 00:00:00,2026-04-20 00:00:00,000630,000630,关于变更财务顾问主办人的公告,关于变更财务顾问主办人的公告,ok
cninfo_disclosure,http://www.cninfo.com.cn/new/disclosure/detail?stockCode=000630&announcementId=1225119741&orgId=gssz0000630&announcementTime=2026-04-20 00:00:00,2026-04-20 00:00:00,000630,000630,2026年第一次独立董事专门会议决议,2026年第一次独立董事专门会议决议,ok
cninfo_disclosure,http://www.cninfo.com.cn/new/disclosure/detail?stockCode=000630&announcementId=1225119740&orgId=gssz0000630&announcementTime=2026-04-20 00:00:00,2026-04-20 00:00:00,000630,000630,2025年度董事会工作报告,2025年度董事会工作报告,ok
cninfo_disclosure,http://www.cninfo.com.cn/new/disclosure/detail?stockCode=000630&announcementId=1225119739&orgId=gssz0000630&announcementTime=2026-04-20 00:00:00,2026-04-20 00:00:00,000630,000630,关于确认董事及高级管理人员2025年度薪酬及2026年度薪酬方案的公告,关于确认董事及高级管理人员2025年度薪酬及2026年度薪酬方案的公告,ok
cninfo_disclosure,http://www.cninfo.com.cn/new/disclosure/detail?stockCode=000630&announcementId=1225119738&orgId=gssz0000630&announcementTime=2026-04-20 00:00:00,2026-04-20 00:00:00,000630,000630,2025年度独立董事述职报告（朱明）（已离任）,2025年度独立董事述职报告（朱明）（已离任）,ok
cninfo_disclosure,http://www.cninfo.com.cn/new/disclosure/detail?stockCode=000630&announcementId=1225119737&orgId=gssz0000630&announcementTime=2026-04-20 00:00:00,2026-04-20 00:00:00,000630,000630,2025年度独立董事述职报告（姚禄仕）,2025年度独立董事述职报告（姚禄仕）,ok
cninfo_disclosure,http://www.cninfo.com.cn/new/disclosure/detail?stockCode=000630&announcementId=1225119736&orgId=gssz0000630&announcementTime=2026-04-20 00:00:00,2026-04-20 00:00:00,000630,000630,2025年度独立董事述职报告（汤书昆）,2025年度独立董事述职报告（汤书昆）,ok
cninfo_disclosure,http://www.cninfo.com.cn/new/disclosure/detail?stockCode=000630&announcementId=1225119735&orgId=gssz0000630&announcementTime=2026-04-20 00:00:00,2026-04-20 00:00:00,000630,000630,2025年度独立董事述职报告（尤佳）,2025年度独立董事述职报告（尤佳）,ok
cninfo_disclosure,http://www.cninfo.com.cn/new/disclosure/detail?stockCode=000630&announcementId=1225119734&orgId=gssz0000630&announcementTime=2026-04-20 00:00:00,2026-04-20 00:00:00,000630,000630,关于召开2025年度网上业绩说明会的通知公告,关于召开2025年度网上业绩说明会的通知公告,ok
cninfo_disclosure,http://www.cninfo.com.cn/new/disclosure/detail?stockCode=000630&announcementId=1225119733&orgId=gssz0000630&announcementTime=2026-04-20 00:00:00,2026-04-20 00:00:00,000630,000630,铜陵有色金属集团股份有限公司2025环境、社会和公司治理（ESG)报告,铜陵有色金属集团股份有限公司2025环境、社会和公司治理（ESG)报告,ok
cninfo_disclosure,http://www.cninfo.com.cn/new/disclosure/detail?stockCode=000630&announcementId=1225119732&orgId=gssz0000630&announcementTime=2026-04-20 00:00:00,2026-04-20 00:00:00,000630,000630,内部控制审计报告,内部控制审计报告,ok
cninfo_disclosure,http://www.cninfo.com.cn/new/disclosure/detail?stockCode=000630&announcementId=1225119731&orgId=gssz0000630&announcementTime=2026-04-20 00:00:00,2026-04-20 00:00:00,000630,000630,2025年度内部控制评价报告,2025年度内部控制评价报告,ok
cninfo_disclosure,http://www.cninfo.com.cn/new/disclosure/detail?stockCode=000630&announcementId=1225119730&orgId=gssz0000630&announcementTime=2026-04-20 00:00:00,2026-04-20 00:00:00,000630,000630,套期保值管理制度,套期保值管理制度,ok
cninfo_disclosure,http://www.cninfo.com.cn/new/disclosure/detail?stockCode=000630&announcementId=1225119729&orgId=gssz0000630&announcementTime=2026-04-20 00:00:00,2026-04-20 00:00:00,000630,000630,关于“质量回报双提升”行动方案的进展公告,关于“质量回报双提升”行动方案的进展公告,ok
cninfo_disclosure,http://www.cninfo.com.cn/new/disclosure/detail?stockCode=000630&announcementId=1225119728&orgId=gssz0000630&announcementTime=2026-04-20 00:00:00,2026-04-20 00:00:00,000630,000630,关于2026年向金融机构申请综合授信额度的公告,关于2026年向金融机构申请综合授信额度的公告,ok
cninfo_disclosure,http://www.cninfo.com.cn/new/disclosure/detail?stockCode=000630&announcementId=1225119727&orgId=gssz0000630&announcementTime=2026-04-20 00:00:00,2026-04-20 00:00:00,000630,000630,关于同一控制下企业合并追溯调整财务数据的公告,关于同一控制下企业合并追溯调整财务数据的公告,ok
cninfo_disclosure,http://www.cninfo.com.cn/new/disclosure/detail?stockCode=000630&announcementId=1225119726&orgId=gssz0000630&announcementTime=2026-04-20 00:00:00,2026-04-20 00:00:00,000630,000630,关于铜陵有色金属集团股份有限公司同一控制下企业合并追溯调整财务报表的专项说明,关于铜陵有色金属集团股份有限公司同一控制下企业合并追溯调整财务报表的专项说明,ok
cninfo_disclosure,http://www.cninfo.com.cn/new/disclosure/detail?stockCode=000630&announcementId=1225119725&orgId=gssz0000630&announcementTime=2026-04-20 00:00:00,2026-04-20 00:00:00,000630,000630,关于会计政策变更的公告,关于会计政策变更的公告,ok
cninfo_disclosure,http://www.cninfo.com.cn/new/disclosure/detail?stockCode=000630&announcementId=1225119724&orgId=gssz0000630&announcementTime=2026-04-20 00:00:00,2026-04-20 00:00:00,000630,000630,关于计提资产减值准备的公告,关于计提资产减值准备的公告,ok
cninfo_disclosure,http://www.cninfo.com.cn/new/disclosure/detail?stockCode=000630&announcementId=1225119723&orgId=gssz0000630&announcementTime=2026-04-20 00:00:00,2026-04-20 00:00:00,000630,000630,独立董事候选人声明与承诺（尤佳）,独立董事候选人声明与承诺（尤佳）,ok
cninfo_disclosure,http://www.cninfo.com.cn/new/disclosure/detail?stockCode=000630&announcementId=1225119722&orgId=gssz0000630&announcementTime=2026-04-20 00:00:00,2026-04-20 00:00:00,000630,000630,独立董事提名人声明与承诺（一）,独立董事提名人声明与承诺（一）,ok
cninfo_disclosure,http://www.cninfo.com.cn/new/disclosure/detail?stockCode=000630&announcementId=1225119721&orgId=gssz0000630&announcementTime=2026-04-20 00:00:00,2026-04-20 00:00:00,000630,000630,独立董事提名人声明与承诺（二）,独立董事提名人声明与承诺（二）,ok
cninfo_disclosure,http://www.cninfo.com.cn/new/disclosure/detail?stockCode=000630&announcementId=1225119720&orgId=gssz0000630&announcementTime=2026-04-20 00:00:00,2026-04-20 00:00:00,000630,000630,独立董事提名人声明与承诺（三）,独立董事提名人声明与承诺（三）,ok
cninfo_disclosure,http://www.cninfo.com.cn/new/disclosure/detail?stockCode=000630&announcementId=1225119719&orgId=gssz0000630&announcementTime=2026-04-20 00:00:00,2026-04-20 00:00:00,000630,000630,独立董事候选人声明与承诺（朱卫东）,独立董事候选人声明与承诺（朱卫东）,ok
cninfo_disclosure,http://www.cninfo.com.cn/new/disclosure/detail?stockCode=000630&announcementId=1225119718&orgId=gssz0000630&announcementTime=2026-04-20 00:00:00,2026-04-20 00:00:00,000630,000630,独立董事候选人声明与承诺（汤书昆）,独立董事候选人声明与承诺（汤书昆）,ok
cninfo_disclosure,http://www.cninfo.com.cn/new/disclosure/detail?stockCode=000630&announcementId=1225119717&orgId=gssz0000630&announcementTime=2026-04-20 00:00:00,2026-04-20 00:00:00,000630,000630,关于2026年度金融类日常关联交易预计的公告,关于2026年度金融类日常关联交易预计的公告,ok
cninfo_disclosure,http://www.cninfo.com.cn/new/disclosure/detail?stockCode=000630&announcementId=1225119716&orgId=gssz0000630&announcementTime=2026-04-20 00:00:00,2026-04-20 00:00:00,000630,000630,关于开展2026年度货币类期货和衍生品套期保值业务的可行性分析报告,关于开展2026年度货币类期货和衍生品套期保值业务的可行性分析报告,ok
cninfo_disclosure,http://www.cninfo.com.cn/new/disclosure/detail?stockCode=000630&announcementId=1225119715&orgId=gssz0000630&announcementTime=2026-04-20 00:00:00,2026-04-20 00:00:00,000630,000630,关于开展2026年度商品类期货和衍生品套期保值业务的可行性分析报告,关于开展2026年度商品类期货和衍生品套期保值业务的可行性分析报告,ok
cninfo_disclosure,http://www.cninfo.com.cn/new/disclosure/detail?stockCode=000630&announcementId=1225119714&orgId=gssz0000630&announcementTime=2026-04-20 00:00:00,2026-04-20 00:00:00,000630,000630,关于开展2026年度货币类期货和衍生品套期保值业务的公告,关于开展2026年度货币类期货和衍生品套期保值业务的公告,ok
cninfo_disclosure,http://www.cninfo.com.cn/new/disclosure/detail?stockCode=000630&announcementId=1225119713&orgId=gssz0000630&announcementTime=2026-04-20 00:00:00,2026-04-20 00:00:00,000630,000630,关于开展2026年度商品类期货和衍生品套期保值业务并追认套期保值业务的公告,关于开展2026年度商品类期货和衍生品套期保值业务并追认套期保值业务的公告,ok
cninfo_disclosure,http://www.cninfo.com.cn/new/disclosure/detail?stockCode=000630&announcementId=1225119712&orgId=gssz0000630&announcementTime=2026-04-20 00:00:00,2026-04-20 00:00:00,000630,000630,关于召开2025年度股东会的通知,关于召开2025年度股东会的通知,ok
cninfo_disclosure,http://www.cninfo.com.cn/new/disclosure/detail?stockCode=000630&announcementId=1225119711&orgId=gssz0000630&announcementTime=2026-04-20 00:00:00,2026-04-20 00:00:00,000630,000630,十届二十九次董事会会议决议公告,十届二十九次董事会会议决议公告,ok
cninfo_disclosure,http://www.cninfo.com.cn/new/disclosure/detail?stockCode=000630&announcementId=1225119710&orgId=gssz0000630&announcementTime=2026-04-20 00:00:00,2026-04-20 00:00:00,000630,000630,关于2025年度利润分配预案的公告,关于2025年度利润分配预案的公告,ok
cninfo_disclosure,http://www.cninfo.com.cn/new/disclosure/detail?stockCode=000630&announcementId=1225119709&orgId=gssz0000630&announcementTime=2026-04-20 00:00:00,2026-04-20 00:00:00,000630,000630,关于铜陵有色金属集团财务有限公司的风险评估报告,关于铜陵有色金属集团财务有限公司的风险评估报告,ok
cninfo_disclosure,http://www.cninfo.com.cn/new/disclosure/detail?stockCode=000630&announcementId=1225119708&orgId=gssz0000630&announcementTime=2026-04-20 00:00:00,2026-04-20 00:00:00,000630,000630,独立财务顾问关于铜陵有色金属集团股份有限公司发行股份、可转换公司债券及支付现金购买资产并募集配套资金暨关联交易2025年度业绩承诺实现情况的核查意见,独立财务顾问关于铜陵有色金属集团股份有限公司发行股份、可转换公司债券及支付现金购买资产并募集配套资金暨关联交易2025年度业绩承诺实现情况的核查意见,ok
cninfo_disclosure,http://www.cninfo.com.cn/new/disclosure/detail?stockCode=000630&announcementId=1225119707&orgId=gssz0000630&announcementTime=2026-04-20 00:00:00,2026-04-20 00:00:00,000630,000630,关于铜陵有色金属集团股份有限公司实际盈利数与盈利预测数差异的鉴证报告,关于铜陵有色金属集团股份有限公司实际盈利数与盈利预测数差异的鉴证报告,ok
cninfo_disclosure,http://www.cninfo.com.cn/new/disclosure/detail?stockCode=000630&announcementId=1225119706&orgId=gssz0000630&announcementTime=2026-04-20 00:00:00,2026-04-20 00:00:00,000630,000630,关于中铁建铜冠投资有限公司2025年度业绩承诺完成情况鉴证报告,关于中铁建铜冠投资有限公司2025年度业绩承诺完成情况鉴证报告,ok
cninfo_disclosure,http://www.cninfo.com.cn/new/disclosure/detail?stockCode=000630&announcementId=1225119705&orgId=gssz0000630&announcementTime=2026-04-20 00:00:00,2026-04-20 00:00:00,000630,000630,关于控股子公司中铁建铜冠2025年度业绩承诺实现情况的公告,关于控股子公司中铁建铜冠2025年度业绩承诺实现情况的公告,ok
cninfo_disclosure,http://www.cninfo.com.cn/new/disclosure/detail?stockCode=000630&announcementId=1225119704&orgId=gssz0000630&announcementTime=2026-04-20 00:00:00,2026-04-20 00:00:00,000630,000630,关于会计师事务所2025年度履职情况的评估报告,关于会计师事务所2025年度履职情况的评估报告,ok
cninfo_disclosure,http://www.cninfo.com.cn/new/disclosure/detail?stockCode=000630&announcementId=1225119703&orgId=gssz0000630&announcementTime=2026-04-20 00:00:00,2026-04-20 00:00:00,000630,000630,2025年度审计委员会履职暨对会计师事务所履行监督职责的总结报告,2025年度审计委员会履职暨对会计师事务所履行监督职责的总结报告,ok
cninfo_disclosure,http://www.cninfo.com.cn/new/disclosure/detail?stockCode=000630&announcementId=1225119702&orgId=gssz0000630&announcementTime=2026-04-20 00:00:00,2026-04-20 00:00:00,000630,000630,非经营性资金占用及其他关联资金往来情况的专项审计说明,非经营性资金占用及其他关联资金往来情况的专项审计说明,ok
cninfo_disclosure,http://www.cninfo.com.cn/new/disclosure/detail?stockCode=000630&announcementId=1225119701&orgId=gssz0000630&announcementTime=2026-04-20 00:00:00,2026-04-20 00:00:00,000630,000630,2025年度非经营性资金占用及其他关联资金往来情况汇总表,2025年度非经营性资金占用及其他关联资金往来情况汇总表,ok
cninfo_disclosure,http://www.cninfo.com.cn/new/disclosure/detail?stockCode=000630&announcementId=1225119700&orgId=gssz0000630&announcementTime=2026-04-20 00:00:00,2026-04-20 00:00:00,000630,000630,董事会关于独立董事独立性自查情况的专项报告,董事会关于独立董事独立性自查情况的专项报告,ok
cninfo_disclosure,http://www.cninfo.com.cn/new/disclosure/detail?stockCode=000630&announcementId=1225119699&orgId=gssz0000630&announcementTime=2026-04-20 00:00:00,2026-04-20 00:00:00,000630,000630,2025年年度审计报告,2025年年度审计报告,ok
cninfo_disclosure,http://www.cninfo.com.cn/new/disclosure/detail?stockCode=000630&announcementId=1225119697&orgId=gssz0000630&announcementTime=2026-04-20 00:00:00,2026-04-20 00:00:00,000630,000630,2025年年度报告,2025年年度报告,ok
cninfo_disclosure,http://www.cninfo.com.cn/new/disclosure/detail?stockCode=000630&announcementId=1225119696&orgId=gssz0000630&announcementTime=2026-04-20 00:00:00,2026-04-20 00:00:00,000630,000630,2025年年度报告摘要,2025年年度报告摘要,ok
cninfo_disclosure,http://www.cninfo.com.cn/new/disclosure/detail?stockCode=000630&announcementId=1224956479&orgId=gssz0000630&announcementTime=2026-01-30 00:00:00,2026-01-30 00:00:00,000630,000630,股票交易异常波动公告,股票交易异常波动公告,ok
cninfo_disclosure,http://www.cninfo.com.cn/new/disclosure/detail?stockCode=000630&announcementId=1224950548&orgId=gssz0000630&announcementTime=2026-01-27 00:00:00,2026-01-27 00:00:00,000630,000630,股票交易异常波动公告,股票交易异常波动公告,ok
cninfo_disclosure,http://www.cninfo.com.cn/new/disclosure/detail?stockCode=000630&announcementId=1224913878&orgId=gssz0000630&announcementTime=2026-01-05 00:00:00,2026-01-05 00:00:00,000630,000630,关于控股子公司项目延期的公告,关于控股子公司项目延期的公告,ok
cninfo_disclosure,http://www.cninfo.com.cn/new/disclosure/detail?stockCode=000630&announcementId=1224907663&orgId=gssz0000630&announcementTime=2025-12-31 00:00:00,2025-12-31 00:00:00,000630,000630,关于选举第十届董事会职工董事的公告,关于选举第十届董事会职工董事的公告,ok
cninfo_disclosure,http://www.cninfo.com.cn/new/disclosure/detail?stockCode=000630&announcementId=1224904793&orgId=gssz0000630&announcementTime=2025-12-30 00:00:00,2025-12-30 00:00:00,000630,000630,安徽承义律师事务所关于铜陵有色金属集团股份有限公司召开2025年第三次临时股东会的法律意见书,安徽承义律师事务所关于铜陵有色金属集团股份有限公司召开2025年第三次临时股东会的法律意见书,ok
cninfo_disclosure,http://www.cninfo.com.cn/new/disclosure/detail?stockCode=000630&announcementId=1224904792&orgId=gssz0000630&announcementTime=2025-12-30 00:00:00,2025-12-30 00:00:00,000630,000630,2025年第三次临时股东会决议的公告,2025年第三次临时股东会决议的公告,ok
cninfo_disclosure,http://www.cninfo.com.cn/new/disclosure/detail?stockCode=000630&announcementId=1224881678&orgId=gssz0000630&announcementTime=2025-12-17 00:00:00,2025-12-17 00:00:00,000630,000630,关于铜陵有色金属集团财务有限公司为关联方提供金融服务的风险处置预案,关于铜陵有色金属集团财务有限公司为关联方提供金融服务的风险处置预案,ok
cninfo_disclosure,http://www.cninfo.com.cn/new/disclosure/detail?stockCode=000630&announcementId=1224881677&orgId=gssz0000630&announcementTime=2025-12-17 00:00:00,2025-12-17 00:00:00,000630,000630,董事会专门委员会工作细则,董事会专门委员会工作细则,ok
cninfo_disclosure,http://www.cninfo.com.cn/new/disclosure/detail?stockCode=000630&announcementId=1224881676&orgId=gssz0000630&announcementTime=2025-12-17 00:00:00,2025-12-17 00:00:00,000630,000630,董事和高级管理人员所持本公司股份及其变动管理制度,董事和高级管理人员所持本公司股份及其变动管理制度,ok
cninfo_disclosure,http://www.cninfo.com.cn/new/disclosure/detail?stockCode=000630&announcementId=1224881675&orgId=gssz0000630&announcementTime=2025-12-17 00:00:00,2025-12-17 00:00:00,000630,000630,董事和高级管理人员离职管理制度,董事和高级管理人员离职管理制度,ok
cninfo_disclosure,http://www.cninfo.com.cn/new/disclosure/detail?stockCode=000630&announcementId=1224881674&orgId=gssz0000630&announcementTime=2025-12-17 00:00:00,2025-12-17 00:00:00,000630,000630,独立董事工作制度,独立董事工作制度,ok
cninfo_disclosure,http://www.cninfo.com.cn/new/disclosure/detail?stockCode=000630&announcementId=1224881673&orgId=gssz0000630&announcementTime=2025-12-17 00:00:00,2025-12-17 00:00:00,000630,000630,董事会秘书工作细则,董事会秘书工作细则,ok
cninfo_disclosure,http://www.cninfo.com.cn/new/disclosure/detail?stockCode=000630&announcementId=1224881672&orgId=gssz0000630&announcementTime=2025-12-17 00:00:00,2025-12-17 00:00:00,000630,000630,信息披露事务管理制度,信息披露事务管理制度,ok
cninfo_disclosure,http://www.cninfo.com.cn/new/disclosure/detail?stockCode=000630&announcementId=1224881671&orgId=gssz0000630&announcementTime=2025-12-17 00:00:00,2025-12-17 00:00:00,000630,000630,内幕信息知情人管理制度,内幕信息知情人管理制度,ok
cninfo_disclosure,http://www.cninfo.com.cn/new/disclosure/detail?stockCode=000630&announcementId=1224881670&orgId=gssz0000630&announcementTime=2025-12-17 00:00:00,2025-12-17 00:00:00,000630,000630,经理工作细则,经理工作细则,ok
cninfo_disclosure,http://www.cninfo.com.cn/new/disclosure/detail?stockCode=000630&announcementId=1224881669&orgId=gssz0000630&announcementTime=2025-12-17 00:00:00,2025-12-17 00:00:00,000630,000630,信息披露暂缓与豁免管理制度,信息披露暂缓与豁免管理制度,ok
cninfo_disclosure,http://www.cninfo.com.cn/new/disclosure/detail?stockCode=000630&announcementId=1224881668&orgId=gssz0000630&announcementTime=2025-12-17 00:00:00,2025-12-17 00:00:00,000630,000630,投资者关系管理制度,投资者关系管理制度,ok
cninfo_disclosure,http://www.cninfo.com.cn/new/disclosure/detail?stockCode=000630&announcementId=1224881667&orgId=gssz0000630&announcementTime=2025-12-17 00:00:00,2025-12-17 00:00:00,000630,000630,董事会决议跟踪落实及后评估制度,董事会决议跟踪落实及后评估制度,ok
cninfo_disclosure,http://www.cninfo.com.cn/new/disclosure/detail?stockCode=000630&announcementId=1224881666&orgId=gssz0000630&announcementTime=2025-12-17 00:00:00,2025-12-17 00:00:00,000630,000630,董事会授权管理制度,董事会授权管理制度,ok
cninfo_disclosure,http://www.cninfo.com.cn/new/disclosure/detail?stockCode=000630&announcementId=1224881665&orgId=gssz0000630&announcementTime=2025-12-17 00:00:00,2025-12-17 00:00:00,000630,000630,内部审计制度,内部审计制度,ok
cninfo_disclosure,http://www.cninfo.com.cn/new/disclosure/detail?stockCode=000630&announcementId=1224881664&orgId=gssz0000630&announcementTime=2025-12-17 00:00:00,2025-12-17 00:00:00,000630,000630,子公司管理办法,子公司管理办法,ok
eastmoney_stock_news,http://finance.eastmoney.com/a/202606103765972142.html,2026-06-10 09:05:00,000878,000878,今年以来定增累计募资3112.43亿元,云南铜业 2026.01.22 23.24 25617.54 9.07 81.24 000878 云南铜业 2026.03.16 15.00 16538.04 9.07 81.24 600863 华能蒙电 2026.01.07 26.71 77186.45 3.46 75.72,ok
eastmoney_stock_news,http://finance.eastmoney.com/a/202606013755840268.html,2026-06-01 11:30:00,000878,000878,年内83家公司实施定增，合计募资2755.27亿元,建筑装饰 301358 湖南裕能 47.88 电力设备 603196 璞源材料 13.17 纺织服饰 002230 科大讯飞 40.00 计算机 002967 广电计量 13.00 社会服务 688368 晶丰明源 38.33 电子 600459 贵研铂业 12.91 有色金属 000878,ok
eastmoney_stock_news,http://finance.eastmoney.com/a/202606103765961667.html,2026-06-10 09:05:00,000878,000878,197家公司获机构调研（附名单）,8.99 轻工制造 301311 昆船智能 1 6 14.60 -1.48 机械设备 688059 华锐精密 2 6 179.60 27.39 机械设备 688281 华秦科技 1 6 47.30 -11.09 国防军工 688385 复旦微电 1 5 54.11 -5.75 电子 000878,ok
cninfo_disclosure,http://www.cninfo.com.cn/new/disclosure/detail?stockCode=000878&announcementId=1225326791&orgId=gssz0000878&announcementTime=2026-05-23 00:00:00,2026-05-23 00:00:00,000878,000878,关于2026年度第二期中期票据发行结果的公告,关于2026年度第二期中期票据发行结果的公告,ok
cninfo_disclosure,http://www.cninfo.com.cn/new/disclosure/detail?stockCode=000878&announcementId=1225320819&orgId=gssz0000878&announcementTime=2026-05-21 00:00:00,2026-05-21 00:00:00,000878,000878,关于2026年度第一期中期票据发行结果的公告,关于2026年度第一期中期票据发行结果的公告,ok
cninfo_disclosure,http://www.cninfo.com.cn/new/disclosure/detail?stockCode=000878&announcementId=1225317532&orgId=gssz0000878&announcementTime=2026-05-20 00:00:00,2026-05-20 00:00:00,000878,000878,关于子公司赤峰云铜有色金属有限公司完成税费补缴的公告,关于子公司赤峰云铜有色金属有限公司完成税费补缴的公告,ok
cninfo_disclosure,http://www.cninfo.com.cn/new/disclosure/detail?stockCode=000878&announcementId=1225307524&orgId=gssz0000878&announcementTime=2026-05-15 00:00:00,2026-05-15 00:00:00,000878,000878,2025年年度分红派息实施公告,2025年年度分红派息实施公告,ok
cninfo_disclosure,http://www.cninfo.com.cn/new/disclosure/detail?stockCode=000878&announcementId=1225263229&orgId=gssz0000878&announcementTime=2026-04-30 00:00:00,2026-04-30 00:00:00,000878,000878,关于独立董事任职期限届满的公告,关于独立董事任职期限届满的公告,ok
cninfo_disclosure,http://www.cninfo.com.cn/new/disclosure/detail?stockCode=000878&announcementId=1225263228&orgId=gssz0000878&announcementTime=2026-04-30 00:00:00,2026-04-30 00:00:00,000878,000878,关于子公司赤峰云铜有色金属有限公司被取消高新技术企业资格等事项的公告,关于子公司赤峰云铜有色金属有限公司被取消高新技术企业资格等事项的公告,ok
cninfo_disclosure,http://www.cninfo.com.cn/new/disclosure/detail?stockCode=000878&announcementId=1225174096&orgId=gssz0000878&announcementTime=2026-04-24 00:00:00,2026-04-24 00:00:00,000878,000878,2026年一季度报告,2026年一季度报告,ok
cninfo_disclosure,http://www.cninfo.com.cn/new/disclosure/detail?stockCode=000878&announcementId=1225161801&orgId=gssz0000878&announcementTime=2026-04-24 00:00:00,2026-04-24 00:00:00,000878,000878,中信建投证券股份有限公司关于云南铜业股份有限公司发行股份购买资产并募集配套资金暨关联交易之2025年度持续督导意见,中信建投证券股份有限公司关于云南铜业股份有限公司发行股份购买资产并募集配套资金暨关联交易之2025年度持续督导意见,ok
cninfo_disclosure,http://www.cninfo.com.cn/new/disclosure/detail?stockCode=000878&announcementId=1225161800&orgId=gssz0000878&announcementTime=2026-04-24 00:00:00,2026-04-24 00:00:00,000878,000878,关于召开2026年第一季度网上业绩说明会的公告,关于召开2026年第一季度网上业绩说明会的公告,ok
cninfo_disclosure,http://www.cninfo.com.cn/new/disclosure/detail?stockCode=000878&announcementId=1225161799&orgId=gssz0000878&announcementTime=2026-04-24 00:00:00,2026-04-24 00:00:00,000878,000878,关于2026年一季度计提资产减值准备的公告,关于2026年一季度计提资产减值准备的公告,ok
cninfo_disclosure,http://www.cninfo.com.cn/new/disclosure/detail?stockCode=000878&announcementId=1225161798&orgId=gssz0000878&announcementTime=2026-04-24 00:00:00,2026-04-24 00:00:00,000878,000878,关于开立募集资金专户并签订募集资金三方监管协议的公告,关于开立募集资金专户并签订募集资金三方监管协议的公告,ok
cninfo_disclosure,http://www.cninfo.com.cn/new/disclosure/detail?stockCode=000878&announcementId=1225161797&orgId=gssz0000878&announcementTime=2026-04-24 00:00:00,2026-04-24 00:00:00,000878,000878,云南铜业股份有限公司以募集资金置换预先已投入自筹资金专项审核报告,云南铜业股份有限公司以募集资金置换预先已投入自筹资金专项审核报告,ok
cninfo_disclosure,http://www.cninfo.com.cn/new/disclosure/detail?stockCode=000878&announcementId=1225161796&orgId=gssz0000878&announcementTime=2026-04-24 00:00:00,2026-04-24 00:00:00,000878,000878,中信建投证券股份有限公司关于云南铜业股份有限公司使用募集资金对下属子公司提供借款以实施募投项目、使用募集资金置换预先投入的自筹资金的核查意见,中信建投证券股份有限公司关于云南铜业股份有限公司使用募集资金对下属子公司提供借款以实施募投项目、使用募集资金置换预先投入的自筹资金的核查意见,ok
cninfo_disclosure,http://www.cninfo.com.cn/new/disclosure/detail?stockCode=000878&announcementId=1225161795&orgId=gssz0000878&announcementTime=2026-04-24 00:00:00,2026-04-24 00:00:00,000878,000878,关于使用募集资金向控股子公司提供借款实施募投项目的公告,关于使用募集资金向控股子公司提供借款实施募投项目的公告,ok
cninfo_disclosure,http://www.cninfo.com.cn/new/disclosure/detail?stockCode=000878&announcementId=1225161794&orgId=gssz0000878&announcementTime=2026-04-24 00:00:00,2026-04-24 00:00:00,000878,000878,关于使用募集资金置换先期投入的公告,关于使用募集资金置换先期投入的公告,ok
cninfo_disclosure,http://www.cninfo.com.cn/new/disclosure/detail?stockCode=000878&announcementId=1225161793&orgId=gssz0000878&announcementTime=2026-04-24 00:00:00,2026-04-24 00:00:00,000878,000878,第十届董事会第十二次会议决议公告,第十届董事会第十二次会议决议公告,ok
cninfo_disclosure,http://www.cninfo.com.cn/new/disclosure/detail?stockCode=000878&announcementId=1225119336&orgId=gssz0000878&announcementTime=2026-04-18 00:00:00,2026-04-18 00:00:00,000878,000878,北京大成（昆明）律师事务所关于云南铜业股份有限公司2025年年度股东会的法律意见书,北京大成（昆明）律师事务所关于云南铜业股份有限公司2025年年度股东会的法律意见书,ok
cninfo_disclosure,http://www.cninfo.com.cn/new/disclosure/detail?stockCode=000878&announcementId=1225119335&orgId=gssz0000878&announcementTime=2026-04-18 00:00:00,2026-04-18 00:00:00,000878,000878,2025年年度股东会决议公告,2025年年度股东会决议公告,ok
cninfo_disclosure,http://www.cninfo.com.cn/new/disclosure/detail?stockCode=000878&announcementId=1225037820&orgId=gssz0000878&announcementTime=2026-03-27 00:00:00,2026-03-27 00:00:00,000878,000878,关于发行股份购买资产并募集配套资金暨关联交易之市场法评估资产2025年度资产减值测试的审核报告,关于发行股份购买资产并募集配套资金暨关联交易之市场法评估资产2025年度资产减值测试的审核报告,ok
cninfo_disclosure,http://www.cninfo.com.cn/new/disclosure/detail?stockCode=000878&announcementId=1225037819&orgId=gssz0000878&announcementTime=2026-03-27 00:00:00,2026-03-27 00:00:00,000878,000878,2025年度涉及财务公司关联交易的存款、贷款等金融业务的专项说明,2025年度涉及财务公司关联交易的存款、贷款等金融业务的专项说明,ok
cninfo_disclosure,http://www.cninfo.com.cn/new/disclosure/detail?stockCode=000878&announcementId=1225037818&orgId=gssz0000878&announcementTime=2026-03-27 00:00:00,2026-03-27 00:00:00,000878,000878,2026年度财务预算方案,2026年度财务预算方案,ok
cninfo_disclosure,http://www.cninfo.com.cn/new/disclosure/detail?stockCode=000878&announcementId=1225037817&orgId=gssz0000878&announcementTime=2026-03-27 00:00:00,2026-03-27 00:00:00,000878,000878,2025年度财务决算报告,2025年度财务决算报告,ok
cninfo_disclosure,http://www.cninfo.com.cn/new/disclosure/detail?stockCode=000878&announcementId=1225037816&orgId=gssz0000878&announcementTime=2026-03-27 00:00:00,2026-03-27 00:00:00,000878,000878,董事会关于证券投资情况的专项说明,董事会关于证券投资情况的专项说明,ok
cninfo_disclosure,http://www.cninfo.com.cn/new/disclosure/detail?stockCode=000878&announcementId=1225037815&orgId=gssz0000878&announcementTime=2026-03-27 00:00:00,2026-03-27 00:00:00,000878,000878,2025年生态环境年度工作报告,2025年生态环境年度工作报告,ok
cninfo_disclosure,http://www.cninfo.com.cn/new/disclosure/detail?stockCode=000878&announcementId=1225037814&orgId=gssz0000878&announcementTime=2026-03-27 00:00:00,2026-03-27 00:00:00,000878,000878,董事会关于同一控制下企业合并追溯调整财务数据的说明,董事会关于同一控制下企业合并追溯调整财务数据的说明,ok
cninfo_disclosure,http://www.cninfo.com.cn/new/disclosure/detail?stockCode=000878&announcementId=1225037813&orgId=gssz0000878&announcementTime=2026-03-27 00:00:00,2026-03-27 00:00:00,000878,000878,董事会审计与风险管理委员会关于同一控制下企业合并追溯调整财务数据的说明,董事会审计与风险管理委员会关于同一控制下企业合并追溯调整财务数据的说明,ok
cninfo_disclosure,http://www.cninfo.com.cn/new/disclosure/detail?stockCode=000878&announcementId=1225037812&orgId=gssz0000878&announcementTime=2026-03-27 00:00:00,2026-03-27 00:00:00,000878,000878,2025年董事会工作报告,2025年董事会工作报告,ok
cninfo_disclosure,http://www.cninfo.com.cn/new/disclosure/detail?stockCode=000878&announcementId=1225037811&orgId=gssz0000878&announcementTime=2026-03-27 00:00:00,2026-03-27 00:00:00,000878,000878,中铝财务有限责任公司风险持续评估审核报告,中铝财务有限责任公司风险持续评估审核报告,ok
cninfo_disclosure,http://www.cninfo.com.cn/new/disclosure/detail?stockCode=000878&announcementId=1225037810&orgId=gssz0000878&announcementTime=2026-03-27 00:00:00,2026-03-27 00:00:00,000878,000878,关于2026年公司债务融资工具注册及发行方案的公告,关于2026年公司债务融资工具注册及发行方案的公告,ok
cninfo_disclosure,http://www.cninfo.com.cn/new/disclosure/detail?stockCode=000878&announcementId=1225037809&orgId=gssz0000878&announcementTime=2026-03-27 00:00:00,2026-03-27 00:00:00,000878,000878,关于同一控制下企业合并追溯调整财务数据的公告,关于同一控制下企业合并追溯调整财务数据的公告,ok
cninfo_disclosure,http://www.cninfo.com.cn/new/disclosure/detail?stockCode=000878&announcementId=1225037808&orgId=gssz0000878&announcementTime=2026-03-27 00:00:00,2026-03-27 00:00:00,000878,000878,中信建投证券股份有限公司关于云南铜业股份有限公司金融服务协议及相关风险控制措施执行情况的专项核查意见,中信建投证券股份有限公司关于云南铜业股份有限公司金融服务协议及相关风险控制措施执行情况的专项核查意见,ok
cninfo_disclosure,http://www.cninfo.com.cn/new/disclosure/detail?stockCode=000878&announcementId=1225037807&orgId=gssz0000878&announcementTime=2026-03-27 00:00:00,2026-03-27 00:00:00,000878,000878,中信建投证券股份有限公司关于云南铜业股份有限公司开展期货和衍生品套期保值业务的核查意见,中信建投证券股份有限公司关于云南铜业股份有限公司开展期货和衍生品套期保值业务的核查意见,ok
cninfo_disclosure,http://www.cninfo.com.cn/new/disclosure/detail?stockCode=000878&announcementId=1225037806&orgId=gssz0000878&announcementTime=2026-03-27 00:00:00,2026-03-27 00:00:00,000878,000878,中信建投证券股份有限公司关于云南铜业股份有限公司2025年度定期现场检查报告,中信建投证券股份有限公司关于云南铜业股份有限公司2025年度定期现场检查报告,ok
cninfo_disclosure,http://www.cninfo.com.cn/new/disclosure/detail?stockCode=000878&announcementId=1225037805&orgId=gssz0000878&announcementTime=2026-03-27 00:00:00,2026-03-27 00:00:00,000878,000878,中信建投证券股份有限公司关于云南铜业股份有限公司2025年度内部控制评价报告的核查意见,中信建投证券股份有限公司关于云南铜业股份有限公司2025年度内部控制评价报告的核查意见,ok
cninfo_disclosure,http://www.cninfo.com.cn/new/disclosure/detail?stockCode=000878&announcementId=1225037804&orgId=gssz0000878&announcementTime=2026-03-27 00:00:00,2026-03-27 00:00:00,000878,000878,中信建投证券股份有限公司关于云南铜业股份有限公司发行股份购买资产并募集配套资金暨关联交易之市场法评估资产2025年度减值测试情况的核查意见,中信建投证券股份有限公司关于云南铜业股份有限公司发行股份购买资产并募集配套资金暨关联交易之市场法评估资产2025年度减值测试情况的核查意见,ok
cninfo_disclosure,http://www.cninfo.com.cn/new/disclosure/detail?stockCode=000878&announcementId=1225037803&orgId=gssz0000878&announcementTime=2026-03-27 00:00:00,2026-03-27 00:00:00,000878,000878,2025年独立董事述职报告（韩润生）,2025年独立董事述职报告（韩润生）,ok
cninfo_disclosure,http://www.cninfo.com.cn/new/disclosure/detail?stockCode=000878&announcementId=1225037802&orgId=gssz0000878&announcementTime=2026-03-27 00:00:00,2026-03-27 00:00:00,000878,000878,2025年独立董事述职报告（杨勇）,2025年独立董事述职报告（杨勇）,ok
cninfo_disclosure,http://www.cninfo.com.cn/new/disclosure/detail?stockCode=000878&announcementId=1225037801&orgId=gssz0000878&announcementTime=2026-03-27 00:00:00,2026-03-27 00:00:00,000878,000878,2025年独立董事述职报告（王勇）,2025年独立董事述职报告（王勇）,ok
cninfo_disclosure,http://www.cninfo.com.cn/new/disclosure/detail?stockCode=000878&announcementId=1225037800&orgId=gssz0000878&announcementTime=2026-03-27 00:00:00,2026-03-27 00:00:00,000878,000878,2025年独立董事述职报告（纳鹏杰）,2025年独立董事述职报告（纳鹏杰）,ok
cninfo_disclosure,http://www.cninfo.com.cn/new/disclosure/detail?stockCode=000878&announcementId=1225037799&orgId=gssz0000878&announcementTime=2026-03-27 00:00:00,2026-03-27 00:00:00,000878,000878,关于召开2025年年度业绩说明会的公告,关于召开2025年年度业绩说明会的公告,ok
cninfo_disclosure,http://www.cninfo.com.cn/new/disclosure/detail?stockCode=000878&announcementId=1225037798&orgId=gssz0000878&announcementTime=2026-03-27 00:00:00,2026-03-27 00:00:00,000878,000878,2025年环境、社会及公司治理报告,2025年环境、社会及公司治理报告,ok
cninfo_disclosure,http://www.cninfo.com.cn/new/disclosure/detail?stockCode=000878&announcementId=1225037797&orgId=gssz0000878&announcementTime=2026-03-27 00:00:00,2026-03-27 00:00:00,000878,000878,2025年12月31日内部控制审计报告,2025年12月31日内部控制审计报告,ok
cninfo_disclosure,http://www.cninfo.com.cn/new/disclosure/detail?stockCode=000878&announcementId=1225037796&orgId=gssz0000878&announcementTime=2026-03-27 00:00:00,2026-03-27 00:00:00,000878,000878,2025年度内部控制评价报告,2025年度内部控制评价报告,ok
cninfo_disclosure,http://www.cninfo.com.cn/new/disclosure/detail?stockCode=000878&announcementId=1225037795&orgId=gssz0000878&announcementTime=2026-03-27 00:00:00,2026-03-27 00:00:00,000878,000878,关于“质量回报双提升”行动方案的进展公告,关于“质量回报双提升”行动方案的进展公告,ok
cninfo_disclosure,http://www.cninfo.com.cn/new/disclosure/detail?stockCode=000878&announcementId=1225037794&orgId=gssz0000878&announcementTime=2026-03-27 00:00:00,2026-03-27 00:00:00,000878,000878,董事会审计与风险管理委员会关于会计政策变更追溯调整财务报表数据事项的说明,董事会审计与风险管理委员会关于会计政策变更追溯调整财务报表数据事项的说明,ok
cninfo_disclosure,http://www.cninfo.com.cn/new/disclosure/detail?stockCode=000878&announcementId=1225037793&orgId=gssz0000878&announcementTime=2026-03-27 00:00:00,2026-03-27 00:00:00,000878,000878,董事会关于会计政策变更追溯调整财务报表数据事项的说明,董事会关于会计政策变更追溯调整财务报表数据事项的说明,ok
cninfo_disclosure,http://www.cninfo.com.cn/new/disclosure/detail?stockCode=000878&announcementId=1225037792&orgId=gssz0000878&announcementTime=2026-03-27 00:00:00,2026-03-27 00:00:00,000878,000878,关于会计政策变更的公告,关于会计政策变更的公告,ok
cninfo_disclosure,http://www.cninfo.com.cn/new/disclosure/detail?stockCode=000878&announcementId=1225037791&orgId=gssz0000878&announcementTime=2026-03-27 00:00:00,2026-03-27 00:00:00,000878,000878,公司章程,公司章程,ok
cninfo_disclosure,http://www.cninfo.com.cn/new/disclosure/detail?stockCode=000878&announcementId=1225037790&orgId=gssz0000878&announcementTime=2026-03-27 00:00:00,2026-03-27 00:00:00,000878,000878,关于变更注册资本暨修订《公司章程》的公告,关于变更注册资本暨修订《公司章程》的公告,ok
cninfo_disclosure,http://www.cninfo.com.cn/new/disclosure/detail?stockCode=000878&announcementId=1225037789&orgId=gssz0000878&announcementTime=2026-03-27 00:00:00,2026-03-27 00:00:00,000878,000878,关于2025年度计提资产减值准备的公告,关于2025年度计提资产减值准备的公告,ok
cninfo_disclosure,http://www.cninfo.com.cn/new/disclosure/detail?stockCode=000878&announcementId=1225037788&orgId=gssz0000878&announcementTime=2026-03-27 00:00:00,2026-03-27 00:00:00,000878,000878,关于高级管理人员离任的公告,关于高级管理人员离任的公告,ok
cninfo_disclosure,http://www.cninfo.com.cn/new/disclosure/detail?stockCode=000878&announcementId=1225037787&orgId=gssz0000878&announcementTime=2026-03-27 00:00:00,2026-03-27 00:00:00,000878,000878,关于2026年度向子公司提供财务资助暨关联交易的公告,关于2026年度向子公司提供财务资助暨关联交易的公告,ok
cninfo_disclosure,http://www.cninfo.com.cn/new/disclosure/detail?stockCode=000878&announcementId=1225037786&orgId=gssz0000878&announcementTime=2026-03-27 00:00:00,2026-03-27 00:00:00,000878,000878,开展商品类期货和衍生品套期保值业务的可行性分析报告,开展商品类期货和衍生品套期保值业务的可行性分析报告,ok
cninfo_disclosure,http://www.cninfo.com.cn/new/disclosure/detail?stockCode=000878&announcementId=1225037785&orgId=gssz0000878&announcementTime=2026-03-27 00:00:00,2026-03-27 00:00:00,000878,000878,开展货币类期货和衍生品套期保值业务的可行性分析报告,开展货币类期货和衍生品套期保值业务的可行性分析报告,ok
cninfo_disclosure,http://www.cninfo.com.cn/new/disclosure/detail?stockCode=000878&announcementId=1225037784&orgId=gssz0000878&announcementTime=2026-03-27 00:00:00,2026-03-27 00:00:00,000878,000878,关于开展商品类期货和衍生品套期保值业务的公告,关于开展商品类期货和衍生品套期保值业务的公告,ok
cninfo_disclosure,http://www.cninfo.com.cn/new/disclosure/detail?stockCode=000878&announcementId=1225037783&orgId=gssz0000878&announcementTime=2026-03-27 00:00:00,2026-03-27 00:00:00,000878,000878,关于开展货币类金融衍生套期保值业务的公告,关于开展货币类金融衍生套期保值业务的公告,ok
cninfo_disclosure,http://www.cninfo.com.cn/new/disclosure/detail?stockCode=000878&announcementId=1225037782&orgId=gssz0000878&announcementTime=2026-03-27 00:00:00,2026-03-27 00:00:00,000878,000878,关于2026年度为控股子公司提供担保计划的公告,关于2026年度为控股子公司提供担保计划的公告,ok
cninfo_disclosure,http://www.cninfo.com.cn/new/disclosure/detail?stockCode=000878&announcementId=1225037781&orgId=gssz0000878&announcementTime=2026-03-27 00:00:00,2026-03-27 00:00:00,000878,000878,2025年度股东会会议资料,2025年度股东会会议资料,ok
cninfo_disclosure,http://www.cninfo.com.cn/new/disclosure/detail?stockCode=000878&announcementId=1225037780&orgId=gssz0000878&announcementTime=2026-03-27 00:00:00,2026-03-27 00:00:00,000878,000878,关于召开2025年度股东会的通知,关于召开2025年度股东会的通知,ok
cninfo_disclosure,http://www.cninfo.com.cn/new/disclosure/detail?stockCode=000878&announcementId=1225037779&orgId=gssz0000878&announcementTime=2026-03-27 00:00:00,2026-03-27 00:00:00,000878,000878,第十届董事会第十一次会议决议公告,第十届董事会第十一次会议决议公告,ok
cninfo_disclosure,http://www.cninfo.com.cn/new/disclosure/detail?stockCode=000878&announcementId=1225037778&orgId=gssz0000878&announcementTime=2026-03-27 00:00:00,2026-03-27 00:00:00,000878,000878,关于2025年度利润分配预案的公告,关于2025年度利润分配预案的公告,ok
cninfo_disclosure,http://www.cninfo.com.cn/new/disclosure/detail?stockCode=000878&announcementId=1225037777&orgId=gssz0000878&announcementTime=2026-03-27 00:00:00,2026-03-27 00:00:00,000878,000878,关于对2025年度会计师事务所履职情况的评估报告,关于对2025年度会计师事务所履职情况的评估报告,ok
cninfo_disclosure,http://www.cninfo.com.cn/new/disclosure/detail?stockCode=000878&announcementId=1225037776&orgId=gssz0000878&announcementTime=2026-03-27 00:00:00,2026-03-27 00:00:00,000878,000878,董事会审计与风险管理委员会2025年度履职情况报告,董事会审计与风险管理委员会2025年度履职情况报告,ok
cninfo_disclosure,http://www.cninfo.com.cn/new/disclosure/detail?stockCode=000878&announcementId=1225037775&orgId=gssz0000878&announcementTime=2026-03-27 00:00:00,2026-03-27 00:00:00,000878,000878,董事会审计与风险管理委员会对会计师事务所履行监督职责情况报告,董事会审计与风险管理委员会对会计师事务所履行监督职责情况报告,ok
cninfo_disclosure,http://www.cninfo.com.cn/new/disclosure/detail?stockCode=000878&announcementId=1225037774&orgId=gssz0000878&announcementTime=2026-03-27 00:00:00,2026-03-27 00:00:00,000878,000878,2025年度非经营性资金占用及其他关联资金往来的专项说明,2025年度非经营性资金占用及其他关联资金往来的专项说明,ok
cninfo_disclosure,http://www.cninfo.com.cn/new/disclosure/detail?stockCode=000878&announcementId=1225037773&orgId=gssz0000878&announcementTime=2026-03-27 00:00:00,2026-03-27 00:00:00,000878,000878,2025年非经营性资金占用及其他关联资金往来情况汇总表,2025年非经营性资金占用及其他关联资金往来情况汇总表,ok
cninfo_disclosure,http://www.cninfo.com.cn/new/disclosure/detail?stockCode=000878&announcementId=1225037772&orgId=gssz0000878&announcementTime=2026-03-27 00:00:00,2026-03-27 00:00:00,000878,000878,董事会对独立董事独立性自查情况的专项报告,董事会对独立董事独立性自查情况的专项报告,ok
cninfo_disclosure,http://www.cninfo.com.cn/new/disclosure/detail?stockCode=000878&announcementId=1225037771&orgId=gssz0000878&announcementTime=2026-03-27 00:00:00,2026-03-27 00:00:00,000878,000878,2025年年度审计报告,2025年年度审计报告,ok
cninfo_disclosure,http://www.cninfo.com.cn/new/disclosure/detail?stockCode=000878&announcementId=1225037769&orgId=gssz0000878&announcementTime=2026-03-27 00:00:00,2026-03-27 00:00:00,000878,000878,2025年年度报告,2025年年度报告,ok
cninfo_disclosure,http://www.cninfo.com.cn/new/disclosure/detail?stockCode=000878&announcementId=1225037768&orgId=gssz0000878&announcementTime=2026-03-27 00:00:00,2026-03-27 00:00:00,000878,000878,2025年年度报告摘要,2025年年度报告摘要,ok
cninfo_disclosure,http://www.cninfo.com.cn/new/disclosure/detail?stockCode=000878&announcementId=1225003452&orgId=gssz0000878&announcementTime=2026-03-11 00:00:00,2026-03-11 00:00:00,000878,000878,关于发行股份购买资产并募集配套资金暨关联交易之向特定对象发行股票募集配套资金实施情况暨新增股份上市公告书披露的提示性公告,关于发行股份购买资产并募集配套资金暨关联交易之向特定对象发行股票募集配套资金实施情况暨新增股份上市公告书披露的提示性公告,ok
cninfo_disclosure,http://www.cninfo.com.cn/new/disclosure/detail?stockCode=000878&announcementId=1225003451&orgId=gssz0000878&announcementTime=2026-03-11 00:00:00,2026-03-11 00:00:00,000878,000878,北京市中伦律师事务所关于云南铜业股份有限公司发行股份购买资产并募集配套资金暨关联交易实施情况的法律意见书,北京市中伦律师事务所关于云南铜业股份有限公司发行股份购买资产并募集配套资金暨关联交易实施情况的法律意见书,ok
cninfo_disclosure,http://www.cninfo.com.cn/new/disclosure/detail?stockCode=000878&announcementId=1225003450&orgId=gssz0000878&announcementTime=2026-03-11 00:00:00,2026-03-11 00:00:00,000878,000878,中信建投证券股份有限公司关于云南铜业股份有限公司发行股份购买资产并募集配套资金暨关联交易实施情况之独立财务顾问核查意见,中信建投证券股份有限公司关于云南铜业股份有限公司发行股份购买资产并募集配套资金暨关联交易实施情况之独立财务顾问核查意见,ok
cninfo_disclosure,http://www.cninfo.com.cn/new/disclosure/detail?stockCode=000878&announcementId=1225003449&orgId=gssz0000878&announcementTime=2026-03-11 00:00:00,2026-03-11 00:00:00,000878,000878,发行股份购买资产并募集配套资金暨关联交易之向特定对象发行股票募集配套资金实施情况暨新增股份上市公告书（摘要）,发行股份购买资产并募集配套资金暨关联交易之向特定对象发行股票募集配套资金实施情况暨新增股份上市公告书（摘要）,ok
cninfo_disclosure,http://www.cninfo.com.cn/new/disclosure/detail?stockCode=000878&announcementId=1225003448&orgId=gssz0000878&announcementTime=2026-03-11 00:00:00,2026-03-11 00:00:00,000878,000878,发行股份购买资产并募集配套资金暨关联交易之向特定对象发行股票募集配套资金实施情况暨新增股份上市公告书,发行股份购买资产并募集配套资金暨关联交易之向特定对象发行股票募集配套资金实施情况暨新增股份上市公告书,ok
cninfo_disclosure,http://www.cninfo.com.cn/new/disclosure/detail?stockCode=000878&announcementId=1224997521&orgId=gssz0000878&announcementTime=2026-03-06 00:00:00,2026-03-06 00:00:00,000878,000878,关于开立募集资金专户并签订募集资金三方监管协议的公告,关于开立募集资金专户并签订募集资金三方监管协议的公告,ok
cninfo_disclosure,http://www.cninfo.com.cn/new/disclosure/detail?stockCode=000878&announcementId=1224984692&orgId=gssz0000878&announcementTime=2026-02-26 00:00:00,2026-02-26 00:00:00,000878,000878,验资报告,验资报告,ok
cninfo_disclosure,http://www.cninfo.com.cn/new/disclosure/detail?stockCode=000878&announcementId=1224984691&orgId=gssz0000878&announcementTime=2026-02-26 00:00:00,2026-02-26 00:00:00,000878,000878,北京市中伦律师事务所关于云南铜业股份有限公司发行股份购买资产并募集配套资金暨关联交易之向特定对象发行股份募集配套资金发行过程和认购对象合规性的法律意见书,北京市中伦律师事务所关于云南铜业股份有限公司发行股份购买资产并募集配套资金暨关联交易之向特定对象发行股份募集配套资金发行过程和认购对象合规性的法律意见书,ok
cninfo_disclosure,http://www.cninfo.com.cn/new/disclosure/detail?stockCode=000878&announcementId=1224984690&orgId=gssz0000878&announcementTime=2026-02-26 00:00:00,2026-02-26 00:00:00,000878,000878,中信建投证券股份有限公司关于云南铜业股份有限公司发行股份购买资产并募集配套资金暨关联交易之向特定对象发行股票募集配套资金发行过程和认购对象合规性的报告,中信建投证券股份有限公司关于云南铜业股份有限公司发行股份购买资产并募集配套资金暨关联交易之向特定对象发行股票募集配套资金发行过程和认购对象合规性的报告,ok
cninfo_disclosure,http://www.cninfo.com.cn/new/disclosure/detail?stockCode=000878&announcementId=1224984689&orgId=gssz0000878&announcementTime=2026-02-26 00:00:00,2026-02-26 00:00:00,000878,000878,云南铜业股份有限公司发行股份购买资产并募集配套资金暨关联交易之募集配套资金向特定对象发行股票发行情况报告书,云南铜业股份有限公司发行股份购买资产并募集配套资金暨关联交易之募集配套资金向特定对象发行股票发行情况报告书,ok
eastmoney_stock_news,http://finance.eastmoney.com/a/202606043760459927.html,2026-06-04 16:57:16,601600,601600,中国铝业601600龙虎榜数据06-04),交易所2026年6月4日公布的交易公开信息显示，中国铝业因成为有价格涨跌幅限制的日收盘价格跌幅偏离值达到7%的前五只证券上榜。中国铝业当日收报10.9元，涨跌幅-9.24%，偏离值-8.60%，换手率4.10%，成交额60.07亿。 免责声明：本文基于AI生产，仅供参考，不构成任何投资建议,ok
eastmoney_stock_news,http://finance.eastmoney.com/a/202606043760484488.html,2026-06-04 17:13:00,601600,601600,6月4日龙虎榜净卖出额前10个股,南财智讯6月4日电，盘后数据显示，因当日异动登上龙虎榜的个股中，龙虎榜中资金净流出最多的前三位分别是中国铝业601600.SH)、北部湾港(000582.SZ)与达实智能(002421.SZ)。其中排名第一的中国铝业被净卖出4.84亿元，占总成交金额的8.06%。,ok
eastmoney_stock_news,http://finance.eastmoney.com/a/202606043760492480.html,2026-06-04 17:17:00,601600,601600,6月4日龙虎榜机构席位买卖详情,其中，机构净买入前三分别为唯特偶(301319.SZ)、鼎通科技(688668.SH)与意华股份(002897.SZ)，详情见下图：机构净卖出的个股中，前三分别为德明利(001309.SZ)、中国铝业601600.SH)与沃格光电(603773.SH)。,ok
eastmoney_stock_news,http://finance.eastmoney.com/a/202606103766792144.html,2026-06-10 17:37:00,601600,601600,解密主力资金出逃股 连续5日净流出684股,15.92 -6.67 603799 华友钴业 11 25.08 8.04 -18.85 600863 华能蒙电 8 24.98 9.27 -23.01 603993 洛阳钼业 6 24.21 8.79 -14.94 002230 科大讯飞 7 22.00 13.66 -13.94 601600,ok
eastmoney_stock_news,http://finance.eastmoney.com/a/202606043760675783.html,2026-06-04 21:28:00,601600,601600,沪股通现身11只个股龙虎榜,0.18 25.75 603773 沃格光电 -2994.20 3.01 14.83 601001 晋控煤业 -4557.71 3.70 4.11 600255 鑫科材料 -5731.88 10.02 34.37 603890 春秋电子 -11887.49 -6.29 29.16 601600,ok
eastmoney_stock_news,http://finance.eastmoney.com/a/202606083763665446.html,2026-06-08 17:12:00,601600,601600,有色金属行业资金流出榜：紫金矿业、北方稀土等净流出资金居前,主力资金流量（万元） 601899 紫金矿业 -5.33 1.83 -143229.85 600111 北方稀土 -5.40 2.78 -81596.68 603993 洛阳钼业 -7.15 1.57 -76048.49 002428 云南锗业 -8.02 10.83 -53347.75 601600,ok
eastmoney_stock_news,http://finance.eastmoney.com/a/202606043760582024.html,2026-06-04 19:51:00,601600,601600,14.73亿资金抢筹京东方A，机构狂买唯特偶丨龙虎榜,净卖出金额最多的是中国铝业（601600.SH），为1.98亿元，占总成交金额的3.3%，当日收盘下跌9.24%，换手率为4.1%。,ok
cninfo_disclosure,http://www.cninfo.com.cn/new/disclosure/detail?stockCode=601600&announcementId=1225359698&orgId=9900002901&announcementTime=2026-06-10 00:00:00,2026-06-10 00:00:00,601600,601600,中国铝业2025年年度股东会、2026年第一次A股类别股东会及2026年第一次H股类别股东会会议资料,中国铝业2025年年度股东会、2026年第一次A股类别股东会及2026年第一次H股类别股东会会议资料,ok
cninfo_disclosure,http://www.cninfo.com.cn/new/disclosure/detail?stockCode=601600&announcementId=1225359655&orgId=9900002901&announcementTime=2026-06-10 00:00:00,2026-06-10 00:00:00,601600,601600,中国铝业关于2025年年度股东会增加临时提案的公告,中国铝业关于2025年年度股东会增加临时提案的公告,ok
cninfo_disclosure,http://www.cninfo.com.cn/new/disclosure/detail?stockCode=601600&announcementId=1225346929&orgId=9900002901&announcementTime=2026-06-03 00:00:00,2026-06-03 00:00:00,601600,601600,北京金诚同达律师事务所关于中国铝业回购注销部分限制性股票及调整回购价格、首次授予部分第三个解除限售期解除限售条件成就法律意见书,北京金诚同达律师事务所关于中国铝业回购注销部分限制性股票及调整回购价格、首次授予部分第三个解除限售期解除限售条件成就法律意见书,ok
cninfo_disclosure,http://www.cninfo.com.cn/new/disclosure/detail?stockCode=601600&announcementId=1225346927&orgId=9900002901&announcementTime=2026-06-03 00:00:00,2026-06-03 00:00:00,601600,601600,中国铝业关于拟续聘会计师事务所的公告,中国铝业关于拟续聘会计师事务所的公告,ok
cninfo_disclosure,http://www.cninfo.com.cn/new/disclosure/detail?stockCode=601600&announcementId=1225346925&orgId=9900002901&announcementTime=2026-06-03 00:00:00,2026-06-03 00:00:00,601600,601600,中国铝业关于回购注销部分激励对象已获授但尚未解除限售的限制性股票及调整回购价格的公告,中国铝业关于回购注销部分激励对象已获授但尚未解除限售的限制性股票及调整回购价格的公告,ok
cninfo_disclosure,http://www.cninfo.com.cn/new/disclosure/detail?stockCode=601600&announcementId=1225346924&orgId=9900002901&announcementTime=2026-06-03 00:00:00,2026-06-03 00:00:00,601600,601600,中国铝业第九届董事会第十四次会议决议公告,中国铝业第九届董事会第十四次会议决议公告,ok
cninfo_disclosure,http://www.cninfo.com.cn/new/disclosure/detail?stockCode=601600&announcementId=1225346922&orgId=9900002901&announcementTime=2026-06-03 00:00:00,2026-06-03 00:00:00,601600,601600,中国铝业关于回购注销部分限制性股票减少注册资本暨通知债权人的公告,中国铝业关于回购注销部分限制性股票减少注册资本暨通知债权人的公告,ok
cninfo_disclosure,http://www.cninfo.com.cn/new/disclosure/detail?stockCode=601600&announcementId=1225346921&orgId=9900002901&announcementTime=2026-06-03 00:00:00,2026-06-03 00:00:00,601600,601600,中国铝业关于2021年限制性股票激励计划首次授予部分第三个解除限售期解除限售条件成就的公告,中国铝业关于2021年限制性股票激励计划首次授予部分第三个解除限售期解除限售条件成就的公告,ok
cninfo_disclosure,http://www.cninfo.com.cn/new/disclosure/detail?stockCode=601600&announcementId=1225346676&orgId=9900002901&announcementTime=2026-06-03 00:00:00,2026-06-03 00:00:00,601600,601600,中国铝业截至二零二六年五月三十一日止股份发行人的证券变动月报表,中国铝业截至二零二六年五月三十一日止股份发行人的证券变动月报表,ok
cninfo_disclosure,http://www.cninfo.com.cn/new/disclosure/detail?stockCode=601600&announcementId=1225324622&orgId=9900002901&announcementTime=2026-05-22 00:00:00,2026-05-22 00:00:00,601600,601600,中国铝业第九届董事会第十三次会议决议公告,中国铝业第九届董事会第十三次会议决议公告,ok
cninfo_disclosure,http://www.cninfo.com.cn/new/disclosure/detail?stockCode=601600&announcementId=1225324621&orgId=9900002901&announcementTime=2026-05-22 00:00:00,2026-05-22 00:00:00,601600,601600,中国铝业关于拟投资建设几内亚氧化铝项目暨签署《矿业协议修订与重述版》的公告,中国铝业关于拟投资建设几内亚氧化铝项目暨签署《矿业协议修订与重述版》的公告,ok
cninfo_disclosure,http://www.cninfo.com.cn/new/disclosure/detail?stockCode=601600&announcementId=1225285380&orgId=9900002901&announcementTime=2026-05-09 00:00:00,2026-05-09 00:00:00,601600,601600,中国铝业H股公告,中国铝业H股公告,ok
cninfo_disclosure,http://www.cninfo.com.cn/new/disclosure/detail?stockCode=601600&announcementId=1225284386&orgId=9900002901&announcementTime=2026-05-09 00:00:00,2026-05-09 00:00:00,601600,601600,中国铝业关于召开2025年年度股东会、2026年第一次A股类别股东会及2026年第一次H股类别股东会的公告,中国铝业关于召开2025年年度股东会、2026年第一次A股类别股东会及2026年第一次H股类别股东会的公告,ok
cninfo_disclosure,http://www.cninfo.com.cn/new/disclosure/detail?stockCode=601600&announcementId=1225162756&orgId=9900002901&announcementTime=2026-04-24 00:00:00,2026-04-24 00:00:00,601600,601600,中国铝业2026年第一季度报告,中国铝业2026年第一季度报告,ok
cninfo_disclosure,http://www.cninfo.com.cn/new/disclosure/detail?stockCode=601600&announcementId=1225162489&orgId=9900002901&announcementTime=2026-04-24 00:00:00,2026-04-24 00:00:00,601600,601600,中国铝业第九届董事会第十二次会议决议公告,中国铝业第九届董事会第十二次会议决议公告,ok
cninfo_disclosure,http://www.cninfo.com.cn/new/disclosure/detail?stockCode=601600&announcementId=1225162480&orgId=9900002901&announcementTime=2026-04-24 00:00:00,2026-04-24 00:00:00,601600,601600,中国铝业股份有限公司董事及高级管理人员薪酬管理办法,中国铝业股份有限公司董事及高级管理人员薪酬管理办法,ok
cninfo_disclosure,http://www.cninfo.com.cn/new/disclosure/detail?stockCode=601600&announcementId=1225097859&orgId=9900002901&announcementTime=2026-04-14 00:00:00,2026-04-14 00:00:00,601600,601600,中国铝业H股公告,中国铝业H股公告,ok
cninfo_disclosure,http://www.cninfo.com.cn/new/disclosure/detail?stockCode=601600&announcementId=1225097335&orgId=9900002901&announcementTime=2026-04-14 00:00:00,2026-04-14 00:00:00,601600,601600,中国铝业关于召开2025年度业绩说明会的公告,中国铝业关于召开2025年度业绩说明会的公告,ok
cninfo_disclosure,http://www.cninfo.com.cn/new/disclosure/detail?stockCode=601600&announcementId=1225084950&orgId=9900002901&announcementTime=2026-04-09 00:00:00,2026-04-09 00:00:00,601600,601600,中国铝业2026年第一季度业绩预增公告,中国铝业2026年第一季度业绩预增公告,ok
cninfo_disclosure,http://www.cninfo.com.cn/new/disclosure/detail?stockCode=601600&announcementId=1225084944&orgId=9900002901&announcementTime=2026-04-09 00:00:00,2026-04-09 00:00:00,601600,601600,北京金诚同达律师事务所关于中国铝业控股股东增持公司股份的专项核查意见,北京金诚同达律师事务所关于中国铝业控股股东增持公司股份的专项核查意见,ok
cninfo_disclosure,http://www.cninfo.com.cn/new/disclosure/detail?stockCode=601600&announcementId=1225084943&orgId=9900002901&announcementTime=2026-04-09 00:00:00,2026-04-09 00:00:00,601600,601600,中国铝业关于控股股东及其一致行动人增持公司股份结果的公告,中国铝业关于控股股东及其一致行动人增持公司股份结果的公告,ok
cninfo_disclosure,http://www.cninfo.com.cn/new/disclosure/detail?stockCode=601600&announcementId=1225076327&orgId=9900002901&announcementTime=2026-04-03 00:00:00,2026-04-03 00:00:00,601600,601600,中国铝业H股公告,中国铝业H股公告,ok
cninfo_disclosure,http://www.cninfo.com.cn/new/disclosure/detail?stockCode=601600&announcementId=1225076326&orgId=9900002901&announcementTime=2026-04-03 00:00:00,2026-04-03 00:00:00,601600,601600,截至二零二六年三月三十一日止股份发行人的证券变动月报表,截至二零二六年三月三十一日止股份发行人的证券变动月报表,ok
cninfo_disclosure,http://www.cninfo.com.cn/new/disclosure/detail?stockCode=601600&announcementId=1225075475&orgId=9900002901&announcementTime=2026-04-03 00:00:00,2026-04-03 00:00:00,601600,601600,中国铝业高级管理人员减持股份计划的公告,中国铝业高级管理人员减持股份计划的公告,ok
cninfo_disclosure,http://www.cninfo.com.cn/new/disclosure/detail?stockCode=601600&announcementId=1225048419&orgId=9900002901&announcementTime=2026-03-28 00:00:00,2026-03-28 00:00:00,601600,601600,中国铝业董事会审核委员会2025年度工作报告,中国铝业董事会审核委员会2025年度工作报告,ok
cninfo_disclosure,http://www.cninfo.com.cn/new/disclosure/detail?stockCode=601600&announcementId=1225048409&orgId=9900002901&announcementTime=2026-03-28 00:00:00,2026-03-28 00:00:00,601600,601600,中国铝业关于2026年度货币类金融衍生品业务计划的公告,中国铝业关于2026年度货币类金融衍生品业务计划的公告,ok
cninfo_disclosure,http://www.cninfo.com.cn/new/disclosure/detail?stockCode=601600&announcementId=1225048354&orgId=9900002901&announcementTime=2026-03-28 00:00:00,2026-03-28 00:00:00,601600,601600,中国铝业股份有限公司2025年度内部控制评价报告,中国铝业股份有限公司2025年度内部控制评价报告,ok
cninfo_disclosure,http://www.cninfo.com.cn/new/disclosure/detail?stockCode=601600&announcementId=1225048278&orgId=9900002901&announcementTime=2026-03-28 00:00:00,2026-03-28 00:00:00,601600,601600,中国铝业第九届董事会第十一次会议决议公告,中国铝业第九届董事会第十一次会议决议公告,ok
cninfo_disclosure,http://www.cninfo.com.cn/new/disclosure/detail?stockCode=601600&announcementId=1225048205&orgId=9900002901&announcementTime=2026-03-28 00:00:00,2026-03-28 00:00:00,601600,601600,中国铝业独立董事2025年度述职报告（陈远秀女士）,中国铝业独立董事2025年度述职报告（陈远秀女士）,ok
cninfo_disclosure,http://www.cninfo.com.cn/new/disclosure/detail?stockCode=601600&announcementId=1225048106&orgId=9900002901&announcementTime=2026-03-28 00:00:00,2026-03-28 00:00:00,601600,601600,中国铝业2025年年度报告（全文）,中国铝业2025年年度报告（全文）,ok
cninfo_disclosure,http://www.cninfo.com.cn/new/disclosure/detail?stockCode=601600&announcementId=1225047710&orgId=9900002901&announcementTime=2026-03-28 00:00:00,2026-03-28 00:00:00,601600,601600,中国铝业2025年年度报告摘要,中国铝业2025年年度报告摘要,ok
cninfo_disclosure,http://www.cninfo.com.cn/new/disclosure/detail?stockCode=601600&announcementId=1225047683&orgId=9900002901&announcementTime=2026-03-28 00:00:00,2026-03-28 00:00:00,601600,601600,中国铝业独立董事2025年度述职报告（余劲松先生）,中国铝业独立董事2025年度述职报告（余劲松先生）,ok
cninfo_disclosure,http://www.cninfo.com.cn/new/disclosure/detail?stockCode=601600&announcementId=1225047601&orgId=9900002901&announcementTime=2026-03-28 00:00:00,2026-03-28 00:00:00,601600,601600,中国铝业独立董事2025年度述职报告（李小斌先生）,中国铝业独立董事2025年度述职报告（李小斌先生）,ok
cninfo_disclosure,http://www.cninfo.com.cn/new/disclosure/detail?stockCode=601600&announcementId=1225047586&orgId=9900002901&announcementTime=2026-03-28 00:00:00,2026-03-28 00:00:00,601600,601600,中国铝业2026年第一次临时股东会决议公告,中国铝业2026年第一次临时股东会决议公告,ok
cninfo_disclosure,http://www.cninfo.com.cn/new/disclosure/detail?stockCode=601600&announcementId=1225047451&orgId=9900002901&announcementTime=2026-03-28 00:00:00,2026-03-28 00:00:00,601600,601600,会计师事务所关于会计估计变更的专项意见,会计师事务所关于会计估计变更的专项意见,ok
cninfo_disclosure,http://www.cninfo.com.cn/new/disclosure/detail?stockCode=601600&announcementId=1225047406&orgId=9900002901&announcementTime=2026-03-28 00:00:00,2026-03-28 00:00:00,601600,601600,中国铝业2025年度非经营性资金占用及其他关联资金往来情况专项审计报告,中国铝业2025年度非经营性资金占用及其他关联资金往来情况专项审计报告,ok
cninfo_disclosure,http://www.cninfo.com.cn/new/disclosure/detail?stockCode=601600&announcementId=1225047292&orgId=9900002901&announcementTime=2026-03-28 00:00:00,2026-03-28 00:00:00,601600,601600,中国铝业2025年度内部控制审计报告,中国铝业2025年度内部控制审计报告,ok
cninfo_disclosure,http://www.cninfo.com.cn/new/disclosure/detail?stockCode=601600&announcementId=1225047017&orgId=9900002901&announcementTime=2026-03-28 00:00:00,2026-03-28 00:00:00,601600,601600,中国铝业关于会计估计变更的公告,中国铝业关于会计估计变更的公告,ok
cninfo_disclosure,http://www.cninfo.com.cn/new/disclosure/detail?stockCode=601600&announcementId=1225046816&orgId=9900002901&announcementTime=2026-03-28 00:00:00,2026-03-28 00:00:00,601600,601600,中国铝业关于拟为附属企业续签氧化铝期货厂库提供担保的公告,中国铝业关于拟为附属企业续签氧化铝期货厂库提供担保的公告,ok
cninfo_disclosure,http://www.cninfo.com.cn/new/disclosure/detail?stockCode=601600&announcementId=1225046743&orgId=9900002901&announcementTime=2026-03-28 00:00:00,2026-03-28 00:00:00,601600,601600,中国铝业关于2026年度为附属企业提供融资担保计划的公告,中国铝业关于2026年度为附属企业提供融资担保计划的公告,ok
cninfo_disclosure,http://www.cninfo.com.cn/new/disclosure/detail?stockCode=601600&announcementId=1225046714&orgId=9900002901&announcementTime=2026-03-28 00:00:00,2026-03-28 00:00:00,601600,601600,中国铝业关于2025年度利润分配方案的公告,中国铝业关于2025年度利润分配方案的公告,ok
cninfo_disclosure,http://www.cninfo.com.cn/new/disclosure/detail?stockCode=601600&announcementId=1225046693&orgId=9900002901&announcementTime=2026-03-28 00:00:00,2026-03-28 00:00:00,601600,601600,会计师事务所出具的审计报告,会计师事务所出具的审计报告,ok
cninfo_disclosure,http://www.cninfo.com.cn/new/disclosure/detail?stockCode=601600&announcementId=1225046410&orgId=9900002901&announcementTime=2026-03-28 00:00:00,2026-03-28 00:00:00,601600,601600,中国铝业独立董事2025年度述职报告（邱冠周先生，已离任）,中国铝业独立董事2025年度述职报告（邱冠周先生，已离任）,ok
cninfo_disclosure,http://www.cninfo.com.cn/new/disclosure/detail?stockCode=601600&announcementId=1225046231&orgId=9900002901&announcementTime=2026-03-28 00:00:00,2026-03-28 00:00:00,601600,601600,中国铝业关于2025年度计提资产减值准备的公告,中国铝业关于2025年度计提资产减值准备的公告,ok
cninfo_disclosure,http://www.cninfo.com.cn/new/disclosure/detail?stockCode=601600&announcementId=1225043851&orgId=9900002901&announcementTime=2026-03-28 00:00:00,2026-03-28 00:00:00,601600,601600,中国铝业董事会审核委员会对会计师事务所2025年度审计服务监督情况的报告,中国铝业董事会审核委员会对会计师事务所2025年度审计服务监督情况的报告,ok
cninfo_disclosure,http://www.cninfo.com.cn/new/disclosure/detail?stockCode=601600&announcementId=1225043850&orgId=9900002901&announcementTime=2026-03-28 00:00:00,2026-03-28 00:00:00,601600,601600,中国铝业董事会关于独立非执行董事独立性情况的专项意见,中国铝业董事会关于独立非执行董事独立性情况的专项意见,ok
cninfo_disclosure,http://www.cninfo.com.cn/new/disclosure/detail?stockCode=601600&announcementId=1225043848&orgId=9900002901&announcementTime=2026-03-28 00:00:00,2026-03-28 00:00:00,601600,601600,会计师事务所关于中国铝业涉及财务公司关联交易的专项说明,会计师事务所关于中国铝业涉及财务公司关联交易的专项说明,ok
cninfo_disclosure,http://www.cninfo.com.cn/new/disclosure/detail?stockCode=601600&announcementId=1225043838&orgId=9900002901&announcementTime=2026-03-28 00:00:00,2026-03-28 00:00:00,601600,601600,中国铝业关于会计师事务所履职情况的评估报告（2025年度）,中国铝业关于会计师事务所履职情况的评估报告（2025年度）,ok
cninfo_disclosure,http://www.cninfo.com.cn/new/disclosure/detail?stockCode=601600&announcementId=1225043826&orgId=9900002901&announcementTime=2026-03-28 00:00:00,2026-03-28 00:00:00,601600,601600,中国铝业2025年度社会责任暨环境、社会与管治报告,中国铝业2025年度社会责任暨环境、社会与管治报告,ok
cninfo_disclosure,http://www.cninfo.com.cn/new/disclosure/detail?stockCode=601600&announcementId=1225043825&orgId=9900002901&announcementTime=2026-03-28 00:00:00,2026-03-28 00:00:00,601600,601600,中国铝业关于中铝财务有限责任公司风险持续评估报告（2025年度）,中国铝业关于中铝财务有限责任公司风险持续评估报告（2025年度）,ok
cninfo_disclosure,http://www.cninfo.com.cn/new/disclosure/detail?stockCode=601600&announcementId=1225043814&orgId=9900002901&announcementTime=2026-03-28 00:00:00,2026-03-28 00:00:00,601600,601600,金诚同达关于中国铝业2026年第一次临时股东会的法律意见书,金诚同达关于中国铝业2026年第一次临时股东会的法律意见书,ok
cninfo_disclosure,http://www.cninfo.com.cn/new/disclosure/detail?stockCode=601600&announcementId=1225014138&orgId=9900002901&announcementTime=2026-03-18 00:00:00,2026-03-18 00:00:00,601600,601600,中国铝业2026年第一次临时股东会资料,中国铝业2026年第一次临时股东会资料,ok
cninfo_disclosure,http://www.cninfo.com.cn/new/disclosure/detail?stockCode=601600&announcementId=1225014131&orgId=9900002901&announcementTime=2026-03-18 00:00:00,2026-03-18 00:00:00,601600,601600,董事会召开日期公告,董事会召开日期公告,ok
cninfo_disclosure,http://www.cninfo.com.cn/new/disclosure/detail?stockCode=601600&announcementId=1225000044&orgId=9900002901&announcementTime=2026-03-07 00:00:00,2026-03-07 00:00:00,601600,601600,中国铝业关于董事减持股份结果公告,中国铝业关于董事减持股份结果公告,ok
cninfo_disclosure,http://www.cninfo.com.cn/new/disclosure/detail?stockCode=601600&announcementId=1224995905&orgId=9900002901&announcementTime=2026-03-05 00:00:00,2026-03-05 00:00:00,601600,601600,截至二零二六年二月二十八日止股份发行人的证券变动月报表,截至二零二六年二月二十八日止股份发行人的证券变动月报表,ok
cninfo_disclosure,http://www.cninfo.com.cn/new/disclosure/detail?stockCode=601600&announcementId=1224970170&orgId=9900002901&announcementTime=2026-02-07 00:00:00,2026-02-07 00:00:00,601600,601600,中国铝业关于召开2026年第一次临时股东会的通知,中国铝业关于召开2026年第一次临时股东会的通知,ok
cninfo_disclosure,http://www.cninfo.com.cn/new/disclosure/detail?stockCode=601600&announcementId=1224966719&orgId=9900002901&announcementTime=2026-02-05 00:00:00,2026-02-05 00:00:00,601600,601600,截至二零二六年一月三十一日止股份发行人的证券变动月报表,截至二零二六年一月三十一日止股份发行人的证券变动月报表,ok
cninfo_disclosure,http://www.cninfo.com.cn/new/disclosure/detail?stockCode=601600&announcementId=1224966682&orgId=9900002901&announcementTime=2026-02-05 00:00:00,2026-02-05 00:00:00,601600,601600,H股公告-翌日披露报表,H股公告-翌日披露报表,ok
cninfo_disclosure,http://www.cninfo.com.cn/new/disclosure/detail?stockCode=601600&announcementId=1224957519&orgId=9900002901&announcementTime=2026-01-30 00:00:00,2026-01-30 00:00:00,601600,601600,中国铝业关于拟收购巴西铝业公司股权的公告,中国铝业关于拟收购巴西铝业公司股权的公告,ok
cninfo_disclosure,http://www.cninfo.com.cn/new/disclosure/detail?stockCode=601600&announcementId=1224957518&orgId=9900002901&announcementTime=2026-01-30 00:00:00,2026-01-30 00:00:00,601600,601600,中国铝业第九届董事会第十次会议决议公告,中国铝业第九届董事会第十次会议决议公告,ok
cninfo_disclosure,http://www.cninfo.com.cn/new/disclosure/detail?stockCode=601600&announcementId=1224955721&orgId=9900002901&announcementTime=2026-01-30 00:00:00,2026-01-30 00:00:00,601600,601600,中国铝业董事会薪酬委员会关于回购注销部分限制性股票、调整回购价格及预留授予部分第二个解除限售期解除限售条件已成就的核查意见,中国铝业董事会薪酬委员会关于回购注销部分限制性股票、调整回购价格及预留授予部分第二个解除限售期解除限售条件已成就的核查意见,ok
cninfo_disclosure,http://www.cninfo.com.cn/new/disclosure/detail?stockCode=601600&announcementId=1224955718&orgId=9900002901&announcementTime=2026-01-30 00:00:00,2026-01-30 00:00:00,601600,601600,中国铝业关于股权激励部分限制性股票回购注销实施公告,中国铝业关于股权激励部分限制性股票回购注销实施公告,ok
cninfo_disclosure,http://www.cninfo.com.cn/new/disclosure/detail?stockCode=601600&announcementId=1224955717&orgId=9900002901&announcementTime=2026-01-30 00:00:00,2026-01-30 00:00:00,601600,601600,北京金诚同达律师事务所关于中国铝业2021年限制性股票激励计划预留授予部分第二个解除限售期解除限售条件成就、回购注销部分激励对象已获授但尚未解除限售的限制性股票及调整回购价格的法律意见书,北京金诚同达律师事务所关于中国铝业2021年限制性股票激励计划预留授予部分第二个解除限售期解除限售条件成就、回购注销部分激励对象已获授但尚未解除限售的限制性股票及调整回购价格的法律意见书,ok
cninfo_disclosure,http://www.cninfo.com.cn/new/disclosure/detail?stockCode=601600&announcementId=1224925186&orgId=9900002901&announcementTime=2026-01-09 00:00:00,2026-01-09 00:00:00,601600,601600,中国铝业关于董事、副总经理辞任及提名董事候选人的公告,中国铝业关于董事、副总经理辞任及提名董事候选人的公告,ok
cninfo_disclosure,http://www.cninfo.com.cn/new/disclosure/detail?stockCode=601600&announcementId=1224925177&orgId=9900002901&announcementTime=2026-01-09 00:00:00,2026-01-09 00:00:00,601600,601600,中国铝业第九届董事会第九次会议决议公告,中国铝业第九届董事会第九次会议决议公告,ok
cninfo_disclosure,http://www.cninfo.com.cn/new/disclosure/detail?stockCode=601600&announcementId=1224921539&orgId=9900002901&announcementTime=2026-01-07 00:00:00,2026-01-07 00:00:00,601600,601600,截至二零二五年十二月三十一日止股份发行人的证券变动月报表,截至二零二五年十二月三十一日止股份发行人的证券变动月报表,ok
cninfo_disclosure,http://www.cninfo.com.cn/new/disclosure/detail?stockCode=601600&announcementId=1224909855&orgId=9900002901&announcementTime=2025-12-31 00:00:00,2025-12-31 00:00:00,601600,601600,中国铝业关于参股设立合资公司暨关联交易的进展公告,中国铝业关于参股设立合资公司暨关联交易的进展公告,ok
cninfo_disclosure,http://www.cninfo.com.cn/new/disclosure/detail?stockCode=601600&announcementId=1224909844&orgId=9900002901&announcementTime=2025-12-31 00:00:00,2025-12-31 00:00:00,601600,601600,中国铝业关于增加指定信息披露媒体的公告,中国铝业关于增加指定信息披露媒体的公告,ok
cninfo_disclosure,http://www.cninfo.com.cn/new/disclosure/detail?stockCode=601600&announcementId=1224909819&orgId=9900002901&announcementTime=2025-12-31 00:00:00,2025-12-31 00:00:00,601600,601600,中国铝业第九届董事会第八次会议决议公告,中国铝业第九届董事会第八次会议决议公告,ok
cninfo_disclosure,http://www.cninfo.com.cn/new/disclosure/detail?stockCode=601600&announcementId=1224891424&orgId=9900002901&announcementTime=2025-12-23 00:00:00,2025-12-23 00:00:00,601600,601600,中国铝业H股公告,中国铝业H股公告,ok
cninfo_disclosure,http://www.cninfo.com.cn/new/disclosure/detail?stockCode=601600&announcementId=1224891311&orgId=9900002901&announcementTime=2025-12-23 00:00:00,2025-12-23 00:00:00,601600,601600,北京金诚同达律师事务所关于中国铝业2025年第三次临时股东会的法律意见书,北京金诚同达律师事务所关于中国铝业2025年第三次临时股东会的法律意见书,ok
cninfo_disclosure,http://www.cninfo.com.cn/new/disclosure/detail?stockCode=601600&announcementId=1224891305&orgId=9900002901&announcementTime=2025-12-23 00:00:00,2025-12-23 00:00:00,601600,601600,中国铝业2025年第三次临时股东会决议公告,中国铝业2025年第三次临时股东会决议公告,ok
cninfo_disclosure,http://www.cninfo.com.cn/new/disclosure/detail?stockCode=601600&announcementId=1224878183&orgId=9900002901&announcementTime=2025-12-16 00:00:00,2025-12-16 00:00:00,601600,601600,中国铝业H股公告,中国铝业H股公告,ok
cninfo_disclosure,http://www.cninfo.com.cn/new/disclosure/detail?stockCode=601600&announcementId=1224877732&orgId=9900002901&announcementTime=2025-12-16 00:00:00,2025-12-16 00:00:00,601600,601600,北京金诚同达律师事务所关于中国铝业2021年限制性股票激励计划预留授予部分第二个解除限售期解除限售条件成就、回购注销部分激励对象已获授但尚未解除限售的限制性股票及调整回购价格的法律意见书,北京金诚同达律师事务所关于中国铝业2021年限制性股票激励计划预留授予部分第二个解除限售期解除限售条件成就、回购注销部分激励对象已获授但尚未解除限售的限制性股票及调整回购价格的法律意见书,ok
cninfo_disclosure,http://www.cninfo.com.cn/new/disclosure/detail?stockCode=601600&announcementId=1224877729&orgId=9900002901&announcementTime=2025-12-16 00:00:00,2025-12-16 00:00:00,601600,601600,中国铝业关于2021年限制性股票激励计划预留授予部分第二个解除限售期解锁暨上市公告,中国铝业关于2021年限制性股票激励计划预留授予部分第二个解除限售期解锁暨上市公告,ok
cninfo_disclosure,http://www.cninfo.com.cn/new/disclosure/detail?stockCode=601600&announcementId=1224847826&orgId=9900002901&announcementTime=2025-12-04 00:00:00,2025-12-04 00:00:00,601600,601600,中国铝业2025年第三次临时股东会会议资料,中国铝业2025年第三次临时股东会会议资料,ok
cninfo_disclosure,http://www.cninfo.com.cn/new/disclosure/detail?stockCode=601600&announcementId=1224847803&orgId=9900002901&announcementTime=2025-12-04 00:00:00,2025-12-04 00:00:00,601600,601600,截至二零二五年十一月三十日止股份发行人的证券变动月报表,截至二零二五年十一月三十日止股份发行人的证券变动月报表,ok
cninfo_disclosure,http://www.cninfo.com.cn/new/disclosure/detail?stockCode=601600&announcementId=1224847800&orgId=9900002901&announcementTime=2025-12-04 00:00:00,2025-12-04 00:00:00,601600,601600,中国铝业H股公告,中国铝业H股公告,ok
cninfo_disclosure,http://www.cninfo.com.cn/new/disclosure/detail?stockCode=601600&announcementId=1224846799&orgId=9900002901&announcementTime=2025-12-04 00:00:00,2025-12-04 00:00:00,601600,601600,中国铝业关于2025年第三次临时股东会增加临时提案的公告,中国铝业关于2025年第三次临时股东会增加临时提案的公告,ok
cninfo_disclosure,http://www.cninfo.com.cn/new/disclosure/detail?stockCode=601600&announcementId=1224830254&orgId=9900002901&announcementTime=2025-11-28 00:00:00,2025-11-28 00:00:00,601600,601600,中国铝业关于召开2025年第三季度业绩说明会的公告,中国铝业关于召开2025年第三季度业绩说明会的公告,ok
eastmoney_stock_news,http://finance.eastmoney.com/a/202606013756109531.html,2026-06-01 17:22:00,000807,000807,云铝股份：目前电解铝生产线处于满负荷生产状态,云铝股份0008076月1日在互动平台回复称，目前公司电解铝生产线处于满负荷生产状态，生产经营正常。,ok
eastmoney_stock_news,http://finance.eastmoney.com/a/202606093764547459.html,2026-06-09 09:29:00,000807,000807,抢权行情能否上演？ 这些股即将实施分红,-6.86 688175 高凌信息 1.000 3.000 33.25 -6.86 301580 爱迪特 4.600 4.000 52.43 -6.87 301021 英诺激光 1.000 - 89.56 -7.00 603106 恒银科技 0.200 - 7.30 -7.01 000807,ok
eastmoney_stock_news,http://finance.eastmoney.com/a/202606053761323566.html,2026-06-05 09:36:00,000807,000807,杠杆资金大手笔加仓股名单,8.36 电力设备 688347 华虹公司 4.61 23686.74 323095.87 3.25 电子 300502 新易盛 -0.81 22630.37 2338375.87 3.36 通信 301308 江波龙 6.75 22225.65 717651.09 4.48 电子 000807,ok
eastmoney_stock_news,http://finance.eastmoney.com/a/202606043760474882.html,2026-06-04 16:54:00,000807,000807,有色金属行业6月4日资金流向日报,50658.81 002428 云南锗业 -0.43 10.52 -50429.61 000630 铜陵有色 -5.37 4.32 -47678.02 002460 赣锋锂业 -2.91 3.47 -43870.34 002466 天齐锂业 -2.49 2.92 -32344.91 000807,ok
eastmoney_stock_news,http://finance.eastmoney.com/a/202604243717272276.html,2026-04-24 09:07:06,000807,000807,云铝股份000807.SZ)：2026年一季报净利润为36.00亿元、同比较去年同期上涨269.45%,2026年4月24日，云铝股份000807.SZ)发布2026年一季报。 公司营业总收入为163.83亿元，较去年同报告期营业总收入增加19.72亿元，实现3年连续上涨，同比较去年同期上涨13.68%。,ok
eastmoney_stock_news,http://finance.eastmoney.com/a/202606023757594147.html,2026-06-02 16:53:00,000807,000807,82.33亿元主力资金今日抢筹有色金属板块,11.78 27851.50 605376 博迁新材 6.63 8.19 24699.96 300835 龙磁科技 14.70 10.56 23780.82 600489 中金黄金 2.75 1.47 21058.04 600301 华锡有色 10.00 9.51 18617.41 000807,ok
eastmoney_stock_news,http://finance.eastmoney.com/a/202605263749548768.html,2026-05-26 14:14:00,000807,000807,40只股中线走稳 站上半年线,5.94 18.18 18.33 0.83 300139 晓程科技 1.91 13.92 49.73 50.13 0.80 603657 春光科技 1.32 3.80 29.69 29.93 0.79 300115 长盈精密 1.70 7.36 37.45 37.73 0.74 000807,ok
eastmoney_stock_news,http://finance.eastmoney.com/a/202605283752241190.html,2026-05-28 09:33:00,000807,000807,60股获融资客逆市净买入超亿元,5.37 电子 688313 仕佳光子 -9.40 26898.65 287512.15 4.10 通信 600183 生益科技 2.80 26071.97 388254.30 1.23 电子 300327 中颖电子 5.49 24557.06 76827.69 7.66 电子 000807,ok
eastmoney_stock_news,http://finance.eastmoney.com/a/202605273751349242.html,2026-05-27 16:46:00,000807,000807,有色金属行业今日跌3.73%，主力资金净流出75.70亿元,3.90 16725.76 000969 安泰科技 3.92 8.58 15648.87 002192 融捷股份 -0.31 10.04 14931.84 000933 神火股份 -4.91 2.67 8766.08 600888 新疆众和 4.08 9.35 8620.54 000807,ok
eastmoney_stock_news,http://finance.eastmoney.com/a/202605263749737280.html,2026-05-26 16:55:00,000807,000807,有色金属行业5月26日资金流向日报,27.77 22665.17 000060 中金岭南 2.60 7.54 19992.70 600489 中金黄金 3.70 1.69 19103.68 000506 招金黄金 10.00 5.30 18199.45 600988 赤峰黄金 5.94 4.28 17367.08 000807,ok
cninfo_disclosure,http://www.cninfo.com.cn/new/disclosure/detail?stockCode=000807&announcementId=1225349789&orgId=gssz0000807&announcementTime=2026-06-04 00:00:00,2026-06-04 00:00:00,000807,000807,云南铝业股份有限公司2025年度利润分配实施公告,云南铝业股份有限公司2025年度利润分配实施公告,ok
cninfo_disclosure,http://www.cninfo.com.cn/new/disclosure/detail?stockCode=000807&announcementId=1225320216&orgId=gssz0000807&announcementTime=2026-05-21 00:00:00,2026-05-21 00:00:00,000807,000807,云南铝业股份有限公司关于公司副总经理离任的公告,云南铝业股份有限公司关于公司副总经理离任的公告,ok
cninfo_disclosure,http://www.cninfo.com.cn/new/disclosure/detail?stockCode=000807&announcementId=1225161367&orgId=gssz0000807&announcementTime=2026-04-24 00:00:00,2026-04-24 00:00:00,000807,000807,云南铝业股份有限公司第九届董事会第二十四次会议决议公告,云南铝业股份有限公司第九届董事会第二十四次会议决议公告,ok
cninfo_disclosure,http://www.cninfo.com.cn/new/disclosure/detail?stockCode=000807&announcementId=1225161365&orgId=gssz0000807&announcementTime=2026-04-24 00:00:00,2026-04-24 00:00:00,000807,000807,2026年一季度报告,2026年一季度报告,ok
cninfo_disclosure,http://www.cninfo.com.cn/new/disclosure/detail?stockCode=000807&announcementId=1225122884&orgId=gssz0000807&announcementTime=2026-04-18 00:00:00,2026-04-18 00:00:00,000807,000807,云南海合律师事务所关于云南铝业股份有限公司2025年年度股东会的见证意见书,云南海合律师事务所关于云南铝业股份有限公司2025年年度股东会的见证意见书,ok
cninfo_disclosure,http://www.cninfo.com.cn/new/disclosure/detail?stockCode=000807&announcementId=1225122883&orgId=gssz0000807&announcementTime=2026-04-18 00:00:00,2026-04-18 00:00:00,000807,000807,云南铝业股份有限公司2025年年度股东会决议公告,云南铝业股份有限公司2025年年度股东会决议公告,ok
cninfo_disclosure,http://www.cninfo.com.cn/new/disclosure/detail?stockCode=000807&announcementId=1225105926&orgId=gssz0000807&announcementTime=2026-04-16 00:00:00,2026-04-16 00:00:00,000807,000807,云南铝业股份有限公司关于召开2025年度暨2026年第一季度网上业绩说明会的公告,云南铝业股份有限公司关于召开2025年度暨2026年第一季度网上业绩说明会的公告,ok
cninfo_disclosure,http://www.cninfo.com.cn/new/disclosure/detail?stockCode=000807&announcementId=1225043172&orgId=gssz0000807&announcementTime=2026-03-28 00:00:00,2026-03-28 00:00:00,000807,000807,中信建投证券股份有限公司关于云南铝业股份有限公司2025年度募集资金存放、管理和使用情况的专项核查报告,中信建投证券股份有限公司关于云南铝业股份有限公司2025年度募集资金存放、管理和使用情况的专项核查报告,ok
cninfo_disclosure,http://www.cninfo.com.cn/new/disclosure/detail?stockCode=000807&announcementId=1225043171&orgId=gssz0000807&announcementTime=2026-03-28 00:00:00,2026-03-28 00:00:00,000807,000807,云南铝业股份有限公司2025年度独立董事述职报告,云南铝业股份有限公司2025年度独立董事述职报告,ok
cninfo_disclosure,http://www.cninfo.com.cn/new/disclosure/detail?stockCode=000807&announcementId=1225043170&orgId=gssz0000807&announcementTime=2026-03-28 00:00:00,2026-03-28 00:00:00,000807,000807,云南铝业股份有限公司2025年度环境、社会及管治（ESG）报告,云南铝业股份有限公司2025年度环境、社会及管治（ESG）报告,ok
cninfo_disclosure,http://www.cninfo.com.cn/new/disclosure/detail?stockCode=000807&announcementId=1225043169&orgId=gssz0000807&announcementTime=2026-03-28 00:00:00,2026-03-28 00:00:00,000807,000807,云南铝业股份有限公司2025年度内部控制审计报告（安永华明(2026)专字第80006958_A01号）,云南铝业股份有限公司2025年度内部控制审计报告（安永华明(2026)专字第80006958_A01号）,ok
cninfo_disclosure,http://www.cninfo.com.cn/new/disclosure/detail?stockCode=000807&announcementId=1225043168&orgId=gssz0000807&announcementTime=2026-03-28 00:00:00,2026-03-28 00:00:00,000807,000807,云南铝业股份有限公司2025年度内部控制自我评价报告,云南铝业股份有限公司2025年度内部控制自我评价报告,ok
cninfo_disclosure,http://www.cninfo.com.cn/new/disclosure/detail?stockCode=000807&announcementId=1225043167&orgId=gssz0000807&announcementTime=2026-03-28 00:00:00,2026-03-28 00:00:00,000807,000807,关于“质量回报双提升”行动方案的进展公告,关于“质量回报双提升”行动方案的进展公告,ok
cninfo_disclosure,http://www.cninfo.com.cn/new/disclosure/detail?stockCode=000807&announcementId=1225043166&orgId=gssz0000807&announcementTime=2026-03-28 00:00:00,2026-03-28 00:00:00,000807,000807,云南铝业股份有限公司关于会计估计变更的公告,云南铝业股份有限公司关于会计估计变更的公告,ok
cninfo_disclosure,http://www.cninfo.com.cn/new/disclosure/detail?stockCode=000807&announcementId=1225043165&orgId=gssz0000807&announcementTime=2026-03-28 00:00:00,2026-03-28 00:00:00,000807,000807,云南铝业股份有限公司关于2025年度计提资产减值准备的公告,云南铝业股份有限公司关于2025年度计提资产减值准备的公告,ok
cninfo_disclosure,http://www.cninfo.com.cn/new/disclosure/detail?stockCode=000807&announcementId=1225043164&orgId=gssz0000807&announcementTime=2026-03-28 00:00:00,2026-03-28 00:00:00,000807,000807,云南铝业股份有限公司关于部分募集资金专项账户销户的公告,云南铝业股份有限公司关于部分募集资金专项账户销户的公告,ok
cninfo_disclosure,http://www.cninfo.com.cn/new/disclosure/detail?stockCode=000807&announcementId=1225043163&orgId=gssz0000807&announcementTime=2026-03-28 00:00:00,2026-03-28 00:00:00,000807,000807,云南铝业股份有限公司关于公司与中铝商业保理有限公司续签保理合作框架协议暨关联交易的公告,云南铝业股份有限公司关于公司与中铝商业保理有限公司续签保理合作框架协议暨关联交易的公告,ok
cninfo_disclosure,http://www.cninfo.com.cn/new/disclosure/detail?stockCode=000807&announcementId=1225043162&orgId=gssz0000807&announcementTime=2026-03-28 00:00:00,2026-03-28 00:00:00,000807,000807,云南铝业股份有限公司关于公司与中铝融资租赁有限公司续签融资租赁合作框架协议暨关联交易的公告,云南铝业股份有限公司关于公司与中铝融资租赁有限公司续签融资租赁合作框架协议暨关联交易的公告,ok
cninfo_disclosure,http://www.cninfo.com.cn/new/disclosure/detail?stockCode=000807&announcementId=1225043161&orgId=gssz0000807&announcementTime=2026-03-28 00:00:00,2026-03-28 00:00:00,000807,000807,云南铝业股份有限公司关于中铝财务有限责任公司2025年年度风险持续评估的报告,云南铝业股份有限公司关于中铝财务有限责任公司2025年年度风险持续评估的报告,ok
cninfo_disclosure,http://www.cninfo.com.cn/new/disclosure/detail?stockCode=000807&announcementId=1225043160&orgId=gssz0000807&announcementTime=2026-03-28 00:00:00,2026-03-28 00:00:00,000807,000807,云南铝业股份有限公司关于与中铝财务有限责任公司续签金融服务协议暨关联交易的公告,云南铝业股份有限公司关于与中铝财务有限责任公司续签金融服务协议暨关联交易的公告,ok
cninfo_disclosure,http://www.cninfo.com.cn/new/disclosure/detail?stockCode=000807&announcementId=1225043159&orgId=gssz0000807&announcementTime=2026-03-28 00:00:00,2026-03-28 00:00:00,000807,000807,云南铝业股份有限公司关于确认公司2025年度日常关联交易执行情况及预计2026年日常关联交易的公告,云南铝业股份有限公司关于确认公司2025年度日常关联交易执行情况及预计2026年日常关联交易的公告,ok
cninfo_disclosure,http://www.cninfo.com.cn/new/disclosure/detail?stockCode=000807&announcementId=1225043158&orgId=gssz0000807&announcementTime=2026-03-28 00:00:00,2026-03-28 00:00:00,000807,000807,云南铝业股份有限公司开展商品类套期保值业务的可行性分析报告,云南铝业股份有限公司开展商品类套期保值业务的可行性分析报告,ok
cninfo_disclosure,http://www.cninfo.com.cn/new/disclosure/detail?stockCode=000807&announcementId=1225043157&orgId=gssz0000807&announcementTime=2026-03-28 00:00:00,2026-03-28 00:00:00,000807,000807,云南铝业股份有限公司关于开展商品类期货套期保值业务的公告,云南铝业股份有限公司关于开展商品类期货套期保值业务的公告,ok
cninfo_disclosure,http://www.cninfo.com.cn/new/disclosure/detail?stockCode=000807&announcementId=1225043156&orgId=gssz0000807&announcementTime=2026-03-28 00:00:00,2026-03-28 00:00:00,000807,000807,云南铝业股份有限公司关于召开2025年年度股东会的通知,云南铝业股份有限公司关于召开2025年年度股东会的通知,ok
cninfo_disclosure,http://www.cninfo.com.cn/new/disclosure/detail?stockCode=000807&announcementId=1225043155&orgId=gssz0000807&announcementTime=2026-03-28 00:00:00,2026-03-28 00:00:00,000807,000807,云南铝业股份有限公司关于接续购买董事、高级管理人员责任险的公告,云南铝业股份有限公司关于接续购买董事、高级管理人员责任险的公告,ok
cninfo_disclosure,http://www.cninfo.com.cn/new/disclosure/detail?stockCode=000807&announcementId=1225043154&orgId=gssz0000807&announcementTime=2026-03-28 00:00:00,2026-03-28 00:00:00,000807,000807,云南铝业股份有限公司第九届董事会第二十三次会议决议公告,云南铝业股份有限公司第九届董事会第二十三次会议决议公告,ok
cninfo_disclosure,http://www.cninfo.com.cn/new/disclosure/detail?stockCode=000807&announcementId=1225043153&orgId=gssz0000807&announcementTime=2026-03-28 00:00:00,2026-03-28 00:00:00,000807,000807,云南铝业股份有限公司关于2025年度利润分配预案的公告,云南铝业股份有限公司关于2025年度利润分配预案的公告,ok
cninfo_disclosure,http://www.cninfo.com.cn/new/disclosure/detail?stockCode=000807&announcementId=1225043152&orgId=gssz0000807&announcementTime=2026-03-28 00:00:00,2026-03-28 00:00:00,000807,000807,云南铝业股份有限公司董事会关于2025年度募集资金存放与使用情况的专项报告,云南铝业股份有限公司董事会关于2025年度募集资金存放与使用情况的专项报告,ok
cninfo_disclosure,http://www.cninfo.com.cn/new/disclosure/detail?stockCode=000807&announcementId=1225043151&orgId=gssz0000807&announcementTime=2026-03-28 00:00:00,2026-03-28 00:00:00,000807,000807,云南铝业股份有限公司2025年度涉及财务公司关联交易的存款、贷款等金融业务的专项说明（安永华明(2026)专字第80006958_A04号）,云南铝业股份有限公司2025年度涉及财务公司关联交易的存款、贷款等金融业务的专项说明（安永华明(2026)专字第80006958_A04号）,ok
cninfo_disclosure,http://www.cninfo.com.cn/new/disclosure/detail?stockCode=000807&announcementId=1225043150&orgId=gssz0000807&announcementTime=2026-03-28 00:00:00,2026-03-28 00:00:00,000807,000807,云南铝业股份有限公司董事会关于证券投资情况的专项说明,云南铝业股份有限公司董事会关于证券投资情况的专项说明,ok
cninfo_disclosure,http://www.cninfo.com.cn/new/disclosure/detail?stockCode=000807&announcementId=1225043149&orgId=gssz0000807&announcementTime=2026-03-28 00:00:00,2026-03-28 00:00:00,000807,000807,云南铝业股份有限公司募集资金存放与实际使用情况鉴证报告（安永华明(2026)专字第80006958_A03号）,云南铝业股份有限公司募集资金存放与实际使用情况鉴证报告（安永华明(2026)专字第80006958_A03号）,ok
cninfo_disclosure,http://www.cninfo.com.cn/new/disclosure/detail?stockCode=000807&announcementId=1225043148&orgId=gssz0000807&announcementTime=2026-03-28 00:00:00,2026-03-28 00:00:00,000807,000807,云南铝业股份有限公司关于会计师事务所履职情况的评估报告,云南铝业股份有限公司关于会计师事务所履职情况的评估报告,ok
cninfo_disclosure,http://www.cninfo.com.cn/new/disclosure/detail?stockCode=000807&announcementId=1225043147&orgId=gssz0000807&announcementTime=2026-03-28 00:00:00,2026-03-28 00:00:00,000807,000807,云南铝业股份有限公司董事会审计委员关于会对会计师事务所履行监督职责情况的报告,云南铝业股份有限公司董事会审计委员关于会对会计师事务所履行监督职责情况的报告,ok
cninfo_disclosure,http://www.cninfo.com.cn/new/disclosure/detail?stockCode=000807&announcementId=1225043146&orgId=gssz0000807&announcementTime=2026-03-28 00:00:00,2026-03-28 00:00:00,000807,000807,云南铝业股份有限公司非经营性资金占用及其他关联资金往来情况的专项说明（安永华明(2026)专字第80006958_A02号）,云南铝业股份有限公司非经营性资金占用及其他关联资金往来情况的专项说明（安永华明(2026)专字第80006958_A02号）,ok
cninfo_disclosure,http://www.cninfo.com.cn/new/disclosure/detail?stockCode=000807&announcementId=1225043145&orgId=gssz0000807&announcementTime=2026-03-28 00:00:00,2026-03-28 00:00:00,000807,000807,云南铝业股份有限公司2025年年度非经营性资金占用及其他关联资金往来情况汇总表,云南铝业股份有限公司2025年年度非经营性资金占用及其他关联资金往来情况汇总表,ok
cninfo_disclosure,http://www.cninfo.com.cn/new/disclosure/detail?stockCode=000807&announcementId=1225043144&orgId=gssz0000807&announcementTime=2026-03-28 00:00:00,2026-03-28 00:00:00,000807,000807,云南铝业股份有限公司董事会关于独立董事独立性情况的专项意见,云南铝业股份有限公司董事会关于独立董事独立性情况的专项意见,ok
cninfo_disclosure,http://www.cninfo.com.cn/new/disclosure/detail?stockCode=000807&announcementId=1225043143&orgId=gssz0000807&announcementTime=2026-03-28 00:00:00,2026-03-28 00:00:00,000807,000807,2025年年度审计报告,2025年年度审计报告,ok
cninfo_disclosure,http://www.cninfo.com.cn/new/disclosure/detail?stockCode=000807&announcementId=1225043142&orgId=gssz0000807&announcementTime=2026-03-28 00:00:00,2026-03-28 00:00:00,000807,000807,2025年年度报告,2025年年度报告,ok
cninfo_disclosure,http://www.cninfo.com.cn/new/disclosure/detail?stockCode=000807&announcementId=1225043141&orgId=gssz0000807&announcementTime=2026-03-28 00:00:00,2026-03-28 00:00:00,000807,000807,2025年年度报告摘要,2025年年度报告摘要,ok
cninfo_disclosure,http://www.cninfo.com.cn/new/disclosure/detail?stockCode=000807&announcementId=1224987267&orgId=gssz0000807&announcementTime=2026-02-28 00:00:00,2026-02-28 00:00:00,000807,000807,云南铝业股份有限公司关于公司副总经理离任的公告,云南铝业股份有限公司关于公司副总经理离任的公告,ok
cninfo_disclosure,http://www.cninfo.com.cn/new/disclosure/detail?stockCode=000807&announcementId=1224910404&orgId=gssz0000807&announcementTime=2025-12-31 00:00:00,2025-12-31 00:00:00,000807,000807,云南铝业股份有限公司拟转让云南云铝物流投资有限公司51%股权所涉及的云南云铝物流投资有限公司股东全部权益价值评估项目资产评估报告（中威正信评报字（2025）第2041号）,云南铝业股份有限公司拟转让云南云铝物流投资有限公司51%股权所涉及的云南云铝物流投资有限公司股东全部权益价值评估项目资产评估报告（中威正信评报字（2025）第2041号）,ok
cninfo_disclosure,http://www.cninfo.com.cn/new/disclosure/detail?stockCode=000807&announcementId=1224910403&orgId=gssz0000807&announcementTime=2025-12-31 00:00:00,2025-12-31 00:00:00,000807,000807,云南云铝物流投资有限公司2024年度、2025年1月至7月审计报告（XYZH2025KMAA3B0465）,云南云铝物流投资有限公司2024年度、2025年1月至7月审计报告（XYZH2025KMAA3B0465）,ok
cninfo_disclosure,http://www.cninfo.com.cn/new/disclosure/detail?stockCode=000807&announcementId=1224910402&orgId=gssz0000807&announcementTime=2025-12-31 00:00:00,2025-12-31 00:00:00,000807,000807,云南铝业股份有限公司关于向中铝物流转让云铝物流51%股权暨关联交易的公告,云南铝业股份有限公司关于向中铝物流转让云铝物流51%股权暨关联交易的公告,ok
cninfo_disclosure,http://www.cninfo.com.cn/new/disclosure/detail?stockCode=000807&announcementId=1224891497&orgId=gssz0000807&announcementTime=2025-12-23 00:00:00,2025-12-23 00:00:00,000807,000807,云南海合律师事务所关于云南铝业股份有限公司2025年第四次临时股东会的见证意见书,云南海合律师事务所关于云南铝业股份有限公司2025年第四次临时股东会的见证意见书,ok
cninfo_disclosure,http://www.cninfo.com.cn/new/disclosure/detail?stockCode=000807&announcementId=1224891496&orgId=gssz0000807&announcementTime=2025-12-23 00:00:00,2025-12-23 00:00:00,000807,000807,云南铝业股份有限公司2025年第四次临时股东会决议公告,云南铝业股份有限公司2025年第四次临时股东会决议公告,ok
cninfo_disclosure,http://www.cninfo.com.cn/new/disclosure/detail?stockCode=000807&announcementId=1224891495&orgId=gssz0000807&announcementTime=2025-12-23 00:00:00,2025-12-23 00:00:00,000807,000807,云南铝业股份有限公司第九届董事会第二十一次会议决议公告,云南铝业股份有限公司第九届董事会第二十一次会议决议公告,ok
cninfo_disclosure,http://www.cninfo.com.cn/new/disclosure/detail?stockCode=000807&announcementId=1224861883&orgId=gssz0000807&announcementTime=2025-12-10 00:00:00,2025-12-10 00:00:00,000807,000807,云南海合律师事务所关于云南铝业股份有限公司2025年第三次临时股东会的见证意见书,云南海合律师事务所关于云南铝业股份有限公司2025年第三次临时股东会的见证意见书,ok
cninfo_disclosure,http://www.cninfo.com.cn/new/disclosure/detail?stockCode=000807&announcementId=1224861882&orgId=gssz0000807&announcementTime=2025-12-10 00:00:00,2025-12-10 00:00:00,000807,000807,云南铝业股份有限公司2025年第三次临时股东会决议公告,云南铝业股份有限公司2025年第三次临时股东会决议公告,ok
cninfo_disclosure,http://www.cninfo.com.cn/new/disclosure/detail?stockCode=000807&announcementId=1224861881&orgId=gssz0000807&announcementTime=2025-12-10 00:00:00,2025-12-10 00:00:00,000807,000807,云南铝业股份有限公司第九届董事会第二十次会议决议公告,云南铝业股份有限公司第九届董事会第二十次会议决议公告,ok
cninfo_disclosure,http://www.cninfo.com.cn/new/disclosure/detail?stockCode=000807&announcementId=1224825230&orgId=gssz0000807&announcementTime=2025-11-26 00:00:00,2025-11-26 00:00:00,000807,000807,云南铝业股份有限公司关于聘任董事会秘书的公告,云南铝业股份有限公司关于聘任董事会秘书的公告,ok
cninfo_disclosure,http://www.cninfo.com.cn/new/disclosure/detail?stockCode=000807&announcementId=1224825229&orgId=gssz0000807&announcementTime=2025-11-26 00:00:00,2025-11-26 00:00:00,000807,000807,中信建投证券股份有限公司关于云南铝业股份有限公司部分募投项目变更、结项并将募集资金投入新项目的核查意见,中信建投证券股份有限公司关于云南铝业股份有限公司部分募投项目变更、结项并将募集资金投入新项目的核查意见,ok
cninfo_disclosure,http://www.cninfo.com.cn/new/disclosure/detail?stockCode=000807&announcementId=1224825228&orgId=gssz0000807&announcementTime=2025-11-26 00:00:00,2025-11-26 00:00:00,000807,000807,云南铝业股份有限公司关于部分募投项目变更、结项并将募集资金用于收购云南冶金持有云铝涌鑫28.7425%股权暨关联交易的公告,云南铝业股份有限公司关于部分募投项目变更、结项并将募集资金用于收购云南冶金持有云铝涌鑫28.7425%股权暨关联交易的公告,ok
cninfo_disclosure,http://www.cninfo.com.cn/new/disclosure/detail?stockCode=000807&announcementId=1224825227&orgId=gssz0000807&announcementTime=2025-11-26 00:00:00,2025-11-26 00:00:00,000807,000807,云南铝业股份有限公司关于召开2025年第四次临时股东会的通知,云南铝业股份有限公司关于召开2025年第四次临时股东会的通知,ok
cninfo_disclosure,http://www.cninfo.com.cn/new/disclosure/detail?stockCode=000807&announcementId=1224825226&orgId=gssz0000807&announcementTime=2025-11-26 00:00:00,2025-11-26 00:00:00,000807,000807,云南铝业股份有限公司第九届董事会第十九次会议决议公告,云南铝业股份有限公司第九届董事会第十九次会议决议公告,ok
cninfo_disclosure,http://www.cninfo.com.cn/new/disclosure/detail?stockCode=000807&announcementId=1224825225&orgId=gssz0000807&announcementTime=2025-11-26 00:00:00,2025-11-26 00:00:00,000807,000807,《云南冶金集团股份有限公司拟转让股权涉及的云南云铝泓鑫铝业有限公司股东全部权益价值评估项目资产评估报告》（中联评报字（2025）第1647号）,《云南冶金集团股份有限公司拟转让股权涉及的云南云铝泓鑫铝业有限公司股东全部权益价值评估项目资产评估报告》（中联评报字（2025）第1647号）,ok
cninfo_disclosure,http://www.cninfo.com.cn/new/disclosure/detail?stockCode=000807&announcementId=1224825224&orgId=gssz0000807&announcementTime=2025-11-26 00:00:00,2025-11-26 00:00:00,000807,000807,《云南冶金集团股份有限公司拟转让股权涉及的云南云铝涌鑫铝业有限公司股东全部权益价值评估项目资产评估报告》（中联评报字（2025）第1654号）,《云南冶金集团股份有限公司拟转让股权涉及的云南云铝涌鑫铝业有限公司股东全部权益价值评估项目资产评估报告》（中联评报字（2025）第1654号）,ok
cninfo_disclosure,http://www.cninfo.com.cn/new/disclosure/detail?stockCode=000807&announcementId=1224825223&orgId=gssz0000807&announcementTime=2025-11-26 00:00:00,2025-11-26 00:00:00,000807,000807,《云南冶金集团股份有限公司拟转让股权涉及的云南云铝润鑫铝业有限公司股东全部权益价值评估项目资产评估报告》（中联评报字（2025）第1655号）,《云南冶金集团股份有限公司拟转让股权涉及的云南云铝润鑫铝业有限公司股东全部权益价值评估项目资产评估报告》（中联评报字（2025）第1655号）,ok
cninfo_disclosure,http://www.cninfo.com.cn/new/disclosure/detail?stockCode=000807&announcementId=1224825222&orgId=gssz0000807&announcementTime=2025-11-26 00:00:00,2025-11-26 00:00:00,000807,000807,《云南云铝泓鑫铝业有限公司2025年1-9月审计报告》（致同审字（2025）第530C034879号）,《云南云铝泓鑫铝业有限公司2025年1-9月审计报告》（致同审字（2025）第530C034879号）,ok
cninfo_disclosure,http://www.cninfo.com.cn/new/disclosure/detail?stockCode=000807&announcementId=1224825221&orgId=gssz0000807&announcementTime=2025-11-26 00:00:00,2025-11-26 00:00:00,000807,000807,《云南云铝泓鑫铝业有限公司2024年度审计报告》（安永华明(2025)审字第80017042_A01号）,《云南云铝泓鑫铝业有限公司2024年度审计报告》（安永华明(2025)审字第80017042_A01号）,ok
cninfo_disclosure,http://www.cninfo.com.cn/new/disclosure/detail?stockCode=000807&announcementId=1224825220&orgId=gssz0000807&announcementTime=2025-11-26 00:00:00,2025-11-26 00:00:00,000807,000807,《云南云铝润鑫铝业有限公司2024年度审计报告》（安永华明(2025)审字第80017079_A01号）,《云南云铝润鑫铝业有限公司2024年度审计报告》（安永华明(2025)审字第80017079_A01号）,ok
cninfo_disclosure,http://www.cninfo.com.cn/new/disclosure/detail?stockCode=000807&announcementId=1224825219&orgId=gssz0000807&announcementTime=2025-11-26 00:00:00,2025-11-26 00:00:00,000807,000807,《云南云铝涌鑫铝业有限公司2024年度审计报告》（安永华明(2025)审字第80017041_A01号）,《云南云铝涌鑫铝业有限公司2024年度审计报告》（安永华明(2025)审字第80017041_A01号）,ok
cninfo_disclosure,http://www.cninfo.com.cn/new/disclosure/detail?stockCode=000807&announcementId=1224825218&orgId=gssz0000807&announcementTime=2025-11-26 00:00:00,2025-11-26 00:00:00,000807,000807,《云南云铝涌鑫铝业有限公司2025年1-9月审计报告》（致同审字（2025）第530C034958号）,《云南云铝涌鑫铝业有限公司2025年1-9月审计报告》（致同审字（2025）第530C034958号）,ok
cninfo_disclosure,http://www.cninfo.com.cn/new/disclosure/detail?stockCode=000807&announcementId=1224825217&orgId=gssz0000807&announcementTime=2025-11-26 00:00:00,2025-11-26 00:00:00,000807,000807,《云南云铝润鑫铝业有限公司2025年1-9月审计报告》（致同审字（2025）第530C034957号）,《云南云铝润鑫铝业有限公司2025年1-9月审计报告》（致同审字（2025）第530C034957号）,ok
cninfo_disclosure,http://www.cninfo.com.cn/new/disclosure/detail?stockCode=000807&announcementId=1224825216&orgId=gssz0000807&announcementTime=2025-11-26 00:00:00,2025-11-26 00:00:00,000807,000807,云南铝业股份有限公司关于收购云南冶金持有公司部分控股子公司股权暨关联交易的公告,云南铝业股份有限公司关于收购云南冶金持有公司部分控股子公司股权暨关联交易的公告,ok
cninfo_disclosure,http://www.cninfo.com.cn/new/disclosure/detail?stockCode=000807&announcementId=1224818269&orgId=gssz0000807&announcementTime=2025-11-21 00:00:00,2025-11-21 00:00:00,000807,000807,云南铝业股份有限公司关于董事长辞职的公告,云南铝业股份有限公司关于董事长辞职的公告,ok
cninfo_disclosure,http://www.cninfo.com.cn/new/disclosure/detail?stockCode=000807&announcementId=1224818268&orgId=gssz0000807&announcementTime=2025-11-21 00:00:00,2025-11-21 00:00:00,000807,000807,云南铝业股份有限公司关于召开2025年第三次临时股东会的通知,云南铝业股份有限公司关于召开2025年第三次临时股东会的通知,ok
cninfo_disclosure,http://www.cninfo.com.cn/new/disclosure/detail?stockCode=000807&announcementId=1224818267&orgId=gssz0000807&announcementTime=2025-11-21 00:00:00,2025-11-21 00:00:00,000807,000807,云南铝业股份有限公司第九届董事会第十八次（临时）会议决议公告,云南铝业股份有限公司第九届董事会第十八次（临时）会议决议公告,ok
cninfo_disclosure,http://www.cninfo.com.cn/new/disclosure/detail?stockCode=000807&announcementId=1224745892&orgId=gssz0000807&announcementTime=2025-10-28 00:00:00,2025-10-28 00:00:00,000807,000807,云南铝业股份有限公司关于公司高级管理人员变更的公告,云南铝业股份有限公司关于公司高级管理人员变更的公告,ok
cninfo_disclosure,http://www.cninfo.com.cn/new/disclosure/detail?stockCode=000807&announcementId=1224745891&orgId=gssz0000807&announcementTime=2025-10-28 00:00:00,2025-10-28 00:00:00,000807,000807,云南铝业股份有限公司第九届董事会第十七次（临时）会议决议公告,云南铝业股份有限公司第九届董事会第十七次（临时）会议决议公告,ok
cninfo_disclosure,http://www.cninfo.com.cn/new/disclosure/detail?stockCode=000807&announcementId=1224745890&orgId=gssz0000807&announcementTime=2025-10-28 00:00:00,2025-10-28 00:00:00,000807,000807,《中国铝业集团高端制造股份有限公司拟对子公司引入战略投资者涉及的中铝铝箔（云南）有限公司股东全部权益价值项目资产评估报告》（中瑞评报字[2025]第502076号）,《中国铝业集团高端制造股份有限公司拟对子公司引入战略投资者涉及的中铝铝箔（云南）有限公司股东全部权益价值项目资产评估报告》（中瑞评报字[2025]第502076号）,ok
cninfo_disclosure,http://www.cninfo.com.cn/new/disclosure/detail?stockCode=000807&announcementId=1224745889&orgId=gssz0000807&announcementTime=2025-10-28 00:00:00,2025-10-28 00:00:00,000807,000807,中铝铝箔（云南）有限公司审计报告（天职业字〔2025〕33113号）,中铝铝箔（云南）有限公司审计报告（天职业字〔2025〕33113号）,ok
cninfo_disclosure,http://www.cninfo.com.cn/new/disclosure/detail?stockCode=000807&announcementId=1224745888&orgId=gssz0000807&announcementTime=2025-10-28 00:00:00,2025-10-28 00:00:00,000807,000807,云南铝业股份有限公司关于参股投资中铝铝箔（云南）有限公司暨关联交易的公告,云南铝业股份有限公司关于参股投资中铝铝箔（云南）有限公司暨关联交易的公告,ok
cninfo_disclosure,http://www.cninfo.com.cn/new/disclosure/detail?stockCode=000807&announcementId=1224745887&orgId=gssz0000807&announcementTime=2025-10-28 00:00:00,2025-10-28 00:00:00,000807,000807,云南铝业股份有限公司关于继续使用自有资金开展保本型现金管理业务的公告,云南铝业股份有限公司关于继续使用自有资金开展保本型现金管理业务的公告,ok
cninfo_disclosure,http://www.cninfo.com.cn/new/disclosure/detail?stockCode=000807&announcementId=1224734912&orgId=gssz0000807&announcementTime=2025-10-25 00:00:00,2025-10-25 00:00:00,000807,000807,2025年三季度报告,2025年三季度报告,ok
cninfo_disclosure,http://www.cninfo.com.cn/new/disclosure/detail?stockCode=000807&announcementId=1224723155&orgId=gssz0000807&announcementTime=2025-10-22 00:00:00,2025-10-22 00:00:00,000807,000807,云南铝业股份有限公司2025年中期利润分配实施公告,云南铝业股份有限公司2025年中期利润分配实施公告,ok
cninfo_disclosure,http://www.cninfo.com.cn/new/disclosure/detail?stockCode=000807&announcementId=1224680563&orgId=gssz0000807&announcementTime=2025-09-26 00:00:00,2025-09-26 00:00:00,000807,000807,云南铝业股份有限公司关于公司总法律顾问辞职的公告,云南铝业股份有限公司关于公司总法律顾问辞职的公告,ok
cninfo_disclosure,http://www.cninfo.com.cn/new/disclosure/detail?stockCode=000807&announcementId=1224657921&orgId=gssz0000807&announcementTime=2025-09-13 00:00:00,2025-09-13 00:00:00,000807,000807,云南铝业股份有限公司2025年第二次临时股东大会决议公告,云南铝业股份有限公司2025年第二次临时股东大会决议公告,ok
cninfo_disclosure,http://www.cninfo.com.cn/new/disclosure/detail?stockCode=000807&announcementId=1224657920&orgId=gssz0000807&announcementTime=2025-09-13 00:00:00,2025-09-13 00:00:00,000807,000807,云南海合律师事务所关于云南铝业股份有限公司2025年第二次临时股东大会的见证意见书,云南海合律师事务所关于云南铝业股份有限公司2025年第二次临时股东大会的见证意见书,ok
cninfo_disclosure,http://www.cninfo.com.cn/new/disclosure/detail?stockCode=000807&announcementId=1224657919&orgId=gssz0000807&announcementTime=2025-09-13 00:00:00,2025-09-13 00:00:00,000807,000807,云南铝业股份有限公司章程,云南铝业股份有限公司章程,ok
cninfo_disclosure,http://www.cninfo.com.cn/new/disclosure/detail?stockCode=000807&announcementId=1224570914&orgId=gssz0000807&announcementTime=2025-08-26 00:00:00,2025-08-26 00:00:00,000807,000807,云南铝业股份有限公司关于召开2025年第二次临时股东大会的通知,云南铝业股份有限公司关于召开2025年第二次临时股东大会的通知,ok
eastmoney_stock_news,http://finance.eastmoney.com/a/202606083763665446.html,2026-06-08 17:12:00,600219,600219,有色金属行业资金流出榜：紫金矿业、北方稀土等净流出资金居前,17118.36 000060 中金岭南 -6.71 5.65 -15203.88 600362 江西铜业 -7.87 3.37 -14225.48 605376 博迁新材 -3.03 6.17 -13719.85 600392 盛和资源 -5.97 3.49 -12465.99 600219,ok
eastmoney_stock_news,http://finance.eastmoney.com/a/202606093765150767.html,2026-06-09 16:35:00,600219,600219,解密主力资金出逃股 连续5日净流出652股,6.03 7.06 -28.66 000983 山西焦煤 6 5.88 8.22 2.19 600362 江西铜业 5 5.85 3.84 -12.89 300409 道氏技术 12 5.82 9.12 -17.16 600930 华电新能 8 5.78 6.22 -7.03 600219,ok
eastmoney_stock_news,http://finance.eastmoney.com/a/202606043760474882.html,2026-06-04 16:54:00,600219,600219,有色金属行业6月4日资金流向日报,50429.61 000630 铜陵有色 -5.37 4.32 -47678.02 002460 赣锋锂业 -2.91 3.47 -43870.34 002466 天齐锂业 -2.49 2.92 -32344.91 000807 云铝股份 -6.20 2.85 -31509.36 600219,ok
eastmoney_stock_news,http://finance.eastmoney.com/a/202605273751349242.html,2026-05-27 16:46:00,600219,600219,有色金属行业今日跌3.73%，主力资金净流出75.70亿元,26370.72 002716 湖南白银 -6.13 6.11 -25744.11 000426 兴业银锡 -5.77 3.92 -25097.06 000960 锡业股份 -6.37 4.75 -23064.30 600549 厦门钨业 -4.43 3.28 -22679.42 600219,ok
eastmoney_stock_news,http://finance.eastmoney.com/a/202605263749737280.html,2026-05-26 16:55:00,600219,600219,有色金属行业5月26日资金流向日报,主力资金流量（万元） 601600 中国铝业 10.01 4.14 155785.78 601899 紫金矿业 4.94 2.15 115009.63 603993 洛阳钼业 5.43 2.17 100764.36 000657 中钨高新 5.42 8.86 50883.74 600219,ok
eastmoney_stock_news,http://finance.eastmoney.com/a/202605263749591891.html,2026-05-26 15:06:00,600219,600219,全球最大铝土矿生产国拟收紧出口！铝板块爆发，多家上市公司回应,5月26日，A股有色铝概念午后全线走强，截至收盘，2000亿市值巨头中国铝业（601600.SH）涨停，南山铝业（600219.SH）、宏桥控股（002379.SZ）、云铝股份（000807.SZ）、天山铝业（002532.SZ）等个股跟涨。,ok
eastmoney_stock_news,http://finance.eastmoney.com/a/202605263749604248.html,2026-05-26 15:18:00,600219,600219,A股尾盘回暖，三大股指涨跌互现：有色金属领涨，算力硬件产业链下挫,有色金属领涨，宇树机器人表现抢眼 在板块方面，有色金属领涨两市，盛龙股份（001257）、中国铝业（601600）、招金黄金（000506）、金钼股份（601958）等涨停，南山铝业（600219）、宏桥控股（002379）、云铝股份（000807）、天山铝业（002532）等涨超,ok
eastmoney_stock_news,http://finance.eastmoney.com/a/202605223746780441.html,2026-05-22 16:51:00,600219,600219,有色金属行业5月22日资金流向日报,1.54 17150.98 603115 海星股份 10.00 3.99 16857.30 603799 华友钴业 4.29 3.33 15689.90 000426 兴业银锡 4.04 3.26 15606.78 605376 博迁新材 10.00 3.78 12142.31 600219,ok
eastmoney_stock_news,http://finance.eastmoney.com/a/202605293754558696.html,2026-05-29 17:53:00,600219,600219,高股息精选概念涨1.11%，主力资金净流入这些股,中国建筑 2.11 0.62 21732.63 17.74 000690 宝新能源 6.36 17.66 20381.58 8.53 601318 中国平安 1.96 0.94 18779.55 3.53 601225 陕西煤业 4.38 0.67 18295.93 11.07 600219,ok
eastmoney_stock_news,http://finance.eastmoney.com/a/202605193741512729.html,2026-05-19 09:34:00,600219,600219,43只股即将分红 抢权行情能否开启？,18.12 -5.48 002419 天虹股份 0.700 - 5.11 -5.55 605228 神通科技 1.170 - 14.16 -5.60 600529 山东药玻 1.800 - 17.51 -5.66 300223 北京君正 1.500 - 137.81 -5.66 600219,ok
cninfo_disclosure,http://www.cninfo.com.cn/new/disclosure/detail?stockCode=600219&announcementId=1225341556&orgId=gssh0600219&announcementTime=2026-06-02,2026-06-02 00:00:00,600219,600219,山东南山铝业股份有限公司关于以集中竞价交易方式回购股份的进展公告,山东南山铝业股份有限公司关于以集中竞价交易方式回购股份的进展公告,ok
cninfo_disclosure,http://www.cninfo.com.cn/new/disclosure/detail?stockCode=600219&announcementId=1225322072&orgId=gssh0600219&announcementTime=2026-05-22,2026-05-22 00:00:00,600219,600219,山东南山铝业股份有限公司关于2025年度权益分派实施后调整回购价格上限的公告,山东南山铝业股份有限公司关于2025年度权益分派实施后调整回购价格上限的公告,ok
cninfo_disclosure,http://www.cninfo.com.cn/new/disclosure/detail?stockCode=600219&announcementId=1225312293&orgId=gssh0600219&announcementTime=2026-05-19,2026-05-19 00:00:00,600219,600219,山东南山铝业股份有限公司关于控股股东非公开发行可交换公司债券调整换股价格的提示性公告,山东南山铝业股份有限公司关于控股股东非公开发行可交换公司债券调整换股价格的提示性公告,ok
cninfo_disclosure,http://www.cninfo.com.cn/new/disclosure/detail?stockCode=600219&announcementId=1225300713&orgId=gssh0600219&announcementTime=2026-05-13,2026-05-13 00:00:00,600219,600219,北京浩天律师事务所关于山东南山铝业股份有限公司差异化分红相关事项的法律意见书,北京浩天律师事务所关于山东南山铝业股份有限公司差异化分红相关事项的法律意见书,ok
cninfo_disclosure,http://www.cninfo.com.cn/new/disclosure/detail?stockCode=600219&announcementId=1225300692&orgId=gssh0600219&announcementTime=2026-05-13,2026-05-13 00:00:00,600219,600219,山东南山铝业股份有限公司2025年年度权益分派实施公告,山东南山铝业股份有限公司2025年年度权益分派实施公告,ok
cninfo_disclosure,http://www.cninfo.com.cn/new/disclosure/detail?stockCode=600219&announcementId=1225300682&orgId=gssh0600219&announcementTime=2026-05-13,2026-05-13 00:00:00,600219,600219,山东南山铝业股份有限公司关于参加2026年山东辖区上市公司投资者网上集体接待日活动的公告,山东南山铝业股份有限公司关于参加2026年山东辖区上市公司投资者网上集体接待日活动的公告,ok
cninfo_disclosure,http://www.cninfo.com.cn/new/disclosure/detail?stockCode=600219&announcementId=1225278296&orgId=gssh0600219&announcementTime=2026-05-07,2026-05-07 00:00:00,600219,600219,山东南山铝业股份有限公司关于以集中竞价方式回购股份的进展公告,山东南山铝业股份有限公司关于以集中竞价方式回购股份的进展公告,ok
cninfo_disclosure,http://www.cninfo.com.cn/new/disclosure/detail?stockCode=600219&announcementId=1225206657&orgId=gssh0600219&announcementTime=2026-04-28,2026-04-28 00:00:00,600219,600219,山东南山铝业股份有限公司关于2026年度“提质增效重回报”专项行动方案的公告,山东南山铝业股份有限公司关于2026年度“提质增效重回报”专项行动方案的公告,ok
cninfo_disclosure,http://www.cninfo.com.cn/new/disclosure/detail?stockCode=600219&announcementId=1225206617&orgId=gssh0600219&announcementTime=2026-04-28,2026-04-28 00:00:00,600219,600219,山东南山铝业股份有限公司第十一届董事会第二十七次会议决议公告,山东南山铝业股份有限公司第十一届董事会第二十七次会议决议公告,ok
cninfo_disclosure,http://www.cninfo.com.cn/new/disclosure/detail?stockCode=600219&announcementId=1225206560&orgId=gssh0600219&announcementTime=2026-04-28,2026-04-28 00:00:00,600219,600219,山东南山铝业股份有限公司2025年度环境、社会及公司治理报告（英文版）,山东南山铝业股份有限公司2025年度环境、社会及公司治理报告（英文版）,ok
cninfo_disclosure,http://www.cninfo.com.cn/new/disclosure/detail?stockCode=600219&announcementId=1225206544&orgId=gssh0600219&announcementTime=2026-04-28,2026-04-28 00:00:00,600219,600219,山东南山铝业股份有限公司2026年第一季度报告,山东南山铝业股份有限公司2026年第一季度报告,ok
cninfo_disclosure,http://www.cninfo.com.cn/new/disclosure/detail?stockCode=600219&announcementId=1225159799&orgId=gssh0600219&announcementTime=2026-04-24,2026-04-24 00:00:00,600219,600219,山东南山铝业股份有限公司关于控股股东非公开发行可交换公司债券发行完成的公告,山东南山铝业股份有限公司关于控股股东非公开发行可交换公司债券发行完成的公告,ok
cninfo_disclosure,http://www.cninfo.com.cn/new/disclosure/detail?stockCode=600219&announcementId=1225118062&orgId=gssh0600219&announcementTime=2026-04-18,2026-04-18 00:00:00,600219,600219,山东南山铝业股份有限公司关于控股股东非公开发行可交换公司债券办理股份担保及信托登记完成的公告,山东南山铝业股份有限公司关于控股股东非公开发行可交换公司债券办理股份担保及信托登记完成的公告,ok
cninfo_disclosure,http://www.cninfo.com.cn/new/disclosure/detail?stockCode=600219&announcementId=1225111529&orgId=gssh0600219&announcementTime=2026-04-17,2026-04-17 00:00:00,600219,600219,山东南山铝业股份有限公司2025年年度股东会决议公告,山东南山铝业股份有限公司2025年年度股东会决议公告,ok
cninfo_disclosure,http://www.cninfo.com.cn/new/disclosure/detail?stockCode=600219&announcementId=1225111528&orgId=gssh0600219&announcementTime=2026-04-17,2026-04-17 00:00:00,600219,600219,北京浩天律师事务所关于山东南山铝业股份有限公司2025年年度股东会之法律意见书,北京浩天律师事务所关于山东南山铝业股份有限公司2025年年度股东会之法律意见书,ok
cninfo_disclosure,http://www.cninfo.com.cn/new/disclosure/detail?stockCode=600219&announcementId=1225100456&orgId=gssh0600219&announcementTime=2026-04-15,2026-04-15 00:00:00,600219,600219,山东南山铝业股份有限公司关于控股股东非公开发行可交换公司债券拟办理股份担保及信托登记的公告,山东南山铝业股份有限公司关于控股股东非公开发行可交换公司债券拟办理股份担保及信托登记的公告,ok
cninfo_disclosure,http://www.cninfo.com.cn/new/disclosure/detail?stockCode=600219&announcementId=1225087950&orgId=gssh0600219&announcementTime=2026-04-10,2026-04-10 00:00:00,600219,600219,山东南山铝业股份有限公司关于更换持续督导财务顾问主办人的公告,山东南山铝业股份有限公司关于更换持续督导财务顾问主办人的公告,ok
cninfo_disclosure,http://www.cninfo.com.cn/new/disclosure/detail?stockCode=600219&announcementId=1225087942&orgId=gssh0600219&announcementTime=2026-04-10,2026-04-10 00:00:00,600219,600219,华泰联合证券有限责任公司关于山东南山铝业股份有限公司分拆所属子公司南山铝业国际控股有限公司境外上市之持续督导核查意见,华泰联合证券有限责任公司关于山东南山铝业股份有限公司分拆所属子公司南山铝业国际控股有限公司境外上市之持续督导核查意见,ok
cninfo_disclosure,http://www.cninfo.com.cn/new/disclosure/detail?stockCode=600219&announcementId=1225083945&orgId=gssh0600219&announcementTime=2026-04-09,2026-04-09 00:00:00,600219,600219,山东南山铝业股份有限公司2025年年度股东会会议资料,山东南山铝业股份有限公司2025年年度股东会会议资料,ok
cninfo_disclosure,http://www.cninfo.com.cn/new/disclosure/detail?stockCode=600219&announcementId=1225070056&orgId=gssh0600219&announcementTime=2026-04-02,2026-04-02 00:00:00,600219,600219,山东南山铝业股份有限公司关于以集中竞价交易方式回购股份的进展公告,山东南山铝业股份有限公司关于以集中竞价交易方式回购股份的进展公告,ok
cninfo_disclosure,http://www.cninfo.com.cn/new/disclosure/detail?stockCode=600219&announcementId=1225037346&orgId=gssh0600219&announcementTime=2026-03-27,2026-03-27 00:00:00,600219,600219,山东南山铝业股份有限公司2025年度环境、社会及公司治理报告（更正）,山东南山铝业股份有限公司2025年度环境、社会及公司治理报告（更正）,ok
cninfo_disclosure,http://www.cninfo.com.cn/new/disclosure/detail?stockCode=600219&announcementId=1225037345&orgId=gssh0600219&announcementTime=2026-03-27,2026-03-27 00:00:00,600219,600219,山东南山铝业股份有限公司2025年度环境、社会及公司治理报告摘要（更正）,山东南山铝业股份有限公司2025年度环境、社会及公司治理报告摘要（更正）,ok
cninfo_disclosure,http://www.cninfo.com.cn/new/disclosure/detail?stockCode=600219&announcementId=1225034462&orgId=gssh0600219&announcementTime=2026-03-27,2026-03-27 00:00:00,600219,600219,山东南山铝业股份有限公司董事会审计委员会对和信会计师事务所（特殊普通合伙）履行监督职责情况的报告,山东南山铝业股份有限公司董事会审计委员会对和信会计师事务所（特殊普通合伙）履行监督职责情况的报告,ok
cninfo_disclosure,http://www.cninfo.com.cn/new/disclosure/detail?stockCode=600219&announcementId=1225034461&orgId=gssh0600219&announcementTime=2026-03-27,2026-03-27 00:00:00,600219,600219,山东南山铝业股份有限公司关于2025年年度利润分配预案的公告,山东南山铝业股份有限公司关于2025年年度利润分配预案的公告,ok
cninfo_disclosure,http://www.cninfo.com.cn/new/disclosure/detail?stockCode=600219&announcementId=1225034460&orgId=gssh0600219&announcementTime=2026-03-27,2026-03-27 00:00:00,600219,600219,山东南山铝业股份有限公司2025年度报告,山东南山铝业股份有限公司2025年度报告,ok
cninfo_disclosure,http://www.cninfo.com.cn/new/disclosure/detail?stockCode=600219&announcementId=1225034459&orgId=gssh0600219&announcementTime=2026-03-27,2026-03-27 00:00:00,600219,600219,关于山东南山铝业股份有限公司涉及财务公司关联交易存款、贷款等金融业务的专项说明,关于山东南山铝业股份有限公司涉及财务公司关联交易存款、贷款等金融业务的专项说明,ok
cninfo_disclosure,http://www.cninfo.com.cn/new/disclosure/detail?stockCode=600219&announcementId=1225034457&orgId=gssh0600219&announcementTime=2026-03-27,2026-03-27 00:00:00,600219,600219,山东南山铝业股份有限公司关于续聘公司2026年度审计机构及支付2025年度审计报酬的公告,山东南山铝业股份有限公司关于续聘公司2026年度审计机构及支付2025年度审计报酬的公告,ok
cninfo_disclosure,http://www.cninfo.com.cn/new/disclosure/detail?stockCode=600219&announcementId=1225034455&orgId=gssh0600219&announcementTime=2026-03-27,2026-03-27 00:00:00,600219,600219,和信会计师事务所（特殊普通合伙）关于山东南山铝业股份有限公司控股股东及其他关联方占用资金情况的专项说明,和信会计师事务所（特殊普通合伙）关于山东南山铝业股份有限公司控股股东及其他关联方占用资金情况的专项说明,ok
cninfo_disclosure,http://www.cninfo.com.cn/new/disclosure/detail?stockCode=600219&announcementId=1225034454&orgId=gssh0600219&announcementTime=2026-03-27,2026-03-27 00:00:00,600219,600219,关于山东南山铝业股份有限公司控股股东及其他关联方占用资金情况的专项说明,关于山东南山铝业股份有限公司控股股东及其他关联方占用资金情况的专项说明,ok
cninfo_disclosure,http://www.cninfo.com.cn/new/disclosure/detail?stockCode=600219&announcementId=1225034453&orgId=gssh0600219&announcementTime=2026-03-27,2026-03-27 00:00:00,600219,600219,山东南山铝业股份有限公司关于召开2025年年度股东会的通知,山东南山铝业股份有限公司关于召开2025年年度股东会的通知,ok
cninfo_disclosure,http://www.cninfo.com.cn/new/disclosure/detail?stockCode=600219&announcementId=1225034451&orgId=gssh0600219&announcementTime=2026-03-27,2026-03-27 00:00:00,600219,600219,山东南山铝业股份有限公司2025年度环境、社会及公司治理报告,山东南山铝业股份有限公司2025年度环境、社会及公司治理报告,ok
cninfo_disclosure,http://www.cninfo.com.cn/new/disclosure/detail?stockCode=600219&announcementId=1225034449&orgId=gssh0600219&announcementTime=2026-03-27,2026-03-27 00:00:00,600219,600219,山东南山铝业股份有限公司关于召开2025年度业绩说明会的公告,山东南山铝业股份有限公司关于召开2025年度业绩说明会的公告,ok
cninfo_disclosure,http://www.cninfo.com.cn/new/disclosure/detail?stockCode=600219&announcementId=1225034446&orgId=gssh0600219&announcementTime=2026-03-27,2026-03-27 00:00:00,600219,600219,山东南山铝业股份有限公司内部控制审计报告,山东南山铝业股份有限公司内部控制审计报告,ok
cninfo_disclosure,http://www.cninfo.com.cn/new/disclosure/detail?stockCode=600219&announcementId=1225034444&orgId=gssh0600219&announcementTime=2026-03-27,2026-03-27 00:00:00,600219,600219,山东南山铝业股份有限公司第十一届董事会第二十六次会议决议公告,山东南山铝业股份有限公司第十一届董事会第二十六次会议决议公告,ok
cninfo_disclosure,http://www.cninfo.com.cn/new/disclosure/detail?stockCode=600219&announcementId=1225034443&orgId=gssh0600219&announcementTime=2026-03-27,2026-03-27 00:00:00,600219,600219,山东南山铝业股份有限公司董事会审计委员会2025年度履职情况报告,山东南山铝业股份有限公司董事会审计委员会2025年度履职情况报告,ok
cninfo_disclosure,http://www.cninfo.com.cn/new/disclosure/detail?stockCode=600219&announcementId=1225034442&orgId=gssh0600219&announcementTime=2026-03-27,2026-03-27 00:00:00,600219,600219,山东南山铝业股份有限公司2025年独立董事年度述职报告(季猛),山东南山铝业股份有限公司2025年独立董事年度述职报告(季猛),ok
cninfo_disclosure,http://www.cninfo.com.cn/new/disclosure/detail?stockCode=600219&announcementId=1225034441&orgId=gssh0600219&announcementTime=2026-03-27,2026-03-27 00:00:00,600219,600219,山东南山铝业股份有限公司2025年独立董事年度述职报告(方玉峰),山东南山铝业股份有限公司2025年独立董事年度述职报告(方玉峰),ok
cninfo_disclosure,http://www.cninfo.com.cn/new/disclosure/detail?stockCode=600219&announcementId=1225034439&orgId=gssh0600219&announcementTime=2026-03-27,2026-03-27 00:00:00,600219,600219,山东南山铝业股份有限公司2025年度内部控制评价报告,山东南山铝业股份有限公司2025年度内部控制评价报告,ok
cninfo_disclosure,http://www.cninfo.com.cn/new/disclosure/detail?stockCode=600219&announcementId=1225034438&orgId=gssh0600219&announcementTime=2026-03-27,2026-03-27 00:00:00,600219,600219,山东南山铝业股份有限公司2025年度财务报表审计报告,山东南山铝业股份有限公司2025年度财务报表审计报告,ok
cninfo_disclosure,http://www.cninfo.com.cn/new/disclosure/detail?stockCode=600219&announcementId=1225034437&orgId=gssh0600219&announcementTime=2026-03-27,2026-03-27 00:00:00,600219,600219,山东南山铝业股份有限公司2025年度报告_摘要,山东南山铝业股份有限公司2025年度报告_摘要,ok
cninfo_disclosure,http://www.cninfo.com.cn/new/disclosure/detail?stockCode=600219&announcementId=1225034436&orgId=gssh0600219&announcementTime=2026-03-27,2026-03-27 00:00:00,600219,600219,山东南山铝业股份有限公司关于在南山集团财务有限公司办理金融业务的风险持续评估报告,山东南山铝业股份有限公司关于在南山集团财务有限公司办理金融业务的风险持续评估报告,ok
cninfo_disclosure,http://www.cninfo.com.cn/new/disclosure/detail?stockCode=600219&announcementId=1225034435&orgId=gssh0600219&announcementTime=2026-03-27,2026-03-27 00:00:00,600219,600219,山东南山铝业股份有限公司对和信会计师事务所（特殊普通合伙）履职情况评估的报告,山东南山铝业股份有限公司对和信会计师事务所（特殊普通合伙）履职情况评估的报告,ok
cninfo_disclosure,http://www.cninfo.com.cn/new/disclosure/detail?stockCode=600219&announcementId=1225034434&orgId=gssh0600219&announcementTime=2026-03-27,2026-03-27 00:00:00,600219,600219,山东南山铝业股份有限公司2026年第一次独立董事专门会议决议公告,山东南山铝业股份有限公司2026年第一次独立董事专门会议决议公告,ok
cninfo_disclosure,http://www.cninfo.com.cn/new/disclosure/detail?stockCode=600219&announcementId=1225034433&orgId=gssh0600219&announcementTime=2026-03-27,2026-03-27 00:00:00,600219,600219,山东南山铝业股份有限公司董事会对独立董事2025年度独立性自查情况的专项报告,山东南山铝业股份有限公司董事会对独立董事2025年度独立性自查情况的专项报告,ok
cninfo_disclosure,http://www.cninfo.com.cn/new/disclosure/detail?stockCode=600219&announcementId=1225034432&orgId=gssh0600219&announcementTime=2026-03-27,2026-03-27 00:00:00,600219,600219,山东南山铝业股份有限公司2025年独立董事年度述职报告(梁仕念),山东南山铝业股份有限公司2025年独立董事年度述职报告(梁仕念),ok
cninfo_disclosure,http://www.cninfo.com.cn/new/disclosure/detail?stockCode=600219&announcementId=1225013845&orgId=gssh0600219&announcementTime=2026-03-18,2026-03-18 00:00:00,600219,600219,山东南山铝业股份有限公司关于持股5%以上股东权益变动触及1%刻度的提示性公告,山东南山铝业股份有限公司关于持股5%以上股东权益变动触及1%刻度的提示性公告,ok
cninfo_disclosure,http://www.cninfo.com.cn/new/disclosure/detail?stockCode=600219&announcementId=1224990284&orgId=gssh0600219&announcementTime=2026-03-03,2026-03-03 00:00:00,600219,600219,山东南山铝业股份有限公司关于以集中竞价交易方式回购股份的进展公告,山东南山铝业股份有限公司关于以集中竞价交易方式回购股份的进展公告,ok
cninfo_disclosure,http://www.cninfo.com.cn/new/disclosure/detail?stockCode=600219&announcementId=1224961488&orgId=gssh0600219&announcementTime=2026-02-03,2026-02-03 00:00:00,600219,600219,山东南山铝业股份有限公司关于以集中竞价交易方式回购股份的进展公告,山东南山铝业股份有限公司关于以集中竞价交易方式回购股份的进展公告,ok
cninfo_disclosure,http://www.cninfo.com.cn/new/disclosure/detail?stockCode=600219&announcementId=1224960939&orgId=gssh0600219&announcementTime=2026-02-02,2026-02-02 00:00:00,600219,600219,山东南山铝业股份有限公司关于控股子公司南山铝业国际控股有限公司完成根据一般性授权配售股份的公告,山东南山铝业股份有限公司关于控股子公司南山铝业国际控股有限公司完成根据一般性授权配售股份的公告,ok
cninfo_disclosure,http://www.cninfo.com.cn/new/disclosure/detail?stockCode=600219&announcementId=1224960114&orgId=gssh0600219&announcementTime=2026-01-31,2026-01-31 00:00:00,600219,600219,山东南山铝业股份有限公司关于设立全资子公司的公告,山东南山铝业股份有限公司关于设立全资子公司的公告,ok
cninfo_disclosure,http://www.cninfo.com.cn/new/disclosure/detail?stockCode=600219&announcementId=1224945270&orgId=gssh0600219&announcementTime=2026-01-23,2026-01-23 00:00:00,600219,600219,山东南山铝业股份有限公司关于控股子公司南山铝业国际控股有限公司根据一般性授权配售股份的公告,山东南山铝业股份有限公司关于控股子公司南山铝业国际控股有限公司根据一般性授权配售股份的公告,ok
cninfo_disclosure,http://www.cninfo.com.cn/new/disclosure/detail?stockCode=600219&announcementId=1224941432&orgId=gssh0600219&announcementTime=2026-01-21,2026-01-21 00:00:00,600219,600219,山东南山铝业股份有限公司关于以集中竞价交易方式首次回购公司股份公告,山东南山铝业股份有限公司关于以集中竞价交易方式首次回购公司股份公告,ok
cninfo_disclosure,http://www.cninfo.com.cn/new/disclosure/detail?stockCode=600219&announcementId=1224940018&orgId=gssh0600219&announcementTime=2026-01-20,2026-01-20 00:00:00,600219,600219,山东南山铝业股份有限公司对外投资公告,山东南山铝业股份有限公司对外投资公告,ok
cninfo_disclosure,http://www.cninfo.com.cn/new/disclosure/detail?stockCode=600219&announcementId=1224940013&orgId=gssh0600219&announcementTime=2026-01-20,2026-01-20 00:00:00,600219,600219,山东南山铝业股份有限公司第十一届董事会第二十五次会议决议公告,山东南山铝业股份有限公司第十一届董事会第二十五次会议决议公告,ok
cninfo_disclosure,http://www.cninfo.com.cn/new/disclosure/detail?stockCode=600219&announcementId=1224931499&orgId=gssh0600219&announcementTime=2026-01-14,2026-01-14 00:00:00,600219,600219,山东南山铝业股份有限公司关于以集中竞价交易方式回购股份的回购报告书,山东南山铝业股份有限公司关于以集中竞价交易方式回购股份的回购报告书,ok
cninfo_disclosure,http://www.cninfo.com.cn/new/disclosure/detail?stockCode=600219&announcementId=1224929115&orgId=gssh0600219&announcementTime=2026-01-13,2026-01-13 00:00:00,600219,600219,山东南山铝业股份有限公司关于回购股份通知债权人的公告,山东南山铝业股份有限公司关于回购股份通知债权人的公告,ok
cninfo_disclosure,http://www.cninfo.com.cn/new/disclosure/detail?stockCode=600219&announcementId=1224927436&orgId=gssh0600219&announcementTime=2026-01-10,2026-01-10 00:00:00,600219,600219,山东南山铝业股份有限公司2026年第一次临时股东会决议公告,山东南山铝业股份有限公司2026年第一次临时股东会决议公告,ok
cninfo_disclosure,http://www.cninfo.com.cn/new/disclosure/detail?stockCode=600219&announcementId=1224927428&orgId=gssh0600219&announcementTime=2026-01-10,2026-01-10 00:00:00,600219,600219,北京浩天律师事务所关于山东南山铝业股份有限公司2026年第一次临时股东会之法律意见书,北京浩天律师事务所关于山东南山铝业股份有限公司2026年第一次临时股东会之法律意见书,ok
cninfo_disclosure,http://www.cninfo.com.cn/new/disclosure/detail?stockCode=600219&announcementId=1224918100&orgId=gssh0600219&announcementTime=2026-01-06,2026-01-06 00:00:00,600219,600219,山东南山铝业股份有限公司关于回购股份事项前十名股东和前十名无限售条件股东持股情况的公告,山东南山铝业股份有限公司关于回购股份事项前十名股东和前十名无限售条件股东持股情况的公告,ok
cninfo_disclosure,http://www.cninfo.com.cn/new/disclosure/detail?stockCode=600219&announcementId=1224912695&orgId=gssh0600219&announcementTime=2026-01-01,2026-01-01 00:00:00,600219,600219,山东南山铝业股份有限公司2026年第一次临时股东会会议资料,山东南山铝业股份有限公司2026年第一次临时股东会会议资料,ok
cninfo_disclosure,http://www.cninfo.com.cn/new/disclosure/detail?stockCode=600219&announcementId=1224899890&orgId=gssh0600219&announcementTime=2025-12-27,2025-12-27 00:00:00,600219,600219,山东南山铝业股份有限公司关于控股股东非公开发行可交换公司债券获得上海证券交易所无异议函的公告,山东南山铝业股份有限公司关于控股股东非公开发行可交换公司债券获得上海证券交易所无异议函的公告,ok
cninfo_disclosure,http://www.cninfo.com.cn/new/disclosure/detail?stockCode=600219&announcementId=1224897667&orgId=gssh0600219&announcementTime=2025-12-26,2025-12-26 00:00:00,600219,600219,山东南山铝业股份有限公司关于回购股份事项前十名股东和前十名无限售条件股东持股情况的公告,山东南山铝业股份有限公司关于回购股份事项前十名股东和前十名无限售条件股东持股情况的公告,ok
cninfo_disclosure,http://www.cninfo.com.cn/new/disclosure/detail?stockCode=600219&announcementId=1224895847&orgId=gssh0600219&announcementTime=2025-12-25,2025-12-25 00:00:00,600219,600219,山东南山铝业股份有限公司关于设立全资子公司的公告,山东南山铝业股份有限公司关于设立全资子公司的公告,ok
cninfo_disclosure,http://www.cninfo.com.cn/new/disclosure/detail?stockCode=600219&announcementId=1224890385&orgId=gssh0600219&announcementTime=2025-12-23,2025-12-23 00:00:00,600219,600219,山东南山铝业股份有限公司关于公司及控股子公司开展套期保值业务的公告,山东南山铝业股份有限公司关于公司及控股子公司开展套期保值业务的公告,ok
cninfo_disclosure,http://www.cninfo.com.cn/new/disclosure/detail?stockCode=600219&announcementId=1224890384&orgId=gssh0600219&announcementTime=2025-12-23,2025-12-23 00:00:00,600219,600219,山东南山铝业股份有限公司关于减少注册资本及修订《公司章程》部分条款的公告,山东南山铝业股份有限公司关于减少注册资本及修订《公司章程》部分条款的公告,ok
cninfo_disclosure,http://www.cninfo.com.cn/new/disclosure/detail?stockCode=600219&announcementId=1224890382&orgId=gssh0600219&announcementTime=2025-12-23,2025-12-23 00:00:00,600219,600219,山东南山铝业股份有限公司第十一届董事会第二十四次会议决议公告,山东南山铝业股份有限公司第十一届董事会第二十四次会议决议公告,ok
cninfo_disclosure,http://www.cninfo.com.cn/new/disclosure/detail?stockCode=600219&announcementId=1224890381&orgId=gssh0600219&announcementTime=2025-12-23,2025-12-23 00:00:00,600219,600219,山东南山铝业股份有限公司关于以集中竞价交易方式回购股份方案公告,山东南山铝业股份有限公司关于以集中竞价交易方式回购股份方案公告,ok
cninfo_disclosure,http://www.cninfo.com.cn/new/disclosure/detail?stockCode=600219&announcementId=1224890380&orgId=gssh0600219&announcementTime=2025-12-23,2025-12-23 00:00:00,600219,600219,山东南山铝业股份有限公司关于公司全资子公司烟台锦泰国际贸易有限公司开展金融衍生品交易业务的公告,山东南山铝业股份有限公司关于公司全资子公司烟台锦泰国际贸易有限公司开展金融衍生品交易业务的公告,ok
cninfo_disclosure,http://www.cninfo.com.cn/new/disclosure/detail?stockCode=600219&announcementId=1224890378&orgId=gssh0600219&announcementTime=2025-12-23,2025-12-23 00:00:00,600219,600219,山东南山铝业股份有限公司关于召开2026年第一次临时股东会的通知,山东南山铝业股份有限公司关于召开2026年第一次临时股东会的通知,ok
cninfo_disclosure,http://www.cninfo.com.cn/new/disclosure/detail?stockCode=600219&announcementId=1224890377&orgId=gssh0600219&announcementTime=2025-12-23,2025-12-23 00:00:00,600219,600219,山东南山铝业股份有限公司关于开展套期保值及金融衍生品交易业务的可行性分析报告,山东南山铝业股份有限公司关于开展套期保值及金融衍生品交易业务的可行性分析报告,ok
cninfo_disclosure,http://www.cninfo.com.cn/new/disclosure/detail?stockCode=600219&announcementId=1224890376&orgId=gssh0600219&announcementTime=2025-12-23,2025-12-23 00:00:00,600219,600219,山东南山铝业股份有限公司章程（2025年12月修订）,山东南山铝业股份有限公司章程（2025年12月修订）,ok
cninfo_disclosure,http://www.cninfo.com.cn/new/disclosure/detail?stockCode=600219&announcementId=1224890373&orgId=gssh0600219&announcementTime=2025-12-23,2025-12-23 00:00:00,600219,600219,山东南山铝业股份有限公司关于公司全资子公司烟台锦泰国际贸易有限公司开展伦铝套期保值业务的公告,山东南山铝业股份有限公司关于公司全资子公司烟台锦泰国际贸易有限公司开展伦铝套期保值业务的公告,ok
cninfo_disclosure,http://www.cninfo.com.cn/new/disclosure/detail?stockCode=600219&announcementId=1224890370&orgId=gssh0600219&announcementTime=2025-12-23,2025-12-23 00:00:00,600219,600219,山东南山铝业股份有限公司关于完成回购股份注销暨股份变动公告,山东南山铝业股份有限公司关于完成回购股份注销暨股份变动公告,ok
cninfo_disclosure,http://www.cninfo.com.cn/new/disclosure/detail?stockCode=600219&announcementId=1224882989&orgId=gssh0600219&announcementTime=2025-12-18,2025-12-18 00:00:00,600219,600219,山东南山铝业股份有限公司关于股份回购实施结果暨股份变动的公告,山东南山铝业股份有限公司关于股份回购实施结果暨股份变动的公告,ok
cninfo_disclosure,http://www.cninfo.com.cn/new/disclosure/detail?stockCode=600219&announcementId=1224880753&orgId=gssh0600219&announcementTime=2025-12-17,2025-12-17 00:00:00,600219,600219,山东南山铝业股份有限公司关于控股股东非公开发行可交换公司债券完成股份解除质押的公告,山东南山铝业股份有限公司关于控股股东非公开发行可交换公司债券完成股份解除质押的公告,ok
cninfo_disclosure,http://www.cninfo.com.cn/new/disclosure/detail?stockCode=600219&announcementId=1224876794&orgId=gssh0600219&announcementTime=2025-12-16,2025-12-16 00:00:00,600219,600219,山东南山铝业股份有限公司关于以集中竞价交易方式回购公司股份比例达1%的进展公告,山东南山铝业股份有限公司关于以集中竞价交易方式回购公司股份比例达1%的进展公告,ok
cninfo_disclosure,http://www.cninfo.com.cn/new/disclosure/detail?stockCode=600219&announcementId=1224857071&orgId=gssh0600219&announcementTime=2025-12-09,2025-12-09 00:00:00,600219,600219,山东南山铝业股份有限公司关于控股股东非公开发行可交换公司债券（第一期）（品种一）摘牌完成的公告,山东南山铝业股份有限公司关于控股股东非公开发行可交换公司债券（第一期）（品种一）摘牌完成的公告,ok
cninfo_disclosure,http://www.cninfo.com.cn/new/disclosure/detail?stockCode=600219&announcementId=1224850617&orgId=gssh0600219&announcementTime=2025-12-05,2025-12-05 00:00:00,600219,600219,山东南山铝业股份有限公司2025年临时权益分派实施公告,山东南山铝业股份有限公司2025年临时权益分派实施公告,ok
cninfo_disclosure,http://www.cninfo.com.cn/new/disclosure/detail?stockCode=600219&announcementId=1224850614&orgId=gssh0600219&announcementTime=2025-12-05,2025-12-05 00:00:00,600219,600219,北京浩天律师事务所关于山东南山铝业股份有限公司差异化分红相关事项的法律意见书,北京浩天律师事务所关于山东南山铝业股份有限公司差异化分红相关事项的法律意见书,ok
cninfo_disclosure,http://www.cninfo.com.cn/new/disclosure/detail?stockCode=600219&announcementId=1224842767&orgId=gssh0600219&announcementTime=2025-12-03,2025-12-03 00:00:00,600219,600219,山东南山铝业股份有限公司关于以集中竞价交易方式回购股份的进展公告,山东南山铝业股份有限公司关于以集中竞价交易方式回购股份的进展公告,ok
eastmoney_stock_news,http://finance.eastmoney.com/a/202606103766792144.html,2026-06-10 17:37:00,000933,000933,解密主力资金出逃股 连续5日净流出684股,7 5.94 8.83 -6.16 000060 中金岭南 5 5.85 6.75 -14.93 601390 中国中铁 7 5.76 16.31 -6.85 688271 联影医疗 9 5.58 7.26 -9.46 300265 通光线缆 7 5.12 4.43 -9.53 000933,ok
eastmoney_stock_news,http://finance.eastmoney.com/a/202606093765151890.html,2026-06-09 16:36:00,000933,000933,煤炭概念下跌1.04%，8股主力资金净流出超亿元,-12193.19 000983 山西焦煤 -0.93 2.03 -12097.47 601666 平煤股份 -2.97 4.11 -11782.92 600256 广汇能源 -5.65 2.86 -10562.29 600726 华电能源 2.84 4.57 -8343.12 000933,ok
eastmoney_stock_news,http://finance.eastmoney.com/a/202606093765150767.html,2026-06-09 16:35:00,000933,000933,解密主力资金出逃股 连续5日净流出652股,10.54 -24.31 600685 中船防务 21 4.81 5.85 -19.88 300290 荣科科技 17 4.53 7.89 -37.98 600331 宏达股份 5 4.46 12.20 -15.62 300773 拉卡拉 10 4.46 7.26 -14.55 000933,ok
eastmoney_stock_news,http://finance.eastmoney.com/a/202606053761323566.html,2026-06-05 09:36:00,000933,000933,杠杆资金大手笔加仓股名单,5.75 汽车 300903 科翔股份 5.40 15871.84 216090.24 8.86 电子 000988 华工科技 2.57 15337.80 1107753.56 6.96 机械设备 600188 兖矿能源 5.01 14747.77 59651.35 0.37 煤炭 000933,ok
eastmoney_stock_news,http://finance.eastmoney.com/a/202606043760474882.html,2026-06-04 16:54:00,000933,000933,有色金属行业6月4日资金流向日报,24785.51 000426 兴业银锡 -5.20 3.93 -23660.75 600547 山东黄金 -2.31 1.05 -21052.02 002192 融捷股份 -3.74 6.99 -20950.85 000060 中金岭南 -4.53 6.33 -20873.86 000933,ok
eastmoney_stock_news,http://finance.eastmoney.com/a/202605283752660526.html,2026-05-28 14:05:47,000933,000933,分红季|红利质量（931468.CSI）有多只成分股5月28日进行股权登记,数据显示，神火股份（000933.SZ）、康华生物（300841.SZ）和药明康德（603259.SH）均是红利质量（931468.CSI）指数成分股。,ok
eastmoney_stock_news,http://finance.eastmoney.com/a/202605253748146764.html,2026-05-25 15:45:25,000933,000933,公司近期是否有铝锭库存？神火股份：公司电解铝产品实行零库存战略,神火股份（000933.SZ）5月25日在投资者互动平台表示，公司电解铝产品实行零库存战略，定价方式为随行就市。,ok
eastmoney_stock_news,http://finance.eastmoney.com/a/202606043760367344.html,2026-06-04 15:21:00,000933,000933,A股弱势震荡收跌，半导体产业链逆势走强,有色金属跌幅靠前，中国铝业（601600）、天山铝业（002532）、锌业股份（000751）、宏桥控股（002379）、神火股份（000933）、罗平锌电（002114）等跌超6%。,ok
eastmoney_stock_news,http://finance.eastmoney.com/a/202605253748147169.html,2026-05-25 15:45:20,000933,000933,神火股份：神火木垒项目预计6月底实现全容量并网,神火股份（000933.SZ）5月25日在投资者互动平台表示，为解决公司全资子公司新疆神火煤电有限公司可再生能源消纳问题，实现其自备电厂一定比例的绿电替代目标，投资建设了80万千瓦风电项目，该项目预计6月底实现全容量并网。,ok
cninfo_disclosure,http://www.cninfo.com.cn/new/disclosure/detail?stockCode=000933&announcementId=1225322680&orgId=gssz0000933&announcementTime=2026-05-22 00:00:00,2026-05-22 00:00:00,000933,000933,河南神火煤电股份有限公司2025年年度权益分派实施公告,河南神火煤电股份有限公司2025年年度权益分派实施公告,ok
cninfo_disclosure,http://www.cninfo.com.cn/new/disclosure/detail?stockCode=000933&announcementId=1225314858&orgId=gssz0000933&announcementTime=2026-05-19 00:00:00,2026-05-19 00:00:00,000933,000933,河南亚太人律师事务所关于河南神火煤电股份有限公司2026年第二次临时股东会的法律意见书,河南亚太人律师事务所关于河南神火煤电股份有限公司2026年第二次临时股东会的法律意见书,ok
cninfo_disclosure,http://www.cninfo.com.cn/new/disclosure/detail?stockCode=000933&announcementId=1225314857&orgId=gssz0000933&announcementTime=2026-05-19 00:00:00,2026-05-19 00:00:00,000933,000933,河南神火煤电股份有限公司2026年第二次临时股东会决议公告,河南神火煤电股份有限公司2026年第二次临时股东会决议公告,ok
cninfo_disclosure,http://www.cninfo.com.cn/new/disclosure/detail?stockCode=000933&announcementId=1225314856&orgId=gssz0000933&announcementTime=2026-05-19 00:00:00,2026-05-19 00:00:00,000933,000933,河南神火煤电股份有限公司董事会第十届一次会议决议公告,河南神火煤电股份有限公司董事会第十届一次会议决议公告,ok
cninfo_disclosure,http://www.cninfo.com.cn/new/disclosure/detail?stockCode=000933&announcementId=1225262397&orgId=gssz0000933&announcementTime=2026-04-30 00:00:00,2026-04-30 00:00:00,000933,000933,河南神火煤电股份有限公司独立董事提名人声明与承诺（秦永慧）,河南神火煤电股份有限公司独立董事提名人声明与承诺（秦永慧）,ok
cninfo_disclosure,http://www.cninfo.com.cn/new/disclosure/detail?stockCode=000933&announcementId=1225262396&orgId=gssz0000933&announcementTime=2026-04-30 00:00:00,2026-04-30 00:00:00,000933,000933,河南神火煤电股份有限公司独立董事候选人声明与承诺（鲁清仿）,河南神火煤电股份有限公司独立董事候选人声明与承诺（鲁清仿）,ok
cninfo_disclosure,http://www.cninfo.com.cn/new/disclosure/detail?stockCode=000933&announcementId=1225262395&orgId=gssz0000933&announcementTime=2026-04-30 00:00:00,2026-04-30 00:00:00,000933,000933,河南神火煤电股份有限公司独立董事提名人声明与承诺（钱世政）,河南神火煤电股份有限公司独立董事提名人声明与承诺（钱世政）,ok
cninfo_disclosure,http://www.cninfo.com.cn/new/disclosure/detail?stockCode=000933&announcementId=1225262394&orgId=gssz0000933&announcementTime=2026-04-30 00:00:00,2026-04-30 00:00:00,000933,000933,河南神火煤电股份有限公司独立董事提名人声明与承诺（王生龙）,河南神火煤电股份有限公司独立董事提名人声明与承诺（王生龙）,ok
cninfo_disclosure,http://www.cninfo.com.cn/new/disclosure/detail?stockCode=000933&announcementId=1225262393&orgId=gssz0000933&announcementTime=2026-04-30 00:00:00,2026-04-30 00:00:00,000933,000933,河南神火煤电股份有限公司独立董事提名人声明与承诺（熊慧）,河南神火煤电股份有限公司独立董事提名人声明与承诺（熊慧）,ok
cninfo_disclosure,http://www.cninfo.com.cn/new/disclosure/detail?stockCode=000933&announcementId=1225262392&orgId=gssz0000933&announcementTime=2026-04-30 00:00:00,2026-04-30 00:00:00,000933,000933,河南神火煤电股份有限公司独立董事提名人声明与承诺（鲁清仿）,河南神火煤电股份有限公司独立董事提名人声明与承诺（鲁清仿）,ok
cninfo_disclosure,http://www.cninfo.com.cn/new/disclosure/detail?stockCode=000933&announcementId=1225262391&orgId=gssz0000933&announcementTime=2026-04-30 00:00:00,2026-04-30 00:00:00,000933,000933,河南神火煤电股份有限公司独立董事候选人声明与承诺（秦永慧）,河南神火煤电股份有限公司独立董事候选人声明与承诺（秦永慧）,ok
cninfo_disclosure,http://www.cninfo.com.cn/new/disclosure/detail?stockCode=000933&announcementId=1225262390&orgId=gssz0000933&announcementTime=2026-04-30 00:00:00,2026-04-30 00:00:00,000933,000933,河南神火煤电股份有限公司独立董事候选人声明与承诺（钱世政）,河南神火煤电股份有限公司独立董事候选人声明与承诺（钱世政）,ok
cninfo_disclosure,http://www.cninfo.com.cn/new/disclosure/detail?stockCode=000933&announcementId=1225262389&orgId=gssz0000933&announcementTime=2026-04-30 00:00:00,2026-04-30 00:00:00,000933,000933,河南神火煤电股份有限公司独立董事候选人声明与承诺（王生龙）,河南神火煤电股份有限公司独立董事候选人声明与承诺（王生龙）,ok
cninfo_disclosure,http://www.cninfo.com.cn/new/disclosure/detail?stockCode=000933&announcementId=1225262388&orgId=gssz0000933&announcementTime=2026-04-30 00:00:00,2026-04-30 00:00:00,000933,000933,河南神火煤电股份有限公司独立董事候选人声明与承诺（熊慧）,河南神火煤电股份有限公司独立董事候选人声明与承诺（熊慧）,ok
cninfo_disclosure,http://www.cninfo.com.cn/new/disclosure/detail?stockCode=000933&announcementId=1225262387&orgId=gssz0000933&announcementTime=2026-04-30 00:00:00,2026-04-30 00:00:00,000933,000933,河南神火煤电股份有限公司关于董事会换届选举的公告,河南神火煤电股份有限公司关于董事会换届选举的公告,ok
cninfo_disclosure,http://www.cninfo.com.cn/new/disclosure/detail?stockCode=000933&announcementId=1225262386&orgId=gssz0000933&announcementTime=2026-04-30 00:00:00,2026-04-30 00:00:00,000933,000933,河南神火煤电股份有限公司关于召开2026年第二次临时股东会的通知,河南神火煤电股份有限公司关于召开2026年第二次临时股东会的通知,ok
cninfo_disclosure,http://www.cninfo.com.cn/new/disclosure/detail?stockCode=000933&announcementId=1225262385&orgId=gssz0000933&announcementTime=2026-04-30 00:00:00,2026-04-30 00:00:00,000933,000933,河南神火煤电股份有限公司董事会第九届三十次会议决议公告,河南神火煤电股份有限公司董事会第九届三十次会议决议公告,ok
cninfo_disclosure,http://www.cninfo.com.cn/new/disclosure/detail?stockCode=000933&announcementId=1225113158&orgId=gssz0000933&announcementTime=2026-04-17 00:00:00,2026-04-17 00:00:00,000933,000933,河南神火煤电股份有限公司关于持股5%以上股东减持股份预披露公告,河南神火煤电股份有限公司关于持股5%以上股东减持股份预披露公告,ok
cninfo_disclosure,http://www.cninfo.com.cn/new/disclosure/detail?stockCode=000933&announcementId=1225103652&orgId=gssz0000933&announcementTime=2026-04-15 00:00:00,2026-04-15 00:00:00,000933,000933,河南神火煤电股份有限公司董事、高级管理人员薪酬管理制度,河南神火煤电股份有限公司董事、高级管理人员薪酬管理制度,ok
cninfo_disclosure,http://www.cninfo.com.cn/new/disclosure/detail?stockCode=000933&announcementId=1225103651&orgId=gssz0000933&announcementTime=2026-04-15 00:00:00,2026-04-15 00:00:00,000933,000933,河南亚太人律师事务所关于河南神火煤电股份有限公司2025年度股东会的法律意见书,河南亚太人律师事务所关于河南神火煤电股份有限公司2025年度股东会的法律意见书,ok
cninfo_disclosure,http://www.cninfo.com.cn/new/disclosure/detail?stockCode=000933&announcementId=1225103650&orgId=gssz0000933&announcementTime=2026-04-15 00:00:00,2026-04-15 00:00:00,000933,000933,河南神火煤电股份有限公司2025年度股东会决议公告,河南神火煤电股份有限公司2025年度股东会决议公告,ok
cninfo_disclosure,http://www.cninfo.com.cn/new/disclosure/detail?stockCode=000933&announcementId=1225098881&orgId=gssz0000933&announcementTime=2026-04-14 00:00:00,2026-04-14 00:00:00,000933,000933,河南神火煤电股份有限公司董事会第九届二十九次会议决议公告,河南神火煤电股份有限公司董事会第九届二十九次会议决议公告,ok
cninfo_disclosure,http://www.cninfo.com.cn/new/disclosure/detail?stockCode=000933&announcementId=1225098879&orgId=gssz0000933&announcementTime=2026-04-14 00:00:00,2026-04-14 00:00:00,000933,000933,2026年一季度报告,2026年一季度报告,ok
cninfo_disclosure,http://www.cninfo.com.cn/new/disclosure/detail?stockCode=000933&announcementId=1225082256&orgId=gssz0000933&announcementTime=2026-04-08 00:00:00,2026-04-08 00:00:00,000933,000933,河南神火煤电股份有限公司2026年第一季度业绩预增公告,河南神火煤电股份有限公司2026年第一季度业绩预增公告,ok
cninfo_disclosure,http://www.cninfo.com.cn/new/disclosure/detail?stockCode=000933&announcementId=1225066597&orgId=gssz0000933&announcementTime=2026-04-01 00:00:00,2026-04-01 00:00:00,000933,000933,河南神火煤电股份有限公司关于召开2025年度业绩说明会并征集问题的公告,河南神火煤电股份有限公司关于召开2025年度业绩说明会并征集问题的公告,ok
cninfo_disclosure,http://www.cninfo.com.cn/new/disclosure/detail?stockCode=000933&announcementId=1225026966&orgId=gssz0000933&announcementTime=2026-03-25 00:00:00,2026-03-25 00:00:00,000933,000933,河南神火煤电股份有限公司关于召开2025年度股东会的通知（更正后）,河南神火煤电股份有限公司关于召开2025年度股东会的通知（更正后）,ok
cninfo_disclosure,http://www.cninfo.com.cn/new/disclosure/detail?stockCode=000933&announcementId=1225026965&orgId=gssz0000933&announcementTime=2026-03-25 00:00:00,2026-03-25 00:00:00,000933,000933,河南神火煤电股份有限公司关于召开2025年度股东会的通知的更正公告,河南神火煤电股份有限公司关于召开2025年度股东会的通知的更正公告,ok
cninfo_disclosure,http://www.cninfo.com.cn/new/disclosure/detail?stockCode=000933&announcementId=1225026220&orgId=gssz0000933&announcementTime=2026-03-24 00:00:00,2026-03-24 00:00:00,000933,000933,河南神火煤电股份有限公司2025年度财务决算报告,河南神火煤电股份有限公司2025年度财务决算报告,ok
cninfo_disclosure,http://www.cninfo.com.cn/new/disclosure/detail?stockCode=000933&announcementId=1225026219&orgId=gssz0000933&announcementTime=2026-03-24 00:00:00,2026-03-24 00:00:00,000933,000933,河南神火煤电股份有限公司关于向金融机构申请综合授信额度的公告,河南神火煤电股份有限公司关于向金融机构申请综合授信额度的公告,ok
cninfo_disclosure,http://www.cninfo.com.cn/new/disclosure/detail?stockCode=000933&announcementId=1225026218&orgId=gssz0000933&announcementTime=2026-03-24 00:00:00,2026-03-24 00:00:00,000933,000933,河南神火煤电股份有限公司关于确认高级管理人员2025年度薪酬的公告,河南神火煤电股份有限公司关于确认高级管理人员2025年度薪酬的公告,ok
cninfo_disclosure,http://www.cninfo.com.cn/new/disclosure/detail?stockCode=000933&announcementId=1225026217&orgId=gssz0000933&announcementTime=2026-03-24 00:00:00,2026-03-24 00:00:00,000933,000933,河南神火煤电股份有限公司董事会审计委员会2025年度履职情况报告,河南神火煤电股份有限公司董事会审计委员会2025年度履职情况报告,ok
cninfo_disclosure,http://www.cninfo.com.cn/new/disclosure/detail?stockCode=000933&announcementId=1225026216&orgId=gssz0000933&announcementTime=2026-03-24 00:00:00,2026-03-24 00:00:00,000933,000933,河南神火煤电股份有限公司2025年度董事会工作报告,河南神火煤电股份有限公司2025年度董事会工作报告,ok
cninfo_disclosure,http://www.cninfo.com.cn/new/disclosure/detail?stockCode=000933&announcementId=1225026215&orgId=gssz0000933&announcementTime=2026-03-24 00:00:00,2026-03-24 00:00:00,000933,000933,河南神火煤电股份有限公司关于续聘2026年度审计中介机构及年度审计费用的公告,河南神火煤电股份有限公司关于续聘2026年度审计中介机构及年度审计费用的公告,ok
cninfo_disclosure,http://www.cninfo.com.cn/new/disclosure/detail?stockCode=000933&announcementId=1225026214&orgId=gssz0000933&announcementTime=2026-03-24 00:00:00,2026-03-24 00:00:00,000933,000933,河南神火煤电股份有限公司独立董事（秦永慧）2025年度述职报告,河南神火煤电股份有限公司独立董事（秦永慧）2025年度述职报告,ok
cninfo_disclosure,http://www.cninfo.com.cn/new/disclosure/detail?stockCode=000933&announcementId=1225026213&orgId=gssz0000933&announcementTime=2026-03-24 00:00:00,2026-03-24 00:00:00,000933,000933,河南神火煤电股份有限公司独立董事（文献军）2025年度述职报告,河南神火煤电股份有限公司独立董事（文献军）2025年度述职报告,ok
cninfo_disclosure,http://www.cninfo.com.cn/new/disclosure/detail?stockCode=000933&announcementId=1225026212&orgId=gssz0000933&announcementTime=2026-03-24 00:00:00,2026-03-24 00:00:00,000933,000933,河南神火煤电股份有限公司独立董事（谷秀娟）2025年度述职报告,河南神火煤电股份有限公司独立董事（谷秀娟）2025年度述职报告,ok
cninfo_disclosure,http://www.cninfo.com.cn/new/disclosure/detail?stockCode=000933&announcementId=1225026211&orgId=gssz0000933&announcementTime=2026-03-24 00:00:00,2026-03-24 00:00:00,000933,000933,河南神火煤电股份有限公司独立董事（徐学锋）2025年度述职报告,河南神火煤电股份有限公司独立董事（徐学锋）2025年度述职报告,ok
cninfo_disclosure,http://www.cninfo.com.cn/new/disclosure/detail?stockCode=000933&announcementId=1225026210&orgId=gssz0000933&announcementTime=2026-03-24 00:00:00,2026-03-24 00:00:00,000933,000933,河南神火煤电股份有限公司独立董事（黄国良）2025年度述职报告,河南神火煤电股份有限公司独立董事（黄国良）2025年度述职报告,ok
cninfo_disclosure,http://www.cninfo.com.cn/new/disclosure/detail?stockCode=000933&announcementId=1225026209&orgId=gssz0000933&announcementTime=2026-03-24 00:00:00,2026-03-24 00:00:00,000933,000933,河南神火煤电股份有限公司2025年度社会责任报告,河南神火煤电股份有限公司2025年度社会责任报告,ok
cninfo_disclosure,http://www.cninfo.com.cn/new/disclosure/detail?stockCode=000933&announcementId=1225026208&orgId=gssz0000933&announcementTime=2026-03-24 00:00:00,2026-03-24 00:00:00,000933,000933,内部控制审计报告-安永华明（2026）专字第70027664_R01号,内部控制审计报告-安永华明（2026）专字第70027664_R01号,ok
cninfo_disclosure,http://www.cninfo.com.cn/new/disclosure/detail?stockCode=000933&announcementId=1225026207&orgId=gssz0000933&announcementTime=2026-03-24 00:00:00,2026-03-24 00:00:00,000933,000933,河南神火煤电股份有限公司2025年度内部控制评价报告,河南神火煤电股份有限公司2025年度内部控制评价报告,ok
cninfo_disclosure,http://www.cninfo.com.cn/new/disclosure/detail?stockCode=000933&announcementId=1225026206&orgId=gssz0000933&announcementTime=2026-03-24 00:00:00,2026-03-24 00:00:00,000933,000933,河南神火煤电股份有限公司全面预算管理办法（2026年3月修订）,河南神火煤电股份有限公司全面预算管理办法（2026年3月修订）,ok
cninfo_disclosure,http://www.cninfo.com.cn/new/disclosure/detail?stockCode=000933&announcementId=1225026205&orgId=gssz0000933&announcementTime=2026-03-24 00:00:00,2026-03-24 00:00:00,000933,000933,关于“质量回报双提升”行动方案的进展公告,关于“质量回报双提升”行动方案的进展公告,ok
cninfo_disclosure,http://www.cninfo.com.cn/new/disclosure/detail?stockCode=000933&announcementId=1225026204&orgId=gssz0000933&announcementTime=2026-03-24 00:00:00,2026-03-24 00:00:00,000933,000933,河南神火煤电股份有限公司关于计提资产减值准备的公告,河南神火煤电股份有限公司关于计提资产减值准备的公告,ok
cninfo_disclosure,http://www.cninfo.com.cn/new/disclosure/detail?stockCode=000933&announcementId=1225026203&orgId=gssz0000933&announcementTime=2026-03-24 00:00:00,2026-03-24 00:00:00,000933,000933,河南神火煤电股份有限公司关于2026年度日常关联交易预计情况的公告,河南神火煤电股份有限公司关于2026年度日常关联交易预计情况的公告,ok
cninfo_disclosure,http://www.cninfo.com.cn/new/disclosure/detail?stockCode=000933&announcementId=1225026202&orgId=gssz0000933&announcementTime=2026-03-24 00:00:00,2026-03-24 00:00:00,000933,000933,河南神火煤电股份有限公司关于2026年度向参股公司提供贷款担保额度的公告,河南神火煤电股份有限公司关于2026年度向参股公司提供贷款担保额度的公告,ok
cninfo_disclosure,http://www.cninfo.com.cn/new/disclosure/detail?stockCode=000933&announcementId=1225026201&orgId=gssz0000933&announcementTime=2026-03-24 00:00:00,2026-03-24 00:00:00,000933,000933,河南神火煤电股份有限公司关于2026年度对外捐赠预算的公告,河南神火煤电股份有限公司关于2026年度对外捐赠预算的公告,ok
cninfo_disclosure,http://www.cninfo.com.cn/new/disclosure/detail?stockCode=000933&announcementId=1225026200&orgId=gssz0000933&announcementTime=2026-03-24 00:00:00,2026-03-24 00:00:00,000933,000933,河南神火煤电股份有限公司关于2026年度向子公司及子公司间提供贷款担保额度的公告,河南神火煤电股份有限公司关于2026年度向子公司及子公司间提供贷款担保额度的公告,ok
cninfo_disclosure,http://www.cninfo.com.cn/new/disclosure/detail?stockCode=000933&announcementId=1225026199&orgId=gssz0000933&announcementTime=2026-03-24 00:00:00,2026-03-24 00:00:00,000933,000933,河南神火煤电股份有限公司关于开展套期保值业务的可行性分析,河南神火煤电股份有限公司关于开展套期保值业务的可行性分析,ok
cninfo_disclosure,http://www.cninfo.com.cn/new/disclosure/detail?stockCode=000933&announcementId=1225026198&orgId=gssz0000933&announcementTime=2026-03-24 00:00:00,2026-03-24 00:00:00,000933,000933,河南神火煤电股份有限关于2026年度继续开展商品期货套期保值业务的公告,河南神火煤电股份有限关于2026年度继续开展商品期货套期保值业务的公告,ok
cninfo_disclosure,http://www.cninfo.com.cn/new/disclosure/detail?stockCode=000933&announcementId=1225026197&orgId=gssz0000933&announcementTime=2026-03-24 00:00:00,2026-03-24 00:00:00,000933,000933,河南神火煤电股份有限公司关于召开2025年度股东会的通知,河南神火煤电股份有限公司关于召开2025年度股东会的通知,ok
cninfo_disclosure,http://www.cninfo.com.cn/new/disclosure/detail?stockCode=000933&announcementId=1225026196&orgId=gssz0000933&announcementTime=2026-03-24 00:00:00,2026-03-24 00:00:00,000933,000933,河南神火煤电股份有限公司董事会第九届二十八次会议决议公告,河南神火煤电股份有限公司董事会第九届二十八次会议决议公告,ok
cninfo_disclosure,http://www.cninfo.com.cn/new/disclosure/detail?stockCode=000933&announcementId=1225026195&orgId=gssz0000933&announcementTime=2026-03-24 00:00:00,2026-03-24 00:00:00,000933,000933,河南神火煤电股份有限公司关于2025年度利润分配预案的公告,河南神火煤电股份有限公司关于2025年度利润分配预案的公告,ok
cninfo_disclosure,http://www.cninfo.com.cn/new/disclosure/detail?stockCode=000933&announcementId=1225026194&orgId=gssz0000933&announcementTime=2026-03-24 00:00:00,2026-03-24 00:00:00,000933,000933,河南神火煤电股份有限公司关于会计师事务所2025年度审计履职的评估报告暨董事会审计委员会履行监督职责情况报告,河南神火煤电股份有限公司关于会计师事务所2025年度审计履职的评估报告暨董事会审计委员会履行监督职责情况报告,ok
cninfo_disclosure,http://www.cninfo.com.cn/new/disclosure/detail?stockCode=000933&announcementId=1225026193&orgId=gssz0000933&announcementTime=2026-03-24 00:00:00,2026-03-24 00:00:00,000933,000933,非经营性资金占用专项说明-安永华明（2026）专字第70027664_R02号,非经营性资金占用专项说明-安永华明（2026）专字第70027664_R02号,ok
cninfo_disclosure,http://www.cninfo.com.cn/new/disclosure/detail?stockCode=000933&announcementId=1225026192&orgId=gssz0000933&announcementTime=2026-03-24 00:00:00,2026-03-24 00:00:00,000933,000933,河南神火煤电股份有限公司非经营性资金占用及其他关联资金往来情况汇总表,河南神火煤电股份有限公司非经营性资金占用及其他关联资金往来情况汇总表,ok
cninfo_disclosure,http://www.cninfo.com.cn/new/disclosure/detail?stockCode=000933&announcementId=1225026191&orgId=gssz0000933&announcementTime=2026-03-24 00:00:00,2026-03-24 00:00:00,000933,000933,河南神火煤电股份有限公司董事会关于独立董事独立性情况的专项意见,河南神火煤电股份有限公司董事会关于独立董事独立性情况的专项意见,ok
cninfo_disclosure,http://www.cninfo.com.cn/new/disclosure/detail?stockCode=000933&announcementId=1225026190&orgId=gssz0000933&announcementTime=2026-03-24 00:00:00,2026-03-24 00:00:00,000933,000933,2025年年度审计报告,2025年年度审计报告,ok
cninfo_disclosure,http://www.cninfo.com.cn/new/disclosure/detail?stockCode=000933&announcementId=1225026188&orgId=gssz0000933&announcementTime=2026-03-24 00:00:00,2026-03-24 00:00:00,000933,000933,2025年年度报告,2025年年度报告,ok
cninfo_disclosure,http://www.cninfo.com.cn/new/disclosure/detail?stockCode=000933&announcementId=1225026187&orgId=gssz0000933&announcementTime=2026-03-24 00:00:00,2026-03-24 00:00:00,000933,000933,2025年年度报告摘要,2025年年度报告摘要,ok
cninfo_disclosure,http://www.cninfo.com.cn/new/disclosure/detail?stockCode=000933&announcementId=1225009240&orgId=gssz0000933&announcementTime=2026-03-14 00:00:00,2026-03-14 00:00:00,000933,000933,河南亚太人律师事务所关于河南神火煤电股份有限公司2026年第一次临时股东会的法律意见书,河南亚太人律师事务所关于河南神火煤电股份有限公司2026年第一次临时股东会的法律意见书,ok
cninfo_disclosure,http://www.cninfo.com.cn/new/disclosure/detail?stockCode=000933&announcementId=1225009239&orgId=gssz0000933&announcementTime=2026-03-14 00:00:00,2026-03-14 00:00:00,000933,000933,河南神火煤电股份有限公司2026年第一次临时股东会决议公告,河南神火煤电股份有限公司2026年第一次临时股东会决议公告,ok
cninfo_disclosure,http://www.cninfo.com.cn/new/disclosure/detail?stockCode=000933&announcementId=1225009238&orgId=gssz0000933&announcementTime=2026-03-14 00:00:00,2026-03-14 00:00:00,000933,000933,河南神火煤电股份有限公司董事会第九届二十七次会议决议公告,河南神火煤电股份有限公司董事会第九届二十七次会议决议公告,ok
cninfo_disclosure,http://www.cninfo.com.cn/new/disclosure/detail?stockCode=000933&announcementId=1224983392&orgId=gssz0000933&announcementTime=2026-02-25 00:00:00,2026-02-25 00:00:00,000933,000933,河南神火煤电股份有限公司关于董事长离任暨补选董事的公告,河南神火煤电股份有限公司关于董事长离任暨补选董事的公告,ok
cninfo_disclosure,http://www.cninfo.com.cn/new/disclosure/detail?stockCode=000933&announcementId=1224983391&orgId=gssz0000933&announcementTime=2026-02-25 00:00:00,2026-02-25 00:00:00,000933,000933,河南神火煤电股份有限公司关于召开2026年第一次临时股东会的通知,河南神火煤电股份有限公司关于召开2026年第一次临时股东会的通知,ok
cninfo_disclosure,http://www.cninfo.com.cn/new/disclosure/detail?stockCode=000933&announcementId=1224983390&orgId=gssz0000933&announcementTime=2026-02-25 00:00:00,2026-02-25 00:00:00,000933,000933,河南神火煤电股份有限公司董事会第九届二十六次会议决议公告,河南神火煤电股份有限公司董事会第九届二十六次会议决议公告,ok
cninfo_disclosure,http://www.cninfo.com.cn/new/disclosure/detail?stockCode=000933&announcementId=1224976881&orgId=gssz0000933&announcementTime=2026-02-12 00:00:00,2026-02-12 00:00:00,000933,000933,河南神火煤电股份有限公司关于部分高级管理人员减持计划期限届满暨减持结果的公告,河南神火煤电股份有限公司关于部分高级管理人员减持计划期限届满暨减持结果的公告,ok
cninfo_disclosure,http://www.cninfo.com.cn/new/disclosure/detail?stockCode=000933&announcementId=1224892115&orgId=gssz0000933&announcementTime=2025-12-23 00:00:00,2025-12-23 00:00:00,000933,000933,河南神火煤电股份有限公司证券投资管理制度,河南神火煤电股份有限公司证券投资管理制度,ok
cninfo_disclosure,http://www.cninfo.com.cn/new/disclosure/detail?stockCode=000933&announcementId=1224892114&orgId=gssz0000933&announcementTime=2025-12-23 00:00:00,2025-12-23 00:00:00,000933,000933,河南神火煤电股份有限公司关于副总经理、总工程师辞职的公告,河南神火煤电股份有限公司关于副总经理、总工程师辞职的公告,ok
cninfo_disclosure,http://www.cninfo.com.cn/new/disclosure/detail?stockCode=000933&announcementId=1224892113&orgId=gssz0000933&announcementTime=2025-12-23 00:00:00,2025-12-23 00:00:00,000933,000933,河南神火煤电股份有限公司董事会第九届二十四次会议决议公告,河南神火煤电股份有限公司董事会第九届二十四次会议决议公告,ok
cninfo_disclosure,http://www.cninfo.com.cn/new/disclosure/detail?stockCode=000933&announcementId=1224844357&orgId=gssz0000933&announcementTime=2025-12-03 00:00:00,2025-12-03 00:00:00,000933,000933,河南神火煤电股份有限公司关于股份回购实施完成暨股份变动的公告,河南神火煤电股份有限公司关于股份回购实施完成暨股份变动的公告,ok
cninfo_disclosure,http://www.cninfo.com.cn/new/disclosure/detail?stockCode=000933&announcementId=1224841116&orgId=gssz0000933&announcementTime=2025-12-02 00:00:00,2025-12-02 00:00:00,000933,000933,河南神火煤电股份有限公司关于变更持续督导保荐代表人的公告,河南神火煤电股份有限公司关于变更持续督导保荐代表人的公告,ok
cninfo_disclosure,http://www.cninfo.com.cn/new/disclosure/detail?stockCode=000933&announcementId=1224841115&orgId=gssz0000933&announcementTime=2025-12-02 00:00:00,2025-12-02 00:00:00,000933,000933,河南神火煤电股份有限公司以募集资金置换预先已投入自筹资金鉴证报告,河南神火煤电股份有限公司以募集资金置换预先已投入自筹资金鉴证报告,ok
cninfo_disclosure,http://www.cninfo.com.cn/new/disclosure/detail?stockCode=000933&announcementId=1224841114&orgId=gssz0000933&announcementTime=2025-12-02 00:00:00,2025-12-02 00:00:00,000933,000933,中信建投证券股份有限公司关于河南神火煤电股份有限公司补充确认使用自有资金、银行承兑汇票支付募投项目所需资金并以募集资金等额置换的专项核查意见,中信建投证券股份有限公司关于河南神火煤电股份有限公司补充确认使用自有资金、银行承兑汇票支付募投项目所需资金并以募集资金等额置换的专项核查意见,ok
cninfo_disclosure,http://www.cninfo.com.cn/new/disclosure/detail?stockCode=000933&announcementId=1224841113&orgId=gssz0000933&announcementTime=2025-12-02 00:00:00,2025-12-02 00:00:00,000933,000933,河南神火煤电股份有限公司关于补充确认使用自有资金、银行承兑汇票支付募投项目所需资金并以募集资金等额置换的公告,河南神火煤电股份有限公司关于补充确认使用自有资金、银行承兑汇票支付募投项目所需资金并以募集资金等额置换的公告,ok
cninfo_disclosure,http://www.cninfo.com.cn/new/disclosure/detail?stockCode=000933&announcementId=1224841112&orgId=gssz0000933&announcementTime=2025-12-02 00:00:00,2025-12-02 00:00:00,000933,000933,河南神火煤电股份有限公司董事会第九届二十三次会议决议公告,河南神火煤电股份有限公司董事会第九届二十三次会议决议公告,ok
cninfo_disclosure,http://www.cninfo.com.cn/new/disclosure/detail?stockCode=000933&announcementId=1224841111&orgId=gssz0000933&announcementTime=2025-12-02 00:00:00,2025-12-02 00:00:00,000933,000933,河南神火煤电股份有限公司关于向全资子公司神火新材料科技有限公司增资的公告,河南神火煤电股份有限公司关于向全资子公司神火新材料科技有限公司增资的公告,ok
cninfo_disclosure,http://www.cninfo.com.cn/new/disclosure/detail?stockCode=000933&announcementId=1224823471&orgId=gssz0000933&announcementTime=2025-11-25 00:00:00,2025-11-25 00:00:00,000933,000933,河南神火煤电股份有限公司关于通过公开摘牌方式受让商丘新发投资有限公司所持神火新材料科技有限公司14.6869%股权的进展公告,河南神火煤电股份有限公司关于通过公开摘牌方式受让商丘新发投资有限公司所持神火新材料科技有限公司14.6869%股权的进展公告,ok
cninfo_disclosure,http://www.cninfo.com.cn/new/disclosure/detail?stockCode=000933&announcementId=1224783977&orgId=gssz0000933&announcementTime=2025-11-04 00:00:00,2025-11-04 00:00:00,000933,000933,河南神火煤电股份有限公司关于部分限制性股票回购注销完成的公告,河南神火煤电股份有限公司关于部分限制性股票回购注销完成的公告,ok
cninfo_disclosure,http://www.cninfo.com.cn/new/disclosure/detail?stockCode=000933&announcementId=1224783975&orgId=gssz0000933&announcementTime=2025-11-04 00:00:00,2025-11-04 00:00:00,000933,000933,河南神火煤电股份有限公司关于股份回购进展情况的公告,河南神火煤电股份有限公司关于股份回购进展情况的公告,ok
cninfo_disclosure,http://www.cninfo.com.cn/new/disclosure/detail?stockCode=601168&announcementId=1225357503&orgId=9900003262&announcementTime=2026-06-09 00:00:00,2026-06-09 00:00:00,601168,601168,西部矿业关于参加青海辖区上市公司2026年投资者网上集体接待日暨2025年度业绩说明会的公告,西部矿业关于参加青海辖区上市公司2026年投资者网上集体接待日暨2025年度业绩说明会的公告,ok
cninfo_disclosure,http://www.cninfo.com.cn/new/disclosure/detail?stockCode=601168&announcementId=1225346168&orgId=9900003262&announcementTime=2026-06-03 00:00:00,2026-06-03 00:00:00,601168,601168,西部矿业2025年年度权益分派实施公告,西部矿业2025年年度权益分派实施公告,ok
cninfo_disclosure,http://www.cninfo.com.cn/new/disclosure/detail?stockCode=601168&announcementId=1225226758&orgId=9900003262&announcementTime=2026-04-29 00:00:00,2026-04-29 00:00:00,601168,601168,西部矿业2026年第一季度报告,西部矿业2026年第一季度报告,ok
cninfo_disclosure,http://www.cninfo.com.cn/new/disclosure/detail?stockCode=601168&announcementId=1225204135&orgId=9900003262&announcementTime=2026-04-28 00:00:00,2026-04-28 00:00:00,601168,601168,西部矿业关于控股股东及其一致行动人权益变动触及1%刻度的提示性公告,西部矿业关于控股股东及其一致行动人权益变动触及1%刻度的提示性公告,ok
cninfo_disclosure,http://www.cninfo.com.cn/new/disclosure/detail?stockCode=601168&announcementId=1225136393&orgId=9900003262&announcementTime=2026-04-22 00:00:00,2026-04-22 00:00:00,601168,601168,西部矿业关于控股股东及其一致行动人权益变动触及1%刻度的提示性公告,西部矿业关于控股股东及其一致行动人权益变动触及1%刻度的提示性公告,ok
cninfo_disclosure,http://www.cninfo.com.cn/new/disclosure/detail?stockCode=601168&announcementId=1225136363&orgId=9900003262&announcementTime=2026-04-22 00:00:00,2026-04-22 00:00:00,601168,601168,西部矿业关于参加2025年报沪市主板培育新动能之基业长青集体业绩说明会的公告,西部矿业关于参加2025年报沪市主板培育新动能之基业长青集体业绩说明会的公告,ok
cninfo_disclosure,http://www.cninfo.com.cn/new/disclosure/detail?stockCode=601168&announcementId=1225106931&orgId=9900003262&announcementTime=2026-04-16 00:00:00,2026-04-16 00:00:00,601168,601168,西部矿业2025年年度股东会决议公告,西部矿业2025年年度股东会决议公告,ok
cninfo_disclosure,http://www.cninfo.com.cn/new/disclosure/detail?stockCode=601168&announcementId=1225106920&orgId=9900003262&announcementTime=2026-04-16 00:00:00,2026-04-16 00:00:00,601168,601168,青海树人律师事务所关于西部矿业股份有限公司2025年年度股东会之法律意见书,青海树人律师事务所关于西部矿业股份有限公司2025年年度股东会之法律意见书,ok
cninfo_disclosure,http://www.cninfo.com.cn/new/disclosure/detail?stockCode=601168&announcementId=1225106856&orgId=9900003262&announcementTime=2026-04-16 00:00:00,2026-04-16 00:00:00,601168,601168,西部矿业股份有限公司董事和高级管理人员薪酬管理制度,西部矿业股份有限公司董事和高级管理人员薪酬管理制度,ok
cninfo_disclosure,http://www.cninfo.com.cn/new/disclosure/detail?stockCode=601168&announcementId=1225082221&orgId=9900003262&announcementTime=2026-04-08 00:00:00,2026-04-08 00:00:00,601168,601168,西部矿业关于控股股东之一致行动人以专项贷款和自有资金增持公司股份计划的公告,西部矿业关于控股股东之一致行动人以专项贷款和自有资金增持公司股份计划的公告,ok
cninfo_disclosure,http://www.cninfo.com.cn/new/disclosure/detail?stockCode=601168&announcementId=1225072120&orgId=9900003262&announcementTime=2026-04-02 00:00:00,2026-04-02 00:00:00,601168,601168,西部矿业2025年年度股东会材料,西部矿业2025年年度股东会材料,ok
cninfo_disclosure,http://www.cninfo.com.cn/new/disclosure/detail?stockCode=601168&announcementId=1225030873&orgId=9900003262&announcementTime=2026-03-26 00:00:00,2026-03-26 00:00:00,601168,601168,西部矿业2025年年度报告摘要,西部矿业2025年年度报告摘要,ok
cninfo_disclosure,http://www.cninfo.com.cn/new/disclosure/detail?stockCode=601168&announcementId=1225030871&orgId=9900003262&announcementTime=2026-03-26 00:00:00,2026-03-26 00:00:00,601168,601168,西部矿业2025年度环境、社会及公司治理(ESG)报告摘要,西部矿业2025年度环境、社会及公司治理(ESG)报告摘要,ok
cninfo_disclosure,http://www.cninfo.com.cn/new/disclosure/detail?stockCode=601168&announcementId=1225030869&orgId=9900003262&announcementTime=2026-03-26 00:00:00,2026-03-26 00:00:00,601168,601168,德勤华永会计师事务所（特殊普通合伙)出具的西部矿业股份有限公司2025年度内部控制审计报告,德勤华永会计师事务所（特殊普通合伙)出具的西部矿业股份有限公司2025年度内部控制审计报告,ok
cninfo_disclosure,http://www.cninfo.com.cn/new/disclosure/detail?stockCode=601168&announcementId=1225030865&orgId=9900003262&announcementTime=2026-03-26 00:00:00,2026-03-26 00:00:00,601168,601168,西部矿业股份有限公司2025年度审计报告,西部矿业股份有限公司2025年度审计报告,ok
cninfo_disclosure,http://www.cninfo.com.cn/new/disclosure/detail?stockCode=601168&announcementId=1225030864&orgId=9900003262&announcementTime=2026-03-26 00:00:00,2026-03-26 00:00:00,601168,601168,西部矿业2025年度董事会审计与风控委员会履职报告,西部矿业2025年度董事会审计与风控委员会履职报告,ok
cninfo_disclosure,http://www.cninfo.com.cn/new/disclosure/detail?stockCode=601168&announcementId=1225030858&orgId=9900003262&announcementTime=2026-03-26 00:00:00,2026-03-26 00:00:00,601168,601168,西部矿业2025年度内部控制评价报告,西部矿业2025年度内部控制评价报告,ok
cninfo_disclosure,http://www.cninfo.com.cn/new/disclosure/detail?stockCode=601168&announcementId=1225030854&orgId=9900003262&announcementTime=2026-03-26 00:00:00,2026-03-26 00:00:00,601168,601168,德勤华永会计师事务所（特殊普通合伙)关于公司2025年度涉及财务公司关联交易的存贷款等金融业务的专项说明,德勤华永会计师事务所（特殊普通合伙)关于公司2025年度涉及财务公司关联交易的存贷款等金融业务的专项说明,ok
cninfo_disclosure,http://www.cninfo.com.cn/new/disclosure/detail?stockCode=601168&announcementId=1225030852&orgId=9900003262&announcementTime=2026-03-26 00:00:00,2026-03-26 00:00:00,601168,601168,西部矿业关于2025年末对外财务资助情况的公告,西部矿业关于2025年末对外财务资助情况的公告,ok
cninfo_disclosure,http://www.cninfo.com.cn/new/disclosure/detail?stockCode=601168&announcementId=1225030850&orgId=9900003262&announcementTime=2026-03-26 00:00:00,2026-03-26 00:00:00,601168,601168,德勤华永会计师事务所（特殊普通合伙)关于公司2025年度控股股东、实际控制人及其他关联方资金占用情况的专项说明,德勤华永会计师事务所（特殊普通合伙)关于公司2025年度控股股东、实际控制人及其他关联方资金占用情况的专项说明,ok
cninfo_disclosure,http://www.cninfo.com.cn/new/disclosure/detail?stockCode=601168&announcementId=1225030844&orgId=9900003262&announcementTime=2026-03-26 00:00:00,2026-03-26 00:00:00,601168,601168,西部矿业关于计提资产减值准备的公告,西部矿业关于计提资产减值准备的公告,ok
cninfo_disclosure,http://www.cninfo.com.cn/new/disclosure/detail?stockCode=601168&announcementId=1225030843&orgId=9900003262&announcementTime=2026-03-26 00:00:00,2026-03-26 00:00:00,601168,601168,2025年度独立董事述职报告（黄大泽）,2025年度独立董事述职报告（黄大泽）,ok
cninfo_disclosure,http://www.cninfo.com.cn/new/disclosure/detail?stockCode=601168&announcementId=1225030840&orgId=9900003262&announcementTime=2026-03-26 00:00:00,2026-03-26 00:00:00,601168,601168,关于公司控股子公司西部矿业集团财务有限公司的风险持续评估报告,关于公司控股子公司西部矿业集团财务有限公司的风险持续评估报告,ok
cninfo_disclosure,http://www.cninfo.com.cn/new/disclosure/detail?stockCode=601168&announcementId=1225030838&orgId=9900003262&announcementTime=2026-03-26 00:00:00,2026-03-26 00:00:00,601168,601168,西部矿业2025年度利润分配方案公告,西部矿业2025年度利润分配方案公告,ok
cninfo_disclosure,http://www.cninfo.com.cn/new/disclosure/detail?stockCode=601168&announcementId=1225030837&orgId=9900003262&announcementTime=2026-03-26 00:00:00,2026-03-26 00:00:00,601168,601168,西部矿业及董事会审计与风控委员会对德勤华永会计师事务所（特殊普通合伙）2025年度履职情况评估及履行监督职责情况的报告,西部矿业及董事会审计与风控委员会对德勤华永会计师事务所（特殊普通合伙）2025年度履职情况评估及履行监督职责情况的报告,ok
cninfo_disclosure,http://www.cninfo.com.cn/new/disclosure/detail?stockCode=601168&announcementId=1225030831&orgId=9900003262&announcementTime=2026-03-26 00:00:00,2026-03-26 00:00:00,601168,601168,西部矿业2025年年度报告,西部矿业2025年年度报告,ok
cninfo_disclosure,http://www.cninfo.com.cn/new/disclosure/detail?stockCode=601168&announcementId=1225030829&orgId=9900003262&announcementTime=2026-03-26 00:00:00,2026-03-26 00:00:00,601168,601168,2025年度独立董事述职报告（李计发）,2025年度独立董事述职报告（李计发）,ok
cninfo_disclosure,http://www.cninfo.com.cn/new/disclosure/detail?stockCode=601168&announcementId=1225030824&orgId=9900003262&announcementTime=2026-03-26 00:00:00,2026-03-26 00:00:00,601168,601168,西部矿业关于续购董监高责任险的公告,西部矿业关于续购董监高责任险的公告,ok
cninfo_disclosure,http://www.cninfo.com.cn/new/disclosure/detail?stockCode=601168&announcementId=1225030821&orgId=9900003262&announcementTime=2026-03-26 00:00:00,2026-03-26 00:00:00,601168,601168,西部矿业2025年度环境、社会及公司治理(ESG)报告,西部矿业2025年度环境、社会及公司治理(ESG)报告,ok
cninfo_disclosure,http://www.cninfo.com.cn/new/disclosure/detail?stockCode=601168&announcementId=1225030820&orgId=9900003262&announcementTime=2026-03-26 00:00:00,2026-03-26 00:00:00,601168,601168,西部矿业关于2025年度“提质增效重回报”行动方案执行评估报告的公告,西部矿业关于2025年度“提质增效重回报”行动方案执行评估报告的公告,ok
cninfo_disclosure,http://www.cninfo.com.cn/new/disclosure/detail?stockCode=601168&announcementId=1225030817&orgId=9900003262&announcementTime=2026-03-26 00:00:00,2026-03-26 00:00:00,601168,601168,关于开展期货和衍生品套期保值业务的可行性分析报告,关于开展期货和衍生品套期保值业务的可行性分析报告,ok
cninfo_disclosure,http://www.cninfo.com.cn/new/disclosure/detail?stockCode=601168&announcementId=1225030816&orgId=9900003262&announcementTime=2026-03-26 00:00:00,2026-03-26 00:00:00,601168,601168,西部矿业董事会关于独立董事独立性自查情况的专项意见,西部矿业董事会关于独立董事独立性自查情况的专项意见,ok
cninfo_disclosure,http://www.cninfo.com.cn/new/disclosure/detail?stockCode=601168&announcementId=1225030809&orgId=9900003262&announcementTime=2026-03-26 00:00:00,2026-03-26 00:00:00,601168,601168,西部矿业关于召开2025年年度股东会的通知,西部矿业关于召开2025年年度股东会的通知,ok
cninfo_disclosure,http://www.cninfo.com.cn/new/disclosure/detail?stockCode=601168&announcementId=1225030808&orgId=9900003262&announcementTime=2026-03-26 00:00:00,2026-03-26 00:00:00,601168,601168,西部矿业第八届董事会第二十七次会议决议公告,西部矿业第八届董事会第二十七次会议决议公告,ok
cninfo_disclosure,http://www.cninfo.com.cn/new/disclosure/detail?stockCode=601168&announcementId=1225030807&orgId=9900003262&announcementTime=2026-03-26 00:00:00,2026-03-26 00:00:00,601168,601168,西部矿业关于为子公司提供担保的公告,西部矿业关于为子公司提供担保的公告,ok
cninfo_disclosure,http://www.cninfo.com.cn/new/disclosure/detail?stockCode=601168&announcementId=1225030806&orgId=9900003262&announcementTime=2026-03-26 00:00:00,2026-03-26 00:00:00,601168,601168,2025年度独立董事述职报告（秦嘉龙）,2025年度独立董事述职报告（秦嘉龙）,ok
cninfo_disclosure,http://www.cninfo.com.cn/new/disclosure/detail?stockCode=601168&announcementId=1224966215&orgId=9900003262&announcementTime=2026-02-05 00:00:00,2026-02-05 00:00:00,601168,601168,西部矿业2025年前三季度权益分派实施公告,西部矿业2025年前三季度权益分派实施公告,ok
cninfo_disclosure,http://www.cninfo.com.cn/new/disclosure/detail?stockCode=601168&announcementId=1224954531&orgId=9900003262&announcementTime=2026-01-29 00:00:00,2026-01-29 00:00:00,601168,601168,青海树人律师事务所关于西部矿业股份有限公司2026年第一次临时股东会之法律意见书,青海树人律师事务所关于西部矿业股份有限公司2026年第一次临时股东会之法律意见书,ok
cninfo_disclosure,http://www.cninfo.com.cn/new/disclosure/detail?stockCode=601168&announcementId=1224954501&orgId=9900003262&announcementTime=2026-01-29 00:00:00,2026-01-29 00:00:00,601168,601168,西部矿业2026年第一次临时股东会决议公告,西部矿业2026年第一次临时股东会决议公告,ok
cninfo_disclosure,http://www.cninfo.com.cn/new/disclosure/detail?stockCode=601168&announcementId=1224937827&orgId=9900003262&announcementTime=2026-01-17 00:00:00,2026-01-17 00:00:00,601168,601168,西部矿业2026年第一次临时股东会材料,西部矿业2026年第一次临时股东会材料,ok
cninfo_disclosure,http://www.cninfo.com.cn/new/disclosure/detail?stockCode=601168&announcementId=1224932073&orgId=9900003262&announcementTime=2026-01-14 00:00:00,2026-01-14 00:00:00,601168,601168,西部矿业关于西藏玉龙铜业股份有限公司玉龙铜矿增储取得进展的公告,西部矿业关于西藏玉龙铜业股份有限公司玉龙铜矿增储取得进展的公告,ok
cninfo_disclosure,http://www.cninfo.com.cn/new/disclosure/detail?stockCode=601168&announcementId=1224930687&orgId=9900003262&announcementTime=2026-01-13 00:00:00,2026-01-13 00:00:00,601168,601168,西部矿业第八届董事会第二十六次会议决议公告,西部矿业第八届董事会第二十六次会议决议公告,ok
cninfo_disclosure,http://www.cninfo.com.cn/new/disclosure/detail?stockCode=601168&announcementId=1224930367&orgId=9900003262&announcementTime=2026-01-13 00:00:00,2026-01-13 00:00:00,601168,601168,西部矿业关于召开2026年第一次临时股东会的通知,西部矿业关于召开2026年第一次临时股东会的通知,ok
cninfo_disclosure,http://www.cninfo.com.cn/new/disclosure/detail?stockCode=601168&announcementId=1224930366&orgId=9900003262&announcementTime=2026-01-13 00:00:00,2026-01-13 00:00:00,601168,601168,西部矿业2025年前三季度利润分配方案的公告,西部矿业2025年前三季度利润分配方案的公告,ok
cninfo_disclosure,http://www.cninfo.com.cn/new/disclosure/detail?stockCode=601168&announcementId=1224896548&orgId=9900003262&announcementTime=2025-12-25 00:00:00,2025-12-25 00:00:00,601168,601168,西部矿业信息披露管理办法,西部矿业信息披露管理办法,ok
cninfo_disclosure,http://www.cninfo.com.cn/new/disclosure/detail?stockCode=601168&announcementId=1224896544&orgId=9900003262&announcementTime=2025-12-25 00:00:00,2025-12-25 00:00:00,601168,601168,西部矿业董事会议事规则,西部矿业董事会议事规则,ok
cninfo_disclosure,http://www.cninfo.com.cn/new/disclosure/detail?stockCode=601168&announcementId=1224896542&orgId=9900003262&announcementTime=2025-12-25 00:00:00,2025-12-25 00:00:00,601168,601168,西部矿业2025年第三次临时股东会决议公告,西部矿业2025年第三次临时股东会决议公告,ok
cninfo_disclosure,http://www.cninfo.com.cn/new/disclosure/detail?stockCode=601168&announcementId=1224896540&orgId=9900003262&announcementTime=2025-12-25 00:00:00,2025-12-25 00:00:00,601168,601168,西部矿业关于选举第八届董事会职工董事的公告,西部矿业关于选举第八届董事会职工董事的公告,ok
cninfo_disclosure,http://www.cninfo.com.cn/new/disclosure/detail?stockCode=601168&announcementId=1224896538&orgId=9900003262&announcementTime=2025-12-25 00:00:00,2025-12-25 00:00:00,601168,601168,西部矿业董事会基金管理办法,西部矿业董事会基金管理办法,ok
cninfo_disclosure,http://www.cninfo.com.cn/new/disclosure/detail?stockCode=601168&announcementId=1224896533&orgId=9900003262&announcementTime=2025-12-25 00:00:00,2025-12-25 00:00:00,601168,601168,西部矿业关联交易管理办法,西部矿业关联交易管理办法,ok
cninfo_disclosure,http://www.cninfo.com.cn/new/disclosure/detail?stockCode=601168&announcementId=1224896526&orgId=9900003262&announcementTime=2025-12-25 00:00:00,2025-12-25 00:00:00,601168,601168,西部矿业募集资金管理办法,西部矿业募集资金管理办法,ok
cninfo_disclosure,http://www.cninfo.com.cn/new/disclosure/detail?stockCode=601168&announcementId=1224896520&orgId=9900003262&announcementTime=2025-12-25 00:00:00,2025-12-25 00:00:00,601168,601168,西部矿业股份有限公司章程,西部矿业股份有限公司章程,ok
cninfo_disclosure,http://www.cninfo.com.cn/new/disclosure/detail?stockCode=601168&announcementId=1224896519&orgId=9900003262&announcementTime=2025-12-25 00:00:00,2025-12-25 00:00:00,601168,601168,西部矿业股东会议事规则,西部矿业股东会议事规则,ok
cninfo_disclosure,http://www.cninfo.com.cn/new/disclosure/detail?stockCode=601168&announcementId=1224896518&orgId=9900003262&announcementTime=2025-12-25 00:00:00,2025-12-25 00:00:00,601168,601168,青海树人律师事务所关于西部矿业股份有限公司2025年第三次临时股东会之法律意见书,青海树人律师事务所关于西部矿业股份有限公司2025年第三次临时股东会之法律意见书,ok
cninfo_disclosure,http://www.cninfo.com.cn/new/disclosure/detail?stockCode=601168&announcementId=1224885644&orgId=9900003262&announcementTime=2025-12-19 00:00:00,2025-12-19 00:00:00,601168,601168,西部矿业关于全资子公司取得采矿许可证的公告,西部矿业关于全资子公司取得采矿许可证的公告,ok
cninfo_disclosure,http://www.cninfo.com.cn/new/disclosure/detail?stockCode=601168&announcementId=1224873048&orgId=9900003262&announcementTime=2025-12-13 00:00:00,2025-12-13 00:00:00,601168,601168,西部矿业关于公司董事、副董事长离任的公告,西部矿业关于公司董事、副董事长离任的公告,ok
cninfo_disclosure,http://www.cninfo.com.cn/new/disclosure/detail?stockCode=601168&announcementId=1224873030&orgId=9900003262&announcementTime=2025-12-13 00:00:00,2025-12-13 00:00:00,601168,601168,西部矿业2025年第三次临时股东会材料,西部矿业2025年第三次临时股东会材料,ok
cninfo_disclosure,http://www.cninfo.com.cn/new/disclosure/detail?stockCode=601168&announcementId=1224858551&orgId=9900003262&announcementTime=2025-12-09 00:00:00,2025-12-09 00:00:00,601168,601168,西部矿业关于取消监事会并废止《监事会议事规则》的公告,西部矿业关于取消监事会并废止《监事会议事规则》的公告,ok
cninfo_disclosure,http://www.cninfo.com.cn/new/disclosure/detail?stockCode=601168&announcementId=1224858550&orgId=9900003262&announcementTime=2025-12-09 00:00:00,2025-12-09 00:00:00,601168,601168,西部矿业董事长工作细则,西部矿业董事长工作细则,ok
cninfo_disclosure,http://www.cninfo.com.cn/new/disclosure/detail?stockCode=601168&announcementId=1224858547&orgId=9900003262&announcementTime=2025-12-09 00:00:00,2025-12-09 00:00:00,601168,601168,西部矿业独立董事管理办法,西部矿业独立董事管理办法,ok
cninfo_disclosure,http://www.cninfo.com.cn/new/disclosure/detail?stockCode=601168&announcementId=1224858544&orgId=9900003262&announcementTime=2025-12-09 00:00:00,2025-12-09 00:00:00,601168,601168,西部矿业关于公司控股子公司西部矿业集团财务有限公司2026年预计日常关联交易的公告,西部矿业关于公司控股子公司西部矿业集团财务有限公司2026年预计日常关联交易的公告,ok
cninfo_disclosure,http://www.cninfo.com.cn/new/disclosure/detail?stockCode=601168&announcementId=1224858542&orgId=9900003262&announcementTime=2025-12-09 00:00:00,2025-12-09 00:00:00,601168,601168,西部矿业董事会秘书工作制度,西部矿业董事会秘书工作制度,ok
cninfo_disclosure,http://www.cninfo.com.cn/new/disclosure/detail?stockCode=601168&announcementId=1224858541&orgId=9900003262&announcementTime=2025-12-09 00:00:00,2025-12-09 00:00:00,601168,601168,西部矿业董事会提名委员会工作细则,西部矿业董事会提名委员会工作细则,ok
cninfo_disclosure,http://www.cninfo.com.cn/new/disclosure/detail?stockCode=601168&announcementId=1224858539&orgId=9900003262&announcementTime=2025-12-09 00:00:00,2025-12-09 00:00:00,601168,601168,西部矿业关于2026年预计日常关联交易的公告,西部矿业关于2026年预计日常关联交易的公告,ok
cninfo_disclosure,http://www.cninfo.com.cn/new/disclosure/detail?stockCode=601168&announcementId=1224858537&orgId=9900003262&announcementTime=2025-12-09 00:00:00,2025-12-09 00:00:00,601168,601168,西部矿业诚信监督管理办法,西部矿业诚信监督管理办法,ok
cninfo_disclosure,http://www.cninfo.com.cn/new/disclosure/detail?stockCode=601168&announcementId=1224858534&orgId=9900003262&announcementTime=2025-12-09 00:00:00,2025-12-09 00:00:00,601168,601168,西部矿业董事会战略与可持续发展委员会工作细则,西部矿业董事会战略与可持续发展委员会工作细则,ok
cninfo_disclosure,http://www.cninfo.com.cn/new/disclosure/detail?stockCode=601168&announcementId=1224858533&orgId=9900003262&announcementTime=2025-12-09 00:00:00,2025-12-09 00:00:00,601168,601168,西部矿业第八届董事会第二十五次会议决议公告,西部矿业第八届董事会第二十五次会议决议公告,ok
cninfo_disclosure,http://www.cninfo.com.cn/new/disclosure/detail?stockCode=601168&announcementId=1224858531&orgId=9900003262&announcementTime=2025-12-09 00:00:00,2025-12-09 00:00:00,601168,601168,西部矿业关于召开2025年第三次临时股东会的通知,西部矿业关于召开2025年第三次临时股东会的通知,ok
cninfo_disclosure,http://www.cninfo.com.cn/new/disclosure/detail?stockCode=601168&announcementId=1224858530&orgId=9900003262&announcementTime=2025-12-09 00:00:00,2025-12-09 00:00:00,601168,601168,西部矿业关于续聘2025年度会计师事务所的公告,西部矿业关于续聘2025年度会计师事务所的公告,ok
cninfo_disclosure,http://www.cninfo.com.cn/new/disclosure/detail?stockCode=601168&announcementId=1224858528&orgId=9900003262&announcementTime=2025-12-09 00:00:00,2025-12-09 00:00:00,601168,601168,独立董事候选人声明与承诺,独立董事候选人声明与承诺,ok
cninfo_disclosure,http://www.cninfo.com.cn/new/disclosure/detail?stockCode=601168&announcementId=1224858525&orgId=9900003262&announcementTime=2025-12-09 00:00:00,2025-12-09 00:00:00,601168,601168,西部矿业关于修订《公司章程》的公告,西部矿业关于修订《公司章程》的公告,ok
cninfo_disclosure,http://www.cninfo.com.cn/new/disclosure/detail?stockCode=601168&announcementId=1224858524&orgId=9900003262&announcementTime=2025-12-09 00:00:00,2025-12-09 00:00:00,601168,601168,西部矿业对外担保管理办法,西部矿业对外担保管理办法,ok
cninfo_disclosure,http://www.cninfo.com.cn/new/disclosure/detail?stockCode=601168&announcementId=1224858522&orgId=9900003262&announcementTime=2025-12-09 00:00:00,2025-12-09 00:00:00,601168,601168,西部矿业公司债券募集资金管理办法,西部矿业公司债券募集资金管理办法,ok
cninfo_disclosure,http://www.cninfo.com.cn/new/disclosure/detail?stockCode=601168&announcementId=1224858521&orgId=9900003262&announcementTime=2025-12-09 00:00:00,2025-12-09 00:00:00,601168,601168,西部矿业董事会薪酬与考核委员会工作细则,西部矿业董事会薪酬与考核委员会工作细则,ok
cninfo_disclosure,http://www.cninfo.com.cn/new/disclosure/detail?stockCode=601168&announcementId=1224858520&orgId=9900003262&announcementTime=2025-12-09 00:00:00,2025-12-09 00:00:00,601168,601168,西部矿业内幕信息知情人登记管理制度,西部矿业内幕信息知情人登记管理制度,ok
cninfo_disclosure,http://www.cninfo.com.cn/new/disclosure/detail?stockCode=601168&announcementId=1224858519&orgId=9900003262&announcementTime=2025-12-09 00:00:00,2025-12-09 00:00:00,601168,601168,西部矿业重大事项内部报告制度,西部矿业重大事项内部报告制度,ok
cninfo_disclosure,http://www.cninfo.com.cn/new/disclosure/detail?stockCode=601168&announcementId=1224858516&orgId=9900003262&announcementTime=2025-12-09 00:00:00,2025-12-09 00:00:00,601168,601168,独立董事提名人声明与承诺,独立董事提名人声明与承诺,ok
cninfo_disclosure,http://www.cninfo.com.cn/new/disclosure/detail?stockCode=601168&announcementId=1224858515&orgId=9900003262&announcementTime=2025-12-09 00:00:00,2025-12-09 00:00:00,601168,601168,西部矿业董事会审计与风控委员会工作细则,西部矿业董事会审计与风控委员会工作细则,ok
cninfo_disclosure,http://www.cninfo.com.cn/new/disclosure/detail?stockCode=601168&announcementId=1224858514&orgId=9900003262&announcementTime=2025-12-09 00:00:00,2025-12-09 00:00:00,601168,601168,西部矿业投资者关系管理制度,西部矿业投资者关系管理制度,ok
cninfo_disclosure,http://www.cninfo.com.cn/new/disclosure/detail?stockCode=601168&announcementId=1224858512&orgId=9900003262&announcementTime=2025-12-09 00:00:00,2025-12-09 00:00:00,601168,601168,西部矿业内部审计工作制度,西部矿业内部审计工作制度,ok
eastmoney_stock_news,http://finance.eastmoney.com/a/202606093765156561.html,2026-06-09 16:50:38,600497,600497,驰宏锌锗600497.SH)：黄云东、侯方俊辞任副总经理，陈国木、李国清接任,2026年6月9日，驰宏锌锗600497.SH)发布公告称，董事会近日收到副总经理黄云东、侯方俊的书面辞职报告。黄云东因工作变动辞任后不再担任公司任何职务；侯方俊因工作调整辞任副总经理，但仍担任公司董事、党委副书记及工会负责人。,ok
cninfo_disclosure,http://www.cninfo.com.cn/new/disclosure/detail?stockCode=600497&announcementId=1225359695&orgId=gssh0600497&announcementTime=2026-06-10,2026-06-10 00:00:00,600497,600497,驰宏锌锗关于公司部分副总经理辞任暨聘任副总经理的公告,驰宏锌锗关于公司部分副总经理辞任暨聘任副总经理的公告,ok
cninfo_disclosure,http://www.cninfo.com.cn/new/disclosure/detail?stockCode=600497&announcementId=1225359694&orgId=gssh0600497&announcementTime=2026-06-10,2026-06-10 00:00:00,600497,600497,驰宏锌锗董事和高级管理人员薪酬管理办法,驰宏锌锗董事和高级管理人员薪酬管理办法,ok
cninfo_disclosure,http://www.cninfo.com.cn/new/disclosure/detail?stockCode=600497&announcementId=1225359693&orgId=gssh0600497&announcementTime=2026-06-10,2026-06-10 00:00:00,600497,600497,驰宏锌锗关于召开2026年第一次临时股东会的通知,驰宏锌锗关于召开2026年第一次临时股东会的通知,ok
cninfo_disclosure,http://www.cninfo.com.cn/new/disclosure/detail?stockCode=600497&announcementId=1225359692&orgId=gssh0600497&announcementTime=2026-06-10,2026-06-10 00:00:00,600497,600497,驰宏锌锗第九届董事会第二次会议决议公告,驰宏锌锗第九届董事会第二次会议决议公告,ok
cninfo_disclosure,http://www.cninfo.com.cn/new/disclosure/detail?stockCode=600497&announcementId=1225312375&orgId=gssh0600497&announcementTime=2026-05-19,2026-05-19 00:00:00,600497,600497,驰宏锌锗2025年年度权益分派实施公告,驰宏锌锗2025年年度权益分派实施公告,ok
cninfo_disclosure,http://www.cninfo.com.cn/new/disclosure/detail?stockCode=600497&announcementId=1225289802&orgId=gssh0600497&announcementTime=2026-05-12,2026-05-12 00:00:00,600497,600497,中信建投证券股份有限公司关于中国铜业有限公司收购云南驰宏锌锗股份有限公司之2026年第一季度持续督导意见,中信建投证券股份有限公司关于中国铜业有限公司收购云南驰宏锌锗股份有限公司之2026年第一季度持续督导意见,ok
cninfo_disclosure,http://www.cninfo.com.cn/new/disclosure/detail?stockCode=600497&announcementId=1225231494&orgId=gssh0600497&announcementTime=2026-04-29,2026-04-29 00:00:00,600497,600497,驰宏锌锗2025年年度股东会决议公告,驰宏锌锗2025年年度股东会决议公告,ok
cninfo_disclosure,http://www.cninfo.com.cn/new/disclosure/detail?stockCode=600497&announcementId=1225231469&orgId=gssh0600497&announcementTime=2026-04-29,2026-04-29 00:00:00,600497,600497,驰宏锌锗关于选举第九届董事会职工代表董事的公告,驰宏锌锗关于选举第九届董事会职工代表董事的公告,ok
cninfo_disclosure,http://www.cninfo.com.cn/new/disclosure/detail?stockCode=600497&announcementId=1225231440&orgId=gssh0600497&announcementTime=2026-04-29,2026-04-29 00:00:00,600497,600497,云南建广律师事务所关于云南驰宏锌锗股份有限公司2025年年度股东会的法律意见书,云南建广律师事务所关于云南驰宏锌锗股份有限公司2025年年度股东会的法律意见书,ok
cninfo_disclosure,http://www.cninfo.com.cn/new/disclosure/detail?stockCode=600497&announcementId=1225231421&orgId=gssh0600497&announcementTime=2026-04-29,2026-04-29 00:00:00,600497,600497,驰宏锌锗2026年第一季度报告,驰宏锌锗2026年第一季度报告,ok
cninfo_disclosure,http://www.cninfo.com.cn/new/disclosure/detail?stockCode=600497&announcementId=1225231395&orgId=gssh0600497&announcementTime=2026-04-29,2026-04-29 00:00:00,600497,600497,驰宏锌锗关于召开2026年第一季度业绩说明会的公告,驰宏锌锗关于召开2026年第一季度业绩说明会的公告,ok
cninfo_disclosure,http://www.cninfo.com.cn/new/disclosure/detail?stockCode=600497&announcementId=1225231388&orgId=gssh0600497&announcementTime=2026-04-29,2026-04-29 00:00:00,600497,600497,驰宏锌锗第九届董事会第一次会议决议公告,驰宏锌锗第九届董事会第一次会议决议公告,ok
cninfo_disclosure,http://www.cninfo.com.cn/new/disclosure/detail?stockCode=600497&announcementId=1225143912&orgId=gssh0600497&announcementTime=2026-04-23,2026-04-23 00:00:00,600497,600497,驰宏锌锗2025年年度股东会会议资料,驰宏锌锗2025年年度股东会会议资料,ok
cninfo_disclosure,http://www.cninfo.com.cn/new/disclosure/detail?stockCode=600497&announcementId=1225093235&orgId=gssh0600497&announcementTime=2026-04-11,2026-04-11 00:00:00,600497,600497,中信建投证券股份有限公司关于中国铜业有限公司收购云南驰宏锌锗股份有限公司之2025年度持续督导意见,中信建投证券股份有限公司关于中国铜业有限公司收购云南驰宏锌锗股份有限公司之2025年度持续督导意见,ok
cninfo_disclosure,http://www.cninfo.com.cn/new/disclosure/detail?stockCode=600497&announcementId=1225084509&orgId=gssh0600497&announcementTime=2026-04-09,2026-04-09 00:00:00,600497,600497,驰宏锌锗关于董事会换届选举的公告,驰宏锌锗关于董事会换届选举的公告,ok
cninfo_disclosure,http://www.cninfo.com.cn/new/disclosure/detail?stockCode=600497&announcementId=1225084503&orgId=gssh0600497&announcementTime=2026-04-09,2026-04-09 00:00:00,600497,600497,独立董事候选人声明与承诺（张建民）,独立董事候选人声明与承诺（张建民）,ok
cninfo_disclosure,http://www.cninfo.com.cn/new/disclosure/detail?stockCode=600497&announcementId=1225084501&orgId=gssh0600497&announcementTime=2026-04-09,2026-04-09 00:00:00,600497,600497,独立董事候选人声明与承诺（王楠）,独立董事候选人声明与承诺（王楠）,ok
cninfo_disclosure,http://www.cninfo.com.cn/new/disclosure/detail?stockCode=600497&announcementId=1225084500&orgId=gssh0600497&announcementTime=2026-04-09,2026-04-09 00:00:00,600497,600497,独立董事提名人声明与承诺（方自维）,独立董事提名人声明与承诺（方自维）,ok
cninfo_disclosure,http://www.cninfo.com.cn/new/disclosure/detail?stockCode=600497&announcementId=1225084499&orgId=gssh0600497&announcementTime=2026-04-09,2026-04-09 00:00:00,600497,600497,驰宏锌锗第八届董事会第三十次会议决议公告,驰宏锌锗第八届董事会第三十次会议决议公告,ok
cninfo_disclosure,http://www.cninfo.com.cn/new/disclosure/detail?stockCode=600497&announcementId=1225084498&orgId=gssh0600497&announcementTime=2026-04-09,2026-04-09 00:00:00,600497,600497,独立董事候选人声明与承诺（方自维）,独立董事候选人声明与承诺（方自维）,ok
cninfo_disclosure,http://www.cninfo.com.cn/new/disclosure/detail?stockCode=600497&announcementId=1225084495&orgId=gssh0600497&announcementTime=2026-04-09,2026-04-09 00:00:00,600497,600497,独立董事候选人声明与承诺（宋枫）,独立董事候选人声明与承诺（宋枫）,ok
cninfo_disclosure,http://www.cninfo.com.cn/new/disclosure/detail?stockCode=600497&announcementId=1225084494&orgId=gssh0600497&announcementTime=2026-04-09,2026-04-09 00:00:00,600497,600497,驰宏锌锗关于召开2025年年度股东会的通知,驰宏锌锗关于召开2025年年度股东会的通知,ok
cninfo_disclosure,http://www.cninfo.com.cn/new/disclosure/detail?stockCode=600497&announcementId=1225084487&orgId=gssh0600497&announcementTime=2026-04-09,2026-04-09 00:00:00,600497,600497,独立董事提名人声明与承诺（张建民）,独立董事提名人声明与承诺（张建民）,ok
cninfo_disclosure,http://www.cninfo.com.cn/new/disclosure/detail?stockCode=600497&announcementId=1225084486&orgId=gssh0600497&announcementTime=2026-04-09,2026-04-09 00:00:00,600497,600497,独立董事提名人声明与承诺（王楠）,独立董事提名人声明与承诺（王楠）,ok
cninfo_disclosure,http://www.cninfo.com.cn/new/disclosure/detail?stockCode=600497&announcementId=1225084484&orgId=gssh0600497&announcementTime=2026-04-09,2026-04-09 00:00:00,600497,600497,独立董事提名人声明与承诺（宋枫）,独立董事提名人声明与承诺（宋枫）,ok
cninfo_disclosure,http://www.cninfo.com.cn/new/disclosure/detail?stockCode=600497&announcementId=1225035120&orgId=gssh0600497&announcementTime=2026-03-27,2026-03-27 00:00:00,600497,600497,驰宏锌锗2025年度独立董事述职报告（王楠),驰宏锌锗2025年度独立董事述职报告（王楠),ok
cninfo_disclosure,http://www.cninfo.com.cn/new/disclosure/detail?stockCode=600497&announcementId=1225035118&orgId=gssh0600497&announcementTime=2026-03-27,2026-03-27 00:00:00,600497,600497,驰宏锌锗2025年度环境、社会及公司治理（ESG）报告,驰宏锌锗2025年度环境、社会及公司治理（ESG）报告,ok
cninfo_disclosure,http://www.cninfo.com.cn/new/disclosure/detail?stockCode=600497&announcementId=1225035116&orgId=gssh0600497&announcementTime=2026-03-27,2026-03-27 00:00:00,600497,600497,驰宏锌锗关于开展2026年度商品类期货和衍生品业务可行性分析报告,驰宏锌锗关于开展2026年度商品类期货和衍生品业务可行性分析报告,ok
cninfo_disclosure,http://www.cninfo.com.cn/new/disclosure/detail?stockCode=600497&announcementId=1225035115&orgId=gssh0600497&announcementTime=2026-03-27,2026-03-27 00:00:00,600497,600497,驰宏锌锗关于2025年度“提质增效重回报”行动方案评估报告暨2026年度“提质增效重回报”行动方案的公告,驰宏锌锗关于2025年度“提质增效重回报”行动方案评估报告暨2026年度“提质增效重回报”行动方案的公告,ok
cninfo_disclosure,http://www.cninfo.com.cn/new/disclosure/detail?stockCode=600497&announcementId=1225035113&orgId=gssh0600497&announcementTime=2026-03-27,2026-03-27 00:00:00,600497,600497,驰宏锌锗关于报废部分固定资产的公告,驰宏锌锗关于报废部分固定资产的公告,ok
cninfo_disclosure,http://www.cninfo.com.cn/new/disclosure/detail?stockCode=600497&announcementId=1225035111&orgId=gssh0600497&announcementTime=2026-03-27,2026-03-27 00:00:00,600497,600497,驰宏锌锗关于2026年度商品类期货和衍生品业务年度计划的公告,驰宏锌锗关于2026年度商品类期货和衍生品业务年度计划的公告,ok
cninfo_disclosure,http://www.cninfo.com.cn/new/disclosure/detail?stockCode=600497&announcementId=1225035107&orgId=gssh0600497&announcementTime=2026-03-27,2026-03-27 00:00:00,600497,600497,信永中和会计师事务所（特殊普通合伙）关于驰宏锌锗2025年度内部控制审计报告,信永中和会计师事务所（特殊普通合伙）关于驰宏锌锗2025年度内部控制审计报告,ok
cninfo_disclosure,http://www.cninfo.com.cn/new/disclosure/detail?stockCode=600497&announcementId=1225035106&orgId=gssh0600497&announcementTime=2026-03-27,2026-03-27 00:00:00,600497,600497,驰宏锌锗2025年度独立董事述职报告（张建民）,驰宏锌锗2025年度独立董事述职报告（张建民）,ok
cninfo_disclosure,http://www.cninfo.com.cn/new/disclosure/detail?stockCode=600497&announcementId=1225035104&orgId=gssh0600497&announcementTime=2026-03-27,2026-03-27 00:00:00,600497,600497,驰宏锌锗董事会审计与风险管理委员会2025年度履职报告,驰宏锌锗董事会审计与风险管理委员会2025年度履职报告,ok
cninfo_disclosure,http://www.cninfo.com.cn/new/disclosure/detail?stockCode=600497&announcementId=1225035101&orgId=gssh0600497&announcementTime=2026-03-27,2026-03-27 00:00:00,600497,600497,驰宏锌锗2025年度独立董事述职报告（方自维）,驰宏锌锗2025年度独立董事述职报告（方自维）,ok
cninfo_disclosure,http://www.cninfo.com.cn/new/disclosure/detail?stockCode=600497&announcementId=1225035092&orgId=gssh0600497&announcementTime=2026-03-27,2026-03-27 00:00:00,600497,600497,驰宏锌锗2025年年度报告摘要,驰宏锌锗2025年年度报告摘要,ok
cninfo_disclosure,http://www.cninfo.com.cn/new/disclosure/detail?stockCode=600497&announcementId=1225035091&orgId=gssh0600497&announcementTime=2026-03-27,2026-03-27 00:00:00,600497,600497,信永中和会计师事务所（特殊普通合伙）出具的驰宏锌锗2025年度财务报表审计报告,信永中和会计师事务所（特殊普通合伙）出具的驰宏锌锗2025年度财务报表审计报告,ok
cninfo_disclosure,http://www.cninfo.com.cn/new/disclosure/detail?stockCode=600497&announcementId=1225035089&orgId=gssh0600497&announcementTime=2026-03-27,2026-03-27 00:00:00,600497,600497,驰宏锌锗2025年度内部控制评价报告,驰宏锌锗2025年度内部控制评价报告,ok
cninfo_disclosure,http://www.cninfo.com.cn/new/disclosure/detail?stockCode=600497&announcementId=1225035088&orgId=gssh0600497&announcementTime=2026-03-27,2026-03-27 00:00:00,600497,600497,云南驰宏锌锗股份有限公司2025年年度报告,云南驰宏锌锗股份有限公司2025年年度报告,ok
cninfo_disclosure,http://www.cninfo.com.cn/new/disclosure/detail?stockCode=600497&announcementId=1225035087&orgId=gssh0600497&announcementTime=2026-03-27,2026-03-27 00:00:00,600497,600497,驰宏锌锗关于2026年度货币类期货和衍生品业务年度计划的公告,驰宏锌锗关于2026年度货币类期货和衍生品业务年度计划的公告,ok
cninfo_disclosure,http://www.cninfo.com.cn/new/disclosure/detail?stockCode=600497&announcementId=1225035086&orgId=gssh0600497&announcementTime=2026-03-27,2026-03-27 00:00:00,600497,600497,驰宏锌锗2025年度环境报告书,驰宏锌锗2025年度环境报告书,ok
cninfo_disclosure,http://www.cninfo.com.cn/new/disclosure/detail?stockCode=600497&announcementId=1225035084&orgId=gssh0600497&announcementTime=2026-03-27,2026-03-27 00:00:00,600497,600497,驰宏锌锗关于拟继续购买董高责任险的公告,驰宏锌锗关于拟继续购买董高责任险的公告,ok
cninfo_disclosure,http://www.cninfo.com.cn/new/disclosure/detail?stockCode=600497&announcementId=1225035083&orgId=gssh0600497&announcementTime=2026-03-27,2026-03-27 00:00:00,600497,600497,驰宏锌锗2025年度环境、社会和公司治理(ESG)报告摘要,驰宏锌锗2025年度环境、社会和公司治理(ESG)报告摘要,ok
cninfo_disclosure,http://www.cninfo.com.cn/new/disclosure/detail?stockCode=600497&announcementId=1225035076&orgId=gssh0600497&announcementTime=2026-03-27,2026-03-27 00:00:00,600497,600497,驰宏锌锗关于新增2026年度预计日常关联交易额度的公告,驰宏锌锗关于新增2026年度预计日常关联交易额度的公告,ok
cninfo_disclosure,http://www.cninfo.com.cn/new/disclosure/detail?stockCode=600497&announcementId=1225035074&orgId=gssh0600497&announcementTime=2026-03-27,2026-03-27 00:00:00,600497,600497,驰宏锌锗关于2025年度利润分配预案的公告,驰宏锌锗关于2025年度利润分配预案的公告,ok
cninfo_disclosure,http://www.cninfo.com.cn/new/disclosure/detail?stockCode=600497&announcementId=1225035070&orgId=gssh0600497&announcementTime=2026-03-27,2026-03-27 00:00:00,600497,600497,信永中和会计师事务所（特殊普通合伙）关于驰宏锌锗2025年度非经营性资金占用及其他关联资金往来的专项说明,信永中和会计师事务所（特殊普通合伙）关于驰宏锌锗2025年度非经营性资金占用及其他关联资金往来的专项说明,ok
cninfo_disclosure,http://www.cninfo.com.cn/new/disclosure/detail?stockCode=600497&announcementId=1225035068&orgId=gssh0600497&announcementTime=2026-03-27,2026-03-27 00:00:00,600497,600497,驰宏锌锗第八届董事会第二十九次会议决议公告,驰宏锌锗第八届董事会第二十九次会议决议公告,ok
cninfo_disclosure,http://www.cninfo.com.cn/new/disclosure/detail?stockCode=600497&announcementId=1225035064&orgId=gssh0600497&announcementTime=2026-03-27,2026-03-27 00:00:00,600497,600497,中铝财务有限责任公司风险持续评估审核报告,中铝财务有限责任公司风险持续评估审核报告,ok
cninfo_disclosure,http://www.cninfo.com.cn/new/disclosure/detail?stockCode=600497&announcementId=1225035062&orgId=gssh0600497&announcementTime=2026-03-27,2026-03-27 00:00:00,600497,600497,驰宏锌锗2025年度独立董事述职报告（宋枫）,驰宏锌锗2025年度独立董事述职报告（宋枫）,ok
cninfo_disclosure,http://www.cninfo.com.cn/new/disclosure/detail?stockCode=600497&announcementId=1225035060&orgId=gssh0600497&announcementTime=2026-03-27,2026-03-27 00:00:00,600497,600497,驰宏锌锗董事会对独立董事独立性评价的专项意见,驰宏锌锗董事会对独立董事独立性评价的专项意见,ok
cninfo_disclosure,http://www.cninfo.com.cn/new/disclosure/detail?stockCode=600497&announcementId=1225035056&orgId=gssh0600497&announcementTime=2026-03-27,2026-03-27 00:00:00,600497,600497,中铝财务有限责任公司风险持续评估审核报告,中铝财务有限责任公司风险持续评估审核报告,ok
cninfo_disclosure,http://www.cninfo.com.cn/new/disclosure/detail?stockCode=600497&announcementId=1225035050&orgId=gssh0600497&announcementTime=2026-03-27,2026-03-27 00:00:00,600497,600497,驰宏锌锗关于开展2026年度货币类期货和衍生品业务可行性分析报告,驰宏锌锗关于开展2026年度货币类期货和衍生品业务可行性分析报告,ok
cninfo_disclosure,http://www.cninfo.com.cn/new/disclosure/detail?stockCode=600497&announcementId=1225020784&orgId=gssh0600497&announcementTime=2026-03-21,2026-03-21 00:00:00,600497,600497,驰宏锌锗关于召开2025年年度业绩说明会的公告,驰宏锌锗关于召开2025年年度业绩说明会的公告,ok
cninfo_disclosure,http://www.cninfo.com.cn/new/disclosure/detail?stockCode=600497&announcementId=1224999109&orgId=gssh0600497&announcementTime=2026-03-07,2026-03-07 00:00:00,600497,600497,驰宏锌锗增资并控股赫章县乌蒙矿业有限责任公司的进展公告,驰宏锌锗增资并控股赫章县乌蒙矿业有限责任公司的进展公告,ok
cninfo_disclosure,http://www.cninfo.com.cn/new/disclosure/detail?stockCode=600497&announcementId=1224970231&orgId=gssh0600497&announcementTime=2026-02-07,2026-02-07 00:00:00,600497,600497,驰宏锌锗关于董事会延期换届的提示性公告,驰宏锌锗关于董事会延期换届的提示性公告,ok
cninfo_disclosure,http://www.cninfo.com.cn/new/disclosure/detail?stockCode=600497&announcementId=1224954199&orgId=gssh0600497&announcementTime=2026-01-29,2026-01-29 00:00:00,600497,600497,驰宏锌锗关于与中铝融资租赁有限公司签订融资租赁业务框架合作协议暨关联交易的公告,驰宏锌锗关于与中铝融资租赁有限公司签订融资租赁业务框架合作协议暨关联交易的公告,ok
cninfo_disclosure,http://www.cninfo.com.cn/new/disclosure/detail?stockCode=600497&announcementId=1224954196&orgId=gssh0600497&announcementTime=2026-01-29,2026-01-29 00:00:00,600497,600497,驰宏锌锗关于对全资子公司呼伦贝尔驰宏矿业有限公司增资的公告,驰宏锌锗关于对全资子公司呼伦贝尔驰宏矿业有限公司增资的公告,ok
cninfo_disclosure,http://www.cninfo.com.cn/new/disclosure/detail?stockCode=600497&announcementId=1224954195&orgId=gssh0600497&announcementTime=2026-01-29,2026-01-29 00:00:00,600497,600497,驰宏锌锗第八届董事会第二十八次会议决议公告,驰宏锌锗第八届董事会第二十八次会议决议公告,ok
cninfo_disclosure,http://www.cninfo.com.cn/new/disclosure/detail?stockCode=600497&announcementId=1224954194&orgId=gssh0600497&announcementTime=2026-01-29,2026-01-29 00:00:00,600497,600497,驰宏锌锗增资并控股赫章县乌蒙矿业有限责任公司进展公告,驰宏锌锗增资并控股赫章县乌蒙矿业有限责任公司进展公告,ok
cninfo_disclosure,http://www.cninfo.com.cn/new/disclosure/detail?stockCode=600497&announcementId=1224954180&orgId=gssh0600497&announcementTime=2026-01-29,2026-01-29 00:00:00,600497,600497,驰宏锌锗关于与中铝商业保理有限公司签订保理业务框架合作协议暨关联交易的公告,驰宏锌锗关于与中铝商业保理有限公司签订保理业务框架合作协议暨关联交易的公告,ok
cninfo_disclosure,http://www.cninfo.com.cn/new/disclosure/detail?stockCode=600497&announcementId=1224933697&orgId=gssh0600497&announcementTime=2026-01-15,2026-01-15 00:00:00,600497,600497,云南驰宏锌锗股份有限公司增资并控股赫章县乌蒙矿业有限责任公司进展公告,云南驰宏锌锗股份有限公司增资并控股赫章县乌蒙矿业有限责任公司进展公告,ok
cninfo_disclosure,http://www.cninfo.com.cn/new/disclosure/detail?stockCode=600497&announcementId=1224910128&orgId=gssh0600497&announcementTime=2025-12-31,2025-12-31 00:00:00,600497,600497,驰宏锌锗关于增资并控股赫章县乌蒙矿业有限责任公司的公告,驰宏锌锗关于增资并控股赫章县乌蒙矿业有限责任公司的公告,ok
cninfo_disclosure,http://www.cninfo.com.cn/new/disclosure/detail?stockCode=600497&announcementId=1224910114&orgId=gssh0600497&announcementTime=2025-12-31,2025-12-31 00:00:00,600497,600497,驰宏锌锗第八届董事会第二十七次会议决议公告,驰宏锌锗第八届董事会第二十七次会议决议公告,ok
cninfo_disclosure,http://www.cninfo.com.cn/new/disclosure/detail?stockCode=600497&announcementId=1224910089&orgId=gssh0600497&announcementTime=2025-12-31,2025-12-31 00:00:00,600497,600497,驰宏锌锗关于预计2026年度日常关联交易的公告,驰宏锌锗关于预计2026年度日常关联交易的公告,ok
cninfo_disclosure,http://www.cninfo.com.cn/new/disclosure/detail?stockCode=600497&announcementId=1224877283&orgId=gssh0600497&announcementTime=2025-12-16,2025-12-16 00:00:00,600497,600497,驰宏锌锗关于控股股东权益变动完成过户登记的公告,驰宏锌锗关于控股股东权益变动完成过户登记的公告,ok
cninfo_disclosure,http://www.cninfo.com.cn/new/disclosure/detail?stockCode=600497&announcementId=1224837054&orgId=gssh0600497&announcementTime=2025-11-29,2025-11-29 00:00:00,600497,600497,云南勤业律师事务所关于《云南驰宏锌锗股份有限公司收购报告书》之法律意见书,云南勤业律师事务所关于《云南驰宏锌锗股份有限公司收购报告书》之法律意见书,ok
cninfo_disclosure,http://www.cninfo.com.cn/new/disclosure/detail?stockCode=600497&announcementId=1224837052&orgId=gssh0600497&announcementTime=2025-11-29,2025-11-29 00:00:00,600497,600497,云南驰宏锌锗股份有限公司简式权益变动报告书,云南驰宏锌锗股份有限公司简式权益变动报告书,ok
cninfo_disclosure,http://www.cninfo.com.cn/new/disclosure/detail?stockCode=600497&announcementId=1224837051&orgId=gssh0600497&announcementTime=2025-11-29,2025-11-29 00:00:00,600497,600497,云南勤业律师事务所关于中国铜业有限公司收购云南驰宏锌锗股份有限公司免于发出要约的法律意见书,云南勤业律师事务所关于中国铜业有限公司收购云南驰宏锌锗股份有限公司免于发出要约的法律意见书,ok
cninfo_disclosure,http://www.cninfo.com.cn/new/disclosure/detail?stockCode=600497&announcementId=1224837050&orgId=gssh0600497&announcementTime=2025-11-29,2025-11-29 00:00:00,600497,600497,云南驰宏锌锗股份有限公司收购报告书摘要,云南驰宏锌锗股份有限公司收购报告书摘要,ok
cninfo_disclosure,http://www.cninfo.com.cn/new/disclosure/detail?stockCode=600497&announcementId=1224837049&orgId=gssh0600497&announcementTime=2025-11-29,2025-11-29 00:00:00,600497,600497,云南驰宏锌锗股份有限公司收购报告书,云南驰宏锌锗股份有限公司收购报告书,ok
cninfo_disclosure,http://www.cninfo.com.cn/new/disclosure/detail?stockCode=600497&announcementId=1224837048&orgId=gssh0600497&announcementTime=2025-11-29,2025-11-29 00:00:00,600497,600497,中信建投证券股份有限公司关于云南驰宏锌锗股份有限公司收购报告书之财务顾问报告,中信建投证券股份有限公司关于云南驰宏锌锗股份有限公司收购报告书之财务顾问报告,ok
cninfo_disclosure,http://www.cninfo.com.cn/new/disclosure/detail?stockCode=600497&announcementId=1224827669&orgId=gssh0600497&announcementTime=2025-11-27,2025-11-27 00:00:00,600497,600497,驰宏锌锗关于控股股东权益变动进展的提示性公告,驰宏锌锗关于控股股东权益变动进展的提示性公告,ok
cninfo_disclosure,http://www.cninfo.com.cn/new/disclosure/detail?stockCode=600497&announcementId=1224825485&orgId=gssh0600497&announcementTime=2025-11-26,2025-11-26 00:00:00,600497,600497,驰宏锌锗关于与关联方共同投资设立参股公司暨关联交易的进展公告,驰宏锌锗关于与关联方共同投资设立参股公司暨关联交易的进展公告,ok
cninfo_disclosure,http://www.cninfo.com.cn/new/disclosure/detail?stockCode=600497&announcementId=1224809476&orgId=gssh0600497&announcementTime=2025-11-18,2025-11-18 00:00:00,600497,600497,云南驰宏国际锗业有限公司100%股东权益项目资产评估报告,云南驰宏国际锗业有限公司100%股东权益项目资产评估报告,ok
cninfo_disclosure,http://www.cninfo.com.cn/new/disclosure/detail?stockCode=600497&announcementId=1224809468&orgId=gssh0600497&announcementTime=2025-11-18,2025-11-18 00:00:00,600497,600497,云南驰宏国际锗业有限公司100%股东权益项目资产评估说明,云南驰宏国际锗业有限公司100%股东权益项目资产评估说明,ok
cninfo_disclosure,http://www.cninfo.com.cn/new/disclosure/detail?stockCode=600497&announcementId=1224809466&orgId=gssh0600497&announcementTime=2025-11-18,2025-11-18 00:00:00,600497,600497,驰宏锌锗关于与关联方共同投资设立参股公司暨关联交易进展的公告,驰宏锌锗关于与关联方共同投资设立参股公司暨关联交易进展的公告,ok
cninfo_disclosure,http://www.cninfo.com.cn/new/disclosure/detail?stockCode=600497&announcementId=1224783302&orgId=gssh0600497&announcementTime=2025-11-04,2025-11-04 00:00:00,600497,600497,驰宏锌锗2025年半年度权益分派实施公告,驰宏锌锗2025年半年度权益分派实施公告,ok
cninfo_disclosure,http://www.cninfo.com.cn/new/disclosure/detail?stockCode=600497&announcementId=1224751531&orgId=gssh0600497&announcementTime=2025-10-29,2025-10-29 00:00:00,600497,600497,驰宏锌锗关于控股股东国有股权拟无偿划转的提示性公告,驰宏锌锗关于控股股东国有股权拟无偿划转的提示性公告,ok
cninfo_disclosure,http://www.cninfo.com.cn/new/disclosure/detail?stockCode=600497&announcementId=1224732993&orgId=gssh0600497&announcementTime=2025-10-25,2025-10-25 00:00:00,600497,600497,驰宏锌锗第八届董事会第二十六次会议决议公告,驰宏锌锗第八届董事会第二十六次会议决议公告,ok
cninfo_disclosure,http://www.cninfo.com.cn/new/disclosure/detail?stockCode=600497&announcementId=1224732992&orgId=gssh0600497&announcementTime=2025-10-25,2025-10-25 00:00:00,600497,600497,驰宏锌锗关于与关联方共同投资设立参股公司暨关联交易的进展公告,驰宏锌锗关于与关联方共同投资设立参股公司暨关联交易的进展公告,ok
eastmoney_stock_news,http://finance.eastmoney.com/a/202605283752818440.html,2026-05-28 16:56:21,601958,601958,金钼股份601958龙虎榜数据05-28,交易所2026年5月28日公布的交易公开信息显示，金钼股份因成为非ST、*ST和S证券连续三个交易日内收盘价格涨幅偏离值累计达到20%的证券上榜。金钼股份当日收报26.85元，涨跌幅10.00%，换手率4.01%，成交额32.96亿。异常期间5月26日至5月28日，期间涨幅27.13%,ok
eastmoney_stock_news,http://finance.eastmoney.com/a/202605283752972460.html,2026-05-28 20:27:00,601958,601958,3天2板后，601958澄清：网传信息不实,5月28日晚间，金钼股份（601958）发布股票交易异常波动公告称，公司关注到有网络媒体传播公司是国内重要芯片生产商核心材料供应商以及签订相关大额订单等信息，经核查为不实信息。 在过去三个交易日中，金钼股份股价走出“三天两涨停”的走势，市值超过860亿元。,ok
eastmoney_stock_news,http://finance.eastmoney.com/a/202606053761991459.html,2026-06-05 16:33:44,601958,601958,金钼股份：拟出资5.1亿元设立合资子公司建设钼基新材料基地,6月5日，金钼股份601958.SH)公告称，公司董事会审议通过《关于新设合资子公司的议案》，拟出资5.1亿元与安徽金沙钼业有限公司、安徽省金福智慧能源有限公司共同设立合资子公司安徽金钼华鑫科技有限公司(暂定名)，注册资本10亿元，公司持股51%，建设钼基新材料精深加工基地。,ok
cninfo_disclosure,http://www.cninfo.com.cn/new/disclosure/detail?stockCode=601958&announcementId=1225353847&orgId=9900004461&announcementTime=2026-06-06,2026-06-06 00:00:00,601958,601958,金钼股份2026年第4次董事会会议决议公告,金钼股份2026年第4次董事会会议决议公告,ok
cninfo_disclosure,http://www.cninfo.com.cn/new/disclosure/detail?stockCode=601958&announcementId=1225353846&orgId=9900004461&announcementTime=2026-06-06,2026-06-06 00:00:00,601958,601958,金钼股份关于合资设立子公司暨关联交易的公告,金钼股份关于合资设立子公司暨关联交易的公告,ok
cninfo_disclosure,http://www.cninfo.com.cn/new/disclosure/detail?stockCode=601958&announcementId=1225345193&orgId=9900004461&announcementTime=2026-06-03,2026-06-03 00:00:00,601958,601958,金钼股份2025年年度股东会会议材料,金钼股份2025年年度股东会会议材料,ok
cninfo_disclosure,http://www.cninfo.com.cn/new/disclosure/detail?stockCode=601958&announcementId=1225345151&orgId=9900004461&announcementTime=2026-06-03,2026-06-03 00:00:00,601958,601958,金钼股份关于召开2025年年度股东会的通知,金钼股份关于召开2025年年度股东会的通知,ok
cninfo_disclosure,http://www.cninfo.com.cn/new/disclosure/detail?stockCode=601958&announcementId=1225335876&orgId=9900004461&announcementTime=2026-05-29,2026-05-29 00:00:00,601958,601958,金钼股份股票交易异常波动公告,金钼股份股票交易异常波动公告,ok
cninfo_disclosure,http://www.cninfo.com.cn/new/disclosure/detail?stockCode=601958&announcementId=1225300175&orgId=9900004461&announcementTime=2026-05-13,2026-05-13 00:00:00,601958,601958,金钼股份关于参加“2026年陕西辖区上市公司投资者集体接待日暨2025年度业绩说明会”的公告,金钼股份关于参加“2026年陕西辖区上市公司投资者集体接待日暨2025年度业绩说明会”的公告,ok
cninfo_disclosure,http://www.cninfo.com.cn/new/disclosure/detail?stockCode=601958&announcementId=1225224580&orgId=9900004461&announcementTime=2026-04-29,2026-04-29 00:00:00,601958,601958,金钼股份董事会授权管理管理办法（试行）,金钼股份董事会授权管理管理办法（试行）,ok
cninfo_disclosure,http://www.cninfo.com.cn/new/disclosure/detail?stockCode=601958&announcementId=1225224579&orgId=9900004461&announcementTime=2026-04-29,2026-04-29 00:00:00,601958,601958,金钼股份2026年度“提质增效重回报”行动方案,金钼股份2026年度“提质增效重回报”行动方案,ok
cninfo_disclosure,http://www.cninfo.com.cn/new/disclosure/detail?stockCode=601958&announcementId=1225224578&orgId=9900004461&announcementTime=2026-04-29,2026-04-29 00:00:00,601958,601958,金钼股份2026年第一季度报告,金钼股份2026年第一季度报告,ok
cninfo_disclosure,http://www.cninfo.com.cn/new/disclosure/detail?stockCode=601958&announcementId=1225224573&orgId=9900004461&announcementTime=2026-04-29,2026-04-29 00:00:00,601958,601958,金钼股份2026年第3次董事会会议决议公告,金钼股份2026年第3次董事会会议决议公告,ok
cninfo_disclosure,http://www.cninfo.com.cn/new/disclosure/detail?stockCode=601958&announcementId=1225134397&orgId=9900004461&announcementTime=2026-04-22,2026-04-22 00:00:00,601958,601958,金钼股份关于向专业投资者公开发行可续期公司债券获得中国证监会批复的公告,金钼股份关于向专业投资者公开发行可续期公司债券获得中国证监会批复的公告,ok
cninfo_disclosure,http://www.cninfo.com.cn/new/disclosure/detail?stockCode=601958&announcementId=1225079134&orgId=9900004461&announcementTime=2026-04-04,2026-04-04 00:00:00,601958,601958,金钼股份2025年度审计报告,金钼股份2025年度审计报告,ok
cninfo_disclosure,http://www.cninfo.com.cn/new/disclosure/detail?stockCode=601958&announcementId=1225079133&orgId=9900004461&announcementTime=2026-04-04,2026-04-04 00:00:00,601958,601958,金钼股份2026年度日常关联交易计划公告,金钼股份2026年度日常关联交易计划公告,ok
cninfo_disclosure,http://www.cninfo.com.cn/new/disclosure/detail?stockCode=601958&announcementId=1225079131&orgId=9900004461&announcementTime=2026-04-04,2026-04-04 00:00:00,601958,601958,金钼股份关于会计师事务所2025年度履职情况的评估报告,金钼股份关于会计师事务所2025年度履职情况的评估报告,ok
cninfo_disclosure,http://www.cninfo.com.cn/new/disclosure/detail?stockCode=601958&announcementId=1225079128&orgId=9900004461&announcementTime=2026-04-04,2026-04-04 00:00:00,601958,601958,金钼股份利润分配方案公告,金钼股份利润分配方案公告,ok
cninfo_disclosure,http://www.cninfo.com.cn/new/disclosure/detail?stockCode=601958&announcementId=1225079126&orgId=9900004461&announcementTime=2026-04-04,2026-04-04 00:00:00,601958,601958,金钼股份2025年度独立董事述职报告（王军生）,金钼股份2025年度独立董事述职报告（王军生）,ok
cninfo_disclosure,http://www.cninfo.com.cn/new/disclosure/detail?stockCode=601958&announcementId=1225079124&orgId=9900004461&announcementTime=2026-04-04,2026-04-04 00:00:00,601958,601958,金钼股份2025年度独立董事述职报告（季成）,金钼股份2025年度独立董事述职报告（季成）,ok
cninfo_disclosure,http://www.cninfo.com.cn/new/disclosure/detail?stockCode=601958&announcementId=1225079123&orgId=9900004461&announcementTime=2026-04-04,2026-04-04 00:00:00,601958,601958,金钼股份2026年第2次董事会会议决议公告,金钼股份2026年第2次董事会会议决议公告,ok
cninfo_disclosure,http://www.cninfo.com.cn/new/disclosure/detail?stockCode=601958&announcementId=1225079122&orgId=9900004461&announcementTime=2026-04-04,2026-04-04 00:00:00,601958,601958,金钼股份2026年度投资者关系管理计划,金钼股份2026年度投资者关系管理计划,ok
cninfo_disclosure,http://www.cninfo.com.cn/new/disclosure/detail?stockCode=601958&announcementId=1225079117&orgId=9900004461&announcementTime=2026-04-04,2026-04-04 00:00:00,601958,601958,金钼股份续聘会计师事务所公告,金钼股份续聘会计师事务所公告,ok
cninfo_disclosure,http://www.cninfo.com.cn/new/disclosure/detail?stockCode=601958&announcementId=1225079113&orgId=9900004461&announcementTime=2026-04-04,2026-04-04 00:00:00,601958,601958,金钼股份2025年度ESG报告,金钼股份2025年度ESG报告,ok
cninfo_disclosure,http://www.cninfo.com.cn/new/disclosure/detail?stockCode=601958&announcementId=1225079110&orgId=9900004461&announcementTime=2026-04-04,2026-04-04 00:00:00,601958,601958,金钼股份2025年度内部控制评价报告,金钼股份2025年度内部控制评价报告,ok
cninfo_disclosure,http://www.cninfo.com.cn/new/disclosure/detail?stockCode=601958&announcementId=1225079107&orgId=9900004461&announcementTime=2026-04-04,2026-04-04 00:00:00,601958,601958,金钼股份董事会审计委员会2025年度履职报告,金钼股份董事会审计委员会2025年度履职报告,ok
cninfo_disclosure,http://www.cninfo.com.cn/new/disclosure/detail?stockCode=601958&announcementId=1225079104&orgId=9900004461&announcementTime=2026-04-04,2026-04-04 00:00:00,601958,601958,金钼股份2025年度独立董事述职报告（李富有）,金钼股份2025年度独立董事述职报告（李富有）,ok
cninfo_disclosure,http://www.cninfo.com.cn/new/disclosure/detail?stockCode=601958&announcementId=1225079054&orgId=9900004461&announcementTime=2026-04-04,2026-04-04 00:00:00,601958,601958,金钼股份2025年年度报告摘要,金钼股份2025年年度报告摘要,ok
cninfo_disclosure,http://www.cninfo.com.cn/new/disclosure/detail?stockCode=601958&announcementId=1225079053&orgId=9900004461&announcementTime=2026-04-04,2026-04-04 00:00:00,601958,601958,关于金钼股份非经营性资金占用及其他关联资金往来情况汇总表的专项说明,关于金钼股份非经营性资金占用及其他关联资金往来情况汇总表的专项说明,ok
cninfo_disclosure,http://www.cninfo.com.cn/new/disclosure/detail?stockCode=601958&announcementId=1225079051&orgId=9900004461&announcementTime=2026-04-04,2026-04-04 00:00:00,601958,601958,金钼股份2025年度内部控制审计报告,金钼股份2025年度内部控制审计报告,ok
cninfo_disclosure,http://www.cninfo.com.cn/new/disclosure/detail?stockCode=601958&announcementId=1225079049&orgId=9900004461&announcementTime=2026-04-04,2026-04-04 00:00:00,601958,601958,金钼股份2025年年度报告,金钼股份2025年年度报告,ok
cninfo_disclosure,http://www.cninfo.com.cn/new/disclosure/detail?stockCode=601958&announcementId=1225079047&orgId=9900004461&announcementTime=2026-04-04,2026-04-04 00:00:00,601958,601958,金钼股份2025年度ESG报告摘要,金钼股份2025年度ESG报告摘要,ok
cninfo_disclosure,http://www.cninfo.com.cn/new/disclosure/detail?stockCode=601958&announcementId=1225079046&orgId=9900004461&announcementTime=2026-04-04,2026-04-04 00:00:00,601958,601958,金钼股份2025年度独立董事述职报告（张金钰）,金钼股份2025年度独立董事述职报告（张金钰）,ok
cninfo_disclosure,http://www.cninfo.com.cn/new/disclosure/detail?stockCode=601958&announcementId=1224996924&orgId=9900004461&announcementTime=2026-03-06,2026-03-06 00:00:00,601958,601958,金钼股份关于收购参股公司部分股权进展的公告,金钼股份关于收购参股公司部分股权进展的公告,ok
cninfo_disclosure,http://www.cninfo.com.cn/new/disclosure/detail?stockCode=601958&announcementId=1224971617&orgId=9900004461&announcementTime=2026-02-07,2026-02-07 00:00:00,601958,601958,金钼股份董事会议事规则,金钼股份董事会议事规则,ok
cninfo_disclosure,http://www.cninfo.com.cn/new/disclosure/detail?stockCode=601958&announcementId=1224971616&orgId=9900004461&announcementTime=2026-02-07,2026-02-07 00:00:00,601958,601958,金钼股份股东会网络投票工作制度,金钼股份股东会网络投票工作制度,ok
cninfo_disclosure,http://www.cninfo.com.cn/new/disclosure/detail?stockCode=601958&announcementId=1224971615&orgId=9900004461&announcementTime=2026-02-07,2026-02-07 00:00:00,601958,601958,金钼股份关联交易管理制度,金钼股份关联交易管理制度,ok
cninfo_disclosure,http://www.cninfo.com.cn/new/disclosure/detail?stockCode=601958&announcementId=1224971614&orgId=9900004461&announcementTime=2026-02-07,2026-02-07 00:00:00,601958,601958,金钼股份独立董事制度,金钼股份独立董事制度,ok
cninfo_disclosure,http://www.cninfo.com.cn/new/disclosure/detail?stockCode=601958&announcementId=1224971613&orgId=9900004461&announcementTime=2026-02-07,2026-02-07 00:00:00,601958,601958,金钼股份第六届董事会第一次会议决议公告,金钼股份第六届董事会第一次会议决议公告,ok
cninfo_disclosure,http://www.cninfo.com.cn/new/disclosure/detail?stockCode=601958&announcementId=1224971612&orgId=9900004461&announcementTime=2026-02-07,2026-02-07 00:00:00,601958,601958,北京观韬（西安）律师事务所关于金堆城钼业股份有限公司2026年第一次临时股东会的法律意见书,北京观韬（西安）律师事务所关于金堆城钼业股份有限公司2026年第一次临时股东会的法律意见书,ok
cninfo_disclosure,http://www.cninfo.com.cn/new/disclosure/detail?stockCode=601958&announcementId=1224971611&orgId=9900004461&announcementTime=2026-02-07,2026-02-07 00:00:00,601958,601958,金钼股份2026年第一次临时股东会决议公告,金钼股份2026年第一次临时股东会决议公告,ok
cninfo_disclosure,http://www.cninfo.com.cn/new/disclosure/detail?stockCode=601958&announcementId=1224971609&orgId=9900004461&announcementTime=2026-02-07,2026-02-07 00:00:00,601958,601958,金钼股份股东会议事规则,金钼股份股东会议事规则,ok
cninfo_disclosure,http://www.cninfo.com.cn/new/disclosure/detail?stockCode=601958&announcementId=1224955448&orgId=9900004461&announcementTime=2026-01-30,2026-01-30 00:00:00,601958,601958,金钼股份2025年度业绩快报公告,金钼股份2025年度业绩快报公告,ok
cninfo_disclosure,http://www.cninfo.com.cn/new/disclosure/detail?stockCode=601958&announcementId=1224943576&orgId=9900004461&announcementTime=2026-01-22,2026-01-22 00:00:00,601958,601958,金钼股份2026年第一次临时股东会会议材料,金钼股份2026年第一次临时股东会会议材料,ok
cninfo_disclosure,http://www.cninfo.com.cn/new/disclosure/detail?stockCode=601958&announcementId=1224943345&orgId=9900004461&announcementTime=2026-01-22,2026-01-22 00:00:00,601958,601958,金钼股份关于召开2026年第一次临时股东会的通知,金钼股份关于召开2026年第一次临时股东会的通知,ok
cninfo_disclosure,http://www.cninfo.com.cn/new/disclosure/detail?stockCode=601958&announcementId=1224935473&orgId=9900004461&announcementTime=2026-01-16,2026-01-16 00:00:00,601958,601958,金钼股份关于收购参股公司部分股权的公告,金钼股份关于收购参股公司部分股权的公告,ok
cninfo_disclosure,http://www.cninfo.com.cn/new/disclosure/detail?stockCode=601958&announcementId=1224935433&orgId=9900004461&announcementTime=2026-01-16,2026-01-16 00:00:00,601958,601958,金钼股份关于变更审计报告签字注册会计师和质控合伙人的公告,金钼股份关于变更审计报告签字注册会计师和质控合伙人的公告,ok
cninfo_disclosure,http://www.cninfo.com.cn/new/disclosure/detail?stockCode=601958&announcementId=1224873086&orgId=9900004461&announcementTime=2025-12-13,2025-12-13 00:00:00,601958,601958,金钼股份关于拟公开发行可续期公司债券的公告,金钼股份关于拟公开发行可续期公司债券的公告,ok
cninfo_disclosure,http://www.cninfo.com.cn/new/disclosure/detail?stockCode=601958&announcementId=1224873066&orgId=9900004461&announcementTime=2025-12-13,2025-12-13 00:00:00,601958,601958,金钼股份第五届董事会第二十八次会议决议公告,金钼股份第五届董事会第二十八次会议决议公告,ok
cninfo_disclosure,http://www.cninfo.com.cn/new/disclosure/detail?stockCode=601958&announcementId=1224873059&orgId=9900004461&announcementTime=2025-12-13,2025-12-13 00:00:00,601958,601958,独立董事候选人声明与承诺-李富有,独立董事候选人声明与承诺-李富有,ok
cninfo_disclosure,http://www.cninfo.com.cn/new/disclosure/detail?stockCode=601958&announcementId=1224873053&orgId=9900004461&announcementTime=2025-12-13,2025-12-13 00:00:00,601958,601958,独立董事候选人声明与承诺-王军生,独立董事候选人声明与承诺-王军生,ok
cninfo_disclosure,http://www.cninfo.com.cn/new/disclosure/detail?stockCode=601958&announcementId=1224873046&orgId=9900004461&announcementTime=2025-12-13,2025-12-13 00:00:00,601958,601958,独立董事候选人声明与承诺-季成,独立董事候选人声明与承诺-季成,ok
cninfo_disclosure,http://www.cninfo.com.cn/new/disclosure/detail?stockCode=601958&announcementId=1224873031&orgId=9900004461&announcementTime=2025-12-13,2025-12-13 00:00:00,601958,601958,独立董事候选人声明与承诺-张金钰,独立董事候选人声明与承诺-张金钰,ok
cninfo_disclosure,http://www.cninfo.com.cn/new/disclosure/detail?stockCode=601958&announcementId=1224873028&orgId=9900004461&announcementTime=2025-12-13,2025-12-13 00:00:00,601958,601958,独立董事提名人声明与承诺,独立董事提名人声明与承诺,ok
cninfo_disclosure,http://www.cninfo.com.cn/new/disclosure/detail?stockCode=601958&announcementId=1224749220&orgId=9900004461&announcementTime=2025-10-29,2025-10-29 00:00:00,601958,601958,金钼股份2025年第三季度报告,金钼股份2025年第三季度报告,ok
cninfo_disclosure,http://www.cninfo.com.cn/new/disclosure/detail?stockCode=601958&announcementId=1224749219&orgId=9900004461&announcementTime=2025-10-29,2025-10-29 00:00:00,601958,601958,金钼股份关于新设立全资子公司的公告,金钼股份关于新设立全资子公司的公告,ok
cninfo_disclosure,http://www.cninfo.com.cn/new/disclosure/detail?stockCode=601958&announcementId=1224749218&orgId=9900004461&announcementTime=2025-10-29,2025-10-29 00:00:00,601958,601958,金钼股份关于购买董事、高级管理人员责任保险的公告,金钼股份关于购买董事、高级管理人员责任保险的公告,ok
cninfo_disclosure,http://www.cninfo.com.cn/new/disclosure/detail?stockCode=601958&announcementId=1224749217&orgId=9900004461&announcementTime=2025-10-29,2025-10-29 00:00:00,601958,601958,金钼股份第五届董事会第二十七次会议决议公告,金钼股份第五届董事会第二十七次会议决议公告,ok
cninfo_disclosure,http://www.cninfo.com.cn/new/disclosure/detail?stockCode=601958&announcementId=1224715527&orgId=9900004461&announcementTime=2025-10-17,2025-10-17 00:00:00,601958,601958,金钼股份2025年前三季度业绩快报公告,金钼股份2025年前三季度业绩快报公告,ok
cninfo_disclosure,http://www.cninfo.com.cn/new/disclosure/detail?stockCode=601958&announcementId=1224621398&orgId=9900004461&announcementTime=2025-08-30,2025-08-30 00:00:00,601958,601958,金钼股份关于签订《合作意向书》的公告,金钼股份关于签订《合作意向书》的公告,ok
cninfo_disclosure,http://www.cninfo.com.cn/new/disclosure/detail?stockCode=601958&announcementId=1224621397&orgId=9900004461&announcementTime=2025-08-30,2025-08-30 00:00:00,601958,601958,金钼股份第五届董事会第二十六次会议决议公告,金钼股份第五届董事会第二十六次会议决议公告,ok
cninfo_disclosure,http://www.cninfo.com.cn/new/disclosure/detail?stockCode=601958&announcementId=1224554157&orgId=9900004461&announcementTime=2025-08-23,2025-08-23 00:00:00,601958,601958,金钼股份2025年半年度报告,金钼股份2025年半年度报告,ok
cninfo_disclosure,http://www.cninfo.com.cn/new/disclosure/detail?stockCode=601958&announcementId=1224554156&orgId=9900004461&announcementTime=2025-08-23,2025-08-23 00:00:00,601958,601958,金钼股份2025年半年度报告摘要,金钼股份2025年半年度报告摘要,ok
cninfo_disclosure,http://www.cninfo.com.cn/new/disclosure/detail?stockCode=601958&announcementId=1224554155&orgId=9900004461&announcementTime=2025-08-23,2025-08-23 00:00:00,601958,601958,金钼股份关于召开2025年半年度业绩说明会的公告,金钼股份关于召开2025年半年度业绩说明会的公告,ok
cninfo_disclosure,http://www.cninfo.com.cn/new/disclosure/detail?stockCode=601958&announcementId=1224400098&orgId=9900004461&announcementTime=2025-08-06,2025-08-06 00:00:00,601958,601958,金钼股份关于聘任总工程师的公告,金钼股份关于聘任总工程师的公告,ok
cninfo_disclosure,http://www.cninfo.com.cn/new/disclosure/detail?stockCode=601958&announcementId=1224368037&orgId=9900004461&announcementTime=2025-08-02,2025-08-02 00:00:00,601958,601958,金钼股份2024年年度权益分派实施公告,金钼股份2024年年度权益分派实施公告,ok
cninfo_disclosure,http://www.cninfo.com.cn/new/disclosure/detail?stockCode=601958&announcementId=1224236905&orgId=9900004461&announcementTime=2025-07-22,2025-07-22 00:00:00,601958,601958,金钼股份第五届董事会第二十三次会议决议公告,金钼股份第五届董事会第二十三次会议决议公告,ok
cninfo_disclosure,http://www.cninfo.com.cn/new/disclosure/detail?stockCode=601958&announcementId=1224201984&orgId=9900004461&announcementTime=2025-07-18,2025-07-18 00:00:00,601958,601958,金钼股份2025年半年度业绩快报公告,金钼股份2025年半年度业绩快报公告,ok
cninfo_disclosure,http://www.cninfo.com.cn/new/disclosure/detail?stockCode=601958&announcementId=1224017407&orgId=9900004461&announcementTime=2025-06-28,2025-06-28 00:00:00,601958,601958,关于向控股子公司提供财务资助的公告,关于向控股子公司提供财务资助的公告,ok
cninfo_disclosure,http://www.cninfo.com.cn/new/disclosure/detail?stockCode=601958&announcementId=1224017406&orgId=9900004461&announcementTime=2025-06-28,2025-06-28 00:00:00,601958,601958,金钼股份第五届董事会第二十二次会议决议公告,金钼股份第五届董事会第二十二次会议决议公告,ok
cninfo_disclosure,http://www.cninfo.com.cn/new/disclosure/detail?stockCode=601958&announcementId=1223973987&orgId=9900004461&announcementTime=2025-06-25,2025-06-25 00:00:00,601958,601958,公司章程,公司章程,ok
cninfo_disclosure,http://www.cninfo.com.cn/new/disclosure/detail?stockCode=601958&announcementId=1223973986&orgId=9900004461&announcementTime=2025-06-25,2025-06-25 00:00:00,601958,601958,北京观韬（西安）律师事务所关于金堆城钼业股份有限公司2024年年度股东大会的法律意见书,北京观韬（西安）律师事务所关于金堆城钼业股份有限公司2024年年度股东大会的法律意见书,ok
cninfo_disclosure,http://www.cninfo.com.cn/new/disclosure/detail?stockCode=601958&announcementId=1223973985&orgId=9900004461&announcementTime=2025-06-25,2025-06-25 00:00:00,601958,601958,金钼股份2024年年度股东大会决议公告,金钼股份2024年年度股东大会决议公告,ok
cninfo_disclosure,http://www.cninfo.com.cn/new/disclosure/detail?stockCode=601958&announcementId=1223764778&orgId=9900004461&announcementTime=2025-06-05,2025-06-05 00:00:00,601958,601958,金钼股份关于公司高级管理人员离任的公告,金钼股份关于公司高级管理人员离任的公告,ok
cninfo_disclosure,http://www.cninfo.com.cn/new/disclosure/detail?stockCode=601958&announcementId=1223748631&orgId=9900004461&announcementTime=2025-06-04,2025-06-04 00:00:00,601958,601958,金钼股份关于召开2024年年度股东大会的通知,金钼股份关于召开2024年年度股东大会的通知,ok
cninfo_disclosure,http://www.cninfo.com.cn/new/disclosure/detail?stockCode=601958&announcementId=1223748630&orgId=9900004461&announcementTime=2025-06-04,2025-06-04 00:00:00,601958,601958,金钼股份2024年年度股东大会会议材料,金钼股份2024年年度股东大会会议材料,ok
cninfo_disclosure,http://www.cninfo.com.cn/new/disclosure/detail?stockCode=601958&announcementId=1223643961&orgId=9900004461&announcementTime=2025-05-24,2025-05-24 00:00:00,601958,601958,金钼股份关于修订《公司章程》暨取消监事会的公告,金钼股份关于修订《公司章程》暨取消监事会的公告,ok
cninfo_disclosure,http://www.cninfo.com.cn/new/disclosure/detail?stockCode=601958&announcementId=1223643960&orgId=9900004461&announcementTime=2025-05-24,2025-05-24 00:00:00,601958,601958,金钼股份第五届董事会第二十一次会议决议公告,金钼股份第五届董事会第二十一次会议决议公告,ok
cninfo_disclosure,http://www.cninfo.com.cn/new/disclosure/detail?stockCode=601958&announcementId=1223525240&orgId=9900004461&announcementTime=2025-05-13,2025-05-13 00:00:00,601958,601958,金钼股份关于参加“2025年陕西辖区上市公司投资者集体接待日暨2024年度业绩说明会”预告公告,金钼股份关于参加“2025年陕西辖区上市公司投资者集体接待日暨2024年度业绩说明会”预告公告,ok
cninfo_disclosure,http://www.cninfo.com.cn/new/disclosure/detail?stockCode=601958&announcementId=1223406519&orgId=9900004461&announcementTime=2025-04-30,2025-04-30 00:00:00,601958,601958,金钼股份关于副总经理离任的公告,金钼股份关于副总经理离任的公告,ok
cninfo_disclosure,http://www.cninfo.com.cn/new/disclosure/detail?stockCode=601958&announcementId=1223303669&orgId=9900004461&announcementTime=2025-04-26,2025-04-26 00:00:00,601958,601958,金钼股份2025年第一季度报告,金钼股份2025年第一季度报告,ok
cninfo_disclosure,http://www.cninfo.com.cn/new/disclosure/detail?stockCode=601958&announcementId=1223100028&orgId=9900004461&announcementTime=2025-04-16,2025-04-16 00:00:00,601958,601958,北京观韬（西安）律师事务所关于金堆城钼业集团有限公司2025年增持金堆城钼业股份有限公司股份的法律意见书,北京观韬（西安）律师事务所关于金堆城钼业集团有限公司2025年增持金堆城钼业股份有限公司股份的法律意见书,ok
cninfo_disclosure,http://www.cninfo.com.cn/new/disclosure/detail?stockCode=601958&announcementId=1223100027&orgId=9900004461&announcementTime=2025-04-16,2025-04-16 00:00:00,601958,601958,金钼股份关于控股股东增持公司股份计划实施完毕暨增持结果公告,金钼股份关于控股股东增持公司股份计划实施完毕暨增持结果公告,ok
eastmoney_stock_news,http://finance.eastmoney.com/a/202606023757566791.html,2026-06-02 16:27:19,000960,000960,锡业股份000960龙虎榜数据06-02),交易所2026年6月2日公布的交易公开信息显示，锡业股份因成为日涨幅偏离值达到7%的前5只证券上榜。锡业股份当日收报43.19元，涨跌幅10.01%，偏离值9.23%，换手率7.04%，成交额48.45亿。 免责声明：本文基于AI生产，仅供参考，不构成任何投资建议，据此操作风险自担,ok
cninfo_disclosure,http://www.cninfo.com.cn/new/disclosure/detail?stockCode=000960&announcementId=1225349921&orgId=gssz0000960&announcementTime=2026-06-04 00:00:00,2026-06-04 00:00:00,000960,000960,云南锡业股份有限公司控股股东及其一致行动人减持股份超过1%的公告,云南锡业股份有限公司控股股东及其一致行动人减持股份超过1%的公告,ok
cninfo_disclosure,http://www.cninfo.com.cn/new/disclosure/detail?stockCode=000960&announcementId=1225339739&orgId=gssz0000960&announcementTime=2026-06-01 00:00:00,2026-06-01 00:00:00,000960,000960,云南锡业股份有限公司第十届董事会2026年第三次临时会议决议公告,云南锡业股份有限公司第十届董事会2026年第三次临时会议决议公告,ok
cninfo_disclosure,http://www.cninfo.com.cn/new/disclosure/detail?stockCode=000960&announcementId=1225339738&orgId=gssz0000960&announcementTime=2026-06-01 00:00:00,2026-06-01 00:00:00,000960,000960,云南锡业股份有限公司关于参与竞拍赤峰大井子锡业有限公司100%股权的公告,云南锡业股份有限公司关于参与竞拍赤峰大井子锡业有限公司100%股权的公告,ok
cninfo_disclosure,http://www.cninfo.com.cn/new/disclosure/detail?stockCode=000960&announcementId=1225330561&orgId=gssz0000960&announcementTime=2026-05-26 17:12:08,2026-05-26 17:12:08,000960,000960,云南锡业股份有限公司2024年面向专业投资者公开发行科技创新可续期公司债券（第二期）2026年付息公告,云南锡业股份有限公司2024年面向专业投资者公开发行科技创新可续期公司债券（第二期）2026年付息公告,ok
cninfo_disclosure,http://www.cninfo.com.cn/new/disclosure/detail?stockCode=000960&announcementId=1225328993&orgId=gssz0000960&announcementTime=2026-05-26 00:00:00,2026-05-26 00:00:00,000960,000960,云南锡业股份有限公司控股股东及其一致行动人减持股份超过1%的公告,云南锡业股份有限公司控股股东及其一致行动人减持股份超过1%的公告,ok
cninfo_disclosure,http://www.cninfo.com.cn/new/disclosure/detail?stockCode=000960&announcementId=1225204440&orgId=gssz0000960&announcementTime=2026-04-28 00:00:00,2026-04-28 00:00:00,000960,000960,云南锡业股份有限公司关于控股股东及其一致行动人减持股份的预披露公告,云南锡业股份有限公司关于控股股东及其一致行动人减持股份的预披露公告,ok
cninfo_disclosure,http://www.cninfo.com.cn/new/disclosure/detail?stockCode=000960&announcementId=1225202742&orgId=gssz0000960&announcementTime=2026-04-28 00:00:00,2026-04-28 00:00:00,000960,000960,2026年一季度报告,2026年一季度报告,ok
cninfo_disclosure,http://www.cninfo.com.cn/new/disclosure/detail?stockCode=000960&announcementId=1225175203&orgId=gssz0000960&announcementTime=2026-04-24 15:56:12,2026-04-24 15:56:12,000960,000960,中信证券股份有限公司关于云南锡业股份有限公司董事会换届的临时受托管理事务报告,中信证券股份有限公司关于云南锡业股份有限公司董事会换届的临时受托管理事务报告,ok
cninfo_disclosure,http://www.cninfo.com.cn/new/disclosure/detail?stockCode=000960&announcementId=1225146686&orgId=gssz0000960&announcementTime=2026-04-23 00:00:00,2026-04-23 00:00:00,000960,000960,云南锡业股份有限公司2025年度权益分派实施公告,云南锡业股份有限公司2025年度权益分派实施公告,ok
cninfo_disclosure,http://www.cninfo.com.cn/new/disclosure/detail?stockCode=000960&announcementId=1225144165&orgId=gssz0000960&announcementTime=2026-04-22 16:36:10,2026-04-22 16:36:10,000960,000960,云南锡业股份有限公司2024年面向专业投资者公开发行科技创新可续期公司债券（第一期）兑付暨摘牌公告,云南锡业股份有限公司2024年面向专业投资者公开发行科技创新可续期公司债券（第一期）兑付暨摘牌公告,ok
cninfo_disclosure,http://www.cninfo.com.cn/new/disclosure/detail?stockCode=000960&announcementId=1225129940&orgId=gssz0000960&announcementTime=2026-04-21 00:00:00,2026-04-21 00:00:00,000960,000960,北京德恒（昆明）律师事务所关于云南锡业股份有限公司2025年度股东会的法律意见,北京德恒（昆明）律师事务所关于云南锡业股份有限公司2025年度股东会的法律意见,ok
cninfo_disclosure,http://www.cninfo.com.cn/new/disclosure/detail?stockCode=000960&announcementId=1225129939&orgId=gssz0000960&announcementTime=2026-04-21 00:00:00,2026-04-21 00:00:00,000960,000960,云南锡业股份有限公司2025年度股东会决议公告,云南锡业股份有限公司2025年度股东会决议公告,ok
cninfo_disclosure,http://www.cninfo.com.cn/new/disclosure/detail?stockCode=000960&announcementId=1225129938&orgId=gssz0000960&announcementTime=2026-04-21 00:00:00,2026-04-21 00:00:00,000960,000960,云南锡业股份有限公司第十届董事会2026年第一次临时会议决议公告,云南锡业股份有限公司第十届董事会2026年第一次临时会议决议公告,ok
cninfo_disclosure,http://www.cninfo.com.cn/new/disclosure/detail?stockCode=000960&announcementId=1225117091&orgId=gssz0000960&announcementTime=2026-04-20 00:00:00,2026-04-20 00:00:00,000960,000960,云南锡业股份有限公司关于召开2025年度股东会的提示性公告,云南锡业股份有限公司关于召开2025年度股东会的提示性公告,ok
cninfo_disclosure,http://www.cninfo.com.cn/new/disclosure/detail?stockCode=000960&announcementId=1225105410&orgId=gssz0000960&announcementTime=2026-04-16 00:00:00,2026-04-16 00:00:00,000960,000960,云南锡业股份有限公司关于举办2025年度业绩说明会的公告,云南锡业股份有限公司关于举办2025年度业绩说明会的公告,ok
cninfo_disclosure,http://www.cninfo.com.cn/new/disclosure/detail?stockCode=000960&announcementId=1225097888&orgId=gssz0000960&announcementTime=2026-04-14 00:00:00,2026-04-14 00:00:00,000960,000960,云南锡业股份有限公司2026年第一季度业绩预告,云南锡业股份有限公司2026年第一季度业绩预告,ok
cninfo_disclosure,http://www.cninfo.com.cn/new/disclosure/detail?stockCode=000960&announcementId=1225043609&orgId=gssz0000960&announcementTime=2026-03-30 00:00:00,2026-03-30 00:00:00,000960,000960,云南锡业股份有限公司2025年度董事会工作报告,云南锡业股份有限公司2025年度董事会工作报告,ok
cninfo_disclosure,http://www.cninfo.com.cn/new/disclosure/detail?stockCode=000960&announcementId=1225043608&orgId=gssz0000960&announcementTime=2026-03-30 00:00:00,2026-03-30 00:00:00,000960,000960,云南锡业股份有限公司关于2026年度董事、高级管理人员薪酬方案的公告,云南锡业股份有限公司关于2026年度董事、高级管理人员薪酬方案的公告,ok
cninfo_disclosure,http://www.cninfo.com.cn/new/disclosure/detail?stockCode=000960&announcementId=1225043607&orgId=gssz0000960&announcementTime=2026-03-30 00:00:00,2026-03-30 00:00:00,000960,000960,云南锡业股份有限公司2025年度独立董事述职报告（王道斌）,云南锡业股份有限公司2025年度独立董事述职报告（王道斌）,ok
cninfo_disclosure,http://www.cninfo.com.cn/new/disclosure/detail?stockCode=000960&announcementId=1225043606&orgId=gssz0000960&announcementTime=2026-03-30 00:00:00,2026-03-30 00:00:00,000960,000960,云南锡业股份有限公司2025年度独立董事述职报告（袁蓉丽）,云南锡业股份有限公司2025年度独立董事述职报告（袁蓉丽）,ok
cninfo_disclosure,http://www.cninfo.com.cn/new/disclosure/detail?stockCode=000960&announcementId=1225043605&orgId=gssz0000960&announcementTime=2026-03-30 00:00:00,2026-03-30 00:00:00,000960,000960,云南锡业股份有限公司2025年度独立董事述职报告（于定明）,云南锡业股份有限公司2025年度独立董事述职报告（于定明）,ok
cninfo_disclosure,http://www.cninfo.com.cn/new/disclosure/detail?stockCode=000960&announcementId=1225043604&orgId=gssz0000960&announcementTime=2026-03-30 00:00:00,2026-03-30 00:00:00,000960,000960,云南锡业股份有限公司2025年度可持续发展报告-英文版,云南锡业股份有限公司2025年度可持续发展报告-英文版,ok
cninfo_disclosure,http://www.cninfo.com.cn/new/disclosure/detail?stockCode=000960&announcementId=1225043603&orgId=gssz0000960&announcementTime=2026-03-30 00:00:00,2026-03-30 00:00:00,000960,000960,云南锡业股份有限公司2025年度可持续发展报告-中文版,云南锡业股份有限公司2025年度可持续发展报告-中文版,ok
cninfo_disclosure,http://www.cninfo.com.cn/new/disclosure/detail?stockCode=000960&announcementId=1225043602&orgId=gssz0000960&announcementTime=2026-03-30 00:00:00,2026-03-30 00:00:00,000960,000960,2025年12月31日内部控制审计报告,2025年12月31日内部控制审计报告,ok
cninfo_disclosure,http://www.cninfo.com.cn/new/disclosure/detail?stockCode=000960&announcementId=1225043601&orgId=gssz0000960&announcementTime=2026-03-30 00:00:00,2026-03-30 00:00:00,000960,000960,云南锡业股份有限公司关于2025年度内部控制自我评价报告,云南锡业股份有限公司关于2025年度内部控制自我评价报告,ok
cninfo_disclosure,http://www.cninfo.com.cn/new/disclosure/detail?stockCode=000960&announcementId=1225043600&orgId=gssz0000960&announcementTime=2026-03-30 00:00:00,2026-03-30 00:00:00,000960,000960,云南锡业股份有限公司董事、高级管理人员薪酬管理办法,云南锡业股份有限公司董事、高级管理人员薪酬管理办法,ok
cninfo_disclosure,http://www.cninfo.com.cn/new/disclosure/detail?stockCode=000960&announcementId=1225043599&orgId=gssz0000960&announcementTime=2026-03-30 00:00:00,2026-03-30 00:00:00,000960,000960,云南锡业股份有限公司董事离职管理制度,云南锡业股份有限公司董事离职管理制度,ok
cninfo_disclosure,http://www.cninfo.com.cn/new/disclosure/detail?stockCode=000960&announcementId=1225043598&orgId=gssz0000960&announcementTime=2026-03-30 00:00:00,2026-03-30 00:00:00,000960,000960,关于“质量回报双提升”行动方案的进展公告,关于“质量回报双提升”行动方案的进展公告,ok
cninfo_disclosure,http://www.cninfo.com.cn/new/disclosure/detail?stockCode=000960&announcementId=1225043597&orgId=gssz0000960&announcementTime=2026-03-30 00:00:00,2026-03-30 00:00:00,000960,000960,云南锡业股份有限公司关于会计政策变更的公告,云南锡业股份有限公司关于会计政策变更的公告,ok
cninfo_disclosure,http://www.cninfo.com.cn/new/disclosure/detail?stockCode=000960&announcementId=1225043596&orgId=gssz0000960&announcementTime=2026-03-30 00:00:00,2026-03-30 00:00:00,000960,000960,云南锡业股份有限公司关于2025年计提资产减值准备、资产报废、坏账及债务核销的的公告,云南锡业股份有限公司关于2025年计提资产减值准备、资产报废、坏账及债务核销的的公告,ok
cninfo_disclosure,http://www.cninfo.com.cn/new/disclosure/detail?stockCode=000960&announcementId=1225043595&orgId=gssz0000960&announcementTime=2026-03-30 00:00:00,2026-03-30 00:00:00,000960,000960,云南锡业股份有限公司独立董事候选人声明与承诺,云南锡业股份有限公司独立董事候选人声明与承诺,ok
cninfo_disclosure,http://www.cninfo.com.cn/new/disclosure/detail?stockCode=000960&announcementId=1225043594&orgId=gssz0000960&announcementTime=2026-03-30 00:00:00,2026-03-30 00:00:00,000960,000960,云南锡业股份有限公司独立董事提名人声明与承诺,云南锡业股份有限公司独立董事提名人声明与承诺,ok
cninfo_disclosure,http://www.cninfo.com.cn/new/disclosure/detail?stockCode=000960&announcementId=1225043593&orgId=gssz0000960&announcementTime=2026-03-30 00:00:00,2026-03-30 00:00:00,000960,000960,云南锡业股份有限公司关于召开2025年度股东会的通知,云南锡业股份有限公司关于召开2025年度股东会的通知,ok
cninfo_disclosure,http://www.cninfo.com.cn/new/disclosure/detail?stockCode=000960&announcementId=1225043592&orgId=gssz0000960&announcementTime=2026-03-30 00:00:00,2026-03-30 00:00:00,000960,000960,云南锡业股份有限公司第九届董事会第十次会议决议公告,云南锡业股份有限公司第九届董事会第十次会议决议公告,ok
cninfo_disclosure,http://www.cninfo.com.cn/new/disclosure/detail?stockCode=000960&announcementId=1225043591&orgId=gssz0000960&announcementTime=2026-03-30 00:00:00,2026-03-30 00:00:00,000960,000960,云南锡业股份有限公司2025年度利润分配预案,云南锡业股份有限公司2025年度利润分配预案,ok
cninfo_disclosure,http://www.cninfo.com.cn/new/disclosure/detail?stockCode=000960&announcementId=1225043590&orgId=gssz0000960&announcementTime=2026-03-30 00:00:00,2026-03-30 00:00:00,000960,000960,云南锡业股份有限公司董事会关于2025年度证券投资情况的专项说明,云南锡业股份有限公司董事会关于2025年度证券投资情况的专项说明,ok
cninfo_disclosure,http://www.cninfo.com.cn/new/disclosure/detail?stockCode=000960&announcementId=1225043589&orgId=gssz0000960&announcementTime=2026-03-30 00:00:00,2026-03-30 00:00:00,000960,000960,云南锡业股份有限公司对会计师事务所2025年度履职情况的评估报告,云南锡业股份有限公司对会计师事务所2025年度履职情况的评估报告,ok
cninfo_disclosure,http://www.cninfo.com.cn/new/disclosure/detail?stockCode=000960&announcementId=1225043588&orgId=gssz0000960&announcementTime=2026-03-30 00:00:00,2026-03-30 00:00:00,000960,000960,云南锡业股份有限公司董事会审计委员会对会计师事务所履行监督职责情况的报告,云南锡业股份有限公司董事会审计委员会对会计师事务所履行监督职责情况的报告,ok
cninfo_disclosure,http://www.cninfo.com.cn/new/disclosure/detail?stockCode=000960&announcementId=1225043587&orgId=gssz0000960&announcementTime=2026-03-30 00:00:00,2026-03-30 00:00:00,000960,000960,2025年度非经营性资金占用及其他关联资金往来的专项说明,2025年度非经营性资金占用及其他关联资金往来的专项说明,ok
cninfo_disclosure,http://www.cninfo.com.cn/new/disclosure/detail?stockCode=000960&announcementId=1225043586&orgId=gssz0000960&announcementTime=2026-03-30 00:00:00,2026-03-30 00:00:00,000960,000960,2025年度非经营性资金占用及其他关联资金往来情况汇总表,2025年度非经营性资金占用及其他关联资金往来情况汇总表,ok
cninfo_disclosure,http://www.cninfo.com.cn/new/disclosure/detail?stockCode=000960&announcementId=1225043585&orgId=gssz0000960&announcementTime=2026-03-30 00:00:00,2026-03-30 00:00:00,000960,000960,云南锡业股份有限公司董事会关于独立董事独立性自查情况的专项意见,云南锡业股份有限公司董事会关于独立董事独立性自查情况的专项意见,ok
cninfo_disclosure,http://www.cninfo.com.cn/new/disclosure/detail?stockCode=000960&announcementId=1225043584&orgId=gssz0000960&announcementTime=2026-03-30 00:00:00,2026-03-30 00:00:00,000960,000960,2025年年度审计报告,2025年年度审计报告,ok
cninfo_disclosure,http://www.cninfo.com.cn/new/disclosure/detail?stockCode=000960&announcementId=1225043582&orgId=gssz0000960&announcementTime=2026-03-30 00:00:00,2026-03-30 00:00:00,000960,000960,2025年年度报告,2025年年度报告,ok
cninfo_disclosure,http://www.cninfo.com.cn/new/disclosure/detail?stockCode=000960&announcementId=1225043581&orgId=gssz0000960&announcementTime=2026-03-30 00:00:00,2026-03-30 00:00:00,000960,000960,2025年年度报告摘要,2025年年度报告摘要,ok
cninfo_disclosure,http://www.cninfo.com.cn/new/disclosure/detail?stockCode=000960&announcementId=1225003705&orgId=gssz0000960&announcementTime=2026-03-10 18:26:10,2026-03-10 18:26:10,000960,000960,2026-015云南锡业股份有限公司2024年面向专业投资者公开发行科技创新可续期公司债券（第一期）关于不行使续期选择权的公告,2026-015云南锡业股份有限公司2024年面向专业投资者公开发行科技创新可续期公司债券（第一期）关于不行使续期选择权的公告,ok
cninfo_disclosure,http://www.cninfo.com.cn/new/disclosure/detail?stockCode=000960&announcementId=1224997465&orgId=gssz0000960&announcementTime=2026-03-05 17:44:11,2026-03-05 17:44:11,000960,000960,中信证券股份有限公司关于云南锡业股份有限公司聘任总经理的临时受托管理事务报告,中信证券股份有限公司关于云南锡业股份有限公司聘任总经理的临时受托管理事务报告,ok
cninfo_disclosure,http://www.cninfo.com.cn/new/disclosure/detail?stockCode=000960&announcementId=1224993582&orgId=gssz0000960&announcementTime=2026-03-04 00:00:00,2026-03-04 00:00:00,000960,000960,云南锡业股份有限公司关于回购股份注销完成暨股份变动的公告,云南锡业股份有限公司关于回购股份注销完成暨股份变动的公告,ok
cninfo_disclosure,http://www.cninfo.com.cn/new/disclosure/detail?stockCode=000960&announcementId=1224992005&orgId=gssz0000960&announcementTime=2026-03-03 00:00:00,2026-03-03 00:00:00,000960,000960,云南锡业股份有限公司套期保值业务管理制度,云南锡业股份有限公司套期保值业务管理制度,ok
cninfo_disclosure,http://www.cninfo.com.cn/new/disclosure/detail?stockCode=000960&announcementId=1224992004&orgId=gssz0000960&announcementTime=2026-03-03 00:00:00,2026-03-03 00:00:00,000960,000960,云南锡业股份有限公司境外套期保值业务管理制度,云南锡业股份有限公司境外套期保值业务管理制度,ok
cninfo_disclosure,http://www.cninfo.com.cn/new/disclosure/detail?stockCode=000960&announcementId=1224992003&orgId=gssz0000960&announcementTime=2026-03-03 00:00:00,2026-03-03 00:00:00,000960,000960,云南锡业股份有限公司内部控制管理制度,云南锡业股份有限公司内部控制管理制度,ok
cninfo_disclosure,http://www.cninfo.com.cn/new/disclosure/detail?stockCode=000960&announcementId=1224992002&orgId=gssz0000960&announcementTime=2026-03-03 00:00:00,2026-03-03 00:00:00,000960,000960,云南锡业股份有限公司关于股票交易异常波动的公告,云南锡业股份有限公司关于股票交易异常波动的公告,ok
cninfo_disclosure,http://www.cninfo.com.cn/new/disclosure/detail?stockCode=000960&announcementId=1224992001&orgId=gssz0000960&announcementTime=2026-03-03 00:00:00,2026-03-03 00:00:00,000960,000960,云南锡业股份有限公司第九届董事会2026年第二次临时会议决议公告,云南锡业股份有限公司第九届董事会2026年第二次临时会议决议公告,ok
cninfo_disclosure,http://www.cninfo.com.cn/new/disclosure/detail?stockCode=000960&announcementId=1224979082&orgId=gssz0000960&announcementTime=2026-02-13 00:00:00,2026-02-13 00:00:00,000960,000960,云南锡业股份有限公司章程,云南锡业股份有限公司章程,ok
cninfo_disclosure,http://www.cninfo.com.cn/new/disclosure/detail?stockCode=000960&announcementId=1224979081&orgId=gssz0000960&announcementTime=2026-02-13 00:00:00,2026-02-13 00:00:00,000960,000960,云南锡业股份有限公司关于高级管理人员辞职的公告,云南锡业股份有限公司关于高级管理人员辞职的公告,ok
cninfo_disclosure,http://www.cninfo.com.cn/new/disclosure/detail?stockCode=000960&announcementId=1224979080&orgId=gssz0000960&announcementTime=2026-02-13 00:00:00,2026-02-13 00:00:00,000960,000960,北京德恒（昆明）律师事务所关于云南锡业股份有限公司2026年第二次临时股东会的法律意见,北京德恒（昆明）律师事务所关于云南锡业股份有限公司2026年第二次临时股东会的法律意见,ok
cninfo_disclosure,http://www.cninfo.com.cn/new/disclosure/detail?stockCode=000960&announcementId=1224979079&orgId=gssz0000960&announcementTime=2026-02-13 00:00:00,2026-02-13 00:00:00,000960,000960,云南锡业股份有限公司2026年第二次临时股东会决议公告,云南锡业股份有限公司2026年第二次临时股东会决议公告,ok
cninfo_disclosure,http://www.cninfo.com.cn/new/disclosure/detail?stockCode=000960&announcementId=1224976235&orgId=gssz0000960&announcementTime=2026-02-12 00:00:00,2026-02-12 00:00:00,000960,000960,云南锡业股份有限公司关于召开2026年第二次临时股东会的提示性公告,云南锡业股份有限公司关于召开2026年第二次临时股东会的提示性公告,ok
cninfo_disclosure,http://www.cninfo.com.cn/new/disclosure/detail?stockCode=000960&announcementId=1224961663&orgId=gssz0000960&announcementTime=2026-02-03 00:00:00,2026-02-03 00:00:00,000960,000960,云南锡业股份有限公司关于董事任期届满的提示性公告,云南锡业股份有限公司关于董事任期届满的提示性公告,ok
cninfo_disclosure,http://www.cninfo.com.cn/new/disclosure/detail?stockCode=000960&announcementId=1224962159&orgId=gssz0000960&announcementTime=2026-02-02 17:10:29,2026-02-02 17:10:29,000960,000960,中信证券股份有限公司关于云南锡业股份有限公司提前终止回购公司股份方案并注销回购股份的临时受托管理事务报告,中信证券股份有限公司关于云南锡业股份有限公司提前终止回购公司股份方案并注销回购股份的临时受托管理事务报告,ok
cninfo_disclosure,http://www.cninfo.com.cn/new/disclosure/detail?stockCode=000960&announcementId=1224952752&orgId=gssz0000960&announcementTime=2026-01-28 00:00:00,2026-01-28 00:00:00,000960,000960,云南锡业股份有限公司章程修订对照表,云南锡业股份有限公司章程修订对照表,ok
cninfo_disclosure,http://www.cninfo.com.cn/new/disclosure/detail?stockCode=000960&announcementId=1224952751&orgId=gssz0000960&announcementTime=2026-01-28 00:00:00,2026-01-28 00:00:00,000960,000960,云南锡业股份有限公司关于召开2026年第二次临时股东会的通知,云南锡业股份有限公司关于召开2026年第二次临时股东会的通知,ok
cninfo_disclosure,http://www.cninfo.com.cn/new/disclosure/detail?stockCode=000960&announcementId=1224952750&orgId=gssz0000960&announcementTime=2026-01-28 00:00:00,2026-01-28 00:00:00,000960,000960,云南锡业股份有限公司第九届董事会2026年第一次临时会议决议公告,云南锡业股份有限公司第九届董事会2026年第一次临时会议决议公告,ok
cninfo_disclosure,http://www.cninfo.com.cn/new/disclosure/detail?stockCode=000960&announcementId=1224952749&orgId=gssz0000960&announcementTime=2026-01-28 00:00:00,2026-01-28 00:00:00,000960,000960,云南锡业股份有限公司关于提前终止回购公司股份方案并注销回购股份的公告,云南锡业股份有限公司关于提前终止回购公司股份方案并注销回购股份的公告,ok
cninfo_disclosure,http://www.cninfo.com.cn/new/disclosure/detail?stockCode=000960&announcementId=1224939904&orgId=gssz0000960&announcementTime=2026-01-20 00:00:00,2026-01-20 00:00:00,000960,000960,云南锡业股份有限公司2025年前三季度权益分派实施公告,云南锡业股份有限公司2025年前三季度权益分派实施公告,ok
cninfo_disclosure,http://www.cninfo.com.cn/new/disclosure/detail?stockCode=000960&announcementId=1224937773&orgId=gssz0000960&announcementTime=2026-01-17 00:00:00,2026-01-17 00:00:00,000960,000960,北京德恒（昆明）律师事务所关于云南锡业股份有限公司2026年第一次临时股东会的法律意见,北京德恒（昆明）律师事务所关于云南锡业股份有限公司2026年第一次临时股东会的法律意见,ok
cninfo_disclosure,http://www.cninfo.com.cn/new/disclosure/detail?stockCode=000960&announcementId=1224937772&orgId=gssz0000960&announcementTime=2026-01-17 00:00:00,2026-01-17 00:00:00,000960,000960,云南锡业股份有限公司2026年第一次临时股东会决议公告,云南锡业股份有限公司2026年第一次临时股东会决议公告,ok
cninfo_disclosure,http://www.cninfo.com.cn/new/disclosure/detail?stockCode=000960&announcementId=1224936093&orgId=gssz0000960&announcementTime=2026-01-16 00:00:00,2026-01-16 00:00:00,000960,000960,云南锡业股份有限公司关于召开2026年第一次临时股东会的提示性公告,云南锡业股份有限公司关于召开2026年第一次临时股东会的提示性公告,ok
cninfo_disclosure,http://www.cninfo.com.cn/new/disclosure/detail?stockCode=000960&announcementId=1224918963&orgId=gssz0000960&announcementTime=2026-01-06 00:00:00,2026-01-06 00:00:00,000960,000960,云南锡业股份有限公司关于回购公司股份的进展公告,云南锡业股份有限公司关于回购公司股份的进展公告,ok
cninfo_disclosure,http://www.cninfo.com.cn/new/disclosure/detail?stockCode=000960&announcementId=1224906171&orgId=gssz0000960&announcementTime=2025-12-30 00:00:00,2025-12-30 00:00:00,000960,000960,云南锡业股份有限公司关于2026年日常关联交易预计的公告,云南锡业股份有限公司关于2026年日常关联交易预计的公告,ok
cninfo_disclosure,http://www.cninfo.com.cn/new/disclosure/detail?stockCode=000960&announcementId=1224906170&orgId=gssz0000960&announcementTime=2025-12-30 00:00:00,2025-12-30 00:00:00,000960,000960,云南锡业股份有限公司关于开展远期外汇交易业务的公告,云南锡业股份有限公司关于开展远期外汇交易业务的公告,ok
cninfo_disclosure,http://www.cninfo.com.cn/new/disclosure/detail?stockCode=000960&announcementId=1224906169&orgId=gssz0000960&announcementTime=2025-12-30 00:00:00,2025-12-30 00:00:00,000960,000960,云南锡业股份有限公司关于2026年度套期保值计划及调整2025年套期保值计划的公告,云南锡业股份有限公司关于2026年度套期保值计划及调整2025年套期保值计划的公告,ok
cninfo_disclosure,http://www.cninfo.com.cn/new/disclosure/detail?stockCode=000960&announcementId=1224906168&orgId=gssz0000960&announcementTime=2025-12-30 00:00:00,2025-12-30 00:00:00,000960,000960,云南锡业股份有限公司关于2026年度向子公司提供担保额度预计的公告,云南锡业股份有限公司关于2026年度向子公司提供担保额度预计的公告,ok
cninfo_disclosure,http://www.cninfo.com.cn/new/disclosure/detail?stockCode=000960&announcementId=1224906167&orgId=gssz0000960&announcementTime=2025-12-30 00:00:00,2025-12-30 00:00:00,000960,000960,云南锡业股份有限公司关于召开2026年第一次临时股东会的通知,云南锡业股份有限公司关于召开2026年第一次临时股东会的通知,ok
cninfo_disclosure,http://www.cninfo.com.cn/new/disclosure/detail?stockCode=000960&announcementId=1224906166&orgId=gssz0000960&announcementTime=2025-12-30 00:00:00,2025-12-30 00:00:00,000960,000960,云南锡业股份有限公司第九届董事会2025年第五次临时会议决议公告,云南锡业股份有限公司第九届董事会2025年第五次临时会议决议公告,ok
cninfo_disclosure,http://www.cninfo.com.cn/new/disclosure/detail?stockCode=000960&announcementId=1224906165&orgId=gssz0000960&announcementTime=2025-12-30 00:00:00,2025-12-30 00:00:00,000960,000960,云南锡业股份有限公司关于2025年前三季度利润分配预案,云南锡业股份有限公司关于2025年前三季度利润分配预案,ok
cninfo_disclosure,http://www.cninfo.com.cn/new/disclosure/detail?stockCode=000960&announcementId=1224840516&orgId=gssz0000960&announcementTime=2025-12-02 00:00:00,2025-12-02 00:00:00,000960,000960,云南锡业股份有限公司关于回购公司股份的进展公告,云南锡业股份有限公司关于回购公司股份的进展公告,ok
cninfo_disclosure,http://www.cninfo.com.cn/new/disclosure/detail?stockCode=000960&announcementId=1224783931&orgId=gssz0000960&announcementTime=2025-11-04 00:00:00,2025-11-04 00:00:00,000960,000960,云南锡业股份有限公司关于回购公司股份的进展公告,云南锡业股份有限公司关于回购公司股份的进展公告,ok
cninfo_disclosure,http://www.cninfo.com.cn/new/disclosure/detail?stockCode=000960&announcementId=1224733628&orgId=gssz0000960&announcementTime=2025-10-27 00:00:00,2025-10-27 00:00:00,000960,000960,云南锡业股份有限公司第九届董事会2025年第四次临时会议决议公告,云南锡业股份有限公司第九届董事会2025年第四次临时会议决议公告,ok
cninfo_disclosure,http://www.cninfo.com.cn/new/disclosure/detail?stockCode=000960&announcementId=1224733626&orgId=gssz0000960&announcementTime=2025-10-27 00:00:00,2025-10-27 00:00:00,000960,000960,2025年三季度报告,2025年三季度报告,ok
cninfo_disclosure,http://www.cninfo.com.cn/new/disclosure/detail?stockCode=000960&announcementId=1224706099&orgId=gssz0000960&announcementTime=2025-10-13 00:00:00,2025-10-13 00:00:00,000960,000960,云南锡业股份有限公司关于股票交易异常波动的公告,云南锡业股份有限公司关于股票交易异常波动的公告,ok
eastmoney_stock_news,http://finance.eastmoney.com/a/202605133735975079.html,2026-05-13 17:10:31,600111,600111,北方稀土600111.SH)：5亿元超短期融资券兑付完成,2026年5月13日，北方稀土600111.SH)发布公告称，公司2026年度第一期超短期融资券(债券简称：26北方稀土SCP001，债券代码：012680627)已于2026年5月12日完成兑付。,ok
eastmoney_stock_news,http://finance.eastmoney.com/a/202606103766663461.html,2026-06-10 15:40:00,600111,600111,短线防风险 71只个股短期均线现死叉,5.48 3.28 33.50 33.80 -0.87 32.24 -4.61 300647 超频三 -4.87 4.72 6.37 6.42 -0.84 6.05 -5.76 001323 慕思股份 -0.32 0.36 19.42 19.58 -0.82 18.60 -4.99 600111,ok
eastmoney_stock_news,http://finance.eastmoney.com/a/202604283722794889.html,2026-04-28 20:49:00,600111,600111,600111，一季度业绩同比大增！“超级牛散”章建平出手,业绩大增的北方稀土600111获“超级牛散”章建平买入。 4月28日，北方稀土披露2026年一季报，公司前十大股东名单显示，章建平新进为第四大股东，截至一季度末持股数量为7225.44万股，占总股本比例为2%。以季末股价计算，持股市值达到34.45亿元。,ok
eastmoney_stock_news,http://finance.eastmoney.com/a/202606083763665446.html,2026-06-08 17:12:00,600111,600111,有色金属行业资金流出榜：紫金矿业、北方稀土等净流出资金居前,600366 宁波韵升 0.63 4.23 530.72 601137 博威合金 -5.41 5.23 514.65 有色金属行业资金流出榜  代码 简称 今日涨跌幅（%） 今日换手率（%） 主力资金流量（万元） 601899 紫金矿业 -5.33 1.83 -143229.85 600111,ok
eastmoney_stock_news,http://finance.eastmoney.com/a/202604293723700353.html,2026-04-29 09:14:56,600111,600111,北方稀土600111.SH)：2026年一季报净利润为9.18亿元、同比较去年同期上涨113.12%,2026年4月29日，北方稀土600111.SH)发布2026年一季报。 公司营业总收入为118.59亿元，在已披露的同业公司中排名第3，较去年同报告期营业总收入增加25.72亿元，实现2年连续上涨，同比较去年同期上涨27.69%。,ok
eastmoney_stock_news,http://finance.eastmoney.com/a/202606103765990763.html,2026-06-10 09:17:00,600111,600111,分红季来了，90只股即将分红,2.200 - 37.54 0.97 603980 吉华集团 1.470 - 5.70 0.88 300819 聚杰微纤 1.350 - 64.54 0.78 920415 恒拓开源 0.350 - 11.05 0.73 002643 万润股份 1.250 - 14.37 0.56 600111,ok
eastmoney_stock_news,http://finance.eastmoney.com/a/202606043760474882.html,2026-06-04 16:54:00,600111,600111,有色金属行业6月4日资金流向日报,20950.85 000060 中金岭南 -4.53 6.33 -20873.86 000933 神火股份 -6.64 3.10 -18355.33 603399 永杉锂业 -2.80 14.11 -17244.00 600888 新疆众和 -4.07 5.68 -16685.66 600111,ok
cninfo_disclosure,http://www.cninfo.com.cn/new/disclosure/detail?stockCode=600111&announcementId=1225345773&orgId=gssh0600111&announcementTime=2026-06-03 00:00:00,2026-06-03 00:00:00,600111,600111,北方稀土2025年度权益分派实施公告,北方稀土2025年度权益分派实施公告,ok
cninfo_disclosure,http://www.cninfo.com.cn/new/disclosure/detail?stockCode=600111&announcementId=1225323118&orgId=gssh0600111&announcementTime=2026-05-22 00:00:00,2026-05-22 00:00:00,600111,600111,北方稀土关于参加内蒙古辖区上市公司2026年投资者网上集体接待日活动的公告,北方稀土关于参加内蒙古辖区上市公司2026年投资者网上集体接待日活动的公告,ok
cninfo_disclosure,http://www.cninfo.com.cn/new/disclosure/detail?stockCode=600111&announcementId=1225304605&orgId=gssh0600111&announcementTime=2026-05-14 00:00:00,2026-05-14 00:00:00,600111,600111,北方稀土关于2026年度第一期超短期融资券兑付完成的公告,北方稀土关于2026年度第一期超短期融资券兑付完成的公告,ok
cninfo_disclosure,http://www.cninfo.com.cn/new/disclosure/detail?stockCode=600111&announcementId=1225301672&orgId=gssh0600111&announcementTime=2026-05-13 00:00:00,2026-05-13 00:00:00,600111,600111,北方稀土2025年度股东会决议公告,北方稀土2025年度股东会决议公告,ok
cninfo_disclosure,http://www.cninfo.com.cn/new/disclosure/detail?stockCode=600111&announcementId=1225301656&orgId=gssh0600111&announcementTime=2026-05-13 00:00:00,2026-05-13 00:00:00,600111,600111,北方稀土股东回报规划（2026-2028）,北方稀土股东回报规划（2026-2028）,ok
cninfo_disclosure,http://www.cninfo.com.cn/new/disclosure/detail?stockCode=600111&announcementId=1225301655&orgId=gssh0600111&announcementTime=2026-05-13 00:00:00,2026-05-13 00:00:00,600111,600111,北方稀土2025年度股东会法律意见书,北方稀土2025年度股东会法律意见书,ok
cninfo_disclosure,http://www.cninfo.com.cn/new/disclosure/detail?stockCode=600111&announcementId=1225284666&orgId=gssh0600111&announcementTime=2026-05-09 00:00:00,2026-05-09 00:00:00,600111,600111,北方稀土关于召开2026年第一季度业绩说明会的公告,北方稀土关于召开2026年第一季度业绩说明会的公告,ok
cninfo_disclosure,http://www.cninfo.com.cn/new/disclosure/detail?stockCode=600111&announcementId=1225229505&orgId=gssh0600111&announcementTime=2026-04-29 00:00:00,2026-04-29 00:00:00,600111,600111,北方稀土关于投资实施稀土高能级科技创新平台建设项目的公告,北方稀土关于投资实施稀土高能级科技创新平台建设项目的公告,ok
cninfo_disclosure,http://www.cninfo.com.cn/new/disclosure/detail?stockCode=600111&announcementId=1225229467&orgId=gssh0600111&announcementTime=2026-04-29 00:00:00,2026-04-29 00:00:00,600111,600111,北方稀土第九届董事会第十三次会议决议公告,北方稀土第九届董事会第十三次会议决议公告,ok
cninfo_disclosure,http://www.cninfo.com.cn/new/disclosure/detail?stockCode=600111&announcementId=1225229166&orgId=gssh0600111&announcementTime=2026-04-29 00:00:00,2026-04-29 00:00:00,600111,600111,北方稀土2026年第一季度报告,北方稀土2026年第一季度报告,ok
cninfo_disclosure,http://www.cninfo.com.cn/new/disclosure/detail?stockCode=600111&announcementId=1225176216&orgId=gssh0600111&announcementTime=2026-04-25 00:00:00,2026-04-25 00:00:00,600111,600111,北方稀土2025年度股东会会议资料,北方稀土2025年度股东会会议资料,ok
cninfo_disclosure,http://www.cninfo.com.cn/new/disclosure/detail?stockCode=600111&announcementId=1225135153&orgId=gssh0600111&announcementTime=2026-04-22 00:00:00,2026-04-22 00:00:00,600111,600111,北方稀土关于参加2025年报沪市主板培育新动能之基业长青集体业绩说明会的公告,北方稀土关于参加2025年报沪市主板培育新动能之基业长青集体业绩说明会的公告,ok
cninfo_disclosure,http://www.cninfo.com.cn/new/disclosure/detail?stockCode=600111&announcementId=1225118721&orgId=gssh0600111&announcementTime=2026-04-18 00:00:00,2026-04-18 00:00:00,600111,600111,北方稀土2025年度独立董事述职报告（李星国）,北方稀土2025年度独立董事述职报告（李星国）,ok
cninfo_disclosure,http://www.cninfo.com.cn/new/disclosure/detail?stockCode=600111&announcementId=1225118710&orgId=gssh0600111&announcementTime=2026-04-18 00:00:00,2026-04-18 00:00:00,600111,600111,利安达会计师事务所（特殊普通合伙）关于北方稀土非经营性资金占用及其他关联资金往来情况汇总表的专项审核报告,利安达会计师事务所（特殊普通合伙）关于北方稀土非经营性资金占用及其他关联资金往来情况汇总表的专项审核报告,ok
cninfo_disclosure,http://www.cninfo.com.cn/new/disclosure/detail?stockCode=600111&announcementId=1225118707&orgId=gssh0600111&announcementTime=2026-04-18 00:00:00,2026-04-18 00:00:00,600111,600111,北方稀土董事会审计委员会关于2025年度对年审会计师事务所履行监督职责情况的报告,北方稀土董事会审计委员会关于2025年度对年审会计师事务所履行监督职责情况的报告,ok
cninfo_disclosure,http://www.cninfo.com.cn/new/disclosure/detail?stockCode=600111&announcementId=1225118705&orgId=gssh0600111&announcementTime=2026-04-18 00:00:00,2026-04-18 00:00:00,600111,600111,北方稀土董事会审计委员会2025年度履职报告,北方稀土董事会审计委员会2025年度履职报告,ok
cninfo_disclosure,http://www.cninfo.com.cn/new/disclosure/detail?stockCode=600111&announcementId=1225118702&orgId=gssh0600111&announcementTime=2026-04-18 00:00:00,2026-04-18 00:00:00,600111,600111,北方稀土2025年度“提质增效重回报”行动方案执行情况及2026年度行动方案,北方稀土2025年度“提质增效重回报”行动方案执行情况及2026年度行动方案,ok
cninfo_disclosure,http://www.cninfo.com.cn/new/disclosure/detail?stockCode=600111&announcementId=1225118701&orgId=gssh0600111&announcementTime=2026-04-18 00:00:00,2026-04-18 00:00:00,600111,600111,北方稀土第九届董事会第十二次会议决议公告,北方稀土第九届董事会第十二次会议决议公告,ok
cninfo_disclosure,http://www.cninfo.com.cn/new/disclosure/detail?stockCode=600111&announcementId=1225118696&orgId=gssh0600111&announcementTime=2026-04-18 00:00:00,2026-04-18 00:00:00,600111,600111,北方稀土内部审计管理办法（2026年4月修订）,北方稀土内部审计管理办法（2026年4月修订）,ok
cninfo_disclosure,http://www.cninfo.com.cn/new/disclosure/detail?stockCode=600111&announcementId=1225118695&orgId=gssh0600111&announcementTime=2026-04-18 00:00:00,2026-04-18 00:00:00,600111,600111,利安达会计师事务所（特殊普通合伙）关于北方稀土在包钢集团财务有限公司存贷款业务情况的专项审核报告,利安达会计师事务所（特殊普通合伙）关于北方稀土在包钢集团财务有限公司存贷款业务情况的专项审核报告,ok
cninfo_disclosure,http://www.cninfo.com.cn/new/disclosure/detail?stockCode=600111&announcementId=1225118689&orgId=gssh0600111&announcementTime=2026-04-18 00:00:00,2026-04-18 00:00:00,600111,600111,北方稀土关于计提资产减值准备的公告,北方稀土关于计提资产减值准备的公告,ok
cninfo_disclosure,http://www.cninfo.com.cn/new/disclosure/detail?stockCode=600111&announcementId=1225118676&orgId=gssh0600111&announcementTime=2026-04-18 00:00:00,2026-04-18 00:00:00,600111,600111,北方稀土会计政策变更公告,北方稀土会计政策变更公告,ok
cninfo_disclosure,http://www.cninfo.com.cn/new/disclosure/detail?stockCode=600111&announcementId=1225118675&orgId=gssh0600111&announcementTime=2026-04-18 00:00:00,2026-04-18 00:00:00,600111,600111,北方稀土2025年度独立董事述职报告（戴璐）,北方稀土2025年度独立董事述职报告（戴璐）,ok
cninfo_disclosure,http://www.cninfo.com.cn/new/disclosure/detail?stockCode=600111&announcementId=1225118673&orgId=gssh0600111&announcementTime=2026-04-18 00:00:00,2026-04-18 00:00:00,600111,600111,北方稀土2025年度可持续发展报告,北方稀土2025年度可持续发展报告,ok
cninfo_disclosure,http://www.cninfo.com.cn/new/disclosure/detail?stockCode=600111&announcementId=1225118672&orgId=gssh0600111&announcementTime=2026-04-18 00:00:00,2026-04-18 00:00:00,600111,600111,北方稀土2025年度独立董事述职报告（王晓铁-离任）,北方稀土2025年度独立董事述职报告（王晓铁-离任）,ok
cninfo_disclosure,http://www.cninfo.com.cn/new/disclosure/detail?stockCode=600111&announcementId=1225118661&orgId=gssh0600111&announcementTime=2026-04-18 00:00:00,2026-04-18 00:00:00,600111,600111,北方稀土2025年度独立董事述职报告（杨文浩）,北方稀土2025年度独立董事述职报告（杨文浩）,ok
cninfo_disclosure,http://www.cninfo.com.cn/new/disclosure/detail?stockCode=600111&announcementId=1225118657&orgId=gssh0600111&announcementTime=2026-04-18 00:00:00,2026-04-18 00:00:00,600111,600111,北方稀土2025年度利润分配方案公告,北方稀土2025年度利润分配方案公告,ok
cninfo_disclosure,http://www.cninfo.com.cn/new/disclosure/detail?stockCode=600111&announcementId=1225118653&orgId=gssh0600111&announcementTime=2026-04-18 00:00:00,2026-04-18 00:00:00,600111,600111,北方稀土2025年度独立董事述职报告（吴绍朋）,北方稀土2025年度独立董事述职报告（吴绍朋）,ok
cninfo_disclosure,http://www.cninfo.com.cn/new/disclosure/detail?stockCode=600111&announcementId=1225118649&orgId=gssh0600111&announcementTime=2026-04-18 00:00:00,2026-04-18 00:00:00,600111,600111,北方稀土董事会关于独立董事独立性的专项意见,北方稀土董事会关于独立董事独立性的专项意见,ok
cninfo_disclosure,http://www.cninfo.com.cn/new/disclosure/detail?stockCode=600111&announcementId=1225118643&orgId=gssh0600111&announcementTime=2026-04-18 00:00:00,2026-04-18 00:00:00,600111,600111,北方稀土关于2025年度会计师事务所履职情况的评估报告,北方稀土关于2025年度会计师事务所履职情况的评估报告,ok
cninfo_disclosure,http://www.cninfo.com.cn/new/disclosure/detail?stockCode=600111&announcementId=1225118635&orgId=gssh0600111&announcementTime=2026-04-18 00:00:00,2026-04-18 00:00:00,600111,600111,北方稀土2025年度独立董事述职报告（杜颖-离任）,北方稀土2025年度独立董事述职报告（杜颖-离任）,ok
cninfo_disclosure,http://www.cninfo.com.cn/new/disclosure/detail?stockCode=600111&announcementId=1225118633&orgId=gssh0600111&announcementTime=2026-04-18 00:00:00,2026-04-18 00:00:00,600111,600111,北方稀土2025年度审计报告,北方稀土2025年度审计报告,ok
cninfo_disclosure,http://www.cninfo.com.cn/new/disclosure/detail?stockCode=600111&announcementId=1225118631&orgId=gssh0600111&announcementTime=2026-04-18 00:00:00,2026-04-18 00:00:00,600111,600111,北方稀土关于续聘会计师事务所的公告,北方稀土关于续聘会计师事务所的公告,ok
cninfo_disclosure,http://www.cninfo.com.cn/new/disclosure/detail?stockCode=600111&announcementId=1225118629&orgId=gssh0600111&announcementTime=2026-04-18 00:00:00,2026-04-18 00:00:00,600111,600111,北方稀土关于召开2025年度股东会的通知,北方稀土关于召开2025年度股东会的通知,ok
cninfo_disclosure,http://www.cninfo.com.cn/new/disclosure/detail?stockCode=600111&announcementId=1225118621&orgId=gssh0600111&announcementTime=2026-04-18 00:00:00,2026-04-18 00:00:00,600111,600111,北方稀土关于与包钢集团财务有限责任公司签订《金融服务协议（2026-2028）》的关联交易公告,北方稀土关于与包钢集团财务有限责任公司签订《金融服务协议（2026-2028）》的关联交易公告,ok
cninfo_disclosure,http://www.cninfo.com.cn/new/disclosure/detail?stockCode=600111&announcementId=1225118619&orgId=gssh0600111&announcementTime=2026-04-18 00:00:00,2026-04-18 00:00:00,600111,600111,北方稀土独立董事2026年第一次专门会议决议,北方稀土独立董事2026年第一次专门会议决议,ok
cninfo_disclosure,http://www.cninfo.com.cn/new/disclosure/detail?stockCode=600111&announcementId=1225118611&orgId=gssh0600111&announcementTime=2026-04-18 00:00:00,2026-04-18 00:00:00,600111,600111,包钢集团财务有限责任公司风险持续评估报告,包钢集团财务有限责任公司风险持续评估报告,ok
cninfo_disclosure,http://www.cninfo.com.cn/new/disclosure/detail?stockCode=600111&announcementId=1225118607&orgId=gssh0600111&announcementTime=2026-04-18 00:00:00,2026-04-18 00:00:00,600111,600111,北方稀土2025年度报告全文,北方稀土2025年度报告全文,ok
cninfo_disclosure,http://www.cninfo.com.cn/new/disclosure/detail?stockCode=600111&announcementId=1225118605&orgId=gssh0600111&announcementTime=2026-04-18 00:00:00,2026-04-18 00:00:00,600111,600111,北方稀土2025年度报告摘要,北方稀土2025年度报告摘要,ok
cninfo_disclosure,http://www.cninfo.com.cn/new/disclosure/detail?stockCode=600111&announcementId=1225118601&orgId=gssh0600111&announcementTime=2026-04-18 00:00:00,2026-04-18 00:00:00,600111,600111,北方稀土关于2025年度日常关联交易执行和2026年度日常关联交易预计的公告,北方稀土关于2025年度日常关联交易执行和2026年度日常关联交易预计的公告,ok
cninfo_disclosure,http://www.cninfo.com.cn/new/disclosure/detail?stockCode=600111&announcementId=1225118599&orgId=gssh0600111&announcementTime=2026-04-18 00:00:00,2026-04-18 00:00:00,600111,600111,北方稀土2025年度独立董事述职报告（祝社民-离任）,北方稀土2025年度独立董事述职报告（祝社民-离任）,ok
cninfo_disclosure,http://www.cninfo.com.cn/new/disclosure/detail?stockCode=600111&announcementId=1225118589&orgId=gssh0600111&announcementTime=2026-04-18 00:00:00,2026-04-18 00:00:00,600111,600111,北方稀土2025年度独立董事述职报告（徐佳宾）,北方稀土2025年度独立董事述职报告（徐佳宾）,ok
cninfo_disclosure,http://www.cninfo.com.cn/new/disclosure/detail?stockCode=600111&announcementId=1225118583&orgId=gssh0600111&announcementTime=2026-04-18 00:00:00,2026-04-18 00:00:00,600111,600111,北方稀土2025年度内部控制评价报告,北方稀土2025年度内部控制评价报告,ok
cninfo_disclosure,http://www.cninfo.com.cn/new/disclosure/detail?stockCode=600111&announcementId=1225118581&orgId=gssh0600111&announcementTime=2026-04-18 00:00:00,2026-04-18 00:00:00,600111,600111,北方稀土2025年度可持续发展报告摘要,北方稀土2025年度可持续发展报告摘要,ok
cninfo_disclosure,http://www.cninfo.com.cn/new/disclosure/detail?stockCode=600111&announcementId=1225118579&orgId=gssh0600111&announcementTime=2026-04-18 00:00:00,2026-04-18 00:00:00,600111,600111,北方稀土2025年度内部控制审计报告,北方稀土2025年度内部控制审计报告,ok
cninfo_disclosure,http://www.cninfo.com.cn/new/disclosure/detail?stockCode=600111&announcementId=1225097392&orgId=gssh0600111&announcementTime=2026-04-14 00:00:00,2026-04-14 00:00:00,600111,600111,北方稀土2025年度业绩快报公告,北方稀土2025年度业绩快报公告,ok
cninfo_disclosure,http://www.cninfo.com.cn/new/disclosure/detail?stockCode=600111&announcementId=1225097387&orgId=gssh0600111&announcementTime=2026-04-14 00:00:00,2026-04-14 00:00:00,600111,600111,北方稀土2026年第一季度业绩预增公告,北方稀土2026年第一季度业绩预增公告,ok
cninfo_disclosure,http://www.cninfo.com.cn/new/disclosure/detail?stockCode=600111&announcementId=1225091963&orgId=gssh0600111&announcementTime=2026-04-11 00:00:00,2026-04-11 00:00:00,600111,600111,北方稀土关于2026年第二季度稀土精矿交易价格的公告,北方稀土关于2026年第二季度稀土精矿交易价格的公告,ok
cninfo_disclosure,http://www.cninfo.com.cn/new/disclosure/detail?stockCode=600111&announcementId=1225009466&orgId=gssh0600111&announcementTime=2026-03-14 00:00:00,2026-03-14 00:00:00,600111,600111,北方稀土关于与宁波复能稀土新材料股份有限公司合资成立新公司建设稀土金属合金生产线项目的公告,北方稀土关于与宁波复能稀土新材料股份有限公司合资成立新公司建设稀土金属合金生产线项目的公告,ok
cninfo_disclosure,http://www.cninfo.com.cn/new/disclosure/detail?stockCode=600111&announcementId=1225009464&orgId=gssh0600111&announcementTime=2026-03-14 00:00:00,2026-03-14 00:00:00,600111,600111,北方稀土关于与宁波铄腾新材料有限公司合资成立新公司建设含铈钕铁硼磁性材料项目的公告,北方稀土关于与宁波铄腾新材料有限公司合资成立新公司建设含铈钕铁硼磁性材料项目的公告,ok
cninfo_disclosure,http://www.cninfo.com.cn/new/disclosure/detail?stockCode=600111&announcementId=1225009463&orgId=gssh0600111&announcementTime=2026-03-14 00:00:00,2026-03-14 00:00:00,600111,600111,北方稀土第九届董事会第十一次会议决议公告,北方稀土第九届董事会第十一次会议决议公告,ok
cninfo_disclosure,http://www.cninfo.com.cn/new/disclosure/detail?stockCode=600111&announcementId=1225009462&orgId=gssh0600111&announcementTime=2026-03-14 00:00:00,2026-03-14 00:00:00,600111,600111,北方稀土关于2026年度第一期超短期融资券发行结果的公告,北方稀土关于2026年度第一期超短期融资券发行结果的公告,ok
cninfo_disclosure,http://www.cninfo.com.cn/new/disclosure/detail?stockCode=600111&announcementId=1224977621&orgId=gssh0600111&announcementTime=2026-02-12 00:00:00,2026-02-12 00:00:00,600111,600111,北方稀土第九届董事会第十次会议决议公告,北方稀土第九届董事会第十次会议决议公告,ok
cninfo_disclosure,http://www.cninfo.com.cn/new/disclosure/detail?stockCode=600111&announcementId=1224939582&orgId=gssh0600111&announcementTime=2026-01-20 00:00:00,2026-01-20 00:00:00,600111,600111,北方稀土关于董事离任暨选举职工董事的公告,北方稀土关于董事离任暨选举职工董事的公告,ok
cninfo_disclosure,http://www.cninfo.com.cn/new/disclosure/detail?stockCode=600111&announcementId=1224937022&orgId=gssh0600111&announcementTime=2026-01-17 00:00:00,2026-01-17 00:00:00,600111,600111,北方稀土2025年度业绩预增公告,北方稀土2025年度业绩预增公告,ok
cninfo_disclosure,http://www.cninfo.com.cn/new/disclosure/detail?stockCode=600111&announcementId=1224927059&orgId=gssh0600111&announcementTime=2026-01-10 00:00:00,2026-01-10 00:00:00,600111,600111,北方稀土关于2026年第一季度稀土精矿交易价格的公告,北方稀土关于2026年第一季度稀土精矿交易价格的公告,ok
cninfo_disclosure,http://www.cninfo.com.cn/new/disclosure/detail?stockCode=600111&announcementId=1224867213&orgId=gssh0600111&announcementTime=2025-12-11 00:00:00,2025-12-11 00:00:00,600111,600111,北方稀土2025年第二次临时股东大会决议公告,北方稀土2025年第二次临时股东大会决议公告,ok
cninfo_disclosure,http://www.cninfo.com.cn/new/disclosure/detail?stockCode=600111&announcementId=1224867210&orgId=gssh0600111&announcementTime=2025-12-11 00:00:00,2025-12-11 00:00:00,600111,600111,北方稀土董事会审计委员会工作规则（2025年12月修订）,北方稀土董事会审计委员会工作规则（2025年12月修订）,ok
cninfo_disclosure,http://www.cninfo.com.cn/new/disclosure/detail?stockCode=600111&announcementId=1224867209&orgId=gssh0600111&announcementTime=2025-12-11 00:00:00,2025-12-11 00:00:00,600111,600111,北方稀土董事会薪酬与考核委员会工作规则（2025年12月修订）,北方稀土董事会薪酬与考核委员会工作规则（2025年12月修订）,ok
cninfo_disclosure,http://www.cninfo.com.cn/new/disclosure/detail?stockCode=600111&announcementId=1224867208&orgId=gssh0600111&announcementTime=2025-12-11 00:00:00,2025-12-11 00:00:00,600111,600111,北方稀土董事会提名委员会工作规则（2025年12月修订）,北方稀土董事会提名委员会工作规则（2025年12月修订）,ok
cninfo_disclosure,http://www.cninfo.com.cn/new/disclosure/detail?stockCode=600111&announcementId=1224867206&orgId=gssh0600111&announcementTime=2025-12-11 00:00:00,2025-12-11 00:00:00,600111,600111,北方稀土独立董事工作规则（2025年12月修订）,北方稀土独立董事工作规则（2025年12月修订）,ok
cninfo_disclosure,http://www.cninfo.com.cn/new/disclosure/detail?stockCode=600111&announcementId=1224867205&orgId=gssh0600111&announcementTime=2025-12-11 00:00:00,2025-12-11 00:00:00,600111,600111,北方稀土经理层工作规则（2025年12月修订）,北方稀土经理层工作规则（2025年12月修订）,ok
cninfo_disclosure,http://www.cninfo.com.cn/new/disclosure/detail?stockCode=600111&announcementId=1224867203&orgId=gssh0600111&announcementTime=2025-12-11 00:00:00,2025-12-11 00:00:00,600111,600111,北方稀土董事会战略与ESG委员会工作规则（2025年12月修订）,北方稀土董事会战略与ESG委员会工作规则（2025年12月修订）,ok
cninfo_disclosure,http://www.cninfo.com.cn/new/disclosure/detail?stockCode=600111&announcementId=1224867198&orgId=gssh0600111&announcementTime=2025-12-11 00:00:00,2025-12-11 00:00:00,600111,600111,北方稀土第九届董事会第九次会议决议公告,北方稀土第九届董事会第九次会议决议公告,ok
cninfo_disclosure,http://www.cninfo.com.cn/new/disclosure/detail?stockCode=600111&announcementId=1224867196&orgId=gssh0600111&announcementTime=2025-12-11 00:00:00,2025-12-11 00:00:00,600111,600111,北方稀土2025年第二次临时股东大会法律意见书,北方稀土2025年第二次临时股东大会法律意见书,ok
cninfo_disclosure,http://www.cninfo.com.cn/new/disclosure/detail?stockCode=600111&announcementId=1224867195&orgId=gssh0600111&announcementTime=2025-12-11 00:00:00,2025-12-11 00:00:00,600111,600111,北方稀土董事会议事规则（2025年12月修订）,北方稀土董事会议事规则（2025年12月修订）,ok
cninfo_disclosure,http://www.cninfo.com.cn/new/disclosure/detail?stockCode=600111&announcementId=1224867194&orgId=gssh0600111&announcementTime=2025-12-11 00:00:00,2025-12-11 00:00:00,600111,600111,北方稀土章程（2025年12月修订）,北方稀土章程（2025年12月修订）,ok
cninfo_disclosure,http://www.cninfo.com.cn/new/disclosure/detail?stockCode=600111&announcementId=1224867193&orgId=gssh0600111&announcementTime=2025-12-11 00:00:00,2025-12-11 00:00:00,600111,600111,北方稀土股东会议事规则（2025年12月修订）,北方稀土股东会议事规则（2025年12月修订）,ok
cninfo_disclosure,http://www.cninfo.com.cn/new/disclosure/detail?stockCode=600111&announcementId=1224867192&orgId=gssh0600111&announcementTime=2025-12-11 00:00:00,2025-12-11 00:00:00,600111,600111,北方稀土担保管理办法（2025年12月修订）,北方稀土担保管理办法（2025年12月修订）,ok
cninfo_disclosure,http://www.cninfo.com.cn/new/disclosure/detail?stockCode=600111&announcementId=1224845621&orgId=gssh0600111&announcementTime=2025-12-03 00:00:00,2025-12-03 00:00:00,600111,600111,北方稀土关于银行间债券市场非金融企业债务融资工具获准注册的公告,北方稀土关于银行间债券市场非金融企业债务融资工具获准注册的公告,ok
cninfo_disclosure,http://www.cninfo.com.cn/new/disclosure/detail?stockCode=600111&announcementId=1224828767&orgId=gssh0600111&announcementTime=2025-11-27 00:00:00,2025-11-27 00:00:00,600111,600111,北方稀土2025年第二次临时股东大会会议资料,北方稀土2025年第二次临时股东大会会议资料,ok
cninfo_disclosure,http://www.cninfo.com.cn/new/disclosure/detail?stockCode=600111&announcementId=1224822943&orgId=gssh0600111&announcementTime=2025-11-25 00:00:00,2025-11-25 00:00:00,600111,600111,北方稀土关于取消监事会及修订公司《章程》的公告,北方稀土关于取消监事会及修订公司《章程》的公告,ok
cninfo_disclosure,http://www.cninfo.com.cn/new/disclosure/detail?stockCode=600111&announcementId=1224822942&orgId=gssh0600111&announcementTime=2025-11-25 00:00:00,2025-11-25 00:00:00,600111,600111,北方稀土董事会提名委员会2025年第三次会议决议,北方稀土董事会提名委员会2025年第三次会议决议,ok
cninfo_disclosure,http://www.cninfo.com.cn/new/disclosure/detail?stockCode=600111&announcementId=1224822941&orgId=gssh0600111&announcementTime=2025-11-25 00:00:00,2025-11-25 00:00:00,600111,600111,北方稀土独立董事候选人声明与承诺（徐佳宾）,北方稀土独立董事候选人声明与承诺（徐佳宾）,ok
cninfo_disclosure,http://www.cninfo.com.cn/new/disclosure/detail?stockCode=600111&announcementId=1224822939&orgId=gssh0600111&announcementTime=2025-11-25 00:00:00,2025-11-25 00:00:00,600111,600111,北方稀土独立董事提名人声明与承诺,北方稀土独立董事提名人声明与承诺,ok
cninfo_disclosure,http://www.cninfo.com.cn/new/disclosure/detail?stockCode=600111&announcementId=1224822937&orgId=gssh0600111&announcementTime=2025-11-25 00:00:00,2025-11-25 00:00:00,600111,600111,北方稀土第九届董事会第八次会议决议公告,北方稀土第九届董事会第八次会议决议公告,ok
cninfo_disclosure,http://www.cninfo.com.cn/new/disclosure/detail?stockCode=600111&announcementId=1224822936&orgId=gssh0600111&announcementTime=2025-11-25 00:00:00,2025-11-25 00:00:00,600111,600111,北方稀土章程（修订草案，尚需公司股东大会审议批准）,北方稀土章程（修订草案，尚需公司股东大会审议批准）,ok
cninfo_disclosure,http://www.cninfo.com.cn/new/disclosure/detail?stockCode=600111&announcementId=1224822935&orgId=gssh0600111&announcementTime=2025-11-25 00:00:00,2025-11-25 00:00:00,600111,600111,北方稀土第九届监事会第八次会议决议公告,北方稀土第九届监事会第八次会议决议公告,ok
cninfo_disclosure,http://www.cninfo.com.cn/new/disclosure/detail?stockCode=600111&announcementId=1224822934&orgId=gssh0600111&announcementTime=2025-11-25 00:00:00,2025-11-25 00:00:00,600111,600111,北方稀土关于召开2025年第二次临时股东大会的通知,北方稀土关于召开2025年第二次临时股东大会的通知,ok
cninfo_disclosure,http://www.cninfo.com.cn/new/disclosure/detail?stockCode=600111&announcementId=1224807220&orgId=gssh0600111&announcementTime=2025-11-15 00:00:00,2025-11-15 00:00:00,600111,600111,北方稀土关于部分董事及独立董事离任的公告,北方稀土关于部分董事及独立董事离任的公告,ok
eastmoney_stock_news,http://finance.eastmoney.com/a/202606093765122237.html,2026-06-09 16:07:00,000831,000831,今日145只个股突破半年线,5.36 20.94 22.48 7.34 688187 时代电气 8.86 2.24 53.94 57.90 7.34 002771 真视通 10.01 6.15 15.77 16.92 7.32 301611 珂玛科技 10.78 13.12 105.70 113.00 6.91 000831,ok
eastmoney_stock_news,http://finance.eastmoney.com/a/202606093765037936.html,2026-06-09 14:19:00,000831,000831,今日盘中突破半年线个股,10.11 7.00 3.79 4.03 6.31 000681 视觉中国 10.00 10.69 23.36 24.75 5.94 002129 TCL中环 9.98 7.65 9.29 9.81 5.58 603020 爱普股份 6.62 2.96 10.69 11.28 5.47 000831,ok
eastmoney_stock_news,http://finance.eastmoney.com/a/202606083763665446.html,2026-06-08 17:12:00,000831,000831,有色金属行业资金流出榜：紫金矿业、北方稀土等净流出资金居前,26867.49 002460 赣锋锂业 -4.40 4.17 -22075.67 002466 天齐锂业 -4.84 3.89 -20048.98 600489 中金黄金 -6.44 1.78 -18835.52 002149 西部材料 -2.49 11.55 -18159.62 000831,ok
eastmoney_stock_news,http://finance.eastmoney.com/a/202604283721799283.html,2026-04-28 10:24:46,000831,000831,中国稀土000831.SZ)：2025年年报净利润为1.73亿元，同比扭亏为盈,2026年4月28日，中国稀土000831.SZ)发布2025年年报。 公司营业总收入为31.82亿元，较去年同报告期营业总收入增加1.55亿元，同比较去年同期上涨5.11%。归母净利润为1.73亿元，较去年同报告期归母净利润增加4.59亿元。,ok
eastmoney_stock_news,http://finance.eastmoney.com/a/202604283721505845.html,2026-04-28 09:25:39,000831,000831,中国稀土000831.SZ)：2026年一季报净利润为1.39亿元、同比较去年同期上涨90.80%,2026年4月28日，中国稀土000831.SZ)发布2026年一季报。 公司营业总收入为8.21亿元，较去年同报告期营业总收入增加9304.15万元，实现2年连续上涨，同比较去年同期上涨12.79%。,ok
eastmoney_stock_news,http://finance.eastmoney.com/a/202606033758764591.html,2026-06-03 11:05:00,000831,000831,【盘中播报】72只个股突破半年线,3.36 2.85 14.91 15.38 3.15 688484 南芯科技 4.94 1.39 40.64 41.83 2.92 920100 三协电机 4.79 8.44 43.23 44.43 2.79 300449 汉邦高科 2.98 2.42 7.77 7.96 2.39 000831,ok
eastmoney_stock_news,http://finance.eastmoney.com/a/202606043760474882.html,2026-06-04 16:54:00,000831,000831,有色金属行业6月4日资金流向日报,（数据宝） 有色金属行业资金流入榜 代码 简称 今日涨跌幅（%） 今日换手率（%） 主力资金流量（万元） 600549 厦门钨业 6.20 8.16 77882.05 000831 中国稀土 1.26 4.78 14405.36 002824 和胜股份 10.02 10.33,ok
cninfo_disclosure,http://www.cninfo.com.cn/new/disclosure/detail?stockCode=000831&announcementId=1225324009&orgId=gssz0000831&announcementTime=2026-05-22 00:00:00,2026-05-22 00:00:00,000831,000831,2025年年度股东会的法律意见书,2025年年度股东会的法律意见书,ok
cninfo_disclosure,http://www.cninfo.com.cn/new/disclosure/detail?stockCode=000831&announcementId=1225324008&orgId=gssz0000831&announcementTime=2026-05-22 00:00:00,2026-05-22 00:00:00,000831,000831,2025年年度股东会决议公告,2025年年度股东会决议公告,ok
cninfo_disclosure,http://www.cninfo.com.cn/new/disclosure/detail?stockCode=000831&announcementId=1225305665&orgId=gssz0000831&announcementTime=2026-05-15 00:00:00,2026-05-15 00:00:00,000831,000831,关于召开2025年年度股东会的提示性公告,关于召开2025年年度股东会的提示性公告,ok
cninfo_disclosure,http://www.cninfo.com.cn/new/disclosure/detail?stockCode=000831&announcementId=1225278407&orgId=gssz0000831&announcementTime=2026-05-07 00:00:00,2026-05-07 00:00:00,000831,000831,关于召开2025年度暨2026年第一季度业绩说明会的公告,关于召开2025年度暨2026年第一季度业绩说明会的公告,ok
cninfo_disclosure,http://www.cninfo.com.cn/new/disclosure/detail?stockCode=000831&announcementId=1225278406&orgId=gssz0000831&announcementTime=2026-05-07 00:00:00,2026-05-07 00:00:00,000831,000831,关于参加江西辖区上市公司2026年投资者网上集体接待日活动的公告,关于参加江西辖区上市公司2026年投资者网上集体接待日活动的公告,ok
cninfo_disclosure,http://www.cninfo.com.cn/new/disclosure/detail?stockCode=000831&announcementId=1225218189&orgId=gssz0000831&announcementTime=2026-04-28 00:00:00,2026-04-28 00:00:00,000831,000831,关于“质量回报双提升”行动方案的公告,关于“质量回报双提升”行动方案的公告,ok
cninfo_disclosure,http://www.cninfo.com.cn/new/disclosure/detail?stockCode=000831&announcementId=1225218188&orgId=gssz0000831&announcementTime=2026-04-28 00:00:00,2026-04-28 00:00:00,000831,000831,关于2026年度高级管理人员薪酬方案的公告,关于2026年度高级管理人员薪酬方案的公告,ok
cninfo_disclosure,http://www.cninfo.com.cn/new/disclosure/detail?stockCode=000831&announcementId=1225218187&orgId=gssz0000831&announcementTime=2026-04-28 00:00:00,2026-04-28 00:00:00,000831,000831,独立董事胡德勇2025年度述职报告,独立董事胡德勇2025年度述职报告,ok
cninfo_disclosure,http://www.cninfo.com.cn/new/disclosure/detail?stockCode=000831&announcementId=1225218186&orgId=gssz0000831&announcementTime=2026-04-28 00:00:00,2026-04-28 00:00:00,000831,000831,独立董事章卫东2025年度述职报告,独立董事章卫东2025年度述职报告,ok
cninfo_disclosure,http://www.cninfo.com.cn/new/disclosure/detail?stockCode=000831&announcementId=1225218185&orgId=gssz0000831&announcementTime=2026-04-28 00:00:00,2026-04-28 00:00:00,000831,000831,独立董事孙聆东2025年度述职报告,独立董事孙聆东2025年度述职报告,ok
cninfo_disclosure,http://www.cninfo.com.cn/new/disclosure/detail?stockCode=000831&announcementId=1225218184&orgId=gssz0000831&announcementTime=2026-04-28 00:00:00,2026-04-28 00:00:00,000831,000831,2025年度环境、社会和公司治理报告,2025年度环境、社会和公司治理报告,ok
cninfo_disclosure,http://www.cninfo.com.cn/new/disclosure/detail?stockCode=000831&announcementId=1225218183&orgId=gssz0000831&announcementTime=2026-04-28 00:00:00,2026-04-28 00:00:00,000831,000831,2025年度内部控制审计报告,2025年度内部控制审计报告,ok
cninfo_disclosure,http://www.cninfo.com.cn/new/disclosure/detail?stockCode=000831&announcementId=1225218182&orgId=gssz0000831&announcementTime=2026-04-28 00:00:00,2026-04-28 00:00:00,000831,000831,2025年度内部控制评价报告,2025年度内部控制评价报告,ok
cninfo_disclosure,http://www.cninfo.com.cn/new/disclosure/detail?stockCode=000831&announcementId=1225218181&orgId=gssz0000831&announcementTime=2026-04-28 00:00:00,2026-04-28 00:00:00,000831,000831,董事、高级管理人员薪酬管理办法,董事、高级管理人员薪酬管理办法,ok
cninfo_disclosure,http://www.cninfo.com.cn/new/disclosure/detail?stockCode=000831&announcementId=1225218180&orgId=gssz0000831&announcementTime=2026-04-28 00:00:00,2026-04-28 00:00:00,000831,000831,信息披露暂缓与豁免业务管理办法,信息披露暂缓与豁免业务管理办法,ok
cninfo_disclosure,http://www.cninfo.com.cn/new/disclosure/detail?stockCode=000831&announcementId=1225218179&orgId=gssz0000831&announcementTime=2026-04-28 00:00:00,2026-04-28 00:00:00,000831,000831,董事、高级管理人员离职管理办法,董事、高级管理人员离职管理办法,ok
cninfo_disclosure,http://www.cninfo.com.cn/new/disclosure/detail?stockCode=000831&announcementId=1225218178&orgId=gssz0000831&announcementTime=2026-04-28 00:00:00,2026-04-28 00:00:00,000831,000831,董事会审计委员会年报工作细则,董事会审计委员会年报工作细则,ok
cninfo_disclosure,http://www.cninfo.com.cn/new/disclosure/detail?stockCode=000831&announcementId=1225218177&orgId=gssz0000831&announcementTime=2026-04-28 00:00:00,2026-04-28 00:00:00,000831,000831,关于2025年度计提资产减值准备的公告,关于2025年度计提资产减值准备的公告,ok
cninfo_disclosure,http://www.cninfo.com.cn/new/disclosure/detail?stockCode=000831&announcementId=1225218176&orgId=gssz0000831&announcementTime=2026-04-28 00:00:00,2026-04-28 00:00:00,000831,000831,2025年年度股东会资料,2025年年度股东会资料,ok
cninfo_disclosure,http://www.cninfo.com.cn/new/disclosure/detail?stockCode=000831&announcementId=1225218175&orgId=gssz0000831&announcementTime=2026-04-28 00:00:00,2026-04-28 00:00:00,000831,000831,关于召开2025年年度股东会的通知,关于召开2025年年度股东会的通知,ok
cninfo_disclosure,http://www.cninfo.com.cn/new/disclosure/detail?stockCode=000831&announcementId=1225218174&orgId=gssz0000831&announcementTime=2026-04-28 00:00:00,2026-04-28 00:00:00,000831,000831,2026年第一次独立董事专门会议的审核意见,2026年第一次独立董事专门会议的审核意见,ok
cninfo_disclosure,http://www.cninfo.com.cn/new/disclosure/detail?stockCode=000831&announcementId=1225218173&orgId=gssz0000831&announcementTime=2026-04-28 00:00:00,2026-04-28 00:00:00,000831,000831,第九届董事会第二十三次会议决议公告,第九届董事会第二十三次会议决议公告,ok
cninfo_disclosure,http://www.cninfo.com.cn/new/disclosure/detail?stockCode=000831&announcementId=1225218172&orgId=gssz0000831&announcementTime=2026-04-28 00:00:00,2026-04-28 00:00:00,000831,000831,未来三年（2026-2028年）股东分红回报规划,未来三年（2026-2028年）股东分红回报规划,ok
cninfo_disclosure,http://www.cninfo.com.cn/new/disclosure/detail?stockCode=000831&announcementId=1225218171&orgId=gssz0000831&announcementTime=2026-04-28 00:00:00,2026-04-28 00:00:00,000831,000831,关于2025年度利润分配的公告,关于2025年度利润分配的公告,ok
cninfo_disclosure,http://www.cninfo.com.cn/new/disclosure/detail?stockCode=000831&announcementId=1225218169&orgId=gssz0000831&announcementTime=2026-04-28 00:00:00,2026-04-28 00:00:00,000831,000831,2026年一季度报告,2026年一季度报告,ok
cninfo_disclosure,http://www.cninfo.com.cn/new/disclosure/detail?stockCode=000831&announcementId=1225218168&orgId=gssz0000831&announcementTime=2026-04-28 00:00:00,2026-04-28 00:00:00,000831,000831,关于向特定对象发行股票之标的资产业绩承诺实现情况的专项审核报告,关于向特定对象发行股票之标的资产业绩承诺实现情况的专项审核报告,ok
cninfo_disclosure,http://www.cninfo.com.cn/new/disclosure/detail?stockCode=000831&announcementId=1225218167&orgId=gssz0000831&announcementTime=2026-04-28 00:00:00,2026-04-28 00:00:00,000831,000831,中信证券股份有限公司关于中国稀土集团资源科技股份有限公司向特定对象发行股票之标的资产业绩承诺实现情况的核查意见,中信证券股份有限公司关于中国稀土集团资源科技股份有限公司向特定对象发行股票之标的资产业绩承诺实现情况的核查意见,ok
cninfo_disclosure,http://www.cninfo.com.cn/new/disclosure/detail?stockCode=000831&announcementId=1225218166&orgId=gssz0000831&announcementTime=2026-04-28 00:00:00,2026-04-28 00:00:00,000831,000831,中信证券股份有限公司关于中国稀土集团资源科技股份有限公司向特定对象发行股票之标的资产业绩承诺期届满资产减值测试情况的核查意见,中信证券股份有限公司关于中国稀土集团资源科技股份有限公司向特定对象发行股票之标的资产业绩承诺期届满资产减值测试情况的核查意见,ok
cninfo_disclosure,http://www.cninfo.com.cn/new/disclosure/detail?stockCode=000831&announcementId=1225218165&orgId=gssz0000831&announcementTime=2026-04-28 00:00:00,2026-04-28 00:00:00,000831,000831,关于向特定对象发行股票之标的资产业绩承诺期届满资产减值测试情况的专项审核报告,关于向特定对象发行股票之标的资产业绩承诺期届满资产减值测试情况的专项审核报告,ok
cninfo_disclosure,http://www.cninfo.com.cn/new/disclosure/detail?stockCode=000831&announcementId=1225218164&orgId=gssz0000831&announcementTime=2026-04-28 00:00:00,2026-04-28 00:00:00,000831,000831,关于向特定对象发行股票之标的资产业绩承诺实现情况、业绩承诺期届满资产减值测试情况及补偿方案的公告,关于向特定对象发行股票之标的资产业绩承诺实现情况、业绩承诺期届满资产减值测试情况及补偿方案的公告,ok
cninfo_disclosure,http://www.cninfo.com.cn/new/disclosure/detail?stockCode=000831&announcementId=1225218163&orgId=gssz0000831&announcementTime=2026-04-28 00:00:00,2026-04-28 00:00:00,000831,000831,2025年度会计师事务所履职情况评估及董事会审计委员会履行监督职责情况的报告,2025年度会计师事务所履职情况评估及董事会审计委员会履行监督职责情况的报告,ok
cninfo_disclosure,http://www.cninfo.com.cn/new/disclosure/detail?stockCode=000831&announcementId=1225218162&orgId=gssz0000831&announcementTime=2026-04-28 00:00:00,2026-04-28 00:00:00,000831,000831,控股股东及其他关联方资金占用情况的专项说明,控股股东及其他关联方资金占用情况的专项说明,ok
cninfo_disclosure,http://www.cninfo.com.cn/new/disclosure/detail?stockCode=000831&announcementId=1225218161&orgId=gssz0000831&announcementTime=2026-04-28 00:00:00,2026-04-28 00:00:00,000831,000831,2025年度非经营性资金占用及其他关联资金往来情况汇总表,2025年度非经营性资金占用及其他关联资金往来情况汇总表,ok
cninfo_disclosure,http://www.cninfo.com.cn/new/disclosure/detail?stockCode=000831&announcementId=1225218160&orgId=gssz0000831&announcementTime=2026-04-28 00:00:00,2026-04-28 00:00:00,000831,000831,董事会关于独立董事独立性自查情况的专项报告,董事会关于独立董事独立性自查情况的专项报告,ok
cninfo_disclosure,http://www.cninfo.com.cn/new/disclosure/detail?stockCode=000831&announcementId=1225218159&orgId=gssz0000831&announcementTime=2026-04-28 00:00:00,2026-04-28 00:00:00,000831,000831,2025年年度审计报告,2025年年度审计报告,ok
cninfo_disclosure,http://www.cninfo.com.cn/new/disclosure/detail?stockCode=000831&announcementId=1225218157&orgId=gssz0000831&announcementTime=2026-04-28 00:00:00,2026-04-28 00:00:00,000831,000831,2025年年度报告,2025年年度报告,ok
cninfo_disclosure,http://www.cninfo.com.cn/new/disclosure/detail?stockCode=000831&announcementId=1225218156&orgId=gssz0000831&announcementTime=2026-04-28 00:00:00,2026-04-28 00:00:00,000831,000831,2025年年度报告摘要,2025年年度报告摘要,ok
cninfo_disclosure,http://www.cninfo.com.cn/new/disclosure/detail?stockCode=000831&announcementId=1225202544&orgId=gssz0000831&announcementTime=2026-04-28 00:00:00,2026-04-28 00:00:00,000831,000831,关于子公司稀土深加工及新材料制造异地搬迁项目的公告,关于子公司稀土深加工及新材料制造异地搬迁项目的公告,ok
cninfo_disclosure,http://www.cninfo.com.cn/new/disclosure/detail?stockCode=000831&announcementId=1225115252&orgId=gssz0000831&announcementTime=2026-04-18 00:00:00,2026-04-18 00:00:00,000831,000831,关于董事会延期换届的提示性公告,关于董事会延期换届的提示性公告,ok
cninfo_disclosure,http://www.cninfo.com.cn/new/disclosure/detail?stockCode=000831&announcementId=1224949915&orgId=gssz0000831&announcementTime=2026-01-27 00:00:00,2026-01-27 00:00:00,000831,000831,2025年年度业绩预告,2025年年度业绩预告,ok
cninfo_disclosure,http://www.cninfo.com.cn/new/disclosure/detail?stockCode=000831&announcementId=1224896474&orgId=gssz0000831&announcementTime=2025-12-25 00:00:00,2025-12-25 00:00:00,000831,000831,2025年第四次临时股东会的法律意见书,2025年第四次临时股东会的法律意见书,ok
cninfo_disclosure,http://www.cninfo.com.cn/new/disclosure/detail?stockCode=000831&announcementId=1224896473&orgId=gssz0000831&announcementTime=2025-12-25 00:00:00,2025-12-25 00:00:00,000831,000831,2025年第四次临时股东会决议公告,2025年第四次临时股东会决议公告,ok
cninfo_disclosure,http://www.cninfo.com.cn/new/disclosure/detail?stockCode=000831&announcementId=1224882594&orgId=gssz0000831&announcementTime=2025-12-18 00:00:00,2025-12-18 00:00:00,000831,000831,关于召开2025年第四次临时股东会的提示性公告,关于召开2025年第四次临时股东会的提示性公告,ok
cninfo_disclosure,http://www.cninfo.com.cn/new/disclosure/detail?stockCode=000831&announcementId=1224858455&orgId=gssz0000831&announcementTime=2025-12-09 00:00:00,2025-12-09 00:00:00,000831,000831,关于续聘会计师事务所的公告,关于续聘会计师事务所的公告,ok
cninfo_disclosure,http://www.cninfo.com.cn/new/disclosure/detail?stockCode=000831&announcementId=1224858454&orgId=gssz0000831&announcementTime=2025-12-09 00:00:00,2025-12-09 00:00:00,000831,000831,第九届董事会2025年第六次独立董事专门会议的审核意见,第九届董事会2025年第六次独立董事专门会议的审核意见,ok
cninfo_disclosure,http://www.cninfo.com.cn/new/disclosure/detail?stockCode=000831&announcementId=1224858453&orgId=gssz0000831&announcementTime=2025-12-09 00:00:00,2025-12-09 00:00:00,000831,000831,2026年日常关联交易预计公告,2026年日常关联交易预计公告,ok
cninfo_disclosure,http://www.cninfo.com.cn/new/disclosure/detail?stockCode=000831&announcementId=1224858452&orgId=gssz0000831&announcementTime=2025-12-09 00:00:00,2025-12-09 00:00:00,000831,000831,2025年第四次临时股东会资料,2025年第四次临时股东会资料,ok
cninfo_disclosure,http://www.cninfo.com.cn/new/disclosure/detail?stockCode=000831&announcementId=1224858451&orgId=gssz0000831&announcementTime=2025-12-09 00:00:00,2025-12-09 00:00:00,000831,000831,关于召开2025年第四次临时股东会的通知,关于召开2025年第四次临时股东会的通知,ok
cninfo_disclosure,http://www.cninfo.com.cn/new/disclosure/detail?stockCode=000831&announcementId=1224858450&orgId=gssz0000831&announcementTime=2025-12-09 00:00:00,2025-12-09 00:00:00,000831,000831,第九届董事会第二十二次会议决议公告,第九届董事会第二十二次会议决议公告,ok
cninfo_disclosure,http://www.cninfo.com.cn/new/disclosure/detail?stockCode=000831&announcementId=1224763823&orgId=gssz0000831&announcementTime=2025-10-30 00:00:00,2025-10-30 00:00:00,000831,000831,第九届董事会第二十一次会议决议公告,第九届董事会第二十一次会议决议公告,ok
cninfo_disclosure,http://www.cninfo.com.cn/new/disclosure/detail?stockCode=000831&announcementId=1224763821&orgId=gssz0000831&announcementTime=2025-10-30 00:00:00,2025-10-30 00:00:00,000831,000831,2025年三季度报告,2025年三季度报告,ok
cninfo_disclosure,http://www.cninfo.com.cn/new/disclosure/detail?stockCode=000831&announcementId=1224664254&orgId=gssz0000831&announcementTime=2025-09-17 00:00:00,2025-09-17 00:00:00,000831,000831,2025年第三次临时股东大会的法律意见书,2025年第三次临时股东大会的法律意见书,ok
cninfo_disclosure,http://www.cninfo.com.cn/new/disclosure/detail?stockCode=000831&announcementId=1224664253&orgId=gssz0000831&announcementTime=2025-09-17 00:00:00,2025-09-17 00:00:00,000831,000831,2025年第三次临时股东大会决议公告,2025年第三次临时股东大会决议公告,ok
cninfo_disclosure,http://www.cninfo.com.cn/new/disclosure/detail?stockCode=000831&announcementId=1224647438&orgId=gssz0000831&announcementTime=2025-09-10 00:00:00,2025-09-10 00:00:00,000831,000831,关于召开2025年第三次临时股东大会的提示性公告,关于召开2025年第三次临时股东大会的提示性公告,ok
cninfo_disclosure,http://www.cninfo.com.cn/new/disclosure/detail?stockCode=000831&announcementId=1224640981&orgId=gssz0000831&announcementTime=2025-09-06 00:00:00,2025-09-06 00:00:00,000831,000831,关于召开2025年半年度业绩说明会的公告,关于召开2025年半年度业绩说明会的公告,ok
cninfo_disclosure,http://www.cninfo.com.cn/new/disclosure/detail?stockCode=000831&announcementId=1224623702&orgId=gssz0000831&announcementTime=2025-09-01 00:00:00,2025-09-01 00:00:00,000831,000831,股票交易异常波动公告,股票交易异常波动公告,ok
cninfo_disclosure,http://www.cninfo.com.cn/new/disclosure/detail?stockCode=000831&announcementId=1224622977&orgId=gssz0000831&announcementTime=2025-08-30 00:00:00,2025-08-30 00:00:00,000831,000831,关于召开2025年第三次临时股东大会的通知,关于召开2025年第三次临时股东大会的通知,ok
cninfo_disclosure,http://www.cninfo.com.cn/new/disclosure/detail?stockCode=000831&announcementId=1224622976&orgId=gssz0000831&announcementTime=2025-08-30 00:00:00,2025-08-30 00:00:00,000831,000831,关于聘任总法律顾问兼首席合规官的公告,关于聘任总法律顾问兼首席合规官的公告,ok
cninfo_disclosure,http://www.cninfo.com.cn/new/disclosure/detail?stockCode=000831&announcementId=1224622975&orgId=gssz0000831&announcementTime=2025-08-30 00:00:00,2025-08-30 00:00:00,000831,000831,关于吸收合并全资子公司并注销其法人资格的公告,关于吸收合并全资子公司并注销其法人资格的公告,ok
cninfo_disclosure,http://www.cninfo.com.cn/new/disclosure/detail?stockCode=000831&announcementId=1224622974&orgId=gssz0000831&announcementTime=2025-08-30 00:00:00,2025-08-30 00:00:00,000831,000831,关于取消监事会并修订《公司章程》的公告,关于取消监事会并修订《公司章程》的公告,ok
cninfo_disclosure,http://www.cninfo.com.cn/new/disclosure/detail?stockCode=000831&announcementId=1224622973&orgId=gssz0000831&announcementTime=2025-08-30 00:00:00,2025-08-30 00:00:00,000831,000831,第九届董事会2025年第五次独立董事专门会议的审核意见,第九届董事会2025年第五次独立董事专门会议的审核意见,ok
cninfo_disclosure,http://www.cninfo.com.cn/new/disclosure/detail?stockCode=000831&announcementId=1224622972&orgId=gssz0000831&announcementTime=2025-08-30 00:00:00,2025-08-30 00:00:00,000831,000831,2025年第三次临时股东大会资料,2025年第三次临时股东大会资料,ok
cninfo_disclosure,http://www.cninfo.com.cn/new/disclosure/detail?stockCode=000831&announcementId=1224622971&orgId=gssz0000831&announcementTime=2025-08-30 00:00:00,2025-08-30 00:00:00,000831,000831,董事会审计委员会议事规则,董事会审计委员会议事规则,ok
cninfo_disclosure,http://www.cninfo.com.cn/new/disclosure/detail?stockCode=000831&announcementId=1224622970&orgId=gssz0000831&announcementTime=2025-08-30 00:00:00,2025-08-30 00:00:00,000831,000831,董事会议事规则,董事会议事规则,ok
cninfo_disclosure,http://www.cninfo.com.cn/new/disclosure/detail?stockCode=000831&announcementId=1224622969&orgId=gssz0000831&announcementTime=2025-08-30 00:00:00,2025-08-30 00:00:00,000831,000831,股东会议事规则,股东会议事规则,ok
cninfo_disclosure,http://www.cninfo.com.cn/new/disclosure/detail?stockCode=000831&announcementId=1224622968&orgId=gssz0000831&announcementTime=2025-08-30 00:00:00,2025-08-30 00:00:00,000831,000831,公司章程,公司章程,ok
cninfo_disclosure,http://www.cninfo.com.cn/new/disclosure/detail?stockCode=000831&announcementId=1224622967&orgId=gssz0000831&announcementTime=2025-08-30 00:00:00,2025-08-30 00:00:00,000831,000831,半年度非经营性资金占用及其他关联资金往来情况汇总表,半年度非经营性资金占用及其他关联资金往来情况汇总表,ok
cninfo_disclosure,http://www.cninfo.com.cn/new/disclosure/detail?stockCode=000831&announcementId=1224622966&orgId=gssz0000831&announcementTime=2025-08-30 00:00:00,2025-08-30 00:00:00,000831,000831,半年报监事会决议公告,半年报监事会决议公告,ok
cninfo_disclosure,http://www.cninfo.com.cn/new/disclosure/detail?stockCode=000831&announcementId=1224622965&orgId=gssz0000831&announcementTime=2025-08-30 00:00:00,2025-08-30 00:00:00,000831,000831,半年报董事会决议公告,半年报董事会决议公告,ok
cninfo_disclosure,http://www.cninfo.com.cn/new/disclosure/detail?stockCode=000831&announcementId=1224622964&orgId=gssz0000831&announcementTime=2025-08-30 00:00:00,2025-08-30 00:00:00,000831,000831,2025年半年度报告,2025年半年度报告,ok
cninfo_disclosure,http://www.cninfo.com.cn/new/disclosure/detail?stockCode=000831&announcementId=1224622963&orgId=gssz0000831&announcementTime=2025-08-30 00:00:00,2025-08-30 00:00:00,000831,000831,2025年半年度报告摘要,2025年半年度报告摘要,ok
cninfo_disclosure,http://www.cninfo.com.cn/new/disclosure/detail?stockCode=000831&announcementId=1224162177&orgId=gssz0000831&announcementTime=2025-07-15 00:00:00,2025-07-15 00:00:00,000831,000831,2025年半年度业绩预告,2025年半年度业绩预告,ok
cninfo_disclosure,http://www.cninfo.com.cn/new/disclosure/detail?stockCode=000831&announcementId=1224119567&orgId=gssz0000831&announcementTime=2025-07-10 00:00:00,2025-07-10 00:00:00,000831,000831,2025年第二次临时股东大会决议公告,2025年第二次临时股东大会决议公告,ok
cninfo_disclosure,http://www.cninfo.com.cn/new/disclosure/detail?stockCode=000831&announcementId=1224119566&orgId=gssz0000831&announcementTime=2025-07-10 00:00:00,2025-07-10 00:00:00,000831,000831,第九届董事会第十九次会议决议公告,第九届董事会第十九次会议决议公告,ok
cninfo_disclosure,http://www.cninfo.com.cn/new/disclosure/detail?stockCode=000831&announcementId=1224119565&orgId=gssz0000831&announcementTime=2025-07-10 00:00:00,2025-07-10 00:00:00,000831,000831,2025年第二次临时股东大会的法律意见书,2025年第二次临时股东大会的法律意见书,ok
cninfo_disclosure,http://www.cninfo.com.cn/new/disclosure/detail?stockCode=000831&announcementId=1224119564&orgId=gssz0000831&announcementTime=2025-07-10 00:00:00,2025-07-10 00:00:00,000831,000831,关于持续督导保荐机构变更保荐代表人的公告,关于持续督导保荐机构变更保荐代表人的公告,ok
cninfo_disclosure,http://www.cninfo.com.cn/new/disclosure/detail?stockCode=000831&announcementId=1224066515&orgId=gssz0000831&announcementTime=2025-07-03 00:00:00,2025-07-03 00:00:00,000831,000831,关于召开2025年第二临时股东大会的提示性公告,关于召开2025年第二临时股东大会的提示性公告,ok
cninfo_disclosure,http://www.cninfo.com.cn/new/disclosure/detail?stockCode=000831&announcementId=1224029776&orgId=gssz0000831&announcementTime=2025-06-30 00:00:00,2025-06-30 00:00:00,000831,000831,澄清公告,澄清公告,ok
cninfo_disclosure,http://www.cninfo.com.cn/new/disclosure/detail?stockCode=000831&announcementId=1223956547&orgId=gssz0000831&announcementTime=2025-06-24 00:00:00,2025-06-24 00:00:00,000831,000831,第九届董事会2025年第四次独立董事专门会议的审查意见,第九届董事会2025年第四次独立董事专门会议的审查意见,ok
cninfo_disclosure,http://www.cninfo.com.cn/new/disclosure/detail?stockCode=000831&announcementId=1223956546&orgId=gssz0000831&announcementTime=2025-06-24 00:00:00,2025-06-24 00:00:00,000831,000831,第九届董事会第十八次会议决议公告,第九届董事会第十八次会议决议公告,ok
eastmoney_stock_news,http://finance.eastmoney.com/a/202605133735371018.html,2026-05-13 08:58:42,002460,002460,赣锋锂业002460.SZ)：注销2022年股票期权激励计划剩余55.125万份期权，因第四个行权期业绩未达标,2026年5月12日，江西赣锋锂业集团股份有限公司（002460.SZ）发布公告称，公司对2022年股票期权激励计划第四个行权期因公司层面业绩未达标、当期不得行权的55.125万份股票期权予以注销。,ok
eastmoney_stock_news,http://finance.eastmoney.com/a/202606083763828363.html,2026-06-08 20:20:55,002460,002460,赣锋锂业：储能电芯满产满销 588Ah产线三季度启动产能爬坡,赣锋锂业002460.SZ)发布投资者关系活动记录表公告，公司锂电池业务聚焦储能领域，依托技术与产能优势，订单饱满，产能利用率持续维持高位，同时新产线稳步推进。2026年1至4月，市场需求持续旺盛，电芯产品供不应求，公司储能电芯持续保持满负荷生产，产能利用率接近100%。,ok
eastmoney_stock_news,http://finance.eastmoney.com/a/202604303725729183.html,2026-04-30 08:56:58,002460,002460,赣锋锂业002460.SZ)：2026年一季报净利润为18.37亿元,2026年4月30日，赣锋锂业002460.SZ)发布2026年一季报。 公司营业总收入为91.96亿元。归母净利润为18.37亿元。经营活动现金净流入为7.87亿元。,ok
eastmoney_stock_news,http://finance.eastmoney.com/a/202604303725786820.html,2026-04-30 09:09:22,002460,002460,赣锋锂业002460.SZ)：2026年一季报净利润为18.37亿元，同比扭亏为盈,2026年4月30日，赣锋锂业002460.SZ)发布2026年一季报。 公司营业总收入为91.96亿元，在已披露的同业公司中排名第3，较去年同报告期营业总收入增加54.24亿元，同比较去年同期上涨143.81%。,ok
cninfo_disclosure,http://www.cninfo.com.cn/new/disclosure/detail?stockCode=002460&announcementId=1225358653&orgId=9900013787&announcementTime=2026-06-09 00:00:00,2026-06-09 00:00:00,002460,002460,关于召开2026年第二次临时股东会的通知,关于召开2026年第二次临时股东会的通知,ok
cninfo_disclosure,http://www.cninfo.com.cn/new/disclosure/detail?stockCode=002460&announcementId=1225354294&orgId=9900013787&announcementTime=2026-06-06 00:00:00,2026-06-06 00:00:00,002460,002460,关于公司对外提供担保的进展公告,关于公司对外提供担保的进展公告,ok
cninfo_disclosure,http://www.cninfo.com.cn/new/disclosure/detail?stockCode=002460&announcementId=1225345594&orgId=9900013787&announcementTime=2026-06-03 00:00:00,2026-06-03 00:00:00,002460,002460,章程修订对照表（2026年6月）,章程修订对照表（2026年6月）,ok
cninfo_disclosure,http://www.cninfo.com.cn/new/disclosure/detail?stockCode=002460&announcementId=1225345593&orgId=9900013787&announcementTime=2026-06-03 00:00:00,2026-06-03 00:00:00,002460,002460,董事会秘书工作细则（2026年6月）,董事会秘书工作细则（2026年6月）,ok
cninfo_disclosure,http://www.cninfo.com.cn/new/disclosure/detail?stockCode=002460&announcementId=1225345592&orgId=9900013787&announcementTime=2026-06-03 00:00:00,2026-06-03 00:00:00,002460,002460,H股公告,H股公告,ok
cninfo_disclosure,http://www.cninfo.com.cn/new/disclosure/detail?stockCode=002460&announcementId=1225345591&orgId=9900013787&announcementTime=2026-06-03 00:00:00,2026-06-03 00:00:00,002460,002460,关于调整2023年员工持股计划管理委员会委员的公告,关于调整2023年员工持股计划管理委员会委员的公告,ok
cninfo_disclosure,http://www.cninfo.com.cn/new/disclosure/detail?stockCode=002460&announcementId=1225345590&orgId=9900013787&announcementTime=2026-06-03 00:00:00,2026-06-03 00:00:00,002460,002460,关于2023年员工持股计划首次授予部分第二个归属期权益归属的提示性公告,关于2023年员工持股计划首次授予部分第二个归属期权益归属的提示性公告,ok
cninfo_disclosure,http://www.cninfo.com.cn/new/disclosure/detail?stockCode=002460&announcementId=1225345589&orgId=9900013787&announcementTime=2026-06-03 00:00:00,2026-06-03 00:00:00,002460,002460,江西赣锋锂业集团股份有限公司关于开展衍生品交易的可行性分析报告,江西赣锋锂业集团股份有限公司关于开展衍生品交易的可行性分析报告,ok
cninfo_disclosure,http://www.cninfo.com.cn/new/disclosure/detail?stockCode=002460&announcementId=1225345588&orgId=9900013787&announcementTime=2026-06-03 00:00:00,2026-06-03 00:00:00,002460,002460,关于拟使用自有资金开展衍生品交易的公告,关于拟使用自有资金开展衍生品交易的公告,ok
cninfo_disclosure,http://www.cninfo.com.cn/new/disclosure/detail?stockCode=002460&announcementId=1225345587&orgId=9900013787&announcementTime=2026-06-03 00:00:00,2026-06-03 00:00:00,002460,002460,第六届董事会第十六次会议决议公告,第六届董事会第十六次会议决议公告,ok
cninfo_disclosure,http://www.cninfo.com.cn/new/disclosure/detail?stockCode=002460&announcementId=1225335553&orgId=9900013787&announcementTime=2026-05-29 00:00:00,2026-05-29 00:00:00,002460,002460,关于公司对外提供担保的进展公告,关于公司对外提供担保的进展公告,ok
cninfo_disclosure,http://www.cninfo.com.cn/new/disclosure/detail?stockCode=002460&announcementId=1225332744&orgId=9900013787&announcementTime=2026-05-28 00:00:00,2026-05-28 00:00:00,002460,002460,关于为控股子公司提供担保的进展公告,关于为控股子公司提供担保的进展公告,ok
cninfo_disclosure,http://www.cninfo.com.cn/new/disclosure/detail?stockCode=002460&announcementId=1225320918&orgId=9900013787&announcementTime=2026-05-21 00:00:00,2026-05-21 00:00:00,002460,002460,北京市汉坤律师事务所上海分所关于江西赣锋锂业集团股份有限公司2025年年度股东会的法律意见书,北京市汉坤律师事务所上海分所关于江西赣锋锂业集团股份有限公司2025年年度股东会的法律意见书,ok
cninfo_disclosure,http://www.cninfo.com.cn/new/disclosure/detail?stockCode=002460&announcementId=1225320917&orgId=9900013787&announcementTime=2026-05-21 00:00:00,2026-05-21 00:00:00,002460,002460,2025年年度股东会决议公告,2025年年度股东会决议公告,ok
cninfo_disclosure,http://www.cninfo.com.cn/new/disclosure/detail?stockCode=002460&announcementId=1225306265&orgId=9900013787&announcementTime=2026-05-15 00:00:00,2026-05-15 00:00:00,002460,002460,关于2025年年度股东会变更现场会议召开地点的公告,关于2025年年度股东会变更现场会议召开地点的公告,ok
cninfo_disclosure,http://www.cninfo.com.cn/new/disclosure/detail?stockCode=002460&announcementId=1225302112&orgId=9900013787&announcementTime=2026-05-13 00:00:00,2026-05-13 00:00:00,002460,002460,关于2022年股票期权激励计划剩余股票期权注销完成的公告,关于2022年股票期权激励计划剩余股票期权注销完成的公告,ok
cninfo_disclosure,http://www.cninfo.com.cn/new/disclosure/detail?stockCode=002460&announcementId=1225302111&orgId=9900013787&announcementTime=2026-05-13 00:00:00,2026-05-13 00:00:00,002460,002460,关于部分高级管理人员减持股份预披露的公告,关于部分高级管理人员减持股份预披露的公告,ok
cninfo_disclosure,http://www.cninfo.com.cn/new/disclosure/detail?stockCode=002460&announcementId=1225278817&orgId=9900013787&announcementTime=2026-05-07 00:00:00,2026-05-07 00:00:00,002460,002460,H股公告,H股公告,ok
cninfo_disclosure,http://www.cninfo.com.cn/new/disclosure/detail?stockCode=002460&announcementId=1225277803&orgId=9900013787&announcementTime=2026-05-06 00:00:00,2026-05-06 00:00:00,002460,002460,关于2025年年度股东会增加临时议案及会议补充通知的公告,关于2025年年度股东会增加临时议案及会议补充通知的公告,ok
cninfo_disclosure,http://www.cninfo.com.cn/new/disclosure/detail?stockCode=002460&announcementId=1225255350&orgId=9900013787&announcementTime=2026-04-30 00:00:00,2026-04-30 00:00:00,002460,002460,关于参加江西辖区上市公司2026年投资者网上集体接待日活动的公告,关于参加江西辖区上市公司2026年投资者网上集体接待日活动的公告,ok
cninfo_disclosure,http://www.cninfo.com.cn/new/disclosure/detail?stockCode=002460&announcementId=1225255349&orgId=9900013787&announcementTime=2026-04-30 00:00:00,2026-04-30 00:00:00,002460,002460,北京市汉坤律师事务所上海分所关于江西赣锋锂业集团股份有限公司注销部分股票期权的法律意见书,北京市汉坤律师事务所上海分所关于江西赣锋锂业集团股份有限公司注销部分股票期权的法律意见书,ok
cninfo_disclosure,http://www.cninfo.com.cn/new/disclosure/detail?stockCode=002460&announcementId=1225255348&orgId=9900013787&announcementTime=2026-04-30 00:00:00,2026-04-30 00:00:00,002460,002460,2026年第二次薪酬与考核委员会会议决议,2026年第二次薪酬与考核委员会会议决议,ok
cninfo_disclosure,http://www.cninfo.com.cn/new/disclosure/detail?stockCode=002460&announcementId=1225255347&orgId=9900013787&announcementTime=2026-04-30 00:00:00,2026-04-30 00:00:00,002460,002460,关于注销2022年股票期权激励计划剩余股票期权的公告,关于注销2022年股票期权激励计划剩余股票期权的公告,ok
cninfo_disclosure,http://www.cninfo.com.cn/new/disclosure/detail?stockCode=002460&announcementId=1225255346&orgId=9900013787&announcementTime=2026-04-30 00:00:00,2026-04-30 00:00:00,002460,002460,关于变更为香港鲁源提供担保暨关联交易的公告,关于变更为香港鲁源提供担保暨关联交易的公告,ok
cninfo_disclosure,http://www.cninfo.com.cn/new/disclosure/detail?stockCode=002460&announcementId=1225255345&orgId=9900013787&announcementTime=2026-04-30 00:00:00,2026-04-30 00:00:00,002460,002460,关于赣锋国际向特定对象发行可交换票据进展暨签署补充协议的公告,关于赣锋国际向特定对象发行可交换票据进展暨签署补充协议的公告,ok
cninfo_disclosure,http://www.cninfo.com.cn/new/disclosure/detail?stockCode=002460&announcementId=1225255344&orgId=9900013787&announcementTime=2026-04-30 00:00:00,2026-04-30 00:00:00,002460,002460,关于为控股子公司赣锋锂电提供财务资助的公告,关于为控股子公司赣锋锂电提供财务资助的公告,ok
cninfo_disclosure,http://www.cninfo.com.cn/new/disclosure/detail?stockCode=002460&announcementId=1225255343&orgId=9900013787&announcementTime=2026-04-30 00:00:00,2026-04-30 00:00:00,002460,002460,第六届董事会第十五次会议决议公告,第六届董事会第十五次会议决议公告,ok
cninfo_disclosure,http://www.cninfo.com.cn/new/disclosure/detail?stockCode=002460&announcementId=1225255341&orgId=9900013787&announcementTime=2026-04-30 00:00:00,2026-04-30 00:00:00,002460,002460,2026年一季度报告,2026年一季度报告,ok
cninfo_disclosure,http://www.cninfo.com.cn/new/disclosure/detail?stockCode=002460&announcementId=1225210074&orgId=9900013787&announcementTime=2026-04-28 00:00:00,2026-04-28 00:00:00,002460,002460,关于公司2026年度第一期绿色中期票据发行结果的公告,关于公司2026年度第一期绿色中期票据发行结果的公告,ok
cninfo_disclosure,http://www.cninfo.com.cn/new/disclosure/detail?stockCode=002460&announcementId=1225178814&orgId=9900013787&announcementTime=2026-04-25 00:00:00,2026-04-25 00:00:00,002460,002460,关于为控股子公司提供担保的进展公告,关于为控股子公司提供担保的进展公告,ok
cninfo_disclosure,http://www.cninfo.com.cn/new/disclosure/detail?stockCode=002460&announcementId=1225111388&orgId=9900013787&announcementTime=2026-04-17 00:00:00,2026-04-17 00:00:00,002460,002460,2026年第一季度业绩预告,2026年第一季度业绩预告,ok
cninfo_disclosure,http://www.cninfo.com.cn/new/disclosure/detail?stockCode=002460&announcementId=1225107640&orgId=9900013787&announcementTime=2026-04-16 00:00:00,2026-04-16 00:00:00,002460,002460,H股公告（董事会会议通知）,H股公告（董事会会议通知）,ok
cninfo_disclosure,http://www.cninfo.com.cn/new/disclosure/detail?stockCode=002460&announcementId=1225107639&orgId=9900013787&announcementTime=2026-04-16 00:00:00,2026-04-16 00:00:00,002460,002460,关于召开2025年年度股东会的通知,关于召开2025年年度股东会的通知,ok
cninfo_disclosure,http://www.cninfo.com.cn/new/disclosure/detail?stockCode=002460&announcementId=1225097795&orgId=9900013787&announcementTime=2026-04-14 00:00:00,2026-04-14 00:00:00,002460,002460,关于为控股子公司提供担保的进展公告,关于为控股子公司提供担保的进展公告,ok
cninfo_disclosure,http://www.cninfo.com.cn/new/disclosure/detail?stockCode=002460&announcementId=1225087428&orgId=9900013787&announcementTime=2026-04-10 00:00:00,2026-04-10 00:00:00,002460,002460,关于召开2025年度网上业绩说明会的公告,关于召开2025年度网上业绩说明会的公告,ok
cninfo_disclosure,http://www.cninfo.com.cn/new/disclosure/detail?stockCode=002460&announcementId=1225087427&orgId=9900013787&announcementTime=2026-04-10 00:00:00,2026-04-10 00:00:00,002460,002460,关于完成注册资本变更登记及《章程》备案并换发营业执照的公告,关于完成注册资本变更登记及《章程》备案并换发营业执照的公告,ok
cninfo_disclosure,http://www.cninfo.com.cn/new/disclosure/detail?stockCode=002460&announcementId=1225070879&orgId=9900013787&announcementTime=2026-04-02 00:00:00,2026-04-02 00:00:00,002460,002460,H股公告,H股公告,ok
cninfo_disclosure,http://www.cninfo.com.cn/new/disclosure/detail?stockCode=002460&announcementId=1225070878&orgId=9900013787&announcementTime=2026-04-02 00:00:00,2026-04-02 00:00:00,002460,002460,关于股东部分股份解除质押的公告,关于股东部分股份解除质押的公告,ok
cninfo_disclosure,http://www.cninfo.com.cn/new/disclosure/detail?stockCode=002460&announcementId=1225059980&orgId=9900013787&announcementTime=2026-03-31 00:00:00,2026-03-31 00:00:00,002460,002460,关于续聘2026年度会计师事务所及确定报酬的公告,关于续聘2026年度会计师事务所及确定报酬的公告,ok
cninfo_disclosure,http://www.cninfo.com.cn/new/disclosure/detail?stockCode=002460&announcementId=1225059979&orgId=9900013787&announcementTime=2026-03-31 00:00:00,2026-03-31 00:00:00,002460,002460,独立董事2025年度述职报告（王金本）,独立董事2025年度述职报告（王金本）,ok
cninfo_disclosure,http://www.cninfo.com.cn/new/disclosure/detail?stockCode=002460&announcementId=1225059978&orgId=9900013787&announcementTime=2026-03-31 00:00:00,2026-03-31 00:00:00,002460,002460,独立董事2025年度述职报告（黄浩钧）,独立董事2025年度述职报告（黄浩钧）,ok
cninfo_disclosure,http://www.cninfo.com.cn/new/disclosure/detail?stockCode=002460&announcementId=1225059977&orgId=9900013787&announcementTime=2026-03-31 00:00:00,2026-03-31 00:00:00,002460,002460,独立董事2025年度述职报告（徐光华）,独立董事2025年度述职报告（徐光华）,ok
cninfo_disclosure,http://www.cninfo.com.cn/new/disclosure/detail?stockCode=002460&announcementId=1225059976&orgId=9900013787&announcementTime=2026-03-31 00:00:00,2026-03-31 00:00:00,002460,002460,独立董事2025年度述职报告（徐一新）,独立董事2025年度述职报告（徐一新）,ok
cninfo_disclosure,http://www.cninfo.com.cn/new/disclosure/detail?stockCode=002460&announcementId=1225059975&orgId=9900013787&announcementTime=2026-03-31 00:00:00,2026-03-31 00:00:00,002460,002460,2025年度赣锋锂业可持续发展报告,2025年度赣锋锂业可持续发展报告,ok
cninfo_disclosure,http://www.cninfo.com.cn/new/disclosure/detail?stockCode=002460&announcementId=1225059974&orgId=9900013787&announcementTime=2026-03-31 00:00:00,2026-03-31 00:00:00,002460,002460,2025年度内部控制审计报告,2025年度内部控制审计报告,ok
cninfo_disclosure,http://www.cninfo.com.cn/new/disclosure/detail?stockCode=002460&announcementId=1225059973&orgId=9900013787&announcementTime=2026-03-31 00:00:00,2026-03-31 00:00:00,002460,002460,内部控制规则落实自查表,内部控制规则落实自查表,ok
cninfo_disclosure,http://www.cninfo.com.cn/new/disclosure/detail?stockCode=002460&announcementId=1225059972&orgId=9900013787&announcementTime=2026-03-31 00:00:00,2026-03-31 00:00:00,002460,002460,江西赣锋锂业集团股份有限公司2025年年度内部控制评价报告,江西赣锋锂业集团股份有限公司2025年年度内部控制评价报告,ok
cninfo_disclosure,http://www.cninfo.com.cn/new/disclosure/detail?stockCode=002460&announcementId=1225059971&orgId=9900013787&announcementTime=2026-03-31 00:00:00,2026-03-31 00:00:00,002460,002460,关于2025年度计提减值准备及核销资产的公告,关于2025年度计提减值准备及核销资产的公告,ok
cninfo_disclosure,http://www.cninfo.com.cn/new/disclosure/detail?stockCode=002460&announcementId=1225059970&orgId=9900013787&announcementTime=2026-03-31 00:00:00,2026-03-31 00:00:00,002460,002460,关于申请发行境内外债券产品一般性授权的公告,关于申请发行境内外债券产品一般性授权的公告,ok
cninfo_disclosure,http://www.cninfo.com.cn/new/disclosure/detail?stockCode=002460&announcementId=1225059969&orgId=9900013787&announcementTime=2026-03-31 00:00:00,2026-03-31 00:00:00,002460,002460,关于增发公司H股股份一般性授权的公告,关于增发公司H股股份一般性授权的公告,ok
cninfo_disclosure,http://www.cninfo.com.cn/new/disclosure/detail?stockCode=002460&announcementId=1225059968&orgId=9900013787&announcementTime=2026-03-31 00:00:00,2026-03-31 00:00:00,002460,002460,独立董事提名人声明（刘崇亮）,独立董事提名人声明（刘崇亮）,ok
cninfo_disclosure,http://www.cninfo.com.cn/new/disclosure/detail?stockCode=002460&announcementId=1225059967&orgId=9900013787&announcementTime=2026-03-31 00:00:00,2026-03-31 00:00:00,002460,002460,独立董事候选人声明（刘崇亮）,独立董事候选人声明（刘崇亮）,ok
cninfo_disclosure,http://www.cninfo.com.cn/new/disclosure/detail?stockCode=002460&announcementId=1225059966&orgId=9900013787&announcementTime=2026-03-31 00:00:00,2026-03-31 00:00:00,002460,002460,关于公司与合营公司作为联合承租人开展融资租赁业务的公告,关于公司与合营公司作为联合承租人开展融资租赁业务的公告,ok
cninfo_disclosure,http://www.cninfo.com.cn/new/disclosure/detail?stockCode=002460&announcementId=1225059965&orgId=9900013787&announcementTime=2026-03-31 00:00:00,2026-03-31 00:00:00,002460,002460,关于拟使用自有资金开展衍生品交易的公告,关于拟使用自有资金开展衍生品交易的公告,ok
cninfo_disclosure,http://www.cninfo.com.cn/new/disclosure/detail?stockCode=002460&announcementId=1225059964&orgId=9900013787&announcementTime=2026-03-31 00:00:00,2026-03-31 00:00:00,002460,002460,第六届董事会第十四次会议决议公告,第六届董事会第十四次会议决议公告,ok
cninfo_disclosure,http://www.cninfo.com.cn/new/disclosure/detail?stockCode=002460&announcementId=1225059963&orgId=9900013787&announcementTime=2026-03-31 00:00:00,2026-03-31 00:00:00,002460,002460,关于2025年度利润分配预案的公告,关于2025年度利润分配预案的公告,ok
cninfo_disclosure,http://www.cninfo.com.cn/new/disclosure/detail?stockCode=002460&announcementId=1225059962&orgId=9900013787&announcementTime=2026-03-31 00:00:00,2026-03-31 00:00:00,002460,002460,赣锋锂业关于2025年度证券与衍生品投资交易情况的专项说明,赣锋锂业关于2025年度证券与衍生品投资交易情况的专项说明,ok
cninfo_disclosure,http://www.cninfo.com.cn/new/disclosure/detail?stockCode=002460&announcementId=1225059961&orgId=9900013787&announcementTime=2026-03-31 00:00:00,2026-03-31 00:00:00,002460,002460,2025年度营业收入扣除情况专项说明,2025年度营业收入扣除情况专项说明,ok
cninfo_disclosure,http://www.cninfo.com.cn/new/disclosure/detail?stockCode=002460&announcementId=1225059960&orgId=9900013787&announcementTime=2026-03-31 00:00:00,2026-03-31 00:00:00,002460,002460,赣锋锂业关于会计师事务所2025年度履职情况的评估报告,赣锋锂业关于会计师事务所2025年度履职情况的评估报告,ok
cninfo_disclosure,http://www.cninfo.com.cn/new/disclosure/detail?stockCode=002460&announcementId=1225059959&orgId=9900013787&announcementTime=2026-03-31 00:00:00,2026-03-31 00:00:00,002460,002460,董事会审计委员会对会计师事务所履行监督职责情况的报告,董事会审计委员会对会计师事务所履行监督职责情况的报告,ok
cninfo_disclosure,http://www.cninfo.com.cn/new/disclosure/detail?stockCode=002460&announcementId=1225059958&orgId=9900013787&announcementTime=2026-03-31 00:00:00,2026-03-31 00:00:00,002460,002460,2025年度非经营性资金占用及其他关联资金往来情况的专项说明,2025年度非经营性资金占用及其他关联资金往来情况的专项说明,ok
cninfo_disclosure,http://www.cninfo.com.cn/new/disclosure/detail?stockCode=002460&announcementId=1225059957&orgId=9900013787&announcementTime=2026-03-31 00:00:00,2026-03-31 00:00:00,002460,002460,2025年度非经营性资金占用及其他关联资金往来情况汇总表,2025年度非经营性资金占用及其他关联资金往来情况汇总表,ok
cninfo_disclosure,http://www.cninfo.com.cn/new/disclosure/detail?stockCode=002460&announcementId=1225059956&orgId=9900013787&announcementTime=2026-03-31 00:00:00,2026-03-31 00:00:00,002460,002460,董事会关于独立董事独立性的专项意见,董事会关于独立董事独立性的专项意见,ok
cninfo_disclosure,http://www.cninfo.com.cn/new/disclosure/detail?stockCode=002460&announcementId=1225059955&orgId=9900013787&announcementTime=2026-03-31 00:00:00,2026-03-31 00:00:00,002460,002460,2025年年度审计报告,2025年年度审计报告,ok
cninfo_disclosure,http://www.cninfo.com.cn/new/disclosure/detail?stockCode=002460&announcementId=1225059953&orgId=9900013787&announcementTime=2026-03-31 00:00:00,2026-03-31 00:00:00,002460,002460,2025年年度报告,2025年年度报告,ok
cninfo_disclosure,http://www.cninfo.com.cn/new/disclosure/detail?stockCode=002460&announcementId=1225059952&orgId=9900013787&announcementTime=2026-03-31 00:00:00,2026-03-31 00:00:00,002460,002460,2025年年度报告摘要,2025年年度报告摘要,ok
cninfo_disclosure,http://www.cninfo.com.cn/new/disclosure/detail?stockCode=002460&announcementId=1225059951&orgId=9900013787&announcementTime=2026-03-31 00:00:00,2026-03-31 00:00:00,002460,002460,关于“质量回报双提升”行动方案的公告,关于“质量回报双提升”行动方案的公告,ok
cninfo_disclosure,http://www.cninfo.com.cn/new/disclosure/detail?stockCode=002460&announcementId=1225055607&orgId=9900013787&announcementTime=2026-03-31 00:00:00,2026-03-31 00:00:00,002460,002460,关于公司向赣锋锂电增资涉及关联交易的公告,关于公司向赣锋锂电增资涉及关联交易的公告,ok
cninfo_disclosure,http://www.cninfo.com.cn/new/disclosure/detail?stockCode=002460&announcementId=1225041148&orgId=9900013787&announcementTime=2026-03-28 00:00:00,2026-03-28 00:00:00,002460,002460,关于为控股子公司提供担保的进展公告,关于为控股子公司提供担保的进展公告,ok
cninfo_disclosure,http://www.cninfo.com.cn/new/disclosure/detail?stockCode=002460&announcementId=1225024427&orgId=9900013787&announcementTime=2026-03-24 00:00:00,2026-03-24 00:00:00,002460,002460,关于独立董事任期届满的公告,关于独立董事任期届满的公告,ok
cninfo_disclosure,http://www.cninfo.com.cn/new/disclosure/detail?stockCode=002460&announcementId=1225007719&orgId=9900013787&announcementTime=2026-03-14 00:00:00,2026-03-14 00:00:00,002460,002460,H股公告（董事会会议通知）,H股公告（董事会会议通知）,ok
cninfo_disclosure,http://www.cninfo.com.cn/new/disclosure/detail?stockCode=002460&announcementId=1225005204&orgId=9900013787&announcementTime=2026-03-12 00:00:00,2026-03-12 00:00:00,002460,002460,北京市汉坤律师事务所上海分所关于江西赣锋锂业集团股份有限公司2026第一次临时股东会的法律意见书,北京市汉坤律师事务所上海分所关于江西赣锋锂业集团股份有限公司2026第一次临时股东会的法律意见书,ok
cninfo_disclosure,http://www.cninfo.com.cn/new/disclosure/detail?stockCode=002460&announcementId=1225005203&orgId=9900013787&announcementTime=2026-03-12 00:00:00,2026-03-12 00:00:00,002460,002460,2026年第一次临时股东会决议公告,2026年第一次临时股东会决议公告,ok
cninfo_disclosure,http://www.cninfo.com.cn/new/disclosure/detail?stockCode=002460&announcementId=1224995551&orgId=9900013787&announcementTime=2026-03-05 00:00:00,2026-03-05 00:00:00,002460,002460,H股公告,H股公告,ok
cninfo_disclosure,http://www.cninfo.com.cn/new/disclosure/detail?stockCode=002460&announcementId=1224985476&orgId=9900013787&announcementTime=2026-02-27 00:00:00,2026-02-27 00:00:00,002460,002460,关于为控股子公司提供担保的进展公告,关于为控股子公司提供担保的进展公告,ok
cninfo_disclosure,http://www.cninfo.com.cn/new/disclosure/detail?stockCode=002460&announcementId=1224984621&orgId=9900013787&announcementTime=2026-02-26 00:00:00,2026-02-26 00:00:00,002460,002460,关于公司高级管理人员股份减持计划期限届满未实施减持的公告,关于公司高级管理人员股份减持计划期限届满未实施减持的公告,ok
cninfo_disclosure,http://www.cninfo.com.cn/new/disclosure/detail?stockCode=002460&announcementId=1224980737&orgId=9900013787&announcementTime=2026-02-14 00:00:00,2026-02-14 00:00:00,002460,002460,关于召开2026年第一次临时股东会的通知,关于召开2026年第一次临时股东会的通知,ok
cninfo_disclosure,http://www.cninfo.com.cn/new/disclosure/detail?stockCode=002460&announcementId=1224976833&orgId=9900013787&announcementTime=2026-02-12 00:00:00,2026-02-12 00:00:00,002460,002460,独立董事候选人声明（徐建章）,独立董事候选人声明（徐建章）,ok
cninfo_disclosure,http://www.cninfo.com.cn/new/disclosure/detail?stockCode=002460&announcementId=1224976832&orgId=9900013787&announcementTime=2026-02-12 00:00:00,2026-02-12 00:00:00,002460,002460,独立董事提名人声明（徐建章）,独立董事提名人声明（徐建章）,ok
cninfo_disclosure,http://www.cninfo.com.cn/new/disclosure/detail?stockCode=002460&announcementId=1224976831&orgId=9900013787&announcementTime=2026-02-12 00:00:00,2026-02-12 00:00:00,002460,002460,关于为控股子公司提供担保的进展公告,关于为控股子公司提供担保的进展公告,ok
eastmoney_stock_news,http://finance.eastmoney.com/a/202606103766904881.html,2026-06-10 20:28:00,002466,002466,002466，澳洲项目发生火情，可能影响爬产进度,“锂王”天齐锂业002466旗下刚刚投产的项目，日前突发火情，灾情可能对项目产能爬坡产生影响。,ok
eastmoney_stock_news,http://finance.eastmoney.com/a/202606103766829520.html,2026-06-10 18:36:00,002466,002466,天齐锂业：子公司泰利森第三期化学级锂精矿工厂发生局部火情,人民财讯6月10日电，天齐锂业0024666月10日公告，6月9日下午，公司收到控股子公司TalisonLithium Pty Ltd（简称“泰利森”）报告，其位于澳大利亚的第三期化学级锂精矿工厂在检修期间发生局部火情，相关区域火情已被及时有效扑灭，所有现场人员均已安全撤离，无人员受伤报告,ok
eastmoney_stock_news,http://finance.eastmoney.com/a/202606103766840248.html,2026-06-10 18:52:00,002466,002466,天齐锂业：澳洲泰利森三期工厂失火,6月10日，天齐锂业（002466/09696）发布公告，2026年6月9日下午，公司控股子公司泰利森在澳大利亚的第三期化学级锂精矿工厂发生局部火情。火情已被及时扑灭，所有现场人员安全撤离，未报告人员受伤。个别设备受损，但主要设备和产线未受影响。,ok
eastmoney_stock_news,http://finance.eastmoney.com/a/202606103766848482.html,2026-06-10 19:05:35,002466,002466,突发！天齐锂业澳大利亚锂精矿工厂发生局部火情，爬产进度或受影响,资料显示，天齐锂业股份有限公司是一家以锂为核心的新能源材料企业，同时在深圳证券交易所（002466.SZ）和香港联合交易所（9696.HK）两地上市。,ok
eastmoney_stock_news,http://finance.eastmoney.com/a/202606103766907094.html,2026-06-10 20:38:00,002466,002466,天齐锂业澳大利亚泰利森三期一工厂发生局部火情：或影响产能爬坡,6月10日晚间，锂业巨头天齐锂业（002466.SH/09696.HK)公告披露，6月9日下午，公司收到控股子公司Talison Lithium Pty Ltd（下称“泰利森”）报告，其位于澳大利亚的第三期化学级锂精矿工厂在检修期间发生局部火情。,ok
cninfo_disclosure,http://www.cninfo.com.cn/new/disclosure/detail?stockCode=002466&announcementId=1225353968&orgId=9900014189&announcementTime=2026-06-06 00:00:00,2026-06-06 00:00:00,002466,002466,关于召开2026年第二次临时股东会的通知,关于召开2026年第二次临时股东会的通知,ok
cninfo_disclosure,http://www.cninfo.com.cn/new/disclosure/detail?stockCode=002466&announcementId=1225349875&orgId=9900014189&announcementTime=2026-06-04 00:00:00,2026-06-04 00:00:00,002466,002466,关于董事薪酬方案的公告,关于董事薪酬方案的公告,ok
cninfo_disclosure,http://www.cninfo.com.cn/new/disclosure/detail?stockCode=002466&announcementId=1225349874&orgId=9900014189&announcementTime=2026-06-04 00:00:00,2026-06-04 00:00:00,002466,002466,关于高级管理人员薪酬方案的公告,关于高级管理人员薪酬方案的公告,ok
cninfo_disclosure,http://www.cninfo.com.cn/new/disclosure/detail?stockCode=002466&announcementId=1225349873&orgId=9900014189&announcementTime=2026-06-04 00:00:00,2026-06-04 00:00:00,002466,002466,董事会薪酬与考核委员会工作细则（2026年6月修订）,董事会薪酬与考核委员会工作细则（2026年6月修订）,ok
cninfo_disclosure,http://www.cninfo.com.cn/new/disclosure/detail?stockCode=002466&announcementId=1225349872&orgId=9900014189&announcementTime=2026-06-04 00:00:00,2026-06-04 00:00:00,002466,002466,董事会秘书工作细则（2026年6月修订）,董事会秘书工作细则（2026年6月修订）,ok
cninfo_disclosure,http://www.cninfo.com.cn/new/disclosure/detail?stockCode=002466&announcementId=1225349871&orgId=9900014189&announcementTime=2026-06-04 00:00:00,2026-06-04 00:00:00,002466,002466,董事会议事规则（2026年6月修订）,董事会议事规则（2026年6月修订）,ok
cninfo_disclosure,http://www.cninfo.com.cn/new/disclosure/detail?stockCode=002466&announcementId=1225349870&orgId=9900014189&announcementTime=2026-06-04 00:00:00,2026-06-04 00:00:00,002466,002466,媒体信息管理制度（2026年6月修订）,媒体信息管理制度（2026年6月修订）,ok
cninfo_disclosure,http://www.cninfo.com.cn/new/disclosure/detail?stockCode=002466&announcementId=1225349869&orgId=9900014189&announcementTime=2026-06-04 00:00:00,2026-06-04 00:00:00,002466,002466,公司章程（经公司第七届董事会第二次会议审议通过）,公司章程（经公司第七届董事会第二次会议审议通过）,ok
cninfo_disclosure,http://www.cninfo.com.cn/new/disclosure/detail?stockCode=002466&announcementId=1225349868&orgId=9900014189&announcementTime=2026-06-04 00:00:00,2026-06-04 00:00:00,002466,002466,股东会议事规则 （2026年6月修订）,股东会议事规则 （2026年6月修订）,ok
cninfo_disclosure,http://www.cninfo.com.cn/new/disclosure/detail?stockCode=002466&announcementId=1225349867&orgId=9900014189&announcementTime=2026-06-04 00:00:00,2026-06-04 00:00:00,002466,002466,独立董事工作制度（2026年6月修订）,独立董事工作制度（2026年6月修订）,ok
cninfo_disclosure,http://www.cninfo.com.cn/new/disclosure/detail?stockCode=002466&announcementId=1225349866&orgId=9900014189&announcementTime=2026-06-04 00:00:00,2026-06-04 00:00:00,002466,002466,信息披露事务管理制度（2026年6月修订）,信息披露事务管理制度（2026年6月修订）,ok
cninfo_disclosure,http://www.cninfo.com.cn/new/disclosure/detail?stockCode=002466&announcementId=1225349865&orgId=9900014189&announcementTime=2026-06-04 00:00:00,2026-06-04 00:00:00,002466,002466,内部审计管理制度（2026年6月修订）,内部审计管理制度（2026年6月修订）,ok
cninfo_disclosure,http://www.cninfo.com.cn/new/disclosure/detail?stockCode=002466&announcementId=1225349864&orgId=9900014189&announcementTime=2026-06-04 00:00:00,2026-06-04 00:00:00,002466,002466,董事、高级管理人员薪酬管理制度（2026年6月修订）,董事、高级管理人员薪酬管理制度（2026年6月修订）,ok
cninfo_disclosure,http://www.cninfo.com.cn/new/disclosure/detail?stockCode=002466&announcementId=1225349863&orgId=9900014189&announcementTime=2026-06-04 00:00:00,2026-06-04 00:00:00,002466,002466,董事会战略与投资委员会工作细则（2026年6月修订）,董事会战略与投资委员会工作细则（2026年6月修订）,ok
cninfo_disclosure,http://www.cninfo.com.cn/new/disclosure/detail?stockCode=002466&announcementId=1225349862&orgId=9900014189&announcementTime=2026-06-04 00:00:00,2026-06-04 00:00:00,002466,002466,董事会提名与治理委员会工作细则（2026年6月修订）,董事会提名与治理委员会工作细则（2026年6月修订）,ok
cninfo_disclosure,http://www.cninfo.com.cn/new/disclosure/detail?stockCode=002466&announcementId=1225349861&orgId=9900014189&announcementTime=2026-06-04 00:00:00,2026-06-04 00:00:00,002466,002466,关联交易决策制度（2026年6月修订）,关联交易决策制度（2026年6月修订）,ok
cninfo_disclosure,http://www.cninfo.com.cn/new/disclosure/detail?stockCode=002466&announcementId=1225349860&orgId=9900014189&announcementTime=2026-06-04 00:00:00,2026-06-04 00:00:00,002466,002466,《公司章程》修订对照表,《公司章程》修订对照表,ok
cninfo_disclosure,http://www.cninfo.com.cn/new/disclosure/detail?stockCode=002466&announcementId=1225349859&orgId=9900014189&announcementTime=2026-06-04 00:00:00,2026-06-04 00:00:00,002466,002466,董事会审计与风险委员会工作细则（2026年6月修订）,董事会审计与风险委员会工作细则（2026年6月修订）,ok
cninfo_disclosure,http://www.cninfo.com.cn/new/disclosure/detail?stockCode=002466&announcementId=1225349858&orgId=9900014189&announcementTime=2026-06-04 00:00:00,2026-06-04 00:00:00,002466,002466,董事会秘书履职保障制度（2026年6月修订）,董事会秘书履职保障制度（2026年6月修订）,ok
cninfo_disclosure,http://www.cninfo.com.cn/new/disclosure/detail?stockCode=002466&announcementId=1225349857&orgId=9900014189&announcementTime=2026-06-04 00:00:00,2026-06-04 00:00:00,002466,002466,定期报告编制和披露管理制度（2026年6月修订）,定期报告编制和披露管理制度（2026年6月修订）,ok
cninfo_disclosure,http://www.cninfo.com.cn/new/disclosure/detail?stockCode=002466&announcementId=1225349856&orgId=9900014189&announcementTime=2026-06-04 00:00:00,2026-06-04 00:00:00,002466,002466,财务负责人、会计机构负责人管理制度（2026年6月修订）,财务负责人、会计机构负责人管理制度（2026年6月修订）,ok
cninfo_disclosure,http://www.cninfo.com.cn/new/disclosure/detail?stockCode=002466&announcementId=1225349855&orgId=9900014189&announcementTime=2026-06-04 00:00:00,2026-06-04 00:00:00,002466,002466,H股公告：证券变动月报表,H股公告：证券变动月报表,ok
cninfo_disclosure,http://www.cninfo.com.cn/new/disclosure/detail?stockCode=002466&announcementId=1225349854&orgId=9900014189&announcementTime=2026-06-04 00:00:00,2026-06-04 00:00:00,002466,002466,关于公司2022年度员工持股计划股票处置完毕暨终止的公告,关于公司2022年度员工持股计划股票处置完毕暨终止的公告,ok
cninfo_disclosure,http://www.cninfo.com.cn/new/disclosure/detail?stockCode=002466&announcementId=1225349853&orgId=9900014189&announcementTime=2026-06-04 00:00:00,2026-06-04 00:00:00,002466,002466,第七届董事会第二次会议决议公告,第七届董事会第二次会议决议公告,ok
cninfo_disclosure,http://www.cninfo.com.cn/new/disclosure/detail?stockCode=002466&announcementId=1225320824&orgId=9900014189&announcementTime=2026-05-21 00:00:00,2026-05-21 00:00:00,002466,002466,2025年度股东会的法律意见书,2025年度股东会的法律意见书,ok
cninfo_disclosure,http://www.cninfo.com.cn/new/disclosure/detail?stockCode=002466&announcementId=1225320823&orgId=9900014189&announcementTime=2026-05-21 00:00:00,2026-05-21 00:00:00,002466,002466,2025年度股东会决议公告,2025年度股东会决议公告,ok
cninfo_disclosure,http://www.cninfo.com.cn/new/disclosure/detail?stockCode=002466&announcementId=1225306441&orgId=9900014189&announcementTime=2026-05-15 00:00:00,2026-05-15 00:00:00,002466,002466,H股公告：翌日披露报表,H股公告：翌日披露报表,ok
cninfo_disclosure,http://www.cninfo.com.cn/new/disclosure/detail?stockCode=002466&announcementId=1225306028&orgId=9900014189&announcementTime=2026-05-15 00:00:00,2026-05-15 00:00:00,002466,002466,关于2024年A股限制性股票激励计划第一个解除限售期解除限售股份上市流通的提示性公告,关于2024年A股限制性股票激励计划第一个解除限售期解除限售股份上市流通的提示性公告,ok
cninfo_disclosure,http://www.cninfo.com.cn/new/disclosure/detail?stockCode=002466&announcementId=1225284502&orgId=9900014189&announcementTime=2026-05-09 00:00:00,2026-05-09 00:00:00,002466,002466,H股公告：翌日披露报表,H股公告：翌日披露报表,ok
cninfo_disclosure,http://www.cninfo.com.cn/new/disclosure/detail?stockCode=002466&announcementId=1225279564&orgId=9900014189&announcementTime=2026-05-07 00:00:00,2026-05-07 00:00:00,002466,002466,H股公告：证券变动月报表,H股公告：证券变动月报表,ok
cninfo_disclosure,http://www.cninfo.com.cn/new/disclosure/detail?stockCode=002466&announcementId=1225234291&orgId=9900014189&announcementTime=2026-04-29 00:00:00,2026-04-29 00:00:00,002466,002466,关于完成董事会换届选举及聘任高级管理人员、监察审计部负责人和证券事务代表的公告,关于完成董事会换届选举及聘任高级管理人员、监察审计部负责人和证券事务代表的公告,ok
cninfo_disclosure,http://www.cninfo.com.cn/new/disclosure/detail?stockCode=002466&announcementId=1225234290&orgId=9900014189&announcementTime=2026-04-29 00:00:00,2026-04-29 00:00:00,002466,002466,2026年第一次临时股东会的法律意见书,2026年第一次临时股东会的法律意见书,ok
cninfo_disclosure,http://www.cninfo.com.cn/new/disclosure/detail?stockCode=002466&announcementId=1225234289&orgId=9900014189&announcementTime=2026-04-29 00:00:00,2026-04-29 00:00:00,002466,002466,2026年第一次临时股东会决议公告,2026年第一次临时股东会决议公告,ok
cninfo_disclosure,http://www.cninfo.com.cn/new/disclosure/detail?stockCode=002466&announcementId=1225234288&orgId=9900014189&announcementTime=2026-04-29 00:00:00,2026-04-29 00:00:00,002466,002466,第七届董事会第一次会议决议公告,第七届董事会第一次会议决议公告,ok
cninfo_disclosure,http://www.cninfo.com.cn/new/disclosure/detail?stockCode=002466&announcementId=1225206475&orgId=9900014189&announcementTime=2026-04-28 00:00:00,2026-04-28 00:00:00,002466,002466,H股公告：2025年度报告,H股公告：2025年度报告,ok
cninfo_disclosure,http://www.cninfo.com.cn/new/disclosure/detail?stockCode=002466&announcementId=1225206474&orgId=9900014189&announcementTime=2026-04-28 00:00:00,2026-04-28 00:00:00,002466,002466,2025年度可持续发展报告,2025年度可持续发展报告,ok
cninfo_disclosure,http://www.cninfo.com.cn/new/disclosure/detail?stockCode=002466&announcementId=1225206473&orgId=9900014189&announcementTime=2026-04-28 00:00:00,2026-04-28 00:00:00,002466,002466,关于2026年第一季度计提和转回减值准备的公告,关于2026年第一季度计提和转回减值准备的公告,ok
cninfo_disclosure,http://www.cninfo.com.cn/new/disclosure/detail?stockCode=002466&announcementId=1225206472&orgId=9900014189&announcementTime=2026-04-28 00:00:00,2026-04-28 00:00:00,002466,002466,关于回购注销2024年A股限制性股票激励计划部分限制性股票的公告,关于回购注销2024年A股限制性股票激励计划部分限制性股票的公告,ok
cninfo_disclosure,http://www.cninfo.com.cn/new/disclosure/detail?stockCode=002466&announcementId=1225206471&orgId=9900014189&announcementTime=2026-04-28 00:00:00,2026-04-28 00:00:00,002466,002466,2024年A股限制性股票激励计划第一个解除限售期解除限售条件成就及回购注销2024年A股限制性股票激励计划部分限制性股票的法律意见书,2024年A股限制性股票激励计划第一个解除限售期解除限售条件成就及回购注销2024年A股限制性股票激励计划部分限制性股票的法律意见书,ok
cninfo_disclosure,http://www.cninfo.com.cn/new/disclosure/detail?stockCode=002466&announcementId=1225206470&orgId=9900014189&announcementTime=2026-04-28 00:00:00,2026-04-28 00:00:00,002466,002466,第六届董事会薪酬与考核委员会关于2024年A股限制性股票激励计划相关事项的核查意见,第六届董事会薪酬与考核委员会关于2024年A股限制性股票激励计划相关事项的核查意见,ok
cninfo_disclosure,http://www.cninfo.com.cn/new/disclosure/detail?stockCode=002466&announcementId=1225206469&orgId=9900014189&announcementTime=2026-04-28 00:00:00,2026-04-28 00:00:00,002466,002466,关于2024年A股限制性股票激励计划第一个解除限售期解除限售条件成就的公告,关于2024年A股限制性股票激励计划第一个解除限售期解除限售条件成就的公告,ok
cninfo_disclosure,http://www.cninfo.com.cn/new/disclosure/detail?stockCode=002466&announcementId=1225206468&orgId=9900014189&announcementTime=2026-04-28 00:00:00,2026-04-28 00:00:00,002466,002466,关于召开2025年度股东会的通知,关于召开2025年度股东会的通知,ok
cninfo_disclosure,http://www.cninfo.com.cn/new/disclosure/detail?stockCode=002466&announcementId=1225206467&orgId=9900014189&announcementTime=2026-04-28 00:00:00,2026-04-28 00:00:00,002466,002466,第六届董事会第三十二次会议决议公告,第六届董事会第三十二次会议决议公告,ok
cninfo_disclosure,http://www.cninfo.com.cn/new/disclosure/detail?stockCode=002466&announcementId=1225206465&orgId=9900014189&announcementTime=2026-04-28 00:00:00,2026-04-28 00:00:00,002466,002466,2026年一季度报告,2026年一季度报告,ok
cninfo_disclosure,http://www.cninfo.com.cn/new/disclosure/detail?stockCode=002466&announcementId=1225206464&orgId=9900014189&announcementTime=2026-04-28 00:00:00,2026-04-28 00:00:00,002466,002466,关于使用自有闲置资金进行委托理财的公告,关于使用自有闲置资金进行委托理财的公告,ok
cninfo_disclosure,http://www.cninfo.com.cn/new/disclosure/detail?stockCode=002466&announcementId=1225127620&orgId=9900014189&announcementTime=2026-04-21 00:00:00,2026-04-21 00:00:00,002466,002466,2026年第一季度业绩预告,2026年第一季度业绩预告,ok
cninfo_disclosure,http://www.cninfo.com.cn/new/disclosure/detail?stockCode=002466&announcementId=1225106773&orgId=9900014189&announcementTime=2026-04-16 00:00:00,2026-04-16 00:00:00,002466,002466,H股公告：董事会会议通告,H股公告：董事会会议通告,ok
cninfo_disclosure,http://www.cninfo.com.cn/new/disclosure/detail?stockCode=002466&announcementId=1225100745&orgId=9900014189&announcementTime=2026-04-15 00:00:00,2026-04-15 00:00:00,002466,002466,关于开展外汇及商品期货套期保值业务的进展公告,关于开展外汇及商品期货套期保值业务的进展公告,ok
cninfo_disclosure,http://www.cninfo.com.cn/new/disclosure/detail?stockCode=002466&announcementId=1225093294&orgId=9900014189&announcementTime=2026-04-11 00:00:00,2026-04-11 00:00:00,002466,002466,股东会议事规则 （2026年4月修订）,股东会议事规则 （2026年4月修订）,ok
cninfo_disclosure,http://www.cninfo.com.cn/new/disclosure/detail?stockCode=002466&announcementId=1225093293&orgId=9900014189&announcementTime=2026-04-11 00:00:00,2026-04-11 00:00:00,002466,002466,公司章程（经公司第六届董事会第三十一次会议审议通过）,公司章程（经公司第六届董事会第三十一次会议审议通过）,ok
cninfo_disclosure,http://www.cninfo.com.cn/new/disclosure/detail?stockCode=002466&announcementId=1225093292&orgId=9900014189&announcementTime=2026-04-11 00:00:00,2026-04-11 00:00:00,002466,002466,《公司章程》修订对照表,《公司章程》修订对照表,ok
cninfo_disclosure,http://www.cninfo.com.cn/new/disclosure/detail?stockCode=002466&announcementId=1225093291&orgId=9900014189&announcementTime=2026-04-11 00:00:00,2026-04-11 00:00:00,002466,002466,董事会议事规则（2026年4月修订）,董事会议事规则（2026年4月修订）,ok
cninfo_disclosure,http://www.cninfo.com.cn/new/disclosure/detail?stockCode=002466&announcementId=1225093290&orgId=9900014189&announcementTime=2026-04-11 00:00:00,2026-04-11 00:00:00,002466,002466,董事会战略与投资委员会工作细则（2026年4月修订）,董事会战略与投资委员会工作细则（2026年4月修订）,ok
cninfo_disclosure,http://www.cninfo.com.cn/new/disclosure/detail?stockCode=002466&announcementId=1225093289&orgId=9900014189&announcementTime=2026-04-11 00:00:00,2026-04-11 00:00:00,002466,002466,独立董事候选人声明与承诺（邹兆麟）,独立董事候选人声明与承诺（邹兆麟）,ok
cninfo_disclosure,http://www.cninfo.com.cn/new/disclosure/detail?stockCode=002466&announcementId=1225093288&orgId=9900014189&announcementTime=2026-04-11 00:00:00,2026-04-11 00:00:00,002466,002466,独立董事提名人声明与承诺（张延庆）,独立董事提名人声明与承诺（张延庆）,ok
cninfo_disclosure,http://www.cninfo.com.cn/new/disclosure/detail?stockCode=002466&announcementId=1225093287&orgId=9900014189&announcementTime=2026-04-11 00:00:00,2026-04-11 00:00:00,002466,002466,独立董事提名人声明与承诺（李越冬）,独立董事提名人声明与承诺（李越冬）,ok
cninfo_disclosure,http://www.cninfo.com.cn/new/disclosure/detail?stockCode=002466&announcementId=1225093286&orgId=9900014189&announcementTime=2026-04-11 00:00:00,2026-04-11 00:00:00,002466,002466,独立董事候选人声明与承诺（李越冬）,独立董事候选人声明与承诺（李越冬）,ok
cninfo_disclosure,http://www.cninfo.com.cn/new/disclosure/detail?stockCode=002466&announcementId=1225093285&orgId=9900014189&announcementTime=2026-04-11 00:00:00,2026-04-11 00:00:00,002466,002466,独立董事提名人声明与承诺（邹兆麟）,独立董事提名人声明与承诺（邹兆麟）,ok
cninfo_disclosure,http://www.cninfo.com.cn/new/disclosure/detail?stockCode=002466&announcementId=1225093284&orgId=9900014189&announcementTime=2026-04-11 00:00:00,2026-04-11 00:00:00,002466,002466,独立董事候选人声明与承诺（张延庆）,独立董事候选人声明与承诺（张延庆）,ok
cninfo_disclosure,http://www.cninfo.com.cn/new/disclosure/detail?stockCode=002466&announcementId=1225093283&orgId=9900014189&announcementTime=2026-04-11 00:00:00,2026-04-11 00:00:00,002466,002466,关于召开2026年第一次临时股东会的通知,关于召开2026年第一次临时股东会的通知,ok
cninfo_disclosure,http://www.cninfo.com.cn/new/disclosure/detail?stockCode=002466&announcementId=1225093282&orgId=9900014189&announcementTime=2026-04-11 00:00:00,2026-04-11 00:00:00,002466,002466,第六届董事会第三十一次会议决议公告,第六届董事会第三十一次会议决议公告,ok
cninfo_disclosure,http://www.cninfo.com.cn/new/disclosure/detail?stockCode=002466&announcementId=1225071212&orgId=9900014189&announcementTime=2026-04-02 00:00:00,2026-04-02 00:00:00,002466,002466,关于举行2025年度业绩说明会的公告,关于举行2025年度业绩说明会的公告,ok
cninfo_disclosure,http://www.cninfo.com.cn/new/disclosure/detail?stockCode=002466&announcementId=1225071211&orgId=9900014189&announcementTime=2026-04-02 00:00:00,2026-04-02 00:00:00,002466,002466,H股公告：证券变动月报表,H股公告：证券变动月报表,ok
cninfo_disclosure,http://www.cninfo.com.cn/new/disclosure/detail?stockCode=002466&announcementId=1225044847&orgId=9900014189&announcementTime=2026-03-28 00:00:00,2026-03-28 00:00:00,002466,002466,关于拟续聘会计师事务所的公告,关于拟续聘会计师事务所的公告,ok
cninfo_disclosure,http://www.cninfo.com.cn/new/disclosure/detail?stockCode=002466&announcementId=1225044846&orgId=9900014189&announcementTime=2026-03-28 00:00:00,2026-03-28 00:00:00,002466,002466,2025年度董事会工作报告,2025年度董事会工作报告,ok
cninfo_disclosure,http://www.cninfo.com.cn/new/disclosure/detail?stockCode=002466&announcementId=1225044845&orgId=9900014189&announcementTime=2026-03-28 00:00:00,2026-03-28 00:00:00,002466,002466,未来三年（2026-2028年度）股东回报规划,未来三年（2026-2028年度）股东回报规划,ok
cninfo_disclosure,http://www.cninfo.com.cn/new/disclosure/detail?stockCode=002466&announcementId=1225044844&orgId=9900014189&announcementTime=2026-03-28 00:00:00,2026-03-28 00:00:00,002466,002466,2026年度财务预算报告,2026年度财务预算报告,ok
cninfo_disclosure,http://www.cninfo.com.cn/new/disclosure/detail?stockCode=002466&announcementId=1225044843&orgId=9900014189&announcementTime=2026-03-28 00:00:00,2026-03-28 00:00:00,002466,002466,关于购买董事、高级管理人员责任险的公告,关于购买董事、高级管理人员责任险的公告,ok
cninfo_disclosure,http://www.cninfo.com.cn/new/disclosure/detail?stockCode=002466&announcementId=1225044842&orgId=9900014189&announcementTime=2026-03-28 00:00:00,2026-03-28 00:00:00,002466,002466,独立董事2025年度述职报告（向川）,独立董事2025年度述职报告（向川）,ok
cninfo_disclosure,http://www.cninfo.com.cn/new/disclosure/detail?stockCode=002466&announcementId=1225044841&orgId=9900014189&announcementTime=2026-03-28 00:00:00,2026-03-28 00:00:00,002466,002466,独立董事2025年度述职报告（黄玮）,独立董事2025年度述职报告（黄玮）,ok
cninfo_disclosure,http://www.cninfo.com.cn/new/disclosure/detail?stockCode=002466&announcementId=1225044840&orgId=9900014189&announcementTime=2026-03-28 00:00:00,2026-03-28 00:00:00,002466,002466,独立董事2025年度述职报告（唐国琼）,独立董事2025年度述职报告（唐国琼）,ok
cninfo_disclosure,http://www.cninfo.com.cn/new/disclosure/detail?stockCode=002466&announcementId=1225044839&orgId=9900014189&announcementTime=2026-03-28 00:00:00,2026-03-28 00:00:00,002466,002466,独立董事2025年度述职报告（吴昌华）,独立董事2025年度述职报告（吴昌华）,ok
cninfo_disclosure,http://www.cninfo.com.cn/new/disclosure/detail?stockCode=002466&announcementId=1225044838&orgId=9900014189&announcementTime=2026-03-28 00:00:00,2026-03-28 00:00:00,002466,002466,毕马威华振审字第2607291号,毕马威华振审字第2607291号,ok
cninfo_disclosure,http://www.cninfo.com.cn/new/disclosure/detail?stockCode=002466&announcementId=1225044837&orgId=9900014189&announcementTime=2026-03-28 00:00:00,2026-03-28 00:00:00,002466,002466,2025年内部控制自我评价报告,2025年内部控制自我评价报告,ok
cninfo_disclosure,http://www.cninfo.com.cn/new/disclosure/detail?stockCode=002466&announcementId=1225044836&orgId=9900014189&announcementTime=2026-03-28 00:00:00,2026-03-28 00:00:00,002466,002466,关于“质量回报双提升”行动方案的进展公告,关于“质量回报双提升”行动方案的进展公告,ok
cninfo_disclosure,http://www.cninfo.com.cn/new/disclosure/detail?stockCode=002466&announcementId=1225044835&orgId=9900014189&announcementTime=2026-03-28 00:00:00,2026-03-28 00:00:00,002466,002466,关于2025年度计提资产减值准备的公告,关于2025年度计提资产减值准备的公告,ok
cninfo_disclosure,http://www.cninfo.com.cn/new/disclosure/detail?stockCode=002466&announcementId=1225044834&orgId=9900014189&announcementTime=2026-03-28 00:00:00,2026-03-28 00:00:00,002466,002466,关于增发公司H股股份一般性授权的公告,关于增发公司H股股份一般性授权的公告,ok
cninfo_disclosure,http://www.cninfo.com.cn/new/disclosure/detail?stockCode=002466&announcementId=1225044833&orgId=9900014189&announcementTime=2026-03-28 00:00:00,2026-03-28 00:00:00,002466,002466,关于公司及控股子公司申请2026年度金融机构授信额度暨提供各类担保的公告,关于公司及控股子公司申请2026年度金融机构授信额度暨提供各类担保的公告,ok
cninfo_disclosure,http://www.cninfo.com.cn/new/disclosure/detail?stockCode=002466&announcementId=1225044832&orgId=9900014189&announcementTime=2026-03-28 00:00:00,2026-03-28 00:00:00,002466,002466,关于开展外汇套期保值业务的可行性分析报告,关于开展外汇套期保值业务的可行性分析报告,ok
cninfo_disclosure,http://www.cninfo.com.cn/new/disclosure/detail?stockCode=002466&announcementId=1225044831&orgId=9900014189&announcementTime=2026-03-28 00:00:00,2026-03-28 00:00:00,002466,002466,关于开展外汇套期保值业务的公告,关于开展外汇套期保值业务的公告,ok
cctv_macro,,2026-06-10 00:00:00,,,【新思想引领新征程】提升农业综合生产能力 加快农业现代化步伐,【新思想引领新征程】提升农业综合生产能力 加快农业现代化步伐,ok
cctv_macro,,2026-06-10 00:00:00,,,李希在河南调研,李希在河南调研,ok
cctv_macro,,2026-06-10 00:00:00,,,【伟大征程】长征：气壮山河的英雄史诗,【伟大征程】长征：气壮山河的英雄史诗,ok
cctv_macro,,2026-06-10 00:00:00,,,树立和践行正确政绩观学习教育继续派出的4个中央指导组完成进驻,树立和践行正确政绩观学习教育继续派出的4个中央指导组完成进驻,ok
cctv_macro,,2026-06-10 00:00:00,,,5月居民消费价格指数总体平稳 工业生产者出厂价格指数继续上涨,5月居民消费价格指数总体平稳 工业生产者出厂价格指数继续上涨,ok
cctv_macro,,2026-06-10 00:00:00,,,5月汽车出口延续快速增长态势,5月汽车出口延续快速增长态势,ok
cctv_macro,,2026-06-10 00:00:00,,,【一线调研】新型电网筑牢能源大国绿色转型基石,【一线调研】新型电网筑牢能源大国绿色转型基石,ok
cctv_macro,,2026-06-10 00:00:00,,,第五届全球媒体创新论坛在重庆举行,第五届全球媒体创新论坛在重庆举行,ok
cctv_macro,,2026-06-10 00:00:00,,,“活力中国调研行”主题采访活动今天启动,“活力中国调研行”主题采访活动今天启动,ok
cctv_macro,,2026-06-10 00:00:00,,,国务院新闻办举行“新征程上的奋斗者”中外记者见面会,国务院新闻办举行“新征程上的奋斗者”中外记者见面会,ok
cctv_macro,,2026-06-10 00:00:00,,,国内联播快讯,国内联播快讯,ok
cctv_macro,,2026-06-10 00:00:00,,,联合国“文明对话国际日”主题活动在日内瓦举行,联合国“文明对话国际日”主题活动在日内瓦举行,ok
cctv_macro,,2026-06-10 00:00:00,,,美称打击伊朗防空系统等 伊朗称打击美军基地,美称打击伊朗防空系统等 伊朗称打击美军基地,ok
cctv_macro,,2026-06-10 00:00:00,,,国际联播快讯,国际联播快讯,ok
