tree
version=v4
num_class=1
num_tree_per_iteration=1
label_index=0
max_feature_idx=102
objective=regression
feature_names=momentum_1 momentum_2 momentum_3 momentum_5 momentum_10 momentum_20 momentum_40 momentum_60 momentum_120 reversal_1 reversal_2 reversal_3 reversal_5 reversal_10 reversal_20 volatility_5 volatility_10 volatility_20 volatility_40 volatility_60 volatility_120 downside_volatility_5 downside_volatility_10 downside_volatility_20 downside_volatility_60 downside_volatility_120 upside_volatility_5 upside_volatility_10 upside_volatility_20 upside_volatility_60 max_drawdown_20 max_drawdown_60 max_drawdown_120 ma_bias_5 ma_bias_10 ma_bias_20 ma_bias_40 ma_bias_60 ma_bias_120 ma_slope_5 ma_slope_10 ma_slope_20 ma_slope_60 price_position_20 price_position_40 price_position_60 price_position_120 breakout_high_20 breakout_high_40 breakout_high_60 breakout_high_120 breakdown_low_20 breakdown_low_40 breakdown_low_60 breakdown_low_120 amount_mean_5 amount_mean_10 amount_mean_20 amount_mean_40 amount_mean_60 amount_zscore_20 amount_zscore_60 amount_percentile_20 amount_percentile_60 turnover_mean_5 turnover_mean_10 turnover_mean_20 turnover_mean_40 turnover_mean_60 turnover_zscore_20 turnover_zscore_60 turnover_percentile_20 turnover_percentile_60 volume_ratio_5_20 volume_ratio_10_60 amount_ratio_5_20 amount_ratio_10_60 intraday_return overnight_return gap_return amplitude close_position upper_shadow lower_shadow body_size return_skew_20 return_skew_60 return_kurt_20 return_kurt_60 amihud_illiquidity_20 amihud_illiquidity_60 limit_up_count_20 limit_up_count_60 limit_down_count_20 limit_down_count_60 up_day_ratio_20 up_day_ratio_60 down_day_ratio_20 down_day_ratio_60 up_streak down_streak new_high_distance_60 new_low_distance_60
feature_infos=[-0.10051993067590981:0.10158730158730145] [-0.19013185878349648:0.21036451471234074] [-0.23776223776223782:0.33140096618357484] [-0.32626325639426079:0.5053763440860215] [-0.38144329896907214:0.77295409181636709] [-0.4508928571428571:1.3132880698351115] [-0.53720238095238093:1.9045792308653344] [-0.57378768020969861:2.4787878787878785] [-0.51344438170413198:2.5125794857616812] [-0.10158730158730145:0.10051993067590981] [-0.21036451471234074:0.19013185878349648] [-0.33140096618357484:0.23776223776223782] [-0.5053763440860215:0.32626325639426079] [-0.77295409181636709:0.38144329896907214] [-1.3132880698351115:0.4508928571428571] [0.0014874533951662395:0.095924895222336895] [0.0022477513155446738:0.078238444074900174] [0.0038653332870002867:0.06897432058447002] [0.0070573784294566807:0.062590294630537599] [0.0084266754959914994:0.061416071221807179] [0.010710492761758126:0.052919063672920028] [0:0.054812437800097764] [0:0.047224963317592558] [0.0023459602512170192:0.041133277236554695] [0.0045703703884312523:0.033243763866188922] [0.005729936904799008:0.028111210527126881] [0:0.055489006645562007] [0:0.04854317740212339] [0.0016670973053831261:0.045120695629335184] [0.0046363194547335311:0.03922510993295681] [-0.47234164517053601:-0.0090909090909090384] [-0.5923984272608126:-0.036296296296296271] [-0.60439560439560447:-0.070616356445172834] [-0.17456435340874354:0.18840786100825957] [-0.27012232209231613:0.34988843897198585] [-0.32050122723162389:0.48358128361593478] [-0.38673195756091883:0.72975172975172975] [-0.40902612826603324:0.96292881468586611] [-0.45196379639624673:1.3678714767398228] [-0.27349885989359002:0.38395492353099003] [-0.31584332533972825:0.58243157224697661] [-0.37106300655127433:0.88423884204918335] [-0.38744326912569227:1.311217323394362] [0:1] [0:1] [0:1] [0:1] [-0.49227799227799229:0] [-0.57115278543849968:0] [-0.59484106305367379:0] [-0.61886429258902786:0] [0:1.2943722943722946] [0:1.954809055712817] [0:2.5931142410015653] [0:3.1300394058805701] [20448309.371999998:12877000292.204] [22860203.671999998:11842655106.566] [25894108.145:10996474706.936001] [36442842.305250004:10632253632.115749] [47569671.078333341:9996781552.5916672] [-2.7075834530639415:4.2329520667652902] [-2.2912552333606202:6.9937283608570207] [0.050000000000000003:1] [0.016666666666666666:1] [0.10735999999999998:15.543839999999999] [0.11905999999999999:13.910259999999999] [0.13480999999999999:12.398210000000001] [0.1879825:11.233527499999999] [0.23910166666666666:10.876183333333334] [-2.6789530719029884:4.2302976421460912] [-2.6776145802638989:6.8247331907920348] [0.050000000000000003:1] [0.016666666666666666:1] [-0.61474707280039087:2.318692143823506] [-0.7230370738320232:2.5875998288013271] [-0.67553953069035422:2.3788545614647125] [-0.75596518889707409:2.7086242854352323] [-0.11764705882352944:0.16139367240688829] [-0.10091743119266039:0.10033898305084743] [-0.10091743119266039:0.10033898305084743] [0:0.18575697211155376] [0:1] [0:1] [0:1] [0:1] [-3.121242308883394:3.1550987236220336] [-2.8098914132214352:3.4048053518052104] [-1.7788755544291683:12.052426565615239] [-1.0231152244685107:18.274687493267308] [3.1707567519787585e-12:3.4026914062541616e-10] [3.7122393588585845e-12:2.0178424453759191e-10] [0:7] [0:9] [0:4] [0:5] [0.10000000000000001:0.84999999999999998] [0.28333333333333333:0.68333333333333335] [0.10000000000000001:0.90000000000000002] [0.25:0.69999999999999996] [0:11] [0:12] [-0.59484106305367379:0] [0:2.5931142410015653]
tree_sizes=1498 1528 1553 1548 1531 1553 1532 1555 1557 1547 1539 1548 1555 1542 1546 1555 1552 1542 1553 1556 1558 1545 1553 1540 1527 1578 1559 1560 1557 1548 1549 1551 1564 1557 1574 1562 1550 1561 1557 1537 1548 1543 1553 1599 1559 1550 1530 1537 1533 1533 1559 1529 1538 1533 1553 1547 1531 1572 1528 1532 1554 1571 1535 1539 1535 1509 1537 1550 1565 1530 1550 1539 1560 1542 1535 1556 1537 1556 1557 1544 1558 1538 1529 1551 1552 1531 1567 1563 1563 1528 1544 1537 1553 1526 1547 1545 1566 1560 1533 1565 1526 1534 1549 1542 1545 1565 1554 1560 1549 1551 1556 1568 1542 1541 1564 1545 1557 1536 1570 1565 1562 1563 1553 1549 1542 1541 1557 1555 1540 1519 1559 1542 1553 1549 1552 1528 1519 1566 1543 1563 1551 1584 1554 1530 1569 1536 1538 1538 1564 1547 1550 1548 1558 1558 1556 1570 1565 1533 1532 1523

Tree=0
num_leaves=15
num_cat=0
split_feature=85 52 7 22 4 89 8 17 4 30 8 32 23 20
split_gain=0.642934 0.664358 0.856064 0.695901 0.588521 0.457381 0.451268 0.477324 0.43619 0.401022 0.360912 0.321983 0.312869 0.40197
threshold=inf 0.85389481853366467 0.4903494358637312 0.031395642596453811 0.057517197471185229 3.1248736818322551e-11 1.1560889175257734 0.036801731356686844 0.25374333213655414 -0.17619001652366975 -0.36863043082133423 -0.49165044351249471 0.023344145719937769 0.043399579394124983
decision_type=8 8 8 10 8 10 10 10 10 10 10 8 10 10
left_child=1 2 3 5 -2 10 7 -3 -9 11 -1 -5 13 -4
right_child=4 6 12 9 -6 -7 -8 8 -10 -11 -12 -13 -14 -15
leaf_value=0.0055982969717372367 2.096102634296243e-05 0.0057308577784201181 0.0038501610101459452 0.0088382965487549016 0.0038631266100628264 0.0047533561862725645 0.0039356790797318887 0.010649022203103235 0.004913179647606335 0.007656648011483377 0.0043473095435642064 0.0048369731592824974 0.0029083154313860999 0.0070541838595174662
leaf_weight=381 92 176 965 36 208 9908 104 79 29 167 11706 303 598 67
leaf_count=381 92 176 965 36 208 9908 104 79 29 167 11706 303 598 67
internal_value=0.00452539 0.00454791 0.00452151 0.00458563 0.00268486 0.00455189 0.00618994 0.00701544 0.00910884 0.00605226 0.00438674 0.00526189 0.00363632 0.00405817
internal_weight=24819 24519 24131 22501 300 21995 388 284 108 506 12087 339 1630 1032
internal_count=24819 24519 24131 22501 300 21995 388 284 108 506 12087 339 1630 1032
is_linear=0
shrinkage=1


Tree=1
num_leaves=15
num_cat=0
split_feature=85 52 7 22 4 90 54 32 30 68 25 94 20 5
split_gain=0.592528 0.612272 0.788948 0.641343 0.542381 0.423063 0.420678 0.381304 0.369582 0.324432 0.469755 0.296922 0.504771 0.383416
threshold=inf 0.85389481853366467 0.4903494358637312 0.031395642596453811 0.057517197471185229 4.6650703592862957e-11 2.0931672722736083 -0.49165044351249471 -0.17619001652366975 5.2480691666666672 0.021379178666032391 1.0000000180025095e-35 0.043399579394124983 -0.073687415859991043
decision_type=8 8 8 10 8 10 10 8 10 10 8 2 10 10
left_child=1 2 3 5 -2 7 9 -1 -5 10 -3 12 13 -4
right_child=4 6 11 8 -6 -7 -8 -9 -10 -11 -12 -13 -14 -15
leaf_value=0.0010466475239011902 -0.0043242502941385555 -0.003968175461758738 0.0049391919060144578 0.00070704384156087944 -0.00063577132986840574 0.00036137098182253833 -0.0015437116382386665 -9.7893815555198088e-05 0.0030060092642210413 0.0045242936381449305 0.0020215582291377666 -0.0012847851736031721 0.0037223479612397831 -0.00069615802931263652
leaf_weight=479 92 23 20 339 208 4713 58 16803 167 72 235 995 49 566
leaf_count=479 92 23 20 339 208 4713 58 16803 167 72 235 995 49 566
internal_value=-9.9539e-13 2.16188e-05 -3.72718e-06 5.78315e-05 -0.0017669 2.5441e-05 0.00159797 -6.61709e-05 0.00146579 0.00215014 0.00148759 -0.000853502 -0.000177711 -0.000503825
internal_weight=24819 24519 24131 22501 300 21995 388 17282 506 330 258 1630 635 586
internal_count=24819 24519 24131 22501 300 21995 388 17282 506 330 258 1630 635 586
is_linear=0
shrinkage=0.04


Tree=2
num_leaves=15
num_cat=0
split_feature=21 7 32 40 89 24 24 25 90 18 8 28 32 20
split_gain=0.559837 0.61625 0.423876 0.714337 0.396184 0.388193 0.373572 0.539011 0.423885 0.347652 0.316908 0.290222 0.289155 0.282815
threshold=0.036334719665606495 0.4903494358637312 -0.2320630900044868 -0.054386389555921837 3.1248736818322551e-11 0.017666083230908469 0.025579746311363286 0.023215536712613925 2.3128756337960838e-11 0.049333723239523196 0.43050001824714218 0.0071019815953456923 -0.49165044351249471 0.035123788846199037
decision_type=10 8 8 8 10 10 10 10 10 8 8 8 8 10
left_child=1 4 -3 -4 12 11 7 9 -9 10 -2 -5 -1 -6
right_child=6 2 3 5 13 -7 -8 8 -10 -11 -12 -13 -14 -15
leaf_value=0.00089045836131036705 0.001194848133943121 0.00034937223756783891 0.00055270281733009799 -0.0043357563350440529 0.00016915039094279977 -0.0026714036080871481 -0.00055277954407989289 0.0020846083616170119 0.0076203423297326817 0.0029135404088379848 -0.0013934129161471329 -0.00089008188476596517 -0.00016342905280523654 0.0012042027663879888
leaf_weight=432 253 475 359 41 9513 321 172 53 38 119 108 849 11644 442
leaf_count=432 253 475 359 41 9513 321 172 53 38 119 108 849 11644 442
internal_value=-3.59077e-12 -3.33734e-05 -0.000697601 -0.00101436 2.82827e-05 -0.00147892 0.00108142 0.00157369 0.00439623 0.00103858 0.000420521 -0.00104882 -0.000125728 0.000215107
internal_weight=24819 24076 2045 1570 22031 1211 743 571 91 480 361 890 12076 9955
internal_count=24819 24076 2045 1570 22031 1211 743 571 91 480 361 890 12076 9955
is_linear=0
shrinkage=0.04


Tree=3
num_leaves=15
num_cat=0
split_feature=89 58 7 22 30 56 64 8 31 6 22 20 64 37
split_gain=0.52113 0.521307 0.489027 0.552544 0.483577 0.45927 0.422032 0.381859 0.612797 0.538059 0.443247 0.380805 0.364663 0.334388
threshold=4.4296781545101477e-12 7977678566.3937511 0.4903494358637312 0.032633995121900829 -0.17619001652366975 625742247.0085001 8.9480600000000017 -0.34645472916714976 -0.12552192294281719 0.064391450643093276 0.018039313564467602 0.041122738556826292 5.4017100000000013 -0.085195934554781458
decision_type=10 8 8 10 10 8 10 10 10 10 10 10 10 10
left_child=5 2 3 7 -5 -1 -4 8 10 -10 -2 -8 -3 -9
right_child=1 12 6 4 -6 -7 11 13 9 -11 -12 -13 -14 -15
leaf_value=-0.0035316605756263554 -0.00014823875289594529 0.001243866747311088 -0.0008283225279893103 0.00074741110427510192 0.0041285930586087965 -0.00064628503936177558 -0.0007308086881301168 0.00038563163069611143 0.0010302193633922399 0.0043349239526412871 0.002184503308794535 0.0034618076882388903 0.0057062429508796956 -7.5365595088411634e-05
leaf_weight=108 914 212 1573 256 92 483 66 2939 246 116 152 73 34 17555
leaf_count=108 914 212 1573 256 92 483 66 2939 246 116 152 73 34 17555
internal_value=-7.43406e-12 2.8627e-05 9.83499e-06 5.99163e-05 0.00164129 -0.00117356 -0.000641631 3.48129e-05 0.000667254 0.00208919 0.000184385 0.00147107 0.00186062 -9.25498e-06
internal_weight=24819 24228 23982 22270 348 591 1712 21922 1428 362 1066 139 246 20494
internal_count=24819 24228 23982 22270 348 591 1712 21922 1428 362 1066 139 246 20494
is_linear=0
shrinkage=0.04


Tree=4
num_leaves=15
num_cat=0
split_feature=21 7 32 40 89 24 24 25 90 18 29 19 68 54
split_gain=0.490481 0.524047 0.3781 0.64229 0.362141 0.36121 0.338823 0.493935 0.378184 0.306776 0.293892 0.268853 0.393988 0.320152
threshold=0.036334719665606495 0.4903494358637312 -0.2320630900044868 -0.054386389555921837 3.1248736818322551e-11 0.017666083230908469 0.025579746311363286 0.023215536712613925 2.3128756337960838e-11 0.049333723239523196 0.027555202343420803 0.053300618049252069 5.4643708333333345 2.0931672722736083
decision_type=10 8 8 8 10 10 10 10 10 8 8 10 10 10
left_child=1 4 11 -4 -1 -5 7 9 -9 10 -2 12 -3 -14
right_child=6 2 3 5 -6 -7 -8 8 -10 -11 -12 -13 13 -15
leaf_value=-0.00012162617615936722 0.00094299721239734298 -0.00015542886537807664 0.00054300884972229176 -0.000968551863555527 0.0002042359801772509 -0.00253373183869986 -0.00054412132263086132 0.0019995248602386914 0.0072283295600822093 0.0027300787114092158 -0.0019596302599740635 -0.0029780995090469432 0.003667313209783874 -0.0008557382171206615
leaf_weight=12076 292 310 359 890 9955 321 172 53 38 119 69 36 95 34
leaf_count=12076 292 310 359 890 9955 321 172 53 38 119 69 36 95 34
internal_value=9.6984e-12 -3.12378e-05 -0.000643762 -0.000942929 2.5619e-05 -0.00138343 0.00101222 0.00148104 0.00418298 0.000968792 0.000388201 0.000345063 0.000617578 0.00247519
internal_weight=24819 24076 2045 1570 22031 1211 743 571 91 480 361 475 439 129
internal_count=24819 24076 2045 1570 22031 1211 743 571 91 480 361 475 439 129
is_linear=0
shrinkage=0.04


Tree=5
num_leaves=15
num_cat=0
split_feature=89 56 52 7 22 32 8 31 6 22 30 31 98 16
split_gain=0.470814 0.514018 0.476675 0.576259 0.506786 0.3552 0.340537 0.557943 0.496707 0.434794 0.29625 0.285032 0.572397 0.31411
threshold=6.377247777096394e-12 625742247.0085001 0.85389481853366467 0.4903494358637312 0.031395642596453811 -0.25620170785448704 -0.34645472916714976 -0.12552192294281719 0.064391450643093276 0.018039313564467602 -0.17619001652366975 -0.11656233521191754 0.39767441860465119 0.054948967362026355
decision_type=10 8 8 8 10 10 10 10 10 10 10 10 8 10
left_child=1 -1 3 4 6 -4 7 9 -9 -2 -6 12 -5 -13
right_child=2 -3 5 11 10 -7 -8 8 -10 -11 -12 13 -14 -15
leaf_value=-0.0033516520546335317 -0.00014171412460745267 -0.00048431941570804393 0.0019498440110976235 -0.00319316413934791 0.0006613012626211375 -0.0035603537047281864 3.1125317746007798e-06 0.00098301354590311224 0.0041581893019209584 0.0022457499335790778 0.0027726432342271164 2.6317513526077861e-05 -0.00064731238310302786 0.0046823160636883512
leaf_weight=108 908 1356 292 162 321 20 19644 246 116 141 159 214 1106 26
leaf_count=108 908 1356 292 162 321 20 19644 246 116 141 159 214 1106 26
internal_value=2.71322e-12 -0.000695844 4.36187e-05 2.25912e-05 7.55243e-05 0.00159663 4.6226e-05 0.000646453 0.00200047 0.000179194 0.00136068 -0.000733321 -0.000972571 0.000530717
internal_weight=24819 1464 23355 23043 21535 312 21055 1411 362 1049 480 1508 1268 240
internal_count=24819 1464 23355 23043 21535 312 21055 1411 362 1049 480 1508 1268 240
is_linear=0
shrinkage=0.04


Tree=6
num_leaves=15
num_cat=0
split_feature=32 89 58 57 66 38 8 31 6 59 39 23 30 64
split_gain=0.455287 0.485063 0.445924 0.414787 0.383145 0.379706 0.417183 0.399583 0.440096 0.355187 0.375521 0.352456 0.54546 0.347781
threshold=-0.49165044351249471 5.1934989328645786e-12 7977678566.3937511 451358435.17525011 4.2538300000000016 0.33235028628764612 inf -0.12552192294281719 0.064391450643093276 3884127340.9677505 0.0029669037478083919 0.023136996017670337 -0.21268762740479405 8.9480600000000017
decision_type=8 10 8 8 10 8 8 10 10 10 10 10 10 10
left_child=9 3 5 -2 -4 6 11 -8 -9 10 -1 -3 -13 -7
right_child=1 2 4 -5 -6 13 7 8 -10 -11 -12 12 -14 -15
leaf_value=0.0019111000874799608 -0.004990429442662459 -4.0373889302037617e-05 0.0010600360935712431 -0.00076831598499315658 0.0055644210624612046 -0.00064270090224510497 0.00013362820987916648 0.00098609215747397314 0.0040401754608621132 0.0036193555317675843 -0.00028723406003658002 -0.00020311252668314431 0.0012841501765059097 0.001339737141126151
leaf_weight=229 39 18583 188 820 36 2067 425 236 111 78 272 748 835 152
leaf_count=229 39 18583 188 820 36 2067 425 236 111 78 272 748 835 152
internal_value=-7.55006e-12 -2.64779e-05 7.81924e-06 -0.000960007 0.00178396 -9.3615e-06 4.3368e-05 0.000955919 0.00196305 0.0011085 0.000717593 8.43346e-06 0.000581388 -0.000506905
internal_weight=24819 24240 23381 859 224 23157 20938 772 347 579 501 20166 1583 2219
internal_count=24819 24240 23381 859 224 23157 20938 772 347 579 501 20166 1583 2219
is_linear=0
shrinkage=0.04


Tree=7
num_leaves=15
num_cat=0
split_feature=32 89 52 7 56 3 22 30 90 32 59 50 31 98
split_gain=0.419592 0.453896 0.4341 0.480252 0.42497 0.346928 0.33084 0.423566 0.346086 0.321045 0.317181 0.372806 0.287404 0.540239
threshold=-0.49165044351249471 6.377247777096394e-12 0.85389481853366467 0.4903494358637312 429847585.36250013 -0.11100217153597762 0.031395642596453811 -0.17619001652366975 4.6650703592862957e-11 -0.25620170785448704 3884127340.9677505 -0.36121673003802279 -0.11656233521191754 0.39767441860465119
decision_type=8 10 8 8 8 10 10 10 10 10 10 10 10 8
left_child=5 4 3 6 -2 -1 8 -8 -3 -4 11 -7 13 -5
right_child=1 2 9 12 -6 10 7 -9 -10 -11 -12 -13 -14 -15
leaf_value=0.0055797729497918712 -0.003362393850348071 -6.6240678119045172e-05 0.0018390016998180358 -0.0031177110483858197 -0.00053733642720010875 0.0011430861609721822 0.00022266785095582652 0.0028317596700333141 0.00032409449142085462 -0.0034001611908897754 0.0032518138350477736 -0.0013869375768520936 0.00060750422144353823 -0.0006211062412068445
leaf_weight=26 91 15880 291 159 1336 350 285 153 4713 20 76 127 227 1085
leaf_count=26 91 15880 291 159 1336 350 285 153 4713 20 76 127 227 1085
internal_value=2.5136e-12 -2.54188e-05 1.78718e-05 -2.64145e-06 -0.000717491 0.00106416 4.62306e-05 0.00113406 2.30931e-05 0.00150208 0.000851857 0.000469474 -0.000701368 -0.000940206
internal_weight=24819 24240 22813 22502 1427 579 21031 438 20593 311 553 477 1471 1244
internal_count=24819 24240 22813 22502 1427 579 21031 438 20593 311 553 477 1471 1244
is_linear=0
shrinkage=0.04


Tree=8
num_leaves=15
num_cat=0
split_feature=32 18 22 8 64 67 18 31 23 55 88 25 43 17
split_gain=0.399948 0.634339 0.558412 0.419864 0.401407 0.377012 0.384914 0.349948 0.411409 0.343519 0.329443 0.313738 0.287301 0.280416
threshold=-0.23145251364991745 0.041856409775202379 0.029329453127984833 -0.36863043082133423 8.9480600000000017 3.0745850000000003 0.038977928907563762 -0.11702793012441047 0.017152599754499735 745853928.50600016 0.32965179491757546 0.018340577320954062 0.86203545457591935 0.036045585550207204
decision_type=8 10 10 10 10 8 8 10 10 10 10 10 10 10
left_child=3 2 5 7 9 6 -2 8 -1 -5 -8 -6 -9 -11
right_child=1 -3 -4 4 11 -7 10 12 -10 13 -12 -13 -14 -15
leaf_value=-1.5872923377608536e-05 -9.9208033550543612e-05 -0.0014854866562024806 0.0016165962491534315 0.00029595425509311408 -0.0013909190706908703 -0.00091489779601045245 0.0066486750170588497 0.0016479274776964518 0.0025405901060661391 -0.00032226279530787687 0.0009473553106188775 0.0036167620283808432 0.005245650677486907 0.00023624258137409018
leaf_weight=502 9892 558 294 5674 26 942 24 204 126 4213 50 87 43 2184
leaf_count=502 9892 558 294 5674 26 942 24 204 126 4213 50 87 43 2184
internal_value=-2.70616e-12 -0.000169208 -0.000103641 0.000152377 9.15955e-05 -0.000150006 -7.77072e-05 0.000998727 0.000497048 6.93816e-05 0.00279643 0.00246455 0.00227425 -0.000131583
internal_weight=24819 11760 11202 13059 12184 10908 9966 875 628 12071 74 113 247 6397
internal_count=24819 11760 11202 13059 12184 10908 9966 875 628 12071 74 113 247 6397
is_linear=0
shrinkage=0.04


Tree=9
num_leaves=15
num_cat=0
split_feature=75 21 4 37 89 8 52 24 25 18 8 85 86 8
split_gain=0.38172 0.401382 0.377132 0.351188 0.344298 0.339823 0.39086 0.299257 0.408062 0.291561 0.265467 0.261416 0.255702 0.508398
threshold=1.1565509054542753 0.036334719665606495 0.056435759757941469 -0.11050856245068762 2.3572751586992544e-11 1.345173129383656 0.85389481853366467 0.025579746311363286 0.023396510399269353 0.05007802983905011 0.43050001824714218 -0.51209822207976774 0.024258647005560983 -0.36863043082133423
decision_type=8 10 8 8 10 10 10 10 10 8 8 10 10 10
left_child=1 3 -2 -1 5 6 -5 8 9 10 -3 -11 -6 -14
right_child=2 7 -4 4 12 -7 -8 -9 -10 11 -12 -13 13 -15
leaf_value=0.00050134618257938657 -0.0037280158549547193 0.0010933789169316047 -0.00063521742281695754 -0.00025107846863764709 -0.00018511132817315004 -0.0019336487129943348 0.0024922976099575559 -0.00051406712347459177 0.0040776522123278716 0.0010787589086586951 -0.0012846693846018482 0.0048327393103938772 0.001321045411195391 0.00010967906547542244
leaf_weight=1993 75 252 397 7706 4338 190 84 172 78 71 107 51 592 8713
leaf_count=1993 75 252 397 7706 4338 190 84 172 78 71 107 51 592 8713
internal_value=-3.33496e-12 2.18418e-05 -0.00112666 -6.73223e-06 -5.3562e-05 -0.000262262 -0.000221496 0.000944967 0.0013939 0.000958697 0.000384601 0.00264805 6.85098e-05 0.000186748
internal_weight=24819 24347 472 23616 21623 7980 7790 731 559 481 359 122 13643 9305
internal_count=24819 24347 472 23616 21623 7980 7790 731 559 481 359 122 13643 9305
is_linear=0
shrinkage=0.04


Tree=10
num_leaves=15
num_cat=0
split_feature=32 89 7 74 57 12 59 50 48 64 90 32 35 34
split_gain=0.367469 0.388588 0.36327 0.327607 0.344765 0.304598 0.30281 0.333265 0.299281 0.296089 0.327726 0.270579 0.229885 0.219067
threshold=-0.49165044351249471 3.0877244095757161e-11 1.3045520490896079 -0.21024955414012589 451358435.17525011 0.095948164435662411 3884127340.9677505 -0.36121673003802279 -0.0045740438051650725 8.9480600000000017 2.8778954949206028e-11 -0.18815699331864952 -0.12732663779564515 0.069092821203213819
decision_type=8 10 8 8 8 10 8 10 8 10 10 8 8 10
left_child=5 2 9 -4 -5 6 7 -1 11 -2 -11 -3 -6 -8
right_child=1 8 3 4 12 -7 13 -9 -10 10 -12 -13 -14 -15
leaf_value=0.0010169222981378486 -0.00014114495891667884 0.00026443187332453907 -0.0049579426607627231 -0.0044874839000403881 0.0028925463703594039 0.0044097601350110314 0.0057490304658810295 -0.0013994231166318059 0.0013380720619378345 0.0040601877658188621 -0.0019491156935691834 -0.00015122574940124134 -0.00083585878911577249 0.0013554748346138259
leaf_weight=339 12421 6899 34 40 28 39 30 125 329 53 20 3935 481 46
leaf_count=339 12421 6899 34 40 28 39 30 125 329 53 20 3935 481 46
internal_value=-1.32865e-12 -2.37876e-05 -0.000171758 -0.00114773 -0.00091176 0.000995876 0.000749318 0.000365967 0.000149554 -0.000126217 0.0024138 0.000113462 -0.00063076 0.00308977
internal_weight=24819 24240 13077 583 549 579 540 464 11163 12494 73 10834 509 76
internal_count=24819 24240 13077 583 549 579 540 464 11163 12494 73 10834 509 76
is_linear=0
shrinkage=0.04


Tree=11
num_leaves=15
num_cat=0
split_feature=32 18 22 8 64 31 23 67 18 88 6 55 25 57
split_gain=0.344653 0.57106 0.486725 0.354756 0.33838 0.320868 0.382699 0.31751 0.355427 0.307232 0.30441 0.302068 0.272273 0.251348
threshold=-0.23145251364991745 0.041856409775202379 0.029329453127984833 -0.36863043082133423 8.9480600000000017 -0.12552192294281719 0.017152599754499735 3.0745850000000003 0.038977928907563762 0.35128085828718347 0.064391450643093276 745853928.50600016 0.018340577320954062 451358435.17525011
decision_type=8 10 10 10 10 10 10 8 8 10 10 10 10 8
left_child=3 2 7 5 11 6 -1 8 -2 -10 -7 -5 -6 -9
right_child=1 -3 -4 4 12 10 -8 13 9 -11 -12 -13 -14 -15
leaf_value=-0.00011764403485982544 -9.2464406882071019e-05 -0.0014059762426862313 0.0015111623924870211 0.00027764924251930773 -0.0013273705828648348 0.00094527941549277326 0.0023620243641244809 -0.0028628890595550579 0.0060905681660881755 0.00073656668054296619 0.0036573340098506641 -0.00012326443377361842 0.003337665130143407 -0.00062904011034498161
leaf_weight=475 9892 558 294 5674 26 162 126 89 27 47 112 6397 87 853
leaf_count=475 9892 558 294 5674 26 162 126 89 27 47 112 6397 87 853
internal_value=-3.03345e-14 -0.000157076 -9.48653e-05 0.000141452 8.55815e-05 0.000919418 0.00040222 -0.000138152 -7.18035e-05 0.00269005 0.00205386 6.51859e-05 0.00226429 -0.000840094
internal_weight=24819 11760 11202 13059 12184 875 601 10908 9966 74 274 12071 113 942
internal_count=24819 11760 11202 13059 12184 875 601 10908 9966 74 274 12071 113 942
is_linear=0
shrinkage=0.04


Tree=12
num_leaves=15
num_cat=0
split_feature=13 38 66 24 8 22 85 5 49 25 58 16 31 55
split_gain=0.33943 0.3952 0.396567 0.413195 0.372063 0.370901 0.320761 0.355447 0.308351 0.307743 0.350784 0.276047 0.254917 0.241704
threshold=0.099747111902982979 0.36608647061904748 6.3979975000000007 0.024745480460906136 0.81645641422033266 0.032633995121900829 0.26015542590800994 -0.029360791415358408 -0.020013351134846532 0.022130913176785293 7977678566.3937511 0.065728992393736238 -0.10462978260869558 705236949.10600019
decision_type=10 8 10 10 8 10 10 8 10 10 8 8 10 10
left_child=1 4 6 9 5 13 7 -3 -6 10 12 -9 -4 -1
right_child=-2 2 3 -5 8 -7 -8 11 -10 -11 -12 -13 -14 -15
leaf_value=6.9847055837400889e-05 0.00051376410695917762 -7.5223053167646116e-05 -0.00055202726705838991 -0.0029817179579634309 0.00054577844767672112 0.0020761414468553202 2.5018212190686419e-05 -0.0018176122240731447 0.0033599671978277691 0.0036256942852880016 0.0043162412064916954 -5.204398233069887e-05 0.0039105383582089259 -0.00022016832521907882
leaf_weight=11769 1900 388 187 43 1110 133 578 804 66 66 34 172 23 7546
leaf_count=11769 1900 388 187 43 1110 133 578 804 66 66 34 172 23 7546
internal_value=-1.22741e-12 -4.25914e-05 -0.000540519 0.000692769 1.2817e-05 -2.8961e-05 -0.000764695 -0.00109934 0.000703718 0.00120246 0.00054699 -0.00150647 -6.32701e-05 -4.34564e-05
internal_weight=24819 22919 2295 353 20624 19448 1942 1364 1176 310 244 976 210 19315
internal_count=24819 22919 2295 353 20624 19448 1942 1364 1176 310 244 976 210 19315
is_linear=0
shrinkage=0.04


Tree=13
num_leaves=15
num_cat=0
split_feature=32 89 57 52 7 3 22 30 89 67 42 16 3 59
split_gain=0.328793 0.338061 0.31284 0.30893 0.373178 0.277526 0.270467 0.374177 0.282211 0.278255 0.266191 0.363621 0.488355 0.263599
threshold=-0.49165044351249471 6.377247777096394e-12 572791981.0860002 0.85389481853366467 0.4903494358637312 -0.11100217153597762 0.031395642596453811 -0.17619001652366975 4.6104734021832399e-11 3.1058012500000003 0.52376857547500888 0.041065160824239659 0.1758164297392413 3884127340.9677505
decision_type=8 10 8 8 8 10 10 10 10 10 10 10 10 10
left_child=5 2 -2 4 6 -1 8 -8 -3 -9 11 -5 -13 -7
right_child=1 3 -4 10 -6 13 7 9 -10 -11 -12 12 -14 -15
leaf_value=0.0049807764242331574 -0.0040207947737404279 -6.1298461908524147e-05 -0.00051663482693210588 0.00048809650903099258 -0.00061837467894538861 0.00040353180393864612 0.00016760330849935776 0.00043671648755693685 0.00029036987819724253 0.0039527380332154667 -0.0022500891268493668 0.0052354541428289141 -0.00047470824185958396 0.0029399949647976381
leaf_weight=26 42 15849 1385 169 1471 477 285 58 4744 95 31 76 35 76
leaf_count=26 42 15849 1385 169 1471 477 285 58 4744 95 31 76 35 76
internal_value=-1.14726e-12 -2.2501e-05 -0.000619771 1.48594e-05 -2.44543e-06 0.000942011 4.06353e-05 0.00102422 1.97152e-05 0.00261987 0.00126693 0.00165631 0.00343495 0.000752123
internal_weight=24819 24240 1427 22813 22502 579 21031 438 20593 153 311 280 111 553
internal_count=24819 24240 1427 22813 22502 579 21031 438 20593 153 311 280 111 553
is_linear=0
shrinkage=0.04


Tree=14
num_leaves=15
num_cat=0
split_feature=37 21 89 8 23 20 24 58 32 98 67 90 57 76
split_gain=0.318186 0.365841 0.353981 0.299785 0.250994 0.247425 0.381554 0.32523 0.301861 0.268631 0.255966 0.365505 0.246121 0.233779
threshold=-0.11050856245068762 0.039900760018642262 5.1934989328645786e-12 0.90690135995103505 0.033033658810960993 0.042140805653981615 0.016409127298472919 868696070.28612506 -0.28188039461341352 0.38214285714285717 4.0231350000000008 2.7981930596294117e-11 451358435.17525011 0.64940057183215416
decision_type=8 10 10 10 8 10 10 10 10 10 8 8 8 10
left_child=-1 2 12 -3 5 7 8 10 -7 -8 -4 -12 -2 -11
right_child=1 3 4 -5 -6 6 9 -9 -10 13 11 -13 -14 -15
leaf_value=0.000469614558168959 -0.0039894078901180855 0.0016972455634964752 2.2913195731712836e-05 -0.00099793172828538954 -0.0025357754144351929 -0.00022948436968927752 -0.0035064875188150573 -0.00030240910541677591 0.0047545321670092516 0.00027154967389826353 0.0064465502798557285 0.000839508501340152 -0.00073169552106445697 0.002655539278671818
leaf_weight=2112 39 323 14138 83 64 29 28 6056 59 766 20 266 764 72
leaf_count=2112 39 323 14138 83 64 29 28 6056 59 766 20 266 764 72
internal_value=3.33468e-12 -4.36793e-05 -6.53427e-05 0.00114626 -3.4543e-05 -2.70746e-05 0.000602606 -5.64064e-05 0.00311207 0.000347603 4.68793e-05 0.00123161 -0.000889916 0.000476379
internal_weight=24819 22707 22301 406 21498 21434 954 20480 88 866 14424 286 803 838
internal_count=24819 22707 22301 406 21498 21434 954 20480 88 866 14424 286 803 838
is_linear=0
shrinkage=0.04


Tree=15
num_leaves=15
num_cat=0
split_feature=39 89 32 32 19 56 8 31 41 22 42 39 73 23
split_gain=0.308018 0.300284 0.291797 0.267026 0.432319 0.361178 0.299941 0.639627 0.295665 0.43278 0.27904 0.274491 0.282632 0.264364
threshold=-0.051835210413139259 6.377247777096394e-12 -0.51313769651899332 -0.23145251364991745 0.0399917890857776 3484486919.3875003 0.47966218037096781 -0.11702793012441047 0.13626042647267925 0.032633995121900829 0.52376857547500888 -0.006913513307473528 -0.054779656587224994 0.023507349544991927
decision_type=8 10 8 8 10 10 8 10 10 10 10 10 10 10
left_child=2 -2 13 5 -5 6 -3 8 -8 -10 -7 -9 -13 -1
right_child=1 3 -4 4 -6 10 7 11 9 -11 -12 12 -14 -15
leaf_value=-0.00018670279127748116 -0.00064852537941807818 1.8771043192195337e-06 0.00035662465027487073 -0.00010937839085214338 -0.0015895124122573983 0.0019225098302201214 0.00047888166262332574 6.0636782459914692e-05 -0.0018203811562578656 0.0035899396823650159 -0.002348290559042383 0.0051368537630944967 0.0020390830748779252 0.0052742939419742375
leaf_weight=23 1252 8955 2390 10027 326 262 977 75 191 27 27 63 187 37
leaf_count=23 1252 8955 2390 10027 326 262 977 75 191 27 27 63 187 37
internal_value=-3.43954e-12 -4.66354e-05 0.000425791 -1.09501e-05 -0.000155986 0.000128547 9.00611e-05 0.000609593 0.000181676 -0.0011503 0.00152351 0.00218301 0.00281972 0.00318091
internal_weight=24819 22369 2450 21117 10353 10764 10475 1520 1195 218 289 325 250 60
internal_count=24819 22369 2450 21117 10353 10764 10475 1520 1195 218 289 325 250 60
is_linear=0
shrinkage=0.04


Tree=16
num_leaves=15
num_cat=0
split_feature=37 21 89 65 86 8 64 59 48 38 22 86 24 25
split_gain=0.293693 0.312519 0.321469 0.259223 0.285393 0.251702 0.251221 0.356136 0.241721 0.224374 0.262561 0.280322 0.242769 0.211224
threshold=-0.086440621867642439 0.039900760018642262 5.1934989328645786e-12 5.8589450000000003 0.22033894983186808 0.85741649339892168 5.2736400000000012 1309742936.3023336 -0.076572116671126553 0.33235028628764612 0.032102388849143841 -0.13134215369587729 0.016979294629274763 0.017609421898849679
decision_type=8 10 10 8 8 10 10 8 8 8 10 10 10 10
left_child=-1 2 3 4 -2 6 -3 -8 9 10 -4 -12 13 -11
right_child=1 5 8 -5 -6 -7 7 -9 -10 12 11 -13 -14 -15
leaf_value=0.00033669105932617453 -0.00058879845083041605 0.0008707797215003649 -0.00013198772351501189 0.00044360365390053223 -0.002405264521248441 -0.00079139602798162601 0.00089236533476246731 0.0059532952702350244 0.00011886867004417642 -0.00025842188481277025 -0.00095792611357458735 0.0027996737013894074 -0.0013165627423923206 0.0039374077916145321
leaf_weight=3552 357 217 10643 180 226 91 45 44 8285 478 47 98 536 20
leaf_count=3552 357 217 10643 180 226 91 45 44 8285 478 47 98 536 20
internal_value=6.0306e-13 -5.62339e-05 -7.73824e-05 -0.000883279 -0.00129295 0.00105553 0.00160477 0.0033944 -4.6801e-05 -0.000162904 -0.000108954 0.00158169 -0.000725779 -8.99147e-05
internal_weight=24819 21267 20870 763 583 397 306 89 20107 11822 10788 145 1034 498
internal_count=24819 21267 20870 763 583 397 306 89 20107 11822 10788 145 1034 498
is_linear=0
shrinkage=0.04


Tree=17
num_leaves=15
num_cat=0
split_feature=32 89 59 39 7 74 5 4 52 42 40 34 39 20
split_gain=0.281332 0.294728 0.252995 0.292062 0.25261 0.309808 0.282045 0.324551 0.268825 0.246392 0.308663 0.244663 0.243882 0.252758
threshold=-0.49165044351249471 3.196754665609701e-11 3884127340.9677505 0.0029669037478083919 1.3045520490896079 -0.21024955414012589 -0.10564224260179882 0.028149094016430069 0.85389481853366467 -0.24820639660512958 -0.012635569615763063 0.069092821203213819 0.12022426494452111 0.035123788846199037
decision_type=8 10 10 10 8 8 8 8 10 10 10 10 10 10
left_child=2 4 3 9 8 -6 -7 -8 -2 10 -1 -4 13 -3
right_child=1 12 11 -5 5 6 7 -9 -10 -11 -12 -13 -14 -15
leaf_value=0.00075450100790476428 -0.0001238374602251481 0.00012977763079348453 0.0056764252763241534 -0.00034470288073541321 -0.0046615396237329526 0.0021375644221901893 -0.0023560406942994975 -0.00024408333782366753 0.001880114301683433 0.00074130945888880109 0.0061537158225352566 0.0011219611133286812 -0.00094830438088498021 0.0011183184085718865
leaf_weight=32 12946 9846 32 272 34 50 183 320 108 161 36 46 321 432
leaf_count=32 12946 9846 32 272 34 50 183 320 108 161 36 46 321 432
internal_value=1.41893e-13 -2.08137e-05 0.000871374 0.000541456 -0.00014376 -0.000955496 -0.000727638 -0.00101245 -0.000107258 0.00159401 0.00361291 0.00299046 0.000137418 0.000171328
internal_weight=24819 24240 579 501 13641 587 553 503 13054 229 68 78 10599 10278
internal_count=24819 24240 579 501 13641 587 553 503 13054 229 68 78 10599 10278
is_linear=0
shrinkage=0.04


Tree=18
num_leaves=15
num_cat=0
split_feature=8 20 76 89 39 89 22 15 38 18 86 72 86 39
split_gain=0.276306 0.371821 0.634554 0.315715 0.313408 0.28867 0.317497 0.31528 0.287303 0.251994 0.245928 0.264405 0.243655 0.352459
threshold=1.345173129383656 0.043399579394124983 0.63438625670121906 2.8607247786460497e-11 0.13709077507213077 2.1136993916587854e-11 0.026693156175901411 0.070023026412375219 0.2961263385556529 0.045208215541855591 0.079904206504250952 0.31686991869918707 0.36873296370041336 -0.10985553262156199
decision_type=10 10 10 10 10 10 10 10 8 8 8 8 10 10
left_child=1 4 -3 -2 5 7 8 9 -7 -1 -8 -12 13 -11
right_child=3 2 -4 -5 -6 6 10 -9 -10 12 11 -13 -14 -15
leaf_value=-0.00016002533702761136 -0.0017287989770194757 0.00044510527084234644 0.0038993107328102227 0.0030838097542679561 -0.001055422820438961 0.00010439622212286178 0.00018368782301360137 0.0028897101102540123 -0.00053052769525587743 0.00010546031376669327 0.00462566609447822 0.0012075308313301773 0.0012994729259023161 -0.0019979660631076475
leaf_weight=6266 239 898 94 24 457 14052 445 52 1241 195 40 382 66 368
leaf_count=6266 239 898 94 24 457 14052 445 52 1241 195 40 382 66 368
internal_value=-1.41869e-12 1.38122e-05 0.000772419 -0.00128963 -1.81238e-05 2.39148e-06 9.50888e-05 -0.00021324 5.28733e-05 -0.000236641 0.000839728 0.00153152 -0.000999875 -0.00126943
internal_weight=24819 24556 992 263 23564 23107 16160 6947 15293 6895 867 422 629 563
internal_count=24819 24556 992 263 23564 23107 16160 6947 15293 6895 867 422 629 563
is_linear=0
shrinkage=0.04


Tree=19
num_leaves=15
num_cat=0
split_feature=34 89 18 32 20 56 7 55 47 25 42 32 5 20
split_gain=0.269815 0.255137 0.248345 0.237916 0.427103 0.334806 0.285448 0.233504 0.259712 0.228448 0.223782 0.220465 0.219273 0.213437
threshold=-0.048859308686653495 6.377247777096394e-12 inf -0.23145251364991745 0.038760192712338264 3484486919.3875003 0.52447202042893848 712291132.31900012 -0.0041506081323862678 0.019955674618133218 0.52376857547500888 -0.51313769651899332 -0.044381378097933293 0.034951942915015605
decision_type=8 10 8 8 10 10 8 10 10 10 10 8 10 10
left_child=11 -2 3 5 6 7 13 8 -3 -7 -11 -1 -8 -5
right_child=1 2 -4 4 -6 9 12 -9 -10 10 -12 -13 -14 -15
leaf_value=0.003062591978481838 -0.00059825088827287489 0.00021651399438024979 0.0017397529438459279 -9.8840769994388964e-05 -0.0033661457615424741 -0.00052540210333453224 2.0518161598078603e-05 -0.00012356307394942857 0.002304723098509244 0.0025592224817773969 -0.0015375652276755623 0.00035113018388407437 -0.0013272479533315905 0.001427282858346964
leaf_weight=49 1249 5417 129 9201 66 70 301 5033 97 192 24 2303 539 149
leaf_count=49 1249 5417 129 9201 66 70 301 5033 97 192 24 2303 539 149
internal_value=4.90435e-13 -4.26724e-05 -9.96816e-06 -2.06711e-05 -0.00015875 0.000110054 -0.000137976 7.34352e-05 0.000253249 0.00146046 0.00210402 0.000407619 -0.000844298 -7.45207e-05
internal_weight=24819 22467 21218 21089 10256 10833 10190 10547 5514 286 216 2352 840 9350
internal_count=24819 22467 21218 21089 10256 10833 10190 10547 5514 286 216 2352 840 9350
is_linear=0
shrinkage=0.04


Tree=20
num_leaves=15
num_cat=0
split_feature=39 32 23 89 89 64 52 59 42 57 51 39 21 25
split_gain=0.256979 0.248678 0.301202 0.239726 0.215482 0.215058 0.296984 0.273198 0.329769 0.208053 0.194882 0.26836 0.343285 0.179817
threshold=-0.048767610704899482 -0.49165044351249471 0.023507349544991927 6.377247777096394e-12 2.5315989528662142e-11 8.9480600000000017 0.62033825896409334 1994751062.3542502 0.33165482721696166 451358435.17525011 0.13393437674159395 0.12022426494452111 0.04238278955151685 0.018268197923674411
decision_type=8 8 10 10 10 10 10 10 10 8 10 10 10 8
left_child=1 2 -1 9 -3 6 10 -8 -9 -2 -5 12 -12 -7
right_child=3 4 -4 5 -6 13 7 8 -10 -11 11 -13 -14 -15
leaf_value=-0.00020316884629305844 -0.0035022839746977155 -7.3258665486051908e-05 0.0045420783286800196 -8.1047779242066596e-05 0.00064741373416038082 -0.0013333025871543214 -0.0020614383224358173 0.0028939310181390573 -0.0018968174173237963 -0.00049561044387284381 0.00026061953490725425 -0.00066726705430497049 0.0039814904864178971 0.0019816394440972042
leaf_weight=38 38 1295 49 14972 1362 32 211 47 45 1189 4840 517 40 144
leaf_count=38 38 1295 49 14972 1362 32 211 47 45 1189 4840 517 40 144
internal_value=-6.85569e-13 0.000365069 0.00246944 -4.53793e-05 0.000296164 -1.34009e-05 -2.5255e-05 -0.00126834 0.00055063 -0.000588727 -6.76353e-06 0.000199311 0.000291118 0.00137892
internal_weight=24819 2744 87 22075 2657 20848 20672 303 92 1227 20369 5397 4880 176
internal_count=24819 2744 87 22075 2657 20848 20672 303 92 1227 20369 5397 4880 176
is_linear=0
shrinkage=0.04


Tree=21
num_leaves=15
num_cat=0
split_feature=37 21 24 20 73 98 89 8 3 66 28 23 8 8
split_gain=0.250931 0.253886 0.274943 0.520068 0.35161 0.347734 0.252612 0.2555 0.235205 0.233923 0.31106 0.233684 0.230876 0.215064
threshold=-0.085195934554781458 0.039900760018642262 0.016409127298472919 0.040104193257402117 0.25932900484751048 0.39767441860465119 4.0667064319665581e-11 0.63720321042932648 0.035455146082919671 8.419357500000002 0.029432975668696428 0.021346647310125914 1.6416955164118081 0.85741649339892168
decision_type=8 10 8 10 10 8 10 10 10 10 10 10 8 10
left_child=-1 2 3 6 8 12 11 -8 -5 -7 -11 -2 -4 -3
right_child=1 13 5 4 -6 9 7 -9 -10 10 -12 -13 -14 -15
leaf_value=0.00030639960253010085 -0.00014433751960646961 0.0014569187676800367 -0.0010529337125960031 0.0035205903739611412 0.006049408776452765 -0.00024975130686031937 0.00020825786624656568 0.0030550083284284551 -2.448570176765516e-05 0.0059535558220176468 0.0005984847897896544 0.0013432059336120675 -0.0039639467000961307 -0.00075799915560260207
leaf_weight=3648 9592 306 395 49 32 5606 4630 51 77 21 100 172 49 91
leaf_count=3648 9592 306 395 49 32 5606 4630 51 77 21 100 172 49 91
internal_value=-8.82217e-13 -5.27961e-05 -7.1945e-05 2.26522e-05 0.00230509 -0.000295799 -2.31324e-06 0.000239274 0.00135415 -0.000212194 0.00152788 -0.000118133 -0.00137419 0.000949217
internal_weight=24819 21171 20774 14603 158 6171 14445 4681 126 5727 121 9764 444 397
internal_count=24819 21171 20774 14603 158 6171 14445 4681 126 5727 121 9764 444 397
is_linear=0
shrinkage=0.04


Tree=22
num_leaves=15
num_cat=0
split_feature=32 89 59 50 33 8 20 76 58 73 53 19 15 89
split_gain=0.235175 0.237141 0.229555 0.278369 0.230584 0.205006 0.358033 0.547714 0.249346 0.244696 0.221406 0.208424 0.23487 0.208395
threshold=-0.49165044351249471 3.196754665609701e-11 3884127340.9677505 -0.36121673003802279 0.0071227051586820753 1.345173129383656 0.042140805653981615 0.63438625670121906 7977678566.3937511 0.26670482443202764 0.76376342454085466 0.047942242854476291 0.070023026412375219 2.7630976785311609e-11
decision_type=8 10 10 10 10 10 10 10 10 8 10 10 10 10
left_child=2 5 3 -1 -4 6 9 8 10 11 -8 12 -2 -7
right_child=1 -3 4 -5 -6 13 7 -9 -10 -11 -12 -13 -14 -15
leaf_value=0.0010492598184804515 -7.9980541009671717e-05 0.00012290450941875681 0.0063982942984217696 -0.0010859441063786977 0.0014951476862392666 -0.0015953770099639592 0.00037597898318282206 0.0034653812516288658 0.0038383120361475216 -0.00058517982247695613 -0.0018918524698664746 -0.0015384927563737059 0.0035885105168979082 0.0025642710454052402
leaf_weight=368 10250 10599 21 133 57 234 844 97 31 1904 75 157 28 21
leaf_count=368 10250 10599 21 133 57 234 844 97 31 1904 75 157 28 21
internal_value=-8.62895e-14 -1.90299e-05 0.000796692 0.000482429 0.00281523 -0.000129312 -0.00010791 0.000602261 0.000309921 -0.00016817 0.0001909 -9.2081e-05 -6.99866e-05 -0.00125282
internal_weight=24819 24240 579 501 78 13641 13386 1047 950 12339 919 10435 10278 255
internal_count=24819 24240 579 501 78 13641 13386 1047 950 12339 919 10435 10278 255
is_linear=0
shrinkage=0.04


Tree=23
num_leaves=15
num_cat=0
split_feature=13 38 8 65 17 96 31 43 22 25 8 29 90 18
split_gain=0.233413 0.267368 0.302111 0.280118 0.387479 0.291426 0.272675 0.34834 0.26988 0.241867 0.275415 0.223374 0.196083 0.190694
threshold=0.099747111902982979 0.36608647061904748 0.81645641422033266 5.335325000000001 0.041654331703847296 0.62500000000000011 -0.12552192294281719 0.87301587301587313 0.032633995121900829 0.022574406234794082 0.90690135995103505 0.026420714550430234 1.2476287550278633e-11 0.045748663770760999
decision_type=10 8 8 8 8 10 10 10 10 10 10 8 10 10
left_child=1 2 8 4 -3 9 -4 -8 -1 13 -11 -6 -7 -5
right_child=-2 3 6 5 11 12 7 -9 -10 10 -12 -13 -14 -15
leaf_value=-3.9755715665606436e-05 0.00042604086849812458 -0.00038272248458275988 0.00022583514546415897 0.00078154108272513454 0.0010395151268069943 0.00053835115988146176 0.0010901373579149266 0.0049246114910428606 0.0017682920894419244 0.0048206652255683418 -0.00017561648521692523 -0.0021519103901094894 -0.0042302842891296828 -0.00075498394607363835
leaf_weight=19315 1900 1224 813 344 39 22 320 43 133 41 31 350 37 207
leaf_count=19315 1900 1224 813 344 39 22 320 43 133 41 31 350 37 207
internal_value=1.2005e-12 -3.53191e-05 1.02554e-05 -0.000444874 -0.000732226 0.000234743 0.000632828 0.00154436 -2.73909e-05 0.0004892 0.00266949 -0.00183195 -0.00245215 0.000204298
internal_weight=24819 22919 20624 2295 1613 682 1176 363 19448 623 72 389 59 551
internal_count=24819 22919 20624 2295 1613 682 1176 363 19448 623 72 389 59 551
is_linear=0
shrinkage=0.04


Tree=24
num_leaves=15
num_cat=0
split_feature=37 21 7 65 56 24 40 25 22 8 42 20 41 86
split_gain=0.224372 0.241862 0.237934 0.258611 0.2388 0.219192 0.443776 0.34513 0.231218 0.209367 0.201702 0.413643 0.195375 0.189809
threshold=-0.11050856245068762 0.039900760018642262 0.4903494358637312 6.8867350000000007 1077113323.0020006 0.017666083230908469 0.19318656586962316 0.023396510399269353 0.024770179505661471 0.90690135995103505 0.44932789310020677 0.041122738556826292 0.076962521478965332 0.0049878480845642675
decision_type=8 10 8 8 8 10 8 10 10 10 8 10 10 10
left_child=-1 2 -2 5 -5 6 -4 -7 -9 -3 11 -6 -12 -11
right_child=1 9 3 4 10 7 -8 8 -10 13 12 -13 -14 -15
leaf_value=0.00039435311739432355 -1.3929384440691222e-05 0.0013913060131909155 0.00011793227698470455 0.003655001319041758 -0.0010920450050478049 -0.0019128506842707249 -0.0018786098853774131 0.0020556049157098373 -0.0014876760220011839 -0.0023379765092753448 0.0001796305940298332 0.0032533884036894064 -0.0022085331319654476 0.0016163723915815355
leaf_weight=2112 20358 323 736 33 63 419 235 68 52 52 179 79 79 31
leaf_count=2112 20358 323 736 33 63 419 235 68 52 52 179 79 79 31
internal_value=4.68605e-13 -3.66792e-05 -5.42935e-05 -0.000477213 0.000384558 -0.00072433 -0.000365268 -0.00137117 0.000520183 0.000930849 0.000114747 0.00132548 -0.000551629 -0.000861051
internal_weight=24819 22707 22301 1943 433 1510 971 539 120 406 400 142 258 83
internal_count=24819 22707 22301 1943 433 1510 971 539 120 406 400 142 258 83
is_linear=0
shrinkage=0.04


Tree=25
num_leaves=15
num_cat=0
split_feature=34 89 18 32 19 56 20 88 55 47 31 59 20 57
split_gain=0.215879 0.194109 0.216165 0.198878 0.365571 0.277922 0.260453 0.457281 0.209106 0.235794 0.194792 0.194525 0.398421 0.194135
threshold=-0.048859308686653495 6.377247777096394e-12 1.0000000180025095e-35 -0.23145251364991745 0.039722629952890796 3484486919.3875003 0.035123788846199037 0.63002395342206019 712291132.31900012 -0.0041506081323862678 -0.27560386369831547 587197375.73750007 0.028019285233037528 333250272.54800004
decision_type=8 10 10 8 8 10 10 10 10 10 10 10 10 10
left_child=-1 -2 -3 5 6 8 11 -8 9 -4 -6 12 -5 -14
right_child=1 2 3 4 10 -7 7 -9 -10 -11 -12 -13 13 -15
leaf_value=0.00036460902873293851 -0.0005227679298705196 0.0016227822275399124 0.00020168542180733158 -4.4675835069781596e-05 -0.00043717133381494111 0.0013302396083620242 0.0056240542860967772 7.505268311581096e-05 -0.00011989520483563771 0.0021914160040869698 -0.0019067626431028151 -0.00037000743687634217 0.0043985907243830821 0.0011606634791501331
leaf_weight=2352 1249 129 5417 6238 310 286 35 74 5033 97 270 3101 35 193
leaf_count=2352 1249 129 5417 6238 310 286 35 74 5033 97 270 3101 35 193
internal_value=8.16265e-13 -3.81698e-05 -9.64385e-06 -1.96293e-05 -0.000145873 9.98904e-05 -8.74045e-05 0.00185684 6.65274e-05 0.000236688 -0.00112129 -0.000109556 1.53527e-05 0.00165771
internal_weight=24819 22467 21218 21089 10256 10833 9676 109 10547 5514 580 9567 6466 228
internal_count=24819 22467 21218 21089 10256 10833 9676 109 10547 5514 580 9567 6466 228
is_linear=0
shrinkage=0.04


Tree=26
num_leaves=15
num_cat=0
split_feature=39 73 32 23 89 64 8 86 75 39 51 58 90 5
split_gain=0.205919 0.319284 0.216516 0.272214 0.18671 0.1733 0.232383 0.175125 0.16958 0.169404 0.184752 0.219365 0.292603 0.202644
threshold=-0.048767610704899482 1.1798666135939688 -0.49165044351249471 0.023507349544991927 4.9670074814018985e-11 8.9480600000000017 1.345173129383656 -0.11144934571949698 -0.37030530012157342 0.22552628470212391 0.13393437674159395 7977678566.3937511 6.015443015559177e-12 -0.281468409217214
decision_type=10 8 8 10 10 10 10 10 8 10 10 8 10 10
left_child=2 5 3 -1 8 6 9 -8 -4 10 13 12 -12 -2
right_child=1 -3 4 -5 -6 -7 7 -9 -10 -11 11 -13 -14 -15
leaf_value=-0.00025888444684249787 -0.0025590851906476153 -0.0016016589287475933 0.00095378387057368306 0.0042522411419040696 0.0010106817597001307 0.0012565858267466565 -0.0049401506111025817 -0.00099685474870416868 -2.0926242768093811e-05 -0.0021645629885843247 -0.0011845854659576435 0.0029573230674076411 0.00021487779571867014 -8.148592083984285e-05
leaf_weight=38 53 208 332 49 442 167 20 182 2043 59 250 45 5454 15477
leaf_count=38 53 208 332 49 442 167 20 182 2043 59 250 45 5454 15477
internal_value=6.58426e-13 -4.19415e-05 0.000316511 0.00228186 0.000255813 -2.6996e-05 -3.69476e-05 -0.00138728 0.000115328 -2.41645e-05 -1.82298e-05 0.000175487 0.000153541 -8.99413e-05
internal_weight=24819 21915 2904 87 2817 21707 21540 202 2375 21338 21279 5749 5704 15530
internal_count=24819 21915 2904 87 2817 21707 21540 202 2375 21338 21279 5749 5704 15530
is_linear=0
shrinkage=0.04


Tree=27
num_leaves=15
num_cat=0
split_feature=37 21 24 20 73 98 3 89 8 22 51 66 28 39
split_gain=0.201492 0.198369 0.23591 0.442133 0.30654 0.288965 0.218903 0.209419 0.231149 0.221005 0.244405 0.1954 0.268941 0.189247
threshold=-0.085195934554781458 0.039900760018642262 0.016409127298472919 0.040104193257402117 0.25932900484751048 0.39767441860465119 0.035455146082919671 4.0667064319665581e-11 0.50055094928101385 0.019672913534564049 0.39547751726591002 8.419357500000002 0.029432975668696428 -0.048767610704899482
decision_type=8 10 8 10 10 8 10 10 10 10 10 10 10 10
left_child=-1 2 3 7 6 -4 -5 9 -9 10 -2 13 -13 -7
right_child=1 -3 5 4 -6 11 -8 8 -10 -11 -12 12 -14 -15
leaf_value=0.00027456148289645984 -0.00013516915030747302 0.00083839977431047694 -0.0012546448745850791 0.0033299787512657292 0.0056239839951740577 0.00031290704406650795 -9.0031614043302349e-05 0.00017987955919668739 0.002173287932221827 0.00061891662254540266 -0.0023027828497634755 0.0055101220087990874 0.00053078673146665103 -0.00032924660062118945
leaf_weight=3648 9049 397 444 49 32 869 77 4586 95 631 84 21 100 4737
leaf_count=3648 9049 397 444 49 32 869 77 4586 95 631 84 21 100 4737
internal_value=-8.45534e-14 -4.731e-05 -6.42363e-05 2.33891e-05 0.00212787 -0.000271592 0.00123997 3.70163e-07 0.000220335 -0.000105084 -0.000155106 -0.000195379 0.00139497 -0.000229705
internal_weight=24819 21171 20774 14603 158 6171 126 14445 4681 9764 9133 5727 121 5606
internal_count=24819 21171 20774 14603 158 6171 126 14445 4681 9764 9133 5727 121 5606
is_linear=0
shrinkage=0.04


Tree=28
num_leaves=15
num_cat=0
split_feature=32 90 50 17 55 80 61 32 8 44 22 85 19 23
split_gain=0.194793 0.206474 0.209243 0.195567 0.195561 0.292299 0.319629 0.204599 0.208629 0.189908 0.166464 0.212305 0.209121 0.163648
threshold=-0.49165044351249471 6.5442088584508364e-12 -0.35708081895745936 0.038889385226909337 778103391.18500006 0.048695652173913001 -1.0017747440245999 -0.19356850439633053 0.47966218037096781 0.90337189298935627 0.029329453127984833 -0.82443324901300208 0.024512450429301662 0.035097657890070293
decision_type=8 10 10 10 10 8 8 8 8 10 10 10 8 10
left_child=1 -1 -3 -4 5 7 -7 8 -2 -10 12 -12 -9 -6
right_child=4 2 3 -5 13 6 -8 10 9 -11 11 -13 -14 -15
leaf_value=0.0040146212215567455 8.0439256763927564e-05 0.001053552809695098 -0.0028323008616435085 0.00023403060955420267 -0.00014663058667936671 0.0043399109691381454 0.00052183850590044377 -4.6112303125928426e-05 0.00069737907167235114 0.0043986580941988073 0.00054644679459574708 0.0050145742571912708 -0.00059600714437658443 -0.0018799340971004728
leaf_weight=29 7699 389 47 114 9055 36 1375 3613 622 23 114 20 1595 88
leaf_count=29 7699 389 47 114 9055 36 1375 3613 622 23 114 20 1595 88
internal_value=5.95891e-13 0.000725073 0.000551624 -0.00066111 -1.73192e-05 7.10974e-05 0.000619252 1.45837e-05 0.000138332 0.000829363 -0.000178706 0.00121333 -0.000214523 -0.000163313
internal_weight=24819 579 550 161 24240 15097 1411 13686 8344 645 5342 134 5208 9143
internal_count=24819 579 550 161 24240 15097 1411 13686 8344 645 5342 134 5208 9143
is_linear=0
shrinkage=0.04


Tree=29
num_leaves=15
num_cat=0
split_feature=37 21 24 20 98 32 23 8 42 70 28 29 6 39
split_gain=0.182618 0.182804 0.213242 0.410805 0.266981 0.253889 0.24028 0.236197 0.278581 0.294738 0.25766 0.200126 0.191443 0.19692
threshold=-0.085195934554781458 0.039900760018642262 0.016409127298472919 0.041884758102677284 0.39767441860465119 -0.28188039461341352 0.021346647310125914 0.76811143588658248 -0.13673383869592884 2.0329421663761509 0.017377647365760147 0.023278647777320523 0.0047607655502391885 -0.01308052158782985
decision_type=8 10 8 10 8 10 10 8 10 10 10 10 10 10
left_child=-1 2 3 6 -4 -5 7 -2 -9 10 12 -7 -10 -14
right_child=1 -3 4 5 -6 11 -8 8 9 -11 -12 -13 13 -15
leaf_value=0.00026138623832334734 -5.9091853199000769e-05 0.00080521030190532159 -0.0012033495049517779 -0.00032081462908536198 -0.00018517324866348676 0.0072450784132594157 0.0013477879065986989 1.3754811682315409e-05 0.00027456731764013292 0.0040262548264180277 -0.00042911503165995064 0.0025160900629642934 -0.00091722491569817073 0.0033888025504775939
leaf_weight=3648 13322 397 444 32 5727 21 210 567 81 58 134 45 20 113
leaf_count=3648 13322 397 444 32 5727 21 210 567 81 58 134 45 20 113
internal_value=8.84318e-13 -4.50398e-05 -6.12884e-05 2.20207e-05 -0.00025843 0.00260311 4.58216e-06 -1.51501e-05 0.000586486 0.00138633 0.000946347 0.00402077 0.00180762 0.00274128
internal_weight=24819 21171 20774 14603 6171 98 14505 14295 973 406 348 66 214 133
internal_count=24819 21171 20774 14603 6171 98 14505 14295 973 406 348 66 214 133
is_linear=0
shrinkage=0.04


Tree=30
num_leaves=15
num_cat=0
split_feature=87 67 17 7 17 55 73 65 29 64 50 51 12 14
split_gain=0.183056 0.320704 0.367085 0.276137 0.271468 0.250525 0.233581 0.22415 0.245764 0.220892 0.215334 0.196467 0.196278 0.194238
threshold=0.06132293013985117 7.8638537500000005 0.036801731356686844 0.4903494358637312 0.03626704357822421 1153085091.7820003 0.30799679505644112 6.5419300000000016 0.026121331952967921 1.01417 -0.41298287392872929 0.13393437674159395 0.07759722855611291 0.28329000764254431
decision_type=10 8 10 8 10 10 8 8 8 10 8 10 10 8
left_child=6 3 -3 4 5 11 13 8 -8 -7 -6 12 -2 -1
right_child=1 2 -4 -5 10 9 7 -9 -10 -11 -12 -13 -14 -15
leaf_value=-4.3185826837498467e-05 4.4086488234996158e-06 0.00058396419076879895 0.0042469829877029306 -0.00065777017179551283 0.0026354254077439409 0.00065431739673672872 -0.00053403411564294928 0.00053462124904865127 -0.001973401237955559 -0.00049698198037249712 0.00048342348993517264 0.00051222844423786675 0.00096591388190273378 -0.0019760282140868228
leaf_weight=8609 7879 155 61 798 78 309 718 207 258 1945 1610 1753 355 84
leaf_count=8609 7879 155 61 798 78 309 718 207 258 1945 1610 1753 355 84
internal_value=1.97405e-13 8.83143e-05 0.00161843 6.58722e-05 0.00010733 4.17552e-05 -0.000133625 -0.000660953 -0.000914523 -0.000339151 0.000582864 0.000127723 4.58629e-05 -6.18628e-05
internal_weight=24819 14943 216 14727 13929 12241 9876 1183 976 2254 1688 9987 8234 8693
internal_count=24819 14943 216 14727 13929 12241 9876 1183 976 2254 1688 9987 8234 8693
is_linear=0
shrinkage=0.04


Tree=31
num_leaves=15
num_cat=0
split_feature=32 18 22 8 31 55 96 34 39 3 77 30 23 75
split_gain=0.174394 0.352816 0.25413 0.218103 0.46638 0.266724 0.243791 0.2188 0.203656 0.229345 0.337924 0.202094 0.405089 0.303965
threshold=-0.23145251364991745 0.041856409775202379 0.029329453127984833 0.19097510999575398 -0.11702793012441047 720304927.8640002 0.62500000000000011 -0.14107814792398335 -0.013877817017851289 0.14539638801621715 0.014751680448764517 -0.22210951233971729 0.022600576185036327 0.26009217649889166
decision_type=8 10 10 8 10 10 10 10 10 10 2 10 10 10
left_child=3 2 -2 5 6 -1 11 -7 -6 10 -10 -5 -13 -14
right_child=1 -3 -4 4 8 7 -8 -9 9 -11 -12 12 13 -15
leaf_value=0.00019473443070483707 -9.4113025151185671e-05 -0.0010933932665254385 0.0010976487524627981 -0.0006062254989582643 -0.0006148420833051205 0.0031112449045383162 -0.002767950769259848 -0.00026153476994637272 0.0015271351832803063 -0.00035344434203580025 0.0043928133520452061 9.9321756044585329e-05 0.001606275964437765 -0.00089340696812371956
leaf_weight=4947 10908 558 294 407 61 31 44 4231 253 63 89 2304 538 91
leaf_count=4947 10908 558 294 407 61 31 44 4231 253 63 89 2304 538 91
internal_value=-3.65946e-14 -0.000111734 -6.28349e-05 0.000100619 0.00035344 -5.07697e-06 0.000190068 -0.000237003 0.00153981 0.00186434 0.00227288 0.000229036 0.000344942 0.00124464
internal_weight=24819 11760 11202 13059 3850 9209 3384 4262 466 405 342 3340 2933 629
internal_count=24819 11760 11202 13059 3850 9209 3384 4262 466 405 342 3340 2933 629
is_linear=0
shrinkage=0.04


Tree=32
num_leaves=15
num_cat=0
split_feature=32 90 39 42 40 87 66 24 89 18 88 96 20 75
split_gain=0.175047 0.191418 0.195195 0.223834 0.27321 0.17768 0.273286 0.227778 0.225964 0.248775 0.214932 0.255013 0.212566 0.244664
threshold=-0.49165044351249471 6.5442088584508364e-12 0.0061095842191919445 -0.24820639660512958 -0.0069380860779398304 0.19300884326208265 8.419357500000002 0.024199139999827889 2.1136993916587854e-11 0.030898200170763949 1.7072642164178677 0.56309650053022275 0.042446525149602225 0.82129856410623636
decision_type=8 10 10 10 10 10 10 8 10 8 10 10 10 10
left_child=1 -1 3 4 -3 7 8 12 -7 -10 -11 -12 13 -2
right_child=5 2 -4 -5 -6 6 -8 -9 9 10 11 -13 -14 -15
leaf_value=0.0038546815867824802 -8.8889840704857369e-05 0.0010663995100185276 -0.00016002638843340842 0.00059015204164263025 0.0060693570731147643 -0.00018432640305491779 0.0046395383047915639 -0.00066866263452397252 7.5296254365924108e-05 0.00036994291037215771 0.0018830208230799495 -0.00082720027513690853 0.00085820802564836761 -0.0019455464757654978
leaf_weight=29 9071 40 303 176 31 3890 21 1155 7691 1529 325 67 376 115
leaf_count=29 9071 40 303 176 31 3890 21 1155 7691 1529 325 67 376 115
internal_value=4.91991e-13 0.000687341 0.000520336 0.00135495 0.00325079 -1.64179e-05 7.99901e-05 -0.000138068 7.28985e-05 0.000176998 0.000584176 0.00141979 -7.39773e-05 -0.000112133
internal_weight=24819 579 550 247 71 24240 13523 10717 13502 9612 1921 392 9562 9186
internal_count=24819 579 550 247 71 24240 13523 10717 13502 9612 1921 392 9562 9186
is_linear=0
shrinkage=0.04


Tree=33
num_leaves=15
num_cat=0
split_feature=34 58 32 8 86 20 31 39 88 51 58 7 40 31
split_gain=0.171734 0.151074 0.156986 0.146068 0.216376 0.199105 0.389075 0.228136 0.182756 0.147243 0.238261 0.233088 0.214673 0.193671
threshold=-0.048859308686653495 224415467.32586208 -0.51313769651899332 1.345173129383656 0.028516521187989769 0.043399579394124983 -0.1972117280726263 0.17351153946348877 0.55507179539474627 0.094457717177029679 7977678566.3937511 0.33089214890586977 0.027587842720146919 -0.067964074554762374
decision_type=8 8 8 10 10 10 10 10 10 10 8 8 8 10
left_child=1 -1 -3 5 -5 7 -7 9 -8 12 11 -11 -2 -13
right_child=3 2 -4 4 -6 6 8 -9 -10 10 -12 13 -14 -15
leaf_value=0.001932367071392946 -5.8537554649280584e-05 0.0025006819729294096 0.00021166905638094667 -0.0026702245893882566 -0.00010599412515552508 6.0649168678048317e-05 0.001706049300840385 -0.0013306801023504474 0.0057300478937104349 0.00018794945432348001 0.0023299129948703159 -0.00042903830372911247 -0.00057224707054820564 0.0020072539905258628
leaf_weight=90 11666 49 2213 83 144 554 186 219 20 6428 76 1572 1465 54
leaf_count=90 11666 49 2213 83 144 554 186 219 20 6428 76 1572 1465 54
internal_value=6.41759e-13 0.0003252 0.000261254 -3.40442e-05 -0.00104358 -2.374e-05 0.000612534 -4.62525e-05 0.00209673 -3.30222e-05 0.000100757 7.97222e-05 -0.000115851 -0.000348128
internal_weight=24819 2352 2262 22467 227 22240 760 21480 206 21261 8130 8054 13131 1626
internal_count=24819 2352 2262 22467 227 22240 760 21480 206 21261 8130 8054 13131 1626
is_linear=0
shrinkage=0.04


Tree=34
num_leaves=15
num_cat=0
split_feature=37 42 21 20 87 48 75 25 3 75 24 22 20 31
split_gain=0.165623 0.180262 0.207968 0.167389 0.151485 0.160369 0.172074 0.140601 0.199006 0.144761 0.140982 0.135985 0.265001 0.240445
threshold=-0.11050856245068762 1.0163623126726269 0.039900760018642262 0.046095859151524553 -0.71037957874619406 -0.076572116671126553 0.25448375545476692 0.0215280896647095 -0.051158953104612763 0.82129856410623636 0.024745480460906136 0.012194540792857441 0.035123788846199037 -0.1414759887705743
decision_type=8 10 10 10 10 8 8 10 10 10 10 10 8 10
left_child=-1 2 4 -3 7 6 -6 9 -9 10 -2 -7 -13 -14
right_child=1 3 -4 -5 5 11 -8 8 -10 -11 -12 12 13 -15
leaf_value=0.00033881402734040777 -0.00034999412657835989 0.0001171313716719548 0.00088793676536290747 -0.0039035475591348637 -4.1327990333812121e-05 0.00024530861854554493 -0.00052596165840145003 0.0034137791313011857 0.00012150038861700861 -0.0029113726901846965 -0.002945319348946214 -0.00041201823609658212 0.00030317241752548282 0.0028608628999052654
leaf_weight=2112 2228 30 392 37 10864 5474 1314 34 216 37 34 1499 481 67
leaf_count=2112 2228 30 392 37 10864 5474 1314 34 216 37 34 1499 481 67
internal_value=6.13328e-13 -3.15134e-05 -2.53824e-05 -0.00210324 -4.14747e-05 -3.92878e-06 -9.36197e-05 -0.000331634 0.00056925 -0.000429599 -0.000389004 0.000141299 -0.00013684 0.000615883
internal_weight=24819 22707 22640 67 22248 19699 12178 2549 250 2299 2262 7521 2047 548
internal_count=24819 22707 22640 67 22248 19699 12178 2549 250 2299 2262 7521 2047 548
is_linear=0
shrinkage=0.04


Tree=35
num_leaves=15
num_cat=0
split_feature=39 73 32 42 90 75 63 4 90 7 47 37 42 38
split_gain=0.159064 0.259331 0.162903 0.237651 0.154643 0.162055 0.160946 0.152903 0.17223 0.224067 0.148357 0.150396 0.146123 0.142757
threshold=-0.048767610704899482 1.1798666135939688 -0.49165044351249471 0.15878881559371397 4.7027112405365467e-11 -0.37030530012157342 0.41763565891472876 0.038343184502599 3.5881385481053394e-11 1.0413643792730969 -0.29434193097358147 -0.078254252718304315 -0.24820639660512958 0.10494628971365973
decision_type=10 8 8 10 10 8 8 10 8 8 10 10 8 8
left_child=2 7 3 -1 5 -4 -7 8 9 10 -2 -12 -13 -6
right_child=1 -3 4 -5 13 6 -8 -9 -10 -11 11 12 -14 -15
leaf_value=0.0032732725983101226 -0.0027913020689572603 -0.0014425360262752152 0.00097250155212405933 -0.0014042242825962603 0.0017048640879895076 -0.00034222760873195792 0.0003452333748802691 0.00012658174933944093 7.129414705447683e-05 -0.0024486500472092713 0.00013459899222137883 0.0026134021181081026 -0.00028225398932003371 -1.6664142701774837e-05
leaf_weight=63 35 208 311 24 201 1106 1074 7246 5753 71 1879 28 6695 125
leaf_count=63 35 208 311 24 201 1106 1074 7246 5753 71 1879 28 6695 125
internal_value=7.45985e-13 -3.68622e-05 0.00027818 0.00198293 0.000225531 0.000118316 -3.5427e-06 -2.33928e-05 -9.85408e-05 -0.000210743 -0.000192347 -0.000181772 -0.000270194 0.00104477
internal_weight=24819 21915 2904 87 2817 2491 2180 21707 14461 8708 8637 8602 6723 326
internal_count=24819 21915 2904 87 2817 2491 2180 21707 14461 8708 8637 8602 6723 326
is_linear=0
shrinkage=0.04


Tree=36
num_leaves=15
num_cat=0
split_feature=7 23 76 34 48 24 22 20 92 22 90 86 42 92
split_gain=0.150976 0.351143 0.363662 0.280886 0.231496 0.222558 0.269273 0.207581 0.293112 0.221894 0.205222 0.204955 0.20577 0.277655
threshold=0.31053267921698585 0.022925099546996747 0.07943824162669301 0.045282773702956199 -0.13351688122695385 0.021699563196841461 0.031099605125947383 0.043110700340535303 3.5000000000000004 0.033255039677825997 3.5881385481053394e-11 0.54088745324516707 0.27292465641532176 1.5000000000000002
decision_type=8 10 10 10 10 10 10 10 2 10 10 10 10 2
left_child=1 10 11 4 -4 6 -2 -7 9 -9 -1 12 -3 -14
right_child=5 2 3 -5 -6 7 -8 8 -10 -11 -12 -13 13 -15
leaf_value=-0.00010889460558351211 -0.00018549356745052028 -0.0002184792985717101 0.0013225799103160031 -0.00054784700503833375 0.0034116534244025215 -0.0014315046372236377 0.0011513252950133136 0.0024909452175382865 -0.00083314715837151578 -0.0020851530562642786 0.00015856220768427191 0.0032803184840389911 0.0036387463675961254 0.00045363770627845381
leaf_weight=11714 2893 779 260 84 126 422 263 88 282 21 7548 34 53 252
leaf_count=11714 2893 779 260 84 126 422 263 88 282 21 7548 34 53 252
internal_value=-8.37631e-13 4.30437e-05 0.000614752 0.00154834 0.00200451 -0.000226118 -7.4092e-05 -0.00081627 -0.000152257 0.00160931 -4.08908e-06 0.000222277 0.000126361 0.00100712
internal_weight=24819 20850 1588 470 386 3969 3156 813 391 109 19262 1118 1084 305
internal_count=24819 20850 1588 470 386 3969 3156 813 391 109 19262 1118 1084 305
is_linear=0
shrinkage=0.04


Tree=37
num_leaves=15
num_cat=0
split_feature=37 86 22 42 8 42 25 23 58 57 27 20 88 17
split_gain=0.151867 0.15923 0.30069 0.283379 0.255475 0.20488 0.194512 0.247904 0.263704 0.419824 0.387749 0.252084 0.254673 0.229663
threshold=-0.085195934554781458 0.015122970323331689 0.032102388849143841 0.56160434477951571 -0.36863043082133423 0.33165482721696166 0.011372188134621248 0.021046585221407229 2060897776.4588752 1787948732.6092503 0.030799617931173511 0.035123788846199037 -0.18390783261453575 0.042139205783762811
decision_type=8 10 10 10 10 8 8 10 8 10 10 10 10 10
left_child=-1 3 4 6 5 -3 -2 -8 9 11 -11 13 -13 -9
right_child=1 2 -4 -5 -6 -7 7 8 -10 10 -12 12 -14 -15
leaf_value=0.00023836516307764407 0.00028629162146896086 0.0013586490696413103 0.0015929725948864452 -0.0019844335977520261 -2.8034957766860134e-05 3.7622344620139297e-05 -0.00043462373662228658 -3.9466218313231985e-05 0.0010531639466447344 -0.00093437907832548406 -0.0055802274534576812 -0.0020011277616545807 0.0016522436451009051 -0.0028909657400101423
leaf_weight=3648 1234 394 195 140 13619 359 3878 470 402 118 38 35 239 50
leaf_count=3648 1234 394 195 140 13619 359 3878 470 402 118 38 35 239 50
internal_value=9.99943e-13 -4.1073e-05 3.27889e-05 -0.000203996 1.16202e-05 0.000728837 -0.000165435 -0.000272018 0.00019439 -0.000169006 -0.00206606 0.000203715 0.00118557 -0.000313649
internal_weight=24819 21171 14567 6604 14372 753 6464 5230 1352 950 156 794 274 520
internal_count=24819 21171 14567 6604 14372 753 6464 5230 1352 950 156 794 274 520
is_linear=0
shrinkage=0.04


Tree=38
num_leaves=15
num_cat=0
split_feature=34 75 44 38 38 37 30 5 28 96 58 88 20 41
split_gain=0.147578 0.202614 0.156652 0.282867 0.281295 0.150042 0.150771 0.138638 0.197742 0.13684 0.136541 0.134996 0.195917 0.197545
threshold=-0.048859308686653495 1.1565509054542753 0.66068458187063683 0.33235028628764612 -0.079818103782527502 -0.084000508246247593 -0.22210951233971729 -0.040544030600848817 0.017636353647751457 0.38611111111111118 224415467.32586208 2.4252349304996605 0.0279310545132384 0.12735656449378588
decision_type=10 8 8 10 8 8 10 8 10 8 8 10 10 10
left_child=10 2 3 5 -4 -2 -7 8 -6 -9 -1 -11 -13 -14
right_child=1 -3 4 -5 7 6 -8 9 -10 11 -12 12 13 -15
leaf_value=0.0018215772048473203 0.00019117649313581467 -0.0010209502356647747 0.0021252538378342119 -0.0024063338073236603 0.0004810348528392044 -0.0010698014054612353 -0.00011728859769355305 0.0011884421319031725 0.0041419802249583878 -3.16774598967889e-05 0.00023464516842918077 0.00026930347641623218 0.0028857994738759269 -0.0010725463715453561
leaf_weight=90 2698 327 112 84 90 272 11830 174 32 5504 2402 1088 90 26
leaf_count=90 2698 327 112 84 90 272 11830 174 32 5504 2402 1088 90 26
internal_value=6.61034e-13 -3.25865e-05 -1.78959e-05 -9.1699e-05 0.000136473 -7.85619e-05 -0.000138697 0.00010467 0.00144128 8.09756e-05 0.000291958 5.22488e-05 0.000435912 0.00199858
internal_weight=24819 22327 22000 14884 7116 14800 12102 7004 122 6882 2492 6708 1204 116
internal_count=24819 22327 22000 14884 7116 14800 12102 7004 122 6882 2492 6708 1204 116
is_linear=0
shrinkage=0.04


Tree=39
num_leaves=15
num_cat=0
split_feature=32 18 17 59 8 31 55 96 34 39 35 65 87 43
split_gain=0.139418 0.288649 0.208554 0.426595 0.19343 0.412149 0.243546 0.215511 0.188616 0.185453 0.216207 0.244711 0.17603 0.209268
threshold=-0.23145251364991745 0.041856409775202379 0.036801731356686844 2932682446.543417 0.19097510999575398 -0.11702793012441047 720304927.8640002 0.62500000000000011 -0.14107814792398335 -0.013877817017851289 0.29128893868698441 6.5419300000000016 1.9260872751632239 0.68696565582754865
decision_type=8 10 10 8 8 10 10 10 10 10 10 10 10 10
left_child=4 2 -2 12 6 7 -1 -6 -8 -7 11 -11 -4 -14
right_child=1 -3 3 -5 5 9 8 -9 -10 10 -12 -13 13 -15
leaf_value=0.0001813595546564523 -9.9239594841382764e-05 -0.00098781915025054944 0.00013400166383646789 0.0039069307556953928 0.00021111440080172098 -0.00061278568825027982 0.0028775408861017033 -0.0026066890555772595 -0.00025397004280519478 0.0017265047945685195 -0.0018501938693225384 0.0058995009120553733 0.0055092236759479753 -0.00014417907595634462
leaf_weight=4947 10531 558 571 58 3340 61 31 44 4231 356 25 24 22 20
leaf_count=4947 10531 558 571 58 3340 61 31 44 4231 356 25 24 22 20
internal_value=-6.99631e-13 -9.9903e-05 -5.56736e-05 0.000628072 8.99655e-05 0.000328056 -9.573e-06 0.000174476 -0.000231193 0.00144332 0.00175301 0.00199006 0.000317837 0.00281713
internal_weight=24819 11760 11202 671 13059 3850 9209 3384 4262 466 405 380 613 42
internal_count=24819 11760 11202 671 13059 3850 9209 3384 4262 466 405 380 613 42
is_linear=0
shrinkage=0.04


Tree=40
num_leaves=15
num_cat=0
split_feature=87 66 73 65 19 37 17 18 66 7 42 89 1 70
split_gain=0.138001 0.240728 0.18529 0.20775 0.189151 0.171949 0.218013 0.204493 0.248056 0.198784 0.186467 0.174917 0.190671 0.212261
threshold=0.06132293013985117 8.419357500000002 0.30799679505644112 6.5419300000000016 0.034951437896377911 -0.084000508246247593 0.034833185207787436 0.045208215541855591 4.2538300000000016 0.4903494358637312 -0.27758575555479276 2.1136993916587854e-11 0.09952844774273352 2.799692260195402
decision_type=10 10 8 8 8 10 10 10 10 8 8 10 10 10
left_child=2 5 -1 4 -4 6 -2 8 -8 10 -7 12 -12 -14
right_child=1 -3 3 -5 -6 9 7 -9 -10 -11 11 -13 13 -15
leaf_value=-5.2106207713323272e-05 0.00020989786701436984 0.0036562109578129214 -0.00045078838178891454 0.00056532047051629326 -0.0016479353550052035 0.003564324962596099 0.0012820899176259701 -0.00058640349273204428 0.0047662173423009954 -0.00077588262937779574 -0.00023973296174470312 0.00013367062480630924 8.5088477593244001e-05 0.0050604981953359177
leaf_weight=8693 2026 30 667 207 309 24 281 79 37 495 3462 8452 34 23
leaf_count=8693 2026 30 667 207 309 24 281 79 37 495 3462 8452 34 23
internal_value=3.98356e-13 7.66798e-05 -0.000116021 -0.000585686 -0.000829803 6.94789e-05 0.000377856 0.00123499 0.00168748 9.65532e-06 4.20723e-05 3.50107e-05 -0.000201953 0.00209271
internal_weight=24819 14943 9876 1183 976 14913 2423 397 318 12490 11995 11971 3519 57
internal_count=24819 14943 9876 1183 976 14913 2423 397 318 12490 11995 11971 3519 57
is_linear=0
shrinkage=0.04


Tree=41
num_leaves=15
num_cat=0
split_feature=1 78 5 4 65 37 7 95 42 29 18 68 41 18
split_gain=0.135466 0.152853 0.147465 0.207755 0.130168 0.127261 0.197321 0.203627 0.139365 0.154916 0.140475 0.127483 0.254845 0.198933
threshold=-0.093160985810497962 -0.028235667189430932 -0.281468409217214 -0.096191506808089897 5.4748300000000016 -0.11050856245068762 1.3045520490896079 0.44722222222222224 0.35715399840665668 0.027433894665592224 0.016726908681903557 6.2272950000000007 0.25008142062096811 0.055175737512810998
decision_type=10 10 10 10 10 10 8 10 10 10 10 10 10 10
left_child=-1 -2 3 -3 -5 8 11 -8 10 -10 -4 -7 -13 -14
right_child=1 2 5 4 -6 6 7 -9 9 -11 -12 12 13 -15
leaf_value=0.00080379572628928343 -0.00068537501235213223 -7.149821782061941e-05 0.0011708208008905944 -0.002502897631105346 0.000910765351228682 -1.0611778650181898e-05 0.00053056560668654821 -0.0017747620128149516 0.0043014106625092344 0.00075064700379064587 0.00012602518533407438 0.00011309224791903661 0.004296033107861876 -0.00034322111806388766
leaf_weight=331 526 248 230 120 21 20738 89 197 28 66 1965 189 50 21
leaf_count=331 526 248 230 120 21 20738 89 197 28 66 1965 189 50 21
internal_value=2.13886e-13 -1.08648e-05 3.94169e-06 -0.000768517 -0.00199448 1.66888e-05 -1.379e-05 -0.00105737 0.000300092 0.00180832 0.000235503 4.23916e-07 0.000880648 0.00292386
internal_weight=24819 24488 23962 389 141 23573 21284 286 2289 94 2195 20998 260 71
internal_count=24819 24488 23962 389 141 23573 21284 286 2289 94 2195 20998 260 71
is_linear=0
shrinkage=0.04


Tree=42
num_leaves=15
num_cat=0
split_feature=8 58 89 20 76 39 30 88 7 23 29 90 86 42
split_gain=0.131335 0.267379 0.210144 0.149358 0.375584 0.22778 0.159089 0.217621 0.190893 0.158906 0.172883 0.156032 0.194351 0.18125
threshold=1.345173129383656 7977678566.3937511 2.8607247786460497e-11 0.043399579394124983 0.63438625670121906 0.12022426494452111 -0.20952112268249998 0.63002395342206019 -0.29406892247805866 0.020249336396462977 0.024477697562938942 3.5881385481053394e-11 -0.14488605191197274 -0.095133907921017821
decision_type=10 10 10 10 10 10 10 10 10 10 10 10 10 8
left_child=1 3 -2 5 6 11 -5 8 -8 -10 -11 -1 -13 -14
right_child=2 -3 -4 4 -6 -7 7 -9 9 10 -12 12 13 -15
leaf_value=-7.5267425061790571e-05 -0.0012474186720801946 0.0036076349765062333 0.0026789533096598464 -0.00064286729559803063 0.002923562149567854 -0.00078073771585454468 0.0040824932164766573 0.004388067529577276 -0.00050404336342277627 0.0041100581688806419 0.00059126643006237169 -0.00019031312655134959 0.00079391929105101329 0.00016729687987738069
leaf_weight=14424 239 33 24 239 92 606 22 23 240 24 323 2131 852 5547
leaf_count=14424 239 33 24 239 92 606 22 23 240 24 323 2131 852 5547
internal_value=6.40699e-13 9.52265e-06 -0.000889119 4.68076e-06 0.000492952 -1.5277e-05 0.000236217 0.000568656 0.000424409 0.000287308 0.000834641 4.93162e-06 0.000140546 0.000250729
internal_weight=24819 24556 263 24523 963 23560 871 632 609 587 347 22954 8530 6399
internal_count=24819 24556 263 24523 963 23560 871 632 609 587 347 22954 8530 6399
is_linear=0
shrinkage=0.04


Tree=43
num_leaves=15
num_cat=0
split_feature=34 78 13 40 37 7 42 58 30 22 30 73 87 42
split_gain=0.130886 0.140676 0.134411 0.278213 0.145189 0.221203 0.155215 0.147874 0.140764 0.145327 0.135941 0.154231 0.177648 0.172425
threshold=-0.067760686380386834 -0.026655932215187191 -0.040495166384087448 0.24111763117589671 -0.085195934554781458 1.3045520490896079 -0.24820639660512958 1012930016.2278751 -0.060863035022086669 0.01324901360049476 -0.22210951233971729 0.15314519357067982 -1.0000000180025095e-35 0.33165482721696166
decision_type=8 8 10 8 10 8 8 10 10 10 8 8 8 10
left_child=-1 -2 10 4 -4 6 -6 8 -8 -10 -3 -12 -13 -14
right_child=1 2 3 -5 5 -7 7 -9 9 -11 11 12 13 -15
leaf_value=0.00041187167199935169 -0.00065271996636874973 -0.0012018198590968273 0.00019192865165523965 -0.0021124233616480852 0.0023023943005259649 -0.0015980411015508432 8.3720711366501977e-05 -0.00034839563280115191 -0.00018188775310721742 -0.0014726845124435023 0.00035846780078071209 -0.0004760727273998428 9.6300482505373448e-05 0.0020167699390372211
leaf_weight=1176 550 119 3045 106 43 159 6261 3031 3162 146 3338 987 2619 77
leaf_count=1176 550 119 3045 106 43 159 6261 3031 3162 146 3338 987 2619 77
internal_value=4.84341e-13 -2.04864e-05 -5.42871e-06 -6.99889e-05 -5.63271e-05 -0.000115376 -9.67294e-05 -0.000104917 -2.77945e-05 -0.000238858 0.000138819 0.000161542 -1.69377e-05 0.000151151
internal_weight=24819 23643 23093 15953 15847 12802 12643 12600 9569 3308 7140 7021 3683 2696
internal_count=24819 23643 23093 15953 15847 12802 12643 12600 9569 3308 7140 7021 3683 2696
is_linear=0
shrinkage=0.04


Tree=44
num_leaves=15
num_cat=0
split_feature=39 75 13 32 42 40 55 96 29 7 27 22 90 75
split_gain=0.124343 0.191994 0.144079 0.139024 0.214033 0.136893 0.162189 0.142403 0.219259 0.215043 0.136152 0.134444 0.13151 0.15177
threshold=-0.048767610704899482 1.1565509054542753 -0.047260550108156545 -0.49165044351249471 0.15878881559371397 0.1154283874282669 647325148.32900012 0.38611111111111118 0.021215694832217382 0.68768815997485011 0.016735928776784047 0.032633995121900829 4.7027112405365467e-11 -0.37030530012157342
decision_type=10 8 10 8 10 10 10 10 10 8 10 10 10 8
left_child=3 2 -2 4 -1 6 -4 8 -8 -9 -11 -7 13 -5
right_child=1 -3 5 12 -6 11 7 9 -10 10 -12 -13 -14 -15
leaf_value=0.0030453586622717832 0.00014249702800935037 -0.0010308277353760786 -8.6647033163700229e-06 0.00092507920564463737 -0.0013936346683961652 0.00048142911191701338 0.00019835256729701549 -0.00030160075117507897 0.0038084454367247724 -0.0042877032178820981 -0.0011329048806085036 0.0032735737477008614 0.00095279665070557699 -1.948405227342454e-05
leaf_weight=63 6298 304 10050 311 24 251 262 4591 30 33 65 31 326 2180
leaf_count=63 6298 304 10050 311 24 251 262 4591 30 33 65 31 326 2180
internal_value=4.13357e-13 -3.25917e-05 -1.85496e-05 0.000245953 0.00182081 -8.47855e-05 -0.000101167 -0.000287806 0.000569253 -0.000341178 -0.00219523 0.000788367 0.000197315 9.84442e-05
internal_weight=24819 21915 21611 2904 87 15313 15031 4981 292 4689 98 282 2817 2491
internal_count=24819 21915 21611 2904 87 15313 15031 4981 292 4689 98 282 2817 2491
is_linear=0
shrinkage=0.04


Tree=45
num_leaves=15
num_cat=0
split_feature=75 90 85 8 50 29 8 58 13 34 30 20 31 6
split_gain=0.123901 0.182276 0.226494 0.264266 0.166236 0.163584 0.160057 0.233813 0.174979 0.173916 0.158989 0.157178 0.240532 0.188224
threshold=0.25448375545476692 4.8571232111993431e-11 1.1452662148055406 0.27351929874486564 -0.39061423220973779 0.028618145448667823 1.345173129383656 7977678566.3937511 -0.047260550108156545 -0.048859308686653495 -0.22210951233971729 0.043399579394124983 -0.196805239328989 0.4952013121048105
decision_type=8 10 10 10 8 10 10 10 10 10 10 10 10 10
left_child=6 4 5 -4 -2 -3 7 8 10 -10 -1 -6 -13 -14
right_child=1 2 3 -5 11 -7 -8 -9 9 -11 -12 12 13 -15
leaf_value=-0.0013318990808553423 0.0015702728653958146 4.3730181389597356e-05 0.00059980155618349321 0.0036248159578535707 -0.00041304371141552744 -0.0033054228685796263 -0.001041793028910666 0.0034718915593111889 0.00033276517707711567 -5.3312315272191051e-05 0.00036372393966526659 -0.00038006877124944073 0.0059381240961097542 0.0012194267069112119
leaf_weight=91 73 841 201 60 3443 24 215 32 2146 14352 3191 91 21 38
leaf_count=91 73 841 201 60 3443 24 215 32 2146 14352 3191 91 21 38
internal_value=5.01692e-13 -0.000182707 0.00026243 0.00129521 -0.000319429 -4.91943e-05 4.37175e-05 5.54975e-05 4.99705e-05 -3.09276e-06 0.000316709 -0.000357823 0.000909684 0.00289896
internal_weight=24819 4792 1126 261 3666 865 20027 19812 19780 16498 3282 3593 150 59
internal_count=24819 4792 1126 261 3666 865 20027 19812 19780 16498 3282 3593 150 59
is_linear=0
shrinkage=0.04


Tree=46
num_leaves=15
num_cat=0
split_feature=7 23 76 35 64 24 22 38 86 42 92 25 32 20
split_gain=0.118937 0.287602 0.321058 0.256758 0.229727 0.187465 0.20302 0.180359 0.178513 0.184613 0.250118 0.386916 0.189221 0.177879
threshold=0.31053267921698585 0.022925099546996747 0.07943824162669301 0.1106995771368109 5.4017100000000013 0.021699563196841461 0.031099605125947383 0.54423041803951544 0.54088745324516707 0.27292465641532176 1.5000000000000002 0.023215536712613925 -0.49165044351249471 0.043110700340535303
decision_type=8 10 10 10 10 10 10 10 10 10 2 10 8 10
left_child=1 -1 8 4 -4 6 -2 -8 9 12 11 -11 -3 -7
right_child=5 2 3 -5 -6 13 7 -9 -10 10 -12 -13 -14 -15
leaf_value=-4.4513454310438562e-06 -0.00015790011019458955 0.0018197216908094672 0.0013479599595099074 -0.0011092154674094802 0.0038476729143778203 -0.0013118469275002285 0.00065592287952681604 0.0041654253235230074 0.0030408031142809813 0.0078193761967122553 0.00040625457711968688 0.00076864142535310812 -0.0004189808498789637 -0.0001276520690794372
leaf_weight=19262 2893 66 343 56 71 422 237 26 34 20 252 33 713 391
leaf_count=19262 2893 66 343 56 71 422 237 26 34 20 252 33 713 391
internal_value=-1.31483e-13 3.82044e-05 0.000555607 0.00143281 0.00177665 -0.000200696 -6.11693e-05 0.00100287 0.000186838 9.73221e-05 0.00093157 0.0034293 -0.000229309 -0.000742326
internal_weight=24819 20850 1588 470 414 3969 3156 263 1118 1084 305 53 779 813
internal_count=24819 20850 1588 470 414 3969 3156 263 1118 1084 305 53 779 813
is_linear=0
shrinkage=0.04


Tree=47
num_leaves=15
num_cat=0
split_feature=87 66 94 45 58 18 88 31 67 55 24 3 73 65
split_gain=0.117166 0.221468 0.170815 0.191396 0.176593 0.291351 0.230181 0.22174 0.213219 0.182931 0.18262 0.173267 0.1492 0.162397
threshold=0.19300884326208265 8.419357500000002 2.5000000000000004 0.22846282749200267 978795309.57975018 0.030898200170763949 2.0026142891632714 -0.15148485203472109 4.0231350000000008 505208859.57000011 0.015661762560772802 -0.078887517653099024 0.31413706475814368 6.8867350000000007
decision_type=10 10 2 10 10 8 10 10 10 10 10 10 8 8
left_child=12 2 4 -4 5 8 -7 9 11 -8 -11 -2 -1 -14
right_child=1 -3 3 -5 -6 6 7 -9 -10 10 -12 -13 13 -15
leaf_value=-4.4739856733303346e-05 0.0010038793048173652 0.0041824311969269603 0.003871269922300771 0.00062653964522349493 -0.00019194481997389363 0.00041191276719227359 0.0057024600258510976 0.00049907883851836522 0.004076424369677192 0.0038327391599132505 0.00075553834490064118 7.6471740230938052e-06 -0.00071406943453983739 0.00051562070570495069
leaf_weight=9798 289 21 37 136 3442 1197 27 137 21 54 72 8346 1036 206
leaf_count=9798 289 21 37 136 3442 1197 27 137 21 54 72 8346 1036 206
internal_value=1.2911e-13 7.77937e-05 7.15284e-05 0.0013205 5.56232e-05 0.000139635 0.000656871 0.00166795 5.07797e-05 0.0027146 0.00207434 4.09895e-05 -9.70941e-05 -0.000510111
internal_weight=24819 13779 13758 173 13585 10143 1487 290 8656 153 126 8635 11040 1242
internal_count=24819 13779 13758 173 13585 10143 1487 290 8656 153 126 8635 11040 1242
is_linear=0
shrinkage=0.04


Tree=48
num_leaves=15
num_cat=0
split_feature=1 78 96 15 5 4 51 58 86 57 4 40 37 42
split_gain=0.112331 0.129788 0.120203 0.12493 0.119175 0.172135 0.112373 0.112279 0.153619 0.126838 0.124943 0.110601 0.107307 0.120392
threshold=-0.093160985810497962 -0.028235667189430932 0.45049019607843144 0.051797326400068643 -0.281468409217214 -0.096191506808089897 0.091397849462365635 7977678566.3937511 0.06059319900547594 846231535.76025021 0.12016975433124501 0.061993273701292602 -0.11050856245068762 0.2025913185268399
decision_type=10 10 8 8 10 10 10 8 8 10 10 10 8 10
left_child=2 -2 -1 11 5 -3 -7 12 -9 -10 -11 -4 13 -6
right_child=1 4 3 -5 7 6 -8 8 9 10 -12 -13 -14 -15
leaf_value=0.0026787338913841678 -0.00063143405043024283 -5.6212726050298737e-05 0.00020068805611189752 0.0013506160863549807 0.0001644100842598977 -0.0022789882800910467 0.00089277392086972078 -0.0012291227176021307 0.00042393867498939885 0.0038953727558255196 0.00027806159108877181 -0.002466313681685396 -1.8199183278168432e-05 0.0010683648935963653
leaf_weight=44 526 248 126 130 1651 120 21 39 73 50 22 31 21463 275
leaf_count=44 526 248 126 130 1651 120 21 39 73 50 22 31 21463 275
internal_value=-9.6219e-15 -9.89364e-06 0.00073195 0.000433488 3.75006e-06 -0.000690671 -0.0018066 1.52094e-05 0.000999444 0.00159885 0.00279008 -0.000325917 7.46643e-06 0.000293479
internal_weight=24819 24488 331 287 23962 389 141 23573 184 145 72 157 23389 1926
internal_count=24819 24488 331 287 23962 389 141 23573 184 145 72 157 23389 1926
is_linear=0
shrinkage=0.04


Tree=49
num_leaves=15
num_cat=0
split_feature=7 23 40 66 55 96 24 89 93 43 30 44 87 6
split_gain=0.108919 0.255055 0.306999 0.25881 0.185312 0.195793 0.173834 0.184416 0.195829 0.172051 0.169453 0.193115 0.189622 0.247642
threshold=0.31053267921698585 0.022925099546996747 -0.0091005197344699012 4.5343425000000002 858118855.92900014 0.43235294117647066 0.021699563196841461 1.3675348738185278e-11 1.0000000180025095e-35 0.79768786127167624 -0.095687398097615547 0.83484688979162713 -1.0201204115063232 0.25406198463282198
decision_type=8 10 10 10 10 10 10 8 2 10 10 10 10 10
left_child=1 -1 4 -4 5 -3 7 8 -2 -5 12 -12 13 -8
right_child=6 2 3 9 -6 -7 10 -9 -10 -11 11 -13 -14 -15
leaf_value=-3.6096755849657106e-06 0.00039453989094599852 0.0046076577992644162 0.00076163274156883936 0.0033743615700320031 -0.00034234612406980157 0.00055637145399561026 -0.0020361522874673423 -0.00020416513360131195 0.0034392228276313593 -0.00010780362445595009 0.0037304034617929058 -0.00048293150961399079 -0.001088555000861832 0.0032225878575914786
leaf_weight=19262 553 20 406 120 596 418 23 2567 36 28 28 46 678 38
leaf_count=19262 553 20 406 120 596 418 23 2567 36 28 28 46 678 38
internal_value=7.69649e-13 3.656e-05 0.000523807 0.00128362 0.00011671 0.000741362 -0.000192058 -5.76994e-05 0.000580633 0.00271557 -0.000713625 0.0011113 -0.000896365 0.00123978
internal_weight=24819 20850 1588 554 1034 438 3969 3156 589 148 813 74 739 61
internal_count=24819 20850 1588 554 1034 438 3969 3156 589 148 813 74 739 61
is_linear=0
shrinkage=0.04


Tree=50
num_leaves=15
num_cat=0
split_feature=75 85 8 90 23 56 67 29 75 8 58 13 30 34
split_gain=0.107038 0.167118 0.238169 0.265488 0.236283 0.195606 0.144941 0.221547 0.152425 0.141106 0.191876 0.161264 0.152285 0.151606
threshold=0.25448375545476692 0.88783909281301077 0.19097510999575398 4.9120731780932534e-11 0.012955314610689011 1349919798.8690002 3.8995150000000005 0.027695684508746998 0.3878273030152341 1.345173129383656 7977678566.3937511 -0.045316611201261618 -0.22210951233971729 -0.048859308686653495
decision_type=8 10 10 10 10 10 10 10 10 10 10 10 10 10
left_child=9 6 -3 4 -4 -6 7 -2 -8 10 11 12 -1 -13
right_child=1 2 3 -5 5 -7 8 -9 -10 -11 -12 13 -14 -15
leaf_value=-0.0013004381927631556 -0.00033714358786135446 -0.00014066130308961717 -0.0003139179641617212 0.0025465978027568782 0.00056067291666598369 0.0054636982674507997 -0.00046385709321160009 -0.0022785811389306773 0.0011649606057252844 -0.00097859087684949828 0.0031465778447454795 0.00030791842051010532 0.00034059909338896168 -5.2931396719095344e-05
leaf_weight=93 3088 853 201 128 30 23 166 97 206 215 32 2144 3336 14207
leaf_count=93 3088 853 201 128 30 23 166 97 206 215 32 2144 3336 14207
internal_value=7.29269e-13 -0.000169819 0.000231067 0.00106113 0.00031255 0.0026884 -0.000309008 -0.000396271 0.000438123 4.06337e-05 5.16944e-05 4.66875e-05 0.000296092 -5.61551e-06
internal_weight=24819 4792 1235 382 254 53 3557 3185 372 20027 19812 19780 3429 16351
internal_count=24819 4792 1235 382 254 53 3557 3185 372 20027 19812 19780 3429 16351
is_linear=0
shrinkage=0.04


Tree=51
num_leaves=15
num_cat=0
split_feature=87 66 19 18 96 66 57 8 42 69 77 65 75 36
split_gain=0.105046 0.209138 0.14479 0.28026 0.145612 0.168652 0.261415 0.139459 0.318111 0.154926 0.165214 0.145136 0.176354 0.140458
threshold=0.06132293013985117 8.419357500000002 0.047942242854476291 0.051088597695001507 0.60232558139534886 3.0310180769230772 920005679.84500015 1.6416955164118081 -0.11530355000648172 0.90797192848019359 0.017520075276577399 6.5419300000000016 0.45049851526108314 0.18887804799810928
decision_type=10 10 8 10 10 8 8 8 10 10 2 10 10 10
left_child=2 -2 3 7 5 -4 -7 11 -9 -10 -11 12 -1 -13
right_child=1 -3 4 -5 -6 6 -8 8 9 10 -12 13 -14 -15
leaf_value=-9.6048353339277975e-05 6.0188730282816418e-05 0.0034033144341471294 -0.0018908267455948848 0.0027696478794262346 -0.0024444474921291393 0.0034956418445076919 -0.00037493323547402226 4.2075617886747829e-05 0.0012028487847419455 0.0016469181664288044 0.0062932076646635927 0.0030724671874734822 -0.00089183057954017651 0.00039220563478231657
leaf_weight=7429 14913 30 112 56 62 29 749 637 106 25 24 41 474 132
leaf_count=7429 14913 30 112 56 62 29 749 637 106 25 24 41 474 132
internal_value=-2.50241e-13 6.69005e-05 -0.000101225 -5.12006e-05 -0.000570147 -0.000439578 -0.000230657 -6.90138e-05 0.000437518 0.00206266 0.00392265 -0.000118689 -0.000143777 0.00102741
internal_weight=24819 14943 9876 8924 952 890 778 8868 792 155 49 8076 7903 173
internal_count=24819 14943 9876 8924 952 890 778 8868 792 155 49 8076 7903 173
is_linear=0
shrinkage=0.04


Tree=52
num_leaves=15
num_cat=0
split_feature=32 59 50 33 23 74 24 56 50 4 40 65 58 22
split_gain=0.104156 0.16616 0.203078 0.181373 0.143539 0.128548 0.128187 0.156537 0.123868 0.119257 0.20758 0.154025 0.119269 0.209827
threshold=-0.49165044351249471 3884127340.9677505 -0.36121673003802279 0.0077016564382464967 0.035097657890070293 0.51047534645152115 0.022992922328642914 1505297933.6110003 -0.48860620138333605 -0.094046189105418385 -0.17567071735406123 5.335325000000001 3660120226.53725 0.032633995121900829
decision_type=8 10 10 10 10 10 10 10 8 10 10 10 10 10
left_child=1 2 5 -3 8 -1 7 -4 -2 -10 11 -11 13 -12
right_child=4 3 6 -5 -6 -7 -8 -9 9 10 12 -13 -14 -15
leaf_value=0.00056305948124530183 -0.0028790140171380089 0.0053249188241633509 0.00051134697762468171 0.0010385586712176778 -0.001625216661857187 0.0037859187080037026 0.00096165049564054541 -0.00293454784860263 0.0002772462952702653 -0.0021286942497669263 -1.5760959290013939e-05 0.0016674195422965569 -0.00050255809342687296 0.0013596205762262305
leaf_weight=347 24 22 31 56 88 21 36 66 2194 118 20820 20 797 179
leaf_count=347 24 22 31 56 88 21 36 66 2194 118 20820 20 797 179
internal_value=-9.95821e-14 0.000530198 0.000262828 0.00224753 -1.26644e-05 0.000746973 -0.00107676 -0.00183328 -6.78889e-06 -3.93191e-06 -3.20574e-05 -0.00157853 -2.2266e-05 -4.03691e-06
internal_weight=24819 579 501 78 24240 368 133 97 24152 24128 21934 138 21796 20999
internal_count=24819 579 501 78 24240 368 133 97 24152 24128 21934 138 21796 20999
is_linear=0
shrinkage=0.04


Tree=53
num_leaves=15
num_cat=0
split_feature=89 32 55 32 8 54 39 57 31 65 46 32 24 54
split_gain=0.10209 0.15064 0.158948 0.198177 0.203424 0.15257 0.13576 0.162721 0.12455 0.124453 0.115523 0.123105 0.18494 0.114346
threshold=4.6104734021832399e-11 -0.18894841624910516 1042166616.6850001 -0.18986872119647144 0.52535853326940141 0.9943834493845588 -0.08850683741903663 408198294.21225005 -0.053921892552699351 1.8338850000000002 0.83418151524569251 -0.19733069148225654 0.013301644016854344 0.54648606768171581
decision_type=10 8 10 10 10 10 10 10 10 10 10 10 10 10
left_child=-1 2 3 4 8 -6 7 -3 10 13 11 -2 -13 -8
right_child=1 6 -4 -5 5 -7 9 -9 -10 -11 -12 12 -14 -15
leaf_value=-4.3316510006911719e-05 0.00027224633469219591 0.00048701894628660136 -0.0011616050380239772 0.0038633745346361627 0.0055030570729147823 0.00091903507261751932 -8.0182690313951508e-05 0.0046531871845945719 0.0028371586464345454 -0.00096967651887432853 -0.00096002600008719859 0.00087365599003854863 0.0048059706322171472 0.002294021482071416
leaf_weight=19313 2663 60 110 26 21 26 1972 20 31 261 114 147 22 33
leaf_count=19313 2663 60 110 26 21 26 1972 20 31 261 114 147 22 33
internal_value=6.76301e-13 0.000151938 0.000332212 0.000386087 0.00035619 0.00296722 -9.08859e-05 0.00152856 0.000314968 -0.00014806 0.000288428 0.000338683 0.00138555 -4.1106e-05
internal_weight=24819 5506 3160 3050 3024 47 2346 80 2977 2266 2946 2832 169 2005
internal_count=24819 5506 3160 3050 3024 47 2346 80 2977 2266 2946 2832 169 2005
is_linear=0
shrinkage=0.04


Tree=54
num_leaves=15
num_cat=0
split_feature=32 7 8 31 65 96 34 30 23 54 26 73 39 35
split_gain=0.100401 0.227747 0.161688 0.329325 0.195822 0.194335 0.172506 0.165436 0.301501 0.268386 0.240741 0.190714 0.162835 0.18834
threshold=-0.23145251364991745 0.57583765696800115 0.16364408868217831 -0.11702793012441047 0.8556450000000001 0.62500000000000011 -0.14107814792398335 -0.22210951233971729 0.023136996017670337 0.70604066341711702 0.030864675573610702 0.1459330599713651 -0.013877817017851289 0.29128893868698441
decision_type=8 10 8 10 10 10 10 10 10 10 10 10 10 10
left_child=2 -2 4 5 -1 7 -6 10 -9 -10 -4 -11 -5 -14
right_child=1 -3 3 12 6 -7 -8 8 9 11 -12 -13 13 -15
leaf_value=0.0003620464173912266 -5.6152557509088293e-05 -0.0011672006449247204 -0.00014649234889870994 -0.00062676059344084938 0.0026511858168265057 -0.0024033079634202606 -0.00012467082770470765 9.8694962707065529e-05 0.0022049604793030735 0.00087394458892736204 -0.0027778853018852797 -0.0014908512736628973 0.0017498728844718844 -0.0017629271505687099
leaf_weight=1739 11457 303 354 64 36 47 7178 2565 221 294 66 67 402 26
leaf_count=1739 11457 303 354 64 36 47 7178 2565 221 294 66 67 402 26
internal_value=8.74719e-15 -8.47791e-05 7.63459e-05 0.000284181 -1.89708e-05 0.000152005 -0.000110818 0.000185675 0.000285193 0.00110713 -0.000559997 0.000435049 0.00125508 0.00153648
internal_weight=24819 11760 13059 4106 8953 3614 7214 3567 3147 582 420 361 492 428
internal_count=24819 11760 13059 4106 8953 3614 7214 3567 3147 582 420 361 492 428
is_linear=0
shrinkage=0.04


Tree=55
num_leaves=15
num_cat=0
split_feature=16 55 47 20 42 50 16 40 65 17 58 64 98 18
split_gain=0.0974473 0.141708 0.200426 0.17019 0.241558 0.155432 0.175241 0.196327 0.170007 0.167499 0.17502 0.225145 0.171179 0.15141
threshold=0.012300844513689149 769947020.16600025 -0.0041506081323862678 0.035123788846199037 0.42995217196308771 -0.41298287392872929 0.036902170887497067 -0.012104221170095684 0.93620500000000029 0.028144211737758256 7977678566.3937511 5.4017100000000013 0.38484848484848494 0.045208215541855591
decision_type=8 10 10 10 10 8 10 10 8 10 8 10 8 10
left_child=-1 2 3 -2 -5 6 13 -8 -7 -10 -11 12 -12 -3
right_child=1 5 -4 4 -6 8 7 -9 9 10 11 -13 -14 -15
leaf_value=-0.00020837476796147091 6.7643416908486726e-05 0.00043223918785969184 0.0014419535197509267 0.00060840325770820502 0.0047115582336361211 0.00048531747773242846 0.00068093877035083571 0.0038201795153173746 -0.00042953067011045602 -8.2290631662038742e-05 -0.0023209630691756805 0.0034944682352244854 0.0012982844142918138 -0.0026467917390681547
leaf_weight=3137 11401 215 181 528 24 691 85 51 2668 5660 30 50 69 29
leaf_count=3137 11401 215 181 528 24 691 85 51 2668 5660 30 50 69 29
internal_value=-4.88663e-13 3.01481e-05 0.00012086 0.000100855 0.000786801 -8.51318e-05 0.000707588 0.00185815 -0.000117989 -0.000167167 -4.6667e-05 0.00130655 0.000201543 6.62888e-05
internal_weight=24819 21682 12134 11953 552 9548 380 136 9168 8477 5809 149 99 244
internal_count=24819 21682 12134 11953 552 9548 380 136 9168 8477 5809 149 99 244
is_linear=0
shrinkage=0.04


Tree=56
num_leaves=15
num_cat=0
split_feature=87 66 94 45 58 18 88 67 31 31 59 3 65 68
split_gain=0.0955529 0.19164 0.145277 0.170668 0.159316 0.250625 0.207858 0.19425 0.194011 0.171354 0.154994 0.151857 0.140147 0.136933
threshold=0.19300884326208265 8.419357500000002 2.5000000000000004 0.22846282749200267 978795309.57975018 0.030898200170763949 2.0026142891632714 4.0231350000000008 -0.15148485203472109 -0.1897055699773226 430642790.86358339 -0.078887517653099024 0.86326500000000006 2.2274616666666671
decision_type=10 10 2 10 10 8 10 10 10 10 10 10 10 10
left_child=-1 2 4 -4 5 7 -7 11 9 13 -11 -2 -6 -8
right_child=1 -3 3 -5 12 6 8 -9 -10 10 -12 -13 -14 -15
leaf_value=-8.7682740547156073e-05 0.00093923775477183389 0.0038884839761192868 0.0036249466305850325 0.00056094406642574431 0.00063170839588042179 0.00037650060451036819 6.9074836695411561e-06 0.0038895499923576912 0.00047673404185750599 0.0019264871839899569 0.0061299724166747182 6.5829597849329298e-06 -0.00026511869405325975 0.0030283135214510064
leaf_weight=11040 289 21 37 136 306 1197 48 21 137 25 32 8346 3136 48
leaf_count=11040 289 21 37 136 306 1197 48 21 137 25 32 8346 3136 48
internal_value=2.68261e-13 7.02531e-05 6.4425e-05 0.00121625 4.97569e-05 0.000129553 0.000609278 4.71421e-05 0.00157008 0.0025491 0.00428634 3.77975e-05 -0.000185389 0.00151761
internal_weight=24819 13779 13758 173 13585 10143 1487 8656 290 153 57 8635 3442 96
internal_count=24819 13779 13758 173 13585 10143 1487 8656 290 153 57 8635 3442 96
is_linear=0
shrinkage=0.04


Tree=57
num_leaves=15
num_cat=0
split_feature=1 78 96 15 40 17 20 41 49 32 90 90 86 55
split_gain=0.0933251 0.117862 0.102338 0.115764 0.0979879 0.093761 0.141939 0.157153 0.140508 0.129381 0.184315 0.238596 0.192533 0.220075
threshold=-0.093160985810497962 -0.028235667189430932 0.45049019607843144 0.051797326400068643 0.061993273701292602 0.013043320440605711 0.019475864379839409 0.069363064262127808 -0.19302898818687167 -0.1797816637512071 5.5396179981064248e-11 6.9403283506770227e-11 0.34494815425947106 619270519.75200009
decision_type=10 10 8 8 10 10 8 10 10 8 10 10 10 10
left_child=2 -2 -1 4 -4 -3 7 8 -7 10 -8 12 -12 -14
right_child=1 5 3 -5 -6 6 9 -9 -10 -11 11 -13 13 -15
leaf_value=0.0024634617962874471 -0.00060131428401056976 -0.00022494563790050653 0.00015642056474462151 0.001274612201843411 -0.0023539043184850486 0.0016678917160450472 -1.9555133855921623e-06 0.00091071364667689634 7.7159866530096142e-05 -0.00021668385086317556 0.00047631394305603454 0.00013038522788926213 0.0032549985407622751 0.00066076885562073046
leaf_weight=44 526 2557 126 130 31 93 13469 546 1988 3770 257 1070 118 94
leaf_count=44 526 2557 126 130 31 93 13469 546 1988 3770 257 1070 118 94
internal_value=-6.8495e-14 -9.01788e-06 0.00066716 0.000391768 -0.000339249 3.98387e-06 3.13313e-05 0.000306722 0.00014825 -7.19512e-06 4.54283e-05 0.000460121 0.0012124 0.00210473
internal_weight=24819 24488 331 287 157 23962 21405 2627 2081 18778 15008 1539 469 212
internal_count=24819 24488 331 287 157 23962 21405 2627 2081 18778 15008 1539 469 212
is_linear=0
shrinkage=0.04


Tree=58
num_leaves=15
num_cat=0
split_feature=75 85 42 89 23 29 67 29 41 40 51 15 75 74
split_gain=0.0936957 0.146739 0.219661 0.192954 0.148953 0.12515 0.122533 0.214955 0.145103 0.212802 0.203499 0.136553 0.16023 0.134543
threshold=0.25448375545476692 1.2385157034699723 -0.057231516235226591 3.8849128888488752e-11 0.011128371309618891 0.018621997543016442 3.8995150000000005 0.027695684508746998 0.13304831574153622 0.073374460416420387 0.41634889522451884 0.054935113642814504 0.37983153437307487 0.0036560010521070612
decision_type=8 10 10 10 10 10 10 10 10 10 10 10 10 10
left_child=-1 6 -3 4 -4 -5 7 -2 9 -8 -11 -10 -13 -9
right_child=1 2 3 5 -6 -7 8 13 11 10 -12 12 -14 -15
leaf_value=3.8017016846874399e-05 -0.00026570736111856637 -0.00048222100940259271 -0.00037227943565812898 0.0013756178011578963 0.0021482973876504265 0.00384637863892648 -0.00026600677324458956 0.00081417724164202813 -0.0015375282678339796 0.0038040532859130983 0.00053497786712595975 -0.0013522066682991054 0.0021332099916317555 -0.0028448695621010279
leaf_weight=20027 3655 262 160 121 49 45 100 20 89 63 59 36 51 82
leaf_count=20027 3655 262 160 121 49 45 100 20 89 63 59 36 51 82
internal_value=4.14528e-13 -0.000158883 0.000406431 0.0010273 0.000218669 0.0020454 -0.000245551 -0.000316251 0.000421841 0.00110188 0.00222311 -0.000435942 0.000690969 -0.00212741
internal_weight=24819 4792 637 375 209 166 4155 3757 398 222 122 176 87 102
internal_count=24819 4792 637 375 209 166 4155 3757 398 222 122 176 87 102
is_linear=0
shrinkage=0.04


Tree=59
num_leaves=15
num_cat=0
split_feature=37 56 80 42 68 52 30 87 32 30 19 8 41 66
split_gain=0.0912224 0.119875 0.189252 0.117056 0.136849 0.170724 0.297942 0.15177 0.147826 0.140367 0.246209 0.174621 0.172516 0.13851
threshold=-0.11050856245068762 349253024.71700007 0.064160570873190506 1.0163623126726269 5.2480691666666672 0.6625979706181262 -0.050820861811213418 2.0262553822950475 -0.20140770647049597 -0.087311605387517685 0.047942242854476291 0.23452340692741971 0.14225356610956211 6.6483375000000011
decision_type=8 10 10 10 10 10 10 10 10 10 8 10 10 10
left_child=1 2 -1 4 5 13 -7 8 9 10 12 -12 -6 -2
right_child=3 -3 -4 -5 7 6 -8 -9 -10 -11 11 -13 -14 -15
leaf_value=0.00065898550588301284 -2.9811692698385627e-05 9.9970641983492767e-05 0.0045534559933557393 -0.0016928561422417856 0.0012207872235564167 -0.0018951475708720784 0.0010704445910309196 -0.002797420702519871 -0.0013047444151067925 -8.9890752537071376e-05 -0.0019547935927332174 0.00091829530793943043 0.0037670743237540596 0.0015171894059930826
leaf_weight=405 21621 1686 21 67 91 189 76 21 56 178 41 194 80 93
leaf_count=405 21621 1686 21 67 91 189 76 21 56 178 41 194 80 93
internal_value=4.54402e-13 0.00025145 0.000850966 -2.33876e-05 -1.8447e-05 -3.55016e-05 -0.00104464 0.000548636 0.000658428 0.000846678 0.00125729 0.000417033 0.00241203 -2.3186e-05
internal_weight=24819 2112 426 22707 22640 21979 265 661 640 584 406 235 171 21714
internal_count=24819 2112 426 22707 22640 21979 265 661 640 584 406 235 171 21714
is_linear=0
shrinkage=0.04


Tree=60
num_leaves=15
num_cat=0
split_feature=7 23 40 35 66 48 25 24 89 25 19 32 31 20
split_gain=0.0893251 0.207307 0.266219 0.221407 0.238441 0.247783 0.162055 0.149877 0.169376 0.174918 0.177869 0.202222 0.20527 0.159233
threshold=0.31053267921698585 0.022925099546996747 -0.0091005197344699012 0.077358227123561232 2.7168850000000004 -0.17002843924156544 0.014112816518591385 0.021699563196841461 1.4137272273550719e-11 0.017031651670527472 0.040610478509127669 -0.36622012158874384 -0.22956787540597026 0.043110700340535303
decision_type=8 10 10 10 10 10 8 10 8 8 10 10 10 10
left_child=1 -1 6 4 -4 -6 -3 8 9 -2 11 12 -11 -9
right_child=7 2 3 -5 5 -7 -8 13 -10 10 -12 -13 -14 -15
leaf_value=-3.106297912184905e-06 -0.0002661479144828306 0.0031514810969087261 0.00030545107975164999 -0.00030146613235585389 0.00098255260984090676 0.0033657071772181702 1.1294150868705413e-05 -0.0011970673642541676 -0.00019449665090385493 0.0018182501144317054 -0.00034259022399783139 0.002662705120795823 -0.0014611192455945107 -7.6656385093851168e-05
leaf_weight=19262 254 27 147 125 127 155 1007 422 2533 74 100 143 52 391
leaf_count=19262 254 27 147 125 127 155 1007 422 2533 74 100 143 52 391
internal_value=-7.44573e-13 3.31087e-05 0.000472387 0.00117994 0.00161159 0.00229244 9.32913e-05 -0.000173927 -4.91703e-05 0.000541699 0.00109778 0.00163323 0.00046486 -0.000658223
internal_weight=24819 20850 1588 554 429 282 1034 3969 3156 623 369 269 126 813
internal_count=24819 20850 1588 554 429 282 1034 3969 3156 623 369 269 126 813
is_linear=0
shrinkage=0.04


Tree=61
num_leaves=15
num_cat=0
split_feature=4 40 42 68 29 25 26 38 32 33 47 90 21 31
split_gain=0.0899191 0.208286 0.122616 0.145091 0.168278 0.194652 0.158275 0.174494 0.144326 0.135126 0.131222 0.130456 0.122056 0.211382
threshold=-0.094046189105418385 -0.17567071735406123 1.0163623126726269 5.2480691666666672 0.027695684508746998 0.025439511415282091 0.0036382069457489333 0.39777021495726578 -0.27557093874091088 0.023695941762037046 -0.0031015818147421266 1.9320737768577031e-11 0.012305324900447447 -0.0975684729064039
decision_type=10 10 10 10 10 10 10 8 10 10 10 8 10 10
left_child=-1 -2 3 4 5 10 -6 8 9 -8 -3 -9 -5 -14
right_child=1 2 -4 12 6 -7 7 11 -10 -11 -12 -13 13 -15
leaf_value=0.00023631420317333642 -0.001535656569421227 -2.7589282986678222e-05 -0.0022556171040886488 -0.0001547051845474991 -0.0032566856147776191 0.0016500240007201129 0.0012109617120204647 -0.0004016203234213909 -0.0007650132147850136 -0.00057844978054358721 0.00076821702600782184 -0.0021671056468847011 0.00078728961198892746 0.0047393695783355958
leaf_weight=2334 145 20397 39 222 34 113 183 131 247 107 337 137 370 23
leaf_count=2334 145 20397 39 222 34 113 183 131 247 107 337 137 370 23
internal_value=-5.25739e-13 -2.453e-05 -1.47219e-05 -1.0803e-05 -2.79847e-05 -5.63135e-06 -0.000583408 -0.0004705 -5.44626e-05 0.000550731 -1.46546e-05 -0.00130413 0.000595054 0.00101858
internal_weight=24819 22485 22340 22301 21686 20847 839 805 537 290 20734 268 615 393
internal_count=24819 22485 22340 22301 21686 20847 839 805 537 290 20734 268 615 393
is_linear=0
shrinkage=0.04


Tree=62
num_leaves=15
num_cat=0
split_feature=8 58 89 49 75 20 76 68 24 39 52 23 43 22
split_gain=0.086885 0.174886 0.154399 0.135447 0.101898 0.0991588 0.286058 0.193205 0.155577 0.144075 0.129541 0.140583 0.126175 0.125162
threshold=1.345173129383656 7977678566.3937511 2.8607247786460497e-11 -0.20153788227410033 0.018391730631733164 0.042140805653981615 0.63438625670121906 3.217728333333334 0.019742412008423024 0.12022426494452111 0.62033825896409334 0.035097657890070293 0.9995635474860336 0.017281420099389499
decision_type=10 10 10 10 10 10 10 10 10 10 10 10 10 10
left_child=1 5 3 -2 -5 9 7 8 -7 12 11 -9 -1 -12
right_child=2 -3 -4 4 -6 6 -8 10 -10 -11 13 -13 -14 -15
leaf_value=-6.5087461921651239e-06 0.00065187940534589624 0.0029177127326979781 0.0023352553025082065 -0.0025236727146224843 -0.0006254791856262383 0.0048990236206547071 0.0023048078890219961 0.00028927505410662676 0.00088418360373520471 -0.00063393266117945952 -0.00370760436850385 -0.0017551156015772568 0.0012200254552169807 -0.0005080353186901989
leaf_weight=22496 58 33 24 90 91 23 109 964 47 587 26 57 135 79
leaf_count=22496 58 33 24 90 91 23 109 964 47 587 26 57 135 79
internal_value=1.77668e-13 7.74532e-06 -0.000723171 -0.00103029 -0.00156933 3.82945e-06 0.0003431 0.000164315 0.00220335 -1.52397e-05 3.75551e-05 0.000175142 8.0786e-07 -0.00130031
internal_weight=24819 24556 263 239 181 24523 1305 1196 70 23218 1126 1021 22631 105
internal_count=24819 24556 263 239 181 24523 1305 1196 70 23218 1126 1021 22631 105
is_linear=0
shrinkage=0.04


Tree=63
num_leaves=15
num_cat=0
split_feature=89 20 54 18 20 19 41 13 17 6 68 23 86 53
split_gain=0.0873567 0.124712 0.190913 0.185505 0.156034 0.179181 0.157428 0.127592 0.154789 0.116472 0.210181 0.16535 0.159092 0.147203
threshold=4.6104734021832399e-11 0.036596959875788558 0.96339902357704255 0.037695062731017047 0.030383851304963738 0.03475880924015879 -0.078183789053244898 0.090835524620507049 0.03626704357822421 -0.0057537704080079513 1.6523050000000004 0.0089975127868830666 0.48394688732479435 0.21556418582239126
decision_type=10 10 10 10 10 10 10 10 10 10 10 10 10 10
left_child=-1 3 -3 4 7 6 -6 9 -9 -2 13 -12 -13 -11
right_child=1 2 -4 -5 5 -7 -8 8 -10 10 11 12 -14 -15
leaf_value=-4.0069065638117492e-05 -0.00011172408478390158 0.0046225779734551907 0.00022687491830871548 -0.0010522264950682605 0.0049582584574818615 -0.00036306122515005759 0.001427949347049946 0.00056944734247081218 0.0033115476143949136 0.00039699272048724916 0.0039146450292577763 0.003596872610975087 0.0004752313131459495 -0.00037299657765834125
leaf_weight=19313 2623 25 43 208 24 79 128 300 37 1216 36 31 166 590
leaf_count=19313 2623 25 43 208 24 79 128 300 37 1216 36 31 166 590
internal_value=2.07546e-13 0.000140547 0.00184294 0.00011926 0.00016585 0.00118222 0.00198537 0.000118884 0.000870509 6.4552e-05 0.000291316 0.00142197 0.000966454 0.000145446
internal_weight=24819 5506 68 5438 5230 231 152 4999 337 4662 2039 233 197 1806
internal_count=24819 5506 68 5438 5230 231 152 4999 337 4662 2039 233 197 1806
is_linear=0
shrinkage=0.04


Tree=64
num_leaves=15
num_cat=0
split_feature=32 59 50 24 33 23 40 36 42 50 22 4 40 65
split_gain=0.0848957 0.148006 0.207378 0.140962 0.150775 0.1186 0.114089 0.186777 0.13529 0.112454 0.1016 0.0942702 0.17121 0.135987
threshold=-0.49165044351249471 3721464510.2521672 -0.35708081895745936 0.02136650853417715 0.0061618167106018982 0.035097657890070293 -0.025134608172842462 -0.060851820550173845 -0.12630926330959821 -0.48860620138333605 0.018307601621908458 -0.094046189105418385 -0.17567071735406123 5.335325000000001
decision_type=8 10 10 10 10 10 10 10 10 8 10 10 10 10
left_child=1 2 6 -3 -5 9 -1 -8 10 -2 -9 -11 13 -13
right_child=5 3 -4 4 -6 -7 7 8 -10 11 -12 12 -14 -15
leaf_value=-0.00027939561290007357 -0.0027427856038169311 -0.00076185344839873519 -0.0012838574986418951 0.0054983754488437077 0.0015318819005852161 -0.0014772242363886273 0.0040787104312931342 0.00077210828070602719 -0.0011375825889804896 0.00024662188104234301 0.0032082365889634407 -0.0019497962884399726 -1.9484448018910377e-05 0.0016171126132830977
leaf_weight=133 24 23 115 23 46 88 31 126 47 2194 35 118 21796 20
leaf_count=133 24 23 115 23 46 88 31 126 47 2194 35 118 21796 20
internal_value=-3.55736e-13 0.000478672 0.000200707 0.00195007 0.00285405 -1.14336e-05 0.000659645 0.00118221 0.000750517 -6.09288e-06 0.0013017 -3.3707e-06 -2.83768e-05 -0.00143285
internal_weight=24819 579 487 92 69 24240 372 239 208 24152 161 24128 21934 138
internal_count=24819 579 487 92 69 24240 372 239 208 24152 161 24128 21934 138
is_linear=0
shrinkage=0.04


Tree=65
num_leaves=15
num_cat=0
split_feature=87 66 94 45 58 18 88 42 59 67 67 66 53 44
split_gain=0.0833322 0.17221 0.124627 0.151441 0.14491 0.227258 0.193852 0.193196 0.183058 0.209739 0.171728 0.164552 0.218739 0.141185
threshold=0.19300884326208265 8.419357500000002 2.5000000000000004 0.22846282749200267 947820957.03925025 0.030898200170763949 1.7072642164178677 0.1558632162084467 747154735.1305002 1.4076425000000004 4.0231350000000008 3.5199775 0.47874579885078244 0.42475927999528185
decision_type=10 10 2 10 10 8 10 10 8 10 10 10 10 10
left_child=-1 2 4 -4 5 10 8 -8 9 -7 -2 -10 13 -13
right_child=1 -3 3 -5 -6 6 7 -9 11 -11 -12 12 -14 -15
leaf_value=-8.1883931241528797e-05 3.8086362576900443e-05 0.0036851003071171275 0.0033958719852002889 0.00050962128513193047 -0.00017140460565551134 0.0025895922518975566 0.0010941452463779278 0.0043010625665104293 0.00052481651683064067 -0.00042029150914328319 0.0036597102723040045 0.0020176373529122086 -0.00070175260162124266 0.0057823398842343264
leaf_weight=11040 8545 21 37 136 3592 40 337 33 425 501 21 37 26 28
leaf_count=11040 8545 21 37 136 3592 40 337 33 425 501 21 37 26 28
internal_value=4.73155e-13 6.5607e-05 6.00822e-05 0.00112691 4.64966e-05 0.000124821 0.000592179 0.00138017 0.000316346 -0.000197749 4.6965e-05 0.000855348 0.00239904 0.00363936
internal_weight=24819 13779 13758 173 13585 9993 1427 370 1057 541 8566 516 91 65
internal_count=24819 13779 13758 173 13585 9993 1427 370 1057 541 8566 516 91 65
is_linear=0
shrinkage=0.04


Tree=66
num_leaves=15
num_cat=0
split_feature=75 90 85 8 30 57 29 50 20 70 35 65 66 86
split_gain=0.0841276 0.132959 0.170681 0.210056 0.125786 0.123579 0.122409 0.119522 0.117257 0.204564 0.137859 0.11733 0.123923 0.137904
threshold=0.25448375545476692 4.8571232111993431e-11 1.1452662148055406 0.27351929874486564 -0.046947792699633221 304556485.76950008 0.028618145448667823 -0.39061423220973779 0.043399579394124983 1.841812913841067 0.29128893868698441 0.87043500000000007 6.9686950000000003 0.123768571486097
decision_type=8 10 10 10 10 10 10 8 10 10 10 10 10 10
left_child=-1 7 6 5 -5 -4 -3 -2 10 -10 11 -9 13 -13
right_child=1 2 3 4 -6 -7 -8 8 9 -11 -12 12 -14 -15
leaf_value=3.6023632061752381e-05 0.0013350165756227934 3.9492718689815024e-05 0.0010159326336226125 0.0056101669777523389 0.0018095964915119112 -0.0014236022225980246 -0.0028576585572833817 0.00022147297821585821 0.00021550140655241334 0.0045609349729493261 -0.0029607882813434119 -0.00083687347929668667 0.0017592413262350532 -0.00025158508009977249
leaf_weight=20027 73 841 159 22 38 42 24 534 130 20 32 989 41 1847
leaf_count=20027 73 841 159 22 38 42 24 534 130 20 32 989 41 1847
internal_value=1.62432e-13 -0.000150552 0.000229627 0.00112617 0.00320314 0.000506179 -4.08907e-05 -0.000267323 -0.000299878 0.000794893 -0.000347573 -0.000323058 -0.000424128 -0.000455693
internal_weight=24819 4792 1126 261 60 201 865 3666 3593 150 3443 3411 2877 2836
internal_count=24819 4792 1126 261 60 201 865 3666 3593 150 3443 3411 2877 2836
is_linear=0
shrinkage=0.04


Tree=67
num_leaves=15
num_cat=0
split_feature=16 20 98 42 89 57 42 41 73 50 17 58 30 5
split_gain=0.0821326 0.125478 0.172281 0.173621 0.192043 0.226762 0.176997 0.159444 0.144994 0.146791 0.13801 0.296567 0.20522 0.277608
threshold=0.012300844513689149 0.019567070843218373 0.39767441860465119 1.0163623126726269 1.7739255837729173e-11 1787948732.6092503 0.52376857547500888 0.069363064262127808 -0.20699702278134394 -0.057444837238642125 0.03626704357822421 7977678566.3937511 -0.21268762740479405 0.063750543761774262
decision_type=8 8 8 8 10 10 10 10 10 10 10 8 10 10
left_child=-1 7 3 4 -3 -6 -7 -2 9 -9 -4 12 -12 -14
right_child=1 2 10 -5 5 6 -8 8 -10 -11 11 -13 13 -15
leaf_value=-0.00019130130532808153 0.00012353069040818007 0.0003493609255944024 -3.4771777410208741e-05 -0.0031455339714645957 -0.00058992863977874472 -0.0050220877762351714 -0.00061538243368268019 0.0012412895453048915 0.00065400853717525022 0.0052337853610515597 -0.0003608994382287349 0.002413154522759474 0.00094239698739039608 6.6359447334015092e-05
leaf_weight=3137 2038 331 14574 39 524 35 25 41 500 23 843 98 866 1745
leaf_count=3137 2038 331 14574 39 524 35 25 41 500 23 843 98 866 1745
internal_value=6.53629e-13 2.76779e-05 -7.85731e-06 -0.000531779 -0.000420374 -0.000856644 -0.00318596 0.000288251 0.000883465 0.00267609 1.97175e-05 0.000243289 0.000181724 0.000356918
internal_weight=24819 21682 19080 954 915 584 60 2602 564 64 18126 3552 3454 2611
internal_count=24819 21682 19080 954 915 584 60 2602 564 64 18126 3552 3454 2611
is_linear=0
shrinkage=0.04


Tree=68
num_leaves=15
num_cat=0
split_feature=37 74 48 8 22 34 98 91 73 22 31 68 66 21
split_gain=0.08024 0.12749 0.117891 0.115619 0.176975 0.160486 0.145752 0.164964 0.115049 0.112546 0.189218 0.196307 0.265519 0.156404
threshold=-0.085195934554781458 0.34588885291389532 -0.088059724677438875 0.46920682583390055 0.020522093088315815 -0.010903971189571203 0.50926243567753005 1.0000000180025095e-35 0.31413706475814368 0.011315184877170916 -0.17112241785060575 3.2807291666666667 3.3120300000000005 0.036334719665606495
decision_type=8 10 8 10 10 10 10 2 10 10 8 10 10 8
left_child=1 3 8 4 6 -5 -1 -8 -2 10 -4 -12 -13 -11
right_child=2 -3 9 5 -6 -7 7 -9 -10 13 11 12 -14 -15
leaf_value=0.0007222204290251176 -8.509852859075441e-05 0.0016040030096359937 0.00052160616044375798 0.0020911500434606122 -0.00047902304754067699 -0.00074630118218129099 -1.0032507698255678e-05 0.0020543753269885202 -0.00058743495617207594 -0.00017043937812397713 -2.8915766691182212e-06 0.0047415307344635949 0.00052871361605234834 0.0011801453166839935
leaf_weight=717 10144 97 1748 104 703 46 1917 64 786 3377 4846 32 95 143
leaf_count=717 10144 97 1748 104 703 46 1917 64 786 3377 4846 32 95 143
internal_value=2.68508e-13 0.000173263 -2.98552e-05 0.000134181 8.62471e-05 0.001221 0.000233536 5.66621e-05 -0.000121223 6.76593e-05 0.000163623 3.77929e-05 0.00159021 -0.000115572
internal_weight=24819 3648 21171 3551 3401 150 2698 1981 10930 10241 6721 4973 127 3520
internal_count=24819 3648 21171 3551 3401 150 2698 1981 10930 10241 6721 4973 127 3520
is_linear=0
shrinkage=0.04


Tree=69
num_leaves=15
num_cat=0
split_feature=8 58 89 49 94 21 65 53 39 90 53 24 25 56
split_gain=0.0788627 0.153036 0.143811 0.122995 0.0979927 0.101373 0.0876695 0.174234 0.147167 0.170469 0.151256 0.128882 0.161417 0.135337
threshold=1.345173129383656 7977678566.3937511 2.8607247786460497e-11 -0.20153788227410033 1.5000000000000002 0.034288397066279543 7.3619950000000012 0.49840490485397387 0.12022426494452111 2.2828755932199026e-11 0.72771491698986512 0.02671187025474759 0.021902561105625069 1167171511.2030003
decision_type=10 10 10 10 2 10 10 8 10 8 8 10 10 10
left_child=1 6 3 -2 5 -5 8 -8 -1 -10 -11 12 13 -9
right_child=2 -3 -4 4 -6 -7 7 11 9 10 -12 -13 -14 -15
leaf_value=1.0842433315059065e-05 0.00061760342993034891 0.0027295057477859891 0.0022627209247245142 -0.0015038117741372576 -0.0030934753592895426 0.001236458252425547 0.0028014233120370147 0.0016902383894193919 0.00046674113943842208 -0.00074898450204904184 -0.002988971345973286 -0.0023154877804751907 0.0020988223164652782 -0.00080300531483907991
leaf_weight=23578 58 33 24 108 46 27 51 48 169 392 55 28 75 127
leaf_count=23578 58 33 24 108 46 27 51 48 169 392 55 28 75 127
internal_value=-2.24567e-13 7.37909e-06 -0.000688977 -0.000985381 -0.00149905 -0.000955758 3.71599e-06 0.000652281 -5.10346e-06 -0.000615448 -0.0010246 0.000258014 0.000546246 -0.000119144
internal_weight=24819 24556 263 239 181 135 24523 329 24194 616 447 278 250 175
internal_count=24819 24556 263 239 181 135 24523 329 24194 616 447 278 250 175
is_linear=0
shrinkage=0.04


Tree=70
num_leaves=15
num_cat=0
split_feature=89 32 55 32 8 54 20 88 19 31 46 32 24 15
split_gain=0.0770302 0.120104 0.126998 0.153729 0.165163 0.122191 0.11235 0.202868 0.111952 0.105947 0.105559 0.110599 0.169395 0.0981053
threshold=4.6104734021832399e-11 -0.18894841624910516 1042166616.6850001 -0.18986872119647144 0.52535853326940141 0.9943834493845588 0.028102041565706871 1.3551590620947163 0.024512450429301662 -0.053921892552699351 0.83418151524569251 -0.19733069148225654 0.013301644016854344 0.056178791977524796
decision_type=10 8 10 10 10 10 10 10 10 10 10 10 10 8
left_child=13 2 3 4 9 -6 8 -8 -3 10 11 -2 -13 -1
right_child=1 6 -4 -5 5 -7 7 -9 -10 -11 -12 12 -14 -15
leaf_value=-5.6525401635516496e-05 0.00023821868143972106 4.3031539093328451e-05 -0.0010423192007848147 0.0034037142669638767 0.004936855738342274 0.00083450643130793018 -1.2804908390612678e-05 0.0045718088474772543 -0.00057949173899579859 0.0026038477765095813 -0.00094024971457991725 0.00080354903623474391 0.0045669805444777016 0.00039242664278243744
leaf_weight=18500 2663 1631 110 26 21 26 47 23 645 31 114 147 22 813
leaf_count=18500 2663 1631 110 26 21 26 47 23 645 31 114 147 22 813
internal_value=4.38947e-13 0.000131979 0.000292948 0.000341105 0.000314773 0.00266747 -8.48414e-05 0.00149357 -0.000133387 0.000277629 0.000253151 0.000301191 0.00129346 -3.76263e-05
internal_weight=24819 5506 3160 3050 3024 47 2346 70 2276 2977 2946 2832 169 19313
internal_count=24819 5506 3160 3050 3024 47 2346 70 2276 2977 2946 2832 169 19313
is_linear=0
shrinkage=0.04


Tree=71
num_leaves=15
num_cat=0
split_feature=87 66 89 31 67 88 20 58 65 65 31 27 66 29
split_gain=0.0769831 0.151667 0.113409 0.188229 0.205327 0.20434 0.164034 0.280738 0.15982 0.152491 0.155918 0.139754 0.130237 0.122169
threshold=0.19300884326208265 8.419357500000002 2.3731019830451015e-11 -0.39813577654768717 4.7925037500000007 -0.026738171587748483 0.035123788846199037 579475914.99987507 3.1835300000000002 0.8556450000000001 -0.25779325921325152 0.040013116146424402 5.1920700000000011 0.024477697562938942
decision_type=10 10 10 10 10 10 10 10 10 10 10 10 10 10
left_child=-1 2 3 -2 9 12 11 -8 -9 10 -5 -4 -6 -10
right_child=1 -3 6 4 5 -7 7 8 13 -11 -12 -13 -14 -15
leaf_value=-7.870274538713791e-05 0.0012505230478225102 0.0034598119326290635 9.0377235843286678e-05 0.0036442260897677874 -0.0023049840945750474 -0.0025547220716597859 0.0053696798364676179 5.3266941802775525e-05 0.0030333846591723461 -0.00019820274028780168 0.00030507464674564869 0.0025542261217393588 0.001632188435235038 0.00086656593068950964
leaf_weight=11040 161 21 8242 23 20 108 21 292 60 3795 822 37 41 136
leaf_count=11040 161 21 8242 23 20 108 21 292 60 3795 822 37 41 136
internal_value=-5.34149e-13 6.30582e-05 5.78734e-05 -9.48383e-05 -0.00013988 -0.00150941 0.000144239 0.000841205 0.000646332 -8.9998e-05 0.000395963 0.000101389 0.000341312 0.00152988
internal_weight=24819 13779 13758 4970 4809 169 8788 509 488 4640 845 8279 61 196
internal_count=24819 13779 13758 4970 4809 169 8788 509 488 4640 845 8279 61 196
is_linear=0
shrinkage=0.04


Tree=72
num_leaves=15
num_cat=0
split_feature=75 90 85 8 57 13 30 32 23 24 88 90 37 7
split_gain=0.0778031 0.118533 0.150172 0.184482 0.111109 0.110146 0.139898 0.12123 0.124129 0.16014 0.125425 0.116158 0.113613 0.186427
threshold=0.25448375545476692 4.8571232111993431e-11 1.1452662148055406 0.27351929874486564 304556485.76950008 -0.045316611201261618 -0.25522067594729003 -0.51313769651899332 0.021492879684793301 0.016646937699138133 -0.28713418973582033 6.015443015559177e-12 -0.085195934554781458 1.3045520490896079
decision_type=8 10 10 10 10 10 10 8 10 10 10 10 10 8
left_child=5 -2 -3 4 -4 6 -1 8 9 -7 -10 -8 -9 -14
right_child=1 2 3 -5 -6 7 11 12 10 -11 -12 -13 13 -15
leaf_value=-0.0017647047003900463 -0.00025503618784941104 -3.9566445158115882e-05 0.00095746280481956859 0.0030015661427169106 -0.0013557204038703017 0.0027593029107499333 -0.00061476117495923505 0.00017935358576762005 -0.00056906592776067558 -0.00072354073912381787 0.0030811240629399902 0.00032881042876992637 -5.7472435397624897e-05 -0.0013070002514040866
leaf_weight=55 3666 865 159 60 42 28 223 3551 20 86 61 3266 12543 194
leaf_count=55 3666 865 159 60 42 28 223 3551 20 86 61 3266 12543 194
internal_value=8.86046e-13 -0.000144782 0.000214179 0.00105514 0.000474111 3.46431e-05 0.000236948 -8.8544e-06 0.000982581 0.000131895 0.00217984 0.000268502 -2.07239e-05 -7.65043e-05
internal_weight=24819 4792 1126 261 201 20027 3544 16483 195 114 81 3489 16288 12737
internal_count=24819 4792 1126 261 201 20027 3544 16483 195 114 81 3489 16288 12737
is_linear=0
shrinkage=0.04


Tree=73
num_leaves=15
num_cat=0
split_feature=16 20 98 42 89 57 42 52 73 68 68 59 21 58
split_gain=0.0762574 0.115521 0.151793 0.152447 0.177915 0.199273 0.159809 0.149694 0.127373 0.125544 0.21062 0.182368 0.164714 0.115082
threshold=0.012300844513689149 0.019567070843218373 0.39767441860465119 1.0163623126726269 1.7739255837729173e-11 1787948732.6092503 0.52376857547500888 0.23505897304741544 -0.20699702278134394 6.2272950000000007 7.0338133333333346 3721464510.2521672 0.012482425725626573 569948352.41962516
decision_type=8 8 8 8 10 10 10 10 10 10 10 10 10 10
left_child=-1 7 3 4 -3 -6 -7 -2 -9 13 12 -12 -11 -4
right_child=1 2 9 -5 5 6 -8 8 -10 10 11 -13 -14 -15
leaf_value=-0.00018433226482822936 0.00014188533037373441 0.00034606194252350856 0.00013494801640642201 -0.0029484031539267074 -0.00056470646059499584 -0.0047430118881165986 -0.00055572617053985598 0.0039975362448465262 0.00080314658606035739 0.00032631056710032 0.00061395821420545573 -0.002024953060231551 0.0031258578363397137 -7.5615392889926742e-05
leaf_weight=3137 2173 331 6630 39 524 35 25 21 408 57 187 54 82 11116
leaf_count=3137 2173 331 6630 39 524 35 25 21 408 57 187 54 82 11116
internal_value=3.13542e-13 2.66696e-05 -7.42655e-06 -0.00049921 -0.000394818 -0.000814734 -0.00299831 0.000276691 0.000959515 1.84568e-05 0.000737849 2.26669e-05 0.00197784 3.05222e-06
internal_weight=24819 21682 19080 954 915 584 60 2602 429 18126 380 241 139 17746
internal_count=24819 21682 19080 954 915 584 60 2602 429 18126 380 241 139 17746
is_linear=0
shrinkage=0.04


Tree=74
num_leaves=15
num_cat=0
split_feature=1 78 96 15 42 88 87 5 4 91 58 64 39 26
split_gain=0.0768359 0.0989385 0.0890318 0.104282 0.0910727 0.103532 0.083144 0.0786643 0.127474 0.101234 0.0874664 0.105536 0.147362 0.109285
threshold=-0.093160985810497962 -0.028235667189430932 0.45049019607843144 0.051797326400068643 -0.004068891002488805 -0.36195052076216444 -0.61048475256915335 -0.281468409217214 -0.12698138683367236 1.0000000180025095e-35 7977678566.3937511 5.4017100000000013 0.0469941578770472 0.021908366064910468
decision_type=10 10 8 8 8 10 8 10 10 2 8 10 10 10
left_child=2 -2 -1 4 -4 -6 -5 8 -3 -10 -9 12 13 -12
right_child=1 7 3 6 5 -7 -8 10 9 -11 11 -13 -14 -15
leaf_value=0.0022808151074092497 -0.00055085116564455535 6.4284173362458229e-05 0.0016368658905072759 0.003162202040354411 0.00055803343593232473 -0.0017645293439428012 0.00066848878651513792 6.2059103917978867e-06 -0.0017858078543698261 0.0011274857717481527 0.00035819524169246683 0.0027288914901705892 -0.0027137128059707936 0.0034666163428813557
leaf_weight=44 526 223 30 27 52 75 103 23389 144 22 102 39 21 22
leaf_count=44 526 223 30 27 52 75 103 23389 144 22 102 39 21 22
internal_value=1.78721e-13 -8.18253e-06 0.000605359 0.000348494 -0.000345325 -0.000813559 0.00118641 3.72982e-06 -0.000560453 -0.00139971 1.30399e-05 0.000881741 0.000384921 0.000909689
internal_weight=24819 24488 331 287 157 127 130 23962 389 166 23573 184 145 124
internal_count=24819 24488 331 287 157 127 130 23962 389 166 23573 184 145 124
is_linear=0
shrinkage=0.04


Tree=75
num_leaves=15
num_cat=0
split_feature=39 75 30 54 58 51 40 90 6 89 52 21 68 59
split_gain=0.0733648 0.127415 0.107928 0.146195 0.1101 0.109819 0.131627 0.127286 0.187653 0.109877 0.147467 0.154303 0.171464 0.138008
threshold=-0.051835210413139259 1.1565509054542753 -0.21506501182033097 0.18767457308537841 7022845336.1210012 0.086487863627941489 0.02189412587352935 6.015443015559177e-12 -0.13529100089346927 4.6572826259928316e-12 0.56910004621330013 0.04238278955151685 3.217728333333334 1698889282.7484171
decision_type=10 8 10 10 10 10 8 8 10 10 10 10 8 10
left_child=-1 2 3 -2 -5 6 -4 8 -7 -9 11 -11 -13 -12
right_child=1 -3 5 4 -6 7 -8 9 -10 10 13 12 -14 -15
leaf_value=0.0002006116007504092 0.00020588478073704235 -0.00083281650355067534 -2.7275745381848812e-05 -0.00122209830730714 0.0014766171811005245 0.0018438486267740911 -0.00043223706547593866 0.0020625205611453411 -0.0011460087377932076 0.00015208074874392655 -0.00098791649581872368 -0.00083885981036084035 0.0035706767588204076 0.00024404988416776001
leaf_weight=2610 257 307 10613 347 26 39 1461 47 242 8205 354 21 43 247
leaf_count=2610 257 307 10613 347 26 39 1461 47 242 8205 354 21 43 247
internal_value=5.59666e-13 -2.35759e-05 -1.22327e-05 -0.000528196 -0.00103398 3.04824e-06 -7.62776e-05 0.000107177 -0.000731046 0.000133592 0.000123371 0.000167341 0.0021238 -0.000481601
internal_weight=24819 22209 21902 630 373 21272 12074 9198 281 8917 8870 8269 64 601
internal_count=24819 22209 21902 630 373 21272 12074 9198 281 8917 8870 8269 64 601
is_linear=0
shrinkage=0.04


Tree=76
num_leaves=15
num_cat=0
split_feature=32 18 65 17 17 88 21 26 25 53 25 88 68 8
split_gain=0.0728144 0.177835 0.155974 0.134349 0.131775 0.320225 0.200065 0.20366 0.17428 0.163158 0.148173 0.252506 0.138758 0.13122
threshold=-0.23145251364991745 0.04232184486723032 3.9501150000000007 0.040201132092785745 0.036801731356686844 0.21053532326081756 0.014665113506450779 0.021908366064910468 0.019676780397580616 0.67699399300250063 0.017891038215680655 0.40319746182339383 1.8672858333333335 0.19097510999575398
decision_type=8 10 10 10 10 10 10 10 10 10 10 8 10 8
left_child=13 4 -3 -4 8 6 -6 -8 10 -7 -2 -12 -13 -1
right_child=1 2 3 -5 5 9 7 -9 -10 -11 11 12 -14 -15
leaf_value=-1.6967282824325e-05 -8.4886295822758813e-05 -0.0018116656665707279 0.0026301762656025262 -0.00052608265615546046 0.00041872214147588239 0.00038990711587286354 0.0016103594185135858 0.0063166501258890475 -0.0037136375766602305 -0.0016540727738133618 0.0046639585370818774 0.0022162581717028564 -0.00048432847651808212 0.00026111833816744187
leaf_weight=9209 10349 164 23 349 40 521 28 31 21 71 27 46 90 3850
leaf_count=9209 10349 164 23 349 40 521 28 31 21 71 27 46 90 3850
internal_value=1.95445e-13 -7.21985e-05 -0.000783996 -0.000330938 -3.82067e-05 0.000496899 0.00260258 0.00408316 -7.33114e-05 0.000144768 -6.60391e-05 0.00113058 0.000429105 6.50168e-05
internal_weight=24819 11760 536 372 11224 691 99 59 10533 592 10512 163 136 13059
internal_count=24819 11760 536 372 11224 691 99 59 10533 592 10512 163 136 13059
is_linear=0
shrinkage=0.04


Tree=77
num_leaves=15
num_cat=0
split_feature=75 86 65 21 17 27 41 58 13 30 40 90 85 25
split_gain=0.0726096 0.113001 0.156911 0.181652 0.129971 0.135567 0.13253 0.124152 0.0961298 0.122647 0.111282 0.134411 0.112111 0.118511
threshold=0.25448375545476692 0.13928780417704587 0.87043500000000007 0.036334719665606495 0.049773017282962274 0.040013116146424402 0.11148132246232491 1886153449.3880002 -0.045316611201261618 -0.25522067594729003 0.095364577789555885 6.015443015559177e-12 0.099510753451137371 0.023215536712613925
decision_type=8 10 10 10 10 10 10 8 10 10 10 8 10 10
left_child=8 2 -2 -4 5 -3 -7 -5 9 -1 -11 -12 13 -13
right_child=1 4 3 7 -6 6 -8 -9 -10 10 11 12 -14 -15
leaf_value=-0.0016517135616053236 0.00026457206861279896 -1.6737571580274424e-06 -0.00073829424075895088 0.00016202073113095981 -0.0014831421794979877 0.0028430928301962986 7.7775281265770135e-05 0.0035714680675417187 -7.1690122628953749e-06 0.00038081215148985285 -0.0024080766625702381 0.00013105664184676267 -0.00042946946436177698 0.0019497564738641864
leaf_weight=55 429 2863 1219 54 91 54 57 25 16483 2633 40 267 476 73
leaf_count=55 429 2863 1219 54 91 54 57 25 16483 2633 40 267 476 73
internal_value=-3.14852e-13 -0.000139867 -0.000398635 -0.000617831 5.93876e-06 5.15024e-05 0.00142306 0.00124096 3.34669e-05 0.000222463 0.000252007 -0.000144189 -3.32146e-05 0.000521542
internal_weight=24819 4792 1727 1298 3065 2974 111 79 20027 3544 3489 856 816 340
internal_count=24819 4792 1727 1298 3065 2974 111 79 20027 3544 3489 856 816 340
is_linear=0
shrinkage=0.04


Tree=78
num_leaves=15
num_cat=0
split_feature=37 74 59 25 90 58 64 8 16 14 95 87 48 30
split_gain=0.0710731 0.108135 0.127202 0.134098 0.124713 0.166239 0.140705 0.129367 0.115795 0.107164 0.0968977 0.0905124 0.0996958 0.110224
threshold=-0.11050856245068762 -0.42519448635449703 422458434.45433336 0.014042239212302412 1.9320737768577031e-11 1367678884.7205002 1.9264700000000003 0.90690135995103505 0.045402259988463832 0.11231243549626625 0.54166666666666685 -0.71037957874619406 -0.076572116671126553 -0.074710185540249538
decision_type=8 10 10 8 10 10 10 8 10 10 10 10 8 10
left_child=1 9 3 -3 7 6 -6 10 -7 -1 -4 -2 13 -13
right_child=11 2 4 -5 5 8 -8 -9 -10 -11 -12 12 -14 -15
leaf_value=5.1576494155964312e-05 -0.00024186584571084943 0.0021299834559965684 0.00034414249224806428 0.00025950049896813013 -0.00043073871469032023 -0.0026424295000731946 0.0007836326090780337 0.002025024978044842 0.00054974282626062631 0.0017140288474911359 -0.0016943010622635485 6.9467444099515318e-06 0.00012230627276373345 -0.00026817438952278782
leaf_weight=109 2618 95 555 173 625 75 202 70 24 144 40 9380 7609 3100
leaf_count=109 2618 95 555 173 625 75 202 70 24 144 40 9380 7609 3100
internal_value=7.34591e-14 0.000221949 0.000116361 0.000922545 -1.9439e-05 -0.000319553 -0.000134121 0.000398464 -0.00186857 0.000997794 0.000207104 -2.06437e-05 8.18599e-06 -6.13926e-05
internal_weight=24819 2112 1859 268 1591 926 827 665 99 253 595 22707 20089 12480
internal_count=24819 2112 1859 268 1591 926 827 665 99 253 595 22707 20089 12480
is_linear=0
shrinkage=0.04


Tree=79
num_leaves=15
num_cat=0
split_feature=7 23 41 3 76 31 24 31 67 64 58 18 50 54
split_gain=0.0713201 0.167846 0.216964 0.181448 0.205179 0.241826 0.260434 0.166201 0.154448 0.150016 0.147105 0.14222 0.18717 0.143532
threshold=0.31053267921698585 0.021346647310125914 -0.020648471060503212 0.034686440160768502 -0.35192579938756763 -0.21056054202234861 0.023162752776970812 -0.28416371834145915 3.1058012500000003 5.4017100000000013 4559801422.5132513 0.046286747598394164 -0.51303484563893165 0.51260615482996941
decision_type=8 10 10 10 10 10 10 10 10 10 10 10 8 8
left_child=1 10 7 4 -4 9 -7 11 -9 -6 -1 12 -3 -13
right_child=-2 2 3 -5 5 6 -8 8 -10 -11 -12 13 -14 -15
leaf_value=1.5091305296339707e-06 -0.000155412621037987 0.0039160699576691344 0.0039598058200337825 -0.00017212743362919849 -1.6887012824388635e-05 0.0013157656862433798 0.0053793437199460134 -0.00017621109280390631 -0.0018747394580596818 0.0022091596702283078 -0.0011201504109247628 -0.0022772016725101478 0.00048993964371340333 0.00015985322744858547
leaf_weight=18411 3969 27 36 275 406 386 27 277 124 55 189 58 463 116
leaf_count=18411 3969 27 36 275 406 386 27 277 124 55 189 58 463 116
internal_value=-2.96434e-13 2.95843e-05 0.000355892 0.000728265 0.00100036 0.000878462 0.00158142 -5.84384e-05 -0.000701442 0.000248693 -9.88838e-06 0.000329881 0.000678726 -0.000652498
internal_weight=24819 20850 2250 1185 910 874 413 1065 401 461 18600 664 490 174
internal_count=24819 20850 2250 1185 910 874 413 1065 401 461 18600 664 490 174
is_linear=0
shrinkage=0.04


Tree=80
num_leaves=15
num_cat=0
split_feature=34 58 73 89 49 98 32 75 26 48 31 25 8 1
split_gain=0.0678957 0.11003 0.102506 0.0882666 0.135743 0.122423 0.0966503 0.111458 0.0863167 0.0850115 0.111868 0.297836 0.203759 0.21699
threshold=-0.048859308686653495 224415467.32586208 0.32040478565844815 6.377247777096394e-12 -0.32690940182742195 0.50423728813559332 -0.42391498391826099 -0.18506355929950671 0.019924028770710613 -0.076572116671126553 -0.17112241785060575 0.022219150830215004 -0.36863043082133423 0.040718225046918473
decision_type=10 8 10 10 8 8 10 10 10 8 10 10 10 10
left_child=1 -1 -3 4 -2 6 -6 8 -8 -5 -11 12 13 -12
right_child=3 2 -4 9 5 -7 7 -9 -10 10 11 -13 -14 -15
leaf_value=0.0015711462079650827 0.0028955393843352797 0.0001996062732518657 -0.0011411043544495968 -6.717505499926791e-05 0.0015285994947232581 -0.00096521709134755114 0.00038244551216242448 -0.00049601285790586906 0.003271034823730588 0.00032757838294550579 0.00048966474211608452 0.0023664543096951784 -9.8752070431406075e-05 0.0033317312925141684
leaf_weight=90 20 2307 95 13064 54 420 96 499 20 2389 350 84 5282 49
leaf_count=90 20 2307 95 13064 54 420 96 499 20 2389 350 84 5282 49
internal_value=2.5928e-13 0.00019803 0.000146581 -2.21028e-05 -0.000369983 -0.000429956 -9.39172e-05 -0.000236382 0.000880478 -3.92021e-06 9.74241e-05 2.04878e-06 -3.29116e-05 0.00083869
internal_weight=24819 2492 2402 22327 1109 1089 669 615 116 21218 8154 5765 5681 399
internal_count=24819 2492 2402 22327 1109 1089 669 615 116 21218 8154 5765 5681 399
is_linear=0
shrinkage=0.04


Tree=81
num_leaves=15
num_cat=0
split_feature=18 47 86 75 22 90 30 27 35 88 42 67 27 55
split_gain=0.0699322 0.180649 0.141627 0.163366 0.204199 0.192512 0.178648 0.154688 0.190883 0.127547 0.122847 0.230879 0.125531 0.120021
threshold=0.045208215541855591 -0.19436097843142011 -0.045033973060931147 -0.40604973766636215 0.032633995121900829 7.0512315325404114e-12 -0.16872427983539098 0.034005793192476159 0.1106995771368109 -0.55261977415000985 0.44932789310020677 2.6167937500000007 0.014698411448006618 3707155209.5110002
decision_type=10 8 10 10 10 10 10 10 10 10 8 10 10 10
left_child=1 10 7 -4 5 9 -6 8 -2 -5 12 -12 -1 -9
right_child=2 -3 3 4 6 -7 -8 13 -10 -11 11 -13 -14 -15
leaf_value=0.00073637451699043281 -0.00064747384342187517 -8.1118448935052214e-06 -0.0018595813231819403 -0.00088093013273707278 0.00065826196440349461 -0.00042340447918473399 0.0038123419941402969 -0.0030064762529964824 0.0030674873463188606 0.0021481729088199519 0.00073078536370868596 0.0046205709141213447 -0.0002152130051049699 -0.0006591107487116778
leaf_weight=563 284 22411 69 30 102 568 40 78 24 86 103 32 366 63
leaf_count=563 284 22411 69 30 102 568 40 78 24 86 103 32 366 63
internal_value=3.91422e-13 1.60658e-05 -0.000280614 1.02196e-05 0.000166414 -0.000120144 0.00154674 -0.000860339 -0.000357996 0.00136478 0.00052532 0.00165281 0.000361476 -0.00195765
internal_weight=24819 23475 1344 895 826 684 142 449 308 116 1064 135 929 141
internal_count=24819 23475 1344 895 826 684 142 449 308 116 1064 135 929 141
is_linear=0
shrinkage=0.04


Tree=82
num_leaves=15
num_cat=0
split_feature=8 89 58 49 94 15 20 31 61 7 90 5 76 41
split_gain=0.067398 0.132547 0.122863 0.102295 0.0945342 0.0768627 0.0762544 0.225033 0.207692 0.154358 0.15511 0.145507 0.147141 0.150536
threshold=1.345173129383656 2.8607247786460497e-11 7977678566.3937511 -0.18323589351984707 1.5000000000000002 0.054935113642814504 0.042140805653981615 -0.20809597022171863 3.0889407618323168 -0.15931049523151306 2.7242945932461461e-11 -0.039548022598870129 0.63438625670121906 0.14555516036559904
decision_type=10 10 10 10 2 10 10 10 10 10 10 10 10 10
left_child=2 3 6 -2 5 -5 -1 9 11 10 -8 -9 13 -13
right_child=1 -3 -4 4 -6 -7 7 8 -10 -11 -12 12 -14 -15
leaf_value=-1.318291377861395e-05 0.00031421434848468647 0.0021968154139661543 0.0024458808776795528 -0.0016008469012660578 -0.0032880947526751293 0.00054105853478081129 0.00059767560717106493 0.0033634714516145841 0.005117374146357179 -0.00023728816956947719 0.0041202861443161969 0.0011574594049524709 0.0022315893312227506 -0.00088494020013808543
leaf_weight=23218 74 24 33 91 36 38 120 35 20 804 24 117 71 114
leaf_count=23218 74 24 33 91 36 38 120 35 20 804 24 117 71 114
internal_value=-1.65519e-14 -0.000636931 6.82167e-06 -0.000921491 -0.00147569 -0.000969898 3.53948e-06 0.000301057 0.00115701 -2.12782e-05 0.00118478 0.00092197 0.000639015 0.000149522
internal_weight=24819 263 24556 239 165 129 24523 1305 357 948 144 337 302 231
internal_count=24819 263 24556 239 165 129 24523 1305 357 948 144 337 302 231
is_linear=0
shrinkage=0.04


Tree=83
num_leaves=15
num_cat=0
split_feature=7 23 41 30 35 68 98 31 5 90 27 52 11 22
split_gain=0.0672114 0.15343 0.226841 0.304769 0.264017 0.190221 0.220563 0.138743 0.137463 0.120874 0.154383 0.171252 0.143618 0.150763
threshold=0.31053267921698585 0.022925099546996747 -0.016927601028349667 -0.20149782099930305 0.079241360717122747 2.9610441666666669 0.46609195402298859 -0.28416371834145915 -0.028452511731010207 3.5881385481053394e-11 0.035113878459824513 0.28333333333333338 -0.043996615905245388 0.010047080383190663
decision_type=8 10 10 10 10 10 10 10 10 10 10 10 10 10
left_child=1 9 7 -4 5 8 -7 -3 -5 10 -1 -12 13 -11
right_child=-2 2 3 4 -6 6 -8 -9 -10 12 11 -13 -14 -15
leaf_value=-9.6207984052158575e-05 -0.00015086956753086026 0.0002968883903703878 -2.6316695548083803e-05 0.0032382930686311209 -0.00046476930691243472 0.0056953478418290612 0.0022398772579792859 -0.00082658417089159059 0.00063203620705103451 0.0010376506628755552 0.0038994809600990266 0.00033378530007956381 5.5866099636252648e-05 2.9802606957589928e-05
leaf_weight=11616 3969 548 332 41 83 38 133 259 154 523 32 66 6590 435
leaf_count=11616 3969 548 332 41 83 38 133 259 154 523 32 66 6590 435
internal_value=7.58644e-13 2.87195e-05 0.000406629 0.000892596 0.00157206 0.00203396 0.00300776 -6.36809e-05 0.00118002 -2.43618e-06 -8.287e-05 0.00149809 0.000122392 0.000580016
internal_weight=24819 20850 1588 781 449 366 171 807 195 19262 11714 98 7548 958
internal_count=24819 20850 1588 781 449 366 171 807 195 19262 11714 98 7548 958
is_linear=0
shrinkage=0.04


Tree=84
num_leaves=15
num_cat=0
split_feature=75 85 42 89 23 29 51 67 29 54 38 67 86 20
split_gain=0.0688779 0.101744 0.184751 0.143452 0.133833 0.0944454 0.094008 0.0920844 0.154356 0.120104 0.118131 0.117485 0.167236 0.144958
threshold=0.25448375545476692 1.2385157034699723 -0.057231516235226591 3.8849128888488752e-11 0.011128371309618891 0.018621997543016442 0.18240018027984342 3.8995150000000005 0.027695684508746998 0.9943834493845588 -0.22114018452174319 1.1854387500000003 0.06059319900547594 0.03481531308041947
decision_type=8 10 10 10 10 10 10 10 10 10 8 10 10 10
left_child=-1 7 -3 4 -4 -5 -6 8 9 10 -2 -12 13 -13
right_child=1 2 3 5 6 -7 -8 -9 -10 -11 11 12 -14 -15
leaf_value=3.2595550022187804e-05 0.0022807648422430845 -0.00048047929526775905 -0.00035347879942491999 0.0011999001287785937 0.00045422521799250891 0.0033462741228027478 0.0039766952831467445 0.00037016508109948302 -0.0018044576217082567 0.0012773689689642065 -4.8408631877825659e-05 -0.0014500063072156058 -0.00027019513675752066 0.00032276581481306091
leaf_weight=20027 29 262 160 121 27 45 22 398 102 83 1742 410 1301 90
leaf_count=20027 29 262 160 121 27 45 22 398 102 83 1742 410 1301 90
internal_value=-6.97688e-13 -0.000136225 0.000334505 0.000903907 0.000206674 0.00178175 0.00203574 -0.000208392 -0.000269682 -0.000226851 -0.000261804 -0.000282615 -0.000509149 -0.00113091
internal_weight=24819 4792 637 375 209 166 49 4155 3757 3655 3572 3543 1801 500
internal_count=24819 4792 637 375 209 166 49 4155 3757 3655 3572 3543 1801 500
is_linear=0
shrinkage=0.04


Tree=85
num_leaves=15
num_cat=0
split_feature=18 47 96 30 32 68 27 22 66 86 58 25 68 7
split_gain=0.067694 0.164994 0.126279 0.157939 0.233499 0.213445 0.205663 0.23838 0.164389 0.136496 0.134506 0.131255 0.124122 0.115544
threshold=0.045208215541855591 -0.19436097843142011 0.60232558139534886 -0.20538139982694106 -0.18986872119647144 4.808907500000001 0.031741405366015385 0.032633995121900829 7.4807300000000003 -0.022446220646477558 1886153449.3880002 0.025439511415282091 7.0338133333333346 -0.20290999491451681
decision_type=10 8 10 10 8 8 10 10 10 10 10 10 10 10
left_child=1 13 3 5 6 -2 12 8 -8 -9 -4 -7 -5 -1
right_child=2 -3 10 4 -6 11 7 9 -10 -11 -12 -13 -14 -15
leaf_value=0.0011707917395004481 -0.0015759259960276691 -7.29973361346869e-06 -0.0033021222864322011 0.0016851734735645386 -0.0014334206545387551 0.00069531465714452059 -0.0011751689900030599 -0.00033178899317018446 0.001565081285578864 0.0030337966320232723 -0.00060863926840743214 -0.0012996595550328494 -0.001006343817458518 0.00024250593051447164
leaf_weight=298 232 22411 42 237 113 178 211 31 42 51 101 75 31 766
leaf_count=298 232 22411 42 237 113 178 211 31 42 51 101 75 31 766
internal_value=3.11841e-13 1.58067e-05 -0.000276087 -0.000142298 0.000235229 -0.000699636 0.000547928 -0.000112803 -0.000720266 0.00176144 -0.00139973 0.000103919 0.00137384 0.000502496
internal_weight=24819 23475 1344 1201 716 485 603 335 253 82 143 253 268 1064
internal_count=24819 23475 1344 1201 716 485 603 335 253 82 143 253 268 1064
is_linear=0
shrinkage=0.04


Tree=86
num_leaves=15
num_cat=0
split_feature=76 16 20 98 89 27 87 17 58 29 20 58 88 88
split_gain=0.0657388 0.0679725 0.108862 0.161829 0.140317 0.162392 0.127314 0.123064 0.214768 0.181053 0.188437 0.211809 0.208102 0.216806
threshold=1.8071445450837331 0.012300844513689149 0.022111414930069247 0.39767441860465119 1.4137272273550719e-11 0.021883777216827067 1.3444986273015243 0.03626704357822421 7977678566.3937511 0.027166505714524374 0.035123788846199037 1221482495.0353754 2.0583361695229967 -0.026738171587748483
decision_type=10 8 8 8 10 10 10 10 8 8 10 10 10 8
left_child=1 -1 -3 4 6 -6 -4 -5 9 10 12 -12 13 -9
right_child=-2 2 3 7 5 -7 -8 8 -10 -11 11 -13 -14 -15
leaf_value=-0.00016824756776251119 -0.00074514518757573674 0.0001862510716482615 -8.1243521989531942e-05 -5.3977440577909037e-05 -0.00046048206236894027 -0.0019673344832501845 0.0032448912747204306 0.0022953347878699954 0.0020631483551447412 -0.00019065659002219079 0.0018349123410307375 0.00039774016684076619 0.001092856022397704 -0.0002874372014336569
leaf_weight=3137 188 5412 232 11867 338 173 20 55 98 1368 262 439 276 954
leaf_count=3137 188 5412 232 11867 338 173 20 55 98 1368 262 439 276 954
internal_value=-6.48355e-14 5.68744e-06 3.10729e-05 -2.11485e-05 -0.000589702 -0.00097063 0.000182735 7.16963e-06 0.000217376 0.000163445 0.000407357 0.000934886 0.000119577 -0.000146652
internal_weight=24819 24631 21494 16082 763 511 252 15319 3452 3354 1986 701 1285 1009
internal_count=24819 24631 21494 16082 763 511 252 15319 3452 3354 1986 701 1285 1009
is_linear=0
shrinkage=0.04


Tree=87
num_leaves=15
num_cat=0
split_feature=96 19 90 76 37 3 44 98 55 49 90 58 25 37
split_gain=0.064053 0.178678 0.117384 0.228514 0.127041 0.0909255 0.0970672 0.0779352 0.131535 0.169708 0.119172 0.133857 0.142675 0.140473
threshold=0.38611111111111118 0.026742659734032444 2.7018976757378373e-11 -0.24862772515324025 -0.032909202367118411 -0.1064382426084554 0.66573027058164413 0.50926243567753005 2621377880.2460008 -0.29818929252508175 9.744503221700754e-12 3783369921.8656254 0.026180061515147009 -0.086440621867642439
decision_type=8 10 10 10 10 10 10 10 10 10 8 10 10 8
left_child=1 5 -3 -4 -5 -1 -7 10 -9 -10 -2 12 13 -12
right_child=7 2 3 4 -6 6 -8 8 9 -11 11 -13 -14 -15
leaf_value=0.0027624850105494258 0.00037918517996323906 0.0004854123744903586 0.00051129492808063071 0.0064665533059641072 0.0022623577965018545 -4.4564163549539955e-05 0.00096274467301210565 -8.1528522131614945e-05 0.0015130330081236491 -0.0010188121477897455 0.00049720369363562094 -0.0010872784245746314 -0.0015947939611429651 -1.3606970811613348e-05
leaf_weight=20 1436 134 53 23 23 1623 169 6961 47 429 924 180 88 12709
leaf_count=20 1436 134 53 23 23 1623 169 6961 47 429 924 180 88 12709
internal_value=3.60828e-13 0.000214442 0.00125712 0.00230165 0.00436446 8.03675e-05 5.04332e-05 -1.92559e-05 -0.000125518 -0.000768819 3.22712e-05 -3.5657e-06 1.06511e-05 2.10141e-05
internal_weight=24819 2045 233 99 46 1812 1792 22774 7437 476 15337 13901 13721 13633
internal_count=24819 2045 233 99 46 1812 1792 22774 7437 476 15337 13901 13721 13633
is_linear=0
shrinkage=0.04


Tree=88
num_leaves=15
num_cat=0
split_feature=88 64 20 98 23 52 89 27 17 58 30 5 42 0
split_gain=0.0632704 0.0878682 0.0811391 0.14819 0.147944 0.138587 0.124196 0.159926 0.12256 0.197753 0.155938 0.225624 0.148409 0.147873
threshold=4.8320994128874544 1.9264700000000003 0.022111414930069247 0.39767441860465119 0.016638918934503328 0.24607046569563265 1.3920093763563505e-11 0.021883777216827067 0.03626704357822421 7977678566.3937511 -0.21268762740479405 0.063750543761774262 0.3663308438449086 0.04901573277532368
decision_type=10 10 8 8 10 10 10 10 10 8 10 10 8 10
left_child=2 -2 4 6 5 -1 -4 -8 -5 10 -10 13 -13 -12
right_child=1 -3 3 8 -6 -7 7 -9 9 -11 11 12 -14 -15
leaf_value=3.0725429518033751e-05 -0.00014242844894928833 -0.0011221569985409693 0.00014605260552658781 -6.6152274884002035e-05 0.001024938374203457 0.00064573335557417113 -0.00042417245732611356 -0.0019126035801160801 -0.00032147048280558601 0.001972990195190876 0.00065876179595154925 0.00020199584468401439 -0.00081571407080116261 0.002407022102588387
leaf_weight=5977 955 173 254 12509 283 650 336 176 843 98 775 1431 273 86
leaf_count=5977 955 173 254 12509 283 650 336 176 843 98 775 1431 273 86
internal_value=4.23e-13 -0.000292688 1.39358e-05 -3.35664e-05 0.000129295 9.10476e-05 -0.000577079 -0.000935821 -7.57009e-06 0.000201444 0.000150502 0.000305618 3.89472e-05 0.000833385
internal_weight=24819 1128 23691 16781 6910 6627 766 512 16015 3506 3408 2565 1704 861
internal_count=24819 1128 23691 16781 6910 6627 766 512 16015 3506 3408 2565 1704 861
is_linear=0
shrinkage=0.04


Tree=89
num_leaves=15
num_cat=0
split_feature=55 80 61 19 91 87 65 48 50 89 50 48 21 15
split_gain=0.0638325 0.156145 0.188181 0.1119 0.165079 0.130472 0.184378 0.109485 0.136154 0.10881 0.108798 0.138637 0.113429 0.125817
threshold=762429284.75100029 0.044798345968297737 -1.0017747440245999 0.021432109536936677 1.0000000180025095e-35 1.5384644874258948 2.6918150000000005 -0.0045740438051650725 -0.1553821692743845 3.5173053181730842e-11 -0.41298287392872929 -0.44815888337203286 0.022824726878511014 0.051797326400068643
decision_type=10 8 8 8 2 8 10 10 10 10 8 10 10 10
left_child=1 7 9 -4 -5 -6 -7 -1 -9 -3 11 -2 -13 -14
right_child=10 2 3 4 5 6 -8 8 -10 -11 -12 12 13 -15
leaf_value=-5.0304308584789345e-06 -0.0010455591280175292 0.0051840995177626619 0.00090465686229230038 -4.9129884069663921e-05 0.00012313910787501795 0.0011784047803498413 0.0048718014766421089 0.0042179877488386069 0.00053325073397632772 0.0011075429145024497 -0.00010580534329923581 0.0004305347421058369 0.0032286037900879729 0.00027740712571693092
leaf_weight=13080 69 20 424 1088 110 95 28 21 68 22 9477 220 59 38
leaf_count=13080 69 20 424 1088 110 95 28 21 68 22 9477 220 59 38
internal_value=1.59018e-13 5.20937e-05 0.000402951 0.00033927 0.000157798 0.00112405 0.00201918 4.48331e-06 0.00140268 0.00304876 -7.89936e-05 0.000579283 0.000932955 0.00207246
internal_weight=24819 14956 1787 1745 1321 233 123 13169 89 42 9863 386 317 97
internal_count=24819 14956 1787 1745 1321 233 123 13169 89 42 9863 386 317 97
is_linear=0
shrinkage=0.04


Tree=90
num_leaves=15
num_cat=0
split_feature=1 78 8 26 61 41 31 73 20 59 90 63 41 20
split_gain=0.0615914 0.0846687 0.071177 0.107025 0.0836678 0.0688898 0.0725216 0.200765 0.125296 0.108832 0.108998 0.0927404 0.0904499 0.0889667
threshold=-0.093160985810497962 -0.028235667189430932 -0.32984869259471516 0.016159598214270942 0.68067741101892942 -0.23649821977901833 -0.37369383490073138 -0.11391158153815005 0.04684349445732354 486640866.31183344 1.1520569638139246e-11 0.51305031446540894 0.049801923837501712 0.048490262820787333
decision_type=10 10 8 8 10 8 8 10 8 10 10 10 10 10
left_child=2 -2 -1 -4 -5 -3 7 8 -7 -9 11 -11 -12 -8
right_child=1 5 3 4 -6 6 13 9 -10 10 12 -13 -14 -15
leaf_value=0.0027956412792471902 -0.0005093372190349189 -0.0010947819720380583 -0.00035390636429280769 0.00048175963070557024 0.0024596542182981091 0.00098014190633289732 3.4338918582580297e-06 0.0023493369507292909 0.0036260239300983294 0.0027752830658573659 -0.00076557404845614002 0.00013098173019003182 0.0017084170433764273 -0.0009870799372852972
leaf_weight=21 526 91 155 104 51 90 23181 30 42 32 261 63 26 146
leaf_count=21 526 91 155 104 51 90 23181 30 42 32 261 63 26 146
internal_value=-1.80253e-13 -7.32597e-06 0.000541989 0.000389322 0.00113255 3.69389e-06 7.88145e-06 0.000464432 0.00182201 2.94782e-05 -0.00015271 0.00102169 -0.000541449 -2.76558e-06
internal_weight=24819 24488 331 310 155 23962 23871 544 132 412 382 95 287 23327
internal_count=24819 24488 331 310 155 23962 23871 544 132 412 382 95 287 23327
is_linear=0
shrinkage=0.04


Tree=91
num_leaves=15
num_cat=0
split_feature=75 85 42 89 23 67 29 75 21 54 74 41 40 38
split_gain=0.0614339 0.0929811 0.16946 0.129673 0.12304 0.0898168 0.133298 0.11571 0.125351 0.114358 0.108074 0.105478 0.139013 0.0999495
threshold=0.25448375545476692 1.2385157034699723 -0.057231516235226591 3.8849128888488752e-11 0.011128371309618891 3.8995150000000005 0.027695684508746998 0.3878273030152341 0.020406001450377177 0.9943834493845588 0.0036560010521070612 0.13304831574153622 0.079948242350321067 -0.22114018452174319
decision_type=8 10 10 10 10 10 10 10 10 10 10 10 10 8
left_child=-1 5 -3 4 -4 6 9 11 -9 13 -8 12 -7 -2
right_child=1 2 3 -5 -6 7 10 8 -10 -11 -12 -13 -14 -15
leaf_value=3.0783805471434017e-05 0.0020862587451420979 -0.00045918032352513551 -0.00033331716566317482 0.0017012983149181243 0.0019575437597635827 -0.00075808132503880194 0.00095198482554405923 0.00019450784999013431 0.0021334402200041546 0.0012494264609960234 -0.0023274442371798727 -0.001439373605066865 0.002352363627212934 -0.00027162030696116171
leaf_weight=20027 29 262 160 166 49 56 20 131 90 83 82 82 39 3543
leaf_count=20027 29 262 160 166 49 56 20 131 90 83 82 82 39 3543
internal_value=2.6491e-13 -0.000128653 0.000321349 0.000866678 0.000203775 -0.000197643 -0.000258173 0.000373747 0.000984118 -0.000218371 -0.00168442 -0.000388356 0.000518838 -0.000252477
internal_weight=24819 4792 637 375 209 4155 3757 398 221 3655 102 177 95 3572
internal_count=24819 4792 637 375 209 4155 3757 398 221 3655 102 177 95 3572
is_linear=0
shrinkage=0.04


Tree=92
num_leaves=15
num_cat=0
split_feature=32 18 20 86 88 65 31 87 28 8 31 67 30 23
split_gain=0.061221 0.151299 0.139524 0.474157 0.2652 0.136066 0.126169 0.123812 0.165433 0.114149 0.179716 0.151626 0.147447 0.185609
threshold=-0.22814726482308892 0.04232184486723032 0.035123788846199037 0.3384838615534112 0.39198462417947438 3.9501150000000007 -0.24533325816394316 0.93578251187481565 0.030085566696606721 0.024033523803175808 -0.066373989218132798 0.93646250000000009 -0.21506501182033097 0.023136996017670337
decision_type=8 10 10 10 10 10 8 10 10 8 10 10 10 10
left_child=9 2 7 4 -4 -3 -7 -2 -9 11 12 -1 -11 -14
right_child=1 5 3 -5 -6 6 -8 8 -10 10 -12 -13 13 -15
leaf_value=0.00028930577572849133 -0.00015450775476963028 -0.001701056024085684 0.0070713738449627453 -0.0012406900863344264 0.001891056438907981 0.0011577985869099697 -0.00068812990711394255 0.00010384967184458161 0.002991838340240065 -0.00042521750984622907 0.0023302359363785194 -0.00014568600427537363 0.00014225910454135742 0.00084895726116035301
leaf_weight=1656 6937 161 21 72 64 75 282 3847 32 607 62 5679 4642 682
leaf_count=1656 6937 161 21 72 64 75 282 3847 32 607 62 5679 4642 682
internal_value=-8.51317e-14 -6.76584e-05 -3.61228e-05 0.00114775 0.0031709 -0.000735691 -0.00030033 -5.33073e-05 0.000127674 5.8333e-05 0.00018784 -4.74793e-05 0.000165444 0.000232787
internal_weight=24819 11491 10973 157 85 518 357 10816 3879 13328 5993 7335 5931 5324
internal_count=24819 11491 10973 157 85 518 357 10816 3879 13328 5993 7335 5931 5324
is_linear=0
shrinkage=0.04


Tree=93
num_leaves=15
num_cat=0
split_feature=36 58 8 24 47 17 35 6 64 74 21 42 85 64
split_gain=0.0616693 0.151722 0.144643 0.124511 0.119507 0.10561 0.197055 0.105318 0.103819 0.157297 0.108194 0.101856 0.13993 0.115942
threshold=0.19606558800633403 2269656260.0200005 1.345173129383656 0.016711049707151936 -0.0031015818147421266 0.045115171235043272 0.29128893868698441 0.64486306919462022 5.5299000000000005 -0.24599782398712969 0.039900760018642262 -0.052192634457238478 0.41108103705124893 4.5157100000000012
decision_type=10 10 8 8 10 10 10 10 10 8 10 10 10 10
left_child=4 3 11 5 8 7 -7 -2 -1 -10 -11 -3 13 -13
right_child=1 2 -4 -5 -6 6 -8 -9 9 10 -12 12 -14 -15
leaf_value=-8.8333036486157882e-06 -0.00027277502343822711 -0.00085828996545007062 -0.00098690299336415006 -0.0011874135085300518 0.00085272276656335173 0.0026931722772618135 -0.0018784597499126737 -0.0029871708915258448 -0.0019963505180753969 0.00044112270891297553 0.0019182928948430346 -0.0012468265925698529 0.0038081362842737388 0.0013418190196569032
leaf_weight=22723 486 43 85 316 269 48 22 24 37 457 96 34 30 149
leaf_count=22723 486 43 85 316 269 48 22 24 37 457 96 34 30 149
internal_value=4.34918e-13 -0.000275301 0.000442785 -0.000548591 1.4441e-05 -0.000200542 0.00125637 -0.000400511 4.76837e-06 0.000528617 0.000697557 0.000917487 0.00127598 0.000860868
internal_weight=24819 1237 341 896 23582 580 70 510 23313 590 553 256 213 183
internal_count=24819 1237 341 896 23582 580 70 510 23313 590 553 256 213 183
is_linear=0
shrinkage=0.04


Tree=94
num_leaves=15
num_cat=0
split_feature=30 22 18 31 32 8 42 25 40 86 87 23 58 24
split_gain=0.0598085 0.191523 0.234989 0.130436 0.124889 0.175819 0.155162 0.161522 0.147797 0.14027 0.179962 0.118124 0.111567 0.167247
threshold=-0.060863035022086669 0.013337798558180682 0.037456849011736355 -0.25245130862501414 -0.34122476134469648 0.25587988293036174 0.1116863022080359 0.017252781916223234 0.14030979560224924 0.30161279823216763 -0.38020545117048044 0.0086174821532962794 579475914.99987507 0.023754940595836545
decision_type=10 10 10 8 10 8 8 10 10 10 10 10 10 10
left_child=12 4 3 -3 -2 -6 7 8 9 -7 -11 -8 13 -1
right_child=1 2 -4 -5 5 6 11 -9 -10 10 -12 -13 -14 -15
leaf_value=0.00015104599246308374 -0.00056829768960026778 0.00052021264572064876 0.0014604924288869371 -0.0013808813173174592 -9.5049209782706957e-05 -0.00012083920759214921 -0.00047365876897460753 0.00263615264003224 -0.0013989569550280326 0.003712585395637979 0.00097795670212600652 0.00058466726386530415 -4.2130549126062091e-05 0.0038140346715226769
leaf_weight=7091 638 67 64 418 4373 134 340 79 49 47 213 335 10951 20
leaf_count=7091 638 67 64 418 4373 134 340 79 49 47 213 335 10951 20
internal_value=-3.51528e-13 -0.000101521 -0.000817637 -0.00111826 -3.81916e-05 2.25279e-05 0.000452072 0.000969944 0.00067281 0.000930467 0.00147229 5.15845e-05 3.7979e-05 0.000161348
internal_weight=24819 6757 549 485 6208 5570 1197 522 443 394 260 675 18062 7111
internal_count=24819 6757 549 485 6208 5570 1197 522 443 394 260 675 18062 7111
is_linear=0
shrinkage=0.04


Tree=95
num_leaves=15
num_cat=0
split_feature=88 64 87 66 26 31 25 54 86 74 59 39 65 33
split_gain=0.0590714 0.0797608 0.0743676 0.120913 0.110678 0.169942 0.145559 0.141063 0.131962 0.153831 0.123493 0.111315 0.11214 0.133824
threshold=4.8320994128874544 1.9264700000000003 0.19300884326208265 8.419357500000002 0.021479247169798946 -0.21056054202234861 0.017077764021455406 2.0931672722736083 -0.30943691243232518 -0.37854257789607698 576809799.2615 -0.054371299076195138 6.5419300000000016 0.025648215049589033
decision_type=10 10 10 10 10 8 10 8 10 10 10 10 10 10
left_child=2 -2 4 -4 -1 8 10 11 -6 -10 -7 -8 -13 -14
right_child=1 -3 3 -5 5 6 7 -9 9 -11 -12 12 13 -15
leaf_value=-2.8339523085709333e-06 -0.00013964937269963148 -0.0010730853990646284 7.3164154495424828e-05 0.0031108242158024088 -0.0025179195648524911 0.00012113237238762095 0.0034050899236039685 -0.0014109897355312391 0.0027492664785434802 -0.00072261954729467689 -0.0010445367926667248 8.2132302948509248e-05 0.0026174005540087818 0.00036877509930895435
leaf_weight=8752 955 173 12913 21 64 284 22 61 21 738 298 344 74 99
leaf_count=8752 955 173 12913 21 64 284 22 61 21 738 298 344 74 99
internal_value=-2.61188e-16 -0.000282809 1.34654e-05 7.80962e-05 -6.42453e-05 -0.000332311 -2.50244e-05 0.000412152 -0.00077364 -0.000626559 -0.000475722 0.000618482 0.000499903 0.00133061
internal_weight=24819 1128 23691 12934 10757 2005 1182 600 823 759 582 539 517 173
internal_count=24819 1128 23691 12934 10757 2005 1182 600 823 759 582 539 517 173
is_linear=0
shrinkage=0.04


Tree=96
num_leaves=15
num_cat=0
split_feature=4 40 51 24 25 85 89 22 31 8 21 95 50 55
split_gain=0.0585412 0.137526 0.0857319 0.085384 0.248896 0.251037 0.180174 0.174411 0.14666 0.151733 0.251507 0.137885 0.133477 0.124732
threshold=-0.094046189105418385 -0.17567071735406123 0.13556217793505923 0.016409127298472919 0.021379178666032391 0.96193991068662432 9.6909089270232771e-12 0.019672913534564049 -0.28416371834145915 -0.055296648310034717 0.017629883264189985 0.54166666666666685 -0.39061423220973779 2227974986.3320003
decision_type=10 10 10 10 10 10 10 10 8 10 10 10 8 10
left_child=-1 2 -2 4 7 6 -6 -3 11 10 -10 -5 -9 -14
right_child=1 3 -4 8 5 -7 -8 12 9 -11 -12 -13 13 -15
leaf_value=0.00019067534325025039 -0.001647955931978011 -1.6367100407625073e-05 0.0011157677380279416 0.00041679253640713841 0.0041106731697916985 0.0054717930335374107 0.00051476198188662168 0.0036951089530651059 -0.00031926982849243677 -0.00012264673176223462 -0.0016848596548816267 -0.00028426730133498647 0.00032044916533239566 0.001894793416938504
leaf_weight=2334 124 14788 21 1206 25 21 206 21 879 3259 286 715 845 89
leaf_count=2334 124 14788 21 1206 25 21 206 21 879 3259 286 715 845 89
internal_value=-2.25823e-13 -1.97926e-05 -0.00124769 -1.18228e-05 3.743e-05 0.00128459 0.00090393 1.74666e-05 -0.000135983 -0.000262707 -0.000654513 0.000155857 0.000541375 0.000470467
internal_weight=24819 22485 145 22340 15995 252 231 15743 6345 4424 1165 1921 955 934
internal_count=24819 22485 145 22340 15995 252 231 15743 6345 4424 1165 1921 955 934
is_linear=0
shrinkage=0.04


Tree=97
num_leaves=15
num_cat=0
split_feature=16 16 17 98 50 90 22 64 68 5 24 32 74 56
split_gain=0.0574615 0.100103 0.124446 0.147638 0.154234 0.141048 0.116563 0.10064 0.239004 0.362691 0.13812 0.131673 0.200244 0.186434
threshold=0.012300844513689149 0.023260897881146565 0.028375694665466598 0.5676470588235295 -0.34557164983579453 2.7018976757378373e-11 0.018039313564467602 2.0861600000000005 3.2807291666666667 -0.14271109531805928 0.021533856310169509 -0.26276153196391955 0.66662461151351304 408696629.36350006
decision_type=8 10 10 8 8 10 10 10 10 10 10 8 10 10
left_child=-1 -2 -3 7 5 -5 -6 8 10 -10 -4 13 -13 -9
right_child=1 2 3 4 6 -7 -8 11 9 -11 -12 12 -14 -15
leaf_value=-0.00016001053412087189 0.00011485615113703348 -0.00024094173348402815 0.00027740135799358539 0.00085298980435575633 -0.00057131986361590745 0.0033967253532401231 0.00075198057411196507 0.0032413067800346118 0.0066206214549121168 0.0006225337382380127 -0.00072667490156536096 -0.0005912096526850361 0.0003937752406510031 1.9420233370159108e-05
leaf_weight=3137 10139 3909 1600 102 169 53 288 29 23 54 254 1481 425 3156
leaf_count=3137 10139 3909 1600 102 169 53 288 29 23 54 254 1481 425 3156
internal_value=-6.15712e-13 2.31507e-05 -5.74005e-05 3.65821e-05 0.000632433 0.00172278 0.00026262 -1.5349e-05 0.000230532 0.00241417 0.000139842 -0.000108611 -0.000371578 4.87561e-05
internal_weight=24819 21682 11543 7634 612 155 457 7022 1931 77 1854 5091 1906 3185
internal_count=24819 21682 11543 7634 612 155 457 7022 1931 77 1854 5091 1906 3185
is_linear=0
shrinkage=0.04


Tree=98
num_leaves=15
num_cat=0
split_feature=34 25 47 42 29 1 65 24 52 25 89 20 56 75
split_gain=0.0570678 0.0888727 0.0686267 0.11314 0.0800502 0.124876 0.0679005 0.1439 0.138643 0.110744 0.137229 0.0973892 0.084955 0.0839243
threshold=0.19646682963495923 0.014945417089085136 -0.0031015818147421266 -0.10715415172942148 0.028421595018686373 0.09952844774273352 7.3619950000000012 0.02671187025474759 0.34318318894615646 0.022130913176785293 2.9653947896374878e-11 0.035702484237257893 1167171511.2030003 0.20539654369865626
decision_type=10 10 10 8 10 10 10 10 8 10 8 10 10 8
left_child=2 -2 6 -4 5 -5 13 8 -8 10 -10 12 -12 -1
right_child=1 -3 3 4 -6 -7 7 -9 9 -11 11 -13 -14 -15
leaf_value=2.7122988181906334e-05 -0.0028689786314914402 -0.00019703976985445057 0.0022074062668252735 -0.00010354436004632081 -0.001967929951303328 0.0017929814086080746 0.0038070422103223594 -0.001852331149081389 -0.00076317031569002813 0.0020561326119786826 0.0018853247346529781 0.0035693617723882199 -0.00057500124126276444 -0.00015408447889727703
leaf_weight=18789 28 69 56 193 24 78 23 36 120 64 43 22 47 5227
leaf_count=18789 28 69 56 193 24 78 23 36 120 64 43 22 47 5227
internal_value=-3.44774e-13 -0.000968321 3.79933e-06 0.000559125 0.000246231 0.000442319 -4.19867e-06 0.000544958 0.000815498 0.000583047 0.000176679 0.00118366 0.000600488 -1.23162e-05
internal_weight=24819 97 24722 351 295 271 24371 355 319 296 232 112 90 24016
internal_count=24819 97 24722 351 295 271 24371 355 319 296 232 112 90 24016
is_linear=0
shrinkage=0.04


Tree=99
num_leaves=15
num_cat=0
split_feature=76 13 40 74 54 37 54 64 34 80 67 42 32 90
split_gain=0.0557185 0.0619337 0.107271 0.109584 0.21112 0.13515 0.128284 0.133947 0.128576 0.125987 0.11869 0.162646 0.112438 0.129748
threshold=1.8071445450837331 -0.047260550108156545 inf -0.31084228310848844 0.64626205078712806 0.079917928643469707 0.61433905537775202 6.5118800000000006 -0.042907312155863124 0.047854333378543369 4.0791712500000008 0.33165482721696166 -0.49165044351249471 3.3851999839948031e-11
decision_type=10 10 8 10 10 10 8 10 10 10 10 10 10 10
left_child=1 -1 3 4 9 -6 7 12 -8 -3 11 -11 -5 -14
right_child=-2 2 -4 6 5 -7 8 -9 -10 10 -12 -13 13 -15
leaf_value=0.00011056494156633413 -0.00068600870039749976 3.3977161258768732e-05 -0.0011868221242639265 0.00082529420018172218 0.0020738367737555851 -0.0012451223413581433 0.00012458220076022445 0.0030126505895801217 -0.00066258788015543493 0.00087191497636675221 -0.00096293805727327715 0.0042032546250042151 -0.00017757002580902554 9.1635028091149672e-05
leaf_weight=6555 188 4005 128 234 134 23 478 23 1087 239 48 26 6575 5076
leaf_count=6555 188 4005 128 234 134 23 478 23 1087 239 48 26 6575 5076
internal_value=-1.02886e-13 5.23607e-06 -3.29599e-05 -2.47309e-05 0.000146768 0.00158762 -8.16935e-05 -3.69477e-05 -0.000422161 9.43793e-05 0.000867256 0.00119876 -4.28494e-05 -6.02853e-05
internal_weight=24819 24631 18076 17948 4475 157 13473 11908 1565 4318 313 265 11885 11651
internal_count=24819 24631 18076 17948 4475 157 13473 11908 1565 4318 313 265 11885 11651
is_linear=0
shrinkage=0.04


Tree=100
num_leaves=15
num_cat=0
split_feature=36 58 8 24 46 31 17 35 47 6 64 74 67 58
split_gain=0.0559739 0.136419 0.128032 0.110398 0.101731 0.158177 0.119154 0.189043 0.101646 0.0934956 0.0911606 0.142458 0.10297 0.143579
threshold=0.19606558800633403 2269656260.0200005 1.345173129383656 0.016711049707151936 0.78438301115499198 -0.20164337586436362 0.045115171235043272 0.29128893868698441 -0.0031015818147421266 0.64486306919462022 5.5299000000000005 -0.24599782398712969 3.8995150000000005 860976301.81850016
decision_type=10 10 8 8 10 10 10 10 10 10 10 8 8 10
left_child=8 3 -3 4 -2 -6 9 -8 10 -7 -1 -12 -13 -14
right_child=1 2 -4 -5 5 6 7 -9 -10 -11 11 12 13 -15
leaf_value=-7.9080974637986991e-06 -0.0015085516489947355 0.00086524405645832308 -0.00092646643223569681 -0.0011229505977605153 0.002835579172397653 -0.0002574564249142451 0.0029973365133316421 -0.001727608010172844 0.00078686293569323344 -0.0028310957031014066 -0.0019072029382191799 -0.00047763366717845201 0.0023782505097146005 0.00056851711640010965
leaf_weight=22723 81 256 85 316 30 383 42 20 269 24 37 104 87 362
leaf_count=22723 81 256 85 316 30 383 42 20 269 24 37 104 87 362
internal_value=4.66463e-13 -0.000262281 0.00041863 -0.000521422 -0.000193692 1.9742e-05 -0.000160376 0.00147316 1.3758e-05 -0.000409219 4.83742e-06 0.000495713 0.000656487 0.000919178
internal_weight=24819 1237 341 896 580 499 469 62 23582 407 23313 590 553 449
internal_count=24819 1237 341 896 580 499 469 62 23582 407 23313 590 553 449
is_linear=0
shrinkage=0.04


Tree=101
num_leaves=15
num_cat=0
split_feature=75 86 38 35 58 20 19 8 35 30 39 27 66 48
split_gain=0.0541852 0.149016 0.0624687 0.0621432 0.0597055 0.228824 0.104152 0.241664 0.1678 0.15114 0.251855 0.149742 0.107771 0.116902
threshold=-0.51801876273065817 -0.032414722627934718 0.094946228508759681 -0.070002239186332346 569948352.41962516 0.035123788846199037 0.029173466454225357 0.16671318019879358 0.0069326520048030868 -0.08583080174349482 -0.017978486628521691 0.02933861928288075 2.1731400000000005 -0.20658561943059525
decision_type=8 10 10 10 10 10 10 8 10 10 10 10 10 10
left_child=1 3 -3 -1 5 6 -2 8 12 -9 -11 -12 13 -8
right_child=4 2 -4 -5 -6 -7 7 9 -10 10 11 -13 -14 -15
leaf_value=0.004373601978644729 2.1464421171155619e-05 0.00054235034820664194 -0.0013283148403647111 0.0013249190319734423 -6.3201736367544842e-05 0.0035505215156202514 0.00094013512533690257 -0.00056866323897944914 0.00061362174234232082 0.0047208744140031442 -0.00056779984704847337 0.0020128733702321454 0.00048401200287044046 0.0044231965428154019
leaf_weight=20 10686 115 38 23 13203 30 21 288 129 24 104 55 25 58
leaf_count=20 10686 115 38 23 13203 30 21 288 129 24 104 55 25 58
internal_value=-2.17975e-13 0.000662446 7.77407e-05 0.00274291 -5.2731e-06 6.16999e-05 5.25107e-05 0.000523762 0.00157745 2.5113e-06 0.000901409 0.000324886 0.00277297 0.00349732
internal_weight=24819 196 153 43 24623 11420 11390 704 233 471 183 159 104 79
internal_count=24819 196 153 43 24623 11420 11390 704 233 471 183 159 104 79
is_linear=0
shrinkage=0.04


Tree=102
num_leaves=15
num_cat=0
split_feature=32 25 20 15 32 66 19 23 30 23 18 55 66 58
split_gain=0.0542058 0.183814 0.183696 0.147726 0.137239 0.1759 0.117911 0.112914 0.109916 0.153347 0.148318 0.109144 0.180356 0.198417
threshold=-0.1797816637512071 0.012621567341638768 0.025522947579238182 0.044713250190162319 -0.17999449462454245 1.5316725000000002 0.024512450429301662 0.016407972329639042 -0.19537241686902221 0.021346647310125914 0.043692552256270119 675939538.49300003 1.7146275 555081876.53075016
decision_type=8 10 10 10 10 10 10 10 10 10 10 10 10 10
left_child=4 2 6 7 11 -6 -2 -4 10 -10 -8 12 -1 -14
right_child=1 -3 3 -5 5 -7 8 -9 9 -11 -12 -13 13 -15
leaf_value=3.0084439092727705e-05 5.6638919284571868e-05 -0.00058733488403650482 -7.3647966951523959e-05 0.0037337930577204508 0.0030943604275575436 -0.00024832359835272658 0.0021182864690349706 0.0030735348712187262 -0.00044237372621077026 -0.0030988579605602559 -0.00053396217531298063 -7.1810601750919227e-05 0.0010284244311432687 0.00018241345466836167
leaf_weight=7161 4181 1037 76 34 53 48 62 24 1016 36 74 8998 658 1361
leaf_count=7161 4181 1037 76 34 53 48 62 24 1016 36 74 8998 658 1361
internal_value=4.37909e-14 -9.88276e-05 -6.77197e-06 0.00145609 3.53593e-05 0.00150576 -4.32823e-05 0.000681676 -0.000394941 -0.00053328 0.000675151 2.71895e-05 0.000124227 0.000458132
internal_weight=24819 6540 5503 134 18279 101 5369 100 1188 1052 136 18178 9180 2019
internal_count=24819 6540 5503 134 18279 101 5369 100 1188 1052 136 18178 9180 2019
is_linear=0
shrinkage=0.04


Tree=103
num_leaves=15
num_cat=0
split_feature=16 20 96 49 65 98 31 42 90 59 29 85 30 42
split_gain=0.0547433 0.0958544 0.108598 0.116063 0.0946155 0.0922413 0.13227 0.117374 0.145316 0.165886 0.199157 0.106173 0.0982631 0.138731
threshold=0.012300844513689149 0.017253184155101835 0.56309650053022275 -0.19302898818687167 0.7065800000000001 0.39767441860465119 -0.067964074554762374 1.0163623126726269 1.9320737768577031e-11 1392016329.9699171 0.028618145448667823 -0.33965027669287295 -0.087757339643115481 0.26695435395777362
decision_type=8 8 10 10 10 8 10 8 10 10 10 10 10 10
left_child=-1 2 3 -2 -4 6 7 8 -3 12 -11 -8 13 -10
right_child=1 5 4 -5 -6 -7 11 -9 9 10 -12 -13 -14 -15
leaf_value=-0.0001561801417194021 0.0022694747953362314 0.00039555375994210928 0.0039622461793042017 0.00015224511815343928 0.00098514545515366691 2.1293871348673188e-05 0.0037553752623498437 -0.002633310454682662 0.00031887614982721151 -0.0051752050992633618 -0.00044568804277364039 0.000352068649774248 -0.0010657134427905508 -0.0017439857132558246
leaf_weight=3137 43 268 20 1132 117 19300 20 39 282 28 29 55 285 64
leaf_count=3137 43 268 20 1132 117 19300 20 39 282 28 29 55 285 64
internal_value=-5.42001e-13 2.25965e-05 0.000353991 0.000229727 0.00141976 1.2519e-06 -0.000360253 -0.000482354 -0.000394605 -0.0007024 -0.00276896 0.00125962 -0.000515722 -6.26937e-05
internal_weight=24819 21682 1312 1175 137 20370 1070 995 956 688 57 75 631 346
internal_count=24819 21682 1312 1175 137 20370 1070 995 956 688 57 75 631 346
is_linear=0
shrinkage=0.04


Tree=104
num_leaves=15
num_cat=0
split_feature=30 22 18 31 32 8 42 90 57 86 31 23 35 24
split_gain=0.0546059 0.17252 0.207318 0.117291 0.111055 0.158628 0.140823 0.149558 0.150885 0.156206 0.144024 0.108548 0.100811 0.100463
threshold=-0.060863035022086669 0.013337798558180682 0.037456849011736355 -0.25245130862501414 -0.34122476134469648 0.25587988293036174 0.1116863022080359 2.027440273946321e-11 982309363.12400019 0.39568682353314061 -0.17532298224910567 0.0086174821532962794 0.29128893868698441 0.0062046298878682847
decision_type=10 10 10 8 10 8 8 10 10 10 10 10 10 10
left_child=12 4 3 -3 -2 -6 7 -7 9 13 -11 -8 -1 -9
right_child=1 2 -4 -5 5 6 11 8 -10 10 -12 -13 -14 -15
leaf_value=4.1653224500984645e-05 -0.00053678510785979609 0.00049468914014739053 0.0013631342908774968 -0.0013080727021302777 -9.1322795032157232e-05 0.0033380775624199917 -0.00045667381799156673 0.0025136101990938186 -0.0011454329943905274 0.0042314141730387372 0.0013032303035079437 0.0005578471128524754 -0.0016286648803486906 -0.00020630280785991932
leaf_weight=18004 638 67 64 418 4373 38 340 25 60 31 202 335 58 166
leaf_count=18004 638 67 64 418 4373 38 340 25 60 31 202 335 58 166
internal_value=-4.50329e-13 -9.70049e-05 -0.000776666 -0.00105903 -3.68996e-05 2.03584e-05 0.000428363 0.000921727 0.000732013 0.00099769 0.00169282 4.68292e-05 3.62896e-05 0.000149707
internal_weight=24819 6757 549 485 6208 5570 1197 522 484 424 233 675 18062 191
internal_count=24819 6757 549 485 6208 5570 1197 522 484 424 233 675 18062 191
is_linear=0
shrinkage=0.04


Tree=105
num_leaves=15
num_cat=0
split_feature=1 78 96 15 42 88 41 17 21 54 20 18 50 21
split_gain=0.0541967 0.0704443 0.0674189 0.0838138 0.0751274 0.0900909 0.0618785 0.0612611 0.162422 0.175111 0.143118 0.142024 0.258513 0.146371
threshold=-0.093160985810497962 -0.028235667189430932 0.45049019607843144 0.051797326400068643 -0.004068891002488805 -0.36195052076216444 -0.23649821977901833 0.034833185207787436 0.009246981259777293 0.21228548398189398 0.047492135230158855 0.045748663770760999 -0.41298287392872929 0.01077592154320825
decision_type=10 10 8 8 8 10 8 10 10 8 10 10 10 10
left_child=2 -2 -1 4 -4 -6 -3 10 9 -9 -8 12 -10 -14
right_child=1 6 3 -5 5 -7 7 8 11 -11 -12 -13 13 -15
leaf_value=0.0019663926501843061 -0.00046477655974325649 -0.0010378978962774625 0.0014632016631464166 0.0010360892597281446 0.00051706741868446661 -0.0016494885034238299 -1.6582094046880043e-05 0.0012878233821433729 0.0020526702962221964 -0.00050873416439589506 -0.0021178359998604997 -0.00016958455436573728 0.001618231130427772 0.0002496703209415952
leaf_weight=44 526 91 30 130 52 75 19700 97 149 826 52 825 133 2089
leaf_count=44 526 91 30 130 52 75 19700 97 149 826 52 825 133 2089
internal_value=1.75526e-14 -6.87213e-06 0.000508413 0.00028489 -0.000337122 -0.000762395 3.17952e-06 7.14827e-06 0.000147471 -0.00031993 -2.21139e-05 0.000282455 0.000439744 0.000331587
internal_weight=24819 24488 331 287 157 127 23962 23871 4119 923 19752 3196 2371 2222
internal_count=24819 24488 331 287 157 127 23962 23871 4119 923 19752 3196 2371 2222
is_linear=0
shrinkage=0.04


Tree=106
num_leaves=15
num_cat=0
split_feature=75 8 50 32 30 32 59 32 30 54 24 68 6 31
split_gain=0.0532628 0.0849115 0.114811 0.115518 0.0919225 0.0917515 0.129047 0.11237 0.124776 0.0998531 0.0925157 0.151592 0.151277 0.22792
threshold=0.25448375545476692 -0.083760404002618513 -0.39061423220973779 -0.26733185674165427 -0.17792862919319682 -0.24325083625267543 402151774.61616677 -0.36817198109610411 -0.051977029859464612 0.58111319743401835 0.020315185622340994 3.1850575000000005 0.24237443226723246 -0.1786105048752398
decision_type=8 8 10 10 8 8 10 10 10 10 10 10 10 10
left_child=-1 2 -2 -4 -3 7 9 8 -6 -7 11 -9 13 -13
right_child=1 4 3 -5 5 6 -8 10 -10 -11 -12 12 -14 -15
leaf_value=2.8663575507138794e-05 0.0013862636619402717 -0.0012695618158128732 -0.00091527397573299416 0.00028943516309821912 -0.00021402236825685041 3.8405801988509066e-05 -0.0004895433017237579 0.00028680142847728403 -0.0028882640490637108 0.0020695938471471894 -0.00043956823990447448 -0.00052388589514885096 0.00066523072655023691 0.004574401107160969
leaf_weight=20027 48 96 547 166 156 1214 1106 997 34 40 205 20 116 47
leaf_count=20027 48 96 547 166 156 1214 1106 997 34 40 205 20 116 47
internal_value=-2.98682e-13 -0.000119792 -0.000507317 -0.000634795 -4.6633e-05 -1.67978e-05 -0.000174587 0.000219636 -0.000692571 0.000103196 0.000344776 0.00048104 0.00153927 0.00305252
internal_weight=24819 4792 761 713 4031 3935 2360 1575 190 1254 1385 1180 183 67
internal_count=24819 4792 761 713 4031 3935 2360 1575 190 1254 1385 1180 183 67
is_linear=0
shrinkage=0.04


Tree=107
num_leaves=15
num_cat=0
split_feature=75 13 40 74 54 37 80 29 42 54 64 34 32 32
split_gain=0.0523302 0.0583907 0.100826 0.101406 0.193862 0.123557 0.113065 0.113347 0.184297 0.110622 0.121868 0.119094 0.10342 0.100366
threshold=1.1565509054542753 -0.047260550108156545 inf -0.31084228310848844 0.64626205078712806 0.079917928643469707 0.047854333378543369 0.027695684508746998 0.33165482721696166 0.61433905537775202 6.5118800000000006 -0.042907312155863124 -0.40381209699391518 -0.49165044351249471
decision_type=10 10 8 10 10 10 10 10 10 8 10 10 8 10
left_child=1 -1 3 4 6 -6 12 8 -8 10 13 -11 -3 -5
right_child=-2 2 -4 9 5 -7 7 -9 -10 11 -12 -13 -14 -15
leaf_value=0.00010762089777513625 -0.00065780816171051516 -0.0011485233783478969 -0.0011505501279407326 0.00077745015786674155 0.0019866875165190771 -0.0011867296282687912 0.00074223301968727776 -0.0017605145884677768 0.0044033027750750384 0.00013135849923931966 0.0028717015116758969 -0.00062623018886343355 6.8613412726882918e-05 -5.9225080272978128e-05
leaf_weight=6534 192 115 128 234 134 23 264 25 24 478 23 1087 3890 11668
leaf_count=6534 192 115 128 234 134 23 264 25 24 478 23 1087 3890 11668
internal_value=-1.24401e-13 5.12848e-06 -3.1885e-05 -2.39146e-05 0.000141087 0.00152179 9.08851e-05 0.000823054 0.00104732 -7.865e-05 -3.71544e-05 -0.000394839 3.36644e-05 -4.27756e-05
internal_weight=24819 24627 18093 17965 4475 157 4318 313 288 13490 11925 1565 4005 11902
internal_count=24819 24627 18093 17965 4475 157 4318 313 288 13490 11925 1565 4005 11902
is_linear=0
shrinkage=0.04


Tree=108
num_leaves=15
num_cat=0
split_feature=87 66 26 31 25 54 86 74 2 59 98 66 7 94
split_gain=0.0508898 0.107048 0.0968323 0.155359 0.132703 0.120905 0.120764 0.132051 0.106002 0.105486 0.101657 0.0960968 0.0931942 0.0928396
threshold=0.19300884326208265 8.419357500000002 0.021479247169798946 -0.21056054202234861 0.017077764021455406 2.0931672722736083 -0.30943691243232518 -0.37854257789607698 0.036046689097306579 576809799.2615 0.50926243567753005 6.3979975000000007 -0.3605462331995582 2.5000000000000004
decision_type=10 10 10 8 10 10 10 10 10 10 8 10 10 2
left_child=2 13 10 6 9 8 -4 -8 11 -5 -1 -6 -9 -2
right_child=1 -3 3 4 5 -7 7 12 -10 -11 -12 -13 -14 -15
leaf_value=0.00010722377141958407 3.5187844062028835e-05 0.002904966931257929 -0.0024060605248814684 9.9635111544839545e-05 0.00069185115382503219 -0.0012920867417534415 0.0025309973689062256 0.0018785842287946831 5.1282639710186381e-05 -0.00097770025743477854 -0.00016417280532246694 0.0024142312568922841 -0.00076452285448251351 0.00096769315745268353
leaf_weight=5193 13585 21 64 284 185 61 21 22 282 298 3842 72 716 173
leaf_count=5193 13585 21 64 284 185 61 21 22 282 298 3842 72 716 173
internal_value=-2.91778e-13 5.12695e-05 -6.39893e-05 -0.000315463 -2.16555e-05 0.000395769 -0.000737432 -0.000596731 0.000586788 -0.00045199 -8.18361e-06 0.00117439 -0.000685731 4.69136e-05
internal_weight=24819 13779 11040 2005 1182 600 823 759 539 582 9035 257 738 13758
internal_count=24819 13779 11040 2005 1182 600 823 759 539 582 9035 257 738 13758
is_linear=0
shrinkage=0.04


Tree=109
num_leaves=15
num_cat=0
split_feature=88 20 23 52 98 68 68 59 75 42 59 27 89 41
split_gain=0.0507363 0.0729267 0.136357 0.12968 0.118031 0.103754 0.163739 0.147698 0.134998 0.103247 0.133474 0.176105 0.163132 0.120431
threshold=4.8320994128874544 0.022111414930069247 0.016638918934503328 0.24607046569563265 0.39767441860465119 6.2272950000000007 7.0338133333333346 3721464510.2521672 -0.12809149030301667 1.0163623126726269 1849108999.8320003 0.022098881831195735 2.0558806835133531e-11 0.12213128846087175
decision_type=10 8 10 10 8 10 10 10 10 8 10 10 10 10
left_child=1 2 3 -1 9 -6 8 -8 -7 10 11 13 -13 -3
right_child=-2 4 -4 -5 5 6 7 -9 -10 -11 -12 12 -14 -15
leaf_value=2.677415918035615e-05 -0.00026209833537569656 -0.00081247969434034451 0.00098170020514704265 0.00062169118294349082 -2.5226514997844122e-05 0.0040637613781878065 0.00054525187035479687 -0.0018296048998039354 0.0010691646019997145 -0.0025226437973861512 0.00045480789007937034 -0.0044895414014657336 -0.0012350409485035292 0.00071321202018721536
leaf_weight=5977 1128 222 283 650 15635 31 187 54 108 39 205 30 138 132
leaf_count=5977 1128 222 283 650 15635 31 187 54 108 39 205 30 138 132
internal_value=7.23415e-13 1.24793e-05 0.000121845 8.51258e-05 -3.25548e-05 -9.35415e-06 0.00064371 1.31263e-05 0.00173702 -0.000517619 -0.000410059 -0.00074971 -0.0018162 -0.000243578
internal_weight=24819 23691 6910 6627 16781 16015 380 241 139 766 727 522 168 354
internal_count=24819 23691 6910 6627 16781 16015 380 241 139 766 727 522 168 354
is_linear=0
shrinkage=0.04


Tree=110
num_leaves=15
num_cat=0
split_feature=34 58 75 69 89 49 86 25 32 22 88 25 31 76
split_gain=0.0515691 0.0946046 0.0866249 0.0720513 0.0719359 0.115388 0.0979115 0.0929804 0.0915667 0.0871647 0.104877 0.0735523 0.372438 0.160222
threshold=-0.048859308686653495 224415467.32586208 0.31906862298621735 -1.8145186143072138 6.377247777096394e-12 -0.32690940182742195 0.24907154069160745 0.022130913176785293 -0.44293708226335804 0.024770179505661471 0.048318469132723002 0.022574406234794082 -0.15553827182432947 0.64940057183215416
decision_type=10 8 10 8 10 8 8 10 10 10 10 10 10 10
left_child=1 -1 3 -3 5 -2 8 -8 -7 10 -10 -6 13 -13
right_child=4 2 -4 -5 11 6 7 -9 9 -11 -12 12 -14 -15
leaf_value=0.0014458167312615033 0.0026774229630827906 -0.0022219126503914594 -0.0011950817348604854 0.00018933562973871905 -1.9113509073121272e-05 0.0015677001120522618 -0.00060744101389399654 -0.0022465032347021266 0.00056515043198311404 -0.00137687590708083 -0.00057989936208704843 3.6852857593937083e-06 0.0028831811309681234 0.0032522739365696907
leaf_weight=90 20 20 77 2305 20252 50 374 65 253 88 259 857 84 25
leaf_count=90 20 20 77 2305 20252 50 374 65 253 88 259 857 84 25
internal_value=5.412e-13 0.000172585 0.000124879 0.000168594 -1.92629e-05 -0.000333317 -0.00038861 -0.000850127 -7.69092e-05 -0.00021396 -1.40837e-05 -2.84826e-06 0.000338149 9.57655e-05
internal_weight=24819 2492 2402 2325 22327 1109 1089 439 650 600 512 21218 966 882
internal_count=24819 2492 2402 2325 22327 1109 1089 439 650 600 512 21218 966 882
is_linear=0
shrinkage=0.04


Tree=111
num_leaves=15
num_cat=0
split_feature=96 19 88 50 44 3 59 30 98 55 31 37 90 59
split_gain=0.050525 0.136986 0.110191 0.108242 0.0820531 0.0802868 0.0702333 0.0691375 0.076405 0.108494 0.144817 0.103917 0.103478 0.118861
threshold=0.38611111111111118 0.026742659734032444 0.82928468985110648 -0.31417683229370219 0.66955582683820081 -0.1064382426084554 2932682446.543417 -0.021276595744680823 0.50926243567753005 2621377880.2460008 -0.34131708224128776 -0.070239748840402946 1.0073829787806986e-11 1392016329.9699171
decision_type=8 10 10 10 10 10 10 10 10 10 10 10 8 10
left_child=1 4 3 -3 5 -1 -4 8 12 -10 -11 -12 -2 -14
right_child=7 2 6 -5 -6 -7 -8 -9 9 10 11 -13 13 -15
leaf_value=0.0025067817510571332 0.00035750805852291691 0.0043897660063313589 0.00096109345507076286 0.0010313457793638329 0.00092347981534795977 -4.3100331831542351e-05 -0.0011430947293317125 -0.00076511975460951884 -7.599344552620782e-05 0.0012086147105271395 -0.00017258016445827331 -0.0014642541457332422 5.2268272270628049e-05 -0.00029558753963809087
leaf_weight=20 1488 28 140 34 165 1627 31 196 6912 56 164 254 11893 1811
leaf_count=20 1488 28 140 34 165 1627 31 196 6912 56 164 254 11893 1811
internal_value=-3.31459e-13 0.000190456 0.00110342 0.00254805 7.30605e-05 -1.21364e-05 0.000579632 -1.7102e-05 -1.06085e-05 -0.00011614 -0.000701564 -0.000957473 4.06984e-05 6.29871e-06
internal_weight=24819 2045 233 62 1812 1647 171 22774 22578 7386 474 418 15192 13704
internal_count=24819 2045 233 62 1812 1647 171 22774 22578 7386 474 418 15192 13704
is_linear=0
shrinkage=0.04


Tree=112
num_leaves=15
num_cat=0
split_feature=32 7 87 90 29 22 19 59 28 8 6 75 86 8
split_gain=0.0504477 0.12477 0.0999276 0.162184 0.188311 0.215075 0.198119 0.134016 0.19573 0.125016 0.112394 0.0972608 0.103417 0.0997646
threshold=-0.22814726482308892 0.57583765696800115 1.7039012422838342 4.7673361653189481e-11 0.020360401670289519 0.015157384635390627 0.030562707764979814 1163378519.9532502 0.017377647365760147 0.42189972048650454 0.18480173373612832 -0.51801876273065817 -0.032414722627934718 0.16364408868217831
decision_type=8 10 10 10 10 10 10 10 10 10 10 10 10 8
left_child=11 2 -2 7 10 6 -6 9 -9 -4 -5 12 -1 -13
right_child=1 -3 3 4 5 -7 -8 8 -10 -11 -12 13 -14 -15
leaf_value=0.0029201048863806618 -0.00010238614694057254 -0.00089391985762786886 -1.6970359266715524e-05 0.00071378180155510606 0.0047688485980033873 0.0060907322410494093 7.1504805625105904e-05 0.0038742994729374703 0.00018354774011679415 -0.0016478302942801127 -0.00086640518501151869 -3.1584390584492498e-05 0.00036440416067642602 0.00020506121161494004
leaf_weight=38 8840 281 1566 443 20 20 51 34 71 79 86 9054 76 4160
leaf_count=38 8840 281 1566 443 20 20 51 34 71 79 86 9054 76 4160
internal_value=2.9258e-14 -6.14175e-05 -4.05492e-05 0.0001901 0.000746021 0.0024268 0.0013947 -6.85492e-06 0.00137865 -9.52913e-05 0.000456889 5.29523e-05 0.0012163 4.29158e-05
internal_weight=24819 11491 11210 2370 620 91 71 1750 105 1645 529 13328 114 13214
internal_count=24819 11491 11210 2370 620 91 71 1750 105 1645 529 13328 114 13214
is_linear=0
shrinkage=0.04


Tree=113
num_leaves=15
num_cat=0
split_feature=36 58 8 68 13 68 56 64 51 90 28 83 30 5
split_gain=0.0500681 0.116788 0.112082 0.0993235 0.115468 0.105893 0.0985984 0.0921826 0.0916078 0.13915 0.138078 0.105101 0.0869806 0.183382
threshold=0.19606558800633403 2269656260.0200005 1.345173129383656 2.321542500000001 -0.27208474410957356 1.8479691666666669 1118946063.4325001 8.9480600000000017 0.13393437674159395 6.015443015559177e-12 0.024725355215691233 0.086956521739133472 -0.21859057448699395 0.051371406043197794
decision_type=10 10 8 8 10 10 10 10 10 8 10 8 10 10
left_child=8 3 -3 4 -2 -6 -7 -5 -1 10 -10 -11 -13 -14
right_child=1 2 -4 7 5 6 -8 -9 9 11 -12 12 13 -15
leaf_value=-2.926084379979637e-05 -0.0011553742537354032 0.00079982479001841969 -0.00087656760785509566 -0.0011217941547711861 4.6740810702753914e-05 0.0042422983776777981 0.0005915740922350308 0.00031298599618048158 -0.0022962500633891777 0.00052145752249439055 1.58862737439496e-05 -0.00073896693941634644 0.00076066995068061448 1.0743490827940068e-05
leaf_weight=18316 106 256 85 406 248 20 29 87 72 1219 97 190 629 3059
leaf_count=18316 106 256 85 406 248 20 29 87 72 1219 97 190 629 3059
internal_value=3.46458e-13 -0.000248058 0.000381956 -0.000487829 -2.20256e-05 0.000382469 0.00208167 -0.000868598 1.3012e-05 0.000160044 -0.000969166 0.000197485 9.56478e-05 0.000138646
internal_weight=24819 1237 341 896 403 297 49 493 23582 5266 169 5097 3878 3688
internal_count=24819 1237 341 896 403 297 49 493 23582 5266 169 5097 3878 3688
is_linear=0
shrinkage=0.04


Tree=114
num_leaves=15
num_cat=0
split_feature=73 86 25 21 40 68 17 27 88 86 29 24 64 8
split_gain=0.0496748 0.11083 0.151894 0.143554 0.130195 0.160182 0.0996147 0.126666 0.10903 0.0988628 0.152938 0.122258 0.141507 0.135578
threshold=0.12535743145126912 0.123768571486097 0.012155524026104729 0.035305990206843212 -0.024501178738924819 0.79646250000000018 0.049123855315238725 0.040013116146424402 2.0827537816275741 0.63368253176967615 0.022506157712676816 0.014375368871975701 1.7217000000000002 -0.29271373866266726
decision_type=8 8 8 10 10 10 10 10 10 8 10 10 10 10
left_child=9 2 -2 4 5 -4 7 -3 -9 11 -11 12 -1 -14
right_child=1 6 3 -5 -6 -7 -8 8 -10 10 -12 -13 13 -15
leaf_value=0.00017762234909407225 0.00018479283328510658 1.7566860270726428e-05 0.0035218542761036326 0.00066099003715247952 -0.00083414939580984189 -0.00013311209258054979 -0.0010180556128115213 0.00069183258704416564 0.0036518745898054196 -0.00020022829992946391 0.00050851166682233195 -1.2938349792808083e-05 0.0038625138689531015 0.00076565887463076452
leaf_weight=5120 662 4551 21 145 1178 222 144 85 26 4263 550 7435 24 393
leaf_count=5120 662 4551 21 145 1178 222 144 85 26 4263 550 7435 24 393
internal_value=5.9387e-14 -8.99833e-05 -0.000323179 -0.000537916 -0.000660253 0.000182749 1.81234e-05 5.0129e-05 0.00138518 3.55885e-05 -0.000119238 9.30338e-05 0.000235332 0.000943895
internal_weight=24819 7034 2228 1566 1421 243 4806 4662 111 17785 4813 12972 5537 417
internal_count=24819 7034 2228 1566 1421 243 4806 4662 111 17785 4813 12972 5537 417
is_linear=0
shrinkage=0.04


Tree=115
num_leaves=15
num_cat=0
split_feature=30 22 18 31 8 42 73 96 38 24 18 52 68 92
split_gain=0.0500363 0.159663 0.182726 0.107952 0.102817 0.204158 0.200726 0.138613 0.202092 0.129316 0.106443 0.133875 0.132458 0.103244
threshold=-0.060863035022086669 0.013337798558180682 0.037456849011736355 -0.25245130862501414 0.25587988293036174 0.1116863022080359 -0.01326751863257347 0.54880952380952397 -0.0087166619609627665 0.0081690024919933782 0.025283761331648679 0.27961073318216184 2.8769783333333341 1.0000000180025095e-35
decision_type=10 10 10 8 8 8 10 10 10 10 10 10 10 2
left_child=-1 4 3 -3 10 6 9 8 -8 -6 11 12 -2 -11
right_child=1 2 -4 -5 5 -7 7 -9 -10 13 -12 -13 -14 -15
leaf_value=3.4737962176721391e-05 -0.00014336977343108108 0.00047878539709655791 0.0012621835338359232 -0.0012507116843658861 0.0038504939238369769 -0.0001146315766609533 -0.00046481239464096476 -0.0015205814061668135 0.0014047625846397439 -0.0001288846323621415 -0.00064923527777620076 0.00080885974192773408 0.0019495426651033366 0.0027292174488329924
leaf_weight=18062 3844 67 64 418 49 923 149 51 244 42 551 267 49 39
leaf_count=18062 3844 67 64 418 49 923 149 51 244 42 551 267 49 39
internal_value=2.49579e-13 -9.28573e-05 -0.000746701 -0.00101179 -3.50351e-05 0.000253741 0.00084609 0.000441341 0.000695942 0.00222847 -0.000126799 -5.7601e-05 -0.000117027 0.00124724
internal_weight=24819 6757 549 485 6208 1497 574 444 393 130 4711 4160 3893 81
internal_count=24819 6757 549 485 6208 1497 574 444 393 130 4711 4160 3893 81
is_linear=0
shrinkage=0.04


Tree=116
num_leaves=15
num_cat=0
split_feature=1 78 96 15 42 88 41 29 37 42 59 88 22 17
split_gain=0.049077 0.0621457 0.0598695 0.075344 0.0688713 0.0839317 0.0574892 0.0593708 0.0570974 0.127942 0.107813 0.125881 0.125752 0.116462
threshold=-0.093160985810497962 -0.028235667189430932 0.45049019607843144 0.051797326400068643 -0.004068891002488805 -0.36195052076216444 -0.23649821977901833 0.025533643427310074 -0.11050856245068762 0.20965714353900936 422458434.45433336 1.2833566481036716 0.020522093088315815 0.032936764356212879
decision_type=10 10 8 8 8 10 8 10 8 10 10 10 10 10
left_child=2 -2 -1 4 -4 -6 7 -3 9 10 -8 12 -12 -13
right_child=1 6 3 -5 5 -7 8 -9 -10 -11 11 13 -14 -15
leaf_value=0.0018577304533259433 -0.00043662770866073787 0.00092446836869930851 0.0014071561008022399 0.00098539934479273286 0.00051119177741034392 -0.0015799937980870407 0.00082133265779540032 -0.0015428380073953263 -1.1475629851050548e-05 0.0010469751524719037 0.00051623996897654325 -0.00079828423669256292 -0.00058274476881706508 0.00099295890453938778
leaf_weight=44 526 20 30 130 52 75 268 71 21969 257 650 436 224 67
leaf_count=44 526 20 30 130 52 75 268 71 21969 257 650 436 224 67
internal_value=-2.11198e-13 -6.5395e-06 0.000483804 0.000273167 -0.000316579 -0.00072376 2.90155e-06 -0.00100057 6.72695e-06 0.000216975 8.73037e-05 -5.55574e-05 0.000234578 -0.000559689
internal_weight=24819 24488 331 287 157 127 23962 91 23871 1902 1645 1377 874 503
internal_count=24819 24488 331 287 157 127 23962 91 23871 1902 1645 1377 874 503
is_linear=0
shrinkage=0.04


Tree=117
num_leaves=15
num_cat=0
split_feature=75 15 76 7 4 88 38 8 87 86 0 19 75 41
split_gain=0.0477653 0.0535634 0.0939764 0.105332 0.104255 0.0967465 0.0872698 0.106477 0.154635 0.212724 0.13511 0.13238 0.114187 0.10875
threshold=1.1565509054542753 0.056178791977524796 -0.05098232134711949 0.1730109192376135 -0.0065235123058373081 -0.36195052076216444 0.35288823915391238 0.76811143588658248 1.276604861697314 0.56994683828471115 0.013344462993878816 0.020349474917406681 -0.21921533431334775 0.31383178962591068
decision_type=10 8 8 10 8 8 8 8 10 10 10 10 10 10
left_child=1 6 3 -3 5 -4 7 13 9 12 -11 -12 -9 -1
right_child=-2 2 4 -5 -6 -7 -8 8 -10 10 11 -13 -14 -15
leaf_value=-8.0756949615492029e-06 -0.00062846240020614165 4.0107484730593501e-05 -0.00059398611102785381 -0.0023784707885643004 0.000216847028111248 0.0017386268375756979 -0.00024415092011099315 0.0014829994585259906 -0.0005364856156072419 0.0012021005732132141 0.0061706377920650304 0.0017780194670447837 0.00017102715803309957 0.0020796567857032642
leaf_weight=20190 192 103 35 40 584 152 2242 124 239 97 21 23 737 40
leaf_count=20190 192 103 35 40 584 152 2242 124 239 97 21 23 737 40
internal_value=-4.72312e-14 4.89969e-06 0.000305375 -0.000636418 0.000480052 0.00130204 -6.6819e-06 1.81146e-05 0.00037776 0.000595829 0.00203604 0.0038745 0.000359976 -3.9477e-06
internal_weight=24819 24627 914 143 771 187 23713 21471 1241 1002 141 44 861 20230
internal_count=24819 24627 914 143 771 187 23713 21471 1241 1002 141 44 861 20230
is_linear=0
shrinkage=0.04


Tree=118
num_leaves=15
num_cat=0
split_feature=39 24 25 85 89 23 49 8 42 70 16 31 41 28
split_gain=0.0467912 0.100153 0.196069 0.214841 0.145107 0.127947 0.126416 0.125269 0.176281 0.141315 0.129087 0.158205 0.138856 0.121629
threshold=-0.048767610704899482 0.016340448387219052 0.021379178666032391 0.96193991068662432 1.0153596093840463e-11 0.016407972329639042 -0.18077472004684178 0.76811143588658248 -0.13673383869592884 2.0329421663761509 0.023260897881146565 -0.1786105048752398 -0.036731208470929193 0.017377647365760147
decision_type=10 8 10 10 10 10 10 8 10 10 10 10 10 10
left_child=-1 2 5 4 -4 7 -6 10 -9 13 11 12 -2 -10
right_child=1 -3 3 -5 6 -7 -8 8 9 -11 -12 -13 -14 -15
leaf_value=0.00015087681323987983 7.4408417293135589e-05 -0.00014883932963832307 0.0040483432062901562 0.0050457126966544563 0.0034798824507743121 0.00037427908139043198 0.00012095106691270098 -1.1297130554725052e-06 0.0013666804195844988 0.0029502322818070917 -0.00026633691597428356 -8.0678594609341557e-05 0.000684402811117646 -0.0003204111354869037
leaf_weight=2904 1722 6701 20 21 20 1462 173 590 196 57 3336 6598 914 105
leaf_count=2904 1722 6701 20 21 20 1462 173 590 196 57 3336 6598 914 105
internal_value=-1.42136e-13 -1.9993e-05 3.67573e-05 0.00118568 0.000805113 1.88102e-05 0.000469027 -1.96345e-05 0.000423758 0.00112399 -5.30741e-05 2.39721e-05 0.000285916 0.00077816
internal_weight=24819 21915 15214 234 213 14980 193 13518 948 358 12570 9234 2636 301
internal_count=24819 21915 15214 234 213 14980 193 13518 948 358 12570 9234 2636 301
is_linear=0
shrinkage=0.04


Tree=119
num_leaves=15
num_cat=0
split_feature=87 66 26 86 22 2 74 20 31 18 30 42 19 45
split_gain=0.0475271 0.0955669 0.0881307 0.145474 0.129929 0.134209 0.120623 0.10764 0.208818 0.158073 0.114556 0.0913245 0.142917 0.137255
threshold=0.19300884326208265 8.419357500000002 0.019143339591572529 -1.0000000180025095e-35 0.032633995121900829 0.064261712588850176 0.026776479023099434 0.031563282562270395 -0.11541640761883236 0.047978947195302095 -0.23754084270583545 0.47864192213995632 0.041241766663574597 0.2522771390174704
decision_type=10 10 10 8 10 10 10 10 10 10 8 8 10 10
left_child=2 -2 7 6 -5 -6 -4 9 11 10 -1 12 -9 -13
right_child=1 -3 3 4 5 -7 -8 8 -10 -11 -12 13 -14 -15
leaf_value=0.0021016820045546272 4.5430984842152312e-05 0.0027458754057685538 -0.0012614057176234706 -0.00017650675847913648 0.0021312171459504509 -0.00084424976911395789 -0.00015697727570648974 0.00032520018859164251 0.0030691812400306974 -0.0032464950870722533 -7.2431723860736893e-05 0.0032999071260648117 -0.00060449218342352906 0.00052821689458468397
leaf_weight=39 13758 21 369 1729 79 35 277 1124 42 25 6784 35 346 156
leaf_count=39 13758 21 369 1729 79 35 277 1124 42 25 6784 35 346 156
internal_value=1.97317e-13 4.95466e-05 -6.1839e-05 -0.000271315 -9.02674e-05 0.0012177 -0.000787835 -8.65242e-07 0.00028372 -7.16375e-05 -6.00046e-05 0.000213287 0.000106375 0.00103612
internal_weight=24819 13779 11040 2489 1843 114 646 8551 1703 6848 6823 1661 1470 191
internal_count=24819 13779 11040 2489 1843 114 646 8551 1703 6848 6823 1661 1470 191
is_linear=0
shrinkage=0.04


Tree=120
num_leaves=15
num_cat=0
split_feature=16 16 20 59 59 57 31 2 23 89 31 67 28 31
split_gain=0.0467023 0.0844439 0.0965344 0.26707 0.187254 0.15199 0.167292 0.147151 0.135315 0.194154 0.148241 0.155274 0.143574 0.142469
threshold=0.012300844513689149 0.021447028167991048 0.035123788846199037 1149764474.57675 587197375.73750007 463591582.63400006 -0.12076271186440672 0.013256340278239966 0.014068146352022661 3.9124151649730695e-11 -0.1797816637512071 1.2181700000000002 0.013022980482090597 -0.067964074554762374
decision_type=8 10 10 10 10 10 10 10 10 10 10 10 10 10
left_child=-1 -2 4 5 -3 -4 -7 -8 10 13 11 12 -6 -10
right_child=1 2 3 -5 8 6 7 -9 9 -11 -12 -13 -14 -15
leaf_value=-0.00014425456148776394 0.00011655391967829628 0.00010083935981531023 0.0039269513879781181 -7.6922548399235914e-05 -0.0012250334823747943 0.00046677066997296825 0.0044853760127443821 0.00096871141575901037 -4.584758748924563e-05 -0.0010319001042764372 -0.0008655889442915006 -0.0004274036547463127 0.0014189740512227109 0.0025959132069891151
leaf_weight=3137 8781 3924 23 2524 42 829 32 47 3197 334 1008 757 151 33
leaf_count=3137 8781 3924 23 2524 42 829 32 47 3197 334 1008 757 151 33
internal_value=-7.54067e-14 2.08711e-05 -4.4255e-05 0.000136666 -0.000110429 0.000715719 0.000634377 0.00239318 -0.000260559 -0.000113795 -0.000527704 -0.00016919 0.000843594 -1.88575e-05
internal_weight=24819 21682 12901 3455 9446 931 908 79 5522 3564 1958 950 193 3230
internal_count=24819 21682 12901 3455 9446 931 908 79 5522 3564 1958 950 193 3230
is_linear=0
shrinkage=0.04


Tree=121
num_leaves=15
num_cat=0
split_feature=34 85 8 22 28 83 17 98 52 20 16 31 48 20
split_gain=0.0467948 0.0802044 0.119109 0.0703326 0.0699402 0.0699857 0.0613424 0.175486 0.217305 0.129273 0.103695 0.105903 0.230234 0.160466
threshold=0.14012801312223647 0.61826550990420592 0.50055094928101385 0.0093961199244348304 0.029788309014476804 0.12903225806451274 0.034833185207787436 0.5676470588235295 0.12743537436623334 0.047492135230158855 0.026857533253887293 -0.17112241785060575 -0.086444638048471398 0.040104193257402117
decision_type=10 10 10 10 10 10 10 8 10 10 10 8 10 10
left_child=6 -2 4 -4 5 -3 9 -8 -9 10 11 12 -1 -13
right_child=1 2 3 -5 -6 -7 7 8 -10 -11 -12 13 -14 -15
leaf_value=3.1707401264671691e-05 -0.00094103538596306728 0.0015500883842733773 0.00046426675105788588 0.0033915964444167913 -0.0020566298665873933 -0.00082326120450161404 7.8847129836852884e-05 0.0024902026881547727 0.00015562484643305652 -0.0020144647168658246 -0.00018283360669782769 -6.9585425038531788e-05 0.00061350014494980238 0.0023520518773743372
leaf_weight=5135 219 33 29 24 33 50 4107 111 150 52 4656 8795 1381 44
leaf_count=5135 219 33 29 24 33 50 4107 111 150 52 4656 8795 1381 44
internal_value=-1.46353e-13 -0.000435834 0.000218835 0.00178985 -0.000498956 0.00012036 6.92168e-06 0.000142761 0.00114849 -2.26525e-05 -1.74767e-05 3.26635e-05 0.000155012 -5.75307e-05
internal_weight=24819 388 169 53 116 83 24431 4368 261 20063 20011 15355 6516 8839
internal_count=24819 388 169 53 116 83 24431 4368 261 20063 20011 15355 6516 8839
is_linear=0
shrinkage=0.04


Tree=122
num_leaves=15
num_cat=0
split_feature=20 86 41 32 32 37 59 20 88 8 90 20 17 23
split_gain=0.0471911 0.132552 0.131482 0.106972 0.127925 0.156078 0.104554 0.183691 0.114492 0.0974946 0.0964393 0.14056 0.0929433 0.0886358
threshold=0.022111414930069247 0.45964469769565436 0.11389981256201977 -0.1797816637512071 -0.17999449462454245 0.18772622295480959 549545417.30491674 0.028102041565706871 0.7571249097128202 -0.36863043082133423 5.6983221501203278e-11 0.025744728603287397 0.025484340482098054 0.01744116255562812
decision_type=8 10 10 10 10 10 10 10 10 10 10 10 10 10
left_child=1 2 -1 4 -2 -6 7 10 -9 -3 11 12 -5 -8
right_child=3 9 -4 6 5 -7 13 8 -10 -11 -12 -13 -14 -15
leaf_value=0.00016632704491965092 -1.3756869775287831e-05 0.0015507621324875138 0.0010734398089484519 0.0008623959363090951 0.0026877685266281631 -0.00052735145841143101 -0.0008405369384995125 9.8587713690231665e-05 0.0037749678596402658 -0.00014843861291752904 -0.00060669230990993207 0.0034553070082936599 -0.00093016231006204896 -6.0922688734559222e-05
leaf_weight=4256 15453 55 272 116 61 40 704 23 33 3054 303 23 77 349
leaf_count=4256 15453 55 272 116 61 40 704 23 33 3054 303 23 77 349
internal_value=-2.6048e-13 8.2732e-05 0.000220818 -3.67724e-05 -4.48278e-06 0.00141445 -0.00034527 8.85238e-05 0.00226503 -0.000118379 -0.00014632 0.000499479 0.00014723 -0.000582146
internal_weight=24819 7637 4528 17182 15554 101 1628 575 56 3109 519 216 193 1053
internal_count=24819 7637 4528 17182 15554 101 1628 575 56 3109 519 216 193 1053
is_linear=0
shrinkage=0.04


Tree=123
num_leaves=15
num_cat=0
split_feature=30 22 18 31 32 27 58 86 20 29 87 75 89 18
split_gain=0.0474024 0.140082 0.166993 0.0982921 0.096074 0.130303 0.101123 0.102322 0.0979038 0.12249 0.0959032 0.086853 0.086279 0.123069
threshold=-0.060863035022086669 0.013337798558180682 0.037456849011736355 -0.25245130862501414 -0.34122476134469648 0.0094515535178561223 134614951.01975003 0.3897850203200664 0.032417171049169406 0.028006195720357178 0.61750913951253961 -0.020391126832887071 5.817638296252737e-12 0.0278542483157227
decision_type=10 10 10 8 10 10 10 10 10 10 10 10 8 10
left_child=-1 4 3 -3 12 -6 7 -7 11 10 -10 -8 -2 -14
right_child=1 2 -4 -5 5 6 8 -9 9 -11 -12 -13 13 -15
leaf_value=3.3811301270285349e-05 0.0013471901406975171 0.00046608569559210272 0.0012176327034831046 -0.0011842208008327004 -0.00020049530023051026 4.8208864353282352e-05 0.00048987247106109207 0.0020945776415046777 0.00068534189077515146 -0.001602525769368462 0.0028443210495805202 -4.0597483478233249e-05 -0.00026098087262198532 -0.0015368718613379833
leaf_weight=18062 38 67 64 418 2460 71 641 87 82 23 55 2151 432 168
leaf_count=18062 38 67 64 418 2460 71 641 87 82 23 55 2151 432 168
internal_value=-3.31646e-13 -9.03803e-05 -0.00070282 -0.00095624 -3.62197e-05 1.70365e-05 0.000189103 0.00117501 0.000136335 0.00109861 0.00155209 8.11902e-05 -0.000501168 -0.00061823
internal_weight=24819 6757 549 485 6208 5570 3110 158 2952 160 137 2792 638 600
internal_count=24819 6757 549 485 6208 5570 3110 158 2952 160 137 2792 638 600
is_linear=0
shrinkage=0.04


Tree=124
num_leaves=15
num_cat=0
split_feature=58 38 36 20 50 27 90 59 38 86 90 90 67 29
split_gain=0.0448713 0.144729 0.12177 0.103509 0.211328 0.0912748 0.0899141 0.0825489 0.0775995 0.135945 0.0748021 0.193352 0.157653 0.218254
threshold=278281906.15062505 -0.11443854274682412 -0.10472577931789455 0.028019285233037528 -0.25133511586452761 0.020500599393924023 5.2779897351195222e-11 291141832.42500001 -0.044906024282355454 0.3630861948807621 7.1126070147197524e-11 5.5396179981064248e-11 1.4668887500000001 0.022946166117642584
decision_type=8 8 10 10 10 10 10 10 8 10 10 10 10 10
left_child=1 2 -1 7 -5 -6 -4 -3 9 -9 11 -2 -13 -14
right_child=10 3 6 4 5 -7 -8 8 -10 -11 -12 12 13 -15
leaf_value=0.0034148669867746289 -3.2338463264152193e-05 -2.5280883868985054e-05 0.0019362373379017436 -0.00041498761280395446 0.0047479796797037128 0.0015834654068042125 0.00015850857432282359 0.00065740001702215532 0.00031103577536086029 0.0046963873375207186 -0.00051440707489682511 -8.2211864477927112e-05 0.0026287088690699675 0.00048801191744114741
leaf_weight=31 19815 3388 67 63 25 35 142 40 156 20 485 227 122 203
leaf_count=31 19815 3388 67 63 25 35 142 40 156 20 485 227 122 203
internal_value=-8.71377e-13 0.000123309 0.0010754 6.1999e-05 0.00120306 0.00290201 0.000728402 2.3056e-05 0.000781228 0.00200373 -2.3459e-05 -1.1768e-05 0.000726643 0.0012916
internal_weight=24819 3967 240 3727 123 60 209 3604 216 60 20852 20367 552 325
internal_count=24819 3967 240 3727 123 60 209 3604 216 60 20852 20367 552 325
is_linear=0
shrinkage=0.04


Tree=125
num_leaves=15
num_cat=0
split_feature=34 85 8 22 4 13 40 74 54 37 67 80 42 54
split_gain=0.044726 0.0717281 0.107908 0.0669626 0.0645805 0.0583159 0.0880447 0.0947391 0.167985 0.106416 0.104069 0.167874 0.162501 0.100183
threshold=0.14012801312223647 0.61826550990420592 0.51130335091505641 0.0093961199244348304 0.30417550263039844 -0.047260550108156545 inf -0.31084228310848844 0.64626205078712806 0.079917928643469707 3.8995150000000005 0.047854333378543369 0.33165482721696166 0.61433905537775202
decision_type=10 8 10 10 10 10 8 10 10 10 10 10 10 8
left_child=5 -2 4 -4 -3 -1 7 8 10 -10 11 -7 -13 -9
right_child=1 2 3 -5 -6 6 -8 13 9 -11 -12 12 -14 -15
leaf_value=0.00011118170563537547 -0.00090385142725346969 0.00023555231557504552 0.00043082566000521186 0.0033209398882868496 -0.0017136354114167219 6.8430618143662593e-05 -0.0010751674296898273 -3.577304073152398e-05 0.0018538453870578042 -0.001091235289755075 -0.00079832482023109029 0.00081142814581424165 0.0043377355206757782 -0.00037616167341925885
leaf_weight=6338 219 74 29 23 43 3863 128 11926 134 23 201 230 23 1565
leaf_count=6338 219 74 29 23 43 3863 128 11926 134 23 201 230 23 1565
internal_value=5.66179e-13 -0.000426091 0.000193018 0.00170915 -0.000480816 6.76695e-06 -2.98097e-05 -2.23615e-05 0.000137147 0.0014224 9.04055e-05 0.000133806 0.001132 -7.52592e-05
internal_weight=24819 388 169 52 117 24431 18093 17965 4474 157 4317 4116 253 13491
internal_count=24819 388 169 52 117 24431 18093 17965 4474 157 4317 4116 253 13491
is_linear=0
shrinkage=0.04


Tree=126
num_leaves=15
num_cat=0
split_feature=30 22 25 49 43 32 8 42 90 73 24 23 31 67
split_gain=0.044552 0.12841 0.155208 0.0909214 0.104285 0.0873879 0.121796 0.10595 0.127056 0.130989 0.112796 0.0958347 0.0922869 0.110054
threshold=-0.060863035022086669 0.013337798558180682 0.017211470177541984 -0.034136719314597212 0.76254496402877792 -0.34122476134469648 0.25587988293036174 0.1116863022080359 2.027440273946321e-11 0.016893088628897827 0.0081690024919933782 0.0086174821532962794 -0.078203891663376421 1.2181700000000002
decision_type=10 10 10 10 10 10 8 8 10 8 10 10 10 10
left_child=-1 5 -3 4 -4 -2 12 8 -8 10 -10 -9 13 -7
right_child=1 2 3 -5 -6 6 7 11 9 -11 -12 -13 -14 -15
leaf_value=3.2778968456461994e-05 -0.00047919761221850403 -0.0012053822723083673 -0.00045346914244424782 -0.0015135305343059505 0.001530148636401249 0.00010926979921461957 0.0030276422849611234 -0.00043149920452608916 0.0030795357813726051 0.0002436021310883479 0.00063879907326984473 0.00052176077867190898 -0.00066355480105515538 -0.00035537750531367088
leaf_weight=18062 638 338 81 41 89 2829 38 340 56 362 66 335 398 1146
leaf_count=18062 638 338 81 41 89 2829 38 340 56 362 66 335 398 1146
internal_value=8.38191e-14 -8.76208e-05 -0.000673992 0.000177239 0.000585013 -3.57655e-05 1.50262e-05 0.000372539 0.000800477 0.000625617 0.00175914 4.16002e-05 -8.2834e-05 -2.46889e-05
internal_weight=24819 6757 549 211 170 6208 5570 1197 522 484 122 675 4373 3975
internal_count=24819 6757 549 211 170 6208 5570 1197 522 484 122 675 4373 3975
is_linear=0
shrinkage=0.04


Tree=127
num_leaves=15
num_cat=0
split_feature=87 66 3 98 86 27 16 88 94 32 24 17 58 18
split_gain=0.0435467 0.0872163 0.0811989 0.0957849 0.111993 0.171194 0.101805 0.0907707 0.0807371 0.126097 0.150446 0.131252 0.0987547 0.144421
threshold=0.19300884326208265 8.419357500000002 0.064264975214135336 0.50926243567753005 -0.25492831562942886 0.018763096773300167 0.057488192254932596 0.39198462417947438 2.5000000000000004 -0.27557093874091088 0.02671187025474759 0.045115171235043272 1012930016.2278751 0.030898200170763949
decision_type=10 10 10 8 10 10 10 8 2 10 10 10 10 8
left_child=2 8 3 4 5 -1 7 -7 12 10 11 -10 13 -2
right_child=1 -3 -4 -5 -6 6 -8 -9 9 -11 -12 -13 -14 -15
leaf_value=-0.00011905259448737309 3.043676040158407e-05 0.0026232615698661122 -0.00035599644541264337 -0.00016790648981779933 0.00017186317193712517 -0.0038993914093007334 0.00030690103196180782 -0.0011100642959188138 0.0054964936362660458 -0.00081575456303449318 0.00043574620194802366 0.0013845060698481071 -0.00015783447506458317 0.00044907113087493187
leaf_weight=964 8732 21 1301 4060 4614 40 26 35 23 49 74 27 3300 1553
leaf_count=964 8732 21 1301 4060 4614 40 26 35 23 49 74 27 3300 1553
internal_value=6.60652e-13 4.74265e-05 -5.9193e-05 -1.9544e-05 8.65225e-05 -0.000283207 -0.00184998 -0.00259771 4.34948e-05 0.000902163 0.00158102 0.00327602 3.256e-05 9.36491e-05
internal_weight=24819 13779 11040 9739 5679 1065 101 75 13758 173 124 50 13585 10285
internal_count=24819 13779 11040 9739 5679 1065 101 75 13758 173 124 50 13585 10285
is_linear=0
shrinkage=0.04


Tree=128
num_leaves=15
num_cat=0
split_feature=34 58 75 69 24 20 58 23 58 38 17 86 8 87
split_gain=0.0435229 0.0795966 0.0772755 0.0648015 0.0602731 0.150855 0.164664 0.144848 0.135835 0.114669 0.109909 0.10265 0.135567 0.2214
threshold=-0.048859308686653495 224415467.32586208 0.31906862298621735 -1.8145186143072138 0.016340448387219052 0.041884758102677284 2222871680.2675004 0.018064871380705335 1325303846.5541253 -0.13680238523056668 0.045115171235043272 0.45158402331022757 0.96369400337264555 0.98486314316479973
decision_type=10 8 10 8 8 10 10 10 10 10 10 10 8 10
left_child=1 -1 3 -3 5 7 8 11 -7 -9 -11 -2 -13 -14
right_child=4 2 -4 -5 -6 6 -8 9 -10 10 -12 12 13 -15
leaf_value=0.0013264315500855445 9.3550503977788332e-05 -0.0021109716072678568 -0.0011319045703737187 0.00017575067001988494 -0.00011574056277966331 0.0019797933046772544 0.0046860811558806078 0.00269854717936955 -0.001960259189917928 0.00027702796058812445 0.0019147179651469604 -0.00015932976473173838 0.001484669401537645 -0.0004959510183011243
leaf_weight=90 7398 20 77 2305 6922 42 22 38 21 644 73 6799 209 159
leaf_count=90 7398 20 77 2305 6922 42 22 38 21 644 73 6799 209 159
internal_value=-1.0336e-13 0.000158551 0.000114792 0.00015608 -1.76964e-05 2.63582e-05 0.00170682 1.70345e-05 0.000666442 0.000557252 0.000443766 -1.09685e-05 -0.000118856 0.000628912
internal_weight=24819 2492 2402 2325 22327 15405 85 15320 63 755 717 14565 7167 368
internal_count=24819 2492 2402 2325 22327 15405 85 15320 63 755 717 14565 7167 368
is_linear=0
shrinkage=0.04


Tree=129
num_leaves=15
num_cat=0
split_feature=36 58 8 68 13 68 56 64 74 3 63 42 96 23
split_gain=0.0431041 0.107639 0.101293 0.0888114 0.0984079 0.0915259 0.0894317 0.0850809 0.123341 0.0913349 0.0967456 0.0835717 0.119823 0.110338
threshold=0.19606558800633403 2269656260.0200005 1.345173129383656 2.321542500000001 -0.27208474410957356 1.8479691666666669 1118946063.4325001 5.5299000000000005 -0.24599782398712969 0.04843797750372137 0.53518518518518532 -0.052192634457238478 0.57958656330749359 0.015156516117807469
decision_type=10 10 8 8 10 8 10 10 8 8 8 10 10 10
left_child=7 3 11 4 -2 -6 -7 -1 -9 10 -10 -3 13 -13
right_child=1 2 -4 -5 5 6 -8 8 9 -11 -12 12 -14 -15
leaf_value=-1.3998954129384423e-07 -0.0010661644037848093 -0.00083659386218980301 -0.00082174514486070939 -0.00082040509539185247 4.1411572397449961e-05 0.003991004914802033 0.00051412493504326918 -0.0017516654677298927 3.6019194284798924e-05 -2.766346337238068e-05 0.0014776293082201545 0.0048860409483313565 0.00035346354675394571 0.001462417373406991
leaf_weight=22988 106 43 85 493 248 20 29 37 108 209 240 20 132 61
leaf_count=22988 106 43 85 493 248 20 29 37 108 209 240 20 132 61
internal_value=-5.1188e-13 -0.000230161 0.000374673 -0.00046035 -1.9885e-05 0.000353535 0.00193326 1.20732e-05 0.000484727 0.000633284 0.00103023 0.000771922 0.00109665 0.00230776
internal_weight=24819 1237 341 896 403 297 49 23582 594 557 348 256 213 81
internal_count=24819 1237 341 896 403 297 49 23582 594 557 348 256 213 81
is_linear=0
shrinkage=0.04


Tree=130
num_leaves=15
num_cat=0
split_feature=75 35 38 88 64 20 91 98 31 24 24 24 89 31
split_gain=0.0428292 0.126014 0.0671175 0.0460324 0.0738059 0.0674584 0.118003 0.109378 0.102327 0.110113 0.200352 0.133894 0.0972859 0.100817
threshold=-0.51801876273065817 -0.1049088088576554 0.094946228508759681 4.8320994128874544 1.9264700000000003 0.022111414930069247 1.0000000180025095e-35 0.39767441860465119 -0.1897055699773226 0.011907291346143956 0.016409127298472919 0.014976585945876385 1.3430483355884314e-11 -0.14501488104461099
decision_type=8 8 10 10 10 8 2 8 10 10 10 10 10 10
left_child=1 -1 -3 5 -5 6 8 12 9 -2 11 -11 13 -7
right_child=3 2 -4 4 -6 7 -8 -9 -10 10 -12 -13 -14 -15
leaf_value=0.0034413130454380401 0.00010251340872480809 0.00063657617048661086 -0.0012833805845395938 -0.00011906436125078039 -0.0010317622669721524 -0.00059486662089886313 0.0024630216313936914 -1.4132105150028063e-05 3.8513061414549778e-05 0.0011690884374632045 -0.00092405325792906058 0.0044637227222500816 -0.00082794398227688042 0.0010217908453773214
leaf_weight=22 534 137 37 938 167 136 34 15870 5905 328 74 21 503 113
leaf_count=22 534 137 37 938 167 136 34 15870 5905 328 74 21 503 113
internal_value=4.63665e-13 0.000588953 0.00022831 -4.68809e-06 -0.000257002 7.16693e-06 0.000112344 -3.6468e-05 0.000100697 0.00048439 0.000966476 0.00136733 -0.00050784 0.000138797
internal_weight=24819 196 174 24623 1105 23518 6896 16622 6862 957 423 349 752 249
internal_count=24819 196 174 24623 1105 23518 6896 16622 6862 957 423 349 752 249
is_linear=0
shrinkage=0.04


Tree=131
num_leaves=15
num_cat=0
split_feature=97 20 34 7 64 27 73 49 26 86 41 58 90 28
split_gain=0.0426349 0.0668142 0.0646061 0.0857156 0.076839 0.0895041 0.0712607 0.0977477 0.131976 0.0690822 0.063847 0.0624589 0.0943422 0.122404
threshold=0.65833333333333344 0.024272325719098198 -0.069775912072423771 -0.20290999491451681 5.5299000000000005 0.028471387164023945 0.10970850954714163 -0.18927402763183973 0.0096404141613769482 0.123768571486097 -0.065488569275325079 3660120226.53725 9.744503221700754e-12 0.025167336863627664
decision_type=8 10 10 8 10 10 10 10 10 8 10 10 10 10
left_child=2 -2 3 10 5 6 7 -5 -9 -6 -1 -4 13 -13
right_child=1 -3 11 4 9 -7 -8 8 -10 -11 -12 12 -14 -15
leaf_value=0.0027812686090584139 1.3816658329009051e-06 -0.00060249277865745822 1.2624362523914774e-05 0.00015849187049586682 0.00068968209737943389 -0.0011522376885727407 -0.0006086462165243461 0.00079926658184073561 0.0041727739499638908 0.0033611648441070601 0.00063224070078947328 -0.00051462749868733224 -0.0012486326298042879 0.00049933622759960644
leaf_weight=37 771 473 21661 438 59 83 129 96 23 21 55 528 147 298
leaf_count=37 771 473 21661 438 59 83 129 96 23 21 55 528 147 298
internal_value=4.30862e-14 -0.000228227 1.2043e-05 0.000336799 0.000211128 8.83898e-05 0.000238495 0.000434691 0.00145129 0.00139095 0.00149652 -1.45859e-06 -0.000314974 -0.000148815
internal_weight=24819 1244 23575 941 849 769 686 557 119 80 92 22634 973 826
internal_count=24819 1244 23575 941 849 769 686 557 119 80 92 22634 973 826
is_linear=0
shrinkage=0.04


Tree=132
num_leaves=15
num_cat=0
split_feature=30 22 18 31 23 31 8 42 73 96 38 24 18 52
split_gain=0.0423244 0.11804 0.141934 0.0841282 0.0953268 0.0840262 0.0805129 0.157256 0.16629 0.115918 0.186977 0.108601 0.0914699 0.120796
threshold=-0.060863035022086669 0.013337798558180682 0.037456849011736355 -0.067964074554762374 0.015301991474445444 -0.27868073196331056 0.25587988293036174 0.1116863022080359 -0.01326751863257347 0.54880952380952397 -0.0087166619609627665 0.0081690024919933782 0.025283761331648679 0.27961073318216184
decision_type=10 10 10 10 10 8 8 8 10 10 10 10 10 10
left_child=3 6 5 -1 -5 -3 12 8 11 10 -10 -8 13 -2
right_child=1 2 -4 4 -6 -7 7 -9 9 -11 -12 -13 -14 -15
leaf_value=2.717799761293435e-05 -0.00010919001310308722 0.00062191297814144563 0.0011229134789027739 0.00028522191466489699 0.0037128979251498267 -0.001065644269438053 0.0034844017119565031 -0.00010344442314805747 -0.00051234290488970608 -0.0014228037098313079 0.0012859576310689054 0.0010987430504008691 -0.00060118663424546558 0.00077030771693946398
leaf_weight=18007 3893 53 64 34 21 432 49 923 149 51 244 81 551 267
leaf_count=18007 3893 53 64 34 21 432 49 923 149 51 244 81 551 267
internal_value=-6.87631e-13 -8.54022e-05 -0.000647596 3.1949e-05 0.00159397 -0.000881231 -3.56849e-05 0.000219857 0.000739731 0.000371332 0.000604159 0.00199795 -0.000116888 -5.27415e-05
internal_weight=24819 6757 549 18062 55 485 6208 1497 574 444 393 130 4711 4160
internal_count=24819 6757 549 18062 55 485 6208 1497 574 444 393 130 4711 4160
is_linear=0
shrinkage=0.04


Tree=133
num_leaves=15
num_cat=0
split_feature=87 66 75 42 94 32 24 17 58 18 66 88 25 42
split_gain=0.0417933 0.079687 0.0770293 0.0932487 0.074499 0.116322 0.138567 0.121368 0.091264 0.134676 0.122502 0.113458 0.128563 0.139633
threshold=0.19300884326208265 8.419357500000002 0.82129856410623636 -0.017789821896948495 2.5000000000000004 -0.27557093874091088 0.02671187025474759 0.045115171235043272 1012930016.2278751 0.030898200170763949 1.1231650000000002 2.0266179840915615 0.013921901640005018 0.097808974053277722
decision_type=10 10 10 10 2 10 10 10 10 8 10 10 10 10
left_child=2 4 -1 -4 8 6 7 -6 9 -2 -10 -11 -13 -14
right_child=1 -3 3 -5 5 -7 -8 -9 10 11 -12 12 13 -15
leaf_value=-4.6014545842404882e-05 2.9883898272773142e-05 0.0025086031428405214 -0.0023752946913620692 -0.00022083095471478169 0.0052814867800992475 -0.00078245402114199736 0.00042041628107088744 0.0013273549373089165 0.00046727261182601424 0.00027170980390558991 -0.00024692315800630061 0.00014183349870895115 0.0014405964358042726 0.0050015216674655673
leaf_weight=10900 8732 21 50 90 23 49 74 27 444 1267 2856 118 148 20
leaf_count=10900 8732 21 50 90 23 49 74 27 444 1267 2856 118 148 20
internal_value=5.31243e-13 4.64619e-05 -5.7989e-05 -0.000990282 4.27037e-05 0.000867534 0.00151955 0.00314626 3.21998e-05 9.09264e-05 -0.000150831 0.000434148 0.00115376 0.00186452
internal_weight=24819 13779 11040 140 13758 173 124 50 13585 10285 3300 1553 286 168
internal_count=24819 13779 11040 140 13758 173 124 50 13585 10285 3300 1553 286 168
is_linear=0
shrinkage=0.04


Tree=134
num_leaves=15
num_cat=0
split_feature=80 58 38 20 28 36 18 22 27 88 75 85 18 23
split_gain=0.0415779 0.085868 0.126489 0.138077 0.129125 0.0922929 0.0939345 0.0889646 0.087341 0.0824401 0.0753995 0.0823975 0.101194 0.0948906
threshold=0.01773224330084202 278281906.15062505 -0.11443854274682412 0.028019285233037528 0.012007225608255965 -0.10472577931789455 0.020417567034014365 0.011569614303971543 0.010861451551886421 0.87626846991432628 0.25448375545476692 0.46440998858948329 0.045748663770760999 0.025675442252441071
decision_type=8 8 8 10 10 10 10 10 10 10 8 8 10 10
left_child=-1 2 5 7 -5 -2 8 -4 -7 -6 11 -3 13 -13
right_child=1 10 3 4 9 6 -8 -9 -10 -11 -12 12 -14 -15
leaf_value=-0.00011744897659076433 0.0032180321306711241 9.864145453459252e-05 0.00025471152582099354 -0.00073805458658305863 0.0046880771182477481 0.00096663763772779972 -0.00051044733669947497 -0.00029490322935187972 0.0038345156610012057 0.0016661859378039551 -0.00016735409222801392 -9.069784524290471e-05 -0.0012434383244330034 0.0022049052159077136
leaf_weight=4038 31 9881 1623 27 20 89 55 664 21 52 3760 4407 122 29
leaf_count=4038 31 9881 1623 27 20 89 55 664 21 52 3760 4407 122 29
internal_value=1.13809e-14 2.28218e-05 0.00023869 0.000158448 0.00162097 0.00121551 0.000839279 9.51382e-05 0.00151414 0.0025056 -7.8047e-06 3.37429e-05 -0.000106947 -7.56905e-05
internal_weight=24819 20781 2582 2386 99 196 165 2287 110 72 18199 14439 4558 4436
internal_count=24819 20781 2582 2386 99 196 165 2287 110 72 18199 14439 4558 4436
is_linear=0
shrinkage=0.04


Tree=135
num_leaves=15
num_cat=0
split_feature=41 50 88 20 17 59 57 58 15 88 49 41 22 28
split_gain=0.0414445 0.0592597 0.113305 0.0999722 0.107074 0.177079 0.130564 0.108893 0.128472 0.100976 0.123056 0.116607 0.139144 0.0883885
threshold=-0.23649821977901833 -0.34977648417703805 -0.48180448601293191 0.0209757915892172 0.033087924244357129 1376160564.438 920005679.84500015 2574828083.7456255 0.0365222571755223 1.1315695901956582 -0.24991246039842038 -0.084386988079794209 0.019052831240394495 0.011314805894641893
decision_type=8 8 10 8 10 10 10 10 10 10 10 10 10 10
left_child=-1 2 -2 -4 9 6 -6 -7 -9 11 -11 12 13 -5
right_child=1 -3 3 4 5 7 -8 8 -10 10 -12 -13 -14 -15
leaf_value=-0.00082519646868416943 0.0017571207324042918 -1.2993180269823695e-05 0.0026728525973856447 0.0027081871966993997 0.00091249910056761185 -0.00043327390129993022 0.003581388933148156 0.0023874668647214524 -0.00014980322621422194 -0.0010744252881435701 0.00016127810023113133 -0.00022806729794375331 -0.00092110198485897857 0.0008323256953866934
leaf_weight=97 75 23133 25 63 78 201 47 61 67 276 242 295 48 111
leaf_count=97 75 23133 25 63 78 201 47 61 67 276 242 295 48 111
internal_value=3.82571e-13 3.23777e-06 0.000239531 0.000164354 0.000122236 0.000634385 0.001916 0.000147449 0.00105936 -0.000102416 -0.000497128 0.000293058 0.000985545 0.00151152
internal_weight=24819 24722 1589 1514 1489 454 125 329 128 1035 518 517 222 174
internal_count=24819 24722 1589 1514 1489 454 125 329 128 1035 518 517 222 174
is_linear=0
shrinkage=0.04


Tree=136
num_leaves=15
num_cat=0
split_feature=23 59 94 74 30 8 55 17 33 74 18 90 64 40
split_gain=0.0413499 0.0723077 0.0650524 0.120927 0.104589 0.0817937 0.103933 0.072181 0.118433 0.123198 0.092795 0.166434 0.147601 0.169941
threshold=0.035097657890070293 1392016329.9699171 2.5000000000000004 -0.27120720221146588 -0.20952112268249998 0.96369400337264555 1837833691.2839999 0.058125897612957396 0.027382477805210196 0.07336851011379654 0.045208215541855591 7.0512315325404114e-12 5.5299000000000005 -0.014311843340315432
decision_type=10 10 2 10 10 8 10 10 10 10 10 8 10 10
left_child=2 -2 7 4 -4 -5 -7 10 9 -9 -1 12 13 -12
right_child=1 -3 3 5 -6 6 -8 8 -10 -11 11 -13 -14 -15
leaf_value=5.0643768510464218e-06 0.0012966202851384878 -0.0014141039406830394 0.001037025805803594 -0.00021429689944215302 0.0043315470981455982 0.0030325968295619532 7.7124431015963252e-05 -0.00031092882477517787 -0.0006522717470379204 0.0028914685217304188 0.0020456923309459603 -0.00065404273915321983 0.0031355650154599813 -0.0011635822468352589
leaf_weight=23313 20 74 58 234 21 32 47 29 49 57 44 741 34 66
leaf_count=23313 20 74 58 234 21 32 47 29 49 57 44 741 34 66
internal_value=7.67618e-13 -0.000837354 3.18347e-06 0.000514369 0.00191278 0.000161414 0.00127428 -5.05162e-06 0.0009173 0.00181159 -1.01974e-05 -0.000412229 0.000832106 0.000120128
internal_weight=24819 94 24725 392 79 313 79 24333 135 86 24198 885 144 110
internal_count=24819 94 24725 392 79 313 79 24333 135 86 24198 885 144 110
is_linear=0
shrinkage=0.04


Tree=137
num_leaves=15
num_cat=0
split_feature=16 20 41 73 50 23 32 30 27 86 22 94 67 75
split_gain=0.0409515 0.0739362 0.133431 0.111529 0.1233 0.106229 0.0856437 0.095008 0.0819664 0.093609 0.14342 0.137018 0.133632 0.12672
threshold=0.012079681937593316 0.019567070843218373 0.069363064262127808 -0.20699702278134394 -0.060474493623405838 0.008303610667755942 -0.24118774925861539 -0.026755593063069235 0.0065121606973532692 -1.0000000180025095e-35 0.03171288606674947 1.0000000180025095e-35 3.1058012500000003 -0.51801876273065817
decision_type=8 8 10 10 10 10 10 10 10 8 10 2 10 10
left_child=-1 2 6 4 -4 -5 7 -2 -3 13 -11 12 -12 -10
right_child=1 8 3 5 -6 -7 -8 -9 9 10 11 -13 -14 -15
leaf_value=-0.00014013905927071722 0.00040284971981815738 0.00025750161128213525 0.0010104637247710599 -0.00019069989466171183 0.0045892791237808223 0.0010090168240953854 -6.9416410149733513e-05 0.0028464008108885202 0.002286778881750775 -3.9088295049289427e-07 -0.00017829240579158068 0.00045346491812156374 0.0037942768832934753 -0.00020038984477236177
leaf_weight=2941 446 1690 43 190 24 312 1621 27 33 12295 20 311 42 4824
leaf_count=2941 446 1690 43 190 24 312 1621 27 33 12295 20 311 42 4824
internal_value=4.29414e-13 1.88385e-05 0.000216362 0.000759531 0.00229243 0.000554941 6.87678e-05 0.000542334 -8.53623e-06 -3.41912e-05 2.30514e-05 0.000795768 0.0025128 -0.000183491
internal_weight=24819 21878 2663 569 67 502 2094 473 19215 17525 12668 373 62 4857
internal_count=24819 21878 2663 569 67 502 2094 473 19215 17525 12668 373 62 4857
is_linear=0
shrinkage=0.04


Tree=138
num_leaves=15
num_cat=0
split_feature=7 23 41 76 30 76 35 64 31 67 26 58 59 50
split_gain=0.0394781 0.102468 0.177002 0.139191 0.212581 0.136614 0.173074 0.15969 0.121721 0.126599 0.108428 0.104579 0.0988772 0.0984573
threshold=0.31053267921698585 0.021346647310125914 -0.020648471060503212 -0.35192579938756763 -0.23242665953137751 0.07943824162669301 0.077358227123561232 5.8607200000000006 -0.28416371834145915 3.1058012500000003 0.013328897340083768 4877063392.7087507 3721464510.2521672 -0.10052145456769739
decision_type=8 10 10 10 10 10 10 10 10 10 10 10 10 10
left_child=1 11 8 4 -4 12 7 13 -3 -10 -11 -1 -5 -7
right_child=-2 2 3 5 -6 6 -8 -9 9 10 -12 -13 -14 -15
leaf_value=-2.2149359167753579e-07 -0.0001156268392651293 0.00023505430410076803 0.00058322654285978886 -0.00020252885255009218 0.0058726822659373283 0.00078646379769210231 -0.00042344557039541541 0.003750122788840452 -0.00017201472888651412 -0.00038496695848351178 -0.0027658338142909867 -0.0010537408286625961 0.0015863123039681732 0.0023696821634783534
leaf_weight=18448 3969 664 31 422 20 417 128 37 277 55 69 152 56 74
leaf_count=18448 3969 664 31 422 20 417 128 37 277 55 69 152 56 74
internal_value=-2.96371e-13 2.20107e-05 0.000276968 0.000613304 0.00265752 0.000521368 0.000896136 0.00121603 -9.72655e-05 -0.000647541 -0.0017098 -8.8309e-06 7.0425e-06 0.00102508
internal_weight=24819 20850 2250 1185 51 1134 656 528 1065 401 124 18600 478 491
internal_count=24819 20850 2250 1185 51 1134 656 528 1065 401 124 18600 478 491
is_linear=0
shrinkage=0.04


Tree=139
num_leaves=15
num_cat=0
split_feature=87 67 94 8 26 86 22 1 30 30 74 43 42 19
split_gain=0.03913 0.0819407 0.0789439 0.112346 0.0777809 0.109236 0.161377 0.104248 0.0945562 0.235333 0.0995629 0.096709 0.0887534 0.147716
threshold=-0.0093194236530497951 7.8638537500000005 2.5000000000000004 -0.17545071255508712 0.019143339591572529 -0.045033973060931147 0.032633995121900829 -0.056651051985162897 -0.15035022462682954 -0.13769253604665291 -0.18973353176642141 0.26470588235294051 0.47864192213995632 0.041241766663574597
decision_type=10 10 2 10 10 8 10 10 10 10 10 10 10 10
left_child=4 2 -2 -4 12 8 -7 -8 11 -10 -11 -6 13 -1
right_child=1 -3 3 -5 5 6 7 -9 9 10 -12 -13 -14 -15
leaf_value=1.4882790419996124e-05 2.3438718996925696e-05 0.0020000767957090455 0.0032537769784147927 0.00045543181380299771 -0.00054966766109808957 -0.00024221326815177389 0.0032053228751332923 0.0005520047641732076 0.0032876192878645199 -0.0026610709660841777 -0.00035347062023126364 -0.0023120150559379736 0.00087381393316253615 -0.00085978674791454353
leaf_weight=6642 15366 34 26 196 94 1495 33 84 26 36 177 106 180 324
leaf_count=6642 15366 34 26 196 94 1495 33 84 26 36 177 106 180 324
internal_value=3.93026e-13 3.8537e-05 3.42585e-05 0.000783166 -6.54588e-05 -0.00028259 -0.000130251 0.00130038 -0.000841975 -0.000304957 -0.000743488 -0.00148371 -3.13923e-06 -2.57995e-05
internal_weight=24819 15622 15588 222 9197 2051 1612 117 439 239 213 200 7146 6966
internal_count=24819 15622 15588 222 9197 2051 1612 117 439 239 213 200 7146 6966
is_linear=0
shrinkage=0.04


Tree=140
num_leaves=15
num_cat=0
split_feature=37 74 22 98 19 8 47 18 48 87 41 28 30 16
split_gain=0.0393449 0.0862456 0.113088 0.136704 0.119097 0.100067 0.0876335 0.128039 0.115858 0.115605 0.082922 0.0814166 0.0788543 0.0785982
threshold=-0.085195934554781458 0.34588885291389532 0.020522093088315815 0.54809470958194606 0.030562707764979814 0.42189972048650454 -0.19436097843142011 0.042742185429941251 -0.24499591672914625 1.9584060729209714 -0.066378188492529841 0.0081706716464396752 -0.28083618698591956 0.045402259988463832
decision_type=8 10 10 10 10 10 10 10 10 10 10 10 10 10
left_child=1 2 3 -1 11 6 7 12 9 -8 -3 -5 -4 -9
right_child=-2 10 5 4 -6 -7 8 13 -10 -11 -12 -13 -14 -15
leaf_value=0.00050780372533762799 -2.0905909245296307e-05 0.0031340163638482674 0.0018063300866633654 0.00024207626415342215 0.00071207554724966903 0.00078205376665729483 -0.0013997025014414715 -0.0018907413474239766 -0.00044521068157577003 -0.0046266986817404951 0.00055308119807665683 -0.0004643989575896664 4.8019460862977557e-05 5.440747704282827e-05
leaf_weight=1306 21171 28 50 391 263 112 78 84 182 23 69 785 222 55
leaf_count=1306 21171 28 50 391 263 112 78 84 182 23 69 785 222 55
internal_value=1.50749e-13 0.000121326 8.91816e-05 0.0002115 -5.74187e-05 -0.000327397 -0.000506444 -0.000133462 -0.00104812 -0.00213456 0.00129809 -0.000229508 0.000371238 -0.00112108
internal_weight=24819 3648 3551 2745 1439 806 694 411 283 101 97 1176 272 139
internal_count=24819 3648 3551 2745 1439 806 694 411 283 101 97 1176 272 139
is_linear=0
shrinkage=0.04


Tree=141
num_leaves=15
num_cat=0
split_feature=96 19 88 50 44 30 98 50 68 90 90 68 59 43
split_gain=0.0390151 0.11373 0.0954266 0.094337 0.0701627 0.0640736 0.0701213 0.0904895 0.0991699 0.107773 0.0873846 0.149227 0.133231 0.156719
threshold=0.38611111111111118 0.026742659734032444 0.82928468985110648 -0.31417683229370219 0.66955582683820081 -0.021276595744680823 0.50926243567753005 -0.085602845515348955 6.5412616666666681 3.5645901802018825e-11 1.2476287550278633e-11 7.0338133333333346 1435793470.7930834 0.62994892031938654
decision_type=8 10 10 10 10 10 10 10 10 10 8 10 10 10
left_child=1 4 3 -3 -1 6 10 8 9 -8 11 -2 -12 -14
right_child=5 2 -4 -5 -6 -7 7 -9 -10 -11 12 -13 13 -15
leaf_value=-1.838720791256304e-05 0.00034856571737769149 0.0040629507560515773 0.00051179241070707713 0.00092765651948010445 0.00084678686436249833 -0.00073513131793018205 -0.00020255462668369265 -0.00070366931616527362 0.0020171452419728867 0.00012797484401627887 4.576292261162829e-05 -0.0019334564345611378 -0.00067086911100374975 0.0002797306147054769
leaf_weight=1647 1872 28 171 34 165 196 4542 389 36 2419 11967 47 906 400
leaf_count=1647 1872 28 171 34 165 196 4542 389 36 2419 11967 47 906 400
internal_value=1.06764e-13 0.000167362 0.000999225 0.0023436 6.03952e-05 -1.50283e-05 -8.77712e-06 -0.000109876 -7.68636e-05 -8.76931e-05 4.03747e-05 0.000292675 3.89737e-06 -0.000379721
internal_weight=24819 2045 233 62 1812 22774 22578 7386 6997 6961 15192 1919 13273 1306
internal_count=24819 2045 233 62 1812 22774 22578 7386 6997 6961 15192 1919 13273 1306
is_linear=0
shrinkage=0.04


Tree=142
num_leaves=15
num_cat=0
split_feature=4 30 7 50 97 68 96 74 52 71 15 17 34 22
split_gain=0.0398568 0.109526 0.0738562 0.0666611 0.0828612 0.0820131 0.11249 0.0862289 0.12341 0.0981984 0.0797903 0.0711883 0.0681806 0.0671959
threshold=-0.094046189105418385 -0.25522067594729003 -0.11907740452337316 -0.011617241637300156 0.54166666666666685 6.2272950000000007 0.62500000000000011 0.18053966410334812 1.072624483583388 0.29285714285714287 0.057449331304364575 0.049123855315238725 -0.039869884152759487 0.032633995121900829
decision_type=10 10 8 8 10 10 10 10 10 10 10 8 10 10
left_child=-1 2 -2 5 10 13 7 8 9 -7 11 -5 -6 -3
right_child=1 3 -4 4 12 6 -8 -9 -10 -11 -12 -13 -14 -15
leaf_value=0.0001573313196064969 0.00056420512150554935 -4.5819743929768397e-06 -0.00116042405197541 -0.0004229489725946342 -0.0011771859608570789 0.002216867886353442 -0.0021877638436853886 0.0022385368254188389 -0.0021088527332991363 0.00018763164738494972 0.00130308049483574 -0.0016876173705002823 0.00045371179116052889 0.00077167996458916196
leaf_weight=2334 49 20339 210 948 47 59 20 61 25 108 40 77 322 180
leaf_count=2334 49 20339 210 948 47 59 20 61 25 108 40 77 322 180
internal_value=1.4679e-13 -1.63314e-05 -0.000834143 -6.80142e-06 -0.00027058 1.13911e-05 0.000700123 0.000928414 0.000512178 0.000904547 -0.000449558 -0.000517953 0.000245982 2.22767e-06
internal_weight=24819 22485 259 22226 1434 20792 273 253 192 167 1065 1025 369 20519
internal_count=24819 22485 259 22226 1434 20792 273 253 192 167 1065 1025 369 20519
is_linear=0
shrinkage=0.04


Tree=143
num_leaves=15
num_cat=0
split_feature=76 44 13 78 22 32 31 8 75 30 41 87 88 31
split_gain=0.0390615 0.0477737 0.0474848 0.0839871 0.0884371 0.0807525 0.171339 0.179388 0.167134 0.114198 0.107357 0.101798 0.0989309 0.0927786
threshold=1.8071445450837331 0.68654382202532027 -0.047260550108156545 0.023507251869864913 0.0044325674136348669 -0.2320630900044868 -0.11775871041503859 0.37063848385827142 0.16690989263205738 -0.086873222417827009 0.0202570655728096 0.68602724175456642 1.2833566481036716 -0.10462978260869558
decision_type=10 10 10 10 10 8 10 8 10 10 10 10 10 10
left_child=2 -2 3 5 -5 6 -1 10 13 -10 11 -8 -11 -9
right_child=1 -3 -4 4 -6 -7 7 8 9 12 -12 -13 -14 -15
leaf_value=0.00015994822050717752 0.00053003760121584417 -0.00094252824486920227 -2.9060915043037018e-05 -0.0016827018378617268 -0.00017751538547410662 -2.1134927836238895e-05 0.00039607637753111442 0.0020049889613874255 0.003422753968645401 -0.00022238902434004723 2.2918252940632374e-05 0.0039462181132209184 0.002924057429745084 0.0055994685346053711
leaf_weight=2835 47 141 18076 71 519 2683 28 20 29 67 231 24 21 27
leaf_count=2835 47 141 18076 71 519 2683 28 20 29 67 231 24 21 27
internal_value=-4.6413e-13 -0.000574387 4.3841e-06 9.66117e-05 -0.000358648 0.000141642 0.00027471 0.00100256 0.00205519 0.00124585 0.000392557 0.0020346 0.000528468 0.0040699
internal_weight=24819 188 24631 6555 590 5965 3282 447 164 117 283 52 88 47
internal_count=24819 188 24631 6555 590 5965 3282 447 164 117 283 52 88 47
is_linear=0
shrinkage=0.04


Tree=144
num_leaves=15
num_cat=0
split_feature=73 86 25 21 40 68 86 29 22 24 64 8 32 32
split_gain=0.0385554 0.102982 0.125959 0.117818 0.11134 0.142815 0.0827464 0.125306 0.102536 0.0982465 0.122947 0.108459 0.0939549 0.215613
threshold=0.12535743145126912 0.123768571486097 0.012155524026104729 0.035305990206843212 -0.026962354964752407 0.79646250000000018 0.63368253176967615 0.022506157712676816 0.029329453127984833 0.014375368871975701 1.7217000000000002 -0.29271373866266726 -0.1797816637512071 -0.18986872119647144
decision_type=8 8 8 10 10 10 8 10 10 10 10 10 8 10
left_child=6 2 -2 4 5 -4 9 -8 -9 10 -1 -12 13 -11
right_child=1 -3 3 -5 -6 -7 7 8 -10 12 11 -13 -14 -15
leaf_value=0.00015767769780942984 0.00015851357586841344 2.4933722916679566e-05 0.0033383413967454719 0.00058652214211379655 -0.00076643777379246144 -0.00012132332269322346 -0.0001836019111654801 0.00034910777427333352 0.0031990828480394115 1.8012816222485935e-05 0.0034823856168077327 0.00071251459826662561 -0.00031531806679722908 0.0015687351618009638
leaf_weight=5120 662 4806 21 145 1190 210 4263 529 21 5955 24 393 1333 147
leaf_count=5120 662 4806 21 145 1190 210 4263 529 21 5955 24 393 1333 147
internal_value=2.852e-13 -7.9275e-05 -0.000304063 -0.000499609 -0.000610439 0.000193192 3.13534e-05 -0.000110292 0.000457925 8.39082e-05 0.000211469 0.000871932 -1.10893e-05 5.53704e-05
internal_weight=24819 7034 2228 1566 1421 231 17785 4813 550 12972 5537 417 7435 6102
internal_count=24819 7034 2228 1566 1421 231 17785 4813 550 12972 5537 417 7435 6102
is_linear=0
shrinkage=0.04


Tree=145
num_leaves=15
num_cat=0
split_feature=36 58 8 68 4 68 17 47 64 64 3 58 42 51
split_gain=0.0381666 0.0920615 0.0883227 0.08234 0.0895333 0.0947965 0.0928655 0.0807721 0.0799517 0.0768047 0.107623 0.0960574 0.118678 0.0972374
threshold=0.19606558800633403 2269656260.0200005 1.345173129383656 2.321542500000001 0.34085291093181463 2.1763075000000005 0.045115171235043272 -0.0031015818147421266 8.9480600000000017 5.5299000000000005 0.07056893306953628 7022845336.1210012 0.28012126194462933 0.15406792095666313
decision_type=10 10 8 8 10 10 10 10 10 10 8 8 8 10
left_child=7 3 -3 4 5 6 -2 9 -5 -1 11 12 13 -11
right_child=1 2 -4 8 -6 -7 -8 -9 -10 10 -12 -13 -14 -15
leaf_value=-8.2903339033796723e-06 -0.00012661416825493886 0.00071372531581118896 -0.00077441532337380688 -0.0010119505618040692 -0.0017304561330482018 0.0028086338697799612 0.0026831944081932308 0.00070052597478731469 0.00032425958497299889 4.0455123411392736e-05 -0.00039517553150653843 0.0029040863853879275 -0.00010132314407585418 0.0019138779496015222
leaf_weight=22723 319 256 85 406 43 21 20 269 87 66 170 32 187 135
leaf_count=22723 319 256 85 406 43 21 20 269 87 66 170 32 187 135
internal_value=-5.03538e-13 -0.000216578 0.000342781 -0.000429459 -5.34574e-06 0.000200709 3.91562e-05 1.13607e-05 -0.000776149 3.40865e-06 0.000453978 0.000797683 0.000623959 0.00129872
internal_weight=24819 1237 341 896 403 360 339 23582 493 23313 590 420 388 201
internal_count=24819 1237 341 896 403 360 339 23582 493 23313 590 420 388 201
is_linear=0
shrinkage=0.04


Tree=146
num_leaves=15
num_cat=0
split_feature=37 74 59 90 8 58 64 25 16 95 14 89 55 8
split_gain=0.0380752 0.0779389 0.0867723 0.0978551 0.109922 0.0935969 0.107426 0.0922839 0.0921595 0.0852673 0.0829774 0.0701029 0.0682687 0.0679429
threshold=-0.11050856245068762 -0.42519448635449703 422458434.45433336 1.9518312633666522e-11 0.90690135995103505 1367678884.7205002 1.9471200000000004 0.014042239212302412 0.045402259988463832 0.54166666666666685 0.11231243549626625 4.9670074814018985e-11 1042166616.6850001 -0.26336007898637853
decision_type=8 10 10 10 8 10 10 8 10 10 10 10 10 10
left_child=1 10 7 4 9 6 -5 13 -7 -4 -1 -12 -8 -3
right_child=-2 2 3 5 -6 8 12 -9 -10 -11 11 -13 -14 -15
leaf_value=-1.1498044309560894e-05 -1.5109709507319977e-05 0.0036889025941491127 0.00027566574583297792 -0.00042581628219168086 0.0018026185299580297 -0.0021910280514865705 0.00098558567468034542 0.00018862231652726113 0.00066622536658542228 -0.0016353964547161013 0.00097962034309603038 0.0031024998459906784 -0.0010362195003108354 0.0011530680430108962
leaf_weight=109 22707 22 565 623 72 73 162 173 24 40 112 32 32 73
leaf_count=109 22707 22 565 623 72 73 162 173 24 40 112 32 32 73
internal_value=-2.92411e-13 0.000162451 7.2809e-05 -3.93523e-05 0.000325146 -0.000309336 -0.000169863 0.000738662 -0.00148408 0.000149315 0.000821123 0.00145137 0.000652092 0.00174031
internal_weight=24819 2112 1859 1591 677 914 817 268 97 605 253 144 194 95
internal_count=24819 2112 1859 1591 677 914 817 268 97 605 253 144 194 95
is_linear=0
shrinkage=0.04


Tree=147
num_leaves=15
num_cat=0
split_feature=75 86 35 38 24 25 85 22 28 1 85 50 55 25
split_gain=0.037633 0.113616 0.0523131 0.0487684 0.0419141 0.160483 0.18198 0.158213 0.129846 0.119917 0.11999 0.115939 0.105401 0.120388
threshold=-0.51801876273065817 -0.032414722627934718 -0.070002239186332346 0.094946228508759681 0.016340448387219052 0.021379178666032391 0.96193991068662432 0.019672913534564049 0.014080649649140971 -0.0036199124669130662 -0.2318031383218708 -0.36121673003802279 2227974986.3320003 0.01379445581984011
decision_type=8 10 10 10 10 10 10 10 8 10 10 8 10 10
left_child=1 2 -1 -3 5 7 9 -2 -9 10 -7 -10 -13 -14
right_child=4 3 -4 -5 -6 6 -8 8 11 -11 -12 12 13 -15
leaf_value=0.0038648515733657406 -1.8833097339086048e-05 0.00045203191353737019 0.0010676705211643941 -0.0012008212369829907 -8.1529477498973356e-05 -0.00069336443716152153 0.0046062185295990534 -0.00012398168684299652 0.0036113274806517772 -2.7358915680597954e-05 0.0027177045679876977 0.00049150699191470289 0.00067560309858731267 0.0034789648582768994
leaf_weight=20 15420 115 23 38 7732 22 21 413 22 137 66 690 57 43
leaf_count=20 15420 115 23 38 7732 22 21 413 22 137 66 690 57 43
internal_value=-2.04986e-13 0.000552071 0.00236868 4.15194e-05 -4.39451e-06 3.09147e-05 0.00104511 1.59257e-05 0.000453461 0.000712739 0.00186494 0.00074716 0.000667398 0.00188105
internal_weight=24819 196 43 153 24623 16891 246 16645 1225 225 88 812 790 100
internal_count=24819 196 43 153 24623 16891 246 16645 1225 225 88 812 790 100
is_linear=0
shrinkage=0.04


Tree=148
num_leaves=15
num_cat=0
split_feature=75 13 40 74 54 37 67 80 42 54 34 19 35 42
split_gain=0.0376315 0.0443973 0.076239 0.086824 0.143357 0.0919892 0.0913404 0.143535 0.13779 0.0892861 0.0997343 0.0882029 0.0852032 0.108217
threshold=1.1565509054542753 -0.047260550108156545 inf -0.31084228310848844 0.64626205078712806 0.079917928643469707 3.8995150000000005 0.047854333378543369 0.33165482721696166 0.61433905537775202 -0.042907312155863124 0.034386573469667038 -0.042829228031637349 -0.13254949832961752
decision_type=10 10 8 10 10 10 10 10 10 8 10 10 10 8
left_child=1 -1 3 4 6 -6 7 12 11 -5 -11 -9 13 -3
right_child=-2 2 -4 9 5 -7 -8 8 -10 10 -12 -13 -14 -15
leaf_value=9.3720306280405826e-05 -0.00055782614787631252 -0.0013993191865917581 -0.0010006774781868445 -3.4362749184351045e-05 0.0017201288279715871 -0.0010180506930160134 -0.00074409926907606516 0.0012911114534125869 0.0040041162470436618 0.00012582512415563649 -0.00056745811802129029 -0.0003917717599120208 -4.4959652981849596e-05 0.00047304035388550828
leaf_weight=6534 192 52 128 11925 134 23 201 157 23 478 1087 73 2828 984
leaf_count=6534 192 52 128 11925 134 23 201 157 23 478 1087 73 2828 984
internal_value=-6.49643e-13 4.34899e-06 -2.7926e-05 -2.09952e-05 0.000131683 0.00131899 8.85125e-05 0.000129162 0.00105217 -7.16426e-05 -0.000355708 0.000756979 6.8727e-05 0.000379061
internal_weight=24819 24627 18093 17965 4475 157 4318 4117 253 13490 1565 230 3864 1036
internal_count=24819 24627 18093 17965 4475 157 4318 4117 253 13490 1565 230 3864 1036
is_linear=0
shrinkage=0.04


Tree=149
num_leaves=15
num_cat=0
split_feature=58 59 8 38 36 46 26 90 90 67 53 5 27 88
split_gain=0.0372438 0.117618 0.0813586 0.0842847 0.09878 0.0786666 0.143417 0.0685245 0.173221 0.133634 0.183108 0.109849 0.0835821 0.0869108
threshold=278281906.15062505 291141832.42500001 0.39010955101179062 -0.11443854274682412 -0.10472577931789455 0.28057131797819285 0.013654843767353176 7.1126070147197524e-11 5.5396179981064248e-11 1.4366775000000003 0.44977391938002614 0.18851773289568721 0.01639624779266417 0.93399152371743666
decision_type=8 10 10 8 10 8 10 10 10 10 10 10 10 10
left_child=1 2 3 4 -1 6 -3 8 -2 -10 11 -11 13 -9
right_child=7 5 -4 -5 -6 -7 -8 12 9 10 -12 -13 -14 -15
leaf_value=0.0030127954386688512 -2.9652807666802948e-05 0.00081558105845002326 0.0023231004798522918 -1.08559182082082e-05 0.00046663693624758427 0.0002255672725638555 0.0036726927745936288 0.0024773745842024005 -9.0460985709458241e-05 0.0016063572234664876 0.00010640907523136574 0.0043574279032785584 -0.00096180816194582229 -0.00017546859289610701
leaf_weight=29 19815 117 25 3451 153 155 37 22 215 166 144 27 269 194
leaf_count=29 19815 117 25 3451 153 155 37 22 215 166 144 27 269 194
internal_value=1.09283e-13 0.000112341 4.90378e-05 3.33891e-05 0.000872344 0.000861733 0.00150203 -2.13723e-05 -1.01827e-05 0.000688731 0.00118584 0.00199122 -0.000491268 9.47284e-05
internal_weight=24819 3967 3658 3633 182 309 154 20852 20367 552 337 193 485 216
internal_count=24819 3967 3658 3633 182 309 154 20852 20367 552 337 193 485 216
is_linear=0
shrinkage=0.04


Tree=150
num_leaves=15
num_cat=0
split_feature=8 38 44 52 21 47 59 29 27 66 32 41 57 23
split_gain=0.0374163 0.144181 0.181652 0.181601 0.129115 0.141084 0.147536 0.109887 0.106549 0.129971 0.112097 0.103663 0.0942678 0.0934079
threshold=-0.040376638126152879 -0.088297017973380396 0.63905655963034491 0.1543376252436868 0.01793193322680714 -0.10627102640962881 885687026.86183345 0.018376386639655736 0.019338336445664944 1.0261850000000001 -0.30519282616340404 0.23056937296428262 994347270.55875027 0.02468477455631499
decision_type=8 10 10 10 10 10 10 10 10 10 10 10 10 10
left_child=1 2 8 -4 11 7 -7 12 9 10 -1 -3 -6 -9
right_child=-2 4 3 -5 5 6 -8 13 -10 -11 -12 -13 -14 -15
leaf_value=0.00092662031158066715 3.300370156236969e-05 -0.00016251135685761873 0.0052923134565353389 0.00090886756522400719 -0.00018202807471706447 -0.00087207823269674889 -0.0031132877830948149 -0.001657078151685903 0.00072447834988474886 -0.00020710315292234236 6.8553570157040456e-05 0.0024749072372651426 0.0019273082604536749 0.00035287428207018154
leaf_weight=352 17098 3675 20 62 110 143 70 113 359 1898 791 24 49 55
leaf_count=352 17098 3675 20 62 110 143 70 113 359 1898 791 24 49 55
internal_value=-3.79239e-13 -7.3086e-05 0.000117633 0.001978 -0.000229747 -0.000807526 -0.00160863 -0.000285709 7.27653e-05 -4.17151e-06 0.000332805 -0.000145399 0.000468019 -0.000999058
internal_weight=24819 7721 3482 82 4239 540 213 327 3400 3041 1143 3699 159 168
internal_count=24819 7721 3482 82 4239 540 213 327 3400 3041 1143 3699 159 168
is_linear=0
shrinkage=0.04


Tree=151
num_leaves=15
num_cat=0
split_feature=73 86 25 30 38 16 65 46 66 21 85 5 17 27
split_gain=0.0373605 0.0945459 0.114576 0.106424 0.087519 0.120153 0.113299 0.0876964 0.0829977 0.0818375 0.0854203 0.105037 0.0811909 0.0990779
threshold=0.12535743145126912 0.123768571486097 0.012155524026104729 -0.086873222417827009 0.31199999044111332 0.025557411693332525 1.3743400000000003 0.34803099299393186 0.73554000000000008 0.035305990206843212 0.67336049107783824 -0.00795901205788546 0.049123855315238725 0.040013116146424402
decision_type=8 8 8 10 10 10 10 8 10 10 10 10 10 10
left_child=-1 2 -2 8 5 -5 -7 -8 -4 10 -10 -12 13 -3
right_child=1 12 3 4 -6 6 7 -9 9 -11 11 -13 -14 -15
leaf_value=3.0863723513309891e-05 0.00014775817133989215 2.1908691601631898e-05 0.0016832087013723426 -0.00053821956939335228 0.0010755778586884078 -0.0031703434381307218 0.00063896586782195505 -0.001541216126667966 -0.00057885291619669754 0.00065242652739915582 -0.00052997049624536885 0.003395011274609715 -0.00091365047316584321 0.0012314469899839581
leaf_weight=17785 662 4551 38 515 38 57 36 164 539 135 24 20 144 111
leaf_count=17785 662 4551 38 515 38 57 36 164 539 135 24 20 144 111
internal_value=-4.09642e-13 -7.80369e-05 -0.000293421 -0.000479923 -0.000798491 -0.000890737 -0.00159714 -0.00114878 -0.0001386 -0.000235018 -0.000440516 0.00125411 2.18126e-05 5.07072e-05
internal_weight=24819 7034 2228 1566 810 772 257 200 756 718 583 44 4806 4662
internal_count=24819 7034 2228 1566 810 772 257 200 756 718 583 44 4806 4662
is_linear=0
shrinkage=0.04


Tree=152
num_leaves=15
num_cat=0
split_feature=97 20 34 7 64 27 73 49 26 8 38 27 25 37
split_gain=0.036783 0.0598862 0.0550064 0.0729294 0.0675712 0.0818235 0.0649583 0.0856134 0.117654 0.0626257 0.144212 0.161901 0.124987 0.0818857
threshold=0.65833333333333344 0.024272325719098198 -0.069775912072423771 -0.20290999491451681 5.5299000000000005 0.028471387164023945 0.10970850954714163 -0.18927402763183973 0.0096404141613769482 -0.16163542441329956 -0.089529544834148253 0.030993557745402373 0.015771229851781862 -0.11050856245068762
decision_type=8 10 10 8 10 10 10 10 10 8 10 10 10 8
left_child=2 -2 3 -1 5 6 7 -5 -9 10 11 -4 -13 -11
right_child=1 -3 9 4 -6 -7 -8 8 -10 13 -12 12 -14 -15
leaf_value=0.0013805799052715884 5.3925479698235272e-06 -0.00056631744709606708 -5.5886522851528816e-05 0.00015217857153078363 0.0013013069903245196 -0.0011063754327976739 -0.0005854655723195783 0.00074644728648612119 0.0039316484210607803 0.00040005043319954697 -0.00060211330304560135 0.0043866614150730046 0.00077957183177418572 5.8099669540569872e-06
leaf_weight=92 771 473 1755 438 80 83 129 96 23 882 881 22 51 19043
leaf_count=92 771 473 1755 438 80 83 129 96 23 882 881 22 51 19043
internal_value=-4.01388e-13 -0.000211986 1.1186e-05 0.000310845 0.000194925 7.98269e-05 0.000223347 0.000410666 0.00136207 -1.27217e-06 -0.000181719 2.08883e-05 0.00186664 2.32614e-05
internal_weight=24819 1244 23575 941 849 769 686 557 119 22634 2709 1828 73 19925
internal_count=24819 1244 23575 941 849 769 686 557 119 22634 2709 1828 73 19925
is_linear=0
shrinkage=0.04


Tree=153
num_leaves=15
num_cat=0
split_feature=87 26 31 25 5 24 81 86 39 74 20 31 18 30
split_gain=0.0361552 0.0725513 0.133879 0.101995 0.122658 0.113087 0.111197 0.0957345 0.0944423 0.0902599 0.0760668 0.153049 0.0927405 0.137098
threshold=0.19300884326208265 0.022644712736251221 -0.21056054202234861 0.017077764021455406 0.028195488721804444 0.026272246241640134 0.34722222222222449 -0.3855920785187103 0.021000460713276995 -0.37854257789607698 0.031563282562270395 -0.11314544811276837 0.046911195263924961 -0.25522067594729003
decision_type=10 10 8 10 10 10 10 10 10 10 10 10 10 8
left_child=1 10 7 -4 8 6 -6 -3 -5 -9 12 -12 13 -1
right_child=-2 2 3 4 5 -7 -8 9 -10 -11 11 -13 -14 -15
leaf_value=0.002897718013783742 4.3214436534351537e-05 -0.0028103265104194482 -0.00041750897689095374 0.0037985208763607909 0.0012872790072256033 -0.0023380647647987911 -5.7500502116767017e-05 0.0019159183244813571 0.00033924299251774086 -0.00068778239345539029 0.00016415243498110182 0.0029964066062483099 -0.0020405528689183198 -6.9590068178625183e-05
leaf_weight=25 13779 33 499 28 137 27 349 22 23 672 2001 31 38 7155
leaf_count=25 13779 33 499 28 137 27 349 22 23 672 2001 31 38 7155
internal_value=2.25516e-13 -5.39358e-05 -0.000287036 -9.5391e-07 0.000367594 0.000181602 0.000321583 -0.000705337 0.00223845 -0.000605244 -8.82782e-06 0.000207361 -6.9689e-05 -5.92582e-05
internal_weight=24819 11040 1790 1063 564 513 486 727 51 694 9250 2032 7218 7180
internal_count=24819 11040 1790 1063 564 513 486 727 51 694 9250 2032 7218 7180
is_linear=0
shrinkage=0.04


Tree=154
num_leaves=15
num_cat=0
split_feature=20 86 41 32 32 66 86 42 68 20 39 74 31 85
split_gain=0.0360669 0.103978 0.0969977 0.0934968 0.101471 0.14263 0.0957561 0.200612 0.107244 0.139615 0.0949475 0.0947207 0.0813413 0.0806804
threshold=0.022111414930069247 0.42219698152848312 0.11389981256201977 -0.1797816637512071 -0.17999449462454245 1.5316725000000002 0.89299378616187564 0.24539717129803454 1.4816633333333336 0.024517647780134526 0.030649908958185094 -0.02960943263951726 -0.053921892552699351 0.066863831970000689
decision_type=8 10 10 10 10 10 10 10 10 10 10 10 10 10
left_child=1 2 -1 4 12 10 13 8 9 -8 -6 -9 -2 -5
right_child=3 -3 -4 6 5 -7 7 11 -10 -11 -12 -13 -14 -15
leaf_value=0.00015296193178653575 -1.352332646209435e-05 -9.7736563240287527e-05 0.00095114384157112062 -0.00015661020779570334 0.0047821937394993651 -0.00031773217483229625 -0.00015843287914531071 0.0038832492244740332 -0.0011363897436863877 0.0031821296765254092 0.0013207669530129352 0.00094043183362200154 0.0025390715878456831 -0.00077948370910565818
leaf_weight=4097 15433 3281 259 671 21 48 87 30 112 26 32 42 20 660
leaf_count=4097 15433 3281 259 671 21 48 87 30 112 26 32 42 20 660
internal_value=1.09721e-13 7.23265e-05 0.00020042 -3.21475e-05 -1.95992e-06 0.00126178 -0.000320561 0.000328861 -0.000259218 0.000610192 0.00269228 0.00216661 -1.02196e-05 -0.000465473
internal_weight=24819 7637 4356 17182 15554 101 1628 297 225 113 53 72 15453 1331
internal_count=24819 7637 4356 17182 15554 101 1628 297 225 113 53 72 15453 1331
is_linear=0
shrinkage=0.04


Tree=155
num_leaves=15
num_cat=0
split_feature=16 16 28 18 30 50 31 31 48 20 8 86 8 42
split_gain=0.0365644 0.0705657 0.0986006 0.11061 0.102443 0.0965365 0.143024 0.0842053 0.136168 0.135728 0.0981882 0.10833 0.121341 0.105691
threshold=0.012300844513689149 0.023260897881146565 0.014420903504043689 0.019872725381359081 -0.044050241241871228 -0.34977648417703805 -0.14338815722267492 -0.16966267131639265 -0.083219321093916651 0.040748733423635879 -0.16163542441329956 0.41573695182352349 0.23037095938387889 -0.14462402404537064
decision_type=8 10 10 10 10 8 10 8 10 10 10 10 10 10
left_child=-1 7 4 -4 -3 6 -5 8 -2 -9 -10 13 -13 -12
right_child=1 2 3 5 -6 -7 -8 9 10 -11 11 12 -14 -15
leaf_value=-0.00012764082785412473 0.00011141293761688062 -0.00026462579435477862 0.00083029337307408808 0.00032435297644728558 -0.0025114499990630786 -5.5447362095305054e-05 0.0035989028757268731 -2.4999030002059592e-05 -4.3915472324667383e-05 0.0028180649097043053 0.0027564515600170124 0.0011533646513493486 0.003484505855224349 0.00037477320866430194
leaf_weight=3137 3721 2016 253 713 33 8506 22 5446 243 27 32 190 44 436
leaf_count=3137 3721 2016 253 713 33 8506 22 5446 243 27 32 190 44 436
internal_value=-1.98879e-13 1.84674e-05 -4.91636e-05 5.1473e-06 -0.000300812 -1.74435e-05 0.000422367 9.54635e-05 0.000220309 -1.09733e-05 0.000649094 0.000888982 0.0015917 0.000537623
internal_weight=24819 21682 11543 9494 2049 9241 735 10139 4666 5473 945 702 234 468
internal_count=24819 21682 11543 9494 2049 9241 735 10139 4666 5473 945 702 234 468
is_linear=0
shrinkage=0.04


Tree=156
num_leaves=15
num_cat=0
split_feature=30 22 31 20 31 23 32 27 65 25 16 13 94 17
split_gain=0.0363035 0.102551 0.123669 0.100668 0.0762004 0.085911 0.0742971 0.108513 0.0904233 0.0781171 0.0898695 0.0836459 0.0751981 0.0714421
threshold=-0.060863035022086669 0.013337798558180682 -0.28783250220406525 0.043721341169391324 -0.067964074554762374 0.015301991474445444 -0.34122476134469648 0.009556323668344531 0.44819500000000007 0.017252781916223234 0.016928275265296687 -0.19163414305901358 1.0000000180025095e-35 0.031738122861425536
decision_type=10 10 8 10 10 10 10 10 10 8 10 10 2 10
left_child=4 6 -3 -4 -1 -6 -2 -8 -9 11 -11 -10 13 -13
right_child=1 2 3 -5 5 -7 7 8 9 10 -12 12 -14 -15
leaf_value=2.5048773913380146e-05 -0.00044162612552094041 0.00092990286246401408 -0.00097225477289708767 0.0016862298051516214 0.00027375874992953067 0.0035277516279546991 -0.00018022439074139 0.0020176722682524652 -0.00074873481106060152 0.0029388332007260162 0.00055688056350420396 0.00013813465205761715 -0.0022957241712138056 0.0017287424220906004
leaf_weight=18007 638 73 452 24 34 21 2519 42 178 29 201 2535 20 46
leaf_count=18007 638 73 452 24 34 21 2519 42 178 29 201 2535 20 46
internal_value=7.27594e-13 -7.90948e-05 -0.000603109 -0.000838214 2.95894e-05 0.00151619 -3.2754e-05 1.40791e-05 0.000174502 0.000148775 0.000857214 9.01419e-05 0.000147551 0.000166483
internal_weight=24819 6757 549 476 18062 55 6208 5570 3051 3009 230 2779 2601 2581
internal_count=24819 6757 549 476 18062 55 6208 5570 3051 3009 230 2779 2601 2581
is_linear=0
shrinkage=0.04


Tree=157
num_leaves=15
num_cat=0
split_feature=23 59 94 74 30 8 87 88 95 17 33 74 18 90
split_gain=0.0356602 0.0631729 0.0557321 0.102322 0.0941839 0.0720207 0.0919069 0.0585937 0.0598237 0.057948 0.0992211 0.101236 0.0769482 0.141375
threshold=0.035097657890070293 1392016329.9699171 2.5000000000000004 -0.27120720221146588 -0.20952112268249998 0.96369400337264555 -0.068020665719150955 1.3136160230300342 0.44722222222222224 0.058125897612957396 0.027382477805210196 0.069952751122739368 0.045208215541855591 7.0512315325404114e-12
decision_type=10 10 2 10 10 8 10 10 10 10 10 8 10 8
left_child=2 -2 9 4 -4 7 -7 8 -5 12 11 -11 -1 -14
right_child=1 -3 3 5 -6 6 -8 -9 -10 10 -12 -13 13 -15
leaf_value=4.6210403622268151e-06 0.0012170162838883699 -0.0013167030623535048 0.00093140544787306215 0.00061167445259455307 0.0040577604772434354 -8.4848997981420578e-05 0.002649299333727843 0.0018147329019293898 -0.00084411611349472925 -0.0005034396827220917 -0.00061487413353609804 0.0025188929973777047 0.00077146506737335585 -0.00059824178067082161
leaf_weight=23313 20 74 58 65 21 42 37 21 148 25 49 61 144 741
leaf_count=23313 20 74 58 65 21 42 37 21 148 25 49 61 144 741
internal_value=8.24973e-13 -0.000777614 2.95635e-06 0.000476107 0.00176246 0.000151436 0.0011957 -0.000201115 -0.000399861 -4.66602e-06 0.00082176 0.00164031 -9.27663e-06 -0.000375374
internal_weight=24819 94 24725 392 79 313 79 234 213 24333 135 86 24198 885
internal_count=24819 94 24725 392 79 313 79 234 213 24333 135 86 24198 885
is_linear=0
shrinkage=0.04


Tree=158
num_leaves=15
num_cat=0
split_feature=53 25 66 86 86 29 40 65 87 30 23 27 68 96
split_gain=0.0354652 0.122377 0.110068 0.159206 0.106358 0.103894 0.0953403 0.0848328 0.0827556 0.0860954 0.129904 0.0784976 0.0784629 0.083065
threshold=0.65259220640655713 0.017211470177541984 4.0356300000000003 -0.075147597894428111 -0.032414722627934718 0.028164239537968785 0.24111763117589671 6.3372050000000009 1.0767618388226596 -0.09371584438357726 0.023136996017670337 0.034470293828067995 1.1437466666666669 0.57321428571428579
decision_type=10 10 10 10 10 10 10 10 10 10 10 10 10 10
left_child=7 12 3 -3 6 -5 11 -1 9 10 -6 -4 -2 -14
right_child=1 2 4 5 8 -7 -8 -9 -10 -11 -12 -13 13 -15
leaf_value=6.2347238286171533e-07 0.00082903720798992349 0.0037776136631146075 -0.00071974837497305291 0.001484642849303782 0.0026401816741660395 -0.0013335399909151925 0.00091035260139284916 0.00065429678002028205 -0.002075551981882503 -0.00056021452677411452 0.0003160685190412494 -0.0025404385578606213 -0.00079108660622243432 -0.0025636069904096791
leaf_weight=23567 31 28 113 50 48 36 37 322 24 113 194 57 138 61
leaf_count=23567 31 28 113 50 48 36 37 322 24 113 194 57 138 61
internal_value=1.44717e-13 -0.000242341 2.06756e-05 0.00115788 -0.000200555 0.000304938 -0.000929727 9.43434e-06 0.000197701 0.000351385 0.00077705 -0.00133022 -0.00104283 -0.00133442
internal_weight=24819 930 700 114 586 86 207 23889 379 355 242 170 230 199
internal_count=24819 930 700 114 586 86 207 23889 379 355 242 170 230 199
is_linear=0
shrinkage=0.04


Tree=159
num_leaves=15
num_cat=0
split_feature=8 89 58 49 94 21 86 36 20 31 41 74 57 5
split_gain=0.0351213 0.0999113 0.0701396 0.0700603 0.092531 0.0711615 0.0532835 0.045108 0.0415506 0.206186 0.426776 0.204651 0.182874 0.177447
threshold=1.345173129383656 2.8607247786460497e-11 7977678566.3937511 -0.19302898818687167 1.5000000000000002 0.034288397066279543 0.047204609289667361 -0.0063323831342786954 0.035123788846199037 -0.15553827182432947 0.052274880148774135 -0.16449764395438357 532670581.20675009 0.07195242700561845
decision_type=10 10 10 10 2 8 10 10 10 10 10 10 10 10
left_child=2 3 8 7 5 6 -5 -2 -1 12 11 -11 -10 -13
right_child=1 -3 -4 4 -6 -7 -8 -9 9 10 -12 13 -14 -15
leaf_value=-1.896268863642216e-05 -0.00036974178916751978 0.0020004858705215157 0.0018477862864506966 -0.0024418026919011027 -0.002783820198099243 0.0012227897175277273 -0.0004922149285984536 0.0018434595535306829 0.0021617914746785839 0.000107195398833772 0.00033068553216202148 0.0063322008670748855 -3.2768572683698229e-05 0.0020911162732927886
leaf_weight=20977 41 24 33 32 41 27 75 23 62 22 373 38 3024 27
leaf_count=20977 41 24 33 32 41 27 75 23 62 22 373 38 3024 27
internal_value=6.40358e-13 -0.000459784 4.92439e-06 -0.000706841 -0.001121 -0.000612227 -0.00107527 0.000425627 2.4445e-06 0.000129083 0.000919104 0.00344186 1.13217e-05 0.00457052
internal_weight=24819 263 24556 239 175 134 107 64 24523 3546 460 87 3086 65
internal_count=24819 263 24556 239 175 134 107 64 24523 3546 460 87 3086 65
is_linear=0
shrinkage=0.04


end of trees

feature_importances:
momentum_120=88
max_drawdown_120=79
volatility_120=73
max_drawdown_60=71
ma_slope_60=65
amount_mean_40=62
downside_volatility_10=58
max_drawdown_20=58
amihud_illiquidity_20=58
amihud_illiquidity_60=53
downside_volatility_20=52
return_skew_60=51
downside_volatility_60=49
volatility_40=48
downside_volatility_120=48
amount_ratio_5_20=44
return_kurt_60=42
amount_mean_60=40
momentum_60=37
volatility_20=36
turnover_mean_5=35
turnover_mean_20=35
turnover_mean_60=34
return_kurt_20=34
ma_bias_60=32
ma_slope_20=32
ma_slope_5=31
ma_slope_10=31
breakout_high_120=30
downside_volatility_5=29
upside_volatility_60=29
turnover_mean_10=29
turnover_mean_40=29
volume_ratio_10_60=29
upside_volatility_10=26
ma_bias_10=26
ma_bias_120=26
amount_mean_5=25
volume_ratio_5_20=25
down_day_ratio_60=25
volatility_10=24
return_skew_20=24
up_day_ratio_60=24
volatility_60=23
breakdown_low_120=23
breakdown_low_40=21
amount_mean_20=20
momentum_20=19
momentum_10=18
reversal_10=17
upside_volatility_20=17
ma_bias_20=17
amount_ratio_10_60=17
momentum_5=15
volatility_5=15
upside_volatility_5=15
breakout_high_60=15
amount_mean_10=15
limit_down_count_60=15
breakout_high_40=14
momentum_40=13
breakout_high_20=13
momentum_2=12
breakdown_low_20=12
ma_bias_40=11
price_position_40=9
overnight_return=9
price_position_20=8
breakdown_low_60=8
amplitude=8
ma_bias_5=7
price_position_120=5
up_day_ratio_20=5
price_position_60=4
amount_zscore_60=4
turnover_zscore_60=4
limit_up_count_20=4
limit_up_count_60=4
momentum_3=3
reversal_20=3
amount_percentile_60=3
turnover_zscore_20=3
down_day_ratio_20=3
momentum_1=2
reversal_5=2
intraday_return=2
lower_shadow=2
reversal_3=1
turnover_percentile_20=1
turnover_percentile_60=1
close_position=1
limit_down_count_20=1

parameters:
[boosting: gbdt]
[objective: regression]
[metric: l2]
[tree_learner: serial]
[device_type: cpu]
[data_sample_strategy: bagging]
[data: ]
[valid: ]
[num_iterations: 160]
[learning_rate: 0.04]
[num_leaves: 15]
[num_threads: 6]
[seed: 42]
[deterministic: 0]
[force_col_wise: 0]
[force_row_wise: 0]
[histogram_pool_size: -1]
[max_depth: -1]
[min_data_in_leaf: 20]
[min_sum_hessian_in_leaf: 0.001]
[bagging_fraction: 1]
[pos_bagging_fraction: 1]
[neg_bagging_fraction: 1]
[bagging_freq: 0]
[bagging_seed: 400]
[bagging_by_query: 0]
[feature_fraction: 1]
[feature_fraction_bynode: 1]
[feature_fraction_seed: 30056]
[extra_trees: 0]
[extra_seed: 12879]
[early_stopping_round: 0]
[early_stopping_min_delta: 0]
[first_metric_only: 0]
[max_delta_step: 0]
[lambda_l1: 0]
[lambda_l2: 0]
[linear_lambda: 0]
[min_gain_to_split: 0]
[drop_rate: 0.1]
[max_drop: 50]
[skip_drop: 0.5]
[xgboost_dart_mode: 0]
[uniform_drop: 0]
[drop_seed: 17869]
[top_rate: 0.2]
[other_rate: 0.1]
[min_data_per_group: 100]
[max_cat_threshold: 32]
[cat_l2: 10]
[cat_smooth: 10]
[max_cat_to_onehot: 4]
[top_k: 20]
[monotone_constraints: ]
[monotone_constraints_method: basic]
[monotone_penalty: 0]
[feature_contri: ]
[forcedsplits_filename: ]
[refit_decay_rate: 0.9]
[cegb_tradeoff: 1]
[cegb_penalty_split: 0]
[cegb_penalty_feature_lazy: ]
[cegb_penalty_feature_coupled: ]
[path_smooth: 0]
[interaction_constraints: ]
[verbosity: -1]
[saved_feature_importance_type: 0]
[use_quantized_grad: 0]
[num_grad_quant_bins: 4]
[quant_train_renew_leaf: 0]
[stochastic_rounding: 1]
[linear_tree: 0]
[max_bin: 255]
[max_bin_by_feature: ]
[min_data_in_bin: 3]
[bin_construct_sample_cnt: 200000]
[data_random_seed: 175]
[is_enable_sparse: 1]
[enable_bundle: 1]
[use_missing: 1]
[zero_as_missing: 0]
[feature_pre_filter: 1]
[pre_partition: 0]
[two_round: 0]
[header: 0]
[label_column: ]
[weight_column: ]
[group_column: ]
[ignore_column: ]
[categorical_feature: ]
[forcedbins_filename: ]
[precise_float_parser: 0]
[parser_config_file: ]
[objective_seed: 16083]
[num_class: 1]
[is_unbalance: 0]
[scale_pos_weight: 1]
[sigmoid: 1]
[boost_from_average: 1]
[reg_sqrt: 0]
[alpha: 0.9]
[fair_c: 1]
[poisson_max_delta_step: 0.7]
[tweedie_variance_power: 1.5]
[lambdarank_truncation_level: 30]
[lambdarank_norm: 1]
[label_gain: ]
[lambdarank_position_bias_regularization: 0]
[eval_at: ]
[multi_error_top_k: 1]
[auc_mu_weights: ]
[num_machines: 1]
[local_listen_port: 12400]
[time_out: 120]
[machine_list_filename: ]
[machines: ]
[gpu_platform_id: -1]
[gpu_device_id: -1]
[gpu_use_dp: 0]
[num_gpu: 1]

end of parameters

pandas_categorical:[]
