tree
version=v4
num_class=1
num_tree_per_iteration=1
label_index=0
max_feature_idx=102
objective=regression
feature_names=momentum_1 momentum_2 momentum_3 momentum_5 momentum_10 momentum_20 momentum_40 momentum_60 momentum_120 reversal_1 reversal_2 reversal_3 reversal_5 reversal_10 reversal_20 volatility_5 volatility_10 volatility_20 volatility_40 volatility_60 volatility_120 downside_volatility_5 downside_volatility_10 downside_volatility_20 downside_volatility_60 downside_volatility_120 upside_volatility_5 upside_volatility_10 upside_volatility_20 upside_volatility_60 max_drawdown_20 max_drawdown_60 max_drawdown_120 ma_bias_5 ma_bias_10 ma_bias_20 ma_bias_40 ma_bias_60 ma_bias_120 ma_slope_5 ma_slope_10 ma_slope_20 ma_slope_60 price_position_20 price_position_40 price_position_60 price_position_120 breakout_high_20 breakout_high_40 breakout_high_60 breakout_high_120 breakdown_low_20 breakdown_low_40 breakdown_low_60 breakdown_low_120 amount_mean_5 amount_mean_10 amount_mean_20 amount_mean_40 amount_mean_60 amount_zscore_20 amount_zscore_60 amount_percentile_20 amount_percentile_60 turnover_mean_5 turnover_mean_10 turnover_mean_20 turnover_mean_40 turnover_mean_60 turnover_zscore_20 turnover_zscore_60 turnover_percentile_20 turnover_percentile_60 volume_ratio_5_20 volume_ratio_10_60 amount_ratio_5_20 amount_ratio_10_60 intraday_return overnight_return gap_return amplitude close_position upper_shadow lower_shadow body_size return_skew_20 return_skew_60 return_kurt_20 return_kurt_60 amihud_illiquidity_20 amihud_illiquidity_60 limit_up_count_20 limit_up_count_60 limit_down_count_20 limit_down_count_60 up_day_ratio_20 up_day_ratio_60 down_day_ratio_20 down_day_ratio_60 up_streak down_streak new_high_distance_60 new_low_distance_60
feature_infos=[-0.10051993067590981:0.10158730158730145] [-0.19013185878349648:0.21036451471234074] [-0.23776223776223782:0.33140096618357484] [-0.32626325639426079:0.5053763440860215] [-0.38144329896907214:0.77295409181636709] [-0.4508928571428571:1.3132880698351115] [-0.53720238095238093:1.9045792308653344] [-0.57378768020969861:2.4787878787878785] [-0.51344438170413198:2.5125794857616812] [-0.10158730158730145:0.10051993067590981] [-0.21036451471234074:0.19013185878349648] [-0.33140096618357484:0.23776223776223782] [-0.5053763440860215:0.32626325639426079] [-0.77295409181636709:0.38144329896907214] [-1.3132880698351115:0.4508928571428571] [0.0014874533951662395:0.095924895222336895] [0.0022477513155446738:0.078238444074900174] [0.0038653332870002867:0.06897432058447002] [0.0070573784294566807:0.062590294630537599] [0.0084266754959914994:0.061416071221807179] [0.010710492761758126:0.052919063672920028] [0:0.054812437800097764] [0:0.047224963317592558] [0.0023459602512170192:0.041133277236554695] [0.0045703703884312523:0.033243763866188922] [0.005729936904799008:0.028111210527126881] [0:0.055489006645562007] [0:0.04854317740212339] [0.0016670973053831261:0.045120695629335184] [0.0046363194547335311:0.03922510993295681] [-0.47234164517053601:-0.0090909090909090384] [-0.5923984272608126:-0.036296296296296271] [-0.60439560439560447:-0.070616356445172834] [-0.17456435340874354:0.18840786100825957] [-0.27012232209231613:0.34988843897198585] [-0.32050122723162389:0.48358128361593478] [-0.38673195756091883:0.72975172975172975] [-0.40902612826603324:0.96292881468586611] [-0.45196379639624673:1.3678714767398228] [-0.27349885989359002:0.38395492353099003] [-0.31584332533972825:0.58243157224697661] [-0.37106300655127433:0.88423884204918335] [-0.38744326912569227:1.311217323394362] [0:1] [0:1] [0:1] [0:1] [-0.49227799227799229:0] [-0.57115278543849968:0] [-0.59484106305367379:0] [-0.61886429258902786:0] [0:1.2943722943722946] [0:1.954809055712817] [0:2.5931142410015653] [0:3.1300394058805701] [20448309.371999998:12877000292.204] [22860203.671999998:11842655106.566] [25894108.145:10996474706.936001] [36442842.305250004:10632253632.115749] [47569671.078333341:9996781552.5916672] [-2.7075834530639415:4.2329520667652902] [-2.2912552333606202:6.9937283608570207] [0.050000000000000003:1] [0.016666666666666666:1] [0.10735999999999998:15.543839999999999] [0.11905999999999999:13.910259999999999] [0.13480999999999999:12.398210000000001] [0.1879825:11.233527499999999] [0.23910166666666666:10.876183333333334] [-2.6789530719029884:4.2302976421460912] [-2.6776145802638989:6.8247331907920348] [0.050000000000000003:1] [0.016666666666666666:1] [-0.61474707280039087:2.318692143823506] [-0.7230370738320232:2.5875998288013271] [-0.67553953069035422:2.3788545614647125] [-0.75596518889707409:2.7086242854352323] [-0.11764705882352944:0.16139367240688829] [-0.10091743119266039:0.10033898305084743] [-0.10091743119266039:0.10033898305084743] [0:0.18575697211155376] [0:1] [0:1] [0:1] [0:1] [-3.121242308883394:3.1550987236220336] [-2.8098914132214352:3.4048053518052104] [-1.7788755544291683:12.052426565615239] [-1.0231152244685107:18.274687493267308] [3.1707567519787585e-12:3.4026914062541616e-10] [3.7122393588585845e-12:2.0178424453759191e-10] [0:7] [0:9] [0:4] [0:5] [0.10000000000000001:0.84999999999999998] [0.28333333333333333:0.68333333333333335] [0.10000000000000001:0.90000000000000002] [0.25:0.69999999999999996] [0:11] [0:12] [-0.59484106305367379:0] [0:2.5931142410015653]
tree_sizes=1476 1543 1537 1522 1531 1534 1519 1528 1521 1534 1528 1524 1518 1534 1561 1524 1504 1530 1520 1500 1546 1526 1546 1536 1543 1543 1532 1547 1539 1544 1533 1540 1538 1536 1535 1533 1533 1547 1533 1532 1544 1536 1543 1545 1524 1551 1525 1554 1537 1558 1551 1556 1544 1557 1561 1541 1556 1553 1556 1527 1547 1525 1548 1558 1546 1569 1551 1561 1560 1532 1550 1549 1555 1566 1545 1537 1548 1544 1531 1558 1526 1545 1563 1513 1559 1554 1537 1556 1555 1524 1564 1572 1564 1545 1564 1555 1542 1529 1515 1537 1543 1574 1566 1530 1542 1562 1569 1547 1533 1551 1559 1571 1552 1548 1563 1558 1534 1532 1567 1542 1519 1546 1548 1568 1539 1583 1562 1539 1531 1545 1557 1529 1548 1539 1545 1566 1540 1561 1518 1539 1548 1557 1549 1538 1552 1555 1554 1531 1523 1557 1539 1554 1523 1524 1531 1560 1560 1546 1539 1539

Tree=0
num_leaves=15
num_cat=0
split_feature=32 8 18 31 59 65 24 25 74 57 67 32 59 8
split_gain=6.70413 10.0894 7.76176 5.50849 4.56856 4.40663 5.61873 7.3194 4.05893 3.32326 4.08455 3.0605 4.48743 3.61902
threshold=-0.23154786346519649 -0.40931529016091595 0.043237990590373143 -0.1414759887705743 591138475.41483343 6.3514300000000015 0.024433464842045755 0.021812815390331662 0.4146320979448867 675441766.46000016 3.2747062500000004 -0.49165044351249471 3734397985.1181674 0.0073651263774860984
decision_type=8 10 10 10 8 10 10 10 10 10 10 8 10 10
left_child=1 3 4 -1 -2 9 7 -7 -9 10 -3 12 -11 -13
right_child=2 5 -4 -5 -6 6 -8 8 -10 11 -12 13 -14 -15
leaf_value=0.021266725609797248 0.018977626246822241 0.019597776481519624 0.01307501186218849 0.028211537891558884 0.017325001150337402 0.020624386134148839 0.014659571364041817 0.026724485463640868 0.040987702355446784 0.019996455045992251 0.026702897217861905 0.017194837171826283 0.031580556759804895 0.019107009507324808
leaf_weight=497 6697 4858 471 289 4458 178 93 71 58 355 133 2986 63 3372
leaf_count=497 6697 4858 471 289 4458 178 93 71 58 355 133 2986 63 3372
internal_value=0.0188021 0.019428 0.0181048 0.0238202 0.0183172 0.0191442 0.023273 0.0258823 0.0331374 0.0190039 0.0197871 0.0184269 0.0217424 0.018209
internal_weight=24579 12953 11626 786 11155 12167 400 307 129 11767 4991 6776 418 6358
internal_count=24579 12953 11626 786 11155 12167 400 307 129 11767 4991 6776 418 6358
is_linear=0
shrinkage=1


Tree=1
num_leaves=15
num_cat=0
split_feature=90 32 8 31 90 19 38 48 56 28 64 20 6 59
split_gain=6.26911 5.34419 10.5682 13.3177 4.94513 9.28759 4.88198 3.85129 3.82731 3.71616 3.66711 3.18688 2.92428 2.71005
threshold=6.3704293010968742e-12 -0.23444629861721791 0.29346945366362837 -0.11243964003511857 9.6981085523044231e-12 0.033238858983610786 0.31362882017330823 -0.23599892465548214 1512302541.1450002 0.03624683874258517 5.4129200000000006 0.019982248283895072 -0.083036972209504942 591138475.41483343
decision_type=10 8 8 10 10 10 10 10 10 10 10 10 10 10
left_child=7 2 9 4 5 -4 13 10 -6 11 -1 -2 -13 -3
right_child=1 6 3 -5 8 -7 -8 -9 -10 -11 -12 12 -14 -15
leaf_value=-0.00066199623461152182 0.0024423862596828507 0.00024865865360944171 0.033362551748752599 0.01093044283737739 0.0025610830030685715 0.005000385455325369 -0.0036560553063404535 -0.0036469152593405132 -0.0010445413086498038 0.0090516528270814592 0.01081013776808201 0.00077439747649971405 -0.00078338367070763561 -0.00110776805660956
leaf_weight=626 811 6688 20 300 1388 242 711 1160 713 74 48 3125 5034 3639
leaf_count=626 811 6688 20 300 1388 242 711 1160 713 74 48 3125 5034 3639
internal_value=-9.48814e-12 0.0001814 0.000776761 0.00299155 0.00198365 0.00716544 -0.000450045 -0.0022497 0.00133747 0.000124617 0.00015501 5.09715e-05 -0.000186734 -0.000229315
internal_weight=24579 22745 11707 2663 2363 262 11038 1834 2101 9044 674 8970 8159 10327
internal_count=24579 22745 11707 2663 2363 262 11038 1834 2101 9044 674 8970 8159 10327
is_linear=0
shrinkage=0.04


Tree=2
num_leaves=15
num_cat=0
split_feature=32 8 18 31 65 68 59 31 25 57 67 50 8 20
split_gain=5.7829 8.63008 6.90867 4.67482 3.90446 5.11119 3.88907 3.87492 5.6113 3.01342 3.74028 2.90878 3.18337 2.64016
threshold=-0.23154786346519649 -0.40931529016091595 0.043237990590373143 -0.1414759887705743 6.3514300000000015 7.629589924242425 591138475.41483343 -0.1972117280726263 0.021812815390331662 675441766.46000016 3.2747062500000004 -0.44153710799978774 0.0073651263774860984 0.027741209536265313
decision_type=8 10 10 10 10 10 8 10 10 10 10 10 10 10
left_child=1 3 6 -1 9 7 13 -6 -9 10 -3 -11 -13 -2
right_child=2 4 -4 -5 5 -7 -8 8 -10 11 -12 12 -14 -15
leaf_value=0.0022911389476443517 -7.1645174794104927e-06 0.00075140209146800925 -0.0053929516280390279 0.0086888764183774957 -0.00068376668779503397 -0.0056121658870418156 -0.0013626732642001128 0.0032889630924182712 0.015608060714846944 0.004140403771821225 0.0075504998462204648 -0.001440862821563938 0.0003243557126523118 0.0038884460357741114
leaf_weight=497 6406 4858 471 289 92 70 4458 128 110 222 133 3117 3437 291
leaf_count=497 6406 4858 471 289 92 70 4458 128 110 222 133 3117 3437 291
internal_value=2.62924e-12 0.000581274 -0.00064762 0.00464349 0.000318851 0.00420529 -0.000447257 0.00628778 0.00898266 0.000186737 0.000932584 -0.000362631 -0.00051516 0.000162109
internal_weight=24579 12953 11626 786 12167 400 11155 330 238 11767 4991 6776 6554 6697
internal_count=24579 12953 11626 786 12167 400 11155 330 238 11767 4991 6776 6554 6697
is_linear=0
shrinkage=0.04


Tree=3
num_leaves=15
num_cat=0
split_feature=90 20 74 92 89 31 41 90 44 64 8 42 42 8
split_gain=5.54361 4.74352 10.1693 8.19123 4.78775 4.58781 6.36435 4.5148 3.56089 3.81979 3.49858 3.7272 3.23529 3.72928
threshold=6.3704293010968742e-12 0.041588074381380659 0.42576156350862276 1.5000000000000002 4.1934385997512522e-11 -0.15846698507943388 0.06801803942454189 8.8433886234590424e-12 0.19047619047619022 4.3590800000000014 -0.40931529016091595 -0.17898120734713405 -0.10058170219886307 0.11982176618943331
decision_type=10 10 10 2 10 10 10 10 10 10 10 10 8 8
left_child=8 4 3 5 10 -3 -7 -5 9 -1 11 -2 13 -6
right_child=1 2 -4 7 12 6 -8 -9 -10 -11 -12 -13 -14 -15
leaf_value=-0.0010406851818500365 0.0007161587935608628 0.0045710223618303106 0.014803060591220857 0.0071889883877540176 0.0018453922520840738 0.032257579231262205 0.0065303087020292883 -0.001438054733367789 -0.0037322304466209585 0.008419694757523636 -0.00047267547963612447 0.0082118236537024238 0.00056824488955404997 0.0080611264775145245
leaf_weight=763 369 266 99 110 773 25 40 825 996 75 14650 149 5246 193
leaf_count=763 369 266 99 110 773 25 40 825 996 75 14650 149 5246 193
internal_value=-5.8296e-13 0.000170581 0.00245673 0.00149126 2.46224e-05 0.00689892 0.0164254 -0.000423108 -0.00211552 -0.000193992 -0.000358444 0.00287225 0.000959964 0.00308725
internal_weight=24579 22745 1365 1266 21380 331 65 935 1834 838 15168 518 6212 966
internal_count=24579 22745 1365 1266 21380 331 65 935 1834 838 15168 518 6212 966
is_linear=0
shrinkage=0.04


Tree=4
num_leaves=15
num_cat=0
split_feature=32 8 18 31 59 20 65 92 88 94 87 89 25 16
split_gain=5.18915 7.35114 6.28411 3.96654 3.48473 3.57751 3.4008 4.60107 4.23334 3.76358 2.91188 2.73144 3.60223 2.37481
threshold=-0.23154786346519649 -0.40931529016091595 0.043237990590373143 -0.1414759887705743 514278300.22658342 0.027876505788508699 6.3514300000000015 3.5000000000000004 -0.55458535262150666 1.0000000180025095e-35 -0.99648006885579454 3.1943081795142889e-11 0.027400874887392266 0.036762452106435813
decision_type=8 10 10 10 8 10 10 2 10 2 10 10 10 10
left_child=1 3 4 -1 5 -2 11 8 -8 -10 -9 12 -3 -7
right_child=2 6 -4 -5 -6 13 7 10 9 -11 -12 -13 -14 -15
leaf_value=0.0021329404465559969 6.5314744898189658e-05 -0.0003164425542709352 -0.0051392287606938951 0.0080261271314656796 -0.0011848370149751253 0.010457594203082531 0.024434760005577753 0.0074050284680305866 0.010974360427890833 -0.0010744017400387404 -0.0032453581157336838 0.0010541826453379034 0.0096044377322798066 0.0010516100152990365
leaf_weight=497 5826 7829 471 289 5157 89 23 57 104 69 147 3879 59 83
leaf_count=497 5826 7829 471 289 5157 89 23 57 104 69 147 3879 59 83
internal_value=-3.91173e-12 0.000550625 -0.000613474 0.00429977 -0.000422382 0.000233167 0.000308427 0.00393555 0.00831224 0.00616878 -0.000269515 0.000185129 -0.000242237 0.00591866
internal_weight=24579 12953 11626 786 11155 5998 12167 400 196 173 204 11767 7888 172
internal_count=24579 12953 11626 786 11155 5998 12167 400 196 173 204 11767 7888 172
is_linear=0
shrinkage=0.04


Tree=5
num_leaves=15
num_cat=0
split_feature=32 90 59 32 8 31 38 38 6 24 20 68 74 44
split_gain=5.04193 5.37122 4.85016 3.60561 5.28884 8.56822 2.88867 2.8521 2.57026 3.06144 3.98738 4.18659 4.61866 2.97043
threshold=-0.49165044351249471 2.5410482437652153e-11 3734397985.1181674 -0.24118774925861539 0.29870129870129863 -0.12552192294281719 0.31362882017330823 -0.091269412814157388 -0.11473051783718911 0.023804616159560147 0.042813135743116522 3.481018333333334 0.43701049486025262 0.25407970708319416
decision_type=8 10 10 8 8 10 10 10 8 8 10 10 10 10
left_child=2 8 7 4 -3 -6 -5 -1 -2 10 -10 -12 -13 -11
right_child=1 3 -4 6 5 -7 -8 -9 9 13 11 12 -14 -15
leaf_value=0.0050306009773014339 0.00056195417550220579 0.00050411716077544873 0.012166332540276286 2.447209756119609e-05 0.0016752061322155892 0.0094725496049334369 -0.0033201815744637159 -0.0010915556689124763 -0.0010282864444869399 -0.00095432657613280544 0.020415398383682427 0.00054226459895164293 0.016424605254874085 -0.0047499104028219793
leaf_weight=255 1687 4810 91 8228 1052 287 435 233 5864 639 22 261 33 682
leaf_count=255 1687 4810 91 8228 1052 287 435 233 5864 639 22 261 33 682
internal_value=-7.75848e-12 -8.89836e-05 0.00368844 0.000382313 0.00112307 0.00334648 -0.000143475 0.00210752 -0.000848762 -0.00116604 -0.000792426 0.00358444 0.00232498 -0.00291389
internal_weight=24579 24000 579 14812 6149 1339 8663 488 9188 7501 6180 316 294 1321
internal_count=24579 24000 579 14812 6149 1339 8663 488 9188 7501 6180 316 294 1321
is_linear=0
shrinkage=0.04


Tree=6
num_leaves=15
num_cat=0
split_feature=90 20 74 92 31 41 89 90 48 64 68 19 42 16
split_gain=4.64961 3.99999 8.48634 7.39153 4.05988 5.70736 3.97556 3.87208 3.22947 3.18058 3.01234 3.39228 2.72718 2.46486
threshold=6.3704293010968742e-12 0.041588074381380659 0.42576156350862276 1.5000000000000002 -0.15846698507943388 0.06801803942454189 4.4644479264645543e-11 8.8433886234590424e-12 -0.23599892465548214 5.4129200000000006 5.9379691666666679 0.03889199637056124 -0.102372174957772 0.01986205913248951
decision_type=10 10 10 2 10 10 10 10 10 10 10 10 8 10
left_child=8 6 3 4 -3 -6 10 -5 9 13 -2 -12 -8 -1
right_child=1 2 -4 7 5 -7 12 -9 -10 -11 11 -13 -14 -15
leaf_value=-0.0036158418496389216 -0.00034924768749162251 0.0043206383493252769 0.013534114746884866 0.0066045538663694805 0.03046487693786621 0.0061016789873247039 0.0030535125993410564 -0.0013848545978720668 -0.003216905823760718 0.010187751453680297 0.016344826851572309 0.0019305557049403999 0.00057269239060582511 0.0015232170705567114
leaf_weight=246 15769 266 99 110 25 40 837 825 1160 48 35 103 4636 380
leaf_count=246 15769 266 99 110 25 40 837 825 1160 48 35 103 4636 380
internal_value=7.88186e-12 0.000156222 0.00225557 0.0013736 0.00651051 0.0154721 2.219e-05 -0.000444924 -0.00193744 0.000264596 -0.000297754 0.00558635 0.000952091 -0.000496285
internal_weight=24579 22745 1365 1266 331 65 21380 935 1834 674 15907 138 5473 626
internal_count=24579 22745 1365 1266 331 65 21380 935 1834 674 15907 138 5473 626
is_linear=0
shrinkage=0.04


Tree=7
num_leaves=15
num_cat=0
split_feature=32 90 59 32 8 31 6 58 8 38 32 25 6 24
split_gain=4.61623 4.71717 4.3905 3.19614 4.67437 7.50953 2.81997 2.67896 2.65785 2.60795 2.41154 2.38951 2.30169 2.93216
threshold=-0.49165044351249471 2.5255083614819e-11 3734397985.1181674 -0.24118774925861539 0.29870129870129863 -0.11871800847640494 0.36582560227442756 1139422407.6343753 1.6434307020685612 -0.091269412814157388 -0.24427400468384061 0.027400874887392266 -0.11473051783718911 0.020258889284260301
decision_type=8 10 10 8 8 10 10 10 8 10 10 10 8 8
left_child=2 11 9 4 10 6 -6 -5 -7 -1 -3 12 -2 -14
right_child=1 3 -4 7 5 8 -8 -9 -10 -11 -12 -13 13 -15
leaf_value=0.0048203218677537697 0.0005049380228765724 0.00031702770796073696 0.011595452632550353 1.6507876321891384e-06 0.0023936867046291887 0.018115605366500944 -0.0039538876318526784 -0.0036100718645754744 0.0073622952173432819 -0.0010339330288203325 0.0057008070187017758 0.0083917307919926104 -0.00066050985673683533 -0.0024452683986544502
leaf_weight=255 1645 4699 91 8382 947 44 127 342 224 233 137 45 5380 2028
leaf_count=255 1645 4699 91 8382 947 44 127 342 224 233 137 45 5380 2028
internal_value=-4.39205e-12 -8.51442e-05 0.0035293 0.000353029 0.00104915 0.00313779 0.00164309 -0.000139937 0.00912776 0.00202516 0.000469546 -0.000802846 -0.00084855 -0.0011491
internal_weight=24579 24000 579 14902 6178 1342 1074 8724 268 488 4836 9098 9053 7408
internal_count=24579 24000 579 14902 6178 1342 1074 8724 268 488 4836 9098 9053 7408
is_linear=0
shrinkage=0.04


Tree=8
num_leaves=15
num_cat=0
split_feature=32 90 59 32 8 31 6 38 66 38 6 24 64 42
split_gain=4.25432 4.34734 4.04628 2.94556 4.33346 7.72494 2.83129 2.62482 2.51742 2.4041 2.26734 2.29901 3.06874 4.30539
threshold=-0.49165044351249471 2.5255083614819e-11 3734397985.1181674 -0.24118774925861539 0.21543619710090015 -0.11871800847640494 0.3766669194613555 0.31362882017330823 1.3128975000000003 -0.092881697301582619 -0.21472014316288404 0.023804616159560147 8.2055000000000025 0.25113189792788088
decision_type=8 10 10 8 8 10 10 10 10 8 8 8 10 8
left_child=2 10 9 4 -3 6 -6 -5 -7 -1 -2 12 -12 -14
right_child=1 3 -4 7 5 8 -8 -9 -10 -11 11 -13 13 -15
leaf_value=0.0046499783392782087 0.0023092223460419985 0.00037296730727710961 0.011131634414196014 2.4797314314401478e-05 0.0021209232724330356 0.004857063833674017 -0.0039282219386254638 -0.0031593934157884617 0.012327222833159885 -0.0009689355389849144 -0.0006794135589649722 -0.0023504883724501466 0.019322776794433595 -0.0038514460364113684
leaf_weight=253 367 4548 91 8288 1203 140 138 436 149 235 7222 1457 29 23
leaf_count=253 367 4548 91 8288 1203 140 138 436 149 235 7222 1457 29 23
internal_value=4.91776e-12 -8.17385e-05 0.00338812 0.000338908 0.00100718 0.00277676 0.00149842 -0.000134339 0.00870846 0.00194415 -0.000770733 -0.000900196 -0.000609699 0.00907264
internal_weight=24579 24000 579 14902 6178 1630 1341 8724 289 488 9098 8731 7274 52
internal_count=24579 24000 579 14902 6178 1630 1341 8724 289 488 9098 8731 7274 52
is_linear=0
shrinkage=0.04


Tree=9
num_leaves=15
num_cat=0
split_feature=32 59 32 8 17 59 30 42 8 68 32 31 23 74
split_gain=3.92078 4.03802 4.20485 4.40566 4.12396 3.72905 3.46748 2.39005 2.58109 2.45092 2.36477 7.24449 2.77883 3.2021
threshold=-0.49165044351249471 493612151.82825005 -0.22952647122285899 0.021172435994675224 0.050718814317302061 3734397985.1181674 -0.23754084270583545 -0.10422788682165716 0.11982176618943331 1.7381700000000002 -0.26451100508942166 -0.10758408356587505 0.024730254992560031 0.43701049486025262
decision_type=8 8 8 8 10 10 10 8 8 10 10 10 10 10
left_child=5 7 3 -3 -4 -1 -5 8 -2 -9 11 12 -8 -14
right_child=1 2 4 6 -6 -7 10 9 -10 -11 -12 -13 13 -15
leaf_value=0.0018663829228684275 0.0014331404115675967 -0.00083438668758928662 -0.0011148439345606369 -0.0027571748475928356 -0.0066403017323464156 0.010686369127297139 0.00093212520438266933 9.0305212643373284e-05 0.0064131681840600705 0.0025200332705670641 -0.00017217652522660533 0.011679092417592588 0.0029572740144989096 0.012589567782214055
leaf_weight=488 1107 4651 5477 383 225 91 2498 6814 196 736 1366 115 367 65
leaf_count=488 1107 4651 5477 383 225 91 2498 6814 196 736 1366 115 367 65
internal_value=8.82942e-12 -7.84689e-05 -0.000475131 4.26958e-05 -0.00133288 0.0032526 0.000893616 0.000600198 0.00218225 0.000327163 0.00121061 0.00183093 0.0014444 0.00440658
internal_weight=24579 24000 15147 9445 5702 579 4794 8853 1303 7550 4411 3045 2930 432
internal_count=24579 24000 15147 9445 5702 579 4794 8853 1303 7550 4411 3045 2930 432
is_linear=0
shrinkage=0.04


Tree=10
num_leaves=15
num_cat=0
split_feature=7 8 42 32 31 57 90 68 68 18 90 31 20 94
split_gain=3.65228 4.33612 5.96344 3.69328 3.31444 4.33422 4.17157 3.01766 2.97213 2.80106 2.58581 2.46654 7.10907 2.30972
threshold=0.34925175329010433 0.49171672744634704 -0.012405868476166202 -0.26613264482469212 -0.11702793012441047 2710065336.8785005 1.961518201608115e-11 7.629589924242425 1.2774708333333336 0.044331731611017451 2.4923528985442133e-11 -0.15517720583510056 0.041588074381380659 2.5000000000000004
decision_type=8 8 8 8 10 10 10 10 10 10 10 10 10 2
left_child=1 10 -3 4 5 -2 7 -7 -4 -5 13 -10 -13 -1
right_child=3 2 8 9 -6 6 -8 -9 11 -11 -12 12 -14 -15
leaf_value=-0.00072886321895197228 -0.0032231256857706064 0.0064374396909028285 -0.0016880526598930601 -0.0013558486336986844 0.0061078523647875582 0.0037300338513198989 0.016497998007518406 -0.0067358851632611317 0.0011518024578762768 -0.0048737348608648961 0.00033199050618381773 0.0034836293285367831 0.028451816625893116 0.0076562779959080353
leaf_weight=6337 348 375 512 2213 170 222 34 55 1257 433 12342 208 20 53
leaf_count=6337 348 375 512 2213 170 222 34 55 1257 433 12342 208 20 53
internal_value=-4.36398e-12 0.000197859 0.00180911 -0.00120161 0.00112812 -0.000156483 0.003275 0.00165196 0.000939992 -0.00193153 -6.17108e-06 0.00184609 0.00567382 -0.000659315
internal_weight=24579 21104 2372 3475 829 659 311 277 1997 2646 18732 1485 228 6390
internal_count=24579 21104 2372 3475 829 659 311 277 1997 2646 18732 1485 228 6390
is_linear=0
shrinkage=0.04


Tree=11
num_leaves=15
num_cat=0
split_feature=32 53 59 89 52 54 20 31 41 74 8 42 42 32
split_gain=3.51601 3.578 3.30801 2.93044 2.62467 2.61627 2.40312 6.69495 5.60548 3.83894 2.88046 3.97934 2.27747 2.65819
threshold=-0.49165044351249471 0.7049672405653169 3734397985.1181674 4.6239777107630991e-11 0.85922913427258907 1.2152741715117912 0.041588074381380659 -0.17036632102545088 0.06801803942454189 0.25452820077019561 0.97009738034253745 0.33363608361073221 0.30567379567000835 -0.16156191369605991
decision_type=8 8 10 10 8 8 10 10 10 10 8 8 10 8
left_child=2 3 -1 6 -3 -6 10 9 -9 -8 -2 -12 13 -5
right_child=1 4 -4 12 5 -7 7 8 -10 -11 11 -13 -14 -15
leaf_value=0.0017745169742389767 -0.00042428559177303259 -0.003566051761510839 0.010081661816809204 0.0013170287533507434 0.011807330987815346 -0.00068190757342994116 -5.2038485592059773e-05 0.022087130617689001 0.0032904594565431279 0.009334547599218786 0.0073252885653879085 0.00020143675624438443 0.0063170177341354159 -0.00078311277606814679
leaf_weight=488 15706 785 91 3654 28 646 989 44 60 75 183 399 121 1310
leaf_count=488 15706 785 91 3654 28 646 989 44 60 75 183 399 121 1310
internal_value=8.79621e-12 -7.43081e-05 0.00308013 4.99473e-05 -0.00199401 -0.000163067 -0.00019621 0.00155641 0.0112429 0.00060961 -0.000321889 0.00244141 0.000894966 0.000762801
internal_weight=24579 24000 579 22541 1459 674 17456 1168 104 1064 16288 582 5085 4964
internal_count=24579 24000 579 22541 1459 674 17456 1168 104 1064 16288 582 5085 4964
is_linear=0
shrinkage=0.04


Tree=12
num_leaves=15
num_cat=0
split_feature=90 48 64 20 74 92 31 53 90 89 68 32 67 16
split_gain=3.34372 3.04606 2.97705 2.90536 6.39193 6.25045 3.19729 5.02133 2.935 2.87754 2.6122 3.7298 2.20426 2.15458
threshold=6.3704293010968742e-12 -0.23599892465548214 5.4129200000000006 0.041588074381380659 0.43701049486025262 1.5000000000000002 -0.15846698507943388 0.43811166399689244 8.8433886234590424e-12 4.1934385997512522e-11 5.0981658333333346 -0.26613264482469212 4.2742300000000011 0.01986205913248951
decision_type=10 10 10 10 10 2 10 10 10 10 10 10 10 10
left_child=1 2 13 9 5 6 -5 -8 -7 10 12 -12 -2 -1
right_child=3 -3 -4 4 -6 8 7 -9 -10 -11 11 -13 -14 -15
leaf_value=-0.0031571443098014208 -0.00024177110889313892 -0.0028855927184430869 0.01009600152882437 0.0039499435229044507 0.011929719282804353 0.005638475303083066 0.021519487649202348 -0.0022538552823520843 -0.0013163230272951426 0.00074337936781228623 0.006980060797418898 -0.0044051803052721043 -0.00264481496526755 0.0016475893768671851
leaf_weight=246 14296 1160 48 268 95 110 44 21 827 6212 171 63 638 380
leaf_count=246 14296 1160 48 268 95 110 44 21 827 6212 171 63 638 380
internal_value=-9.61008e-12 -0.001643 0.0004956 0.00013248 0.00192166 0.00117303 0.00588021 0.0138389 -0.000499858 1.825e-05 -0.000278724 0.0039148 -0.000344432 -0.000240533
internal_weight=24579 1834 674 22745 1365 1270 333 65 937 21380 15168 234 14934 626
internal_count=24579 1834 674 22745 1365 1270 333 65 937 21380 15168 234 14934 626
is_linear=0
shrinkage=0.04


Tree=13
num_leaves=15
num_cat=0
split_feature=32 90 59 38 8 42 20 19 50 89 6 31 25 30
split_gain=3.23884 3.23593 2.98467 2.41411 3.61318 3.61683 2.58861 3.2171 2.2059 2.20304 2.08448 2.19904 2.11026 3.88229
threshold=-0.49165044351249471 2.5255083614819e-11 3734397985.1181674 0.29747531917322007 0.74404914033556968 0.31054156286765605 0.035185157052869398 0.029408854133763044 -0.41324093234726084 5.28802090317986e-11 -0.11473051783718911 -0.24534515955262329 0.022606546585206753 -0.15541334385745256
decision_type=8 10 10 8 8 8 10 10 10 10 8 10 10 10
left_child=2 10 8 4 6 -6 -3 -8 -1 -9 -2 -12 -13 -14
right_child=1 3 -4 -5 5 -7 7 9 -10 -11 11 12 13 -15
leaf_value=0.0041627863162347163 0.00061398340563895409 0.00015333193278923652 0.0096067942056682083 -0.0012596897098261779 0.0059348184902065747 0.00029342157741653715 0.014014493780135102 0.0014807191132071833 -0.0012399132982448453 0.011894892936243731 -0.0020712621942276031 -0.00070254926768435321 -0.0048919497845428331 0.006236046921346064
leaf_weight=267 1664 11917 91 1449 375 353 37 737 221 34 2039 5148 70 177
leaf_count=267 1664 11917 91 1449 375 353 37 737 221 34 2039 5148 70 177
internal_value=-1.48052e-12 -7.13192e-05 0.00295624 0.000291595 0.000458682 0.00319936 0.000301887 0.00249289 0.00171607 0.00193997 -0.000665752 -0.000952204 -0.000529264 0.00308236
internal_weight=24579 24000 579 14902 13453 728 12725 808 488 771 9098 7434 5395 247
internal_count=24579 24000 579 14902 13453 728 12725 808 488 771 9098 7434 5395 247
is_linear=0
shrinkage=0.04


Tree=14
num_leaves=15
num_cat=0
split_feature=32 17 8 42 59 20 20 8 31 6 90 30 30 90
split_gain=3.06271 4.44868 4.22236 2.38623 2.33627 3.02319 2.27117 2.65865 4.47798 2.6325 2.53273 2.49331 2.63433 2.2892
threshold=-0.23154786346519649 0.049868183140923138 -0.40931529016091595 -0.21128289203007031 530878265.78466672 0.027876505788508699 0.019688473955024485 0.17722026534569049 -0.11243964003511857 -0.10075930314481522 3.1705792599192052e-11 -0.23754084270583545 -0.11168289541783515 6.3704293010968742e-12
decision_type=8 10 10 10 8 10 10 10 10 10 10 10 10 10
left_child=2 4 3 -1 5 -2 -4 9 11 -8 -10 -9 13 -13
right_child=1 -3 6 -5 -6 -7 7 8 10 -11 -12 12 -14 -15
leaf_value=0.001201749630997553 2.2539760977882862e-05 -0.0056963454525844727 0.0023390883663549156 0.0056193562867931958 -0.00097398745231267337 0.0053128818782936559 0.00075201136746795235 -0.0026004894480420636 0.010911820226724052 -0.00078321631118633927 -0.0032167414061725144 -0.0014630389009003661 -8.1371076027991158e-05 0.0030723060895025485
leaf_weight=419 5950 255 772 367 5243 178 2641 317 108 5527 25 210 1396 1171
leaf_count=419 5950 255 772 367 5243 178 2641 317 108 5527 25 210 1396 1171
internal_value=-3.08885e-12 -0.000471304 0.00042302 0.00326442 -0.00035413 0.000176208 0.000239463 9.72151e-05 0.00106927 -0.000286824 0.00825608 0.000760337 0.00114398 0.00238264
internal_weight=24579 11626 12953 786 11371 6128 12167 11395 3227 8168 133 3094 2777 1381
internal_count=24579 11626 12953 786 11371 6128 12167 11395 3227 8168 133 3094 2777 1381
is_linear=0
shrinkage=0.04


Tree=15
num_leaves=15
num_cat=0
split_feature=32 53 59 90 20 31 31 20 89 58 59 41 7 32
split_gain=2.96164 2.97334 2.72805 2.39819 2.5199 5.76188 2.62745 4.53013 3.06722 3.06404 2.77292 3.84625 2.61495 2.48238
threshold=-0.49165044351249471 0.7049672405653169 3734397985.1181674 3.808778025133707e-11 0.032315000485200751 -0.11314544811276837 -0.20811115397892258 0.042813135743116522 6.851843324132409e-12 1938718584.9567502 1440467361.6005836 -0.091855556269165015 0.28152013559097272 -0.19605798523789067
decision_type=8 8 10 10 8 10 10 10 10 10 10 10 8 10
left_child=2 3 -1 4 -2 6 10 12 -9 -10 -6 -12 13 -8
right_child=1 -3 -4 -5 5 -7 7 8 9 -11 11 -13 -14 -15
leaf_value=0.0016412447861559904 -0.00059273841099241771 -0.0018181878080001266 0.00918512225151062 0.00060982717900495188 0.0011313579542874329 0.010197278125998901 0.0018027765598123038 0.0012242983366646198 0.005389568298829325 0.021855311125516891 0.0011669895496649984 -0.0027625775732208085 -0.0013736157088653047 0.0096588638461091447
leaf_weight=488 10405 1459 91 7844 1249 97 606 46 33 40 624 1103 422 72
leaf_count=488 10405 1459 91 7844 1249 97 606 46 33 40 624 1103 422 72
internal_value=6.45458e-12 -6.81989e-05 0.0028269 4.50718e-05 -0.000256346 0.000559162 0.000336302 0.00190044 0.00931417 0.0144119 -0.000304387 -0.00134275 0.00109841 0.00263705
internal_weight=24579 24000 579 22541 14697 4292 4195 1219 119 73 2976 1727 1100 678
internal_count=24579 24000 579 22541 14697 4292 4195 1219 119 73 2976 1727 1100 678
is_linear=0
shrinkage=0.04


Tree=16
num_leaves=15
num_cat=0
split_feature=7 8 42 32 31 57 90 18 31 25 18 68 19 50
split_gain=2.8004 3.47008 4.42253 2.89699 2.75754 2.75414 3.59502 2.57743 3.34259 4.22856 2.53264 2.46918 2.30567 2.1103
threshold=0.30586382747430191 0.4826106722939712 -0.0013896451836031829 -0.26613264482469212 -0.11243964003511857 2710065336.8785005 1.961518201608115e-11 0.027766793478513633 -0.18372930279140445 0.022138473212146261 0.044331731611017451 7.629589924242425 0.03242703722346256 -0.46504941062931704
decision_type=8 8 8 8 8 10 10 10 10 10 10 10 10 8
left_child=1 -1 -3 4 5 -2 11 -4 13 -10 -5 -7 -6 -9
right_child=3 2 7 10 12 6 -8 8 9 -11 -12 -13 -14 -15
leaf_value=5.0108052666108122e-06 -0.0019281182138930933 0.0056234070982169758 -0.00088539920912685032 -0.0010921896655274376 0.000362263206573231 0.0030636024533851015 0.015096509520731428 0.011924133338034153 0.0047136877454447626 0.022981869319210882 -0.0043343642461743893 -0.0062089527476928202 0.010311053570670385 0.00077427454358764314
leaf_weight=18272 484 376 783 2587 67 256 34 28 171 23 453 56 84 905
leaf_count=18272 484 376 783 2587 67 256 34 28 171 23 453 56 84 905
internal_value=6.7194e-12 0.000188827 0.00165807 -0.000965409 0.000924621 2.00638e-05 0.00274527 0.000877461 0.00210223 0.0068795 -0.00157532 0.0013993 0.00589669 0.00110889
internal_weight=24579 20558 2286 4021 981 830 346 1910 1127 194 3040 312 151 933
internal_count=24579 20558 2286 4021 981 830 346 1910 1127 194 3040 312 151 933
is_linear=0
shrinkage=0.04


Tree=17
num_leaves=15
num_cat=0
split_feature=32 59 32 8 17 30 59 38 42 68 7 8 22 32
split_gain=2.65374 2.74787 2.81888 3.36485 2.97606 2.68429 2.47553 2.02244 1.80605 2.11333 2.02987 4.51388 1.82344 1.74537
threshold=-0.49165044351249471 493612151.82825005 -0.22952647122285899 0.021172435994675224 0.050718814317302061 -0.23754084270583545 3734397985.1181674 -0.05998628533128008 -0.10422788682165716 1.7381700000000002 0.28152013559097272 0.29346945366362837 0.023409346071989044 -0.26451100508942166
decision_type=8 8 8 8 10 10 10 10 8 10 8 10 10 10
left_child=6 8 3 -3 -4 -5 7 -1 -2 -10 11 12 -11 -7
right_child=1 2 4 5 -6 13 -8 -9 9 10 -12 -13 -14 -15
leaf_value=0.0036923605235966127 0.0018705381930347901 -0.00073429985067521202 -0.00090885234799862919 -0.0024362888999341671 -0.0056027267496153296 0.0015876856028810317 0.008732733245488707 -0.0015435972895007581 3.8006182675856221e-05 0.001710198728426563 -0.00095448938092332998 0.013688588745537258 0.01377816786368688 -0.00013320427190290012
leaf_weight=288 1303 4651 5477 383 225 3045 91 200 6814 435 217 63 21 1366
leaf_count=288 1303 4651 5477 383 225 3045 91 200 6814 435 217 63 21 1366
internal_value=-3.97248e-12 -6.45566e-05 -0.000391773 3.22095e-05 -0.00109407 0.000775855 0.00267592 0.00154648 0.000495292 0.000257948 0.0022942 0.00365252 0.00226596 0.00105476
internal_weight=24579 24000 15147 9445 5702 4794 579 488 8853 7550 736 519 456 4411
internal_count=24579 24000 15147 9445 5702 4794 579 488 8853 7550 736 519 456 4411
is_linear=0
shrinkage=0.04


Tree=18
num_leaves=15
num_cat=0
split_feature=7 8 42 32 31 57 74 68 31 20 17 19 25 90
split_gain=2.46357 2.99717 3.98342 2.5074 2.584 2.88085 3.37069 2.35268 2.2731 4.76573 2.1811 2.11665 2.01544 1.93245
threshold=0.31362063828486159 0.49171672744634704 -0.0013896451836031829 -0.26613264482469212 -0.11702793012441047 2621028503.5635009 0.37377883254588368 1.2774708333333336 -0.15517720583510056 0.040173093994736106 0.049868183140923138 0.03242703722346256 0.022045262347281339 2.4923528985442133e-11
decision_type=8 8 8 8 10 10 10 10 10 10 10 10 10 10
left_child=1 13 -3 4 5 -2 -7 -4 -9 -10 -5 -6 -8 -1
right_child=3 2 7 10 11 6 12 8 9 -11 -12 -13 -14 -15
leaf_value=-0.00056373423759650224 -0.002396379199311717 0.0053220442776010434 -0.0015456026977611504 -0.0011442938873973203 0.00016114325915901539 0.00062597209620712834 0.0032613280958030373 0.0010311864354169802 0.003544603609331664 0.024276857346296313 -0.0048658414974828796 0.0085165743341883721 0.01748575026059852 0.00030104210632197261
leaf_weight=6274 424 374 501 2691 85 275 30 1199 157 20 278 113 34 12124
leaf_count=6274 424 374 501 2691 85 275 30 1199 157 20 278 113 34 12124
internal_value=5.51105e-12 0.000174706 0.00155243 -0.000917938 0.000857964 -0.000198646 0.00255014 0.000801324 0.00165584 0.00588723 -0.00149276 0.00492965 0.0108181 6.14012e-06
internal_weight=24579 20649 2251 3930 961 763 339 1877 1376 177 2969 198 64 18398
internal_count=24579 20649 2251 3930 961 763 339 1877 1376 177 2969 198 64 18398
is_linear=0
shrinkage=0.04


Tree=19
num_leaves=15
num_cat=0
split_feature=32 53 59 67 42 89 42 32 50 67 64 57 8 42
split_gain=2.43846 2.45066 2.26757 2.24887 4.94101 2.01001 1.92605 2.13319 1.88097 1.81334 2.3893 2.24793 1.80587 1.73756
threshold=-0.49165044351249471 0.7049672405653169 3734397985.1181674 5.8103450000000008 0.2110432931480847 4.6239777107630991e-11 0.30567379567000835 -0.16156191369605991 -0.41324093234726084 7.332803750000001 5.725480000000001 1226025973.9465001 inf -0.19990586334871777
decision_type=8 8 10 8 8 10 10 8 10 10 10 10 8 10
left_child=2 5 8 -3 -5 12 7 -7 -1 10 -6 -12 -2 -14
right_child=1 3 -4 4 9 6 -8 -9 -10 -11 11 -13 13 -15
leaf_value=0.0037434616356421865 -0.00023643525459282526 -0.0033430993524207558 0.0083619094596008997 0.015456976614171459 -0.0010499965440885349 0.0011157409279430432 0.0057270187438150082 -0.00076561489972625397 -0.0012454850898425587 -0.0047898734522195873 0.013666812429825466 0.001480274336079035 0.00057865774060758806 0.005424211386206754
leaf_weight=267 16904 675 91 31 494 3654 121 1310 221 149 36 74 380 172
leaf_count=267 16904 675 91 31 494 3654 121 1310 221 149 36 74 380 172
internal_value=-3.12918e-13 -6.18827e-05 0.00256509 -0.00165063 -0.000193466 4.09513e-05 0.000740793 0.000619251 0.00148412 -0.000837774 0.000137164 0.0054686 -0.000162915 0.0020885
internal_weight=24579 24000 579 1459 784 22541 5085 4964 488 753 604 110 17456 552
internal_count=24579 24000 579 1459 784 22541 5085 4964 488 753 604 110 17456 552
is_linear=0
shrinkage=0.04


Tree=20
num_leaves=15
num_cat=0
split_feature=32 59 32 8 17 30 59 89 90 32 31 30 20 42
split_gain=2.24729 2.29105 2.42192 2.98438 2.50721 2.41426 2.08979 1.78167 1.67276 2.28896 4.22653 2.80866 1.86256 3.88617
threshold=-0.49165044351249471 493612151.82825005 -0.22952647122285899 0.021172435994675224 0.050718814317302061 -0.23754084270583545 3734397985.1181674 2.1208260811093298e-11 6.3704293010968742e-12 -0.26451100508942166 -0.10758408356587505 -0.10529961223454364 0.042482869651584619 0.16588470592556229
decision_type=8 8 8 8 10 10 10 10 10 10 10 10 10 8
left_child=6 -2 3 -3 -4 -5 7 -1 -7 10 11 12 -10 -14
right_child=1 2 4 5 -6 8 -8 -9 9 -11 -12 -13 13 -15
leaf_value=-0.00054697095161405592 0.00045179120301424593 -0.00068706717171035565 -0.00083915777162078234 -0.0023111460761923355 -0.0051474657831092679 -0.0016454717863015587 0.008027433102162411 0.0043874074224179663 0.0018465299991934463 -0.00011057933023952881 0.0094059211183136898 0.0003094958307164659 0.01017172536579892 0.0021478223793849559
leaf_weight=293 8853 4651 5477 383 225 352 91 195 821 1358 115 1352 154 259
leaf_count=293 8853 4651 5477 383 225 352 91 195 821 1358 115 1352 154 259
internal_value=-2.58838e-12 -5.94074e-05 -0.000358189 3.48079e-05 -0.00100916 0.00073515 0.00246248 0.00142476 0.000999655 0.00122904 0.00190257 0.0015689 0.00294873 0.00513979
internal_weight=24579 24000 15147 9445 5702 4794 579 488 4411 4059 2701 2586 1234 413
internal_count=24579 24000 15147 9445 5702 4794 579 488 4411 4059 2701 2586 1234 413
is_linear=0
shrinkage=0.04


Tree=21
num_leaves=15
num_cat=0
split_feature=50 90 48 64 54 67 29 90 38 19 20 31 53 59
split_gain=2.13997 2.1432 2.51572 2.69075 1.99851 3.14041 2.71848 2.71453 1.9664 1.85633 1.71789 3.88034 4.44433 2.13444
threshold=-0.44153710799978774 6.3704293010968742e-12 -0.23318191404945851 5.4129200000000006 1.8178728311130747 6.050040000000001 0.032376997982824937 2.819728737356127e-11 0.36710012609382309 0.029408854133763044 0.041588074381380659 -0.17036632102545088 0.43101428410117421 1460547349.8802502
decision_type=8 10 10 10 10 10 10 10 10 8 10 10 10 10
left_child=-1 2 3 -2 5 8 7 -7 10 -4 -3 13 -13 -12
right_child=1 4 9 -5 -6 6 -8 -9 -10 -11 11 12 -14 -15
leaf_value=0.003044201516918742 -0.00012917268187701998 1.6828286568678698e-05 -0.0001863785182722104 0.0096955599480619045 -0.0055246595824685165 0.011030985725758311 0.0001326936659537942 0.0019205792714380708 -0.0021171803387232879 -0.0036253521763924437 0.0031561874972778074 0.016859089609574187 -0.00053995059757697876 -0.0011196362008498609
leaf_weight=364 630 20378 372 48 102 111 190 99 666 773 352 55 41 398
leaf_count=364 630 20378 372 48 102 111 190 99 666 773 352 55 41 398
internal_value=5.88801e-12 -4.57604e-05 -0.00136463 0.000566384 6.16128e-05 8.71758e-05 0.00359947 0.00673608 2.2995e-05 -0.00250806 9.01527e-05 0.00185635 0.00942825 0.00088715
internal_weight=24579 24215 1823 678 22392 22290 400 210 21890 1145 21224 846 96 750
internal_count=24579 24215 1823 678 22392 22290 400 210 21890 1145 21224 846 96 750
is_linear=0
shrinkage=0.04


Tree=22
num_leaves=15
num_cat=0
split_feature=32 52 8 20 8 31 6 90 41 31 25 42 23 28
split_gain=2.06563 3.194 2.97346 2.13315 1.96813 3.24705 2.39778 1.98004 1.95755 2.72949 4.36509 2.13984 2.05207 1.91435
threshold=-0.23154786346519649 0.4213130941163305 -0.40931529016091595 0.019688473955024485 0.17722026534569049 -0.11243964003511857 -0.093270314422713704 3.1705792599192052e-11 0.028407597439441105 -0.15517720583510056 0.022862805120456898 0.023941603886195043 0.023012893867346101 0.03624683874258517
decision_type=8 10 10 10 10 10 10 10 10 10 10 10 10 10
left_child=2 -2 -1 -4 6 8 -5 -7 9 -6 -11 12 -10 -8
right_child=1 -3 3 4 5 7 13 -9 11 10 -12 -13 -14 -15
leaf_value=0.0027318438877868933 -0.00022597739346998463 -0.0031159497339049943 0.0022281932996256588 0.00066811321120205109 0.0014086661021616665 0.0093598586759805966 -0.00085017106697004685 -0.0031323883045464756 0.00089745066880217959 -0.00053664263845844707 0.02528326541185379 -0.0010850318901319698 0.0083634967453879855 0.0066511173081499611
leaf_weight=786 10978 648 772 2823 1391 108 5290 25 305 22 20 1283 73 55
leaf_count=786 10978 648 772 2823 1391 108 5290 25 305 22 20 1283 73 55
internal_value=-3.1744e-12 -0.000387056 0.000347403 0.000193366 5.55086e-05 0.000891859 -0.000274916 0.00701169 0.00062879 0.00171201 0.0117586 -0.000305742 0.00233931 -0.000772983
internal_weight=24579 11626 12953 12167 11395 3227 8168 133 3094 1433 42 1661 378 5345
internal_count=24579 11626 12953 12167 11395 3227 8168 133 3094 1433 42 1661 378 5345
is_linear=0
shrinkage=0.04


Tree=23
num_leaves=15
num_cat=0
split_feature=7 8 42 94 67 53 36 68 89 20 16 31 25 50
split_gain=1.93804 2.3038 3.54008 2.1742 3.07226 2.44164 2.15554 2.14119 1.59186 2.32452 1.68551 1.57519 4.63188 1.82123
threshold=0.34925175329010433 0.49171672744634704 -0.012405868476166202 1.0000000180025095e-35 5.8103450000000008 1.5446285852402293 -0.080032024634310736 1.2774708333333336 6.3267763888875258e-11 0.034249485361118694 0.057552402577667069 -0.1803565170881056 0.022410106613570489 -0.46504941062931704
decision_type=8 8 8 2 10 8 10 10 10 10 10 10 10 8
left_child=1 8 -3 4 -2 -6 -5 -4 10 -10 -1 13 -13 -9
right_child=3 2 7 6 5 -7 -8 11 9 -11 -12 12 -14 -15
leaf_value=-0.0001596180504390615 -0.0005137089160201859 0.0048845907564585411 -0.0015816801137475522 0.00046113160039987217 0.0071415912883515519 -0.0038577232288378406 -0.0029099795727661865 0.010759217041943754 0.0008923445571334971 0.010411054672939438 0.0047420649274985882 0.0025946763928125921 0.02195860368864877 0.00042869895993942258
leaf_weight=16765 1744 375 512 416 152 41 1122 28 1812 42 113 336 21 1100
leaf_count=16765 1744 375 512 416 152 41 1122 28 1812 42 113 336 21 1100
internal_value=3.58046e-12 0.00014413 0.00131858 -0.000875315 1.62348e-05 0.00480495 -0.00199816 0.000648948 -4.58844e-06 0.00110798 -0.000126801 0.00141803 0.00373373 0.00068513
internal_weight=24579 21104 2372 3475 1937 193 1538 1997 18732 1854 16878 1485 357 1128
internal_count=24579 21104 2372 3475 1937 193 1538 1997 18732 1854 16878 1485 357 1128
is_linear=0
shrinkage=0.04


Tree=24
num_leaves=15
num_cat=0
split_feature=50 90 48 64 54 67 30 74 89 42 32 19 16 30
split_gain=1.86867 1.88002 2.25049 2.49182 1.79206 2.75727 2.32442 2.013 1.76241 1.7355 1.73936 1.66788 1.32501 1.29226
threshold=-0.44153710799978774 6.3704293010968742e-12 -0.23318191404945851 4.3590800000000014 1.8178728311130747 6.050040000000001 -0.14678062692185037 0.28891207913421951 4.6239777107630991e-11 0.30567379567000835 -0.16156191369605991 0.029408854133763044 0.01986205913248951 -0.29730560578661835
decision_type=8 10 10 10 10 10 10 10 10 10 8 8 10 8
left_child=-1 2 3 12 5 8 -7 -8 13 10 -10 -4 -2 -3
right_child=1 4 11 -5 -6 6 7 -9 9 -11 -12 -13 -14 -15
leaf_value=0.0028446949487117091 -0.0026740239703538925 -0.0044776270685398635 -0.00015879436663003959 0.0067866781324650459 -0.0052320582132932602 0.00084432479780057314 0.0043889400651969477 0.014475678558959518 0.0010019228244952825 0.005406268103440747 -0.00070049673224717955 -0.0034185448375061867 0.0011845677138785243 -0.00014735893608961117
leaf_weight=364 241 111 372 89 102 237 120 43 3682 121 1299 773 348 16677
leaf_count=364 241 111 372 89 102 237 120 43 3682 121 1299 773 348 16677
internal_value=-3.76572e-12 -4.27615e-05 -0.001278 0.000548384 5.78034e-05 8.201e-05 0.00337308 0.00704986 2.18717e-05 0.000672931 0.000557947 -0.00235948 -0.000394245 -0.00017599
internal_weight=24579 24215 1823 678 22392 22290 400 163 21890 5102 4981 1145 589 16788
internal_count=24579 24215 1823 678 22392 22290 400 163 21890 5102 4981 1145 589 16788
is_linear=0
shrinkage=0.04


Tree=25
num_leaves=15
num_cat=0
split_feature=32 52 8 31 20 28 6 41 42 64 5 59 20 24
split_gain=1.80089 2.83242 2.57637 4.41939 2.375 2.32709 2.31733 2.24113 2.10203 1.46549 1.98962 1.73158 3.13016 2.20993
threshold=-0.23154786346519649 0.4213130941163305 0.29346945366362837 -0.11871800847640494 0.019884465186111835 0.03624683874258517 -0.083036972209504942 0.027376836113877315 0.022783594238970698 6.0712100000000015 0.48905567305186753 591138475.41483343 0.027876505788508699 0.014797292592053984
decision_type=8 10 8 10 10 10 8 10 8 10 8 8 10 10
left_child=2 9 4 7 -1 6 -6 -4 -9 11 -11 12 -2 -14
right_child=1 -3 3 -5 5 -7 -8 8 -10 10 -12 -13 13 -15
leaf_value=0.0020705420718571685 -1.1948133895099767e-05 -0.0029311916772883392 0.0019820449022535623 0.0052402314138896271 0.00058307318305021803 0.0068435220492382848 -0.00073576722802900314 0.0032557456072394133 -0.0010312497665589733 0.0013853088487899795 0.013489469747458184 -0.00088159981392980924 0.0097548540632653221 0.0015589889438950833
leaf_weight=823 6322 648 1239 404 3451 75 5576 217 1168 97 28 4312 88 131
leaf_count=823 6322 648 1239 404 3451 75 5576 217 1168 97 28 4312 88 131
internal_value=3.17456e-12 -0.000361403 0.000324378 0.00134571 1.27826e-05 -0.000173279 -0.000231578 0.000746094 -0.000359569 -0.000209716 0.00409664 -0.000259314 0.000150912 0.0048523
internal_weight=24579 11626 12953 3028 9925 9102 9027 2624 1385 10978 125 10853 6541 219
internal_count=24579 11626 12953 3028 9925 9102 9027 2624 1385 10978 125 10853 6541 219
is_linear=0
shrinkage=0.04


Tree=26
num_leaves=15
num_cat=0
split_feature=32 90 59 50 38 65 42 58 25 86 56 20 31 68
split_gain=1.74305 1.86531 1.79331 1.78262 1.53149 1.49411 3.61695 3.17473 1.78782 1.78019 1.60609 1.90826 2.99823 2.55459
threshold=-0.49165044351249471 3.5370200140941271e-11 3734397985.1181674 -0.13606086625309313 -0.05998628533128008 6.3514300000000015 0.10282099287956938 1139422407.6343753 0.021921449435582534 -0.22164344957499113 4235554641.1505008 0.032447639721604658 -0.11314544811276837 1.1358283333333337
decision_type=8 10 10 8 10 10 8 10 10 10 8 10 10 8
left_child=2 5 4 -3 -1 10 8 -8 -7 -9 11 13 -13 -2
right_child=1 3 -4 -5 -6 6 7 9 -10 -11 -12 12 -14 -15
leaf_value=0.0030747481868578083 0.00025864598333332053 0.00094934640852501568 0.0073238042203689017 -0.00017217869985768801 -0.0014815829476923681 0.0023416541075264967 0.0070677777197719971 -0.0082334107947799398 0.015534539889721644 -0.00012418128535316526 -0.0021500887954081457 0.00033051516695880288 0.0076522623062761424 -0.0010462621398687139
leaf_weight=288 3798 4629 91 4445 200 27 88 53 42 237 791 3275 92 6523
leaf_count=288 3798 4629 91 4445 200 27 88 53 42 237 791 3275 92 6523
internal_value=-4.53556e-12 -5.23199e-05 0.0021687 0.000399955 0.0012074 -0.000327272 0.00195042 0.000413129 0.0103721 -0.00160621 -0.00039759 -0.000296317 0.000530575 -0.000566072
internal_weight=24579 24000 579 9074 488 14926 447 378 69 290 14479 13688 3367 10321
internal_count=24579 24000 579 9074 488 14926 447 378 69 290 14479 13688 3367 10321
is_linear=0
shrinkage=0.04


Tree=27
num_leaves=15
num_cat=0
split_feature=13 7 67 32 50 25 57 66 20 50 89 42 42 52
split_gain=1.68708 2.11375 2.34371 1.98134 2.50762 1.70948 1.985 1.65495 1.63003 1.44986 1.93951 1.41939 1.36926 1.28546
threshold=0.081952963952846306 1.3045520490896079 6.050040000000001 -0.25430847605615897 -0.14606863758552016 0.026977718948351142 660344524.80375004 1.7093375000000004 0.017499284908506673 -0.18985718089770146 5.1676927459018018e-11 -0.10422788682165716 -0.24863359352293921 0.16951587765439316
decision_type=10 8 10 10 10 10 10 10 8 10 10 8 8 10
left_child=1 2 5 4 -4 6 7 11 -8 10 -9 -1 -10 -3
right_child=-2 13 3 -5 -6 -7 8 9 12 -11 -12 -13 -14 -15
leaf_value=0.0011744841558130931 0.00093272135628892237 -0.0010877791546616586 0.00094287039984569513 -0.003370616969909391 0.0086815211863109937 0.0047148243406534953 0.0030510428767966235 0.0016669575493872795 0.0037870909625516186 0.00041395386635661953 0.0067751604993066764 -0.00016728781048513312 -0.0007044216309413584 -0.0044149041808926575
leaf_weight=1484 2755 732 135 58 133 118 195 534 110 992 153 8411 8520 249
leaf_count=1484 2755 732 135 58 133 118 195 534 110 992 153 8411 8520 249
internal_value=2.91658e-12 -0.000117744 -3.23409e-05 0.00333262 0.00478332 -8.58077e-05 -0.000113577 0.000230972 -0.000565455 0.00139214 0.00280459 3.39441e-05 -0.000647172 -0.00193228
internal_weight=24579 21824 20843 326 268 20517 20399 11574 8825 1679 687 9895 8630 981
internal_count=24579 21824 20843 326 268 20517 20399 11574 8825 1679 687 9895 8630 981
is_linear=0
shrinkage=0.04


Tree=28
num_leaves=15
num_cat=0
split_feature=7 8 42 18 31 25 94 67 53 36 50 98 90 30
split_gain=1.56611 2.05185 2.8185 2.0039 2.79689 3.12159 1.6639 2.57484 1.78765 1.5959 1.48581 1.47002 1.41132 1.36898
threshold=0.30586382747430191 0.4826106722939712 -0.012405868476166202 0.027766793478513633 -0.18372930279140445 0.022410106613570489 1.0000000180025095e-35 5.4384387500000004 1.5446285852402293 -0.073783823781089206 -0.46504941062931704 0.39767441860465119 2.4923528985442133e-11 -0.12973428356747643
decision_type=8 8 8 10 10 10 2 10 8 10 8 10 10 10
left_child=1 12 -3 -4 10 -6 7 -2 -9 -8 -5 -11 -1 -14
right_child=6 2 3 4 5 -7 9 8 -10 11 -12 -13 13 -15
leaf_value=-0.00048977911298760579 -0.00045959679119578851 0.0044671515342653602 -0.00090230190762314807 0.0098928466545683998 0.0043686100698765475 0.021040295958518983 0.00030276402908265996 0.0059809424016047377 -0.0030596436467021705 -0.0043302883717014221 0.00053756353912999674 -0.0014074275728466639 0.001146997508189561 4.9217852954301116e-05
leaf_weight=6215 2157 370 783 28 177 20 460 171 44 433 908 756 2230 9827
leaf_count=6215 2157 370 783 28 177 20 460 171 44 433 908 756 2230 9827
internal_value=-1.32626e-12 0.00014121 0.001271 0.000653786 0.00172918 0.00606117 -0.000721958 -4.35217e-05 0.00413078 -0.00169785 0.000817422 -0.00247185 -1.37309e-07 0.000252257
internal_weight=24579 20558 2286 1916 1133 197 4021 2372 215 1649 936 1189 18272 12057
internal_count=24579 20558 2286 1916 1133 197 4021 2372 215 1649 936 1189 18272 12057
is_linear=0
shrinkage=0.04


Tree=29
num_leaves=15
num_cat=0
split_feature=13 90 20 74 68 90 91 57 20 89 42 20 42 7
split_gain=1.51875 1.88294 1.51516 3.58673 2.28762 1.75923 1.40461 1.34605 1.64455 1.86057 1.63651 1.53219 1.29865 1.26469
threshold=0.081952963952846306 6.3704293010968742e-12 0.042813135743116522 0.38341980150070093 3.481018333333334 9.6981085523044231e-12 1.0000000180025095e-35 660344524.80375004 0.034094750728858807 7.0710336988078842e-11 -0.10422788682165716 0.019688473955024485 -0.24863359352293921 -0.1648787026744262
decision_type=10 10 10 10 10 10 2 10 10 10 8 10 8 10
left_child=1 -1 7 4 -4 -6 -7 8 10 -10 -3 -9 -13 -8
right_child=-2 2 3 -5 5 6 13 11 9 -11 -12 12 -14 -15
leaf_value=-0.0014932466828589026 0.00088496803120290991 0.0012789611101324783 0.00900416185433159 0.0086153264672611841 0.0034115007698525628 0.0010689890184317175 0.0064041804336011409 0.0013863122280757163 0.0019914133967535077 0.01194379254767281 -8.3709247655381724e-05 0.0040879065653943751 -0.00072136083584155004 -0.0040737043285861297
leaf_weight=1472 2755 1646 49 104 181 228 20 638 259 34 9840 91 7027 235
leaf_count=1472 2755 1646 49 104 181 228 20 638 259 34 9840 91 7027 235
internal_value=1.28105e-12 -0.000111716 -1.17938e-05 0.00167585 0.000663644 4.8154e-05 -0.00121223 -8.23752e-05 0.000187056 0.0031463 0.000111568 -0.00049156 -0.000659877 -0.00325191
internal_weight=24579 21824 20352 817 713 664 483 19535 11779 293 11486 7756 7118 255
internal_count=24579 21824 20352 817 713 664 483 19535 11779 293 11486 7756 7118 255
is_linear=0
shrinkage=0.04


Tree=30
num_leaves=15
num_cat=0
split_feature=6 17 59 31 25 18 64 20 31 98 37 67 64 8
split_gain=1.47486 2.22262 1.85873 2.78926 4.03784 3.62766 2.26937 2.13252 2.84534 3.66534 2.52336 1.9732 2.67897 1.62248
threshold=-0.10075930314481522 0.035281803990036366 1440467361.6005836 -0.19739793368433026 0.022606546585206753 0.037144158847843244 5.8760200000000005 0.035185157052869398 -0.13716923577884224 0.4478940512375163 0.17621852829707776 1.2886737500000003 4.9104300000000007 -0.36863043082133423
decision_type=8 10 8 10 10 10 10 10 10 10 10 10 10 10
left_child=1 -1 7 11 -5 -6 -7 13 10 -10 -9 12 -4 -2
right_child=2 -3 3 4 5 6 -8 8 9 -11 -12 -13 -14 -15
leaf_value=0.00028903801263672173 0.0015013867993500713 0.0028075855729550749 -0.00065755749254250626 -0.00035568538415880422 0.017252238227261438 -0.00054600591376918013 0.0094366908638641757 0.0020003351308501968 -0.0010885106694867026 0.012408544083421187 -0.0024918518964416134 -0.0024752712591510923 0.0088678381321769147 -0.00020704816923910359
leaf_weight=4243 953 646 641 1493 36 98 58 868 53 82 260 1767 51 13330
leaf_count=4243 953 646 641 1493 36 98 58 868 53 82 260 1767 51 13330
internal_value=-3.79514e-12 0.000621822 -0.000154398 -0.000907137 0.000346506 0.00580677 0.00316551 4.62555e-05 0.00162171 0.0071097 0.000964902 -0.00176618 4.44587e-05 -9.30568e-05
internal_weight=24579 4889 19690 4144 1685 192 156 15546 1263 135 1128 2459 692 14283
internal_count=24579 4889 19690 4144 1685 192 156 15546 1263 135 1128 2459 692 14283
is_linear=0
shrinkage=0.04


Tree=31
num_leaves=15
num_cat=0
split_feature=54 68 7 90 25 18 32 25 76 8 20 31 32 41
split_gain=1.43218 2.17309 1.76205 1.65466 1.83456 1.4725 1.43178 2.53249 2.95361 1.41275 1.38033 3.88514 3.24941 2.49141
threshold=1.8178728311130747 4.8255616666666672 0.30586382747430191 3.808778025133707e-11 0.026977718948351142 0.039441589485970013 -0.24770225762864537 0.020885639616796313 0.66824160689263135 0.91453070562659622 0.032315000485200751 -0.21056054202234861 -0.28638449729347898 0.030384029825213047
decision_type=10 10 8 10 10 10 10 8 10 8 10 10 10 10
left_child=1 2 3 4 10 -4 7 -3 -9 -10 -1 -12 -13 -14
right_child=-2 6 5 -5 -6 -7 -8 8 9 -11 11 12 13 -15
leaf_value=-0.00045461482221467947 -0.0035851137572965232 0.0076608702150310895 -0.00046962925212108182 0.00058101054070171243 0.0059748441217975182 -0.0025232618314459544 -0.0026228072273738264 0.00084877548738217581 0.015448681712150573 0.0027732646985289952 -0.00034328107067468818 0.00080356611295883339 0.010146151903282963 0.0031202334347807878
leaf_weight=9693 177 122 2648 7043 77 708 106 783 34 24 2312 512 132 208
leaf_count=9693 177 122 2648 7043 77 708 106 783 34 24 2312 512 132 208
internal_value=-2.02104e-12 2.60046e-05 -5.47914e-05 8.76808e-05 -0.000180954 -0.000902875 0.00178954 0.00227521 0.00149394 0.0102037 -0.000217821 0.000507604 0.00281658 0.00584794
internal_weight=24579 24402 23333 19977 12934 3356 1069 963 841 58 12857 3164 852 340
internal_count=24579 24402 23333 19977 12934 3356 1069 963 841 58 12857 3164 852 340
is_linear=0
shrinkage=0.04


Tree=32
num_leaves=15
num_cat=0
split_feature=13 7 67 32 74 38 89 25 42 25 41 59 50 42
split_gain=1.39435 1.65796 1.77588 1.52143 2.04968 1.41761 1.29512 1.99669 1.4519 1.38845 1.15381 1.33573 1.07555 1.0567
threshold=0.081952963952846306 1.3045520490896079 6.050040000000001 -0.25430847605615897 0.38341980150070093 0.36710012609382309 4.935474658679599e-11 0.01806713824372496 0.1201058102535887 0.026977718948351142 0.012063260335461791 1440467361.6005836 -0.14944088172772899 -0.11086249502344507
decision_type=10 8 10 10 10 10 10 10 10 10 10 8 8 8
left_child=1 2 5 4 12 6 9 13 -9 -1 -2 -12 -4 -8
right_child=10 -3 3 -5 -6 -7 7 8 -10 -11 11 -13 -14 -15
leaf_value=-0.00020797183457255553 0.0015127934379151736 -0.0017140760994074267 -0.00031715758119175655 -0.0029762548892277069 0.012775045318627044 -0.0018302649712672676 0.0020437467909293953 0.0025244290185672397 0.010676141825257515 0.0042814466071961158 0.00098291974460108767 -0.0018677233844629016 0.0051888264570152387 0.00016282704154720718
leaf_weight=15735 1660 981 102 58 38 713 561 122 49 111 656 439 128 3226
leaf_count=15735 1660 981 102 58 38 713 561 122 49 111 656 439 128 3226
internal_value=-3.33552e-14 -0.000107043 -3.14059e-05 0.0028977 0.00416892 -7.79472e-05 -1.48588e-05 0.000632373 0.0048603 -0.000176524 0.00084795 -0.000159941 0.00274704 0.000441463
internal_weight=24579 21824 20843 326 268 20517 19804 3958 171 15846 2755 1095 230 3787
internal_count=24579 21824 20843 326 268 20517 19804 3958 171 15846 2755 1095 230 3787
is_linear=0
shrinkage=0.04


Tree=33
num_leaves=15
num_cat=0
split_feature=32 59 59 68 88 24 32 8 30 31 54 51 66 23
split_gain=1.36173 1.46762 1.43015 1.44449 1.87135 1.84723 1.42277 2.18875 2.07336 1.7171 1.6291 1.58032 1.54831 1.38031
threshold=-0.49165044351249471 3734397985.1181674 493612151.82825005 1.7381700000000002 0.58925010920332865 0.015200799671570236 -0.22952647122285899 0.021172435994675224 -0.23754084270583545 -0.081413637072866238 0.49062803529727833 0.26410681738349756 0.88061000000000011 0.024730254992560031
decision_type=8 10 8 10 8 10 8 8 10 10 10 10 10 10
left_child=1 -1 3 -2 5 -5 7 12 -9 11 -11 -8 -4 -10
right_child=2 -3 6 4 -6 -7 9 8 13 10 -12 -13 -14 -15
leaf_value=0.0010472177328279405 0.00020061961444377209 0.0065803978638211778 0.0012344114648395309 0.010905879837570383 0.0012212727173810784 -1.420309174602899e-05 -0.00071985447617546117 -0.0022043710614447591 0.00060484071212459263 0.0055621380469260311 -0.00084653779023116638 -0.0031278685749840641 -0.00088976710606499052 0.0027972572420378737
leaf_weight=488 8089 91 636 68 657 39 4970 383 3890 130 124 478 4015 521
leaf_count=488 8089 91 636 68 657 39 4970 383 3890 130 124 478 4015 521
internal_value=-9.61925e-13 0.00191685 -4.62441e-05 0.000357645 0.00202019 0.00692566 -0.000282306 1.89093e-05 0.000618675 -0.000781251 0.00243349 -0.00093113 -0.000599297 0.000863795
internal_weight=24579 579 24000 8853 764 107 15147 9445 4794 5702 254 5448 4651 4411
internal_count=24579 579 24000 8853 764 107 15147 9445 4794 5702 254 5448 4651 4411
is_linear=0
shrinkage=0.04


Tree=34
num_leaves=15
num_cat=0
split_feature=13 90 54 20 76 68 59 57 24 20 31 58 25 38
split_gain=1.32025 1.48657 1.18299 2.00583 2.68779 1.74024 1.16502 1.13399 1.10407 1.67219 2.37888 1.94143 1.79683 1.54191
threshold=0.081952963952846306 6.3704293010968742e-12 1.8178728311130747 0.042813135743116522 0.63767929182478766 3.481018333333334 2857932306.9169173 1209514902.5055001 0.014265911701195141 0.031447939136364171 -0.11314544811276837 338012253.95662504 0.016948407697446429 0.4639860225597881
decision_type=10 10 10 10 10 10 10 10 10 10 10 10 10 10
left_child=1 -1 3 8 5 7 -7 -5 -3 -10 11 -11 -12 -13
right_child=-2 2 -4 4 -6 6 -8 -9 9 10 12 13 -14 -15
leaf_value=-0.001331696874004795 0.00082511205748657434 0.00016648896864639937 -0.0044923199263421148 0.0032669349135991572 0.0080048495101296933 -0.0010029810901398639 0.0025934144943021236 0.015647752672433853 -0.00098863644667583758 0.011585657982074695 -0.0025538395459373153 0.00011847955194222034 0.0086283920577654005 -0.0039699017668683688
leaf_weight=1472 2755 11962 94 29 104 350 245 20 4160 23 31 3090 89 155
leaf_count=1472 2755 11962 94 29 104 350 245 20 4160 23 31 3090 89 155
internal_value=-5.96324e-14 -0.00010416 -1.53757e-05 5.39797e-06 0.00203816 0.0010746 0.000477888 0.00832033 -7.25367e-05 -0.000451342 0.000208381 5.27453e-06 0.00573965 -7.68052e-05
internal_weight=24579 21824 20352 20258 748 644 595 49 19510 7548 3388 3268 120 3245
internal_count=24579 21824 20352 20258 748 644 595 49 19510 7548 3388 3268 120 3245
is_linear=0
shrinkage=0.04


Tree=35
num_leaves=15
num_cat=0
split_feature=6 17 59 31 25 18 67 64 64 20 31 98 38 8
split_gain=1.31163 1.88824 1.53424 2.44038 3.26805 3.17876 1.90651 2.50782 1.80117 1.75198 2.40786 2.78153 2.22194 1.43386
threshold=-0.10075930314481522 0.035281803990036366 1440467361.6005836 -0.19739793368433026 0.022606546585206753 0.037144158847843244 1.2886737500000003 4.9104300000000007 5.8760200000000005 0.035185157052869398 -0.1414759887705743 0.4478940512375163 0.29747531917322007 -0.36863043082133423
decision_type=8 10 8 10 10 10 10 10 10 10 10 10 10 10
left_child=1 -1 9 6 -5 -6 7 -4 -7 13 12 -12 -11 -2
right_child=2 -3 3 4 5 8 -8 -9 -10 10 11 -13 -14 -15
leaf_value=0.00027967162695723819 0.0014093222044473056 0.002601051977473825 -0.00053245504041217213 -0.00028858712158843158 0.015969368699524138 -0.00052358689613412235 -0.0023300165783509299 0.0086836408925991433 0.0083699154441750703 0.0017076986821222527 -0.00034870934133262687 0.010846323007396583 -0.0028020108862745704 -0.00019673710683858396
leaf_weight=4243 953 646 641 1493 36 98 1767 51 58 899 60 87 217 13330
leaf_count=4243 953 646 641 1493 36 98 1767 51 58 899 60 87 217 13330
internal_value=1.07494e-13 0.000586403 -0.000145603 -0.000829488 0.000343134 0.00525542 -0.00163301 0.000146766 0.00278297 3.66957e-05 0.00146468 0.00627692 0.000830811 -8.95765e-05
internal_weight=24579 4889 19690 4144 1685 192 2459 692 156 15546 1263 147 1116 14283
internal_count=24579 4889 19690 4144 1685 192 2459 692 156 15546 1263 147 1116 14283
is_linear=0
shrinkage=0.04


Tree=36
num_leaves=15
num_cat=0
split_feature=50 54 68 59 68 44 64 85 59 20 86 29 85 32
split_gain=1.26711 1.18417 1.54846 1.51835 1.30502 1.38738 1.95074 1.86057 1.35536 1.79961 1.82509 1.60181 1.32697 1.29166
threshold=-0.44153710799978774 1.8178728311130747 4.8255616666666672 497656128.85908335 0.95990166666666676 0.17411229566453443 5.5464300000000009 -0.707765121639921 4843713543.2870016 0.041588074381380659 0.0049878480845642675 0.019025302733785911 0.087592541629961024 -0.41320074106364424
decision_type=8 10 10 8 8 10 10 10 8 8 10 10 10 8
left_child=-1 2 3 -2 -5 6 -6 -7 9 -9 -11 12 -12 -13
right_child=1 -3 -4 4 5 7 -8 8 -10 10 11 13 -14 -15
leaf_value=0.0023424848828769856 0.0003303170283273202 -0.0032949779881427518 0.0015370028425444999 0.00061665393851904004 8.9657243969275797e-05 -0.0026881950495037817 0.0083843924957530003 -0.00064951839985150463 -0.0030940555858547519 -0.0021590092299447862 0.003266140462830663 -0.004662547403946519 0.017837190449237823 0.0029049483150632837
leaf_weight=364 8933 177 991 1978 3283 730 46 7147 329 152 20 40 20 369
leaf_count=364 8933 177 991 1978 3283 730 46 7147 329 152 20 40 20 369
internal_value=2.90449e-12 -3.52122e-05 -1.12095e-05 -7.77812e-05 -0.000336074 -0.000491355 0.000204274 -0.000754299 -0.000579514 -0.00047274 0.00162949 0.00291201 0.0105517 0.00216485
internal_weight=24579 24215 24038 23047 14114 12136 3329 8807 8077 7748 601 449 40 409
internal_count=24579 24215 24038 23047 14114 12136 3329 8807 8077 7748 601 449 40 409
is_linear=0
shrinkage=0.04


Tree=37
num_leaves=15
num_cat=0
split_feature=34 38 8 42 89 68 53 8 32 23 65 5 20 51
split_gain=1.23884 1.37601 2.16894 1.82057 1.05566 1.38297 2.68867 1.96291 0.98041 1.17437 1.0044 1.61472 0.922081 3.20931
threshold=-0.040052768366458151 0.44116219061417833 0.77916685109773387 0.0026586181405371394 6.2110238934277381e-11 1.7381700000000002 0.24603552348239968 0.29346945366362837 -0.39315653904694997 0.023386323033115313 5.872275000000001 -0.065101812085593722 0.019034867089302337 0.12205099495157846
decision_type=8 8 8 8 10 10 10 10 8 10 10 10 10 10
left_child=-1 2 4 -4 12 -6 7 -7 -3 10 -10 -12 13 -2
right_child=1 8 3 -5 5 6 -8 -9 9 -11 11 -13 -14 -15
leaf_value=0.00072136593366872021 -0.00024303489147400851 0.0052030739256818045 0.0039805642838240925 0.00062640909222099687 0.00039219394225296043 0.0039582613486339128 -0.00037223147496531181 0.015517480351962151 -0.0011298320868734836 -0.0030920376840683308 0.012803434401750564 0.00073555656480395301 -0.00036725004643467052 0.0030610627909340689
leaf_weight=3298 2367 38 363 903 1617 57 112 40 1193 438 20 157 13389 587
leaf_count=3298 2367 38 363 903 1617 57 112 40 1193 438 20 157 13389 587
internal_value=-9.76877e-13 -0.000111793 -1.26643e-05 0.00158815 -0.000124207 0.000787956 0.00384991 0.00872495 -0.00115544 -0.00128908 -0.000712656 0.00209916 -0.000226123 0.000413534
internal_weight=24579 21281 19435 1266 18169 1826 209 97 1846 1808 1370 177 16343 2954
internal_count=24579 21281 19435 1266 18169 1826 209 97 1846 1808 1370 177 16343 2954
is_linear=0
shrinkage=0.04


Tree=38
num_leaves=15
num_cat=0
split_feature=6 17 88 30 90 18 64 25 90 68 74 57 87 8
split_gain=1.1786 1.70069 1.41533 1.34858 1.2535 1.60804 1.98864 1.55951 2.38837 2.43857 2.2138 2.37996 1.81592 1.2187
threshold=-0.10075930314481522 0.035281803990036366 1.1587671634180543 -0.25522067594729003 6.3704293010968742e-12 0.027322657428703868 4.9104300000000007 0.022138473212146261 9.6981085523044231e-12 3.6081808333333343 0.47289417356130287 1404209237.1042502 0.30486648469155708 -0.36863043082133423
decision_type=8 10 10 8 10 10 10 10 10 10 10 10 10 10
left_child=1 -1 -3 -2 5 6 -5 13 9 -9 11 -10 -13 -6
right_child=3 2 -4 4 7 -7 -8 8 10 -11 -12 12 -14 -15
leaf_value=0.0002647702839156481 -0.0028084386566860115 0.0017243236114269317 0.0071824833674525666 -0.00060292335697139353 0.0012240501046793906 -0.0027877544421088534 0.0073198378034349948 0.018417451665514992 0.0020047381055027565 0.0039599178925120559 0.0097826374047435809 0.00038629047062572157 -0.0054247800120303027 -0.000184471723143223
leaf_weight=4243 298 558 88 827 1048 611 54 21 467 168 40 181 164 15811
leaf_count=4243 298 558 88 827 1048 611 54 21 467 168 40 181 164 15811
internal_value=-7.36599e-14 0.000555871 0.00246785 -0.000138022 -9.69852e-05 -0.0012109 -0.000117306 -4.13812e-06 0.00149837 0.00556631 0.000595978 0.000143433 -0.00237607 -9.69143e-05
internal_weight=24579 4889 646 19690 19392 1492 881 17900 1041 189 852 812 345 16859
internal_count=24579 4889 646 19690 19392 1492 881 17900 1041 189 852 812 345 16859
is_linear=0
shrinkage=0.04


Tree=39
num_leaves=15
num_cat=0
split_feature=35 7 68 32 74 25 30 38 47 59 91 38 17 25
split_gain=1.15325 1.32188 1.39395 1.49642 1.56212 1.51715 1.3391 1.58324 1.30704 1.23591 1.32632 1.16732 1.41351 1.15927
threshold=-0.068757326103314073 1.3045520490896079 4.8255616666666672 -0.24770225762864537 0.37377883254588368 0.02075129266552345 -0.21590620851897122 -0.12564950064869787 -0.32822774612149003 2857932306.9169173 1.0000000180025095e-35 0.4639860225597881 0.056579431182459353 0.026977718948351142
decision_type=8 8 10 10 10 10 10 8 10 10 2 10 10 10
left_child=8 2 6 4 5 -4 7 -2 -1 10 -7 12 13 -8
right_child=1 -3 3 -5 -6 9 11 -9 -10 -11 -12 -13 -14 -15
leaf_value=-0.0037458652583882215 0.0024101589832284396 -0.0015095256744656 0.0054136958272012802 -0.0031032060772257369 0.0084823260137787213 0.0013980375887047633 -5.0320815884544474e-05 -0.0044595730253918602 0.0010166885409072404 0.0031148520959993621 -0.0036449324119151856 -0.0026242889150585175 0.0066365184616662713 0.004932217629641915
leaf_weight=96 71 1003 137 97 58 193 19613 220 2329 211 147 278 51 75
leaf_count=96 71 1003 137 97 58 193 19613 220 2329 211 147 278 51 75
internal_value=1.26527e-12 -9.06502e-05 -2.33658e-05 0.00157045 0.00217815 0.0016467 -8.95263e-05 -0.00278345 0.00082815 0.000710073 -0.000782305 -5.0363e-05 -1.41123e-05 -3.13402e-05
internal_weight=24579 22154 21151 843 746 688 20308 291 2425 551 340 20017 19739 19688
internal_count=24579 22154 21151 843 746 688 20308 291 2425 551 340 20017 19739 19688
is_linear=0
shrinkage=0.04


Tree=40
num_leaves=15
num_cat=0
split_feature=34 54 8 42 20 74 57 31 20 66 94 44 64 18
split_gain=1.08774 1.18845 1.89582 1.95513 1.1688 2.86616 1.15951 1.55507 1.37478 1.15865 1.08592 1.45437 1.27562 1.92585
threshold=-0.040052768366458151 1.4770449821858784 -0.40931529016091595 -0.21128289203007031 0.04314295838885189 0.37377883254588368 660344524.80375004 -0.16729172496916936 0.017499284908506673 2.2809625000000007 1.0000000180025095e-35 0.59197864247934917 5.5464300000000009 0.039441589485970013
decision_type=8 8 10 10 10 10 10 10 10 10 2 10 10 10
left_child=-1 2 3 -2 6 -6 7 9 -8 -4 12 -12 -3 -14
right_child=1 10 4 -5 5 -7 8 -9 -10 -11 11 -13 13 -15
leaf_value=0.00067594546133544441 1.5406897728734013e-05 -0.00092663471747779101 0.00054709488492565145 0.0038229378468132187 0.00061164862566391543 0.0089677016651006167 0.0027901970473065319 -0.00029062765394591305 -0.0006199155302237852 0.0034974876698106528 -0.0012160749418267797 -0.0050882133347529565 0.010615401132298368 0.00058372633993230031
leaf_weight=3298 458 433 3982 408 584 74 194 6226 7572 225 776 194 42 113
leaf_count=3298 458 433 3982 408 584 74 194 6226 7572 225 776 194 42 113
internal_value=7.56232e-13 -0.000104754 -2.074e-05 0.00180926 -0.000104782 0.00155139 -0.000164662 0.000110804 -0.000534729 0.000704889 -0.0011683 -0.0019905 0.000188053 0.00330199
internal_weight=24579 21281 19723 866 18857 658 18199 10433 7766 4207 1558 970 588 155
internal_count=24579 21281 19723 866 18857 658 18199 10433 7766 4207 1558 970 588 155
is_linear=0
shrinkage=0.04


Tree=41
num_leaves=15
num_cat=0
split_feature=50 59 93 20 8 29 32 8 30 31 54 23 96 66
split_gain=1.07918 1.01082 1.47333 1.24631 2.04054 3.38705 1.18718 1.85207 1.79289 1.49211 1.44644 1.38715 1.441 1.36292
threshold=-0.44153710799978774 489416700.35825008 1.0000000180025095e-35 0.027741209536265313 0.3030397186750437 0.021477054812819942 -0.22952647122285899 0.021172435994675224 -0.23754084270583545 -0.081413637072866238 0.49062803529727833 0.024730254992560031 0.61321138211382131 0.88061000000000011
decision_type=8 8 2 10 10 10 8 8 10 10 10 10 10 10
left_child=-1 2 3 -2 -5 -6 7 13 -9 -8 -11 -10 -13 -3
right_child=1 6 -4 4 5 -7 9 8 11 10 -12 12 -14 -15
leaf_value=0.0021618050825238421 0.00012396107044385606 0.0011781759036630251 0.006009573766884083 0.00086329739499801245 0.015776656184877669 0.0018645851245881722 -0.00082218678107154558 -0.0020719139601228136 0.00055199261560299161 0.0052162137842088029 -0.00080013178905750048 0.0034136426137401921 -0.003597199761022169 -0.00078546375924640904
leaf_weight=364 7992 655 72 555 42 84 5486 375 4026 132 124 479 52 4141
leaf_count=364 7992 655 72 555 42 84 5486 375 4026 132 124 479 52 4141
internal_value=-2.15429e-12 -3.24963e-05 0.000311236 0.000263931 0.00190657 0.00650194 -0.000226804 4.24069e-05 0.000586666 -0.000682897 0.00230205 0.000805443 0.00272708 -0.000517285
internal_weight=24579 24215 8745 8673 681 126 15470 9728 4932 5742 256 4557 531 4796
internal_count=24579 24215 8745 8673 681 126 15470 9728 4932 5742 256 4557 531 4796
is_linear=0
shrinkage=0.04


Tree=42
num_leaves=15
num_cat=0
split_feature=13 38 8 42 17 32 94 53 23 88 41 59 22 89
split_gain=1.05643 1.11064 1.56152 1.61252 1.23012 1.11723 1.60558 1.29963 1.023 1.01395 0.91906 1.09616 0.887592 0.850672
threshold=0.081952963952846306 0.36710012609382309 -0.40931529016091595 -0.21128289203007031 0.056579431182459353 -0.2787627932077944 1.5000000000000002 1.5446285852402293 0.022823435063784765 1.0799359147349563 0.012063260335461791 1440467361.6005836 0.018240709898881616 6.2110238934277381e-11
decision_type=10 8 10 10 10 8 2 10 10 10 10 8 10 10
left_child=1 2 3 12 13 6 7 9 -7 -3 -2 -12 -1 -4
right_child=10 5 4 -5 -6 8 -8 -9 -10 -11 11 -13 -14 -15
leaf_value=-0.00047383070069882059 0.0013314489925008285 0.0056749127154871529 -0.00018286655922732729 0.0035092091196709967 0.0053772834643270031 -0.00081172007360296025 -0.002837375217839797 -0.0042182405814387355 -0.0030314676186145206 -0.0021248878074402455 0.00087385470038897465 -0.001708522382662218 0.0059867936402962021 0.00071947966203942065
leaf_weight=423 1660 160 16826 404 66 1449 107 33 431 32 656 439 37 1856
leaf_count=423 1660 160 16826 404 66 1449 107 33 431 32 656 439 37 1856
internal_value=-3.92124e-13 -9.31732e-05 2.65876e-06 0.00166528 -7.3963e-05 -0.000942837 0.00119635 0.00311461 -0.00132061 0.00437495 0.000738081 -0.000161454 4.58282e-05 -9.32212e-05
internal_weight=24579 21824 19612 864 18748 2212 332 225 1880 192 2755 1095 460 18682
internal_count=24579 21824 19612 864 18748 2212 332 225 1880 192 2755 1095 460 18682
is_linear=0
shrinkage=0.04


Tree=43
num_leaves=15
num_cat=0
split_feature=38 17 66 30 42 94 24 44 64 8 32 68 25 67
split_gain=0.988778 1.56382 1.65416 1.1142 1.24611 1.12502 1.12784 1.8483 1.55606 1.38947 2.20699 2.00818 2.05688 1.80396
threshold=-0.1231636033760075 0.035671034260467659 1.0414800000000002 -0.25522067594729003 0.41686917338804425 2.5000000000000004 0.023804616159560147 0.25748133573724491 4.6298000000000004 -0.040590405904059039 -0.26451100508942166 2.254069166666667 0.019185599845874608 3.5619662500000007
decision_type=8 10 10 8 8 2 8 10 10 8 8 10 10 10
left_child=1 2 -1 4 -2 6 9 8 -8 -5 13 12 -12 -11
right_child=3 -3 -4 5 -6 -7 7 -9 -10 10 11 -13 -14 -15
leaf_value=0.002116413838387701 -0.0038808061699683095 0.0038835881192514129 -0.0002642416449874973 -0.0005465554270981007 0.00045550195937616063 0.00241706018171626 -0.00033302327234074089 -0.0024703246124117128 0.0055269544362658409 0.00051622835445630532 0.00014378061026975759 -0.0012140376462038186 0.010814441689129532 0.0025097003514329874
leaf_weight=661 256 232 1591 5396 181 293 626 788 82 2750 8663 2044 29 987
leaf_count=661 256 232 1591 5396 181 293 626 788 82 2750 8663 2044 29 987
internal_value=-1.35642e-12 0.000756656 0.000434521 -8.5066e-05 -0.00208476 -4.47176e-05 -7.84784e-05 -0.00113762 0.000345675 1.26762e-06 0.000205514 -8.59075e-05 0.000179382 0.00104274
internal_weight=24579 2484 2252 22095 437 21658 21365 1496 708 19869 14473 10736 8692 3737
internal_count=24579 2484 2252 22095 437 21658 21365 1496 708 19869 14473 10736 8692 3737
is_linear=0
shrinkage=0.04


Tree=44
num_leaves=15
num_cat=0
split_feature=39 38 8 42 32 94 91 23 8 21 98 58 90 32
split_gain=0.98699 1.10616 1.45055 1.43963 1.05095 1.30813 1.22775 1.00087 0.94917 0.926014 1.09317 0.91581 0.99094 0.916611
threshold=-0.048065739453066629 0.36710012609382309 0.77916685109773387 -0.012405868476166202 -0.2787627932077944 1.5000000000000002 1.5000000000000002 0.022823435063784765 1.1606814333334825 0.041194174617891328 0.43257575757575767 1582810046.5553751 1.3602012764732625e-11 -0.44293708226335804
decision_type=8 8 8 8 8 2 2 10 10 10 10 10 8 10
left_child=11 2 9 -4 5 6 -3 -6 -8 -2 -11 -1 13 -13
right_child=1 4 3 -5 7 -7 8 -9 -10 10 -12 12 -14 -15
leaf_value=0.0011828120223485164 -0.00010273517526298556 0.0067630817336825338 0.0034675063443467876 0.00043775422237038317 -0.00079223822069434519 -0.0025803920668233367 0.0028794949842510203 -0.002968360703573134 -0.0041086466197410351 -0.0033082917231755955 0.0066810645464664463 0.0054829865118621712 -0.0022012348721777513 8.2645956585070398e-05
leaf_weight=1956 18294 82 361 823 1429 103 96 443 46 24 65 56 308 493
leaf_count=1956 18294 82 361 823 1429 103 96 443 46 24 65 56 308 493
internal_value=-1.06714e-12 -9.11234e-05 4.47051e-06 0.00136152 -0.000941731 0.00115054 0.0028661 -0.00130721 0.000615731 -8.29335e-05 0.00398731 0.000705081 -0.000385284 0.0006335
internal_weight=24579 21766 19567 1184 2199 327 224 1872 142 18383 89 2813 857 549
internal_count=24579 21766 19567 1184 2199 327 224 1872 142 18383 89 2813 857 549
is_linear=0
shrinkage=0.04


Tree=45
num_leaves=15
num_cat=0
split_feature=13 89 20 59 24 20 31 58 98 29 54 8 42 20
split_gain=0.945844 0.950014 1.13565 1.26151 0.938137 1.85885 1.77767 1.51666 1.24556 1.21856 1.21808 1.14842 1.19783 1.18734
threshold=0.051322075702549937 2.5272017633091663e-11 0.034989984680341674 816630629.54100013 0.014265911701195141 0.031604632970007471 -0.1145350507864719 338012253.95662504 0.39767441860465119 0.02269458794059194 0.39250611849053535 0.069335113586813893 -0.056037614281945529 0.026709965612513323
decision_type=10 8 10 10 8 10 10 10 10 10 10 8 8 10
left_child=4 -2 -3 -4 11 10 7 -7 -9 -8 -6 -1 -13 -14
right_child=1 2 3 -5 5 6 9 8 -10 -11 -12 12 13 -15
leaf_value=-0.00023819819711749904 -9.4734272961766164e-05 0.00070713600062220208 0.0079921605362569988 0.0018354919991191443 -0.00072966925080033412 0.010227713121668152 0.0088290577167645101 -0.0026905516220937136 0.00011993440189561236 0.0015019000017934519 -0.0025135665114004542 0.0027591053735873199 9.1773252517095847e-05 0.0018441140987351537
leaf_weight=6372 2504 2532 71 213 3379 23 60 271 3657 92 748 374 3533 750
leaf_count=6372 2504 2532 71 213 3379 23 60 271 3657 92 748 374 3533 750
internal_value=1.42322e-12 0.000472116 0.000976162 0.00337466 -0.000130415 -0.000453595 0.000149309 -1.3997e-05 -7.39662e-05 0.0043942 -0.00105299 0.000110747 0.000588195 0.000398627
internal_weight=24579 5320 2816 284 19259 8230 4103 3951 3928 152 4127 11029 4657 4283
internal_count=24579 5320 2816 284 19259 8230 4103 3951 3928 152 4127 11029 4657 4283
is_linear=0
shrinkage=0.04


Tree=46
num_leaves=15
num_cat=0
split_feature=50 29 65 53 68 67 86 20 56 32 96 25 59 32
split_gain=0.926947 0.938645 1.07888 0.877996 1.01874 1.25053 1.38326 1.1658 1.1298 1.10481 1.08519 1.18088 1.84175 1.39922
threshold=-0.44153710799978774 0.014593122564515055 4.3318500000000002 1.5446285852402293 4.8255616666666672 4.1960200000000007 -0.062704034498441252 0.041588074381380659 4235554641.1505008 -0.49165044351249471 0.62500000000000011 0.024860379723364159 2857932306.9169173 -0.24770225762864537
decision_type=8 10 10 10 10 10 10 10 8 8 10 10 10 10
left_child=1 -1 -3 4 5 8 -7 -8 -2 -10 11 13 -13 -6
right_child=3 2 -4 -5 10 6 7 -9 9 -11 -12 12 -14 -15
leaf_value=-0.0016765053531785001 3.4131685175663964e-05 0.005238568151979075 0.00019779032500237865 -0.0039517589026018159 0.0031039524062879652 -0.0040504770994362399 -0.0016525738684987793 0.0022747650238178559 0.0063462429382623387 -0.0020826831607687179 -0.005724632261054856 -0.0039714251627856996 0.0021365425201248 -0.0019449853476191175
leaf_weight=85 21623 162 117 91 596 254 419 170 26 578 35 142 178 103
leaf_count=85 21623 162 117 91 596 254 419 170 26 578 35 142 178 103
internal_value=4.38041e-14 0.00200353 0.00312469 -3.01171e-05 -1.5324e-05 -7.08842e-05 -0.00158308 -0.000519047 -1.35313e-05 -0.00171985 0.00120078 0.00143865 -0.000573868 0.00235997
internal_weight=24579 364 279 24215 24124 23070 843 589 22227 604 1054 1019 320 699
internal_count=24579 364 279 24215 24124 23070 843 589 22227 604 1054 1019 320 699
is_linear=0
shrinkage=0.04


Tree=47
num_leaves=15
num_cat=0
split_feature=34 24 20 31 58 29 54 31 8 23 74 42 25 90
split_gain=0.90608 0.989531 1.61124 1.46181 1.39225 1.30076 1.15153 1.10517 1.59522 1.31435 1.18432 1.31448 1.15375 1.09681
threshold=-0.040052768366458151 0.014265911701195141 0.031604632970007471 -0.1145350507864719 338012253.95662504 0.02269458794059194 0.39250611849053535 -0.16872427983539098 1.0398312398705947 0.016879901891070633 0.18997311055933322 0.35047188300911086 0.015437699517930567 2.9633607039828029e-11
decision_type=8 8 10 10 10 10 10 10 8 10 10 10 10 10
left_child=-1 7 6 4 -4 -5 -3 9 10 13 11 -9 -10 -2
right_child=1 2 3 5 -6 -7 -8 8 12 -11 -12 -13 -14 -15
leaf_value=0.00061692411886122851 -0.00016397303024993099 -0.00063464690829654604 0.0098172393052474317 0.0086901602229296146 -5.0105583237185702e-05 0.0011323809758665001 -0.0022859986984567044 -0.00062327467665144749 0.0010431140133519985 0.004628801836819847 0.0005006490352488141 0.0053792771509990605 0.0056514340626043196 0.0012826396058060084
leaf_weight=3298 1611 3999 23 58 4350 98 813 5483 366 134 2424 59 114 1749
leaf_count=3298 1611 3999 23 58 4350 98 813 5483 366 134 2424 59 114 1749
internal_value=-1.4779e-14 -9.56071e-05 -0.000403986 0.000137523 1.79218e-06 0.00394232 -0.000913647 0.000145646 -0.000101873 0.000743971 -0.000236815 -0.000559372 0.00213759 0.000589041
internal_weight=24579 21281 9341 4529 4373 156 4812 11940 8446 3494 7966 5542 480 3360
internal_count=24579 21281 9341 4529 4373 156 4812 11940 8446 3494 7966 5542 480 3360
is_linear=0
shrinkage=0.04


Tree=48
num_leaves=15
num_cat=0
split_feature=6 17 88 30 32 85 8 20 74 19 32 59 20 89
split_gain=0.883249 1.35026 1.18785 1.05126 1.00013 0.94779 0.945084 1.13754 2.27455 1.78411 3.60877 1.13808 1.36628 1.53361
threshold=-0.10075930314481522 0.035281803990036366 1.1587671634180543 -0.25522067594729003 -0.51313769651899332 -0.31316709542089288 1.3497038036604911 0.041588074381380659 0.25452820077019561 0.031696689999985678 -0.28188039461341352 591138475.41483343 0.02701526065510804 1.2270707881844459e-10
decision_type=8 10 10 8 10 10 10 10 10 10 10 8 10 10
left_child=1 5 -3 4 -2 -1 7 11 9 10 -9 12 -5 -14
right_child=3 2 -4 6 -6 -7 -8 8 -10 -11 -12 -13 13 -15
leaf_value=0.0012117085146667269 0.0038749791511467524 0.0015036885370583839 0.0065040277962047678 1.7159380532145504e-05 -0.0033225742294081262 -0.0001392302708657706 -0.0026722459252004932 -0.0037559114174487503 0.0054718988227712767 -9.4474437551897157e-05 0.01645144852899736 -0.00044020485762282321 0.0013259403790632761 0.011356765548884869
leaf_weight=1134 35 558 88 7987 263 3109 223 26 170 787 31 9148 995 25
leaf_count=1134 35 558 88 7987 263 3109 223 26 170 787 31 9148 995 25
internal_value=-9.91869e-13 0.000481207 0.00218485 -0.000119483 -0.00247722 0.000221827 -8.32514e-05 -5.31326e-05 0.0012507 0.000400462 0.00723406 -0.000125955 0.000193214 0.00157179
internal_weight=24579 4889 646 19690 298 4243 19392 19169 1014 844 57 18155 9007 1020
internal_count=24579 4889 646 19690 298 4243 19392 19169 1014 844 57 18155 9007 1020
is_linear=0
shrinkage=0.04


Tree=49
num_leaves=15
num_cat=0
split_feature=25 39 24 20 31 58 25 86 95 31 19 54 96 17
split_gain=0.848843 0.847196 1.04221 1.35549 1.56761 1.28352 1.28236 1.08055 1.17307 1.09523 2.25155 1.02253 1.00482 0.959602
threshold=0.027400874887392266 -0.048065739453066629 0.014265911701195141 0.031604632970007471 -0.1145350507864719 338012253.95662504 0.016948407697446429 0.61050463291583446 0.65833333333333344 -0.19123954399238921 0.026904039678399872 0.39250611849053535 0.61321138211382131 0.051519040841138265
decision_type=10 8 8 10 10 10 10 10 10 10 10 10 10 10
left_child=1 -1 7 11 5 -5 -6 8 9 10 -3 13 -7 -4
right_child=-2 2 3 4 6 12 -8 -9 -10 -11 -12 -13 -14 -15
leaf_value=0.00064140424310498768 0.0039670111656427212 0.0011655739652861223 -0.00055634084520086416 0.0093662419850411623 -0.0028142122647592002 2.2465551546861343e-05 0.0058406303605870414 -0.00029431153664270164 0.0031436674563506835 0.00010715410360251078 0.014681846171617509 -0.0021371144705455876 -0.0029000138739350861 -0.0076208065498259763
leaf_weight=2796 86 1404 4053 23 35 4232 126 5126 253 5350 20 847 197 31
leaf_count=2796 86 1404 4053 23 35 4232 126 5126 253 5350 20 847 197 31
internal_value=6.57845e-13 -1.3929e-05 -9.8379e-05 -0.000411213 8.16425e-05 -5.85815e-05 0.00395914 0.000147296 0.000469436 0.000369557 0.00135541 -0.000872284 -0.000107525 -0.000609964
internal_weight=24579 24493 21697 9544 4613 4452 161 12153 7027 6774 1424 4931 4429 4084
internal_count=24579 24493 21697 9544 4613 4452 161 12153 7027 6774 1424 4931 4429 4084
is_linear=0
shrinkage=0.04


Tree=50
num_leaves=15
num_cat=0
split_feature=32 59 89 58 41 20 90 32 31 56 98 90 89 90
split_gain=0.82751 1.08198 1.03579 0.968057 0.97959 0.966035 1.58922 1.71147 1.76452 1.74696 1.68702 1.46587 1.43926 1.36046
threshold=-0.49165044351249471 3734397985.1181674 2.1208260811093298e-11 3433199435.3571253 -0.12162536782194226 0.032315000485200751 1.2759652498452915e-11 -0.39830833724051834 -0.11243964003511857 532456821.3725 0.39767441860465119 3.1705792599192052e-11 7.0710336988078842e-11 3.808778025133707e-11
decision_type=8 10 10 10 10 10 10 10 10 10 10 10 10 10
left_child=1 2 -1 5 -5 13 -7 -8 9 12 -11 -10 -9 -2
right_child=3 -3 -4 4 -6 6 7 8 11 10 -12 -13 -14 -15
leaf_value=-0.00075579708734123548 -0.00037195370791852269 0.0054985172623583916 0.0030065088498955356 0.0017077325635242481 -0.0015684809582849908 0.0031018416626021673 -0.001991105536918491 0.0023067160286183068 0.0075022657222899736 -0.0037836008232566497 0.00036583725800585798 -0.0021965083276683636 0.011451920988659063 0.00032625149461039854
leaf_weight=293 11367 91 195 169 1074 365 445 335 102 167 2559 33 30 7354
leaf_count=293 11367 91 195 169 1074 365 445 335 102 167 2559 33 30 7354
internal_value=-1.04612e-12 0.00149428 0.000747583 -3.60494e-05 -0.00112304 2.33228e-05 0.000584614 0.000334331 0.000655105 0.0004596 0.000111635 0.00513145 0.00305838 -9.76841e-05
internal_weight=24579 579 488 24000 1243 22757 4036 3671 3226 3091 2726 135 365 18721
internal_count=24579 579 488 24000 1243 22757 4036 3671 3226 3091 2726 135 365 18721
is_linear=0
shrinkage=0.04


Tree=51
num_leaves=15
num_cat=0
split_feature=13 58 90 20 37 55 23 31 24 20 31 58 8 50
split_gain=0.826807 0.834531 1.39017 1.22781 1.16354 1.06042 0.882241 0.782943 0.753792 1.3916 1.28175 1.08775 1.03015 1.07602
threshold=0.051322075702549937 1582810046.5553751 1.5901633935656045e-11 0.034843849910953836 -0.1272425532581978 507938444.16000021 0.024939448471098299 -0.19739793368433026 0.014265911701195141 0.031604632970007471 -0.1145350507864719 338012253.95662504 0.069335113586813893 -0.10132188138960073
decision_type=10 10 8 10 10 10 10 10 8 10 10 10 8 8
left_child=8 3 4 -2 -3 -5 -7 -6 12 -10 11 -11 -1 -14
right_child=1 2 -4 5 7 6 -8 -9 9 10 -12 -13 13 -15
leaf_value=-0.00023624955342024071 0.00047930018702887789 0.0027465579812026891 -0.0026618029661880926 0.0079552607250365399 -0.0014510768961956163 0.00073502744467459974 0.0048432689476758236 0.0012443650398921945 -0.00093024632378240803 0.0086448485242283865 0.0037145156876680343 -7.9425228832220756e-05 0.0012903739548713997 4.9502225633281828e-05
leaf_weight=6372 3555 240 334 54 468 276 120 273 4127 23 152 3928 1865 2792
leaf_count=6372 3555 240 334 54 468 276 120 273 4127 23 152 3928 1865 2792
internal_value=-2.18353e-13 0.000441409 -0.000432898 0.000728478 0.000325975 0.00269699 0.00197995 -0.000458019 -0.000121932 -0.000411625 0.000110031 -2.86385e-05 9.42402e-05 0.000546437
internal_weight=24579 5320 1315 4005 981 450 396 741 19259 8230 4103 3951 11029 4657
internal_count=24579 5320 1315 4005 981 450 396 741 19259 8230 4103 3951 11029 4657
is_linear=0
shrinkage=0.04


Tree=52
num_leaves=15
num_cat=0
split_feature=35 47 8 20 74 68 24 85 86 52 20 20 56 8
split_gain=0.783273 1.0541 0.827006 1.31989 1.84001 1.17875 1.014 1.3711 0.946642 1.15476 1.4044 0.93889 1.27587 1.18887
threshold=-0.068757326103314073 -0.32822774612149003 1.3497038036604911 0.04314295838885189 0.37377883254588368 3.481018333333334 0.014265911701195141 -0.82982916586997024 0.58887738703776171 0.24652012943683502 0.019371072938163345 0.026934697148598464 340834185.15000004 -0.40931529016091595
decision_type=8 10 10 10 10 10 8 8 10 10 10 8 10 10
left_child=1 -1 3 6 5 -5 8 -8 9 -2 -11 13 -13 -10
right_child=2 -3 -4 4 -6 -7 7 -9 11 10 -12 12 -14 -15
leaf_value=-0.0034251597759915359 0.00026576704717789395 0.00085181842581422726 -0.0024766630822862395 0.0070331362602503401 0.0067661178945318647 0.00041289989837561207 -0.0020146546414720949 -0.00028056461004479546 0.0030600235817532244 0.0044906064051125827 0.00063279694010046875 0.0055776528294579717 0.00040036413570711271 -0.00064810861008753192
leaf_weight=96 6295 2329 227 46 95 667 803 7974 143 237 416 83 924 4244
leaf_count=96 6295 2329 227 46 95 667 803 7974 143 237 416 83 924 4244
internal_value=-1.52926e-12 0.000682503 -7.47075e-05 -4.98412e-05 0.00153677 0.000840012 -0.000110544 -0.000439215 0.00012319 0.000431854 0.00203295 -0.000274399 0.000827092 -0.000527237
internal_weight=24579 2425 22154 21927 808 713 21119 8777 12342 6948 653 5394 1007 4387
internal_count=24579 2425 22154 21927 808 713 21119 8777 12342 6948 653 5394 1007 4387
is_linear=0
shrinkage=0.04


Tree=53
num_leaves=15
num_cat=0
split_feature=42 8 17 87 8 96 42 58 22 24 48 32 32 30
split_gain=0.767198 2.11454 1.97267 0.891021 0.91181 1.32498 1.14584 1.58754 0.874416 1.08226 1.36442 1.06503 1.1374 0.86523
threshold=-0.0013896451836031829 0.43280112115435015 0.051519040841138265 -0.48949996942140833 0.021172435994675224 0.40430402930402937 0.073603913131749757 430551239.24200004 0.015861544309252202 0.016518521250095706 -0.21316548152036127 -0.26733185674165427 -0.22605432062951006 -0.29730560578661835
decision_type=8 8 10 8 8 8 10 10 10 10 10 10 8 8
left_child=1 2 8 -2 -5 6 -6 -8 11 -10 -11 -1 -13 -7
right_child=3 -3 -4 4 5 13 7 -9 9 10 -12 12 -14 -15
leaf_value=-0.00055970625643628972 -0.00080918647229028613 0.0030297410793328552 0.0069355352954281607 -0.00078776053325023117 0.00037566216259133506 -0.0037062229112618502 0.0072985688373446468 0.0012041108079075978 0.0016808248471154735 0.0020129364231819312 -0.0012040202956758643 0.0011796348052884342 -0.00025024992023895331 5.422315246900476e-05
leaf_weight=3904 2930 425 68 2077 344 99 120 159 1105 313 647 1621 1974 8793
leaf_count=3904 2930 425 68 2077 344 99 120 159 1105 313 647 1621 1974 8793
internal_value=7.59155e-13 0.000268541 0.000146707 -0.000185974 -2.84507e-05 0.000137297 0.00192056 0.00382538 9.8438e-05 0.000827293 -0.000155158 -0.000102267 0.000394491 1.23558e-05
internal_weight=24579 10057 9632 14522 11592 9515 623 279 9564 2065 960 7499 3595 8892
internal_count=24579 10057 9632 14522 11592 9515 623 279 9564 2065 960 7499 3595 8892
is_linear=0
shrinkage=0.04


Tree=54
num_leaves=15
num_cat=0
split_feature=6 17 18 30 8 50 85 90 31 38 17 8 25 24
split_gain=0.767357 1.17572 1.02226 0.890804 0.939188 0.888623 0.858515 0.822074 1.1815 0.991178 1.2018 1.20382 1.64441 1.62622
threshold=-0.10075930314481522 0.035281803990036366 0.031442428328639617 -0.25522067594729003 1.1606814333334825 -0.44153710799978774 -0.31316709542089288 1.9796386887949985e-11 -0.079623897229531046 0.31362882017330823 0.056579431182459353 0.1956932978327183 0.017003099128822734 0.013838137668236909
decision_type=8 10 10 8 8 8 10 10 10 8 10 8 10 10
left_child=1 6 -3 4 -2 -5 -1 8 -7 10 11 -9 13 -13
right_child=3 2 -4 5 -6 7 -8 9 -10 -11 -12 12 -14 -15
leaf_value=0.0011486004521866306 -0.0033974470334930274 0.010940418884158134 0.0017538379905561281 0.0045206285084931378 0.0022378830001610569 -0.00063486628713301462 -0.000137141080183501 -0.00012270748745315952 0.0036545980857197375 -0.001092384663668686 0.0060006813244295448 0.00086869758922507453 0.0019781226651229941 -0.0011485158597588263
leaf_weight=1134 239 20 626 67 59 4778 3109 9252 105 1107 56 1907 1158 962
leaf_count=1134 239 20 626 67 59 4778 3109 9252 105 1107 56 1907 1158 962
internal_value=1.98381e-12 0.000448528 0.00203825 -0.000111369 -0.00228173 -7.80166e-05 0.000206491 -9.39601e-05 -0.000542629 5.77398e-05 0.000153217 0.000128557 0.000705836 0.000192309
internal_weight=24579 4889 646 19690 298 19392 4243 19325 4883 14442 13335 13279 4027 2869
internal_count=24579 4889 646 19690 298 19392 4243 19325 4883 14442 13335 13279 4027 2869
is_linear=0
shrinkage=0.04


Tree=55
num_leaves=15
num_cat=0
split_feature=36 90 30 98 38 20 74 90 30 91 58 29 7 65
split_gain=0.736433 1.3072 1.05787 0.891264 0.844235 0.83931 1.54564 1.8017 1.46075 1.12204 1.16589 0.933174 0.929092 0.833458
threshold=-0.087127320338350453 6.3704293010968742e-12 -0.23242665953137751 0.48556910569105699 -0.096081748693569155 0.042813135743116522 0.37377883254588368 9.6981085523044231e-12 -0.14282506895888122 1.0000000180025095e-35 1273938022.3341253 0.02914822577064875 0.11634276134138623 6.3514300000000015
decision_type=10 10 10 8 10 10 10 10 10 2 10 10 8 10
left_child=13 3 4 -2 -3 11 7 8 -7 -9 -11 -4 -13 -1
right_child=1 2 5 -5 -6 6 -8 9 -10 10 -12 12 -14 -15
leaf_value=0.00047870227151126341 -0.00014039001180266966 0.0026885142164038761 8.572765965657126e-06 -0.002406440655701416 -0.0034914199828303288 0.0096133730625017327 0.005654608391934224 0.0013823802213494977 0.0017310283180524814 0.0033304248782603635 -0.0036746203042481722 0.0043894471190287733 -0.0027694571799178037 0.0049566220571560897
leaf_weight=3024 496 42 18962 631 224 52 112 225 136 46 219 32 310 68
leaf_count=3024 496 42 18962 631 224 52 112 225 136 46 219 32 310 68
internal_value=-6.02041e-14 -8.3057e-05 -9.65366e-06 -0.00140914 -0.00251564 2.35201e-05 0.00130142 0.000582313 0.00391125 -0.000694912 -0.00245865 -2.87771e-05 -0.00209962 0.000577182
internal_weight=24579 21487 20360 1127 266 20094 790 678 188 490 265 19304 342 3092
internal_count=24579 21487 20360 1127 266 20094 790 678 188 490 265 19304 342 3092
is_linear=0
shrinkage=0.04


Tree=56
num_leaves=15
num_cat=0
split_feature=34 24 20 31 29 96 31 23 8 76 42 25 25 8
split_gain=0.724993 0.754239 1.1126 1.12533 1.18249 0.979033 0.954782 1.26209 1.2066 1.02527 1.32761 1.00406 0.971898 0.93264
threshold=-0.041457608028104546 0.014265911701195141 0.031604632970007471 -0.1145350507864719 0.02269458794059194 0.55684754521963831 -0.16872427983539098 0.016879901891070633 1.2509178513846455 0.2577891795823975 0.35047188300911086 0.009377093267053712 0.015437699517930567 0.4826106722939712
decision_type=8 8 10 10 10 10 10 10 8 10 10 10 10 10
left_child=-1 6 5 -4 -5 -3 7 -2 9 10 13 -11 -10 -8
right_child=1 2 3 4 -6 -7 8 -9 12 11 -12 -13 -14 -15
leaf_value=0.00057141362830407164 0.0005293778796497629 -0.00057099465072797618 -2.0527342897872546e-05 0.0078994348316879601 0.00073189408859304552 -0.0023815597130383065 -0.00048876811353346095 0.0044456019708003008 0.00086711953038474357 0.0018396525857020127 0.0056177074630146054 -1.5849860625316418e-05 0.0051853117415971983 -0.0037838109297321201
leaf_weight=3104 3382 4338 4432 59 98 537 5443 137 355 636 56 1752 109 141
leaf_count=3104 3382 4338 4432 59 98 537 5443 137 355 636 56 1752 109 141
internal_value=1.18741e-12 -8.25922e-05 -0.000349647 9.73665e-05 0.00342543 -0.000770435 0.000127832 0.000681842 -0.000101744 -0.000216373 -0.000510513 0.000478329 0.00188152 -0.00057197
internal_weight=24579 21475 9464 4589 157 4875 12011 3519 8492 8028 5640 2388 464 5584
internal_count=24579 21475 9464 4589 157 4875 12011 3519 8492 8028 5640 2388 464 5584
is_linear=0
shrinkage=0.04


Tree=57
num_leaves=15
num_cat=0
split_feature=13 89 20 59 6 94 32 87 90 96 88 8 68 38
split_gain=0.70073 0.738544 0.91367 1.02123 0.723694 0.94192 0.687599 0.642989 0.59581 0.595363 0.587505 0.576087 1.02496 0.958123
threshold=0.051322075702549937 2.5272017633091663e-11 0.034989984680341674 816630629.54100013 -0.21472014316288404 1.0000000180025095e-35 -0.44293708226335804 0.576739532108134 1.7737191580498602e-11 0.57958656330749359 -0.14030645831370472 1.4614543623302987 5.9379691666666679 0.36710012609382309
decision_type=10 8 10 10 8 2 10 10 10 10 10 10 10 8
left_child=11 4 7 -4 8 6 -6 -3 -2 10 -5 12 13 -1
right_child=1 2 3 9 5 -7 -8 -9 -10 -11 -12 -13 -14 -15
leaf_value=-4.0844499325052203e-05 0.0034330141026479234 1.2557836560314292e-05 0.0071566662391726399 -0.00027604612324567924 0.0048914347693789755 -0.0016834868231597993 3.418872515305689e-05 0.0012901588454480432 -0.00094086150868400321 -0.0033217251224612649 0.0043886547220043015 -0.0026874040970511306 0.0021876407382754428 -0.0010325834112336557
leaf_weight=17096 157 1349 71 72 48 591 1635 1183 73 33 108 138 310 1715
leaf_count=17096 157 1349 71 72 48 591 1635 1183 73 33 108 138 310 1715
internal_value=-1.00776e-13 0.000406363 0.000850783 0.00300213 -9.34317e-05 -0.000309698 0.00017272 0.000609478 0.00204478 0.00161729 0.00252277 -0.000112251 -9.36661e-05 -0.000131261
internal_weight=24579 5320 2816 284 2504 2274 1683 2532 230 213 180 19259 19121 18811
internal_count=24579 5320 2816 284 2504 2274 1683 2532 230 213 180 19259 19121 18811
is_linear=0
shrinkage=0.04


Tree=58
num_leaves=15
num_cat=0
split_feature=32 59 46 58 25 44 47 35 32 30 20 24 25 41
split_gain=0.687814 0.931618 0.947112 0.81979 0.829349 0.781563 0.76458 0.946826 0.830818 1.21029 1.31653 1.45914 2.22242 2.10903
threshold=-0.49165044351249471 3734397985.1181674 0.31203825965494297 3433199435.3571253 0.026977718948351142 0.17411229566453443 -0.32822774612149003 -0.068757326103314073 -0.39830833724051834 -0.23242665953137751 0.032315000485200751 0.01988867247601573 0.022862805120456898 0.024798437846312086
decision_type=8 10 10 10 10 10 8 8 10 10 10 10 10 10
left_child=1 2 -1 6 5 -5 -2 -8 -9 -10 -11 12 -12 -14
right_child=3 -3 -4 4 -6 -7 7 8 9 10 11 -13 13 -15
leaf_value=0.0018773904172919274 -0.0041522386136597826 0.005077920353121974 -0.0019012823670756262 0.00047937312466561199 0.0031336652705067536 -0.0018931212777652151 0.00087898731853626553 -0.00082744344947579141 -0.0039336923700680985 -8.2116051836506575e-05 0.0014071653766457943 -0.00011350329405406337 0.017853282758822808 0.00080998118434633538
leaf_weight=332 70 91 156 298 72 873 1943 1963 122 15713 1526 1373 26 21
leaf_count=332 70 91 156 298 72 873 1943 1963 122 15713 1526 1373 26 21
internal_value=3.72611e-13 0.00136232 0.000669454 -3.2866e-05 -0.00103316 -0.00128936 2.17706e-05 3.46494e-05 -4.44361e-05 3.74043e-05 6.33689e-05 0.000839338 0.00167103 0.0102382
internal_weight=24579 579 488 24000 1243 1171 22757 22687 20744 18781 18659 2946 1573 47
internal_count=24579 579 488 24000 1243 1171 22757 22687 20744 18781 18659 2946 1573 47
is_linear=0
shrinkage=0.04


Tree=59
num_leaves=15
num_cat=0
split_feature=53 68 67 25 59 32 57 20 42 58 74 20 40 42
split_gain=0.651861 0.941604 1.03683 0.988011 1.4586 1.20449 0.969259 0.984637 1.35216 0.954899 1.36786 1.26566 0.887588 0.805858
threshold=1.5446285852402293 4.8255616666666672 4.6648137500000004 0.025446754426811644 2857932306.9169173 -0.24770225762864537 4206520563.0545001 0.043741792011948409 0.2110432931480847 1139422407.6343753 0.43701049486025262 0.041189602650924063 -0.086718027943777962 -0.06527071442361991
decision_type=10 10 10 10 10 10 10 10 10 10 10 10 10 8
left_child=1 2 6 5 -5 9 7 -1 13 11 -11 -3 -6 -9
right_child=-2 3 -4 4 12 -7 -8 8 -10 10 -12 -13 -14 -15
leaf_value=7.0152786669041118e-06 -0.0033791794425265475 0.0069128470905125139 -0.0019789006370913736 -0.0033440465569224056 -0.0038542796566616746 -0.0017497823581910663 -0.0017227856442337929 -0.0015310756620866331 -0.00073807755451595698 0.0010707356681189872 0.009882614576568206 -0.0003447771036364841 0.0036367869504327181 0.0068954109914529209
leaf_weight=22178 91 140 434 166 32 124 514 22 104 466 30 53 121 104
leaf_count=22178 91 140 434 166 32 124 514 22 104 466 30 53 121 104
internal_value=1.30967e-12 1.25574e-05 -4.20488e-05 0.00113922 -0.000747327 0.00187945 -5.37684e-06 3.40175e-05 0.00263773 0.00253261 0.00160371 0.00491982 0.00207003 0.00542412
internal_weight=24579 24488 23356 1132 319 813 22922 22408 230 689 496 193 153 126
internal_count=24579 24488 23356 1132 319 813 22922 22408 230 689 496 193 153 126
is_linear=0
shrinkage=0.04


Tree=60
num_leaves=15
num_cat=0
split_feature=42 8 17 8 50 85 67 32 48 55 58 66 38 87
split_gain=0.645794 1.76474 1.7011 0.839804 0.883467 0.816413 0.965508 1.15141 1.30026 1.05561 1.03195 1.24267 0.830683 0.789894
threshold=-0.0013896451836031829 0.43280112115435015 0.051519040841138265 0.042817775930292908 -0.46504941062931704 0.57416219034777827 3.3193925000000002 -0.26733185674165427 -0.18590287254072171 406036193.35400003 1034845508.50425 3.8251025000000003 0.0074863272207553741 -0.65570806631994649
decision_type=8 8 8 8 8 10 10 8 10 10 10 10 10 8
left_child=1 2 5 -2 -5 6 7 8 -1 -9 -8 12 -12 -6
right_child=3 -3 -4 4 13 -7 10 9 -10 -11 11 -13 -14 -15
leaf_value=0.0011613694926294032 -0.00078101693630059862 0.0027688749790866175 0.0064392981002011395 0.0069538717588474011 -0.00082222932138351123 -0.0004284847669751567 0.0060969833344147028 0.00016933124383545613 -0.00069419785727606461 0.0018040817735186943 0.0023902749576676717 -0.00097187454769888371 0.010055114173019925 0.0001021430847215527
leaf_weight=789 2889 425 68 29 1740 3220 88 1491 2580 1097 92 177 30 9864
leaf_count=789 2889 425 68 29 1740 3220 88 1491 2580 1097 92 177 30 9864
internal_value=6.34223e-13 0.000246379 0.000135077 -0.000170626 -1.90387e-05 9.02542e-05 0.000353549 0.000227772 -0.000259635 0.000862268 0.00228959 0.00116902 0.00427507 -3.6465e-05
internal_weight=24579 10057 9632 14522 11633 9564 6344 5957 3369 2588 387 299 122 11604
internal_count=24579 10057 9632 14522 11633 9564 6344 5957 3369 2588 387 299 122 11604
is_linear=0
shrinkage=0.04


Tree=61
num_leaves=15
num_cat=0
split_feature=6 17 88 31 59 25 86 41 32 91 68 76 52 64
split_gain=0.643128 1.18093 0.971964 0.88599 1.35276 1.34221 1.9435 1.72829 2.46945 1.38554 1.29877 1.09635 1.07144 1.73504
threshold=-0.080009583133684656 0.034205825802642517 2.4903844376527977 -0.21623959599738149 1440467361.6005836 0.022045262347281339 -0.057496553742027237 0.029306334134018956 -0.28188039461341352 1.0000000180025095e-35 3.481018333333334 0.66824160689263135 0.17153457637675865 4.9104300000000007
decision_type=8 10 10 10 10 10 10 10 10 2 10 10 10 10
left_child=1 -1 -3 4 10 -5 9 8 -8 -7 12 -9 13 -2
right_child=3 2 -4 5 -6 6 7 11 -10 -11 -12 -13 -14 -15
leaf_value=0.00012984913112705563 -0.0001487735575430793 0.0015162141816017325 0.010437836621887981 -4.3616706080585429e-05 -0.0016946785780139451 0.0023058155686312325 -0.001934551702113822 0.0014071833479802811 0.015142626024427869 -0.0055922292126342659 0.001954793344934494 0.0083474890005198268 -0.0017105379968966508 0.0073418782256981906
leaf_weight=5339 1655 846 20 13646 1311 66 20 274 42 77 405 42 785 51
leaf_count=5339 1655 846 20 13646 1311 66 20 274 42 77 405 42 785 51
internal_value=-1.77852e-13 0.000352093 0.00172226 -0.000118904 -0.000628616 3.24593e-05 0.00202504 0.00352768 0.00963386 -0.00194698 -0.000146017 0.00232963 -0.000487578 7.51557e-05
internal_weight=24579 6205 866 18374 4207 14167 521 378 62 143 2896 316 2491 1706
internal_count=24579 6205 866 18374 4207 14167 521 378 62 143 2896 316 2491 1706
is_linear=0
shrinkage=0.04


Tree=62
num_leaves=15
num_cat=0
split_feature=13 59 20 90 32 55 58 8 88 76 47 87 24 85
split_gain=0.619766 0.651997 1.04836 0.872956 1.03814 0.807884 0.629996 0.962705 0.60472 0.688036 0.594698 0.585761 0.55918 1.09665
threshold=0.051322075702549937 1440467361.6005836 0.034843849910953836 1.1768154495109343e-11 -0.44293708226335804 457392067.97200006 524277077.35975003 0.29870129870129863 -0.30816752848679779 -0.39937933480367394 -0.17104384524984015 -0.89400927955978415 0.014265911701195141 -0.85350790942998811
decision_type=10 10 10 8 10 10 10 10 8 10 8 10 8 8
left_child=12 2 6 4 -3 -4 7 10 -5 -10 -2 -7 -1 -14
right_child=1 3 5 8 -6 11 -8 -9 9 -11 -12 -13 13 -15
leaf_value=8.0620033349739959e-05 0.0024847062375491199 0.0052189490583765766 0.008223322277536263 0.00086956202708312019 8.7097753711252234e-05 -0.0032397637227850572 -6.9598492906273652e-05 0.0076682272523997683 0.00012956326585324691 -0.0031137022915872534 0.00049294401404486644 0.0025103947371378078 -0.0019318620275018755 -0.00021986477240862245
leaf_weight=11029 295 69 37 139 734 31 1875 34 151 341 1283 331 650 7580
leaf_count=11029 295 69 37 139 734 31 1875 34 151 341 1283 331 650 7580
internal_value=-1.86566e-12 0.000382167 0.000651165 -0.000346794 0.000528066 0.00259341 0.000428924 0.00100878 -0.00146013 -0.00211831 0.000865295 0.00201798 -0.000105568 -0.000355077
internal_weight=24579 5320 3886 1434 803 399 3487 1612 631 492 1578 362 19259 8230
internal_count=24579 5320 3886 1434 803 399 3487 1612 631 492 1578 362 19259 8230
is_linear=0
shrinkage=0.04


Tree=63
num_leaves=15
num_cat=0
split_feature=86 18 96 8 25 55 44 23 68 86 86 32 8 31
split_gain=0.601379 0.762455 0.758918 1.62764 0.915423 1.61192 0.983858 0.817469 0.784422 0.73751 0.721137 1.00394 0.90887 0.994178
threshold=0.76139006683584254 0.04699685725612146 0.38611111111111118 0.33203107116150604 0.0094517737683255509 521299480.41899997 0.16129032258064527 0.011778998011189616 3.1644408333333338 0.13379791313059386 0.015122970323331689 -0.49165044351249471 -0.40931529016091595 -0.21623959599738149
decision_type=8 10 10 10 8 10 10 10 10 10 10 8 10 10
left_child=2 -2 3 8 5 7 -6 -4 -1 -7 11 -8 -12 -14
right_child=1 -3 4 -5 6 9 10 -9 -10 -11 12 -13 13 -15
leaf_value=0.0005936825683710296 -0.00032148350839718314 -0.0068234612304588849 -9.163493834876136e-05 0.0083149220897479267 0.00055373638149006955 0.005411791674419051 0.0038466853264253588 0.0039128857606163855 0.0066587901903050282 0.0017024115447901069 0.0017695043044899921 -0.00067186506566048194 -0.00081621879807801292 0.00021925246553866951
leaf_weight=1355 5830 29 976 47 3399 157 80 89 35 189 451 4744 2091 5107
leaf_count=1355 5830 29 976 47 3399 157 80 89 35 189 451 4744 2091 5107
internal_value=1.8086e-12 -0.000353666 0.000110691 0.000993945 3.72522e-05 0.00101362 -4.95456e-05 0.000243015 0.000746401 0.00338557 -0.000213945 -0.000596931 2.75925e-05 -8.15492e-05
internal_weight=24579 5859 18720 1437 17283 1411 15872 1065 1390 346 12473 4824 7649 7198
internal_count=24579 5859 18720 1437 17283 1411 15872 1065 1390 346 12473 4824 7649 7198
is_linear=0
shrinkage=0.04


Tree=64
num_leaves=15
num_cat=0
split_feature=42 8 17 5 7 8 51 32 19 57 88 24 24 17
split_gain=0.589082 1.59739 1.19186 0.786946 0.970147 0.780026 0.768581 0.946998 0.991724 1.03726 0.919447 0.906743 0.890085 0.837029
threshold=-0.0013896451836031829 0.24896328562118811 0.056579431182459353 0.16424109382302124 0.073710915963029047 0.042817775930292908 0.26410681738349756 -0.26285366646312658 0.039762098318567786 2881521082.4362502 0.97995400048287851 0.013724510313421055 0.024433464842045755 0.048455032599630958
decision_type=8 8 10 10 10 8 8 8 10 8 10 10 10 10
left_child=1 2 -1 4 -3 -2 -7 8 10 -10 -8 13 -11 -9
right_child=5 3 -4 -5 -6 6 7 11 9 12 -12 -13 -14 -15
leaf_value=8.0954048166074425e-05 -0.00075122786298324556 0.0017162502821918158 0.0091976902431443984 -0.00042416405679071193 0.0055061014510596855 0.00011339233876644301 0.0045288154496845078 8.4399747669864408e-06 -0.0029575261754667659 0.0030971200666882522 -0.00030256936667840285 -0.0028733492517799969 -0.0035885188988474914 -0.005875908438382405
leaf_weight=9388 2889 342 23 146 158 10024 138 489 191 123 116 467 43 42
leaf_count=9388 2889 342 23 146 158 10024 138 489 191 123 116 467 43 42
internal_value=-1.98348e-13 0.000235312 0.000103235 0.00215943 0.00291384 -0.000162962 -1.68692e-05 -0.000828393 0.000411834 -0.000947474 0.00232236 -0.00158769 0.0013653 -0.000456989
internal_weight=24579 10057 9411 646 500 14522 11633 1609 611 357 254 998 166 531
internal_count=24579 10057 9411 646 500 14522 11633 1609 611 357 254 998 166 531
is_linear=0
shrinkage=0.04


Tree=65
num_leaves=15
num_cat=0
split_feature=39 38 32 92 8 21 23 57 19 42 25 66 42 32
split_gain=0.58024 0.627202 1.05008 0.882324 0.847848 0.903597 0.847076 0.736907 1.36001 0.995577 0.918083 1.22364 0.93266 1.13016
threshold=-0.048065739453066629 0.29747531917322007 -0.27566652566266764 1.0000000180025095e-35 0.069335113586813893 0.041194174617891328 0.022823435063784765 660344524.80375004 0.028620260532997543 -0.023660801533933514 0.015576488234846012 2.1850375000000004 -0.10422788682165716 -0.3280735703339685
decision_type=8 8 8 2 8 10 10 10 10 10 10 10 10 10
left_child=-1 4 3 -3 5 7 -4 8 9 10 11 12 -2 -14
right_child=1 2 6 -5 -6 -7 -8 -9 -10 -11 -12 -13 13 -15
leaf_value=0.00054061258818956226 0.0015060268681502617 0.0074833256052806978 -0.00057895155853372553 0.00060871160523626308 0.00031337594663155793 0.005852499671566945 -0.002432459498088829 -0.00070182172471948195 0.0021336379416251449 -0.00077951915077096603 -0.001011365738332455 0.0055196673455708599 -0.0047831703443505409 0.00014849148641982957
leaf_weight=2813 896 32 1778 449 8364 39 507 3709 446 2477 756 77 77 2159
leaf_count=2813 896 32 1778 449 8364 39 507 3709 446 2477 756 77 77 2159
internal_value=-7.57191e-13 -6.98678e-05 -0.00063263 0.00106607 1.20585e-05 -0.000224893 -0.000990211 -0.00024726 -2.49063e-06 -0.000150382 0.000242651 0.000538081 0.00041561 -2.13377e-05
internal_weight=24579 21766 2766 481 19000 10636 2285 10597 6888 6442 3965 3209 3132 2236
internal_count=24579 21766 2766 481 19000 10636 2285 10597 6888 6442 3965 3209 3132 2236
is_linear=0
shrinkage=0.04


Tree=66
num_leaves=15
num_cat=0
split_feature=6 17 31 85 52 58 16 31 20 7 32 20 31 92
split_gain=0.565963 1.06651 0.924034 0.777105 0.746556 0.736166 1.39662 0.915171 1.40139 1.75695 1.53395 1.41561 1.75839 1.22534
threshold=-0.080009583133684656 0.034205825802642517 -0.20990809779359618 -0.31316709542089288 0.068330055603503262 621136230.91025007 0.019517384906788896 -0.22212007093236466 0.031875449723522242 0.28773687602980696 -0.1836863357941749 0.041588074381380659 -0.15846698507943388 1.0000000180025095e-35
decision_type=8 10 10 10 10 10 10 10 10 10 10 10 10 2
left_child=1 3 -3 4 -1 6 -2 -7 -9 10 11 -10 -13 -11
right_child=5 2 -4 -5 -6 7 -8 8 9 13 -12 12 -14 -15
leaf_value=0.0013598253399994195 -0.00028209684595096256 0.0013764510401768357 0.008302809041924774 -0.00017585594402765497 -0.00091475778656394547 -0.0010214152023944772 0.00070211245402869286 -0.00055716669345110134 0.0007109844818402461 0.0039916791842371877 0.0072614933305148836 0.00209074261383937 0.010774757066073845 -0.00068889174596730785
leaf_weight=1164 5450 834 32 3887 288 2500 4000 4147 766 97 79 126 53 1156
leaf_count=1164 5450 834 32 3887 288 2500 4000 4147 766 97 79 126 53 1156
internal_value=-8.06567e-13 0.000330296 0.00163239 0.000119092 0.000908668 -0.000111543 0.0001345 -0.000372087 -0.000119391 0.00067791 0.001907 0.00145938 0.00466199 -0.000326549
internal_weight=24579 6205 866 5339 1452 18374 9450 8924 6424 2277 1024 945 179 1253
internal_count=24579 6205 866 5339 1452 18374 9450 8924 6424 2277 1024 945 179 1253
is_linear=0
shrinkage=0.04


Tree=67
num_leaves=15
num_cat=0
split_feature=32 90 89 58 47 20 90 8 56 25 90 68 31 98
split_gain=0.559355 0.813493 0.715767 0.677833 0.670781 0.765445 1.277 1.22119 1.23529 1.28462 1.05502 1.29566 1.03236 1.2414
threshold=-0.49165044351249471 8.4521493416220794e-12 2.1208260811093298e-11 3433199435.3571253 -0.32822774612149003 0.032315000485200751 1.2759652498452915e-11 -0.20587496183897772 548565776.20000017 0.016782253293978634 3.808778025133707e-11 1.1358283333333337 -0.11243964003511857 0.39767441860465119
decision_type=8 10 10 10 8 10 10 8 10 10 10 8 10 10
left_child=1 -1 -3 4 -2 10 -7 -8 9 -9 11 -6 13 -10
right_child=3 2 -4 -5 5 6 7 8 12 -11 -12 -13 -14 -15
leaf_value=0.0050005142475202788 -0.0038895577362605504 -0.00057755573478252551 0.0025253135767789228 -0.00093921174836076205 0.00024787812796973392 0.0027900671973690545 -0.002779629841151638 -0.0018268657540902494 -0.0033141726932869888 0.0036998530747707724 0.00029787472283426749 -0.00064073801086477757 0.0036227848624327671 0.00024871899101118467
leaf_weight=79 70 305 195 1243 4128 365 194 85 166 323 7354 7212 135 2725
leaf_count=79 70 305 195 1243 4128 365 194 85 166 323 7354 7212 135 2725
internal_value=-2.01188e-12 0.00122854 0.000632563 -2.96384e-05 2.0043e-05 3.21059e-05 0.00053483 0.000307939 0.000482368 0.00254845 -7.5275e-05 -0.000317263 0.000203795 4.41393e-05
internal_weight=24579 579 500 24000 22757 22687 3993 3628 3434 408 18694 11340 3026 2891
internal_count=24579 579 500 24000 22757 22687 3993 3628 3434 408 18694 11340 3026 2891
is_linear=0
shrinkage=0.04


Tree=68
num_leaves=15
num_cat=0
split_feature=34 24 85 31 23 8 76 42 25 90 42 8 68 20
split_gain=0.556126 0.568467 0.988387 0.863718 1.03194 0.929332 0.889487 1.23105 0.894542 0.88062 0.852304 0.842531 1.163 0.812227
threshold=-0.040052768366458151 0.014265911701195141 -0.82982916586997024 -0.16872427983539098 0.016214655668483978 1.2509178513846455 0.24887279304487622 0.35047188300911086 0.009377093267053712 2.9633607039828029e-11 0.37790433295103659 0.4826106722939712 3.6613675000000003 0.03277190559248714
decision_type=8 8 8 10 10 8 10 10 10 10 8 10 10 10
left_child=-1 3 -3 4 9 6 7 11 -8 -2 -7 12 -5 -11
right_child=1 2 -4 5 -6 10 8 -9 -10 13 -12 -13 -14 -15
leaf_value=0.00048332041986691519 -0.00020323230242504231 -0.0016439525843325775 -0.00018185077008295081 -0.00051477074731522121 0.0035277242743146217 0.002573655025335029 0.001706374066293703 0.0054112361501237119 -3.5417879980267077e-05 0.00099925776202398919 -0.0014831061554694449 -0.0036241641208335168 0.0072552679875685323 0.0084099182036394878
leaf_weight=3298 1594 810 8531 5348 187 356 644 56 1764 1689 108 139 31 24
leaf_count=3298 1594 810 8531 5348 187 356 644 56 1764 1689 108 139 31 24
internal_value=9.45183e-13 -7.49021e-05 -0.000308636 0.000107955 0.000636897 -0.000110862 -0.000212025 -0.000489561 0.00043041 0.00047343 0.00162941 -0.000549445 -0.000469991 0.00110308
internal_weight=24579 21281 9341 11940 3494 8446 7982 5574 2408 3307 464 5518 5379 1713
internal_count=24579 21281 9341 11940 3494 8446 7982 5574 2408 3307 464 5518 5379 1713
is_linear=0
shrinkage=0.04


Tree=69
num_leaves=15
num_cat=0
split_feature=13 59 20 90 6 58 86 42 41 58 8 38 94 42
split_gain=0.53633 0.589456 0.928629 0.791332 1.00203 0.709852 0.759836 0.61945 0.557371 0.547938 0.86836 0.567216 0.53869 0.774024
threshold=0.051322075702549937 1440467361.6005836 0.034843849910953836 2.773023741635336e-11 -0.2222088191931377 658229071.98712516 -0.10956789960504858 -0.15673246929672954 -0.08356314448936196 524277077.35975003 0.29870129870129863 -0.25044763056253394 1.0000000180025095e-35 0.41686917338804425
decision_type=10 10 10 8 10 10 10 10 10 10 10 8 2 8
left_child=-1 2 9 4 7 -4 -7 -3 -8 10 11 -2 -6 -14
right_child=1 3 5 -5 12 6 8 -9 -10 -11 -12 -13 13 -15
leaf_value=-9.82048004270758e-05 0.0070422728841557447 0.0092094101458787912 0.0094234586964276699 -0.0046499122730277193 6.6292047266627849e-05 0.0050616595286956745 0.00431215099382004 0.0017717805270614578 1.1755041434742888e-05 -6.2804414994704227e-05 0.0072676175623714433 0.00071438969074863749 -0.0030585573089819303 0.00048872325554655141
leaf_weight=19259 23 20 22 65 758 98 62 172 217 1875 34 1555 261 158
leaf_count=19259 23 20 22 65 758 98 62 172 217 1875 34 1555 261 158
internal_value=-4.81814e-13 0.000355512 0.000611285 -0.000337605 -0.000132857 0.00243926 0.00203169 0.00254653 0.000967399 0.000402119 0.000942895 0.000806621 -0.000569937 -0.00172092
internal_weight=24579 5320 3886 1434 1369 399 377 192 279 3487 1612 1578 1177 419
internal_count=24579 5320 3886 1434 1369 399 377 192 279 3487 1612 1578 1177 419
is_linear=0
shrinkage=0.04


Tree=70
num_leaves=15
num_cat=0
split_feature=86 57 42 16 8 88 32 31 32 67 29 54 94 24
split_gain=0.531643 0.662826 0.662324 1.24314 1.03685 1.10303 0.880685 1.02979 1.28239 0.969022 1.14087 1.01754 1.00534 0.89774
threshold=0.76139006683584254 2808125208.3015003 -0.0013896451836031829 0.052778021604008234 0.43280112115435015 1.2843694346762971 -0.26733185674165427 -0.20008975772567281 -0.26608930161873967 3.3193925000000002 0.021477054812819942 0.095244016532253353 1.0000000180025095e-35 0.017159234750200539
decision_type=8 10 8 10 8 10 10 10 10 10 10 10 2 10
left_child=2 -2 3 4 6 -6 9 13 -9 11 -11 12 -1 -8
right_child=1 -3 -4 -5 5 -7 7 8 -10 10 -12 -13 -14 -15
leaf_value=0.00068160147803298808 -0.00028781798136675376 -0.0043809413503913671 -9.6633805857860593e-05 0.004234858651144543 0.0018351119967530485 0.010160442420414514 0.0028918172818416287 0.0058887117118998009 0.00023861803755000665 0.0041220922571268267 -4.5083989143921103e-05 -0.00092224306889308872 -0.003107911537512983 -0.0016243098074997628
leaf_weight=1508 5795 64 10937 132 281 28 499 66 2456 176 261 2173 121 82
leaf_count=1508 5795 64 10937 132 281 28 499 66 2456 176 261 2173 121 82
internal_value=-1.19828e-12 -0.000332529 0.000104075 0.00038612 0.000319719 0.00258951 0.000224191 0.000736231 0.000386479 -0.000150629 0.00163323 -0.000355665 0.000400121 0.00225443
internal_weight=24579 5859 18720 7783 7651 309 7342 3103 2522 4239 437 3802 1629 581
internal_count=24579 5859 18720 7783 7651 309 7342 3103 2522 4239 437 3802 1629 581
is_linear=0
shrinkage=0.04


Tree=71
num_leaves=15
num_cat=0
split_feature=53 68 25 59 32 67 57 22 38 31 20 20 23 8
split_gain=0.5294 0.816658 0.888379 1.19866 0.995047 0.84966 0.8024 0.846727 0.914077 0.995678 1.20214 1.21092 1.0781 1.21983
threshold=1.5446285852402293 4.8255616666666672 0.025446754426811644 2857932306.9169173 -0.24770225762864537 4.6648137500000004 4206520563.0545001 0.014639895594820245 -0.23315915675636936 -0.22212007093236466 0.042813135743116522 0.041189602650924063 0.020950624378021445 0.037317750898986597
decision_type=10 10 10 10 10 10 10 10 8 8 10 10 8 8
left_child=1 5 4 -4 -3 6 7 -1 -9 -10 11 12 -11 -14
right_child=-2 2 3 -5 -6 -7 -8 8 9 10 -12 -13 13 -15
leaf_value=-0.00013188677104872625 -0.0030452705128630117 0.002356144440511927 -0.0030823149759440223 0.0018256642945336018 -0.0015361575430377402 -0.0017928715858478792 -0.0015689458745387463 0.0034812616915688762 -0.00032757682347077751 0.00034007336744867244 0.0069932598903930431 -0.0044100231851140663 0.0042503737290260487 0.0010595110546308163
leaf_weight=15661 91 689 166 153 124 434 514 151 2347 3073 48 75 252 801
leaf_count=15661 91 689 166 153 124 434 514 151 2347 3073 48 75 252 801
internal_value=-4.62291e-13 1.13165e-05 0.00106057 -0.000728331 0.00176248 -3.95377e-05 -6.34048e-06 2.95029e-05 0.000404117 0.000333673 0.000698925 0.000627007 0.000718567 0.00182314
internal_weight=24579 24488 1132 319 813 23356 22922 22408 6747 6596 4249 4201 4126 1053
internal_count=24579 24488 1132 319 813 23356 22922 22408 6747 6596 4249 4201 4126 1053
is_linear=0
shrinkage=0.04


Tree=72
num_leaves=15
num_cat=0
split_feature=94 23 48 24 21 24 73 58 20 92 58 8 7 32
split_gain=0.50493 0.987247 0.907103 0.777332 0.774778 0.755022 0.613302 0.569647 1.00793 1.22964 1.52459 1.65292 1.34907 1.9233
threshold=2.5000000000000004 0.029386159585410333 -0.29961330691228216 0.023804616159560147 0.034407495200649833 0.026747949448876387 -0.30376285564724809 3091659411.9775004 0.032315000485200751 1.5000000000000002 2021580015.9073751 -0.20587496183897772 0.25406261329609042 -0.20883873241504888
decision_type=2 10 8 10 10 10 10 10 10 2 10 8 10 10
left_child=1 2 -1 4 7 -2 -7 8 -4 10 11 -10 13 -13
right_child=5 -3 3 -5 -6 6 -8 -9 9 -11 -12 12 -14 -15
leaf_value=0.0016750632051878256 0.0036513834961239972 -0.0018940640890250835 -9.7711597668466394e-05 -0.0014408407126178368 0.001488268315382949 0.0068167622742198765 -0.00025344730782990909 -0.0010354651367368967 -0.0035651155912536916 -0.00031773148605231105 0.0042847554965639396 0.0014983303815754049 -0.0013260762120427733 0.0095121671617031094
leaf_weight=512 149 444 18128 606 554 21 301 860 123 1173 244 1150 264 50
leaf_count=512 149 444 18128 606 554 21 301 860 123 1173 244 1150 264 50
internal_value=-1.41707e-13 -2.5341e-05 9.72126e-06 -2.71073e-05 1.08916e-05 0.00129707 0.000207653 -2.6325e-05 1.47435e-05 0.000693368 0.00134111 0.000888529 0.00126271 0.00183224
internal_weight=24579 24108 23664 23152 22546 471 322 21992 21132 3004 1831 1587 1464 1200
internal_count=24579 24108 23664 23152 22546 471 322 21992 21132 3004 1831 1587 1464 1200
is_linear=0
shrinkage=0.04


Tree=73
num_leaves=15
num_cat=0
split_feature=38 66 17 8 42 23 57 8 68 28 68 87 6 87
split_gain=0.484222 0.985382 1.2286 0.78411 1.02171 1.24573 0.935152 0.916489 0.865371 0.795343 0.760417 0.727518 0.842356 1.07907
threshold=-0.1231636033760075 1.0414800000000002 0.034544342380267205 -0.069317866173984707 -0.010919373738920933 0.023215943404701813 665527436.8127501 -0.069317866173984707 2.4203200000000007 0.027162579846958673 0.93803666666666674 -0.34905555963953122 0.020045716037226161 0.576739532108134
decision_type=8 10 10 8 8 10 10 10 10 10 10 8 8 10
left_child=1 -1 -3 6 5 7 -2 10 -7 -8 -5 -6 13 -13
right_child=3 2 -4 4 11 8 9 -9 -10 -11 -12 12 -14 -15
leaf_value=0.0018363938890300681 -6.3117636060266617e-05 -0.00038845312965061428 0.0025547431268435165 0.00078994404248001365 -0.0005969856647427994 -0.00068305649053813379 -0.0015231378971575279 0.00031045778714418131 0.0070153082441538573 0.001612237045402698 0.0045901773730292915 -0.00016374983329928852 -0.00024642646667911116 0.0010866143456751169
leaf_weight=673 2588 1545 266 189 3553 33 1580 3462 80 141 152 2132 5894 2291
leaf_count=673 2588 1545 266 189 3553 33 1580 3462 80 141 152 2132 5894 2291
internal_value=-9.52318e-13 0.000529507 4.38441e-05 -5.95291e-05 5.77581e-05 0.000628318 -0.000543648 0.000505341 0.00476711 -0.00126626 0.00248389 -0.000103332 6.66745e-05 0.000483907
internal_weight=24579 2484 1811 22095 17786 3916 4309 3803 113 1721 341 13870 10317 4423
internal_count=24579 2484 1811 22095 17786 3916 4309 3803 113 1721 341 13870 10317 4423
is_linear=0
shrinkage=0.04


Tree=74
num_leaves=15
num_cat=0
split_feature=22 38 55 20 32 41 5 21 32 25 24 42 57 29
split_gain=0.479689 0.832816 0.856774 0.837736 0.79272 1.12459 0.772048 0.72232 0.657737 0.824267 2.64144 0.847164 0.742011 0.806901
threshold=0.014516451399692485 -0.23315915675636936 429658183.33800012 0.035185157052869398 -0.14947253879831687 0.056405613809092266 inf 0.00050055412167983771 -0.33677399708951222 0.022862805120456898 0.018516498296413279 -0.10422788682165716 660344524.80375004 0.0088458025901923011
decision_type=10 8 10 10 10 10 8 10 10 10 10 8 10 10
left_child=8 -2 3 4 -3 -6 7 -4 -1 11 -11 12 13 -10
right_child=1 2 6 -5 5 -7 -8 -9 9 10 -12 -13 -14 -15
leaf_value=-0.00071265255766152734 0.0029976568070492777 0.00057256950920981688 -0.0027631021759418005 0.0068329522481713548 0.00056108503210866318 0.0073546251085187713 0.0044026626473928372 1.6866030688521939e-05 -0.00029392090023657873 0.015170174278318882 -5.1687539212013549e-05 -0.00015657724685885983 -0.00057663069205925665 0.0021129077373563221
leaf_weight=2589 172 1318 153 39 88 70 63 6621 315 24 76 11871 418 762
leaf_count=2589 172 1318 153 39 88 70 63 6621 315 24 76 11871 418 762
internal_value=3.4865e-13 0.000242517 0.000185778 0.00104642 0.000893527 0.00357088 -4.93153e-06 -4.59233e-05 -0.000128758 -1.64974e-05 0.00360156 -4.35665e-05 0.000853792 0.00140896
internal_weight=24579 8524 8352 1515 1476 158 6837 6774 16055 13466 100 13366 1495 1077
internal_count=24579 8524 8352 1515 1476 158 6837 6774 16055 13466 100 13366 1495 1077
is_linear=0
shrinkage=0.04


Tree=75
num_leaves=15
num_cat=0
split_feature=94 94 24 50 20 66 20 31 8 58 68 20 7 32
split_gain=0.473183 0.705202 0.915566 0.907592 0.901129 0.681831 0.679932 1.1238 1.25282 0.899084 0.838124 0.818354 0.944715 2.35845
threshold=4.5000000000000009 2.5000000000000004 0.023804616159560147 -0.25780620666270876 0.04444666070201566 4.9474475000000009 0.042813135743116522 -0.20811115397892258 1.2509178513846455 3091659411.9775004 3.7947275000000005 0.032315000485200751 0.28773687602980696 -0.1836863357941749
decision_type=2 2 10 8 8 10 10 10 10 10 10 10 10 10
left_child=1 2 6 4 -4 -6 9 -8 10 11 -9 -1 13 -13
right_child=-2 -3 3 -5 5 -7 7 8 -10 -11 -12 12 -14 -15
leaf_value=-6.1859637425537827e-05 -0.0060017676722435723 0.0015740302135036069 -0.0011903708806460013 -0.0023924866930054673 0.0047922454824608366 -0.00029639298871188659 -0.00023888521961354462 0.01119140271629606 -0.0013642269055546624 -0.001365258923330073 0.0037603424370919909 0.00081467495246749695 -0.00055960486948625004 0.0081681619077506994
leaf_weight=18591 21 450 340 509 89 80 332 28 72 755 183 2268 789 72
leaf_count=18591 21 450 340 509 89 80 332 28 72 755 183 2268 789 72
internal_value=-1.19566e-12 5.13222e-06 -2.41528e-05 -0.00119814 -3.78721e-06 0.00238342 2.76062e-05 0.00133978 0.00319179 -8.29992e-06 0.00474645 3.88688e-05 0.000637348 0.00104094
internal_weight=24579 24558 24108 1018 509 169 23090 615 283 22475 211 21720 3129 2340
internal_count=24579 24558 24108 1018 509 169 23090 615 283 22475 211 21720 3129 2340
is_linear=0
shrinkage=0.04


Tree=76
num_leaves=15
num_cat=0
split_feature=86 31 31 44 58 29 52 19 23 85 32 31 20 18
split_gain=0.463761 0.63439 0.998826 0.788959 0.615796 1.56151 1.36922 1.63746 1.01961 0.961654 1.01854 1.09684 1.36888 0.985442
threshold=0.76139006683584254 -0.081413637072866238 -0.078811040908117344 0.16479853255294297 533136652.35687506 0.018112907094476917 0.33738209314981044 0.027746762047894384 0.019045781087708904 -0.707765121639921 -0.1797816637512071 -0.11702793012441047 0.026817363838841691 0.049382984747329974
decision_type=8 10 10 10 10 10 10 10 10 10 10 10 10 10
left_child=1 3 -3 -1 5 -5 7 -7 -9 13 11 -11 -13 -6
right_child=-2 2 -4 4 9 6 -8 8 -10 10 -12 12 -14 -15
leaf_value=0.00051899496870762036 -0.00031057491903633205 0.0031500180733881589 0.00030898933323151391 4.8087542081459672e-05 -0.0020723992495236734 0.012443694286048412 -0.0027746110466324676 0.0015443666473369604 0.007505205596907664 -0.00015765131194575024 -0.001373321292748882 -0.00032766891082321284 0.0038880482156448681 0.0065385027661580934
leaf_weight=4221 5859 271 735 4675 636 32 59 207 59 6294 1016 244 249 22
leaf_count=4221 5859 271 735 4675 636 32 59 207 59 6294 1016 244 249 22
internal_value=-1.63809e-12 9.7204e-05 0.00107432 4.17126e-05 -0.000107595 0.000242805 0.00279268 0.00389493 0.00286651 -0.000315988 -0.000192154 -1.53359e-05 0.00180157 -0.0017845
internal_weight=24579 18720 1006 17714 13493 5032 357 298 266 8461 7803 6787 493 658
internal_count=24579 18720 1006 17714 13493 5032 357 298 266 8461 7803 6787 493 658
is_linear=0
shrinkage=0.04


Tree=77
num_leaves=15
num_cat=0
split_feature=4 32 19 48 47 65 88 87 58 32 54 32 91 86
split_gain=0.462251 0.683445 0.768483 0.552923 0.880442 0.851787 0.685643 0.629991 0.609507 0.721539 0.545546 0.613795 0.540275 0.695356
threshold=0.17894082679056891 -0.26009828759523512 0.034456386642041668 -0.29961330691228216 -0.32822774612149003 6.3514300000000015 5.0046925427542144 -0.2081492885384271 363006981.84187502 -0.19356850439633053 0.15577304872501366 -0.20690215716996421 2.5000000000000004 0.084024941990560306
decision_type=8 8 10 10 8 10 8 10 10 8 10 10 2 10
left_child=3 -2 -3 4 -1 7 12 -6 9 -8 -10 -12 -5 -14
right_child=1 2 -4 6 5 -7 8 -9 10 -11 11 -13 13 -15
leaf_value=-0.0027123067710393416 0.00022909586453301504 -0.00088175366611840478 -0.0040818053526900612 3.3115971150956016e-05 -0.00027226864082553282 0.0068079765019721759 0.0028112486338429154 0.0018865136805237747 -0.0023864065907167912 -0.00071615047081023577 0.0016201629756682819 -0.0023440687187532014 -0.0017820114766558012 0.0035161058814342965
leaf_weight=96 631 545 154 20755 354 43 125 556 503 360 143 111 54 149
leaf_count=96 631 545 154 20755 354 43 125 556 503 360 143 111 54 149
internal_value=-9.9943e-13 -0.000725259 -0.00158677 4.14897e-05 0.000938875 0.00130668 -9.13774e-07 0.00104672 -0.000914073 0.000192973 -0.00162334 -0.000112237 5.32013e-05 0.00210675
internal_weight=24579 1330 699 23249 1049 953 22200 910 1242 485 757 254 20958 203
internal_count=24579 1330 699 23249 1049 953 22200 910 1242 485 757 254 20958 203
is_linear=0
shrinkage=0.04


Tree=78
num_leaves=15
num_cat=0
split_feature=22 20 52 98 48 47 86 65 5 87 94 24 75 31
split_gain=0.44762 1.06003 1.11131 0.510798 0.500802 0.783608 0.688284 0.646695 0.930084 0.695642 0.567998 1.112 0.61473 0.587753
threshold=0.0069824541105517144 0.016822371254454231 0.10178993312777797 0.54950980392156878 -0.29961330691228216 -0.32822774612149003 1.3665104139318964 5.872275000000001 0.48905567305186753 -0.2081492885384271 2.5000000000000004 0.023804616159560147 -0.33325649184486755 -0.31649624715176761
decision_type=10 8 10 10 10 8 8 10 8 10 2 10 10 10
left_child=-1 2 3 -2 5 -3 10 9 -9 -7 11 -6 -12 -13
right_child=1 4 -4 -5 6 7 -8 8 -10 -11 12 13 -14 -15
leaf_value=-0.00034917770470563694 0.0013504443330569899 -0.0026038145002288122 0.0032602599706772523 -0.000918841538577069 6.0684062627622005e-05 -0.00040413530497321147 -0.0011322979502500061 0.0016322617576983961 0.011483772448871448 0.0018203487266592014 0.0070406796470765141 6.6751784784907116e-05 0.0011154819751431192 -0.0023189903026221222
leaf_weight=4741 383 96 329 271 15828 383 869 46 23 545 31 248 291 495
leaf_count=4741 383 96 329 271 15828 383 869 46 23 545 31 248 291 495
internal_value=-1.8357e-13 8.34485e-05 0.00136403 0.000410113 1.66859e-05 0.000847713 -3.44521e-05 0.00118006 0.0049161 0.00090227 2.20226e-05 -1.03095e-05 0.00168592 -0.00152267
internal_weight=24579 19838 983 654 18855 1093 17762 997 69 928 16893 16571 322 743
internal_count=24579 19838 983 654 18855 1093 17762 997 69 928 16893 16571 322 743
is_linear=0
shrinkage=0.04


Tree=79
num_leaves=15
num_cat=0
split_feature=34 24 85 31 23 76 42 8 68 42 57 86 88 76
split_gain=0.437153 0.530142 0.807137 0.739408 0.885306 0.78121 1.03367 0.765599 0.827605 0.741443 1.93308 0.867411 0.852021 0.802237
threshold=-0.036544850498338825 0.014265911701195141 -0.82982916586997024 -0.16872427983539098 0.016879901891070633 0.24887279304487622 0.35047188300911086 0.4826106722939712 3.3696675000000007 0.073603913131749757 349973902.49250007 0.92067786342844093 2.9215276804246799 -0.2494459919614517
decision_type=8 8 8 10 10 10 10 10 10 10 10 10 10 10
left_child=-1 3 -3 4 9 6 7 8 -5 11 13 12 -2 -11
right_child=1 2 -4 5 -6 -7 -8 -9 -10 10 -12 -13 -14 -15
leaf_value=0.00039551829076065739 0.00036384692055082185 -0.0015170763390275101 -0.00018433938414310087 -0.00038989201889406532 0.0038648127313354055 0.00048806559033773479 0.005205256547427403 -0.0033608671659127861 0.0039265667694982969 0.0045724847991395435 0.00020292319384585604 -0.0011187922028910282 0.0031486176494490794 0.012650751235584418
leaf_weight=3783 2082 797 8287 5504 128 2529 53 137 72 109 289 593 192 24
leaf_count=3783 2082 797 8287 5504 128 2529 53 137 72 109 289 593 192 24
internal_value=-3.91932e-13 -7.19487e-05 -0.000301269 0.000105916 0.000601106 -9.80705e-05 -0.000355153 -0.000406738 -0.000334156 0.000474091 0.00203949 0.000243676 0.000598973 0.00603022
internal_weight=24579 20796 9084 11712 3417 8295 5766 5713 5576 3289 422 2867 2274 133
internal_count=24579 20796 9084 11712 3417 8295 5766 5713 5576 3289 422 2867 2274 133
is_linear=0
shrinkage=0.04


Tree=80
num_leaves=15
num_cat=0
split_feature=53 68 25 59 32 38 40 59 74 41 58 98 90 67
split_gain=0.431138 0.716415 0.805049 1.05081 0.827788 0.766112 0.746371 0.735402 0.975036 0.79891 0.741108 0.662133 0.612679 0.6062
threshold=1.5446285852402293 4.8255616666666672 0.025446754426811644 2857932306.9169173 -0.24770225762864537 0.50009243826360228 -0.086718027943777962 1151416227.6363337 0.43701049486025262 -0.082074255599532617 1436617978.4898751 0.53126356925749041 3.0131453597292453e-11 4.6648137500000004
decision_type=10 10 10 10 10 10 10 10 10 10 10 10 8 10
left_child=1 5 4 11 7 13 -5 9 10 -3 -9 -4 -12 -1
right_child=-2 2 3 6 -6 -7 -8 8 -10 -11 12 -13 -14 -15
leaf_value=1.1421886568323657e-05 -0.0027481597821627348 0.010466347451188737 -0.0045963554484364779 -0.0037512885115575044 -0.0013475125980743719 -0.0024600530288897563 0.0031180587482026755 -0.0024450921229909844 0.0087213096791809355 0.0032085666642524303 0.0020748627516124774 0.00087950852608271676 -0.0051256593922153117 -0.0015574602458345592
leaf_weight=22748 91 28 115 32 124 207 121 86 27 182 346 51 20 401
leaf_count=22748 91 28 115 32 124 207 121 86 27 182 346 51 20 401
internal_value=-1.3497e-13 1.02125e-05 0.000992959 -0.000709975 0.00166115 -3.74185e-05 0.00168133 0.00220262 0.00133734 0.00417627 0.000896264 -0.00291401 0.00168139 -1.57552e-05
internal_weight=24579 24488 1132 319 813 23356 153 689 479 210 452 166 366 23149
internal_count=24579 24488 1132 319 813 23356 153 689 479 210 452 166 366 23149
is_linear=0
shrinkage=0.04


Tree=81
num_leaves=15
num_cat=0
split_feature=34 48 65 87 47 56 86 56 94 24 91 90 58 25
split_gain=0.423456 0.490483 0.880024 0.70838 0.592097 0.758179 0.58956 0.616336 0.505233 0.862882 0.622781 0.802901 0.584637 1.04282
threshold=0.096786394553324398 -0.29961330691228216 6.9028950000000018 0.31677447366780082 -0.29455279609044183 788800014.45350015 1.5280508843672254 119740434.09350002 2.5000000000000004 0.023804616159560147 2.5000000000000004 5.2871328945031896e-11 3091659411.9775004 0.026180061515147009
decision_type=8 10 10 10 8 10 8 10 2 10 2 10 10 10
left_child=1 2 3 4 -1 -6 8 -8 9 10 12 -12 -3 -14
right_child=-2 6 -4 -5 5 -7 7 -9 -10 -11 11 -13 13 -15
leaf_value=-0.0026329478245659898 -0.00076778395424326813 8.1383303767035983e-05 0.0069224062390826849 0.0018703472756348943 -0.0012975065984316006 0.0018362338567063266 0.0048604275838092523 -0.0012891872518176759 0.0016957068614215367 -0.0013722488426865936 0.0040490730590173009 -0.001557400089420252 -0.0014110257992150398 0.0039832559785234834
leaf_weight=129 1098 19581 37 444 227 271 27 762 289 697 133 59 763 62
leaf_count=129 1098 19581 37 444 227 271 27 762 289 697 133 59 763 62
internal_value=5.85969e-13 3.59025e-05 0.000857399 0.00064787 -0.000217807 0.000407802 -4.78128e-06 -0.00107874 3.44773e-05 1.19323e-05 5.87705e-05 0.00232625 3.74358e-05 -0.00100564
internal_weight=24579 23481 1108 1071 627 498 22373 789 21584 21295 20598 192 20406 825
internal_count=24579 23481 1108 1071 627 498 22373 789 21584 21295 20598 192 20406 825
is_linear=0
shrinkage=0.04


Tree=82
num_leaves=15
num_cat=0
split_feature=80 19 52 86 44 85 65 18 5 32 23 31 6 20
split_gain=0.41245 0.731797 1.02344 1.13533 0.842966 1.0654 0.868047 0.860196 0.803572 0.663586 1.1746 0.903624 0.917252 0.885164
threshold=0.017380509000620641 0.022170133764676095 0.24652012943683502 0.24833517345793649 0.17411229566453443 -0.707765121639921 5.872275000000001 0.049382984747329974 0.48905567305186753 -0.16863309129990786 0.010933658858082522 -0.21083746104633203 0.044192859322551133 0.029100445418151176
decision_type=10 8 10 10 10 10 10 10 8 10 10 10 8 10
left_child=-1 2 -2 -4 6 7 -3 -6 -8 11 -11 12 -7 -13
right_child=1 4 3 -5 5 9 8 -9 -10 10 -12 13 -14 -15
leaf_value=-0.00038757677185915856 0.00030556959481923055 0.00039249585359660104 0.0052250111653501623 0.00082244383550868455 -0.0017180888757348217 -1.3624191639443361e-06 0.001172476936626481 0.0062856989921155305 0.010743641842901708 -0.0031696242248173802 -0.00031153827926502331 -0.00017870121767898705 -0.0012333909232762044 0.00085682853461043677
leaf_weight=3727 5333 3364 145 265 917 2660 32 22 25 300 987 2647 1519 2636
leaf_count=3727 5333 3364 145 265 917 2660 32 22 25 300 987 2647 1519 2636
internal_value=-3.38374e-13 6.92739e-05 0.000453626 0.00237945 -7.68203e-05 -0.000238462 0.000475436 -0.00153057 0.00537036 -0.000125588 -0.000977759 -9.67734e-06 -0.000449185 0.000337986
internal_weight=24579 20852 5743 410 15109 11688 3421 939 57 10749 1287 9462 4179 5283
internal_count=24579 20852 5743 410 15109 11688 3421 939 57 10749 1287 9462 4179 5283
is_linear=0
shrinkage=0.04


Tree=83
num_leaves=15
num_cat=0
split_feature=53 68 25 59 32 38 59 55 54 41 40 31 58 98
split_gain=0.40477 0.637052 0.736048 0.945482 0.765441 0.700645 0.680584 0.887222 0.776137 0.730269 0.67245 0.624133 0.707725 0.600497
threshold=1.5446285852402293 4.8255616666666672 0.025446754426811644 2857932306.9169173 -0.24770225762864537 0.50009243826360228 1151416227.6363337 3567364742.9050002 1.1672414823324304 -0.082074255599532617 -0.086718027943777962 -0.22858330364564775 1415140977.2676253 0.53126356925749041
decision_type=10 10 10 10 10 10 10 10 10 10 10 10 10 10
left_child=1 5 4 13 6 -1 9 11 -9 -3 -5 12 -8 -4
right_child=-2 2 3 10 -6 -7 7 8 -10 -11 -12 -13 -14 -15
leaf_value=-1.4303026916061248e-05 -0.0026627962525606484 0.010008662561220783 -0.0043844942390594797 -0.0035799950658110904 -0.0013176181443756627 -0.0023518317182782303 -0.002389636722703775 0.010878118756024733 0.0026803766699270049 0.0030696732339520866 0.0029403111873548631 -0.0032652001843716089 0.0021666690739182135 0.00083027792081017716
leaf_weight=23149 91 28 115 32 124 207 72 23 94 182 121 65 225 51
leaf_count=23149 91 28 115 32 124 207 72 23 94 182 121 65 225 51
internal_value=3.11335e-13 9.89523e-06 0.000936612 -0.000691708 0.00157552 -3.50201e-05 0.0020962 0.0012638 0.0042919 0.00399487 0.00157659 0.000285107 0.00106211 -0.00278237
internal_weight=24579 24488 1132 319 813 23356 689 479 117 210 153 362 297 166
internal_count=24579 24488 1132 319 813 23356 689 479 117 210 153 362 297 166
is_linear=0
shrinkage=0.04


Tree=84
num_leaves=15
num_cat=0
split_feature=42 22 8 8 96 42 58 86 43 32 32 19 20 67
split_gain=0.402991 1.13356 1.06512 0.669144 0.669532 1.13823 1.15698 0.634673 0.816172 0.628071 1.0309 0.787788 0.976173 0.645996
threshold=-0.0013896451836031829 0.030758354402219194 0.43280112115435015 0.042817775930292908 0.38611111111111118 0.076761106882478627 338012253.95662504 0.32389312544461574 0.25987051012412876 -0.26733185674165427 -0.22605432062951006 0.014640731346576917 0.017499284908506673 3.3193925000000002
decision_type=8 10 8 8 8 10 10 10 10 10 10 10 10 10
left_child=1 2 9 7 5 -5 -7 8 -2 13 11 -11 -13 -1
right_child=3 -3 -4 4 -6 6 -8 -9 -10 10 -12 12 -14 -15
leaf_value=-0.0003637071618762341 0.00075859997037694047 0.0034140104811630472 0.0021295897291929576 -4.6746900025755168e-06 -5.6218208459780934e-05 0.0096944133127513151 0.0019920017275018328 -0.0012902186387453525 -0.0011220854807197345 -0.0010784559245841355 -0.00016730876935462731 0.0038815465071246409 0.001035768991402939 0.0011759782129981229
leaf_weight=4962 805 172 412 250 11240 46 97 1402 682 230 2153 223 1427 478
leaf_count=4962 805 172 412 250 11240 46 97 1402 682 230 2153 223 1427 478
internal_value=-4.20524e-13 0.000194628 0.00013861 -0.000134787 5.24873e-07 0.00162341 0.0044697 -0.000679639 -0.000103961 5.20183e-05 0.000430292 0.00111467 0.00142038 -0.000228419
internal_weight=24579 10057 9885 14522 11633 393 143 2889 1487 9473 4033 1880 1650 5440
internal_count=24579 10057 9885 14522 11633 393 143 2889 1487 9473 4033 1880 1650 5440
is_linear=0
shrinkage=0.04


Tree=85
num_leaves=15
num_cat=0
split_feature=22 20 52 46 16 98 88 42 42 66 20 8 89 18
split_gain=0.403021 0.892427 0.909973 0.564581 0.797892 0.796345 0.697391 1.09779 0.650756 0.644364 0.737674 0.63423 0.769617 0.805265
threshold=0.0083642811271956181 0.016931876190995572 0.10285653754782344 0.13661720637488198 0.036490868740822302 0.51191151446398198 1.7726566342730046 -0.18539398648441971 -0.16835550323807938 2.5282675000000006 0.034989984680341674 0.0093662200824858894 3.1762025463233365e-11 0.030149560682460937
decision_type=10 8 10 8 10 10 10 8 10 10 10 8 10 10
left_child=-1 2 -2 4 5 9 7 -7 -6 10 -3 12 -5 -14
right_child=1 3 -4 11 8 6 -8 -9 -10 -11 -12 -13 13 -15
leaf_value=-0.00025466835328073235 0.00050419740351421256 0.0016847284872976893 0.0036514790409104261 -0.00089604569758716755 0.0069563392633930424 0.0049088489068124224 -0.0012684696131586889 0.00015527116645464552 0.0016732313410752933 -0.0023527827567455394 0.006704502820107594 0.00012314470827228332 -0.00023637218935485167 0.0019515960840944472
leaf_weight=7079 447 403 219 2540 52 85 501 909 132 54 53 10460 1306 339
leaf_count=7079 447 403 219 2540 52 85 501 909 132 54 53 10460 1306 339
internal_value=-1.7406e-12 0.000103017 0.00153911 4.6201e-05 0.000645373 0.000414027 -5.15783e-05 0.000561764 0.00316628 0.00177889 0.00226817 -4.33577e-05 -0.000459514 0.000214522
internal_weight=24579 17500 666 16834 2189 2005 1495 994 184 510 456 14645 4185 1645
internal_count=24579 17500 666 16834 2189 2005 1495 994 184 510 456 14645 4185 1645
is_linear=0
shrinkage=0.04


Tree=86
num_leaves=15
num_cat=0
split_feature=59 93 42 42 68 32 16 54 8 89 68 56 25 18
split_gain=0.391851 1.80798 0.92593 0.643547 1.22203 0.829828 0.82271 0.666761 0.562932 1.31139 0.734215 0.697543 0.556776 0.713345
threshold=412150331.05983335 1.0000000180025095e-35 0.33363608361073221 -0.061610316324879781 1.6228566666666666 -0.30170903548029265 0.01212863517985136 0.065513813360665876 0.10765872145647983 1.3431003617984653e-10 1.1358283333333337 130558394.74900003 0.012052050210368247 0.014301180357139127
decision_type=8 2 10 8 10 10 10 10 10 10 10 10 10 10
left_child=1 2 3 4 6 -6 -1 -8 -5 10 11 -10 13 -9
right_child=-2 -3 -4 8 5 -7 7 12 9 -11 -12 -13 -14 -15
leaf_value=-0.00077461821719565537 -9.9566765062612995e-05 0.0080746127764119748 0.0065129802479232494 -0.00036583500023583653 -0.00010446404214375295 0.0086762057142514802 0.0024598033476686395 -0.0012720005754159674 0.0066034795556749615 0.0068178966906494824 -0.00082907272875475297 0.00083629205365158934 -0.00012296635904716834 0.0030155540935836046
leaf_weight=527 17700 47 37 3366 26 51 400 84 35 52 525 813 678 238
leaf_count=527 17700 47 37 3366 26 51 400 84 35 52 525 813 678 238
internal_value=-5.66022e-13 0.00025619 0.000202404 0.000168042 0.000769935 0.0057113 0.000572486 0.00107957 -8.37207e-05 0.000582663 0.000346514 0.00107432 0.000527483 0.00189706
internal_weight=24579 6879 6832 6795 2004 77 1927 1400 4791 1425 1373 848 1000 322
internal_count=24579 6879 6832 6795 2004 77 1927 1400 4791 1425 1373 848 1000 322
is_linear=0
shrinkage=0.04


Tree=87
num_leaves=15
num_cat=0
split_feature=34 32 59 42 29 32 65 53 50 31 87 25 88 86
split_gain=0.391958 0.443261 0.636783 0.73562 0.804747 0.520696 1.11882 0.603015 0.551936 0.516308 0.505325 0.500827 0.601964 0.481477
threshold=0.096786394553324398 -0.49165044351249471 3734397985.1181674 -0.24863359352293921 0.014593122564515055 -0.36622012158874384 7.3724450000000008 0.091539971322250349 -0.35398630136986298 -0.13831085643058702 -0.61871309082544779 0.026180061515147009 -0.40563792325595055 0.76139006683584254
decision_type=8 8 10 10 10 8 10 10 8 10 8 10 10 10
left_child=1 2 3 4 -1 6 7 9 -7 -3 -10 12 -9 -12
right_child=-2 5 -4 -5 -6 8 -8 11 10 -11 13 -13 -14 -15
leaf_value=-0.0033735910877585413 -0.00073867694697316206 5.5213896364958406e-08 0.005040229671619466 -0.00041321169996260071 0.004563675287312695 0.0021538939469190437 0.0079798802391936388 0.0032728193153161557 -0.0004572320278451902 0.0065121626295149325 0.00023555970183583878 -0.0057801428123524312 -0.0013001260586229452 -0.00026148397108542086
leaf_weight=25 1098 749 61 305 112 201 24 48 2751 20 13997 38 1138 4012
leaf_count=25 1098 749 61 305 112 201 24 48 2751 20 13997 38 1138 4012
internal_value=6.96165e-13 3.45414e-05 0.00120918 0.000680458 0.00311527 8.82805e-06 -0.000605003 -0.000708384 6.78948e-05 0.000169421 4.7698e-05 -0.00125988 -0.00111505 0.00012483
internal_weight=24579 23481 503 442 137 22978 2017 1993 20961 769 20760 1224 1186 18009
internal_count=24579 23481 503 442 137 22978 2017 1993 20961 769 20760 1224 1186 18009
is_linear=0
shrinkage=0.04


Tree=88
num_leaves=15
num_cat=0
split_feature=96 42 50 98 90 91 68 32 32 20 68 31 88 30
split_gain=0.388818 0.836523 0.546427 0.492131 0.889013 0.999478 1.64388 1.11342 0.974785 0.905056 1.6176 1.40131 1.13229 0.948064
threshold=0.36700680272108849 0.12816957951509747 -0.46504941062931704 0.50862325304787404 9.6981085523044231e-12 1.0000000180025095e-35 2.3960991666666671 -0.27566652566266764 -0.31414353983026988 0.033500664958872613 1.859566666666667 -0.11243964003511857 0.10311103881234325 -0.12129732748037601
decision_type=8 10 8 8 8 2 10 10 8 10 10 10 10 10
left_child=1 -1 -2 4 -4 9 -7 8 -8 -6 12 -12 -11 -14
right_child=2 -3 3 -5 5 6 7 -9 -10 10 11 -13 13 -15
leaf_value=0.00049128460574614805 0.0019718048698702004 0.0058842879386308286 0.0010417923419602031 -0.00029198497231603337 3.7840240160598242e-06 0.00057751941045190497 -0.0021794273776978104 -0.002742500610175609 0.00073027012016912117 -0.0015872442216063158 0.0003199735832013264 0.0080216144827695984 0.010635051198151646 0.0038865110799759773
leaf_weight=1115 215 48 1413 8696 9277 905 324 700 427 39 1228 39 49 104
leaf_count=1115 215 48 1413 8696 9277 905 324 700 427 39 1228 39 49 104
internal_value=1.05243e-12 0.000713868 -3.54556e-05 -5.40566e-05 8.85857e-05 -1.42925e-05 -0.000760358 -0.0015948 -0.000525045 0.000149431 0.00107552 0.000557041 0.00449694 0.00604781
internal_weight=24579 1163 23416 23201 14505 13092 2356 1451 751 10736 1459 1267 192 153
internal_count=24579 1163 23416 23201 14505 13092 2356 1451 751 10736 1459 1267 192 153
is_linear=0
shrinkage=0.04


Tree=89
num_leaves=15
num_cat=0
split_feature=13 59 20 90 32 86 88 66 20 88 76 54 87 54
split_gain=0.388989 0.464395 0.720424 0.648864 0.719437 0.59424 0.883685 0.668361 0.537583 0.508184 0.505794 0.470965 0.464208 0.523287
threshold=0.051322075702549937 1440467361.6005836 0.034843849910953836 1.1768154495109343e-11 -0.44293708226335804 0.066189741222215506 -0.24928337953591248 3.1849225000000003 0.036730768977088192 -0.30816752848679779 -0.39937933480367394 0.44322329575952774 0.40470509097034374 0.53587513675594656
decision_type=10 10 10 8 10 10 10 10 10 8 10 10 8 10
left_child=-1 2 12 4 -3 6 -4 8 -8 -5 -11 -9 -2 -14
right_child=1 3 5 9 -6 -7 7 11 -10 10 -12 -13 13 -15
leaf_value=-8.3634459108370522e-05 -0.00014337751527276977 0.0043468197393298578 -0.0017432064520452465 0.00086335315070912354 7.4718611814336713e-05 0.00063816702672530245 -0.0010745794714764796 0.013081039234995841 0.0054210527312565362 5.1650737877935174e-05 -0.00272911136039967 0.0058772180412175528 0.00091604153660631085 -0.0025860435304454932
leaf_weight=19259 1643 69 38 139 734 205 36 20 47 151 341 53 1773 71
leaf_count=19259 1643 69 38 139 734 205 36 20 47 151 341 53 1773 71
internal_value=1.2968e-14 0.000302766 0.00052979 -0.000312446 0.000441811 0.00213985 0.00372668 0.00505909 0.00260367 -0.0012723 -0.00187567 0.00785087 0.000345559 0.0007812
internal_weight=24579 5320 3886 1434 803 399 194 156 83 631 492 73 3487 1844
internal_count=24579 5320 3886 1434 803 399 194 156 83 631 492 73 3487 1844
is_linear=0
shrinkage=0.04


Tree=90
num_leaves=15
num_cat=0
split_feature=31 31 31 32 96 92 19 68 25 42 87 59 87 89
split_gain=0.380729 0.843073 0.714772 0.607598 0.494136 0.650999 1.0271 0.601045 0.684192 1.00611 0.751671 0.669609 0.659949 1.05294
threshold=-0.081413637072866238 -0.078811040908117344 -0.087059003880025784 -0.18231564528413421 0.60232558139534886 1.0000000180025095e-35 0.03242703722346256 4.8255616666666672 0.024860379723364159 0.13076223923606614 -0.38742955410261154 2857932306.9169173 0.40470509097034374 3.3077969195685072e-11
decision_type=10 10 10 10 10 2 10 10 10 8 10 10 8 10
left_child=2 3 4 -2 7 6 -6 12 9 -9 -11 -10 -1 -14
right_child=1 -3 -4 -5 5 -7 -8 8 11 10 -12 -13 13 -15
leaf_value=-0.00025474792047094268 -0.00090183139461484088 8.3580367236655971e-05 -0.0017267504415320006 0.0033274385732511291 -0.00043417091838499484 -0.0023564750289469263 0.0086267615414478555 0.0058336384370695892 -0.002125225014483837 -0.00053171411471739842 0.0022717187765016588 0.0012158627490011546 -0.00013801557220732461 0.00066234243839167724
leaf_weight=10342 69 997 394 256 222 322 22 82 189 259 374 195 6383 4473
leaf_count=10342 69 997 394 256 222 322 22 82 189 259 374 195 6383 4473
internal_value=-1.0465e-12 0.000660308 -3.7534e-05 0.00242953 -8.42356e-06 -0.00117559 0.000382798 2.12044e-05 0.000933297 0.00166471 0.00112466 -0.000428579 -2.60826e-05 0.000191756
internal_weight=24579 1322 23257 325 22863 566 244 22297 1099 715 633 384 21198 10856
internal_count=24579 1322 23257 325 22863 566 244 22297 1099 715 633 384 21198 10856
is_linear=0
shrinkage=0.04


Tree=91
num_leaves=15
num_cat=0
split_feature=4 32 19 8 90 42 25 56 49 88 86 25 32 31
split_gain=0.370283 0.55968 0.645156 0.411388 0.783349 0.884604 0.714672 0.865953 0.689628 0.734314 0.641501 1.16853 0.725593 0.956172
threshold=0.17894082679056891 -0.26009828759523512 0.034456386642041668 0.0093662200824858894 2.8432794203493836e-11 -0.023660801533933514 0.018663998385954849 1145958153.2390003 -0.17911531569544523 1.4452181556392005 0.015122970323331689 0.011363825957961791 -0.31214801500961742 -0.11656233521191754
decision_type=8 8 10 8 10 10 10 10 10 10 10 8 10 10
left_child=3 -2 -3 4 -1 6 7 8 9 -6 11 -5 13 -13
right_child=1 2 -4 10 5 -7 -8 -9 -10 -11 -12 12 -14 -15
leaf_value=-0.00052046595763299895 0.0002145163943426884 -0.0007827535836718157 -0.0037148091526014704 0.0013233025107278998 0.002723410790310138 -0.00062196422700083699 -0.0013854690802948455 0.0059572442207485431 0.00029434835420290843 0.00021232448217170546 0.00036513089049395464 -4.2383737953597471e-05 -0.0010530844845022156 0.0072818768326321547
leaf_weight=4859 631 545 154 659 450 1456 277 50 2236 318 9317 1718 1880 29
leaf_count=4859 631 545 154 659 450 1456 277 50 2236 318 9317 1718 1880 29
internal_value=-1.50047e-12 -0.000649114 -0.00142873 3.71337e-05 -0.000162681 0.000200486 0.000559983 0.000736437 0.00064954 0.00168366 0.000178824 -0.000226174 -0.000507703 7.91981e-05
internal_weight=24579 1330 699 23249 9646 4787 3331 3054 3004 768 13603 4286 3627 1747
internal_count=24579 1330 699 23249 9646 4787 3331 3054 3004 768 13603 4286 3627 1747
is_linear=0
shrinkage=0.04


Tree=92
num_leaves=15
num_cat=0
split_feature=39 24 85 31 23 74 42 32 86 8 8 20 68 64
split_gain=0.37427 0.448423 0.691683 0.638475 0.806665 0.743796 0.897529 0.699579 0.696513 0.692615 0.790422 0.755612 0.687029 0.780702
threshold=-0.051140996110217489 0.014265911701195141 -0.82982916586997024 -0.16872427983539098 0.016879901891070633 0.18997311055933322 0.35047188300911086 -0.26733185674165427 0.028479331830467542 0.86575982909973881 0.5035447839910161 0.021753561924382273 3.481018333333334 1.2921900000000002
decision_type=8 8 8 10 10 10 10 8 10 8 10 10 10 10
left_child=-1 3 -3 4 7 6 9 -2 -8 10 12 -11 13 -5
right_child=1 2 -4 5 -6 -7 8 -9 -10 11 -12 -13 -14 -15
leaf_value=0.00046160533135277835 -0.00020552248647301132 -0.0013564105857827333 -0.00015204414116579121 -0.00023247403440160565 0.0036884446566792456 0.00047487622001395421 -0.00022237949780429952 0.00094215530813445477 0.0084404838040019522 -0.00011102335534065628 -0.0036326428687560464 0.0040091581914064468 0.0035060189596154323 -0.0014906799009004354
leaf_weight=2522 1505 834 8959 4474 127 2694 27 1952 33 182 124 117 71 958
leaf_count=2522 1505 834 8959 4474 127 2694 27 1952 33 182 124 117 71 958
internal_value=6.55945e-13 -5.278e-05 -0.000254611 0.000108386 0.000557536 -7.70699e-05 -0.000325473 0.000442515 0.0045422 -0.000374758 -0.000474441 0.00150122 -0.000403277 -0.000454374
internal_weight=24579 22057 9793 12264 3584 8680 5986 3457 60 5926 5627 299 5503 5432
internal_count=24579 22057 9793 12264 3584 8680 5986 3457 60 5926 5627 299 5503 5432
is_linear=0
shrinkage=0.04


Tree=93
num_leaves=15
num_cat=0
split_feature=22 25 44 31 32 18 68 25 98 94 41 24 23 8
split_gain=0.362525 0.643875 0.774798 0.683255 0.8595 0.883264 0.805126 1.08153 0.747731 0.759368 0.716623 0.916048 0.814619 1.01506
threshold=0.014516451399692485 0.011942243645934984 0.15215374687424377 -0.20990809779359618 -0.26285366646312658 0.027766793478513633 2.4473275000000005 0.018983909622984328 0.55850717079530654 2.5000000000000004 0.022915208626261178 0.016518521250095706 0.024486057574965085 1.0929847752419042
decision_type=10 8 10 10 8 10 8 10 10 2 10 10 10 10
left_child=-1 -2 -3 8 5 -5 7 -6 9 -4 11 -7 -12 -14
right_child=1 2 3 4 6 10 -8 -9 -10 -11 12 -13 13 -15
leaf_value=-0.00011193436868045433 0.0013085583747892572 0.00080443450981149871 -0.0011404666974900622 -0.00093766145438712559 0.00018519066707688273 0.006888424912240447 -0.0012816259910565955 0.0078772099440296492 0.0011212509187579587 0.0011942349857765721 0.00049663345377824633 -0.00055842381512495479 0.0043977127275146013 -0.0026654194414806672
leaf_weight=16055 777 1892 1991 280 1165 82 768 30 345 251 668 39 197 39
leaf_count=16055 777 1892 1991 280 1165 82 768 30 345 251 668 39 197 39
internal_value=-7.46387e-13 0.000210829 0.00010073 -0.000126667 0.000257788 0.00105339 -0.000271129 0.000378296 -0.000612325 -0.000879088 0.00159729 0.0044882 0.00121034 0.0032305
internal_weight=24579 8524 7747 5855 3268 1305 1963 1195 2587 2242 1025 121 904 236
internal_count=24579 8524 7747 5855 3268 1305 1963 1195 2587 2242 1025 121 904 236
is_linear=0
shrinkage=0.04


Tree=94
num_leaves=15
num_cat=0
split_feature=22 20 98 55 46 16 88 19 68 25 8 42 28 89
split_gain=0.348331 0.831591 0.916214 0.543066 0.407311 0.706783 0.523896 0.494759 0.591194 0.473486 0.465606 0.892855 0.81775 0.760456
threshold=0.0069824541105517144 0.016822371254454231 0.54950980392156878 341852056.185 0.055892446586343021 0.036762452106435813 1.2997063238477595 0.017872917917646731 1.4849933333333334 0.013099359270112796 -0.053594192109334297 -0.0095049316766645502 0.027396469974274505 3.1216120766504503e-11
decision_type=10 8 10 10 8 10 10 10 10 10 8 8 10 10
left_child=-1 2 3 -2 5 6 7 -3 9 -9 12 -12 13 -6
right_child=1 4 -4 -5 10 -7 -8 8 -10 -11 11 -13 -14 -15
leaf_value=-0.00030802641915412084 0.0009538473032158312 -0.00050460796397848928 -0.00073685811446397981 0.0031820144250285422 -0.00092452388327660226 0.0054327612891793258 -0.00059440574691331028 -0.00017361858818266127 0.00043014434541368651 0.0044295250636260507 0.00078363396734274556 -6.5352504227106053e-05 0.0022319438408177901 0.00017641022104297114
leaf_weight=4741 382 169 278 323 2598 50 382 45 189 174 2417 11012 183 1636
leaf_count=4741 382 169 278 323 2598 50 382 45 189 174 2417 11012 183 1636
internal_value=-1.32408e-12 7.36139e-05 0.00120785 0.0019747 1.4481e-05 0.000796351 0.000554619 0.00131533 0.00206917 0.00348367 -2.97254e-05 8.74512e-05 -0.000385977 -0.000499128
internal_weight=24579 19838 983 705 18855 1009 959 577 408 219 17846 13429 4417 4234
internal_count=24579 19838 983 705 18855 1009 959 577 408 219 17846 13429 4417 4234
is_linear=0
shrinkage=0.04


Tree=95
num_leaves=15
num_cat=0
split_feature=87 25 18 68 85 64 75 89 98 86 22 96 36 68
split_gain=0.345055 0.696361 0.70978 0.936396 0.900573 0.833147 1.07852 0.824038 0.773767 0.650306 0.679099 0.751367 0.621827 0.596417
threshold=-0.020666684795755185 0.027400874887392266 0.025576967259490459 3.481018333333334 -0.90065575014880228 5.725480000000001 0.24251372255452577 2.6092949743052612e-11 0.37638888888888894 0.58887738703776171 0.0086404075259578546 0.56309650053022275 -0.077275686009956976 0.81135500000000005
decision_type=8 10 10 10 10 10 10 10 8 8 10 10 10 10
left_child=-1 2 3 5 -4 9 -7 12 -9 10 -2 -12 -6 -13
right_child=1 -3 4 -5 7 6 -8 8 -10 -11 11 13 -14 -15
leaf_value=-0.00020240429763573485 8.4752370001003771e-05 0.0043765362033803693 -0.0017315669403036699 0.0062960906213681616 0.00084185986864536411 0.010199358465690768 -0.00043957657211770614 -0.0030896431438586849 0.00052247528642458522 -0.00014357163006644487 0.0008139929394025136 0.0077120464609470221 -0.00070268461943584178 0.0022741357776131423
leaf_weight=8704 2437 61 566 42 484 31 30 98 2987 3499 2418 40 3015 167
leaf_count=8704 2437 61 566 42 484 31 30 98 2987 3499 2418 40 3015 167
internal_value=-4.44073e-13 0.000110975 9.45212e-05 0.000337963 -0.000200469 0.000308939 0.0049671 -6.88465e-05 0.000407731 0.000275748 0.000565594 0.001012 -0.000489035 0.00332494
internal_weight=24579 15875 15814 8664 7150 8622 61 6584 3085 8561 5062 2625 3499 207
internal_count=24579 15875 15814 8664 7150 8622 61 6584 3085 8561 5062 2625 3499 207
is_linear=0
shrinkage=0.04


Tree=96
num_leaves=15
num_cat=0
split_feature=4 32 31 41 32 96 65 80 96 68 20 90 38 55
split_gain=0.342093 0.514063 0.408557 0.51304 0.665948 0.542581 0.400089 0.369466 0.594372 0.985044 0.70626 0.602077 0.762089 0.564935
threshold=0.17894082679056891 -0.19836563397384058 -0.19739793368433026 0.149292948212183 -0.36622012158874384 0.49137674695212613 9.6791350000000005 0.019552061294746317 0.38611111111111118 2.5272325000000002 0.015856539721659207 3.0453179934439477e-11 -0.25044763056253394 1844988535.2520001
decision_type=8 10 10 10 10 10 10 10 8 10 8 8 8 10
left_child=6 2 -2 5 -5 -4 7 -1 9 11 -10 -9 -13 -11
right_child=1 -3 3 4 -6 -7 -8 8 10 13 -12 12 -14 -15
leaf_value=-0.00027010410881712205 -0.00095135979755855114 -0.0023391973478790145 -0.00062058247695409357 0.0046912422694731504 -0.0014974449505863335 0.0033264856572232898 0.0045768641515244405 -0.00033578509619078045 0.0014669865805960484 0.0060285677285543803 5.8131960906330128e-06 0.0083594720005989078 0.0012149394359090581 -0.0014269287772476675
leaf_weight=5127 612 231 87 32 213 155 31 542 547 87 16333 25 537 20
leaf_count=5127 612 231 87 32 213 155 31 542 547 87 16333 25 537 20
internal_value=-7.32935e-13 -0.000623916 -0.000263379 0.000601188 -0.000689127 0.0019075 3.56922e-05 2.9629e-05 0.000114573 0.00097057 5.31628e-05 0.000615411 0.00153276 0.00463502
internal_weight=24579 1330 1099 487 245 242 23249 23218 18091 1211 16880 1104 562 107
internal_count=24579 1330 1099 487 245 242 23249 23218 18091 1211 16880 1104 562 107
is_linear=0
shrinkage=0.04


Tree=97
num_leaves=15
num_cat=0
split_feature=13 59 20 90 32 86 88 66 20 42 76 67 98 38
split_gain=0.330287 0.400885 0.657088 0.580935 0.647337 0.548862 0.793477 0.596268 0.482518 0.477755 0.511513 0.456223 0.428356 0.504773
threshold=0.051322075702549937 1440467361.6005836 0.034843849910953836 1.1768154495109343e-11 -0.44293708226335804 0.066189741222215506 -0.24928337953591248 3.1849225000000003 0.036730768977088192 0.48573735093727594 -0.37582654874975258 7.332803750000001 0.51191151446398198 -0.13435944418466575
decision_type=10 10 10 8 10 10 10 10 10 10 10 10 10 10
left_child=-1 2 -2 4 -3 6 -4 8 -8 10 -5 12 -6 -14
right_child=1 3 5 9 11 -7 7 -9 -10 -11 -12 -13 13 -15
leaf_value=-7.7066010299702779e-05 0.00031397051160216759 0.0041252424600331681 -0.001630570209572876 0.00013918992582128998 0.0013692451020986876 0.00058436673316286832 -0.00098880630303432968 0.007452099880535309 0.0051651663103319239 0.0021040182164870202 -0.0024117010130262078 -0.0051310551768312083 0.00097504243964992342 -0.0019003141093294248
leaf_weight=19259 3487 69 38 188 313 205 36 73 47 63 380 26 177 218
leaf_count=19259 3487 69 38 188 313 205 36 73 47 63 380 26 177 218
internal_value=-3.37127e-13 0.000278988 0.000489917 -0.000292611 0.000421074 0.00202758 0.00355262 0.00481519 0.00249597 -0.00120083 -0.00156739 7.28615e-05 0.000263966 -0.000611863
internal_weight=24579 5320 3886 1434 803 399 194 156 83 631 568 734 708 395
internal_count=24579 5320 3886 1434 803 399 194 156 83 631 568 734 708 395
is_linear=0
shrinkage=0.04


Tree=98
num_leaves=15
num_cat=0
split_feature=54 68 96 25 32 89 18 42 67 96 58 42 59 25
split_gain=0.32418 0.571417 0.639743 0.650776 0.594129 1.07711 0.67035 0.785214 0.583302 0.733371 0.63994 0.653452 0.545233 0.544024
threshold=1.8178728311130747 4.8255616666666672 0.62500000000000011 0.025446754426811644 -0.28534898575988366 3.0452800017449003e-11 0.050146863382869875 0.23221348878025086 4.1960200000000007 0.38611111111111118 1102410468.694 0.053149256376016203 2857932306.9169173 0.026977718948351142
decision_type=10 10 10 10 8 10 10 10 10 8 10 8 10 10
left_child=1 8 3 4 5 6 -3 -8 13 -10 11 -11 -5 -1
right_child=-2 2 -4 12 -6 -7 7 -9 9 10 -12 -13 -14 -15
leaf_value=1.9424820714301525e-06 -0.001705678133978625 0.0011515281879806956 -0.0058338106897744268 -0.0021747113080005853 0.00056315207152300326 0.0096080958404961767 0.010595853632026961 0.0023522896373498383 0.0058755733596626671 0.0058879932520600657 -0.0018106944415711673 -0.00024576475851228514 0.0012310598094371103 0.0042212961406009842
leaf_weight=22377 177 259 22 154 373 34 29 51 24 33 674 176 147 49
leaf_count=22377 177 259 22 154 373 34 29 51 24 33 674 176 147 49
internal_value=5.48276e-13 1.23721e-05 0.000916688 0.00105853 0.00169199 0.00282082 0.0021401 0.00534058 -2.9059e-05 -0.00102353 -0.00121105 0.000722723 -0.000511428 1.11616e-05
internal_weight=24579 24402 1069 1047 746 373 339 80 23333 907 883 209 301 22426
internal_count=24579 24402 1069 1047 746 373 339 80 23333 907 883 209 301 22426
is_linear=0
shrinkage=0.04


Tree=99
num_leaves=15
num_cat=0
split_feature=34 58 65 35 59 94 24 86 20 31 32 7 41 25
split_gain=0.325218 0.384098 1.1245 0.662541 0.514634 0.46288 0.778218 0.642832 0.609235 0.897755 1.01012 1.71814 0.929872 1.019
threshold=0.096786394553324398 7032673695.4725008 5.6590250000000006 0.051093526851408562 4843713543.2870016 2.5000000000000004 0.023804616159560147 0.33051194439826242 0.032315000485200751 -0.11314544811276837 -0.1836863357941749 0.23971900359320122 0.027376836113877315 0.024482196812125823
decision_type=8 8 8 10 8 2 10 10 10 10 10 10 10 10
left_child=1 4 -3 -4 5 6 8 -8 -1 10 12 -12 -10 -14
right_child=-2 2 3 -5 -6 -7 7 -9 9 -11 11 -13 13 -15
leaf_value=-3.8611039501859866e-05 -0.00067285610714996013 0.00045183927466655805 0.01079973476273673 0.002173408096302943 -0.0011351744129035413 0.0014028537644209136 -0.0014673092150395469 0.0047078526146443825 0.00088866478463687116 0.0037542588070483135 0.0098614759045712493 0.0011038982270390339 -0.0007292775822699951 0.0031163011339469617
leaf_weight=17527 1098 456 28 29 614 391 735 28 1724 133 47 151 1499 119
leaf_count=17527 1098 456 28 29 614 391 735 28 1724 133 47 151 1499 119
internal_value=1.58082e-13 3.14636e-05 0.00111396 0.0064109 7.28561e-06 3.86657e-05 1.43795e-05 -0.0012407 5.95505e-05 0.000527962 0.000406748 0.00318272 0.000242283 -0.000446445
internal_weight=24579 23481 513 57 22968 22354 21963 763 21200 3673 3540 198 3342 1618
internal_count=24579 23481 513 57 22968 22354 21963 763 21200 3673 3540 198 3342 1618
is_linear=0
shrinkage=0.04


Tree=100
num_leaves=15
num_cat=0
split_feature=34 30 38 98 91 58 68 28 89 57 18 8 41 32
split_gain=0.318508 0.408451 0.706938 0.353578 0.572025 0.708486 0.728741 0.510231 0.815199 0.57912 0.468856 0.404656 0.394219 0.339284
threshold=-0.036544850498338825 -0.25522067594729003 -0.10231057435987882 0.50926243567753005 1.0000000180025095e-35 8002099965.3653765 2.3582391666666669 0.018879918979703876 2.1208260811093298e-11 1089168414.3752501 0.032371435792080273 0.26144426040700569 0.023958189908353415 -0.23154786346519649
decision_type=8 8 10 10 2 8 8 8 8 10 10 10 10 8
left_child=3 2 -2 4 7 6 -6 10 -9 -10 11 -1 -11 -3
right_child=1 13 -4 -5 5 -7 -8 8 9 12 -12 -13 -14 -15
leaf_value=0.0013894404879197884 0.0012152110805833027 0.00011898658021973516 -0.0030376935860681564 -0.0001106877753015657 0.0021835077948074927 0.0069307550117373466 -0.001507865043616406 0.00039378444270081659 0.0024909366574014558 0.0019371691034175457 -0.00089708599063504312 -0.0010142024271507662 0.0085452965492955769 -0.00020638074142471688
leaf_weight=742 95 10443 183 1614 108 20 412 231 188 20 264 132 52 10075
leaf_count=742 95 10443 183 1614 108 20 412 231 188 20 264 132 52 10075
internal_value=3.72875e-13 -6.14138e-05 -0.00158436 0.000337606 0.00067119 -0.000457049 -0.000741195 0.00104519 0.00212293 0.00365921 0.000580193 0.00102642 0.00670971 -4.07793e-05
internal_weight=24579 20796 278 3783 2169 540 520 1629 491 260 1138 874 72 20518
internal_count=24579 20796 278 3783 2169 540 520 1629 491 260 1138 874 72 20518
is_linear=0
shrinkage=0.04


Tree=101
num_leaves=15
num_cat=0
split_feature=96 42 50 98 56 90 96 18 91 68 32 88 41 59
split_gain=0.319785 0.733113 0.478804 0.453059 0.793413 0.79087 0.826052 0.907608 0.8911 0.88049 0.840813 0.822342 1.47209 0.804378
threshold=0.36700680272108849 0.12816957951509747 -0.46504941062931704 0.50862325304787404 3820513790.4495006 9.6981085523044231e-12 0.53262411347517735 0.051183751555055453 1.0000000180025095e-35 1.4768848780487807 -0.36622012158874384 1.1722023583687078 0.072869384007972951 2540817967.8807507
decision_type=8 10 8 8 10 8 10 10 2 10 8 8 10 10
left_child=1 -1 -2 5 -5 13 7 10 11 -10 -7 12 -8 -4
right_child=2 -3 3 4 -6 6 8 -9 9 -11 -12 -13 -14 -15
leaf_value=0.00043902970378698503 0.0018468018581137755 0.0054877031066765392 0.0025024826004612028 -0.00021431819072094462 -0.0025754755667985901 -0.0011867741143893151 -0.00034034512270500152 0.0044860245338641108 0.0019444319799439371 -0.0016209137796179955 0.00032721720438314353 -0.00080065919343240812 0.0018042918259953359 0.00038559003407310675
leaf_weight=1115 215 48 401 8462 234 639 1502 80 122 1210 7200 1562 777 1012
leaf_count=1115 215 48 401 8462 234 639 1502 80 122 1210 7200 1562 777 1012
internal_value=4.40834e-13 0.000647401 -3.21544e-05 -4.95664e-05 -0.000277854 8.72962e-05 -9.73733e-06 0.000247064 -0.000402857 -0.00129436 0.000203803 -9.36978e-05 0.000390845 0.00098635
internal_weight=24579 1163 23416 23201 8696 14505 13092 7919 5173 1332 7839 3841 2279 1413
internal_count=24579 1163 23416 23201 8696 14505 13092 7919 5173 1332 7839 3841 2279 1413
is_linear=0
shrinkage=0.04


Tree=102
num_leaves=15
num_cat=0
split_feature=80 19 52 86 32 23 25 20 74 23 42 86 31 44
split_gain=0.317279 0.568552 0.846119 0.921911 0.751596 0.926796 0.604754 1.52789 0.600443 0.596865 0.582945 0.57481 0.978971 0.713563
threshold=0.016835016835016803 0.022170133764676095 0.24652012943683502 0.24833517345793649 -0.16863309129990786 0.010990907607829972 0.012514787222244762 0.026709965612513323 -0.45653676315659469 0.016037836458248748 0.48573735093727594 0.015122970323331689 -0.1016656784501052 0.25000000000000056
decision_type=10 8 10 10 10 10 10 10 10 10 10 10 10 10
left_child=-1 2 8 -4 11 -6 7 -7 -2 -10 -8 12 13 -3
right_child=1 4 3 -5 5 6 10 -9 9 -11 -12 -13 -14 -15
leaf_value=-0.00036246611307025307 0.0024988178003129448 0.00020827346682077686 0.0046773096071366146 0.00072754250199507644 -0.0026739236089278061 -0.0001153871272898086 -0.0017927560407690749 0.0071951287720656521 9.312795587709642e-05 0.0021977962810960081 0.0027793441197777892 0.00020945008001131105 0.0065233601293893471 -0.00081180792428113741
leaf_weight=3339 185 1867 147 265 360 688 499 49 5155 225 49 9057 33 2661
leaf_count=3339 185 1867 147 265 360 688 499 49 5155 225 49 9057 33 2661
internal_value=-3.20238e-13 5.69809e-05 0.00038769 0.0021368 -7.2525e-05 -0.000880143 -0.000377605 0.000370658 0.000258196 0.000181148 -0.00138394 2.5032e-05 -0.000341176 -0.000391205
internal_weight=24579 21240 5977 412 15263 1645 1285 737 5565 5380 548 13618 4561 4528
internal_count=24579 21240 5977 412 15263 1645 1285 737 5565 5380 548 13618 4561 4528
is_linear=0
shrinkage=0.04


Tree=103
num_leaves=15
num_cat=0
split_feature=87 41 20 56 90 93 24 25 65 40 25 66 31 52
split_gain=0.31311 0.636954 0.962677 1.22566 0.629371 0.903711 0.823985 0.634659 0.610784 1.01376 0.522454 0.542195 0.671296 0.658902
threshold=-0.020666684795755185 0.1427923561400736 0.039857464826694215 3355467797.9830003 4.9193413319418695e-11 1.0000000180025095e-35 0.017639103579267554 0.01806713824372496 5.6590250000000006 inf 0.026977718948351142 0.76129000000000013 -0.24382858514429193 0.25332171844450241
decision_type=8 10 10 10 10 2 10 10 10 8 10 8 8 10
left_child=-1 4 -3 -4 8 7 -7 -6 10 -10 11 12 -2 -14
right_child=1 2 3 -5 5 6 -8 -9 9 -11 -12 -13 13 -15
leaf_value=-0.00019280733171345835 0.0032728833521873703 -0.00026381077018595533 -0.0052866491975469719 0.0011657473717683129 0.0004971021442619093 0.010009429358666944 0.0017703999152469735 0.0041608273707933194 0.0013116508091982743 0.010902647197246552 0.0031307017270388992 -0.000118098513420013 0.00031559094043592242 0.0069906605655948315
leaf_weight=8704 142 1200 144 70 2512 31 52 78 149 20 86 9693 1674 24
leaf_count=8704 142 1200 144 70 2512 31 52 78 149 20 86 9693 1674 24
internal_value=6.29582e-13 0.000105713 -0.00070456 -0.00317605 0.000184942 0.000739101 0.00484763 0.000607438 5.92827e-05 0.00244668 2.45577e-05 1.39562e-06 0.000630883 0.000409938
internal_weight=24579 15875 1414 214 14461 2673 83 2590 11788 169 11619 11533 1840 1698
internal_count=24579 15875 1414 214 14461 2673 83 2590 11788 169 11619 11533 1840 1698
is_linear=0
shrinkage=0.04


Tree=104
num_leaves=15
num_cat=0
split_feature=22 38 31 6 87 65 32 46 28 85 37 18 7 54
split_gain=0.319351 0.602113 0.594913 0.684855 0.637697 0.624868 0.542098 0.557002 0.533677 0.740103 0.859256 0.608035 0.757043 0.525362
threshold=0.017096396204855566 -0.23315915675636936 -0.20990809779359618 -0.040152912024636771 -0.99648006885579454 4.3318500000000002 -0.23927435809815703 0.82264659533781448 0.018879918979703876 0.14725060582342545 0.16477638279831888 0.029096396456933845 0.29258450590328317 0.34845587586656152
decision_type=10 8 8 8 10 8 10 8 10 10 8 10 10 10
left_child=-1 -2 3 13 6 8 7 -4 -6 10 11 -10 -13 -3
right_child=1 2 4 -5 5 -7 -8 -9 9 -11 -12 12 -14 -15
leaf_value=-8.3860167062323746e-05 0.0028319680765733547 -0.0001442169903736015 0.0089036481567856037 -0.00095479466685335565 0.00016001922138422095 -0.00058753710366812927 -0.00037208659565603398 0.0027273848236654885 0.00043300173154825136 0.00038736926425971896 0.00046468269360596184 0.0060474502905777609 0.0014257129280356667 0.0015033969320333441
leaf_weight=18366 141 1113 33 1218 1240 748 53 80 72 605 219 179 83 429
leaf_count=18366 141 1113 33 1218 1240 748 53 80 72 605 219 179 83 429
internal_value=8.46986e-13 0.000247896 0.00018789 -0.000245832 0.000549325 0.000421829 0.00296561 0.00453107 0.000736677 0.00135417 0.00241188 0.00368863 0.00458331 0.000314166
internal_weight=24579 6213 6072 2760 3312 3146 166 113 2398 1158 553 334 262 1542
internal_count=24579 6213 6072 2760 3312 3146 166 113 2398 1158 553 334 262 1542
is_linear=0
shrinkage=0.04


Tree=105
num_leaves=15
num_cat=0
split_feature=22 25 98 46 98 16 42 88 42 8 59 28 58 24
split_gain=0.303723 0.598007 0.914084 0.47872 0.70244 0.549279 0.538853 0.518165 0.886152 0.517832 0.687223 0.695996 0.511051 0.482214
threshold=0.0084706932470125507 0.0083866724040915826 0.54950980392156878 0.18339775146076553 0.53126356925749041 0.034852266541323389 -0.1746880374169977 1.7726566342730046 -0.18539398648441971 -0.042577427647717651 816630629.54100013 0.028692143024623227 1153221980.7846253 0.016518521250095706
decision_type=10 8 10 8 10 10 10 10 8 8 10 10 10 10
left_child=-1 2 -2 4 13 7 -7 8 -6 10 -5 -12 -9 -3
right_child=1 3 -4 9 5 6 -8 12 -10 -11 11 -13 -14 -15
leaf_value=-0.00021683570309082741 0.0032076600010754325 0.0020221599196154345 -0.0015525713719550397 -5.4450870120098269e-06 0.0042168535330497168 0.0052016112593523522 0.00070183074658773106 -0.0019565969719726128 -3.6533293840463799e-05 7.928219965594834e-05 -0.0015916494288931377 0.0023062034209459267 0.00078785323836053913 0.00035991957561588991
leaf_weight=7276 222 644 91 1577 85 59 153 400 1005 11331 1015 79 149 493
leaf_count=7276 222 644 91 1577 85 59 153 400 1005 11331 1015 79 149 493
internal_value=-2.85581e-13 9.11805e-05 0.00182369 5.92631e-05 0.000518894 3.82189e-05 0.00195413 -0.000209599 0.000295153 -3.88212e-05 -0.000539843 -0.00131018 -0.00121175 0.00130142
internal_weight=24579 17303 313 16990 2988 1851 212 1639 1090 14002 2671 1094 549 1137
internal_count=24579 17303 313 16990 2988 1851 212 1639 1090 14002 2671 1094 549 1137
is_linear=0
shrinkage=0.04


Tree=106
num_leaves=15
num_cat=0
split_feature=86 57 66 54 86 25 23 8 58 89 58 25 20 43
split_gain=0.299423 0.531228 0.502453 0.447615 0.548876 1.38977 0.739736 0.732421 0.692089 0.844178 0.781891 0.848044 0.812549 1.52363
threshold=0.76139006683584254 2332190442.6589999 8.4879275000000014 0.067088986990144331 0.015122970323331689 0.011363825957961791 0.0063235753633350831 -0.069317866173984707 2115717469.6937501 1.0611383244632674e-11 1604277999.4098752 0.01937456990471664 0.034989984680341674 0.56122070085866838
decision_type=8 10 10 8 10 8 10 8 10 10 10 10 10 10
left_child=3 2 -2 -1 5 6 -5 -6 10 -10 12 -12 -7 -14
right_child=1 -3 -4 4 7 8 -8 -9 9 -11 11 -13 13 -15
leaf_value=0.00052763004023283374 -0.00021808389978069149 -0.0026839124229154549 0.0048082472127862277 -0.00082167294202857501 -0.00056987863966548639 -0.00089973093735849384 0.001752671096923207 0.00033232139198364244 -0.00012103085034960926 0.0032648441210524955 -0.0002793447464937344 -0.004364207712015301 0.0025631305124146414 -0.0013417884185266385
leaf_weight=2980 5687 140 32 240 1747 3104 698 8185 648 144 140 194 329 311
leaf_count=2980 5687 140 32 240 1747 3104 698 8185 648 144 140 194 329 311
internal_value=-1.82071e-13 -0.000249552 -0.00018996 7.81051e-05 -7.00194e-06 -0.000315889 0.00109399 0.000173628 -0.000587443 0.000494583 -0.000797586 -0.00265199 -0.000632156 0.000665584
internal_weight=24579 5859 5719 18720 15740 5808 938 9932 4870 792 4078 334 3744 640
internal_count=24579 5859 5719 18720 15740 5808 938 9932 4870 792 4078 334 3744 640
is_linear=0
shrinkage=0.04


Tree=107
num_leaves=15
num_cat=0
split_feature=42 8 14 7 17 88 85 67 58 6 66 32 46 66
split_gain=0.301131 0.976025 0.826596 0.79714 0.740886 0.615628 0.514014 0.671055 0.816212 0.699027 1.10977 0.945106 0.706039 0.668674
threshold=-0.0013896451836031829 0.22713540136536994 -0.16194785606550308 0.073710915963029047 0.056579431182459353 1.7521067878206649 0.38736956342480861 3.2747062500000004 1034845508.50425 -0.10528200874679537 1.0247475000000004 -0.26733185674165427 0.73750375050987482 3.8251025000000003
decision_type=8 8 10 10 10 10 10 10 10 10 10 10 10 10
left_child=1 4 -3 5 6 -4 7 9 -9 10 -1 -11 -13 -10
right_child=-2 2 3 -5 -6 -7 -8 8 13 11 -12 12 -14 -15
leaf_value=0.0023124201691635282 -0.00011651369759469276 -0.00083374109579294556 0.00073350843713427334 0.0047035930263696285 0.0072309310436653711 0.0057292616284555864 -0.00030736788029476581 0.0054085037012803639 0.0032026739869615993 -0.00071582875805978666 -3.0962451140608187e-05 0.00029521453901942059 0.0029524976651757791 -0.00091827190080140202
leaf_weight=565 14522 168 321 164 23 45 3901 85 112 1932 756 1664 177 144
leaf_count=565 14522 168 321 164 23 45 3901 85 112 1932 756 1664 177 144
internal_value=-8.39032e-13 0.000168242 0.00161117 0.00238616 6.06281e-05 0.00134774 4.29634e-05 0.000294416 0.00201229 0.000179418 0.000971317 -9.78405e-05 0.000550695 0.000884642
internal_weight=24579 10057 698 530 9359 366 9336 5435 341 5094 1321 3773 1841 256
internal_count=24579 10057 698 530 9359 366 9336 5435 341 5094 1321 3773 1841 256
is_linear=0
shrinkage=0.04


Tree=108
num_leaves=15
num_cat=0
split_feature=87 41 20 56 90 93 24 25 65 40 53 23 31 88
split_gain=0.297732 0.594854 0.885018 1.09881 0.576255 0.793141 0.753716 0.583323 0.554123 0.919601 0.515344 0.747034 1.22398 0.616343
threshold=-0.020666684795755185 0.1427923561400736 0.039857464826694215 3355467797.9830003 4.9193413319418695e-11 1.0000000180025095e-35 0.017639103579267554 0.01806713824372496 5.6590250000000006 inf 1.5446285852402293 0.020828133547058664 -0.1972117280726263 0.24381810928858011
decision_type=8 10 10 10 10 2 10 10 10 8 8 10 10 10
left_child=10 4 -3 -4 8 7 -7 -6 -2 -10 11 -1 13 -13
right_child=1 2 3 -5 5 6 -8 -9 9 -11 -12 12 -14 -15
leaf_value=-0.00031821851787174619 2.633541239840864e-05 -0.00025735548367847511 -0.0050480571666008068 0.0010613199220305043 0.00048078448408730789 0.0094956995979432138 0.0016158060942353374 0.0039932121773465327 0.0012523448977763171 0.010387056827545166 -0.0024738273538889425 -0.00074560859890723862 0.0022879161118988605 0.0015109100776482427
leaf_weight=7061 11619 1200 144 70 2512 31 52 78 149 20 155 727 497 264
leaf_count=7061 11619 1200 144 70 2512 31 52 78 149 20 155 727 497 264
internal_value=-1.40066e-12 0.000103085 -0.000679954 -0.00304966 0.00017965 0.00070991 0.0045589 0.000586564 5.94106e-05 0.00233338 -0.000188013 -0.00014657 0.000667955 -0.000144477
internal_weight=24579 15875 1414 214 14461 2673 83 2590 11788 169 8704 8549 1488 991
internal_count=24579 15875 1414 214 14461 2673 83 2590 11788 169 8704 8549 1488 991
is_linear=0
shrinkage=0.04


Tree=109
num_leaves=15
num_cat=0
split_feature=39 7 24 20 54 31 29 58 29 91 23 75 58 32
split_gain=0.288957 0.356614 0.345406 0.59119 0.754462 0.659391 0.834581 0.64115 1.10177 1.02638 0.697567 0.63561 0.622252 0.61379
threshold=-0.051140996110217489 -0.36132759051270097 0.014265911701195141 0.031604632970007471 0.39250611849053535 -0.11774528513695552 0.02269458794059194 871640477.36975002 0.015430678499265174 1.0000000180025095e-35 0.022090495370850453 -0.10624208700375802 338012253.95662504 -0.19733069148225654
decision_type=8 8 8 10 10 10 10 10 10 2 10 10 10 10
left_child=1 -1 -2 4 7 12 -7 8 9 -4 -10 -11 -5 -8
right_child=2 -3 3 5 -6 6 13 -9 10 11 -12 -13 -14 -15
leaf_value=0.0055963919985862007 9.5070814586457501e-05 0.00036201216266757937 -0.00075343453446262074 0.0065614554026852479 -0.0016073453719151732 0.0061639801820828804 0.0020598176173089087 -0.0010592723896765176 0.00065729174279599578 0.0094175634017357457 0.003872552266996739 6.1179566456259982e-05 -3.4419626847511544e-05 -0.0044636844967802366
leaf_weight=21 12264 2501 1737 23 857 63 100 1256 1002 26 121 21 4557 30
leaf_count=21 12264 2501 1737 23 857 63 100 1256 1002 26 121 21 4557 30
internal_value=5.0079e-13 0.000405597 -4.63761e-05 -0.000223513 -0.00052656 9.52158e-05 0.0023855 -0.000304068 2.22259e-05 -0.000595613 0.00100373 0.00523705 -1.29624e-06 0.000554394
internal_weight=24579 2522 22057 9793 5020 4773 193 4163 2907 1784 1123 47 4580 130
internal_count=24579 2522 22057 9793 5020 4773 193 4163 2907 1784 1123 47 4580 130
is_linear=0
shrinkage=0.04


Tree=110
num_leaves=15
num_cat=0
split_feature=80 19 52 20 24 76 32 23 32 25 20 42 59 17
split_gain=0.286756 0.480174 0.753586 1.23327 0.724785 0.751057 0.680198 0.848368 0.676541 0.543609 1.42916 0.522772 0.504362 0.496943
threshold=0.016835016835016803 0.022170133764676095 0.16039327782150606 0.019371072938163345 0.0104043403023332 -0.51659188693125246 -0.16863309129990786 0.010990907607829972 -0.23868861360037 0.012514787222244762 0.027505683636191307 0.48573735093727594 418223538.93450004 0.033686601925375564
decision_type=10 8 10 10 10 10 10 10 10 10 10 10 10 10
left_child=-1 2 4 8 5 -2 -3 -8 -4 10 13 -11 -6 -9
right_child=1 6 3 -5 12 -7 7 9 -10 11 -12 -13 -14 -15
leaf_value=-0.0003445901172646975 0.0052254688247847245 2.7962907198592179e-05 0.004983239244217225 1.0973761135927876e-05 0.0013852363955304673 -0.00036489210723706609 -0.0025493518022885837 -0.00041736621825997098 0.0018028231419170346 -0.0016935884003328695 0.0093897118391814069 0.0026361147339493797 0.00011189753878455206 0.0026121474139964079
leaf_weight=3339 39 13618 141 622 943 2734 360 609 444 499 27 49 1054 101
leaf_count=3339 39 13618 141 622 943 2734 360 609 444 499 27 49 1054 101
internal_value=-4.34302e-13 5.41707e-05 0.000358091 0.00125097 0.000132159 -0.000286268 -6.48448e-05 -0.000833146 0.00256938 -0.000352341 0.000357087 -0.00130644 0.000713179 1.35928e-05
internal_weight=24579 21240 5977 1207 4770 2773 15263 1645 585 1285 737 548 1997 710
internal_count=24579 21240 5977 1207 4770 2773 15263 1645 585 1285 737 548 1997 710
is_linear=0
shrinkage=0.04


Tree=111
num_leaves=15
num_cat=0
split_feature=13 32 19 8 42 30 86 25 29 42 88 32 32 44
split_gain=0.288287 0.531303 0.563584 0.399288 0.863247 0.747487 0.727378 0.730769 1.37985 0.898925 0.698718 0.808337 0.788679 0.690596
threshold=-0.15777619724988143 -0.26009828759523512 0.034456386642041668 0.10765872145647983 -0.012405868476166202 -0.11289730809536429 0.27119553353850306 0.015394409035056523 0.020117288738346586 -0.16025803931811658 0.3916357609093401 -0.28172978027115475 -0.23868861360037 0.24061633373374269
decision_type=10 8 10 8 8 10 10 10 10 10 10 10 10 10
left_child=1 -1 -3 6 5 -5 7 8 9 -2 -11 -12 -13 -9
right_child=3 2 -4 4 -6 -7 -8 13 -10 10 11 12 -14 -15
leaf_value=0.00022720654945185099 0.0045543037920313728 -0.00067551915427126619 -0.0032048878781549507 0.003965957644027903 0.00010911863088558158 0.00088697769487247808 -0.00041558476533400427 0.00039422324433722691 0.0091036341438690827 -0.00048443174838936395 -0.00081331277723777399 0.0026544223904890782 0.00069417920196252511 -0.00087913476551305329
leaf_weight=798 85 663 179 152 9297 742 6356 1244 30 1031 435 410 1650 1507
leaf_count=798 85 663 179 152 9297 742 6356 1244 30 1031 435 410 1650 1507
internal_value=-2.04409e-13 -0.000512337 -0.00121324 3.6629e-05 0.000223279 0.00141047 -0.000112583 0.000188713 0.000560476 0.0004895 0.000391511 0.000753474 0.00108432 -0.000303323
internal_weight=24579 1640 842 22939 10191 894 12748 6392 3641 3611 3526 2495 2060 2751
internal_count=24579 1640 842 22939 10191 894 12748 6392 3641 3611 3526 2495 2060 2751
is_linear=0
shrinkage=0.04


Tree=112
num_leaves=15
num_cat=0
split_feature=22 20 98 74 8 48 23 92 30 67 96 54 50 98
split_gain=0.284718 0.457832 0.677995 0.33023 0.650978 0.406038 0.326868 0.286258 0.812394 0.378374 0.285049 0.482338 0.379851 0.382391
threshold=0.0062103175699826868 0.015750666883167275 0.53126356925749041 -0.44432170462269954 0.11062774627169226 -0.15770101637779607 0.0078364235716151167 1.0000000180025095e-35 -0.16969252154573258 1.2627537500000001 0.36700680272108849 0.41075699788342807 -0.46504941062931704 0.50862325304787404
decision_type=10 8 10 8 10 10 10 2 10 10 8 10 8 10
left_child=3 2 6 4 -1 -6 -2 -5 -9 -10 11 -3 -12 -14
right_child=1 10 -4 7 5 -7 -8 8 9 -11 12 -13 13 -15
leaf_value=-0.00022147307075809093 0.00071262942436521885 0.00062621335308113933 -0.00056182720921012566 -0.00058708624205178444 -0.0009628157576789028 0.0051420348861979112 0.0028348246134478937 0.006702134503284469 0.0022024757208095659 -0.00086824513621000477 0.0016713302563810329 0.0069259255807846785 0.00010052898386518306 -0.00027513915630484985
leaf_weight=252 201 702 273 2878 23 72 275 32 90 224 213 20 12757 6567
leaf_count=252 201 702 273 2878 23 72 275 32 90 224 213 20 12757 6567
internal_value=1.30492e-12 5.61291e-05 0.00102728 -0.000330204 0.000842278 0.00366402 0.00193869 -0.000456399 0.000630648 1.18978e-05 2.02242e-05 0.000800721 -8.6194e-06 -2.71368e-05
internal_weight=24579 21008 749 3571 347 95 476 3224 346 314 20259 722 19537 19324
internal_count=24579 21008 749 3571 347 95 476 3224 346 314 20259 722 19537 19324
is_linear=0
shrinkage=0.04


Tree=113
num_leaves=15
num_cat=0
split_feature=54 65 85 90 37 31 32 87 87 42 42 90 58 85
split_gain=0.281874 0.491884 0.96816 0.563658 0.542808 0.519526 0.681437 0.416177 0.392696 0.484419 0.439611 0.408575 0.405107 0.389633
threshold=1.8178728311130747 6.3514300000000015 -0.57535633051151802 3.5819606360442153e-11 0.3796891811195508 -0.1972117280726263 -0.26733185674165427 -1.1261666747132948 -0.70904287496822882 0.41686917338804425 -0.19197291891037907 5.1637409879365323e-11 5699468179.3778753 0.42721041778270136
decision_type=10 10 10 8 10 10 8 10 10 10 8 10 10 10
left_child=1 4 -3 5 8 -4 -7 -2 10 12 -1 -11 -10 -12
right_child=7 2 3 -5 -6 6 -8 -9 9 11 13 -13 -14 -15
leaf_value=0.0035035884490405974 0.003695971655792424 0.0085663849819037647 9.7643109301345481e-05 -0.00086138417914778166 -0.0025176084984390844 0.0046871208910905645 -0.00085647802365807976 -0.0023021302272070152 3.9115764909158684e-05 0.0010666435655310421 -0.00039001936042056164 0.006773606726811046 -0.0025519910910330023 -0.0022624355863081294
leaf_weight=44 21 27 155 203 138 136 48 156 20480 454 2407 21 97 192
leaf_count=44 21 27 155 203 138 136 48 156 20480 454 2407 21 97 192
internal_value=3.60447e-13 1.15366e-05 0.00117382 0.000805556 -1.62123e-05 0.00180375 0.00324096 -0.00159049 -1.64409e-06 5.6054e-05 -0.000461221 0.00131895 2.69013e-05 -0.000528343
internal_weight=24579 24402 569 542 23833 339 184 177 23695 21052 2643 475 20577 2599
internal_count=24579 24402 569 542 23833 339 184 177 23695 21052 2643 475 20577 2599
is_linear=0
shrinkage=0.04


Tree=114
num_leaves=15
num_cat=0
split_feature=42 59 23 8 35 6 25 94 90 28 37 31 88 67
split_gain=0.27803 0.701675 0.807098 0.661489 0.552146 0.524862 0.481127 0.657765 0.588704 0.479844 0.479629 0.466788 0.506495 0.456513
threshold=-0.10422788682165716 571274908.09433341 0.02518545606277842 -0.18947368421052627 -0.077496262354936937 -0.14663847238335295 0.023245576912036135 1.0000000180025095e-35 3.2378174248240891e-11 0.0090727918317944026 -0.11317108535364422 -0.34131708224128776 2.3918780092672765 0.98155625000000002
decision_type=8 10 10 8 10 10 10 2 10 10 10 10 8 10
left_child=1 5 6 4 -2 9 7 8 11 -1 -9 -3 -13 -6
right_child=3 2 -4 -5 13 -7 -8 10 -10 -11 -12 12 -14 -15
leaf_value=0.0056579430560197898 0.00049466845671300495 0.0041301738046523595 0.0031018182684528529 -8.8714502066239902e-06 -6.3214813133139585e-06 0.00070526933056273139 0.0019446438279545016 -0.0053235251479076618 0.0038891329451602092 0.0013836015944517302 -0.0013982608329431323 -0.00094962250113078228 0.00077758177693550525 -0.0024468268958345927
leaf_weight=68 237 36 114 20216 169 1346 134 66 54 110 203 1007 372 447
leaf_count=68 237 36 114 20216 169 1346 134 66 54 110 203 1007 372 447
internal_value=5.32139e-14 0.000329604 -0.000165821 -5.49105e-05 -0.00114603 0.000975216 -0.000364812 -0.000542871 -0.000209877 0.0030165 -0.00236134 -0.000366306 -0.000483691 -0.00177727
internal_weight=24579 3510 1986 21069 853 1524 1872 1738 1469 178 269 1415 1379 616
internal_count=24579 3510 1986 21069 853 1524 1872 1738 1469 178 269 1415 1379 616
is_linear=0
shrinkage=0.04


Tree=115
num_leaves=15
num_cat=0
split_feature=13 87 38 8 98 24 42 12 54 90 42 89 25 30
split_gain=0.27525 0.3274 0.437703 0.509713 0.397227 0.37463 0.411816 0.371374 0.338202 0.343344 0.325315 0.319748 0.349541 0.539024
threshold=0.042771792200202226 0.11497391269477931 0.098354139030131696 -0.030610120603413501 0.50423728813559332 0.024433464842045755 0.41686917338804425 0.15482615838616484 0.098868723951811913 4.8243223359377334e-11 0.026719237250768971 5.4194149772233281e-12 0.013148538685422173 -0.21010303530647909
decision_type=10 10 10 10 8 10 10 10 10 8 8 10 10 10
left_child=-1 4 3 7 5 6 8 -3 9 -2 -6 -5 -13 -14
right_child=1 2 -4 11 10 -7 -8 -9 -10 -11 -12 12 13 -15
leaf_value=-7.8332659566828869e-05 0.0025357548945252172 0.00015949105699139605 -0.00073341135131963864 -0.0016580316081473772 4.638716505229042e-05 -0.0009566060658810165 0.00402818081731146 0.0033296810762315499 6.5758287016114668e-05 -0.00027461504798059018 -0.0012559041354416817 0.00053325239210819976 -0.00028957073889559007 0.0025635397923252519
leaf_weight=18309 210 1922 418 55 588 289 55 61 838 104 642 403 131 554
leaf_count=18309 210 1922 418 55 588 289 55 61 838 104 642 403 131 554
internal_value=-2.27512e-14 0.000228739 0.000482241 0.000644795 -0.000100833 0.000336995 0.000646731 0.000257011 0.00048529 0.00160493 -0.000633345 0.00131756 0.00146799 0.00201791
internal_weight=24579 6270 3544 3126 2726 1496 1207 1983 1152 314 1230 1143 1088 685
internal_count=24579 6270 3544 3126 2726 1496 1207 1983 1152 314 1230 1143 1088 685
is_linear=0
shrinkage=0.04


Tree=116
num_leaves=15
num_cat=0
split_feature=94 94 24 50 20 20 88 21 90 86 88 58 64 5
split_gain=0.271081 0.399558 0.570189 0.547266 0.573604 0.513063 0.452821 0.436906 0.389413 0.375448 0.342166 0.623678 0.708046 0.665905
threshold=4.5000000000000009 2.5000000000000004 0.023804616159560147 -0.25780620666270876 0.04444666070201566 0.048501821678834045 1.342969344279292 0.034407495200649833 2.8905537734088549e-11 -0.21432442840404067 4.8320994128874544 369772530.29150003 4.0634199999999998 -0.14701459754139087
decision_type=2 2 10 8 8 8 10 10 10 10 8 10 10 10
left_child=1 2 7 4 -4 -6 8 10 -3 -5 -1 12 -12 -14
right_child=-2 6 3 9 5 -7 -8 -9 -10 -11 11 -13 13 -15
leaf_value=3.9357168723634784e-05 -0.0045427051860661731 0.00039122553887664452 -0.00096387753741274704 -0.0047113549122586845 0.0042964923420207362 -0.00012887547744195099 0.0067814675108952959 0.0010515645662876794 0.0037745701719541103 -0.0014563960277869761 -0.00012947718619167066 -0.0013550973540305772 0.0074330331108126892 -0.0015442476703319699
leaf_weight=20649 21 364 340 65 77 92 22 642 64 444 926 814 39 20
leaf_count=20649 21 364 340 65 77 92 22 642 64 444 926 814 39 20
internal_value=3.00929e-13 3.88455e-06 -1.81589e-05 -0.00094462 -1.71807e-05 0.00188742 0.00118482 2.26873e-05 0.000897146 -0.00187206 -6.73804e-06 -0.000535821 0.000141226 0.00438989
internal_weight=24579 24558 24108 1018 509 169 450 23090 428 509 22448 1799 985 59
internal_count=24579 24558 24108 1018 509 169 450 23090 428 509 22448 1799 985 59
is_linear=0
shrinkage=0.04


Tree=117
num_leaves=15
num_cat=0
split_feature=34 85 7 41 67 86 28 92 91 66 68 86 29 47
split_gain=0.273272 0.318201 0.302637 0.369568 0.296561 0.582567 0.574523 0.484596 0.431697 0.683517 0.392407 0.621092 0.498463 0.492795
threshold=0.096786394553324398 0.61938264023182477 0.1658593890576964 -0.00076353116960420342 6.050040000000001 -0.1296845077469212 0.019478556079535383 2.5000000000000004 2.5000000000000004 5.0728025000000008 4.8255616666666672 0.22473199947595024 0.029530745364682191 -0.11537720914279796
decision_type=8 10 8 10 8 8 10 2 2 10 10 10 10 10
left_child=4 -2 -3 -4 8 -6 -7 -8 9 10 -1 12 13 -12
right_child=1 2 3 -5 5 6 7 -9 -10 -11 11 -13 -14 -15
leaf_value=-3.3437936099594944e-06 -0.0011486033124499613 -0.0012120744309145701 0.0058980925923780257 0.00059686522685775635 -0.0033974426232278349 -0.00013154613966633762 0.004242263499576346 0.0011987477755469121 0.0019642077697430518 -0.0014864392986958686 0.006276823168445844 -0.0015357704401443093 7.4442831570642047e-05 0.0019489810105254193
leaf_weight=21609 682 146 23 247 50 348 118 288 178 493 64 96 114 123
leaf_count=21609 682 146 23 247 50 348 118 288 178 493 64 96 114 123
internal_value=7.91584e-13 -0.000616784 0.000255094 0.00104845 2.88416e-05 0.000783801 0.00106107 0.00208332 2.07489e-06 -1.34485e-05 1.95509e-05 0.00126573 0.00215923 0.00343017
internal_weight=24579 1098 416 270 23481 804 754 406 22677 22499 22006 397 301 187
internal_count=24579 1098 416 270 23481 804 754 406 22677 22499 22006 397 301 187
is_linear=0
shrinkage=0.04


Tree=118
num_leaves=15
num_cat=0
split_feature=4 32 31 41 96 32 8 86 52 25 52 27 23 86
split_gain=0.260438 0.438609 0.334494 0.421195 0.483318 0.480272 0.331324 0.654626 0.686178 0.852807 1.49914 0.742268 0.647284 0.628628
threshold=0.17894082679056891 -0.19836563397384058 -0.19739793368433026 0.149292948212183 0.49137674695212613 -0.36622012158874384 0.069335113586813893 0.27119553353850306 0.068330055603503262 0.012206549117295155 0.17925227113906353 0.01622105924124944 0.021766802511216966 0.015122970323331689
decision_type=8 10 10 10 10 10 8 10 10 10 10 10 10 10
left_child=6 2 -2 4 -4 -5 7 8 -1 10 -10 -11 -9 -8
right_child=1 -3 3 5 -6 -7 13 12 9 11 -12 -13 -14 -15
leaf_value=0.00059424845992721948 -0.0008338644657639925 -0.0021287876292579362 -0.00063147485898486493 0.0039709504112397558 0.0030938040267191676 -0.0012846417569647162 -0.00024003289877793413 -0.00050220266118306326 -1.9169730234421335e-06 -0.0012517351018480468 0.0045272317579066433 0.00023898480757762405 0.0018138448931276799 0.0003902419632258212
leaf_weight=3056 612 231 87 32 155 213 3765 5574 557 1320 148 898 200 7731
leaf_count=3056 612 231 87 32 155 213 3765 5574 557 1320 148 898 200 7731
internal_value=-1.45658e-13 -0.000544385 -0.000211358 0.00057093 0.00175455 -0.000598197 3.11425e-05 -0.0001182 0.000175164 -0.00026299 0.000948883 -0.000648188 -0.000421979 0.000183824
internal_weight=24579 1330 1099 487 242 245 23249 11753 5979 2923 705 2218 5774 11496
internal_count=24579 1330 1099 487 242 245 23249 11753 5979 2923 705 2218 5774 11496
is_linear=0
shrinkage=0.04


Tree=119
num_leaves=15
num_cat=0
split_feature=42 8 5 7 22 88 8 44 86 89 87 33 96 42
split_gain=0.263694 0.826876 0.747905 0.733215 0.609712 0.556623 0.472271 0.541766 0.595693 0.470401 0.661045 0.469481 0.455183 0.732029
threshold=-0.0013896451836031829 0.22713540136536994 0.16054007037676934 0.073710915963029047 0.030758354402219194 1.7521067878206649 0.042817775930292908 0.23076923076923056 0.33051194439826242 5.9274506993817823e-11 1.2610873181318958 -0.023808229672997668 0.40430402930402937 0.073603913131749757
decision_type=8 8 10 10 10 8 8 10 10 10 10 10 8 10
left_child=1 4 3 5 -1 -3 7 8 9 -2 -11 -6 13 -8
right_child=6 2 -4 -5 11 -7 12 -9 -10 10 -12 -13 -14 -15
leaf_value=1.8456146413260003e-05 0.00035492057881604598 0.00065665161123888542 -0.00080418462274855996 0.004482897851335591 0.0057350087201441914 0.0054078772200478456 -0.00013604580454352217 -0.001211094533610467 -0.0009163630606065866 0.0010171307581223143 0.0099615946784615515 0.00093134670918031278 -5.8038545388092749e-05 0.0024996293195102344
leaf_weight=9218 845 320 172 161 51 45 390 1212 773 39 20 90 10946 297
leaf_count=9218 845 320 172 161 51 45 390 1212 773 39 20 90 10946 297
internal_value=-6.67351e-13 0.000157437 0.00148554 0.00223428 5.83861e-05 0.00124242 -0.000109031 -0.000566766 -0.000101098 0.000596026 0.00404915 0.00266884 4.64559e-06 0.00100339
internal_weight=24579 10057 698 526 9359 365 14522 2889 1677 904 59 141 11633 687
internal_count=24579 10057 698 526 9359 365 14522 2889 1677 904 59 141 11633 687
is_linear=0
shrinkage=0.04


Tree=120
num_leaves=15
num_cat=0
split_feature=47 94 88 75 24 50 20 20 20 68 74 31 58 90
split_gain=0.25526 0.349428 0.41978 0.444211 0.393343 0.58956 0.417102 0.458619 0.407551 0.821447 1.04134 0.677316 0.636537 0.539909
threshold=-0.32822774612149003 2.5000000000000004 1.342969344279292 -0.33325649184486755 0.023804616159560147 -0.25780620666270876 0.04444666070201566 0.048501821678834045 0.042813135743116522 3.481018333333334 0.37377883254588368 -0.20811115397892258 3270512022.983501 1.0927243450517786e-11
decision_type=8 2 10 10 10 8 8 8 10 10 10 10 10 10
left_child=-1 4 3 -3 8 6 -6 -8 12 11 -11 -10 -2 -14
right_child=1 2 -4 -5 5 -7 7 -9 9 10 -12 -13 13 -15
leaf_value=-0.0020585710681431616 3.0966749690908909e-05 0.0050907880507616533 0.0065204182402654135 0.00043747659359274056 -0.00066552030090596297 -0.0017832944106245586 0.0040996620433380532 -0.00010970377583302313 0.002191027102573794 -0.00032125466157693254 0.0042929652655301128 0.01017835768369528 -0.00086943604754991617 -0.0049355267151667357
leaf_weight=96 21785 36 22 372 316 487 76 91 49 444 95 26 627 57
leaf_count=96 21785 36 22 372 316 487 76 91 49 444 95 26 627 57
internal_value=-1.73074e-13 8.07184e-06 0.00113828 0.000848063 -1.2133e-05 -0.000801214 0.000189 0.00180594 2.10259e-05 0.00103777 0.000492012 0.00495997 -6.75824e-06 -0.00120828
internal_weight=24579 24483 430 408 24053 970 483 167 23083 614 539 75 22469 684
internal_count=24579 24483 430 408 24053 970 483 167 23083 614 539 75 22469 684
is_linear=0
shrinkage=0.04


Tree=121
num_leaves=15
num_cat=0
split_feature=3 96 22 31 6 67 87 64 67 73 23 46 68 66
split_gain=0.252979 0.390846 0.324073 0.455919 0.881517 0.52186 0.457238 0.625581 0.596655 0.540312 0.449227 0.624689 0.528073 0.825218
threshold=0.15461803665396492 0.5674242424242425 0.014639895594820245 -0.22212007093236466 -0.0047644269572235656 4.8011612500000007 -0.99648006885579454 5.5464300000000009 4.8011612500000007 -0.023205471031708943 0.021104467705903202 0.36018860852623363 3.6081808333333343 3.1849225000000003
decision_type=8 8 8 8 8 10 10 10 10 10 10 8 10 10
left_child=2 -2 -1 4 -4 -6 7 -5 9 10 -8 -12 13 -13
right_child=1 -3 3 6 5 -7 8 -9 -10 -11 11 12 -14 -15
leaf_value=-8.3635007579833525e-05 -3.731150121654196e-05 -0.0019265029096882874 0.00030310578040629912 0.00071234835365158362 -0.0016393719793980565 0.00040159205133985618 0.00060105761809418098 0.0050404534359709766 -0.0011350971934858034 3.519503207888974e-05 0.0053974888156968319 0.00077689279866171993 -0.0013183257001590856 0.0044351891216526575
leaf_weight=15654 486 274 2306 157 762 272 1651 81 378 1946 71 300 94 147
leaf_count=15654 486 274 2306 157 762 272 1651 81 378 1946 71 300 94 147
internal_value=-2.05102e-13 -0.000718415 2.29227e-05 0.000227216 -0.000132038 -0.00110248 0.000475901 0.00218536 0.000387205 0.000523919 0.000944183 0.00186984 0.00140687 0.00197996
internal_weight=24579 760 23819 8165 3340 1034 4825 238 4587 4209 2263 612 541 447
internal_count=24579 760 23819 8165 3340 1034 4825 238 4587 4209 2263 612 541 447
is_linear=0
shrinkage=0.04


Tree=122
num_leaves=15
num_cat=0
split_feature=31 31 31 32 32 54 88 20 24 20 88 32 25 31
split_gain=0.253695 0.686261 0.635507 0.497356 0.368912 0.347483 0.34356 0.49073 0.329376 0.830874 0.636374 0.70576 0.507899 0.603095
threshold=-0.081413637072866238 -0.078811040908117344 -0.087059003880025784 -0.18231564528413421 -0.099499211185248446 0.61679211388029842 3.1502238605296351 0.017901286371899229 0.0086563377024161236 0.017233692112752361 0.3916357609093401 -0.23777705232629473 0.0084553480129305834 -0.11356052344601962
decision_type=10 10 10 10 10 10 10 10 8 8 10 10 10 10
left_child=2 3 4 -2 8 -6 7 -5 -1 10 -10 -12 13 -13
right_child=1 -3 -4 6 5 -7 -8 -9 9 -11 11 12 -14 -15
leaf_value=-0.00054690029834768674 -0.00087879210069397658 1.867317484886504e-05 -0.0016234404538364533 0.0027383209900357403 -0.00078368343535758968 -0.0056902112702236452 -0.0010743225951834272 0.0081563025184216049 -0.0015811632495373487 2.3570537846422512e-06 0.0043009512832484628 0.0043907805184019849 0.00031665984211334342 -0.0031551348678767683
leaf_weight=1593 69 997 394 195 72 34 30 31 100 20440 145 111 348 20
leaf_count=1593 69 997 394 195 72 34 30 31 100 20440 145 111 348 20
internal_value=1.82075e-12 0.000539008 -3.06389e-05 0.00213524 -3.19001e-06 -0.00235748 0.00294761 0.0034815 7.77603e-06 4.95261e-05 0.00138121 0.00185594 0.00111581 0.00323873
internal_weight=24579 1322 23257 325 22863 106 256 226 22757 21164 724 624 479 131
internal_count=24579 1322 23257 325 22863 106 256 226 22757 21164 724 624 479 131
is_linear=0
shrinkage=0.04


Tree=123
num_leaves=15
num_cat=0
split_feature=96 42 97 50 6 22 25 98 52 98 54 86 20 86
split_gain=0.255648 0.570532 0.374557 0.390636 0.352399 0.333116 0.862289 0.457862 0.457108 0.765185 0.53574 0.525992 0.58692 0.732447
threshold=0.36700680272108849 0.12816957951509747 0.65833333333333344 -0.46504941062931704 -0.10987493811120989 0.0083642811271956181 0.0083866724040915826 0.54950980392156878 0.068330055603503262 0.50862325304787404 0.13277029655467512 -0.43349171740271669 0.021650884622711905 0.38887464337665673
decision_type=8 10 10 8 10 10 8 10 10 10 8 10 10 10
left_child=1 -1 3 -2 -3 -5 7 -7 9 10 -8 -10 13 -13
right_child=2 4 -4 5 -6 6 8 -9 11 -11 -12 12 -14 -15
leaf_value=0.00039502935082340562 0.0018157142445362937 0.0016961487353994295 -0.00092057582974268046 -0.00026021562379132903 0.0085747451673854475 0.0029772821541164856 0.001599323759320226 -0.0024427372217178346 -0.0010698087007255999 -0.00016681048398848098 0.00041814381855600851 0.0015851614261826283 -0.0001568057821105313 -0.00017794620898221471
leaf_weight=1115 188 26 730 6367 22 228 908 28 836 2454 1900 752 8269 756
leaf_count=1115 188 26 730 6367 22 228 908 28 836 2454 1900 752 8269 756
internal_value=-2.06911e-13 0.00057885 -2.87497e-05 -5.20866e-08 0.00484884 -1.52252e-05 8.1474e-05 0.00238447 4.4336e-05 0.000349165 0.000800092 -0.0001068 -2.44567e-05 0.000701269
internal_weight=24579 1163 23416 22686 48 22498 16131 256 15875 5262 2808 10613 9777 1508
internal_count=24579 1163 23416 22686 48 22498 16131 256 15875 5262 2808 10613 9777 1508
is_linear=0
shrinkage=0.04


Tree=124
num_leaves=15
num_cat=0
split_feature=42 59 23 8 30 67 6 28 85 29 50 65 86 68
split_gain=0.244732 0.651374 0.656163 0.618309 0.478699 0.493029 0.475685 0.438876 0.438077 0.438432 0.603323 0.552886 0.5155 0.854141
threshold=-0.10422788682165716 571274908.09433341 0.02518545606277842 -0.18947368421052627 -0.12202173384153757 0.93607000000000018 -0.14663847238335295 0.0090727918317944026 -0.094876953002564171 0.014593122564515055 -0.44153710799978774 0.9566300000000002 0.23577379193689912 2.3582391666666669
decision_type=8 8 10 8 10 10 10 10 10 10 10 10 10 10
left_child=1 6 8 4 5 -2 7 -1 -3 -10 -11 -12 13 -13
right_child=3 2 -4 -5 -6 -7 -8 -9 9 10 11 12 -14 -15
leaf_value=0.005400749168167001 0.0024878582591190933 -0.0013501910275556114 0.0027782000820846869 -7.006476755835987e-06 -0.002119590351139412 -0.00086039703992830019 0.00067428891177777502 0.0013129436549815265 -0.0010548071323119817 0.0038030218250221675 0.0045614700325214393 -0.0019985231953943451 -0.00057876857620832542 0.0037672533266070742
leaf_weight=68 87 508 114 20216 398 368 1346 110 417 81 44 62 638 122
leaf_count=68 87 508 114 20216 398 368 1346 110 417 81 44 62 638 122
internal_value=1.76127e-12 0.000309237 -0.000168099 -5.15175e-05 -0.00110642 -0.000220181 0.000931278 0.00287458 -0.000347521 2.59069e-05 0.000501786 0.00019301 -4.08247e-05 0.00182444
internal_weight=24579 3510 1986 21069 853 455 1524 178 1872 1364 947 866 822 184
internal_count=24579 3510 1986 21069 853 455 1524 178 1872 1364 947 866 822 184
is_linear=0
shrinkage=0.04


Tree=125
num_leaves=15
num_cat=0
split_feature=87 76 8 18 86 22 90 7 94 30 68 20 50 94
split_gain=0.244135 0.539097 0.6484 0.517732 0.795943 0.799971 0.787056 0.800534 0.762835 0.753288 0.675823 0.776377 0.77917 0.708741
threshold=-0.020666684795755185 -0.32806094723935392 -0.18595703351148787 0.025576967259490459 0.96881006948727688 0.0086404075259578546 5.3689774098821358e-11 0.37513264334629232 1.0000000180025095e-35 -0.031277951699463284 0.82705333333333331 0.032100229978074511 -0.39122963650369946 1.0000000180025095e-35
decision_type=8 8 10 10 10 10 10 8 2 10 8 8 10 2
left_child=-1 2 -2 4 5 -3 10 8 -8 -7 -5 12 -12 -13
right_child=1 3 -4 6 -6 9 7 -9 -10 -11 11 13 -14 -15
leaf_value=-0.00017025109283898613 -0.0006211734265017272 -0.00010717873864149768 0.00086349760858996441 0.0034824909608098952 -0.00070156566305215888 0.00077529585653874147 0.00089050050241863471 -0.0014509972595458567 0.0045637183472583137 0.0060466042508117183 0.0044924220056273044 0.00050835328380642196 -0.0011365350475379596 -0.00082453775536383991
leaf_weight=8704 584 2542 2425 68 1237 3056 557 191 108 44 40 1515 2405 1103
leaf_count=8704 584 2542 2425 68 1237 3056 557 191 108 44 40 1515 2405 1103
internal_value=-1.91683e-13 9.33459e-05 0.000575346 -1.93806e-05 0.000217338 0.000418807 -0.000291368 0.000831484 0.00148705 0.000850114 -0.000478692 -0.000531894 -0.00104445 -5.32123e-05
internal_weight=24579 15875 3009 12866 6879 5642 5987 856 665 3100 5131 5063 2445 2618
internal_count=24579 15875 3009 12866 6879 5642 5987 856 665 3100 5131 5063 2445 2618
is_linear=0
shrinkage=0.04


Tree=126
num_leaves=15
num_cat=0
split_feature=80 19 95 32 23 90 32 85 8 52 65 87 31 88
split_gain=0.240201 0.449385 0.568734 0.544992 0.794358 0.479092 0.734779 0.583322 0.414068 0.411339 0.677209 0.616739 0.531312 0.895664
threshold=0.019552061294746317 0.022082363447477243 0.65833333333333344 -0.16863309129990786 0.011778998011189616 3.1498063076151237e-11 -0.14947253879831687 0.62853484320275943 0.26579271516802999 0.20328914177532523 5.872275000000001 1.6181321124276737 -0.21056054202234861 0.86473581171269565
decision_type=10 8 10 10 10 10 10 10 8 10 10 8 10 8
left_child=-1 2 -2 9 -5 -6 -7 -8 -4 10 -3 -12 -11 -14
right_child=1 3 8 4 5 6 7 -9 -10 12 11 -13 13 -15
leaf_value=-0.00024192697838461034 0.00030667688333261927 0.00017387512309053818 0.0032158441488453421 -0.0022216995487596993 -0.00096695821260817485 -0.0010970971304794541 0.00099771809364579021 0.0051515811737626793 -0.0019489073586361162 -0.00082167761506065403 0.0017399185445226197 0.0092897842370945477 0.00081391353633983115 -0.00053752477575870115
leaf_weight=5182 4689 7964 173 428 603 217 238 70 29 1704 70 23 1394 1795
leaf_count=5182 4689 7964 173 428 603 217 238 70 29 1704 70 23 1394 1795
internal_value=-5.14957e-13 6.46319e-05 0.000396203 -4.71643e-05 -0.000754477 -0.000197764 0.00068571 0.00194178 0.00247437 3.78224e-05 0.000213504 0.00360709 -0.000251461 5.32262e-05
internal_weight=24579 19397 4891 14506 1556 1128 525 308 202 12950 8057 93 4893 3189
internal_count=24579 19397 4891 14506 1556 1128 525 308 202 12950 8057 93 4893 3189
is_linear=0
shrinkage=0.04


Tree=127
num_leaves=15
num_cat=0
split_feature=94 94 23 73 58 48 89 42 31 59 24 20 31 68
split_gain=0.241714 0.344043 0.511098 0.443236 0.428251 0.421533 0.398131 0.383987 0.428373 0.42296 0.381635 0.378764 0.869572 0.949622
threshold=4.5000000000000009 2.5000000000000004 0.029386159585410333 -0.35026032749336494 1214912766.4961252 -0.29961330691228216 9.2976996070324662e-12 -0.08025188764158607 -0.26333895577982669 1460547349.8802502 0.022886121518059469 0.042813135743116522 -0.22212007093236466 3.6613675000000003
decision_type=2 2 10 10 10 8 10 10 10 10 10 10 10 10
left_child=1 2 5 -4 -5 6 -1 -3 -9 -10 11 -7 -13 -14
right_child=-2 7 3 4 -6 10 -8 8 9 -11 -12 12 13 -15
leaf_value=0.0041214557361626434 -0.0042895858610669775 0.0040501789446370524 -0.0056160201644524935 0.0013189256234256055 -0.0017145854930718236 -5.1386943940235605e-06 0.00072587339732824998 -0.00015452709186900056 0.0048067330150650105 -0.00055064142958537957 -0.00078464079953890575 -0.00068007929865270846 0.0095874197681744891 0.0019125212276475908
leaf_weight=63 21 61 36 98 310 21747 449 287 65 37 991 200 30 184
leaf_count=63 21 61 36 98 310 21747 449 287 65 37 991 200 30 184
internal_value=7.82471e-13 3.6681e-06 -1.67867e-05 -0.00136136 -0.000985948 8.44106e-06 0.00114369 0.0010995 0.000636799 0.00286337 -1.66646e-05 1.76779e-05 0.00121621 0.00298844
internal_weight=24579 24558 24108 444 408 23664 512 450 389 102 23152 22161 414 214
internal_count=24579 24558 24108 444 408 23664 512 450 389 102 23152 22161 414 214
is_linear=0
shrinkage=0.04


Tree=128
num_leaves=15
num_cat=0
split_feature=35 32 31 91 86 24 90 41 32 54 26 25 32 8
split_gain=0.232361 0.54531 0.392557 0.379429 0.409777 0.356261 0.351881 0.34557 0.51862 0.465671 0.342597 0.312689 0.292243 0.284718
threshold=0.13623498277965077 -0.23777705232629473 -0.19739793368433026 2.5000000000000004 0.047204609289667361 0.014550901326979409 7.4212004559841075e-11 0.18350802626058274 -0.36622012158874384 0.99894813447093123 0.012973174045777018 0.023014812902047196 -0.35751084027953184 -0.026750979091039236
decision_type=10 8 10 2 10 8 10 10 10 10 10 10 10 8
left_child=3 2 -2 13 -5 -3 10 9 -9 12 -6 -10 -4 -1
right_child=1 5 7 4 6 -7 -8 8 11 -11 -12 -13 -14 -15
leaf_value=-0.00017727303316217112 -0.0010892992945218628 -0.00060160416364617121 -0.0015371128837863097 -0.0018859502945193336 0.0077549674591192832 -0.0029378703041153371 -0.001364579878885437 0.0044017352654238144 -0.00060796698419778028 0.0064216320649270091 0.002578789120258686 -0.0059166014939546589 0.0019760828085305048 0.00011592353865251946
leaf_weight=8174 275 221 49 38 26 198 27 31 158 31 96 20 167 15068
leaf_count=8174 275 221 49 38 26 198 27 31 158 31 96 20 167 15068
internal_value=-1.05324e-12 -0.000555121 0.000104328 2.72478e-05 0.00182183 -0.00170562 0.00276744 0.000824169 -0.000372904 0.00183708 0.00368191 -0.00120444 0.00117911 1.2809e-05
internal_weight=24579 1150 731 23429 187 419 149 456 209 247 122 178 216 23242
internal_count=24579 1150 731 23429 187 419 149 456 209 247 122 178 216 23242
is_linear=0
shrinkage=0.04


Tree=129
num_leaves=15
num_cat=0
split_feature=42 59 23 8 23 19 88 25 67 98 25 41 85 25
split_gain=0.233327 0.591474 0.585047 0.557319 0.461157 0.435989 0.55956 0.657073 0.607633 0.633382 0.56637 0.430215 0.404939 0.474242
threshold=-0.10422788682165716 571274908.09433341 0.02518545606277842 -0.18595703351148787 0.012913811421530716 0.014476505542366755 0.79165788226332667 0.019625335113535904 1.4643966071428574 0.62500000000000011 0.014163841804088487 -0.051784650629182964 -0.062592016306356135 0.023014812902047196
decision_type=8 10 10 8 10 10 10 10 10 10 10 10 10 10
left_child=1 5 12 4 -2 -1 7 8 9 10 11 -7 -3 -14
right_child=3 2 -4 -5 -6 6 -8 -9 -10 -11 -12 -13 13 -15
leaf_value=-0.00095401296044777455 -0.0021592324087861925 -0.0012391393423918805 0.0026291460605754862 -6.8448948109062862e-06 -0.0003018980710211591 0.00073578437504145391 0.0004397473623237206 -0.0042510280162096027 0.0060427502220409225 0.0086890944696608047 0.00022159253109545145 0.0043608079247937446 -0.00016780333454510986 0.0026215215549224391
leaf_weight=180 350 546 114 20169 550 83 772 25 64 21 237 142 1220 106
leaf_count=180 350 546 114 20169 550 83 772 25 64 21 237 142 1220 106
internal_value=3.20548e-13 0.000301946 -0.000152914 -5.03028e-05 -0.00102419 0.000894696 0.00114229 0.00209048 0.00238031 0.00189502 0.0015862 0.00302358 -0.000322334 5.51744e-05
internal_weight=24579 3510 1986 21069 900 1524 1344 572 547 483 462 225 1872 1326
internal_count=24579 3510 1986 21069 900 1524 1344 572 547 483 462 225 1872 1326
is_linear=0
shrinkage=0.04


Tree=130
num_leaves=15
num_cat=0
split_feature=42 8 14 50 22 76 67 90 88 8 44 86 87 6
split_gain=0.229568 0.745327 0.683639 0.643816 0.521989 0.495547 0.580955 0.494563 0.831849 0.430065 0.480099 0.526711 0.434856 0.531626
threshold=-0.0013896451836031829 0.22713540136536994 -0.16194785606550308 -0.22219463021075311 0.030758354402219194 0.02170404251708891 1.3187625000000003 2.8432794203493836e-11 0.55485020747355129 0.042817775930292908 0.23076923076923056 0.33051194439826242 -0.70904287496822882 0.024821275460084283
decision_type=8 8 10 10 10 10 10 10 10 8 10 10 8 8
left_child=1 4 -3 5 -1 -4 -7 8 -5 10 11 -2 -11 -14
right_child=9 2 3 7 -6 6 -8 -9 -10 12 -12 -13 13 -15
leaf_value=1.5910846116825816e-05 0.00055534937780670336 -0.00081564611305588014 -0.0015340013945551248 0.00060308123405169078 0.0024682332965560222 0.00027866221958969685 0.0051617883701549202 0.0020579946150719006 0.0080329770188497969 -0.00062502911352399048 -0.0011450849562040183 -0.00086677848225043643 0.00045311422230880327 -0.00013764221066669673
leaf_weight=9218 904 168 98 36 141 108 61 154 73 1516 1212 773 4094 6023
leaf_count=9218 904 168 98 36 141 108 61 154 73 1516 1212 773 4094 6023
internal_value=-9.154e-13 0.000146897 0.00140781 0.00211261 5.28568e-05 0.000728961 0.00204121 0.0035173 0.00557907 -0.000101731 -0.000538535 -0.000100169 6.74688e-06 0.000101416
internal_weight=24579 10057 698 530 9359 267 169 263 109 14522 2889 1677 11633 10117
internal_count=24579 10057 698 530 9359 267 169 263 109 14522 2889 1677 11633 10117
is_linear=0
shrinkage=0.04


Tree=131
num_leaves=15
num_cat=0
split_feature=22 20 98 74 8 48 57 92 30 67 99 67 42 57
split_gain=0.22804 0.372503 0.559777 0.284758 0.562662 0.360516 0.270573 0.262455 0.694327 0.330746 0.249289 0.247132 0.437435 0.489887
threshold=0.0062103175699826868 0.015750666883167275 0.53390804597701158 -0.44432170462269954 0.11062774627169226 -0.15770101637779607 612422202.76775014 1.0000000180025095e-35 -0.16969252154573258 1.2627537500000001 4.5000000000000009 6.050040000000001 0.14493721943589091 2968902716.3347507
decision_type=10 8 8 8 10 10 10 2 10 10 2 8 8 10
left_child=3 2 6 4 -1 -6 -2 -5 -9 -10 11 -3 13 -13
right_child=1 10 -4 7 5 -7 -8 8 9 -11 -12 12 -14 -15
leaf_value=-0.00019571153390672175 0.0013660275170756862 7.0264572231492378e-06 -0.00069604093744220512 -0.00053783661824908385 -0.00094315369168053496 0.0048093125151677267 0.0044907760985043585 0.0062411545042414217 0.0021042217928916216 -0.00076673792631351849 -0.0009916165975857893 -4.6153671418627107e-05 0.00043475236733039635 0.0067915422062536602
leaf_weight=252 466 18997 234 2878 23 72 49 32 90 224 384 30 810 38
leaf_count=252 466 18997 234 2878 23 72 49 32 90 224 384 30 810 38
internal_value=1.50633e-14 5.02327e-05 0.000926226 -0.000295516 0.000793253 0.00341661 0.00166333 -0.0004127 0.000628172 5.61486e-05 1.78461e-05 3.73497e-05 0.000693444 0.00377491
internal_weight=24579 21008 749 3571 347 95 515 3224 346 314 20259 19875 878 68
internal_count=24579 21008 749 3571 347 95 515 3224 346 314 20259 19875 878 68
is_linear=0
shrinkage=0.04


Tree=132
num_leaves=15
num_cat=0
split_feature=96 42 97 50 6 68 90 38 42 42 76 22 25 98
split_gain=0.227794 0.505435 0.346076 0.332499 0.320339 0.291396 0.329834 0.520755 0.320075 0.317447 0.321603 0.290747 0.748229 0.407741
threshold=0.36700680272108849 0.12816957951509747 0.65833333333333344 -0.46504941062931704 -0.10987493811120989 3.0322008333333339 2.8905537734088549e-11 -0.25044763056253394 -0.24863359352293921 -0.05887457282732627 -0.51659188693125246 0.0083642811271956181 0.0083866724040915826 0.54950980392156878
decision_type=8 10 10 8 10 10 10 8 10 8 10 10 8 10
left_child=1 5 3 -2 -3 6 8 -8 -1 -9 -11 -5 13 -13
right_child=2 4 -4 11 -6 -7 7 9 -10 10 -12 12 -14 -15
leaf_value=-0.0043453775149057891 0.0016756555591599224 0.0015595616514866167 -0.00088438696739975885 -0.00024243250053948787 0.0081178004565564069 0.0049312688020819971 0.0061532586437117844 0.0016221030573343751 -0.00028808770011862374 0.003689947755810863 -0.00049592391076316421 0.0027814941091377186 4.2193859275258566e-05 -0.0023332715767901391
leaf_weight=34 188 26 730 6367 22 22 28 276 366 32 357 228 15875 28
leaf_count=34 188 26 730 6367 22 22 28 276 366 32 357 228 15875 28
internal_value=-1.32294e-12 0.000546406 -2.71383e-05 4.46623e-07 0.00456542 0.00037339 0.000281649 0.00080956 -0.000632957 0.000584562 -0.000151585 -1.35519e-05 7.67886e-05 0.00222207
internal_weight=24579 1163 23416 22686 48 1115 1093 693 400 665 389 22498 16131 256
internal_count=24579 1163 23416 22686 48 1115 1093 693 400 665 389 22498 16131 256
is_linear=0
shrinkage=0.04


Tree=133
num_leaves=15
num_cat=0
split_feature=94 94 23 73 58 48 23 24 18 32 6 86 88 20
split_gain=0.226157 0.308185 0.475471 0.40842 0.390746 0.372884 0.388004 0.36589 0.358381 0.594878 0.443293 0.349472 0.343418 0.334289
threshold=4.5000000000000009 2.5000000000000004 0.029386159585410333 -0.35026032749336494 1214912766.4961252 -0.29961330691228216 0.01276509084608027 0.022886121518059469 0.051183751555055453 -0.31710185437687477 0.30359495740239012 -0.068182396728505498 1.342969344279292 0.032315000485200751
decision_type=2 2 10 10 10 8 10 10 10 10 8 10 10 10
left_child=1 2 5 -4 -5 6 -1 13 10 -10 -9 -6 -3 -7
right_child=-2 12 3 4 11 7 -8 8 9 -11 -12 -13 -14 -15
leaf_value=-0.0040010550586790173 -0.004149255659431219 0.00079017496565020936 -0.0053968151803645828 0.0012493261874891577 -0.0033851382352516118 -4.9951902381812655e-05 0.0013150623999655072 -0.00073906983718851032 0.0050337332669039107 -0.0006754150309054419 -0.0035851274637712371 -0.00060979207737170903 0.0059145960076288744 0.00037094190970978261
leaf_weight=23 21 428 36 98 116 18555 489 758 43 91 99 194 22 3606
leaf_count=23 21 428 36 98 116 18555 489 758 43 91 99 194 22 3606
internal_value=-7.19546e-13 3.5481e-06 -1.58114e-05 -0.00131267 -0.000952308 8.52119e-06 0.00107625 -1.50914e-05 -0.000767058 0.00115663 -0.00106784 -0.00164831 0.0010407 1.85352e-05
internal_weight=24579 24558 24108 444 408 23664 512 23152 991 134 857 310 450 22161
internal_count=24579 24558 24108 444 408 23664 512 23152 991 134 857 310 450 22161
is_linear=0
shrinkage=0.04


Tree=134
num_leaves=15
num_cat=0
split_feature=54 57 58 32 42 23 41 89 68 29 21 98 66 53
split_gain=0.222498 0.342638 0.249028 0.653929 0.427927 0.447877 0.38633 0.559735 0.389118 0.622232 0.375452 0.435253 0.396509 0.487526
threshold=2.0941914746818728 8204239923.5682507 3433199435.3571253 -0.47423442367304625 0.48573735093727594 0.01760110062108456 -0.12162536782194226 8.100681039443376e-12 3.8531483333333338 0.017824342836762899 0.041194174617891328 0.41742424242424248 8.4879275000000014 0.81080698106624349
decision_type=10 10 10 10 10 10 10 10 10 10 10 8 10 10
left_child=1 2 4 -4 10 -6 7 -5 9 -8 12 -12 13 -1
right_child=-2 -3 3 6 5 -7 8 -9 -10 -11 11 -13 -14 -15
leaf_value=-1.3871279654590037e-06 -0.0020077180338491664 0.0032507172249069509 0.002591097084421319 0.0027352457224093019 -0.0011901830206392334 0.0032943574945262124 0.0007310062697344291 -0.0022926417948824734 -0.00015813834361549581 -0.0024919821813825511 -0.0012144202314539143 0.0023917352298815494 0.0023192254339671164 -0.0024770074542902875
leaf_weight=22528 88 52 97 103 50 124 122 54 388 447 72 209 117 128
leaf_count=22528 88 52 97 103 50 124 122 54 388 447 72 209 117 128
internal_value=7.4802e-13 7.21405e-06 3.12693e-07 -0.000558899 2.94674e-05 0.0020057 -0.000833181 0.00100591 -0.00113489 -0.00180094 1.45518e-05 0.00146774 -3.3793e-06 -1.53737e-05
internal_weight=24579 24491 24439 1211 23228 174 1114 157 957 569 23054 281 22773 22656
internal_count=24579 24491 24439 1211 23228 174 1114 157 957 569 23054 281 22773 22656
is_linear=0
shrinkage=0.04


Tree=135
num_leaves=15
num_cat=0
split_feature=13 32 19 65 8 45 54 25 25 65 22 29 58 30
split_gain=0.218444 0.371306 0.448012 0.294071 0.270138 0.566353 0.618882 0.587944 0.535471 0.603747 0.731924 0.455779 0.453177 0.450098
threshold=-0.15777619724988143 -0.26009828759523512 0.034456386642041668 9.6791350000000005 0.0093662200824858894 0.83988954088126166 0.069816122481598755 0.013099359270112796 0.015488281471417521 1.0130450000000002 0.014953238325922909 0.012009610967127599 388224125.18625009 -0.29730560578661835
decision_type=10 8 10 10 8 10 10 10 10 10 10 10 10 8
left_child=1 -1 -3 4 5 6 7 12 -9 11 -11 -10 -2 -6
right_child=3 2 -4 -5 13 -7 -8 8 9 10 -12 -13 -14 -15
leaf_value=0.00017226414877529207 0.00037705750636837315 -0.00055249042240453278 -0.0028076510843378622 0.0040573164396758739 -0.0020355688213060299 0.0014100468442201205 -0.00044516814628830012 0.0016355554011683703 -6.3507479010565602e-05 -0.0020060724079595895 0.00073055131434112037 0.003388008685799799 -0.0008937242935822716 0.00016799021236326949
leaf_weight=798 898 663 179 29 150 365 5848 690 112 286 345 135 898 13183
leaf_count=798 898 663 179 29 150 365 5848 690 112 286 345 135 898 13183
internal_value=-8.15689e-13 -0.000445978 -0.00103191 3.18847e-05 2.67892e-05 -0.000135276 -0.000196505 0.000235772 0.000801725 0.000146437 -0.00050982 0.00182295 -0.000258333 0.0001432
internal_weight=24579 1640 842 22939 22910 9577 9212 3364 1568 878 631 247 1796 13333
internal_count=24579 1640 842 22939 22910 9577 9212 3364 1568 878 631 247 1796 13333
is_linear=0
shrinkage=0.04


Tree=136
num_leaves=15
num_cat=0
split_feature=87 41 20 56 25 20 86 90 42 31 92 66 66 30
split_gain=0.218327 0.512782 0.782342 0.898702 0.457154 0.79209 0.875273 0.440199 0.569922 0.780129 1.1903 0.550728 0.899512 0.653499
threshold=-0.020666684795755185 0.1427923561400736 0.039857464826694215 3355467797.9830003 0.012514787222244762 0.032100229978074511 0.028479331830467542 4.9193413319418695e-11 0.013741216752786058 -0.16313827149831975 1.5000000000000002 1.5538775000000002 2.6316575000000006 -0.05616103827969348
decision_type=8 10 10 10 8 8 10 10 10 10 2 10 10 10
left_child=-1 7 4 -4 -3 -6 -7 -2 -9 10 11 13 -13 -10
right_child=1 2 3 -5 5 6 -8 8 9 -11 -12 12 -14 -15
leaf_value=-0.00016100119491990777 5.4271236864225116e-05 0.00092110383114648773 -0.0046740458134768735 0.00085110780096978738 -0.0019726198517694359 0.0047549303066200359 -0.00031345196765056706 0.00015302563788113872 0.0020032541710383227 0.00059447672883537273 6.1133055259352147e-05 0.012837245137460771 0.0032012265262704705 0.0085114358155988154
leaf_weight=8704 11788 373 144 70 424 65 338 1623 108 710 138 31 31 32
leaf_count=8704 11788 373 144 70 424 65 338 1623 108 710 138 31 31 32
internal_value=-1.10832e-12 8.82743e-05 -0.000638741 -0.00286675 -0.000241413 -0.00076574 0.000504029 0.000159362 0.000622815 0.00134898 0.00292455 0.00488074 0.00801924 0.00349084
internal_weight=24579 15875 1414 214 1200 827 403 14461 2673 1050 340 202 62 140
internal_count=24579 15875 1414 214 1200 827 403 14461 2673 1050 340 202 62 140
is_linear=0
shrinkage=0.04


Tree=137
num_leaves=15
num_cat=0
split_feature=42 8 17 68 65 77 32 32 19 25 25 19 66 57
split_gain=0.220943 0.683036 0.617357 0.527521 0.560071 0.425365 0.428616 0.891983 0.628374 0.700705 0.861687 0.447882 0.575632 0.568678
threshold=-0.0013896451836031829 1.3497038036604911 0.051519040841138265 0.93803666666666674 3.4560950000000008 -0.039488594955428884 -0.26733185674165427 -0.22605432062951006 0.014640731346576917 0.015128461046659016 0.014972969149714577 0.017349143086849608 0.53389000000000009 238058154.13124999
decision_type=8 8 10 10 10 2 10 10 10 10 10 10 10 10
left_child=1 2 5 -3 -5 -1 11 8 -8 10 -10 -7 -13 -14
right_child=-2 3 -4 4 -6 6 7 -9 9 -11 -12 12 13 -15
leaf_value=0.0015656345750762724 -9.9802009290324184e-05 0.00044190789379331004 0.0038243161621170918 0.0049439324410632248 -0.00042297153852164878 -0.0014490861539511984 -0.0010040444682128606 -0.00023586837682447535 0.0014167070135333579 -0.00098567135264657105 0.0089086973398923869 0.0060626704730869585 0.0017110315834544599 -0.00024745726636622722
leaf_weight=289 14522 189 70 120 42 440 228 2138 1404 199 25 24 250 4639
leaf_count=289 14522 189 70 120 42 440 228 2138 1404 199 25 24 250 4639
internal_value=-5.72754e-14 0.000144111 8.14236e-05 0.00187757 0.00355251 5.42336e-05 7.50258e-06 0.000321086 0.000962663 0.0012381 0.00154778 -0.000226469 -0.000116974 -0.00014731
internal_weight=24579 10057 9706 351 162 9636 9347 3994 1856 1628 1429 5353 4913 4889
internal_count=24579 10057 9706 351 162 9636 9347 3994 1856 1628 1429 5353 4913 4889
is_linear=0
shrinkage=0.04


Tree=138
num_leaves=15
num_cat=0
split_feature=39 30 38 8 58 18 90 24 58 23 6 54 90 66
split_gain=0.223464 0.332271 0.454838 0.584508 0.359164 0.354775 0.319279 0.387 0.697186 0.435134 0.526349 0.377825 0.392076 0.44582
threshold=-0.024718599843163099 -0.21590620851897122 -0.10231057435987882 0.7159024468696652 3270512022.983501 0.030992079208194079 3.808778025133707e-11 0.018027047308939576 342457721.46175003 0.020481014984912952 -0.031409931282722507 0.057786227291930843 5.5581668358001007e-11 2.0857875000000003
decision_type=8 8 10 10 10 10 10 10 10 10 10 10 10 10
left_child=6 2 5 -4 -5 -2 -1 8 -8 11 -11 -10 -13 -14
right_child=1 -3 3 4 -6 -7 7 -9 9 10 -12 12 13 -15
leaf_value=4.0987964718772172e-05 -0.0024895620777864347 -4.4144126489273777e-05 -0.0030081607788716531 0.0055995679354029042 -0.00078237012995212058 0.0017238140527286337 0.00025836040899100568 -0.00047505600142771571 0.0050051624648272995 0.010119014447150023 0.0025588504597544672 0.00068627311086839101 0.0090519976615905766 0.0019857522111386061
leaf_weight=4814 44 17721 231 21 43 117 746 352 50 23 41 306 20 50
leaf_count=4814 44 17721 231 21 43 117 746 352 50 23 41 306 20 50
internal_value=-2.75946e-13 -7.15777e-05 -0.0011377 -0.00207097 0.0013117 0.000572332 0.000203228 0.000695058 0.00102829 0.00220048 0.00527578 0.00173846 0.00130406 0.00400468
internal_weight=24579 18177 456 295 64 161 6402 1588 1236 490 64 426 376 70
internal_count=24579 18177 456 295 64 161 6402 1588 1236 490 64 426 376 70
is_linear=0
shrinkage=0.04


Tree=139
num_leaves=15
num_cat=0
split_feature=13 98 54 8 87 86 19 57 42 19 30 6 28 43
split_gain=0.213046 0.286094 0.514303 0.410194 0.344698 0.318808 0.366897 0.458808 0.369652 0.481973 0.386484 0.367742 0.362977 0.486664
threshold=0.042771792200202226 0.50423728813559332 0.13928320993249524 -0.18947368421052627 0.11497391269477931 -0.2622879338101699 0.022613760373305994 450474798.3350001 0.41686917338804425 0.047952987931059725 -0.29730560578661835 -0.062883666629006171 0.01416356183175403 0.25000000000000033
decision_type=10 8 8 8 10 10 10 10 8 10 10 10 10 10
left_child=-1 2 3 -2 -3 -4 7 -7 10 -10 -8 -12 -9 -14
right_child=1 4 5 -5 -6 6 8 12 9 -11 11 -13 13 -15
leaf_value=-6.8915288291631399e-05 -0.0001293974668440742 -0.00059216345859409579 -0.00096678799421928783 0.0018924354784546843 0.00027026963116406937 3.3389108584207646e-06 -0.0040016843512272219 0.0017250664493136962 0.0031233408821312943 6.7097822081689775e-05 0.0012748514112698301 -0.00028817628699929863 0.011332839022390543 0.0027115345249926165
leaf_weight=18309 221 1230 338 587 1867 85 39 48 146 190 303 1174 20 22
leaf_count=18309 221 1230 338 587 1867 85 39 48 146 190 303 1174 20 22
internal_value=-1.39574e-13 0.000201239 0.000468181 0.00133943 -7.2253e-05 0.000170518 0.000360162 0.00211084 0.000194736 0.00139511 -7.13092e-05 3.24719e-05 0.00410126 0.00681692
internal_weight=24579 6270 3173 808 3097 2365 2027 175 1852 336 1516 1477 90 42
internal_count=24579 6270 3173 808 3097 2365 2027 175 1852 336 1516 1477 90 42
is_linear=0
shrinkage=0.04


Tree=140
num_leaves=15
num_cat=0
split_feature=32 24 54 31 86 31 42 95 32 57 24 20 88 32
split_gain=0.208872 0.417765 0.297991 0.231299 0.689353 0.501721 0.430979 0.464192 0.404733 0.353945 0.304144 0.658565 0.575163 0.612684
threshold=-0.090710528603148585 0.0081196364244623207 0.68560193333892128 -0.081413637072866238 0.48281844577864347 -0.087059003880025784 0.22815645084950079 0.65833333333333344 -0.18679415086826853 1348208620.87275 0.0086563377024161236 0.017233692112752361 0.3916357609093401 -0.23777705232629473
decision_type=10 10 10 10 10 10 10 10 10 10 8 8 10 10
left_child=3 -2 -3 5 6 10 7 8 -5 -6 -1 12 -12 -14
right_child=1 2 -4 4 9 -7 -8 -9 -10 -11 11 -13 13 -15
leaf_value=-0.00052500196931465869 0.0042685740329325202 -0.0011503818080129491 -0.0055430924095984163 -0.00012518489614571208 -0.00075390046812942992 -0.001582751479111583 -0.0030156751970450086 0.0051487787147717814 0.0021230396516438315 0.0030205781205535627 -0.0014203621888443372 2.0684567824143913e-06 0.0039514661627211446 0.0010002731907101132
leaf_weight=1611 20 167 29 198 526 323 33 56 363 43 114 20448 145 503
leaf_count=1611 20 167 29 198 526 323 33 56 363 43 114 20448 145 503
internal_value=-5.94581e-13 -0.00123839 -0.00180032 1.09794e-05 0.00054801 -1.73061e-05 0.00143799 0.00167619 0.00132955 -0.000468659 4.85064e-06 4.50955e-05 0.00119971 0.00166065
internal_weight=24579 216 196 24363 1219 23144 650 617 561 569 22821 21210 762 648
internal_count=24579 216 196 24363 1219 23144 650 617 561 569 22821 21210 762 648
is_linear=0
shrinkage=0.04


Tree=141
num_leaves=15
num_cat=0
split_feature=76 31 31 8 59 66 31 50 68 87 5 42 32 31
split_gain=0.208237 0.548678 0.560985 0.707321 0.635118 0.625347 0.558751 0.609109 0.53757 0.494212 0.516218 0.456916 0.440753 0.397561
threshold=-0.24248483096932641 -0.11541640761883236 -0.15989919535592603 -0.18595703351148787 4074698287.7453341 0.35379750000000004 -0.16043009167901698 -0.30184944140788816 1.4326325000000004 0.40470509097034374 -0.08238311316829626 0.018800052496731227 -0.25194296248997422 -0.22212007093236466
decision_type=8 8 10 10 10 10 10 10 10 10 10 8 8 8
left_child=1 2 3 4 8 -5 7 -7 -1 -9 -11 -10 -3 -2
right_child=13 12 -4 5 -6 6 -8 9 11 10 -12 -13 -14 -15
leaf_value=0.0003539100882936335 -0.00044557782691901298 0.0055440271989657328 -0.00058356934499701374 0.0056605427927876777 0.0065879095494747169 0.0014389102356486684 0.0056097814679721041 -0.00026315540984325156 -0.0020555344278984219 -0.0003204737860737979 0.0013022879914476393 -0.00014756724541275669 0.0011139824711751418 2.3891963363681937e-05
leaf_weight=569 3671 39 1556 38 20 805 34 1666 473 473 931 349 457 13498
leaf_count=569 3671 39 1556 38 20 805 34 1666 473 473 931 349 457 13498
internal_value=-4.6876e-13 0.000177223 8.50326e-05 0.000279199 -0.000489465 0.000553987 0.000504345 0.000459549 -0.000591225 0.000202746 0.000755588 -0.00124546 0.00146231 -7.6488e-05
internal_weight=24579 7410 6914 5358 1411 3947 3909 3875 1391 3070 1404 822 496 17169
internal_count=24579 7410 6914 5358 1411 3947 3909 3875 1391 3070 1404 822 496 17169
is_linear=0
shrinkage=0.04


Tree=142
num_leaves=15
num_cat=0
split_feature=42 59 8 23 67 65 41 6 28 85 29 50 65 86
split_gain=0.214951 0.500419 0.492878 0.46205 0.420902 0.446185 0.415354 0.399156 0.368298 0.360901 0.433711 0.593732 0.517963 0.412799
threshold=-0.10422788682165716 571274908.09433341 -0.18947368421052627 0.02518545606277842 0.97418875000000005 1.4084800000000002 -0.085224135170811496 -0.14663847238335295 0.0092204397346235447 -0.062592016306356135 0.014593122564515055 -0.41324093234726084 0.9566300000000002 0.084024941990560306
decision_type=8 10 8 10 10 10 10 10 10 10 10 10 10 10
left_child=1 7 4 9 6 -6 -2 8 -1 -3 -11 -12 -13 -14
right_child=2 3 -4 -5 5 -7 -8 -9 -10 10 11 12 13 -15
leaf_value=0.0047230248839447379 0.0060165730044245726 -0.0011446540255064142 -8.5407365008185075e-06 0.0023438087221757885 -0.0027404710742760094 -0.00059548774235766418 -3.0565065221776767e-05 0.00059961945815719124 0.0010445933919554055 -0.00100023323692352 0.0031124799311648878 0.0044773483234235925 0.0021047619230388404 -0.00049180382032881472
leaf_weight=76 20 546 20216 114 271 363 199 1346 102 412 126 42 116 630
leaf_count=76 20 546 20216 114 271 363 199 1346 102 412 126 42 116 630
internal_value=2.40888e-12 0.000289812 -4.82814e-05 -0.000128573 -0.00099013 -0.00151235 0.000521685 0.00083503 0.00261516 -0.000279135 7.72556e-05 0.000562951 0.000155285 -8.80483e-05
internal_weight=24579 3510 21069 1986 853 634 219 1524 178 1872 1326 914 788 746
internal_count=24579 3510 21069 1986 853 634 219 1524 178 1872 1326 914 788 746
is_linear=0
shrinkage=0.04


Tree=143
num_leaves=15
num_cat=0
split_feature=21 24 23 42 24 37 86 20 20 90 29 67 58 90
split_gain=0.208057 0.428954 0.589177 0.448893 0.343858 0.319552 0.304423 0.503013 0.45312 0.422052 0.511223 0.335259 0.303707 0.503094
threshold=0.020303978218791641 0.015266290020790921 0.020828133547058664 -0.19197291891037907 0.016754758767636376 0.47955764656498973 0.86996124093975358 0.028861345755991419 0.022802981493725814 2.100368463026448e-11 0.022129763239157069 2.0257625000000004 7032673695.4725008 6.96225609915401e-11
decision_type=10 8 8 10 8 10 10 10 10 10 10 10 8 8
left_child=5 3 -3 -2 -4 -1 7 8 -5 -9 11 -11 13 -6
right_child=1 2 4 6 12 -7 -8 9 -10 10 -12 -13 -14 -15
leaf_value=-3.9795481939433051e-05 0.006674420613456856 -0.00070647814846645535 0.0024546162996739443 0.0019189218078584723 0.00030139443278110286 -0.0022213261096233816 -0.00043948354307074279 -0.0003838868640984098 -0.00036560872244490556 0.0031968840661769113 -0.00013386020944877104 0.0091769288182258612 0.0017218845872493047 -0.0026679125906342699
leaf_weight=20480 22 1093 128 285 1553 108 210 30 271 24 22 40 216 97
leaf_count=20480 22 1093 128 285 1553 108 210 30 271 24 22 40 216 97
internal_value=-6.31285e-13 0.000264323 3.99143e-05 0.00103064 0.000449045 -5.12393e-05 0.000889866 0.00130529 0.000805419 0.00370121 0.00512625 0.00693441 0.000311471 0.000126835
internal_weight=24579 3991 3087 904 1994 20588 882 672 556 116 86 64 1866 1650
internal_count=24579 3991 3087 904 1994 20588 882 672 556 116 86 64 1866 1650
is_linear=0
shrinkage=0.04


Tree=144
num_leaves=15
num_cat=0
split_feature=80 42 8 66 32 32 19 20 32 89 89 23 31 68
split_gain=0.205566 0.340343 0.502733 0.52401 0.485194 0.720794 0.649587 0.714929 0.632703 0.539609 0.720311 0.49718 0.448293 0.409439
threshold=0.017380509000620641 -0.0040804355033751674 1.3497038036604911 6.9840800000000014 -0.26733185674165427 -0.22605432062951006 0.024434890259556336 0.023375057053369491 -0.26451100508942166 1.8685576536451279e-11 1.3161018664724309e-11 0.023215943404701813 -0.10462978260869558 0.93803666666666674
decision_type=10 8 8 10 10 10 10 10 10 10 10 10 10 10
left_child=-1 2 3 4 11 6 7 8 -6 10 -9 -2 -8 -4
right_child=1 -3 13 -5 5 -7 12 9 -10 -11 -12 -13 -14 -15
leaf_value=-0.00027362019104932054 -0.0001861183643000434 -7.9655112922387108e-05 0.00015520447117052283 0.0065056687912770682 0.0040295330204671619 -5.9925447973602664e-05 0.00037700464758966273 0.0024094019201584163 0.00079072055882020991 0.0025569239341626492 0.011260273884381018 0.0012195882493801844 -0.0035069059594111007 0.0034181631008371504
leaf_weight=3727 4513 12770 108 21 111 1387 351 28 739 153 31 442 55 143
leaf_count=3727 4513 12770 108 21 111 1387 351 28 739 153 31 442 55 143
internal_value=2.66377e-13 4.89057e-05 0.000252039 0.000195559 0.000178592 0.000593938 0.00121172 0.00173198 0.00121367 0.0038101 0.00705986 -6.07254e-05 -0.000149141 0.00201418
internal_weight=24579 20852 8082 7831 7810 2855 1468 1062 850 212 59 4955 406 251
internal_count=24579 20852 8082 7831 7810 2855 1468 1062 850 212 59 4955 406 251
is_linear=0
shrinkage=0.04


Tree=145
num_leaves=15
num_cat=0
split_feature=76 31 31 8 66 59 31 50 87 20 5 28 18 68
split_gain=0.20592 0.503589 0.516749 0.639245 0.577617 0.566087 0.515089 0.564899 0.565239 0.492186 0.439744 0.404822 0.406468 0.547461
threshold=-0.24248483096932641 -0.11541640761883236 -0.15989919535592603 -0.18595703351148787 0.35379750000000004 4074698287.7453341 -0.16043009167901698 -0.28711505675474752 -0.2672578945748188 0.027373481479017935 -0.080916734105838259 0.010714701950559324 0.021562578772933178 1.4578300000000002
decision_type=8 10 10 10 10 10 10 10 10 10 10 10 10 10
left_child=1 2 3 5 -5 9 7 11 -9 -1 -10 12 -6 -14
right_child=-2 -3 -4 4 6 -7 -8 8 10 -11 -12 -13 13 -15
leaf_value=4.8640699102850102e-05 -7.6061309084442857e-05 0.0014073894186203101 -0.0005537863580930137 0.0054433034124514576 0.00083241572048079794 0.006225221201777458 0.0053896898884490578 -0.00075674045304919765 -0.00030339078782363088 -0.0014942487066450984 0.00092870348984271155 0.00072639286084770992 0.0075959187610582868 0.0024289196323560077
leaf_weight=849 17169 496 1556 38 138 20 34 789 708 542 1342 725 44 129
leaf_count=849 17169 496 1556 38 138 20 34 789 708 542 1342 725 44 129
internal_value=-1.34423e-12 0.000176234 8.79131e-05 0.000274267 0.000535497 -0.000456472 0.000487787 0.000444777 0.00015303 -0.000552543 0.00050318 0.00124427 0.00245153 0.00374307
internal_weight=24579 7410 6914 5358 3947 1411 3909 3875 2839 1391 2050 1036 311 173
internal_count=24579 7410 6914 5358 3947 1411 3909 3875 2839 1391 2050 1036 311 173
is_linear=0
shrinkage=0.04


Tree=146
num_leaves=15
num_cat=0
split_feature=32 32 86 68 32 8 23 25 80 31 6 68 68 98
split_gain=0.202878 0.452179 0.610513 0.481718 0.438346 0.429114 0.285809 0.283434 0.281753 0.330736 0.676518 0.553939 0.499469 0.536316
threshold=-0.10222426807591443 -0.11732698561520437 0.57521170135172162 1.3825375000000004 -0.12864980263162742 0.55715412843998557 0.0060398934655066855 0.010328367996826621 0.016393442622950758 -0.21862863326579982 0.024821275460084283 0.82705333333333331 2.6905375 0.6083333333333335
decision_type=10 10 10 10 10 10 10 10 10 10 10 8 10 10
left_child=1 4 3 7 8 6 -2 -3 -1 10 11 -10 -13 -14
right_child=5 2 -4 -5 -6 -7 -8 -9 9 -11 -12 12 13 -15
leaf_value=-0.00035430803192441082 -0.0028836531893660627 0.0033635420906092455 -0.00034661210351066287 0.00021315060293254179 -0.0011693004205298502 -0.003577816747625669 7.9830119145211532e-05 0.0082930800064720898 0.0019977299984962997 0.00019233636977252207 -0.00086643500493795405 -0.00030681223390406626 0.00040067610057075716 0.005262789437673181
leaf_weight=2829 60 123 188 78 507 75 394 22 227 13035 1615 3474 1915 37
leaf_count=2829 60 123 188 78 507 75 394 22 227 13035 1615 3474 1915 37
internal_value=-3.77743e-13 1.70438e-05 0.00133242 0.00274793 -5.82612e-06 -0.000774863 -0.00031182 0.00411147 1.96745e-05 7.17849e-05 -0.000144422 6.18498e-05 -1.91389e-05 0.000492837
internal_weight=24579 24050 411 223 23639 529 454 145 23132 20303 7268 5653 5426 1952
internal_count=24579 24050 411 223 23639 529 454 145 23132 20303 7268 5653 5426 1952
is_linear=0
shrinkage=0.04


Tree=147
num_leaves=15
num_cat=0
split_feature=39 30 38 8 58 18 25 90 24 58 23 6 50 90
split_gain=0.200682 0.301011 0.401887 0.528286 0.330232 0.318873 0.298761 0.282363 0.339061 0.643838 0.395456 0.481351 0.340244 0.312084
threshold=-0.024718599843163099 -0.21590620851897122 -0.10231057435987882 0.7159024468696652 3270512022.983501 0.028421149166691844 0.027400874887392266 3.808778025133707e-11 0.018027047308939576 342457721.46175003 0.020481014984912952 -0.031409931282722507 -0.39122963650369946 5.5581668358001007e-11
decision_type=8 8 10 10 10 10 10 10 10 10 10 10 10 10
left_child=7 2 5 -4 -5 -2 -3 -1 9 -9 12 -12 -11 -14
right_child=1 6 3 4 -6 -7 -8 8 -10 10 11 -13 13 -15
leaf_value=4.0017574781225951e-05 -0.003440912074788853 -5.027924011786862e-05 -0.0028508088801326272 0.0053675869799086028 -0.00075191312705080011 0.001323920087767209 0.0031097445602063091 0.00022713857785287226 -0.00044013170700385343 0.0064973140711134126 0.009656793572332548 0.0024270167074552395 0.00088027113737607467 0.0038176762139690776
leaf_weight=4814 27 17673 231 21 43 134 48 746 352 22 23 41 334 70
leaf_count=4814 27 17673 231 21 43 134 48 746 352 22 23 41 334 70
internal_value=-1.2353e-12 -6.78311e-05 -0.00108256 -0.00195983 0.00125605 0.000524849 -4.17198e-05 0.000192591 0.000655114 0.000967029 0.00209347 0.00502522 0.00165303 0.00138923
internal_weight=24579 18177 456 295 64 161 17721 6402 1588 1236 490 64 426 404
internal_count=24579 18177 456 295 64 161 17721 6402 1588 1236 490 64 426 404
is_linear=0
shrinkage=0.04


Tree=148
num_leaves=15
num_cat=0
split_feature=54 57 66 92 58 37 21 98 39 88 58 55 46 54
split_gain=0.198774 0.311092 0.225996 0.513159 0.326826 0.283063 0.274121 0.489048 0.31599 0.303664 0.560815 0.440213 0.536756 0.32682
threshold=2.0941914746818728 8204239923.5682507 8.4879275000000014 4.5000000000000009 1805520721.1638751 0.47955764656498973 0.041194174617891328 0.41742424242424248 0.050340856569009003 4.8320994128874544 369772530.29150003 1054283464.4890002 0.71405011713618549 0.15577304872501366
decision_type=10 10 10 2 8 10 10 8 10 8 10 10 8 10
left_child=1 2 5 4 -4 6 9 -8 -9 -1 11 12 -11 -12
right_child=-2 -3 3 -5 -6 -7 7 8 -10 10 13 -13 -14 -15
leaf_value=2.3542485393195428e-05 -0.0018976649185143205 0.0030974085799131829 0.0018842761803323916 -0.0013017609320758355 0.0070752303040138003 -0.0024310013061607039 -0.0012532529741168974 0.001515104432442596 0.005562653224915266 0.0015583472407407889 -0.0018820500437764427 0.0028013722329881838 -0.00069285095226541155 -0.00019262112548208929
leaf_weight=22067 88 52 69 63 27 77 94 186 37 224 530 89 696 280
leaf_count=22067 88 52 69 63 27 77 94 186 37 224 530 89 696 280
internal_value=7.15728e-13 6.81861e-06 2.42616e-07 0.00150337 0.00334423 -9.60074e-06 -1.89724e-06 0.00116663 0.00218667 -1.74052e-05 -0.000514158 0.000115131 -0.000144733 -0.00129805
internal_weight=24579 24491 24439 159 96 24280 24203 317 223 23886 1819 1009 920 810
internal_count=24579 24491 24439 159 96 24280 24203 317 223 23886 1819 1009 920 810
is_linear=0
shrinkage=0.04


Tree=149
num_leaves=15
num_cat=0
split_feature=76 31 31 8 87 50 59 32 68 68 66 31 20 56
split_gain=0.193783 0.463792 0.547535 0.584019 0.537515 0.524185 0.51676 0.488104 0.458693 0.425607 0.384691 0.348872 0.72921 0.976854
threshold=-0.24248483096932641 -0.12151278554349425 -0.15989919535592603 -0.18595703351148787 0.64241227274698831 -0.28711505675474752 4074698287.7453341 -0.25194296248997422 1.4326325000000004 6.2431191666666672 0.35379750000000004 -0.22212007093236466 0.026934697148598464 513911421.53150004
decision_type=8 10 10 10 10 10 10 8 10 10 10 8 10 10
left_child=1 2 3 6 5 -5 8 -3 -1 -10 -6 -2 -13 -14
right_child=11 7 -4 4 10 -7 -8 -9 9 -11 -12 12 13 -15
leaf_value=0.00034708179687133455 -0.0004195361669889231 0.0049434437710218701 -0.00061046620203794426 0.0011219828245441683 0.0053275563898633298 -0.00019342962138558901 0.0059497771710157396 0.00088706647573417292 -0.001364392123659064 0.0024086199859705039 0.0010224275431490863 -0.00016702838205572091 0.0025502226386865125 0.00028785053225161548
leaf_weight=569 3671 52 1456 660 34 1825 20 544 771 51 1428 9602 334 3562
leaf_count=569 3671 52 1456 660 34 1825 20 544 771 51 1428 9602 334 3562
internal_value=1.79981e-12 0.000170962 7.73705e-05 0.000264285 0.000513976 0.000155935 -0.000434175 0.00124098 -0.000525965 -0.0011303 0.00112255 -7.37857e-05 2.02468e-05 0.000481801
internal_weight=24579 7410 6814 5358 3947 2485 1411 596 1391 822 1462 17169 13498 3896
internal_count=24579 7410 6814 5358 3947 2485 1411 596 1391 822 1462 17169 13498 3896
is_linear=0
shrinkage=0.04


Tree=150
num_leaves=15
num_cat=0
split_feature=42 59 25 29 88 55 27 67 8 47 67 23 65 18
split_gain=0.199698 0.447625 0.44501 0.478028 1.05766 0.511746 0.470249 0.618042 0.42275 0.39793 0.413867 0.388947 0.356549 0.75801
threshold=-0.10422788682165716 616565347.3595835 0.019625335113535904 0.0088458025901923011 0.74639754821086213 166378198.60300002 0.0099874404235401146 1.7054150000000001 -0.18947368421052627 -0.18849192212096114 0.93607000000000018 0.02518545606277842 1.0961400000000001 0.024697750351705825
decision_type=8 10 10 10 10 10 10 10 8 10 10 10 10 10
left_child=1 2 3 -1 5 -5 -7 -8 9 -2 -11 12 13 -3
right_child=8 11 -4 4 -6 6 7 -9 -10 10 -12 -13 -14 -15
leaf_value=-0.00035669121600203046 0.00078785757590050978 0.00026599166688400563 -0.0033035420648576249 -0.0010977841684670776 0.00033393660651272222 0.0050503342328210403 0.0016606052534097013 0.0088107885633196149 -9.7318026172727948e-06 0.00028190396106107292 -0.0019515212528040504 0.0021195641569303056 -0.00052916157148251138 0.0068419563455972823
leaf_weight=387 174 227 42 49 753 146 245 21 20216 181 498 114 1494 32
leaf_count=387 174 227 42 49 753 146 245 21 20216 181 498 114 1494 32
internal_value=-6.05075e-13 0.00027934 0.000760863 0.000867487 0.00125773 0.00276666 0.00322627 0.00222509 -4.65368e-05 -0.000918811 -0.00135616 -0.00014441 -0.00029164 0.00107847
internal_weight=24579 3510 1643 1601 1214 461 412 266 21069 853 679 1867 1753 259
internal_count=24579 3510 1643 1601 1214 461 412 266 21069 853 679 1867 1753 259
is_linear=0
shrinkage=0.04


Tree=151
num_leaves=15
num_cat=0
split_feature=47 20 52 86 42 41 32 20 31 96 90 31 86 31
split_gain=0.195936 0.372232 1.47392 0.575878 0.550427 0.520478 0.46709 0.69993 1.20384 0.530737 0.486538 0.4714 0.43641 0.423511
threshold=-0.048974875973504077 0.019034867089302337 0.16205405490245331 0.051832502494348322 -0.040702299888852093 0.027376836113877315 -0.31414353983026988 0.028774600169916002 -0.19739793368433026 0.43235294117647066 3.600791491193773e-11 -0.16666666666666666 0.2831366261685479 -0.1872780511597297
decision_type=8 8 10 8 10 8 10 10 10 10 10 10 10 10
left_child=-1 2 -2 13 -4 6 10 11 9 -9 -5 -8 -10 -3
right_child=1 3 4 5 -6 -7 7 8 12 -11 -12 -13 -14 -15
leaf_value=7.9325146934464057e-05 -0.00035728301080589791 -0.00027627849172031006 0.0039064532228184666 -0.0013215756639588757 0.0011921215224496833 -0.00052810947915984648 0.0010947681184303763 0.0046913597676237779 0.00054149299872935646 -0.0013925752998604696 0.0012589427331549813 -0.00038063502075695485 0.005452085613962137 -0.0015145128582544193
leaf_weight=16459 1402 848 181 434 352 2079 626 28 36 127 160 776 148 923
leaf_count=16459 1402 848 181 434 352 2079 626 28 36 127 160 776 148 923
internal_value=-8.31424e-13 -0.00016079 0.000323403 -0.000312271 0.00211387 -6.77882e-05 0.000342065 0.000672519 0.00230355 -0.000293542 -0.000626487 0.00027814 0.00449132 -0.000921615
internal_weight=24579 8120 1935 6185 533 4414 2335 1741 339 155 594 1402 184 1771
internal_count=24579 8120 1935 6185 533 4414 2335 1741 339 155 594 1402 184 1771
is_linear=0
shrinkage=0.04


Tree=152
num_leaves=15
num_cat=0
split_feature=94 94 23 73 58 33 58 67 50 25 86 57 8 66
split_gain=0.192151 0.271345 0.415701 0.346034 0.333138 0.314211 0.303905 0.356007 0.299607 0.390392 0.295616 0.295484 0.2551 0.242487
threshold=4.5000000000000009 2.5000000000000004 0.029386159585410333 -0.35026032749336494 1214912766.4961252 -0.082410791428929583 4888432000.5026264 3.2307312500000003 -0.12746328357759898 0.024860379723364159 -0.07478386779512948 2808125208.3015003 0.42426789287507743 8.4879275000000014
decision_type=2 2 10 10 10 8 10 10 10 10 10 10 10 10
left_child=1 2 5 -4 -5 -1 7 -3 9 -9 -6 -12 -13 -7
right_child=-2 6 3 4 10 13 -8 8 -10 -11 11 12 -14 -15
leaf_value=0.002058087335273373 -0.0038246035167858717 -0.0038268049955368045 -0.0049868063049183951 0.0011370657875359401 -0.0032040233702864498 -1.21071974758359e-05 -0.001753026637444763 0.0035003620279245979 -0.00070748232873821899 0.00061554994832224686 -0.0019852324683701486 0.0049589405652313004 -9.359157512159044e-05 0.0017136502911413146
leaf_weight=119 21 20 36 98 110 23414 57 166 70 137 112 21 67 131
leaf_count=119 21 20 36 98 110 23414 57 166 70 137 112 21 67 131
internal_value=-1.09307e-12 3.27049e-06 -1.48951e-05 -0.00122751 -0.000895806 7.85677e-06 0.000976462 0.00137234 0.00165112 0.00219601 -0.00153846 -0.000622395 0.00111213 -2.5054e-06
internal_weight=24579 24558 24108 444 408 23664 450 393 373 303 310 200 88 23545
internal_count=24579 24558 24108 444 408 23664 450 393 373 303 310 200 88 23545
is_linear=0
shrinkage=0.04


Tree=153
num_leaves=15
num_cat=0
split_feature=35 32 31 41 54 90 96 93 91 88 24 32 96 73
split_gain=0.192461 0.462335 0.436127 0.305403 0.444831 0.398613 0.500244 0.320272 0.302153 0.358621 0.296824 0.26745 0.261594 0.254675
threshold=0.12634704357163798 -0.23777705232629473 -0.19739793368433026 0.18350802626058274 0.96733573397350403 2.3620314673947584e-11 0.58434959349593507 1.0000000180025095e-35 2.5000000000000004 -0.58724108503588834 0.014550901326979409 -0.33677399708951222 0.49137674695212613 0.10344203669158659
decision_type=10 8 10 10 10 10 8 2 2 10 8 10 10 10
left_child=8 2 -2 4 11 7 -7 -5 -1 -10 -3 -4 -13 -11
right_child=1 10 3 5 -6 6 -8 -9 9 13 -12 12 -14 -15
leaf_value=1.4118944844799958e-05 -0.00099448057210192991 -0.00054133239580332344 -0.0011603363242275158 2.5759411180824644e-05 0.0060177585173069557 -0.0004281753906980157 -0.0069650227977679328 0.0045759717640325879 -0.0033968572365120054 0.0031055170047925569 -0.0025175876667552595 -0.00025066880839418802 0.002948843748383825 -0.00079232663573587647
leaf_weight=23056 347 266 61 99 34 67 26 33 20 127 224 61 124 34
leaf_count=23056 347 266 61 99 34 67 26 33 20 127 224 61 124 34
internal_value=-1.72984e-13 -0.000465761 9.72808e-05 0.000847461 0.00172925 -0.000249872 -0.00225568 0.00116331 2.68989e-05 0.00165483 -0.00144476 0.00113653 0.00189387 0.00228237
internal_weight=24579 1342 852 505 280 225 93 132 23237 181 490 246 185 161
internal_count=24579 1342 852 505 280 225 93 132 23237 181 490 246 185 161
is_linear=0
shrinkage=0.04


Tree=154
num_leaves=15
num_cat=0
split_feature=97 42 76 44 65 5 55 86 86 65 50 86 18 8
split_gain=0.191738 0.285152 0.307229 0.275456 0.408193 0.390985 0.336708 0.542307 0.437548 0.357969 0.379935 0.316319 0.469079 0.400694
threshold=0.65833333333333344 -0.1746880374169977 -0.48033949947776289 0.14285714285714293 5.872275000000001 0.48905567305186753 813449836.35100019 -0.41578875478021304 0.76139006683584254 4.8131200000000005 -0.42402032554590519 -0.66670875126291762 0.023332753341851656 inf
decision_type=10 10 10 10 10 8 10 10 8 10 8 10 10 8
left_child=3 -2 -3 4 6 -6 8 -8 -1 10 -9 12 -5 -13
right_child=1 2 -4 11 5 -7 7 9 -10 -11 -12 13 -14 -15
leaf_value=0.0003596920268044109 0.0011230686328617071 0.0010635031848592667 -0.0011491267472190031 0.00025077883769308526 0.00029473387170583012 0.0074423745766282077 0.0030136335016655584 0.0031991362412097969 -0.00067470842319149724 -0.0021380051933694629 0.00043309149456314833 -4.7932913901744125e-05 -0.001411269316906779 0.00076620771824751374
leaf_weight=2355 139 117 708 476 24 25 164 90 906 75 678 17164 633 1025
leaf_count=2355 139 117 708 476 24 25 164 90 906 75 678 17164 633 1025
internal_value=-1.1985e-12 -0.000552952 -0.000835336 2.25723e-05 0.000311412 0.00394149 0.000269736 0.00090908 7.23057e-05 0.000499654 0.000757237 -4.20417e-05 -0.000697892 -2.05386e-06
internal_weight=24579 964 825 23615 4317 49 4268 1007 3261 843 768 19298 1109 18189
internal_count=24579 964 825 23615 4317 49 4268 1007 3261 843 768 19298 1109 18189
is_linear=0
shrinkage=0.04


Tree=155
num_leaves=15
num_cat=0
split_feature=96 42 6 97 46 16 42 98 88 31 8 28 57 19
split_gain=0.189758 0.427317 0.288989 0.284518 0.283181 0.391302 0.453696 0.402665 0.326548 0.43317 0.285113 0.457901 0.411204 0.931296
threshold=0.36700680272108849 0.12816957951509747 -0.10987493811120989 0.65833333333333344 0.10092422699755284 0.034852266541323389 -0.17087401061727028 0.51191151446398198 1.8735841226928931 -0.24693567344485964 -0.040590405904059039 0.027396469974274505 681530794.35150015 0.02996623867576095
decision_type=8 10 10 10 8 10 10 10 10 10 8 10 10 10
left_child=1 -1 -3 4 5 7 -7 -2 -9 -10 11 12 13 -6
right_child=3 2 -4 -5 10 6 -8 8 9 -11 -12 -13 -14 -15
leaf_value=0.00033962070522895147 0.0013679526359178431 0.0013391203848788372 0.0075681886754252695 -0.00080204700310363699 -0.00024508214996274587 0.0071162096810128009 0.0013739796712524395 0.00036584254732550849 -0.003318768454309885 -0.00016560774266512857 4.5105565693621777e-05 0.0015475741102459171 -0.00080577546372610981 0.002804820181514301
leaf_weight=1115 426 26 22 730 2776 28 103 777 101 225 15813 207 2060 170
leaf_count=1115 426 26 22 730 2776 28 103 777 101 225 15813 207 2060 170
internal_value=1.49499e-12 0.000498705 0.00419411 -2.47691e-05 2.42439e-07 0.000503207 0.00260133 0.000323447 -7.99616e-05 -0.00114251 -3.94666e-05 -0.000296006 -0.000372239 -6.90864e-05
internal_weight=24579 1163 48 23416 22686 1660 131 1529 1103 326 21026 5213 5006 2946
internal_count=24579 1163 48 23416 22686 1660 131 1529 1103 326 21026 5213 5006 2946
is_linear=0
shrinkage=0.04


Tree=156
num_leaves=15
num_cat=0
split_feature=22 20 98 23 74 8 48 92 30 66 8 45 45 90
split_gain=0.186371 0.308418 0.449727 0.228471 0.224117 0.523921 0.28789 0.235791 0.597672 0.318914 0.205376 0.251028 0.220502 0.21899
threshold=0.0062103175699826868 0.015750666883167275 0.53126356925749041 0.0078364235716151167 -0.42604026497694103 0.11398430624374924 -0.15770101637779607 1.0000000180025095e-35 -0.16969252154573258 1.4925350000000004 0.32585508262903001 0.90968977154724817 0.41751622111329928 7.7223189373745461e-11
decision_type=10 8 10 10 8 10 10 2 10 10 10 10 8 10
left_child=4 2 3 -2 5 -1 -7 10 -9 -10 11 12 -6 -14
right_child=1 -3 -4 -5 7 6 -8 8 9 -11 -12 -13 13 -15
leaf_value=-0.000230518277909727 0.00055974515421380899 1.5942590609989027e-05 -0.00045174369754162261 0.0023339960846372626 -9.8285108888109045e-05 -0.00088248177229062377 0.0041883989119971239 0.0058165451604872947 0.0017453822300809883 -0.00091051632668584211 -0.0021053991843488253 0.00080448642954678571 -0.0010221326106899897 0.00069301886832384208
leaf_weight=298 201 20259 273 275 1021 23 81 32 115 195 122 241 1312 131
leaf_count=298 201 20259 273 275 1021 23 81 32 115 195 122 241 1312 131
internal_value=1.40668e-12 4.54119e-05 0.000842499 0.00158479 -0.000267156 0.000622559 0.00306695 -0.000380019 0.000611982 7.47364e-05 -0.000500028 -0.000427623 -0.000548134 -0.000866426
internal_weight=24579 21008 749 476 3571 402 104 3169 342 310 2827 2705 2464 1443
internal_count=24579 21008 749 476 3571 402 104 3169 342 310 2827 2705 2464 1443
is_linear=0
shrinkage=0.04


Tree=157
num_leaves=15
num_cat=0
split_feature=32 32 86 68 8 74 32 20 25 80 96 68 55 31
split_gain=0.186235 0.417998 0.55922 0.441116 0.392204 0.429475 0.389259 0.274751 0.263508 0.249352 0.296204 0.571502 0.549468 0.419724
threshold=-0.10222426807591443 -0.11732698561520437 0.5476682209973035 1.3825375000000004 0.49171672744634704 0.48502404845744046 -0.12864980263162742 0.021541995983874688 0.010328367996826621 0.017380509000620641 0.38611111111111118 2.5007925000000002 1881804068.609 -0.21862863326579982
decision_type=10 10 8 10 10 10 10 10 10 10 8 10 10 10
left_child=1 6 3 8 5 -2 9 -8 -3 -1 11 -11 -13 -12
right_child=4 2 -4 -5 -6 -7 7 -9 -10 10 13 12 -14 -15
leaf_value=-0.00029493319921596479 -0.0005014900448626809 0.0032194100671667394 -0.00032593834103070244 0.00021015268523628131 -0.0027107616572175177 0.0045505096943214028 -0.00038115790352605033 -0.0023048140803891186 0.0079725126433186234 0.0003883375042277341 -0.00022602483369863876 0.0046539648943825776 -0.0021199139373978444 0.00017372678862978064
leaf_weight=3457 376 123 188 78 124 29 317 190 22 1265 6543 95 24 11748
leaf_count=3457 376 123 188 78 124 29 317 190 22 1265 6543 95 24 11748
internal_value=-1.8759e-13 1.63297e-05 0.00128102 0.00263576 -0.000742401 -0.000139742 -5.6588e-06 -0.00110205 0.00394057 1.83717e-05 7.3421e-05 0.000637641 0.0032878 3.07289e-05
internal_weight=24579 24050 411 223 529 405 23639 507 145 23132 19675 1384 119 18291
internal_count=24579 24050 411 223 529 405 23639 507 145 23132 19675 1384 119 18291
is_linear=0
shrinkage=0.04


Tree=158
num_leaves=15
num_cat=0
split_feature=13 98 54 19 28 35 89 20 90 58 23 25 68 86
split_gain=0.182892 0.252962 0.449754 0.325511 0.413091 0.429887 0.291705 0.27808 0.423797 0.380283 0.561152 0.48917 0.49636 0.406576
threshold=0.042771792200202226 0.50862325304787404 0.098868723951811913 0.022701674386051668 0.015287786182186434 -0.037727712501718795 4.676450391491666e-12 0.04919632918914512 9.6981085523044231e-12 1582810046.5553751 0.022090495370850453 0.014648588127749393 4.8255616666666672 -0.20077688182792758
decision_type=10 10 8 8 10 10 10 10 8 10 10 8 10 10
left_child=-1 2 -2 4 -4 -6 -3 8 -5 10 -10 -12 -13 -11
right_child=1 6 3 7 5 -7 -8 -9 9 13 11 12 -14 -15
leaf_value=-6.3852274851556917e-05 0.0014312731087772069 -0.0024886473591286171 0.00077508122053666613 0.0018688739598242709 0.008956055261872032 0.0015945468195714058 -2.3601643460389185e-05 -0.0026022913120687008 -0.000234366363884456 -0.0034112283233294471 0.0074431724101305012 0.00061959650845143615 0.0042967961809194802 -0.00046281231132672623
leaf_weight=18309 582 79 239 206 22 30 2770 61 1184 90 20 476 67 444
leaf_count=18309 582 79 239 206 22 30 2770 61 1184 90 20 476 67 444
internal_value=-2.75922e-13 0.000186455 0.000418314 0.000210655 0.00147806 0.00470903 -9.1955e-05 6.5909e-05 0.000131353 -2.55643e-05 0.000259981 0.0012996 0.00107332 -0.000959736
internal_weight=24579 6270 3421 2839 291 52 2849 2548 2487 2281 1747 563 543 534
internal_count=24579 6270 3421 2839 291 52 2849 2548 2487 2281 1747 563 543 534
is_linear=0
shrinkage=0.04


Tree=159
num_leaves=15
num_cat=0
split_feature=42 59 25 29 88 55 27 67 8 30 68 88 41 65
split_gain=0.182842 0.408662 0.407632 0.442388 0.961256 0.468494 0.426953 0.561871 0.38669 0.433895 0.351881 0.427561 0.421575 0.59122
threshold=-0.10422788682165716 616565347.3595835 0.019625335113535904 0.0088458025901923011 0.74639754821086213 166378198.60300002 0.0099874404235401146 1.7054150000000001 -0.20176287752866714 -0.12202173384153757 3.6613675000000003 1.342969344279292 -0.010799799381464357 1.0961400000000001
decision_type=8 10 10 10 10 10 10 10 8 10 10 10 10 10
left_child=1 2 3 -1 5 -5 -7 -8 9 -2 12 -12 13 -3
right_child=8 10 -4 4 -6 6 7 -9 -10 -11 11 -13 -14 -15
leaf_value=-0.0003482316721729196 -7.7949765079541233e-05 0.0021721638519574251 -0.0031625911087862085 -0.0010541649311970995 0.00032415293478073803 0.004821187297858247 0.0015909218906177856 0.0084084431756110429 -1.222597751359868e-05 -0.0020501734741972151 0.00065212001781155536 0.0057280907701821098 -0.0011668956134591878 -0.00029674628584487904
leaf_weight=387 402 190 42 49 753 146 245 21 20346 321 185 31 614 847
leaf_count=387 402 190 42 49 753 146 245 21 20346 321 185 31 614 847
internal_value=7.70372e-13 0.000267291 0.00072738 0.000829428 0.00120484 0.00264337 0.00308312 0.00212915 -4.45295e-05 -0.000953584 -0.000137597 0.00138062 -0.000336225 0.000155609
internal_weight=24579 3510 1643 1601 1214 461 412 266 21069 723 1867 216 1651 1037
internal_count=24579 3510 1643 1601 1214 461 412 266 21069 723 1867 216 1651 1037
is_linear=0
shrinkage=0.04


end of trees

feature_importances:
max_drawdown_120=148
momentum_120=123
volatility_120=117
max_drawdown_60=117
ma_slope_60=108
downside_volatility_120=86
amihud_illiquidity_60=80
turnover_mean_60=72
amount_mean_60=69
return_skew_60=57
amount_mean_40=56
downside_volatility_60=51
downside_volatility_20=49
return_kurt_60=43
turnover_mean_40=40
ma_bias_120=38
breakout_high_120=37
breakdown_low_120=37
amihud_illiquidity_20=37
momentum_40=36
max_drawdown_20=36
down_day_ratio_60=36
ma_slope_20=33
return_kurt_20=32
volatility_40=31
volatility_60=31
turnover_mean_20=31
amount_mean_20=30
limit_down_count_60=30
turnover_mean_10=29
up_day_ratio_60=28
volume_ratio_10_60=27
volatility_20=25
momentum_60=24
downside_volatility_10=23
upside_volatility_60=23
return_skew_20=23
turnover_mean_5=22
breakdown_low_40=19
amount_ratio_10_60=18
reversal_10=17
breakdown_low_60=17
upside_volatility_20=16
breakout_high_40=16
price_position_40=15
amount_mean_10=15
limit_up_count_20=14
limit_up_count_60=14
amount_mean_5=13
volatility_10=12
breakout_high_20=12
momentum_20=11
ma_bias_10=11
price_position_120=9
downside_volatility_5=8
ma_bias_20=8
ma_slope_5=8
amplitude=8
ma_bias_60=7
volume_ratio_5_20=6
ma_slope_10=5
limit_down_count_20=5
momentum_10=4
ma_bias_40=4
amount_ratio_5_20=4
down_day_ratio_20=4
upside_volatility_10=3
price_position_20=3
price_position_60=3
breakdown_low_20=3
up_day_ratio_20=3
reversal_20=2
ma_bias_5=2
momentum_5=1
reversal_5=1
upside_volatility_5=1
breakout_high_60=1
intraday_return=1
up_streak=1

parameters:
[boosting: gbdt]
[objective: regression]
[metric: l2]
[tree_learner: serial]
[device_type: cpu]
[data_sample_strategy: bagging]
[data: ]
[valid: ]
[num_iterations: 160]
[learning_rate: 0.04]
[num_leaves: 15]
[num_threads: 6]
[seed: 42]
[deterministic: 0]
[force_col_wise: 0]
[force_row_wise: 0]
[histogram_pool_size: -1]
[max_depth: -1]
[min_data_in_leaf: 20]
[min_sum_hessian_in_leaf: 0.001]
[bagging_fraction: 1]
[pos_bagging_fraction: 1]
[neg_bagging_fraction: 1]
[bagging_freq: 0]
[bagging_seed: 400]
[bagging_by_query: 0]
[feature_fraction: 1]
[feature_fraction_bynode: 1]
[feature_fraction_seed: 30056]
[extra_trees: 0]
[extra_seed: 12879]
[early_stopping_round: 0]
[early_stopping_min_delta: 0]
[first_metric_only: 0]
[max_delta_step: 0]
[lambda_l1: 0]
[lambda_l2: 0]
[linear_lambda: 0]
[min_gain_to_split: 0]
[drop_rate: 0.1]
[max_drop: 50]
[skip_drop: 0.5]
[xgboost_dart_mode: 0]
[uniform_drop: 0]
[drop_seed: 17869]
[top_rate: 0.2]
[other_rate: 0.1]
[min_data_per_group: 100]
[max_cat_threshold: 32]
[cat_l2: 10]
[cat_smooth: 10]
[max_cat_to_onehot: 4]
[top_k: 20]
[monotone_constraints: ]
[monotone_constraints_method: basic]
[monotone_penalty: 0]
[feature_contri: ]
[forcedsplits_filename: ]
[refit_decay_rate: 0.9]
[cegb_tradeoff: 1]
[cegb_penalty_split: 0]
[cegb_penalty_feature_lazy: ]
[cegb_penalty_feature_coupled: ]
[path_smooth: 0]
[interaction_constraints: ]
[verbosity: -1]
[saved_feature_importance_type: 0]
[use_quantized_grad: 0]
[num_grad_quant_bins: 4]
[quant_train_renew_leaf: 0]
[stochastic_rounding: 1]
[linear_tree: 0]
[max_bin: 255]
[max_bin_by_feature: ]
[min_data_in_bin: 3]
[bin_construct_sample_cnt: 200000]
[data_random_seed: 175]
[is_enable_sparse: 1]
[enable_bundle: 1]
[use_missing: 1]
[zero_as_missing: 0]
[feature_pre_filter: 1]
[pre_partition: 0]
[two_round: 0]
[header: 0]
[label_column: ]
[weight_column: ]
[group_column: ]
[ignore_column: ]
[categorical_feature: ]
[forcedbins_filename: ]
[precise_float_parser: 0]
[parser_config_file: ]
[objective_seed: 16083]
[num_class: 1]
[is_unbalance: 0]
[scale_pos_weight: 1]
[sigmoid: 1]
[boost_from_average: 1]
[reg_sqrt: 0]
[alpha: 0.9]
[fair_c: 1]
[poisson_max_delta_step: 0.7]
[tweedie_variance_power: 1.5]
[lambdarank_truncation_level: 30]
[lambdarank_norm: 1]
[label_gain: ]
[lambdarank_position_bias_regularization: 0]
[eval_at: ]
[multi_error_top_k: 1]
[auc_mu_weights: ]
[num_machines: 1]
[local_listen_port: 12400]
[time_out: 120]
[machine_list_filename: ]
[machines: ]
[gpu_platform_id: -1]
[gpu_device_id: -1]
[gpu_use_dp: 0]
[num_gpu: 1]

end of parameters

pandas_categorical:[]
