tree
version=v4
num_class=1
num_tree_per_iteration=1
label_index=0
max_feature_idx=102
objective=regression
feature_names=momentum_1 momentum_2 momentum_3 momentum_5 momentum_10 momentum_20 momentum_40 momentum_60 momentum_120 reversal_1 reversal_2 reversal_3 reversal_5 reversal_10 reversal_20 volatility_5 volatility_10 volatility_20 volatility_40 volatility_60 volatility_120 downside_volatility_5 downside_volatility_10 downside_volatility_20 downside_volatility_60 downside_volatility_120 upside_volatility_5 upside_volatility_10 upside_volatility_20 upside_volatility_60 max_drawdown_20 max_drawdown_60 max_drawdown_120 ma_bias_5 ma_bias_10 ma_bias_20 ma_bias_40 ma_bias_60 ma_bias_120 ma_slope_5 ma_slope_10 ma_slope_20 ma_slope_60 price_position_20 price_position_40 price_position_60 price_position_120 breakout_high_20 breakout_high_40 breakout_high_60 breakout_high_120 breakdown_low_20 breakdown_low_40 breakdown_low_60 breakdown_low_120 amount_mean_5 amount_mean_10 amount_mean_20 amount_mean_40 amount_mean_60 amount_zscore_20 amount_zscore_60 amount_percentile_20 amount_percentile_60 turnover_mean_5 turnover_mean_10 turnover_mean_20 turnover_mean_40 turnover_mean_60 turnover_zscore_20 turnover_zscore_60 turnover_percentile_20 turnover_percentile_60 volume_ratio_5_20 volume_ratio_10_60 amount_ratio_5_20 amount_ratio_10_60 intraday_return overnight_return gap_return amplitude close_position upper_shadow lower_shadow body_size return_skew_20 return_skew_60 return_kurt_20 return_kurt_60 amihud_illiquidity_20 amihud_illiquidity_60 limit_up_count_20 limit_up_count_60 limit_down_count_20 limit_down_count_60 up_day_ratio_20 up_day_ratio_60 down_day_ratio_20 down_day_ratio_60 up_streak down_streak new_high_distance_60 new_low_distance_60
feature_infos=[-0.10051993067590981:0.10158730158730145] [-0.19013185878349648:0.21036451471234074] [-0.23776223776223782:0.33140096618357484] [-0.32626325639426079:0.5053763440860215] [-0.38144329896907214:0.77295409181636709] [-0.4508928571428571:1.3132880698351115] [-0.53720238095238093:1.9045792308653344] [-0.57378768020969861:2.4787878787878785] [-0.51344438170413198:2.5125794857616812] [-0.10158730158730145:0.10051993067590981] [-0.21036451471234074:0.19013185878349648] [-0.33140096618357484:0.23776223776223782] [-0.5053763440860215:0.32626325639426079] [-0.77295409181636709:0.38144329896907214] [-1.3132880698351115:0.4508928571428571] [0.0014874533951662395:0.095924895222336895] [0.0022477513155446738:0.078238444074900174] [0.0038653332870002867:0.06897432058447002] [0.0070573784294566807:0.062590294630537599] [0.0084266754959914994:0.061416071221807179] [0.010710492761758126:0.052919063672920028] [0:0.054812437800097764] [0:0.047224963317592558] [0.0023459602512170192:0.041133277236554695] [0.0045703703884312523:0.033243763866188922] [0.005729936904799008:0.028111210527126881] [0:0.055489006645562007] [0:0.04854317740212339] [0.0016670973053831261:0.045120695629335184] [0.0046363194547335311:0.03922510993295681] [-0.47234164517053601:-0.0090909090909090384] [-0.5923984272608126:-0.036296296296296271] [-0.60439560439560447:-0.070616356445172834] [-0.17456435340874354:0.18840786100825957] [-0.27012232209231613:0.34988843897198585] [-0.32050122723162389:0.48358128361593478] [-0.38673195756091883:0.72975172975172975] [-0.40902612826603324:0.96292881468586611] [-0.45196379639624673:1.3678714767398228] [-0.27349885989359002:0.38395492353099003] [-0.31584332533972825:0.58243157224697661] [-0.37106300655127433:0.88423884204918335] [-0.38744326912569227:1.311217323394362] [0:1] [0:1] [0:1] [0:1] [-0.49227799227799229:0] [-0.57115278543849968:0] [-0.59484106305367379:0] [-0.61886429258902786:0] [0:1.2943722943722946] [0:1.954809055712817] [0:2.5931142410015653] [0:3.1300394058805701] [20448309.371999998:12877000292.204] [22860203.671999998:11842655106.566] [25894108.145:10996474706.936001] [36442842.305250004:10632253632.115749] [47569671.078333341:9996781552.5916672] [-2.7075834530639415:4.2329520667652902] [-2.2912552333606202:6.9937283608570207] [0.050000000000000003:1] [0.016666666666666666:1] [0.10735999999999998:15.543839999999999] [0.11905999999999999:13.910259999999999] [0.13480999999999999:12.398210000000001] [0.1879825:11.233527499999999] [0.23910166666666666:10.876183333333334] [-2.6789530719029884:4.2302976421460912] [-2.6776145802638989:6.8247331907920348] [0.050000000000000003:1] [0.016666666666666666:1] [-0.61474707280039087:2.318692143823506] [-0.7230370738320232:2.5875998288013271] [-0.67553953069035422:2.3788545614647125] [-0.75596518889707409:2.7086242854352323] [-0.11764705882352944:0.16139367240688829] [-0.10091743119266039:0.10033898305084743] [-0.10091743119266039:0.10033898305084743] [0:0.18575697211155376] [0:1] [0:1] [0:1] [0:1] [-3.121242308883394:3.1550987236220336] [-2.8098914132214352:3.4048053518052104] [-1.7788755544291683:12.052426565615239] [-1.0231152244685107:18.274687493267308] [3.1707567519787585e-12:3.4026914062541616e-10] [3.7122393588585845e-12:2.0178424453759191e-10] [0:7] [0:9] [0:4] [0:5] [0.10000000000000001:0.84999999999999998] [0.28333333333333333:0.68333333333333335] [0.10000000000000001:0.90000000000000002] [0.25:0.69999999999999996] [0:11] [0:12] [-0.59484106305367379:0] [0:2.5931142410015653]
tree_sizes=1538 1569 1560 1572 1536 1573 1549 1561 1552 1548 1549 1555 1557 1556 1550 1569 1552 1576 1553 1572 1534 1551 1575 1569 1554 1550 1557 1576 1560 1525 1559 1571 1547 1581 1554 1577 1573 1541 1568 1540 1546 1544 1568 1553 1552 1545 1565 1530 1546 1565 1551 1548 1578 1551 1564 1535 1558 1557 1580 1559 1558 1572 1519 1551 1570 1532 1563 1555 1542 1535 1546 1559 1565 1556 1555 1547 1582 1557 1564 1548 1559 1558 1547 1574 1569 1568 1542 1562 1530 1556 1562 1539 1583 1531 1562 1551 1543 1546 1543 1546 1559 1556 1570 1548 1560 1566 1533 1573 1540 1570 1553 1547 1550 1549 1538 1557 1561 1546 1567 1563 1557 1566 1537 1553 1539 1577 1546 1561 1549 1582 1538 1551 1535 1568 1514 1553 1581 1567 1531 1553 1581 1572 1569 1563 1551 1539 1545 1544 1560 1563 1560 1542 1567 1538 1569 1550 1561 1516 1529 1569

Tree=0
num_leaves=15
num_cat=0
split_feature=1 13 40 73 77 18 83 77 69 40 2 7 22 65
split_gain=0.0675237 0.0495619 0.0442352 0.0766776 0.0565915 0.0368178 0.0344228 0.0434691 0.0330031 0.0391296 0.026722 0.0264271 0.0340872 0.0293227
threshold=0.11409186764632041 -0.33751574307304794 inf -0.079843432805087919 -1.0000000180025095e-35 1.0000000180025095e-35 0.13043478260869615 -0.077486712654076681 0.086134981801603464 0.15736417724707844 0.096631401410610232 0.30936586413567174 0.027066510522852538 7.3600150000000015
decision_type=8 8 8 8 2 10 8 2 8 10 10 8 10 10
left_child=2 -2 5 4 -4 -1 10 -8 -3 -10 -7 12 -9 -13
right_child=1 8 3 -5 -6 6 7 11 9 -11 -12 13 -14 -15
leaf_value=0.0014770673965961733 0.00035355928519527346 0.0029511156790834724 -0.0025153457009353735 0.00070984541668692603 8.828081419326114e-05 0.00094255588978026333 -0.001009544527267527 0.00086340467676855614 0.0015956234666455571 -5.045140904137138e-05 0.0013374929095888268 0.00068711450232732997 0.001167604677511553 0.0012206281414631466
leaf_weight=170 62 26 22 239 34 7177 20 13637 305 25 285 2082 616 179
leaf_count=170 62 26 22 239 34 7177 20 13637 305 25 285 2082 616 179
internal_value=0.000893153 0.00139726 0.000884538 0.000397685 -0.000934572 0.000890482 0.000886326 0.000854141 0.00157902 0.00147092 0.00095764 0.000856398 0.000876552 0.000729352
internal_weight=24879 418 24461 295 56 24166 23996 16534 356 330 7462 16514 14253 2261
internal_count=24879 418 24461 295 56 24166 23996 16534 356 330 7462 16514 14253 2261
is_linear=0
shrinkage=1


Tree=1
num_leaves=15
num_cat=0
split_feature=1 13 40 73 77 18 83 77 69 40 82 34 0 51
split_gain=0.0622298 0.0456762 0.0407672 0.070666 0.0521547 0.0339313 0.031724 0.0400611 0.0304157 0.0360618 0.0252693 0.0276443 0.0295361 0.0335056
threshold=0.11409186764632041 -0.33751574307304794 inf -0.079843432805087919 -1.0000000180025095e-35 1.0000000180025095e-35 0.13043478260869615 -0.077486712654076681 0.086134981801603464 0.15736417724707844 0.47368421052631721 0.034489140062435981 -0.018158470052658578 0.2752107577378276
decision_type=8 8 8 8 2 10 8 2 8 10 10 10 10 10
left_child=2 -2 5 4 -4 -1 -7 -8 -3 -10 11 -9 -13 -14
right_child=1 8 3 -5 -6 6 7 10 9 -11 -12 12 13 -15
leaf_value=0.00056055797858896447 -0.00051800981017520594 0.0019756443597949468 -0.0032721585763449018 -0.00017597511208569436 -0.00077267713516074072 6.1907614977064582e-05 -0.0018265894069336357 -3.361120959726229e-05 0.00067437181050114374 -0.00090586009360849864 7.1676810219644085e-05 0.00024501826219086332 -0.00014583727262916114 -0.00053549006740880023
leaf_weight=170 62 26 22 239 34 7462 20 11474 305 25 2911 223 1438 468
leaf_count=170 62 26 22 239 34 7462 20 11474 305 25 2911 223 1438 468
internal_value=2.8785e-12 0.00048394 -8.26978e-06 -0.000475649 -0.00175462 -2.56436e-06 -6.55381e-06 -3.74513e-05 0.000658437 0.000554657 -3.52845e-05 -5.81739e-05 -0.000190552 -0.000241513
internal_weight=24879 418 24461 295 56 24166 23996 16534 356 330 16514 13603 2129 1906
internal_count=24879 418 24461 295 56 24166 23996 16534 356 330 16514 13603 2129 1906
is_linear=0
shrinkage=0.04


Tree=2
num_leaves=15
num_cat=0
split_feature=1 13 40 73 77 18 83 77 69 40 2 13 7 87
split_gain=0.057351 0.0420952 0.0375711 0.0651258 0.0480658 0.0312711 0.0292368 0.0369204 0.0280311 0.0332346 0.024627 0.0238044 0.0270094 0.026639
threshold=0.11409186764632041 -0.33751574307304794 inf -0.079843432805087919 -1.0000000180025095e-35 1.0000000180025095e-35 0.13043478260869615 -0.077486712654076681 0.086134981801603464 0.15736417724707844 0.096631401410610232 0.16361460889134807 0.48990809736711377 -1.0684956291052423
decision_type=8 8 8 8 2 10 8 2 8 10 10 10 8 10
left_child=2 -2 5 4 -4 -1 10 -8 -3 -10 -7 12 -9 -14
right_child=1 8 3 -5 -6 6 7 11 9 -11 -12 -13 13 -15
leaf_value=0.00053813567047280447 -0.00049728941957225968 0.0018966185272886202 -0.0031412721569226551 -0.0001689361054041115 -0.00074177006478695314 4.4950637228330664e-05 -0.0017535259425640107 -2.6139523718854964e-05 0.00064739693455769269 -0.00086962564568966629 0.00042409019147683131 0.00032407785347832906 0.00053946139393648248 -0.00027701512325629073
leaf_weight=170 62 26 22 239 34 7177 20 15084 305 25 285 292 68 1070
leaf_count=170 62 26 22 239 34 7177 20 15084 305 25 285 292 68 1070
internal_value=-5.55534e-13 0.000464583 -7.93899e-06 -0.000456623 -0.00168443 -2.46179e-06 -6.29166e-06 -3.59533e-05 0.0006321 0.000532471 5.94313e-05 -3.38731e-05 -4.03163e-05 -0.000228227
internal_weight=24879 418 24461 295 56 24166 23996 16534 356 330 7462 16514 16222 1138
internal_count=24879 418 24461 295 56 24166 23996 16534 356 330 7462 16514 16222 1138
is_linear=0
shrinkage=0.04


Tree=3
num_leaves=15
num_cat=0
split_feature=1 22 40 40 73 77 18 83 77 82 34 0 80 47
split_gain=0.0528547 0.0388557 0.0350147 0.0346255 0.06002 0.0442974 0.0288194 0.0269447 0.0340258 0.0233249 0.025085 0.0271834 0.0310779 0.0280146
threshold=0.11409186764632041 0.0042210724686105169 0.15736417724707844 inf -0.079843432805087919 -1.0000000180025095e-35 1.0000000180025095e-35 0.13043478260869615 -0.077486712654076681 0.47368421052631721 0.034489140062435981 -0.018158470052658578 0.058613930021062959 -0.056124141868769566
decision_type=8 8 10 8 8 2 10 8 2 10 10 10 10 10
left_child=3 -2 -3 6 5 -5 -1 -8 -9 10 -10 -12 -13 -14
right_child=1 2 -4 4 -6 -7 7 8 9 -11 11 12 13 -15
leaf_value=0.0005166102431993589 -0.0011901978885924275 0.00068954749572431489 -0.00038989393136164708 -0.003015621374361217 -0.0001621786669018692 -0.00071209922323332126 5.7054053659504093e-05 -0.0016833848087117076 -3.1111224376439785e-05 7.0245478633810079e-05 0.00023725149718702105 -0.00014586318094831998 -0.0011219505238579586 -0.00034983319009457509
leaf_weight=170 22 340 56 22 239 34 7462 20 11474 2911 223 1503 100 303
leaf_count=170 22 340 56 22 239 34 7462 20 11474 2911 223 1503 100 303
internal_value=-1.23272e-13 0.000445999 0.000536899 -7.62143e-06 -0.000438358 -0.00161705 -2.36332e-06 -6.04e-06 -3.45151e-05 -3.25182e-05 -5.45093e-05 -0.000180611 -0.0002295 -0.000541426
internal_weight=24879 418 396 24461 295 56 24166 23996 16534 16514 13603 2129 1906 403
internal_count=24879 418 396 24461 295 56 24166 23996 16534 16514 13603 2129 1906 403
is_linear=0
shrinkage=0.04


Tree=4
num_leaves=15
num_cat=0
split_feature=1 13 40 23 85 18 7 22 78 69 41 16 45 56
split_gain=0.0487109 0.0369778 0.0319108 0.0562875 0.0539558 0.02656 0.0260541 0.031927 0.0299276 0.0258638 0.0318264 0.0276379 0.0250754 0.030428
threshold=0.11409186764632041 -0.33751574307304794 inf 0.020383774864319006 -1.4775463310863064 1.0000000180025095e-35 0.48990809736711377 0.031389159034137519 0.061491051532719838 0.086134981801603464 0.029767077205958285 0.048222787526304906 0.72227104081234128 1656046822.8620002
decision_type=8 8 8 8 10 10 8 10 10 8 10 10 10 10
left_child=2 -2 5 4 -4 -1 7 8 -7 -3 11 -11 -9 -14
right_child=1 9 3 -5 -6 6 -8 12 -10 10 -12 -13 13 -15
leaf_value=0.0004959458445732975 -0.00047335272587647082 0.0017998146165448886 -0.00072182164694822859 -9.5332453110293577e-05 -0.0031421648412942888 3.7898495901976563e-07 -0.00015883650357591855 0.00023626635612720344 -0.0011086712814628696 0.00057548002990455752 6.4370717877385407e-05 0.0017493736444573319 0.00025546558768205023 0.0023887669588439167
leaf_weight=170 62 26 56 219 20 21811 1657 446 39 136 152 42 23 20
leaf_count=170 62 26 56 219 20 21811 1657 446 39 136 152 42 23 20
internal_value=-2.74795e-12 0.000428159 -7.31657e-06 -0.000420824 -0.00135875 -2.26879e-06 -5.7984e-06 5.55323e-06 -1.60056e-06 0.000585164 0.000489465 0.000852466 0.000325206 0.0012477
internal_weight=24879 418 24461 295 76 24166 23996 22339 21850 356 330 178 489 43
internal_count=24879 418 24461 295 76 24166 23996 22339 21850 356 330 178 489 43
is_linear=0
shrinkage=0.04


Tree=5
num_leaves=15
num_cat=0
split_feature=0 41 69 83 11 54 77 57 77 21 16 7 82 16
split_gain=0.0467234 0.0279656 0.0568366 0.0273147 0.0331897 0.0352354 0.0277767 0.0276274 0.0289257 0.0262536 0.0249709 0.0244555 0.0237372 0.0229795
threshold=0.093959213101246344 0.029767077205958285 0.11272634416736933 0.12903225806451379 -0.10052408563782343 1.601840563875035 -0.077486712654076681 5696327273.5092516 -0.011239670649782983 0.044687973706348763 0.045845563679374389 0.48990809736711377 0.47368421052631721 0.054948967362026355
decision_type=10 10 10 8 10 10 2 10 2 10 10 8 10 8
left_child=3 10 -3 4 -1 7 -5 -6 -9 11 -2 12 -8 -13
right_child=1 2 -4 6 5 -7 9 8 -10 -11 -12 13 -14 -15
leaf_value=0.00047214690005165284 0.00050511167723346845 0.0018671092032282442 -0.00013729982309242976 -0.0014876409602307139 4.0236142380029268e-05 -0.0011145165733372172 -4.2284152395310066e-05 -3.6727028616171867e-05 0.0017237225128337742 0.00090217210032278677 0.0017191570957758183 -0.00026022563746848728 8.7781881665946663e-05 0.00012606302034446997
leaf_weight=297 66 27 140 21 7111 42 12724 28 32 48 46 1265 2726 306
leaf_count=297 66 27 140 21 7111 42 12724 28 32 48 46 1265 2726 306
internal_value=-6.63685e-13 0.000514726 0.000186766 -5.83775e-06 5.77454e-05 4.06821e-05 -3.37786e-05 4.74481e-05 0.000902179 -3.19899e-05 0.00100374 -3.46243e-05 -1.93353e-05 -0.000184984
internal_weight=24879 279 167 24600 7510 7213 17090 7171 60 17069 112 17021 15450 1571
internal_count=24879 279 167 24600 7510 7213 17090 7171 60 17069 112 17021 15450 1571
is_linear=0
shrinkage=0.04


Tree=6
num_leaves=15
num_cat=0
split_feature=0 1 77 70 38 40 89 41 69 22 24 83 27 8
split_gain=0.0430603 0.0265319 0.0370801 0.0348983 0.0313994 0.0297155 0.0737345 0.0257731 0.0523806 0.0244158 0.0281915 0.0246892 0.0237279 0.0228953
threshold=0.093959213101246344 -0.093053202594246751 -0.059292984228109739 3.5506117128133821 -0.21062802763938929 inf 1.3226052543313982e-11 0.029767077205958285 0.086134981801603464 0.03106344602968 0.025579746311363286 0.12903225806451379 0.032556638158511529 1.1560889175257734
decision_type=10 10 2 8 8 8 10 10 8 10 10 10 10 10
left_child=1 4 3 -3 -1 9 -7 12 -9 11 -11 -4 -2 -6
right_child=7 2 5 -5 13 6 -8 8 -10 10 -12 -13 -14 -15
leaf_value=0.0016069576529593305 0.00041177414489492685 -0.00038024657883249538 5.4548357558484577e-05 -0.0021456063929945232 0.00032409560103762022 -0.00023575800726424839 -0.0027565244678407906 0.0017924248537531608 -0.00013180782431403975 0.00036912878509926667 -0.00019345125938343699 -3.569090880466405e-05 0.0015778712717429647 -0.0010449586274834085
leaf_weight=29 59 172 6941 20 282 259 20 27 140 553 192 16111 53 21
leaf_count=29 59 172 6941 20 282 259 20 27 140 553 192 16111 53 21
internal_value=-1.22142e-12 -5.60424e-06 -1.0463e-05 -0.000564138 0.000349556 -6.04761e-06 -0.000416458 0.000494137 0.000179296 -1.23589e-06 0.000224142 -8.5197e-06 0.000963588 0.000229211
internal_weight=24879 24600 24268 192 332 24076 279 279 167 23797 745 23052 112 303
internal_count=24879 24600 24268 192 332 24076 279 279 167 23797 745 23052 112 303
is_linear=0
shrinkage=0.04


Tree=7
num_leaves=15
num_cat=0
split_feature=1 22 40 40 23 85 18 7 22 78 13 78 45 90
split_gain=0.0406726 0.0340622 0.0299417 0.0269769 0.0492857 0.0459835 0.0237623 0.0225144 0.027314 0.0252531 0.0233741 0.0232139 0.0269808 0.0227841
threshold=0.11409186764632041 0.0042210724686105169 0.15736417724707844 inf 0.020383774864319006 -1.4775463310863064 1.0000000180025095e-35 0.48990809736711377 0.031389159034137519 0.061491051532719838 0.20156108355996369 -0.021033525658412818 0.72227104081234128 3.6021871995942902e-11
decision_type=8 8 10 8 8 10 10 8 10 10 10 10 10 10
left_child=3 -2 -3 6 5 -5 -1 8 9 10 13 -10 -13 -8
right_child=1 2 -4 4 -6 -7 7 -9 11 -11 -12 12 -14 -15
leaf_value=0.00046920081710970197 -0.0011407091714103115 0.00061750660352725072 -0.0003806815583292129 -0.00067654327331443461 -8.2309046713289799e-05 -0.0029109327392652629 -3.3306588942238466e-05 -0.00014764574611847984 -0.00034163392256136594 -0.0010183909807416898 0.00073013136635667511 0.00031465250905509794 0.0014202437697885893 5.1544338112131724e-05
leaf_weight=170 22 340 56 56 219 20 13714 1657 76 39 70 374 39 8027
leaf_count=170 22 340 56 56 219 20 13714 1657 76 39 70 374 39 8027
internal_value=4.17741e-13 0.00039124 0.000476349 -6.68568e-06 -0.000386884 -0.00126454 -2.04451e-06 -5.38306e-06 5.16931e-06 -1.44752e-06 3.7087e-07 0.000300829 0.000419055 -1.97876e-06
internal_weight=24879 418 396 24461 295 76 24166 23996 22339 21850 21811 489 413 21741
internal_count=24879 418 396 24461 295 76 24166 23996 22339 21850 21811 489 413 21741
is_linear=0
shrinkage=0.04


Tree=8
num_leaves=15
num_cat=0
split_feature=0 53 69 1 38 77 23 5 30 85 78 22 8 78
split_gain=0.0383855 0.0242813 0.0314777 0.0239007 0.036389 0.0334379 0.0263514 0.0261194 0.0442117 0.0408921 0.0386204 0.0252392 0.0251029 0.0245642
threshold=0.093959213101246344 0.44948699835166689 0.11272634416736933 -0.085691995833810305 -0.21062802763938929 -0.067328454492214515 0.016542878467620838 -0.281468409217214 -0.14926358958181349 -1.4775463310863064 0.020131815747446494 0.03106344602968 1.244759310456985 -0.021033525658412818
decision_type=10 10 10 10 8 2 10 10 10 10 10 10 10 10
left_child=3 -2 -3 4 -1 6 -5 8 10 -10 -7 -9 -6 -13
right_child=1 2 -4 5 12 7 -8 11 9 -11 -12 13 -14 -15
leaf_value=0.001526691032839673 0.00082785350974720346 0.0013947092365197023 -0.00020286564620029232 -0.0019174984437615975 0.00026035436735497258 9.1606710885282694e-06 -0.00038742615364447059 -9.1675006115580013e-06 -0.00064383459992281957 -0.0027460279334336518 -0.0015994204853016598 -0.00041710906116260263 -0.0011014632216614225 0.00032463368226789437
leaf_weight=35 144 24 111 23 371 293 83 22983 57 20 26 81 23 605
leaf_count=35 144 24 111 23 371 293 83 22983 57 20 26 81 23 605
internal_value=-4.09414e-12 0.000466544 8.11477e-05 -5.2913e-06 0.000290657 -1.0544e-05 -0.000719423 -7.42153e-06 -0.000329596 -0.00118986 -0.000121946 -2.03131e-06 0.000180857 0.000237052
internal_weight=24879 279 135 24600 429 24171 106 24065 396 77 319 23669 394 686
internal_count=24879 279 135 24600 429 24171 106 24065 396 77 319 23669 394 686
is_linear=0
shrinkage=0.04


Tree=9
num_leaves=15
num_cat=0
split_feature=1 13 83 40 30 34 72 15 2 82 28 73 83 96
split_gain=0.036161 0.0312003 0.023977 0.0260841 0.0624282 0.0250969 0.0260836 0.0233322 0.0219262 0.0217078 0.0213343 0.0212338 0.0207387 0.0196146
threshold=0.11409186764632041 -0.33751574307304794 0.13043478260869615 inf -0.14926358958181349 0.14012801312223647 0.98750000000000016 0.075531094836907328 0.096631401410610232 0.48148148148148567 0.04052139324484131 -0.37138946752726704 0.066666666666666749 0.56309650053022275
decision_type=8 8 8 8 10 10 8 10 10 10 10 10 10 10
left_child=2 -2 8 5 -5 7 13 9 10 -4 -1 -6 -3 -7
right_child=1 12 3 4 11 6 -8 -9 -10 -11 -12 -13 -14 -15
leaf_value=4.2972157955843685e-05 -0.00045919153739833424 0.0010191613373937893 -4.5951018240338562e-05 -6.5841207012647037e-05 -0.0008261133463057721 0.00021690584432620269 -0.0017282535522603071 0.00099420982943330375 0.00039377406608676621 7.6465526576361312e-05 -0.0011771942561735278 -0.0023568132802330214 0.00032893172485392165 -0.00096978257526643581
leaf_weight=7291 62 95 13691 165 29 52 26 36 290 2790 23 29 261 39
leaf_count=7291 62 95 13691 165 29 52 26 36 290 2790 23 29 261 39
internal_value=-2.05342e-12 0.000368903 -6.30398e-06 -3.29021e-05 -0.00046264 -2.71409e-05 -0.000610915 -2.30057e-05 5.26603e-05 -2.52276e-05 3.91352e-05 -0.00159146 0.000513122 -0.000291675
internal_weight=24879 418 24461 16857 223 16634 117 16517 7604 16481 7314 58 356 91
internal_count=24879 418 24461 16857 223 16634 117 16517 7604 16481 7314 58 356 91
is_linear=0
shrinkage=0.04


Tree=10
num_leaves=15
num_cat=0
split_feature=0 22 18 1 77 70 62 38 7 65 80 51 24 100
split_gain=0.0339271 0.0242388 0.0295628 0.0218896 0.0314464 0.028487 0.0272283 0.026356 0.0217953 0.0223376 0.022867 0.0216325 0.0199292 0.0198189
threshold=0.093959213101246344 0.014641416679036096 0.048712689730918877 -0.093053202594246751 -0.059292984228109739 3.5506117128133821 0.10882352941176472 -0.21062802763938929 0.48990809736711377 7.3600150000000015 0.074637913211532944 0.41616696921155699 0.016764330057319397 2.5000000000000004
decision_type=10 10 10 10 2 8 8 8 8 10 10 8 10 2
left_child=3 11 -3 6 5 12 -1 -8 9 -6 -11 -2 -5 -10
right_child=1 2 -4 4 8 -7 7 -9 13 10 -12 -13 -14 -15
leaf_value=-0.0010764079385747513 0.00031952372389949032 0.0010734497903046455 -0.00019422699371949792 0.00028335352575932455 3.9195304691584805e-06 -0.0019481041273102166 0.001582419106271118 0.00029592638943910392 -9.3469254441042789e-05 0.00018664144452338165 0.0016542511282918546 -0.00092076377547346063 -0.00064439692702223316 -0.0005519593837007272
leaf_weight=21 90 120 39 54 21956 20 28 283 1881 49 26 30 118 164
leaf_count=21 90 120 39 54 21956 20 28 283 1881 49 26 30 118 164
internal_value=6.2176e-13 0.000438614 0.00076251 -4.97453e-06 -9.38782e-06 -0.00051927 0.000317621 0.000411752 -5.32164e-06 6.27358e-06 0.000695413 9.45185e-06 -0.000353126 -0.000130238
internal_weight=24879 279 159 24600 24268 192 332 311 24076 22031 75 120 172 2045
internal_count=24879 279 159 24600 24268 192 332 311 24076 22031 75 120 172 2045
is_linear=0
shrinkage=0.04


Tree=11
num_leaves=15
num_cat=0
split_feature=10 39 17 38 36 7 10 39 56 50 83 22 47 14
split_gain=0.0330288 0.0395461 0.0271007 0.0318207 0.028996 0.0247692 0.0345629 0.0328447 0.024501 0.0239081 0.0316601 0.023197 0.0223371 0.0327601
threshold=-0.063583815028901744 0.22596002792293571 0.036045585550207204 0.094424804440282686 0.11040714954976584 0.30936586413567174 0.086135943203664259 -0.095999194849843025 824829495.57200015 -0.071301838013953331 0.33333333333333687 0.0090001100079304241 -0.037116629474577272 -0.29628126503126501
decision_type=10 10 8 8 10 8 10 10 10 8 10 8 10 8
left_child=1 2 3 4 -1 6 -2 -8 -6 10 -5 -4 13 -13
right_child=5 -3 11 9 8 -7 7 -9 -10 -11 -12 12 -14 -15
leaf_value=0.0001703872077658047 -7.7425304930865095e-07 -0.001173267716761021 -0.00032844016998724053 -0.00025802305704070573 0.0018021785703280736 -0.00011298892756273427 0.0014797137783501635 0.00025922860052917946 0.00022452354048644856 2.0046593570670802e-05 -0.0016607963217093664 -0.00059136826628017564 0.00073005933470968762 0.00042191618283765728
leaf_weight=287 19732 34 66 106 36 3333 44 178 28 349 34 61 278 313
leaf_count=287 19732 34 66 106 36 3333 44 178 28 349 34 61 278 313
internal_value=1.66073e-12 0.000176269 0.000205719 5.14821e-05 0.000342069 -1.20505e-05 4.80969e-06 0.000501127 0.00111195 -0.000157099 -0.000598697 0.000386164 0.000458501 0.000256648
internal_weight=24879 1592 1558 840 351 23287 19954 222 64 489 140 718 652 374
internal_count=24879 1592 1558 840 351 23287 19954 222 64 489 140 718 652 374
is_linear=0
shrinkage=0.04


Tree=12
num_leaves=15
num_cat=0
split_feature=10 39 17 38 36 7 13 82 39 56 15 31 51 1
split_gain=0.0304393 0.0364457 0.024976 0.029326 0.0267227 0.0228544 0.0335779 0.02259 0.0317057 0.0225802 0.0220226 0.0224495 0.0279536 0.0247075
threshold=-0.063583815028901744 0.22596002792293571 0.036045585550207204 0.094424804440282686 0.11040714954976584 0.30161238302460841 0.20156108355996369 0.27814569536423889 0.13750729413380017 824829495.57200015 0.075531094836907328 -0.12709752801396482 0.030443109692513185 -0.04445025569502558
decision_type=10 10 8 8 10 8 10 10 10 10 10 8 8 10
left_child=1 2 3 4 -1 6 -2 8 -5 -6 11 -7 13 -13
right_child=5 -3 -4 7 9 10 -8 -9 -10 -11 -12 12 -14 -15
leaf_value=0.00016357172088396274 9.3890457018552571e-07 -0.0011263370059211464 0.00037071742829339154 -0.00023500621670932497 0.0017300914333383036 -0.00021516521361039773 0.00069549121411650308 0.0002069665578404681 -0.0016943713836371898 0.00021554259766292359 0.00085037997433621627 0.00015133111365139485 3.3174143695793455e-05 -0.0011988658821945519
leaf_weight=287 19762 34 718 284 36 1788 112 179 26 28 38 35 1495 57
leaf_count=287 19762 34 718 284 36 1788 112 179 26 28 38 35 1495 57
internal_value=3.19866e-12 0.000169218 0.000197491 4.94228e-05 0.000328386 -1.15685e-05 4.85306e-06 -0.000150815 -0.000357405 0.00106748 -0.000107191 -0.000117973 -8.47097e-06 -0.000685204
internal_weight=24879 1592 1558 840 351 23287 19874 489 310 64 3413 3375 1587 92
internal_count=24879 1592 1558 840 351 23287 19874 489 310 64 3413 3375 1587 92
is_linear=0
shrinkage=0.04


Tree=13
num_leaves=15
num_cat=0
split_feature=0 41 69 10 39 40 95 82 48 78 20 58 43 19
split_gain=0.0290723 0.0211603 0.0445762 0.0221841 0.0203333 0.0296423 0.0318851 0.0232963 0.033646 0.0287435 0.0287194 0.0268635 0.019562 0.0235763
threshold=0.093959213101246344 0.029767077205958285 0.11272634416736933 -0.13695911559159421 -0.051871946700762998 inf 0.51315789473684215 0.26512680556480001 -0.04030155890621006 0.061491051532719838 0.03897196830160677 1135505184.0328753 0.97848911510664471 0.03413045767955572
decision_type=10 10 10 10 10 8 8 8 8 10 8 10 10 8
left_child=4 3 -3 -2 -1 7 -7 9 -9 11 -10 -6 -13 -14
right_child=1 2 -4 -5 5 6 -8 8 10 -11 -12 12 13 -15
leaf_value=0.0001015449701791977 0.00170241360136336 0.0016088538009811331 -0.00016625088606711611 0.00046754871987254371 -1.4473865250749421e-05 -0.0017139587193847664 -0.0002819765991501747 -4.0199550607218022e-06 0.00013395589644981165 -0.0011515061189665606 0.00068908242441990931 -0.00014338767186884694 -0.0002136240891096267 -0.0018819123227149248
leaf_weight=2584 33 27 140 79 8487 31 126 8702 1750 38 163 2663 33 23
leaf_count=2584 33 27 140 79 8487 31 126 8702 1750 38 163 2663 33 23
internal_value=3.4976e-12 0.000406021 0.000120742 0.000831393 -4.60487e-06 -1.70636e-05 -0.000564725 -1.31301e-05 2.93699e-05 -5.32526e-05 0.000181256 -4.95283e-05 -0.000158946 -0.000898814
internal_weight=24879 279 167 112 24600 22016 157 21859 10615 11244 1913 11206 2719 56
internal_count=24879 279 167 112 24600 22016 157 21859 10615 11244 1913 11206 2719 56
is_linear=0
shrinkage=0.04


Tree=14
num_leaves=15
num_cat=0
split_feature=1 41 81 60 83 83 78 75 40 65 14 17 80 99
split_gain=0.0278777 0.0276013 0.0290714 0.0288313 0.0213783 0.0208885 0.0231393 0.04127 0.0254116 0.0206895 0.0316845 0.0382955 0.026086 0.0229154
threshold=0.11409186764632041 0.025231246154807766 0.57692307692308009 0.60585919276744482 0.42857142857142988 0.13043478260869615 0.033905314659825277 0.43757047283028477 0.079811852082936854 7.3600150000000015 -0.32679271101591917 0.025021919217971755 0.1121278095013503 3.5000000000000004
decision_type=8 10 10 10 10 8 10 8 8 10 10 8 10 2
left_child=5 2 -2 -3 -5 -1 9 -8 -9 10 11 -7 -11 -13
right_child=1 3 -4 4 -6 6 7 8 -10 12 -12 13 -14 -15
leaf_value=4.9500834816250786e-05 -0.00020970220171283326 0.0012231261187216973 0.00098245758817354432 1.5999916393090697e-05 -0.0013022197550162672 -0.0017094084151810217 -5.994851071903083e-05 -7.291049300692976e-05 -0.0017752615610097952 0.00022036915501007928 -2.0537051720869927e-05 -0.00018152822344206124 0.0017056380895276865 -0.0013438440522114778
leaf_weight=7604 43 29 137 187 22 31 140 20 47 191 15955 423 21 29
leaf_count=7604 43 29 137 187 22 31 140 20 47 191 15955 423 21 29
internal_value=1.07313e-12 0.000323907 0.000697664 4.12345e-05 -0.00012276 -5.53507e-06 -3.03611e-05 -0.000450668 -0.0012671 -2.51357e-05 -3.01994e-05 -0.000349378 0.000367495 -0.000256102
internal_weight=24879 418 180 238 209 24461 16857 207 67 16650 16438 483 212 452
internal_count=24879 418 180 238 209 24461 16857 207 67 16650 16438 483 212 452
is_linear=0
shrinkage=0.04


Tree=15
num_leaves=15
num_cat=0
split_feature=10 39 16 42 7 10 39 15 24 32 38 22 81 89
split_gain=0.0262247 0.0331502 0.0225059 0.0287119 0.0203578 0.0314006 0.0295895 0.0201653 0.0210964 0.0226148 0.0204423 0.0197655 0.0316043 0.0188623
threshold=-0.063583815028901744 0.22596002792293571 0.048222787526304906 0.47864192213995632 0.30936586413567174 0.086135943203664259 -0.095999194849843025 0.075531094836907328 0.020845836690662568 -0.39315653904694997 0.14997899212473112 0.03106344602968 0.66666666666667307 1.4404791041232919e-11
decision_type=10 10 10 10 8 10 10 10 10 8 8 10 8 10
left_child=1 2 -1 -4 5 -2 -7 8 11 13 -11 -6 -13 -10
right_child=4 -3 3 -5 7 6 -8 -9 9 10 -12 12 -14 -15
leaf_value=0.00010765090684536164 -7.7489569358222666e-07 -0.0010785282545668238 0.00062427455869484426 -0.00057628091864494818 -9.0087581929525855e-05 0.0014064445450309327 0.00024801681092887949 0.00081393279845973373 0.00073050865831238957 -0.001413381764954277 -0.00032808745702492237 0.00079499844127733411 -0.00019927257858751325 -0.00047922350118824399
leaf_weight=1244 19732 34 278 36 2317 44 178 38 58 29 654 107 98 32
leaf_count=1244 19732 34 278 36 2317 44 178 38 58 29 654 107 98 32
internal_value=5.54653e-13 0.000157067 0.000184031 0.000486631 -1.07377e-05 4.54747e-06 0.000477615 -0.000102247 -0.000112813 -0.000295631 -0.000374169 -5.67791e-05 0.000319688 0.000300382
internal_weight=24879 1592 1558 314 23287 19954 222 3333 3295 773 683 2522 205 90
internal_count=24879 1592 1558 314 23287 19954 222 3333 3295 773 683 2522 205 90
is_linear=0
shrinkage=0.04


Tree=16
num_leaves=15
num_cat=0
split_feature=0 22 18 82 37 89 40 80 15 9 2 35 96 55
split_gain=0.0244895 0.0198222 0.0265065 0.0191334 0.0202015 0.0196303 0.0396304 0.0308992 0.0226452 0.0201977 0.0217356 0.0324704 0.0215586 0.0203243
threshold=0.093959213101246344 0.014641416679036096 0.047978947195302095 0.40909090909090912 -0.26052699791923661 3.1569217604346868e-11 inf 0.1121278095013503 0.06633570814987276 0.03801160389086073 0.078059769365028467 0.13119478543226362 0.62500000000000011 1106598495.1260002
decision_type=10 10 10 10 8 10 8 10 8 10 10 10 8 10
left_child=3 -2 -3 5 -5 8 7 9 -1 10 11 -7 -11 -12
right_child=1 2 -4 4 -6 6 -8 -9 -10 12 13 -13 -14 -15
leaf_value=-7.0839676913912636e-05 -1.5449478004787428e-05 0.00097999634510227327 -0.0001827144932521637 0.0012922987201905234 4.9710449459863977e-05 1.0706260893479279e-05 -0.0016363672005093616 -0.0011114000487845931 0.00038188163008696089 0.0002200243151592533 0.00045608259940054267 -0.00069805889485481513 0.0013846276104838276 -0.00031922868982126772
leaf_weight=9884 120 116 43 21 6647 6871 23 38 180 438 300 105 27 66
leaf_count=9884 120 116 43 21 6647 6871 23 38 180 438 300 105 27 66
internal_value=1.68545e-12 0.000372648 0.000665553 -4.22638e-06 5.36238e-05 -2.57379e-05 2.15948e-05 2.64557e-05 -6.27425e-05 3.19941e-05 1.58025e-05 3.82074e-08 0.000287646 0.000316272
internal_weight=24879 279 159 24600 6668 17932 7868 7845 10064 7807 7342 6976 465 366
internal_count=24879 279 159 24600 6668 17932 7868 7845 10064 7807 7342 6976 465 366
is_linear=0
shrinkage=0.04


Tree=17
num_leaves=15
num_cat=0
split_feature=1 41 60 81 22 60 83 77 77 5 66 32 90 30
split_gain=0.0234115 0.0251562 0.0260346 0.0256521 0.0191437 0.0190037 0.0185755 0.0264789 0.0234023 0.0226798 0.0239817 0.0214537 0.0196285 0.0220552
threshold=0.11409186764632041 0.026998376175302433 0.60585919276744482 0.57692307692308009 0.0069419978516784588 2.8726281736699466 0.21428571428571933 -0.067328454492214515 0.0095979797979798293 0.18366228440369051 5.6851200000000004 -0.4593851718225892 5.1217143947343856e-12 -0.13679212396113652
decision_type=8 10 10 10 10 10 8 2 2 8 8 8 10 10
left_child=6 3 -3 -2 -4 -6 -1 -8 11 -10 -11 -9 13 -13
right_child=1 2 4 -5 5 -7 7 8 9 10 -12 12 -14 -15
leaf_value=3.1182364969930119e-05 -0.00021086774631078509 0.0011417578215357558 -0.0011529629770526439 0.00090427017641021346 -0.00021710164007989106 0.00076450367583098214 -0.0014250935055315495 0.00034787573019585293 -9.488617019703981e-05 -0.00060888797720349587 0.00014953567070723244 -6.9670683658934371e-05 -5.7471873207811028e-06 -0.00065291396678367176
leaf_weight=11750 43 29 26 142 137 41 22 263 2219 286 87 295 9379 160
leaf_count=11750 43 29 26 142 137 41 22 263 2219 286 87 295 9379 160
internal_value=1.59461e-12 0.000296829 2.03247e-05 0.000645076 -0.000139095 8.99846e-06 -5.07235e-06 -3.85861e-05 -3.61822e-05 -0.000143397 -0.00043199 -8.65907e-06 -1.81942e-05 -0.000274767
internal_weight=24879 418 233 185 204 178 24461 12711 12689 2592 373 10097 9834 455
internal_count=24879 418 233 185 204 178 24461 12711 12689 2592 373 10097 9834 455
is_linear=0
shrinkage=0.04


Tree=18
num_leaves=15
num_cat=0
split_feature=10 39 17 38 36 50 83 56 8 1 1 73 39 38
split_gain=0.0224832 0.0300177 0.0204271 0.0229269 0.0242551 0.0234359 0.0266808 0.020202 0.0195466 0.0406135 0.0216064 0.0231818 0.0206566 0.0199185
threshold=-0.063583815028901744 0.22596002792293571 0.036045585550207204 0.094424804440282686 0.11040714954976584 -0.071301838013953331 0.33333333333333687 824829495.57200015 1.345173129383656 0.037403887639939078 -0.093053202594246751 -0.18382059102604323 -0.025672249934172716 -0.21062802763938929
decision_type=10 10 10 8 10 8 10 10 10 10 10 10 10 8
left_child=1 2 3 4 -1 6 -5 -6 10 12 11 -2 -10 -13
right_child=8 -3 -4 5 7 -7 -8 -9 9 -11 -12 13 -14 -15
leaf_value=0.0001401706224879658 -0.00045662900297126419 -0.0010303363582009777 0.00033827060693794353 -0.00025075701443162164 0.0016280833582600785 3.8016215951854763e-05 -0.0015385063488365098 0.00019550843563463007 3.4262819193996666e-05 0.00077153322746272436 -1.0913749911486592e-05 0.0015756612909957769 -0.0010023867464796813 0.00038004666518813308
leaf_weight=287 48 34 668 106 36 399 34 28 43 37 22820 25 108 206
leaf_count=287 48 34 668 106 36 399 34 28 43 37 22820 25 108 206
internal_value=-4.83056e-13 0.000145431 0.00017109 4.56104e-05 0.000297191 -0.000118221 -0.000563496 0.00100133 -9.94231e-06 -0.000416158 -6.63617e-06 0.000343236 -0.000707182 0.000509442
internal_weight=24879 1592 1558 890 351 539 140 64 23287 188 23099 279 151 231
internal_count=24879 1592 1558 890 351 539 140 64 23287 188 23099 279 151 231
is_linear=0
shrinkage=0.04


Tree=19
num_leaves=15
num_cat=0
split_feature=0 29 22 39 40 95 82 48 25 78 58 43 19 9
split_gain=0.0207907 0.0183832 0.0239934 0.0179753 0.0241689 0.0266382 0.0202128 0.0305492 0.0259815 0.0232568 0.0238419 0.0178051 0.0212985 0.0177406
threshold=0.093959213101246344 0.033804140953306021 0.014641416679036096 -0.051871946700762998 inf 0.51315789473684215 0.26512680556480001 -0.04030155890621006 0.019148914631399869 0.061491051532719838 1135505184.0328753 0.97848911510664471 0.03413045767955572 0.045106682995613608
decision_type=10 10 10 10 8 8 8 8 8 10 10 10 8 10
left_child=3 2 -2 -1 6 -6 9 -8 -9 10 13 -12 -13 -5
right_child=1 -3 -4 4 5 -7 7 8 -10 -11 11 12 -14 -15
leaf_value=9.5911022545994853e-05 1.2528049647566788e-05 -0.00079471359029412267 0.0007873709948654188 -2.5349974865472972e-05 -0.0015605585238025075 -0.00025168966524125562 -4.2849614138056437e-06 0.00011776390350710079 0.0005710198387868055 -0.0010373191584489847 -0.00013431652995016862 -0.00020377057830266881 -0.0017894230669607287 0.00025897151485881046
leaf_weight=2584 117 21 141 8120 31 126 8702 1683 230 38 2663 33 23 367
leaf_count=2584 117 21 141 8120 31 126 8702 1683 230 38 2663 33 23 367
internal_value=-6.70138e-14 0.000343355 0.000435989 -3.89415e-06 -1.56082e-05 -0.000510129 -1.20564e-05 2.75312e-05 0.000172259 -4.94293e-05 -4.60794e-05 -0.00014916 -0.000855021 -1.30552e-05
internal_weight=24879 279 258 24600 22016 157 21859 10615 1913 11244 11206 2719 56 8487
internal_count=24879 279 258 24600 22016 157 21859 10615 1913 11244 11206 2719 56 8487
is_linear=0
shrinkage=0.04


Tree=20
num_leaves=15
num_cat=0
split_feature=2 16 55 29 13 83 82 12 18 8 70 47 46 28
split_gain=0.0202689 0.0262066 0.034076 0.0322845 0.0231412 0.0239195 0.0216561 0.0215917 0.0225012 0.0196511 0.0195748 0.0373379 0.0265937 0.0192154
threshold=0.083070979246124069 0.048222787526304906 1038499573.914 0.027970510903900851 -0.3007703703703703 0.16176470588235362 0.018350168350168863 -0.15162371765763757 0.041856409775202379 0.31332653392219983 1.2799775458897245 -0.055135135135135231 0.85717674166440783 0.024251396424962688
decision_type=8 10 10 10 8 10 8 10 10 8 10 10 10 10
left_child=7 2 13 6 5 -4 -3 8 -1 -8 11 -5 -12 -2
right_child=1 3 4 10 -6 -7 9 -9 -10 -11 12 -13 -14 -15
leaf_value=-0.00014381261731306923 0.00014813666317836985 0.0015998274483200576 0.00012682672000430045 -0.00040416980901842605 -5.3496886626370389e-05 -0.001262559895149686 1.3627007645978169e-05 -5.4979697105053019e-06 -0.0010623594530720691 0.0010373748733069408 0.00054536013617180283 0.0010623696628103002 -0.0011176934111572338 0.00070724158189484747
leaf_weight=142 404 45 31 51 521 55 55 23192 61 66 25 61 40 130
leaf_count=142 404 45 31 51 521 55 55 23192 61 66 25 61 40 130
internal_value=-1.5971e-12 0.000143352 5.11898e-05 0.000449932 -0.00015384 -0.000761734 0.000850653 -9.09315e-06 -0.000419829 0.000572035 7.41139e-05 0.00039457 -0.000478057 0.000284248
internal_weight=24879 1484 1141 343 607 86 166 23395 203 121 177 112 65 534
internal_count=24879 1484 1141 343 607 86 166 23395 203 121 177 112 65 534
is_linear=0
shrinkage=0.04


Tree=21
num_leaves=15
num_cat=0
split_feature=10 39 8 1 1 62 39 17 38 36 50 83 59 42
split_gain=0.0191186 0.0267713 0.017723 0.0370194 0.0197879 0.0221737 0.0187734 0.017722 0.0208666 0.0222081 0.0212209 0.0239679 0.0184818 0.0180881
threshold=-0.063583815028901744 0.22596002792293571 1.345173129383656 0.037403887639939078 -0.093053202594246751 0.10882352941176472 -0.025672249934172716 0.036045585550207204 0.094424804440282686 0.11040714954976584 -0.071301838013953331 0.33333333333333687 686838716.24541676 0.52376857547500888
decision_type=10 10 10 10 10 10 10 10 8 10 8 10 10 10
left_child=1 7 4 6 5 -2 -4 8 9 -1 11 -10 -11 -9
right_child=2 -3 3 -5 -6 -7 -8 13 10 12 -12 -13 -14 -15
leaf_value=0.00013122632850804417 -0.00095444592926651243 -0.00097626092021956164 3.3019743426594628e-05 0.000737950943388372 -1.0113717636964776e-05 0.00042789877230201717 -0.00095524657414191303 0.00038470254218829578 -0.0002421310552909865 0.0014994734906567594 3.3837950795440747e-05 -0.001462654883918517 0.00010625291936448775 -0.00029921915463131408
leaf_weight=287 20 34 43 37 22820 259 108 599 106 39 399 34 25 69
leaf_count=287 20 34 43 37 22820 259 108 599 106 39 399 34 25 69
internal_value=-3.81874e-13 0.000134109 -9.16824e-06 -0.000395971 -6.02009e-06 0.000328806 -0.00067382 0.00015834 4.1464e-05 0.000281475 -0.000114833 -0.000538544 0.000955247 0.000314058
internal_weight=24879 1592 23287 188 23099 279 151 1558 890 351 539 140 64 668
internal_count=24879 1592 23287 188 23099 279 151 1558 890 351 539 140 64 668
is_linear=0
shrinkage=0.04


Tree=22
num_leaves=15
num_cat=0
split_feature=22 86 85 83 3 17 27 86 35 99 77 7 65 80
split_gain=0.0185945 0.0297326 0.0256426 0.0196654 0.0233983 0.0233674 0.0187935 0.0255163 0.0195557 0.0226997 0.0183925 0.0190122 0.02071 0.0315512
threshold=0.031683470532394752 -0.057779856650976694 -0.58291429692588259 0.12903225806451379 0.050257363980523724 0.052651344456830992 0.02320979105412364 -0.026618696629062074 0.16060223564601075 1.5000000000000002 -0.067328454492214515 0.29485334404454294 6.876265000000001 0.045861629150387363
decision_type=10 8 10 10 10 10 10 10 10 2 2 8 10 10
left_child=3 2 -2 4 5 -1 -3 -8 9 -9 -5 -12 13 -13
right_child=1 6 -4 10 -6 -7 7 8 -10 -11 11 12 -14 -15
leaf_value=1.8426530490696231e-05 0.00053599288448309289 0.00011423349361266541 -0.00029634379209170681 -0.00094626882406217711 0.00018642803238883867 -0.00091745446544400479 0.0017560698072715054 0.00038460723970815342 -0.00061009198265231173 0.0014105233634408149 -9.9562764324541341e-06 -5.3983094173256461e-05 0.00024921948771007693 -0.00035832128480777907
leaf_weight=5854 78 193 246 35 1546 43 29 148 23 45 14040 1542 214 843
leaf_count=5854 78 193 246 35 1546 43 29 148 23 45 14040 1542 214 843
internal_value=1.59586e-12 0.000194545 -9.59664e-05 -6.14684e-06 4.79156e-05 1.16022e-05 0.000409444 0.000641997 0.000492423 0.00062381 -3.02794e-05 -2.83527e-05 -0.000127731 -0.000161554
internal_weight=24879 762 324 24117 7443 5897 438 245 216 193 16674 16639 2599 2385
internal_count=24879 762 324 24117 7443 5897 438 245 216 193 16674 16639 2599 2385
is_linear=0
shrinkage=0.04


Tree=23
num_leaves=15
num_cat=0
split_feature=1 41 81 60 83 82 15 45 55 78 84 74 90 81
split_gain=0.0175942 0.0220614 0.0224317 0.0220336 0.0172158 0.0164231 0.0191229 0.0213797 0.0197239 0.0220021 0.0394008 0.027791 0.0271255 0.0217153
threshold=0.11409186764632041 0.026998376175302433 0.57692307692308009 0.60585919276744482 0.42857142857142988 0.40909090909090912 0.075531094836907328 0.7435053981106613 768705593.81300008 0.011924365491857271 0.39999999999999686 0.2546499736132149 3.2173636827916715e-11 0.76595744680851252
decision_type=8 10 10 10 10 10 10 8 8 10 10 10 10 10
left_child=5 2 -2 -3 -5 6 8 -8 -1 13 -11 12 -12 -10
right_child=1 3 -4 4 -6 -7 7 -9 9 10 11 -13 -14 -15
leaf_value=6.6117547651121904e-06 -0.00021696911629311047 0.0010300538910488629 0.00082582409835082777 -2.0518106879195672e-05 -0.0012051733468913218 4.9492566193174098e-05 0.00011828218711676395 0.0016419648832601049 2.1795549409601824e-06 0.00012383170631214706 -0.00014556151576245957 -0.00075189093386343738 -0.0013905629265742996 -0.00016344941327074502
leaf_weight=10916 43 29 142 182 22 6605 41 23 4011 310 420 254 30 1851
leaf_count=10916 43 29 142 182 22 6605 41 23 4011 310 420 254 30 1851
internal_value=7.5054e-13 0.000257322 0.000583445 -1.61608e-06 -0.000148275 -4.39724e-06 -2.43313e-05 0.000665856 -2.6814e-05 -7.9879e-05 -0.000251918 -0.000417376 -0.000228562 -5.01199e-05
internal_weight=24879 418 185 233 204 24461 17856 64 17792 6876 1014 704 450 5862
internal_count=24879 418 185 233 204 24461 17856 64 17792 6876 1014 704 450 5862
is_linear=0
shrinkage=0.04


Tree=24
num_leaves=15
num_cat=0
split_feature=22 24 7 10 36 72 55 78 83 3 77 7 12 81
split_gain=0.0169878 0.0274179 0.0247879 0.020426 0.0239014 0.0181863 0.0185553 0.0183091 0.018062 0.0221672 0.0189541 0.0183798 0.0215754 0.0211118
threshold=0.031683470532394752 0.025579746311363286 0.31727026788349005 -0.076246659947908454 0.17229586720653592 0.932768361581921 2871333120.6500006 -0.013323340920097069 0.13043478260869615 0.050257363980523724 -0.067328454492214515 0.37063620576970119 0.14216390028642598 0.3684210526315817
decision_type=10 10 8 10 10 10 10 10 10 10 2 8 10 10
left_child=8 3 -3 4 -2 6 7 -5 9 -1 -10 12 -12 -14
right_child=1 2 -4 5 -6 -7 -8 -9 10 -11 11 -13 13 -15
leaf_value=1.034789765790974e-05 0.0018135830186938326 0.00025715461445672969 -0.00056537551179762957 -0.00027894925816973539 0.0002551567148475442 -0.00086805312418040221 0.00087902624166178475 0.00036207112690003686 -0.00097266623750329022 0.0001794896904827682 -1.4767196282381181e-05 -0.00014134860802275014 0.0013768955538315433 -0.0001831560662907103
leaf_weight=5965 31 112 123 97 32 22 76 269 34 1565 14507 1988 35 23
leaf_count=5965 31 112 123 97 32 22 76 269 34 1565 14507 1988 35 23
internal_value=1.07529e-12 0.00018595 -0.000173361 0.000346175 0.001022 0.000254414 0.000310283 0.000192183 -5.87528e-06 4.55015e-05 -2.91988e-05 -2.72609e-05 -1.16889e-05 0.000758254
internal_weight=24879 762 235 527 63 464 442 366 24117 7530 16587 16553 14565 58
internal_count=24879 762 235 527 63 464 442 366 24117 7530 16587 16553 14565 58
is_linear=0
shrinkage=0.04


Tree=25
num_leaves=15
num_cat=0
split_feature=2 16 8 4 17 83 55 21 28 12 18 51 61 52
split_gain=0.0163819 0.0223242 0.0304786 0.0309905 0.02858 0.0235088 0.0258115 0.0219152 0.0206005 0.0195466 0.0207102 0.0190932 0.0193978 0.0184814
threshold=0.083070979246124069 0.048222787526304906 0.26112706513494149 0.30417550263039844 0.047701123900016039 0.12500000000000014 2035094451.7390001 0.014051247328596358 0.024555759679091817 -0.15162371765763757 0.041856409775202379 0.56064324040708691 1.0630512763879962 0.39579542773712578
decision_type=8 10 10 10 10 10 10 10 10 10 10 10 10 10
left_child=9 2 3 -2 -3 -4 8 -8 -7 10 13 -11 -13 -1
right_child=1 4 5 -5 -6 6 7 -9 -10 11 -12 12 -14 -15
leaf_value=-0.00045514522810270519 0.00028152890748321484 0.00083596832625654031 0.00013906084140282622 -0.00097590906319744658 9.7505402477070466e-05 -0.00056098443987745363 -0.0013452539648658233 -3.4797396831985179e-05 0.00028381535992696045 -6.7653842849294956e-06 -0.001015405237644178 -0.00016914523555897176 0.0011837116704622912 0.00051460719271067613
leaf_weight=95 631 146 194 33 197 96 69 29 89 23121 61 28 43 47
leaf_count=95 631 146 194 33 197 96 69 29 89 23121 61 28 43 47
internal_value=1.80276e-13 0.000128875 4.38133e-05 0.000219036 0.000411837 -0.000200102 -0.000432603 -0.000957466 -0.000154567 -8.17486e-06 -0.000398975 -4.75418e-06 0.000650191 -0.000134171
internal_weight=24879 1484 1141 664 343 477 283 98 185 23395 203 23192 71 142
internal_count=24879 1484 1141 664 343 477 283 98 185 23395 203 23192 71 142
is_linear=0
shrinkage=0.04


Tree=26
num_leaves=15
num_cat=0
split_feature=39 10 15 74 0 42 24 53 8 60 70 85 82 89
split_gain=0.0159578 0.0222448 0.0196491 0.0188753 0.0186966 0.0181423 0.0181275 0.0298179 0.0233089 0.018574 0.019729 0.0170099 0.0163443 0.0200601
threshold=0.19432536700550543 -0.10477020110349509 0.06633570814987276 0.019768219492736664 -0.028164607167409924 0.47864192213995632 0.013771647370606536 0.44948699835166689 0.35778411124080661 2.8726281736699466 1.1475515018290265 -0.16330244152592974 0.40909090909090912 2.8562785373926393e-11
decision_type=10 10 10 8 10 10 8 8 10 10 10 8 10 10
left_child=1 5 12 -4 -2 6 -1 8 -8 10 11 -9 13 -3
right_child=4 2 3 -5 -6 -7 7 9 -10 -11 -12 -13 -14 -15
leaf_value=-9.3231501368184872e-05 0.00025971771065484391 -6.9143990269009926e-05 -0.00024646264149553397 0.00061981373388164988 -0.00061335526423228828 -0.00075686074632148328 0.00062905788349194663 0.0010663747563966033 0.0018455816956370005 0.0012167480959556997 -0.00052137179396277863 4.5905357875515906e-05 4.8400564226696741e-05 1.6467372904946559e-05
leaf_weight=120 55 8681 55 150 137 26 90 37 35 25 63 89 6479 8837
leaf_count=120 55 8681 55 150 137 26 90 37 35 25 63 89 6479 8837
internal_value=-1.38047e-14 2.82518e-06 -2.54991e-06 0.000387398 -0.000363256 0.000271048 0.000329273 0.000478833 0.000969685 0.00019212 5.65874e-05 0.000345567 -5.88113e-06 -2.59571e-05
internal_weight=24879 24687 24202 205 192 485 459 339 125 214 189 126 23997 17518
internal_count=24879 24687 24202 205 192 485 459 339 125 214 189 126 23997 17518
is_linear=0
shrinkage=0.04


Tree=27
num_leaves=15
num_cat=0
split_feature=83 2 47 31 28 22 90 47 40 34 17 85 82 80
split_gain=0.0150508 0.0241181 0.0201878 0.0203654 0.0190322 0.0181649 0.0188273 0.0218046 0.0262803 0.019932 0.0228528 0.0188353 0.0184614 0.0279021
threshold=0.13043478260869615 0.096631401410610232 -0.015509889885194415 -0.10203536503042869 0.04052139324484131 0.03106344602968 4.9908177891946712e-12 -0.20093953333740425 -0.13660611101791273 -0.049975420893378746 0.027857984164434951 -1.4775463310863064 0.47368421052631721 0.077629790933414419
decision_type=8 8 8 10 10 10 10 10 10 10 10 10 8 10
left_child=1 4 3 -3 -1 6 7 -2 11 -10 -11 -9 13 -8
right_child=5 2 -4 -5 -6 -7 12 8 9 10 -12 -13 -14 -15
leaf_value=3.2216664841175695e-05 9.1602538494318548e-05 0.00046740062424045022 5.9356694156511892e-05 0.0017223523925665929 -0.0011202357693210893 0.00019317134995264597 -2.9917363029635936e-05 -0.00066291170888062984 0.00065223393455038174 0.00012331251940313017 -0.00059034691985257047 -0.002091037529436025 7.2842084273250885e-05 -0.00036924255200865448
leaf_weight=7309 212 206 224 23 23 611 12636 45 34 105 227 22 2802 400
leaf_count=7309 212 206 224 23 23 611 12636 45 34 105 227 22 2802 400
internal_value=4.7314e-13 4.61016e-05 0.000329348 0.000593444 2.86015e-05 -2.09957e-05 -2.89346e-05 -0.000240774 -0.000403508 -0.000270178 -0.000364641 -0.00113185 -2.03074e-05 -4.03293e-05
internal_weight=24879 7785 453 229 7332 17094 16483 645 433 366 332 67 15838 13036
internal_count=24879 7785 453 229 7332 17094 16483 645 433 366 332 67 15838 13036
is_linear=0
shrinkage=0.04


Tree=28
num_leaves=15
num_cat=0
split_feature=39 27 8 31 22 10 74 86 98 0 49 1 77 83
split_gain=0.0146201 0.0215623 0.0247476 0.0247092 0.0198215 0.0237195 0.0206818 0.0191261 0.017812 0.0215305 0.0184533 0.0191718 0.0175673 0.0168067
threshold=0.19432536700550543 0.037335810148703102 1.345173129383656 -0.16411796148128352 0.03106344602968 -0.076246659947908454 -0.042713448018075799 -0.1112175173424586 0.38484848484848494 -0.028164607167409924 -0.080331582741221305 0.010103696539866871 0.054667731076909927 0.12903225806451379
decision_type=10 10 10 10 10 10 8 10 8 10 10 10 2 10
left_child=1 2 4 -3 13 -6 -7 -4 -2 -10 -11 -12 -13 -1
right_child=8 3 7 -5 5 6 -8 -9 9 10 11 12 -14 -15
leaf_value=4.5103251164708719e-05 -0.0013920457707718016 5.6014291072840719e-05 -0.0016251129945740103 0.00062783653296630943 0.00091737523709715745 -0.00018994926126525557 0.00027256140616279507 -0.00031859891462231301 0.00050097129383713617 -0.0013727456398693653 0.00084595501378533389 -0.0009328247318044306 0.00046986299764830618 -2.8693406891100272e-05
leaf_weight=7136 23 349 20 185 67 223 505 173 49 29 21 50 20 16029
leaf_count=7136 23 349 20 185 67 223 505 173 49 29 21 50 20 16029
internal_value=6.75985e-13 2.70418e-06 -2.85433e-06 0.000254118 7.79597e-07 0.000197169 0.000130886 -0.000453989 -0.000347698 -0.000205568 -0.000494071 -0.000214054 -0.000532057 -5.96028e-06
internal_weight=24879 24687 24153 534 23960 795 728 193 192 169 120 91 70 23165
internal_count=24879 24687 24153 534 23960 795 728 193 192 169 120 91 70 23165
is_linear=0
shrinkage=0.04


Tree=29
num_leaves=15
num_cat=0
split_feature=39 40 95 44 6 27 66 54 52 58 62 77 58 61
split_gain=0.0143215 0.0205426 0.0224383 0.021522 0.022511 0.0180693 0.0168238 0.0229954 0.0242734 0.0163174 0.015815 0.0173609 0.0157608 0.0229175
threshold=-0.051871946700762998 inf 0.51315789473684215 0.99971514029340558 0.32844497048183302 0.031733364556990523 9.4025750000000006 2.0931672722736083 1.072624483583388 1148325414.2583754 0.81176470588235305 0.017793594306049768 402857761.63200003 -0.12791976920167814
decision_type=10 8 8 8 10 10 10 10 10 10 10 2 8 10
left_child=12 3 -3 6 5 -5 7 8 -2 -6 11 -8 13 -1
right_child=1 2 -4 4 9 -7 10 -9 -10 -11 -12 -13 -14 -15
leaf_value=0.00018142481499280901 -1.2609365035793753e-05 -0.0014303962478504307 -0.00022913061647808979 0.00033708051297427955 -0.00087136264494347415 0.0012467054519974799 0.00036066814648130768 -0.00082269732328963329 0.0011658810903983456 0.000315746269823814 -0.00022444052595043711 0.0019282261230982839 5.382794619458774e-05 0.0010483404513328307
leaf_weight=229 21729 31 126 99 32 54 26 56 28 44 24 20 2319 62
leaf_count=229 21729 31 126 99 32 54 26 56 28 44 24 20 2319 62
internal_value=8.52064e-14 -1.03898e-05 -0.000466323 -7.15257e-06 0.000378613 0.000658125 -1.11895e-05 -1.31763e-05 -1.10927e-05 -0.000184089 0.000607933 0.00104222 8.86477e-05 0.000366128
internal_weight=24879 22269 157 22112 229 153 21883 21813 21757 76 70 46 2610 291
internal_count=24879 22269 157 22112 229 153 21883 21813 21757 76 70 46 2610 291
is_linear=0
shrinkage=0.04


Tree=30
num_leaves=15
num_cat=0
split_feature=32 39 21 89 8 40 39 8 59 86 75 82 1 58
split_gain=0.0141753 0.0331618 0.0177787 0.0160224 0.0263658 0.0230281 0.0229424 0.0194316 0.0207434 0.0223352 0.0225668 0.0201123 0.0206719 0.027032
threshold=-0.49165044351249471 -0.092222878850909004 0.033205012182931828 2.8562785373926393e-11 1.345173129383656 inf -0.042795322886180591 1.345173129383656 1575807397.0130837 0.11888482868223132 -0.21375647872398199 0.45805791291739556 -0.071832027249502536 7977678566.3937511
decision_type=8 10 10 10 10 8 10 10 10 10 10 8 10 10
left_child=1 -1 -3 7 5 6 -5 11 -9 10 -10 12 -2 -14
right_child=3 2 -4 4 -6 -7 -8 8 9 -11 -12 -13 13 -15
leaf_value=0.0014905882986883323 0.00024271391294007735 0.00018240231175703004 -0.00077526433553871217 0.00017490782979294708 0.0013518320695341877 -0.001064081440319217 7.2180425102562609e-06 -0.0015100490903326622 0.00065929296934469177 0.00037759918108826781 -0.00072445507621468456 6.785939924818188e-05 -7.3769968097523172e-05 0.0013630730907364828
leaf_weight=30 351 516 33 1485 24 31 10794 24 22 61 132 2597 8758 21
leaf_count=30 351 516 33 1485 24 31 10794 24 22 61 132 2597 8758 21
internal_value=-5.38118e-13 0.000195602 0.000124838 -4.66064e-06 2.73315e-05 2.47492e-05 2.74981e-05 -3.76367e-05 -0.000394691 -0.000270186 -0.000526777 -3.03598e-05 -5.82979e-05 -7.03329e-05
internal_weight=24879 579 549 24300 12334 12310 12279 11966 239 215 154 11727 9130 8779
internal_count=24879 579 549 24300 12334 12310 12279 11966 239 215 154 11727 9130 8779
is_linear=0
shrinkage=0.04


Tree=31
num_leaves=15
num_cat=0
split_feature=13 7 1 77 31 78 4 77 51 78 22 19 67 70
split_gain=0.0136343 0.0222747 0.0155042 0.0299619 0.0375405 0.0258177 0.0333237 0.0279071 0.0401187 0.0286362 0.0228237 0.0228216 0.0226627 0.0265739
threshold=0.20156108355996369 -0.21648111100479037 -0.023336049025293567 -0.050620432035341605 -0.20008975772567281 0.015709225692193133 -0.053833014275404205 -0.00065023464254010388 0.23238661041136702 -0.0067836031260189436 0.028430423703316759 0.048670810006656337 6.0414850000000007 0.87762682115495905
decision_type=10 8 8 2 8 10 8 2 10 10 10 10 10 10
left_child=2 -2 5 4 -4 7 -7 8 -1 -10 -5 12 -12 -14
right_child=1 -3 3 10 -6 6 -8 -9 9 -11 11 -13 13 -15
leaf_value=-2.8343519868069033e-05 0.0015666763395780609 0.00018491782228617621 -0.0015688449670127485 8.0682048170967033e-06 4.3033373355865483e-05 0.00021014268692427624 -0.00096175348492000593 -0.00020912683438101983 0.00085995904976855319 2.0749531824425872e-05 0.00023888860728476114 -0.00030246510429323878 0.0018542464930684337 5.9761691271610882e-05
leaf_weight=3597 21 168 43 18432 50 60 110 1278 145 118 687 116 31 23
leaf_count=3597 21 168 43 18432 50 60 110 1278 145 118 687 116 31 23
internal_value=5.78109e-13 0.000338447 -2.59078e-06 1.39971e-05 -0.000702244 -6.31608e-05 -0.000548143 -4.71143e-05 6.52613e-06 0.000483432 1.74504e-05 0.000219238 0.000300908 0.00108993
internal_weight=24879 189 24690 19382 93 5308 170 5138 3860 263 19289 857 741 54
internal_count=24879 189 24690 19382 93 5308 170 5138 3860 263 19289 857 741 54
is_linear=0
shrinkage=0.04


Tree=32
num_leaves=15
num_cat=0
split_feature=39 27 31 8 0 81 86 98 81 30 22 47 84 15
split_gain=0.0135532 0.0186374 0.0219069 0.0208878 0.0181482 0.0204995 0.0169599 0.0161234 0.0195515 0.0249555 0.0160459 0.0218819 0.0187546 0.0159623
threshold=0.19432536700550543 0.037335810148703102 -0.16411796148128352 1.345173129383656 0.024797048510712964 0.87234042553191615 0.070519851395341379 0.38484848484848494 0.31741279346069701 -0.099973628691983105 0.03106344602968 -0.11466666666666663 0.35810504525468051 0.075531094836907328
decision_type=10 10 10 10 10 10 10 8 10 10 10 10 10 10
left_child=1 3 13 10 6 -6 -5 -2 9 -9 -1 -12 -13 -3
right_child=7 2 -4 4 5 -7 -8 8 -10 -11 11 12 -14 -15
leaf_value=-5.2896952336836542e-06 -0.0013283849803163953 -2.8521228998882106e-05 0.00058823351382051366 -0.0010418626415776089 0.00078352732530661997 -0.00077467531219802118 -0.00013424582471738435 -0.00020120302928635517 -0.0005146372776097533 0.0015366861522197722 8.6828599684917775e-05 0.0012945077696597165 0.00028299156830866989 0.00098401428545238792
leaf_weight=23165 23 322 185 80 35 22 56 39 110 20 670 47 78 27
leaf_count=23165 23 322 185 80 35 22 56 39 110 20 670 47 78 27
internal_value=4.23625e-14 2.60364e-06 0.000236344 -2.56414e-06 -0.000417027 0.000182116 -0.000668138 -0.000334772 -0.000199546 0.000387912 7.74398e-07 0.000177472 0.000663322 4.98125e-05
internal_weight=24879 24687 534 24153 193 57 136 192 169 59 23960 795 125 349
internal_count=24879 24687 534 24153 193 57 136 192 169 59 23960 795 125 349
is_linear=0
shrinkage=0.04


Tree=33
num_leaves=15
num_cat=0
split_feature=50 1 77 31 0 78 51 22 67 19 34 21 39 74
split_gain=0.0134334 0.0197177 0.0263202 0.0344681 0.0252586 0.0374459 0.0453439 0.025209 0.024345 0.0243305 0.0219422 0.0300561 0.0212528 0.0208132
threshold=-0.33607825110337464 -0.023336049025293567 -0.050620432035341605 -0.20008975772567281 -0.033345707618725955 0.0086697833180546819 0.2089207220259808 0.028430423703316759 4.6523425000000005 0.048670810006656337 0.0011567771906026982 0.020639310253127114 0.026337136222821415 1.2661018760894569
decision_type=8 8 2 8 10 10 10 10 8 10 10 10 10 10
left_child=-1 4 3 -3 5 6 8 -4 -2 -9 13 -12 -5 -6
right_child=1 2 7 12 10 -7 -8 9 -10 -11 11 -13 -14 -15
leaf_value=9.8636695716511211e-05 9.5525123906638873e-05 -0.0015280263476278178 3.7828251868991154e-06 -0.00097341201186645768 -0.00010397563975069313 -0.00095930830342695118 0.00068469312831362719 0.00033404134771467295 -0.00044305085869719799 -0.00031224570211467391 -0.00019028050994488824 -0.00084506241191105035 0.00070995111468558515 0.00089158035944873358
leaf_weight=2029 864 41 17277 20 2849 54 190 643 159 109 428 152 30 34
leaf_count=2029 864 41 17277 20 2849 54 190 643 159 109 428 152 30 34
internal_value=2.35157e-14 -8.75859e-06 1.02258e-05 -0.000668338 -8.14851e-05 7.1332e-05 0.000117214 1.36508e-05 1.18168e-05 0.000240364 -0.000137396 -0.000361879 3.66059e-05 -9.22348e-05
internal_weight=24879 22850 18120 91 4730 1267 1213 18029 1023 752 3463 580 50 2883
internal_count=24879 22850 18120 91 4730 1267 1213 18029 1023 752 3463 580 50 2883
is_linear=0
shrinkage=0.04


Tree=34
num_leaves=15
num_cat=0
split_feature=48 78 68 6 65 39 40 95 49 7 65 25 47 80
split_gain=0.0132482 0.0320814 0.0183618 0.0178985 0.0171185 0.0157826 0.0168289 0.0199356 0.0167276 0.0193314 0.0203905 0.0309378 0.027867 0.0230929
threshold=-0.04030155890621006 -0.020263206341945058 6.5364458333333344 0.4676991755892313 2.5140899999999999 -0.051871946700762998 inf 0.51315789473684215 -0.26070760689625266 1.040778683792229 6.876265000000001 0.021890770875483117 -0.12207764532878727 0.10665797479356806
decision_type=10 10 10 10 10 10 8 8 10 8 10 10 10 10
left_child=5 3 -3 4 -2 -1 8 -8 -7 10 13 12 -12 -10
right_child=1 2 -4 -5 -6 6 7 -9 9 -11 11 -13 -14 -15
leaf_value=7.9577787105421436e-05 -0.00016307854978367685 7.6775346619082011e-05 0.0010105545018963954 0.00017778750993311404 -0.0016155715231670421 8.622644108047039e-05 -0.0013466229199266602 -0.00021433004015956875 -3.0536943656530067e-05 -0.00033762822787281608 0.0010073189891723765 0.0012027736816155497 -0.00027415993055054808 -0.00066959493199956934
leaf_weight=2609 20 3738 34 25 37 2031 31 126 15613 332 37 53 102 91
leaf_count=2609 20 3738 34 25 37 2031 31 126 15613 332 37 53 102 91
internal_value=1.99784e-13 6.81765e-05 8.51922e-05 -0.000714549 -0.00110592 -1.24971e-05 -2.55414e-05 -0.000437904 -2.19957e-05 -3.55401e-05 -2.92308e-05 0.000380487 6.69532e-05 -3.42401e-05
internal_weight=24879 3854 3772 82 57 21025 18416 157 18259 16228 15896 192 139 15704
internal_count=24879 3854 3772 82 57 21025 18416 157 18259 16228 15896 192 139 15704
is_linear=0
shrinkage=0.04


Tree=35
num_leaves=15
num_cat=0
split_feature=83 2 3 49 7 77 0 51 18 77 1 24 17 35
split_gain=0.012543 0.0187772 0.0200698 0.015775 0.0217602 0.0163346 0.0150447 0.0171654 0.0140665 0.0139637 0.0209717 0.0198694 0.0215267 0.0198618
threshold=0.21428571428571933 0.078059769365028467 0.14539638801621715 -0.3778243658523881 -0.18188960033002291 -0.067328454492214515 -0.0024896282706070578 0.39452803177167045 0.017043993559829638 0.0095979797979798293 0.10552732955151868 0.015780432335630899 0.058125897612957396 0.18080819191223854
decision_type=8 8 10 8 10 2 8 10 8 2 10 10 10 10
left_child=1 2 -1 4 -2 -5 7 -3 -8 -7 11 -11 13 -13
right_child=3 6 -4 5 -6 9 8 -9 -10 10 -12 12 -14 -15
leaf_value=1.9425740502178088e-05 0.00070341003000300487 0.00038468968693718234 -0.00058368698767061991 -0.0010978130943587294 -0.00016218068569691642 -9.3031890859068278e-06 0.0011241657818343651 0.0016930199086311317 0.00012187492788943591 -3.5920832025920405e-05 0.00040408225689316169 -0.00025858910135279068 0.00077812307702016924 -0.0011892486954303949
leaf_weight=10921 109 68 89 23 81 10033 23 21 864 1393 120 1065 31 38
leaf_count=10921 109 68 89 23 81 10033 23 21 864 1393 120 1065 31 38
internal_value=8.79802e-13 2.94567e-05 1.45504e-05 -2.73845e-05 0.000334395 -3.27957e-05 0.000197611 0.000693397 0.000147864 -3.08639e-05 -0.000112586 -0.000137121 -0.000261435 -0.000290652
internal_weight=24879 11986 11010 12893 190 12703 976 89 887 12680 2647 2527 1134 1103
internal_count=24879 11986 11010 12893 190 12703 976 89 887 12680 2647 2527 1134 1103
is_linear=0
shrinkage=0.04


Tree=36
num_leaves=15
num_cat=0
split_feature=39 10 35 26 7 13 80 64 87 23 80 77 87 64
split_gain=0.0123921 0.0166568 0.0182653 0.0174327 0.019232 0.0240985 0.0164024 0.0219109 0.0294171 0.0323003 0.0315138 0.0204445 0.0196706 0.0203911
threshold=0.19432536700550543 -0.063583815028901744 0.22609558343703842 0.048687899975907035 0.30936586413567174 0.20156108355996369 0.041666666666666685 6.053440000000001 -0.41196905168789799 0.019910643279790637 0.10141986494439793 -0.0089285714285714506 -0.87879370124984046 7.1372000000000009
decision_type=10 10 10 10 8 10 10 10 10 10 10 2 10 10
left_child=1 -1 3 4 5 -3 -6 -8 10 -10 12 -11 -9 -14
right_child=-2 2 -4 -5 6 -7 7 8 9 11 -12 -13 13 -15
leaf_value=0.00013049359225780749 -0.00032011073294900902 2.4808142784537627e-06 0.000808260552585125 0.00094042208714170325 -1.2207032990112263e-05 0.00058070408026870957 -0.00026612552007361474 -0.00010777455288916826 -0.00034346810427828217 0.00030491910700220615 0.00095637251603572331 0.00138595139918228 -0.00039720129114963735 -0.0020295122236013412
leaf_weight=1526 192 19780 44 31 1648 116 1253 51 53 55 24 57 24 25
leaf_count=1526 192 19780 44 31 1648 116 1253 51 53 55 24 57 24 25
internal_value=-1.80271e-13 2.48962e-06 -5.94413e-06 -7.49385e-06 -8.76672e-06 5.85204e-06 -9.99438e-05 -0.000193712 0.000120248 0.000470097 -0.000345276 0.000855087 -0.000657671 -0.00123001
internal_weight=24879 24687 23161 23117 23086 19896 3190 1542 289 165 124 112 100 49
internal_count=24879 24687 23161 23117 23086 19896 3190 1542 289 165 124 112 100 49
is_linear=0
shrinkage=0.04


Tree=37
num_leaves=15
num_cat=0
split_feature=1 38 77 8 100 52 86 5 78 30 73 44 6 27
split_gain=0.012082 0.0237109 0.0190909 0.0166891 0.0167842 0.01596 0.0154872 0.0151594 0.0252454 0.0294857 0.0262259 0.019842 0.0194305 0.017627
threshold=-0.085691995833810305 -0.21062802763938929 -0.059292984228109739 1.244759310456985 3.5000000000000004 0.23421325051759836 -0.21604442997905285 -0.281468409217214 0.020131815747446494 -0.14926358958181349 -0.37138946752726704 0.99971514029340558 0.32844497048183302 0.031733364556990523
decision_type=10 8 2 10 2 10 8 10 10 10 10 8 10 10
left_child=1 -1 5 4 -3 -2 -6 8 9 -4 -11 -9 13 -13
right_child=2 3 7 -5 6 -7 -8 11 -10 10 -12 12 -14 -15
leaf_value=0.0012081821133781757 -2.6910839794094072e-05 0.00032092001963906954 2.6658487492892104e-05 -0.00092375923383414098 -0.0012716747110798246 -0.00079121319341680235 1.1880515826391585e-05 -4.4329551447863554e-07 -0.0013606959059834481 -0.00020595825558831525 -0.0017050945640993166 0.00033028931451981942 -0.00019038727336967562 0.0012022869509882201
leaf_weight=35 85 297 295 23 21 90 53 23611 30 43 33 136 76 51
leaf_count=35 85 297 295 23 21 90 53 23611 30 43 33 136 76 51
internal_value=-1.53907e-13 0.000210437 -3.69234e-06 0.000121805 0.000186625 -0.000419981 -0.000352372 -6.91289e-07 -0.000244591 -0.00015434 -0.000856899 3.40537e-06 0.000348922 0.000568107
internal_weight=24879 429 24450 394 371 175 74 24275 401 371 76 23874 263 187
internal_count=24879 429 24450 394 371 175 74 24275 401 371 76 23874 263 187
is_linear=0
shrinkage=0.04


Tree=38
num_leaves=15
num_cat=0
split_feature=43 82 81 14 38 78 60 4 38 66 4 53 22 78
split_gain=0.0118066 0.0253635 0.0177451 0.0200337 0.0162226 0.0259074 0.0307149 0.028935 0.0238782 0.0237752 0.0173809 0.016737 0.0162829 0.0167608
threshold=0.73965468036529669 0.21092329545454425 0.99946294307196626 -0.21179045104002445 0.33235028628764612 0.001994019928270863 -0.1687778815541465 0.1093283417425457 0.46241371151761462 4.9284500000000007 0.25374333213655414 0.57547778007734951 0.027066510522852538 -0.013016467930534346
decision_type=10 8 10 10 10 10 10 10 10 10 10 10 10 10
left_child=4 2 3 -2 10 7 8 11 -7 -9 12 -6 -1 -14
right_child=1 -3 -4 -5 5 6 -8 9 -10 -11 -12 -13 13 -15
leaf_value=-1.8353985756917966e-05 -0.00033685163992512807 0.00011911785917757412 0.00019620299663817184 -3.114151625229862e-05 0.00040457824171444745 -0.00047716883963651281 -0.0010968627308664675 -4.3401805374915487e-05 0.0010820727268318561 0.0013192163910716772 -0.0010849363345187158 -0.00042731807979694367 -0.00011087707024579573 0.0002083117245893296
leaf_weight=17204 443 3445 387 1519 49 55 99 42 22 40 24 184 356 1010
leaf_count=17204 443 3445 387 1519 49 55 99 42 22 40 24 184 356 1010
internal_value=-1.14076e-13 5.00108e-05 -5.13404e-05 -0.000100168 -1.51827e-05 -0.000242127 -0.000630841 -2.4941e-05 -3.16712e-05 0.00062129 -9.18995e-06 -0.00025237 -7.79964e-06 0.000125126
internal_weight=24879 5794 2349 1962 19085 491 176 315 77 82 18594 233 18570 1366
internal_count=24879 5794 2349 1962 19085 491 176 315 77 82 18594 233 18570 1366
is_linear=0
shrinkage=0.04


Tree=39
num_leaves=15
num_cat=0
split_feature=83 2 3 50 0 51 77 26 80 51 25 65 87 89
split_gain=0.0114103 0.0163298 0.0185831 0.0149472 0.0143828 0.0161024 0.013665 0.013313 0.0185099 0.0137801 0.0222974 0.0187927 0.0198676 0.0140239
threshold=0.21428571428571933 0.078059769365028467 0.14539638801621715 -0.35708081895745936 -0.0024896282706070578 0.39452803177167045 -0.067328454492214515 0.015704264880037355 0.048185428548061827 0.43873399659268436 0.021221412223521179 5.474095000000001 0.39311587478240168 2.8737616390829853e-11
decision_type=8 8 10 8 8 10 2 10 10 8 10 10 10 10
left_child=1 2 -1 -2 5 -3 -5 8 -6 11 13 -9 -13 -11
right_child=3 4 -4 6 7 -7 -8 9 -10 10 -12 12 -14 -15
leaf_value=1.8885432004826351e-05 0.00014829387407328337 0.00037066860638065808 -0.00056146003130635015 -0.0010108241951093078 0.00020372861276356208 0.001637843841952937 -3.4906844402320331e-05 9.7183364482198283e-05 0.001707110776565969 -0.001258990438318027 0.00049983669923884524 0.00031651448936034473 0.0018671554224565627 -0.00014076519202824462
leaf_weight=10921 741 68 89 23 38 21 12129 663 20 38 35 39 20 34
leaf_count=10921 741 68 89 23 38 21 12129 663 20 38 35 39 20 34
internal_value=5.14045e-13 2.80951e-05 1.41942e-05 -2.61187e-05 0.000184908 0.000669665 -3.6754e-05 0.000136269 0.000722136 9.52791e-05 -0.000328349 0.000158061 0.000842155 -0.00073094
internal_weight=24879 11986 11010 12893 976 89 12152 887 58 829 107 722 59 72
internal_count=24879 11986 11010 12893 976 89 12152 887 58 829 107 722 59 72
is_linear=0
shrinkage=0.04


Tree=40
num_leaves=15
num_cat=0
split_feature=89 40 2 46 44 70 35 0 84 16 24 58 82 15
split_gain=0.0113063 0.0190737 0.0180382 0.0208865 0.024798 0.0217007 0.019251 0.0214985 0.0233555 0.0177524 0.0170253 0.0209774 0.0168396 0.0173611
threshold=3.1569217604346868e-11 inf 0.078059769365028467 0.65559069643228074 0.96495361242818434 3.8696672384093271 0.13119478543226362 -0.028164607167409924 0.30769230769230732 0.028743927381433183 0.022742616421782918 597388503.12875009 0.266666666666668 0.056077564084181443
decision_type=10 8 10 10 8 10 10 10 10 10 10 10 10 8
left_child=12 2 6 4 9 10 -2 -8 -9 -4 11 -5 13 -1
right_child=1 -3 3 5 -6 -7 7 8 -10 -11 -12 -13 -14 -15
leaf_value=-7.9910508501635817e-05 2.8586261939011009e-05 -0.00096015018951748645 0.00091630365350283685 0.00033370637835339025 0.0014819545419635001 -0.00056022341124008636 0.00053556598882590018 0.00013902580798252152 -0.00087727549469523275 0.00011897775472568133 0.0010342416726052761 -0.00044883139239907077 2.2560479271821493e-05 0.00019136848225477702
leaf_weight=6990 10015 31 64 179 37 74 35 53 114 148 35 79 6626 399
leaf_count=6990 10015 31 64 179 37 74 35 53 114 148 35 79 6626 399
internal_value=-7.41968e-13 3.06271e-05 3.34623e-05 0.000243672 0.000526444 5.18193e-05 2.07884e-05 -0.000365823 -0.000554737 0.00035968 0.000206397 9.40921e-05 -2.37412e-05 -6.52617e-05
internal_weight=24879 10864 10833 616 249 367 10217 202 167 212 293 258 14015 7389
internal_count=24879 10864 10833 616 249 367 10217 202 167 212 293 258 14015 7389
is_linear=0
shrinkage=0.04


Tree=41
num_leaves=15
num_cat=0
split_feature=1 38 77 8 53 7 46 97 7 1 80 7 9 51
split_gain=0.011235 0.0216832 0.0168471 0.014917 0.0153087 0.0169041 0.0188176 0.0160099 0.0159679 0.0143238 0.0232079 0.0220327 0.0193171 0.0299312
threshold=-0.085691995833810305 -0.21062802763938929 -0.059292984228109739 1.244759310456985 0.72771491698986512 0.28387667451132853 0.61421654319087937 0.45833333333333343 -0.11534090049832361 -0.025322122952432521 0.10141986494439793 0.61132495050090141 0.03801160389086073 0.1822744483504635
decision_type=10 8 2 10 10 10 10 8 8 10 10 10 10 10
left_child=1 -1 -2 4 5 7 -7 -3 -9 10 11 12 -4 -14
right_child=2 3 9 -5 -6 6 -8 8 -10 -11 -12 -13 13 -15
leaf_value=0.0011570550411540482 -0.00039462079717112434 0.00075849609583908905 -9.8133953878760339e-05 -0.0008703290096119694 0.0010965992399939784 -0.0013599614614698415 3.8141953260746109e-05 -0.0007556840240431484 0.00021697873380196661 1.3813989101978027e-05 0.0012939114946639166 -0.00066176479343663564 1.3835169144829662e-05 0.00068855223610182292
leaf_weight=35 175 72 3541 23 27 24 43 32 173 19826 20 99 664 125
leaf_count=35 175 72 3541 23 27 24 43 32 173 19826 20 99 664 125
internal_value=-2.56964e-13 0.000202927 -3.56056e-06 0.00011817 0.000179451 0.000107466 -0.000462671 0.000245369 6.51484e-05 -7.41384e-07 -6.56042e-05 -7.17434e-05 -5.82533e-05 0.00012073
internal_weight=24879 429 24450 394 371 344 67 277 205 24275 4449 4429 4330 789
internal_count=24879 429 24450 394 371 344 67 277 205 24275 4449 4429 4330 789
is_linear=0
shrinkage=0.04


Tree=42
num_leaves=15
num_cat=0
split_feature=13 7 19 19 9 74 10 1 33 89 21 26 98 65
split_gain=0.0112579 0.0185321 0.0177673 0.0167805 0.0138209 0.0223233 0.0140403 0.0160924 0.0279055 0.0181278 0.0182648 0.0192473 0.0176142 0.0266302
threshold=0.20156108355996369 0.07602849466658769 0.05006140505930224 0.044320234807914929 0.09818020719738281 0.36366188880417388 0.08049229114184088 -0.028808886586664414 -0.00072685505212799473 6.0167025103719929e-12 0.037871745305272438 0.04403843148706995 0.46998799519807927 5.855055000000001
decision_type=10 8 8 10 10 8 8 10 10 10 10 10 8 10
left_child=4 -2 3 -3 6 -6 7 8 12 -9 -11 -12 -1 -14
right_child=1 2 -4 -5 5 -7 -8 9 -10 10 11 -13 13 -15
leaf_value=-0.00017946360826515001 0.0008358999451997186 0.00021019609360438255 0.00058820418405812231 -0.0010198085465734559 -0.0010685591319248042 0.00023307791835552936 0.00023506401906741477 -0.00016189205448352684 -0.00070010598237931192 1.2872802702134345e-05 0.00022939598209793783 0.0013689163193787233 -1.6636697899594179e-05 0.0008664838116549488
leaf_weight=1298 68 36 50 35 49 37 398 943 113 19262 270 26 2238 56
leaf_count=1298 68 36 50 35 49 37 398 943 113 19262 270 26 2238 56
internal_value=5.05528e-13 0.000307541 1.06113e-05 -0.000396144 -2.3542e-06 -0.000508552 -5.8485e-07 -4.45944e-06 -8.11783e-05 9.40542e-06 1.76646e-05 0.000329489 -6.17076e-05 4.92161e-06
internal_weight=24879 189 121 71 24690 86 24604 24206 3705 20501 19558 296 3592 2294
internal_count=24879 189 121 71 24690 86 24604 24206 3705 20501 19558 296 3592 2294
is_linear=0
shrinkage=0.04


Tree=43
num_leaves=15
num_cat=0
split_feature=39 98 81 97 27 31 8 86 16 77 46 77 15 2
split_gain=0.0109991 0.0145644 0.0171962 0.022248 0.0141255 0.0204281 0.0167786 0.0158047 0.0152621 0.0137652 0.0159526 0.0135412 0.0132845 0.0131359
threshold=0.19432536700550543 0.38484848484848494 0.31741279346069701 0.39444444444444454 0.037335810148703102 -0.16411796148128352 1.345173129383656 -0.1112175173424586 0.050613072756324727 -0.019604349223652392 0.82145035456536986 0.084756793629580121 0.075531094836907328 -0.071635816275663886
decision_type=10 8 10 10 10 10 10 10 10 2 10 2 10 10
left_child=4 -2 3 -3 6 12 11 -8 -9 -7 -11 -1 13 -6
right_child=1 2 -4 -5 5 9 7 8 -10 10 -12 -13 -14 -15
leaf_value=-1.2586869440886168e-06 -0.0012459366979158443 0.0014227466586799848 -0.00046856398419053719 -0.00019954785376811697 0.00066330874968018082 -3.7272997681914912e-05 -0.0014382062212098391 -0.00039019063832759125 0.00076023720515271023 0.0015161307613280686 0.00050673414657537174 0.00043196558025023293 0.00087795632938785406 -0.00013780649155255799
leaf_weight=23844 23 21 110 38 37 48 20 152 21 33 104 116 27 285
leaf_count=23844 23 21 110 38 37 48 20 152 21 33 104 116 27 285
internal_value=-3.3094e-13 -0.000301582 -0.00017306 0.000377879 2.34551e-06 0.000205835 -2.15345e-06 -0.000373617 -0.000250543 0.000545641 0.000749873 8.38726e-07 2.57089e-05 -4.57529e-05
internal_weight=24879 192 169 59 24687 534 24153 193 173 185 137 23960 349 322
internal_count=24879 192 169 59 24687 534 24153 193 173 185 137 23960 349 322
is_linear=0
shrinkage=0.04


Tree=44
num_leaves=15
num_cat=0
split_feature=32 18 22 17 9 1 46 50 21 41 80 6 5 7
split_gain=0.0109191 0.0245927 0.0203733 0.0196752 0.0175292 0.0199053 0.0222546 0.0167784 0.0161294 0.0157397 0.0197269 0.0191447 0.0360217 0.021369
threshold=-0.2320197881908457 0.041856409775202379 0.03106344602968 0.0606532012957424 0.09818020719738281 -0.093053202594246751 0.18825445487641315 -0.25413039808907678 0.042368785564996798 -0.019933845552986437 0.058613930021062959 0.35080366007387559 0.15363416915221675 0.5489270720382331
decision_type=8 10 10 10 10 10 10 10 10 10 10 10 10 8
left_child=4 2 -2 9 5 6 -1 -8 -6 10 -3 -11 13 -13
right_child=1 3 -4 -5 8 -7 7 -9 -10 11 -12 12 -14 -15
leaf_value=0.0013235930867162289 -2.1994137939167104e-05 -0.00029313460312550886 0.00038733553124892738 0.000810422984790057 -0.0015274975550445644 2.3070059117636013e-05 -0.00028530706765845284 0.00069830019801685758 -0.00012054404887749116 -0.00069155477882747575 0.00089913124280214748 0.0011610589457753426 -0.00067637932538450261 -5.3742597219892424e-05
leaf_weight=38 11170 64 198 25 22 12748 56 55 32 230 34 36 106 65
leaf_count=38 11170 64 198 25 22 12748 56 55 32 230 34 36 106 65
internal_value=-2.99724e-13 -2.76124e-05 -1.48647e-05 -0.00028639 2.54313e-05 2.84425e-05 0.000488093 0.000202066 -0.000693747 -0.000337643 0.000120509 -0.000440387 -0.000161311 0.000379256
internal_weight=24879 11928 11368 560 12951 12897 149 111 54 535 98 437 207 101
internal_count=24879 11928 11368 560 12951 12897 149 111 54 535 98 437 207 101
is_linear=0
shrinkage=0.04


Tree=45
num_leaves=15
num_cat=0
split_feature=32 39 3 36 22 28 55 34 74 44 73 39 70 4
split_gain=0.0107248 0.0319909 0.0175621 0.0186896 0.013555 0.012385 0.0119707 0.0195264 0.0307165 0.0256424 0.0235476 0.0204529 0.0191655 0.0174761
threshold=-0.51313769651899332 -0.08850683741903663 -0.07674734843859736 0.23911464915708117 0.015757999925261616 0.032999143474659799 768705593.81300008 0.096366595405784974 0.4355462761793007 0.92639609953456781 1.0251732528748883 -0.046872774448173109 1.6795858476990324 0.19429311621021475
decision_type=8 10 10 10 10 10 10 10 10 10 10 10 10 10
left_child=1 -1 -3 5 -5 -4 7 10 -9 -10 11 12 -2 -13
right_child=6 2 3 4 -6 -7 -8 8 9 -11 -12 13 -14 -15
leaf_value=0.0016525302361696959 0.00013057062908140672 -0.00084783764385585009 0.00021529397018857195 -0.0012852792873639951 0.00015354339282202999 0.0010573171577867 -3.8726877812978849e-05 0.0010960984174573027 0.0007484318755644684 -0.00083499919178090453 0.0011531434446605373 -2.0987658841225958e-06 0.001269548231891046 -0.0011056564653130329
leaf_weight=23 1567 28 284 22 20 31 9429 68 30 36 29 13265 24 23
leaf_count=23 1567 28 284 22 20 31 9429 68 30 36 29 13265 24 23
internal_value=-1.49095e-13 0.000203392 0.00011682 0.000192479 -0.000600126 0.00029816 -3.39111e-06 1.87589e-05 0.00049946 -0.000115258 1.44382e-05 1.22188e-05 0.000147752 -4.0089e-06
internal_weight=24879 408 385 357 42 315 24471 15042 134 66 14908 14879 1591 13288
internal_count=24879 408 385 357 42 315 24471 15042 134 66 14908 14879 1591 13288
is_linear=0
shrinkage=0.04


Tree=46
num_leaves=15
num_cat=0
split_feature=48 78 6 68 36 82 24 40 44 32 39 3 86 82
split_gain=0.0106289 0.0277896 0.0164506 0.0162955 0.0158272 0.0149891 0.020354 0.0137097 0.0125993 0.0121371 0.0281957 0.0173098 0.0117573 0.0120134
threshold=-0.04030155890621006 -0.020263206341945058 0.4676991755892313 6.5364458333333344 0.1428255578757254 0.20670391061452595 0.010204955610312145 0.14472777844658138 0.89883453468253771 -0.51313769651899332 -0.08850683741903663 -0.07674734843859736 2.0038044412054932 1.0000000180025095e-35
decision_type=10 10 10 10 10 8 8 10 10 8 10 10 10 10
left_child=8 2 4 5 -2 12 7 -7 9 10 -1 -12 13 -3
right_child=1 3 -4 -5 -6 6 -8 -9 -10 -11 11 -13 -14 -15
leaf_value=0.0015864290166443782 -0.00020192440662702375 0.00019450865189524005 0.0001880588964559138 0.00094864404267247992 -0.0015710860057068724 2.9647757566792537e-05 0.00025131548711536421 -0.0010273850355297328 -0.00069519098990239458 -1.3511376422506141e-05 -0.00081392412539571524 0.00023320604064285235 -0.00099246443249285227 -7.7958671592026364e-05
leaf_weight=23 22 335 25 34 35 1068 1155 20 43 20673 28 258 20 1140
leaf_count=23 22 335 25 34 35 1068 1155 20 43 20673 28 258 20 1140
internal_value=-3.28181e-13 6.10661e-05 -0.000667425 7.69029e-05 -0.00104264 6.89737e-05 0.000134367 1.0217e-05 -1.11938e-05 -9.79199e-06 0.000239046 0.00013069 -2.91383e-05 -1.60763e-05
internal_weight=24879 3854 82 3772 57 3738 2243 1088 21025 20982 309 286 1495 1475
internal_count=24879 3854 82 3772 57 3738 2243 1088 21025 20982 309 286 1495 1475
is_linear=0
shrinkage=0.04


Tree=47
num_leaves=15
num_cat=0
split_feature=83 19 20 50 6 2 14 61 88 85 42 74 25 18
split_gain=0.010355 0.0195699 0.0206468 0.03725 0.0175739 0.0159955 0.0226533 0.0207941 0.0191388 0.0137376 0.0128947 0.012767 0.0194446 0.0133892
threshold=0.13043478260869615 0.051913504893703 0.044346199181210376 -0.12298261871368453 -0.045265952803382574 0.096631401410610232 -0.36362501277530784 0.88253236109368027 0.97655359480888271 0.55274426705117208 0.27292465641532176 0.26157896007574383 0.013655426292251653 0.037069573959336084
decision_type=8 10 10 10 10 8 8 8 8 10 8 10 10 10
left_child=1 2 5 9 -3 6 8 10 -1 -4 -7 -9 -13 -14
right_child=-2 4 3 -5 -6 7 -8 11 -10 -11 -12 12 13 -15
leaf_value=-0.0017486447365954519 -1.7415087362471849e-05 0.00040335856156334989 0.00032728729323922029 0.0014547767530505857 -0.00094710799785138202 0.00046624003734905276 2.6730783637106994e-05 -8.2004944314718729e-05 -0.0002712684005815932 -0.00061653752110820889 0.0017708176594566217 -7.5956967716009772e-05 0.0010909953697966343 0.00014546142264923735
leaf_weight=20 17094 21 139 45 58 27 7027 166 47 30 22 78 68 37
leaf_count=20 17094 21 139 45 58 27 7027 166 47 30 22 78 68 37
internal_value=-2.13879e-13 3.82394e-05 4.46607e-05 0.000432064 -0.000588123 3.3595e-05 1.97512e-05 0.000280349 -0.000712276 0.000159744 0.00105197 0.000172012 0.000402432 0.000757807
internal_weight=24879 7785 7706 214 79 7492 7094 398 67 169 49 349 183 105
internal_count=24879 7785 7706 214 79 7492 7094 398 67 169 49 349 183 105
is_linear=0
shrinkage=0.04


Tree=48
num_leaves=15
num_cat=0
split_feature=13 7 33 9 74 35 14 23 85 37 44 6 27 78
split_gain=0.0103561 0.0166864 0.0128673 0.0118254 0.0195476 0.0128164 0.0143369 0.0219055 0.0296623 0.023259 0.015269 0.0174262 0.0154142 0.0143454
threshold=0.20156108355996369 -0.21648111100479037 -0.022799805722095109 0.09818020719738281 0.36366188880417388 -0.15405085439911823 0.22963566172035235 0.019134700964580153 1.219617016975884 -0.043481872450356722 0.99971514029340558 0.32844497048183302 0.031733364556990523 0.020131815747446494
decision_type=10 8 10 10 8 8 8 8 8 10 8 10 10 10
left_child=3 -2 -3 5 -5 -1 10 8 -8 13 -7 12 -12 -9
right_child=1 2 -4 4 -6 6 7 9 -10 -11 11 -13 -14 -15
leaf_value=0.00053602320734004851 0.0013580199366524106 -2.3959704704995034e-05 0.00082077945176688204 -0.00099452398965676906 0.0002235030013488958 -9.0030985409971022e-07 -0.0021550410902127625 1.6941776060913021e-05 -0.00036461939316308293 -0.0014036413166849389 0.00029074747307116492 -0.00020517086653087875 0.0011061782019176319 -0.00090262590490024664
leaf_weight=71 21 131 37 49 37 23719 20 424 57 21 136 76 51 29
leaf_count=71 21 131 37 49 37 23719 20 424 57 21 136 76 51 29
internal_value=-1.35089e-13 0.000294966 0.000162084 -2.25794e-06 -0.000470489 -6.213e-07 -2.17438e-06 -0.000203908 -0.000829664 -0.000102256 2.46057e-06 0.000305566 0.000513138 -4.19268e-05
internal_weight=24879 189 168 24690 86 24604 24533 551 77 474 23982 263 187 453
internal_count=24879 189 168 24690 86 24604 24533 551 77 474 23982 263 187 453
is_linear=0
shrinkage=0.04


Tree=49
num_leaves=15
num_cat=0
split_feature=39 89 53 24 52 15 30 48 78 16 82 24 23 33
split_gain=0.00997224 0.0134076 0.01984 0.0147733 0.0128839 0.0127314 0.0123819 0.0123436 0.0203865 0.0195412 0.0165072 0.0187863 0.0151054 0.0153441
threshold=0.19432536700550543 1.0195141222541944e-11 0.76376342454085466 0.013830252882146225 0.56910004621330013 0.075531094836907328 -0.12424141435715384 -0.04030155890621006 -0.020263206341945058 0.048222787526304906 0.23076923076922742 0.010447896644129043 0.027194451919856449 0.045374995013932613
decision_type=10 10 10 8 10 10 10 10 10 10 8 8 10 10
left_child=5 -2 3 -3 -5 7 -7 -1 -9 10 -10 -12 13 -11
right_child=1 2 -4 4 -6 6 -8 8 9 12 11 -13 -14 -15
leaf_value=-1.1455006974286237e-05 0.00066667499996366951 0.00059372010851098649 -0.0011969582674403985 -0.00018005332642200369 -0.0013137227715924382 0.0001899141791325651 0.0012894208984368521 -0.00060418816604717099 -3.7913422547657902e-05 -0.00020053796423599124 2.2283623691705398e-05 0.00026687689615323483 -0.00046758366016937157 0.00090313008379710557
leaf_weight=20837 21 31 39 81 20 57 23 71 1530 25 1078 941 21 104
leaf_count=20837 21 31 39 81 20 57 23 71 1530 25 1078 941 21 104
internal_value=-3.34005e-13 -0.00028716 -0.000404297 -0.000170102 -0.000404542 2.23335e-06 0.000506022 5.95475e-07 6.71992e-05 8.0086e-05 6.11849e-05 0.000136282 0.000527285 0.000689241
internal_weight=24879 192 171 132 101 24687 80 24607 3770 3699 3549 2019 150 129
internal_count=24879 192 171 132 101 24687 80 24607 3770 3699 3549 2019 150 129
is_linear=0
shrinkage=0.04


Tree=50
num_leaves=15
num_cat=0
split_feature=90 7 47 39 78 12 45 59 84 59 4 80 25 24
split_gain=0.00994651 0.017087 0.0193681 0.017818 0.0166815 0.0155429 0.028969 0.0327507 0.0201597 0.0203052 0.0201376 0.0161544 0.0168674 0.0160694
threshold=3.6021871995942902e-11 0.46056196770905272 -0.15950627266920972 -0.046872774448173109 -0.0010624170736208691 -0.072901482021380012 0.91920598745111282 128839440.24291667 0.96352549889135208 613981459.31266677 0.17756270742444094 0.097307378658370774 0.013071248711129545 0.010295140330060824
decision_type=10 8 10 10 10 10 10 10 8 10 10 10 10 10
left_child=-1 3 4 -2 -3 6 7 -5 9 -8 -7 12 -9 -14
right_child=1 2 -4 5 -6 10 8 11 -10 -11 -12 -13 13 -15
leaf_value=-1.8768338277657067e-05 0.00026095163271207435 0.00079125129830832268 -0.00027401217020815239 0.0017531878229230643 -0.00029456177714133738 2.0380113611029433e-05 -0.00017717449851698298 4.1620198522543752e-05 0.00095415525053712451 -0.0014397268116717104 -0.00059210484440641847 -0.0005010410162067274 0.0015715866185547339 0.00043063218794157872
leaf_weight=16044 589 56 495 25 38 6724 179 204 22 23 87 40 21 332
leaf_count=16044 589 56 495 25 38 6724 179 204 22 23 87 40 21 332
internal_value=5.516e-15 3.40825e-05 -0.000174057 4.89496e-05 0.000352306 3.26418e-05 0.000194344 0.00033481 -0.000195699 -0.00032093 1.25566e-05 0.000275414 0.000331174 0.000498508
internal_weight=24879 8835 589 8246 94 7657 846 622 224 202 6811 597 557 353
internal_count=24879 8835 589 8246 94 7657 846 622 224 202 6811 597 557 353
is_linear=0
shrinkage=0.04


Tree=51
num_leaves=15
num_cat=0
split_feature=7 1 87 30 1 0 43 8 15 78 77 31 13 39
split_gain=0.00985165 0.0153476 0.0130458 0.0140394 0.0118267 0.0220485 0.0270803 0.022721 0.0222647 0.021841 0.0205287 0.0278695 0.0203825 0.0196223
threshold=-0.24686327514280107 -0.05663896452469435 0.9346282918348553 -0.1951687725295809 -0.023336049025293567 -0.037451288116574936 0.7470195329154109 0.45810033477807849 0.041437572301114285 -0.002918733594793443 -0.050620432035341605 -0.196805239328989 -0.12504901960784306 0.026337136222821415
decision_type=8 10 10 10 8 10 10 10 10 10 2 8 8 10
left_child=1 2 3 -1 5 6 9 -7 -9 12 11 -6 -2 -13
right_child=4 -3 -4 -5 10 7 -8 8 -10 -11 -12 13 -14 -15
leaf_value=0.0018429282365278118 0.00080465441087855863 8.2387441713940011e-05 -6.7531978152692322e-05 0.00050342046430394531 -0.0012831614574457964 -6.8732356679084372e-05 0.0015163025132746302 -0.00012421524469914403 -0.00069070122980130174 -0.00025662568466773686 1.341561050663086e-05 -0.00087612617711420174 0.00010374996265976226 0.00075249033337780114
leaf_weight=21 72 581 25 31 46 3547 21 256 196 260 18923 20 851 29
leaf_count=21 72 581 25 31 46 3547 21 256 196 260 18923 20 851 29
internal_value=-1.6119e-13 0.000152715 0.000683367 0.00104438 -4.14873e-06 -5.75868e-05 9.24801e-05 -0.000102768 -0.00036986 6.72051e-05 1.0471e-05 -0.00057606 0.000158425 8.77489e-05
internal_weight=24879 658 77 52 24221 5203 1204 3999 452 1183 19018 95 923 49
internal_count=24879 658 77 52 24221 5203 1204 3999 452 1183 19018 95 923 49
is_linear=0
shrinkage=0.04


Tree=52
num_leaves=15
num_cat=0
split_feature=82 51 89 33 21 17 25 38 78 55 78 77 65 17
split_gain=0.00971272 0.0161108 0.01595 0.0160741 0.0206617 0.0280454 0.0188205 0.0195665 0.0164444 0.0146571 0.0192064 0.0302603 0.0249824 0.0236701
threshold=0.47368421052631721 0.11751494023904387 5.8269474069011634e-12 -0.041467365008248207 0.013506943183934018 0.051452898198404047 0.017889191864928603 0.11873422247165223 -0.010121258201009618 768705593.81300008 0.011924365491857271 -0.044983144039747784 6.0924950000000004 0.037952634655437585
decision_type=10 10 10 10 10 10 10 10 10 10 10 2 10 10
left_child=9 -2 -3 -4 5 6 -5 -8 -9 -1 -11 12 -12 -13
right_child=1 2 3 4 -6 -7 7 8 -10 10 11 13 -14 -15
leaf_value=1.5251802727516365e-05 1.1207031225387466e-06 -0.00048391176546283532 0.00097224729019217192 0.0001975713344816312 -6.2434439166800533e-05 -0.0011203028537009074 0.0002360764428729973 -4.5686326285993512e-06 0.0012115183214016099 -2.7358672193514854e-05 -0.0010589146630011173 -0.00027889383359092068 0.00030802112415484673 9.0866906748823359e-05
leaf_weight=12019 3421 60 40 764 461 23 112 22 93 6579 103 694 27 461
leaf_count=12019 3421 60 40 764 461 23 112 22 93 6579 103 694 27 461
internal_value=8.14841e-13 4.9859e-05 0.000155722 0.000181054 0.000159598 0.000260541 0.000292589 0.000612384 0.000978876 -1.25281e-05 -5.49856e-05 -0.000196431 -0.000775013 -0.00013131
internal_weight=24879 4996 1575 1515 1475 1014 991 227 115 19883 7864 1285 130 1155
internal_count=24879 4996 1575 1515 1475 1014 991 227 115 19883 7864 1285 130 1155
is_linear=0
shrinkage=0.04


Tree=53
num_leaves=15
num_cat=0
split_feature=13 7 19 19 9 74 10 3 51 21 60 26 46 78
split_gain=0.00976173 0.0153027 0.0160405 0.0145001 0.0111111 0.017841 0.012251 0.0153117 0.0230348 0.0159152 0.01874 0.0303027 0.0168307 0.0164397
threshold=0.20156108355996369 0.07602849466658769 0.05006140505930224 0.044320234807914929 0.09818020719738281 0.36366188880417388 0.08049229114184088 -0.13113631920531602 0.021870921786692924 0.037871745305272438 -0.1242836064593381 0.043566157255027271 0.62643209390410826 -0.00062441467216572944
decision_type=10 8 8 10 10 8 8 10 8 10 10 10 10 10
left_child=4 -2 3 -3 6 -6 7 8 -1 -9 12 -12 -11 -14
right_child=1 2 -4 -5 5 -7 -8 9 -10 10 11 -13 13 -15
leaf_value=-0.0012056377052795141 0.00076649765093701294 0.00019370785115623021 0.00056536311762174594 -0.00094966931215354378 -0.00095670062514041003 0.00020694301312638297 0.00021951640471429962 -5.2546706789095021e-06 -0.00014280282648932715 0.00025223407835777231 -0.00040052642292689235 0.00099381857391563251 0.00026727899555759185 0.0015055391870971238
leaf_weight=40 68 36 50 35 49 37 398 23623 177 150 113 32 29 42
leaf_count=40 68 36 50 35 49 37 398 23623 177 150 113 32 29 42
internal_value=2.37186e-13 0.000286376 1.65555e-05 -0.000369929 -2.19218e-06 -0.000456063 -6.05739e-07 -4.22503e-06 -0.000338717 -1.19928e-06 0.000260551 -9.28089e-05 0.000492393 0.000999771
internal_weight=24879 189 121 71 24690 86 24604 24206 217 23989 366 145 221 71
internal_count=24879 189 121 71 24690 86 24604 24206 217 23989 366 145 221 71
is_linear=0
shrinkage=0.04


Tree=54
num_leaves=15
num_cat=0
split_feature=83 1 50 9 50 10 7 20 76 19 40 0 35 59
split_gain=0.00954321 0.0139316 0.0127085 0.0121973 0.0273354 0.0120197 0.0151963 0.0119195 0.0293481 0.0259647 0.018906 0.0189303 0.0290796 0.0137065
threshold=0.21428571428571933 -0.12268976850700529 -0.35708081895745936 0.09818020719738281 -0.14452754880259613 0.053579749700439501 -0.20698524645947422 0.044346199181210376 0.64546916322719394 0.047883600019180871 0.17182593752723443 0.0020893196424420783 0.19391137118286564 4503863772.6158342
decision_type=8 10 8 10 8 10 10 10 10 10 8 10 10 8
left_child=1 -1 5 7 -5 -2 -7 9 -9 10 13 12 -12 -3
right_child=2 3 -4 4 -6 6 -8 8 -10 -11 11 -13 -14 -15
leaf_value=0.00053002896327953577 8.2873487213387735e-05 2.544644885688932e-05 -3.369294268630156e-05 -0.0012307509525109912 0.00058518028640676108 0.001376171121718707 0.00018997299795349439 0.00012533147454742792 0.0012667889061267487 -0.00055375877117353769 -0.00013722718322298403 -0.00052841788801388486 0.0014297515881203471 0.00027848683530259233
leaf_weight=87 666 10548 12152 36 21 27 48 364 40 126 194 195 21 354
leaf_count=87 666 10548 12152 36 21 27 48 364 40 126 194 195 21 354
internal_value=4.16915e-13 2.56939e-05 -2.38864e-05 2.20065e-05 -0.000561724 0.000136935 0.000617004 2.48162e-05 0.000238347 1.72741e-05 2.36346e-05 -0.000243021 1.58266e-05 3.3663e-05
internal_weight=24879 11986 12893 11899 57 741 75 11842 404 11438 11312 410 215 10902
internal_count=24879 11986 12893 11899 57 741 75 11842 404 11438 11312 410 215 10902
is_linear=0
shrinkage=0.04


Tree=55
num_leaves=15
num_cat=0
split_feature=39 24 77 44 25 27 31 8 11 0 7 95 83 66
split_gain=0.00962473 0.0124403 0.019741 0.012817 0.0176443 0.0120449 0.0181003 0.0136735 0.015725 0.0308112 0.0161455 0.0131247 0.0142995 0.0166377
threshold=0.19432536700550543 0.016247165745351202 -1.0000000180025095e-35 0.83870967741935443 0.019946308001843098 0.037335810148703102 -0.16411796148128352 1.345173129383656 -0.11564960719644544 0.024797048510712964 0.57570672290374669 0.54166666666666685 0.42857142857142988 7.4705350000000008
decision_type=10 8 2 10 8 10 10 10 10 10 10 10 10 10
left_child=5 2 -2 4 -3 7 -7 -1 -9 -10 -11 -8 13 -13
right_child=1 3 -4 -5 -6 6 11 8 9 10 -12 12 -14 -15
leaf_value=7.4080717694488892e-07 0.0012067918572574855 -0.00062678617082144092 -0.0002844787163811983 -0.00092174665252160704 0.0007966384227091278 2.0547731473300081e-05 0.0013431263230114171 -0.0013992001824080945 -0.0005262944015336779 -0.00010239174162658552 0.0014316548755311448 0.00031040449827877194 -0.00042942613652297137 0.0013973776658932711
leaf_weight=23960 20 38 49 63 22 349 26 20 129 21 23 101 29 29
leaf_count=23960 20 38 49 63 22 349 26 20 129 21 23 101 29 29
internal_value=-1.13388e-13 -0.000282112 0.000147774 -0.000523267 -0.000104864 2.19409e-06 0.000190101 -1.96035e-06 -0.000337296 -0.000214533 0.000699496 0.000509961 0.00037372 0.000552883
internal_weight=24879 192 69 123 60 24687 534 24153 193 173 44 185 159 130
internal_count=24879 192 69 123 60 24687 534 24153 193 173 44 185 159 130
is_linear=0
shrinkage=0.04


Tree=56
num_leaves=15
num_cat=0
split_feature=32 24 23 9 1 46 50 28 21 8 61 4 83 31
split_gain=0.00924933 0.0211003 0.0206201 0.0132473 0.0163434 0.0181336 0.0145604 0.0146024 0.0137821 0.0133006 0.0253869 0.0226378 0.0190799 0.0146579
threshold=-0.2320197881908457 0.024745480460906136 0.033033658810960993 0.09818020719738281 -0.093053202594246751 0.056742392075445756 -0.25413039808907678 0.029788309014476804 0.042368785564996798 0.38255831060511752 3.3148781848661857 0.34085291093181463 0.25000000000000344 -0.10462978260869558
decision_type=8 10 10 10 10 10 10 10 10 8 10 10 10 10
left_child=3 -2 -3 4 5 -1 7 -7 -5 11 -11 -6 -13 -12
right_child=1 2 -4 8 9 6 -8 -9 -10 10 13 12 -14 -15
leaf_value=0.0012863003992606536 -1.8997532422543375e-05 -0.00069735846995118021 0.00036936032132723847 -0.0013724914509062234 4.9299552769941094e-06 0.00023262444854481147 0.00067746672723192859 -0.0010699351291571346 -7.1939459958230144e-05 8.115185943286523e-05 0.00046165120853274537 -5.2654632367193699e-05 -0.0017789528678570474 0.0016579478562546326
leaf_weight=32 11757 134 37 22 10247 40 56 21 32 2380 57 20 21 23
leaf_count=32 11757 134 37 22 10247 40 56 21 32 2380 57 20 21 23
internal_value=6.91245e-13 -2.54136e-05 -0.000466548 2.34062e-05 2.60239e-05 0.000442524 0.000211748 -0.000215798 -0.000601794 2.11558e-05 0.000104711 1.17673e-06 -0.000936856 0.000805586
internal_weight=24879 11928 171 12951 12897 149 117 61 54 12748 2460 10288 41 80
internal_count=24879 11928 171 12951 12897 149 117 61 54 12748 2460 10288 41 80
is_linear=0
shrinkage=0.04


Tree=57
num_leaves=15
num_cat=0
split_feature=90 7 47 39 78 78 9 12 45 59 4 84 59 18
split_gain=0.0089287 0.0155832 0.0178113 0.0161997 0.0153703 0.0153095 0.0147272 0.0142441 0.0261966 0.0297652 0.0185459 0.0184099 0.0183894 0.0154334
threshold=3.6021871995942902e-11 0.46056196770905272 -0.15950627266920972 -0.046872774448173109 -0.011243618631180173 -0.021991933944253524 -0.056139012931008085 -0.072901482021380012 0.91920598745111282 128839440.24291667 0.17756270742444094 0.96352549889135208 613981459.31266677 0.047393582261718435
decision_type=10 8 10 10 10 10 10 10 10 10 10 8 10 10
left_child=-1 3 4 5 -3 -2 -4 8 9 -5 13 12 -10 -9
right_child=1 2 6 7 -6 -7 -8 10 11 -11 -12 -13 -14 -15
leaf_value=-1.7782165896753498e-05 -0.00081195419122065827 0.0012118230511744816 0.00045421135778139744 0.0016715000977739691 3.8789270079827735e-05 0.00028784640154414556 -0.00032876654492038922 1.5372276634190833e-05 -0.00016803786657716788 0.0002626901820808621 -0.00056856066357858224 0.00091364756311205304 -0.0013695509699375734 0.00097363070748677409
leaf_weight=16044 21 24 42 25 70 568 453 6697 179 597 87 22 23 27
leaf_count=16044 21 24 42 25 70 568 453 6697 179 597 87 22 23 27
internal_value=3.14513e-13 3.22917e-05 -0.000166478 4.64895e-05 0.000338287 0.000248634 -0.000262332 3.09399e-05 0.000185739 0.000319314 1.17121e-05 -0.000185171 -0.000304844 1.92201e-05
internal_weight=24879 8835 589 8246 94 589 495 7657 846 622 6811 224 202 6724
internal_count=24879 8835 589 8246 94 589 495 7657 846 622 6811 224 202 6724
is_linear=0
shrinkage=0.04


Tree=58
num_leaves=15
num_cat=0
split_feature=82 51 89 33 21 17 25 8 53 55 78 77 65 17
split_gain=0.00886286 0.0146991 0.0145999 0.0146541 0.0188344 0.0258855 0.0170492 0.0181333 0.0136798 0.0132905 0.0177134 0.0279184 0.0222374 0.0215257
threshold=0.47368421052631721 0.11751494023904387 5.8269474069011634e-12 -0.041467365008248207 0.013506943183934018 0.051452898198404047 0.017889191864928603 0.43928963704352758 0.60796531674236931 768705593.81300008 0.011924365491857271 -0.044983144039747784 6.0924950000000004 0.037952634655437585
decision_type=10 10 10 10 10 10 10 10 10 10 10 2 10 10
left_child=9 8 -3 -4 5 6 -5 -8 -2 -1 -11 12 -12 -13
right_child=1 2 3 4 -6 -7 7 -9 -10 10 11 13 -14 -15
leaf_value=1.4485711951176523e-05 8.0734777710455727e-06 -0.00046321773445136689 0.00092842085729353131 0.00018922557746880661 -5.9490489544030769e-05 -0.0010777351049625356 0.00032537112167986396 0.0010781554536273082 -0.00091294835178324805 -2.5865821865043165e-05 -0.0010118267728067771 -0.00026642329950410945 0.0002778266689576278 8.619039362779926e-05
leaf_weight=12019 3395 60 40 764 461 23 149 78 26 6579 103 694 27 461
leaf_count=12019 3395 60 40 764 461 23 149 78 26 6579 103 694 27 461
internal_value=1.87984e-13 4.76278e-05 0.000148746 0.000172983 0.000152496 0.000248873 0.000279662 0.000584037 1.0736e-06 -1.19674e-05 -5.23973e-05 -0.000188234 -0.000743976 -0.000125683
internal_weight=24879 4996 1575 1515 1475 1014 991 227 3421 19883 7864 1285 130 1155
internal_count=24879 4996 1575 1515 1475 1014 991 227 3421 19883 7864 1285 130 1155
is_linear=0
shrinkage=0.04


Tree=59
num_leaves=15
num_cat=0
split_feature=13 7 19 19 14 23 85 78 77 49 7 97 22 48
split_gain=0.00896697 0.0134749 0.0146991 0.0129202 0.0103798 0.0216351 0.0274633 0.0197786 0.0175269 0.0137989 0.0152449 0.0159227 0.0140068 0.0165864
threshold=0.20156108355996369 0.07602849466658769 0.05006140505930224 0.044320234807914929 0.22963566172035235 0.019134700964580153 1.219617016975884 0.018655068496101882 -0.053712726926783631 -0.28546637241048189 -0.32377354629770344 0.54166666666666685 0.01184304432710547 -0.28424411251368714
decision_type=10 8 8 10 8 8 8 10 2 10 10 10 10 8
left_child=4 -2 3 -3 9 6 -6 8 -7 12 11 -11 -1 -14
right_child=1 2 -4 -5 5 7 -8 -9 -10 10 -12 -13 13 -15
leaf_value=-7.7136601259762371e-05 0.00072500811916303488 0.00018334994896172755 0.00054663631434086711 -0.00089594299993145149 -0.002066789156291634 -0.0011116585101593624 -0.0003440125695870895 -0.00095436944528237775 4.3051149017529692e-05 -0.00058607072472813076 -2.1930299866796509e-06 -2.7710146223398624e-05 1.8287740389482897e-05 0.00031501586540625808
leaf_weight=453 68 36 50 35 20 22 57 38 478 147 22070 184 542 679
leaf_count=453 68 36 50 35 20 22 57 38 478 147 22070 184 542 679
internal_value=-1.30065e-13 0.000274471 2.12761e-05 -0.000348696 -2.10105e-06 -0.000164372 -0.000791487 -7.46172e-05 -7.75608e-06 2.04418e-06 -6.23415e-06 -0.000275683 0.000112822 0.000183299
internal_weight=24879 189 121 71 24690 615 77 538 500 24075 22401 331 1674 1221
internal_count=24879 189 121 71 24690 615 77 538 500 24075 22401 331 1674 1221
is_linear=0
shrinkage=0.04


Tree=60
num_leaves=15
num_cat=0
split_feature=39 98 0 49 1 77 51 81 78 83 67 13 80 5
split_gain=0.00868436 0.0122347 0.0136325 0.0142604 0.0157276 0.015285 0.0112999 0.0243556 0.0211786 0.0179407 0.0168285 0.0287838 0.0285661 0.0271955
threshold=0.19432536700550543 0.38484848484848494 -0.028164607167409924 -0.080331582741221305 0.010103696539866871 0.054667731076909927 0.13549769540654003 0.7857142857142877 0.048307946019185206 0.095238095238096468 6.0414850000000007 -0.064935064935064943 0.12315395831429503 0.15363416915221675
decision_type=10 8 10 10 10 2 10 10 10 10 8 10 10 10
left_child=6 -2 -3 -4 -5 -6 -1 10 9 -9 12 -12 -8 -13
right_child=1 2 3 4 5 -7 7 8 -10 -11 11 13 -14 -15
leaf_value=-1.3621684808789996e-05 -0.0011335130007279551 0.00041202770252961535 -0.0011521761697427981 0.00082649385822670799 -0.00079544673385098573 0.00051295612449757757 8.6412411174513815e-05 8.8850846097289309e-05 0.00079367080838744369 -0.00019698502728682495 0.00077589464231687998 0.00050172582159249755 -0.0010610321664384433 -0.00068134973792596072
leaf_weight=18467 23 49 29 21 50 20 4251 516 43 1101 149 67 35 58
leaf_count=18467 23 49 29 21 50 20 4251 516 43 1101 149 67 35 58
internal_value=1.10411e-14 -0.000267976 -0.000150181 -0.00037975 -0.000133592 -0.000421617 2.08415e-06 4.87143e-05 -8.24733e-05 -0.000105772 9.64712e-05 0.000400386 7.70422e-05 -4.72212e-05
internal_weight=24879 192 169 120 91 70 24687 6220 1660 1617 4560 274 4286 125
internal_count=24879 192 169 120 91 70 24687 6220 1660 1617 4560 274 4286 125
is_linear=0
shrinkage=0.04


Tree=61
num_leaves=15
num_cat=0
split_feature=50 28 1 0 78 51 49 33 67 24 97 1 98 77
split_gain=0.00852682 0.0151837 0.0125405 0.0210733 0.0277883 0.0351663 0.0184513 0.0183246 0.0168918 0.0185984 0.0175822 0.0193447 0.0178644 0.0155701
threshold=-0.33607825110337464 0.018025689933742369 -0.023336049025293567 -0.033345707618725955 0.0086697833180546819 0.2089207220259808 -0.074074074074074112 -0.00072685505212799473 4.6523425000000005 0.028460758793599539 0.65833333333333344 -0.06047690438504582 0.43257575757575767 -0.050620432035341605
decision_type=8 10 8 10 10 10 8 10 8 8 8 10 10 2
left_child=1 -1 3 4 5 8 -7 -5 9 -2 11 -10 -13 -4
right_child=2 -3 13 7 -6 6 -8 -9 10 -11 -12 12 -14 -15
leaf_value=-2.9178504634495124e-06 6.1041455204469198e-05 0.00022549247518136376 -0.00051374302497056857 -9.6399422656522028e-05 -0.0008132365770412704 0.00047867904779473874 0.0017631086539477109 -0.00054697713723316768 -0.00020466183706067823 0.0012391542265488005 0.00069207476409660141 -0.002063395306024523 -0.00043234676556577062 1.0796198102533316e-05
leaf_weight=1305 842 724 91 3312 54 170 20 151 94 22 22 21 22 18029
leaf_count=1305 842 724 91 3312 54 170 20 151 94 22 22 21 22 18029
internal_value=-7.63023e-14 7.85849e-05 -6.97806e-06 -6.49773e-05 7.46059e-05 0.000114131 0.000613882 -0.000116046 2.13126e-05 9.10397e-05 -0.000357582 -0.00052614 -0.00122891 8.16192e-06
internal_weight=24879 2029 22850 4730 1267 1213 190 3463 1023 864 159 137 43 18120
internal_count=24879 2029 22850 4730 1267 1213 190 3463 1023 864 159 137 43 18120
is_linear=0
shrinkage=0.04


Tree=62
num_leaves=15
num_cat=0
split_feature=83 19 57 11 47 14 7 32 38 88 41 74 86 60
split_gain=0.00842959 0.0166146 0.019127 0.0181725 0.017839 0.0170165 0.0160575 0.0225163 0.015139 0.0144343 0.0170823 0.0191649 0.0126614 0.0143233
threshold=0.13043478260869615 0.051913504893703 5696327273.5092516 -0.10052408563782343 -0.019584904854934523 -0.36362501277530784 0.23636871629955516 -0.28842719780219778 0.31199999044111332 4.6427248648611252 0.029767077205958285 0.26785550519598195 0.43320425429188408 0.60585919276744482
decision_type=8 10 10 8 8 8 8 10 10 8 10 10 8 10
left_child=1 2 3 4 6 12 -1 -8 -3 10 11 -6 13 -5
right_child=-2 8 -4 5 9 -7 7 -9 -10 -11 -12 -13 -14 -15
leaf_value=0.00023723642221118167 -1.5712820752984698e-05 3.2535071521507283e-05 0.00062012861309469574 -0.00030831286683678625 0.00027329920576885341 2.5901425343439396e-05 0.0018977396407475076 0.00049510735728619418 -0.001075715921455767 -0.00074617709685117009 -0.00010196003708539107 0.0017383841690607369 -3.860191240705348e-05 -0.0018221591822803022
leaf_weight=82 17094 38 90 20 50 7166 30 47 41 30 114 20 37 20
leaf_count=82 17094 38 90 20 50 7166 30 47 41 30 114 20 37 20
internal_value=3.05776e-13 3.45016e-05 4.04182e-05 3.35677e-05 0.000305843 1.9546e-05 0.000626765 0.00104159 -0.000542633 6.74013e-05 0.00020005 0.000691895 -0.000571918 -0.00106524
internal_weight=24879 7785 7706 7616 373 7243 159 77 79 214 184 70 77 40
internal_count=24879 7785 7706 7616 373 7243 159 77 79 214 184 70 77 40
is_linear=0
shrinkage=0.04


Tree=63
num_leaves=15
num_cat=0
split_feature=39 27 42 32 89 40 52 6 65 28 1 15 70 0
split_gain=0.008421 0.014007 0.0250522 0.0139401 0.0135107 0.0194237 0.0140062 0.0159301 0.0217039 0.0171751 0.0160982 0.0179165 0.0209016 0.0171335
threshold=-0.051871946700762998 0.031476851961522397 -0.0079916827903414017 -0.51313769651899332 6.0167025103719929e-12 inf 1.072624483583388 0.64486306919462022 7.8329150000000007 0.04052139324484131 0.11409186764632041 0.03126442869386422 0.55999436480088105 0.056975091416896613
decision_type=10 10 8 8 10 8 8 10 10 10 10 10 8 10
left_child=1 3 -3 -1 -2 6 7 9 -9 10 -6 -12 -13 -14
right_child=4 2 -4 -5 5 -7 -8 8 -10 -11 11 12 13 -15
leaf_value=0.00075893648795555442 -0.00015654420720486925 0.00073091502239306771 -0.00055930551769379838 7.7433493714675237e-05 -2.8367481391029028e-06 -0.0011632228545520617 0.00041863278445501733 -0.00082214302318992416 0.00024902562727220358 -0.00109240946157471 0.0013971324457617647 0.0011334158753229797 -0.00040110469748469771 0.00032632811549341396
leaf_weight=49 938 30 122 2409 20743 23 127 85 47 23 22 34 80 147
leaf_count=49 938 30 122 2409 20743 23 127 85 47 23 22 34 80 147
internal_value=-1.05066e-13 6.7976e-05 -0.000304657 9.10192e-05 -7.96701e-06 -1.43354e-06 -1.79499e-07 -2.69067e-06 -0.000440742 5.6384e-08 1.25141e-06 0.000300901 0.000208498 6.99641e-05
internal_weight=24879 2610 152 2458 22269 21331 21308 21181 132 21049 21026 283 261 227
internal_count=24879 2610 152 2458 22269 21331 21308 21181 132 21049 21026 283 261 227
is_linear=0
shrinkage=0.04


Tree=64
num_leaves=15
num_cat=0
split_feature=1 50 62 14 78 23 85 49 3 81 34 7 97 89
split_gain=0.00821395 0.0151092 0.0135345 0.0124271 0.0213032 0.0220204 0.0234351 0.0138387 0.018653 0.0220003 0.0178482 0.0143279 0.0155503 0.0137939
threshold=-0.085691995833810305 -0.39685735539422784 0.10882352941176472 0.22963566172035235 0.018655068496101882 0.019134700964580153 1.219617016975884 -0.25851850441521085 -0.13113631920531602 0.17499999999999885 -0.10200050390324948 -0.27769732910403161 0.54166666666666685 6.0167025103719929e-12
decision_type=10 8 8 8 10 8 8 10 10 10 10 10 10 10
left_child=1 -1 -3 7 5 6 -5 -2 9 10 -9 12 -10 -13
right_child=3 2 -4 4 -6 -7 -8 8 11 -11 -12 13 -14 -15
leaf_value=0.00092418847677226245 8.8581269171854603e-05 -0.00082175970672930521 0.00015878600937688388 -0.0019188307020813228 -0.0010230845811052456 -8.2562050756433517e-06 -0.00032740440636285043 -0.00044820214399979226 -0.00059532243726149645 -9.2749315165523171e-05 -0.0021178505341522399 -0.00016928612299297173 5.1813740400503645e-06 3.5457420001256964e-06
leaf_weight=39 2594 24 366 20 45 446 57 21 137 69 20 767 139 20135
leaf_count=39 2594 24 366 20 45 446 57 21 137 69 20 767 139 20135
internal_value=3.19497e-13 0.000173512 9.84447e-05 -3.04445e-06 -0.000187957 -0.000116101 -0.000740762 1.35344e-06 -9.2755e-06 -0.000528809 -0.00126266 -6.57701e-06 -0.000292895 -2.79633e-06
internal_weight=24879 429 390 24450 568 523 77 23882 21288 110 41 21178 276 20902
internal_count=24879 429 390 24450 568 523 77 23882 21288 110 41 21178 276 20902
is_linear=0
shrinkage=0.04


Tree=65
num_leaves=15
num_cat=0
split_feature=22 86 85 27 86 16 32 80 47 99 60 63 87 6
split_gain=0.00806344 0.0205246 0.017173 0.0137388 0.01954 0.0178356 0.0154897 0.014074 0.0108798 0.00997056 0.00991581 0.0142202 0.0151362 0.0138651
threshold=0.031683470532394752 -0.057779856650976694 -0.58291429692588259 0.02320979105412364 -0.026618696629062074 0.058992745058760877 -0.26276153196391955 0.084210526315789541 -0.16843742200816167 1.5000000000000002 1.0000000180025095e-35 0.65891472868217071 -0.52682382395765825 0.046995725505213588
decision_type=10 8 10 10 10 10 8 10 10 2 10 10 10 10
left_child=-1 2 -2 -3 -5 9 7 8 -7 -6 11 12 13 -4
right_child=1 3 10 4 5 6 -8 -9 -10 -11 -12 -13 -14 -15
leaf_value=-4.0478052103527923e-06 0.0004039084568070487 5.4252299569412064e-05 -0.00031860408768283598 0.0014804099776364607 0.00053579843121294218 0.00061302273832261568 -0.00064955182153997673 0.0010322199088911856 -0.00048620231490691796 0.0014626222770087994 -0.00076775782362137064 0.00074464182183146474 -1.807399410703827e-05 -0.0016333804006821342
leaf_weight=24117 78 193 33 29 65 25 35 31 34 26 52 25 115 21
leaf_count=24117 78 193 33 29 65 25 35 31 34 26 52 25 115 21
internal_value=4.15033e-14 0.000128111 -0.000113259 0.000306659 0.000505495 0.000374603 6.44735e-05 0.00034215 -2.0429e-05 0.000800605 -0.000277239 -0.00014576 -0.000277476 -0.000829906
internal_weight=24879 762 324 438 245 216 125 90 59 91 246 194 169 54
internal_count=24879 762 324 438 245 216 125 90 59 91 246 194 169 54
is_linear=0
shrinkage=0.04


Tree=66
num_leaves=15
num_cat=0
split_feature=90 6 39 60 42 95 45 86 61 78 40 23 25 76
split_gain=0.00809272 0.0144308 0.0124361 0.0146232 0.0123722 0.011311 0.0118372 0.0156369 0.0154552 0.0150686 0.0171954 0.0124031 0.0122038 0.0256411
threshold=3.6021871995942902e-11 0.55768579480198366 -0.046872774448173109 1.1398343845585346 0.21389665610840894 0.77500000000000013 0.73952465005830892 -0.20915327228643174 3.0889407618323168 -0.017983123874344472 0.040169332836227263 0.015006714895302975 0.022123635836498661 0.63001859926368009
decision_type=10 10 10 10 10 10 10 10 10 10 10 10 10 10
left_child=5 2 3 -2 -3 6 8 9 -1 -8 -11 -10 -9 -14
right_child=1 4 -4 -5 -6 -7 7 12 11 10 -12 -13 13 -15
leaf_value=-2.8566827840664485e-05 0.00016338067247270924 -0.00019183959425815071 2.182684315098593e-05 0.0011489430584013462 -0.0012829875852912664 -0.00080618561558618116 -0.00064072198149832816 -4.0957670275145511e-06 -0.00098352332279318935 -8.9454055621789646e-05 0.00067582168142569111 0.0001819963155624767 9.924452563201815e-05 0.0010341623376007192
leaf_weight=13029 660 60 8067 25 23 29 22 2320 48 66 163 21 290 56
leaf_count=13029 660 60 8067 25 23 29 22 2320 48 66 163 21 290 56
internal_value=3.46492e-14 3.07428e-05 3.57212e-05 0.00019935 -0.000494206 -1.69292e-05 -1.55001e-05 5.73709e-05 -3.17288e-05 0.0003592 0.000455262 -0.0006288 2.89542e-05 0.000250561
internal_weight=24879 8835 8752 685 83 16044 16015 2917 13098 251 229 69 2666 346
internal_count=24879 8835 8752 685 83 16044 16015 2917 13098 251 229 69 2666 346
is_linear=0
shrinkage=0.04


Tree=67
num_leaves=15
num_cat=0
split_feature=39 53 30 65 87 41 41 15 30 48 78 16 82 24
split_gain=0.00824391 0.0118648 0.0180244 0.0177515 0.0129221 0.0120917 0.010785 0.0101014 0.0102956 0.00991858 0.0179441 0.0159798 0.0137402 0.0171386
threshold=0.19432536700550543 0.76376342454085466 -0.084047741490678382 4.8970350000000016 -0.5627240741604469 0.0074271816652686793 0.13873885240688824 0.075531094836907328 -0.12424141435715384 -0.04030155890621006 -0.020263206341945058 0.048222787526304906 0.20670391061452595 0.010204955610312145
decision_type=10 8 10 10 10 10 10 10 10 10 10 10 8 8
left_child=7 2 5 -4 -3 -2 -6 9 -9 -1 -11 12 -12 -14
right_child=1 4 3 -5 6 -7 -8 8 -10 10 11 -13 13 -15
leaf_value=-1.0230423566090934e-05 0.00021697508769908121 6.0407520830631261e-05 -0.0001625891488332015 0.0013459957108413315 -0.00037107024621218441 -0.00085114312856349834 -0.0016065843232298414 0.00016252901775786949 0.001165133356521635 -0.00056961148590321689 -4.3339622930366821e-05 0.00047676545580034146 5.6246406304152991e-06 0.00023055471001216609
leaf_weight=20837 28 25 26 24 20 43 26 57 23 71 1381 150 1084 1084
leaf_count=20837 28 25 26 24 20 43 26 57 23 71 1381 150 1084 1084
internal_value=1.15625e-13 -0.000261092 -2.02254e-05 0.000561532 -0.000671583 -0.000429913 -0.0010694 2.03061e-06 0.000450778 5.71685e-07 6.02755e-05 7.23658e-05 5.52737e-05 0.00011809
internal_weight=24879 192 121 50 71 71 46 24687 80 24607 3770 3699 3549 2168
internal_count=24879 192 121 50 71 71 46 24687 80 24607 3770 3699 3549 2168
is_linear=0
shrinkage=0.04


Tree=68
num_leaves=15
num_cat=0
split_feature=98 64 41 85 90 56 96 85 75 78 95 54 24 13
split_gain=0.00824939 0.0167241 0.013262 0.0190998 0.017679 0.01737 0.0116906 0.0149896 0.0126621 0.011661 0.0112982 0.0112521 0.011062 0.0109202
threshold=0.39767441860465119 2.2962100000000008 0.11949500721471519 -0.52447481985172806 1.9361437597491081e-11 2687292168.9810004 0.60232558139534886 -0.16330244152592974 -0.0063104176252266045 -0.0008792497824423039 0.65833333333333344 0.1541534429128574 0.016694634710779824 0.20156108355996369
decision_type=8 10 10 10 10 10 10 10 10 10 10 10 10 10
left_child=1 9 -3 10 6 12 8 -8 -5 11 -4 -1 -6 -2
right_child=13 2 3 4 5 -7 7 -9 -10 -11 -12 -13 -14 -15
leaf_value=-0.00039751984490153734 2.9662176037254732e-06 -0.000574559951747004 0.0010753357566760055 -0.00017768429592251777 -4.1756965700418704e-05 -0.001686263914598385 0.00026484608469644978 -0.0007350249094095954 0.0011150728182487742 -0.00011262974622078684 4.2857328039962192e-05 0.00030698872538094401 -0.00078840913745807488 0.00032102443707368242
leaf_weight=42 23450 161 28 22 63 20 49 47 27 423 43 266 64 174
leaf_count=42 23450 161 28 22 63 20 49 47 27 423 43 266 64 174
internal_value=3.19756e-14 -9.99331e-05 -0.000272399 -0.000138382 -0.000281455 -0.000590572 3.19255e-05 -0.000224674 0.000534651 2.36946e-05 0.000450032 0.000210919 -0.000418023 5.30884e-06
internal_weight=24879 1255 524 363 292 147 145 96 49 731 71 308 127 23624
internal_count=24879 1255 524 363 292 147 145 96 49 731 71 308 127 23624
is_linear=0
shrinkage=0.04


Tree=69
num_leaves=15
num_cat=0
split_feature=82 4 8 22 18 74 1 24 53 60 72 6 18 9
split_gain=0.00779061 0.0124904 0.0262852 0.0171077 0.0173376 0.0156266 0.0151749 0.0180472 0.0232302 0.0189922 0.0207651 0.0171419 0.0169238 0.0125801
threshold=0.47368421052631721 0.34085291093181463 0.42195608889078856 0.0079640963046611803 0.041429619350347065 0.32807579833203754 0.10552732955151868 0.013771647370606536 0.44948699835166689 2.8726281736699466 0.88069105691056915 0.028798685655158199 0.032450999263865472 -0.062084711069122937
decision_type=10 10 10 10 10 10 8 8 8 10 10 10 10 10
left_child=1 6 -3 -4 -5 -6 -1 13 11 10 -10 -9 -13 -8
right_child=-2 2 3 4 5 -7 7 8 9 -11 -12 12 -14 -15
leaf_value=-1.3354514062543946e-05 4.4653853905633608e-05 -0.001071597418324514 -0.00090550234094262123 0.0013131969743408261 0.00057764959461506342 -0.0007141298278042212 8.9629591831854037e-05 0.00016172884986735879 0.00027128806931986697 0.0012642157501541078 -0.00072594058367290678 0.00021406491270421874 0.0015455930834702616 -0.00086449910604366757
leaf_weight=19332 4996 55 25 20 31 29 67 40 105 20 49 21 56 33
leaf_count=19332 4996 55 25 20 31 29 67 40 105 20 49 21 56 33
internal_value=-2.77986e-14 -1.12202e-05 -0.000363213 7.84527e-06 0.000293266 -4.67105e-05 -8.36468e-06 0.000238345 0.00039765 0.000104589 -4.6012e-05 0.000833485 0.00118245 -0.000225233
internal_weight=24879 19883 160 105 80 60 19723 391 291 174 154 117 77 100
internal_count=24879 19883 160 105 80 60 19723 391 291 174 154 117 77 100
is_linear=0
shrinkage=0.04


Tree=70
num_leaves=15
num_cat=0
split_feature=87 22 66 6 67 98 40 77 31 7 75 13 66 44
split_gain=0.00779385 0.0164363 0.0137422 0.0163456 0.0279401 0.0161318 0.0106177 0.0103539 0.0134956 0.0153306 0.0103323 0.0150082 0.0198951 0.0247478
threshold=-0.088462044442933915 0.03106344602968 8.4065425000000022 0.55768579480198366 5.0036875000000007 0.4478940512375163 0.30699060036038012 0.084756793629580121 -0.14909364570381525 0.11924911137557249 0.85947327487121461 -0.24964571874693595 3.4706225000000006 0.86498373065299505
decision_type=10 10 10 10 10 10 8 2 10 10 10 8 10 8
left_child=10 2 3 6 5 -5 7 -2 9 -9 11 12 -1 -14
right_child=1 -3 -4 4 -6 -7 -8 8 -10 -11 -12 -13 13 -15
leaf_value=0.0011712628271844652 9.0766704997997665e-06 0.00022893824025141092 0.00077859137317392278 -0.00053473667934304098 -0.0017464603145014158 0.00055119197716880022 -0.00086775454629043291 0.00032891966076567769 -0.00013901690928599773 0.001717183906584978 -0.0004503002466498724 -3.4485950411876098e-05 0.00087081717740667439 -0.0002162171303698758
leaf_weight=36 15513 561 37 65 22 33 22 35 39 20 93 8248 49 106
leaf_count=36 15513 561 37 65 22 33 22 35 39 20 93 8248 49 106
internal_value=-1.13817e-14 1.61743e-05 8.61315e-06 6.8042e-06 -0.000458256 -0.000169067 1.03749e-05 1.16128e-05 0.000430151 0.000833743 -3.09894e-05 -2.63685e-05 0.00032417 0.000127426
internal_weight=24879 16347 15786 15749 120 98 15629 15607 94 55 8532 8439 191 155
internal_count=24879 16347 15786 15749 120 98 15629 15607 94 55 8532 8439 191 155
is_linear=0
shrinkage=0.04


Tree=71
num_leaves=15
num_cat=0
split_feature=83 77 1 59 30 21 34 78 73 66 25 86 5 35
split_gain=0.00762537 0.0123871 0.0143227 0.0177812 0.0280793 0.0175326 0.0168413 0.0233895 0.0189213 0.0205961 0.0157535 0.0155755 0.0182245 0.0158177
threshold=0.21428571428571933 0.0095979797979798293 0.10552732955151868 966905300.37816679 -0.075796246683660182 0.0098365659365709079 0.039784988667968098 0.016306110175184466 -0.01062660223531786 4.1844375000000014 0.012565218431983794 0.8184434866667758 0.18366228440369051 0.098368994975122873
decision_type=8 2 10 10 10 10 10 10 8 10 8 8 10 10
left_child=-1 -2 6 4 -4 -5 7 10 9 -9 -3 12 13 -8
right_child=1 2 3 5 -6 -7 11 8 -10 -11 -12 -13 -14 -15
leaf_value=2.296751015351507e-05 -1.1302768121087391e-06 9.8694765376894513e-05 0.0014980468737917977 -0.00096384822337422515 -0.00030649414582347329 0.00040008049933117274 -0.00038486508984265927 0.00041378413333008303 -0.00029017353081144391 0.001944425742522898 -0.00016076230155591842 0.00010762405740056318 -0.00077417848245487459 0.00032791486475616696
leaf_weight=11986 10184 508 37 25 22 38 238 39 28 22 1424 114 151 63
leaf_count=11986 10184 508 37 25 22 38 238 39 28 22 1424 114 151 63
internal_value=1.21246e-13 -2.13518e-05 -9.73709e-05 0.000326162 0.000825167 -0.000141161 -0.000117344 -6.33342e-05 0.000570675 0.000965819 -9.25407e-05 -0.000310196 -0.000415576 -0.000235679
internal_weight=24879 12893 2709 122 59 63 2587 2021 89 61 1932 566 452 301
internal_count=24879 12893 2709 122 59 63 2587 2021 89 61 1932 566 452 301
is_linear=0
shrinkage=0.04


Tree=72
num_leaves=15
num_cat=0
split_feature=32 24 23 9 1 46 50 21 8 31 70 4 83 41
split_gain=0.00761061 0.0177783 0.0184726 0.0117281 0.0137221 0.0156809 0.0129259 0.0127434 0.0117115 0.0224186 0.0228287 0.0182233 0.0158395 0.0157604
threshold=-0.2320197881908457 0.024745480460906136 0.033033658810960993 0.09818020719738281 -0.093053202594246751 0.18825445487641315 -0.25413039808907678 0.042368785564996798 0.38255831060511752 -0.12552192294281719 2.7894234648662608 0.34085291093181463 0.25000000000000344 0.13021508316747257
decision_type=8 10 10 10 10 10 10 10 8 10 10 10 10 10
left_child=3 -2 -3 4 5 -1 -7 -5 11 13 -11 -6 -13 -10
right_child=1 2 -4 7 8 6 -8 -9 9 10 -12 12 -14 -15
leaf_value=0.0011066630842948429 -1.7163256803685757e-05 -0.00064643588658151176 0.00036320905729725551 -0.0013081147130155426 3.8539282048557971e-06 -0.00026253589586953502 0.00060079325430507935 -5.7530181070433176e-05 0.00010387279872859951 0.00026246251868910922 0.0012335938732897819 -3.5504616796970369e-05 -0.001608394980430603 -0.00015868072914949273
leaf_weight=38 11757 134 37 22 10247 56 55 32 1548 390 43 20 21 479
leaf_count=38 11757 134 37 22 10247 56 55 32 1548 390 43 20 21 479
internal_value=7.02986e-16 -2.30527e-05 -0.000427975 2.12317e-05 2.36948e-05 0.000405334 0.00016524 -0.000567028 1.92341e-05 9.7639e-05 0.000358903 4.86471e-07 -0.000841131 4.18288e-05
internal_weight=24879 11928 171 12951 12897 149 111 54 12748 2460 433 10288 41 2027
internal_count=24879 11928 171 12951 12897 149 111 54 12748 2460 433 10288 41 2027
is_linear=0
shrinkage=0.04


Tree=73
num_leaves=15
num_cat=0
split_feature=7 1 87 40 1 33 78 4 27 65 100 48 77 87
split_gain=0.00755465 0.0126463 0.0125711 0.0108609 0.00923951 0.0243814 0.0182175 0.0209755 0.0201468 0.0223136 0.0187664 0.0179086 0.0166763 0.0164179
threshold=-0.24686327514280107 -0.058462442879065928 0.91777734234371022 -0.062459941689456504 -0.028808886586664414 -0.00072685505212799473 0.015709225692193133 -0.056755702245867672 0.035087734454679213 6.876265000000001 2.5000000000000004 -0.27196214511041 0.001136041722188952 -0.72570728927055983
decision_type=8 10 10 10 8 10 10 8 8 10 2 10 2 10
left_child=1 2 3 -1 5 6 8 11 12 10 -10 -8 -2 -14
right_child=4 -3 -4 -5 -6 -7 7 -9 9 -11 -12 -13 13 -15
leaf_value=0.0016786554278362365 -4.7811903174529877e-06 7.371165800472727e-05 -0.00019901847210712732 0.00047527814782629969 7.4715415361709044e-06 -0.00064328582139333362 -0.00082257302764143488 -0.00092769821743086847 -0.00011907857450683532 0.0010932504897646141 0.00089989860223508189 0.00055320986467072882 -0.0008212189561207638 -0.00015927095225571074
leaf_weight=21 2888 589 20 28 20150 111 24 78 121 50 38 41 66 654
leaf_count=21 2888 589 20 28 20150 111 24 78 121 50 38 41 66 654
internal_value=3.29428e-13 0.000133732 0.000646075 0.000991011 -3.63302e-06 -5.85966e-05 -4.22076e-05 -0.000485459 -2.56017e-05 0.000356221 0.000124451 4.52285e-05 -4.77194e-05 -0.00021995
internal_weight=24879 658 69 49 24221 4071 3960 143 3817 209 159 65 3608 720
internal_count=24879 658 69 49 24221 4071 3960 143 3817 209 159 65 3608 720
is_linear=0
shrinkage=0.04


Tree=74
num_leaves=15
num_cat=0
split_feature=90 38 33 15 88 28 43 59 66 20 39 89 31 6
split_gain=0.00738303 0.0126848 0.0222495 0.0159492 0.0147257 0.0160221 0.0125944 0.021439 0.0160777 0.0122836 0.0121533 0.0170343 0.0119483 0.0111573
threshold=3.6021871995942902e-11 0.12834433904193412 0.036935052397438113 0.023312661753711782 1.557786274983407 0.014224058535359657 0.94976778256434724 599192520.05091679 2.3962975000000006 0.022277899961212613 -0.046872774448173109 9.9826845370310718e-11 -0.11702793012441047 0.64486306919462022
decision_type=10 8 10 10 10 10 10 10 10 10 10 10 10 10
left_child=-1 2 10 4 5 9 13 8 -8 -4 11 -2 -5 -3
right_child=1 6 3 12 -6 -7 7 -9 -10 -11 -12 -13 -14 -15
leaf_value=-1.6169916136115026e-05 0.00016238873780041884 -1.5529348255100762e-05 0.0011916486581654421 6.5527849000566435e-05 2.7271961262158583e-05 0.0019916803735707486 -0.00043896732450172417 -0.0014204237651493814 0.00056666294756509811 3.0749239830765876e-05 2.3324387927383513e-05 0.0010351103506027123 0.00078759385600940079 -0.00084923009979180424
leaf_weight=16044 434 2111 35 220 32 21 101 27 34 25 5686 39 44 26
leaf_count=16044 434 2111 35 220 32 21 101 27 34 25 5686 39 44 26
internal_value=-2.31117e-13 2.93639e-05 5.77897e-05 0.000356087 0.000753756 0.00104076 -5.14498e-05 -0.000391485 -0.000185697 0.000707941 3.95305e-05 0.000234347 0.000185872 -2.56726e-05
internal_weight=24879 8835 6536 377 113 81 2299 162 135 60 6159 473 264 2137
internal_count=24879 8835 6536 377 113 81 2299 162 135 60 6159 473 264 2137
is_linear=0
shrinkage=0.04


Tree=75
num_leaves=15
num_cat=0
split_feature=13 7 19 19 39 14 37 84 69 85 63 49 12 55
split_gain=0.00733438 0.0111782 0.0131626 0.0113514 0.00934152 0.00843841 0.0111202 0.0116586 0.0115399 0.00984328 0.00973116 0.0088924 0.0115346 0.0164082
threshold=0.20156108355996369 0.07602849466658769 0.05006140505930224 0.044320234807914929 -0.10985553262156199 0.22963566172035235 -0.043481872450356722 0.75862068965517082 -0.12017349527493484 0.28999564005710471 0.49528301886792458 -0.28546637241048189 -0.059146322126729649 2213751970.3580003
decision_type=10 8 8 10 10 10 10 10 10 10 10 8 10 10
left_child=5 4 3 -3 -2 11 7 8 9 -7 -10 12 -1 -14
right_child=1 2 -4 -5 -6 6 -8 -9 10 -11 -12 -13 13 -15
leaf_value=-0.00022878914220249218 0.0010390349006757322 0.00016621941952810933 0.0005147652421146631 -0.00084542821063327478 8.084968336064506e-05 -0.00046555942104367371 -0.0010794490782301063 -0.0007349121477454901 0.0010950035157535846 0.00036014387309974571 -4.4069793075323106e-05 -5.3659529350700208e-06 7.9824175020654762e-05 0.00049482036136748084
leaf_weight=149 41 36 50 35 27 77 23 43 24 33 24 23170 966 181
leaf_count=149 41 36 50 35 27 77 23 43 24 33 24 23170 966 181
internal_value=1.44001e-13 0.00024823 1.76213e-05 -0.00033248 0.000658579 -1.90018e-06 -0.000246292 -0.000150956 7.96887e-06 -0.000217848 0.000525467 3.37363e-07 0.000102302 0.000145312
internal_weight=24879 189 121 71 68 24690 224 201 158 110 48 24466 1296 1147
internal_count=24879 189 121 71 68 24690 224 201 158 110 48 24466 1296 1147
is_linear=0
shrinkage=0.04


Tree=76
num_leaves=15
num_cat=0
split_feature=51 81 27 83 54 78 50 28 49 78 22 17 4 44
split_gain=0.00720313 0.0233866 0.0158791 0.0150997 0.0149208 0.0197171 0.0160827 0.014832 0.0147561 0.0143787 0.0216672 0.0218766 0.0173445 0.0164982
threshold=0.13549769540654003 0.7857142857142877 0.021317072121676023 0.095238095238096468 0.42438508839120898 -0.0083762989342759369 -0.13155034324942791 0.032131267615888706 -0.26305651684868342 0.033905314659825277 0.013428588318309771 0.050670145568859438 0.30417550263039844 0.80978260869565233
decision_type=10 10 10 10 8 10 8 10 8 10 10 10 10 8
left_child=2 9 8 -3 -5 -6 -7 -8 -1 -2 12 13 -11 -12
right_child=1 3 -4 4 5 6 7 -9 -10 10 11 -13 -14 -15
leaf_value=0.00010959748887629488 9.7841193489480068e-05 8.4353845980527937e-05 -0.0001317725267096553 -8.8057949161108707e-07 -0.00064679389591363787 -0.00059914506909235405 -0.00018887415707986261 0.00037117214095048313 -1.3796273896951868e-05 -0.00039096711829881225 -7.6745284216788909e-05 -0.00074520066140159474 -0.001676211715454147 0.0010794459462631493
leaf_weight=1728 4490 541 1633 482 183 106 293 102 15106 84 39 31 21 40
leaf_count=1728 4490 541 1633 482 183 106 293 102 15106 84 39 31 21 40
internal_value=-5.30633e-14 3.65263e-05 -1.26824e-05 -9.03001e-05 -0.000171336 -0.000291452 -0.000161657 -4.42546e-05 -1.12998e-06 8.25396e-05 -0.000237015 0.000155305 -0.000648016 0.000508668
internal_weight=24879 6412 18467 1707 1166 684 501 395 16834 4705 215 110 105 79
internal_count=24879 6412 18467 1707 1166 684 501 395 16834 4705 215 110 105 79
is_linear=0
shrinkage=0.04


Tree=77
num_leaves=15
num_cat=0
split_feature=87 18 18 96 22 77 83 20 25 32 4 53 6 32
split_gain=0.00720108 0.015367 0.020859 0.0204967 0.0185558 0.0167334 0.0156584 0.0139155 0.0126506 0.00997467 0.0106884 0.014407 0.00991408 0.00941751
threshold=-0.088462044442933915 0.052505317790907786 0.047393582261718435 0.60232558139534886 0.031389159034137519 0.0061881188118811945 0.0303030303030319 0.044870571452875631 0.024813986394123522 -0.28623462969053615 0.099299701089330297 0.28816781802487407 0.30981933378131904 -0.24390149548000659
decision_type=10 10 10 8 10 2 10 10 10 8 10 10 10 8
left_child=13 2 4 9 -2 6 -6 -3 12 10 11 -4 -7 -1
right_child=1 7 3 -5 5 8 -8 -9 -10 -11 -12 -13 -14 -15
leaf_value=1.4818165240836772e-05 1.1243724767679568e-05 0.0011042866365124401 -0.00018469539763362602 -0.0016162357330322267 -0.00013970261847134679 5.6589424362503033e-05 0.00077727541074399721 -0.00013624692578678545 0.00096445147710090334 -0.00058877742930339011 -0.0007854492664628196 0.0010080580184540641 -0.00082735950937089719 -6.9380225467526082e-05
leaf_weight=4012 15703 39 43 20 38 173 138 23 22 79 20 26 23 4520
leaf_count=4012 15703 39 43 20 38 173 138 23 22 79 20 26 23 4520
internal_value=9.79277e-15 1.55471e-05 1.31541e-05 -0.000405742 1.80465e-05 0.000289172 0.000579292 0.000644089 5.49479e-05 -0.000261636 2.87486e-05 0.000264748 -4.71393e-05 -2.97876e-05
internal_weight=24879 16347 16285 188 16097 394 176 62 218 168 89 69 196 8532
internal_count=24879 16347 16285 188 16097 394 176 62 218 168 89 69 196 8532
is_linear=0
shrinkage=0.04


Tree=78
num_leaves=15
num_cat=0
split_feature=92 9 22 74 3 41 21 18 86 81 40 51 27 80
split_gain=0.00722699 0.00945065 0.0113394 0.0120372 0.0104666 0.00951601 0.00934699 0.00989878 0.00928176 0.00899141 0.0262324 0.017531 0.0167598 0.0158037
threshold=8.5000000000000018 -0.099852339511199525 0.021095030156993141 0.044595672032164198 0.1169901704616151 0.063244098222354009 0.044687973706348763 0.043692552256270119 0.58174482843064845 0.73860013860014029 0.092534072597119335 0.1370032518474156 0.021317072121676023 0.09125150591736951
decision_type=2 8 10 8 10 8 10 8 10 8 10 10 10 10
left_child=1 2 5 -4 -5 -1 9 -8 -7 11 -11 12 -3 -12
right_child=-2 6 3 4 -6 8 7 -9 -10 10 13 -13 -14 -15
leaf_value=0.00038506103512190746 -0.00059155297707272412 3.9086467388014491e-06 -0.00012861100304871798 0.0016551958558999975 0.00047283927574753761 -0.00088293915220464647 -0.00035690693894866859 0.00066258906577786546 0.00014187503185483717 -1.7867279098772793e-05 -0.00037056439944158304 8.3206254056816562e-05 -0.0001488679750625838 0.00030004176407283736
leaf_weight=64 33 12615 20 23 25 26 20 64 31 5901 523 4207 1264 63
leaf_count=64 33 12615 20 23 25 26 20 64 31 5901 523 4207 1264 63
internal_value=-3.22163e-14 7.8569e-07 0.00028256 0.000695857 0.00103939 5.02943e-05 -1.37416e-06 0.000419852 -0.000325584 -2.81407e-06 -4.32153e-05 1.16768e-05 -1.00052e-05 -0.000298469
internal_weight=24879 24846 189 68 48 121 24657 84 57 24573 6487 18086 13879 586
internal_count=24879 24846 189 68 48 121 24657 84 57 24573 6487 18086 13879 586
is_linear=0
shrinkage=0.04


Tree=79
num_leaves=15
num_cat=0
split_feature=98 31 78 78 58 46 51 17 47 87 3 0 20 80
split_gain=0.00704305 0.0153111 0.0136925 0.0155326 0.0150186 0.0118242 0.0338805 0.0177388 0.0256508 0.0156658 0.0149094 0.0115795 0.0108971 0.014367
threshold=0.39767441860465119 -0.14060184779539905 -0.032009852216748784 -0.0011607664966274964 693324547.0990001 0.82471953534366171 0.31018663079768466 0.045586659201886655 -0.059322033898305086 0.64181038425075421 0.16348001805791437 0.0034980330255921514 0.034291326086398496 0.047328760406505375
decision_type=8 10 10 10 10 8 10 10 10 8 10 10 10 10
left_child=1 5 -3 4 -4 6 9 -7 11 -1 -10 -9 13 -5
right_child=-2 2 3 12 -6 7 -8 8 10 -11 -12 -13 -14 -15
leaf_value=-0.00053570630268501968 4.9053388364626495e-06 -0.0010202221423387529 -6.0218076489740016e-05 -2.9436977438541737e-05 0.00049556878260854215 -0.0010584181102317278 0.0014174512059738241 -0.0002355500878877051 0.0011259810820221901 6.0937477546223603e-05 -0.00033926747855730357 -0.0015638951141209829 0.00052277664421126243 -0.00056108735281693294
leaf_weight=146 23624 20 137 312 180 66 21 21 25 136 20 21 40 110
leaf_count=146 23624 20 137 312 180 66 21 21 25 136 20 21 40 110
internal_value=-3.51474e-13 -9.23376e-05 1.32105e-05 3.97428e-05 0.000255371 -0.000277278 -0.000132538 -0.00056392 -0.000188784 -0.000247963 0.000474759 -0.000899723 -0.00010821 -0.000168019
internal_weight=24879 1255 799 779 317 456 303 153 87 282 45 42 462 422
internal_count=24879 1255 799 779 317 456 303 153 87 282 45 42 462 422
is_linear=0
shrinkage=0.04


Tree=80
num_leaves=15
num_cat=0
split_feature=89 78 16 55 20 31 3 22 53 64 23 43 43 60
split_gain=0.00698634 0.0172144 0.0154972 0.0150403 0.017753 0.0188539 0.0159364 0.0162203 0.0159329 0.0148947 0.0231066 0.0217873 0.0174969 0.0202901
threshold=2.0703943872887927e-11 0.023507251869864913 0.052642257599903042 2326503013.7710004 0.035244950932728565 -0.12000848176420702 0.0019455326558035504 0.014845300172467098 0.76376342454085466 1.7314500000000004 0.013235770966923606 0.73965468036529669 0.84162807751675628 1.2403863222899547
decision_type=10 10 8 10 10 10 10 10 10 8 10 10 10 10
left_child=1 2 -1 4 8 -6 -7 -8 -2 -3 -11 -12 -13 -14
right_child=3 9 -4 -5 5 6 7 -9 -10 10 11 12 13 -15
leaf_value=-3.5133108190593044e-05 7.2346159810876294e-06 0.00019375416625835997 0.00018937329604907648 -0.00037302553751278941 0.00011551891244297938 0.0016914157640366329 -0.0002465645383733014 0.0010687922708069286 -0.00078233467324114435 -0.0013033086817365053 -0.00066874157387528371 0.00089548618285775641 0.00067915215576067566 -0.00075386967943158261
leaf_weight=6851 15476 72 530 159 1412 21 30 30 41 43 113 33 25 43
leaf_count=6851 15476 72 530 159 1412 21 30 30 41 43 113 33 25 43
internal_value=2.1931e-13 -3.16311e-05 -1.90122e-05 1.42044e-05 1.7824e-05 0.000149564 0.000743044 0.000411114 5.14837e-06 -0.00031473 -0.000457185 -0.00028717 0.000139737 -0.000227023
internal_weight=24879 7710 7381 17169 17010 1493 81 60 15517 329 257 214 101 68
internal_count=24879 7710 7381 17169 17010 1493 81 60 15517 329 257 214 101 68
is_linear=0
shrinkage=0.04


Tree=81
num_leaves=15
num_cat=0
split_feature=1 50 62 14 78 23 85 0 49 1 46 29 77 31
split_gain=0.00686933 0.0124757 0.0116782 0.0106578 0.0183135 0.0196502 0.0212704 0.0134869 0.0114821 0.0156186 0.0219811 0.0157361 0.0155155 0.028358
threshold=-0.085691995833810305 -0.39685735539422784 0.10882352941176472 0.22963566172035235 0.017971988334278047 0.019134700964580153 1.219617016975884 -0.011587224366955083 -0.28546637241048189 -0.028808886586664414 0.83333333333333359 0.028403975814178469 -0.050620432035341605 -0.196805239328989
decision_type=10 8 8 8 8 8 8 10 10 10 10 10 2 10
left_child=1 -1 -3 8 5 6 -5 -8 -2 10 -10 -12 13 -11
right_child=3 2 -4 4 -6 -7 7 -9 9 12 11 -13 -14 -15
leaf_value=0.00084080082686761252 0.0001018582099806727 -0.0007643092264576505 0.0001465142442166673 -0.0018198312302120029 -0.00094834046210679748 -5.52903099637844e-06 0.00047238644043152983 -0.00079150194511748851 -6.7162710915319362e-05 -0.0012615743931112162 -0.00039621139547347812 -0.0015685774232058422 1.0242134213521815e-05 0.00013300285765937731
leaf_weight=39 1688 24 366 20 45 446 22 35 3193 43 90 23 18794 51
leaf_count=39 1688 24 366 20 45 446 22 35 3193 43 90 23 18794 51
internal_value=-8.04979e-14 0.000158676 9.04636e-05 -2.78413e-06 -0.000174028 -0.000107405 -0.000697489 -0.000303685 1.28867e-06 -6.36031e-06 -8.65659e-05 -0.000634835 7.67821e-06 -0.000504942
internal_weight=24879 429 390 24450 568 523 77 57 23882 22194 3306 113 18888 94
internal_count=24879 429 390 24450 568 523 77 57 23882 22194 3306 113 18888 94
is_linear=0
shrinkage=0.04


Tree=82
num_leaves=15
num_cat=0
split_feature=90 0 38 33 87 78 4 81 73 36 53 78 82 39
split_gain=0.0068291 0.012079 0.0147575 0.0213782 0.0158614 0.014389 0.0163271 0.0125714 0.0155431 0.0163095 0.0212264 0.0121889 0.0118295 0.0116613
threshold=3.6021871995942902e-11 -0.036371327488078746 0.14161881940066637 0.036935052397438113 -0.61094758695638907 -0.0045061155345977313 0.13100520071509839 0.13333333333332797 0.75518648634751184 0.10238004151687631 0.2646602770022623 -0.021991933944253524 0.0095695970695978214 -0.046872774448173109
decision_type=10 10 8 10 10 10 10 8 10 10 10 10 8 10
left_child=-1 5 3 13 -5 6 11 -6 9 12 -11 -2 -9 -3
right_child=1 2 -4 4 7 -7 -8 8 -10 10 -12 -13 -14 -15
leaf_value=-1.5551498217740837e-05 -0.0001520618978405304 0.00022745622762343162 -7.9378829285219946e-05 0.0012636983875913923 0.0012366064991801977 -0.00013180604643909442 0.0010245377167414588 0.00084451637597698155 -0.00050741530976496465 0.0016640820312072877 0.00029344005470799558 0.00043438237752438938 2.9318056910527116e-05 1.2257916784615774e-05
leaf_weight=16044 83 434 1934 27 20 124 52 33 43 29 48 179 208 5621
leaf_count=16044 83 434 1934 27 20 124 52 33 43 29 48 179 208 5621
internal_value=2.11598e-13 2.82409e-05 1.7559e-05 4.65669e-05 0.000326823 0.000233026 0.0003771 0.00026043 0.000206349 0.000302864 0.000809656 0.0002486 0.000140943 2.76825e-05
internal_weight=24879 8835 8397 6463 408 438 314 381 361 318 77 262 241 6055
internal_count=24879 8835 8397 6463 408 438 314 381 361 318 77 262 241 6055
is_linear=0
shrinkage=0.04


Tree=83
num_leaves=15
num_cat=0
split_feature=45 33 1 38 77 30 52 39 23 26 70 33 1 9
split_gain=0.00677662 0.0135078 0.0091383 0.0145579 0.0102265 0.0101291 0.00946094 0.0121048 0.0143399 0.008408 0.0110284 0.0093582 0.012661 0.021527
threshold=1.0000000180025095e-35 -0.051216150065760239 -0.093053202594246751 -0.084685685498861227 -0.059292984228109739 -0.11122397391717047 0.21137287509238725 0.024071778570813333 0.016814050369376329 0.0059224721610673953 -1.61471597285084 -0.04746972663044912 -0.028808886586664414 0.012336688821094568
decision_type=8 10 10 8 2 10 10 10 10 10 8 10 10 10
left_child=1 -1 3 -2 6 -5 -4 -8 -9 10 -6 -11 13 -13
right_child=2 -3 4 5 9 -7 7 8 -10 11 -12 12 -14 -15
leaf_value=-0.0012690641945227981 0.00085545898400596343 -6.0846334355965e-05 1.9776280277737361e-05 2.3233046265221745e-05 0.00063141622186566775 0.00086783448848873378 -0.0011822847434968661 -0.0011081588505343959 0.00011731060177553446 0.00020613835372380418 -4.3319648534725234e-05 -0.00023966462860629018 2.303727576899718e-05 1.8488839322156518e-05
leaf_weight=20 48 57 85 249 39 25 33 22 50 399 6253 834 15406 1359
leaf_count=20 48 57 85 249 39 25 33 22 50 399 6253 834 15406 1359
internal_value=-1.58355e-13 -0.000374669 1.16319e-06 0.000212866 -1.62146e-06 0.000100295 -0.000293939 -0.000547899 -0.000257138 6.65088e-07 -3.91374e-05 1.45798e-05 1.02368e-05 -7.96872e-05
internal_weight=24879 77 24802 322 24480 274 190 105 72 24290 6292 17998 17599 2193
internal_count=24879 77 24802 322 24480 274 190 105 72 24290 6292 17998 17599 2193
is_linear=0
shrinkage=0.04


Tree=84
num_leaves=15
num_cat=0
split_feature=95 57 45 38 41 17 82 18 7 25 32 22 19 87
split_gain=0.0066919 0.0121354 0.0073377 0.0118115 0.0203078 0.0133004 0.0196833 0.0174914 0.0146385 0.0160655 0.0170803 0.0159625 0.0164441 0.0161927
threshold=0.77500000000000013 796337016.14775002 0.73952465005830892 0.28920904148843313 0.34521974718073417 0.034099019415876612 0.82677882164445637 0.037896145176459207 0.19920296761372339 0.018615905858428431 -0.26613264482469212 0.016511157713916095 0.05006140505930224 -0.64448939019540219
decision_type=10 10 10 10 10 10 8 10 8 8 10 10 8 10
left_child=2 -2 3 5 -5 -1 7 -7 -9 -10 11 -11 -13 -14
right_child=1 -3 -4 4 -6 6 -8 8 9 10 -12 12 13 -15
leaf_value=-2.0247299482256076e-05 0.00014496751543548373 -0.0010657855917592174 4.3885668608999848e-05 -0.00037452013742660128 0.00043841521084008703 0.00016039628717910454 0.0012362339177533336 6.9165226316085466e-05 0.00016978196153023776 -0.00091526741760649863 -0.00078856688120740141 -0.00034655783889794964 -0.00031668714764606899 0.0005189020935024018
leaf_weight=16329 27 26 5070 295 59 1479 23 937 158 42 91 184 59 100
leaf_count=16329 27 26 5070 295 59 1479 23 937 158 42 91 184 59 100
internal_value=1.77271e-13 -0.000448987 9.58524e-07 -1.00579e-05 -0.000239031 -5.88017e-06 7.04624e-05 6.16714e-05 -3.12721e-05 -0.00017971 -0.000295718 -0.000179227 -8.90991e-05 0.000208841
internal_weight=24879 53 24826 19756 354 19402 3073 3050 1571 634 476 385 343 159
internal_count=24879 53 24826 19756 354 19402 3073 3050 1571 634 476 385 343 159
is_linear=0
shrinkage=0.04


Tree=85
num_leaves=15
num_cat=0
split_feature=82 37 89 32 22 46 18 21 55 78 77 65 17 68
split_gain=0.00656621 0.0112343 0.0122226 0.0194477 0.0124571 0.0150526 0.0118658 0.0155404 0.010984 0.0144719 0.0193616 0.0192011 0.0186618 0.0192745
threshold=0.47368421052631721 0.083358931284277529 6.0167025103719929e-12 -0.25852264312132134 0.026140778328282453 0.79676579660533475 0.045208215541855591 0.021103018414290239 768705593.81300008 0.011924365491857271 -0.044983144039747784 5.2004350000000015 0.037952634655437585 2.6039000000000008
decision_type=10 10 10 8 10 8 10 10 10 10 2 10 10 8
left_child=8 -2 -3 -4 6 -6 7 -5 -1 -10 11 -11 13 -12
right_child=1 2 3 4 5 -7 -8 -9 9 10 12 -13 -14 -15
leaf_value=1.3747671736861206e-05 8.1771171104579395e-06 -0.00044266382194967628 0.00039029165622298401 0.00013074189537278487 0.00013869575558540722 -0.0011181720818445508 0.0010115284739400853 -0.0005813102840006144 -2.3074147381816891e-05 -0.00095672712513866526 -7.852538444335333e-05 9.6552362490911033e-05 7.9530876353763123e-05 -0.00050977784190949361
leaf_weight=12019 3845 53 427 534 30 31 22 54 6579 90 420 40 461 274
leaf_count=12019 3845 53 427 534 30 31 22 54 6579 90 420 40 461 274
internal_value=-2.6091e-14 4.0995e-05 0.000150625 0.000179263 4.49726e-05 -0.00050004 9.94738e-05 6.53493e-05 -1.03008e-05 -4.70555e-05 -0.000169836 -0.000632641 -0.000117746 -0.000248789
internal_weight=24879 4996 1151 1098 671 61 610 588 19883 7864 1285 130 1155 694
internal_count=24879 4996 1151 1098 671 61 610 588 19883 7864 1285 130 1155 694
is_linear=0
shrinkage=0.04


Tree=86
num_leaves=15
num_cat=0
split_feature=39 27 42 44 70 20 52 16 33 78 32 80 89 40
split_gain=0.00661972 0.0123768 0.0203597 0.0127807 0.0181439 0.0120472 0.0113982 0.0141538 0.0106196 0.0110185 0.010503 0.0102312 0.0100661 0.0144823
threshold=-0.051871946700762998 0.031476851961522397 -0.0079916827903414017 0.48571428571428571 -1.0634164500346817 0.019747160239628383 0.19793935143933386 0.06032584711549812 0.036111864856706928 0.0028003362599239305 -0.51313769651899332 0.031794356914838819 6.0167025103719929e-12 inf
decision_type=10 10 8 10 8 8 10 10 10 10 8 10 10 8
left_child=1 3 -3 5 -5 11 -4 -8 -6 -10 -7 -1 -2 -14
right_child=12 2 6 4 8 10 7 -9 9 -11 -12 -13 13 -15
leaf_value=0.0001152591832264295 -0.00013530961411128848 0.00064355169050395481 -9.9837527543838542e-05 0.0013467696029692889 0.0001133598654094385 0.00067078067502006886 -0.0012899126563305882 -4.7313813120126724e-05 0.0014925171904760645 0.00019527920437130062 1.6301840281413791e-05 0.00090630607520963285 -3.4144432394276236e-07 -0.0010046089276590426
leaf_weight=59 938 30 56 26 200 40 44 22 20 22 2044 47 21308 23
leaf_count=59 938 30 56 26 200 40 44 22 20 22 2044 47 21308 23
internal_value=1.73816e-13 6.02689e-05 -0.000290009 8.19298e-05 0.000342666 5.00223e-05 -0.000519573 -0.000875713 0.000234787 0.000813012 2.88638e-05 0.000466006 -7.06372e-06 -1.42429e-06
internal_weight=24879 2610 152 2458 268 2190 122 66 242 42 2084 106 22269 21331
internal_count=24879 2610 152 2458 268 2190 122 66 242 42 2084 106 22269 21331
is_linear=0
shrinkage=0.04


Tree=87
num_leaves=15
num_cat=0
split_feature=13 69 33 0 9 74 2 66 21 23 5 20 6 74
split_gain=0.00658166 0.00988992 0.00941025 0.0138736 0.00764487 0.0147716 0.0100821 0.0108127 0.00909557 0.00860918 0.0110478 0.00988906 0.0198096 0.0164395
threshold=0.20156108355996369 0.58092280553131836 -0.021612037543212444 -0.010290792921359202 0.09818020719738281 0.36366188880417388 -0.14021942861470296 5.1877300000000011 0.042368785564996798 0.035097657890070293 -0.1307966861215332 0.041435436945251113 0.64486306919462022 0.15074341901446556
decision_type=10 10 10 10 10 8 8 10 10 10 10 10 10 10
left_child=4 2 3 -2 6 8 7 -1 -6 11 -11 12 -8 -13
right_child=1 -3 -4 -5 5 -7 9 -9 -10 10 -12 13 -14 -15
leaf_value=6.9309084435864804e-05 0.00020761771815368669 0.00084209615956725825 0.00070773228475445654 -0.00073544620802359917 -0.0014132467321241679 0.00022500791461081118 -4.9247326978991424e-06 0.0012288145571206274 -0.00032124721819015505 -0.00091582967705714207 0.00025670237955637275 2.9881891053290378e-05 -0.00059953476918033432 0.00034568679662768845
leaf_weight=31 87 35 32 35 23 37 22804 22 26 36 20 1268 90 333
leaf_count=31 87 35 32 35 23 37 22804 22 26 36 20 1268 90 333
internal_value=7.1508e-14 0.000235148 9.72049e-05 -6.29334e-05 -1.80004e-06 -0.000378277 -4.84113e-07 0.000550613 -0.000833818 -1.67381e-06 -0.000497068 -5.41245e-07 -7.26224e-06 9.55677e-05
internal_weight=24879 189 154 122 24690 86 24604 53 49 24551 56 24495 22894 1601
internal_count=24879 189 154 122 24690 86 24604 53 49 24551 56 24495 22894 1601
is_linear=0
shrinkage=0.04


Tree=88
num_leaves=15
num_cat=0
split_feature=39 53 30 66 84 58 41 15 26 39 67 30 17 52
split_gain=0.00644408 0.0104488 0.0158195 0.016093 0.0126522 0.0133895 0.0103553 0.00813686 0.00903993 0.00832823 0.0219514 0.0110494 0.0155426 0.0149632
threshold=0.19432536700550543 0.76376342454085466 -0.084047741490678382 3.6617900000000008 0.36231884057970926 2323202084.0330005 0.0074271816652686793 0.075531094836907328 0.04403843148706995 0.15896861628378769 6.2710525000000006 -0.061680353042344309 0.049773017282962274 0.40250059188408566
decision_type=10 8 10 10 10 8 10 10 10 10 8 10 10 10
left_child=7 2 6 -4 -3 -6 -2 9 -9 -1 11 12 13 -11
right_child=1 4 3 -5 5 -7 -8 8 -10 10 -12 -13 -14 -15
leaf_value=-1.5394392959154293e-06 0.00021002935578248331 -0.0013185351399274973 -0.00017740296544507147 0.0012578316029161216 -0.00082731631319038577 0.00056124069448560483 -0.00077842870414484471 -3.1422439108913142e-05 0.00081925179045533813 -8.6272396492185414e-05 0.0013453539445673903 -0.00033666414321245001 -0.00046719300155355424 0.001104832300434484
leaf_weight=24422 28 26 25 25 25 20 43 39 41 27 26 60 27 45
leaf_count=24422 28 26 25 25 25 20 43 39 41 27 26 60 27 45
internal_value=-1.69142e-14 -0.000230838 -4.8008e-06 0.000540214 -0.000616056 -0.00021018 -0.000388614 1.79531e-06 0.000404548 4.85921e-07 0.000267855 9.16606e-05 0.000351251 0.000658168
internal_weight=24879 192 121 50 71 45 71 24687 80 24607 185 159 99 72
internal_count=24879 192 121 50 71 45 71 24687 80 24607 185 159 99 72
is_linear=0
shrinkage=0.04


Tree=89
num_leaves=15
num_cat=0
split_feature=87 18 18 96 22 77 83 20 25 80 5 13 26 6
split_gain=0.00638733 0.0142496 0.0187548 0.0180012 0.015785 0.015286 0.0141141 0.0126526 0.010762 0.00919523 0.0124296 0.00929082 0.0108179 0.0088171
threshold=-0.088462044442933915 0.052505317790907786 0.047393582261718435 0.60232558139534886 0.031389159034137519 0.0061881188118811945 0.0303030303030319 0.044870571452875631 0.024813986394123522 0.084210526315789541 -0.0096995237771935732 0.077421688996778829 0.020097543804341225 0.30981933378131904
decision_type=10 10 10 8 10 2 10 10 10 10 10 10 10 10
left_child=-1 2 4 9 -2 6 -6 -3 13 10 11 12 -4 -7
right_child=1 7 3 -5 5 8 -8 -9 -10 -11 -12 -13 -14 -15
leaf_value=-2.8054121774675284e-05 1.0702694978493574e-05 0.0010587192181115731 -0.0011537253018468619 -0.0015192828690633179 -0.00013828943526421331 4.6840350154882857e-05 0.00073229716680741502 -0.00012418300885221233 0.00088204618374055081 -0.0009575760281644762 0.00047233847824099936 5.6198566651685128e-05 -1.5377535019069909e-05 -0.00078677162204099729
leaf_weight=8532 15703 39 34 20 38 173 138 23 22 25 40 47 22 23
leaf_count=8532 15703 39 34 20 38 173 138 23 22 25 40 47 22 23
internal_value=1.49151e-16 1.46423e-05 1.2338e-05 -0.000384868 1.6977e-05 0.000267042 0.00054433 0.000619901 4.31773e-05 -0.000249818 -0.000126085 -0.000358482 -0.000706517 -5.09815e-05
internal_weight=24879 16347 16285 188 16097 394 176 62 218 168 143 103 56 196
internal_count=24879 16347 16285 188 16097 394 176 62 218 168 143 103 56 196
is_linear=0
shrinkage=0.04


Tree=90
num_leaves=15
num_cat=0
split_feature=92 9 22 3 15 32 85 81 38 51 40 8 27 27
split_gain=0.00650561 0.00822411 0.0100297 0.0102713 0.0107628 0.0083451 0.0119338 0.00818979 0.0218543 0.0161389 0.014469 0.0214346 0.0159334 0.0144553
threshold=8.5000000000000018 -0.099852339511199525 0.02044247917992768 0.1169901704616151 0.05166462582872678 -0.28188039461341352 0.75637027467925944 0.73860013860014029 0.014632511075882483 0.1370032518474156 0.14030979560224924 1.1560889175257734 0.034003596718575536 0.021317072121676023
decision_type=2 8 10 10 10 10 10 8 8 10 10 10 8 8
left_child=1 2 5 -4 -5 6 -1 9 -9 13 12 -12 -10 -3
right_child=-2 7 3 4 -6 -7 -8 8 10 -11 11 -13 -14 -15
leaf_value=-0.00092367433218492408 -0.00056125321700661022 5.3528825275029612e-06 0.0011691955401329323 0.00086386548033624421 -0.00044840315612964334 0.00035319289327749326 0.00025493368739262225 4.0532877984335792e-05 -0.00010268926951857249 8.0902343695627072e-05 -0.0005719732553595403 0.00042033263454435482 0.0003410141684839295 -0.00013031186688661046
leaf_weight=27 33 12508 32 20 20 62 28 2961 3174 4236 204 42 135 1397
leaf_count=27 33 12508 32 20 20 62 28 2961 3174 4236 204 42 135 1397
internal_value=-1.06959e-13 7.45446e-07 0.0002636 0.000635049 0.000207731 3.50162e-05 -0.000323656 -1.26938e-06 -3.97344e-05 1.25467e-05 -0.00010659 -0.000402555 -8.45871e-05 -8.27701e-06
internal_weight=24879 24846 189 72 40 117 55 24657 6516 18141 3555 246 3309 13905
internal_count=24879 24846 189 72 40 117 55 24657 6516 18141 3555 246 3309 13905
is_linear=0
shrinkage=0.04


Tree=91
num_leaves=15
num_cat=0
split_feature=83 19 58 6 11 47 7 32 16 23 40 52 76 54
split_gain=0.00631658 0.0140104 0.01847 0.0134639 0.0132357 0.0168211 0.0146689 0.0187718 0.0109994 0.0237268 0.0132834 0.0121368 0.0178806 0.0168875
threshold=0.13043478260869615 0.051913504893703 5183458641.2050018 -0.045265952803382574 -0.10052408563782343 -0.019584904854934523 0.23636871629955516 -0.28842719780219778 0.042841983591237948 0.022925099546996747 0.057531488487736156 0.52134603688783399 1.2894246232181099 1.0985432663619179
decision_type=8 10 10 10 10 8 8 10 10 10 10 10 10 10
left_child=1 2 4 -3 5 6 -1 -8 9 -6 -11 -10 13 -13
right_child=-2 3 -4 -5 8 -7 7 -9 11 10 -12 12 -14 -15
leaf_value=0.00019715767429946104 -1.3601658855816917e-05 0.00036772215350841487 0.00054066286186801003 -0.00081432693429162788 1.1199748168667977e-05 3.8749278783221115e-05 0.0017499656416475773 0.0004692620562112078 -7.2037265390911763e-05 0.00025124481199401269 0.0010039645187429243 -0.00044941545939667429 0.00042329249818893994 -0.0017721693108425193
leaf_weight=81 17094 21 114 58 6208 234 30 47 507 351 42 47 22 23
leaf_count=81 17094 21 114 58 6208 234 30 47 507 351 42 47 22 23
internal_value=-9.46421e-14 2.9866e-05 3.52992e-05 -0.000500111 2.77107e-05 0.00025406 0.000572937 0.000968237 1.53873e-05 3.02805e-05 0.000331688 -0.000148736 -0.000571413 -0.000884035
internal_weight=24879 7785 7706 79 7592 392 158 77 7200 6601 393 599 92 70
internal_count=24879 7785 7706 79 7592 392 158 77 7200 6601 393 599 92 70
is_linear=0
shrinkage=0.04


Tree=92
num_leaves=15
num_cat=0
split_feature=90 9 78 39 78 8 4 95 31 45 70 0 25 76
split_gain=0.0062216 0.0110959 0.0132113 0.0139026 0.0129395 0.0120245 0.0112532 0.00924545 0.00802921 0.00765111 0.0135434 0.0143587 0.012096 0.0214257
threshold=4.6585691259224773e-11 0.033838690612995388 -0.025279156472860106 -0.039108611840122313 -0.0045061155345977313 0.25648343656156153 0.13100520071509839 0.77500000000000013 -0.060813597894886544 0.73952465005830892 3.5506117128133821 0.024322612577987627 0.022204471568935159 0.63001859926368009
decision_type=10 10 10 10 10 8 10 10 10 10 10 10 10 10
left_child=7 2 -2 5 6 -4 -3 8 9 10 -1 -12 -11 -14
right_child=1 4 3 -5 -6 -7 -8 -9 -10 12 11 -13 13 -15
leaf_value=-1.7549130098309866e-05 -0.00058042251447771209 0.00032983362826780646 0.00038925859055579054 1.0022653647101104e-05 -0.00012844472945116217 -3.1059384678562362e-05 0.0011515341146150603 -0.00071198177213470143 -0.00049632184289900275 1.9723952280981386e-05 -0.0013682919872614243 -0.00016136018913644163 0.00013362769322721081 0.00098906720494216474
leaf_weight=15781 57 160 303 4419 84 170 32 30 54 3348 24 46 316 55
leaf_count=15781 57 160 303 4419 84 170 32 30 54 3348 24 46 316 55
internal_value=1.61291e-13 3.87951e-05 2.50296e-05 3.20841e-05 0.000285627 0.000238193 0.000466784 -1.03136e-05 -9.24098e-06 -7.89696e-06 -2.00116e-05 -0.000575165 4.37378e-05 0.000260445
internal_weight=24879 5225 4949 4892 276 473 192 19654 19624 19570 15851 70 3719 371
internal_count=24879 5225 4949 4892 276 473 192 19654 19624 19570 15851 70 3719 371
is_linear=0
shrinkage=0.04


Tree=93
num_leaves=15
num_cat=0
split_feature=39 98 30 44 41 65 19 72 4 49 41 3 3 80
split_gain=0.00631295 0.00984936 0.0102828 0.0224654 0.00946054 0.00753712 0.0133858 0.0175836 0.027025 0.0264728 0.0206306 0.0173591 0.0164272 0.0196841
threshold=0.19432536700550543 0.38214285714285717 -0.087311605387517685 0.89883453468253771 0.0074271816652686793 6.876265000000001 0.051913504893703 0.74583333333333346 -0.035839235690606423 -0.10756531599765899 0.24883976055654136 -0.062104613857131168 0.057486623078807038 0.094487367919281834
decision_type=10 10 10 10 10 10 10 10 10 8 8 10 10 10
left_child=5 -2 4 -4 -3 -1 7 8 -7 -10 -11 -8 13 -9
right_child=1 2 3 -5 -6 6 11 12 9 10 -12 -13 -14 -15
leaf_value=-1.155269544739939e-06 -0.0010050692921504379 0.00020011477039328645 0.0010729030103733142 -0.00032244780018421203 -0.00068355357945187097 -0.00033100763326333632 0.00028374370403720867 1.5102343178145461e-05 0.0017227510256796247 -0.00032964692650628945 0.00083924319842854187 -0.0011377465380873117 -0.00038014814267125059 0.0014443521676141592
leaf_weight=24260 23 28 30 48 63 46 28 58 36 35 78 27 98 21
leaf_count=24260 23 28 30 48 63 46 28 58 36 35 78 27 98 21
internal_value=-2.18488e-13 -0.000228477 -0.000122787 0.000214226 -0.000411656 1.77695e-06 0.000168371 0.000254486 0.000516492 0.000778137 0.000477198 -0.000414079 -3.41649e-05 0.00039503
internal_weight=24879 192 169 78 91 24687 427 372 195 149 113 55 177 79
internal_count=24879 192 169 78 91 24687 427 372 195 149 113 55 177 79
is_linear=0
shrinkage=0.04


Tree=94
num_leaves=15
num_cat=0
split_feature=37 16 17 89 76 5 27 35 22 83 87 87 74 35
split_gain=0.00612139 0.012467 0.0216187 0.01579 0.0126623 0.0122623 0.0159324 0.0181481 0.0120391 0.0234771 0.0224628 0.0142906 0.01679 0.0122025
threshold=-0.084000508246247593 0.02843963860367801 0.02882278592248274 5.2072825595723746e-12 0.1834348787715229 -0.15278185221325616 0.027667308309995135 -0.14240105730521532 0.031683470532394752 0.0082305920606974611 -0.9984247803691616 -0.50391815731903156 0.12445407156262957 0.053682899008549952
decision_type=8 10 10 10 10 8 10 10 10 10 10 10 8 10
left_child=1 -1 -3 -4 -5 6 7 -2 -7 -10 -11 12 -12 -14
right_child=5 2 3 4 -6 8 -8 -9 9 10 11 -13 13 -15
leaf_value=9.5802331470454033e-05 0.00093941571929937481 -0.00043041645368766131 0.00073389255719140487 -5.8541375244190606e-05 0.00054303519167782117 -9.477007706137951e-06 -0.00094005983818889322 -0.00023192877045447911 -0.00049703575107498536 0.0014499049641191961 -0.00099221602641046038 0.00034133669693846313 0.00058870891676988544 -0.00045355781039688739
leaf_weight=2592 23 209 47 836 60 20257 46 265 71 25 30 345 41 32
leaf_count=2592 23 209 47 836 60 20257 46 265 71 25 30 345 41 32
internal_value=-1.15289e-13 4.71413e-05 -6.2346e-05 1.92306e-05 -1.82572e-05 -8.35094e-06 -0.000248794 -0.000138384 -4.49016e-06 0.000181206 0.000283014 0.000217897 -0.000195566 0.000131825
internal_weight=24879 3744 1152 943 896 21135 334 288 20801 544 473 448 103 73
internal_count=24879 3744 1152 943 896 21135 334 288 20801 544 473 448 103 73
is_linear=0
shrinkage=0.04


Tree=95
num_leaves=15
num_cat=0
split_feature=45 33 1 37 8 53 7 15 80 21 9 14 78 23
split_gain=0.00613961 0.0120502 0.00840735 0.014086 0.00983818 0.0121323 0.0144588 0.0132688 0.00989866 0.0155165 0.00886751 0.00881527 0.0163635 0.0176381
threshold=1.0000000180025095e-35 -0.051216150065760239 -0.085691995833810305 -0.16715667165909917 1.244759310456985 0.70350048194439074 0.28387667451132853 0.060299598871964316 0.042214331003941889 0.042368785564996798 0.09818020719738281 0.22963566172035235 0.018655068496101882 0.019134700964580153
decision_type=8 10 10 8 10 10 10 10 10 8 10 8 10 8
left_child=1 -1 3 -2 5 6 8 -8 -5 -10 11 -4 13 -13
right_child=2 -3 10 4 -6 -7 7 -9 9 -11 -12 12 -14 -15
leaf_value=-0.0012013863162137568 0.00087374031600553459 -6.0217802478163919e-05 2.4971199306639111e-06 -0.00015258837182773277 -0.00070020580360584937 0.00093742439954878822 -0.00091657962459020122 0.0002499997136244649 0.00023607980263900131 0.0013290595495103238 -0.00080464256334711207 -0.00065296431350243562 -0.00088896286560015555 2.7215732477364663e-06
leaf_weight=20 42 57 23795 80 23 29 39 26 155 24 22 77 45 445
leaf_count=20 42 57 23795 80 23 29 39 26 155 24 22 77 45 445
internal_value=-2.52541e-13 -0.000356625 1.10717e-06 0.00017898 0.000101374 0.000153602 8.34448e-05 -0.000449948 0.000217308 0.000382625 -1.942e-06 -1.21712e-06 -0.000157091 -9.39984e-05
internal_weight=24879 77 24802 418 376 353 324 65 259 179 24384 24362 567 522
internal_count=24879 77 24802 418 376 353 324 65 259 179 24384 24362 567 522
is_linear=0
shrinkage=0.04


Tree=96
num_leaves=15
num_cat=0
split_feature=48 78 6 65 85 68 2 10 8 81 34 31 73 5
split_gain=0.00599708 0.0182539 0.0142726 0.0140281 0.0114589 0.010422 0.0103263 0.0150908 0.019558 0.014282 0.0165963 0.01748 0.0180607 0.0172793
threshold=-0.04030155890621006 -0.020263206341945058 0.4676991755892313 2.5140899999999999 2.3858852259424812 6.5364458333333344 0.026188721208500913 -0.033555036371898044 0.85741649339892168 0.15384615384615394 0.057977335989992336 -0.11702793012441047 0.62063459241336871 0.018141076830006101
decision_type=10 10 10 10 10 10 10 10 10 10 10 10 10 8
left_child=6 2 3 -2 5 -3 7 8 -1 10 13 12 -12 -8
right_child=1 4 -4 -5 -6 -7 9 -9 -10 -11 11 -13 -14 -15
leaf_value=0.00014611802411275518 -4.0532718354370452e-05 5.8345204544110244e-05 0.00025229055862873795 -0.001355397488443634 -0.00074747851692206634 0.0007618653715711415 0.00028654725583532423 -2.0976748873814078e-06 0.001109138449521399 -9.2376457191292255e-05 0.0007014349277711053 0.0014551554300955363 -0.00064875287087330505 -0.00037031368572940738
leaf_weight=538 20 3710 25 37 28 34 148 16595 36 3493 51 28 23 113
leaf_count=538 20 3710 25 37 28 34 148 16595 36 3493 51 28 23 113
internal_value=6.75164e-14 4.58697e-05 -0.00054455 -0.000894041 5.87049e-05 6.4734e-05 -8.40816e-06 4.87679e-06 0.000206517 -6.756e-05 0.000171239 0.000603884 0.000281782 2.15919e-06
internal_weight=24879 3854 82 57 3772 3744 21025 17169 574 3856 363 102 74 261
internal_count=24879 3854 82 57 3772 3744 21025 17169 574 3856 363 102 74 261
is_linear=0
shrinkage=0.04


Tree=97
num_leaves=15
num_cat=0
split_feature=98 31 39 37 78 80 83 50 27 58 100 85 15 46
split_gain=0.00606708 0.0140288 0.0125426 0.0147707 0.0127171 0.0130606 0.0136361 0.0107996 0.0146542 0.010077 0.00975939 0.0102599 0.0161968 0.00890864
threshold=0.39767441860465119 -0.14060184779539905 0.15896861628378769 0.37824761741341023 -0.0008792497824423039 0.050886367362553205 0.12500000000000419 -0.02781420663048478 0.031308815290024015 693324547.0990001 2.5000000000000004 0.20098588110280871 0.033700288359594634 0.82471953534366171
decision_type=8 10 10 10 10 10 10 8 10 10 2 10 10 10
left_child=1 7 3 4 9 -6 -7 10 -9 -3 11 13 -13 -1
right_child=-2 2 -4 -5 5 6 -8 8 -10 -11 -12 12 -14 -15
leaf_value=9.001739217071897e-05 4.5528002673993981e-06 -5.0189548043429957e-05 -0.00086649268367327756 0.0008718341969969598 -2.5179432075749532e-05 -1.6250616356142257e-05 -0.0010352496800825318 -0.0014538009188793325 -0.00020559839171576587 0.00040303340361014689 -0.0010049141147597269 -9.6524624497674045e-05 -0.0013668599316420463 -0.00040143274135448341
leaf_weight=225 23624 143 25 33 339 38 47 27 34 174 22 42 26 80
leaf_count=225 23624 143 25 33 339 38 47 27 34 174 22 42 26 80
internal_value=2.71339e-13 -8.57015e-05 1.53302e-05 4.38129e-05 6.93741e-06 -0.000136345 -0.000579697 -0.000262728 -0.000758081 0.000198583 -0.000186231 -0.000137944 -0.000582241 -3.88876e-05
internal_weight=24879 1255 799 774 741 424 85 456 61 317 395 373 68 305
internal_count=24879 1255 799 774 741 424 85 456 61 317 395 373 68 305
is_linear=0
shrinkage=0.04


Tree=98
num_leaves=15
num_cat=0
split_feature=13 7 43 51 60 78 37 14 77 6 22 16 76 35
split_gain=0.00580332 0.00897012 0.00866867 0.00867248 0.00934552 0.00799369 0.00840918 0.0066988 0.00987337 0.008237 0.00826593 0.0156649 0.0103801 0.00764653
threshold=0.20156108355996369 -0.21648111100479037 0.076526063829672725 0.025694503986967269 -0.81795645632196534 -0.0046082949308756107 -0.033628118946097678 0.22963566172035235 -0.053712726926783631 0.012202506714898311 0.02665857122617105 0.02843963860367801 -0.28907806943009817 -0.15405085439911823
decision_type=10 8 10 10 10 10 8 10 2 10 10 10 10 8
left_child=7 -2 3 4 -3 -4 -7 13 -9 10 11 -10 -12 -1
right_child=1 2 5 -5 -6 6 -8 8 9 -11 12 -13 -14 -15
leaf_value=0.00054610643135497299 0.00100022930962344 -0.00026803652561648055 -0.00016382701298598909 -0.00066593719481100003 0.00065725823819276789 0.0013160821976160389 0.00022220711520111019 -0.0010044987734569156 0.00016946592396059612 -0.000899925634264946 0.0010915922611020505 -0.00072982181557877505 -5.0744357252759596e-05 -6.1283250227069483e-07
leaf_weight=41 21 40 21 31 31 23 22 23 71 20 20 55 35 24425
leaf_count=41 21 40 21 31 31 23 22 23 71 20 20 55 35 24425
internal_value=2.18437e-13 0.000220806 0.000123378 -0.00010775 0.000135965 0.000480577 0.000781299 -1.69025e-06 -0.000219439 -0.000129606 -4.4488e-05 -0.00022308 0.000364651 3.03357e-07
internal_weight=24879 189 168 102 71 66 45 24690 224 201 181 126 55 24466
internal_count=24879 189 168 102 71 66 45 24690 224 201 181 126 55 24466
is_linear=0
shrinkage=0.04


Tree=99
num_leaves=15
num_cat=0
split_feature=83 76 49 7 26 64 77 9 72 7 31 78 4 28
split_gain=0.00579587 0.0108486 0.0104823 0.0187374 0.0122671 0.0207847 0.0108521 0.0120316 0.0220236 0.0186365 0.0177842 0.0159666 0.0138701 0.0140414
threshold=0.21428571428571933 2.0886279450438838 -0.3778243658523881 -0.18188960033002291 0.0067273483268478892 3.6537900000000003 0.04927341735573932 -0.065712965612724647 0.88069105691056915 0.28387667451132853 -0.20164337586436362 0.033905314659825277 0.27539075972331756 0.025167336863627664
decision_type=8 10 8 10 10 10 2 8 10 10 10 10 8 10
left_child=1 -1 3 4 -2 -6 7 8 10 -10 -4 -9 13 -13
right_child=2 -3 6 -5 5 -7 -8 11 9 -11 -12 12 -14 -15
leaf_value=2.2559761451981524e-05 -1.1524214531110534e-05 -0.00055099048511177866 0.00027781674850054763 -0.00018450290709159074 0.0017430815746172748 0.00037571669017146946 -0.00050276048542776449 -1.8724085662332193e-05 0.00063122261975271006 -0.00094512165950921671 0.0018861662295900964 -0.00058247696612609065 -0.001227230748466762 0.00035458485595881941
leaf_weight=11933 34 53 22 81 29 46 75 12396 24 24 22 71 29 40
leaf_count=11933 34 53 22 81 29 46 75 12396 24 24 22 71 29 40
internal_value=-1.38139e-13 2.00236e-05 -1.8615e-05 0.000276294 0.00061872 0.000904431 -2.3026e-05 -2.01767e-05 0.000435587 -0.00015695 0.00108199 -2.35215e-05 -0.000448301 -0.000244797
internal_weight=24879 11986 12893 190 109 75 12703 12628 92 48 44 12536 140 111
internal_count=24879 11986 12893 190 109 75 12703 12628 92 48 44 12536 140 111
is_linear=0
shrinkage=0.04


Tree=100
num_leaves=15
num_cat=0
split_feature=43 82 15 59 78 14 51 27 35 15 5 30 40 74
split_gain=0.00575907 0.0136826 0.0142043 0.0199578 0.0125549 0.0109978 0.0174495 0.0153417 0.0190481 0.0144771 0.0128043 0.0128909 0.0144861 0.0121719
threshold=0.73965468036529669 0.21092329545454425 0.061815971223246551 1914785027.5238335 -0.028235667189430932 -0.21179045104002445 0.17709465061381871 0.027292715860869236 0.14076042084312404 0.030763819859223204 0.22409087373698103 -0.14926358958181349 0.095253016979885655 1.1655852260559498
decision_type=8 8 10 8 8 8 8 10 10 10 10 10 10 10
left_child=-1 4 -3 -4 -2 7 9 8 -6 -7 -9 -12 -13 -8
right_child=1 2 3 -5 5 6 13 10 -10 -11 11 12 -14 -15
leaf_value=-1.088990859274631e-05 -0.00085249724161500732 9.4868974910241119e-05 -0.0010683162728091704 0.00027190798842639195 -0.00022377829028006929 -1.5359940194078567e-05 0.00014850574882271879 -0.00084826790996634499 -0.0011234869466455355 -0.00040671890126749377 -0.00096112456056289379 0.00061065602477695512 -4.6203111696170431e-05 0.0011049960877492348
leaf_weight=18845 30 3529 40 32 130 975 657 29 53 179 20 67 271 22
leaf_count=18845 30 3529 40 32 130 975 657 29 53 179 20 67 271 22
internal_value=9.12077e-14 3.40107e-05 8.35215e-05 -0.000472661 -3.92687e-05 -2.9116e-05 1.86031e-05 -0.000182571 -0.00048435 -7.60647e-05 -3.98691e-05 2.56157e-05 8.40027e-05 0.000179497
internal_weight=24879 6034 3601 72 2433 2403 1833 570 183 1154 387 358 338 679
internal_count=24879 6034 3601 72 2433 2403 1833 570 183 1154 387 358 338 679
is_linear=0
shrinkage=0.04


Tree=101
num_leaves=15
num_cat=0
split_feature=87 18 18 96 22 77 83 20 68 6 47 0 10 25
split_gain=0.00576106 0.0127347 0.0165334 0.0158843 0.0134581 0.0137166 0.0124213 0.0110953 0.0103157 0.0124544 0.0100878 0.00873766 0.00862536 0.0198655
threshold=-0.088462044442933915 0.052505317790907786 0.047393582261718435 0.60232558139534886 0.031389159034137519 0.0061881188118811945 0.0303030303030319 0.044870571452875631 4.350033333333335 0.25991984605353141 -0.14429181600841048 0.04901573277532368 0.057030277263202596 0.023534030287379288
decision_type=10 10 10 8 10 2 10 10 10 10 10 10 10 8
left_child=-1 2 4 -4 12 6 -6 -3 9 10 -7 -12 -2 -14
right_child=1 7 3 -5 5 8 -8 -9 -10 -11 11 -13 13 -15
leaf_value=-2.6643330627628397e-05 4.2894143620253968e-06 0.0009970145381819936 -0.00023435325316573393 -0.0014268399514257906 -0.00013072668764691213 -0.00019369338229740539 0.00068598539429291598 -0.00011070563255444817 0.00072373115271329874 -0.0010185828814283013 0.00011186388251371683 0.0011358359109144658 6.0099953105299248e-05 0.0006888692931664225
leaf_weight=8532 15085 39 168 20 38 108 138 23 30 20 40 20 523 95
leaf_count=8532 15085 39 168 20 38 108 138 23 30 20 40 20 523 95
internal_value=1.77117e-13 1.3906e-05 1.17276e-05 -0.000361214 1.60832e-05 0.000246982 0.00050965 0.000586086 3.49205e-05 -7.49961e-05 3.73356e-05 0.000453188 1.02898e-05 0.000156755
internal_weight=24879 16347 16285 188 16097 394 176 62 218 188 168 60 15703 618
internal_count=24879 16347 16285 188 16097 394 176 62 218 188 168 60 15703 618
is_linear=0
shrinkage=0.04


Tree=102
num_leaves=15
num_cat=0
split_feature=90 9 22 78 39 8 78 30 95 95 31 45 70 0
split_gain=0.00569946 0.010179 0.0125984 0.0116733 0.0128411 0.0110814 0.010097 0.00993454 0.0121959 0.00818681 0.00739775 0.00697311 0.0122041 0.012853
threshold=4.6585691259224773e-11 0.033838690612995388 0.015134693854785504 -0.025279156472860106 -0.039108611840122313 0.25648343656156153 -0.0045061155345977313 -0.10212016781540305 0.59411764705882364 0.77500000000000013 -0.060813597894886544 0.73952465005830892 3.5506117128133821 0.051169597478924918
decision_type=10 8 10 10 10 8 10 10 10 10 10 10 10 10
left_child=9 3 -3 -2 5 -5 7 -4 -9 10 11 12 -1 -14
right_child=1 2 6 4 -6 -7 -8 8 -10 -11 -12 -13 13 -15
leaf_value=-1.6799788161573783e-05 -0.00054517200705544262 0.00074619679001283236 2.1609675550703393e-05 0.0003736827687080162 9.3756671371345431e-06 -2.9815593409105479e-05 -0.0003136058972354551 0.00023347820016882709 0.0013912564770240958 -0.00067014655284583578 -0.00047639746455994703 4.1721975328187519e-05 -0.0010728739985885721 1.1604805340004317e-05
leaf_weight=15781 57 68 86 303 4419 170 61 37 24 30 54 3719 36 34
leaf_count=15781 57 68 86 303 4419 170 61 37 24 30 54 3719 36 34
internal_value=3.4913e-13 3.71315e-05 0.000273546 2.3947e-05 3.05781e-05 0.000228662 0.000119026 0.000298553 0.000688998 -9.87138e-06 -8.862e-06 -7.57191e-06 -1.91374e-05 -0.000546127
internal_weight=24879 5225 276 4949 4892 473 208 147 61 19654 19624 19570 15851 70
internal_count=24879 5225 276 4949 4892 473 208 147 61 19654 19624 19570 15851 70
is_linear=0
shrinkage=0.04


Tree=103
num_leaves=15
num_cat=0
split_feature=45 33 1 38 30 77 23 68 83 24 74 69 62 83
split_gain=0.00564306 0.0110833 0.00745001 0.0117194 0.00886452 0.00780495 0.00849187 0.0136773 0.011094 0.0126772 0.00801389 0.00735642 0.0085828 0.00870754
threshold=1.0000000180025095e-35 -0.051216150065760239 -0.093053202594246751 -0.084685685498861227 -0.11122397391717047 -0.059292984228109739 0.025402730839385098 3.5186025000000005 0.15384615384615422 0.016764330057319397 0.21328767469184509 -0.88005484402153511 0.25833333333333336 0.45454545454545942
decision_type=8 10 10 8 10 2 10 10 10 10 8 8 8 10
left_child=1 -1 3 -2 11 6 7 8 9 -4 -8 -5 -13 -14
right_child=2 -3 5 4 -6 -7 10 -9 -10 -11 -12 12 13 -15
leaf_value=-0.001152062505017966 0.00076876375625336852 -5.7632261764650279e-05 0.00048160488812228373 -0.00060431320806620292 0.0008092379253357648 5.4472930961501672e-07 -0.00032549199692921986 0.00069189478851983263 -0.00089506119771888754 -0.00062889363243373044 -0.0013021439081057906 0.00082651791962511524 0.00010126856487608003 -0.00075995252778132758
leaf_weight=20 48 57 38 27 25 24290 41 29 33 29 20 23 178 21
leaf_count=20 48 57 38 27 25 24290 41 29 33 29 20 23 178 21
internal_value=4.2425e-14 -0.0003419 1.06146e-06 0.000192211 9.12088e-05 -1.45284e-06 -0.000256827 -7.2938e-05 -0.000294739 9.41349e-07 -0.000645706 1.91175e-05 9.49402e-05 1.03859e-05
internal_weight=24879 77 24802 322 274 24480 190 129 100 67 61 249 222 199
internal_count=24879 77 24802 322 274 24480 190 129 100 67 61 249 222 199
is_linear=0
shrinkage=0.04


Tree=104
num_leaves=15
num_cat=0
split_feature=82 6 21 49 34 21 46 80 33 18 20 31 3 80
split_gain=0.00558903 0.00991469 0.0122047 0.012184 0.0106734 0.0240198 0.011903 0.0151421 0.0100333 0.0129855 0.0126886 0.0102375 0.0134 0.0100981
threshold=0.47368421052631721 0.025604878048780536 0.035279534133043404 -0.25851850441521085 -0.036358963557386874 0.019622835276364579 0.72397455002367483 0.045473174366617068 0.020730304260885516 0.047393582261718435 0.043367926448111417 -0.18031814557688194 0.079354686725749982 0.052437843292629245
decision_type=10 10 10 10 10 10 10 10 10 10 10 10 10 10
left_child=-1 2 -2 -3 6 8 7 -5 11 10 -10 12 -6 -13
right_child=1 3 -4 4 5 -7 -8 -9 9 -11 -12 13 -14 -15
leaf_value=-9.5034626467799869e-06 -2.3540854558326857e-05 -0.00085614273590700965 0.00054389021261745402 0.00034402292939992023 0.00020793409363121468 -0.00027537741643740842 -0.00040187150394194757 0.0013455010956774155 0.00029294571096959561 -0.00059504525819793351 0.0012567569849931677 5.5199412561713922e-05 0.0011838796663563699 -0.00043742448003671248
leaf_weight=19883 2783 21 62 124 226 257 25 30 439 25 23 884 25 72
leaf_count=19883 2783 21 62 124 226 257 25 30 439 25 23 884 25 72
internal_value=1.38931e-13 3.78217e-05 -1.1175e-05 0.000102627 0.00011208 8.49576e-05 0.000407693 0.000539116 0.000139625 0.00029288 0.000340928 7.77894e-05 0.00030514 1.8098e-05
internal_weight=24879 4996 2845 2151 2130 1951 179 154 1694 487 462 1207 251 956
internal_count=24879 4996 2845 2151 2130 1951 179 154 1694 487 462 1207 251 956
is_linear=0
shrinkage=0.04


Tree=105
num_leaves=15
num_cat=0
split_feature=37 16 17 89 15 76 5 27 35 22 87 78 87 74
split_gain=0.00561836 0.0118745 0.0196142 0.0143813 0.0110586 0.0110175 0.0105259 0.0135401 0.0165438 0.010662 0.0153788 0.0164784 0.0120272 0.0192254
threshold=-0.084000508246247593 0.02843963860367801 0.02882278592248274 5.2072825595723746e-12 0.036764358782915445 0.1834348787715229 -0.15278185221325616 0.027667308309995135 -0.14240105730521532 0.030701859124116462 -0.9984247803691616 -0.021991933944253524 -0.50391815731903156 0.38258213423914517
decision_type=8 10 10 10 10 10 8 10 10 10 10 10 10 10
left_child=1 -1 -3 4 -4 -5 7 8 -2 -8 -11 -12 13 -13
right_child=6 2 3 5 -6 -7 9 -9 -10 10 11 12 -14 -15
leaf_value=9.2653464599188855e-05 0.00090007262506886659 -0.0004122827501837209 0.0012261225338335391 -5.7341617916203236e-05 -1.4847437851130963e-05 0.00050380496488408729 -1.0064686026829398e-05 -0.00086802808901942949 -0.00021830069057902603 0.0010289498730562626 -0.00031992947132270362 -0.00064502300199357771 0.00026759695825736738 0.00045207806927866718
leaf_weight=2592 23 209 27 836 20 60 20024 46 265 30 122 63 519 43
leaf_count=2592 23 209 27 836 20 60 20024 46 265 30 122 63 519 43
internal_value=1.03725e-13 4.51629e-05 -6.1691e-05 1.60117e-05 0.00069805 -1.97648e-05 -8.00046e-06 -0.00023077 -0.000128986 -4.42346e-06 0.000140956 0.000105294 0.000188297 -0.000199973
internal_weight=24879 3744 1152 943 47 896 21135 334 288 20801 777 747 625 106
internal_count=24879 3744 1152 943 47 896 21135 334 288 20801 777 747 625 106
is_linear=0
shrinkage=0.04


Tree=106
num_leaves=15
num_cat=0
split_feature=39 53 30 66 84 58 75 0 65 81 71 70 50 18
split_gain=0.00558038 0.00869005 0.0132886 0.014335 0.0117593 0.0113085 0.00969111 0.012131 0.00710661 0.0131633 0.0243171 0.0262815 0.0217536 0.0213124
threshold=0.19432536700550543 0.76376342454085466 -0.084047741490678382 3.6617900000000008 0.36231884057970926 2323202084.0330005 0.85947327487121461 -0.009292600892020551 6.876265000000001 0.45945945945946104 0.60769230769230786 -0.25632299726719449 -0.064527825212285603 0.047978947195302095
decision_type=10 8 10 10 10 8 10 10 10 10 8 8 10 10
left_child=8 2 6 -4 -3 -6 -2 -8 -1 12 11 -11 -10 -12
right_child=1 4 3 -5 5 -7 7 -9 9 10 13 -13 -14 -15
leaf_value=-1.1765757265097278e-06 0.00025435710939256334 -0.0012433543178037955 -0.00018644718197174373 0.0011681324999779463 -0.00074197906032204622 0.00053411965793929994 -4.4154862354678861e-05 -0.0013579849599172238 8.4643306747031742e-05 -0.00011723954314309195 0.00032826609926511687 0.0011024786988375608 -0.0011639438306939645 -0.00083275226947779834
leaf_weight=24260 26 26 25 25 25 20 22 23 158 41 72 91 26 39
leaf_count=24260 26 26 25 25 25 20 22 23 158 41 72 91 26 39
internal_value=-8.6902e-14 -0.000214812 -8.67474e-06 0.000490843 -0.000566117 -0.000174824 -0.000360448 -0.000715668 1.67067e-06 0.000163437 0.000356694 0.000723627 -9.17875e-05 -7.96593e-05
internal_weight=24879 192 121 50 71 45 71 45 24687 427 243 132 184 111
internal_count=24879 192 121 50 71 45 71 45 24687 427 243 132 184 111
is_linear=0
shrinkage=0.04


Tree=107
num_leaves=15
num_cat=0
split_feature=26 55 81 78 78 1 25 17 67 80 81 39 40 86
split_gain=0.0054834 0.00974416 0.0149747 0.0138081 0.0132482 0.0205693 0.0195404 0.016278 0.0148306 0.0173227 0.0159465 0.01494 0.0143703 0.0191199
threshold=0.0059224721610673953 768705593.81300008 0.7857142857142877 -0.012445785847054967 0.020740270139702258 -0.010137497637497604 0.018185184743569623 0.037952634655437585 4.1307262500000013 0.084210526315789541 0.71794871794871928 0.061556720958989238 0.061762795088641138 -0.28235437167282013
decision_type=8 10 10 10 10 10 10 10 8 10 10 10 10 8
left_child=-1 -2 4 -4 12 6 -6 8 9 10 11 -7 -3 -14
right_child=1 2 3 -5 5 7 -8 -9 -10 -11 -12 -13 13 -15
leaf_value=-3.1739057731749464e-05 3.7804695599785237e-05 -1.7779930261870781e-05 -0.00034949832844855623 -6.8858924644209788e-05 3.3671138099516215e-06 -0.00013609955546756586 -0.0010492237546953233 0.00025570357395376643 -0.00104767306096619 -0.0012082115658135577 -0.0009898664250969887 0.00060634737410658938 0.00060828134554728839 8.3251622801769148e-05
leaf_weight=6451 10003 3896 339 1626 46 150 73 172 32 22 25 61 118 1865
leaf_count=6451 10003 3896 339 1626 46 150 73 172 32 22 25 61 118 1865
internal_value=8.75395e-14 1.11107e-05 -2.0583e-05 -0.000117275 8.82861e-06 -0.000173387 -0.00064234 -5.25965e-05 -0.00023545 -0.00013471 -3.46373e-05 7.85415e-05 2.68363e-05 0.000114494
internal_weight=24879 18428 8425 1965 6460 581 119 462 290 258 236 211 5879 1983
internal_count=24879 18428 8425 1965 6460 581 119 462 290 258 236 211 5879 1983
is_linear=0
shrinkage=0.04


Tree=108
num_leaves=15
num_cat=0
split_feature=40 88 2 73 3 25 74 88 59 30 0 18 82 3
split_gain=0.00550128 0.0151117 0.0151582 0.0247906 0.0199834 0.0167266 0.0173381 0.0138199 0.0129741 0.0126691 0.0157896 0.0178071 0.0141871 0.013637
threshold=0.17182593752723443 -0.68231382385009332 -0.011075221555539748 -0.099100415341122169 -0.032738095238095281 0.017951788082072428 0.71878091447640968 0.73124674903311682 1117014435.3485835 -0.056520133470614346 0.022742993730624276 0.044705080489594408 0.3775681341719071 0.097871376811594316
decision_type=8 8 10 8 8 8 10 10 8 10 10 8 10 8
left_child=-1 -2 3 8 -4 7 9 -6 -3 10 11 -7 -13 -14
right_child=1 2 4 -5 5 6 -8 -9 -10 -11 -12 12 13 -15
leaf_value=4.0608937915332627e-06 0.00068627636431931299 0.00028834876189332291 -0.0010918927996224443 0.00016604120808396235 -0.001324810775574939 0.0010559730486323436 0.00058718586119554819 -0.00035632190251023516 -0.00079934039593649079 -0.00076634879699571338 -0.00052583716222240275 0.00033266505528396615 2.0849418360739948e-05 -0.0012560669154576634
leaf_weight=23771 39 23 43 433 29 30 59 126 74 47 75 75 32 23
leaf_count=23771 39 23 43 433 29 30 59 126 74 47 75 75 32 23
internal_value=-1.8561e-13 -8.71223e-05 -0.000115338 3.65598e-05 -0.000264699 -0.000192987 -3.63798e-05 -0.000537523 -0.000541435 -0.000166842 -4.69407e-05 0.000177542 -2.51729e-05 -0.000513134
internal_weight=24879 1108 1069 530 539 496 341 155 97 282 235 160 130 55
internal_count=24879 1108 1069 530 539 496 341 155 97 282 235 160 130 55
is_linear=0
shrinkage=0.04


Tree=109
num_leaves=15
num_cat=0
split_feature=50 46 3 47 30 48 55 56 4 16 1 0 78 51
split_gain=0.00546517 0.0127564 0.0102953 0.0147302 0.0114838 0.00946617 0.0116126 0.0190009 0.00955998 0.0105749 0.00832952 0.0170273 0.0203091 0.0280077
threshold=-0.33607825110337464 0.33917911540714712 0.07056893306953628 -0.15117559730186084 -0.12950899570050098 -0.30774004522815124 2269179945.8410006 1973333562.8505003 -0.20030298160514678 0.026987030228388987 -0.023336049025293567 -0.033345707618725955 0.0086697833180546819 0.2089207220259808
decision_type=8 10 10 10 10 10 10 10 10 10 8 10 10 10
left_child=1 5 3 -3 -5 6 7 8 -1 -10 11 12 13 -2
right_child=10 2 -4 4 -6 -7 -8 -9 9 -11 -12 -13 -14 -15
leaf_value=0.0004507499048324664 2.3570321468437932e-05 0.0001817863834983369 -0.00048412005284002852 0.0015573618618374761 0.00050483006117648863 7.0786911977354931e-05 0.00060883831731708981 -0.0014338425963651388 3.9259970864070661e-05 -0.00049880350873406445 6.7524106072441521e-06 -9.8760865423804894e-05 -0.00068640053095468483 0.00055239884291260848
leaf_weight=36 1023 121 21 27 43 1498 28 20 109 126 18120 3463 54 190
leaf_count=36 1023 121 21 27 43 1498 28 20 109 126 18120 3463 54 190
internal_value=-2.34099e-13 6.2914e-05 0.000356538 0.000448967 0.000910807 2.86552e-05 -0.000169192 -0.000244054 -0.000156247 -0.000249234 -5.58655e-06 -5.28555e-05 7.26145e-05 0.000106404
internal_weight=24879 2029 212 191 70 1817 319 291 271 235 22850 4730 1267 1213
internal_count=24879 2029 212 191 70 1817 319 291 271 235 22850 4730 1267 1213
is_linear=0
shrinkage=0.04


Tree=110
num_leaves=15
num_cat=0
split_feature=39 27 42 44 70 6 15 41 26 48 25 52 16 40
split_gain=0.00547109 0.0110774 0.0173658 0.0117053 0.0140948 0.0107612 0.0125488 0.0117499 0.0101704 0.0113101 0.0120821 0.0100222 0.0125596 0.00930206
threshold=-0.051871946700762998 0.031476851961522397 -0.0079916827903414017 0.41199590139412473 -1.0541519665421437 0.10311871879660252 0.036068531837514184 0.10904240087150997 0.015856822886202649 -0.19672196318631466 0.020044223420070659 0.19793935143933386 0.06032584711549812 -0.024563127356928612
decision_type=10 10 8 10 8 10 10 10 10 10 10 10 10 10
left_child=1 3 -3 5 -5 7 -7 13 -6 -10 -11 -4 -13 -1
right_child=-2 2 11 4 8 6 -8 -9 9 10 -12 12 -14 -15
leaf_value=8.1627030268709817e-05 -6.4217068978714578e-06 0.00058560348488390448 -9.5020241112381751e-05 0.00094622753645208751 4.033830433059863e-05 7.545099079953102e-05 -0.00086404730752110488 0.0005647271410478944 -0.00029321794301116218 0.00038329350795812797 0.0013448242843151093 -0.0012127334126059643 -4.2202141643925145e-05 -0.00013987320956259378
leaf_weight=1504 22269 30 56 44 246 46 45 70 24 69 30 44 22 380
leaf_count=1504 22269 30 56 44 246 46 45 70 24 69 30 44 22 380
internal_value=-8.91416e-14 5.47912e-05 -0.00027659 7.52835e-05 0.000269521 3.60561e-05 -0.000389136 5.58578e-05 0.000188829 0.000485811 0.000674666 -0.000488605 -0.000822556 3.69508e-05
internal_weight=24879 2610 152 2458 413 2045 91 1954 369 123 99 122 66 1884
internal_count=24879 2610 152 2458 413 2045 91 1954 369 123 99 122 66 1884
is_linear=0
shrinkage=0.04


Tree=111
num_leaves=15
num_cat=0
split_feature=98 31 39 37 78 80 83 50 27 58 77 100 85 15
split_gain=0.0053254 0.0125512 0.0108093 0.0135142 0.011645 0.0118302 0.0122131 0.00965936 0.0132252 0.00941973 0.00863051 0.00846422 0.00900692 0.0141931
threshold=0.39767441860465119 -0.14060184779539905 0.15896861628378769 0.37824761741341023 -0.0008792497824423039 0.050886367362553205 0.12500000000000419 -0.02781420663048478 0.031308815290024015 693324547.0990001 0.005150499437534429 2.5000000000000004 0.20098588110280871 0.033700288359594634
decision_type=8 10 10 10 10 10 10 8 10 10 2 2 10 10
left_child=1 7 3 4 9 -6 -7 11 -9 -3 -8 12 -1 -14
right_child=-2 2 -4 -5 5 6 10 8 -10 -11 -12 -13 13 -15
leaf_value=-3.7610883315925898e-05 4.2654507436845007e-06 -5.0693486088923904e-05 -0.00080335519397631283 0.00083373248259621582 -2.4870693517758193e-05 -1.9385042159180892e-05 -0.00035395983792841436 -0.0013771378997437381 -0.00019135705931523051 0.00038750024501705302 -0.001450262077635637 -0.00093781713480976499 -9.2025295875611759e-05 -0.001281187889399007
leaf_weight=305 23624 143 25 33 339 38 20 27 34 174 27 22 42 26
leaf_count=305 23624 143 25 33 339 38 20 27 34 174 27 22 42 26
internal_value=-8.96378e-14 -8.02924e-05 1.52705e-05 4.17119e-05 6.43968e-06 -0.00013067 -0.000552622 -0.000247737 -0.000716211 0.000189829 -0.00098375 -0.00017539 -0.000130422 -0.000546705
internal_weight=24879 1255 799 774 741 424 85 456 61 317 47 395 373 68
internal_count=24879 1255 799 774 741 424 85 456 61 317 47 395 373 68
is_linear=0
shrinkage=0.04


Tree=112
num_leaves=15
num_cat=0
split_feature=90 37 28 59 8 31 74 41 83 32 86 8 99 24
split_gain=0.00529262 0.0107081 0.0192618 0.0162135 0.0111671 0.0100465 0.0145132 0.0222513 0.00968331 0.00964582 0.00903065 0.0102654 0.0195024 0.0183967
threshold=3.6021871995942902e-11 0.22684473007398601 0.025522977627411184 589015044.3982501 0.59852530250538227 -0.12000848176420702 1.3617271743187243 0.15233843883750367 0.50000000000000488 -0.21522199091327296 0.11888482868223132 -0.27593518029088393 2.5000000000000004 0.0088131894427768403
decision_type=10 10 10 10 10 10 10 10 10 10 10 10 2 10
left_child=-1 4 9 5 10 -4 7 -7 -5 -3 -2 12 -12 -14
right_child=1 2 3 8 -6 6 -8 -9 -10 -11 11 -13 13 -15
leaf_value=-1.369070960953506e-05 -2.3131632154656979e-05 -0.0014289532229304314 0.00047992144820009527 -0.00047426902715772115 0.00041608921398311537 0.0013491775672882795 -0.00078842631221050404 -0.00031486969028871194 0.00046882714983075859 -0.00043973061544618207 0.00013620808925958455 4.3520689211755772e-05 0.0016055324350745651 0.00027260753870438282
leaf_weight=16044 3239 24 98 135 121 20 32 36 20 46 434 4563 30 37
leaf_count=16044 3239 24 98 135 121 20 32 36 20 46 434 4563 30 37
internal_value=8.28633e-14 2.48618e-05 -0.000174505 -5.04366e-05 3.45887e-05 0.000201349 -0.00010888 0.000279433 -0.000352579 -0.000778893 2.90291e-05 6.23917e-05 0.000234265 0.00086944
internal_weight=24879 8835 411 341 8424 186 88 56 155 70 8303 5064 501 67
internal_count=24879 8835 411 341 8424 186 88 56 155 70 8303 5064 501 67
is_linear=0
shrinkage=0.04


Tree=113
num_leaves=15
num_cat=0
split_feature=7 1 87 30 82 21 29 75 26 76 33 24 37 76
split_gain=0.00522441 0.0104087 0.00901787 0.010601 0.00708774 0.0101445 0.00803565 0.00998473 0.0119901 0.00812806 0.00687976 0.00712819 0.00663594 0.00941262
threshold=-0.24686327514280107 -0.05663896452469435 0.9346282918348553 -0.1951687725295809 0.071428571428569815 0.0079170336095617487 0.017205257681454696 0.27737631376050115 0.027089148633250942 0.05904369315044556 0.014303067736278654 0.019828378339346562 -0.20154001115433365 -0.4840663738564181
decision_type=8 8 10 10 10 10 8 10 10 10 10 10 8 10
left_child=1 2 3 -1 5 -3 9 8 -8 10 11 -6 13 -2
right_child=12 4 -4 -5 6 -7 7 -9 -10 -11 -12 -13 -14 -15
leaf_value=0.0015422731234381595 0.00031071325144430082 0.00057906261947937316 -7.6090538501739509e-05 0.00037829661073403493 -0.00010757847049111055 -0.00041688141442783593 0.00031087609248741684 -0.00037331487031354174 0.0013363269955984183 0.00067480099275708198 -0.00067258125071280772 0.00049203486164419461 -1.5132103617173314e-06 -0.00049304494763070599
leaf_weight=21 31 20 25 31 192 90 139 28 21 25 28 38 24096 94
leaf_count=21 31 20 25 31 192 90 139 28 21 25 28 38 24096 94
internal_value=-1.36793e-13 0.00011121 0.000548216 0.000848364 5.32939e-05 -0.000235801 0.000120811 0.00032352 0.000445467 -1.38516e-05 -8.05815e-05 -8.51192e-06 -3.0212e-06 -0.000293713
internal_weight=24879 658 77 52 581 110 471 188 160 283 258 230 24221 125
internal_count=24879 658 77 52 581 110 471 188 160 283 258 230 24221 125
is_linear=0
shrinkage=0.04


Tree=114
num_leaves=15
num_cat=0
split_feature=83 19 57 11 61 5 14 6 72 86 32 60 77 28
split_gain=0.00517988 0.0119918 0.0166798 0.012188 0.0138634 0.015758 0.0131749 0.0117492 0.0115432 0.0108128 0.0106152 0.010544 0.0100205 0.0196421
threshold=0.13043478260869615 0.051913504893703 5696327273.5092516 -0.10052408563782343 0.75742031557712997 0.09224122071869513 -0.36362501277530784 -0.045265952803382574 0.63188405797101466 0.43320425429188408 -0.1797816637512071 0.60585919276744482 0.043751559640658806 0.032413838903613518
decision_type=8 10 10 8 8 10 8 10 10 8 10 10 2 10
left_child=1 2 3 4 8 -6 9 -3 -1 11 -7 -5 -2 -14
right_child=12 7 -4 6 5 10 -8 -9 -10 -11 -12 -13 13 -15
leaf_value=0.00030097516084259205 -8.2448190876303337e-06 0.00034742182784525322 0.00057342814716200032 -0.00031269771815277641 -0.00037601332610432548 0.00040174597447938207 1.9783893373740009e-05 -0.0007567946003862368 0.0016287430268712342 -1.3397095372547974e-05 -0.00035590431841282062 -0.0016115575889125468 -0.00043845250316118018 0.0002977374153317813
leaf_weight=22 16797 21 90 20 69 228 7166 58 20 37 34 20 218 79
leaf_count=22 16797 21 90 20 69 228 7166 58 20 37 34 20 218 79
internal_value=-4.41208e-15 2.70456e-05 3.20721e-05 2.56748e-05 0.000248656 0.00016179 1.41917e-05 -0.000463269 0.000933246 -0.000506244 0.000303425 -0.000962128 -1.23172e-05 -0.000242631
internal_weight=24879 7785 7706 7616 373 331 7243 79 42 77 262 40 17094 297
internal_count=24879 7785 7706 7616 373 331 7243 79 42 77 262 40 17094 297
is_linear=0
shrinkage=0.04


Tree=115
num_leaves=15
num_cat=0
split_feature=39 20 75 10 78 32 25 69 63 27 88 27 65 75
split_gain=0.005207 0.0109476 0.0104777 0.0134369 0.0139772 0.0117132 0.0111444 0.0123481 0.0100278 0.014378 0.0211356 0.0167509 0.0138352 0.0132776
threshold=-0.051871946700762998 0.019747160239628383 -0.1452978082511481 0.086135943203664259 -0.028235667189430932 -0.51313769651899332 0.022983096766172093 1.2877272603149115 0.48918545789231482 0.020639137474308938 -0.76778331402165167 0.018869034162067443 4.8970350000000016 -0.250790426314421
decision_type=10 8 10 10 10 8 10 10 10 10 10 10 10 10
left_child=1 -1 8 4 -4 -6 7 -5 9 11 -11 -3 -12 -10
right_child=-2 2 3 6 5 -7 -8 -9 13 10 12 -13 -14 -15
leaf_value=0.00043330834255200519 -6.2647977012056941e-06 7.4899738549504718e-05 -0.00090627878705751817 0.0011122666012961418 0.00085367336514450252 -0.00010269290533934592 -0.00034596314145760103 -0.00010501612722873689 3.2132304646315482e-05 0.00060322828590869909 -0.00033745938574983959 0.00090910898591391751 -0.0014206364062493264 0.000587372452788335
leaf_weight=116 22269 1036 34 40 21 844 22 20 133 33 105 40 23 143
leaf_count=116 22269 1036 34 40 21 844 22 20 133 33 105 40 23 143
internal_value=-1.46597e-13 5.34524e-05 3.57847e-05 -6.60347e-05 -0.000110744 -7.94748e-05 0.000424136 0.000706506 0.000101802 5.31602e-05 -0.000299387 0.000105911 -0.000532093 0.000319811
internal_weight=24879 2610 2494 981 899 865 82 60 1513 1237 161 1076 128 276
internal_count=24879 2610 2494 981 899 865 82 60 1513 1237 161 1076 128 276
is_linear=0
shrinkage=0.04


Tree=116
num_leaves=15
num_cat=0
split_feature=45 33 4 68 6 80 1 81 12 81 22 47 67 83
split_gain=0.00514444 0.0100129 0.00653143 0.00940093 0.018963 0.0155426 0.0286641 0.0144475 0.0126496 0.0203862 0.0135234 0.0131368 0.012626 0.015607
threshold=1.0000000180025095e-35 -0.051216150065760239 -0.10344827586206899 5.460605000000001 0.64486306919462022 0.10665797479356806 0.08527446954140995 0.060606060606061198 0.13225337569987769 0.10256410256410359 0.032633995121900829 -0.26305990897736409 3.1058012500000003 0.45283018867924335
decision_type=8 10 8 10 10 10 10 8 10 8 10 8 8 10
left_child=1 -1 -2 4 8 7 -7 -5 10 -10 11 -4 -12 -14
right_child=2 -3 3 5 -6 6 -8 -9 9 -11 12 -13 13 -15
leaf_value=-0.0010964910632465035 7.5998633462487136e-05 -5.6254137429947915e-05 -0.00057489731066072219 -0.00088066460273694247 -0.00051030378770277208 0.0014720151558946315 -0.00017691276922461488 0.00012317942306204759 -0.0014813396753743291 -0.00010194985541359832 -0.00022099138098828335 -5.404937031616235e-06 0.00035328001436265606 0.0015424265266795242
leaf_weight=20 1729 57 65 24 120 37 31 519 24 60 47 22014 111 21
leaf_count=20 1729 57 65 24 120 37 31 519 24 60 47 22014 111 21
internal_value=7.50373e-14 -0.000326446 1.01348e-06 -4.60561e-06 -8.81666e-06 0.000150204 0.000720298 7.88106e-05 -6.12315e-06 -0.000496061 -4.27416e-06 -7.08151e-06 0.000342002 0.000542462
internal_weight=24879 77 24802 23073 22462 611 68 543 22342 84 22258 22079 179 132
internal_count=24879 77 24802 23073 22462 611 68 543 22342 84 22258 22079 179 132
is_linear=0
shrinkage=0.04


Tree=117
num_leaves=15
num_cat=0
split_feature=48 78 68 83 91 50 47 64 29 56 82 45 7 41
split_gain=0.00512741 0.015603 0.0131358 0.0109768 0.0120591 0.0115317 0.0154515 0.0144047 0.0143667 0.0214172 0.0156828 0.0126777 0.0120195 0.00998519
threshold=-0.036762468752414228 -0.020263206341945058 2.5447683333333337 0.45454545454545942 3.5000000000000004 -0.011617241637300156 -0.0086291982810225414 4.7778700000000009 0.027540530466344946 1528281176.3000002 0.27586206896551763 0.94124551228942333 0.64697154826322223 -0.057169143028820861
decision_type=10 10 8 10 2 10 10 10 8 10 10 10 10 10
left_child=-1 2 -2 4 5 8 -7 -8 13 -10 11 -11 -9 -3
right_child=1 3 -4 -5 -6 6 7 12 9 10 -12 -13 -14 -15
leaf_value=-7.3143739869269209e-06 7.333973486875665e-05 0.0009811194716021418 -0.0010636589914321194 -0.00010245732375238415 0.001067965435795486 -0.00066145345196774643 0.00017500150142238811 -4.5974236486169193e-05 0.0016214018780738115 -0.00084631147311786962 0.00096740319083134338 0.00046788452395602414 -0.0012613684003767761 8.3610723259872221e-05
leaf_weight=21406 29 20 37 575 20 72 184 30 24 24 30 23 23 2382
leaf_count=21406 29 20 37 575 20 72 184 30 24 24 30 23 23 2382
internal_value=-1.29786e-13 4.50825e-05 -0.000564069 5.68829e-05 8.92348e-05 8.22737e-05 -0.000148269 7.63534e-06 0.000110735 0.000578075 0.000252883 -0.000203194 -0.000573409 9.10837e-05
internal_weight=24879 3473 66 3407 2832 2812 309 237 2503 101 77 47 53 2402
internal_count=24879 3473 66 3407 2832 2812 309 237 2503 101 77 47 53 2402
is_linear=0
shrinkage=0.04


Tree=118
num_leaves=15
num_cat=0
split_feature=87 18 18 38 27 22 26 30 56 77 31 57 2 43
split_gain=0.00511144 0.0113947 0.0146342 0.0136529 0.0127205 0.0112236 0.0116378 0.0125718 0.0152734 0.0122931 0.0146626 0.0123487 0.0122876 0.0214578
threshold=-0.088462044442933915 0.052505317790907786 0.047393582261718435 0.30335898951411872 0.030793996443517515 0.027066510522852538 0.013403605344167365 -0.28083618698591956 1242955415.1315002 0.0098039215686275289 -0.42146680007460985 1031994901.2960001 -0.11221190719053829 0.070063694267516283
decision_type=10 10 10 8 10 10 10 10 10 2 10 10 10 10
left_child=-1 2 5 4 -4 -2 7 -7 -9 10 -8 -12 -10 -14
right_child=1 -3 3 -5 -6 6 9 8 12 -11 11 -13 13 -15
leaf_value=-2.5096253379886651e-05 6.366681701397521e-06 0.00055433875107536881 0.00015309034707186383 -0.00083167808822672972 -0.00072794131506737829 0.00093646987563087824 0.0012581383614169975 0.00012057561702022212 0.0004629887488630155 7.4608496247149521e-05 -2.2618244774159545e-05 0.00053835330043103171 -0.0017099357717892244 -0.00031037437149657393
leaf_weight=8532 15059 62 90 61 37 21 31 256 23 305 97 178 21 106
leaf_count=8532 15059 62 90 61 37 21 31 256 23 305 97 178 21 106
internal_value=-8.26411e-14 1.30985e-05 1.10379e-05 -0.00033983 -0.000103588 1.51358e-05 0.000142355 -1.78603e-05 -6.72223e-05 0.000254322 0.000433448 0.000340483 -0.000387731 -0.000541798
internal_weight=24879 16347 16285 188 127 16097 1038 427 406 611 306 275 150 127
internal_count=24879 16347 16285 188 127 16097 1038 427 406 611 306 275 150 127
is_linear=0
shrinkage=0.04


Tree=119
num_leaves=15
num_cat=0
split_feature=37 16 17 89 22 76 42 4 39 7 6 69 3 26
split_gain=0.0050984 0.0111464 0.0177198 0.0116695 0.0110496 0.0102895 0.0100979 0.0184353 0.0145964 0.0122028 0.00978268 0.0109751 0.0110993 0.00948099
threshold=-0.084000508246247593 0.02843963860367801 0.027721668865660475 5.2072825595723746e-12 0.02027505824486011 0.35514171527051713 0.26695435395777362 0.035478533874262815 -0.084994127695921337 -0.18851861182929872 -0.15119807129601723 1.5799691883589124 -0.11075804961935114 0.0029833497517648701
decision_type=8 10 8 10 10 10 10 10 10 8 10 10 10 10
left_child=1 -1 4 -4 -3 6 9 8 -8 13 11 12 -11 -5
right_child=-2 2 3 5 -6 -7 7 -9 -10 10 -12 -13 -14 -15
leaf_value=8.9033976341515542e-05 -7.6212685914953316e-06 -0.00021005802353521669 0.00059159187933283987 0.00075710032694041726 -0.00091108484405346898 0.00061516480232392883 -0.00023254817627846848 -0.00088251511078505296 0.00064613623342844287 -0.001159182089513966 -5.1529606824020314e-05 0.00047270717564970257 -0.00038240147664918045 5.4959585759206678e-06
leaf_weight=2592 21135 104 51 30 55 38 43 21 102 35 212 20 185 256
leaf_count=2592 21135 104 51 30 55 38 43 21 102 35 212 20 185 256
internal_value=2.05786e-13 4.30223e-05 -6.05039e-05 2.27105e-06 -0.000452552 -2.96349e-05 -5.67393e-05 0.000225142 0.000385561 -0.000120143 -0.000249526 -0.000424423 -0.00050598 8.43356e-05
internal_weight=24879 3744 1152 993 159 942 904 166 145 738 452 240 220 286
internal_count=24879 3744 1152 993 159 942 904 166 145 738 452 240 220 286
is_linear=0
shrinkage=0.04


Tree=120
num_leaves=15
num_cat=0
split_feature=95 57 43 82 14 38 8 62 0 63 35 65 73 3
split_gain=0.00508069 0.0103164 0.00563544 0.0145934 0.0112598 0.0155352 0.0163935 0.0124668 0.0188279 0.0138849 0.0158931 0.0168422 0.0204872 0.0153183
threshold=0.77500000000000013 796337016.14775002 0.73529411764705943 0.21092329545454425 -0.43380104230531785 0.33235028628764612 0.28772282181650805 0.48684210526315791 -0.055827175419201507 0.23125000000000004 -0.059065690566966804 2.7508050000000002 0.0054852502684326074 -0.063645601214805655
decision_type=10 10 10 8 8 10 10 10 10 10 10 10 10 10
left_child=2 -2 4 -4 -1 -6 -7 9 -9 -8 -11 -12 13 -13
right_child=1 -3 3 -5 5 6 7 8 -10 10 11 12 -14 -15
leaf_value=0.00080653063676975386 0.00015641595780228575 -0.00095991763895234244 -4.170911627570091e-05 8.71343963829538e-05 -5.2429963401496761e-06 0.00084873517082693678 -0.00087350392983587949 0.00014920122185311117 -0.0007354209750629724 0.0010016864438269597 0.00064204772444147813 -0.001407162523112045 0.00068903474567028197 -0.00028605282773824933
leaf_weight=27 27 26 2357 3488 18502 21 31 51 157 24 38 26 26 78
leaf_count=27 27 26 2357 3488 18502 21 31 51 157 24 38 26 26 78
internal_value=2.92536e-15 -0.000391219 8.35198e-07 3.51782e-05 -9.74036e-06 -1.09031e-05 -0.000242593 -0.000295767 -0.000518518 -8.7999e-05 3.88273e-05 -9.8724e-05 -0.000315257 -0.00056633
internal_weight=24879 53 24826 5845 18981 18954 452 431 208 223 192 168 130 104
internal_count=24879 53 24826 5845 18981 18954 452 431 208 223 192 168 130 104
is_linear=0
shrinkage=0.04


Tree=121
num_leaves=15
num_cat=0
split_feature=13 55 90 73 64 45 2 35 23 54 11 16 89 83
split_gain=0.00502383 0.00802638 0.0115274 0.0131311 0.00718144 0.00554273 0.010185 0.00703244 0.00846713 0.0171833 0.00789956 0.00754633 0.00724635 0.00592211
threshold=0.20156108355996369 1106598495.1260002 2.1477446283221791e-11 -0.047143366831294324 2.1184100000000003 1.0000000180025095e-35 -0.069720645810609258 -0.15405085439911823 0.035097657890070293 1.2807853961353648 0.14115846615846619 0.051594292905746318 1.2733476258522923e-11 0.13043478260869615
decision_type=10 8 10 10 10 8 10 8 10 10 10 10 10 10
left_child=5 4 3 -3 -2 6 -1 12 10 11 13 -10 -7 -9
right_child=1 2 -4 -5 -6 7 -8 8 9 -11 -12 -13 -14 -15
leaf_value=-0.0011183288469910622 0.00017632197512876848 -0.00014203730863709079 -0.00062533782199299072 0.00093185392601800897 0.00095424633028040487 0.00097739672571744616 -6.1646829137181939e-05 2.7897119858143868e-05 -0.0005713888728059828 -0.0014335706450510771 0.00059156085263465579 0.00050217080893079661 0.00012471930428336445 -1.4634516142490153e-05
leaf_weight=20 43 49 34 29 34 23 54 7603 20 20 36 22 52 16840
leaf_count=20 43 49 34 29 34 23 54 7603 20 20 36 22 52 16840
internal_value=5.30865e-14 0.000205443 -1.06924e-05 0.00025723 0.000519821 -1.57265e-06 -0.000347237 -5.33521e-07 -1.71544e-06 -0.000468571 -5.32998e-07 -9.04809e-06 0.000386207 -1.40504e-06
internal_weight=24879 189 112 78 77 24690 74 24616 24541 62 24479 42 75 24443
internal_count=24879 189 112 78 77 24690 74 24616 24541 62 24479 42 75 24443
is_linear=0
shrinkage=0.04


Tree=122
num_leaves=15
num_cat=0
split_feature=39 24 77 84 74 41 22 27 31 5 14 70 41 80
split_gain=0.00501796 0.00806913 0.0138495 0.0104942 0.0112969 0.0109119 0.00806587 0.00699743 0.0142855 0.011625 0.0108338 0.0102482 0.011065 0.0101162
threshold=0.19432536700550543 0.016247165745351202 -1.0000000180025095e-35 0.41666666666666835 0.26157896007574383 0.11949500721471519 0.0092920801138372464 0.037335810148703102 -0.16411796148128352 0.60576866488441017 -0.18613376030273518 0.83596549903339712 0.16458582047940487 0.068836509484715536
decision_type=10 8 2 10 10 8 10 10 10 10 10 10 10 10
left_child=7 2 -2 5 -5 -3 -4 9 -9 -1 11 13 -13 -10
right_child=1 3 6 4 -6 -7 -8 8 10 -11 -12 12 -14 -15
leaf_value=-7.070562702886421e-07 0.0010295424353098496 -0.00027526633300144096 -0.00066397653345900065 0.00065551629128015557 -0.00043422476394981566 -0.0014037775422016587 0.00037306233619650208 -5.8230072030407998e-06 0.00025378979639970652 -0.00088148700313468004 0.0011694425331963297 0.00055535989926595777 -0.00036820063039354575 0.0012155118274192016
leaf_weight=24129 20 29 28 23 45 26 21 349 42 24 27 35 51 30
leaf_count=24129 20 29 28 23 45 26 21 349 42 24 27 35 51 30
internal_value=-1.58612e-13 -0.0002037 0.000142519 -0.00039792 -6.56359e-05 -0.000808744 -0.000219531 1.58425e-06 0.000144806 -1.58226e-06 0.000428967 0.00030243 7.66703e-06 0.000654507
internal_weight=24879 192 69 123 68 55 49 24687 534 24153 185 158 86 72
internal_count=24879 192 69 123 68 55 49 24687 534 24153 185 158 86 72
is_linear=0
shrinkage=0.04


Tree=123
num_leaves=15
num_cat=0
split_feature=89 78 16 65 64 23 43 33 80 45 25 16 37 73
split_gain=0.00499476 0.0130099 0.0126446 0.0137723 0.0124205 0.0196807 0.0165285 0.0161363 0.0172673 0.0121729 0.0121439 0.0127376 0.0153234 0.0166726
threshold=2.0703943872887927e-11 0.023507251869864913 0.052642257599903042 2.8510250000000004 1.7314500000000004 0.013235770966923606 0.73965468036529669 0.094963810181612054 0.062282472378079178 0.70666541269357064 0.027389351193927925 0.04448925298973893 -0.12985183881263232 0.56611054071487987
decision_type=10 10 8 8 8 10 10 10 10 10 10 10 8 8
left_child=1 2 10 -4 -3 -6 9 8 -8 -7 11 -1 -13 -14
right_child=-2 4 3 -5 5 6 7 -9 -10 -11 -12 12 13 -15
leaf_value=-2.1639246683290257e-05 1.2010341090818711e-05 0.00019147977390578791 0.00081859978090506049 0.00010811061113437587 -0.001183825108049394 -0.00034010025598143009 -0.00016352773484724917 -0.0007112201441217352 0.0010589626241886032 -0.0013017312552463928 0.00055628990009219182 0.00079428111448318561 -0.00038233238852110541 0.00077815378428481164
leaf_weight=6404 17169 72 48 482 43 85 38 27 36 28 56 21 349 21
leaf_count=6404 17169 72 48 482 43 85 38 27 36 28 56 21 349 21
internal_value=7.99547e-14 -2.67452e-05 -1.57751e-05 0.000172457 -0.000272855 -0.000402941 -0.000246034 0.000125799 0.000431197 -0.000578381 -3.03369e-05 -3.51715e-05 -0.00025681 -0.000316467
internal_weight=24879 7710 7381 530 329 257 214 101 74 113 6851 6795 391 370
internal_count=24879 7710 7381 530 329 257 214 101 74 113 6851 6795 391 370
is_linear=0
shrinkage=0.04


Tree=124
num_leaves=15
num_cat=0
split_feature=40 25 72 72 18 87 4 85 3 23 6 2 66 73
split_gain=0.00514029 0.0135717 0.0169614 0.0191563 0.0185209 0.0169005 0.0156501 0.0132617 0.0207012 0.0139157 0.013141 0.0124307 0.0187806 0.012492
threshold=0.17182593752723443 0.018090644320600643 0.32945736434108536 0.82500000000000007 0.046286747598394164 -0.24084927737917203 0.041576772248187573 -0.068614662270268231 0.12647640083701475 0.01564766037440157 0.20304075226991394 -0.014058977383886227 3.2657200000000004 0.053405141644346295
decision_type=8 10 10 10 10 8 10 10 10 10 10 10 8 8
left_child=-1 5 -3 7 -5 6 -2 8 -4 -9 -11 13 -13 -7
right_child=1 2 3 4 -6 11 -8 9 -10 10 -12 12 -14 -15
leaf_value=3.9253952895547285e-06 -0.0014282195372225972 -0.000876048971594383 0.0012150596462355073 0.00010758546273531725 -0.00089512161165475855 -0.00036834038198701568 -0.00036115651167315112 0.00078861247151134869 -0.00021936637815088035 0.0006501837526836123 -0.00046853086869564969 -0.00070514095544498934 -3.6270671747791185e-05 0.00020980544436090755
leaf_weight=23771 29 26 60 112 40 79 91 39 22 24 56 109 175 246
leaf_count=23771 29 26 60 112 40 79 91 39 22 24 56 109 175 246
internal_value=3.32209e-15 -8.42153e-05 0.000109941 0.000182563 -0.000156285 -0.000185155 -0.00061903 0.000438806 0.000830214 0.000169097 -0.000132916 -9.96625e-05 -0.000292985 6.92715e-05
internal_weight=24879 1108 379 353 152 729 120 201 82 119 80 609 284 325
internal_count=24879 1108 379 353 152 729 120 201 82 119 80 609 284 325
is_linear=0
shrinkage=0.04


Tree=125
num_leaves=15
num_cat=0
split_feature=26 28 61 55 81 20 78 46 31 22 64 86 17 9
split_gain=0.00487746 0.0094929 0.00870227 0.00837731 0.0129351 0.0127011 0.0125483 0.0116374 0.0116014 0.0144805 0.0130365 0.0142552 0.0125232 0.011448
threshold=0.0059224721610673953 0.034607341793940836 -1.671470480950916 768705593.81300008 0.7857142857142877 0.035244950932728565 -0.012445785847054967 0.81761855819789608 -0.14505503892243923 0.02072257570942377 4.1732800000000001 0.38204405239786371 0.039508998923400034 -0.099852339511199525
decision_type=8 10 8 10 10 10 10 8 8 10 10 10 8 10
left_child=1 2 -1 5 -5 -2 7 -6 13 10 12 -12 -10 -8
right_child=3 -3 -4 4 6 -7 8 -9 9 -11 11 -13 -14 -15
leaf_value=0.00079982395179104069 2.5573214115259283e-05 0.00067994864494539797 -3.5853739322868033e-05 8.4273542266733342e-06 -0.00014875627577223569 0.00024560929313207898 0.00026981439630902721 -0.00063294898192893252 3.1215550116746168e-05 0.00051728221687671275 -0.0014040698935277761 -0.00015395463754733406 0.0010410904073865994 -0.00017463414452497235
leaf_weight=20 9564 30 6401 6460 212 439 102 127 305 104 20 54 21 1020
leaf_count=20 9564 30 6401 6460 212 439 102 127 305 104 20 54 21 1020
internal_value=-2.32996e-13 -2.99341e-05 -3.32508e-05 1.04789e-05 -1.8908e-05 3.52299e-05 -0.000108774 -0.00033015 -6.26198e-05 9.67977e-05 -1.25283e-05 -0.000491824 9.62688e-05 -0.00013423
internal_weight=24879 6451 6421 18428 8425 10003 1965 339 1626 504 400 74 326 1122
internal_count=24879 6451 6421 18428 8425 10003 1965 339 1626 504 400 74 326 1122
is_linear=0
shrinkage=0.04


Tree=126
num_leaves=15
num_cat=0
split_feature=47 76 68 38 78 77 43 27 75 4 99 35 50 55
split_gain=0.00486494 0.0102123 0.0143751 0.0199628 0.0152068 0.012574 0.0196253 0.012211 0.017319 0.0114037 0.0106903 0.0134272 0.0178045 0.0147881
threshold=-0.12578815129324386 0.63001859926368009 4.5443716666666676 0.2961263385556529 0.0023934459138558188 -0.0066838412332926858 0.24166666666666706 0.021133152600997827 0.067196812792058816 0.029046637690650082 1.5000000000000002 0.01634313033653623 -0.1588801783969063 4028158604.1060004
decision_type=8 8 10 10 10 2 10 10 8 10 2 10 8 10
left_child=1 7 3 5 -5 6 -3 -1 10 -7 11 12 13 -9
right_child=-2 2 -4 4 -6 9 -8 8 -10 -11 -12 -13 -14 -15
leaf_value=4.3961674239453082e-05 -9.4638756219173525e-06 -0.00029720222741492434 0.00099847232425500721 -6.1814724446662694e-05 -0.0012784217964857817 0.00018637222326074623 0.00064782586207646608 -0.00041705327947069108 0.00023266998961573023 -0.00042431212793622589 0.00019677406812827755 -0.0012110789418827905 0.00024250309283178187 0.00017489823256619278
leaf_weight=4001 19342 44 33 48 25 232 175 433 181 62 93 23 107 80
leaf_count=4001 19342 44 33 48 25 232 175 433 181 62 93 23 107 80
internal_value=1.37059e-13 3.30595e-05 0.00018618 0.000140437 -0.000478461 0.000228506 0.000457957 1.37871e-05 -0.000117869 5.75884e-05 -0.000204075 -0.000262052 -0.000226846 -0.000324741
internal_weight=24879 5537 619 586 73 513 219 4918 917 294 736 643 620 513
internal_count=24879 5537 619 586 73 513 219 4918 917 294 736 643 620 513
is_linear=0
shrinkage=0.04


Tree=127
num_leaves=15
num_cat=0
split_feature=32 24 23 74 46 60 56 64 61 53 17 51 70 43
split_gain=0.00478495 0.0129068 0.0152718 0.0108016 0.0112691 0.0120446 0.00897435 0.0180251 0.0135142 0.0161661 0.0126997 0.0162805 0.0167348 0.0151338
threshold=-0.2320197881908457 0.024745480460906136 0.033033658810960993 -0.25676924982285443 0.72744882342821093 -0.50098137991268643 690205912.21900022 3.5412800000000004 3.7807108635441042 0.22323160913901866 0.038252817274646168 0.41616696921155699 3.5506117128133821 0.84162807751675628
decision_type=8 10 10 10 10 10 10 8 10 10 10 10 10 10
left_child=6 -2 3 -3 5 -5 7 8 -1 -10 11 12 -8 -14
right_child=1 2 -4 4 -6 -7 10 -9 9 -11 -12 -13 13 -15
leaf_value=3.8845976342589938e-05 -1.3260851896879716e-05 -0.0014193372477311643 0.00035608818540601314 -0.00046331984026307636 -0.0010089941006819051 0.00062388406418587851 -2.9581709244002673e-05 0.00065472547872628593 0.0012242709809010301 5.7101011611954421e-05 7.0111815648591088e-05 -0.00077172856150689172 -0.0012790324033267097 -0.00019206550515567263
leaf_weight=5480 11757 20 37 56 35 23 5057 79 34 43 2120 49 32 57
leaf_count=5480 11757 20 37 56 35 23 5057 79 34 43 2120 49 32 57
internal_value=2.56928e-13 -1.82789e-05 -0.000363292 -0.000561926 -0.000411503 -0.000146792 1.6835e-05 5.47693e-05 4.62401e-05 0.000572475 -1.23922e-05 -4.60609e-05 -3.91511e-05 -0.000582885
internal_weight=24879 11928 171 134 114 79 12951 5636 5557 77 7315 5195 5146 89
internal_count=24879 11928 171 134 114 79 12951 5636 5557 77 7315 5195 5146 89
is_linear=0
shrinkage=0.04


Tree=128
num_leaves=15
num_cat=0
split_feature=82 54 24 5 69 47 67 17 8 83 33 23 20 55
split_gain=0.00468163 0.00926005 0.010032 0.0096717 0.00966028 0.01624 0.014219 0.013502 0.0153652 0.0312414 0.0110252 0.00980837 0.00873593 0.00792996
threshold=0.47368421052631721 0.15308506009680747 0.028460758793599539 -0.21336213102951759 0.8805707956385459 -0.073953662873493684 1.8839587500000003 0.047701123900016039 0.47966218037096781 0.20000000000000315 0.015779479472172845 0.020249336396462977 0.03897196830160677 768705593.81300008
decision_type=10 10 10 8 10 10 10 10 8 10 10 10 10 10
left_child=13 3 4 -2 -3 6 -6 8 11 -10 -8 -7 -5 -1
right_child=1 2 -4 12 5 7 10 -9 9 -11 -12 -13 -14 -15
leaf_value=1.1735613587296009e-05 0.00074853308442980051 4.895992588049413e-05 -0.00063753469246289425 -5.3783334840811216e-05 0.00012446213301325985 4.0429852918192008e-05 0.00053458517163314603 -0.00084803887332479168 7.5047451411654924e-05 0.0015751604486851851 0.0017512636932616049 0.0009075484797358513 0.00064573042640655206 -3.9927495010091747e-05
leaf_weight=12019 25 2380 31 1905 34 407 22 21 58 36 26 22 29 7864
leaf_count=12019 25 2380 31 1905 34 407 22 21 58 36 26 22 29 7864
internal_value=-2.13427e-13 3.46156e-05 7.83527e-05 -3.31893e-05 8.57355e-05 0.000225553 0.00075031 0.000146454 0.000186385 0.000649559 0.00119362 8.48975e-05 -4.32942e-05 -8.69786e-06
internal_weight=24879 4996 3037 1959 3006 626 82 544 523 94 48 429 1934 19883
internal_count=24879 4996 3037 1959 3006 626 82 544 523 94 48 429 1934 19883
is_linear=0
shrinkage=0.04


Tree=129
num_leaves=15
num_cat=0
split_feature=50 28 26 25 20 8 24 1 9 43 33 78 60 48
split_gain=0.00469711 0.0116632 0.0109136 0.0106543 0.0161829 0.00726219 0.00720376 0.00724062 0.0153124 0.0204706 0.0153651 0.0151422 0.0145784 0.0175097
threshold=-0.33607825110337464 0.018025689933742369 0.0045577510949764951 0.026585126251716659 0.043075420662118544 1.0343529898923287 0.03069490461312321 -0.023336049025293567 0.03801160389086073 0.7470195329154109 -0.00072685505212799473 -1.0000000180025095e-35 -0.48368364428714133 -0.13351688122695385
decision_type=8 10 10 10 8 10 10 8 10 10 10 10 8 10
left_child=1 3 -3 4 -1 -4 7 8 10 11 -2 -10 -13 -14
right_child=6 2 5 -5 -6 -7 -8 -9 9 -11 -12 12 13 -15
leaf_value=-1.0915576505309094e-05 -6.9579791875188881e-05 0.00066944250843816388 0.00010743970411655029 -0.00065584090491756805 0.0011360043729655444 0.00073466703783900997 -0.00076399161363951864 6.9966063663289949e-06 0.00012925997822881298 0.0013243710919327678 -0.0004802615863713742 -0.00096937424097305689 0.00034634656717639356 -0.00064282102916622533
leaf_weight=1245 3552 68 625 40 20 31 20 18103 846 21 152 39 67 50
leaf_count=1245 3552 68 625 40 20 31 20 18103 846 21 152 39 67 50
internal_value=3.60791e-14 5.83258e-05 0.000187081 -1.31061e-05 7.21755e-06 0.00013708 -5.17913e-06 -4.51438e-06 -4.8598e-05 8.83913e-05 -8.64328e-05 6.24875e-05 -0.000299625 -7.63746e-05
internal_weight=24879 2029 724 1305 1265 656 22850 22830 4727 1023 3704 1002 156 117
internal_count=24879 2029 724 1305 1265 656 22850 22830 4727 1023 3704 1002 156 117
is_linear=0
shrinkage=0.04


Tree=130
num_leaves=15
num_cat=0
split_feature=40 39 25 11 45 56 46 27 95 25 45 78 26 81
split_gain=0.00467864 0.0125942 0.015983 0.0206641 0.017347 0.0158384 0.0152337 0.0140681 0.0132592 0.0134952 0.0159597 0.0141359 0.01266 0.0126327
threshold=0.17182593752723443 -0.0046878697022017515 0.018023692731561351 0.016409552317316892 0.90000000000000047 3335181103.2000003 0.68250593090401479 0.040013116146424402 0.72500000000000009 0.01901530828032634 0.95807125835058815 -0.016552377373851231 0.020097543804341225 0.1612903225806423
decision_type=8 8 8 10 8 10 8 10 10 8 8 8 10 8
left_child=-1 5 3 -3 6 13 12 -8 9 -6 -11 -12 -4 -2
right_child=1 2 4 -5 8 -7 7 -9 -10 10 11 -13 -14 -15
leaf_value=3.7449790587158371e-06 0.0002427720123395214 -0.00053721138537212311 -0.00092641606195164585 0.0001686490690973425 0.00092881991780207804 -0.0012773922473192216 0.00091944667421519125 0.00012727203592256611 -0.00090649345148078816 -0.00079011241858663154 0.00083258972813685735 -5.3918172472104843e-05 0.00028641926495220107 -0.00039916572010208087
leaf_weight=23771 68 165 21 111 24 25 94 58 27 41 33 225 40 176
leaf_count=23771 68 165 21 111 24 25 94 58 27 41 33 225 40 176
internal_value=2.35565e-13 -8.03447e-05 -3.98381e-06 -0.000253333 0.000118255 -0.000318511 0.000402872 0.00061717 -5.49554e-05 1.62258e-05 -5.70259e-05 5.94724e-05 -0.000131114 -0.000220265
internal_weight=24879 1108 839 276 563 269 213 152 350 323 299 258 61 244
internal_count=24879 1108 839 276 563 269 213 152 350 323 299 258 61 244
is_linear=0
shrinkage=0.04


Tree=131
num_leaves=15
num_cat=0
split_feature=51 81 44 26 70 41 78 22 17 74 83 78 61 74
split_gain=0.00470047 0.0145572 0.0113916 0.0188051 0.0148177 0.013695 0.0117425 0.0136137 0.0161619 0.0136679 0.0118641 0.0111607 0.012791 0.0114433
threshold=0.13549769540654003 0.7857142857142877 0.96495361242818434 0.024654728216975924 -1.2206545961736692 -0.048350085639631772 0.033905314659825277 0.013428588318309771 0.050670145568859438 0.44627704092984405 0.13043478260869615 0.048307946019185206 1.8087476444510278 -0.37854257789607698
decision_type=10 10 8 10 10 8 10 10 10 10 10 10 10 8
left_child=-1 2 4 -4 5 -2 -6 10 9 -9 -8 13 -13 -3
right_child=1 11 3 -5 6 -7 7 8 -10 -11 -12 12 -14 -15
leaf_value=-1.0245014681281304e-05 -0.00089765582709911882 0.00067297550064751935 6.4715574088040743e-05 0.0014810070457315307 8.8249116778064894e-05 -0.00010342733650186072 0.00016993051903598286 0.00092792243970325219 -0.00065094384973147709 -0.00021260495385925832 -0.0008079018258179227 0.0012700671950976053 -2.6182363708985263e-05 -0.00010283606684477318
leaf_weight=18467 44 31 40 24 4230 165 27 40 31 29 75 21 29 1626
leaf_count=18467 44 31 40 24 4230 165 27 40 31 29 75 21 29 1626
internal_value=1.22192e-13 2.95063e-05 6.58091e-05 0.000595825 5.85001e-05 -0.000270633 7.40211e-05 -0.000223923 0.000107721 0.00044857 -0.000549064 -7.05548e-05 0.000518242 -8.83218e-05
internal_weight=24879 6412 4705 64 4641 209 4432 202 100 69 102 1707 50 1657
internal_count=24879 6412 4705 64 4641 209 4432 202 100 69 102 1707 50 1657
is_linear=0
shrinkage=0.04


Tree=132
num_leaves=15
num_cat=0
split_feature=43 6 8 38 23 58 43 73 24 22 47 12 16 14
split_gain=0.00464014 0.0122522 0.0119602 0.0160471 0.0131222 0.0109957 0.0102109 0.0135526 0.0132005 0.0116773 0.0112227 0.0126322 0.0113907 0.012687
threshold=0.9995635474860336 0.32844497048183302 -0.10712610589712122 0.25000996597427444 0.013441181256974952 1108979751.6095002 0.94976778256434724 0.75518648634751184 0.016189063714409088 0.01725768412578688 -0.012020778974138833 -0.15162371765763757 0.039442803893231175 -0.19584791815738065
decision_type=10 8 10 10 10 8 10 10 10 10 10 10 10 10
left_child=6 2 -2 4 -4 -3 -1 8 9 -8 -10 -12 13 -13
right_child=1 5 3 -5 -6 -7 7 -9 10 -11 11 12 -14 -15
leaf_value=2.6338674221238261e-06 0.0013049451953598432 -0.00077348873179289518 0.00031700151335251964 0.0011459471659734845 -0.000797966030271103 0.00018374973789529275 -3.499673469485205e-05 -0.00086238946970097904 0.00037377954236804867 0.00095528473844751715 -0.0012323995656333864 -0.0013382061135590725 0.0005332382881315425 -0.00027369459702943761
leaf_weight=24027 21 32 57 25 24 48 402 41 26 20 32 23 20 81
leaf_count=24027 21 32 57 25 24 48 402 41 26 20 32 23 20 81
internal_value=-2.29269e-13 0.000188593 0.000432838 0.000260062 -1.33592e-05 -0.000199146 -1.58231e-06 -0.00015864 -0.000110869 1.1936e-05 -0.000395614 -0.000523846 -0.000340994 -0.000509115
internal_weight=24879 207 127 106 81 80 24672 645 604 422 182 156 124 104
internal_count=24879 207 127 106 81 80 24672 645 604 422 182 156 124 104
is_linear=0
shrinkage=0.04


Tree=133
num_leaves=15
num_cat=0
split_feature=48 78 6 65 85 2 10 8 83 10 41 77 1 43
split_gain=0.00469318 0.0131662 0.0130331 0.0117883 0.0101193 0.00996232 0.0127416 0.0169652 0.0123066 0.0185088 0.0151167 0.0148064 0.0141117 0.0133309
threshold=-0.04030155890621006 -0.020263206341945058 0.4676991755892313 2.5140899999999999 2.3858852259424812 0.026188721208500913 -0.033555036371898044 0.85741649339892168 0.16470588235294112 -0.12273430391264782 0.34521974718073417 -0.044983144039747784 0.035706873035640137 0.96666666666666667
decision_type=10 10 10 10 10 10 10 10 10 10 10 2 10 8
left_child=5 2 3 -2 -3 6 7 -1 9 -7 11 -10 -12 -11
right_child=1 4 -4 -5 -6 8 -8 -9 10 13 12 -13 -14 -15
leaf_value=0.00013463909014605927 -1.2417130870744585e-05 5.7144392090945283e-05 0.00030059926956892016 -0.0012177513617820837 -0.00070611698270243192 0.00091553047842656574 -7.9807167577559989e-07 0.0010315588046149867 -0.0010240700827645404 1.7959459172235226e-05 -0.00011539536191558 -9.8308422207497081e-05 -0.0014342562833593953 -0.00068820872068913147
leaf_weight=538 20 3744 25 37 28 36 16595 36 28 1533 25 2163 27 44
leaf_count=538 20 3744 25 37 28 36 16595 36 28 1533 25 2163 27 44
internal_value=-1.45216e-13 4.05779e-05 -0.000460856 -0.000794827 5.14786e-05 -7.43815e-06 5.61057e-06 0.000190892 -6.55382e-05 1.87289e-05 -0.000126137 -0.000110139 -0.000800189 -1.74339e-06
internal_weight=24879 3854 82 57 3772 21025 17169 574 3856 1613 2243 2191 52 1577
internal_count=24879 3854 82 57 3772 21025 17169 574 3856 1613 2243 2191 52 1577
is_linear=0
shrinkage=0.04


Tree=134
num_leaves=15
num_cat=0
split_feature=65 98 70 45 87 27 84 65 71 83 8 80 22 84
split_gain=0.00467034 0.0125827 0.0119437 0.0121098 0.0192676 0.019931 0.0173183 0.0171672 0.0154148 0.0183496 0.015623 0.017088 0.0133126 0.0131759
threshold=6.3345150000000006 0.36626016260162603 -1.3943901872486093 0.80522959025688423 -0.49212615002970034 0.037335810148703102 0.66037735849056634 8.7224150000000034 0.32916666666666672 0.40731195112638213 1.1560889175257734 0.082436032566599829 0.029283633466999668 0.63636363636364368
decision_type=10 8 8 8 8 10 10 10 10 10 10 10 10 10
left_child=-1 -2 -3 6 5 7 8 -5 9 12 11 -10 -4 -7
right_child=1 2 3 4 -6 13 -8 -9 10 -11 -12 -13 -14 -15
leaf_value=-2.9007880382749887e-06 -0.00086029802875903748 -0.00080421644815509177 0.0013665209790425642 -0.0017320906858891249 0.0002560823257309789 -0.00033154332138864059 -0.00012642912425195115 -0.00020002651705660604 0.00022974073583247593 0.0020062336410311137 -0.00066105575808747248 0.0014994770898060365 2.3693190585752883e-05 0.00063798945566469981
leaf_weight=24201 21 21 21 25 219 70 79 22 74 22 22 22 27 33
leaf_count=24201 21 21 21 25 219 70 79 22 74 22 22 22 27 33
internal_value=1.11128e-13 0.000103543 0.00013435 0.000165341 1.68694e-05 -0.000332382 0.000370532 -0.00101495 0.000579361 0.00104963 0.000300391 0.000520722 0.00061118 -2.09163e-05
internal_weight=24879 678 657 636 369 150 267 47 188 70 118 96 48 103
internal_count=24879 678 657 636 369 150 267 47 188 70 118 96 48 103
is_linear=0
shrinkage=0.04


Tree=135
num_leaves=15
num_cat=0
split_feature=95 57 43 82 15 59 18 18 26 88 1 43 23 17
split_gain=0.00450936 0.00923222 0.0050982 0.010759 0.0103004 0.0189394 0.0104206 0.0181114 0.0154812 0.02237 0.0121156 0.0119413 0.0144471 0.0159692
threshold=0.77500000000000013 796337016.14775002 0.73965468036529669 0.21092329545454425 0.061815971223246551 1914785027.5238335 0.039713341282125815 0.038171773137811733 0.04046212043486231 0.081614389831062742 -0.038689224638551727 0.94059405940594076 0.01267543620540991 0.049773017282962274
decision_type=10 10 10 8 10 8 8 10 10 10 10 10 10 10
left_child=2 -2 -1 -4 6 -6 7 10 11 -10 -5 12 -8 -14
right_child=1 -3 3 4 5 -7 8 -9 9 -11 -12 -13 13 -15
leaf_value=-9.1661727252305654e-06 0.00014949277129576162 -0.00090655237364654364 -3.2542641290664385e-05 -0.00090169930300908175 -0.00098200530980904711 0.00038153899600729346 -0.0003289062405625979 -0.00054218354774034257 -0.00074218758379574867 0.00048007551454129109 8.6227729613178359e-05 -0.00051394984498620035 0.00081233970047426694 9.8078958444218608e-05
leaf_weight=19075 27 26 2328 20 39 28 30 77 50 46 2872 20 170 71
leaf_count=19075 27 26 2328 20 39 28 30 77 50 46 2872 20 170 71
internal_value=-1.49033e-15 -0.000368567 7.86839e-07 3.37991e-05 7.89185e-05 -0.000412166 8.87226e-05 6.32751e-05 0.000283952 -0.00015652 7.93956e-05 0.000429262 0.000498871 0.000601914
internal_weight=24879 53 24826 5751 3423 67 3356 2969 387 96 2892 291 271 241
internal_count=24879 53 24826 5751 3423 67 3356 2969 387 96 2892 291 271 241
is_linear=0
shrinkage=0.04


Tree=136
num_leaves=15
num_cat=0
split_feature=47 90 20 47 80 3 44 53 0 25 22 18 61 77
split_gain=0.00457332 0.0097675 0.011635 0.0128722 0.0113697 0.0170724 0.0153656 0.0149646 0.0174778 0.0172314 0.0133704 0.0202701 0.0139644 0.012271
threshold=-0.12952552937407155 4.9908177891946712e-12 0.044346199181210376 -0.10702406217520825 0.061516941006437273 -0.0095868528163158811 0.99971514029340558 0.47848421146793091 0.036371327488078704 0.021890770875483117 0.0069419978516784588 0.036645585137093331 3.7807108635441042 -0.039356371369283598
decision_type=8 8 10 10 8 8 10 8 10 10 8 8 10 2
left_child=-1 -2 4 -4 6 7 13 9 -9 -6 11 12 -7 -3
right_child=1 2 3 -5 5 10 -8 8 -10 -11 -12 -13 -14 -15
leaf_value=3.3574891436600915e-05 -0.00034533228867952403 0.00035248431571768352 0.0007961226331398767 0.00011913045137786803 -0.00035901175835447032 0.00010513855910782392 0.00076302702449971725 -0.0013333118287846446 5.0247042340093429e-05 0.00085629847305383354 -8.919995379266333e-06 -0.0014458558056988599 -0.00058685249573182919 -6.1705248384902103e-06
leaf_weight=5148 137 154 51 378 168 102 42 48 21 21 1319 24 86 17180
leaf_count=5148 137 154 51 378 168 102 42 48 21 21 1319 24 86 17180
internal_value=1.28375e-13 -8.76e-06 -6.40671e-06 0.000199612 -1.10183e-05 -0.000107036 -1.13259e-06 -0.000408045 -0.000912229 -0.000223977 -5.63104e-05 -0.000351159 -0.000211411 -2.98414e-06
internal_weight=24879 19731 19594 429 19165 1789 17376 258 69 189 1531 212 188 17334
internal_count=24879 19731 19594 429 19165 1789 17376 258 69 189 1531 212 188 17334
is_linear=0
shrinkage=0.04


Tree=137
num_leaves=15
num_cat=0
split_feature=87 18 18 96 22 77 83 20 68 6 4 88 15 28
split_gain=0.00454447 0.0103888 0.0126869 0.0118605 0.00946151 0.0113986 0.0102442 0.0094321 0.00860787 0.0107395 0.00896219 0.00881483 0.00789386 0.0205168
threshold=-0.088462044442933915 0.052505317790907786 0.047393582261718435 0.60232558139534886 0.031389159034137519 0.0061881188118811945 0.0303030303030319 0.044870571452875631 4.2955050000000012 0.24857124195813332 -0.045971762976959034 1.0239292171596179 0.040202952803347861 0.03764479323698517
decision_type=10 10 10 8 10 2 10 10 10 10 10 10 10 10
left_child=12 2 4 -4 -2 6 -6 -3 9 10 -7 -12 13 -1
right_child=1 7 3 -5 5 8 -8 -9 -10 -11 11 -13 -14 -15
leaf_value=-1.3645799376465802e-05 9.341003996337655e-06 0.00090802706610889001 -0.0002066868441189789 -0.0012371232954901644 -0.00013430777226427668 -0.00019115478636776644 0.00060738642644708675 -0.00011329772193794665 0.0006204704189440236 -0.00096542743477039041 0.0008625807310454548 -0.00016403824065649961 -0.0001195596201915637 0.00081604596336546818
leaf_weight=7301 15703 39 168 20 38 111 138 23 32 20 32 23 1183 48
leaf_count=7301 15703 39 168 20 38 111 138 23 32 20 32 23 1183 48
internal_value=-3.57743e-13 1.23507e-05 1.03831e-05 -0.000316308 1.41986e-05 0.000207801 0.000447248 0.000529149 1.44864e-05 -8.9769e-05 1.57321e-05 0.000433267 -2.36635e-05 -8.22667e-06
internal_weight=24879 16347 16285 188 16097 394 176 62 218 186 166 55 8532 7349
internal_count=24879 16347 16285 188 16097 394 176 62 218 186 166 55 8532 7349
is_linear=0
shrinkage=0.04


Tree=138
num_leaves=15
num_cat=0
split_feature=92 77 32 56 57 55 90 16 65 81 45 4 36 47
split_gain=0.00452885 0.00652802 0.00884747 0.00705353 0.00901231 0.00833789 0.00770834 0.00717644 0.00610106 0.0142334 0.0164618 0.0143493 0.0149609 0.0143646
threshold=8.5000000000000018 0.084756793629580121 -0.16808248630377434 977690897.87850022 1620871909.1597502 675526789.00800025 1.5701962793378833e-11 0.049766074899871109 6.876265000000001 0.45945945945946104 0.86667286475765504 0.066089087642748692 0.16273890163065433 -0.11567337201978099
decision_type=2 2 8 10 8 10 10 10 10 10 10 10 8 8
left_child=1 8 3 5 -5 -3 7 -6 -1 10 11 12 -10 -13
right_child=-2 2 -4 4 6 -7 -8 -9 9 -11 -12 13 -14 -15
leaf_value=-3.7848995065770608e-06 -0.00046828360494339106 0.00024617946203798059 -0.00047722902304182449 -0.0003382137751936711 0.00060010983904992994 0.001301476407148268 0.00092077949022253362 -0.00042157761980144478 1.9345749813230496e-05 0.00036962388019910655 -0.00089618396185174142 0.0012880065065639262 -0.0012250010110437871 0.00012383903672515944
leaf_weight=24236 33 25 24 37 22 23 30 22 52 223 34 22 22 74
leaf_count=24236 33 25 24 37 22 23 30 22 52 223 34 22 22 74
internal_value=2.81226e-13 6.21966e-07 0.000238646 0.000346702 0.000171506 0.000751843 0.000426366 8.92661e-05 -1.14417e-06 0.00014874 -9.2716e-05 6.79776e-05 -0.000350595 0.000390627
internal_weight=24879 24846 183 159 111 48 74 44 24663 427 204 170 74 96
internal_count=24879 24846 183 159 111 48 74 44 24663 427 204 170 74 96
is_linear=0
shrinkage=0.04


Tree=139
num_leaves=15
num_cat=0
split_feature=73 1 13 55 90 73 26 9 32 70 35 47 5 21
split_gain=0.00448748 0.00794798 0.00461576 0.0077022 0.0104209 0.0119631 0.00636134 0.00537538 0.0124315 0.00930899 0.0080848 0.00764944 0.00870055 0.00891701
threshold=-0.513219350920468 -0.013230220522632006 0.20156108355996369 1106598495.1260002 2.1477446283221791e-11 -0.047143366831294324 0.0022983144026936194 0.09818020719738281 -0.26733185674165427 0.689238216069049 -0.15405085439911823 -0.26305990897736409 -0.11794492120298637 0.029749116365959418
decision_type=8 10 10 10 10 10 10 10 8 10 8 8 10 10
left_child=1 -1 7 6 5 -5 -4 10 9 -9 -2 12 13 -12
right_child=2 -3 3 4 -6 -7 -8 8 -10 -11 11 -13 -14 -15
leaf_value=0.00086959390668198469 0.0004247557697653718 5.36723451295984e-05 0.0011215167762711645 -0.00013952085671100614 -0.00059756344355478444 0.00088549863197840751 0.00028847134536640214 -0.0014254678399302065 0.00017397756893409506 -0.00025699965151337287 -0.00024742805645386497 -7.3369976987764162e-07 0.0004906045910849406 -0.0011480286030564456
leaf_weight=26 71 72 20 49 34 29 55 20 42 24 146 24249 22 20
leaf_count=26 71 72 20 49 34 29 55 20 42 24 146 24249 22 20
internal_value=2.93648e-13 0.000270141 -1.06831e-06 0.000196909 -1.31627e-05 0.000241576 0.000510617 -2.57363e-06 -0.000318259 -0.000788122 -1.46587e-06 -2.70423e-06 -0.000256871 -0.000355934
internal_weight=24879 98 24781 187 112 78 75 24594 86 44 24508 24437 188 166
internal_count=24879 98 24781 187 112 78 75 24594 86 44 24508 24437 188 166
is_linear=0
shrinkage=0.04


Tree=140
num_leaves=15
num_cat=0
split_feature=37 16 17 4 80 89 76 5 35 27 36 77 6 13
split_gain=0.00442884 0.0106076 0.015914 0.0105191 0.0116165 0.0101914 0.00940117 0.00903952 0.0108159 0.0120665 0.00988555 0.00968603 0.00967974 0.0114476
threshold=-0.084000508246247593 0.02843963860367801 0.027721668865660475 -0.045159033213082671 0.033573141486810627 5.2072825595723746e-12 0.35514171527051713 -0.15278185221325616 -0.14240105730521532 0.027667308309995135 -0.10252126000599353 0.0046344572514142044 0.048850574712643653 0.11591638631565761
decision_type=8 10 10 10 10 10 10 8 10 10 8 2 10 10
left_child=1 -1 3 -3 -5 -4 -7 8 -2 -10 11 -9 13 -12
right_child=7 2 5 4 -6 6 -8 10 9 -11 12 -13 -14 -15
leaf_value=8.498375211681861e-05 0.00042174286622627589 -0.00065278483905034884 0.00054933149127892272 -0.00063988537199541242 0.00058837922140290695 -5.712953587280292e-05 0.00058511494389294012 0.00075996634903347903 -0.00020775383876224504 -0.0010418044934387229 -3.5418113199571907e-05 -0.00027866639662534 2.5595057947418905e-05 0.00023608941735858927
leaf_weight=2592 38 109 51 22 28 904 38 51 265 31 11408 20 9068 254
leaf_count=2592 38 109 51 22 28 904 38 51 265 31 11408 20 9068 254
internal_value=-3.27521e-13 4.00979e-05 -6.08952e-05 -0.00043243 4.79428e-05 -1.40466e-06 -3.12216e-05 -7.10322e-06 -0.000213546 -0.000295104 -3.78838e-06 0.000467394 -5.40218e-06 -2.95046e-05
internal_weight=24879 3744 1152 159 50 993 942 21135 334 296 20801 71 20730 11662
internal_count=24879 3744 1152 159 50 993 942 21135 334 296 20801 71 20730 11662
is_linear=0
shrinkage=0.04


Tree=141
num_leaves=15
num_cat=0
split_feature=90 7 47 78 78 39 60 78 12 50 80 59 4 21
split_gain=0.00444801 0.0100134 0.0132638 0.0133494 0.0113102 0.00909178 0.0106218 0.011491 0.0097307 0.0210454 0.0172054 0.0217835 0.0159491 0.0154491
threshold=3.6021871995942902e-11 0.46056196770905272 -0.15950627266920972 -0.0010624170736208691 0.031349191895444724 -0.046872774448173109 1.1398343845585346 -0.0082252142180025949 -0.072901482021380012 -0.044372517632804136 0.075979830839297394 134834864.19666669 0.16478003390463872 0.011598878652408771
decision_type=10 8 10 10 10 10 10 10 10 10 10 10 10 10
left_child=-1 5 3 -3 -4 6 7 -2 9 10 11 -7 -10 -13
right_child=1 2 4 -5 -6 8 -8 -9 12 -11 -12 13 -14 -15
leaf_value=-1.2550855064378658e-05 -0.00023212353040823642 0.00069171164478965311 -0.00026146802437555599 -0.00027962269126682692 0.00064690285554641614 0.0014250577874481678 0.00099242080403491866 0.00023519080885122182 1.4828950972249245e-05 -0.00013934911280290074 -0.00022684682613048192 0.00044908321253092723 -0.00045043288227558756 -8.4007803497947441e-05
leaf_weight=16044 103 56 472 38 23 30 25 461 6691 272 88 339 120 117
leaf_count=16044 103 56 472 38 23 30 25 461 6691 272 88 339 120 117
internal_value=1.63643e-13 2.27918e-05 -0.000136543 0.000299045 -0.000219261 3.41729e-05 0.000185611 0.000149848 2.25238e-05 0.000150469 0.000287804 0.000380992 6.63171e-06 0.000312303
internal_weight=24879 8835 589 94 495 8246 589 564 7657 846 574 486 6811 456
internal_count=24879 8835 589 94 495 8246 589 564 7657 846 574 486 6811 456
is_linear=0
shrinkage=0.04


Tree=142
num_leaves=15
num_cat=0
split_feature=26 55 56 37 86 2 83 55 41 23 29 16 80 12
split_gain=0.00440248 0.00874854 0.00850823 0.0222015 0.0097179 0.00802807 0.0111733 0.0185182 0.0138966 0.0181761 0.0187233 0.0191423 0.0185735 0.0135887
threshold=0.0059224721610673953 4740618252.3080015 3484486919.3875003 -0.078254252718304315 0.096962656827281044 0.026773523445423945 0.31111111111111012 7632536701.9220009 0.023603155891726794 0.022346053495358877 0.028403975814178469 0.047594359757641903 0.069913856537514904 -0.15162371765763757
decision_type=8 10 10 10 10 10 10 10 10 10 10 10 10 10
left_child=1 2 -1 -4 -5 -2 7 -7 -8 10 11 12 -10 -9
right_child=5 -3 3 4 -6 6 8 13 9 -11 -12 -13 -14 -15
leaf_value=-2.6497271253066738e-05 2.8265904585391105e-05 0.00057669678816302239 0.00047486635379876438 -0.00024835397031856702 -0.0012749269917710787 -1.9550888556399826e-06 -6.4206499237039648e-06 -4.7281872400123135e-06 -0.00026419348400725308 0.00012542957090772689 -0.0010781666398409526 0.00073741392071904801 -0.0013023240652320714 0.0012699246319243685
leaf_weight=6322 12443 38 30 25 36 4128 952 23 561 182 49 29 29 32
leaf_count=6322 12443 38 30 25 36 4128 952 23 561 182 49 29 29 32
internal_value=6.92244e-14 -2.84392e-05 -3.20249e-05 -0.000416046 -0.0008542 9.95558e-06 -2.81121e-05 7.75956e-06 -0.000111381 -0.000228938 -0.000325487 -0.000265905 -0.00031522 0.000736888
internal_weight=24879 6451 6413 91 61 18428 5985 4183 1802 850 668 619 590 55
internal_count=24879 6451 6413 91 61 18428 5985 4183 1802 850 668 619 590 55
is_linear=0
shrinkage=0.04


Tree=143
num_leaves=15
num_cat=0
split_feature=51 81 76 80 55 14 40 27 94 64 86 88 86 34
split_gain=0.00433624 0.0115791 0.0107199 0.0144807 0.0137338 0.0116107 0.0135314 0.0104787 0.0136649 0.0183365 0.0127257 0.0163024 0.0149343 0.0120004
threshold=0.1370032518474156 0.7857142857142877 0.42890147832662912 0.097307378658370774 1206588472.6860003 -0.60499274275870851 0.087467352787969035 0.021317072121676023 2.5000000000000004 4.2549000000000019 -0.1112175173424586 1.2372384320208554 -0.08654973888576635 0.046454712324549459
decision_type=8 10 10 10 10 10 10 10 2 10 8 10 8 10
left_child=7 -2 4 -4 -3 -5 -7 8 -1 -10 11 -9 -12 -14
right_child=1 2 3 5 -6 6 -8 10 9 -11 12 -13 13 -15
leaf_value=-3.5811770357809236e-06 5.9595644922131074e-05 0.00013414557008292267 -0.00026092508171472127 -0.00052070486918091776 -0.00015783720024383337 -0.00025735077355057 0.0010169197693758179 -0.00051573821993150743 0.0011380700045265258 7.8052789462093697e-05 0.00095143044337063379 0.00034858379285738225 -4.8135574469885587e-05 -0.00057532672409513609
leaf_weight=16572 4838 639 567 20 432 20 40 207 39 79 23 42 1288 73
leaf_count=16572 4838 639 567 20 432 20 40 207 39 79 23 42 1288 73
internal_value=2.97508e-13 2.79177e-05 -6.12896e-05 -0.000189844 1.6371e-05 0.000313946 0.000592163 -9.98899e-06 -5.27044e-07 0.000428397 -0.000106694 -0.000369949 -5.93313e-05 -7.64125e-05
internal_weight=24879 6556 1718 647 1071 80 60 18323 16690 118 1633 249 1384 1361
internal_count=24879 6556 1718 647 1071 80 60 18323 16690 118 1633 249 1384 1361
is_linear=0
shrinkage=0.04


Tree=144
num_leaves=15
num_cat=0
split_feature=40 74 33 66 78 20 5 24 31 27 89 80 4 8
split_gain=0.00435087 0.0090671 0.00699147 0.00490747 0.00482603 0.0154522 0.0142691 0.0151553 0.0138098 0.0188231 0.0244489 0.0151399 0.0130853 0.0125927
threshold=-0.17561282333225978 -0.16445743385101488 -0.011417322618963775 4.6068175000000009 -0.013016467930534346 0.022091645401624806 -0.15680222160237586 0.017729614512548935 -0.22064914069174682 0.037335810148703102 1.5010406853327692e-11 0.05340943380698953 0.20519615603140964 -0.23945881522833576
decision_type=8 10 10 10 10 10 8 10 10 10 10 10 10 8
left_child=1 3 -3 -1 5 6 -2 -8 -7 13 12 -12 -11 -10
right_child=4 2 -4 -5 -6 8 7 -9 9 10 11 -13 -14 -15
leaf_value=0.00027789276802823656 0.00088884066272940901 0.00043048519389703865 -0.0004685722024840934 0.0011426500607991503 5.1897308529636348e-06 1.6915196856020657e-05 0.00015074014329081041 -0.00039608482307582895 -0.0010675205882831381 0.00036094437586143614 -0.0010194265037653564 0.00021677208941101153 0.0017115052330138332 -0.00022265578216227385
leaf_weight=21 36 25 31 21 22027 861 554 95 29 24 23 51 22 1059
leaf_count=21 36 25 31 21 22027 861 554 95 29 24 23 51 22 1059
internal_value=-4.958e-14 0.000265998 -6.72073e-05 0.000710271 -1.05193e-06 -5.09739e-05 0.000113694 7.06964e-05 -0.000105492 -0.000192737 0.000282703 -0.000167452 0.00100686 -0.000245175
internal_weight=24879 98 56 42 24781 2754 685 649 2069 1208 120 74 46 1088
internal_count=24879 98 56 42 24781 2754 685 649 2069 1208 120 74 46 1088
is_linear=0
shrinkage=0.04


Tree=145
num_leaves=15
num_cat=0
split_feature=40 75 0 59 45 97 63 60 0 23 8 13 68 60
split_gain=0.00446279 0.0120722 0.0200843 0.0182254 0.0204586 0.0158669 0.0227229 0.0153643 0.0144967 0.0135948 0.0126486 0.0114601 0.0114025 0.00979112
threshold=0.17182593752723443 -1.0000000180025095e-35 0.0026386674809000259 2290851198.0266671 0.85753721778566505 0.39444444444444454 0.81904761904761914 0.10439854355989975 -0.011837014043823644 0.025402730839385098 0.42195608889078856 -0.13710630671852361 4.5443716666666676 0.14470510484495525
decision_type=8 8 8 10 10 10 8 10 10 10 8 10 10 8
left_child=-1 7 3 4 9 6 -4 -2 -6 12 -8 -7 -3 -12
right_child=1 2 5 -5 8 11 10 -9 -10 -11 13 -13 -14 -15
leaf_value=3.6575714661244596e-06 -0.0005555428925950504 0.00017325668179555385 0.00087818915303796525 0.00078786006589080142 -0.00141017014781634 -0.00039493262538107464 -0.00072962834178630647 0.00053984825804946016 -4.688492958219006e-05 -0.00061683286076665608 -0.00082658663392066957 -0.0013450099072153017 0.0011140364714877003 7.1045995474382259e-06
leaf_weight=23771 140 327 35 63 24 74 58 24 26 33 25 28 22 229
leaf_count=23771 140 327 35 63 24 74 58 24 26 33 25 28 22 229
internal_value=8.84655e-14 -7.84694e-05 -2.3437e-05 0.000152284 5.95953e-05 -0.00021716 -8.82407e-05 -0.000395242 -0.000701262 0.000159184 -0.000196654 -0.000655738 0.000232561 -7.49516e-05
internal_weight=24879 1108 944 495 432 449 347 164 50 382 312 102 349 254
internal_count=24879 1108 944 495 432 449 347 164 50 382 312 102 349 254
is_linear=0
shrinkage=0.04


Tree=146
num_leaves=15
num_cat=0
split_feature=98 31 78 78 40 85 20 80 70 47 99 42 50 27
split_gain=0.00435663 0.0111048 0.00955044 0.0115944 0.0128332 0.00953084 0.0080839 0.011517 0.0105829 0.0101814 0.00998078 0.00854479 0.00773994 0.011533
threshold=0.39767441860465119 -0.14060184779539905 -0.032009852216748784 -0.0023200062005578888 0.055146476422561659 0.0093873960926899366 0.034291326086398496 0.047328760406505375 2.399090100920596 -0.019584904854934523 1.5000000000000002 0.24190142340280976 -0.02781420663048478 0.031308815290024015
decision_type=8 10 10 10 10 10 10 10 10 10 2 10 8 10
left_child=1 12 -3 4 -4 -6 7 -5 9 11 -8 -9 -1 -14
right_child=-2 2 3 6 5 -7 10 8 -10 -11 -12 -13 13 -15
leaf_value=-0.00016536358532221707 3.8580169150468534e-06 -0.00084581670863553881 6.5777900582782801e-06 -1.01289392308148e-05 0.00089684055804560374 0.00020097567208722468 -0.00018131703108520015 -3.9071014396393222e-05 0.00018405138228539224 -0.0013603407366631123 0.001067243465000675 -0.0010345328142019835 -0.0012666748439962114 -0.00015935078372850139
leaf_weight=395 23624 20 164 334 62 64 20 37 29 26 21 22 27 34
leaf_count=395 23624 20 164 334 62 64 20 37 29 26 21 22 27 34
internal_value=-1.24542e-13 -7.26229e-05 1.72653e-05 3.9424e-05 0.000239811 0.000543385 -7.94152e-05 -0.000128616 -0.000475761 -0.000700873 0.00045819 -0.00041026 -0.000230124 -0.000649478
internal_weight=24879 1255 799 779 290 126 489 448 114 85 41 59 456 61
internal_count=24879 1255 799 779 290 126 489 448 114 85 41 59 456 61
is_linear=0
shrinkage=0.04


Tree=147
num_leaves=15
num_cat=0
split_feature=39 25 84 23 10 88 45 31 37 2 32 95 1 83
split_gain=0.00430124 0.00980968 0.0142969 0.0114957 0.00587372 0.00994352 0.0112398 0.0107519 0.0163307 0.0128454 0.0127146 0.011619 0.0104472 0.0097221
threshold=0.22596002792293571 0.018615905858428431 0.47368421052631393 0.016814050369376329 -0.063583815028901744 4.816838347391851 0.83905242500700872 -0.25661287230187479 0.15431097420661347 0.052631578947368481 -0.39619894852162624 0.62828947368421062 0.10552732955151868 0.58230468161975202
decision_type=10 10 10 10 10 10 10 8 10 10 10 10 10 8
left_child=4 2 -2 -3 5 7 -7 8 9 -1 -10 12 -11 -9
right_child=1 3 -4 -5 -6 6 -8 13 10 11 -12 -13 -14 -15
leaf_value=0.00048384216614864915 -0.0014598896088344709 0.00083037085387678371 -3.0757361673749981e-05 -0.00038985993076736731 -4.0085185369733198e-06 0.00027626836742274461 -0.00093252061007660821 0.00012959913804631867 -3.704120754264295e-05 -0.00019200104644202445 -0.0012633682201586424 -0.0010449428129941226 0.00045165638501408847 0.0006747729604725134
leaf_weight=73 21 21 24 30 23225 20 32 1081 24 169 31 20 53 55
leaf_count=73 21 21 24 30 23225 20 32 1081 24 169 31 20 53 55
internal_value=2.82231e-13 -0.000267228 -0.000697686 0.000112588 1.03514e-06 7.62206e-05 -0.000467602 9.4998e-05 -9.22761e-05 1.87658e-05 -0.000728244 -0.000121526 -3.83351e-05 0.000155994
internal_weight=24879 96 45 51 24783 1558 52 1506 370 315 55 242 222 1136
internal_count=24879 96 45 51 24783 1558 52 1506 370 315 55 242 222 1136
is_linear=0
shrinkage=0.04


Tree=148
num_leaves=15
num_cat=0
split_feature=90 9 22 39 8 78 30 95 51 5 42 78 68 83
split_gain=0.00429894 0.00856705 0.0112273 0.00937136 0.0125641 0.00859434 0.00860081 0.0106327 0.00692685 0.0071448 0.00784188 0.00678645 0.00950705 0.00945275
threshold=4.6585691259224773e-11 0.033838690612995388 0.015134693854785504 -0.039108611840122313 0.25648343656156153 -0.0045061155345977313 -0.10212016781540305 0.59411764705882364 0.17057682570438684 -0.0355555555555555 0.21389665610840894 -0.014575477497318577 2.3876116666666669 0.083333333333330664
decision_type=10 10 10 10 8 10 10 10 10 10 8 10 10 10
left_child=-1 3 -3 4 -2 6 -4 -8 9 -6 -11 12 13 -5
right_child=1 2 5 11 8 -7 7 -9 -10 10 -12 -13 -14 -15
leaf_value=-8.5731792327810054e-06 0.00034423722536638181 0.00069532744699459079 1.1213898687856272e-05 0.00073308834154158832 -0.0001503437717239988 -0.00029587593244495574 0.00020686388585238239 0.0012878989480668678 -0.00077878340892493722 -7.5828840966675088e-05 0.0010048170179306041 1.3076604657506002e-05 -0.00074944695955965414 -0.00019232067796062457
leaf_weight=19654 304 68 86 20 118 61 37 24 20 22 21 4250 43 151
leaf_count=19654 304 68 86 20 118 61 37 24 20 22 21 4250 43 151
internal_value=1.94121e-13 3.22483e-05 0.000249137 2.01527e-05 0.000187144 0.000103267 0.000268898 0.000632189 -7.67034e-05 1.05115e-05 0.000451928 2.00956e-06 -0.00021778 -8.40857e-05
internal_weight=24879 5225 276 4949 485 208 147 61 181 161 43 4464 214 171
internal_count=24879 5225 276 4949 485 208 147 61 181 161 43 4464 214 171
is_linear=0
shrinkage=0.04


Tree=149
num_leaves=15
num_cat=0
split_feature=75 27 40 2 8 58 68 90 7 47 78 0 55 75
split_gain=0.00418894 0.00976336 0.00530017 0.00590563 0.00816242 0.00509052 0.00594423 0.00488176 0.00931197 0.0110215 0.0118466 0.0105416 0.00991595 0.00988646
threshold=-0.46673208986124909 0.021133152600997827 -0.15679925965300592 -0.0095726506915217984 0.27407675013784433 732256186.45600021 3.315020833333334 3.6021871995942902e-11 0.46056196770905272 -0.15950627266920972 -0.0010624170736208691 0.05374739207189861 1760645342.3510001 0.45049851526108314
decision_type=8 10 10 10 8 10 10 10 8 10 10 10 10 10
left_child=1 2 -1 4 -4 -5 -7 -2 -9 10 -10 12 13 -11
right_child=7 -3 3 5 -6 6 -8 8 9 11 -12 -13 -14 -15
leaf_value=0.00074312478963596117 -1.5575583609134014e-05 -0.00053809363764765507 0.00042328087280182371 -0.00016528976050198476 -0.00027880577348696537 0.00036831775004119501 -0.00029489318331390427 3.2950739936641135e-05 0.00065685965219635593 -0.00028413927777455925 -0.00026857779410324598 0.00036677645914175595 -0.0010602060334834581 0.00040949992848456735
leaf_weight=24 15754 34 154 132 32 85 29 8059 53 379 38 46 24 36
leaf_count=24 15754 34 154 132 32 85 29 8059 53 379 38 46 24 36
internal_value=-1.28234e-13 0.000115796 0.000164551 0.000132408 0.000302492 3.80837e-06 0.000199606 -2.32646e-06 2.18457e-05 -0.000133528 0.000270413 -0.00020932 -0.000269685 -0.000223968
internal_weight=24879 490 456 432 186 246 114 24389 8635 576 91 485 439 415
internal_count=24879 490 456 432 186 246 114 24389 8635 576 91 485 439 415
is_linear=0
shrinkage=0.04


Tree=150
num_leaves=15
num_cat=0
split_feature=32 24 74 46 6 17 2 25 55 65 1 8 58 80
split_gain=0.00420081 0.0109797 0.0138869 0.0135911 0.0173844 0.0147884 0.00887986 0.00826916 0.0114518 0.00946707 0.00817061 0.0131787 0.0100322 0.009406
threshold=-0.23154786346519649 0.024745480460906136 -0.26356531332477751 0.74305873274214751 0.35080366007387559 0.050670145568859438 -0.057947459960356433 0.021628431717158624 5446810094.7110004 5.474095000000001 0.12346182361064918 0.6637366877604568 601601880.66675019 0.062282472378079178
decision_type=8 10 10 10 8 10 10 10 10 10 8 10 10 10
left_child=-1 7 -3 4 5 6 -4 8 10 -10 13 12 -12 -2
right_child=1 2 3 -5 -6 -7 -8 -9 9 -11 11 -13 -14 -15
leaf_value=1.5637381867877901e-05 -5.5783010928076236e-06 -0.0013259329088032247 0.00073100600745933857 -0.00088254524991296217 0.0010485492050204249 -0.0010147497495981278 -0.00023885638008571485 0.00057649500049209519 -0.00087611740674633024 0.00017346446961164476 0.00034610957690090751 0.0012534930432157127 -0.00060451409701035234 -0.00015426451804017408
leaf_weight=13059 10699 20 23 36 21 27 44 38 44 20 78 20 23 727
leaf_count=13059 10699 20 23 36 21 27 44 38 44 20 78 20 23 727
internal_value=-2.84559e-14 -1.72765e-05 -0.000335471 -0.000204284 8.04128e-06 -0.000224413 9.40815e-05 -1.26056e-05 -1.45336e-05 -0.000548123 -1.15762e-05 0.000315393 0.000129631 -1.50387e-05
internal_weight=24879 11820 171 151 115 94 67 11649 11611 64 11547 121 101 11426
internal_count=24879 11820 171 151 115 94 67 11649 11611 64 11547 121 101 11426
is_linear=0
shrinkage=0.04


Tree=151
num_leaves=15
num_cat=0
split_feature=51 81 46 49 31 76 77 72 69 27 51 42 28 71
split_gain=0.00427128 0.0118146 0.0102983 0.0156465 0.0119793 0.0118495 0.0124314 0.015883 0.0182445 0.0123423 0.0136339 0.0141537 0.0123056 0.0182465
threshold=0.13549769540654003 0.7857142857142877 0.48645964778103062 -0.022793056529089192 -0.25128480010289039 0.38736571697076699 0.076485707399892591 0.98750000000000016 1.2877272603149115 0.031476851961522397 0.41616696921155699 0.11935923040437359 0.025700135375265765 0.32916666666666672
decision_type=10 10 8 10 8 10 2 8 10 10 10 10 10 10
left_child=-1 -2 3 -3 -4 9 -7 8 -8 12 11 -11 -6 -14
right_child=1 2 4 -5 5 6 7 -9 -10 10 -12 -13 13 -15
leaf_value=-9.7660968018939299e-06 6.0831756629820214e-05 7.3386118023841085e-05 -0.0003917040191292579 0.0012313180263154209 6.5988326164292182e-05 -0.00025649846488138856 8.5575953521326478e-05 -0.0007411280451785951 0.0014148891561975084 0.00015582206822629716 -0.00022678772970239686 0.0012229219179730429 0.00047022597187952624 -0.00094343265489442278
leaf_weight=18467 4705 281 203 20 393 529 53 21 24 37 34 43 21 48
leaf_count=18467 4705 281 203 20 393 529 53 21 24 37 34 43 21 48
internal_value=1.55525e-13 2.8127e-05 -6.20169e-05 0.000150325 -0.000107476 -5.95136e-05 -0.000179838 0.000233971 0.000499907 7.14647e-05 0.000444213 0.000729388 -2.05121e-05 -0.000513189
internal_weight=24879 6412 1707 301 1406 1203 627 98 77 576 114 80 462 69
internal_count=24879 6412 1707 301 1406 1203 627 98 77 576 114 80 462 69
is_linear=0
shrinkage=0.04


Tree=152
num_leaves=15
num_cat=0
split_feature=47 89 3 18 0 56 32 59 82 80 69 67 95 21
split_gain=0.00421288 0.0090946 0.0128777 0.0125808 0.0122952 0.0112318 0.0156124 0.0151477 0.0119485 0.0109563 0.0180037 0.0192767 0.0252169 0.0260899
threshold=-0.12952552937407155 6.0167025103719929e-12 -0.039084916869407786 0.026838277757042339 -0.0047238781387145537 3484486919.3875003 -0.23777705232629473 3262922201.8860006 0.19354838709677677 0.061516941006437273 1.1927739156251176 2.9532650000000005 0.65833333333333344 0.0091588937476782799
decision_type=8 8 10 10 10 10 8 8 10 8 10 8 10 10
left_child=-1 2 3 -2 -5 9 -7 8 -8 -3 -11 -12 13 -13
right_child=1 5 -4 4 -6 6 7 -9 -10 10 11 12 -14 -15
leaf_value=3.2224645133385517e-05 4.6680153269941613e-05 1.6047025182100761e-06 -8.5984345963750414e-05 -0.0014101898133230862 -0.00017323047952959314 0.00035434987785228799 -0.00059047999969195756 -0.00077866729669701529 0.00057808232870662491 -0.00025387937954569087 -9.9716230395400734e-05 6.9636149033904082e-05 -0.00071246177368961721 0.00093407635510170677
leaf_weight=5148 30 17018 521 36 20 297 21 44 42 736 706 125 34 101
leaf_count=5148 30 17018 521 36 20 297 21 44 42 736 706 125 34 101
internal_value=-1.30784e-13 -8.40771e-06 -0.000160838 -0.000614314 -0.000968419 -3.56952e-06 0.000205099 -0.000209177 0.000188562 -8.07284e-06 -0.000104837 8.71933e-06 0.000303164 0.000455957
internal_weight=24879 19731 607 86 56 19124 404 107 63 18720 1702 966 260 226
internal_count=24879 19731 607 86 56 19124 404 107 63 18720 1702 966 260 226
is_linear=0
shrinkage=0.04


Tree=153
num_leaves=15
num_cat=0
split_feature=54 26 52 85 6 21 64 15 99 10 24 53 6 42
split_gain=0.00420134 0.0108296 0.0102001 0.0140026 0.00803357 0.0174579 0.0195302 0.0103025 0.00845139 0.00727212 0.00983545 0.0183168 0.0176597 0.0200876
threshold=2.0931672722736083 0.025316788373285038 1.072624483583388 -0.13271451327845321 0.64486306919462022 0.018062986241611952 5.8607200000000006 0.045089127608756323 1.5000000000000002 -0.10477020110349509 0.013771647370606536 0.44948699835166689 0.028798685655158199 0.19063771262994858
decision_type=10 10 10 10 10 10 10 10 2 10 8 8 10 10
left_child=2 -2 4 -4 9 7 -7 8 -6 10 -1 12 -12 -14
right_child=1 -3 3 -5 5 6 -8 -9 -10 -11 11 -13 13 -15
leaf_value=-0.00014482512695947663 0.00045180759179250653 -0.00054244880217055866 0.0013271178042685444 -1.4814694101611776e-06 0.00016724654812027109 -0.00085937897107847354 0.00052504511616591903 -0.0014595552059737118 -0.00087243162427731822 -1.4163279732361882e-06 3.6330718727668329e-05 3.5489189690473864e-05 0.00064335507732476039 0.002098405037075281
leaf_weight=125 24 65 22 30 22 23 56 22 29 24122 49 207 63 20
leaf_count=125 24 65 22 30 22 23 56 22 29 24122 49 207 63 20
internal_value=-2.36207e-13 -0.000274335 9.84905e-07 0.000560618 -1.91461e-07 -0.000290095 0.000121985 -0.000736045 -0.000423943 1.60084e-06 0.000158454 0.000270283 0.000638482 0.00099397
internal_weight=24879 89 24790 52 24738 152 79 73 51 24586 464 339 132 83
internal_count=24879 89 24790 52 24738 152 79 73 51 24586 464 339 132 83
is_linear=0
shrinkage=0.04


Tree=154
num_leaves=15
num_cat=0
split_feature=6 14 38 57 78 13 49 6 26 83 85 87 2 49
split_gain=0.00414982 0.0124962 0.00990609 0.010372 0.00977046 0.0117814 0.0132307 0.0124423 0.0132205 0.0090307 0.0105437 0.00889077 0.0103869 0.00863939
threshold=0.05801777572837253 0.15018610961471138 0.28920904148843313 7184588632.2960005 -0.021991933944253524 -0.094682618222944756 -0.061492999671183483 0.41670299331589661 0.033550250064974078 0.19215384615384412 0.26583280489836925 -0.1501853096477638 -0.046359388275276185 -0.25231572211747816
decision_type=10 10 10 10 10 10 10 10 10 10 10 10 10 8
left_child=2 4 3 13 5 6 -2 -8 -9 -3 -11 12 -7 -1
right_child=1 9 -4 -5 -6 11 7 8 -10 10 -12 -13 -14 -15
leaf_value=5.3894319455393138e-05 0.00035491689542308446 4.7702977707989417e-05 -0.00071507708147692031 0.00073246528499294067 3.8182809585848354e-05 -0.00015820056848072758 -0.00087035354692488909 0.00081770149666977963 -0.00048733857391333138 -0.0011519245110527688 -2.9752851862992559e-05 -0.00011593322274443211 -0.00087308026987134525 -2.5016088369488036e-05
leaf_weight=2659 125 38 32 30 8091 60 35 23 27 37 21 187 71 13443
leaf_count=2659 125 38 32 30 8091 60 35 23 27 37 21 187 71 13443
internal_value=1.98065e-13 2.22484e-05 -1.19955e-05 -1.06008e-05 2.73034e-05 -0.000139411 9.31011e-05 -0.000291922 0.00011298 -0.000431597 -0.000745621 -0.000292957 -0.000545654 -1.19852e-05
internal_weight=24879 8715 16164 16132 8619 528 210 85 50 96 58 318 131 16102
internal_count=24879 8715 16164 16132 8619 528 210 85 50 96 58 318 131 16102
is_linear=0
shrinkage=0.04


Tree=155
num_leaves=15
num_cat=0
split_feature=45 33 1 48 31 62 86 30 33 39 75 80 76 82
split_gain=0.00415125 0.00812496 0.00517266 0.00976359 0.00885902 0.00981543 0.00804321 0.0140194 0.00815939 0.00781703 0.00823108 0.00949981 0.00773505 0.00864645
threshold=1.0000000180025095e-35 -0.051216150065760239 -0.085691995833810305 -0.36159933110033826 -0.30000000000000004 0.10882352941176472 0.14430485518604982 -0.10604824756537649 -0.062458143584248664 -0.01644332459141495 0.12090649573487657 0.060148114817530275 -0.050715271569899516 0.047619047619049351
decision_type=8 10 10 8 8 8 10 10 10 8 8 10 8 10
left_child=1 -1 3 -2 -5 -6 7 9 -8 12 -11 -12 -7 -14
right_child=2 -3 -4 4 5 6 8 -9 -10 10 11 -13 13 -15
leaf_value=-0.00098690659721614791 0.00081185249582631518 -4.9855163731416198e-05 -1.4813090857229514e-06 -0.00057535198356102536 -0.00069848772921388786 -0.00019070043303072451 0.00017102579722354599 0.0012553384905660766 -0.00059311488995768345 -0.00069148825869585085 -0.00014337129726567688 0.00083585756709394251 -7.3085519302960316e-05 0.00081929413488415119
leaf_weight=20 32 57 24384 30 21 25 59 23 36 24 51 23 23 71
leaf_count=20 32 57 24384 30 21 25 59 23 36 24 51 23 23 71
internal_value=3.12895e-13 -0.000293245 9.10406e-07 0.000140431 8.4769e-05 0.000140397 0.000192984 0.000316297 -0.000118543 0.000216767 -4.7785e-05 0.000160984 0.000434634 0.000600946
internal_weight=24879 77 24802 418 386 356 335 240 95 217 98 74 119 94
internal_count=24879 77 24802 418 386 356 335 240 95 217 98 74 119 94
is_linear=0
shrinkage=0.04


Tree=156
num_leaves=15
num_cat=0
split_feature=96 19 0 45 75 42 5 8 81 83 8 75 0 16
split_gain=0.00408315 0.0122804 0.0151773 0.00816841 0.00548127 0.00510889 0.0102991 0.00965305 0.0102082 0.0094286 0.00545351 0.0130474 0.0101089 0.0134494
threshold=0.36700680272108849 0.027130056694671847 -0.0038495474952470739 0.72704442491883381 0.033897305760334347 -0.24820639660512958 0.29842482981829704 -0.061410646109995574 0.5344827586206905 0.20000000000000315 -0.1254243560730379 0.53083136965449895 -0.021407783803875809 0.028743927381433183
decision_type=8 10 10 10 10 8 10 10 10 10 8 10 10 10
left_child=1 3 -3 -1 -4 6 7 8 9 -2 11 12 13 -7
right_child=5 2 4 -5 -6 10 -8 -9 -10 -11 -12 -13 -14 -15
leaf_value=1.9894815991371267e-05 -0.00034969852751363879 0.0011424011681260341 0.00044111071621955489 0.0008357982207089662 -0.00035856478482552723 -4.4138742795683892e-05 -0.00047204673773824023 -0.00025685688236710399 0.0010962975125473279 0.00083781567419646309 3.4700188029714545e-06 -0.00048414128867878845 -5.9752653777610899e-06 -0.00042461328443293002
leaf_weight=1069 23 37 32 20 24 417 26 26 39 20 19724 107 3084 231
leaf_count=1069 23 37 32 20 24 417 26 26 39 20 19724 107 3084 231
internal_value=1.3542e-14 7.2557e-05 0.000513751 3.48793e-05 9.83926e-05 -3.61912e-06 0.000242667 0.000414728 0.000627669 0.000202634 -5.01972e-06 -4.86383e-05 -3.6152e-05 -0.000179771
internal_weight=24879 1182 93 1089 56 23697 134 108 82 43 23563 3839 3732 648
internal_count=24879 1182 93 1089 56 23697 134 108 82 43 23563 3839 3732 648
is_linear=0
shrinkage=0.04


Tree=157
num_leaves=15
num_cat=0
split_feature=65 98 70 45 87 27 84 65 71 83 8 80 63 77
split_gain=0.00402088 0.0109743 0.0102174 0.0107248 0.0178109 0.01687 0.0149485 0.014897 0.0143886 0.0158419 0.0138939 0.0141244 0.0119969 0.0193421
threshold=6.3345150000000006 0.36626016260162603 -1.3943901872486093 0.80522959025688423 -0.49212615002970034 0.037335810148703102 0.66037735849056634 8.7224150000000034 0.32916666666666672 0.40731195112638213 1.1560889175257734 0.082436032566599829 0.95613207547169821 0.02056619540796745
decision_type=10 8 8 8 8 10 10 10 10 10 10 10 8 2
left_child=-1 -2 -3 6 5 7 8 -5 9 -4 11 -10 13 -7
right_child=1 2 3 4 -6 12 -8 -9 10 -11 -12 -13 -14 -15
leaf_value=-2.6915477962052388e-06 -0.00080405969527505702 -0.00074324651654543623 0.00058758084896301933 -0.0016180156558752059 0.00024377770275122075 -0.00043790518202715451 -0.00011509882451235494 -0.00019084280018102039 0.00021433450033057582 0.0018838067301972347 -0.00063558068697933449 0.0013687260110269894 -0.00052555162723486623 0.0010265058867122618
leaf_weight=24201 21 21 48 25 219 27 79 22 74 22 22 22 45 31
leaf_count=24201 21 21 48 25 219 27 79 22 74 22 22 22 45 31
internal_value=-1.44024e-13 9.6074e-05 0.000124845 0.000153509 1.37854e-05 -0.000322003 0.00034661 -0.000949977 0.000540625 0.000994966 0.000271101 0.000478883 -3.54522e-05 0.000344797
internal_weight=24879 678 657 636 369 150 267 47 188 70 118 96 103 58
internal_count=24879 678 657 636 369 150 267 47 188 70 118 96 103 58
is_linear=0
shrinkage=0.04


Tree=158
num_leaves=15
num_cat=0
split_feature=40 75 0 59 45 83 3 73 0 23 63 27 64 68
split_gain=0.00402707 0.0108475 0.0184524 0.016286 0.0184321 0.0145201 0.0142273 0.0152011 0.0132018 0.0121649 0.0103515 0.0148111 0.010231 0.0101354
threshold=0.17182593752723443 -1.0000000180025095e-35 0.0026386674809000259 2290851198.0266671 0.85753721778566505 0.15999999999999878 -0.026876904643573948 0.05666333451324624 -0.013571049390963983 0.025402730839385098 0.81904761904761914 0.031308815290024015 7.5887400000000005 4.5443716666666676
decision_type=8 8 8 10 10 10 8 10 10 10 8 10 8 10
left_child=-1 5 3 4 9 -2 7 -4 -6 13 11 -8 -12 -3
right_child=1 2 6 -5 8 -7 10 -9 -10 -11 12 -13 -14 -15
leaf_value=3.4744377900180009e-06 6.6816290516568273e-05 0.00016646531321067755 1.4731404159895399e-05 0.00074686603864566198 -0.0014597958642989398 -0.00069558007217098122 -0.0003174160872295033 -0.0013346670620033845 -0.00013305732887238265 -0.0005811062572298177 -0.00035468585259668464 0.0011865969385359098 9.6301159486174591e-05 0.0010534312562297354
leaf_weight=23771 69 327 22 63 20 95 20 34 30 33 226 22 125 22
leaf_count=23771 69 327 22 63 20 95 20 34 30 33 226 22 125 22
internal_value=1.4801e-13 -7.45405e-05 -2.2374e-05 0.000146057 5.84387e-05 -0.000374816 -0.00020806 -0.000804546 -0.000663753 0.000152966 -0.000123065 0.0004704 -0.000194078 0.000222377
internal_weight=24879 1108 944 495 432 164 449 56 50 382 393 42 351 349
internal_count=24879 1108 944 495 432 164 449 56 50 382 393 42 351 349
is_linear=0
shrinkage=0.04


Tree=159
num_leaves=15
num_cat=0
split_feature=87 18 18 38 27 69 22 27 96 5 1 40 47 77
split_gain=0.00402834 0.0105309 0.0113577 0.0113912 0.0114944 0.0110254 0.00961469 0.00946122 0.00882443 0.0131342 0.0136725 0.0267764 0.0115294 0.0106666
threshold=-0.11912808851076119 0.052505317790907786 0.047393582261718435 0.30335898951411872 0.030793996443517515 -0.68994609237901794 0.022366375310591741 0.031308815290024015 0.36700680272108849 0.056959743732488806 -0.04445025569502558 0.03578093875174105 -0.065793557450423076 0.084756793629580121
decision_type=10 10 10 8 10 10 10 10 10 10 10 8 10 2
left_child=-1 2 8 4 6 -3 -4 -5 9 10 -2 -12 -13 -10
right_child=1 5 3 7 -6 -7 -8 -9 13 -11 11 12 -14 -15
leaf_value=-2.2876289855837018e-05 0.00053662066349754751 -0.00025388938773955621 -0.00037093604812124634 -0.0012847637955565006 -0.00064906090346630667 0.00084854654353508298 0.00047622922940404513 -0.00029827790710675929 1.569597687192197e-06 0.00052765489305394504 8.4379969732291862e-05 -0.0012620282010175289 -0.00019543437016827448 0.00040806536585128367
leaf_weight=8238 94 21 34 28 40 47 58 35 14999 112 1004 34 31 104
leaf_count=8238 94 21 34 28 40 47 58 35 14999 112 1004 34 31 104
internal_value=1.82022e-13 1.13247e-05 9.28648e-06 -0.000294185 -8.2977e-05 0.000508088 0.000163146 -0.000736716 1.28997e-05 0.000113953 7.41121e-05 3.34425e-05 -0.000753345 4.36875e-06
internal_weight=24879 16641 16573 195 132 68 92 63 16378 1275 1163 1069 65 15103
internal_count=24879 16641 16573 195 132 68 92 63 16378 1275 1163 1069 65 15103
is_linear=0
shrinkage=0.04


end of trees

feature_importances:
overnight_return=82
intraday_return=62
momentum_2=60
lower_shadow=59
ma_slope_5=57
downside_volatility_10=52
momentum_60=46
ma_slope_10=45
momentum_1=42
momentum_120=41
amplitude=41
upside_volatility_10=40
volatility_40=39
momentum_40=35
upper_shadow=35
max_drawdown_60=32
volatility_20=30
downside_volatility_20=29
downside_volatility_60=29
breakout_high_20=29
close_position=29
reversal_10=28
volatility_10=28
breakdown_low_20=28
return_kurt_20=28
momentum_10=27
downside_volatility_120=27
max_drawdown_120=27
ma_bias_120=27
turnover_mean_10=27
volatility_5=26
ma_slope_20=26
price_position_60=26
volume_ratio_10_60=26
amihud_illiquidity_20=25
momentum_3=24
momentum_5=24
reversal_1=24
max_drawdown_20=24
ma_bias_5=24
breakout_high_120=24
amount_mean_5=24
return_skew_20=24
downside_volatility_5=23
reversal_2=22
upside_volatility_5=22
turnover_zscore_60=22
return_skew_60=22
momentum_20=21
volatility_60=20
volatility_120=20
price_position_20=20
volume_ratio_5_20=20
amihud_illiquidity_60=20
reversal_20=19
price_position_120=19
amount_zscore_20=19
ma_bias_20=18
upside_volatility_20=17
ma_bias_60=17
breakdown_low_60=17
amount_mean_60=17
turnover_zscore_20=17
up_day_ratio_20=17
breakout_high_60=16
amount_ratio_5_20=16
amount_ratio_10_60=16
breakout_high_40=15
amount_mean_40=15
down_day_ratio_60=15
ma_slope_60=14
price_position_40=14
turnover_mean_60=14
amount_mean_10=13
turnover_mean_5=13
turnover_mean_20=13
body_size=13
ma_bias_10=11
breakdown_low_40=11
reversal_5=10
ma_bias_40=10
amount_zscore_60=10
turnover_mean_40=10
return_kurt_60=10
amount_mean_20=9
turnover_percentile_60=9
up_day_ratio_60=9
breakdown_low_120=8
amount_percentile_20=8
reversal_3=7
amount_percentile_60=7
up_streak=7
upside_volatility_60=6
down_day_ratio_20=6
down_streak=5
turnover_percentile_20=4
limit_up_count_60=3
limit_up_count_20=1
limit_down_count_60=1

parameters:
[boosting: gbdt]
[objective: regression]
[metric: l2]
[tree_learner: serial]
[device_type: cpu]
[data_sample_strategy: bagging]
[data: ]
[valid: ]
[num_iterations: 160]
[learning_rate: 0.04]
[num_leaves: 15]
[num_threads: 6]
[seed: 42]
[deterministic: 0]
[force_col_wise: 0]
[force_row_wise: 0]
[histogram_pool_size: -1]
[max_depth: -1]
[min_data_in_leaf: 20]
[min_sum_hessian_in_leaf: 0.001]
[bagging_fraction: 1]
[pos_bagging_fraction: 1]
[neg_bagging_fraction: 1]
[bagging_freq: 0]
[bagging_seed: 400]
[bagging_by_query: 0]
[feature_fraction: 1]
[feature_fraction_bynode: 1]
[feature_fraction_seed: 30056]
[extra_trees: 0]
[extra_seed: 12879]
[early_stopping_round: 0]
[early_stopping_min_delta: 0]
[first_metric_only: 0]
[max_delta_step: 0]
[lambda_l1: 0]
[lambda_l2: 0]
[linear_lambda: 0]
[min_gain_to_split: 0]
[drop_rate: 0.1]
[max_drop: 50]
[skip_drop: 0.5]
[xgboost_dart_mode: 0]
[uniform_drop: 0]
[drop_seed: 17869]
[top_rate: 0.2]
[other_rate: 0.1]
[min_data_per_group: 100]
[max_cat_threshold: 32]
[cat_l2: 10]
[cat_smooth: 10]
[max_cat_to_onehot: 4]
[top_k: 20]
[monotone_constraints: ]
[monotone_constraints_method: basic]
[monotone_penalty: 0]
[feature_contri: ]
[forcedsplits_filename: ]
[refit_decay_rate: 0.9]
[cegb_tradeoff: 1]
[cegb_penalty_split: 0]
[cegb_penalty_feature_lazy: ]
[cegb_penalty_feature_coupled: ]
[path_smooth: 0]
[interaction_constraints: ]
[verbosity: -1]
[saved_feature_importance_type: 0]
[use_quantized_grad: 0]
[num_grad_quant_bins: 4]
[quant_train_renew_leaf: 0]
[stochastic_rounding: 1]
[linear_tree: 0]
[max_bin: 255]
[max_bin_by_feature: ]
[min_data_in_bin: 3]
[bin_construct_sample_cnt: 200000]
[data_random_seed: 175]
[is_enable_sparse: 1]
[enable_bundle: 1]
[use_missing: 1]
[zero_as_missing: 0]
[feature_pre_filter: 1]
[pre_partition: 0]
[two_round: 0]
[header: 0]
[label_column: ]
[weight_column: ]
[group_column: ]
[ignore_column: ]
[categorical_feature: ]
[forcedbins_filename: ]
[precise_float_parser: 0]
[parser_config_file: ]
[objective_seed: 16083]
[num_class: 1]
[is_unbalance: 0]
[scale_pos_weight: 1]
[sigmoid: 1]
[boost_from_average: 1]
[reg_sqrt: 0]
[alpha: 0.9]
[fair_c: 1]
[poisson_max_delta_step: 0.7]
[tweedie_variance_power: 1.5]
[lambdarank_truncation_level: 30]
[lambdarank_norm: 1]
[label_gain: ]
[lambdarank_position_bias_regularization: 0]
[eval_at: ]
[multi_error_top_k: 1]
[auc_mu_weights: ]
[num_machines: 1]
[local_listen_port: 12400]
[time_out: 120]
[machine_list_filename: ]
[machines: ]
[gpu_platform_id: -1]
[gpu_device_id: -1]
[gpu_use_dp: 0]
[num_gpu: 1]

end of parameters

pandas_categorical:[]
