date,symbol,side,price,shares,gross_value,fee,tax,cost_basis,realized_pnl,slippage_rate,close
2022-01-10,000001,BUY,8.790811984876305,22700,199551.4320566921,59.86542961700763,0.0,0.0,0.0,0.0005,8.893868548820626
2022-01-10,000858,BUY,26.626453752517588,7500,199698.4031438819,59.909520943164566,0.0,0.0,0.0,0.0005,26.50067845813569
2022-01-10,000333,BUY,101.24984108870078,1900,192374.69806853146,57.71240942055943,0.0,0.0,0.0,0.0005,100.41870313259992
2022-01-10,002594,BUY,120.24902193442766,1600,192398.43509508425,57.71953052852527,0.0,0.0,0.0,0.0005,119.23471951905098
2022-01-10,300750,BUY,36.14115263204398,5500,198776.3394762419,59.63290184287256,0.0,0.0,0.0,0.0005,35.25656944856731
2022-01-17,000001,SELL,9.071105095910141,22700,205914.0856771602,61.774225703148055,205.91408567716022,199551.4320566921,6094.965309087798,0.0005,9.251514346987204
2022-01-17,000858,SELL,27.077717030045243,7500,203082.87772533932,60.92486331760179,203.08287772533933,199698.4031438819,3120.466840414476,0.0005,27.39810999300024
2022-01-17,601318,BUY,83.78607812442887,2300,192707.9796861864,57.81239390585591,0.0,0.0,0.0,0.0005,80.41172397925473
2022-01-17,600036,BUY,41.379509642621166,4700,194483.69532031947,58.345108596095834,0.0,0.0,0.0,0.0005,42.0244970872376
2022-01-17,000333,BUY,92.7935605581033,200,18558.712111620658,5.5676136334861965,0.0,0.0,0.0,0.0005,93.5488669631505
2022-01-24,600036,SELL,42.1685883618002,200,8433.717672360039,2.5301153017080114,8.43371767236004,8275.901928524234,146.85191086173654,0.0005,41.66230381212234
2022-01-24,300750,SELL,36.839094397321986,5500,202615.0191852709,60.784505755581264,202.6150191852709,198776.3394762419,3575.2801840881584,0.0005,36.87061898737399
2022-01-24,601318,BUY,78.59849398021679,100,7859.849398021679,2.3579548194065034,0.0,0.0,0.0,0.0005,76.87507393825652
2022-01-24,000333,BUY,87.46000577961851,100,8746.000577961851,2.623800173388555,0.0,0.0,0.0,0.0005,86.78595216937852
2022-01-24,601888,BUY,63.83314697475072,3000,191499.44092425215,57.44983227727564,0.0,0.0,0.0,0.0005,62.61821035486253
2022-01-31,601318,SELL,74.86421236167031,2400,179674.10966800875,53.90223290040262,179.67410966800875,200567.82908420806,-21127.295758767723,0.0005,75.23658676634541
2022-01-31,000333,SELL,85.36819916536997,100,8536.819916536997,2.561045974961099,8.536819916536997,10124.984108870078,-1599.2620582245781,0.0005,86.81058100382782
2022-01-31,000001,BUY,9.427492745933375,19400,182893.35927110747,54.86800778133224,0.0,0.0,0.0,0.0005,9.492399456217507
2022-01-31,600036,BUY,39.05050376105803,100,3905.050376105803,1.1715151128317407,0.0,0.0,0.0,0.0005,39.315368113063855
2022-01-31,601888,BUY,58.86072768627869,100,5886.07276862787,1.7658218305883608,0.0,0.0,0.0,0.0005,60.04003552651318
2022-02-07,600036,SELL,38.76039027788381,4600,178297.79527826552,53.48933858347965,178.2977952782655,190112.84376790104,-12046.83562349726,0.0005,38.736344888144366
2022-02-07,000333,SELL,82.10562734902084,2100,172421.81743294376,51.72654522988312,172.42181743294375,209554.42664924392,-37356.75757896298,0.0005,83.60510417786278
2022-02-07,601888,SELL,58.986826165686416,100,5898.682616568642,1.7696047849705923,5.8986826165686415,6383.314697475072,-492.3003683079687,0.0005,58.90612882638994
2022-02-07,000001,BUY,9.123490955951961,500,4561.745477975981,1.368523643392794,0.0,0.0,0.0,0.0005,9.16188571237396
2022-02-07,000858,BUY,29.934055237590258,6000,179604.33142554155,53.88129942766246,0.0,0.0,0.0,0.0005,29.814487531724573
2022-02-07,600900,BUY,70.81056490820812,2500,177026.4122705203,53.10792368115608,0.0,0.0,0.0,0.0005,72.4655589680471
2022-02-14,002594,SELL,114.8371626553404,100,11483.71626553404,3.4451148796602116,11.48371626553404,12024.902193442766,-556.1147590539204,0.0005,115.3672359848579
2022-02-14,600900,SELL,75.44453336752053,100,7544.4533367520535,2.263336001025616,7.544453336752054,7081.0564908208125,453.5890565934633,0.0005,75.75413518799844
2022-02-14,601888,SELL,57.63475473732407,3000,172904.26421197221,51.87127926359166,172.90426421197222,191002.19899540496,-18322.7103269083,0.0005,56.86065349173593
2022-02-14,000001,BUY,9.02243305094322,300,2706.7299152829664,0.8120189745848898,0.0,0.0,0.0,0.0005,8.921732003868616
2022-02-14,000858,BUY,29.512003524757915,100,2951.2003524757915,0.8853601057427374,0.0,0.0,0.0,0.0005,29.816853113094872
2022-02-14,600036,BUY,38.59300524136045,4700,181387.12463439413,54.416137390318234,0.0,0.0,0.0,0.0005,38.43603856453891
2022-02-21,000001,SELL,8.942607058634882,20200,180640.66258442463,54.192198775327384,180.64066258442463,190161.83466436644,-9756.004941301566,0.0005,8.752413045105847
2022-02-21,600036,SELL,40.82753771852015,4700,191889.42727704468,57.5668281831134,191.8894272770447,181387.12463439413,10252.846387190395,0.0005,39.95150416497567
2022-02-21,600519,BUY,44.97248383485676,4000,179889.93533942703,53.966980601828105,0.0,0.0,0.0,0.0005,44.95022044824495
2022-02-21,000858,BUY,27.88039894935098,300,8364.119684805293,2.509235905441588,0.0,0.0,0.0,0.0005,27.27518845872432
2022-02-21,000333,BUY,74.54417854986092,2400,178906.0285196662,53.67180855589986,0.0,0.0,0.0,0.0005,74.54134025869978
2022-02-21,002594,BUY,112.12247509994062,100,11212.247509994062,3.3636742529982184,0.0,0.0,0.0,0.0005,110.42684483520418
2022-02-28,000333,SELL,77.24885115477461,2400,185397.24277145907,55.619172831437716,185.39724277145908,178906.0285196662,6250.197836189967,0.0005,79.02832198527454
2022-02-28,600519,BUY,43.916745851288596,100,4391.67458512886,1.317502375538658,0.0,0.0,0.0,0.0005,44.37110997815246
2022-02-28,000858,BUY,27.638423856026495,100,2763.8423856026498,0.8291527156807948,0.0,0.0,0.0,0.0005,26.772821030010498
2022-02-28,600036,BUY,41.63814849132812,4300,179044.0385127109,53.71321155381326,0.0,0.0,0.0,0.0005,41.58692403057226
2022-03-07,600519,SELL,42.052229515705804,4100,172414.1410143938,51.72424230431813,172.4141410143938,184281.6099245559,-12091.607293480803,0.0005,43.78151775195548
2022-03-07,000858,SELL,25.938894673686548,6500,168602.81537896255,50.58084461368876,168.60281537896256,193683.49384842528,-25299.862129455374,0.0005,26.370588215612504
2022-03-07,600036,SELL,42.166450922683566,100,4216.645092268356,1.2649935276805067,4.216645092268356,4163.814849132812,47.34860451559507,0.0005,42.29679446353411
2022-03-07,600900,SELL,77.32673384198131,100,7732.673384198131,2.319802015259439,7.732673384198131,7081.0564908208125,641.564417977861,0.0005,79.4332365312453
2022-03-07,000001,BUY,8.650503086416093,20500,177335.31327152989,53.20059398145896,0.0,0.0,0.0,0.0005,8.854964941981132
2022-03-07,601888,BUY,61.627369713345146,2800,172556.6351973664,51.76699055920992,0.0,0.0,0.0,0.0005,63.44438091512638
2022-03-14,000001,SELL,9.174058857449603,1000,9174.058857449603,2.7522176572348807,9.174058857449603,8650.503086416093,511.6294945188256,0.0005,9.52084340406573
2022-03-14,600900,SELL,81.26199340190715,100,8126.199340190715,2.4378598020572144,8.126199340190714,7081.0564908208125,1034.5787902276543,0.0005,81.96393517720634
2022-03-14,601888,SELL,58.155681135796826,2800,162835.90718023112,48.85077215406933,162.83590718023112,172556.6351973664,-9932.414696469612,0.0005,60.05506148014617
2022-03-14,000333,BUY,85.4215366322312,2000,170843.07326446238,51.25292197933871,0.0,0.0,0.0,0.0005,85.15646115531855
2022-03-21,000001,SELL,9.92585376424181,19500,193554.14840271528,58.06624452081458,193.55414840271527,168684.8101851138,24617.717824677937,0.0005,10.008048232729529
2022-03-21,600036,BUY,42.09669974586828,100,4209.669974586828,1.2629009923760484,0.0,0.0,0.0,0.0005,40.92139504622913
2022-03-21,300750,BUY,35.59503140807364,5100,181534.66018117554,54.46039805435266,0.0,0.0,0.0,0.0005,36.24066800071775
2022-03-28,002594,SELL,113.29008822099915,1600,181264.14115359864,54.379242346079586,181.26414115359864,191585.78041163553,-10557.282641536556,0.0005,109.06918589390068
2022-03-28,000001,BUY,9.903116463082833,18600,184197.9662133407,55.2593898640022,0.0,0.0,0.0,0.0005,9.94091016315716
2022-03-28,600036,BUY,40.838155730122836,200,8167.631146024567,2.45028934380737,0.0,0.0,0.0,0.0005,41.48021264201747
2022-03-28,000333,BUY,87.5273331907806,100,8752.73331907806,2.6258199957234174,0.0,0.0,0.0,0.0005,86.26427563120772
2022-04-04,600036,SELL,41.489898811188745,4500,186704.54465034936,56.0113633951048,186.70454465034936,187257.5247841895,-795.6960418856179,0.0005,42.573356166934346
2022-04-04,000333,SELL,79.2300687436066,2100,166383.14436157385,49.914943308472154,166.38314436157387,179595.80658354043,-13428.960309636634,0.0005,78.94424045650644
2022-04-04,600900,SELL,87.12519343786451,100,8712.519343786451,2.613755803135935,8.71251934378645,7081.0564908208125,1620.1365778187173,0.0005,89.03711781162109
2022-04-04,000001,BUY,9.64400363700131,300,2893.201091100393,0.8679603273301179,0.0,0.0,0.0,0.0005,9.839987447679691
2022-04-04,000858,BUY,27.665242716773893,6600,182590.6019307077,54.777180579212306,0.0,0.0,0.0,0.0005,27.377610033340694
2022-04-04,002594,BUY,109.35505276176023,1600,174968.08441881638,52.49042532564491,0.0,0.0,0.0,0.0005,110.3293981244954
2022-04-11,000858,SELL,29.230997392388144,300,8769.299217716443,2.630789765314933,8.769299217716444,8299.572815032168,458.32631370124363,0.0005,28.90929368347213
2022-04-11,600900,SELL,88.55680237543307,100,8855.680237543307,2.656704071262992,8.855680237543307,7081.0564908208125,1763.1113624136888,0.0005,89.73405699058674
2022-04-11,000001,BUY,9.600878576450988,300,2880.2635729352965,0.8640790718805889,0.0,0.0,0.0,0.0005,9.093007161526424
2022-04-11,300750,BUY,34.19950314544076,300,10259.850943632227,3.077955283089668,0.0,0.0,0.0,0.0005,32.03727116081337
2022-04-18,000001,SELL,9.001803401408983,19200,172834.62530705248,51.85038759211574,172.83462530705248,189971.4308773764,-17361.490583223087,0.0005,8.820247087616528
2022-04-18,000858,SELL,28.780486457823624,100,2878.048645782362,0.8634145937347086,2.8780486457823624,2766.524271677389,107.78291086545596,0.0005,28.84352857310044
2022-04-18,002594,SELL,113.97740650026022,100,11397.740650026022,3.4193221950078065,11.397740650026023,10935.505276176023,447.4183110049653,0.0005,117.35120636129592
2022-04-18,300750,SELL,32.30260783698715,5400,174434.0823197306,52.33022469591918,174.4340823197306,191794.51112480776,-17587.19311209279,0.0005,32.03340125566828
2022-04-18,600036,BUY,48.976691546153106,3600,176316.08956615117,52.894826869845346,0.0,0.0,0.0,0.0005,48.609820299069824
2022-04-18,000333,BUY,77.20148883737578,2300,177563.4243259643,53.269027297789286,0.0,0.0,0.0,0.0005,80.32393316150393
2022-04-25,000333,SELL,79.99588731028786,2300,183990.54081366205,55.197162244098614,183.99054081366205,177563.4243259643,6187.928784640011,0.0005,81.3835214964757
2022-04-25,600519,BUY,45.03193850871976,4000,180127.75403487904,54.03832621046371,0.0,0.0,0.0,0.0005,44.532445924027165
2022-05-02,000858,SELL,28.48671680393042,6200,176617.6441843686,52.98529325531058,176.6176441843686,171524.50484399815,4863.536402930797,0.0005,28.4456709574594
2022-05-02,600036,SELL,51.75613692550482,100,5175.613692550482,1.5526841077651443,5.175613692550482,4897.669154615311,271.21624013485507,0.0005,51.53864088801378
2022-05-02,600519,BUY,45.07894711090538,100,4507.894711090538,1.3523684133271614,0.0,0.0,0.0,0.0005,43.577769966972006
2022-05-02,600900,BUY,86.31508405643744,100,8631.508405643744,2.589452521693123,0.0,0.0,0.0,0.0005,84.83813046475237
2022-05-02,601888,BUY,65.42497028377353,2800,183189.91679456588,54.95697503836976,0.0,0.0,0.0,0.0005,65.32363646055873
2022-05-09,600036,SELL,53.4528084017624,100,5345.2808401762395,1.6035842520528718,5.3452808401762395,4897.669154615311,440.66282046869946,0.0005,52.95839948114578
2022-05-09,002594,SELL,125.74128619078218,100,12574.128619078218,3.772238585723465,12.574128619078218,10935.505276176023,1622.2769756973921,0.0005,126.83762467773454
2022-05-09,600900,SELL,88.69542301953595,100,8869.542301953596,2.6608626905860784,8.869542301953595,7081.0564908208125,1776.9554061402432,0.0005,87.41957330268895
2022-05-09,600519,BUY,43.81183789886961,100,4381.183789886962,1.3143551369660884,0.0,0.0,0.0,0.0005,44.1195173774502
2022-05-09,601888,BUY,63.702686875421236,100,6370.268687542123,1.9110806062626369,0.0,0.0,0.0,0.0005,63.59816728068631
2022-05-16,600036,BUY,48.84617379958736,200,9769.234759917472,2.9307704279752413,0.0,0.0,0.0,0.0005,48.51613080407893
2022-05-23,600519,SELL,42.52806592330886,4200,178617.87687789722,53.58536306336916,178.61787687789723,189016.83253585655,-10631.158897900605,0.0005,41.67421343622776
2022-05-23,600036,SELL,50.82650587143824,100,5082.650587143824,1.524795176143147,5.082650587143824,4897.669154615311,178.37398676522662,0.0005,50.76036282866475
2022-05-23,601888,SELL,62.87512894618947,100,6287.512894618947,1.886253868385684,6.287512894618947,6542.497028377354,-263.15790052141165,0.0005,62.1420101924232
2022-05-23,000001,BUY,8.984391658325764,20200,181484.71149818043,54.44541344945412,0.0,0.0,0.0,0.0005,9.109989896065064
2022-05-23,002594,BUY,121.18285042069243,100,12118.285042069243,3.6354855126207726,0.0,0.0,0.0,0.0005,122.74257798185788
2022-05-30,000001,SELL,8.37069263990356,20200,169087.9913260519,50.72639739781557,169.0879913260519,181484.71149818043,-12616.534560852393,0.0005,8.175633575674158
2022-05-30,002594,SELL,127.01596670344826,100,12701.596670344825,3.810479001103447,12.701596670344825,10935.505276176023,1749.5793184973518,0.0005,129.96246778995044
2022-05-30,600900,SELL,91.11746214304661,100,9111.746214304661,2.7335238642913984,9.111746214304661,7081.0564908208125,2018.8444534052524,0.0005,89.79007088956597
2022-05-30,000858,BUY,31.382289369150225,5700,178879.04940415628,53.66371482124688,0.0,0.0,0.0,0.0005,30.80365560893808
2022-05-30,600036,BUY,49.95088323814276,100,4995.088323814276,1.4985264971442827,0.0,0.0,0.0,0.0005,51.18698684418372
2022-06-06,600036,SELL,56.02044235485104,300,16806.13270645531,5.041839811936593,16.806132706455312,14693.007463845932,2091.2772700909863,0.0005,55.60315828690888
2022-06-06,002594,SELL,133.95495094181226,1400,187536.93131853716,56.26107939556114,187.53693131853717,154279.85363235755,33013.279675465485,0.0005,131.5248169715501
2022-06-06,000858,BUY,30.847879830564086,300,9254.363949169227,2.776309184750768,0.0,0.0,0.0,0.0005,29.65396005916008
2022-06-06,000333,BUY,71.28229093686713,2600,185333.95643585452,55.60018693075635,0.0,0.0,0.0,0.0005,71.64129906013622
2022-06-06,601888,BUY,59.92296454647463,300,17976.889363942388,5.393066809182716,0.0,0.0,0.0,0.0005,58.710042630986784
2022-06-13,000333,SELL,72.44338123812585,100,7244.338123812585,2.1733014371437753,7.244338123812585,7128.229093686713,106.69139056491531,0.0005,69.84249845313953
2022-06-13,600900,SELL,97.75350514250131,100,9775.35051425013,2.932605154275039,9.775350514250132,7081.0564908208125,2681.5860677607925,0.0005,94.43509063011284
2022-06-13,601888,SELL,59.184368515035914,3100,183471.54239661133,55.0414627189834,183.47154239661134,200994.57781767304,-17761.548426177294,0.0005,57.80421641010467
2022-06-13,600036,BUY,53.11296291194121,100,5311.296291194121,1.5933888873582362,0.0,0.0,0.0,0.0005,53.208690318761874
2022-06-13,002594,BUY,128.82567827407854,1400,180355.94958370997,54.106784875112986,0.0,0.0,0.0,0.0005,130.690771910743
2022-06-20,600036,SELL,47.188472941265324,3400,160440.80800030212,48.13224240009063,160.44080800030213,167005.6940133852,-6773.45906348346,0.0005,47.208869836467386
2022-06-20,000333,SELL,71.42881213242468,2500,178572.03033106172,53.57160909931851,178.5720303310617,178205.7273421678,134.15934946353082,0.0005,68.64198660389815
2022-06-20,002594,SELL,136.1214041405641,100,13612.14041405641,4.083642124216922,13.61214041405641,12882.567827407855,711.876804110283,0.0005,136.86206661795816
2022-06-20,600519,BUY,48.3282708017421,3700,178814.60196644577,53.644380589933725,0.0,0.0,0.0,0.0005,47.75689412008704
2022-06-20,600900,BUY,91.23246377384334,100,9123.246377384334,2.7369739132152997,0.0,0.0,0.0,0.0005,91.79664169055572
2022-06-20,601888,BUY,58.01605904443224,3000,174048.17713329673,52.21445313998902,0.0,0.0,0.0,0.0005,57.64601971178943
2022-06-27,000858,SELL,27.89651710985801,6000,167379.10265914805,50.21373079774441,167.37910265914806,188133.4133533255,-20971.903527634364,0.0005,27.22542199943092
2022-06-27,601888,SELL,60.24135296218924,100,6024.135296218924,1.807240588865677,6.024135296218924,5801.605904443224,214.69801589061444,0.0005,59.1218654344911
2022-06-27,300750,BUY,30.084937356092336,5900,177501.1304009448,53.250339120283435,0.0,0.0,0.0,0.0005,29.35969280673174
2022-07-04,002594,SELL,146.0454664584922,200,29209.09329169844,8.76272798750953,29.20909329169844,25765.13565481571,3405.9858156035225,0.0005,146.68496127002314
2022-07-04,600900,SELL,92.1759625658578,100,9217.59625658578,2.765278876975734,9.21759625658578,7081.0564908208125,2124.5568906314074,0.0005,91.99566850640086
2022-07-04,601888,SELL,55.54796256175587,2900,161089.09142909202,48.3267274287276,161.08909142909204,168246.57122885349,-7366.895618619281,0.0005,53.69227498518021
2022-07-04,300750,SELL,27.609661328313216,5900,162897.00183704798,48.86910055111439,162.89700183704798,177501.1304009448,-14815.894666284992,0.0005,27.113491833136568
2022-07-04,600519,BUY,44.116462914319044,200,8823.292582863809,2.6469877748591424,0.0,0.0,0.0,0.0005,43.15103757727697
2022-07-04,601318,BUY,50.535461714513396,3400,171820.56982934554,51.546170948803656,0.0,0.0,0.0,0.0005,49.13588150209269
2022-07-04,000333,BUY,75.10670092417628,2200,165234.74203318782,49.570422609956346,0.0,0.0,0.0,0.0005,76.56731671163956
2022-07-11,600519,SELL,43.33352519953608,100,4333.352519953608,1.3000057559860823,4.333352519953608,4832.82708017421,-505.10791849654106,0.0005,43.953407498627975
2022-07-11,600900,BUY,86.73272551748974,100,8673.272551748974,2.601981765524692,0.0,0.0,0.0,0.0005,87.93160490877013
2022-07-18,600519,SELL,42.0645417062179,3800,159845.25848362801,47.9535775450884,159.84525848362802,182805.06746913536,-23167.607821536076,0.0005,42.85064190004636
2022-07-18,601318,SELL,48.58247579037908,3400,165180.41768728886,49.554125306186656,165.18041768728887,171820.56982934554,-6854.886685050151,0.0005,47.12437000501789
2022-07-18,000858,BUY,30.698349076732626,5400,165771.08501435618,49.73132550430685,0.0,0.0,0.0,0.0005,30.558022751609347
2022-07-18,600036,BUY,49.424359506008166,3400,168042.82232042777,50.41284669612833,0.0,0.0,0.0,0.0005,49.55523347223637
2022-07-18,000333,BUY,73.17954824910485,100,7317.9548249104855,2.1953864474731453,0.0,0.0,0.0,0.0005,74.27411501504552
2022-07-25,000858,SELL,31.678479603241527,100,3167.8479603241526,0.9503543880972457,3.1678479603241527,3069.8349076732625,93.89485030246851,0.0005,32.21740961371505
2022-07-25,002594,SELL,166.78903130267284,100,16678.903130267285,5.003670939080185,16.678903130267287,12882.567827407855,3774.652728790081,0.0005,161.2775990916421
2022-07-25,000333,BUY,70.19337304030843,100,7019.337304030843,2.105801191209253,0.0,0.0,0.0,0.0005,72.65751515626005
2022-07-25,600900,BUY,84.83144219575,100,8483.144219575,2.5449432658725,0.0,0.0,0.0,0.0005,87.67527734188373
2022-08-01,600036,SELL,52.64845496508145,300,15794.536489524435,4.7383609468573304,15.794536489524434,14827.30785180245,946.6957402856024,0.0005,52.04395336187384
2022-08-01,000333,SELL,70.9210604967599,2400,170210.54519222377,51.063163557667124,170.21054519222378,179572.03416212916,-9582.762678655272,0.0005,69.92908277057583
2022-08-01,600519,BUY,46.01118816263975,3600,165640.27738550308,49.69208321565092,0.0,0.0,0.0,0.0005,45.94265889282868
2022-08-01,600900,BUY,79.19047264588669,100,7919.047264588668,2.3757141793766,0.0,0.0,0.0,0.0005,78.10503320277934
2022-08-08,000858,SELL,32.61175745825186,200,6522.351491650372,1.9567054474951113,6.5223514916503715,6139.669815346525,374.2026193647007,0.0005,31.507468836035475
2022-08-08,600900,SELL,77.55217079272515,2100,162859.5586647228,48.857867599416835,162.8595586647228,156127.12267207375,6520.718566384923,0.0005,78.64822318329385
2022-08-08,600036,BUY,52.78007240141713,100,5278.007240141713,1.5834021720425138,0.0,0.0,0.0,0.0005,50.79455900744313
2022-08-08,000333,BUY,71.69089319347187,2300,164889.05434498528,49.46671630349558,0.0,0.0,0.0,0.0005,71.27923610960883
2022-08-15,600036,SELL,49.23457928243188,3200,157550.653703782,47.2651961111346,157.55065370378202,158493.52170876702,-1147.6838547999214,0.0005,48.246078086731714
2022-08-15,000858,BUY,30.851680349197014,200,6170.336069839403,1.8511008209518207,0.0,0.0,0.0,0.0005,30.424941911804904
2022-08-15,300750,BUY,29.3191416448544,5600,164187.19321118464,49.256157963355385,0.0,0.0,0.0,0.0005,29.526554257464536
2022-08-22,000858,SELL,31.005942847593584,5300,164331.497092246,49.299449127673796,164.331497092246,162731.9163611758,1385.9497848502942,0.0005,31.230877730621177
2022-08-22,002594,SELL,173.54657205008343,100,17354.65720500834,5.206397161502502,17.35465720500834,12882.567827407855,4449.528323233977,0.0005,172.2652937257607
2022-08-22,300750,SELL,30.920634515598838,200,6184.126903119768,1.8552380709359302,6.184126903119768,5863.828328970881,312.2592091748311,0.0005,30.73734113822836
2022-08-22,601318,BUY,48.83328803051008,3400,166033.17930373427,49.80995379112028,0.0,0.0,0.0,0.0005,48.93390095980447
2022-08-22,000333,BUY,68.69445888507853,100,6869.445888507853,2.0608337665523555,0.0,0.0,0.0,0.0005,69.71493004948164
2022-08-29,300750,SELL,31.552097291236954,5400,170381.32537267957,51.11439761180387,170.38132537267958,158323.36488221376,11836.464767481317,0.0005,32.189231055310614
2022-08-29,600519,BUY,44.83771678857376,100,4483.771678857376,1.3451315036572127,0.0,0.0,0.0,0.0005,44.32370770978248
2022-08-29,601318,BUY,47.552728661569645,100,4755.2728661569645,1.4265818598470892,0.0,0.0,0.0,0.0005,46.89209241099437
2022-08-29,600900,BUY,73.15348542081473,2300,168253.01646787388,50.47590494036216,0.0,0.0,0.0,0.0005,71.15629343000926
2022-09-05,600519,SELL,48.103456342852134,100,4810.345634285213,1.4431036902855638,4.810345634285214,4601.118816263975,202.97336869666833,0.0005,49.044899209363656
2022-09-05,000333,SELL,72.64807479879654,2400,174355.3795171117,52.306613855133506,174.3553795171117,171758.50023349313,2370.2172902463353,0.0005,73.19328268552516
2022-09-05,002594,SELL,197.47392468331873,100,19747.392468331873,5.924217740499562,19.747392468331874,12882.567827407855,6839.153030715186,0.0005,194.7258110600202
2022-09-05,601318,BUY,47.81285838257346,100,4781.285838257346,1.4343857514772036,0.0,0.0,0.0,0.0005,49.35832005147133
2022-09-05,600900,BUY,67.5952202377147,200,13519.04404754294,4.055713214262882,0.0,0.0,0.0,0.0005,67.04955371796311
2022-09-05,300750,BUY,33.720996317284765,5100,171977.0812181523,51.59312436544569,0.0,0.0,0.0,0.0005,33.32200321659027
2022-09-12,601318,SELL,50.1813082950775,200,10036.2616590155,3.0108784977046494,10.0362616590155,9766.657606102017,256.55691275676327,0.0005,50.37703648929944
2022-09-12,600900,SELL,62.585771139270626,2500,156464.42784817657,46.93932835445297,156.46442784817657,181772.06051541682,-25511.036423442885,0.0005,63.05960066811036
2022-09-12,600519,BUY,46.40139413437739,100,4640.139413437739,1.3920418240313215,0.0,0.0,0.0,0.0005,46.121325369092
2022-09-12,000858,BUY,31.502398993814097,5400,170112.95456659613,51.03388636997884,0.0,0.0,0.0,0.0005,31.07949146243793
2022-09-19,000858,SELL,32.58938775129086,200,6517.877550258171,1.955363265077451,6.517877550258171,6300.479798762819,208.92451068001628,0.0005,33.27599035007317
2022-09-19,601318,SELL,51.0178428153117,100,5101.784281531171,1.530535284459351,5.10178428153117,4883.328803051008,211.82315891417147,0.0005,50.40863284038426
2022-09-19,300750,BUY,31.910727548828607,200,6382.145509765722,1.9146436529297164,0.0,0.0,0.0,0.0005,32.41276283768433
2022-09-26,000858,SELL,33.35951082914495,5200,173469.45631155375,52.04083689346612,173.46945631155376,163812.4747678333,9431.471250515431,0.0005,33.90930874378668
2022-09-26,601318,SELL,53.092072899289306,100,5309.207289928931,1.592762186978679,5.30920728992893,4883.328803051008,418.97651740101446,0.0005,54.129399534242886
2022-09-26,300750,SELL,34.39885598916627,300,10319.656796749881,3.095897039024964,10.319656796749882,10116.29889518543,189.9423477286764,0.0005,34.69892028936038
2022-09-26,600519,BUY,42.32388108221237,400,16929.552432884946,5.078865729865483,0.0,0.0,0.0,0.0005,42.09612578300883
2022-09-26,601888,BUY,46.63123670805463,3700,172535.57581980212,51.76067274594063,0.0,0.0,0.0,0.0005,46.68536950968269
2022-10-03,600519,SELL,42.187855496514125,4100,172970.20753570792,51.89106226071237,172.9702075357079,187092.6220944192,-14347.275828507729,0.0005,41.96184360858035
2022-10-03,601888,SELL,48.11727832532339,100,4811.727832532339,1.4435183497597015,4.8117278325323385,4663.123670805463,142.34891554458318,0.0005,48.57837171550405
2022-10-03,300750,SELL,35.41364485292015,100,3541.364485292015,1.0624093455876045,3.541364485292015,3372.0996317284767,164.6610797326589,0.0005,34.71146255561072
2022-10-03,601318,BUY,53.10797861476787,100,5310.797861476787,1.593239358443036,0.0,0.0,0.0,0.0005,51.73004424448234
2022-10-03,600900,BUY,65.08061720473695,2700,175717.66645278977,52.715299935836924,0.0,0.0,0.0,0.0005,64.92082531950837
2022-10-10,601888,BUY,46.73129300436472,100,4673.1293004364725,1.4019387901309417,0.0,0.0,0.0,0.0005,47.02969139120282
2022-10-17,002594,SELL,222.49168472919223,100,22249.168472919224,6.674750541875767,22.249168472919223,12882.567827407855,9337.676726496577,0.0005,229.6354889962908
2022-10-17,600900,SELL,65.76144844901084,100,6576.144844901084,1.972843453470325,6.576144844901084,6508.0617204736955,59.5341361290175,0.0005,65.71132425688766
2022-10-17,601318,BUY,51.28468127353498,100,5128.468127353498,1.5385404382060492,0.0,0.0,0.0,0.0005,51.72665168826429
2022-10-17,601888,BUY,45.16573349014954,100,4516.573349014954,1.3549720047044862,0.0,0.0,0.0,0.0005,47.34894515437605
2022-10-17,300750,BUY,34.34015414502922,100,3434.015414502922,1.0302046243508765,0.0,0.0,0.0,0.0005,35.02214751955038
2022-10-24,601318,SELL,56.74090678538103,3400,192919.08307029548,57.87572492108864,192.9190830702955,166475.68878477483,26192.599477529264,0.0005,57.165552858791344
2022-10-24,601888,SELL,45.74187622841862,3800,173819.12966799075,52.14573890039722,173.81912966799075,177062.1547984481,-3468.98999902574,0.0005,45.96316219683195
2022-10-24,000001,BUY,6.783835426497287,26700,181128.40588747757,54.33852176624327,0.0,0.0,0.0,0.0005,6.672893415264891
2022-10-24,600519,BUY,45.399348799507116,4000,181597.39519802848,54.47921855940854,0.0,0.0,0.0,0.0005,46.22413298684387
2022-10-24,600900,BUY,64.76813746696817,200,12953.627493393635,3.88608824801809,0.0,0.0,0.0,0.0005,65.66804656570413
2022-10-31,000001,SELL,6.677418415675001,26700,178287.07169852254,53.48612150955676,178.28707169852254,181128.40588747757,-3073.1073821630853,0.0005,6.664544726702868
2022-10-31,600519,SELL,46.40896680055874,100,4640.896680055874,1.392269004016762,4.6408966800558735,4539.934879950712,94.92863442108955,0.0005,47.05628995176867
2022-10-31,600900,SELL,63.089018202797504,2800,176649.250967833,52.9947752903499,176.649250967833,182163.2322257097,-5743.625284134876,0.0005,62.843656845622334
2022-10-31,300750,SELL,38.78827354196829,400,15515.309416787315,4.654592825036194,15.515309416787316,13488.398526913907,2006.740987631585,0.0005,38.55736662547727
2022-10-31,601318,BUY,57.735164070751495,3100,178979.00861932963,53.69370258579888,0.0,0.0,0.0,0.0005,57.67323226622862
2022-10-31,000333,BUY,66.19163202482144,2700,178717.4064670179,53.615221940105364,0.0,0.0,0.0,0.0005,65.6761762179777
2022-10-31,002594,BUY,222.1409996243852,100,22214.09996243852,6.664229988731555,0.0,0.0,0.0,0.0005,227.9425534148177
2022-11-07,600519,SELL,51.72364113478829,400,20689.456453915314,6.206836936174594,20.689456453915316,18159.739519802846,2502.8206407223806,0.0005,51.92061058366152
2022-11-07,002594,SELL,217.25016401799255,800,173800.13121439403,52.140039364318206,173.80013121439404,112392.0747542935,61182.116289521815,0.0005,212.29310023840225
2022-11-07,601318,BUY,55.33237962846091,200,11066.475925692182,3.3199427777076544,0.0,0.0,0.0,0.0005,55.02075805349743
2022-11-07,600900,BUY,60.400837935629966,3000,181202.5138068899,54.360754142066966,0.0,0.0,0.0,0.0005,60.78521875624028
2022-11-07,300750,BUY,37.605279923205906,200,7521.055984641182,2.256316795392354,0.0,0.0,0.0,0.0005,37.07827170151519
2022-11-14,601318,SELL,55.39788222723866,3300,182813.0113498876,54.84390340496627,182.8130113498876,190045.4845450218,-7470.1301098890835,0.0005,56.70156335112048
2022-11-14,000333,SELL,59.25017795234411,2700,159975.4804713291,47.99264414139872,159.9754804713291,178717.4064670179,-18949.894120301527,0.0005,57.836720130133294
2022-11-14,600900,SELL,61.81423931538597,100,6181.423931538597,1.8544271794615788,6.181423931538597,6040.083793562997,133.3042868645989,0.0005,61.27050093899968
2022-11-14,300750,SELL,38.751525810664646,200,7750.305162132929,2.3250915486398784,7.750305162132928,6744.199263456953,996.0305019652023,0.0005,38.45474370161365
2022-11-14,000001,BUY,6.432307881712908,28000,180104.6206879614,54.03138620638842,0.0,0.0,0.0,0.0005,6.479448192571016
2022-11-14,000858,BUY,38.7824746819865,4600,178399.3835371379,53.519815061141365,0.0,0.0,0.0,0.0005,39.27535054230559
2022-11-21,000001,SELL,6.152285284018792,28000,172263.98795252616,51.67919638575785,172.26398795252618,180104.6206879614,-8064.575919773517,0.0005,6.393692636431458
2022-11-21,600519,SELL,50.66876609128046,100,5066.876609128046,1.5200629827384136,5.066876609128046,4539.934879950712,520.3547895854672,0.0005,49.84106678339237
2022-11-21,600900,SELL,63.02939290608008,2900,182785.23942763224,54.835571828289666,182.78523942763226,175162.4300133269,7385.188603049406,0.0005,61.93220944263472
2022-11-21,000858,BUY,36.987128328027495,100,3698.7128328027493,1.1096138498408248,0.0,0.0,0.0,0.0005,36.464950000264174
2022-11-21,000333,BUY,59.53492660891239,2900,172651.28716584595,51.79538614975378,0.0,0.0,0.0,0.0005,59.94565705019171
2022-11-21,601888,BUY,46.97476124686626,3700,173806.61661340515,52.14198498402154,0.0,0.0,0.0,0.0005,47.55343676909534
2022-11-21,300750,BUY,36.49579825777171,200,7299.159651554342,2.1897478954663026,0.0,0.0,0.0,0.0005,36.605104951061925
2022-11-28,000333,SELL,57.09496967734985,2900,165575.41206431456,49.67262361929436,165.57541206431455,172651.28716584595,-7291.123137215007,0.0005,57.49912129429733
2022-11-28,601888,SELL,47.56904003450651,100,4756.904003450651,1.4270712010351951,4.756904003450651,4697.476124686626,53.24390355953983,0.0005,48.20019783904145
2022-11-28,300750,SELL,38.829285198515,300,11648.7855595545,3.49463566786635,11.6487855595545,10116.29889518543,1517.3432431416495,0.0005,37.82348378246299
2022-11-28,000858,BUY,36.562289236492745,100,3656.2289236492743,1.0968686770947822,0.0,0.0,0.0,0.0005,37.25830415117424
2022-11-28,600900,BUY,63.35770866628039,2700,171065.81339895705,51.31974401968711,0.0,0.0,0.0,0.0005,61.87129418618426
2022-12-05,300750,SELL,39.0871217976884,100,3908.7121797688396,1.1726136539306518,3.90871217976884,3372.0996317284767,531.5312222066636,0.0005,39.81456469227478
2022-12-05,600900,BUY,60.13407653215517,100,6013.407653215517,1.8040222959646548,0.0,0.0,0.0,0.0005,60.49957731875493
2022-12-12,600519,SELL,51.345736822610434,100,5134.573682261043,1.540372104678313,5.134573682261044,4539.934879950712,587.9638565233918,0.0005,50.67799536292759
2022-12-12,000858,SELL,37.066316350814525,4100,151971.89703833955,45.59156911150186,151.97189703833956,159008.14619614466,-7233.81262395496,0.0005,36.80808991920794
2022-12-12,600900,SELL,57.469251118787604,2300,132179.2775732115,39.65378327196345,132.1792775732115,145722.7299324449,-13715.28542007858,0.0005,57.63788867627811
2022-12-12,601888,SELL,44.71868519862579,3000,134156.05559587738,40.24681667876321,134.15605559587738,140924.28374059877,-6942.63101699602,0.0005,45.2726749243674
2022-12-12,300750,SELL,40.375773582120445,200,8075.154716424089,2.4225464149272264,8.07515471642409,6744.199263456953,1320.4577518357846,0.0005,40.80305119741095
2022-12-12,601318,BUY,57.16896841252292,2500,142922.4210313073,42.87672630939219,0.0,0.0,0.0,0.0005,56.806771989277394
2022-12-12,000333,BUY,63.36941541431395,2200,139412.7139114907,41.823814173447204,0.0,0.0,0.0,0.0005,63.34854160694988
2022-12-12,002594,BUY,207.55253548684354,600,124531.52129210612,37.35945638763183,0.0,0.0,0.0,0.0005,206.02258653999704
2022-12-19,002594,SELL,207.68043821349886,600,124608.26292809931,37.382478878429794,124.60826292809932,124531.52129210612,-85.24910581333097,0.0005,208.9958584006104
2022-12-19,600900,SELL,57.76263920163623,500,28881.319600818115,8.664395880245433,28.881319600818117,31356.49111972767,-2512.7172343906204,0.0005,57.3943578590653
2022-12-19,601888,SELL,44.55781007795519,600,26734.686046773113,8.020405814031934,26.734686046773113,28184.856748119753,-1484.925793207447,0.0005,43.25249814792383
2022-12-19,000858,BUY,38.78874256020478,3700,143518.34747275768,43.0555042418273,0.0,0.0,0.0,0.0005,38.57389045774374
2022-12-19,601318,BUY,55.900874969349175,500,27950.43748467459,8.385131245402375,0.0,0.0,0.0,0.0005,55.832589440795104
2022-12-19,000333,BUY,62.619702487491736,500,31309.851243745867,9.39295537312376,0.0,0.0,0.0,0.0005,61.76410140884656
2022-12-19,300750,BUY,39.05052652803673,100,3905.0526528036726,1.1715157958411018,0.0,0.0,0.0,0.0005,40.134709851708045
2022-12-26,000858,SELL,38.639692493231095,100,3863.9692493231096,1.1591907747969328,3.8639692493231097,3878.24746819865,-19.30137889966045,0.0005,38.61197826482308
2022-12-26,601318,SELL,51.317762600459204,3000,153953.28780137762,46.18598634041328,153.95328780137763,170872.8585159819,-17119.709988746094,0.0005,49.27229965540319
2022-12-26,300750,SELL,42.45475596712551,400,16981.902386850204,5.094570716055061,16.981902386850205,13488.398526913907,3471.427386833393,0.0005,43.33301420654032
2022-12-26,000333,BUY,58.91523283503991,100,5891.523283503991,1.767456985051197,0.0,0.0,0.0,0.0005,58.64225191409666
2022-12-26,002594,BUY,204.87942080139757,800,163903.53664111806,49.17106099233541,0.0,0.0,0.0,0.0005,204.4006588096989
2023-01-02,000858,SELL,40.25502931358356,200,8051.005862716713,2.4153017588150134,8.051005862716712,7756.4949363973,284.04461869788065,0.0005,39.41352612244575
2023-01-02,000333,SELL,53.7812663555229,2800,150587.54579546413,45.176263738639236,150.58754579546414,176614.08843874052,-26222.306452810473,0.0005,53.7323948454538
2023-01-02,002594,SELL,211.60539796502,100,21160.539796502,6.348161938950599,21.160539796502,20487.942080139757,645.0890146267884,0.0005,212.80709527131705
2023-01-02,300750,SELL,43.43259177805435,100,4343.259177805435,1.3029777533416302,4.343259177805435,3372.0996317284767,965.5133091458106,0.0005,44.32314284039574
2023-01-02,000001,BUY,6.499610997713588,25700,167040.0026412392,50.11200079237176,0.0,0.0,0.0,0.0005,6.331590636228749
2023-01-02,600519,BUY,47.782747475099285,200,9556.549495019857,2.866964848505957,0.0,0.0,0.0,0.0005,48.25175747840407
2023-01-09,600519,SELL,50.19646804272561,200,10039.293608545122,3.011788082563536,10.039293608545123,9079.869759901423,946.3727669525906,0.0005,50.14134502673863
2023-01-09,000858,SELL,37.666052203595314,4100,154430.8140347408,46.32924421042223,154.4308140347408,158629.784165607,-4399.730189111375,0.0005,36.46928888513079
2023-01-09,000001,BUY,6.421596555871583,300,1926.4789667614748,0.5779436900284424,0.0,0.0,0.0,0.0005,6.763805929106737
2023-01-09,600036,BUY,33.191327246242395,5000,165956.63623121197,49.786990869363585,0.0,0.0,0.0,0.0005,33.79065027151888
2023-01-16,000001,SELL,6.88878336303443,26000,179108.3674388952,53.732510231668556,179.1083674388952,168966.48160800067,9909.044953223958,0.0005,6.8238211709420895
2023-01-16,300750,SELL,48.01747474043307,200,9603.494948086614,2.881048484425984,9.603494948086615,6744.199263456953,2846.8111411971486,0.0005,48.39409376114148
2023-01-16,600036,BUY,33.882639249996025,100,3388.2639249996023,1.0164791774998807,0.0,0.0,0.0,0.0005,34.1329864374742
2023-01-16,002594,BUY,213.38327668491976,100,21338.327668491977,6.401498300547592,0.0,0.0,0.0,0.0005,213.18389183594863
2023-01-16,600900,BUY,53.33024302483184,3200,170656.77767946187,51.19703330383856,0.0,0.0,0.0,0.0005,54.97744665590817
2023-01-23,600036,SELL,34.16175989498249,5100,174224.9754644107,52.26749263932321,174.2249754644107,169344.90015621157,4653.582840095391,0.0005,34.021588792938054
2023-01-23,600900,SELL,58.64160877852954,300,17592.482633558862,5.277744790067659,17.592482633558863,15999.072907449552,1570.5394986856863,0.0005,58.22589386278035
2023-01-23,000001,BUY,7.209886656583938,24100,173758.2684236729,52.127480527101866,0.0,0.0,0.0,0.0005,7.566386210282274
2023-01-23,600519,BUY,50.73529807627945,100,5073.529807627945,1.5220589422883835,0.0,0.0,0.0,0.0005,51.84983139459088
2023-01-23,300750,BUY,45.540387838881074,200,9108.077567776214,2.732423270332864,0.0,0.0,0.0,0.0005,47.85113522118539
2023-01-30,000001,SELL,7.512880329552786,800,6010.304263642229,1.8030912790926685,6.010304263642229,5767.909325267151,234.58154283234308,0.0005,7.444156155330852
2023-01-30,600519,SELL,52.318374633251615,100,5231.8374633251615,1.5695512389975483,5.231837463325162,4539.934879950712,685.1011946721273,0.0005,51.26571840326719
2023-01-30,600900,SELL,52.944844551960124,2900,153540.04920068436,46.0620147602053,153.54004920068436,154657.70477201234,-1317.2576352888718,0.0005,55.8501743337234
2023-01-30,300750,SELL,48.737327584662815,200,9747.465516932563,2.9242396550797687,9.747465516932564,6744.199263456953,2990.5945483035985,0.0005,48.72481461009427
2023-01-30,600036,BUY,35.24006751672109,4900,172676.33083193333,51.802899249579994,0.0,0.0,0.0,0.0005,34.13270595421233
2023-02-06,000001,SELL,7.9520256698143355,1400,11132.83593774007,3.3398507813220206,11.13283593774007,10093.841319217514,1024.5219318034942,0.0005,7.98288880788714
2023-02-06,600519,SELL,49.48821649604631,3300,163311.11443695283,48.99333433108585,163.31111443695283,150828.12570116916,12270.68428701564,0.0005,48.15734625143735
2023-02-06,002594,SELL,198.68038218030566,800,158944.3057442445,47.68329172327335,158.94430574424453,164753.92222947028,-6016.244082693302,0.0005,195.07379326032063
2023-02-06,300750,SELL,49.14681046454022,100,4914.681046454022,1.4744043139362066,4.914681046454023,3372.0996317284767,1536.1923293651548,0.0005,49.158793209851815
2023-02-06,600900,BUY,53.869679395173286,3200,172382.97406455452,51.714892219366355,0.0,0.0,0.0,0.0005,55.2313364453408
2023-02-06,601888,BUY,49.92851821766642,3500,174749.81376183248,52.42494412854974,0.0,0.0,0.0,0.0005,48.35856499106428
2023-02-13,600900,SELL,55.55178891277164,3200,177765.72452086926,53.32971735626077,177.76572452086927,172382.97406455452,5151.655014437594,0.0005,55.28191756217486
2023-02-13,601888,SELL,51.74739265670116,100,5174.739265670116,1.5524217797010347,5.174739265670116,4992.851821766642,175.16028285810262,0.0005,52.76591421192444
2023-02-13,000001,BUY,7.942760242233486,400,3177.1040968933944,0.9531312290680183,0.0,0.0,0.0,0.0005,8.026806662291724
2023-02-13,000858,BUY,39.5019002949952,4400,173808.3612979789,52.14250838939367,0.0,0.0,0.0,0.0005,39.53401514795219
2023-02-13,600036,BUY,35.38631317167438,100,3538.6313171674383,1.0615893951502313,0.0,0.0,0.0,0.0005,34.3577096491757
2023-02-20,000001,SELL,8.005527994551699,200,1601.1055989103397,0.48033167967310186,1.6011055989103398,1441.9773313167877,157.04683031496847,0.0005,8.057951078458414
2023-02-20,601888,SELL,53.39042879484078,100,5339.042879484078,1.6017128638452234,5.3390428794840785,4992.851821766642,339.25030197410706,0.0005,53.27301727427575
2023-02-20,000858,BUY,38.884159916196786,100,3888.4159916196786,1.1665247974859034,0.0,0.0,0.0,0.0005,38.95865090758714
2023-02-20,300750,BUY,48.94538842421154,100,4894.538842421153,1.468361652726346,0.0,0.0,0.0,0.0005,49.6728565594571
2023-02-27,000001,SELL,8.264005151851459,800,6611.204121481167,1.98336123644435,6.611204121481167,5767.909325267151,834.7002308560905,0.0005,8.085962787619877
2023-02-27,300750,SELL,50.85298479102421,200,10170.596958204842,3.051179087461452,10.170596958204841,6744.199263456953,3413.1759187022226,0.0005,49.7223922403104
2023-02-27,000858,BUY,38.173688402362664,100,3817.3688402362664,1.1452106520708798,0.0,0.0,0.0,0.0005,36.99177734087158
2023-02-27,600036,BUY,33.91849385244568,100,3391.8493852445677,1.0175548155733702,0.0,0.0,0.0,0.0005,33.870620721904075
2023-02-27,601888,BUY,50.28149669902602,200,10056.299339805204,3.016889801941561,0.0,0.0,0.0,0.0005,48.28571257570794
2023-03-06,000858,SELL,39.263764440884245,3900,153128.68131944854,45.93860439583456,153.12868131944856,154057.4111504813,-1127.7971167480282,0.0005,40.05158944414472
2023-03-06,600036,SELL,32.98013174118139,4300,141814.56648707998,42.54436994612399,141.81456648708,151532.29032190068,-9902.082771253888,0.0005,33.06956881288883
2023-03-06,601888,SELL,50.58715076115674,3000,151761.45228347022,45.52843568504106,151.76145228347022,149785.55465299927,1778.6077425024414,0.0005,50.64848993428177
2023-03-06,000001,BUY,8.074347428023405,500,4037.1737140117025,1.2111521142035107,0.0,0.0,0.0,0.0005,8.386411299750794
2023-03-06,600519,BUY,45.35811180653842,3200,145145.95778092294,43.54378733427688,0.0,0.0,0.0,0.0005,46.59259178028368
2023-03-06,601318,BUY,57.180779140346786,2500,142951.94785086697,42.885584355260086,0.0,0.0,0.0,0.0005,55.15248008085338
2023-03-06,600900,BUY,56.801932051232285,2500,142004.8301280807,42.60144903842421,0.0,0.0,0.0,0.0005,54.80116223274277
2023-03-13,000001,SELL,8.760529362632154,1300,11388.6881714218,3.4166064514265395,11.3886881714218,9372.852653559119,2001.0302232398317,0.0005,8.751988462378618
2023-03-13,600519,SELL,46.61211053316852,3200,149158.75370613925,44.74762611184177,149.15875370613927,145145.95778092294,3818.8895453983278,0.0005,46.41505552019284
2023-03-13,600036,SELL,32.1541007256174,800,25723.280580493916,7.716984174148174,25.723280580493917,28074.52121244466,-2384.680896705384,0.0005,32.35259242616123
2023-03-13,600900,SELL,55.60270671568404,2500,139006.76678921012,41.702030036763034,139.00676678921013,142004.8301280807,-3178.7721356965776,0.0005,56.03094105272555
2023-03-13,601888,SELL,53.49063762424532,500,26745.318812122663,8.023595643636797,26.745318812122665,25034.854805105133,1675.6950925617712,0.0005,53.32795917630655
2023-03-13,300750,SELL,53.25192999339242,100,5325.192999339242,1.5975578998017725,5.325192999339243,3372.0996317284767,1946.170616711625,0.0005,53.35924726172231
2023-03-13,000858,BUY,39.71876325301628,3800,150931.30036146185,45.27939010843855,0.0,0.0,0.0,0.0005,40.53363424514835
2023-03-13,601318,BUY,56.39883077399758,600,33839.29846439855,10.151789539319564,0.0,0.0,0.0,0.0005,56.60862737710418
2023-03-13,000333,BUY,52.68345724520993,3400,179123.75463371375,53.73712639011412,0.0,0.0,0.0,0.0005,52.60898177236856
2023-03-20,000001,SELL,9.218604611243626,20500,188981.39453049432,56.694418359148294,188.98139453049433,148528.05627995028,40207.66243765439,0.0005,9.172073487362876
2023-03-20,000333,BUY,52.16866149615239,100,5216.866149615239,1.5650598448845716,0.0,0.0,0.0,0.0005,50.97939183722376
2023-03-20,601888,BUY,54.86447882530529,3300,181052.78012350746,54.315834037052234,0.0,0.0,0.0,0.0005,55.53426006867048
2023-03-20,300750,BUY,53.354179758783786,100,5335.4179758783785,1.6006253927635135,0.0,0.0,0.0,0.0005,53.65980869369674
2023-03-27,000858,SELL,41.33409142828364,100,4133.409142828365,1.2400227428485093,4.133409142828365,3950.1900294995203,177.84568144316745,0.0005,40.68141393410306
2023-03-27,601318,SELL,56.30245021798585,3100,174537.59567575614,52.361278702726835,174.53759567575614,176791.2463152655,-2480.549513887876,0.0005,59.58314886283125
2023-03-27,000333,SELL,51.896619944773526,3500,181638.16980670733,54.49145094201219,181.63816980670734,184340.62078332898,-2938.580597370368,0.0005,53.57630297305352
2023-03-27,000001,BUY,9.071679056625172,20100,182340.74903816596,54.70222471144978,0.0,0.0,0.0,0.0005,9.245307255715115
2023-03-27,600900,BUY,54.189848042021836,3300,178826.49853867205,53.647949561601614,0.0,0.0,0.0,0.0005,54.15880927013122
2023-04-03,000001,SELL,9.15922542340829,300,2747.7676270224874,0.8243302881067461,2.7477676270224873,2721.5037169875513,22.691812119806855,0.0005,9.248885475488512
2023-04-03,000858,SELL,42.11207272665747,100,4211.207272665747,1.263362181799724,4.211207272665747,3950.1900294995203,255.54267371176138,0.0005,42.789644464502935
2023-04-03,600900,SELL,53.42214079439094,3300,176293.0646214901,52.887919386447024,176.29306462149012,178826.49853867205,-2762.614901189867,0.0005,53.67512638175207
2023-04-03,300750,SELL,53.95821818297615,100,5395.821818297614,1.6187465454892842,5.395821818297614,3372.0996317284767,2016.7076182053502,0.0005,54.3536747738745
2023-04-03,600519,BUY,47.531697123070906,3800,180620.44906766945,54.186134720300835,0.0,0.0,0.0,0.0005,46.54942428846672
2023-04-03,601888,BUY,51.393492507214326,200,10278.698501442865,3.0836095504328593,0.0,0.0,0.0,0.0005,52.34518769667817
2023-04-10,000001,SELL,8.355789294561271,16300,136199.36550134872,40.859809650404614,136.19936550134872,147868.3686229903,-11846.06229679333,0.0005,8.449951143157335
2023-04-10,600519,SELL,43.55786401061365,3200,139385.16483396367,41.815549450189096,139.38516483396367,152101.4307938269,-12897.466674147407,0.0005,42.896186291427206
2023-04-10,000858,SELL,41.11607720445348,100,4111.607720445349,1.2334823161336044,4.111607720445349,3950.1900294995203,156.07260090924956,0.0005,41.1489113971586
2023-04-10,601888,SELL,52.38162827411273,3000,157144.88482233818,47.14346544670145,157.14488482233818,164593.43647591586,-7652.840003846737,0.0005,52.21983155873997
2023-04-10,300750,SELL,55.92856868649427,200,11185.713737298855,3.355714121189656,11.185713737298855,6744.199263456953,4426.973045983413,0.0005,57.57619347026923
2023-04-10,600036,BUY,34.02159125293696,4300,146292.84238762892,43.88785271628867,0.0,0.0,0.0,0.0005,34.37199985390543
2023-04-10,000333,BUY,55.055144542581296,2600,143143.37581071138,42.94301274321341,0.0,0.0,0.0,0.0005,55.25443359542355
2023-04-10,600900,BUY,54.26717794040332,2700,146521.38043908897,43.95641413172669,0.0,0.0,0.0,0.0005,55.50531167480933
2023-04-17,000001,SELL,8.828518758800858,3500,30899.815655803002,9.2699446967409,30.899815655803003,31750.8766981881,-891.2308027376457,0.0005,9.065169199437657
2023-04-17,600519,SELL,41.402741343068016,600,24841.64480584081,7.452493441752242,24.84164480584081,28519.018273842543,-3709.667606249328,0.0005,41.301845237225365
2023-04-17,601888,SELL,53.30638745955268,500,26653.19372977634,7.995958118932902,26.65319372977634,26738.042149034452,-119.49757110682185,0.0005,52.1503412580341
2023-04-17,300750,SELL,60.31989556110177,100,6031.989556110177,1.8095968668330529,6.031989556110177,3372.0996317284767,2652.0483379587563,0.0005,61.58527417432672
2023-04-17,000858,BUY,42.21359081352304,100,4221.359081352304,1.266407724405691,0.0,0.0,0.0,0.0005,42.36779150702009
2023-04-17,600036,BUY,36.077011807696074,700,25253.90826538725,7.576172479616174,0.0,0.0,0.0,0.0005,35.47104099285943
2023-04-17,000333,BUY,56.14977966397624,600,33689.86779838574,10.106960339515721,0.0,0.0,0.0,0.0005,55.59032288233506
2023-04-17,600900,BUY,56.19439336666841,500,28097.196683334205,8.42915900500026,0.0,0.0,0.0,0.0005,57.16893056576724
2023-04-24,000858,SELL,43.67533075002641,100,4367.533075002641,1.3102599225007923,4.367533075002641,3950.1900294995203,411.665252505617,0.0005,42.66719319160355
2023-04-24,600036,SELL,33.17164425114486,5000,165858.22125572432,49.75746637671729,165.85822125572432,171546.75065301618,-5904.1450849243265,0.0005,34.287318750886605
2023-04-24,300750,SELL,66.46945798384073,300,19940.83739515222,5.982251218545665,19.94083739515222,10116.29889518543,9798.615411353092,0.0005,69.06472960360169
2023-04-24,000001,BUY,8.896523572517154,20800,185047.6903083568,55.51430709250704,0.0,0.0,0.0,0.0005,9.032217317375313
2023-04-24,000333,BUY,54.9523428604815,100,5495.23428604815,1.6485702858144449,0.0,0.0,0.0,0.0005,54.42312950293245
2023-05-01,000001,SELL,8.643505989487247,20800,179784.92458133475,53.93547737440042,179.78492458133476,185047.6903083568,-5496.486128977791,0.0005,8.63854398525132
2023-05-01,000858,SELL,44.483147748446406,100,4448.314774844641,1.334494432453392,4.448314774844641,3950.1900294995203,492.3419361378228,0.0005,45.86626368426884
2023-05-01,600900,SELL,57.89915840869439,100,5789.915840869439,1.7369747522608316,5.78991584086944,5426.717794040333,355.6711562359769,0.0005,56.79908100547922
2023-05-01,000333,BUY,53.309556810235925,100,5330.955681023593,1.5992867043070778,0.0,0.0,0.0,0.0005,51.55041584868977
2023-05-01,002594,BUY,166.8322248763617,1000,166832.2248763617,50.0496674629085,0.0,0.0,0.0,0.0005,163.7678198394109
2023-05-01,300750,BUY,63.83148835907826,100,6383.148835907826,1.9149446507723475,0.0,0.0,0.0,0.0005,65.41952755966011
2023-05-08,002594,SELL,163.62910238786267,1000,163629.1023878627,49.0887307163588,163.6291023878627,166832.2248763617,-3415.840321603231,0.0005,168.12890007524885
2023-05-08,600900,SELL,60.7048343180046,200,12140.96686360092,3.6422900590802754,12.14096686360092,10853.435588080665,1271.7480185975728,0.0005,60.72456975492247
2023-05-08,600036,BUY,37.29725157466256,4800,179026.8075583803,53.70804226751409,0.0,0.0,0.0,0.0005,37.400333270197095
2023-05-08,000333,BUY,50.35512574619298,200,10071.025149238596,3.0213075447715787,0.0,0.0,0.0,0.0005,50.59554831077956
2023-05-15,000858,SELL,46.03959114348422,200,9207.918228696844,2.762375468609053,9.207918228696844,7705.7848318559445,1490.1631031435954,0.0005,47.25005198670862
2023-05-15,600036,SELL,35.74360478790044,4800,171569.3029819221,51.47079089457663,171.5693029819221,179026.8075583803,-7680.544670334697,0.0005,35.51262855602734
2023-05-15,000333,SELL,51.82590200545386,3600,186573.2472196339,55.97197416589016,186.57324721963388,197730.45872540746,-11399.756727159081,0.0005,53.64416852142643
2023-05-15,300750,SELL,64.96391209897497,100,6496.391209897497,1.948917362969249,6.496391209897497,3372.0996317284767,3115.846269596154,0.0005,66.39460683033776
2023-05-15,600519,BUY,42.57858964796289,4200,178830.07652144416,53.64902295643324,0.0,0.0,0.0,0.0005,43.720003184021
2023-05-15,002594,BUY,159.23087845059877,1100,175153.96629565864,52.54618988869759,0.0,0.0,0.0,0.0005,158.35542348193985
2023-05-15,600900,BUY,57.96377328649854,200,11592.754657299707,3.477826397189912,0.0,0.0,0.0,0.0005,56.23784524541393
2023-05-22,600519,SELL,44.87889098535628,200,8975.778197071255,2.692733459121376,8.975778197071255,8515.717929592578,448.3917558224839,0.0005,44.68301246587707
2023-05-22,000858,SELL,47.08821628555895,100,4708.821628555895,1.4126464885667682,4.708821628555895,3971.8763253016277,730.8238351371447,0.0005,46.108806431536365
2023-05-22,002594,SELL,150.1495032231595,1100,165164.45354547547,49.549336063642635,165.16445354547548,175153.96629565864,-10204.22653979229,0.0005,147.74741616639062
2023-05-22,600036,BUY,39.17305032211121,4600,180196.03148171157,54.058809444513464,0.0,0.0,0.0,0.0005,39.02502712216136
2023-05-29,600519,SELL,49.220486789952005,200,9844.0973579904,2.95322920739712,9.8440973579904,8515.717929592578,1315.582101832435,0.0005,48.692525434769486
2023-05-29,600900,SELL,57.08208506110395,3100,176954.46368942226,53.08633910682668,176.95446368942225,169931.17839760188,6793.24448902416,0.0005,55.7508228835892
2023-05-29,000858,BUY,47.00100209618213,200,9400.200419236426,2.8200601257709272,0.0,0.0,0.0,0.0005,46.709295530642
2023-05-29,000333,BUY,53.32478366364607,3500,186636.74282276127,55.99102284682838,0.0,0.0,0.0,0.0005,52.56892997536993
2023-06-05,600519,SELL,51.07932619792685,200,10215.86523958537,3.0647595718756104,10.21586523958537,8515.717929592578,1686.8666851813305,0.0005,50.7805581743452
2023-06-05,000858,SELL,42.06452382744479,4000,168258.09530977916,50.47742859293375,168.25809530977918,160580.98353674897,7458.376249127468,0.0005,42.15813126530372
2023-06-05,000333,SELL,54.976245963613756,100,5497.624596361376,1.6492873789084126,5.4976245963613755,5332.478366364608,157.99931802149786,0.0005,56.319615560663145
2023-06-05,300750,SELL,70.39273168294972,100,7039.273168294972,2.111781950488491,7.039273168294971,3372.0996317284767,3658.022481447711,0.0005,70.58498545002277
2023-06-05,601888,BUY,47.19268452420957,3900,184051.46964441732,55.21544089332519,0.0,0.0,0.0,0.0005,46.21868285382442
2023-06-12,000333,SELL,55.90112735746223,100,5590.112735746223,1.6770338207238666,5.590112735746223,5332.478366364608,250.36722282514438,0.0005,54.78006999837324
2023-06-12,601888,SELL,48.20485904634393,100,4820.485904634393,1.4461457713903176,4.820485904634393,4719.268452420957,94.95082053741044,0.0005,49.32035259091274
2023-06-12,600519,BUY,48.22319264239474,200,9644.638528478949,2.8933915585436845,0.0,0.0,0.0,0.0005,48.68950699005202
2023-06-12,600036,BUY,39.523561681727436,100,3952.3561681727438,1.1857068504518231,0.0,0.0,0.0,0.0005,40.01710621084092
2023-06-19,600519,SELL,47.976611573051144,3800,182311.12397759434,54.693337193278296,182.31112397759435,162927.56126114537,19146.558255278098,0.0005,50.19333334522624
2023-06-19,000001,BUY,9.596859350158956,19700,189058.12919813144,56.717438759439425,0.0,0.0,0.0,0.0005,9.695613763876793
2023-06-26,600036,SELL,43.06607709352852,400,17226.430837411408,5.167929251223422,17.22643083741141,15669.220128844483,1534.8163484782908,0.0005,44.09798861208322
2023-06-26,601888,SELL,50.17442404408608,100,5017.442404408608,1.5052327213225822,5.017442404408608,4719.268452420957,291.65127686191954,0.0005,49.17537466646337
2023-06-26,000001,BUY,9.34046640575384,400,3736.186562301536,1.1208559686904607,0.0,0.0,0.0,0.0005,9.042200049320323
2023-06-26,000333,BUY,54.022041228542456,100,5402.204122854246,1.6206612368562736,0.0,0.0,0.0,0.0005,53.9334290656709
2023-06-26,300750,BUY,69.07484425290902,100,6907.4844252909015,2.0722453275872703,0.0,0.0,0.0,0.0005,68.92281775829882
2023-07-03,000001,SELL,9.053231761603227,20100,181969.95840822486,54.59098752246745,181.96995840822487,192794.31576043298,-11060.9182981388,0.0005,8.95656606356181
2023-07-03,000333,SELL,54.77178038753029,100,5477.178038753029,1.6431534116259086,5.477178038753029,5332.478366364608,137.57934093804306,0.0005,56.515607266293394
2023-07-03,002594,BUY,156.86059224251366,1100,172546.65146676503,51.763995440029504,0.0,0.0,0.0,0.0005,154.39887070490468
2023-07-10,000333,SELL,54.9119570270891,3300,181209.45818939403,54.362837456818205,181.20945818939404,176041.5118465217,4932.374047226127,0.0005,56.8122322615185
2023-07-10,600519,BUY,52.12633532510901,3500,182442.17363788153,54.73265209136445,0.0,0.0,0.0,0.0005,49.65501687801788
2023-07-10,300750,BUY,63.489922056563955,100,6348.9922056563955,1.9046976616969185,0.0,0.0,0.0,0.0005,59.16109475755856
2023-07-17,600036,SELL,43.66801207996302,100,4366.801207996302,1.3100403623988905,4.366801207996302,3917.3050322111208,443.8193342147865,0.0005,42.33439756223192
2023-07-17,601888,SELL,51.41346800080076,100,5141.346800080076,1.5424040400240226,5.1413468000800755,4719.268452420957,415.3945968190146,0.0005,49.43335324666603
2023-07-17,300750,SELL,60.3299513752787,2800,168923.86385078038,50.67715915523411,168.92386385078038,111356.38427866888,57347.87854910552,0.0005,60.89699139577962
2023-07-17,600519,BUY,50.73815290106178,100,5073.8152901061785,1.5221445870318535,0.0,0.0,0.0,0.0005,50.00484833568251
2023-07-17,000858,BUY,49.54033118257336,3700,183299.22537552143,54.98976761265642,0.0,0.0,0.0,0.0005,49.96432557502658
2023-07-24,000858,SELL,50.33014071428715,200,10066.028142857429,3.0198084428572285,10.066028142857428,9908.066236514673,144.87606975704148,0.0005,50.29487166887431
2023-07-24,600036,SELL,42.16599534897968,4200,177097.18046571466,53.129154139714394,177.09718046571467,164561.8624888287,12305.091642280546,0.0005,41.8578206285473
2023-07-24,002594,SELL,168.61221912252776,100,16861.221912252775,5.058366573675832,16.861221912252777,15686.059224251367,1153.2430995154791,0.0005,168.15325612838055
2023-07-24,601888,SELL,46.89158926397023,3600,168809.72135029285,50.64291640508785,168.80972135029285,169893.66428715445,-1303.3955746169668,0.0005,47.14059995904643
2023-07-24,000333,BUY,58.129241020237735,3100,180200.64716273698,54.06019414882109,0.0,0.0,0.0,0.0005,59.08260545735021
2023-07-24,600900,BUY,64.08726209256228,2800,179444.3338591744,53.83330015775231,0.0,0.0,0.0,0.0005,64.53888398646902
2023-07-31,600519,SELL,46.06894006332797,3600,165848.1842279807,49.7544552683942,165.8481842279807,187515.9889279877,-21883.40733950335,0.0005,46.36552071481045
2023-07-31,000858,SELL,52.63341023682821,100,5263.341023682821,1.5790023071048462,5.2633410236828215,4954.033118257336,302.4655620946969,0.0005,52.36889898913306
2023-07-31,000333,SELL,62.834915381196886,200,12566.983076239378,3.770094922871813,12.566983076239378,11625.848204047546,924.7977941927202,0.0005,61.46222644539014
2023-07-31,601888,BUY,47.14391788662716,3800,179146.8879691832,53.74406639075496,0.0,0.0,0.0,0.0005,48.26486672788259
2023-08-07,600900,SELL,69.35760915517771,200,13871.521831035543,4.161456549310663,13.871521831035544,12817.452418512457,1036.0364341427394,0.0005,67.52115294087012
2023-08-07,000333,BUY,62.13826746896321,100,6213.82674689632,1.864148024068896,0.0,0.0,0.0,0.0005,61.64093461797688
2023-08-07,601888,BUY,46.80977720625506,100,4680.977720625507,1.4042933161876519,0.0,0.0,0.0,0.0005,47.117077690493645
2023-08-14,000858,SELL,56.55086809620092,100,5655.086809620092,1.6965260428860274,5.655086809620093,4954.033118257336,693.7020785102495,0.0005,54.915505918506646
2023-08-14,601888,SELL,48.3051695275183,3900,188390.1611573214,56.517048347196415,188.3901611573214,183827.8656898087,4317.38825800817,0.0005,47.15820446686037
2023-08-14,002594,BUY,170.40194719962187,100,17040.194719962186,5.112058415988655,0.0,0.0,0.0,0.0005,168.09512344067767
2023-08-14,600900,BUY,68.80494351516703,100,6880.494351516702,2.0641483054550105,0.0,0.0,0.0,0.0005,68.97868398598762
2023-08-14,300750,BUY,59.68740562742907,3100,185030.95744503013,55.509287233509035,0.0,0.0,0.0,0.0005,59.82486434694385
2023-08-21,000333,SELL,64.03220047002814,100,6403.220047002815,1.9209660141008442,6.403220047002815,5812.924102023773,581.9717589179381,0.0005,63.67986500322109
2023-08-21,600900,SELL,69.80662586081932,100,6980.662586081932,2.0941987758245797,6.980662586081932,6408.726209256229,562.8615154637973,0.0005,69.9081855054003
2023-08-21,300750,SELL,60.69403101367304,3100,188151.49614238643,56.445448842715926,188.15149614238643,185030.95744503013,2875.9417523712036,0.0005,62.12323735071224
2023-08-21,000858,BUY,52.96526522419269,200,10593.053044838538,3.177915913451561,0.0,0.0,0.0,0.0005,52.0025648851093
2023-08-21,601888,BUY,51.15633558720505,3600,184162.80811393817,55.24884243418145,0.0,0.0,0.0,0.0005,50.9254161393102
2023-08-28,002594,SELL,177.9369490733489,1100,195730.6439806838,58.71919319420513,195.7306439806838,173900.78696247586,21575.40718103305,0.0005,181.887689377719
2023-08-28,601888,SELL,52.7258029987598,100,5272.58029987598,1.581774089962794,5.2725802998759805,5115.633558720505,150.09238676563655,0.0005,51.52639384371225
2023-08-28,600519,BUY,55.1293292211938,3400,187439.71935205892,56.231915805617675,0.0,0.0,0.0,0.0005,54.785769677954406
2023-08-28,600900,BUY,66.78986081315176,200,13357.972162630353,4.007391648789105,0.0,0.0,0.0,0.0005,67.48892525725114
2023-09-04,000858,SELL,52.87974350586222,3500,185079.1022705178,55.523730681155335,185.07910227051778,174076.14594733063,10762.353490235488,0.0005,53.55344440056973
2023-09-04,600900,SELL,69.9118403327046,100,6991.18403327046,2.0973552099811377,6.99118403327046,6408.726209256229,573.369284770979,0.0005,69.72360962766142
2023-09-04,600519,BUY,54.45864090141607,100,5445.8640901416065,1.6337592270424819,0.0,0.0,0.0,0.0005,54.22621966735448
2023-09-04,600036,BUY,42.10518721805329,4500,189473.3424812398,56.84200274437193,0.0,0.0,0.0,0.0005,41.41572373123988
2023-09-04,601888,BUY,53.0980088515778,100,5309.800885157781,1.5929402655473341,0.0,0.0,0.0,0.0005,52.4461485590746
2023-09-11,600519,SELL,56.753714218581415,200,11350.742843716283,3.4052228531148847,11.350742843716283,11025.86584423876,310.1210337806915,0.0005,56.37333991957916
2023-09-11,600036,SELL,40.002479948271834,4500,180011.15976722326,54.003347930166974,180.01115976722326,189473.3424812398,-9696.197221713926,0.0005,40.73399358175578
2023-09-11,002594,BUY,181.7283984121789,1000,181728.3984121789,54.518519523653666,0.0,0.0,0.0,0.0005,175.97431271379097
2023-09-11,601888,BUY,50.09149856848112,100,5009.149856848112,1.5027449570544336,0.0,0.0,0.0,0.0005,50.65191560008304
2023-09-18,600519,SELL,56.22175037647656,100,5622.175037647656,1.6866525112942965,5.622175037647656,5512.93292211938,101.93328797933282,0.0005,55.64736830923246
2023-09-18,000333,SELL,60.960448136386475,2900,176785.29959552077,53.035589878656225,176.78529959552077,168975.701603562,7579.777102484601,0.0005,60.95526749763633
2023-09-18,600900,SELL,69.59886929814817,100,6959.886929814817,2.087966078944445,6.959886929814817,6408.726209256229,542.1128675498294,0.0005,68.98674529026226
2023-09-18,601888,SELL,48.2956120837762,3700,178693.76470997193,53.60812941299157,178.69376470997193,189366.12529722357,-10904.662481374602,0.0005,48.42520452579405
2023-09-18,000858,BUY,55.48624911096263,3300,183104.62206617667,54.931386619852994,0.0,0.0,0.0,0.0005,56.21350153110919
2023-09-18,600036,BUY,41.26844794548268,4400,181581.17096012377,54.47435128803713,0.0,0.0,0.0,0.0005,41.39892507967614
2023-09-25,600036,SELL,39.56264448837205,4400,174075.63574883703,52.2226907246511,174.07563574883704,181581.17096012377,-7731.83353776022,0.0005,39.45177112851001
2023-09-25,002594,SELL,196.97049820590422,100,19697.049820590422,5.909114946177126,19.697049820590422,18172.83984121789,1498.6038146057617,0.0005,193.11724349572623
2023-09-25,600519,BUY,55.73186085651292,100,5573.186085651291,1.6719558256953873,0.0,0.0,0.0,0.0005,55.66928621219665
2023-09-25,000858,BUY,53.714117500556796,100,5371.4117500556795,1.6114235250167037,0.0,0.0,0.0,0.0005,51.90873046851876
2023-09-25,601318,BUY,30.537140239856303,6000,183222.84143913782,54.96685243174134,0.0,0.0,0.0,0.0005,29.43666495578602
2023-10-02,600519,SELL,56.91565970385498,100,5691.565970385498,1.7074697911156493,5.691565970385498,5512.93292211938,171.23401250461666,0.0005,57.42768610901071
2023-10-02,601318,SELL,31.9808592672536,300,9594.25778017608,2.878277334052824,9.59425778017608,9161.14207195689,420.6431731049597,0.0005,31.990304982948278
2023-10-02,000858,BUY,49.937036236531505,200,9987.4072473063,2.9962221741918897,0.0,0.0,0.0,0.0005,51.60508330317639
2023-10-09,000858,SELL,50.80493664498845,3600,182897.77192195843,54.86933157658752,182.89777192195842,198463.44106353866,-15803.436245078803,0.0005,51.95717664439072
2023-10-09,600900,SELL,71.36417772073564,100,7136.417772073564,2.140925331622069,7.136417772073564,6408.726209256229,718.4142197136398,0.0005,72.07087697024834
2023-10-09,600519,BUY,54.61986244139108,100,5461.986244139108,1.6385958732417323,0.0,0.0,0.0,0.0005,55.91168714333348
2023-10-09,300750,BUY,50.401659672557656,3600,181445.97482120755,54.43379244636226,0.0,0.0,0.0,0.0005,51.27264759452835
2023-10-16,600519,SELL,57.94307789493953,100,5794.307789493952,1.7382923368481855,5.794307789493953,5512.93292211938,273.8422672482302,0.0005,57.15697716622513
2023-10-16,601318,SELL,34.1251217053893,200,6825.024341077859,2.0475073023233574,6.825024341077859,6107.428047971261,708.7237614631977,0.0005,34.382809441616445
2023-10-16,300750,SELL,52.66931155268111,3600,189609.521589652,56.88285647689559,189.609521589652,181445.97482120755,7917.054390377889,0.0005,53.098082631208975
2023-10-16,600900,BUY,71.7711667622876,100,7177.11667622876,2.153135002868628,0.0,0.0,0.0,0.0005,71.93568353411014
2023-10-16,601888,BUY,51.93007843723923,3600,186948.28237406124,56.08448471221837,0.0,0.0,0.0,0.0005,51.734905923011546
2023-10-23,601318,SELL,38.020626055047636,500,19010.313027523818,5.703093908257145,19.010313027523818,15268.570119928152,3717.0295006598844,0.0005,36.92974445521743
2023-10-23,002594,SELL,174.05522441261877,900,156649.7019713569,46.99491059140707,156.6497019713569,163555.558570961,-7109.501212166855,0.0005,182.67363523438357
2023-10-23,600519,BUY,57.33307549838805,100,5733.307549838805,1.7199922649516415,0.0,0.0,0.0,0.0005,57.33926937621428
2023-10-23,000333,BUY,59.70049863461443,3200,191041.59563076618,57.31247868922985,0.0,0.0,0.0,0.0005,60.48583730033795
2023-10-30,600519,SELL,63.38183868618193,300,19014.55160585458,5.704365481756374,19.01455160585458,16538.79876635814,2451.0339224088275,0.0005,63.25747431705943
2023-10-30,000333,SELL,58.09128643019694,3200,185892.11657663021,55.76763497298906,185.89211657663023,191041.59563076618,-5391.138805685594,0.0005,58.93249679315884
2023-10-30,000858,BUY,52.24946254464186,3600,188098.06516071068,56.429419548213204,0.0,0.0,0.0,0.0005,52.60435302445418
2023-10-30,601318,BUY,36.76879770087797,200,7353.759540175593,2.2061278620526776,0.0,0.0,0.0,0.0005,36.84594412559341
2023-11-06,000858,SELL,57.05194516667406,3600,205387.0026000266,61.616100780007976,205.38700260002662,188098.06516071068,17021.93433593589,0.0005,59.378334327493945
2023-11-06,601888,SELL,57.70282967062625,200,11540.56593412525,3.462169780237575,11.540565934125251,10386.015687447847,1139.5475109630406,0.0005,57.31942111046703
2023-11-06,600519,BUY,62.97336671500464,100,6297.336671500464,1.889201001450139,0.0,0.0,0.0,0.0005,63.468197031952016
2023-11-06,601318,BUY,37.77454307180046,100,3777.454307180046,1.1332362921540136,0.0,0.0,0.0,0.0005,38.383191675849325
2023-11-06,000333,BUY,58.55773268448951,3400,199096.29112726433,59.72888733817929,0.0,0.0,0.0,0.0005,58.76939499678511
2023-11-06,600900,BUY,70.5788165301916,200,14115.76330603832,4.234728991811496,0.0,0.0,0.0,0.0005,74.27268603518414
2023-11-13,601318,SELL,38.385623492862074,200,7677.124698572415,2.303137409571724,7.677124698572415,6107.428047971261,1559.7163884930096,0.0005,38.31090962502768
2023-11-13,600900,SELL,72.28115575271815,2800,202387.2361076108,60.71617083228324,202.38723610761082,182523.32310005114,19600.809600619774,0.0005,71.1073126666966
2023-11-13,600519,BUY,61.73779967228827,100,6173.7799672288265,1.8521339901686478,0.0,0.0,0.0,0.0005,62.387186565327234
2023-11-13,000858,BUY,58.12719490683975,3400,197632.46268325514,59.28973880497654,0.0,0.0,0.0,0.0005,60.38622666367842
2023-11-13,000333,BUY,56.60689049501262,100,5660.689049501262,1.6982067148503786,0.0,0.0,0.0,0.0005,57.17441865681465
2023-11-13,601888,BUY,55.73497429791235,100,5573.497429791235,1.6720492289373703,0.0,0.0,0.0,0.0005,55.33927097301803
2023-11-20,600519,SELL,64.90213125113318,200,12980.426250226637,3.894127875067991,12.980426250226637,11025.86584423876,1937.6858518625813,0.0005,65.96490457248963
2023-11-20,000858,SELL,63.986390083569084,400,25594.556033427634,7.678366810028289,25.594556033427637,23250.8779627359,2310.405147848276,0.0005,61.87500820656739
2023-11-20,000333,SELL,54.076432837678944,3500,189267.5149318763,56.780254479562885,189.2675149318763,204756.9801767656,-15735.513014300726,0.0005,54.44524519600814
2023-11-20,601318,BUY,35.931286237601846,300,10779.385871280554,3.233815761384166,0.0,0.0,0.0,0.0005,35.999677130149024
2023-11-20,600900,BUY,71.86493696707244,2700,194035.32981109558,58.21059894332867,0.0,0.0,0.0,0.0005,68.47732351854704
2023-11-20,601888,BUY,51.31694687402401,300,15395.084062207203,4.61852521866216,0.0,0.0,0.0,0.0005,50.99912723272705
2023-11-27,600900,SELL,69.31283870293336,2700,187144.66449792008,56.14339934937602,187.14466449792008,194035.32981109558,-7133.953377022815,0.0005,70.76050641911404
2023-11-27,601888,SELL,53.67026472878091,200,10734.05294575618,3.220215883726854,10.734052945756181,10386.015687447847,334.08298947885123,0.0005,54.10239444200708
2023-11-27,601318,BUY,35.090112288010445,100,3509.0112288010446,1.0527033686403133,0.0,0.0,0.0,0.0005,34.89236923285914
2023-11-27,002594,BUY,183.89024900958722,1000,183890.24900958722,55.167074702876164,0.0,0.0,0.0,0.0005,184.07697766453967
2023-12-04,600519,SELL,68.07975413641518,100,6807.975413641518,2.042392624092455,6.807975413641517,5512.93292211938,1286.192123484403,0.0005,66.73328435355393
2023-12-04,000858,SELL,70.59813335794597,200,14119.626671589194,4.2358880014767575,14.119626671589195,11625.43898136795,2475.8321755481793,0.0005,72.28441584590341
2023-12-04,601888,SELL,53.93873929121834,3600,194179.46144838602,58.2538384345158,194.17946144838604,187144.83249116398,6782.195657339122,0.0005,55.16225671148522
2023-12-04,601318,BUY,36.04864398088282,100,3604.864398088282,1.0814593194264845,0.0,0.0,0.0,0.0005,36.33068566848843
2023-12-04,002594,BUY,180.29168087715595,100,18029.168087715596,5.408750426314678,0.0,0.0,0.0,0.0005,178.93708364288807
2023-12-04,600900,BUY,68.86212624332363,2900,199700.16610563852,59.91004983169155,0.0,0.0,0.0,0.0005,67.53857361261777
2023-12-11,600519,SELL,72.27894994409958,200,14455.789988819915,4.336736996645974,14.455789988819916,11025.86584423876,3411.131617595689,0.0005,73.62825078273166
2023-12-11,002594,SELL,171.72088151273016,1100,188892.96966400318,56.66789089920095,188.89296966400318,201919.41709730282,-13272.008293862862,0.0005,167.70427183810727
2023-12-11,600900,SELL,64.40140326842577,2900,186764.0694784347,56.02922084353041,186.76406947843472,199700.16610563852,-13178.889917525783,0.0005,64.93650826875653
2023-12-11,000333,BUY,53.99536287311119,3700,199782.8426305114,59.93485278915342,0.0,0.0,0.0,0.0005,53.44112434375755
2023-12-11,601888,BUY,55.44129898270784,3600,199588.67633774824,59.87660290132447,0.0,0.0,0.0,0.0005,55.48540725800922
2023-12-18,600519,SELL,79.08966870275046,200,15817.933740550092,4.745380122165027,15.817933740550092,11025.86584423876,4771.504582448615,0.0005,81.94535100557637
2023-12-18,601888,SELL,58.549439005919396,200,11709.887801183879,3.512966340355163,11.709887801183879,11088.259796541568,606.4051505007719,0.0005,58.619660696977135
2023-12-18,601318,BUY,35.25593345831987,200,7051.186691663975,2.115356007499192,0.0,0.0,0.0,0.0005,36.19554711592384
2023-12-18,000333,BUY,53.02914180607907,100,5302.914180607907,1.590874254182372,0.0,0.0,0.0,0.0005,54.41854268280767
2023-12-25,601318,SELL,38.14926289928173,200,7629.852579856346,2.2889557739569035,7.629852579856347,6107.428047971261,1512.5057235312715,0.0005,37.9401208467924
2023-12-25,000858,BUY,72.56120269641987,100,7256.120269641987,2.176836080892596,0.0,0.0,0.0,0.0005,73.82474643238503
2023-12-25,000333,BUY,54.73213309467937,100,5473.213309467937,1.6419639928403809,0.0,0.0,0.0,0.0005,55.79265391638491
2024-01-01,000333,SELL,55.542737139437406,100,5554.27371394374,1.6662821141831219,5.554273713943741,5399.536287311119,147.51687080449392,0.0005,56.94007502720249
2024-01-01,601888,SELL,63.84482739101798,100,6384.482739101798,1.9153448217305393,6.384482739101798,5544.129898270784,832.0530132701815,0.0005,63.76324228103578
2024-01-01,600519,BUY,79.96147649700735,100,7996.147649700735,2.39884429491022,0.0,0.0,0.0,0.0005,83.01544605770975
2024-01-01,601318,BUY,37.580592798187226,100,3758.0592798187226,1.1274177839456168,0.0,0.0,0.0,0.0005,37.51768228373635
2024-01-08,600519,SELL,90.81177569844378,200,18162.355139688756,5.448706541906627,18.162355139688756,11025.86584423876,7112.878233768402,0.0005,90.65974515763048
2024-01-08,000333,SELL,55.09728112019822,3800,209369.66825675324,62.81090047702597,209.36966825675324,205159.43383327615,3938.05385474331,0.0005,56.82678925923656
2024-01-08,000858,BUY,73.69459961671654,100,7369.459961671654,2.210837988501496,0.0,0.0,0.0,0.0005,75.47453152036204
2024-01-08,601318,BUY,38.45113548378709,100,3845.1135483787093,1.1535340645136127,0.0,0.0,0.0,0.0005,37.77621280313781
2024-01-08,600036,BUY,34.14062931757772,6500,221914.09056425517,66.57422716927654,0.0,0.0,0.0,0.0005,33.324453214752324
2024-01-15,601318,SELL,39.92889385258425,300,11978.668155775276,3.5936004467325824,11.978668155775276,9161.14207195689,2801.9538152158766,0.0005,40.2804912850743
2024-01-15,600036,SELL,33.32634360448898,6500,216621.2334291784,64.98637002875351,216.6212334291784,221914.09056425517,-5574.464738534705,0.0005,32.95040333306932
2024-01-15,600519,BUY,87.57899465077628,100,8757.899465077628,2.627369839523288,0.0,0.0,0.0,0.0005,90.87877864938196
2024-01-15,002594,BUY,181.5818792180948,1200,217898.25506171375,65.36947651851412,0.0,0.0,0.0,0.0005,183.20990467576817
2024-01-22,600519,SELL,89.04772099863483,100,8904.772099863483,2.6714316299590446,8.904772099863484,5512.93292211938,3380.26297401428,0.0005,89.99353016087491
2024-01-22,601888,SELL,69.73674464897688,200,13947.348929795377,4.184204678938612,13.947348929795377,11088.259796541568,2840.9575796450736,0.0005,71.02652557218052
2024-01-22,002594,BUY,170.2271756862252,100,17022.71756862252,5.106815270586756,0.0,0.0,0.0,0.0005,171.36424918096887
2024-01-29,000858,SELL,71.31217180890874,3000,213936.51542672623,64.18095462801786,213.93651542672623,177381.7259704649,36276.67198620658,0.0005,73.08860506505673
2024-01-29,601318,SELL,40.25655309209524,100,4025.6553092095237,1.207696592762857,4.025655309209524,3053.7140239856303,966.7079333219212,0.0005,39.311086743662045
2024-01-29,002594,SELL,163.52419448195232,1300,212581.452826538,63.7744358479614,212.581452826538,234920.97263033627,-22615.875692472764,0.0005,164.78693438703658
2024-01-29,601888,SELL,73.14506016642227,100,7314.506016642227,2.194351804992668,7.314506016642228,5544.129898270784,1760.8672605498077,0.0005,74.91575402297772
2024-01-29,000001,BUY,6.292809115181512,35100,220877.59994287108,66.26327998286132,0.0,0.0,0.0,0.0005,6.231220369831685
2024-01-29,600519,BUY,87.87923241771927,100,8787.923241771927,2.6363769725315778,0.0,0.0,0.0,0.0005,88.00018313041247
2024-01-29,000333,BUY,55.45270929256884,3900,216265.56624101847,64.87966987230554,0.0,0.0,0.0,0.0005,53.45375070930249
2024-02-05,000001,SELL,6.1992237918242825,35100,217592.75509303232,65.2778265279097,217.59275509303234,220877.59994287108,-3567.7154314597137,0.0005,6.128789475229422
2024-02-05,601888,SELL,72.42365063025503,100,7242.365063025502,2.1727095189076504,7.2423650630255025,5544.129898270784,1688.820090172785,0.0005,73.88969356247966
2024-02-05,601318,BUY,39.215284321540544,100,3921.5284321540544,1.1764585296462162,0.0,0.0,0.0,0.0005,39.28292256018733
2024-02-05,600900,BUY,65.82691625812332,3200,210646.13202599462,63.19383960779838,0.0,0.0,0.0,0.0005,65.33855078565225
2024-02-12,601318,SELL,40.56056558573541,300,12168.169675720623,3.6504509027161864,12.168169675720623,9161.14207195689,2991.2089831852954,0.0005,41.713812315186914
2024-02-12,000333,SELL,55.606787250556536,3900,216866.4702771705,65.05994108315114,216.86647027717052,216265.56624101847,318.9776247917034,0.0005,54.27911542643047
2024-02-12,600519,BUY,80.71228663668995,100,8071.228663668995,2.421368599100698,0.0,0.0,0.0,0.0005,79.25659929721175
2024-02-12,600036,BUY,31.925975785047218,6700,213904.03775981636,64.1712113279449,0.0,0.0,0.0,0.0005,31.846198610297257
2024-02-12,600900,BUY,62.00478374875592,200,12400.956749751183,3.7202870249253546,0.0,0.0,0.0,0.0005,63.27479464458565
2024-02-19,601318,SELL,44.53444225368238,400,17813.776901472953,5.3441330704418855,17.813776901472952,12214.856095942521,5575.762895558519,0.0005,44.944817821496585
2024-02-19,600036,SELL,31.554969041300552,6700,211418.2925767137,63.425487773014105,211.4182925767137,213904.03775981636,-2760.5889634524065,0.0005,31.401745085145
2024-02-19,600900,SELL,63.41785871395153,100,6341.785871395153,1.9025357614185456,6.341785871395153,6582.691625812332,-249.150076049993,0.0005,65.58232057252704
2024-02-19,600519,BUY,76.43517102868435,200,15287.03420573687,4.5861102617210605,0.0,0.0,0.0,0.0005,74.64633481993864
2024-02-19,000858,BUY,73.86606786717026,2900,214211.59681479374,64.26347904443811,0.0,0.0,0.0,0.0005,73.03214629809067
2024-02-19,601888,BUY,68.67500306347786,200,13735.000612695572,4.120500183808671,0.0,0.0,0.0,0.0005,69.74118150029803
2024-02-26,601318,SELL,45.228467054417294,100,4522.84670544173,1.3568540116325187,4.522846705441729,3053.7140239856303,1463.2529807390251,0.0005,45.81053836292946
2024-02-26,601888,SELL,73.6940348414378,3100,228451.50800845717,68.53545240253715,228.45150800845718,174514.7676625483,53639.75338549784,0.0005,72.85707300271285
2024-02-26,600519,BUY,67.69355381751471,300,20308.066145254412,6.092419843576323,0.0,0.0,0.0,0.0005,66.93818290944925
2024-02-26,300750,BUY,40.78334493452733,5200,212073.3936595421,63.62201809786263,0.0,0.0,0.0,0.0005,40.138770501090285
2024-03-04,600519,SELL,66.65108772496889,3100,206618.37194740356,61.985511584221065,206.61837194740357,192100.68673362077,14249.081330251181,0.0005,65.54122911448155
2024-03-04,601318,SELL,49.224363227360115,300,14767.308968208035,4.43019269046241,14.767308968208036,9161.14207195689,5586.969394592474,0.0005,48.57440980362328
2024-03-04,600900,SELL,66.216066658545,100,6621.6066658545005,1.98648199975635,6.6216066658545,6582.691625812332,30.306951376557663,0.0005,67.2537930423242
2024-03-04,600036,BUY,30.1954313232967,7100,214387.56239540657,64.31626871862197,0.0,0.0,0.0,0.0005,30.190836058892657
2024-03-04,300750,BUY,40.548312886897456,100,4054.8312886897456,1.2164493866069235,0.0,0.0,0.0,0.0005,40.99130328915168
2024-03-11,600036,SELL,31.2450929830292,100,3124.50929830292,0.9373527894908759,3.12450929830292,3019.54313232967,100.9043038854561,0.0005,31.41526333627592
2024-03-11,600900,SELL,68.9405774314823,100,6894.05774314823,2.0682173229444687,6.89405774314823,6582.691625812332,302.40384226980495,0.0005,68.79016966081358
2024-03-11,300750,SELL,40.84634029495058,5300,216485.60356323808,64.94568106897142,216.48560356323807,216128.22494823186,75.94733037403785,0.0005,41.7736069569936
2024-03-11,000001,BUY,5.847741795195039,37600,219875.09149933344,65.96252744980002,0.0,0.0,0.0,0.0005,5.941930782270283
2024-03-11,000858,BUY,71.15244443327192,100,7115.244443327192,2.1345733329981575,0.0,0.0,0.0,0.0005,69.31795719617195
2024-03-18,000001,SELL,5.570216444547776,37600,209440.13831499638,62.83204149449891,209.44013831499637,219875.09149933344,-10707.22536414655,0.0005,5.657076198557348
2024-03-18,600036,SELL,32.0333148207148,7000,224233.2037450036,67.26996112350108,224.23320374500358,211368.0192630769,12573.681317058188,0.0005,32.352187402313035
2024-03-18,601318,BUY,48.64454939167377,100,4864.454939167377,1.459336481750213,0.0,0.0,0.0,0.0005,48.54194264167304
2024-03-18,002594,BUY,127.91161754989467,1700,217449.74983482095,65.23492495044628,0.0,0.0,0.0,0.0005,132.7645809169621
2024-03-18,601888,BUY,72.98388538296696,3000,218951.6561489009,65.68549684467025,0.0,0.0,0.0,0.0005,74.72437520027724
2024-03-25,000858,SELL,77.69915602281696,200,15539.831204563394,4.661949361369018,15.539831204563393,14773.213573434052,746.4158505634095,0.0005,76.3569438385216
2024-03-25,002594,SELL,132.40921866751876,1700,225095.67173478188,67.52870152043455,225.0956717347819,217449.74983482095,7353.297526705719,0.0005,128.72837752411857
2024-03-25,600900,SELL,75.83415475308551,200,15166.830950617103,4.55004928518513,15.166830950617102,13165.383251624664,1981.7308187566377,0.0005,75.218665580017
2024-03-25,601318,BUY,45.58369105172031,400,18233.476420688123,5.470042926206436,0.0,0.0,0.0,0.0005,45.50195619613556
2024-03-25,600036,BUY,33.74225613977069,6600,222698.89052248653,66.80966715674596,0.0,0.0,0.0,0.0005,34.11784256728925
2024-03-25,601888,BUY,71.87493559329312,100,7187.493559329312,2.1562480677987934,0.0,0.0,0.0,0.0005,72.65066525189667
2024-04-01,000858,SELL,75.99489957746134,2800,212785.71881689175,63.835715645067516,212.78571881689174,206553.6276846869,5955.469697742898,0.0005,74.87877789259595
2024-04-01,601318,SELL,47.11198181007541,200,9422.396362015083,2.8267189086045246,9.422396362015082,6107.428047971261,3302.719198773203,0.0005,47.06691750599838
2024-04-01,600036,SELL,34.13029581783208,200,6826.059163566416,2.0478177490699245,6.826059163566416,6748.451227954138,68.73405869964245,0.0005,35.99638757021136
2024-04-01,600900,BUY,71.14182478529459,200,14228.364957058917,4.268509487117675,0.0,0.0,0.0,0.0005,69.9965113519816
2024-04-01,300750,BUY,42.76134600165999,5100,218082.86460846593,65.42485938253978,0.0,0.0,0.0,0.0005,42.59548904467782
2024-04-08,601318,SELL,47.09878614910611,100,4709.878614910611,1.4129635844731832,4.709878614910611,3053.7140239856303,1650.0417487255968,0.0005,47.20739469436014
2024-04-08,600036,SELL,35.04435561791639,200,7008.871123583278,2.1026613370749834,7.008871123583278,6748.451227954138,251.30836316848217,0.0005,34.892466973049174
2024-04-08,601888,SELL,67.41017878457971,3100,208971.55423219712,62.69146626965913,208.97155423219712,226139.1497082302,-17439.258496534952,0.0005,67.12462404606764
2024-04-08,300750,SELL,43.0481289379063,100,4304.8128937906295,1.2914438681371887,4.304812893790629,4276.134600165999,23.082036862702807,0.0005,42.42842960675155
2024-04-08,000858,BUY,74.94605516963301,2900,217343.55999193573,65.20306799758072,0.0,0.0,0.0,0.0005,73.66880183317832
2024-04-08,600900,BUY,67.2717059713025,100,6727.17059713025,2.0181511791390747,0.0,0.0,0.0,0.0005,68.06711701412604
2024-04-15,000858,SELL,76.52585979652132,100,7652.585979652132,2.2957757938956393,7.652585979652132,7494.605516963301,148.03210091528308,0.0005,73.23731038488692
2024-04-15,601318,SELL,47.11437529389994,100,4711.437529389994,1.413431258816998,4.711437529389994,3053.7140239856303,1651.5986366161565,0.0005,47.88221442629935
2024-04-15,600900,SELL,66.45647103723465,3200,212660.70731915088,63.79821219574526,212.66070731915087,211089.16620087333,1295.082198762655,0.0005,65.0662786651109
2024-04-15,000001,BUY,6.121714339551163,35300,216096.51618615605,64.8289548558468,0.0,0.0,0.0,0.0005,6.187749333650077
2024-04-15,600036,BUY,33.93888408835037,100,3393.888408835037,1.018166522650511,0.0,0.0,0.0,0.0005,33.85975842585851
2024-04-15,300750,BUY,41.693544262837165,100,4169.354426283717,1.250806327885115,0.0,0.0,0.0,0.0005,41.37412781865741
2024-04-22,600036,SELL,36.915855400722066,500,18457.927700361033,5.537378310108309,18.457927700361033,16871.128069885344,1562.804324465218,0.0005,37.08055365146565
2024-04-22,000001,BUY,6.041739442400212,600,3625.0436654401274,1.0875130996320381,0.0,0.0,0.0,0.0005,6.088813803908688
2024-04-22,300750,BUY,39.54438857782154,300,11863.316573346463,3.5589949720039384,0.0,0.0,0.0,0.0005,40.06720524030606
2024-04-29,000001,SELL,5.837047933225045,35900,209550.02080277912,62.86500624083373,209.55002080277913,219721.5598515962,-10443.954075860674,0.0005,5.840960349366927
2024-04-29,000858,SELL,70.7166776531441,2800,198006.69742880348,59.40200922864104,198.00669742880348,209848.95447497244,-12099.665752826404,0.0005,72.87086237283647
2024-04-29,600036,SELL,37.932155430511585,200,7586.431086102317,2.275929325830695,7.586431086102317,6748.451227954138,828.1174977362462,0.0005,36.583401962369145
2024-04-29,300750,SELL,40.53542601157885,100,4053.5426011578847,1.2160627803473654,4.053542601157885,4276.134600165999,-227.86160438961906,0.0005,40.97699512076454
2024-04-29,002594,BUY,116.10986317634939,1800,208997.75371742892,62.69932611522867,0.0,0.0,0.0,0.0005,116.37309397702202
2024-04-29,600900,BUY,68.10514206672318,3100,211125.94040684184,63.337782122052545,0.0,0.0,0.0,0.0005,68.46512541070902
2024-05-06,300750,SELL,41.866077052943524,5300,221890.20838060067,66.5670625141802,221.89020838060068,225563.2664077641,-3961.5152980582207,0.0005,43.24123427570814
2024-05-06,000001,BUY,6.208891148888885,34600,214827.6337515554,64.44829012546661,0.0,0.0,0.0,0.0005,6.286935466375004
2024-05-06,600036,BUY,37.16973334776069,100,3716.973334776069,1.1150920004328206,0.0,0.0,0.0,0.0005,37.42117962092304
2024-05-06,600900,BUY,65.57513443749106,100,6557.513443749106,1.9672540331247317,0.0,0.0,0.0,0.0005,65.09769739180965
2024-05-13,000001,SELL,6.278691477385972,34600,217242.72511755463,65.17281753526638,217.24272511755464,214827.6337515554,2132.6758233463916,0.0005,6.14255395715641
2024-05-13,601318,SELL,49.11677888199974,100,4911.677888199974,1.4735033664599921,4.911677888199974,3053.7140239856303,1851.578682959684,0.0005,50.15677244898962
2024-05-13,002594,SELL,127.34028047056515,1800,229212.50484701726,68.76375145410518,229.21250484701727,208997.75371742892,19916.774873287242,0.0005,129.71434125373094
2024-05-13,600900,BUY,63.881823812763756,200,12776.364762552752,3.8329094287658254,0.0,0.0,0.0,0.0005,64.22131421568946
2024-05-13,601888,BUY,68.88095498899939,3200,220419.05596479806,66.12571678943941,0.0,0.0,0.0,0.0005,69.2541900924777
2024-05-13,300750,BUY,43.75259859170997,5000,218762.99295854985,65.62889788756495,0.0,0.0,0.0,0.0005,43.672182166971794
2024-05-20,601318,SELL,53.729979648290104,400,21491.99185931604,6.447597557794811,21.49199185931604,12214.856095942521,9249.196173956409,0.0005,54.26311785380392
2024-05-20,600900,SELL,63.91386244883308,3400,217307.13232603247,65.19213969780974,217.30713232603247,230459.8186131437,-13435.185559135076,0.0005,64.41992317199525
2024-05-20,601888,SELL,65.86088567914075,3200,210754.8341732504,63.22645025197511,210.7548341732504,220419.05596479806,-9938.20307597288,0.0005,65.68117065029452
2024-05-20,000858,BUY,79.69066582945801,2700,215164.79773953665,64.54943932186099,0.0,0.0,0.0,0.0005,78.24856416825254
2024-05-20,600036,BUY,36.33750795333311,300,10901.252385999933,3.2703757157999798,0.0,0.0,0.0,0.0005,35.97351393236524
2024-05-20,002594,BUY,123.53178235886816,1700,210004.03001007586,63.00120900302275,0.0,0.0,0.0,0.0005,127.50262118517227
2024-05-27,000858,SELL,81.9023853254634,100,8190.23853254634,2.457071559763902,8.19023853254634,7969.066582945801,210.52463950822857,0.0005,81.84218062997914
2024-05-27,002594,SELL,125.36771660046138,1700,213125.11822078435,63.9375354662353,213.12511822078434,210004.03001007586,2844.025557021465,0.0005,123.31023459893716
2024-05-27,600036,BUY,34.39368056280042,300,10318.104168840126,3.0954312506520374,0.0,0.0,0.0,0.0005,33.85342009382157
2024-05-27,601888,BUY,66.16240548769521,3200,211719.69756062469,63.5159092681874,0.0,0.0,0.0,0.0005,65.92907249744059
2024-05-27,300750,BUY,42.6412606750754,100,4264.12606750754,1.2792378202522618,0.0,0.0,0.0,0.0005,43.52121063379105
2024-06-03,601318,SELL,49.54694700494696,4000,198187.78801978784,59.45633640593635,198.18778801978783,137880.00318508034,60050.14071028176,0.0005,50.94132342140424
2024-06-03,600036,SELL,34.931074843976305,100,3493.1074843976303,1.047932245319289,3.49310748439763,3374.225613977069,114.34083069084454,0.0005,34.73132480152087
2024-06-03,601888,SELL,72.38682226547603,200,14477.364453095206,4.343209335928561,14.477364453095205,13232.481097539043,1226.0627817671393,0.0005,73.34991990357679
2024-06-03,300750,SELL,43.58476492549744,100,4358.476492549744,1.307542947764923,4.358476492549744,4375.259859170997,-22.449386061567566,0.0005,42.51051332758257
2024-06-03,600519,BUY,63.305131258362266,3400,215237.44627843171,64.57123388352952,0.0,0.0,0.0,0.0005,62.025286571890895
2024-06-03,000858,BUY,78.566323965429,100,7856.632396542901,2.35698971896287,0.0,0.0,0.0,0.0005,78.0825353480053
2024-06-10,600519,SELL,63.794423030727806,100,6379.44230307278,1.913832690921834,6.37944230307278,6330.513125836226,40.635902242559496,0.0005,62.82670065543209
2024-06-10,000858,SELL,79.98132161943018,100,7998.132161943017,2.399439648582905,7.998132161943017,7969.066582945801,18.668007186689465,0.0005,80.02213057552585
2024-06-10,600036,SELL,34.297273492322084,6200,212643.0956523969,63.79292869571907,212.6430956523969,210538.4014532129,1828.258174835908,0.0005,34.91572046603367
2024-06-10,601888,SELL,67.35604074983883,3000,202068.12224951648,60.62043667485494,202.06812224951648,198487.21646308564,3318.2172275064804,0.0005,67.16881750711086
2024-06-10,300750,SELL,43.29275997634378,100,4329.275997634378,1.2987827992903132,4.329275997634378,4375.259859170997,-51.61192033354382,0.0005,44.14353476831975
2024-06-10,002594,BUY,133.5851971290824,1600,213736.31540653182,64.12089462195954,0.0,0.0,0.0,0.0005,131.37915744297948
2024-06-10,600900,BUY,66.38006690330252,3200,212416.21409056807,63.724864227170414,0.0,0.0,0.0,0.0005,62.95698273155932
2024-06-17,600519,SELL,64.93952041108773,3300,214300.4173565895,64.29012520697684,214.3004173565895,208906.93315259548,5114.893661430426,0.0005,64.38901675495293
2024-06-17,002594,SELL,136.17765536611907,100,13617.765536611907,4.085329660983572,13.617765536611907,13358.519712908239,241.5427285060723,0.0005,136.83545308698132
2024-06-17,000858,BUY,77.44016814763111,100,7744.016814763111,2.323205044428933,0.0,0.0,0.0,0.0005,79.24716500546083
2024-06-17,600900,BUY,63.77625931707443,100,6377.625931707443,1.9132877795122327,0.0,0.0,0.0,0.0005,62.5236154300012
2024-06-17,601888,BUY,69.93672607635875,3000,209810.17822907626,62.94305346872287,0.0,0.0,0.0,0.0005,70.96213012057055
2024-06-17,300750,BUY,42.589820533991116,100,4258.9820533991115,1.2776946160197333,0.0,0.0,0.0,0.0005,42.33072244769013
2024-06-24,000858,SELL,81.82536142800666,100,8182.536142800665,2.4547608428401992,8.182536142800666,7969.066582945801,202.8322628692231,0.0005,81.5502092466331
2024-06-24,600900,SELL,59.363635792004445,3300,195899.99811361468,58.7699994340844,195.89999811361469,218793.84002227552,-23148.51190620853,0.0005,59.88408598461075
2024-06-24,300750,SELL,46.03514562950133,400,18414.058251800532,5.524217475540159,18.414058251800533,17501.039436683986,889.0805393892042,0.0005,46.20096653432651
2024-06-24,600036,BUY,33.44575890583866,6400,214052.8569973674,64.21585709921021,0.0,0.0,0.0,0.0005,33.44383654611304
2024-06-24,002594,BUY,130.80557169879344,100,13080.557169879345,3.924167150963803,0.0,0.0,0.0,0.0005,132.14577607312745
2024-07-01,000858,SELL,85.063921348347,100,8506.3921348347,2.5519176404504096,8.5063921348347,7969.066582945801,526.2672421136122,0.0005,82.92304508461169
2024-07-01,600036,SELL,33.93296514907236,200,6786.593029814472,2.0359779089443415,6.7865930298144725,6689.151781167731,88.61867770798199,0.0005,32.20129418090117
2024-07-01,601888,SELL,64.44501206012535,3000,193335.03618037605,58.00051085411281,193.33503618037605,209810.17822907626,-16726.47759573473,0.0005,63.16276150116174
2024-07-01,601318,BUY,51.096759305658786,4100,209496.713153201,62.849013945960294,0.0,0.0,0.0,0.0005,51.65869135124592
2024-07-08,000858,SELL,85.3817053510073,100,8538.17053510073,2.561451160530219,8.538170535100729,7969.066582945801,558.0043304592964,0.0005,85.98357087514869
2024-07-08,600036,SELL,32.5697665579668,6200,201932.55265939416,60.57976579781824,201.93255265939416,207363.70521619968,-5693.664875262737,0.0005,32.80233817208632
2024-07-08,300750,SELL,47.72100999190622,200,9544.201998381244,2.863260599514373,9.544201998381244,8750.519718341993,781.2748174413555,0.0005,48.65406154899145
2024-07-08,600519,BUY,69.47290518615486,3000,208418.71555846458,62.52561466753937,0.0,0.0,0.0,0.0005,71.58015508392712
2024-07-08,601318,BUY,49.66931039881519,100,4966.93103988152,1.4900793119644558,0.0,0.0,0.0,0.0005,49.69534044120605
2024-07-15,601318,SELL,47.58387460826639,4200,199852.27335471884,59.95568200641565,199.85227335471885,214463.64419308252,-14871.178793724801,0.0005,49.14672858184258
2024-07-15,002594,SELL,136.46989370222263,100,13646.989370222263,4.094096811066679,13.646989370222263,13358.519712908239,270.72857113273676,0.0005,136.8130705695043
2024-07-15,300750,SELL,51.18045170045061,300,15354.135510135184,4.606240653040555,15.354135510135183,13125.77957751299,2208.395556459018,0.0005,50.76041736795781
2024-07-15,000858,BUY,83.21401879631813,100,8321.401879631812,2.4964205638895436,0.0,0.0,0.0,0.0005,81.3594638927201
2024-07-15,600036,BUY,33.296629218097245,6400,213098.42699582237,63.92952809874671,0.0,0.0,0.0,0.0005,32.87348288804929
2024-07-22,600519,SELL,70.45405399687036,100,7045.405399687035,2.11362161990611,7.045405399687035,6947.290518615486,88.95585405195561,0.0005,70.70749086454592
2024-07-22,000858,SELL,77.44091379749483,2500,193602.28449373707,58.080685348121115,193.60228449373707,199241.51591574546,-5890.914391850267,0.0005,78.21029879686427
2024-07-22,300750,SELL,51.405528224779935,100,5140.552822477994,1.542165846743398,5.140552822477994,4375.259859170997,758.6102446377763,0.0005,49.800426589785936
2024-07-22,002594,BUY,126.66944420012831,100,12666.944420012831,3.800083326003849,0.0,0.0,0.0,0.0005,123.33250350645676
2024-07-22,600900,BUY,62.45738443411881,3300,206109.36863259206,61.83281058977761,0.0,0.0,0.0,0.0005,62.29361791896648
2024-07-29,600519,SELL,74.01889118190944,100,7401.889118190944,2.220566735457283,7.401889118190944,6947.290518615486,444.9761437218094,0.0005,75.80100092475114
2024-07-29,300750,SELL,53.60655975521208,200,10721.311951042417,3.2163935853127246,10.721311951042416,8750.519718341993,1956.8545271640687,0.0005,51.36063269035376
2024-07-29,600036,BUY,31.671367879793397,100,3167.1367879793397,0.9501410363938019,0.0,0.0,0.0,0.0005,31.57574689708913
2024-07-29,002594,BUY,120.63079169889383,100,12063.079169889383,3.6189237509668146,0.0,0.0,0.0,0.0005,120.7421843074221
2024-08-05,600519,SELL,73.55306614016624,100,7355.306614016624,2.206591984204987,7.355306614016624,6947.290518615486,398.45419680291616,0.0005,74.92736865035742
2024-08-05,600036,SELL,31.323269154534437,6500,203601.24950447385,61.08037485134215,203.60124950447386,216265.5637838017,-12928.99590368368,0.0005,31.71522156827333
2024-08-05,002594,SELL,120.37575571820835,100,12037.575571820835,3.61127267154625,12.037575571820835,13358.519712908239,-1336.5929893307712,0.0005,121.78067830343312
2024-08-05,000858,BUY,88.54435212364427,2300,203652.00988438184,61.09560296531455,0.0,0.0,0.0,0.0005,90.88613701805926
2024-08-05,600900,BUY,59.22556195223262,100,5922.556195223262,1.7767668585669785,0.0,0.0,0.0,0.0005,59.93341762643655
2024-08-05,300750,BUY,51.95927999630407,100,5195.927999630407,1.5587783998891218,0.0,0.0,0.0,0.0005,52.32006097448415
2024-08-12,000858,SELL,101.19819939394131,300,30359.459818182393,9.107837945454717,30.359459818182394,26563.305637093283,3756.686883325474,0.0005,97.62512431558004
2024-08-12,600519,BUY,72.09771403512417,200,14419.542807024834,4.32586284210745,0.0,0.0,0.0,0.0005,73.43691232125506
2024-08-12,600900,BUY,58.69688971738091,200,11739.377943476182,3.521813383042854,0.0,0.0,0.0,0.0005,58.80281537344766
2024-08-19,002594,SELL,135.6513749675927,100,13565.13749675927,4.069541249027781,13.56513749675927,13358.519712908239,188.98310510524243,0.0005,135.59667307467888
2024-08-19,300750,SELL,57.300228033862474,200,11460.045606772495,3.438013682031748,11.460045606772496,8750.519718341993,2694.6278291416984,0.0005,56.95957514500522
2024-08-19,000858,BUY,89.70051166572236,400,35880.20466628894,10.764061399886682,0.0,0.0,0.0,0.0005,91.10591290403072
2024-08-26,600519,SELL,76.53870181204205,100,7653.8701812042045,2.296161054361261,7.653870181204205,6947.290518615486,696.629631353153,0.0005,80.56836217455428
2024-08-26,600900,SELL,58.84478207130073,3600,211841.2154566826,63.55236463700478,211.84121545668262,223771.30277129152,-12205.480894702603,0.0005,57.707488920102094
2024-08-26,300750,SELL,59.657152269286016,200,11931.430453857203,3.579429136157161,11.931430453857203,8750.519718341993,3165.3998759251954,0.0005,59.41158736369854
2024-08-26,000333,BUY,47.187238970177205,4500,212342.5753657974,63.70277260973922,0.0,0.0,0.0,0.0005,47.54070871279914
2024-08-26,002594,BUY,129.95292993792103,100,12995.292993792104,3.8985878981376305,0.0,0.0,0.0,0.0005,130.33694567465898
2024-09-02,600519,SELL,83.53807723774044,200,16707.615447548087,5.012284634264426,16.707615447548086,13894.581037230972,2791.3145102353046,0.0005,82.79942760311125
2024-09-02,000858,SELL,85.386541917691,2400,204927.7006024584,61.478310180737516,204.92770060245843,212968.9089135775,-8307.614321902278,0.0005,86.02257439725828
2024-09-02,000333,BUY,47.30680050768953,100,4730.680050768953,1.4192040152306857,0.0,0.0,0.0,0.0005,47.63884403233324
2024-09-02,600900,BUY,58.52145905840315,3700,216529.39851609166,64.9588195548275,0.0,0.0,0.0,0.0005,58.82786728047699
2024-09-02,300750,BUY,58.090933269812254,200,11618.186653962452,3.485455996188735,0.0,0.0,0.0,0.0005,56.832468387301255
2024-09-09,600519,SELL,82.40651381922669,100,8240.65138192267,2.4721954145768006,8.24065138192267,6947.290518615486,1282.648016510684,0.0005,82.29406307330345
2024-09-09,300750,SELL,58.05908527786271,100,5805.9085277862705,1.741772558335881,5.80590852778627,4375.259859170997,1423.100987529152,0.0005,59.2214907224962
2024-09-09,000333,BUY,43.86610911306485,200,8773.22182261297,2.631966546783891,0.0,0.0,0.0,0.0005,44.25882713480353
2024-09-09,600900,BUY,55.33633269797611,100,5533.633269797611,1.6600899809392833,0.0,0.0,0.0,0.0005,53.70530336000898
2024-09-16,600519,SELL,88.172825315695,100,8817.282531569499,2.6451847594708493,8.8172825315695,6947.290518615486,1858.5295456629738,0.0005,90.2468692243498
2024-09-16,000333,SELL,45.19568120232315,100,4519.568120232315,1.3558704360696943,4.519568120232315,4718.72389701772,-205.03121534170714,0.0005,44.43117027709484
2024-09-16,300750,SELL,60.58097868457617,100,6058.097868457618,1.817429360537285,6.058097868457618,4375.259859170997,1674.9624820576264,0.0005,59.75079476112612
2024-09-16,002594,BUY,122.96929308075458,100,12296.929308075458,3.689078792422637,0.0,0.0,0.0,0.0005,121.28843329854423
2024-09-16,600900,BUY,52.709737890229064,200,10541.947578045812,3.1625842734137435,0.0,0.0,0.0,0.0005,51.8706111940508
2024-09-23,600519,SELL,100.02462046982109,300,30007.386140946328,9.002215842283897,30.007386140946327,20841.871555846457,9126.50498311664,0.0005,98.399547874445
2024-09-23,600900,SELL,50.50038237576447,4000,202001.52950305786,60.60045885091735,202.00152950305787,232604.97936393507,-30866.051849231182,0.0005,50.07122037000104
2024-09-23,000333,BUY,41.978134052853925,300,12593.440215856177,3.778032064756853,0.0,0.0,0.0,0.0005,40.80581039357689
2024-09-23,601888,BUY,64.22207849768444,3300,211932.85904235864,63.579857712707586,0.0,0.0,0.0,0.0005,65.03353432072039
2024-09-30,002594,SELL,126.1846026261569,100,12618.46026261569,3.7855380787847066,12.61846026261569,13358.519712908239,-756.4634486339492,0.0005,126.0005926772699
2024-09-30,601888,SELL,67.39736835647906,200,13479.473671295813,4.043842101388743,13.479473671295812,12844.415699536887,617.534655986241,0.0005,66.44225722262016
2024-09-30,000333,BUY,39.52732612349139,300,11858.197837047417,3.557459351114225,0.0,0.0,0.0,0.0005,40.62192196761551
2024-09-30,300750,BUY,57.62274690631908,100,5762.274690631908,1.7286824071895723,0.0,0.0,0.0,0.0005,57.24162460433261
2024-10-07,000333,SELL,39.33938604938206,5300,208498.7460617249,62.54962381851747,208.49874606172492,245579.39139506523,-37351.693703220575,0.0005,38.86898871402342
2024-10-07,300750,SELL,60.39293980891144,100,6039.293980891144,1.811788194267343,6.039293980891144,4375.259859170997,1656.1830395449897,0.0005,59.18082857631328
2024-10-07,601318,BUY,46.05707967534601,4600,211862.56650659165,63.55876995197749,0.0,0.0,0.0,0.0005,45.60643664816087
2024-10-07,601888,BUY,65.21864657656184,100,6521.864657656184,1.9565593972968551,0.0,0.0,0.0,0.0005,64.33452264488263
2024-10-14,601318,SELL,47.27951918577841,200,9455.903837155682,2.836771151146704,9.455903837155683,9211.415935069203,232.19522709817647,0.0005,47.26513578617328
2024-10-14,300750,BUY,55.760951157239035,200,11152.190231447807,3.3456570694343415,0.0,0.0,0.0,0.0005,57.04290931528036
2024-10-21,300750,SELL,60.74225577121383,300,18222.676731364147,5.466803019409244,18.222676731364146,13125.77957751299,5073.207674100382,0.0005,58.81555822046009
2024-10-21,600519,BUY,94.30767608988972,100,9430.767608988972,2.8292302826966913,0.0,0.0,0.0,0.0005,93.3646887766184
2024-10-21,601318,BUY,46.18909237000369,100,4618.909237000369,1.3856727711001107,0.0,0.0,0.0,0.0005,45.77441552916101
2024-10-21,601888,BUY,62.818659350805085,100,6281.865935080508,1.8845597805241523,0.0,0.0,0.0,0.0005,62.27710483275418
2024-10-28,300750,SELL,61.00250864079302,3400,207408.52937869626,62.22255881360887,207.40852937869627,156008.44403502514,51130.454255478806,0.0005,61.474433770448535
2024-10-28,000858,BUY,89.60093594543031,2300,206082.1526744897,61.82464580234691,0.0,0.0,0.0,0.0005,89.0495188253515
2024-11-04,000858,SELL,92.2648897713624,100,9226.488977136241,2.767946693140872,9.226488977136242,8960.09359454303,254.40094692293496,0.0005,92.52890259268494
2024-11-04,601318,SELL,48.49332614607783,200,9698.665229215565,2.909599568764669,9.698665229215566,9211.415935069203,474.6410293483823,0.0005,48.95367831523141
2024-11-04,601888,SELL,65.7853574984065,3300,217091.67974474144,65.12750392342242,217.09167974474144,211892.17393555844,4917.286625514826,0.0005,65.37898057248879
2024-11-04,600519,BUY,90.35278997014963,100,9035.278997014962,2.7105836991044887,0.0,0.0,0.0,0.0005,95.08656949908546
2024-11-04,000333,BUY,38.02501232186407,5500,209137.56777025238,62.74127033107571,0.0,0.0,0.0,0.0005,38.04267202172784
2024-11-04,002594,BUY,123.97708344630847,100,12397.708344630846,3.7193125033892533,0.0,0.0,0.0,0.0005,123.55757301612311
2024-11-11,600519,SELL,97.879762599348,2000,195759.525198696,58.72785755960879,195.759525198696,139208.29125720667,56296.74655873104,0.0005,95.39157866069594
2024-11-11,000333,SELL,37.65622429642725,4600,173218.63176356532,51.96558952906959,173.21863176356533,174915.05668057472,-1921.6091383020394,0.0005,36.640339559351176
2024-11-11,002594,SELL,127.8762866303504,1500,191814.4299455256,57.54432898365767,191.8144299455256,197749.59059556428,-6184.51940896787,0.0005,124.7139332616314
2024-11-11,000001,BUY,4.310814335219815,41500,178898.79491162233,53.66963847348669,0.0,0.0,0.0,0.0005,4.225683112215021
2024-11-11,000858,BUY,89.62502421236198,100,8962.502421236199,2.688750726370859,0.0,0.0,0.0,0.0005,89.19218459676605
2024-11-11,601318,BUY,47.891344686989875,100,4789.134468698988,1.4367403406096961,0.0,0.0,0.0,0.0005,47.76133155502784
2024-11-11,601888,BUY,63.84897013432534,2800,178777.11637611096,53.633134912833285,0.0,0.0,0.0,0.0005,62.67462394638347
2024-11-11,300750,BUY,57.57639933344463,3100,178486.83793367835,53.5460513801035,0.0,0.0,0.0,0.0005,57.37578424784931
2024-11-18,000858,SELL,94.92532252431187,100,9492.532252431187,2.847759675729356,9.492532252431188,8960.09359454303,520.098365959997,0.0005,96.80659546591652
2024-11-18,000333,SELL,36.906808770958,900,33216.1278938622,9.96483836815866,33.2161278938622,34222.51108967766,-1049.564162077484,0.0005,37.640997175445214
2024-11-18,002594,SELL,130.85027557239627,200,26170.055114479255,7.851016534343776,26.170055114479254,24694.637652706304,1441.3963901241295,0.0005,132.83644243973038
2024-11-18,300750,SELL,55.28058650447348,3100,171369.8181638678,51.41094544916034,171.36981816386782,178486.83793367835,-7339.800533423579,0.0005,55.58562534444864
2024-11-18,000001,BUY,4.186609102938705,9700,40610.108298505445,12.183032489551632,0.0,0.0,0.0,0.0005,4.148612261990677
2024-11-18,600519,BUY,97.67281355951029,1800,175811.0644071185,52.74331932213555,0.0,0.0,0.0,0.0005,101.53424924938132
2024-11-18,601318,BUY,46.72933962924916,100,4672.933962924916,1.4018801888774748,0.0,0.0,0.0,0.0005,45.98783729916959
2024-11-18,601888,BUY,65.59501947988065,400,26238.00779195226,7.871402337585677,0.0,0.0,0.0,0.0005,65.84541377818799
2024-11-25,600519,SELL,104.77785728514738,100,10477.785728514738,3.1433357185544213,10.477785728514739,7209.771403512417,3254.3932035552516,0.0005,104.67899826871944
2024-11-25,000001,BUY,4.141165678596715,1400,5797.631950035401,1.7392895850106203,0.0,0.0,0.0,0.0005,4.195073294069276
2024-11-25,601318,BUY,46.144831316784455,200,9228.966263356891,2.7686898790070673,0.0,0.0,0.0,0.0005,47.079009611076266
2024-12-02,000001,SELL,3.935754486747958,52600,207020.6860029426,62.10620580088277,207.0206860029426,225306.53516016318,-18554.976049024408,0.0005,3.9112921472713778
2024-12-02,601318,SELL,51.14447637722479,4700,240379.0389729565,72.11371169188695,240.37903897295652,216749.6785684344,23316.867653857247,0.0005,49.07193869822426
2024-12-02,000333,BUY,38.020611584113325,5700,216717.48602944595,65.01524580883378,0.0,0.0,0.0,0.0005,37.915623915959664
2024-12-02,002594,BUY,142.24995762516363,1500,213374.93643774543,64.01248093132362,0.0,0.0,0.0,0.0005,143.52982592252638
2024-12-02,601888,BUY,63.439266603673914,200,12687.853320734783,3.8063559962204345,0.0,0.0,0.0,0.0005,65.35895126443376
2024-12-09,000858,SELL,104.29885255314817,100,10429.885255314817,3.128965576594445,10.429885255314817,8960.09359454303,1456.2328099398783,0.0005,106.05296507207711
2024-12-09,002594,SELL,146.95498396795605,100,14695.498396795605,4.408649519038681,14.695498396795605,14224.995762516362,451.39848636340867,0.0005,140.9727532848286
2024-12-09,601888,SELL,59.954249184248646,3400,203844.4472264454,61.153334167933615,203.8444472264454,217702.977488798,-14123.528043746977,0.0005,59.82472788153767
2024-12-09,600519,BUY,104.2136271501003,100,10421.36271501003,3.1264088145030087,0.0,0.0,0.0,0.0005,102.13038956214888
2024-12-09,601318,BUY,48.37993890238784,4500,217709.7250607453,65.31291751822359,0.0,0.0,0.0,0.0005,49.849987317790976
2024-12-16,000858,SELL,106.61111601803198,100,10661.111601803197,3.198333480540959,10.661111601803198,8960.09359454303,1687.1585621778231,0.0005,108.3459314360318
2024-12-16,601318,SELL,54.78325528845268,500,27391.62764422634,8.217488293267902,27.39162764422634,24189.96945119392,3166.049077094929,0.0005,55.28419892957901
2024-12-16,600519,BUY,99.03864940572363,100,9903.864940572363,2.9711594821717084,0.0,0.0,0.0,0.0005,101.36261046727232
2024-12-16,000333,BUY,38.434087245527785,100,3843.4087245527785,1.1530226173658336,0.0,0.0,0.0,0.0005,38.586035928288645
2024-12-16,002594,BUY,139.2663284982781,200,27853.26569965562,8.355979709896685,0.0,0.0,0.0,0.0005,137.98016689112254
2024-12-23,601318,SELL,58.255510835856214,4000,233022.04334342486,69.90661300302745,233.02204334342485,193519.75560955136,39199.35907752704,0.0005,60.00619090711681
2024-12-23,000001,BUY,3.7825577890234845,60800,229979.51357262785,68.99385407178835,0.0,0.0,0.0,0.0005,3.795117661618522
2024-12-23,000333,BUY,37.47762469173268,300,11243.287407519803,3.372986222255941,0.0,0.0,0.0,0.0005,37.35900392599032
2024-12-30,000001,SELL,3.9609938200990844,2900,11486.882078287344,3.446064623486203,11.486882078287344,10969.417588168106,502.5315434174663,0.0005,3.836267033270413
2024-12-30,600519,SELL,98.56693824325372,2200,216847.26413515818,65.05417924054746,216.84726413515818,214602.33866870482,1963.0240230776544,0.0005,102.21154102010934
2024-12-30,000333,SELL,35.53618464480796,6100,216770.72633332855,65.03121789999857,216.77072633332855,231804.18216151852,-15315.257772423269,0.0005,35.30173830020959
2024-12-30,002594,SELL,145.6146388703622,100,14561.46388703622,4.368439166110866,14.56146388703622,14224.995762516362,317.53822146671155,0.0005,147.77343447460652
2024-12-30,601318,BUY,61.05725245714606,3700,225911.83409144043,67.77355022743212,0.0,0.0,0.0,0.0005,61.27050599649072
2024-12-30,600036,BUY,24.074125087473014,9500,228704.18833099364,68.61125649929808,0.0,0.0,0.0,0.0005,23.53519984771896
2025-01-06,000001,SELL,3.901506201954773,57900,225897.20909318136,67.7691627279544,225.89720909318137,219010.09598445974,6593.446736900485,0.0005,3.962725169852527
2025-01-06,000858,SELL,116.34823889249824,100,11634.823889249825,3.4904471667749473,11.634823889249825,8960.09359454303,2659.605023650771,0.0005,116.93877480169208
2025-01-06,601318,SELL,62.1273940280168,100,6212.739402801681,1.863821820840504,6.212739402801681,6105.725245714606,98.93759586343185,0.0005,62.6456197674441
2025-01-06,002594,SELL,145.18116732756127,1500,217771.7509913419,65.33152529740256,217.7717509913419,212778.21061236836,4710.43710268478,0.0005,145.5338622650908
2025-01-06,600519,BUY,104.80861642221204,2100,220098.09448664528,66.02942834599358,0.0,0.0,0.0,0.0005,104.18354483838652
2025-01-06,600036,BUY,23.045357335715906,400,9218.142934286363,2.765442880285909,0.0,0.0,0.0,0.0005,22.7797220676052
2025-01-06,601888,BUY,62.632868851550946,3600,225478.32786558341,67.64349835967502,0.0,0.0,0.0,0.0005,61.074430344971454
2025-01-13,600519,SELL,100.74058577663553,2100,211555.2301309346,63.46656903928037,211.5552301309346,220098.09448664528,-8817.886154880893,0.0005,102.44751042421169
2025-01-13,601318,SELL,65.98370015243297,200,13196.740030486595,3.9590220091459782,13.196740030486595,12211.450491429212,968.1337770177488,0.0005,64.29080437107912
2025-01-13,600036,SELL,23.198275601549078,200,4639.655120309815,1.3918965360929445,4.639655120309815,4814.825017494602,-181.20144884118963,0.0005,23.785399208961763
2025-01-13,002594,BUY,145.4918036616168,1500,218237.70549242522,65.47131164772756,0.0,0.0,0.0,0.0005,144.24088651962086
2025-01-13,601888,BUY,60.04464720333116,100,6004.464720333116,1.8013394160999348,0.0,0.0,0.0,0.0005,59.351637251719
2025-01-20,600036,SELL,23.992003915142128,9700,232722.43797687863,69.81673139306358,232.72243797687864,233107.50624778538,-687.6074402767117,0.0005,24.299455445682145
2025-01-20,601888,SELL,64.22060771665761,200,12844.121543331523,3.8532364629994564,12.844121543331523,12526.57377031019,300.850415015002,0.0005,65.3411631663483
2025-01-20,000858,BUY,109.38192182699166,100,10938.192182699166,3.2814576548097496,0.0,0.0,0.0,0.0005,109.50730921821506
2025-01-20,601318,BUY,63.406391648802824,100,6340.639164880283,1.9021917494640848,0.0,0.0,0.0,0.0005,67.18588328644087
2025-01-20,000333,BUY,41.31637248838281,5500,227240.04868610547,68.17201460583163,0.0,0.0,0.0,0.0005,42.39707987050724
2025-01-27,601318,SELL,68.25428011961618,200,13650.856023923237,4.095256807176971,13.650856023923238,12211.450491429212,1421.6594196629248,0.0005,67.22462177173419
2025-01-27,601888,SELL,66.37382392314679,3500,232308.38373101375,69.69251511930412,232.30838373101375,218956.21881560632,13050.1640165571,0.0005,66.74620254927565
2025-01-27,600519,BUY,95.48884214272353,2400,229173.22114253647,68.75196634276094,0.0,0.0,0.0,0.0005,96.484157094059
2025-01-27,000858,BUY,104.02684765285245,200,20805.36953057049,6.241610859171146,0.0,0.0,0.0,0.0005,101.56799157362654
2025-02-03,600519,SELL,99.2624149455712,2400,238229.79586937086,71.46893876081126,238.22979586937086,229173.22114253647,8746.875992204208,0.0005,97.2191333004296
2025-02-03,601318,BUY,67.17907179398833,100,6717.907179398833,2.0153721538196496,0.0,0.0,0.0,0.0005,67.62671357246444
2025-02-03,000333,BUY,39.04970238597692,300,11714.910715793076,3.5144732147379223,0.0,0.0,0.0,0.0005,38.74222926540495
2025-02-03,601888,BUY,67.5999199362339,3400,229839.72778319527,68.95191833495858,0.0,0.0,0.0,0.0005,67.49790915433142
2025-02-10,000858,SELL,107.06355722985725,100,10706.355722985725,3.2119067168957174,10.706355722985725,8960.09359454303,1732.343866002815,0.0005,107.89178433886836
2025-02-10,601318,SELL,71.10138045329155,200,14220.276090658312,4.2660828271974935,14.220276090658311,12211.450491429212,1990.339240311243,0.0005,70.5562977491359
2025-02-10,000333,SELL,38.39886860284699,5800,222713.43789651254,66.81403136895375,222.71343789651254,238954.95940189855,-16531.048974651494,0.0005,38.742447746719286
2025-02-10,600900,BUY,37.85411533875762,6000,227124.69203254575,68.13740760976371,0.0,0.0,0.0,0.0005,38.87355688279605
2025-02-10,601888,BUY,65.61997220113888,100,6561.997220113888,1.9685991660341662,0.0,0.0,0.0,0.0005,65.46223225641238
2025-02-17,002594,SELL,138.35250308247765,1500,207528.7546237165,62.258626387114944,207.5287546237165,218237.70549242522,-10978.73824971955,0.0005,137.90833962955003
2025-02-17,600900,SELL,39.731688838156074,200,7946.337767631215,2.383901330289364,7.946337767631215,7570.823067751525,365.1844607817693,0.0005,40.61690226963292
2025-02-17,601888,SELL,69.36720387703714,200,13873.44077540743,4.162032232622228,13.87344077540743,13519.98398724678,335.4213151526201,0.0005,71.90120760376202
2025-02-17,000858,BUY,105.04857291800859,100,10504.85729180086,3.1514571875402577,0.0,0.0,0.0,0.0005,107.27867853192764
2025-02-17,300750,BUY,51.6666142250001,4500,232499.76401250047,69.74992920375013,0.0,0.0,0.0,0.0005,52.67203562134529
2025-02-24,000858,SELL,111.85996167623175,100,11185.996167623174,3.355798850286952,11.185996167623175,8960.09359454303,2211.3607780622333,0.0005,115.74700478180613
2025-02-24,300750,SELL,54.69341866925392,4500,246120.38401164266,73.8361152034928,246.12038401164267,232499.76401250047,13300.663499927032,0.0005,54.09549753821676
2025-02-24,600519,BUY,101.15613104907989,2400,242774.71451779173,72.8324143553375,0.0,0.0,0.0,0.0005,99.72108766878218
2025-02-24,600900,BUY,41.03612215455198,100,4103.612215455199,1.2310836646365595,0.0,0.0,0.0,0.0005,42.23522981529284
2025-02-24,601888,BUY,70.30498026270887,100,7030.498026270887,2.109149407881266,0.0,0.0,0.0,0.0005,70.99499510151095
2025-03-03,600519,SELL,108.06972033718438,100,10806.972033718437,3.242091610115531,10.806972033718438,10115.613104907989,677.3098651666132,0.0005,107.47035756697382
2025-03-03,000858,SELL,126.59002414204808,200,25318.004828409616,7.595401448522884,25.318004828409617,17920.18718908606,7364.904233046625,0.0005,131.17980148294475
2025-03-03,601318,BUY,75.05578354928807,100,7505.578354928806,2.2516735064786415,0.0,0.0,0.0,0.0005,74.97094019847391
2025-03-03,600900,BUY,40.773989169249774,200,8154.797833849954,2.446439350154986,0.0,0.0,0.0,0.0005,40.81715007224204
2025-03-03,601888,BUY,71.17653586361214,100,7117.653586361214,2.1352960759083643,0.0,0.0,0.0,0.0005,68.93867255106481
2025-03-10,600519,SELL,116.99169775726317,200,23398.339551452635,7.01950186543579,23.398339551452636,20231.226209815977,3136.695500219772,0.0005,113.42580046151326
2025-03-10,600900,SELL,37.56271314302224,6100,229132.55017243567,68.7397650517307,229.13255017243569,231812.27901409936,-2977.6011568878603,0.0005,37.41192961189379
2025-03-10,002594,BUY,147.91523890677655,1700,251455.90614152013,75.43677184245603,0.0,0.0,0.0,0.0005,143.0588213264068
2025-03-10,601888,BUY,69.26462912168026,100,6926.4629121680255,2.0779388736504076,0.0,0.0,0.0,0.0005,68.0643597762018
2025-03-17,000858,SELL,136.51728646192618,100,13651.728646192618,4.095518593857785,13.651728646192618,8960.09359454303,4673.887804409536,0.0005,138.05981503531154
2025-03-17,601318,SELL,79.1048700765367,200,15820.97401530734,4.746292204592201,15.82097401530734,12211.450491429212,3588.9562576582284,0.0005,77.53226721489206
2025-03-17,601888,BUY,65.42015853716192,200,13084.031707432385,3.9252095122297153,0.0,0.0,0.0,0.0005,63.589986666981446
2025-03-24,601318,SELL,80.4339953764735,100,8043.39953764735,2.413019861294205,8.04339953764735,6105.725245714606,1927.2178725338035,0.0005,79.08742570928284
2025-03-24,002594,SELL,131.83967566548102,1700,224127.44863131773,67.23823458939532,224.12744863131775,251455.90614152013,-27619.8231934231,0.0005,132.26587325288602
2025-03-24,601888,SELL,62.70906317178906,3800,238294.44005279843,71.48833201583952,238.29444005279842,257040.3872482949,-19055.7299675651,0.0005,62.119420679019385
2025-03-24,000001,BUY,3.7568639182473644,65800,247201.64582067658,74.16049374620297,0.0,0.0,0.0,0.0005,3.871126213804348
2025-03-24,600036,BUY,22.00758577984948,11200,246484.9607343142,73.94548822029425,0.0,0.0,0.0,0.0005,21.29554596772412
2025-03-31,000001,SELL,4.037338712003038,4200,16956.82259041276,5.087046777123828,16.956822590412763,15778.82845663893,1155.950264406296,0.0005,4.035766374754311
2025-03-31,000858,SELL,138.25683566909095,100,13825.683566909094,4.147705070072728,13.825683566909095,8960.09359454303,4847.616583729083,0.0005,139.75152525540688
2025-03-31,600036,SELL,20.904019156270227,11200,234125.01455022654,70.23750436506795,234.12501455022655,246484.9607343142,-12664.308703002956,0.0005,20.459819491000832
2025-03-31,600519,BUY,112.91894945365102,100,11291.894945365102,3.38756848360953,0.0,0.0,0.0,0.0005,111.45192425071718
2025-03-31,600900,BUY,38.928870021161465,6300,245251.88113331722,73.57556433999515,0.0,0.0,0.0,0.0005,40.413160333360295
2025-04-07,000001,SELL,4.40409393041177,61600,271292.18611336505,81.38765583400951,271.29218611336506,231422.81736403765,39516.68890738001,0.0005,4.449385402820158
2025-04-07,600900,SELL,44.25765514061021,300,13277.296542183063,3.9831889626549186,13.277296542183063,11678.66100634844,1581.3750503297852,0.0005,43.53904459585287
2025-04-07,000858,BUY,143.4678952145243,100,14346.78952145243,4.3040368564357285,0.0,0.0,0.0,0.0005,143.07389374817828
2025-04-07,601318,BUY,85.7433432352945,100,8574.33432352945,2.572300297058835,0.0,0.0,0.0,0.0005,86.83727991393125
2025-04-07,000333,BUY,32.85742493617977,8100,266145.14198305615,79.84354259491684,0.0,0.0,0.0,0.0005,32.220964361241016
2025-04-14,600519,SELL,130.26720796164753,200,26053.441592329506,7.816032477698851,26.053441592329506,20231.226209815977,5788.345908443502,0.0005,126.63003624837428
2025-04-14,000333,SELL,31.817050107562796,8100,257718.10587125865,77.3154317613776,257.7181058712587,266145.14198305615,-8762.069649430137,0.0005,31.360773953183323
2025-04-14,000001,BUY,4.441449599550685,60500,268707.70077281643,80.61231023184492,0.0,0.0,0.0,0.0005,4.498649124780165
2025-04-14,000858,BUY,140.98489840676913,100,14098.489840676913,4.229546952203074,0.0,0.0,0.0,0.0005,137.67213711317055
2025-04-14,600900,BUY,44.07891989911349,100,4407.891989911349,1.3223675969734046,0.0,0.0,0.0,0.0005,43.7711838443489
2025-04-21,000001,SELL,4.5874172838651575,2700,12386.026666435926,3.7158079999307776,12.386026666435926,11991.91391878685,378.0109129827106,0.0005,4.563118438720661
2025-04-21,000858,SELL,142.49279551185901,100,14249.279551185902,4.27478386535577,14.249279551185902,8960.09359454303,5270.66189322633,0.0005,139.3416547821056
2025-04-21,600900,SELL,42.00251735384435,6100,256215.35585845052,76.86460675753516,256.21535585845055,237981.11211688013,17901.16377895442,0.0005,43.09468989772672
2025-04-21,600519,BUY,122.18416583824221,100,12218.41658382422,3.665524975147266,0.0,0.0,0.0,0.0005,118.82796747790007
2025-04-21,002594,BUY,137.33592780035914,1900,260938.26282068237,78.2814788462047,0.0,0.0,0.0,0.0005,140.13358087149032
2025-04-28,000001,SELL,4.23257643377498,57800,244642.91787219385,73.39287536165816,244.64291787219386,256715.7868540296,-12390.904775069619,0.0005,4.181488965019254
2025-04-28,600519,SELL,130.02470504444182,100,13002.470504444182,3.900741151333254,13.002470504444181,10115.613104907989,2869.9541878804157,0.0005,132.8944871867916
2025-04-28,300750,BUY,54.44203521084894,4800,261321.76901207492,78.39653070362247,0.0,0.0,0.0,0.0005,54.39939556954568
2025-05-05,601318,SELL,75.86450234273268,3100,235179.9572624713,70.55398717874138,235.1799572624713,193993.04065703176,40881.18266099831,0.0005,77.25194709237451
2025-05-05,002594,SELL,144.10188500899028,100,14410.188500899028,4.323056550269708,14.410188500899029,13733.592780035915,657.8624758119458,0.0005,144.81969630032654
2025-05-05,300750,SELL,59.088785491199616,300,17726.635647359886,5.317990694207966,17.72663564735989,16332.610563254682,1370.980457763635,0.0005,59.13099240883712
2025-05-05,600036,BUY,24.077766818624724,11100,267263.21168673446,80.17896350602032,0.0,0.0,0.0,0.0005,24.769778457095708
2025-05-12,600036,SELL,26.35602082947539,800,21084.816663580314,6.325444999074094,21.084816663580312,19262.21345489978,1795.1929470178802,0.0005,26.17200809990973
2025-05-12,300750,BUY,56.632005940027355,300,16989.601782008205,5.0968805346024615,0.0,0.0,0.0,0.0005,57.85478336007301
2025-05-19,600036,SELL,27.70871041124094,600,16625.226246744565,4.9875678740233695,16.625226246744564,14446.660091174834,2156.953361448961,0.0005,27.539024363696512
2025-05-19,002594,SELL,153.08966865367685,100,15308.966865367685,4.592690059610305,15.308966865367685,13733.592780035915,1555.4724284067925,0.0005,149.66039320693284
2025-05-19,000858,BUY,134.16786899775502,200,26833.573799551006,8.050072139865302,0.0,0.0,0.0,0.0005,132.80568348198074
2025-05-26,000858,SELL,136.9796682140033,2000,273959.33642800665,82.18780092840198,273.9593364280067,205050.8041279604,68552.38516268978,0.0005,135.00021006897342
2025-05-26,300750,SELL,56.32762248466381,4800,270372.5879263863,81.11177637791587,270.3725879263863,261978.76023082843,8042.3433312535635,0.0005,55.98688849839719
2025-05-26,000001,BUY,3.8435080167704783,69100,265586.40395884006,79.67592118765201,0.0,0.0,0.0,0.0005,3.754001373041732
2025-05-26,600519,BUY,121.35890946522736,100,12135.890946522735,3.64076728395682,0.0,0.0,0.0,0.0005,120.11015202403316
2025-05-26,600036,BUY,26.852156172725138,100,2685.215617272514,0.8055646851817542,0.0,0.0,0.0,0.0005,27.39117733606758
2025-05-26,600900,BUY,45.795433788915,5800,265613.515975707,79.68405479271209,0.0,0.0,0.0,0.0005,45.707506600900935
2025-06-02,600519,SELL,116.04704049731241,2100,243698.78504435605,73.10963551330681,243.69878504435604,217727.23836405587,25654.738259742502,0.0005,115.4983457750628
2025-06-02,002594,SELL,161.0368503851999,100,16103.68503851999,4.831105511555997,16.10368503851999,13733.592780035915,2349.157467933999,0.0005,162.19937415532718
2025-06-02,000001,BUY,3.7996930123410295,600,2279.8158074046178,0.6839447422213852,0.0,0.0,0.0,0.0005,3.829691442193594
2025-06-02,000858,BUY,136.70979874704219,1900,259748.61761938015,77.92458528581403,0.0,0.0,0.0,0.0005,131.0838938659837
2025-06-02,600036,BUY,26.189064893323675,300,7856.719467997103,2.3570158403991304,0.0,0.0,0.0,0.0005,27.64348538502633
2025-06-09,000001,SELL,3.708494497356449,69700,258482.0664657445,77.54461993972333,258.4820664657445,267866.2197662447,-9720.179986905685,0.0005,3.7936649097059583
2025-06-09,600036,SELL,29.282765771575836,10100,295755.9342929159,88.72678028787477,295.7559342929159,244096.27322592944,51275.178352405695,0.0005,29.457179612689124
2025-06-09,002594,BUY,151.83326584231932,100,15183.326584231932,4.554997975269579,0.0,0.0,0.0,0.0005,148.26853087126818
2025-06-09,600900,BUY,44.54063226489085,100,4454.0632264890855,1.3362189679467256,0.0,0.0,0.0,0.0005,45.16033232839031
2025-06-09,601888,BUY,58.16933054630172,4500,261761.98745835776,78.52859623750732,0.0,0.0,0.0,0.0005,58.35289127940058
2025-06-09,300750,BUY,56.918268537918856,4600,261824.03527442674,78.54721058232802,0.0,0.0,0.0,0.0005,55.633596299702965
2025-06-16,000858,BUY,132.17295353250228,100,13217.295353250227,3.965188605975068,0.0,0.0,0.0,0.0005,127.2463024706252
2025-06-23,000858,SELL,123.06681120094453,2000,246133.62240188906,73.84008672056672,246.13362240188906,272965.91297263035,-27152.26427986374,0.0005,128.44931343731656
2025-06-23,002594,SELL,169.32314052859869,1700,287849.3388986178,86.35480166958533,287.84933889861776,234920.81106480656,52554.323693243,0.0005,168.0288295953098
2025-06-23,600519,BUY,127.45636842391029,2000,254912.73684782058,76.47382105434616,0.0,0.0,0.0,0.0005,128.40071957682173
2025-06-23,600036,BUY,31.511341119500482,8400,264695.2654038041,79.40857962114121,0.0,0.0,0.0,0.0005,31.710184941306384
2025-06-30,600036,SELL,32.50924464265366,300,9752.773392796098,2.9258320178388293,9.7527733927961,9453.402335850145,286.69245153531665,0.0005,32.34016087692737
2025-06-30,300750,SELL,57.26761614530774,4600,263431.0342684156,79.02931028052467,263.4310342684156,261824.03527442674,1264.5386494399281,0.0005,58.48352223499344
2025-06-30,002594,BUY,170.46174581918203,1500,255692.61872877303,76.7077856186319,0.0,0.0,0.0,0.0005,171.87677831467988
2025-06-30,601888,BUY,55.26310778637257,200,11052.621557274515,3.3157864671823543,0.0,0.0,0.0,0.0005,56.17217927880247
2025-07-07,600036,SELL,32.81616990311533,100,3281.616990311533,0.9844850970934598,3.281616990311533,3151.134111950048,126.21677627407962,0.0005,32.22714414401287
2025-07-07,601888,SELL,56.98060576990484,4700,267808.8471185528,80.34265413556582,267.80884711855276,272814.6090156323,-5353.913398333651,0.0005,57.57371476986534
2025-07-07,000001,BUY,3.6554276444063984,72700,265749.58974834514,79.72487692450353,0.0,0.0,0.0,0.0005,3.6692231103326858
2025-07-07,600519,BUY,120.574344386644,200,24114.8688773288,7.2344606631986395,0.0,0.0,0.0,0.0005,119.25559099127722
2025-07-07,600900,BUY,44.262608509927695,100,4426.2608509927695,1.3278782552978308,0.0,0.0,0.0,0.0005,44.93030015377428
2025-07-14,000001,SELL,3.925189440190508,6100,23943.655585162098,7.1830966755486285,23.943655585162098,22298.10863087903,1614.4202020223602,0.0005,3.889799729000949
2025-07-14,600519,SELL,107.69187610109142,2200,236922.12742240113,71.07663822672033,236.92212742240113,279027.6057251494,-42413.47706839739,0.0005,109.42131179677726
2025-07-14,600900,SELL,44.336439925442555,200,8867.287985088511,2.6601863955265532,8.867287985088511,9159.086757783,-303.3262470751033,0.0005,44.302473682786726
2025-07-14,601888,BUY,55.57265801707681,4700,261191.49268026103,78.3574478040783,0.0,0.0,0.0,0.0005,55.636355550596704
2025-07-21,600036,SELL,34.57265067315203,200,6914.530134630407,2.0743590403891217,6.914530134630407,6302.268223900096,603.273021555291,0.0005,34.29214295088175
2025-07-21,601888,SELL,59.03608937427536,200,11807.217874855072,3.5421653624565215,11.807217874855073,11114.531603415362,677.3368882023988,0.0005,59.57160259064042
2025-07-21,000001,BUY,4.0283950208911,700,2819.87651462377,0.845962954387131,0.0,0.0,0.0,0.0005,3.923821707792241
2025-07-21,600900,BUY,44.367701069273444,300,13310.310320782033,3.9930930962346096,0.0,0.0,0.0,0.0005,44.40774750287385
2025-07-28,000001,SELL,4.11997716779906,900,3707.9794510191546,1.1123938353057463,3.707979451019155,3289.8848799657585,413.2741977670712,0.0005,3.986465869518628
2025-07-28,600036,SELL,35.4398239655203,100,3543.9823965520295,1.0631947189656088,3.5439823965520296,3151.134111950048,388.241107486464,0.0005,34.045232466748246
2025-07-28,600900,SELL,41.09137433576293,6100,250657.38344815385,75.19721503444615,250.65738344815387,278645.06361618784,-28313.53476651659,0.0005,42.322532565709146
2025-07-28,601888,SELL,60.853676191476765,100,6085.367619147676,1.8256102857443026,6.085367619147676,5557.265801707681,520.1908395351038,0.0005,62.19675257883793
2025-07-28,000333,BUY,25.511996823692904,10700,272978.36601351405,81.8935098040542,0.0,0.0,0.0,0.0005,26.063570216478197
2025-08-04,000333,SELL,26.6250798866164,700,18637.55592063148,5.5912667761894435,18.63755592063148,17858.397776585032,754.9293213496276,0.0005,25.620933631246665
2025-08-04,002594,SELL,166.94679754360507,1500,250420.1963154076,75.12605889462228,250.42019631540762,255692.61872877303,-5597.968668575457,0.0005,170.59012700824232
2025-08-04,601888,SELL,62.42124534178094,200,12484.249068356188,3.745274720506856,12.484249068356188,11114.531603415362,1353.4879411519632,0.0005,59.81198709419817
2025-08-04,000001,BUY,3.8658145842227056,3000,11597.443752668118,3.479233125800435,0.0,0.0,0.0,0.0005,3.786522885261002
2025-08-04,000858,BUY,118.83110695300279,2200,261428.43529660613,78.42853058898183,0.0,0.0,0.0,0.0005,122.65373412459192
2025-08-11,000001,SELL,3.882361467616522,69400,269435.8858525866,80.83076575577597,269.4358858525866,254578.91650479226,14506.702696185937,0.0005,3.898446368320638
2025-08-11,000858,SELL,119.59548687002253,100,11959.548687002252,3.5878646061006756,11.959548687002252,11883.110695300278,60.89057840887108,0.0005,120.2927528184289
2025-08-11,000333,SELL,27.196152132346914,10000,271961.5213234691,81.58845639704073,271.9615213234691,255119.96823692904,16488.00310881954,0.0005,26.95119279734807
2025-08-11,601318,BUY,70.6036043487902,3700,261233.33609052375,78.37000082715711,0.0,0.0,0.0,0.0005,73.33752458837233
2025-08-11,600036,BUY,32.757802340284975,300,9827.340702085492,2.9482022106256474,0.0,0.0,0.0,0.0005,32.28250562380202
2025-08-11,002594,BUY,169.08442484647048,1500,253626.63726970574,76.08799118091171,0.0,0.0,0.0,0.0005,165.6231153399795
2025-08-11,601888,BUY,57.139595994935966,300,17141.87879848079,5.142563639544236,0.0,0.0,0.0,0.0005,57.5530839574439
2025-08-18,000858,SELL,127.34843038362727,100,12734.843038362727,3.8204529115088177,12.734843038362728,11883.110695300278,835.1770471125783,0.0005,126.41240373853752
2025-08-18,601318,SELL,75.04201013554245,200,15008.402027108492,4.5025206081325475,15.008402027108492,14120.720869758039,868.1702347152132,0.0005,75.10513194107236
2025-08-18,601888,SELL,58.37336855836228,4500,262680.15851263027,78.80404755378908,262.68015851263027,250547.0424702034,11791.631836360466,0.0005,58.674478898817945
2025-08-18,600036,BUY,30.345799221961773,700,21242.05945537324,6.372617836611972,0.0,0.0,0.0,0.0005,30.797937153685616
2025-08-18,300750,BUY,48.35162303886895,5400,261098.76440989235,78.32962932296769,0.0,0.0,0.0,0.0005,47.89543583804735
2025-08-25,600036,SELL,30.991771470190898,8700,269628.4117906608,80.88852353719824,269.62841179066083,273706.72677761246,-4428.831922279496,0.0005,31.074779874180315
2025-08-25,002594,SELL,181.40439827898484,100,18140.439827898485,5.4421319483695445,18.140439827898486,16908.44248464705,1208.414771475167,0.0005,174.06404271299783
2025-08-25,600519,BUY,113.02551323402831,2300,259958.68043826512,77.98760413147953,0.0,0.0,0.0,0.0005,112.71215494888676
2025-08-25,601318,BUY,72.85556087595074,200,14571.112175190148,4.371333652557044,0.0,0.0,0.0,0.0005,73.41972952797195
2025-08-25,300750,BUY,46.32607777338144,400,18530.431109352576,5.559129332805772,0.0,0.0,0.0,0.0005,46.86270063084817
2025-09-01,601318,SELL,73.91085202923301,100,7391.085202923301,2.21732556087699,7.391085202923302,7060.3604348790195,321.1163572804817,0.0005,73.13741488260551
2025-09-01,300750,SELL,47.976613872204915,5800,278264.3604587885,83.47930813763655,278.26436045878853,279629.19551924494,-1726.578729052795,0.0005,47.77553668821002
2025-09-01,000001,BUY,3.9042889916527233,69600,271738.51381902955,81.52155414570886,0.0,0.0,0.0,0.0005,3.79431591614369
2025-09-01,600519,BUY,112.01363652969253,100,11201.363652969254,3.360409095890776,0.0,0.0,0.0,0.0005,109.5074524158346
2025-09-08,000001,SELL,3.511168607640255,69600,244377.33509176175,73.31320052752852,244.37733509176175,271738.51381902955,-27678.869262887107,0.0005,3.4648580830162885
2025-09-08,600519,SELL,116.72103403498218,200,23344.206806996437,7.003262042098931,23.34420680699644,22605.102646805663,708.7566913416777,0.0005,117.8877054153525
2025-09-08,000858,SELL,137.83232233279315,100,13783.232233279316,4.134969669983795,13.783232233279316,11883.110695300278,1882.2033360757741,0.0005,137.07320942362077
2025-09-08,600036,BUY,32.97593081174559,8100,267105.0395751393,80.13151187254178,0.0,0.0,0.0,0.0005,33.06375876581153
2025-09-08,002594,BUY,177.77600387471324,100,17777.600387471324,5.333280116241397,0.0,0.0,0.0,0.0005,178.27186302477392
2025-09-15,000858,SELL,139.6426065600928,100,13964.260656009279,4.189278196802784,13.96426065600928,11883.110695300278,2062.996421856187,0.0005,142.50553505340716
2025-09-15,601318,SELL,68.55497767846958,3600,246797.9196424905,74.03937589274715,246.7979196424905,254623.36696107683,-8146.2846141215705,0.0005,68.94422916445015
2025-09-15,600036,SELL,32.412916613946464,200,6482.583322789293,1.9447749968367876,6.482583322789293,6595.186162349119,-121.03019787945232,0.0005,31.830571448489422
2025-09-15,600519,BUY,110.35679481595054,100,11035.679481595054,3.310703844478516,0.0,0.0,0.0,0.0005,109.00713033048952
2025-09-15,300750,BUY,43.60100274126829,5900,257245.9161734829,77.17377485204486,0.0,0.0,0.0,0.0005,43.619306838183725
2025-09-22,000858,SELL,152.49563046458624,100,15249.563046458625,4.574868913937587,15.249563046458626,11883.110695300278,3346.62791919795,0.0005,150.1879557437258
2025-09-22,002594,SELL,175.19676960552624,100,17519.676960552624,5.255903088165787,17.519676960552626,16908.44248464705,588.4588958568529,0.0005,175.41102468589494
2025-09-22,300750,SELL,42.10724550663921,5900,248432.74848917132,74.52982454675139,248.43274848917133,257245.9161734829,-9136.130257347482,0.0005,41.74429453339159
2025-09-22,600519,BUY,104.73310510129882,100,10473.310510129882,3.1419931530389644,0.0,0.0,0.0,0.0005,104.65707577130388
2025-09-22,601318,BUY,74.34211304135185,3400,252763.1843405963,75.82895530217888,0.0,0.0,0.0,0.0005,73.8124744228192
2025-09-22,600036,BUY,31.034218902296598,400,12413.687560918639,3.7241062682755914,0.0,0.0,0.0,0.0005,29.940165939254967
2025-09-29,601318,SELL,80.81243415559503,200,16162.486831119006,4.848746049335701,16.162486831119008,14868.42260827037,1273.0529899681806,0.0005,79.4378978995677
2025-09-29,600036,SELL,29.94129165487063,8300,248512.7207354262,74.55381622062785,248.5127207354262,272923.5409737088,-24733.886775238643,0.0005,30.45112524242876
2025-09-29,002594,BUY,173.89559513206373,100,17389.55951320637,5.216867853961911,0.0,0.0,0.0,0.0005,177.11734807334628
2025-09-29,601888,BUY,53.39349183949979,4800,256288.760829599,76.88662824887969,0.0,0.0,0.0,0.0005,54.54783214398228
2025-10-06,601318,SELL,87.76432904473045,200,17552.865808946088,5.265859742683826,17.552865808946088,14868.42260827037,2661.6244751240865,0.0005,87.37231375587449
2025-10-06,002594,SELL,185.80572032712155,100,18580.572032712156,5.5741716098136465,18.580572032712155,16908.44248464705,1647.9748044225817,0.0005,184.74790514873305
2025-10-06,601888,SELL,54.48207337934468,4800,261513.95222085447,78.45418566625634,261.5139522208545,256288.760829599,4885.223253368371,0.0005,57.599603353414125
2025-10-06,000858,BUY,147.87361445581294,100,14787.361445581295,4.436208433674388,0.0,0.0,0.0,0.0005,148.8731196877961
2025-10-06,600900,BUY,31.22686995910718,8700,271673.7686442325,81.50213059326974,0.0,0.0,0.0,0.0005,30.842574220308112
2025-10-13,600519,SELL,112.56026189973038,100,11256.026189973038,3.376807856991911,11.256026189973038,11302.551323402831,-61.15796747675813,0.0005,107.51457248856504
2025-10-13,601318,BUY,85.62163865455214,100,8562.163865455213,2.5686491596365637,0.0,0.0,0.0,0.0005,89.54133342272698
2025-10-13,600900,BUY,30.298004295588477,100,3029.8004295588476,0.9089401288676542,0.0,0.0,0.0,0.0005,30.324377660019923
2025-10-20,600519,SELL,107.46578632501802,2300,247171.30854754144,74.15139256426242,247.17130854754146,258761.3801127508,-11911.394266321178,0.0005,108.89460063974684
2025-10-20,000858,SELL,151.65249266145887,100,15165.249266145887,4.549574779843766,15.165249266145887,11883.110695300278,3262.423746799621,0.0005,153.21687421293876
2025-10-20,601318,SELL,89.42350852168417,100,8942.350852168416,2.6827052556505246,8.942350852168417,7434.211304135185,1496.5144919254117,0.0005,89.9658621964359
2025-10-20,600900,SELL,28.59877579639696,8800,251669.22700829327,75.50076810248797,251.66922700829326,274703.5690737913,-23361.51206060886,0.0005,29.13147651735296
2025-10-20,000333,BUY,27.280734366179804,9900,270079.2702251801,81.02378106755401,0.0,0.0,0.0,0.0005,27.058019227660196
2025-10-20,601888,BUY,58.2041310069737,4600,267739.002632079,80.32170078962369,0.0,0.0,0.0,0.0005,57.43611455656185
2025-10-27,601318,SELL,95.20709753843391,100,9520.709753843392,2.856212926153017,9.520709753843391,7434.211304135185,2074.121527028209,0.0005,90.75008657542917
2025-10-27,000333,SELL,29.206856883647777,400,11682.742753459112,3.504822826037733,11.682742753459111,10912.293746471922,755.2614414076925,0.0005,28.842966424430166
2025-10-27,002594,SELL,203.99730405542735,100,20399.730405542734,6.11991912166282,20.399730405542734,16908.44248464705,3464.768271368481,0.0005,199.4676710941219
2025-10-27,601888,SELL,56.391371552059056,4600,259400.30913947165,77.82009274184149,259.40030913947163,267739.002632079,-8675.91389448868,0.0005,54.86170237562896
2025-10-27,600036,BUY,31.877917832997497,8800,280525.67693037796,84.15770307911338,0.0,0.0,0.0,0.0005,31.81370675475068
2025-11-03,000858,SELL,159.5839001340152,100,15958.39001340152,4.787517004020455,15.958390013401521,11883.110695300278,4054.5334110838194,0.0005,157.82828992326478
2025-11-03,601318,SELL,85.49716386846718,2900,247941.77521855483,74.38253256556644,247.94177521855482,216720.0803812404,30899.370529530308,0.0005,83.05664015793853
2025-11-03,600036,SELL,30.14962765363533,8800,265316.7233519909,79.59501700559727,265.3167233519909,280525.67693037796,-15553.865318744618,0.0005,30.963780703607974
2025-11-03,000333,BUY,28.15554934195765,100,2815.554934195765,0.8446664802587294,0.0,0.0,0.0,0.0005,28.332898714661415
2025-11-03,601888,BUY,56.43243698656853,4800,270875.697535529,81.26270926065868,0.0,0.0,0.0,0.0005,55.60928317248789
2025-11-03,300750,BUY,44.69468283129631,6000,268168.09698777786,80.45042909633335,0.0,0.0,0.0,0.0005,45.01475142391671
2025-11-10,000333,SELL,28.95414677773364,300,8686.244033320092,2.6058732099960276,8.686244033320092,8184.220309853941,490.73160622283467,0.0005,27.523338111273787
2025-11-10,002594,SELL,211.9781257719125,100,21197.81257719125,6.3593437731573745,21.19781257719125,16908.44248464705,4261.812936193848,0.0005,216.0028197697023
2025-11-10,601888,SELL,56.07621381845206,4800,269165.8263285699,80.74974789857096,269.1658263285699,270875.697535529,-2059.7867811861797,0.0005,56.55338717520485
2025-11-10,300750,SELL,46.08960574550261,100,4608.960574550261,1.3826881723650783,4.608960574550261,4469.468283129631,133.50064267371454,0.0005,46.113786705652544
2025-11-10,600519,BUY,114.87237881531114,2300,264206.4712752156,79.26194138256469,0.0,0.0,0.0,0.0005,114.38210953305
2025-11-10,000858,BUY,149.18053222271135,200,29836.10644454227,8.95083193336268,0.0,0.0,0.0,0.0005,147.35371871138366
2025-11-17,000858,SELL,154.94423823692694,100,15494.423823692694,4.648327147107808,15.494423823692694,11883.110695300278,3591.170377421615,0.0005,157.07427676121264
2025-11-17,000333,SELL,28.867576652605365,9300,268468.4628692299,80.54053886076896,268.4684628692299,253798.31110304996,14321.142764449934,0.0005,29.43658862725336
2025-11-17,600036,BUY,30.755277822501643,8800,270646.44483801443,81.19393345140432,0.0,0.0,0.0,0.0005,30.413734604247693
2025-11-17,300750,BUY,45.385982127339105,100,4538.59821273391,1.361579463820173,0.0,0.0,0.0,0.0005,46.07258938965688
2025-11-24,000858,SELL,158.07545966478565,1700,268728.2814301356,80.61848442904068,268.7282814301356,210987.01762432748,57391.91703994895,0.0005,160.6501325489779
2025-11-24,600036,SELL,31.113372894399802,8800,273797.68147071823,82.13930444121546,273.79768147071826,270646.44483801443,2795.2996467918856,0.0005,30.957673126755846
2025-11-24,300750,SELL,47.60166995875797,100,4760.166995875797,1.428050098762739,4.760166995875797,4469.468283129631,284.510495651527,0.0005,46.80864259720554
2025-11-24,000333,BUY,29.674291308699033,9400,278938.3383017709,83.68150149053126,0.0,0.0,0.0,0.0005,29.969055796469554
2025-11-24,601888,BUY,59.429651803156375,4700,279319.36347483494,83.79580904245047,0.0,0.0,0.0,0.0005,59.25193893784039
2025-12-01,000333,SELL,32.57939067789815,500,16289.695338949074,4.886908601684722,16.289695338949073,14837.145654349517,1431.3730806589228,0.0005,32.93516127003753
2025-12-01,600519,BUY,119.76161254742405,100,11976.161254742405,3.592848376422721,0.0,0.0,0.0,0.0005,121.37825026635522
2025-12-01,601888,BUY,60.44221540477134,100,6044.221540477134,1.81326646214314,0.0,0.0,0.0,0.0005,61.24414611098075
2025-12-01,300750,BUY,48.56950949569525,100,4856.950949569525,1.4570852848708573,0.0,0.0,0.0,0.0005,49.89957385474016
2025-12-08,601888,SELL,62.036892386908654,200,12407.378477381731,3.722213543214519,12.407378477381732,11885.930360631275,505.31852472986066,0.0005,59.585735017858894
2025-12-08,600519,BUY,114.51142130787655,100,11451.142130787655,3.4353426392362962,0.0,0.0,0.0,0.0005,119.28672217540858
2025-12-08,000333,BUY,31.77873882048005,100,3177.8738820480053,0.9533621646144015,0.0,0.0,0.0,0.0005,31.9403593430292
2025-12-15,600519,SELL,123.42757301219305,200,24685.51460243861,7.4056543807315816,24.68551460243861,22974.475763062226,1678.9476703932123,0.0005,125.42754290385048
2025-12-15,300750,SELL,49.07336557313119,100,4907.33655731312,1.4722009671939358,4.90733655731312,4469.468283129631,431.488736658981,0.0005,49.13761318749452
2025-12-15,000333,BUY,31.919648729230335,100,3191.9648729230335,0.95758946187691,0.0,0.0,0.0,0.0005,31.727510996887645
2025-12-15,601888,BUY,61.41441219493105,100,6141.441219493106,1.8424323658479316,0.0,0.0,0.0,0.0005,61.82949859856939
2025-12-22,600519,SELL,128.63881727251626,100,12863.881727251626,3.8591645181754877,12.863881727251627,11487.237881531113,1359.9207994750868,0.0005,129.3321351052493
2025-12-22,000333,SELL,30.06228548180571,9100,273566.79788443196,82.07003936532958,273.566797884432,270471.03140239243,2740.129644789791,0.0005,31.184295413210144
2025-12-22,601888,SELL,64.55492821799261,200,12910.985643598522,3.873295693079556,12.910985643598522,11885.930360631275,1008.2710016305682,0.0005,65.3272152168984
2025-12-22,000001,BUY,2.6574697076611664,111300,295776.37846268783,88.73291353880634,0.0,0.0,0.0,0.0005,2.595180794270153
2025-12-22,300750,BUY,49.08734763936655,100,4908.734763936654,1.4726204291809961,0.0,0.0,0.0,0.0005,49.71535681827619
2025-12-29,601888,SELL,66.15859297964307,4500,297713.66840839386,89.31410052251815,297.71366840839386,267733.16551354266,29593.47512592032,0.0005,66.2762387315692
2025-12-29,300750,SELL,51.35863138236992,200,10271.726276473984,3.081517882942195,10.271726276473984,8938.936566259263,1319.4364660553056,0.0005,52.58952797121052
2025-12-29,000001,BUY,2.5411013300872622,6600,16771.26877857593,5.031380633572779,0.0,0.0,0.0,0.0005,2.5418613758635225
2025-12-29,000858,BUY,166.9945154316738,1700,283890.6762338454,85.16720287015362,0.0,0.0,0.0,0.0005,170.76670664429466
