date,cash,market_value,equity,daily_return,running_max,drawdown
2022-01-03,1000000.0,0.0,1000000.0,0.0,1000000.0,0.0
2022-01-04,1000000.0,0.0,1000000.0,0.0,1000000.0,0.0
2022-01-05,1000000.0,0.0,1000000.0,0.0,1000000.0,0.0
2022-01-06,1000000.0,0.0,1000000.0,0.0,1000000.0,0.0
2022-01-07,1000000.0,0.0,1000000.0,0.0,1000000.0,0.0
2022-01-10,16905.852367216256,976128.1236437876,993033.9760110038,-0.006966023988996151,1000000.0,-0.006966023988996151
2022-01-11,16905.852367216256,981524.9248485953,998430.7772158115,0.00543465917096464,1000000.0,-0.0015692227841884732
2022-01-12,16905.852367216256,971734.555266387,988640.4076336032,-0.009805756999508142,1000000.0,-0.011359592366396831
2022-01-13,16905.852367216256,970644.446267011,987550.2986342272,-0.0011026344775703079,1000000.0,-0.012449701365772725
2022-01-14,16905.852367216256,962981.867983516,979887.7203507322,-0.007759177729065869,1000000.0,-0.02011227964926776
2022-01-17,19499.0074830306,964435.0059408549,983934.0134238855,0.004129343586125378,1000000.0,-0.016065986576114577
2022-01-18,19499.0074830306,954754.6565186104,974253.664001641,-0.009838413237244326,1000000.0,-0.02574633599835907
2022-01-19,19499.0074830306,951727.7451384846,971226.7526215152,-0.0031069027420365103,1000000.0,-0.028773247378484856
2022-01-20,19499.0074830306,951686.5839816949,971185.5914647254,-4.238058381178522e-05,1000000.0,-0.028814408535274616
2022-01-21,19499.0074830306,949397.5351931442,968896.5426761748,-0.0023569632917415095,1000000.0,-0.031103457323825245
2022-01-24,18351.892736185953,939029.1559846766,957381.0487208625,-0.011885163635227292,1000000.0,-0.04261895127913751
2022-01-25,18351.892736185953,935183.557607898,953535.450344084,-0.0040167897431399036,1000000.0,-0.046464549655916065
2022-01-26,18351.892736185953,923018.4242023882,941370.3169385741,-0.012757924627888828,1000000.0,-0.05862968306142591
2022-01-27,18351.892736185953,926748.7260726601,945100.618808846,0.003962629587050515,1000000.0,-0.054899381191154006
2022-01-28,18351.892736185953,915623.2694391499,933975.1621753358,-0.011771716589850656,1000000.0,-0.06602483782466417
2022-01-31,15436.211507003212,925590.3567499199,941026.5682569231,0.007549886086010815,1000000.0,-0.0589734317430769
2022-02-01,15436.211507003212,912735.5335598495,928171.7450668527,-0.01366042535215728,1000000.0,-0.07182825493314737
2022-02-02,15436.211507003212,929858.9386467447,945295.1501537479,0.018448530865009083,1000000.0,-0.054704849846252124
2022-02-03,15436.211507003212,922363.418315958,937799.6298229612,-0.007929291004579508,1000000.0,-0.06220037017703883
2022-02-04,15436.211507003212,912033.9608558443,927470.1723628475,-0.011014567644970885,1000000.0,-0.07252982763715254
2022-02-07,9495.33555453812,917427.6857925083,926923.0213470464,-0.0005899392046292418,1000000.0,-0.0730769786529536
2022-02-08,9495.33555453812,917611.578896919,927106.9144514571,0.0001983909129190664,1000000.0,-0.0728930855485429
2022-02-09,9495.33555453812,924480.0492118949,933975.3847664329,0.007408498640137706,1000000.0,-0.06602461523356706
2022-02-10,9495.33555453812,919849.2931977109,929344.6287522491,-0.004958113553861887,1000000.0,-0.0706553712477509
2022-02-11,9495.33555453812,921099.8979124207,930595.2334669589,0.0013456845566417464,1000000.0,-0.06940476653304117
2022-02-14,9086.385827981547,922524.3410289469,931610.7268569284,0.0010912299498744282,1000000.0,-0.06838927314307153
2022-02-15,9086.385827981547,913801.3492811299,922887.7351091114,-0.00936334404096728,1000000.0,-0.07711226489088863
2022-02-16,9086.385827981547,909174.917374759,918261.3032027405,-0.0050129953301676355,1000000.0,-0.08173869679725954
2022-02-17,9086.385827981547,914403.6099320273,923489.9957600088,0.005694122728499451,1000000.0,-0.07651000423999121
2022-02-18,9086.385827981547,909835.5273352261,918921.9131632076,-0.0049465425914460015,1000000.0,-0.0810780868367924
2022-02-21,17038.732865339698,893237.8056326767,910276.5384980164,-0.009408171185548486,1000000.0,-0.08972346150198363
2022-02-22,17038.732865339698,904740.4559265341,921779.1887918739,0.01263643498143674,1000000.0,-0.07822081120812618
2022-02-23,17038.732865339698,887938.8491480383,904977.582013378,-0.018227366144506707,1000000.0,-0.09502241798662192
2022-02-24,17038.732865339698,904226.4731062362,921265.2059715759,0.017997820368059747,1000000.0,-0.0787347940284241
2022-02-25,17038.732865339698,902823.4581104075,919862.1909757472,-0.0015229219411896366,1000000.0,-0.08013780902425283
2022-02-28,19204.326762073062,897644.3822199337,916848.7089820068,-0.0032760146283911107,1000000.0,-0.08315129101799323
2022-03-01,19204.326762073062,897398.8903800417,916603.2171421148,-0.0002677561057642386,1000000.0,-0.08339678285788521
2022-03-02,19204.326762073062,889036.8923148469,908241.21907692,-0.009122811167155631,1000000.0,-0.0917587809230801
2022-03-03,19204.326762073062,877693.5037683941,896897.8305304672,-0.01248940073208904,1000000.0,-0.10310216946953277
2022-03-04,19204.326762073062,885826.7142234956,905031.0409855687,0.009068157128099052,1000000.0,-0.09496895901443136
2022-03-07,18890.68519847491,901510.8802489263,920401.5654474013,0.016983422408467064,1000000.0,-0.07959843455259874
2022-03-08,18890.68519847491,893346.3157467791,912237.000945254,-0.008870654732294536,1000000.0,-0.08776299905474605
2022-03-09,18890.68519847491,894987.2627709308,913877.9479694057,0.0017988165602265127,1000000.0,-0.08612205203059431
2022-03-10,18890.68519847491,885208.6393421468,904099.3245406217,-0.010700141578546263,1000000.0,-0.0959006754593783
2022-03-11,18890.68519847491,894274.0155717911,913164.700770266,0.010026969364511418,1000000.0,-0.08683529922973399
2022-03-14,11227.081163653578,907410.2620932286,918637.3432568822,0.005993050850520154,1000000.0,-0.08136265674311782
2022-03-15,11227.081163653578,913629.5733145281,924856.6544781816,0.006770148488902006,1000000.0,-0.07514334552181834
2022-03-16,11227.081163653578,926192.7165155087,937419.7976791622,0.013583881502230222,1000000.0,-0.06258020232083772
2022-03-17,11227.081163653578,918056.4161135694,929283.4972772229,-0.008679462949345518,1000000.0,-0.07071650272277707
2022-03-18,11227.081163653578,925200.0314739326,936427.1126375861,0.007687229334528922,1000000.0,-0.06357288736241395
2022-03-21,10132.903241878754,932496.2715810242,942629.1748229029,0.006623112575038226,1000000.0,-0.05737082517709713
2022-03-22,10132.903241878754,946055.108494265,956188.0117361437,0.014384062445116141,1000000.0,-0.04381198826385624
2022-03-23,10132.903241878754,934028.0305765405,944160.9338184192,-0.01257815175478616,1000000.0,-0.05583906618158074
2022-03-24,10132.903241878754,939481.794582508,949614.6978243868,0.005776307630004585,1000000.0,-0.05038530217561321
2022-03-25,10132.903241878754,933911.0783437375,944043.9815856162,-0.005866291087883613,1000000.0,-0.0559560184143838
2022-03-28,14314.478007532038,934198.6231180439,948513.101125576,0.0047340162398508134,1000000.0,-0.051486898874424036
2022-03-29,14314.478007532038,934091.0840621294,948405.5620696614,-0.00011337645815001629,1000000.0,-0.05159443793033858
2022-03-30,14314.478007532038,927612.7691792042,941927.2471867363,-0.0068307432410958935,1000000.0,-0.05807275281326363
2022-03-31,14314.478007532038,925085.4978923801,939399.9758999122,-0.0026830854446268093,1000000.0,-0.0606000241000878
2022-04-01,14314.478007532038,919334.58904876,933649.0670562921,-0.0061218958815821845,1000000.0,-0.06635093294370786
2022-04-04,9105.12699961767,927044.7864330435,936149.9134326612,0.0026785721365887305,1000000.0,-0.06385008656733882
2022-04-05,9105.12699961767,933276.0124006242,942381.1394002419,0.006656226613034777,1000000.0,-0.05761886059975807
2022-04-06,9105.12699961767,945649.8390207167,954754.9660203344,0.013130384408974516,1000000.0,-0.045245033979665616
2022-04-07,9105.12699961767,944722.9278160118,953828.0548156295,-0.000970836746278958,1000000.0,-0.04617194518437051
2022-04-08,9105.12699961767,932429.8370753338,941534.9640749515,-0.012888162262174374,1000000.0,-0.05846503592504848
2022-04-11,12622.708073484235,904839.2784230848,917461.986496569,-0.0255677999191819,1000000.0,-0.08253801350343104
2022-04-12,12622.708073484235,908944.7583104521,921567.4663839363,0.00447482287854184,1000000.0,-0.07843253361606362
2022-04-13,12622.708073484235,905900.2567434928,918522.964816977,-0.0033036122454553896,1000000.0,-0.08147703518302296
2022-04-14,12622.708073484235,907490.3560801126,920113.0641535969,0.0017311481558184294,1000000.0,-0.07988693584640316
2022-04-15,12622.708073484235,910675.8329486416,923298.5410221259,0.0034620493857016044,1000000.0,-0.07670145897787417
2022-04-18,16406.01839225649,916999.5456003582,933405.5639926146,0.01094664674689061,1000000.0,-0.06659443600738535
2022-04-19,16406.01839225649,905022.10147668,921428.1198689365,-0.012831982779752171,1000000.0,-0.07857188013106353
2022-04-20,16406.01839225649,912300.7204573863,928706.7388496428,0.007899280284328292,1000000.0,-0.07129326115035717
2022-04-21,16406.01839225649,910904.450495039,927310.4688872955,-0.0015034562622824321,1000000.0,-0.0726895311127046
2022-04-22,16406.01839225649,916965.6306482479,933371.6490405044,0.00653630079306855,1000000.0,-0.0666283509594956
2022-04-25,9622.636922141694,930056.1936434477,939678.8305655894,0.006757417082004391,1000000.0,-0.06032116943441068
2022-04-26,9622.636922141694,932535.7691647448,942158.4060868864,0.0026387478792138097,1000000.0,-0.05784159391311361
2022-04-27,9622.636922141694,929350.4209825448,938973.0579046864,-0.00338090512340683,1000000.0,-0.06102694209531356
2022-04-28,9622.636922141694,933341.1167624476,942963.7536845893,0.00425006420185059,1000000.0,-0.05703624631541071
2022-04-29,9622.636922141694,935365.6362326874,944988.273154829,0.002146974857017536,1000000.0,-0.05501172684517097
2022-05-02,23043.929529053217,905454.9513208342,928498.8808498874,-0.017449308920937323,1000000.0,-0.07150111915011259
2022-05-03,23043.929529053217,907394.2769809213,930438.2065099746,0.0020886677411091625,1000000.0,-0.06956179349002545
2022-05-04,23043.929529053217,910013.7454478424,933057.6749768956,0.0028153062165692244,1000000.0,-0.06694232502310449
2022-05-05,23043.929529053217,924544.7770970967,947588.7066261498,0.015573562105487326,1000000.0,-0.0524112933738502
2022-05-06,23043.929529053217,926387.8802837115,949431.8098127646,0.0019450455389840027,1000000.0,-0.05056819018723535
2022-05-09,13245.085445940984,933340.548973285,946585.634419226,-0.002997767047746125,1000000.0,-0.05341436558077406
2022-05-10,13245.085445940984,923028.5575432085,936273.6429891494,-0.010893881182132525,1000000.0,-0.06372635701085061
2022-05-11,13245.085445940984,917917.1935879663,931162.2790339072,-0.0054592628912671914,1000000.0,-0.06883772096609275
2022-05-12,13245.085445940984,912733.0993803322,925978.1848262731,-0.005567336998458128,1000000.0,-0.07402181517372686
2022-05-13,13245.085445940984,901935.228219184,915180.3136651249,-0.011661042709309677,1000000.0,-0.08481968633487502
2022-05-16,20176.00534578951,886897.4206914309,907073.4260372204,-0.008858240837194109,1000000.0,-0.09292657396277959
2022-05-17,20176.00534578951,891774.301394867,911950.3067406565,0.005376500472229706,1000000.0,-0.08804969325934353
2022-05-18,20176.00534578951,893451.9266045348,913627.9319503243,0.001839601563010218,1000000.0,-0.08637206804967568
2022-05-19,20176.00534578951,896633.9649473126,916809.9702931021,0.003482860179181424,1000000.0,-0.08319002970689793
2022-05-20,20176.00534578951,907031.2597316224,927207.2650774119,0.01134073049073181,1000000.0,-0.07279273492258809
2022-05-23,15419.211790633173,917241.4824866585,932660.6942772917,0.00588156435489573,1000000.0,-0.0673393057227083
2022-05-24,15419.211790633173,911549.0244185401,926968.2362091732,-0.006103460886736967,1000000.0,-0.07303176379082676
2022-05-25,15419.211790633173,920969.2021452375,936388.4139358706,0.010162352234658112,1000000.0,-0.06361158606412942
2022-05-26,15419.211790633173,916747.5979001427,932166.8096907758,-0.004508390089269065,1000000.0,-0.06783319030922419
2022-05-27,15419.211790633173,909087.4562156295,924506.6680062626,-0.008217565359416978,1000000.0,-0.07549333199373742
2022-05-30,18244.514093849662,904080.2374989846,922324.7515928342,-0.00236008726484771,1000000.0,-0.07767524840716578
2022-05-31,18244.514093849662,913878.6763723756,932123.1904662253,0.010623632138755168,1000000.0,-0.06787680953377473
2022-06-01,18244.514093849662,923903.44922527,942147.9633191196,0.010754772497270748,1000000.0,-0.05785203668088035
2022-06-02,18244.514093849662,926069.9870385705,944314.5011324201,0.0022995727822494594,1000000.0,-0.0556854988675799
2022-06-03,18244.514093849662,935161.6061858148,953406.1202796645,0.009627744926443249,1000000.0,-0.04659387972033546
2022-06-06,19805.155787339994,922510.3404169608,942315.4962043008,-0.011632633606453613,1000000.0,-0.05768450379569923
2022-06-07,19805.155787339994,926154.8132266979,945959.9690140379,0.0038675717680725086,1000000.0,-0.054040030985962106
2022-06-08,19805.155787339994,931855.8629231199,951661.0187104599,0.006026734622146979,1000000.0,-0.04833898128954006
2022-06-09,19805.155787339994,929958.9967707748,949764.1525581148,-0.0019932161925844127,1000000.0,-0.05023584744188514
2022-06-10,19805.155787339994,923259.4158879148,943064.5716752548,-0.007053941617837678,1000000.0,-0.056935428324745185
2022-06-13,17315.239130169153,917338.2873549156,934653.5264850848,-0.00891884335685389,1000000.0,-0.06534647351491518
2022-06-14,17315.239130169153,911711.8248329008,929027.0639630699,-0.006019837685922069,1000000.0,-0.07097293603693011
2022-06-15,17315.239130169153,903247.1454342385,920562.3845644076,-0.00911133779306006,1000000.0,-0.07943761543559236
2022-06-16,17315.239130169153,899726.8652499812,917042.1043801503,-0.0038240539080065528,1000000.0,-0.08295789561984968
2022-06-17,17315.239130169153,893451.2030613829,910766.442191552,-0.006843374103133626,1000000.0,-0.089233557808448
2022-06-20,19616.7623662251,890372.4058933869,909989.168259612,-0.0008534283828789402,1000000.0,-0.09001083174038793
2022-06-21,19616.7623662251,885277.1077160817,904893.8700823068,-0.005599295414746797,1000000.0,-0.09510612991769318
2022-06-22,19616.7623662251,872512.716830753,892129.4791969782,-0.014105953534824578,1000000.0,-0.10787052080302184
2022-06-23,19616.7623662251,886939.1719645689,906555.934330794,0.016170808688892757,1000000.0,-0.09344406566920593
2022-06-24,19616.7623662251,885237.6948744579,904854.457240683,-0.001876858366568368,1000000.0,-0.09514554275931697
2022-06-27,13122.101604457304,889800.2624184598,902922.3640229171,-0.0021352530258377245,1000000.0,-0.09707763597708285
2022-06-28,13122.101604457304,874881.0063111831,888003.1079156403,-0.016523298903357464,1000000.0,-0.1119968920843597
2022-06-29,13122.101604457304,865400.9657291678,878523.0673336252,-0.010675684012263376,1000000.0,-0.12147693266637483
2022-06-30,13122.101604457304,870480.5939920695,883602.6955965268,0.005782008978226116,1000000.0,-0.11639730440347318
2022-07-01,13122.101604457304,863650.472430858,876772.5740353153,-0.007729855958169551,1000000.0,-0.12322742596468472
2022-07-04,10495.204047605279,862269.5957814557,872764.799829061,-0.004571053343752074,1000000.0,-0.12723520017093892
2022-07-05,10495.204047605279,854108.633415742,864603.8374633472,-0.009350700632418052,1000000.0,-0.13539616253665276
2022-07-06,10495.204047605279,860315.6300475579,870810.8340951632,0.007179006572566982,1000000.0,-0.12918916590483687
2022-07-07,10495.204047605279,853522.5275906037,864017.731638209,-0.007800893363956285,1000000.0,-0.13598226836179106
2022-07-08,10495.204047605279,847822.1289858853,858317.3330334906,-0.006597548170580003,1000000.0,-0.14168266696650944
2022-07-11,25179.223011369213,838050.5610957999,863229.7841071691,0.005723350659035287,1000000.0,-0.1367702158928309
2022-07-12,25179.223011369213,833520.5486693732,858699.7716807424,-0.005247748061788737,1000000.0,-0.1413002283192576
2022-07-13,25179.223011369213,833352.4063714541,858531.6293828234,-0.00019581034427196276,1000000.0,-0.14146837061717665
2022-07-14,25179.223011369213,841945.7443484224,867124.9673597916,0.010009343491684586,1000000.0,-0.1328750326402084
2022-07-15,25179.223011369213,834744.5172812548,859923.740292624,-0.008304716549788482,1000000.0,-0.14007625970737603
2022-07-18,16998.544218333933,838571.7461767949,855570.2903951288,-0.005062599964985037,1000000.0,-0.14442970960487123
2022-07-19,16998.544218333933,838994.0067782284,855992.5509965623,0.000493542852263662,1000000.0,-0.14400744900343765
2022-07-20,16998.544218333933,838042.9935149869,855041.5377333208,-0.001111006470949194,1000000.0,-0.1449584622666792
2022-07-21,16998.544218333933,847234.5379345827,864233.0821529166,0.010749822100996509,1000000.0,-0.1357669178470834
2022-07-22,16998.544218333933,850834.6167775076,867833.1609958415,0.0041656341527178675,1000000.0,-0.1321668390041585
2022-07-25,21312.36226444467,850284.8368308692,871597.1990953139,0.0043372830961576625,1000000.0,-0.12840280090468614
2022-07-26,21312.36226444467,828831.7136244781,850144.0758889228,-0.02461357520269536,1000000.0,-0.14985592411107718
2022-07-27,21312.36226444467,829121.938189298,850434.3004537427,0.00034138279975248764,1000000.0,-0.1495656995462573
2022-07-28,21312.36226444467,833996.2016526764,855308.5639171212,0.005731499142000551,1000000.0,-0.14469143608287882
2022-07-29,21312.36226444467,834217.2933285566,855529.6555930013,0.00025849346681106056,1000000.0,-0.14447034440699869
2022-08-01,8045.272262745291,848221.6932577521,856266.9655204974,0.0008618169138567833,1000000.0,-0.14373303447950259
2022-08-02,8045.272262745291,853486.156734335,861531.4289970803,0.006148156694778972,1000000.0,-0.13846857100291965
2022-08-03,8045.272262745291,844037.3466727365,852082.6189354818,-0.010967458346351933,1000000.0,-0.14791738106451824
2022-08-04,8045.272262745291,841529.0476830165,849574.3199457618,-0.002943727443770139,1000000.0,-0.15042568005423818
2022-08-05,8045.272262745291,852274.1577600816,860319.4300228269,0.01264763991189266,1000000.0,-0.13968056997717315
2022-08-08,25439.087636785494,827148.3359123734,852587.4235491588,-0.008987367021877968,1000000.0,-0.14741257645084116
2022-08-09,25439.087636785494,834052.3338165481,859491.4214533336,0.008097700849767131,1000000.0,-0.14050857854666643
2022-08-10,25439.087636785494,838596.2802872512,864035.3679240367,0.0052867851351205974,1000000.0,-0.13596463207596332
2022-08-11,25439.087636785494,843129.2855634677,868568.3732002531,0.005246319125925991,1000000.0,-0.13143162679974685
2022-08-12,25439.087636785494,816563.303546851,842002.3911836365,-0.030585942150683998,1000000.0,-0.1579976088163635
2022-08-15,12072.844219277293,828714.3004421716,840787.1446614489,-0.0014432815570503132,1000000.0,-0.15921285533855112
2022-08-16,12072.844219277293,831268.4804050138,843341.324624291,0.0030378437385250034,1000000.0,-0.156658675375709
2022-08-17,12072.844219277293,834118.1993309251,846191.0435502024,0.0033790813312521983,1000000.0,-0.15380895644979764
2022-08-18,12072.844219277293,841054.8272389807,853127.671458258,0.008197472616766177,1000000.0,-0.14687232854174204
2022-08-19,12072.844219277293,845493.3470336108,857566.1912528881,0.005202644273679891,1000000.0,-0.14243380874711198
2022-08-22,24956.167784788362,833065.2620654285,858021.429850217,0.0005308495157252402,1000000.0,-0.141978570149783
2022-08-23,24956.167784788362,830032.7190182228,854988.8868030112,-0.003534344180348925,1000000.0,-0.14501111319698878
2022-08-24,24956.167784788362,837823.6067376864,862779.7745224749,0.009112267819755493,1000000.0,-0.1372202254775251
2022-08-25,24956.167784788362,823709.7762172867,848665.9440020751,-0.01635855514602358,1000000.0,-0.15133405599792493
2022-08-26,24956.167784788362,838611.8322568866,863568.000041675,0.017559389704417727,1000000.0,-0.1364319999583249
2022-08-29,20721.796759767167,831990.9654802125,852712.7622399796,-0.012570217749119483,1000000.0,-0.1472872377600204
2022-08-30,20721.796759767167,843026.7545583992,863748.5513181663,0.012941977142686412,1000000.0,-0.1362514486818337
2022-08-31,20721.796759767167,852577.4647669946,873299.2615267618,0.011057280725993879,1000000.0,-0.12670073847323815
2022-09-01,20721.796759767167,863818.7399836406,884540.5367434078,0.012872191368847874,1000000.0,-0.11545946325659218
2022-09-02,20721.796759767167,862239.6880077783,882961.4847675455,-0.0017851663211229107,1000000.0,-0.11703851523245457
2022-09-05,28493.98426627941,857635.4945799956,886129.478846275,0.0035879187635954324,1000000.0,-0.11387052115372498
2022-09-06,28493.98426627941,848499.8726928983,876993.8569591776,-0.010309579023363269,1000000.0,-0.12300614304082236
2022-09-07,28493.98426627941,849232.0222217722,877726.0064880516,0.0008348399741504586,1000000.0,-0.12227399351194834
2022-09-08,28493.98426627941,846755.5047092302,875249.4889755095,-0.0028215154777641027,1000000.0,-0.12475051102449042
2022-09-09,28493.98426627941,845831.2067572825,874325.1910235619,-0.0010560394077231416,1000000.0,-0.12567480897643812
2022-09-12,23071.95896121196,844983.824674889,868055.7836361009,-0.007170567029095243,1000000.0,-0.13194421636389908
2022-09-13,23071.95896121196,844282.111221252,867354.070182464,-0.0008083736861905777,1000000.0,-0.13264592981753598
2022-09-14,23071.95896121196,856525.996759292,879597.9557205039,0.014116363730747539,1000000.0,-0.12040204427949608
2022-09-15,23071.95896121196,853155.5083646614,876227.4673258733,-0.0038318511005062117,1000000.0,-0.12377253267412669
2022-09-16,23071.95896121196,851883.7272452711,874955.686206483,-0.0014514280444455352,1000000.0,-0.125044313793517
2022-09-19,18641.67284029359,863974.6698467243,882616.3426870179,0.008755479393189436,1000000.0,-0.11738365731298217
2022-09-20,18641.67284029359,884339.1770971444,902980.849937438,0.02307288712604505,1000000.0,-0.09701915006256201
2022-09-21,18641.67284029359,894318.5295427863,912960.2023830799,0.011051565984298906,1000000.0,-0.08703979761692004
2022-09-22,18641.67284029359,886459.3665818244,905101.039422118,-0.008608439820758207,1000000.0,-0.09489896057788205
2022-09-23,18641.67284029359,870740.4148375364,889382.08767783,-0.01736706849251224,1000000.0,-0.11061791232217
2022-09-26,20872.94719409925,869186.8753331171,890059.8225272163,0.0007620288948655407,1000000.0,-0.10994017747278373
2022-09-27,20872.94719409925,866806.6476734031,887679.5948675023,-0.0026742333486704517,1000000.0,-0.11232040513249764
2022-09-28,20872.94719409925,870912.8956352649,891785.8428293641,0.004625822183593975,1000000.0,-0.10821415717063587
2022-09-29,20872.94719409925,870781.330600819,891654.2777949183,-0.0001475298531634639,1000000.0,-0.10834572220508176
2022-09-30,20872.94719409925,879344.5599355161,900217.5071296154,0.009603755118939405,1000000.0,-0.09978249287038454
2022-10-03,26190.145005096303,867028.0777961969,893218.2228012932,-0.00777510354207589,1000000.0,-0.10678177719870674
2022-10-04,26190.145005096303,870843.6275243434,897033.7725294398,0.0042716881840814125,1000000.0,-0.10296622747056028
2022-10-05,26190.145005096303,869147.4329007363,895337.5779058327,-0.0018908927127951891,1000000.0,-0.10466242209416732
2022-10-06,26190.145005096303,860475.6719578262,886665.8169629226,-0.009685465188664422,1000000.0,-0.11333418303707743
2022-10-07,26190.145005096303,856730.4470571316,882920.5920622279,-0.00422394190578268,1000000.0,-0.11707940793777205
2022-10-10,19896.72099261753,866582.9027689889,886479.6237616064,0.004030975980598317,1000000.0,-0.11352037623839362
2022-10-11,19896.72099261753,875166.0923498096,895062.8133424271,0.009682331494997642,1000000.0,-0.1049371866575729
2022-10-12,19896.72099261753,870016.4982143787,889913.2192069963,-0.005753332680865975,1000000.0,-0.11008678079300371
2022-10-13,19896.72099261753,881882.9032332833,901779.6242259009,0.013334339531981376,1000000.0,-0.09822037577409914
2022-10-14,19896.72099261753,871338.6394686708,891235.3604612884,-0.01169272789198783,1000000.0,-0.10876463953871163
2022-10-17,31083.652474166378,877309.8719828724,908393.5244570387,0.01925211314199826,1000000.0,-0.09160647554296131
2022-10-18,31083.652474166378,880644.0730783911,911727.7255525575,0.003670436881979766,1000000.0,-0.08827227444744246
2022-10-19,31083.652474166378,895246.2387592143,926329.8912333807,0.01601592807981511,1000000.0,-0.07367010876661939
2022-10-20,31083.652474166378,895434.0121284388,926517.6646026052,0.00020270680132594698,1000000.0,-0.0734823353973948
2022-10-21,31083.652474166378,892587.9199429054,923671.5724170718,-0.0030718164307791396,1000000.0,-0.07632842758292824
2022-10-24,29207.035809609897,900149.0561500848,929356.0919596947,0.00615426490581239,1000000.0,-0.07064390804030529
2022-10-25,29207.035809609897,907980.6392475024,937187.6750571124,0.008426891656677649,1000000.0,-0.06281232494288769
2022-10-26,29207.035809609897,899856.618480014,929063.654289624,-0.00866851003668323,1000000.0,-0.07093634571037599
2022-10-27,29207.035809609897,900897.0705506168,930104.1063602268,0.0011198932019338415,1000000.0,-0.06989589363977322
2022-10-28,29207.035809609897,898570.7597645709,927777.7955741808,-0.0025011294651192673,1000000.0,-0.07222220442581917
2022-10-31,14725.427554542952,915540.8333457643,930266.2609003072,0.0026821781443759907,1000000.0,-0.06973373909969283
2022-11-01,14725.427554542952,912466.7635838793,927192.1911384222,-0.0033045052702544986,1000000.0,-0.07280780886157778
2022-11-02,14725.427554542952,913771.6282834768,928497.0558380197,0.0014073292593150821,1000000.0,-0.07150294416198033
2022-11-03,14725.427554542952,915309.052329187,930034.47988373,0.0016558200546179513,1000000.0,-0.06996552011627011
2022-11-04,14725.427554542952,913547.3718535632,928272.7994081061,-0.0018942098532132023,1000000.0,-0.07172720059189386
2022-11-07,14647.093962180003,907192.8184660237,921839.9124282036,-0.006929953117234877,1000000.0,-0.07816008757179638
2022-11-08,14647.093962180003,900732.4057936079,915379.4997557879,-0.007008172010472435,1000000.0,-0.08462050024421208
2022-11-09,14647.093962180003,914863.257964179,929510.351926359,0.015437151666976456,1000000.0,-0.070489648073641
2022-11-10,14647.093962180003,904175.3787273844,918822.4726895643,-0.01149839720950352,1000000.0,-0.0811775273104357
2022-11-11,14647.093962180003,899568.216302839,914215.310265019,-0.005014203027772446,1000000.0,-0.0857846897349811
2022-11-14,6712.376457375794,909403.8486677345,916116.2251251104,0.00207928574237104,1000000.0,-0.08388377487488963
2022-11-15,6712.376457375794,906571.3937792921,913283.770236668,-0.0030918073610753938,1000000.0,-0.08671622976333204
2022-11-16,6712.376457375794,905694.0855811135,912406.4620384893,-0.0009606085499048733,1000000.0,-0.0875935379615107
2022-11-17,6712.376457375794,885466.9933796992,892179.369837075,-0.022168948865424642,1000000.0,-0.10782063016292498
2022-11-18,6712.376457375794,886633.3684094871,893345.7448668629,0.0013073324369750061,1000000.0,-0.10665425513313709
2022-11-21,10206.820772449611,879725.4626763568,889932.2834488064,-0.0038209858139137687,1000000.0,-0.11006771655119363
2022-11-22,10206.820772449611,888286.0398490715,898492.8606215211,0.009619357935346962,1000000.0,-0.10150713937847888
2022-11-23,10206.820772449611,882024.4006473941,892231.2214198437,-0.006969047252468941,1000000.0,-0.10776877858015632
2022-11-24,10206.820772449611,880029.5382402625,890236.3590127121,-0.002235813272659426,1000000.0,-0.10976364098728786
2022-11-25,10206.820772449611,885130.0228475209,895336.8436199705,0.005729360024022023,1000000.0,-0.10466315638002954
2022-11-28,10618.661514013336,881766.8111803492,892385.4726943625,-0.0032963805149301972,1000000.0,-0.10761452730563748
2022-11-29,10618.661514013336,874443.31604794,885061.9775619534,-0.008206649880009187,1000000.0,-0.11493802243804663
2022-11-30,10618.661514013336,864517.813105071,875136.4746190843,-0.011214472200252623,1000000.0,-0.12486352538091572
2022-12-01,10618.661514013336,871887.8076323591,882506.4691463724,0.00842153737278073,1000000.0,-0.11749353085362757
2022-12-02,10618.661514013336,866437.5371627656,877056.1986767789,-0.00617589860260781,1000000.0,-0.12294380132322102
2022-12-05,8867.708683853038,870340.380755161,879208.0894390141,0.002453538057745508,1000000.0,-0.12079191056098593
2022-12-06,8867.708683853038,863249.7633353539,872117.472019207,-0.00806477727511734,1000000.0,-0.12788252798079303
2022-12-07,8867.708683853038,863725.8907725473,872593.5994564004,0.0005459441559989564,1000000.0,-0.12740640054359964
2022-12-08,8867.708683853038,872126.4135613594,880994.1222452124,0.009627073581613965,1000000.0,-0.11900587775478755
2022-12-09,8867.708683853038,872220.7837518117,881088.4924356648,0.0001071178434333131,1000000.0,-0.11891150756433522
2022-12-12,15609.649969690829,861440.9028662022,877050.552835893,-0.00458289903277409,1000000.0,-0.12294944716410705
2022-12-13,15609.649969690829,849468.6011114366,865078.2510811274,-0.013650640451743357,1000000.0,-0.13492174891887254
2022-12-14,15609.649969690829,850754.4953366367,866364.1453063275,0.0014864484497130181,1000000.0,-0.13363585469367245
2022-12-15,15609.649969690829,848883.4355013932,864493.085471084,-0.002159669055304625,1000000.0,-0.13550691452891606
2022-12-16,15609.649969690829,854178.1154322312,869787.765401922,0.006124606454142922,1000000.0,-0.13021223459807796
2022-12-19,10267.062716616889,859988.5537143343,870255.6164309512,0.000537891020820469,1000000.0,-0.12974438356904883
2022-12-20,10267.062716616889,846900.593266615,857167.6559832318,-0.015039213997141476,1000000.0,-0.14283234401676814
2022-12-21,10267.062716616889,849448.0094738514,859715.0721904683,0.00297189959216837,1000000.0,-0.14028492780953172
2022-12-22,10267.062716616889,841246.5367758732,851513.5994924901,-0.009539756790679199,1000000.0,-0.14848640050750994
2022-12-23,10267.062716616889,843951.3083964314,854218.3711130483,0.003176427977392704,1000000.0,-0.14578162888695168
2022-12-26,10365.8529254194,846300.4016422043,856666.2545676236,0.0028656413129886094,1000000.0,-0.14333374543237642
2022-12-27,10365.8529254194,849059.3771683187,859425.2300937381,0.0032205955486210858,1000000.0,-0.14057476990626194
2022-12-28,10365.8529254194,846412.0945996707,856777.9475250901,-0.003080294219846458,1000000.0,-0.14322205247490993
2022-12-29,10365.8529254194,836541.1098150226,846906.962740442,-0.011521053749296017,1000000.0,-0.15309303725955803
2022-12-30,10365.8529254194,838931.5967142637,849297.4496396831,0.0028226086269333983,1000000.0,-0.15070255036031688
2023-01-02,4036.4752538740613,842778.4097888538,846814.8850427279,-0.002923080244746301,1000000.0,-0.15318511495727205
2023-01-03,4036.4752538740613,844423.6394280267,848460.1146819008,0.001942844496751972,1000000.0,-0.15153988531809914
2023-01-04,4036.4752538740613,848915.5992351412,852952.0744890153,0.005294249817268781,1000000.0,-0.14704792551098478
2023-01-05,4036.4752538740613,850455.0975102789,854491.572764153,0.0018049059509703813,1000000.0,-0.145508427235847
2023-01-06,4036.4752538740613,844359.4686028291,848395.9438567032,-0.007133632562029035,1000000.0,-0.15160405614329675
2023-01-09,22558.332713624462,844660.9282869147,867219.2610005392,0.02218694853521752,1000000.0,-0.13278073899946086
2023-01-10,22558.332713624462,843986.1072509422,866544.4399645666,-0.0007781435057081509,1000000.0,-0.13345556003543335
2023-01-11,22558.332713624462,838637.0010864681,861195.3338000926,-0.0061729161457579895,1000000.0,-0.1388046661999074
2023-01-12,22558.332713624462,843549.1901130413,866107.5228266658,0.005703919696008697,1000000.0,-0.1338924771733342
2023-01-13,22558.332713624462,861547.957464178,884106.2901778024,0.020781215815323995,1000000.0,-0.1158937098221976
2023-01-16,17795.697566185932,875588.5659602726,893384.2635264585,0.01049418316749029,1000000.0,-0.1066157364735415
2023-01-17,17795.697566185932,870342.6286218934,888138.3261880793,-0.005871983146056192,1000000.0,-0.11186167381192069
2023-01-18,17795.697566185932,867293.302191595,885088.9997577809,-0.003433391331490232,1000000.0,-0.11491100024221912
2023-01-19,17795.697566185932,867231.4024432705,885027.1000094565,-6.993618533435164e-05,1000000.0,-0.1149728999905435
2023-01-20,17795.697566185932,869621.1768508628,887416.8744170488,0.002700227380118214,1000000.0,-0.11258312558295125
2023-01-23,21894.450318490883,878660.4001391724,900554.8504576633,0.014804739936058686,1000000.0,-0.09944514954233674
2023-01-24,21894.450318490883,876345.5573138176,898240.0076323084,-0.0025704628920475425,1000000.0,-0.10175999236769162
2023-01-25,21894.450318490883,877818.4075740575,899712.8578925483,0.0016397068130178383,1000000.0,-0.10028714210745171
2023-01-26,21894.450318490883,880713.5984569675,902608.0487754584,0.0032179054211713964,1000000.0,-0.0973919512245417
2023-01-27,21894.450318490883,870471.06937788,892365.5196963708,-0.01134770412581998,1000000.0,-0.10763448030362921
2023-01-30,20006.586075598112,857190.1475076963,877196.7335832944,-0.016998400070676878,1000000.0,-0.12280326641670558
2023-01-31,20006.586075598112,850153.8837842947,870160.4698598929,-0.008021306343286128,1000000.0,-0.12983953014010718
2023-02-01,20006.586075598112,853773.9719054536,873780.5579810517,0.00416025347800697,1000000.0,-0.1262194420189483
2023-02-02,20006.586075598112,851453.4523938757,871460.0384694738,-0.0026557234426680676,1000000.0,-0.12853996153052616
2023-02-03,20006.586075598112,867603.3406489253,887609.9267245234,0.018531989468402177,1000000.0,-0.11239007327547657
2023-02-06,5278.3139504069695,881881.6757755067,887159.9897259136,-0.0005069084797982848,1000000.0,-0.11284001027408641
2023-02-07,5278.3139504069695,886644.5033428477,891922.8172932547,0.0053686230471376994,1000000.0,-0.10807718270674538
2023-02-08,5278.3139504069695,887242.0110599028,892520.3250103098,0.0006699096664759541,1000000.0,-0.10747967498969024
2023-02-09,5278.3139504069695,889601.0578749052,894879.3718253121,0.00264312951637824,1000000.0,-0.10512062817468781
2023-02-10,5278.3139504069695,896421.6899593124,901700.0039097194,0.00762184524434284,1000000.0,-0.09829999609028062
2023-02-13,12538.976171743212,882906.2653050624,895445.2414768056,-0.006936633476537057,1000000.0,-0.1045547585231944
2023-02-14,12538.976171743212,892055.0731945105,904594.0493662538,0.010217048978181653,1000000.0,-0.09540595063374624
2023-02-15,12538.976171743212,892921.6685928538,905460.6447645971,0.0009579936977812675,1000000.0,-0.09453935523540291
2023-02-16,12538.976171743212,888741.9948741831,901280.9710459263,-0.0046160744178531665,1000000.0,-0.0987190289540737
2023-02-17,12538.976171743212,889306.6615453138,901845.637717057,0.0006265156918550119,1000000.0,-0.09815436228294294
2023-02-20,12092.723226374806,897503.3715894154,909596.0948157902,0.008593995218907802,1000000.0,-0.09040390518420982
2023-02-21,12092.723226374806,903608.8792137258,915701.6024401006,0.0067123283170502646,1000000.0,-0.08429839755989932
2023-02-22,12092.723226374806,886095.1042017469,898187.8274281217,-0.019126072254661786,1000000.0,-0.10181217257187825
2023-02-23,12092.723226374806,887373.429411287,899466.1526376618,0.0014232270472875896,1000000.0,-0.10053384736233817
2023-02-24,12092.723226374806,881271.7464591983,893364.4696855731,-0.006783671552504367,1000000.0,-0.10663553031442685
2023-02-27,11147.16339842575,863974.566590564,875121.7299889898,-0.02042026554179399,1000000.0,-0.12487827001101026
2023-02-28,11147.16339842575,864658.4197309135,875805.5831293393,0.0007814377325061628,1000000.0,-0.12419441687066068
2023-03-01,11147.16339842575,866567.4739437783,877714.6373422041,0.0021797694027521075,1000000.0,-0.12228536265779588
2023-03-02,11147.16339842575,874536.9712079857,885684.1346064114,0.009079827229883763,1000000.0,-0.11431586539358851
2023-03-03,11147.16339842575,883076.2167878023,894223.3801862281,0.009641411927979737,1000000.0,-0.10577661981377195
2023-03-06,16733.6033616068,876008.8542176534,892742.4575792602,-0.0016560991803405978,1000000.0,-0.10725754242073982
2023-03-07,16733.6033616068,897717.6359339226,914451.2392955294,0.02431695897508246,1000000.0,-0.0855487607044706
2023-03-08,16733.6033616068,898502.234812521,915235.8381741279,0.000857999688647082,1000000.0,-0.0847641618258721
2023-03-09,16733.6033616068,906780.8172302695,923514.4205918764,0.009045299662067574,1000000.0,-0.07648557940812362
2023-03-10,16733.6033616068,898636.3965593195,915369.9999209263,-0.008818942605931746,1000000.0,-0.08463000007907373
2023-03-13,9086.46447586894,909935.6638677999,919022.1283436689,0.003989783828460602,1000000.0,-0.08097787165633108
2023-03-14,9086.46447586894,914745.8844610733,923832.3489369423,0.005234063952238799,1000000.0,-0.07616765106305767
2023-03-15,9086.46447586894,918652.9582422565,927739.4227181255,0.004229202176865954,1000000.0,-0.07226057728187452
2023-03-16,9086.46447586894,911744.2944695153,920830.7589453843,-0.007446771802043228,1000000.0,-0.07916924105461576
2023-03-17,9086.46447586894,920400.7469272106,929487.2114030796,0.009400698633926341,1000000.0,-0.07051278859692045
2023-03-20,14258.642154043657,913928.3043744062,928186.9465284499,-0.0013989056101878505,1000000.0,-0.07181305347155009
2023-03-21,14258.642154043657,913103.4358629987,927362.0780170424,-0.0008886879033287443,1000000.0,-0.0726379219829576
2023-03-22,14258.642154043657,900576.227954599,914834.8701086426,-0.013508432364612522,1000000.0,-0.08516512989135738
2023-03-23,14258.642154043657,907386.2629881252,921644.9051421689,0.007444004657056302,1000000.0,-0.0783550948578311
2023-03-24,14258.642154043657,911157.0798969897,925415.7220510334,0.004091398854185524,1000000.0,-0.0745842779489666
2023-03-27,8993.38549119998,915184.6669215092,924178.0524127092,-0.0013374201548911335,1000000.0,-0.07582194758729077
2023-03-28,8993.38549119998,917498.4622433446,926491.8477345447,0.0025036250490855227,1000000.0,-0.07350815226545537
2023-03-29,8993.38549119998,924259.341540577,933252.727031777,0.007297289570074472,1000000.0,-0.06674727296822291
2023-03-30,8993.38549119998,912567.6822313356,921561.0677225356,-0.012527859786091278,1000000.0,-0.07843893227746446
2023-03-31,8993.38549119998,913774.749896806,922768.135388006,0.0013098075729842673,1000000.0,-0.07723186461199405
2023-04-03,11526.940304250187,914796.5327204021,926323.4730246523,0.003852904646681754,1000000.0,-0.07367652697534766
2023-04-04,11526.940304250187,904009.8318595696,915536.7721638199,-0.011644637294585092,1000000.0,-0.0844632278361801
2023-04-05,11526.940304250187,896816.3184699819,908343.2587742321,-0.00785715397600717,1000000.0,-0.09165674122576783
2023-04-06,11526.940304250187,889748.610547928,901275.5508521782,-0.007780877827608279,1000000.0,-0.09872444914782175
2023-04-07,11526.940304250187,883750.9541101069,895277.8944143571,-0.006654631241411302,1000000.0,-0.10472210558564288
2023-04-10,15772.905536564853,889457.5062693427,905230.4118059076,0.011116679473093471,1000000.0,-0.09476958819409242
2023-04-11,15772.905536564853,891918.3322911462,907691.237827711,0.0027184526610126714,1000000.0,-0.092308762172289
2023-04-12,15772.905536564853,906828.8883579244,922601.7938944893,0.0164269031641886,1000000.0,-0.07739820610551074
2023-04-13,15772.905536564853,904826.3046061659,920599.2101427307,-0.002170582980665192,1000000.0,-0.07940078985726928
2023-04-14,15772.905536564853,913286.5521479703,929059.4576845352,0.009189935694701168,1000000.0,-0.07094054231546476
2023-04-17,9589.123429310901,924181.9505961894,933771.0740255002,0.0050713830013717764,1000000.0,-0.06622892597449981
2023-04-18,9589.123429310901,922602.2507189696,932191.3741482805,-0.0016917421423322532,1000000.0,-0.06780862585171954
2023-04-19,9589.123429310901,932123.5997369946,941712.7231663055,0.01021394241791218,1000000.0,-0.0582872768336945
2023-04-20,9589.123429310901,927133.9733444806,936723.0967737915,-0.005298459147644818,1000000.0,-0.06327690322620849
2023-04-21,9589.123429310901,935723.9409172519,945313.0643465627,0.009170231418822006,1000000.0,-0.054686935653437296
2023-04-24,7796.415690579086,940822.4975093994,948618.9131999785,0.0034970942199989974,1000000.0,-0.051381086800021514
2023-04-25,7796.415690579086,935077.8143907057,942874.2300812848,-0.006055838692183735,1000000.0,-0.05712576991871521
2023-04-26,7796.415690579086,929773.4387558862,937569.8544464653,-0.005625750991584799,1000000.0,-0.062430145553534766
2023-04-27,7796.415690579086,928011.6812929162,935808.0969834953,-0.0018790679484997908,1000000.0,-0.06419190301650468
2023-04-28,7796.415690579086,918369.72596048,926166.1416510592,-0.010303346768975596,1000000.0,-0.07383385834894085
2023-05-01,9730.025795147481,914941.3859549473,924671.4117500948,-0.0016138895968488276,1000000.0,-0.07532858824990518
2023-05-02,9730.025795147481,909818.6462049156,919548.6720000631,-0.005540065027355046,1000000.0,-0.08045132799993693
2023-05-03,9730.025795147481,898374.9515598291,908104.9773549766,-0.012444903672359064,1000000.0,-0.09189502264502347
2023-05-04,9730.025795147481,915772.5672168059,925502.5930119534,0.019158154718687426,1000000.0,-0.07449740698804663
2023-05-05,9730.025795147481,912241.5532876856,921971.5790828331,-0.003815239369161505,1000000.0,-0.07802842091716689
2023-05-08,15198.958922333493,909100.4698456295,924299.4287679631,0.002524860568311249,1000000.0,-0.07570057123203688
2023-05-09,15198.958922333493,907882.7358300658,923081.6947523993,-0.0013174670216846707,1000000.0,-0.07691830524760068
2023-05-10,15198.958922333493,910636.8764819345,925835.835404268,0.002983636949498214,1000000.0,-0.07416416459573205
2023-05-11,15198.958922333493,902963.7372456383,918162.6961679718,-0.008287796759288035,1000000.0,-0.08183730383202814
2023-05-12,15198.958922333493,907381.1766397259,922580.1355620595,0.004811172804693786,1000000.0,-0.07741986443794058
2023-05-15,16896.120992012755,911429.4068539876,928325.5278460004,0.006227526544824835,1000000.0,-0.07167447215399958
2023-05-16,16896.120992012755,908935.8935220641,925832.0145140769,-0.002686033354818096,1000000.0,-0.07416798548592318
2023-05-17,16896.120992012755,903250.4315655348,920146.5525575476,-0.006140921751893957,1000000.0,-0.07985344744245237
2023-05-18,16896.120992012755,904484.8538373917,921380.9748294045,0.0013415496351378842,1000000.0,-0.07861902517059549
2023-05-19,16896.120992012755,913270.4335911059,930166.5545831186,0.009535230261663363,1000000.0,-0.0698334454168813
2023-05-22,11344.100078856078,917834.9316569845,929179.0317358406,-0.0010616623898292987,1000000.0,-0.0708209682641594
2023-05-23,11344.100078856078,920569.0688162614,931913.1688951175,0.0029425299817291695,1000000.0,-0.06808683110488256
2023-05-24,11344.100078856078,925248.5905514093,936592.6906302654,0.005021413894918947,1000000.0,-0.0634073093697346
2023-05-25,11344.100078856078,922471.8627858134,933815.9628646695,-0.0029647121885260086,1000000.0,-0.0661840371353305
2023-05-26,11344.100078856078,946382.7753494396,957726.8754282957,0.02560559415826935,1000000.0,-0.04227312457170429
2023-05-29,15510.201054720295,938819.9096235199,954330.1106782402,-0.0035466946132596266,1000000.0,-0.04566988932175986
2023-05-30,15510.201054720295,935501.8950724958,951012.0961272161,-0.003476799604139047,1000000.0,-0.048987903872783845
2023-05-31,15510.201054720295,943536.7057719557,959046.906826676,0.008448694535200696,1000000.0,-0.04095309317332396
2023-06-01,15510.201054720295,942106.4660127414,957616.6670674618,-0.0014913136667596971,1000000.0,-0.042383332932538265
2023-06-02,15510.201054720295,937907.5773799972,953417.7784347176,-0.004384728020244921,1000000.0,-0.04658222156528247
2023-06-05,8313.92525065699,939574.7167815457,947888.6420322027,-0.0057992797361009485,1000000.0,-0.05211135796779731
2023-06-06,8313.92525065699,928196.4364451666,936510.3616958236,-0.012003815460838174,1000000.0,-0.06348963830417642
2023-06-07,8313.92525065699,927775.5000907221,936089.4253413791,-0.00044947324841371206,1000000.0,-0.06391057465862082
2023-06-08,8313.92525065699,948783.0133922339,957096.9386428909,0.02244178038209399,1000000.0,-0.042903061357109085
2023-06-09,8313.92525065699,940136.4899579863,948450.4152086433,-0.009034114607562982,1000000.0,-0.05154958479135674
2023-06-12,12249.085555031885,934620.4837510372,946869.569306069,-0.0016667670520513767,1000000.0,-0.053130430693930975
2023-06-13,12249.085555031885,942932.8663496673,955181.9519046992,0.00877880424937727,1000000.0,-0.044818048095300766
2023-06-14,12249.085555031885,941136.3539869352,953385.4395419671,-0.0018808064360404941,1000000.0,-0.046614560458032916
2023-06-15,12249.085555031885,944844.0225988831,957093.108153915,0.003888950321843776,1000000.0,-0.04290689184608498
2023-06-16,12249.085555031885,948950.1742009694,961199.2597560013,0.004290232127996729,1000000.0,-0.03880074024399871
2023-06-19,16118.062320571626,939261.0754780526,955379.1377986242,-0.006055062879318562,1000000.0,-0.04462086220137573
2023-06-20,16118.062320571626,923356.8540025662,939474.9163231378,-0.01664702613470581,1000000.0,-0.06052508367686216
2023-06-21,16118.062320571626,919611.542599634,935729.6049202057,-0.003986600746713198,1000000.0,-0.06427039507979437
2023-06-22,16118.062320571626,925581.3214625588,941699.3837831304,0.00637981189387915,1000000.0,-0.05830061621686955
2023-06-23,16118.062320571626,936070.8121505053,952188.8744710769,0.011138895138495863,1000000.0,-0.04781112552892308
2023-06-26,7566.5760214927905,940217.0643091166,947783.6403306094,-0.004626428914026648,1000000.0,-0.052216359669390644
2023-06-27,7566.5760214927905,939582.4748832381,947149.0509047309,-0.0006695509385001852,1000000.0,-0.052850949095269106
2023-06-28,7566.5760214927905,935906.277330881,943472.8533523738,-0.0038813295001938197,1000000.0,-0.05652714664762615
2023-06-29,7566.5760214927905,932148.1756233235,939714.7516448164,-0.003983264271148923,1000000.0,-0.060285248355183674
2023-06-30,7566.5760214927905,928425.693755003,935992.2697764959,-0.003961289169724047,1000000.0,-0.06400773022350414
2023-07-03,24884.054496978468,906737.8106504884,931621.8651474668,-0.0046692742773107865,1000000.0,-0.06837813485253319
2023-07-04,24884.054496978468,906612.148133614,931496.2026305925,-0.0001348857530886205,1000000.0,-0.06850379736940748
2023-07-05,24884.054496978468,900575.2197199734,925459.2742169518,-0.0064808942823300075,1000000.0,-0.07454072578304816
2023-07-06,24884.054496978468,907031.1193392258,931915.1738362042,0.006975887323313001,1000000.0,-0.06808482616379574
2023-07-07,24884.054496978468,909661.7546510014,934545.8091479798,0.002822826997168182,1000000.0,-0.0654541908520202
2023-07-10,16143.297442412611,894417.111876415,910560.4093188276,-0.025665301362829518,1000000.0,-0.08943959068117247
2023-07-11,16143.297442412611,902334.5869975551,918477.8844399677,0.008695167327847031,1000000.0,-0.0815221155600323
2023-07-12,16143.297442412611,907732.9033077189,923876.2007501315,0.005877459219886916,1000000.0,-0.07612379924986845
2023-07-13,16143.297442412611,920038.1503600689,936181.4478024815,0.01331915146462137,1000000.0,-0.06381855219751853
2023-07-14,16143.297442412611,923751.8623620901,939895.1598045027,0.0039668720318464246,1000000.0,-0.06010484019549722
2023-07-17,7042.753638228576,914682.4940943641,921725.2477325927,-0.019331849815770186,1000000.0,-0.07827475226740721
2023-07-18,7042.753638228576,914135.5630238121,921178.3166620408,-0.0005933775513878858,1000000.0,-0.07882168333795925
2023-07-19,7042.753638228576,908771.3287901899,915814.0824284186,-0.005823231112364824,1000000.0,-0.08418591757158145
2023-07-20,7042.753638228576,906163.8225147239,913206.5761529524,-0.002847200458582111,1000000.0,-0.08679342384704758
2023-07-21,7042.753638228576,909987.8806138204,917030.634252049,0.004187506090030713,1000000.0,-0.082969365747951
2023-07-24,23850.4645511985,890741.2760094024,914591.7405606009,-0.0026595553085719814,1000000.0,-0.08540825943939911
2023-07-25,23850.4645511985,904740.9610288132,928591.4255800117,0.015307031977819685,1000000.0,-0.07140857441998827
2023-07-26,23850.4645511985,903178.1644260675,927028.628977266,-0.0016829754827528687,1000000.0,-0.07297137102273399
2023-07-27,23850.4645511985,896544.6857767944,920395.150327993,-0.007155635157234941,1000000.0,-0.07960484967200698
2023-07-28,23850.4645511985,908972.7218181768,932823.1863693753,0.01350293516535106,1000000.0,-0.06717681363062467
2023-07-31,27974.65772062642,912644.8420334329,940619.4997540594,0.008357761147670395,1000000.0,-0.05938050024594066
2023-08-01,27974.65772062642,921777.6179458179,949752.2756664443,0.009709320203092675,1000000.0,-0.05024772433355562
2023-08-02,27974.65772062642,918447.0648008249,946421.7225214513,-0.00350675984709381,1000000.0,-0.05357827747854871
2023-08-03,27974.65772062642,919393.4523402676,947368.110060894,0.0009999638817685952,1000000.0,-0.05263188993910595
2023-08-04,27974.65772062642,920356.3564181016,948331.014138728,0.001016399082477193,1000000.0,-0.051668985861272
2023-08-07,29440.03623067811,917093.8138415442,946533.8500722223,-0.001895080978805641,1000000.0,-0.05346614992777765
2023-08-08,29440.03623067811,918731.9612501313,948171.9974808093,0.0017306802165206747,1000000.0,-0.05182800251919062
2023-08-09,29440.03623067811,928712.5398772703,958152.5761079484,0.010526126750902254,1000000.0,-0.04184742389205154
2023-08-10,29440.03623067811,929337.8954905865,958777.9317212646,0.0006526680916063565,1000000.0,-0.041222068278735424
2023-08-11,29440.03623067811,926230.513320202,955670.5495508801,-0.003240982158200012,1000000.0,-0.044329450449119956
2023-08-14,19954.957960422267,931050.7418837792,951005.6998442014,-0.004881232040550909,1000000.0,-0.04899430015579853
2023-08-15,19954.957960422267,937038.1427863494,956993.1007467717,0.006295862268282049,1000000.0,-0.043006899253228315
2023-08-16,19954.957960422267,937048.1247505187,957003.082710941,1.0430549772566522e-05,1000000.0,-0.04299691728905908
2023-08-17,19954.957960422267,935776.5477496919,955731.5057101141,-0.001328707319546707,1000000.0,-0.044268494289885885
2023-08-18,19954.957960422267,934971.5233734504,954926.4813338727,-0.0008423122722561738,1000000.0,-0.0450735186661273
2023-08-21,15088.694249812339,938904.5926018225,953993.2868516347,-0.000977242228045072,1000000.0,-0.04600671314836524
2023-08-22,15088.694249812339,950331.566193524,965420.2604433363,0.011978044027346257,1000000.0,-0.03457973955666371
2023-08-23,15088.694249812339,945008.3121211432,960097.0063709556,-0.00551392413282914,1000000.0,-0.03990299362904437
2023-08-24,15088.694249812339,959135.003885443,974223.6981352554,0.01471381711489439,1000000.0,-0.025776301864744666
2023-08-25,15088.694249812339,947386.2550462361,962474.9492960484,-0.012059600748467791,1000000.0,-0.03752505070395162
2023-08-28,20659.047457864042,934235.7937146056,954894.8411724697,-0.007875641988524307,1000000.0,-0.0451051588275303
2023-08-29,20659.047457864042,938824.5940764442,959483.6415343082,0.004805555715647447,1000000.0,-0.04051635846569179
2023-08-30,20659.047457864042,945196.6277621202,965855.6752199843,0.006641107164147675,1000000.0,-0.03414432478001572
2023-08-31,20659.047457864042,965231.7236652747,985890.7711231387,0.020743364062742797,1000000.0,-0.01410922887686128
2023-09-01,20659.047457864042,952285.6696140768,972944.7170719409,-0.013131326948572108,1000000.0,-0.027055282928059143
2023-09-04,19788.2378867401,944905.0952732428,964693.3331599829,-0.008480835310756718,1000000.0,-0.03530666684001704
2023-09-05,19788.2378867401,958053.2729100991,977841.5107968393,0.01362938582128237,1000000.0,-0.02215848920316077
2023-09-06,19788.2378867401,943483.4741300248,963271.7120167649,-0.014899959368877114,1000000.0,-0.03672828798323513
2023-09-07,19788.2378867401,948140.843673229,967929.0815599691,0.004834948940266592,1000000.0,-0.03207091844003085
2023-09-08,19788.2378867401,936708.2806691506,956496.5185558908,-0.011811364305381766,1000000.0,-0.043503481444109204
2023-09-11,23092.195561406465,927977.1100829297,951069.3056443362,-0.005674054015114005,1000000.0,-0.048930694355663884
2023-09-12,23092.195561406465,932537.3822223234,955629.5777837299,0.004794889407459424,1000000.0,-0.04437042221627008
2023-09-13,23092.195561406465,925219.6698981607,948311.8654595672,-0.007657477849454808,1000000.0,-0.05168813454043286
2023-09-14,23092.195561406465,911319.0467227378,934411.2422841443,-0.014658282450875415,1000000.0,-0.0655887577158557
2023-09-15,23092.195561406465,913549.4404305804,936641.6359919868,0.002386950848740188,1000000.0,-0.0633583640080132
2023-09-18,20959.977326719818,921139.501591932,942099.4789186518,0.005827034286047583,1000000.0,-0.05790052108134813
2023-09-19,20959.977326719818,933057.6222888643,954017.5996155841,0.012650596846324635,1000000.0,-0.04598240038441592
2023-09-20,20959.977326719818,923129.8338139334,944089.8111406532,-0.01040629489322975,1000000.0,-0.05591018885934684
2023-09-21,20959.977326719818,927844.9781456854,948804.9554724052,0.0049943811236083935,1000000.0,-0.051195044527594824
2023-09-22,20959.977326719818,914989.5936178736,935949.5709445934,-0.013549027599050745,1000000.0,-0.06405042905540659
2023-09-25,19884.425401118104,900276.2342131746,920160.6596142927,-0.01686940388718383,1000000.0,-0.07983934038570728
2023-09-26,19884.425401118104,902648.7296854606,922533.1550865787,0.0025783491692423777,1000000.0,-0.07746684491342126
2023-09-27,19884.425401118104,911621.0622700509,931505.487671169,0.009725756234471916,1000000.0,-0.06849451232883097
2023-09-28,19884.425401118104,905661.5253506876,925545.9507518057,-0.006397747515436092,1000000.0,-0.07445404924819432
2023-09-29,19884.425401118104,912432.3730373005,932316.7984384187,0.007315517593819321,1000000.0,-0.06768320156158136
2023-10-02,27101.527655746897,921900.5491255715,949002.0767813184,0.017896575896569455,1000000.0,-0.05099792321868157
2023-10-03,27101.527655746897,922599.0441693731,949700.57182512,0.0007360311013973053,1000000.0,-0.05029942817487998
2023-10-04,27101.527655746897,914264.5711043299,941366.0987600768,-0.00877589559520442,1000000.0,-0.05863390123992318
2023-10-05,27101.527655746897,910005.0243661348,937106.5520218817,-0.004524856741501049,1000000.0,-0.06289344797811836
2023-10-06,27101.527655746897,905555.82964725,932657.3573029969,-0.004747800246711842,1000000.0,-0.06734264269700307
2023-10-09,17366.085186217242,928143.0237719289,945509.1089581461,0.013779714012349675,1000000.0,-0.054490891041853895
2023-10-10,17366.085186217242,943287.2568002603,960653.3419864775,0.016017014415671493,1000000.0,-0.03934665801352255
2023-10-11,17366.085186217242,945339.6629877358,962705.748173953,0.0021364691067762287,1000000.0,-0.037294251826046954
2023-10-12,17366.085186217242,944404.187985073,961770.2731712902,-0.0009717143628126257,1000000.0,-0.03822972682870984
2023-10-13,17366.085186217242,950092.697724699,967458.7829109163,0.005914624207368213,1000000.0,-0.03254121708908375
2023-10-16,13268.536111500318,945927.6700421262,959196.2061536266,-0.008540494854394787,1000000.0,-0.04080379384637345
2023-10-17,13268.536111500318,950035.3040588215,963303.8401703219,0.004282371000159602,1000000.0,-0.03669615982967811
2023-10-18,13268.536111500318,961900.84876311,975169.3848746103,0.012317551544474892,1000000.0,-0.024830615125389643
2023-10-19,13268.536111500318,948490.0769953944,961758.6131068948,-0.013752248558787539,1000000.0,-0.03824138689310519
2023-10-20,13268.536111500318,960525.1966525407,973793.732764041,0.012513659345630979,1000000.0,-0.02620626723595898
2023-10-23,20275.757375318033,948515.1876546545,968790.9450299726,-0.005137420344520471,1000000.0,-0.03120905497002746
2023-10-24,20275.757375318033,964088.3681632801,984364.125538598,0.01607486175270112,1000000.0,-0.01563587446140191
2023-10-25,20275.757375318033,964005.9820994233,984281.7394747413,-8.369470373748022e-05,1000000.0,-0.01571826052525871
2023-10-26,20275.757375318033,964018.8710138281,984294.6283891462,1.3094740954677775e-05,1000000.0,-0.015705371610853835
2023-10-27,20275.757375318033,960468.4256331669,980744.183008485,-0.0036070961663904333,1000000.0,-0.019255816991515018
2023-10-30,11713.833699227851,973050.8841511976,984764.7178504255,0.004099473554466826,1000000.0,-0.01523528214957448
2023-10-31,11713.833699227851,980319.3180127894,992033.1517120173,0.007380883707386987,1000000.0,-0.007966848287982775
2023-11-01,11713.833699227851,982971.1512046598,994684.9849038877,0.0026731296099269386,1000000.0,-0.005315015096112319
2023-11-02,11713.833699227851,989340.2347054243,1001054.0684046522,0.006403116159815925,1001054.0684046522,0.0
2023-11-03,11713.833699227851,1004907.9576320725,1016621.7913313004,0.015551330760243509,1016621.7913313004,0.0
2023-11-06,15242.703380959612,1014926.5841584675,1030169.287539427,0.013325994311400358,1030169.287539427,0.0
2023-11-07,15242.703380959612,1009134.1876688092,1024376.8910497688,-0.005622761772964058,1030169.287539427,-0.005622761772964058
2023-11-08,15242.703380959612,1013253.4410962374,1028496.144477197,0.004021228381291264,1030169.287539427,-0.0016241438008954834
2023-11-09,15242.703380959612,1002305.6995296557,1017548.4029106153,-0.010644416729580053,1030169.287539427,-0.012251272467030061
2023-11-10,15242.703380959612,992516.4415127938,1007759.1448937533,-0.00962043475166452,1030169.287539427,-0.02175384465130059
2023-11-13,12271.099142566265,1003500.738517414,1015771.8376599802,0.007950999806676684,1030169.287539427,-0.013975809659240945
2023-11-14,12271.099142566265,998220.8377052826,1010491.9368478488,-0.005197920060763472,1030169.287539427,-0.01910108457861115
2023-11-15,12271.099142566265,994439.8927988241,1006710.9919413903,-0.003741687358983614,1030169.287539427,-0.022771301650884146
2023-11-16,12271.099142566265,998025.3807866569,1010296.4799292232,0.00356158621146907,1030169.287539427,-0.019290817393392
2023-11-17,12271.099142566265,984324.7633855738,996595.86252814,-0.013560986970916677,1030169.287539427,-0.032590201840978605
2023-11-20,18284.451845372525,966390.9203580872,984675.3722034597,-0.011961207920772043,1030169.287539427,-0.0441615915813508
2023-11-21,18284.451845372525,971977.662788349,990262.1146337215,0.005673689611795707,1030169.287539427,-0.03873846113295065
2023-11-22,18284.451845372525,973407.1401248511,991691.5919702237,0.001443534308116945,1030169.287539427,-0.03735084712252279
2023-11-23,18284.451845372525,968210.4995347233,986494.9513800959,-0.0052401781281653514,1030169.287539427,-0.042395300158528215
2023-11-24,18284.451845372525,975134.7214763861,993419.1733217586,0.007019014067913609,1030169.287539427,-0.03567385929884059
2023-11-27,28450.446939912188,973032.1435730455,1001482.5905129577,0.00811683266011154,1030169.287539427,-0.02784658538499818
2023-11-28,28450.446939912188,989487.0926472507,1017937.5395871629,0.016430589238477955,1030169.287539427,-0.011873531952675265
2023-11-29,28450.446939912188,990083.540858885,1018533.9877987972,0.0005859379268753351,1030169.287539427,-0.011294551178496981
2023-11-30,28450.446939912188,991871.7092328859,1020322.156172798,0.0017556295572083158,1030169.287539427,-0.00955875066917311
2023-12-01,28450.446939912188,1000387.1309532207,1028837.5778931328,0.00834581672937107,1030169.287539427,-0.0012927095210487627
2023-12-04,15078.147394311585,1009602.2228079342,1024680.3702022458,-0.004040684147054829,1030169.287539427,-0.005328170237235086
2023-12-05,15078.147394311585,1015308.3252443182,1030386.4726386298,0.005568665705246056,1030386.4726386298,0.0
2023-12-06,15078.147394311585,1015694.8930099258,1030773.0404042375,0.0003751677413017518,1030773.0404042375,0.0
2023-12-07,15078.147394311585,998495.4395053397,1013573.5868996513,-0.016685975312122125,1030773.0404042375,-0.016685975312122125
2023-12-08,15078.147394311585,1003298.383071885,1018376.5304661966,0.004738623449370483,1030773.0404042375,-0.01202642041664126
2023-12-11,15841.053258566797,1009369.8599522733,1025210.9132108401,0.006711056804809434,1030773.0404042375,-0.005396073602406237
2023-12-12,15841.053258566797,1025388.7550556986,1041229.8083142653,0.015624975209497016,1041229.8083142653,0.0
2023-12-13,15841.053258566797,1020272.6460996405,1036113.6993582073,-0.004913525251779904,1041229.8083142653,-0.004913525251779904
2023-12-14,15841.053258566797,1021275.7353134118,1037116.7885719786,0.0009681265814673878,1041229.8083142653,-0.003950155584717341
2023-12-15,15841.053258566797,1024294.3629833225,1040135.4162418892,0.00291059570452723,1041229.8083142653,-0.001051057186067239
2023-12-18,9188.347422092262,1052810.2884401605,1061998.6358622527,0.021019589640892455,1061998.6358622527,0.0
2023-12-19,9188.347422092262,1070717.3541946942,1079905.7016167864,0.016861665495450318,1079905.7016167864,0.0
2023-12-20,9188.347422092262,1083613.8926337075,1092802.2400557997,0.011942282015647399,1092802.2400557997,0.0
2023-12-21,9188.347422092262,1083992.7667126604,1093181.1141347527,0.00034669958119182276,1093181.1141347527,0.0
2023-12-22,9188.347422092262,1085385.9798994157,1094574.327321508,0.0012744577899683751,1094574.327321508,0.0
2023-12-25,15814.08796728011,1089849.9641613115,1105664.0521285916,0.01013154112084913,1105664.0521285916,0.0
2023-12-26,15814.08796728011,1104526.5581653682,1120340.6461326482,0.01327400848006377,1120340.6461326482,0.0
2023-12-27,15814.08796728011,1090511.7836683863,1106325.8716356663,-0.012509386806021983,1120340.6461326482,-0.012509386806021983
2023-12-28,15814.08796728011,1081485.0779528548,1097299.1659201349,-0.008159174387005752,1120340.6461326482,-0.02056649492460283
2023-12-29,15814.08796728011,1075640.034954404,1091454.122921684,-0.005326754252610311,1120340.6461326482,-0.025783696512912235
2024-01-01,11374.04584777117,1088394.364406897,1099768.4102546682,0.0076176241936105615,1120340.6461326482,-0.018362482829659132
2024-01-02,11374.04584777117,1097952.8842945418,1109326.930142313,0.00869139338656888,1120340.6461326482,-0.009830685004917017
2024-01-03,11374.04584777117,1112385.6194181626,1123759.6652659338,0.01301035315330279,1123759.6652659338,0.0
2024-01-04,11374.04584777117,1118131.9419580472,1129505.9878058184,0.005113479970403345,1129505.9878058184,0.0
2024-01-05,11374.04584777117,1127473.1632868033,1138847.2091345745,0.008270183097393247,1138847.2091345745,0.0
2024-01-08,14225.594000547164,1117565.3650532782,1131790.9590538254,-0.0061959585308298815,1138847.2091345745,-0.0061959585308298815
2024-01-09,14225.594000547164,1115501.2808859982,1129726.8748865454,-0.0018237326873555837,1138847.2091345745,-0.00800839144608334
2024-01-10,14225.594000547164,1106766.5241159394,1120992.1181164866,-0.007731742038035505,1138847.2091345745,-0.015678214667318113
2024-01-11,14225.594000547164,1088875.2567831127,1103100.8507836598,-0.015960207965501128,1138847.2091345745,-0.03138819506620105
2024-01-12,14225.594000547164,1114367.907092838,1128593.5010933853,0.023109990615649556,1138847.2091345745,-0.009003585343973608
2024-01-15,27892.993110988464,1116313.2197921928,1144206.2129031813,0.013833777878988762,1144206.2129031813,0.0
2024-01-16,27892.993110988464,1114877.0116955547,1142770.0048065432,-0.0012552004004540152,1144206.2129031813,-0.0012552004004540152
2024-01-17,27892.993110988464,1094016.9699301887,1121909.9630411773,-0.018253928329959423,1144206.2129031813,-0.019486216392263778
2024-01-18,27892.993110988464,1090325.2401469657,1118218.2332579542,-0.003290575808076235,1144206.2129031813,-0.02271267132808874
2024-01-19,27892.993110988464,1096495.2045651714,1124388.19767616,0.005517674667340433,1144206.2129031813,-0.017320317791962858
2024-01-22,10610.0284139646,1125626.6456698582,1136236.6740838229,0.010537709691502473,1144206.2129031813,-0.006965124581116755
2024-01-23,10610.0284139646,1119661.0717709397,1130271.1001849044,-0.005250291629363857,1144206.2129031813,-0.012178847275194804
2024-01-24,10610.0284139646,1115710.563998025,1126320.5924119896,-0.003495186041887255,1144206.2129031813,-0.015631465980079584
2024-01-25,10610.0284139646,1117180.7790869083,1127790.807500873,0.00130532558739338,1144206.2129031813,-0.014346544545198459
2024-01-26,10610.0284139646,1113884.3117142506,1124494.3401282153,-0.002922942225396019,1144206.2129031813,-0.01722755264975473
2024-01-29,15727.824362974032,1097228.2670253066,1112956.0913882805,-0.010260833094650534,1144206.2129031813,-0.027311616702036856
2024-01-30,15727.824362974032,1079824.8751255015,1095552.6994884755,-0.01563708760342597,1144206.2129031813,-0.04252163016250177
2024-01-31,15727.824362974032,1087684.496150286,1103412.32051326,0.007174114972702261,1144206.2129031813,-0.035652570253412064
2024-02-01,15727.824362974032,1081649.9541342184,1097377.7784971925,-0.005468981906292747,1144206.2129031813,-0.04092656889807611
2024-02-02,15727.824362974032,1081353.7479106202,1097081.5722735943,-0.00026992183494356503,1144206.2129031813,-0.041185443758444684
2024-02-05,7083.784752695472,1096836.1556749784,1103919.940427674,0.006233235820293448,1144206.2129031813,-0.035208926521461015
2024-02-06,7083.784752695472,1097418.8798866905,1104502.6646393859,0.0005278681817144637,1144206.2129031813,-0.034699644011769615
2024-02-07,7083.784752695472,1083911.1665318378,1090994.9512845334,-0.012229679282179662,1144206.2129031813,-0.04650495777647945
2024-02-08,7083.784752695472,1082273.9897444674,1089357.774497163,-0.001500627281036171,1144206.2129031813,-0.04793579844917284
2024-02-09,7083.784752695472,1082769.9495103718,1089853.7342630671,0.0004552772078327827,1144206.2129031813,-0.047502345317813166
2024-02-12,11024.740943265944,1091216.010783503,1102240.751726769,0.011365761362535087,1144206.2129031813,-0.036676484276321086
2024-02-13,11024.740943265944,1091582.0066057602,1102606.747549026,0.00033204707926448584,1144206.2129031813,-0.03635661551653824
2024-02-14,11024.740943265944,1072080.7096602074,1083105.4506034732,-0.01768653873096826,1144206.2129031813,-0.05340013155904633
2024-02-15,11024.740943265944,1080477.6520396252,1091502.392982891,0.007752654531227199,1144206.2129031813,-0.04606146979971859
2024-02-16,11024.740943265944,1079886.0235582548,1090910.7645015207,-0.0005420313186429437,1144206.2129031813,-0.04657853435914727
2024-02-19,18230.60822220637,1075715.6399009905,1093946.248123197,0.002782522384462194,1144206.2129031813,-0.04392561778917492
2024-02-20,18230.60822220637,1064636.081645844,1082866.6898680504,-0.010128064586495844,1144206.2129031813,-0.05360880088170017
2024-02-21,18230.60822220637,1064072.166075672,1082302.7742978784,-0.0005207617663820496,1144206.2129031813,-0.05410164523424155
2024-02-22,18230.60822220637,1076629.630668231,1094860.2388904374,0.011602543106022711,1144206.2129031813,-0.04312681879915592
2024-02-23,18230.60822220637,1063208.2048965255,1081438.8131187318,-0.012258574469109607,1144206.2129031813,-0.054856719948400245
2024-02-26,14043.012159164908,1065776.1280700876,1079819.1402292526,-0.0014977018300353917,1144206.2129031813,-0.05627226276857922
2024-02-27,14043.012159164908,1062160.600725042,1076203.612884207,-0.003348271215379728,1144206.2129031813,-0.05943211918630664
2024-02-28,14043.012159164908,1071316.6393573668,1085359.6515165318,0.008507719657051549,1144206.2129031813,-0.05143003133791657
2024-02-29,14043.012159164908,1091133.2666707335,1105176.2788298985,0.01825812050934239,1144206.2129031813,-0.0341109265385412
2024-03-01,14043.012159164908,1089466.0696813427,1103509.0818405077,-0.0015085349019215988,1144206.2129031813,-0.035568003917242574
2024-03-04,9962.001789604235,1098295.7129969154,1108257.7147865198,0.004303211477056479,1144206.2129031813,-0.03141784908285883
2024-03-05,9962.001789604235,1113285.2954586977,1123247.297248302,0.013525358101991403,1144206.2129031813,-0.01831742864050745
2024-03-06,9962.001789604235,1116876.5026572002,1126838.5044468045,0.0031971652255919913,1144206.2129031813,-0.01517882726078712
2024-03-07,9962.001789604235,1114293.7671781078,1124255.768967712,-0.0022920191925465128,1144206.2129031813,-0.0174360562899315
2024-03-08,9962.001789604235,1110319.2030180315,1120281.2048076359,-0.0035352846476612854,1144206.2129031813,-0.020909699515475277
2024-03-11,12218.408088122196,1100328.8825849935,1112547.2906731158,-0.006903547164167634,1144206.2129031813,-0.02766889558284935
2024-03-12,12218.408088122196,1118445.0732423668,1130663.481330489,0.016283524133533733,1144206.2129031813,-0.011835918578287141
2024-03-13,12218.408088122196,1120418.9397244272,1132637.3478125494,0.0017457594718968128,1144206.2129031813,-0.010110821773356982
2024-03-14,12218.408088122196,1110926.0877603132,1123144.4958484354,-0.008381192782003444,1144206.2129031813,-0.0184072738088934
2024-03-15,12218.408088122196,1103159.0246832368,1115377.432771359,-0.006915461996017669,1144206.2129031813,-0.025195441002435426
2024-03-18,18023.69405771536,1118663.9632711718,1136687.6573288871,0.019105841602495843,1144206.2129031813,-0.006570979504837204
2024-03-19,18023.69405771536,1119710.4415969758,1137734.1356546911,0.0009206384172968374,1144206.2129031813,-0.005656390583711923
2024-03-20,18023.69405771536,1128728.9521794333,1146752.6462371487,0.007926729364824636,1146752.6462371487,0.0
2024-03-21,18023.69405771536,1133303.8626538955,1151327.5567116109,0.003989448369248416,1151327.5567116109,0.0
2024-03-22,18023.69405771536,1120318.4103478317,1138342.104405547,-0.011278677584294572,1151327.5567116109,-0.011278677584294572
2024-03-25,9790.656920210537,1128407.5223341591,1138198.1792543696,-0.00012643400487466483,1151327.5567116109,-0.011403685580792522
2024-03-26,9790.656920210537,1120085.4920533756,1129876.148973586,-0.007311582844241826,1151327.5567116109,-0.018631889433180726
2024-03-27,9790.656920210537,1127105.2630303982,1136895.9199506086,0.00621286765226392,1151327.5567116109,-0.012534779244076755
2024-03-28,9790.656920210537,1117790.7442714137,1127581.401191624,-0.008192938857049636,1151327.5567116109,-0.020625021421192935
2024-03-29,9790.656920210537,1117999.6132760206,1127790.270196231,0.0001852362981389355,1151327.5567116109,-0.02044360562567127
2024-04-01,17871.154795217444,1113082.4547567307,1130953.609551948,0.0028049003784778037,1151327.5567116109,-0.01769604752435039
2024-04-02,17871.154795217444,1108952.5238970818,1126823.6786922994,-0.0036517243720409764,1151327.5567116109,-0.021283150808357965
2024-04-03,17871.154795217444,1098488.2462813288,1116359.4010765464,-0.009286526200706913,1151327.5567116109,-0.03037203047144943
2024-04-04,17871.154795217444,1107487.6818238143,1125358.8366190316,0.008061414212848339,1151327.5567116109,-0.022555457776716747
2024-04-05,17871.154795217444,1093608.806273554,1111479.9610687713,-0.01233284451025174,1151327.5567116109,-0.034610129333350725
2024-04-08,10502.761474073224,1096343.2994509684,1106846.0609250416,-0.004169126125561418,1151327.5567116109,-0.03863496146449941
2024-04-09,10502.761474073224,1094350.710252721,1104853.4717267943,-0.001800240583213486,1151327.5567116109,-0.040365649822153626
2024-04-10,10502.761474073224,1075594.2302446996,1086096.9917187728,-0.01697644120962627,1151327.5567116109,-0.056656825950685774
2024-04-11,10502.761474073224,1081655.640068896,1092158.4015429693,0.005580910241362647,1151327.5567116109,-0.051392112369514464
2024-04-12,10502.761474073224,1090602.3985118708,1101105.159985944,0.008191813962457273,1151327.5567116109,-0.04362129303072593
2024-04-15,14470.980453385204,1079310.7750992111,1093781.7555525964,-0.006650958236760096,1151327.5567116109,-0.049982127869305226
2024-04-16,14470.980453385204,1093277.395516663,1107748.3759700484,0.012769110790658456,1151327.5567116109,-0.03785124440696275
2024-04-17,14470.980453385204,1090989.1188951335,1105460.0993485188,-0.0020657007233486624,1151327.5567116109,-0.03983875578736029
2024-04-18,14470.980453385204,1086787.4090503622,1101258.3895037475,-0.0038008697439623207,1151327.5567116109,-0.043488203609813314
2024-04-19,14470.980453385204,1086174.8901119393,1100645.8705653246,-0.0005561991120893728,1151327.5567116109,-0.044020214621668496
2024-04-22,10472.666899514736,1085095.4787771807,1095568.1456766955,-0.004613404751176664,1151327.5567116109,-0.04843053630556171
2024-04-23,10472.666899514736,1085617.1338750168,1096089.8007745317,0.0004761502968981812,1151327.5567116109,-0.04797744622290434
2024-04-24,10472.666899514736,1095550.2612590017,1106022.9281585165,0.00906232990852196,1151327.5567116109,-0.03934990376022285
2024-04-25,10472.666899514736,1088396.6918170857,1098869.3587166006,-0.006467831054665751,1151327.5567116109,-0.045563226285350034
2024-04-26,10472.666899514736,1087648.24803131,1098120.914930825,-0.0006811035177555214,1151327.5567116109,-0.046213296529402315
2024-04-29,16817.743200893223,1078633.042736303,1095450.7859371963,-0.0024315437009928553,1151327.5567116109,-0.048532470580317066
2024-04-30,16817.743200893223,1075353.6759472087,1092171.419148102,-0.002993623110406407,1151327.5567116109,-0.051380805765189
2024-05-01,16817.743200893223,1084467.8811831458,1101285.624384039,0.008345031811074266,1151327.5567116109,-0.04346454841270375
2024-05-02,16817.743200893223,1079030.2470482136,1095847.990249107,-0.004937533020076934,1151327.5567116109,-0.04818747378979027
2024-05-03,16817.743200893223,1077141.8153793183,1093959.5585802116,-0.001723260603385346,1151327.5567116109,-0.049827694818016965
2024-05-06,13704.555969896817,1079447.579575917,1093152.1355458137,-0.0007380739334146291,1151327.5567116109,-0.05052899222872431
2024-05-07,13704.555969896817,1081559.0595918735,1095263.6155617703,0.0019315518373865803,1151327.5567116109,-0.048695039759118486
2024-05-08,13704.555969896817,1102562.04158689,1116266.5975567866,0.01917618890703654,1151327.5567116109,-0.030452636133338484
2024-05-09,13704.555969896817,1095621.3303453857,1109325.8863152824,-0.00621778995868516,1151327.5567116109,-0.03648107799685818
2024-05-10,13704.555969896817,1103567.6500880218,1117272.2060579185,0.0071631968934127155,1151327.5567116109,-0.029579202248020797
2024-05-13,6871.137995458819,1114878.7454737097,1121749.8834691686,0.004007687103439794,1151327.5567116109,-0.025690059331960446
2024-05-14,6871.137995458819,1106914.2533734106,1113785.3913688695,-0.007100060555092491,1151327.5567116109,-0.032607718910132144
2024-05-15,6871.137995458819,1111625.0990439847,1118496.2370394436,0.004229581126741433,1151327.5567116109,-0.02851605477587904
2024-05-16,6871.137995458819,1106659.013302703,1113530.1512981618,-0.004439966427090103,1151327.5567116109,-0.032829410877131204
2024-05-17,6871.137995458819,1107864.5497447953,1114735.6877402542,0.0010826257741534118,1151327.5567116109,-0.031782327069343586
2024-05-20,13665.968301945803,1110318.1961924357,1123984.1644943815,0.008296564697659825,1151327.5567116109,-0.02374944650445676
2024-05-21,13665.968301945803,1101040.9288093722,1114706.897111318,-0.008253912889632953,1151327.5567116109,-0.03180733353146492
2024-05-22,13665.968301945803,1103784.9844396648,1117450.9527416106,0.0024616835487458744,1151327.5567116109,-0.029423949572402908
2024-05-23,13665.968301945803,1107883.4009455107,1121549.3692474565,0.0036676477797890072,1151327.5567116109,-0.025864218475935674
2024-05-24,13665.968301945803,1090193.8075874727,1103859.7758894186,-0.015772460707554448,1151327.5567116109,-0.04122873681384687
2024-05-27,18491.450457467465,1089286.3591389437,1107777.8095964112,0.0035493944000593025,1151327.5567116109,-0.037825679461356065
2024-05-28,18491.450457467465,1084707.1037005945,1103198.554158062,-0.00413373096904468,1151327.5567116109,-0.04180304924778622
2024-05-29,18491.450457467465,1092787.7812883067,1111279.2317457742,0.007324771735110813,1151327.5567116109,-0.034784475306246954
2024-05-30,18491.450457467465,1089338.3736211273,1107829.8240785948,-0.0031039972390741744,1151327.5567116109,-0.0377805016300079
2024-05-31,18491.450457467465,1092368.633080538,1110860.0835380054,0.0027353113208798963,1151327.5567116109,-0.03514853174294508
2024-06-03,13546.632122337292,1087129.2745742577,1100675.906696595,-0.009167830397663113,1151327.5567116109,-0.04399412636286204
2024-06-04,13546.632122337292,1083508.4554030253,1097055.0875253626,-0.0032896324423956624,1151327.5567116109,-0.04713903429989963
2024-06-05,13546.632122337292,1097565.926168337,1111112.5582906744,0.012813823959397785,1151327.5567116109,-0.034929241627636776
2024-06-06,13546.632122337292,1072968.81753146,1086515.4496537973,-0.022137368940116198,1151327.5567116109,-0.056293369059043474
2024-06-07,13546.632122337292,1085177.245010169,1098723.8771325063,0.011236312822426209,1151327.5567116109,-0.04568958614119312
2024-06-10,12582.504414581344,1068352.9035469005,1080935.4079614817,-0.016190117955249717,1151327.5567116109,-0.06113998430749046
2024-06-11,12582.504414581344,1057899.0961122522,1070481.6005268334,-0.009671075031544185,1151327.5567116109,-0.07021976996336943
2024-06-12,12582.504414581344,1069311.2873929115,1081893.7918074927,0.010660800965698769,1151327.5567116109,-0.06030756798910719
2024-06-13,12582.504414581344,1063905.4305446646,1076487.9349592458,-0.004996661307405614,1151327.5567116109,-0.06500289280499794
2024-06-14,12582.504414581344,1070745.4713868552,1083327.9758014367,0.006354033909771406,1151327.5567116109,-0.059061889480342744
2024-06-17,15695.132342219265,1071361.7497199858,1087056.882062205,0.003442084340164575,1151327.5567116109,-0.05582310114505884
2024-06-18,15695.132342219265,1076948.4524150027,1092643.584757222,0.005139291960894132,1151327.5567116109,-0.05097070039911167
2024-06-19,15695.132342219265,1087864.4613345515,1103559.5936767708,0.009990457155316657,1151327.5567116109,-0.04148946384230878
2024-06-20,15695.132342219265,1076685.912492797,1092381.0448350164,-0.010129538002121352,1151327.5567116109,-0.05119873274375175
2024-06-21,15695.132342219265,1076670.3155622473,1092365.4479044667,-1.4277921265182236e-05,1151327.5567116109,-0.051212279653542025
2024-06-24,23909.314330671063,1062421.0601728482,1086330.3745035192,-0.005524775076440669,1151327.5567116109,-0.056454118403745035
2024-06-25,23909.314330671063,1064805.6364021203,1088714.9507327913,0.002195074615640724,1151327.5567116109,-0.054382964790360644
2024-06-26,23909.314330671063,1073631.6363109413,1097540.9506416123,0.00810680509428141,1151327.5567116109,-0.04671703179208386
2024-06-27,23909.314330671063,1072711.4542459808,1096620.7685766518,-0.0008384034002764107,1151327.5567116109,-0.04751626747405491
2024-06-28,23909.314330671063,1059633.278830734,1083542.593161405,-0.011925887043176653,1151327.5567116109,-0.05887548087862271
2024-07-01,17595.348247455695,1050538.197464609,1068133.5457120647,-0.014220989139321238,1151327.5567116109,-0.07225920244379669
2024-07-02,17595.348247455695,1064385.8124677127,1081981.1607151683,0.012964310557133762,1151327.5567116109,-0.060231682627755134
2024-07-03,17595.348247455695,1083068.8885761988,1100664.2368236545,0.017267468960491916,1151327.5567116109,-0.04400426237747623
2024-07-04,17595.348247455695,1065195.8116093806,1082791.1598568363,-0.01623844617537229,1151327.5567116109,-0.05952814770674497
2024-07-05,17595.348247455695,1056909.7196390708,1074505.0678865265,-0.007652530125389467,1151327.5567116109,-0.0667251368884999
2024-07-08,18600.26341799455,1072492.5913976165,1091092.8548156112,0.01543760697351737,1151327.5567116109,-0.05231760635352145
2024-07-09,18600.26341799455,1083946.708621106,1102546.9720391007,0.010497839091270889,1151327.5567116109,-0.04236898907539044
2024-07-10,18600.26341799455,1088322.238725456,1106922.5021434505,0.003968565707688221,1151327.5567116109,-0.038568567484816185
2024-07-11,18600.26341799455,1081227.698457907,1099827.9618759016,-0.00640924748915217,1151327.5567116109,-0.044730619479656175
2024-07-12,18600.26341799455,1071753.7635663426,1090354.0269843373,-0.008614015300543287,1151327.5567116109,-0.05295932453959884
2024-07-15,20066.771137912176,1058515.1520837713,1078581.9232216836,-0.010796588512826943,1151327.5567116109,-0.06318413301745451
2024-07-16,20066.771137912176,1048244.6082476466,1068311.379385559,-0.009522265870585911,1151327.5567116109,-0.07210474277464562
2024-07-17,20066.771137912176,1048741.3830227237,1068808.154160636,0.00046500934527426985,1151327.5567116109,-0.0716732628086002
2024-07-18,20066.771137912176,1037625.6372049536,1057692.4083428658,-0.010400131936212365,1151327.5567116109,-0.08132798335530433
2024-07-19,20066.771137912176,1035800.2217401533,1055866.9928780654,-0.0017258471843059064,1151327.5567116109,-0.08291347086853129
2024-07-22,21515.813625386218,1019777.9891375859,1041293.8027629721,-0.013802107853916334,1151327.5567116109,-0.0955711980549776
2024-07-23,21515.813625386218,1024906.9544459123,1046422.7680712985,0.004925569800489749,1151327.5567116109,-0.0911163708614241
2024-07-24,21515.813625386218,1033322.1771008009,1054837.9907261871,0.008041895600569893,1151327.5567116109,-0.08380722360282467
2024-07-25,21515.813625386218,1032231.6362903112,1053747.4499156973,-0.0010338467329367163,1151327.5567116109,-0.08475442651144305
2024-07-26,21515.813625386218,1039300.2967913287,1060816.110416715,0.006708116353290494,1151327.5567116109,-0.07861485271264768
2024-07-29,18166.016094636885,1036201.8679261901,1054367.884020827,-0.006078552477257304,1151327.5567116109,-0.08421554068219939
2024-07-30,18166.016094636885,1037035.2932534573,1055201.3093480943,0.0007904502213107456,1151327.5567116109,-0.0834916586536586
2024-07-31,18166.016094636885,1022279.1547422241,1040445.170836861,-0.013984192760668201,1151327.5567116109,-0.09630828796580615
2024-08-01,18166.016094636885,1011717.1929717974,1029883.2090664343,-0.010151387181634441,1151327.5567116109,-0.10548201242749933
2024-08-02,18166.016094636885,1019697.6009173435,1037863.6170119804,0.007748847515224755,1151327.5567116109,-0.09855052894217431
2024-08-05,9795.91363775895,1044909.1060688379,1054705.0197065969,0.01622699015416207,1151327.5567116109,-0.08392271725084444
2024-08-06,9795.91363775895,1034832.6125350986,1044628.5261728575,-0.009553849982189777,1151327.5567116109,-0.09267478218232184
2024-08-07,9795.91363775895,1043131.1801809757,1052927.0938187346,0.00794403698344337,1151327.5567116109,-0.08546695709596741
2024-08-08,9795.91363775895,1051815.9167225591,1061611.830360318,0.008248184126486757,1151327.5567116109,-0.07792372016833882
2024-08-09,9795.91363775895,1068157.4787354467,1077953.3923732056,0.015393161177698289,1151327.5567116109,-0.06373005137475773
2024-08-12,29613.60704518513,1054495.5807176642,1084109.1877628493,0.005710632234378066,1151327.5567116109,-0.058383358026058874
2024-08-13,29613.60704518513,1048993.507064908,1078607.114110093,-0.005075202493311726,1151327.5567116109,-0.0631622531551489
2024-08-14,29613.60704518513,1039861.8242130586,1069475.4312582437,-0.008466180810779766,1151327.5567116109,-0.07109369091030082
2024-08-15,29613.60704518513,1060873.2809894069,1090486.888034592,0.019646507214876374,1151327.5567116109,-0.05284392640682578
2024-08-16,29613.60704518513,1063170.752763743,1092784.359808928,0.002106831177472346,1151327.5567116109,-0.05084842846104731
2024-08-19,14140.528046902196,1079286.3290092286,1093426.857056131,0.0005879451343127062,1151327.5567116109,-0.05029037941283565
2024-08-20,14140.528046902196,1067899.3732813084,1082039.9013282107,-0.01041400771751455,1151327.5567116109,-0.06018066273102818
2024-08-21,14140.528046902196,1071583.4505402558,1085723.978587158,0.0034047517604711697,1151327.5567116109,-0.05698081118793674
2024-08-22,14140.528046902196,1068635.3194288565,1082775.8474757588,-0.002715359676623952,1151327.5567116109,-0.05954144746751966
2024-08-23,14140.528046902196,1077335.0957937038,1091475.623840606,0.008034697472361296,1151327.5567116109,-0.051985147512626395
2024-08-26,19510.31606249683,1076894.0155607723,1096404.331623269,0.004515637065095612,1151327.5567116109,-0.04770425650647325
2024-08-27,19510.31606249683,1078088.9570157896,1097599.2730782863,0.0010898729789292627,1151327.5567116109,-0.04666637510769023
2024-08-28,19510.31606249683,1077408.0646019885,1096918.3806644853,-0.0006203469977630327,1151327.5567116109,-0.04725777275975873
2024-08-29,19510.31606249683,1080426.96136887,1099937.2774313667,0.0027521617105665808,1151327.5567116109,-0.04463567208190833
2024-08-30,19510.31606249683,1082068.7942993233,1101579.11036182,0.001492660503594756,1151327.5567116109,-0.0432096374830816
2024-09-02,21169.030697352995,1076284.967983914,1097453.998681267,-0.0037447257684454227,1151327.5567116109,-0.04679255500859891
2024-09-03,21169.030697352995,1074843.2517704652,1096012.2824678181,-0.0013136917038721885,1151327.5567116109,-0.04804477572115329
2024-09-04,21169.030697352995,1064575.309371545,1085744.340068898,-0.009368455594129466,1151327.5567116109,-0.056963125967409156
2024-09-05,21169.030697352995,1052425.7211700652,1073594.7518674182,-0.011190100425214955,1151327.5567116109,-0.06751580329251472
2024-09-06,21169.030697352995,1048942.6886531638,1070111.7193505168,-0.0032442711841157434,1151327.5567116109,-0.07054103490153618
2024-09-09,26684.54377694116,1037861.3801196023,1064545.9238965434,-0.005201134940706398,1151327.5567116109,-0.0753752764008625
2024-09-10,26684.54377694116,1046646.655074198,1073331.1988511393,0.008252603065201036,1151327.5567116109,-0.06774471557272765
2024-09-11,26684.54377694116,1052453.5737145133,1079138.1174914546,0.005410183405206936,1151327.5567116109,-0.0627010435035028
2024-09-12,26684.54377694116,1050760.1926611126,1077444.736438054,-0.0015691977013443381,1151327.5567116109,-0.06417185087150956
2024-09-13,26684.54377694116,1054682.430911016,1081366.9746879572,0.0036403150131578688,1151327.5567116109,-0.060765141610501394
2024-09-16,23208.550314937147,1048219.5494884552,1071428.0998033923,-0.009191028686106217,1151327.5567116109,-0.06939767613695025
2024-09-17,23208.550314937147,1041133.5793958581,1064342.1297107954,-0.006613574997610394,1151327.5567116109,-0.07555228439876904
2024-09-18,23208.550314937147,1041017.7168298786,1064226.2671448158,-0.00010885838561236483,1151327.5567116109,-0.07565291828467247
2024-09-19,23208.550314937147,1055121.6671927108,1078330.217507648,0.013252774149872693,1151327.5567116109,-0.06340275517460536
2024-09-20,23208.550314937147,1055301.4314084926,1078509.9817234299,0.0001667060913839169,1151327.5567116109,-0.06324661870871962
2024-09-23,20179.10876356101,1062694.6730617466,1082873.7818253078,0.00404613789007735,1151327.5567116109,-0.05945638535901876
2024-09-24,20179.10876356101,1060041.589606903,1080220.6983704641,-0.0024500394222968236,1151327.5567116109,-0.06176075429327876
2024-09-25,20179.10876356101,1062684.3934962894,1082863.5022598505,0.002446540686892096,1151327.5567116109,-0.05946531380461828
2024-09-26,20179.10876356101,1057204.3772850963,1077383.4860486574,-0.005060671266283068,1151327.5567116109,-0.06422505066598982
2024-09-27,20179.10876356101,1055740.39620855,1075919.5049721112,-0.0013588300688693877,1151327.5567116109,-0.06549660980483951
2024-09-30,16015.300449646511,1063053.066049909,1079068.3664995555,0.0029266701764329994,1151327.5567116109,-0.0627616266029799
2024-10-01,16015.300449646511,1076947.4021766928,1092962.7026263394,0.012876233386264868,1151327.5567116109,-0.050693526568556635
2024-10-02,16015.300449646511,1066554.6004761225,1082569.900925769,-0.009508834725647008,1151327.5567116109,-0.05972032492840307
2024-10-03,16015.300449646511,1059024.0010266434,1075039.30147629,-0.0069562246678381845,1151327.5567116109,-0.06626112159880304
2024-10-04,16015.300449646511,1063594.7068958776,1079610.0073455242,0.004251663974477404,1151327.5567116109,-0.06229117764793568
2024-10-07,28096.222006091182,1043526.5481631614,1071622.7701692525,-0.007398261522149174,1151327.5567116109,-0.06922859274732285
2024-10-08,28096.222006091182,1033445.7895768769,1061542.011582968,-0.009407002974276435,1151327.5567116109,-0.07798436214372018
2024-10-09,28096.222006091182,1040261.236631176,1068357.4586372671,0.006420327203193743,1151327.5567116109,-0.07206472006222153
2024-10-10,28096.222006091182,1047146.9102194824,1075243.1322255735,0.006445102744065956,1151327.5567116109,-0.06608408184317893
2024-10-11,28096.222006091182,1034757.9259455947,1062854.1479516858,-0.011522030601808675,1151327.5567116109,-0.0768446896316981
2024-10-14,20806.5293354827,1042370.271624235,1063176.8009597177,0.00030357223392663,1151327.5567116109,-0.07656444531186835
2024-10-15,20806.5293354827,1049178.5041517667,1069985.0334872494,0.00640366919348323,1151327.5567116109,-0.07065106949814492
2024-10-16,20806.5293354827,1050303.7182956145,1071110.2476310972,0.0010516167129746012,1151327.5567116109,-0.06967375063064418
2024-10-17,20806.5293354827,1049412.5988238847,1070219.1281593675,-0.0008319586837121085,1151327.5567116109,-0.0704477436324924
2024-10-18,20806.5293354827,1043807.9647072305,1064614.4940427132,-0.005236903330529619,1151327.5567116109,-0.07531571893976474
2024-10-21,31017.953921924065,1024971.5321063623,1055989.4860282864,-0.008101531646140359,1151327.5567116109,-0.08280707790546282
2024-10-22,31017.953921924065,1039849.1217695007,1070867.0756914248,0.014088766848517453,1151327.5567116109,-0.06988496067096239
2024-10-23,31017.953921924065,1033837.8062191557,1064855.7601410798,-0.0056135030077973935,1151327.5567116109,-0.07510616424183347
2024-10-24,31017.953921924065,1037111.3605051197,1068129.3144270438,0.003074176248556215,1151327.5567116109,-0.07226287757950967
2024-10-25,31017.953921924065,1030225.1068673774,1061243.0607893015,-0.0064470224201609305,1151327.5567116109,-0.07824401960777017
2024-10-28,27436.770945679295,1036058.8067020136,1063495.577647693,0.0021225268193660884,1151327.5567116109,-0.07628756781847656
2024-10-29,27436.770945679295,1026691.2832052662,1054128.0541509455,-0.008808239257061312,1151327.5567116109,-0.08442384792585333
2024-10-30,27436.770945679295,1036583.5303737702,1064020.3013194494,0.009384293615515071,1151327.5567116109,-0.07583181248742621
2024-10-31,27436.770945679295,1041985.7439183854,1069422.5148640648,0.0050771714956154845,1151327.5567116109,-0.07113965210863271
2024-11-01,27436.770945679295,1048818.381452105,1076255.1523977844,0.006389090783812668,1151327.5567116109,-0.06520507902047101
2024-11-04,19488.92021018236,1069998.6078471753,1089487.5280573578,0.012294831416224117,1151327.5567116109,-0.053711933058285255
2024-11-05,19488.92021018236,1057578.9583853127,1077067.8785954951,-0.011399533397144834,1151327.5567116109,-0.06449917548070694
2024-11-06,19488.92021018236,1061874.420425754,1081363.3406359365,0.003988107087589121,1151327.5567116109,-0.060768298011996014
2024-11-07,19488.92021018236,1063971.72363571,1083460.6438458925,0.0019394990852219518,1151327.5567116109,-0.0589466589851787
2024-11-08,19488.92021018236,1070889.8487914489,1090378.7690016313,0.006385211308813199,1151327.5567116109,-0.052937834549934504
2024-11-11,30646.578900580993,1046778.9381262739,1077425.517026855,-0.011879589316138861,1151327.5567116109,-0.06418854413233444
2024-11-12,30646.578900580993,1045668.7722174904,1076315.3511180715,-0.0010303876149573288,1151327.5567116109,-0.06515279266639562
2024-11-13,30646.578900580993,1055423.8377283497,1086070.4166289307,0.009063389740493477,1151327.5567116109,-0.05667990807851919
2024-11-14,30646.578900580993,1057731.1688442419,1088377.7477448229,0.0021244765353740647,1151327.5567116109,-0.054675846677885054
2024-11-15,30646.578900580993,1057312.5920851957,1087959.1709857767,-0.0003845877590877844,1151327.5567116109,-0.05503940677562269
2024-11-18,15487.412741368957,1080911.6130413709,1096399.0257827397,0.007757510596023476,1151327.5567116109,-0.04770886496086002
2024-11-19,15487.412741368957,1089461.120308029,1104948.5330493979,0.0077978063329220415,1151327.5567116109,-0.04028308311726636
2024-11-20,15487.412741368957,1095962.2604932273,1111449.6732345961,0.005883658822783966,1151327.5567116109,-0.03463643621187418
2024-11-21,15487.412741368957,1100386.228531901,1115873.64127327,0.00398035839607469,1151327.5567116109,-0.030793943245485678
2024-11-22,15487.412741368957,1090278.7248277043,1105766.1375690731,-0.009057928541679305,1151327.5567116109,-0.03957294244973075
2024-11-25,15536.338632198265,1090874.7553851982,1106411.0940173964,0.0005832665935503467,1151327.5567116109,-0.03901275743151977
2024-11-26,15536.338632198265,1085145.1645172623,1100681.5031494605,-0.005178537072627942,1151327.5567116109,-0.04398926549348314
2024-11-27,15536.338632198265,1076973.453048062,1092509.7916802603,-0.007424228939813982,1151327.5567116109,-0.0510869080553793
2024-11-28,15536.338632198265,1083767.9344682135,1099304.2731004118,0.0062191492212637645,1151327.5567116109,-0.04518547593856481
2024-11-29,15536.338632198265,1095775.1691158747,1111311.507748073,0.01092257616155412,1151327.5567116109,-0.034756441579345654
2024-12-02,18782.64272293941,1119883.5095652177,1138666.152288157,0.024614740645954925,1151327.5567116109,-0.010997221728642481
2024-12-03,18782.64272293941,1097540.3446085942,1116322.9873315336,-0.019622226331857395,1151327.5567116109,-0.030403658086718965
2024-12-04,18782.64272293941,1103724.2234645288,1122506.8661874682,0.005539506868631694,1151327.5567116109,-0.02503257249089008
2024-12-05,18782.64272293941,1102937.7684255647,1121720.4111485041,-0.0007006238114473096,1151327.5567116109,-0.025715657885988397
2024-12-06,18782.64272293941,1099466.7124674735,1118249.3551904128,-0.0030944038492954906,1151327.5567116109,-0.028730487104534408
2024-12-09,16151.566171834886,1095517.559661638,1111669.125833473,-0.005884402549750978,1151327.5567116109,-0.03444582790271189
2024-12-10,16151.566171834886,1100225.401807521,1116376.967979356,0.004234931092786498,1151327.5567116109,-0.03035677251752733
2024-12-11,16151.566171834886,1110725.4841762814,1126877.0503481163,0.009405498921897015,1151327.5567116109,-0.021236794186816343
2024-12-12,16151.566171834886,1111180.0409251538,1127331.6070969887,0.00040337741258644755,1151327.5567116109,-0.02084198321732067
2024-12-13,16151.566171834886,1115534.3265317334,1131685.8927035683,0.003862470970535936,1151327.5567116109,-0.01706001380193012
2024-12-16,19669.93776038644,1121756.69006481,1141426.6278251964,0.00860727803044159,1151327.5567116109,-0.008599576053484936
2024-12-17,19669.93776038644,1126417.949049713,1146087.8868100995,0.004083713198266947,1151327.5567116109,-0.004550981057447112
2024-12-18,19669.93776038644,1135347.0129750716,1155016.950735458,0.007790906812749521,1155016.950735458,0.0
2024-12-19,19669.93776038644,1130686.6712745745,1150356.6090349609,-0.004034868663641333,1155016.950735458,-0.004034868663641333
2024-12-20,19669.93776038644,1147652.5324585906,1167322.470218977,0.014748349382065928,1167322.470218977,0.0
2024-12-23,20976.025045714516,1132562.2487363392,1153538.2737820537,-0.011808387817924482,1167322.470218977,-0.011808387817924482
2024-12-24,20976.025045714516,1139660.9119911047,1160636.9370368193,0.006153816839983506,1167322.470218977,-0.005727237633747939
2024-12-25,20976.025045714516,1139727.506631854,1160703.5316775686,5.7377667920244235e-05,1167322.470218977,-0.0056701885813666975
2024-12-26,20976.025045714516,1143315.0712418496,1164291.0962875641,0.0030908535315736785,1167322.470218977,-0.0025968607721944537
2024-12-27,20976.025045714516,1145400.2230867352,1166376.2481324498,0.0017909196862659904,1167322.470218977,-0.0008105918550078695
2024-12-30,20721.27953050204,1136970.3434238974,1157691.6229543993,-0.007445817927067666,1167322.470218977,-0.008250374262709914
2024-12-31,20721.27953050204,1156098.1033911852,1176819.3829216873,0.016522327352144428,1176819.3829216873,0.0
2025-01-01,20721.27953050204,1135942.7496995465,1156664.0292300484,-0.017126972910319727,1176819.3829216873,-0.017126972910319727
2025-01-02,20721.27953050204,1138978.2239108665,1159699.5034413687,0.002624335273347267,1176819.3829216873,-0.014547584556106719
2025-01-03,20721.27953050204,1135813.8135099246,1156535.0930404267,-0.0027286468533889163,1176819.3829216873,-0.01723653618867227
2025-01-06,19339.96926498614,1130841.4338251578,1150181.403090144,-0.005493728628311101,1176819.3829216873,-0.02263557196467081
2025-01-07,19339.96926498614,1123392.0057686286,1142731.9750336148,-0.006476741874381853,1176819.3829216873,-0.028965709082258484
2025-01-08,19339.96926498614,1126619.7902444853,1145959.7595094715,0.0028246207740547646,1176819.3829216873,-0.026222905451812606
2025-01-09,19339.96926498614,1124554.9317982055,1143894.9010631917,-0.001801859471194378,1176819.3829216873,-0.02797751493245637
2025-01-10,19339.96926498614,1129709.8280232458,1149049.797288232,0.004506442174232239,1176819.3829216873,-0.02359715181144606
2025-01-13,21061.178983900183,1120721.0927594518,1141782.271743352,-0.00632481339105706,1176819.3829216873,-0.02977271762073519
2025-01-14,21061.178983900183,1139479.0136815035,1160540.1926654037,0.0164286321361522,1176819.3829216873,-0.013833210510067695
2025-01-15,21061.178983900183,1131549.6771886717,1152610.856172572,-0.006832453148064244,1176819.3829216873,-0.020571148895434543
2025-01-16,21061.178983900183,1131140.727889222,1152201.9068731223,-0.00035480257474540533,1176819.3829216873,-0.0209186527735864
2025-01-17,21061.178983900183,1132977.0903000177,1154038.269283918,0.001593785255727731,1176819.3829216873,-0.019358207358219026
2025-01-20,26579.599877082335,1146843.3211700758,1173422.921047158,0.016797234787775617,1176819.3829216873,-0.0028861369245098967
2025-01-21,26579.599877082335,1152522.3277260948,1179101.927603177,0.004839692879827995,1179101.927603177,0.0
2025-01-22,26579.599877082335,1155187.3377870675,1181766.9376641498,0.0022602032942056205,1181766.9376641498,0.0
2025-01-23,26579.599877082335,1141576.687163862,1168156.2870409442,-0.011517203764481732,1181766.9376641498,-0.011517203764481732
2025-01-24,26579.599877082335,1143857.677523918,1170437.2774010003,0.001952641427658719,1181766.9376641498,-0.009587051306024441
2025-01-27,13702.932361330666,1144683.3838447984,1158386.316206129,-0.010296118747713523,1181766.9376641498,-0.019784460635050682
2025-01-28,13702.932361330666,1143334.4998634628,1157037.4322247934,-0.0011644508938550846,1181766.9376641498,-0.020925873496034808
2025-01-29,13702.932361330666,1149294.8763801216,1162997.8087414522,0.005151412003324696,1181766.9376641498,-0.01588225928861764
2025-01-30,13702.932361330666,1154463.961162676,1168166.8935240067,0.004444621256980863,1181766.9376641498,-0.011508228658879682
2025-01-31,13702.932361330666,1151678.8789195935,1165381.8112809241,-0.0023841475550474556,1181766.9376641498,-0.013864938898707102
2025-02-03,24945.59191896743,1138887.8560633815,1163833.447982349,-0.0013286317699374717,1181766.9376641498,-0.015175149270335586
2025-02-04,24945.59191896743,1140469.9449079032,1165415.5368268706,0.0013593773638869155,1181766.9376641498,-0.013836400660860337
2025-02-05,24945.59191896743,1136922.534690221,1161868.1266091885,-0.0030439016004032426,1181766.9376641498,-0.016838185619148183
2025-02-06,24945.59191896743,1153005.0086108644,1177950.6005298318,0.013841909896933569,1181766.9376641498,-0.0032293483703828008
2025-02-07,24945.59191896743,1144529.0966517334,1169474.6885707008,-0.007195473184799628,1181766.9376641498,-0.010401584865578961
2025-02-10,24002.25046420639,1152727.1833121998,1176729.433776406,0.006203422166042527,1181766.9376641498,-0.004262688121653424
2025-02-11,24002.25046420639,1133356.1665155631,1157358.4169797695,-0.01646174238581799,1181766.9376641498,-0.020654259233741645
2025-02-12,24002.25046420639,1139026.3989088112,1163028.6493730175,0.0048992881635103736,1181766.9376641498,-0.01585616223802122
2025-02-13,24002.25046420639,1151559.566996764,1175561.8174609703,0.010776319306243565,1181766.9376641498,-0.005250713999026213
2025-02-14,24002.25046420639,1156664.7125900276,1180666.963054234,0.0043427283171633135,1181766.9376641498,-0.0009307881062319279
2025-02-17,16675.505522644933,1178821.4435248272,1195496.949047472,0.012560685152801065,1195496.949047472,0.0
2025-02-18,16675.505522644933,1178789.6725325913,1195465.178055236,-2.6575552753427267e-05,1195496.949047472,-2.6575552753427267e-05
2025-02-19,16675.505522644933,1189862.4898146242,1206537.995337269,0.009262350326293856,1206537.995337269,0.0
2025-02-20,16675.505522644933,1197813.2091885856,1214488.7147112305,0.006589696640045606,1214488.7147112305,0.0
2025-02-21,16675.505522644933,1215605.3205301478,1232280.8260527926,0.014649877867158656,1232280.8260527926,0.0
2025-02-24,9045.005821725783,1243232.3119460167,1252277.3177677426,0.016227219715007735,1252277.3177677426,0.0
2025-02-25,9045.005821725783,1239109.625771077,1248154.6315928027,-0.003292151120559139,1252277.3177677426,-0.003292151120559139
2025-02-26,9045.005821725783,1246529.0595977725,1255574.0654194984,0.005944322633508525,1255574.0654194984,0.0
2025-02-27,9045.005821725783,1262773.1864064606,1271818.1922281864,0.012937609382096316,1271818.1922281864,0.0
2025-02-28,9045.005821725783,1270540.2818599595,1279585.2876816853,0.006107080006373611,1279585.2876816853,0.0
2025-03-03,14830.327001425267,1265688.1736764745,1280518.5006778997,0.0007293089450137735,1280518.5006778997,0.0
2025-03-04,14830.327001425267,1253720.6071548366,1268550.9341562619,-0.009345875530343606,1280518.5006778997,-0.009345875530343606
2025-03-05,14830.327001425267,1274902.1514375617,1289732.478438987,0.016697433041435783,1289732.478438987,0.0
2025-03-06,14830.327001425267,1255387.498525899,1270217.825527324,-0.015130775752256853,1289732.478438987,-0.015130775752256853
2025-03-07,14830.327001425267,1277279.2164925295,1292109.5434939547,0.01723461718665642,1292109.5434939547,0.0
2025-03-10,21529.198193476797,1246442.5959426893,1267971.794136166,-0.018680884665953634,1292109.5434939547,-0.018680884665953634
2025-03-11,21529.198193476797,1241586.3008928958,1263115.4990863726,-0.003829970881254474,1292109.5434939547,-0.02243930830290153
2025-03-12,21529.198193476797,1251862.9089987958,1273392.1071922726,0.008135921151575687,1292109.5434939547,-0.014485951594374047
2025-03-13,21529.198193476797,1247519.1753357472,1269048.373529224,-0.003411151709292626,1292109.5434939547,-0.01784768952512472
2025-03-14,21529.198193476797,1252471.20389857,1274000.4020920468,0.003902159024128604,1292109.5434939547,-0.014015175023736393
2025-03-17,15954.391433282093,1241009.5522086553,1256963.9436419373,-0.013372412145344459,1292109.5434939547,-0.02720017047237433
2025-03-18,15954.391433282093,1221062.3199739384,1237016.7114072205,-0.01586937504103869,1292109.5434939547,-0.04263789580700672
2025-03-19,15954.391433282093,1221142.0211167694,1237096.4125500515,6.44301262029412e-05,1292109.5434939547,-0.0425762128458117
2025-03-20,15954.391433282093,1235451.4196654973,1251405.8110987793,0.011566922677620273,1292109.5434939547,-0.03150176593008491
2025-03-21,15954.391433282093,1236540.530333505,1252494.921766787,0.0008703097415310168,1292109.5434939547,-0.030658872482318245
2025-03-24,17205.19518729893,1221067.7176645563,1238272.9128518552,-0.011354943375634696,1292109.5434939547,-0.04166568609695542
2025-03-25,17205.19518729893,1236729.6504624828,1253934.8456497816,0.012648207544050605,1292109.5434939547,-0.029544474798124276
2025-03-26,17205.19518729893,1242701.5796952904,1259906.7748825895,0.0047625514623235166,1292109.5434939547,-0.024922630417454128
2025-03-27,17205.19518729893,1251645.084057636,1268850.2792449351,0.0070985445436462236,1292109.5434939547,-0.01800100027597107
2025-03-28,17205.19518729893,1242595.3240694678,1259800.519256767,-0.007132252036507913,1292109.5434939547,-0.025004864641601454
2025-03-31,18059.504493780347,1248688.943506785,1266748.4480005654,0.005515102301987929,1292109.5434939547,-0.019627666726159343
2025-04-01,18059.504493780347,1283846.7088354633,1301906.2133292437,0.027754338585668892,1301906.2133292437,0.0
2025-04-02,18059.504493780347,1308048.2426536845,1326107.747147465,0.0185893066416305,1326107.747147465,0.0
2025-04-03,18059.504493780347,1321655.0609768063,1339714.5654705868,0.010260718521847734,1339714.5654705868,0.0
2025-04-04,18059.504493780347,1332706.5688526547,1350766.073346435,0.008249151095828022,1350766.073346435,0.0
2025-04-07,20374.304565817583,1324396.7022554078,1344771.0068212254,-0.004438271469431654,1350766.073346435,-0.004438271469431654
2025-04-08,20374.304565817583,1341504.063647137,1361878.3682129546,0.012721393683351012,1361878.3682129546,0.0
2025-04-09,20374.304565817583,1348195.5358440648,1368569.8404098824,0.004913413967877478,1368569.8404098824,0.0
2025-04-10,20374.304565817583,1354574.3072532,1374948.6118190177,0.004660903098101965,1374948.6118190177,0.0
2025-04-11,20374.304565817583,1340013.6452886113,1360387.9498544289,-0.010589968119117943,1374948.6118190177,-0.010589968119117943
2025-04-14,28665.5532119019,1324912.3581943763,1353577.9114062781,-0.005005953227444793,1374948.6118190177,-0.015542908461478211
2025-04-15,28665.5532119019,1325034.8160567752,1353700.369268677,9.046975528104184e-05,1374948.6118190177,-0.015453844869321998
2025-04-16,28665.5532119019,1316344.5337121468,1345010.0869240486,-0.0064196498293955795,1374948.6118190177,-0.021774286426138656
2025-04-17,28665.5532119019,1335400.023913167,1364065.5771250688,0.014167544456561432,1374948.6118190177,-0.007915230140529417
2025-04-18,28665.5532119019,1315374.2499464385,1344039.8031583403,-0.014680946651359106,1374948.6118190177,-0.022479973720462176
2025-04-21,26145.94627428765,1309238.9377303957,1335384.8840046832,-0.0064394812812231805,1374948.6118190177,-0.02877469563170998
2025-04-22,26145.94627428765,1300888.7416703673,1327034.6879446548,-0.006253025745646457,1374948.6118190177,-0.03484779246474823
2025-04-23,26145.94627428765,1312732.6536320534,1338878.5999063412,0.008925095982253772,1374948.6118190177,-0.02623371637501193
2025-04-24,26145.94627428765,1312925.4177557402,1339071.3640300278,0.00014397431081514256,1374948.6118190177,-0.026093519045432112
2025-04-25,26145.94627428765,1327821.5248079908,1353967.4710822785,0.011124207008220921,1374948.6118190177,-0.015259581744645478
2025-04-28,24524.767142687226,1314918.4546230757,1339443.221765763,-0.010727177444599834,1374948.6118190177,-0.025823066948140072
2025-04-29,24524.767142687226,1321813.2004080645,1346337.9675507518,0.005147471481396382,1374948.6118190177,-0.02080851896742153
2025-04-30,24524.767142687226,1320672.1362316587,1345196.903374346,-0.0008475317519875958,1374948.6118190177,-0.02163841483887241
2025-05-01,24524.767142687226,1342594.94847965,1367119.7156223373,0.016297102820411746,1374948.6118190177,-0.005693955489960434
2025-05-02,24524.767142687226,1339319.1490061022,1363843.9161487895,-0.0023961321280899783,1374948.6118190177,-0.008076444148364947
2025-05-05,26910.235906577785,1337827.0462091665,1364737.2821157444,0.0006550353426642008,1374948.6118190177,-0.007426699162061068
2025-05-06,26910.235906577785,1350359.3953197452,1377269.631226323,0.00918297556226344,1377269.631226323,0.0
2025-05-07,26910.235906577785,1346259.3170642168,1373169.5529707945,-0.0029769612010379642,1377269.631226323,-0.0029769612010379642
2025-05-08,26910.235906577785,1337919.414807909,1364829.6507144868,-0.006073468668355342,1377269.631226323,-0.009032349388811922
2025-05-09,26910.235906577785,1359279.3576623136,1386189.5935688913,0.015650262905134493,1386189.5935688913,0.0
2025-05-12,36637.843200133575,1351451.3056303917,1388089.1488305253,0.001370343039975852,1388089.1488305253,0.0
2025-05-13,36637.843200133575,1346873.2649580492,1383511.1081581828,-0.003298088365721763,1388089.1488305253,-0.003298088365721763
2025-05-14,36637.843200133575,1342437.4530427023,1379075.296242836,-0.0032061989883493958,1388089.1488305253,-0.006493713026489378
2025-05-15,36637.843200133575,1339469.3309429225,1376107.1741430562,-0.0021522552886460433,1388089.1488305253,-0.008631992186931337
2025-05-16,36637.843200133575,1339844.362207024,1376482.2054071575,0.00027253056386022934,1388089.1488305253,-0.008361814104768994
2025-05-19,36134.54207968603,1324877.4444717588,1361011.9865514447,-0.011238953031824206,1388089.1488305253,-0.019506789100608768
2025-05-20,36134.54207968603,1313124.2652364802,1349258.807316166,-0.008635617725203937,1388089.1488305253,-0.027973953652093653
2025-05-21,36134.54207968603,1311517.03559559,1347651.577675276,-0.0011911944781647366,1388089.1488305253,-0.029131825711135595
2025-05-22,36134.54207968603,1328284.6973442975,1364419.2394239835,0.012442134173605846,1388089.1488305253,-0.01705215362174961
2025-05-23,36134.54207968603,1313027.649183148,1349162.191262834,-0.011182082251779524,1388089.1488305253,-0.02804355728916086
2025-05-26,8285.532578104176,1336894.3750411642,1345179.9076192684,-0.002951671540571521,1388089.1488305253,-0.03091245345978555
2025-05-27,8285.532578104176,1334289.8413255613,1342575.3739036655,-0.0019361973077731687,1388089.1488305253,-0.032788798158393195
2025-05-28,8285.532578104176,1333418.2326685116,1341703.7652466157,-0.0006492064981912238,1388089.1488305253,-0.03341671795575207
2025-05-29,8285.532578104176,1341201.2836333064,1349486.8162114106,0.005800871374437966,1388089.1488305253,-0.027809692663931185
2025-05-30,8285.532578104176,1337648.5130339433,1345934.0456120474,-0.002632682703294087,1388089.1488305253,-0.03036916127036504
2025-06-02,23145.370501692592,1327374.2993359147,1350519.6698376073,0.003407020010014472,1388089.1488305253,-0.027065609600486096
2025-06-03,23145.370501692592,1343213.944569805,1366359.3150714976,0.011728555746096436,1388089.1488305253,-0.015654494365390903
2025-06-04,23145.370501692592,1333478.6250979742,1356623.9955996668,-0.007125006844426851,1388089.1488305253,-0.022667962830318245
2025-06-05,23145.370501692592,1347236.8481646155,1370382.218666308,0.01014151534343144,1388089.1488305253,-0.012756334979734829
2025-06-06,23145.370501692592,1326144.7544486132,1349290.1249503058,-0.015391394771985367,1388089.1488305253,-0.027951391964203487
2025-06-09,28762.780373271788,1300273.2153261884,1329035.9956994602,-0.01501095196379032,1388089.1488305253,-0.04254276692589798
2025-06-10,28762.780373271788,1312311.3862628462,1341074.166636118,0.009057821590695347,1388089.1488305253,-0.03387029012799203
2025-06-11,28762.780373271788,1306535.1790743177,1335297.9594475895,-0.00430714969554391,1388089.1488305253,-0.03803155541372316
2025-06-12,28762.780373271788,1321616.1624675759,1350378.9428408477,0.011294096037933965,1388089.1488305253,-0.027166991415103814
2025-06-13,28762.780373271788,1318329.3568238816,1347092.1371971534,-0.0024339876307458708,1388089.1488305253,-0.029534854924780696
2025-06-16,25750.34471530454,1332117.7835210008,1357868.1282363052,0.00799944617119741,1388089.1488305253,-0.021771671235728318
2025-06-17,25750.34471530454,1345619.8030868794,1371370.1478021839,0.009943542590852283,1388089.1488305253,-0.012044616185082457
2025-06-18,25750.34471530454,1345911.578095287,1371661.9228105915,0.00021276167406392155,1388089.1488305253,-0.011834417143721576
2025-06-19,25750.34471530454,1339481.397213672,1365231.7419289765,-0.00468787590781794,1388089.1488305253,-0.016466814772528426
2025-06-20,25750.34471530454,1333042.2927159294,1358792.637431234,-0.0047164919331897925,1388089.1488305253,-0.02110564110667823
2025-06-23,10009.416596383775,1346729.0870667167,1356738.5036631005,-0.0015117345439967789,1388089.1488305253,-0.022585469523940804
2025-06-24,10009.416596383775,1342374.524730747,1352383.941327131,-0.0032095811567318666,1388089.1488305253,-0.02572256078327273
2025-06-25,10009.416596383775,1336647.325778576,1346656.7423749599,-0.004234891273960817,1388089.1488305253,-0.029848519809028473
2025-06-26,10009.416596383775,1326769.8211576361,1336779.23775402,-0.007334834713350946,1388089.1488305253,-0.036964420563142086
2025-06-27,10009.416596383775,1334729.0769131205,1344738.4935095042,0.005954053990887109,1388089.1488305253,-0.031230454728029766
2025-06-30,24978.836536396277,1319453.4365292713,1344432.2730656676,-0.00022771746723593278,1388089.1488305253,-0.0314510604752144
2025-07-01,24978.836536396277,1309950.2013983142,1334929.0379347105,-0.007068585990789411,1388089.1488305253,-0.0382973319405332
2025-07-02,24978.836536396277,1323668.2729791654,1348647.1095155617,0.010276255284756397,1388089.1488305253,-0.028414629815522896
2025-07-03,24978.836536396277,1319800.0615715976,1344778.8981079939,-0.0028682161406606843,1388089.1488305253,-0.031201346656315687
2025-07-04,24978.836536396277,1325685.2618135207,1350664.098349917,0.004376332979498132,1388089.1488305253,-0.026961561159194458
2025-07-07,16217.642257699967,1335372.3576814467,1351589.9999391467,0.0006855158068987954,1388089.1488305253,-0.026294527928648836
2025-07-08,16217.642257699967,1328961.5670738954,1345179.2093315953,-0.004743147409968951,1388089.1488305253,-0.030912956516576662
2025-07-09,16217.642257699967,1338030.4311994137,1354248.0734571137,0.0067417516287844315,1388089.1488305253,-0.024379612362738334
2025-07-10,16217.642257699967,1320086.5976097048,1336304.2398674048,-0.013250034422350732,1388089.1488305253,-0.03730661608207919
2025-07-11,16217.642257699967,1312658.045223517,1328875.687481217,-0.0055590277756844,1388089.1488305253,-0.04265825534274659
2025-07-14,23531.266991289856,1311295.5881897402,1334826.85518103,0.004478347941704763,1388089.1488305253,-0.03837094591105272
2025-07-15,23531.266991289856,1314508.5791462106,1338039.8461375004,0.002407046984407968,1388089.1488305253,-0.036056259596288776
2025-07-16,23531.266991289856,1333421.4907329807,1356952.7577242705,0.014134789514202994,1388089.1488305253,-0.022431117722148786
2025-07-17,23531.266991289856,1350744.122873894,1374275.3898651837,0.012765832887185358,1388089.1488305253,-0.009951636735277214
2025-07-18,23531.266991289856,1353339.0833244838,1376870.3503157736,0.0018882390456285147,1388089.1488305253,-0.008082188758700148
2025-07-21,19794.756237157962,1350259.7903470346,1370054.5465841924,-0.004950214615354387,1388089.1488305253,-0.012992394805137142
2025-07-22,19794.756237157962,1361813.7197023614,1381608.4759395192,0.008433189309237976,1388089.1488305253,-0.004668772820871081
2025-07-23,19794.756237157962,1374745.1484593237,1394539.9046964815,0.009359691245501844,1394539.9046964815,0.0
2025-07-24,19794.756237157962,1381570.845157342,1401365.6013945,0.004894586863402717,1401365.6013945,0.0
2025-07-25,19794.756237157962,1372294.7184547265,1392089.4746918844,-0.006619348079747955,1401365.6013945,-0.006619348079747955
2025-07-28,12349.309134309937,1366178.2250476726,1378527.5341819825,-0.009742147151068359,1401365.6013945,-0.01629700856777927
2025-07-29,12349.309134309937,1361564.3378156363,1373913.6469499462,-0.0033469677736790437,1401365.6013945,-0.01958943077897468
2025-07-30,12349.309134309937,1364984.5752636627,1377333.8843979726,0.0024894122389855777,1401365.6013945,-0.01714878470872505
2025-07-31,12349.309134309937,1353058.3662090783,1365407.6753433882,-0.008658909208348775,1401365.6013945,-0.025659204147247427
2025-08-01,12349.309134309937,1349977.007458813,1362326.316593123,-0.002256731675021828,1401365.6013945,-0.027858029883514268
2025-08-04,17371.774862884282,1325178.8360249558,1342550.6108878402,-0.014516129846729675,1401365.6013945,-0.041969768951180875
2025-08-05,17371.774862884282,1326731.1044354208,1344102.8792983051,0.0011562084869474187,1401365.6013945,-0.04086208626728993
2025-08-06,17371.774862884282,1334702.9566890663,1352074.7315519506,0.005930983689140801,1401365.6013945,-0.03517345494530477
2025-08-07,17371.774862884282,1312141.9735986134,1329513.7484614977,-0.016686195344067012,1401365.6013945,-0.0512727391492287
2025-08-08,17371.774862884282,1314971.9293010307,1332343.704163915,0.0021285644512454294,1401365.6013945,-0.04925331202785421
2025-08-11,25770.82905535168,1310660.0519445287,1336430.8809998804,0.00306765951097443,1401365.6013945,-0.04633674490796902
2025-08-12,25770.82905535168,1314367.3714121212,1340138.200467473,0.0027740450481201773,1401365.6013945,-0.04369124007760683
2025-08-13,25770.82905535168,1303977.4868281665,1329748.3158835182,-0.007752845624675486,1401365.6013945,-0.05110535426281004
2025-08-14,25770.82905535168,1322812.000951072,1348582.8300064236,0.014163969149598943,1401365.6013945,-0.03766523977436875
2025-08-15,25770.82905535168,1323614.2946920888,1349385.1237474405,0.0005949161765710365,1401365.6013945,-0.03709273125823376
2025-08-18,17729.943442265037,1335758.7224331615,1353488.6658754265,0.0030410459221528185,1401365.6013945,-0.03416448603521527
2025-08-19,17729.943442265037,1351539.8859892506,1369269.8294315157,0.01165962002783516,1401365.6013945,-0.022903210932996854
2025-08-20,17729.943442265037,1353424.5574112164,1371154.5008534815,0.0013764061556429397,1401365.6013945,-0.02155832889786602
2025-08-21,17729.943442265037,1361106.6184046136,1378836.5618468786,0.005602622453279693,1401365.6013945,-0.016076489622124712
2025-08-22,17729.943442265037,1353014.7660228743,1370744.7094651393,-0.005868608800814412,1401365.6013945,-0.021850751794456613
2025-08-25,17064.698035771155,1339225.7935022525,1356290.4915380238,-0.010544792058876928,1401365.6013945,-0.032165132219330816
2025-08-26,17064.698035771155,1361374.6741416138,1378439.372177385,0.016330484345020047,1401365.6013945,-0.016359920062473998
2025-08-27,17064.698035771155,1359446.1485766962,1376510.8466124674,-0.0013990644810669695,1401365.6013945,-0.017736095960468434
2025-08-28,17064.698035771155,1360466.1817475178,1377530.879783289,0.0007410280662385471,1401365.6013945,-0.017008210839122184
2025-08-29,17064.698035771155,1367429.3299928294,1384494.0280286006,0.005054803741609826,1401365.6013945,-0.012039380265300048
2025-09-01,23252.15154618479,1335511.1358534396,1358763.2873996245,-0.018584941580148562,1401365.6013945,-0.03040057066655688
2025-09-02,23252.15154618479,1343019.919295431,1366272.070841616,0.005526189522210068,1401365.6013945,-0.025042380459433522
2025-09-03,23252.15154618479,1347715.2453981969,1370967.3969443818,0.003436596709375239,1401365.6013945,-0.021691844312339947
2025-09-04,23252.15154618479,1351526.0503486015,1374778.2018947862,0.0027796466632963313,1401365.6013945,-0.01897249331170714
2025-09-05,23252.15154618479,1340221.109472857,1363473.2610190418,-0.008223101632076624,1401365.6013945,-0.02703958220306779
2025-09-08,26458.211262806668,1339244.0760201337,1365702.2872829405,0.0016348147980789207,1401365.6013945,-0.02544897211410846
2025-09-09,26458.211262806668,1339342.6467167698,1365800.8579795766,7.217583037966158e-05,1401365.6013945,-0.02537863308442334
2025-09-10,26458.211262806668,1307987.9209471978,1334446.1322100046,-0.022957025972259903,1401365.6013945,-0.047753041117823636
2025-09-11,26458.211262806668,1303804.503690776,1330262.7149535827,-0.0031349465185931402,1401365.6013945,-0.05073828440641226
2025-09-12,26458.211262806668,1290403.8882555037,1316862.0995183103,-0.010073660852578326,1401365.6013945,-0.060300824989638735
2025-09-15,35280.566077358,1278382.9817679897,1313663.5478453478,-0.002428919227102422,1401365.6013945,-0.06258327838351374
2025-09-16,35280.566077358,1283362.5748913179,1318643.140968676,0.003790615284633203,1401365.6013945,-0.05902989223048338
2025-09-17,35280.566077358,1275384.4165737787,1310664.9826511368,-0.006050278555029265,1401365.6013945,-0.06472302349444481
2025-09-18,35280.566077358,1273598.9370169481,1308879.5030943062,-0.0013622699778085279,1401365.6013945,-0.06599712324047391
2025-09-19,35280.566077358,1283666.6424230267,1318947.2085003848,0.007691850458562133,1401365.6013945,-0.05881291278457279
2025-09-22,12283.922596358816,1289919.805591045,1302203.7281874039,-0.012694579589745625,1401365.6013945,-0.07076088717206985
2025-09-23,12283.922596358816,1292662.1296311228,1304946.0522274817,0.0021059101434881544,1401365.6013945,-0.0688039930986396
2025-09-24,12283.922596358816,1281855.3718352504,1294139.2944316093,-0.008281382803086546,1401365.6013945,-0.07651558369649547
2025-09-25,12283.922596358816,1293907.0085592614,1306190.9311556204,0.009312472603116628,1401365.6013945,-0.06791566037026397
2025-09-26,12283.922596358816,1312082.5350742731,1324366.457670632,0.013914907906251717,1401365.6013945,-0.05494579262345667
2025-09-29,25969.428543205693,1304630.4828271104,1330599.911370316,0.004706743865023455,1401365.6013945,-0.050497664530772535
2025-09-30,25969.428543205693,1329010.4542673824,1354979.882810588,0.018322541007209425,1401365.6013945,-0.03310036905269642
2025-10-01,25969.428543205693,1355952.034025948,1381921.4625691536,0.019883379893937292,1401365.6013945,-0.013875136371263364
2025-10-02,25969.428543205693,1346124.1787045968,1372093.6072478024,-0.007111732169699514,1401365.6013945,-0.020888192287272456
2025-10-03,25969.428543205693,1352526.154684121,1378495.5832273266,0.004665844914448325,1401365.6013945,-0.01631980843857972
2025-10-06,41329.55002996593,1333750.5462458527,1375080.0962758185,-0.0024776916176342256,1401365.6013945,-0.018757064603644236
2025-10-07,41329.55002996593,1319259.8575552956,1360589.4075852614,-0.010538068822174673,1401365.6013945,-0.029097470188123697
2025-10-08,41329.55002996593,1329007.3914882918,1370336.9415182578,0.007164199484910094,1401365.6013945,-0.022141730784147606
2025-10-09,41329.55002996593,1314055.281944295,1355384.831974261,-0.01091126502612616,1401365.6013945,-0.0328114015175508
2025-10-10,41329.55002996593,1317008.6333279046,1358338.1833578707,0.0021789762685391345,1401365.6013945,-0.030703920514255967
2025-10-13,38298.84066027822,1328063.7303688878,1366362.571029166,0.005907503572827988,1401365.6013945,-0.024977800461565725
2025-10-14,38298.84066027822,1319827.0167337821,1358125.8573940604,-0.006028204965320194,1401365.6013945,-0.030855434126120684
2025-10-15,38298.84066027822,1319589.481856257,1357888.3225165352,-0.00017489901707712363,1401365.6013945,-0.031024936558097682
2025-10-16,38298.84066027822,1325042.8070987794,1363341.6477590576,0.004016033684136833,1401365.6013945,-0.027133500064226435
2025-10-17,38298.84066027822,1333719.3211657836,1372018.1618260618,0.006364152434766401,1401365.6013945,-0.02094202935995748
2025-10-20,12479.707712623815,1353034.36172476,1365514.0694373837,-0.00474052936735303,1401365.6013945,-0.025583282422117604
2025-10-21,12479.707712623815,1383625.4915402746,1396105.1992528983,0.0224026471057297,1401365.6013945,-0.0037537685642967666
2025-10-22,12479.707712623815,1390671.1058306675,1403150.8135432913,0.005046621339253932,1403150.8135432913,0.0
2025-10-23,12479.707712623815,1405274.3974572704,1417754.1051698942,0.010407499668354303,1417754.1051698942,0.0
2025-10-24,12479.707712623815,1407894.8470943873,1420374.554807011,0.0018483103858146777,1420374.554807011,0.0
2025-10-27,32008.22995091509,1364887.3661286817,1396895.5960795968,-0.01653011781149827,1420374.554807011,-0.01653011781149827
2025-10-28,32008.22995091509,1352788.3134613605,1384796.5434122756,-0.0086613865068208,1420374.554807011,-0.025048330578950284
2025-10-29,32008.22995091509,1334938.8969685514,1366947.1269194665,-0.012889558814774604,1420374.554807011,-0.03761502746351564
2025-10-30,32008.22995091509,1328468.335665495,1360476.56561641,-0.004733585649094207,1420374.554807011,-0.042170559158418275
2025-10-31,32008.22995091509,1345928.6612126443,1377936.8911635594,0.01283397743733894,1420374.554807011,-0.02987779772583843
2025-11-03,19871.863108193327,1349677.0399350247,1369548.903043218,-0.00608735289267015,1420374.554807011,-0.035783273920095615
2025-11-04,19871.863108193327,1347851.664479695,1367723.5275878883,-0.0013328297012786816,1420374.554807011,-0.03706841061108457
2025-11-05,19871.863108193327,1354824.6904242677,1374696.553532461,0.005098271546787103,1420374.554807011,-0.03215912388740061
2025-11-06,19871.863108193327,1352551.996924814,1372423.8600330073,-0.0016532328488156889,1420374.554807011,-0.03375919021621654
2025-11-07,19871.863108193327,1363439.7985859534,1383311.6616941467,0.007933264626335923,1420374.554807011,-0.026093746179436605
2025-11-10,12978.067083795768,1354100.4758808746,1367078.5429646703,-0.011734968466611151,1420374.554807011,-0.03752250535745627
2025-11-11,12978.067083795768,1365619.9429835572,1378598.010067353,0.008426338897618457,1420374.554807011,-0.02941234380626756
2025-11-12,12978.067083795768,1378117.3273443992,1391095.394428195,0.00906528536206963,1420374.554807011,-0.020613689733969043
2025-11-13,12978.067083795768,1362045.5668100347,1375023.6338938305,-0.011553313021333667,1420374.554807011,-0.03192884634528148
2025-11-14,12978.067083795768,1374305.6666673175,1387283.7337511133,0.008916283004215986,1420374.554807011,-0.02329724997107807
2025-11-17,16377.352547577952,1383354.0294491549,1399731.381996733,0.008972676564124482,1420374.554807011,-0.014533612095777748
2025-11-18,16377.352547577952,1383207.2852968902,1399584.6378444682,-0.00010483736676347721,1420374.554807011,-0.014636925796919553
2025-11-19,16377.352547577952,1400303.8508489823,1416681.2033965604,0.012215456707515004,1420374.554807011,-0.0026002658228079234
2025-11-20,16377.352547577952,1393383.2468443098,1409760.599391888,-0.004885082111684702,1420374.554807011,-0.007472645422435975
2025-11-21,16377.352547577952,1413742.1247476928,1430119.477295271,0.014441372465768376,1430119.477295271,0.0
2025-11-24,15636.147348665574,1408739.5010020009,1424375.6483506665,-0.00401632803118479,1430119.477295271,-0.00401632803118479
2025-11-25,15636.147348665574,1415636.9832229908,1431273.1305716564,0.0048424600834595655,1431273.1305716564,0.0
2025-11-26,15636.147348665574,1439342.2769905494,1454978.424339215,0.01656238300099333,1454978.424339215,0.0
2025-11-27,15636.147348665574,1447187.3550573452,1462823.5024060109,0.005391886185775352,1462823.5024060109,0.0
2025-11-28,15636.147348665574,1468077.8184941055,1483713.965842771,0.01428091864972103,1483713.965842771,0.0
2025-12-01,35313.16050013351,1464462.3855797106,1499775.546079844,0.010825253793408596,1499775.546079844,0.0
2025-12-02,35313.16050013351,1448741.8315277845,1484054.9920279179,-0.01048193784264384,1499775.546079844,-0.01048193784264384
2025-12-03,35313.16050013351,1457372.6740313112,1492685.8345314446,0.005815716095353585,1499775.546079844,-0.00472718172191211
2025-12-04,35313.16050013351,1446844.071737417,1482157.2322375504,-0.007053461653033666,1499775.546079844,-0.011747300379943426
2025-12-05,35313.16050013351,1424299.2723985203,1459612.4328986537,-0.015210801424125453,1499775.546079844,-0.026779415950719976
2025-12-08,39266.62911053571,1419340.2653267195,1458606.894437255,-0.0006889078489155098,1499775.546079844,-0.027449875249797695
2025-12-09,39266.62911053571,1434871.452518385,1474138.0816289205,0.010647959536525864,1499775.546079844,-0.017094200874214427
2025-12-10,39266.62911053571,1433766.2753266196,1473032.9044371552,-0.0007497107669479641,1499775.546079844,-0.017831095934714658
2025-12-11,39266.62911053571,1434884.6259517614,1474151.255062297,0.0007592163228486992,1499775.546079844,-0.01708541727095403
2025-12-12,39266.62911053571,1446438.37726474,1485705.0063752756,0.007837561629651324,1499775.546079844,-0.009381763652132058
2025-12-15,10303.701402988081,1478609.1043930487,1488912.8057960367,0.002159109249141755,1499775.546079844,-0.007242910655664847
2025-12-16,10303.701402988081,1496445.7429397516,1506749.4443427396,0.01197963942365754,1506749.4443427396,0.0
2025-12-17,10303.701402988081,1478300.4453149873,1488604.1467179754,-0.012042677495513798,1506749.4443427396,-0.012042677495513798
2025-12-18,10303.701402988081,1477339.543011317,1487643.244414305,-0.0006455055938067167,1506749.4443427396,-0.012680409473632803
2025-12-19,10303.701402988081,1494400.0771653466,1504703.7785683346,0.011468162288295503,1506749.4443427396,-0.0013576681790630207
2025-12-22,9434.837432692126,1495444.8793067294,1504879.7167394215,0.00011692545309771596,1506749.4443427396,-0.001240901471932343
2025-12-23,9434.837432692126,1499635.2913857952,1509070.1288184873,0.0027845495108040907,1509070.1288184873,0.0
2025-12-24,9434.837432692126,1510742.5569500357,1520177.3943827278,0.0073603375695581175,1520177.3943827278,0.0
2025-12-25,9434.837432692126,1506839.487971141,1516274.325403833,-0.002567508892920789,1520177.3943827278,-0.002567508892920789
2025-12-26,9434.837432692126,1513669.1494080266,1523103.9868407187,0.004504238660815396,1523103.9868407187,0.0
2025-12-29,29835.841355222336,1503245.6903975275,1533081.5317527498,0.006550796924067459,1533081.5317527498,0.0
2025-12-30,29835.841355222336,1492969.7255744657,1522805.566929688,-0.006702816914970877,1533081.5317527498,-0.006702816914970877
2025-12-31,29835.841355222336,1501050.6206452409,1530886.4620004632,0.00530658361531211,1533081.5317527498,-0.0014318023580761619
