date,symbol,shares,close,market_value,weight
2022-01-10,000001,22700,8.893868548820626,201890.8160582282,0.2033070579006967
2022-01-10,000858,7500,26.50067845813569,198755.08843601766,0.2001493334945221
2022-01-10,000333,1900,100.41870313259992,190795.53595193985,0.19213394562627295
2022-01-10,002594,1600,119.23471951905098,190775.55123048156,0.19211382071419436
2022-01-10,300750,5500,35.25656944856731,193911.13196712022,0.19527139720441095
2022-01-11,000001,22700,9.04888044933691,205409.58619994784,0.2057324262106039
2022-01-11,000858,7500,26.95326053349284,202149.4540011963,0.20246717009756357
2022-01-11,000333,1900,97.13427088091856,184555.11467374527,0.18484517793851374
2022-01-11,002594,1600,117.9900443755442,188784.07100087072,0.18908078087026448
2022-01-11,300750,5500,36.47758163142456,200626.6989728351,0.20094202177170015
2022-01-12,000001,22700,9.06551753720477,205787.24809454827,0.20815176732166749
2022-01-12,000858,7500,26.4241370826859,198181.02812014424,0.20045815100204914
2022-01-12,000333,1900,93.35845966221186,177381.07335820253,0.17941920235971293
2022-01-12,002594,1600,119.45203922367575,191123.2627578812,0.19331929110135337
2022-01-12,300750,5500,36.22944417011102,199261.94293561063,0.20155148565347578
2022-01-13,000001,22700,9.292809539326171,210946.7765427041,0.21360610880725922
2022-01-13,000858,7500,26.593114438742305,199448.3582905673,0.20196273401608253
2022-01-13,000333,1900,92.53708990973122,175820.4708284893,0.17803697803711604
2022-01-13,002594,1600,116.456399912056,186330.2398592896,0.18867924005185616
2022-01-13,300750,5500,36.01792740835649,198098.6007459607,0.20059596054998838
2022-01-14,000001,22700,9.058769276648196,205634.06257991405,0.20985471938184025
2022-01-14,000858,7500,27.017161918871896,202628.71439153922,0.20678768616368834
2022-01-14,000333,1900,92.33562728999188,175437.69185098456,0.17903856554931616
2022-01-14,002594,1600,115.86689753814473,185387.03606103157,0.18919212090409276
2022-01-14,300750,5500,35.25352056364485,193894.36310004667,0.19787406156150816
2022-01-17,601318,2300,80.41172397925473,184946.96515228588,0.18796683784587237
2022-01-17,600036,4700,42.0244970872376,197515.1363100167,0.2007402260876267
2022-01-17,000333,2100,93.5488669631505,196452.62062261606,0.19966036130715906
2022-01-17,002594,1600,117.311715277081,187698.7444433296,0.19076354906176793
2022-01-17,300750,5500,35.96755262047394,197821.53941260665,0.20105163223723602
2022-01-18,601318,2300,78.09457857506007,179617.53072263816,0.18436423424355283
2022-01-18,600036,4700,41.88671879901686,196867.57835537926,0.20207014418274508
2022-01-18,000333,2100,93.5535884474116,196462.53573956437,0.2016543976161361
2022-01-18,002594,1600,117.43110731307677,187889.77170092284,0.1928550834791691
2022-01-18,300750,5500,35.257680000019235,193917.24000010578,0.19904183804001496
2022-01-19,601318,2300,76.2406042887321,175353.38986408385,0.18054835226765903
2022-01-19,600036,4700,41.80473838318277,196482.27040095904,0.2023031901362047
2022-01-19,000333,2100,92.19269463052768,193604.65872410813,0.19934032727324946
2022-01-19,002594,1600,117.18260352629692,187492.16564207507,0.19304674746242326
2022-01-19,300750,5500,36.14459281950154,198795.26050725847,0.204684704133895
2022-01-20,601318,2300,78.54632267859019,180656.54216075744,0.18601649751443938
2022-01-20,600036,4700,41.54847554249292,195277.83504971673,0.20107159410715933
2022-01-20,000333,2100,88.06568938433371,184937.9477071008,0.19042492941867123
2022-01-20,002594,1600,117.36767322924337,187788.2771667894,0.1933598261930249
2022-01-20,300750,5500,36.91381489042372,203025.98189733046,0.2090496231427097
2022-01-21,601318,2300,78.42990879599147,180388.79023078037,0.1861796200990987
2022-01-21,600036,4700,42.127272775666206,197998.18204563117,0.20435430752879283
2022-01-21,000333,2100,87.34671087043489,183428.09282791326,0.18931649020159494
2022-01-21,002594,1600,115.43568275702602,184697.0924112416,0.19062622713163213
2022-01-21,300750,5500,36.88825048683233,202885.3776775778,0.20939839161484788
2022-01-24,601318,2400,76.87507393825652,184500.17745181566,0.19271342136793143
2022-01-24,000333,2200,86.78595216937852,190929.09477263273,0.19942852955751447
2022-01-24,002594,1600,115.47516367590968,184760.2618814555,0.1929850837639934
2022-01-24,600900,2700,70.7351817830315,190984.99081418506,0.1994869138775582
2022-01-24,601888,3000,62.61821035486253,187854.6310645876,0.19621720245619692
2022-01-25,601318,2400,78.24822683184858,187795.7443964366,0.19694678821712436
2022-01-25,000333,2200,86.3103748228745,189882.82461032388,0.19913556915141908
2022-01-25,002594,1600,112.24208150019312,179587.330400309,0.188338388819739
2022-01-25,600900,2700,70.60361987838817,190629.77367164806,0.1999189160747607
2022-01-25,601888,3000,62.42929484306022,187287.88452918065,0.19641418099515617
2022-01-26,601318,2400,75.71924233237476,181726.18159769944,0.19304430820454407
2022-01-26,000333,2200,85.23764521040475,187522.81946289045,0.1992019676940022
2022-01-26,002594,1600,113.32845387283226,181325.5261965316,0.1926186994999157
2022-01-26,600900,2700,69.6629664220282,188090.00933947615,0.19980448284280172
2022-01-26,601888,3000,61.451295868596816,184353.88760579046,0.19583567092419787
2022-01-27,601318,2400,75.13834048317486,180332.01715961966,0.1908072152009597
2022-01-27,000333,2200,87.13517667180218,191697.3886779648,0.20283278294703677
2022-01-27,002594,1600,113.39190341861526,181427.0454697844,0.1919658519517692
2022-01-27,600900,2700,70.7406188123295,190999.67079328964,0.20209453574796657
2022-01-27,601888,3000,60.76420132400048,182292.60397200144,0.19288168936102618
2022-01-28,601318,2400,75.02797541603314,180067.14099847953,0.19279649854829373
2022-01-28,000333,2200,85.51919882505634,188142.23741512393,0.20144244197770633
2022-01-28,002594,1600,109.45853037326864,175133.64859722983,0.18751424629893088
2022-01-28,600900,2700,72.73196560258289,196376.3071269738,0.21025859688772747
2022-01-28,601888,3000,58.63464510044759,175903.93530134278,0.18833898632983154
2022-01-31,000001,19800,9.492399456217507,187949.50923310666,0.19972816451000763
2022-01-31,600036,4700,39.315368113063855,184782.2301314001,0.1963623943941082
2022-01-31,000333,2100,86.81058100382782,182302.22010803843,0.1937269639960532
2022-01-31,002594,1700,108.48958067363762,184432.28714518395,0.19599052074248072
2022-01-31,601888,3100,60.04003552651318,186124.11013219086,0.1977883690116754
2022-02-01,000001,19800,9.304811906971503,184235.27575803577,0.19849265692177046
2022-02-01,600036,4700,39.22969616019302,184379.5719529072,0.19864811973954996
2022-02-01,000333,2100,84.61962652923634,177701.2157113963,0.19145294678044436
2022-02-01,002594,1700,108.89427243376127,185120.26313739415,0.19944613065555086
2022-02-01,601888,3100,58.48361516132777,181299.2070001161,0.19532937515465718
2022-02-02,000001,19800,9.70917625578761,192241.68986459466,0.2033668424442117
2022-02-02,600036,4700,39.94821738899514,187756.62172827715,0.19862222047551964
2022-02-02,000333,2100,85.48983933182278,179528.66259682784,0.1899181039568735
2022-02-02,002594,1700,109.9575398379372,186927.81772449324,0.19774545304087332
2022-02-02,601888,3100,59.16262797824252,183404.1467325518,0.19401786489936182
2022-02-03,000001,19800,9.394338896487636,186007.9101504552,0.19834504539692555
2022-02-03,600036,4700,39.533565542837806,185807.75805133767,0.1981316180370157
2022-02-03,000333,2100,83.21725278521026,174756.23084894154,0.18634708875064518
2022-02-03,002594,1700,113.84585980144904,193537.96166246338,0.20637453407717773
2022-02-03,601888,3100,58.791470194438745,182253.55760276012,0.19434168217486517
2022-02-04,000001,19800,9.091169329887558,180005.15273177365,0.1940818778820539
2022-02-04,600036,4700,38.74408996124068,182097.2228178312,0.19633755159361677
2022-02-04,000333,2100,82.5154300663598,173282.40313935556,0.18683339723788286
2022-02-04,002594,1700,113.50778935912724,192963.2419105163,0.208053312829369
2022-02-04,601888,3100,59.25352911495729,183685.94025636758,0.19805050957962825
2022-02-07,000001,20300,9.16188571237396,185986.2799611914,0.20064911074374628
2022-02-07,000858,6100,29.814487531724573,181868.3739435199,0.19620655626744557
2022-02-07,002594,1600,111.59598700566607,178553.5792090657,0.1926304289536186
2022-02-07,600900,2600,72.4655589680471,188410.45331692247,0.20326440165777293
2022-02-07,601888,3100,58.90612882638994,182608.99936180882,0.19700557128944018
2022-02-08,000001,20300,9.134381032350204,185427.93495670913,0.20000706721772385
2022-02-08,000858,6100,30.427175594070235,185605.77112382842,0.20019888562005397
2022-02-08,002594,1600,111.9703291466766,179152.52663468258,0.1932382596247619
2022-02-08,600900,2600,73.07479153393477,189994.4579882304,0.2049326296963762
2022-02-08,601888,3100,57.23577038498985,177430.88819346853,0.19138125865283764
2022-02-09,000001,20300,9.28190810884914,188422.73460963755,0.20174272007902866
2022-02-09,000858,6100,30.22139896023832,184350.53365745375,0.19738264697795632
2022-02-09,002594,1600,112.97566916722792,180761.07066756467,0.193539437565337
2022-02-09,600900,2600,73.34226228134138,190689.8819314876,0.20417013664570507
2022-02-09,601888,3100,58.14704140185526,180255.8283457513,0.19299847863852365
2022-02-10,000001,20300,9.224136335908817,187249.96761894898,0.2014860384681551
2022-02-10,000858,6100,29.40448324521878,179367.34779583456,0.1930041259684856
2022-02-10,002594,1600,114.44505816235862,183112.0930597738,0.19703357333180332
2022-02-10,600900,2600,74.06657713543207,192573.1005521234,0.20721387372806435
2022-02-10,601888,3100,57.27315618420329,177546.7841710302,0.19104515018223858
2022-02-11,000001,20300,9.03711552666712,183453.44519134256,0.19713559514793727
2022-02-11,000858,6100,29.43800969717279,179571.85915275404,0.19296451635987216
2022-02-11,002594,1600,114.98168060564127,183970.68896902603,0.19769141550794112
2022-02-11,600900,2600,75.19369745395893,195503.61338029322,0.21008447749290415
2022-02-11,601888,3100,57.61299716742093,178600.29121900487,0.19192048787271823
2022-02-14,000001,20600,8.921732003868616,183787.6792796935,0.19727947948791552
2022-02-14,000858,6300,29.816853113094872,187846.1746124977,0.20163590778549084
2022-02-14,600036,4800,38.43603856453891,184492.98510978676,0.1980365616143449
2022-02-14,002594,1600,115.3672359848579,184587.57757577265,0.19813809808581195
2022-02-14,600900,2400,75.75413518799844,181809.92445119628,0.19515653825132226
2022-02-15,000001,20600,8.98013796627587,184990.8421052829,0.2004478281244162
2022-02-15,000858,6300,28.946451447601525,182362.64411988962,0.19760002997366652
2022-02-15,600036,4800,38.96633242105789,187038.39562107789,0.20266646581771364
2022-02-15,002594,1600,112.23469446120755,179575.51113793207,0.19458001694724134
2022-02-15,600900,2400,74.9308151237281,179833.95629694744,0.19486005659798478
2022-02-16,000001,20600,9.156278287394604,188619.33272032885,0.2054092141991135
2022-02-16,000858,6300,28.982151725327743,182587.5558695648,0.1988405209200586
2022-02-16,600036,4800,38.519216815819206,184892.2407159322,0.20135035645198077
2022-02-16,002594,1600,109.11863702303566,174589.81923685706,0.1901308686622394
2022-02-16,600900,2400,74.3691536800317,178485.9688320761,0.19437383260031446
2022-02-17,000001,20600,9.180542406385332,189119.17357153783,0.20478746325334857
2022-02-17,000858,6300,28.83289750869012,181647.25430474777,0.1966965047144411
2022-02-17,600036,4800,39.83925634928327,191228.43047655968,0.20707146948482483
2022-02-17,002594,1600,110.22143305372468,176354.2928859595,0.19096502798692952
2022-02-17,600900,2400,73.3560244555094,176054.45869322255,0.19064035290207362
2022-02-18,000001,20600,8.95045594262803,184379.39241813743,0.2006475085390528
2022-02-18,000858,6300,27.90718749641461,175815.28122741205,0.1913277708463852
2022-02-18,600036,4800,40.86280038376773,196141.4418420851,0.21344734414582284
2022-02-18,002594,1600,112.20049454360696,179520.79126977114,0.19536022451767007
2022-02-18,600900,2400,72.49109190742516,173978.62057782037,0.18932905841687164
2022-02-21,600519,4000,44.95022044824495,179800.88179297978,0.1975233615156737
2022-02-21,000858,6500,27.27518845872432,177288.72498170807,0.19476358829838653
2022-02-21,000333,2400,74.54134025869978,178899.21662087945,0.19653282168083616
2022-02-21,002594,1600,110.42684483520418,176682.95173632668,0.19409810564585003
2022-02-21,600900,2500,72.22641220031308,180566.03050078268,0.1983639288327941
2022-02-22,600519,4000,45.50421118404462,182016.8447361785,0.19746252350819302
2022-02-22,000858,6500,27.53849627810326,179000.2258076712,0.19418991878334455
2022-02-22,000333,2400,75.4117788064388,180988.26913545313,0.1963466645115569
2022-02-22,002594,1600,111.60108812158148,178561.74099453038,0.19371422480101944
2022-02-22,600900,2500,73.66935010108034,184173.37525270085,0.19980205399742962
2022-02-23,600519,4000,43.747591575475646,174990.36630190257,0.193364310652411
2022-02-23,000858,6500,27.502244361174213,178764.58834763238,0.19753482506154474
2022-02-23,000333,2400,72.26341523923985,173432.19657417564,0.19164253349605276
2022-02-23,002594,1600,110.11020680095108,176176.33088152172,0.19467480121393477
2022-02-23,600900,2500,73.83014681712243,184575.36704280606,0.2039557340549432
2022-02-24,600519,4000,44.81137752390741,179245.51009562964,0.19456450643503403
2022-02-24,000858,6500,27.91472713363651,181445.72636863732,0.19695276147684612
2022-02-24,000333,2400,76.273657815067,183056.77875616078,0.1987015004687029
2022-02-24,002594,1600,110.0253428684582,176040.5485895331,0.1910856368485977
2022-02-24,600900,2500,73.77516371851011,184437.9092962753,0.2002006676261752
2022-02-25,600519,4000,44.0549827882442,176219.93115297682,0.19157209947508647
2022-02-25,000858,6500,27.658628393403436,179781.08455712235,0.1954434982988255
2022-02-25,000333,2400,77.04125088937016,184899.0021344884,0.20100728560041814
2022-02-25,002594,1600,109.77646357213035,175642.34171540858,0.19094419081307748
2022-02-25,600900,2500,74.51243942016454,186281.09855041135,0.20250978937705114
2022-02-28,600519,4100,44.37110997815246,181921.55091042508,0.19842046907871613
2022-02-28,000858,6600,26.772821030010498,176700.61879806928,0.19272603764067364
2022-02-28,600036,4400,41.58692403057226,182982.46573451796,0.19957760090831847
2022-02-28,002594,1600,108.16170434775836,173058.72695641336,0.18875385356496113
2022-02-28,600900,2400,76.24209159187835,182981.01982050805,0.1995760238607688
2022-03-01,600519,4100,44.01522718701018,180462.43146674175,0.19688173474822307
2022-03-01,000858,6600,26.71967464769285,176349.85267477282,0.19239497459393126
2022-03-01,600036,4400,41.86149202215528,184190.56489748324,0.2009490709314469
2022-03-01,002594,1600,107.0207472085686,171233.19553370975,0.18681278041724447
2022-03-01,600900,2400,77.15118575305591,185162.8458073342,0.20200981443710733
2022-03-02,600519,4100,42.99618127454716,176284.34322564336,0.19409418943219492
2022-03-02,000858,6600,27.33444094670576,180407.31024825803,0.1986336960478548
2022-03-02,600036,4400,41.42503896365339,182270.17144007492,0.2006847604046456
2022-03-02,002594,1600,103.57827552769524,165725.2408443124,0.1824683105802501
2022-03-02,600900,2400,76.81242773189925,184349.8265565582,0.20297452117832743
2022-03-03,600519,4100,42.20038016509615,173021.5586768942,0.19291111293530633
2022-03-03,000858,6600,26.21620920545688,173026.9807560154,0.1929171583051764
2022-03-03,600036,4400,41.94953785783053,184577.96657445433,0.20579597841739267
2022-03-03,002594,1600,105.14398628096964,168230.37804955142,0.18756916598856319
2022-03-03,600900,2400,74.51525821311618,178836.61971147885,0.19939463963883883
2022-03-04,600519,4100,41.9977228720166,172190.66377526807,0.19025940103419478
2022-03-04,000858,6600,25.96577922267688,171374.1428696674,0.18935719893435135
2022-03-04,600036,4400,42.11788981476151,185318.71518495065,0.20476503765344958
2022-03-04,002594,1600,107.19588414634876,171513.41463415802,0.18951108510861886
2022-03-04,600900,2400,77.26240739977142,185429.77775945142,0.20488775452112723
2022-03-07,000001,20900,8.854964941981132,185068.76728740567,0.2010739379799348
2022-03-07,600036,4200,42.29679446353411,177646.53674684328,0.19300981594972674
2022-03-07,002594,1600,107.56901721184175,172110.4275389468,0.18699493134313067
2022-03-07,600900,2300,79.4332365312453,182696.44402186418,0.1984964507671786
2022-03-07,601888,2900,63.44438091512638,183988.7046538665,0.19990046905714548
2022-03-08,000001,20900,8.859105788946765,185155.3109889874,0.2029684290344841
2022-03-08,600036,4200,41.283111124248805,173389.06672184498,0.19007019726472438
2022-03-08,002594,1600,105.34461109570957,168551.3777531353,0.18476709186152665
2022-03-08,600900,2300,80.05286015883215,184121.57836531394,0.20183524476043876
2022-03-08,601888,2900,62.80309721293016,182128.98191749747,0.1996509478663731
2022-03-09,000001,20900,9.252563391144076,193378.5748749112,0.21160218966284217
2022-03-09,600036,4200,41.292813012618936,173429.81465299954,0.18977349769556484
2022-03-09,002594,1600,104.62111732756016,167393.78772409624,0.18316864751582798
2022-03-09,600900,2300,81.31644623350586,187027.82633706348,0.2046529591316112
2022-03-09,601888,2900,59.91629626960703,173757.2591818604,0.19013179994980833
2022-03-10,000001,20900,8.940536423377619,186857.21124859224,0.20667774676586062
2022-03-10,600036,4200,42.17447298511149,177132.78653746826,0.19592182156254845
2022-03-10,002594,1600,104.95352099508716,167925.63359213946,0.18573803677761122
2022-03-10,600900,2300,78.99920554054795,181698.17274326028,0.20097147272572316
2022-03-10,601888,2900,59.17063283471953,171594.83522068663,0.18979644223036554
2022-03-11,000001,20900,9.164828085442656,191544.9069857515,0.20975942984237228
2022-03-11,600036,4200,41.94392474609656,176164.48393360557,0.19291644079650538
2022-03-11,002594,1600,106.36403934141504,170182.46294626407,0.1863655732670273
2022-03-11,600900,2300,81.52141415333358,187499.25255266723,0.20532906319583885
2022-03-11,601888,2900,58.23548591500096,168882.90915350278,0.18494244139205984
2022-03-14,000001,19800,9.52084340406573,188512.69940050144,0.20520905315274876
2022-03-14,600036,4300,41.51680088633787,178522.24381125285,0.19433375436092193
2022-03-14,000333,2100,85.15646115531855,178828.56842616896,0.1946672097959362
2022-03-14,002594,1700,106.6035841561479,181226.09306545142,0.19727708044498085
2022-03-14,600900,2200,81.96393517720634,180320.65738985394,0.19629145136921586
2022-03-15,000001,19800,9.569698768490468,189480.03561611127,0.2048750308479089
2022-03-15,600036,4300,41.61653799130801,178951.11336262443,0.19349064797894697
2022-03-15,000333,2100,87.43417699750941,183611.77169476976,0.1985299784628423
2022-03-15,002594,1700,107.3308902815199,182462.51347858383,0.19728734457939537
2022-03-15,600900,2200,81.42006325565401,179124.13916243883,0.19367773188970938
2022-03-16,000001,19800,9.635910378962828,190791.02550346398,0.20352783883572662
2022-03-16,600036,4300,42.83622375337693,184195.76213952078,0.19649228936229798
2022-03-16,000333,2100,87.85988853610594,184505.7659258225,0.19682298835870196
2022-03-16,002594,1700,109.58255700243744,186290.34690414366,0.19872670426350725
2022-03-16,600900,2200,82.00446183752629,180409.81604255785,0.19245360135257591
2022-03-17,000001,19800,9.806398588597718,194166.69205423482,0.2089423654064
2022-03-17,600036,4300,42.25964522137004,181716.47445189118,0.19554471265691883
2022-03-17,000333,2100,87.40613347671217,183552.88030109555,0.1975208650954212
2022-03-17,002594,1700,107.61621666715692,182947.56833416678,0.1968694901719427
2022-03-17,600900,2200,79.85127316917318,175672.800972181,0.18904112844669882
2022-03-18,000001,19800,9.947781482737591,196966.0733582043,0.2103378583341314
2022-03-18,600036,4300,41.92537865025928,180279.1281961149,0.19251805694554483
2022-03-18,000333,2100,88.3071454470671,185445.00543884092,0.19803463925399117
2022-03-18,002594,1700,109.80368655531925,186666.2671440427,0.19933881091745564
2022-03-18,600900,2200,79.92888969851349,175843.55733672966,0.18778136062446993
2022-03-21,600036,4400,40.92139504622913,180054.13820340816,0.19101269408220467
2022-03-21,000333,2100,87.67862095247368,184125.10400019473,0.19533142928107158
2022-03-21,002594,1700,112.5622908847513,191355.8945040772,0.20300230420942394
2022-03-21,600900,2300,81.96072229113555,188509.66126961177,0.19998284193254273
2022-03-21,300750,5200,36.24066800071775,188451.47360373227,0.19992111281632857
2022-03-22,600036,4400,41.40902816334743,182199.72391872868,0.19054801114679312
2022-03-22,000333,2100,88.50706492828269,185864.83634939365,0.19438105693452504
2022-03-22,002594,1700,117.50073237352022,199751.24503498437,0.20890373293040712
2022-03-22,600900,2300,83.38885097514698,191794.35724283804,0.20058226508675675
2022-03-22,300750,5200,35.85479729775389,186444.94594832024,0.19498774682375852
2022-03-23,600036,4400,40.29018487159617,177276.81343502313,0.18776122489846309
2022-03-23,000333,2100,87.26951035915582,183265.9717542272,0.19410459084878096
2022-03-23,002594,1700,116.90885335541992,198745.05070421388,0.21049912529259177
2022-03-23,600900,2300,82.2134160911558,189090.85700965836,0.20027396838474176
2022-03-23,300750,5200,35.70179570642651,185649.33767341785,0.19662891253359344
2022-03-24,600036,4400,40.796767289203856,179505.77607249696,0.1890301155655587
2022-03-24,000333,2100,88.53460060161382,185922.66126338902,0.19578747221304266
2022-03-24,002594,1700,114.32011867666324,194344.2017503275,0.204655848520015
2022-03-24,600900,2300,84.51764755727835,194390.5893817402,0.204704697417909
2022-03-24,300750,5200,35.63818579126047,185318.56611455444,0.19515132457314346
2022-03-25,600036,4400,40.73366118597257,179228.1092182793,0.1898514398844509
2022-03-25,000333,2100,87.34331174508009,183420.95466466818,0.19429280652432565
2022-03-25,002594,1700,113.64461882528522,193195.85200298487,0.20464708824105116
2022-03-25,600900,2300,82.67573094446122,190154.1811722608,0.201425129423396
2022-03-25,300750,5200,36.136919477989295,187911.98128554435,0.19905002833652663
2022-03-28,000001,19000,9.94091016315716,188877.29309998604,0.19912987271957577
2022-03-28,600036,4600,41.48021264201747,190808.97815328036,0.20116641291180087
2022-03-28,000333,2100,86.26427563120772,181154.9788255362,0.19098837813685893
2022-03-28,600900,2200,83.86292919755539,184498.44423462186,0.19451333251557867
2022-03-28,300750,5200,36.31902477011912,188858.92880461944,0.1991105115791289
2022-03-29,000001,19000,9.8273424057111,186719.5057085109,0.19687727821950093
2022-03-29,600036,4600,40.11926890495317,184548.63696278457,0.19458831152366152
2022-03-29,000333,2100,86.29033927741916,181209.71248258025,0.1910677454138235
2022-03-29,600900,2200,86.25701745898974,189765.43840977742,0.20008891343452384
2022-03-29,300750,5200,36.89380586509161,191847.79049847636,0.20228454805749538
2022-03-30,000001,19000,9.7069451709619,184431.9582482761,0.1958027637475409
2022-03-30,600036,4600,40.01875772133861,184086.28551815762,0.19543577921540117
2022-03-30,000333,2100,83.56134135558932,175478.81684673758,0.18629763325229412
2022-03-30,600900,2200,87.9778963937395,193551.3720662269,0.2054844178723025
2022-03-30,300750,5200,36.5508339422704,190064.3364998061,0.20178239568658107
2022-03-31,000001,19000,9.709518806442986,184480.85732241673,0.1963815861775923
2022-03-31,600036,4600,40.11345048686838,184521.87223959455,0.19642524693789679
2022-03-31,000333,2100,82.64251534502822,173549.28222455925,0.18474482294754707
2022-03-31,600900,2200,86.58389814511135,190484.57591924496,0.20277260038969813
2022-03-31,300750,5200,36.93248272818551,192048.91018656467,0.20443784874764187
2022-04-01,000001,19000,9.667408530569244,183680.76208081562,0.19673426404199582
2022-04-01,600036,4600,41.45565498476858,190696.01292993547,0.20424806242369214
2022-04-01,000333,2100,79.35404412602094,166643.49266464397,0.1784862198706579
2022-04-01,600900,2200,87.12020724716851,191664.4559437707,0.20528532904560248
2022-04-01,300750,5200,35.89420489030657,186649.86542959415,0.19991437041551777
2022-04-04,000001,19300,9.839987447679691,189911.75774021805,0.20286468546886077
2022-04-04,000858,6700,27.377610033340694,183429.98722338266,0.19594082592048126
2022-04-04,002594,1700,110.3293981244954,187559.97681164218,0.20035250136796992
2022-04-04,600900,2100,89.03711781162109,186977.9474044043,0.1997307746563755
2022-04-04,300750,5100,35.13041514772479,179165.11725339643,0.19138507057746373
2022-04-05,000001,19300,9.8747378637613,190582.4407705931,0.20223499049639848
2022-04-05,000858,6700,27.839258800076998,186523.0339605159,0.19792738432692367
2022-04-05,002594,1700,113.35671217391172,192706.41069564992,0.20448882372401228
2022-04-05,600900,2100,88.8163153674232,186514.26227158873,0.1979180763213191
2022-04-05,300750,5100,34.69605190240716,176949.86470227654,0.187768894456963
2022-04-06,000001,19300,9.961726918186455,192261.32952099858,0.20137243205174782
2022-04-06,000858,6700,29.154640185685253,195336.08924409118,0.20459290204931063
2022-04-06,002594,1700,111.65700295434549,189816.90502238733,0.19881216833424106
2022-04-06,600900,2100,91.33664975707131,191806.96448984975,0.20089653504432742
2022-04-06,300750,5100,34.59383347909605,176428.55074338985,0.1847893512183442
2022-04-07,000001,19300,9.775852483755386,188673.95293647895,0.19780709110401323
2022-04-07,000858,6700,29.09577861353525,194941.71671068616,0.2043782584570418
2022-04-07,002594,1700,113.189794512004,192422.6506704068,0.20173725201194798
2022-04-07,600900,2100,91.62906428900672,192421.0350069141,0.20173555813904864
2022-04-07,300750,5100,34.561484802259955,176263.57249152576,0.1847959614960127
2022-04-08,000001,19300,9.5642969732094,184590.9315829414,0.19605318827888682
2022-04-08,000858,6700,29.13343700505434,195194.02793386407,0.20731468865379865
2022-04-08,002594,1700,113.02008401511232,192134.14282569094,0.2040647986073048
2022-04-08,600900,2100,88.57516272930978,186007.84173155055,0.19755808209873688
2022-04-08,300750,5100,34.2162535296641,174502.89300128692,0.18533872841645796
2022-04-11,000001,19600,9.093007161526424,178222.94036591792,0.1942564847253041
2022-04-11,000858,6400,28.90929368347213,185019.47957422162,0.20166446381145356
2022-04-11,002594,1600,110.59396713639975,176950.3474182396,0.19286940497005686
2022-04-11,600900,2100,89.73405699058674,188441.51968023216,0.2053943623319121
2022-04-11,300750,5500,32.03727116081337,176204.9913844735,0.19205699416204908
2022-04-12,000001,19600,9.026484220304642,176919.09071797098,0.19197627647617532
2022-04-12,000858,6400,29.647694836981096,189745.246956679,0.20589403801460673
2022-04-12,002594,1600,113.44802040553596,181516.83264885753,0.19696532187827406
2022-04-12,600900,2100,88.0867378038992,184982.14938818832,0.20072556392862342
2022-04-12,300750,5500,31.96026156341023,175781.43859875627,0.1907418013447141
2022-04-13,000001,19600,9.079836619022355,177964.79773283817,0.19375105963550848
2022-04-13,000858,6400,29.588379684783845,189365.6299826166,0.20616319595269914
2022-04-13,002594,1600,110.81996740313332,177311.94784501332,0.19304029908533002
2022-04-13,600900,2100,88.86718258236057,186621.0834229572,0.20317519601716535
2022-04-13,300750,5500,31.752145047285,174636.7977600675,0.19012785139766786
2022-04-14,000001,19600,8.987656193264215,176158.0613879786,0.19145262495541754
2022-04-14,000858,6400,29.23650597750918,187113.63825605874,0.2033593973890402
2022-04-14,002594,1600,112.83117150784808,180529.87441255694,0.19620401170873997
2022-04-14,600900,2100,90.58254208037816,190223.33836879412,0.20673909085703368
2022-04-14,300750,5500,31.53917157358623,173465.44365472428,0.18852622619187945
2022-04-15,000001,19600,8.963957336398078,175693.56379340234,0.19028900836223897
2022-04-15,000858,6400,28.898660229012744,184951.42546568156,0.20031595117753945
2022-04-15,002594,1600,114.05151482862692,182482.42372580306,0.19764184130929982
2022-04-15,600900,2100,90.33297349417133,189699.2443377598,0.20545818704289912
2022-04-15,300750,5500,32.33621375018088,177849.17562599486,0.19262369398863038
2022-04-18,000858,6400,28.84352857310044,184598.5828678428,0.1977688905969532
2022-04-18,600036,3700,48.609820299069824,179856.33510655834,0.19268830403927334
2022-04-18,000333,2300,80.32393316150393,184745.04627145905,0.19792580352876576
2022-04-18,002594,1600,117.35120636129592,187761.93017807347,0.20115792900883017
2022-04-18,600900,2000,90.01882558821224,180037.65117642446,0.19288255622381204
2022-04-19,000858,6400,27.405995935615078,175398.3739879365,0.19035491776926136
2022-04-19,600036,3700,49.0546692205934,181502.27611619557,0.1969793109222805
2022-04-19,000333,2300,79.56030241170933,182988.69554693147,0.19859248008727984
2022-04-19,002594,1600,116.62850949412166,186605.61519059466,0.20251782115911263
2022-04-19,600900,2000,89.26357031751087,178527.14063502173,0.19375048013556972
2022-04-20,000858,6400,27.95134750874044,178888.62405593882,0.19262121891946432
2022-04-20,600036,3700,49.261311385436905,182266.85212611654,0.19625878062636246
2022-04-20,000333,2300,81.57043996658474,187612.01192314492,0.20201426787915147
2022-04-20,002594,1600,115.82136511863978,185314.18418982363,0.1995400447070794
2022-04-20,600900,2000,89.1095240811812,178219.04816236242,0.19190024224774793
2022-04-21,000858,6400,28.766304245265072,184104.34716969647,0.19853582305676779
2022-04-21,600036,3700,49.26240439259266,182270.89625259282,0.19655865254201704
2022-04-21,000333,2300,80.43242701849948,184994.5821425488,0.19949584130601775
2022-04-21,002594,1600,114.9554482549872,183928.71720797953,0.19834642590488652
2022-04-21,600900,2000,87.80295386111071,175605.90772222143,0.18937121235451557
2022-04-22,000858,6400,29.48659180195811,188714.1875325319,0.20218547212841528
2022-04-22,600036,3700,50.03590606635699,185132.85244552087,0.19834848491041632
2022-04-22,000333,2300,80.09450293694293,184217.35675496873,0.19736763693684303
2022-04-22,002594,1600,114.50894418558735,183214.31069693976,0.19629298884884924
2022-04-22,600900,2000,87.84346160914333,175686.92321828665,0.18822826191355915
2022-04-25,600519,4100,44.532445924027165,182583.02828851138,0.19430365178985176
2022-04-25,000858,6300,29.204131960731093,183986.03135260587,0.19579671837649607
2022-04-25,600036,3700,50.59386114905276,187197.2862514952,0.19921411461277874
2022-04-25,002594,1600,119.64392454697904,191430.27927516645,0.20371883780753605
2022-04-25,600900,2100,88.02836594079469,184859.56847566884,0.19672633080858332
2022-04-26,600519,4100,44.95738622648725,184325.28352859773,0.195641499707215
2022-04-26,000858,6300,29.085493117075305,183238.6066375744,0.19448810885064272
2022-04-26,600036,3700,50.60090852279919,187223.36153435698,0.19871749837902644
2022-04-26,002594,1600,120.22995160565448,192367.92256904716,0.20417789760855445
2022-04-26,600900,2100,88.27647375960403,185380.59489516847,0.1967615994269148
2022-04-27,600519,4100,45.17649382105774,185223.62466633672,0.1972619162041372
2022-04-27,000858,6300,28.703131094202003,180829.7258934726,0.19258244352291984
2022-04-27,600036,3700,51.17665551181142,189353.62539370224,0.2016603392393855
2022-04-27,002594,1600,120.02278034803491,192036.44855685587,0.2045175278888025
2022-04-27,600900,2100,86.62237927246532,181906.99647217718,0.1937297294536882
2022-04-28,600519,4100,44.93232582164669,184222.53586875144,0.1953654476631896
2022-04-28,000858,6300,29.035317885451256,182922.50267834292,0.19398678047123372
2022-04-28,600036,3700,52.183773283429765,193079.96114869014,0.204758624490325
2022-04-28,002594,1600,118.87346523633104,190197.54437812968,0.20170186142886315
2022-04-28,600900,2100,87.10408223263502,182918.57268853355,0.1939826127714743
2022-04-29,600519,4100,45.014392563492265,184559.00951031828,0.19530296274912579
2022-04-29,000858,6300,28.753864416387373,181149.34582324044,0.19169480825246232
2022-04-29,600036,3700,51.77316458935229,191560.70898060346,0.20271226048243005
2022-04-29,002594,1600,123.0748108126146,196919.69730018335,0.2083832179660494
2022-04-29,600900,2100,86.27470219921038,181176.8746183418,0.19172393961407114
2022-05-02,600519,4100,43.577769966972006,178668.85686458522,0.19242764913302146
2022-05-02,600036,3600,51.53864088801378,185539.1071968496,0.19982695835564088
2022-05-02,002594,1500,120.12048746256995,180180.73119385494,0.19405594870392223
2022-05-02,600900,2100,84.83813046475237,178160.07397597996,0.1918796862877248
2022-05-02,601888,2800,65.32363646055873,182906.18208956445,0.19699127900094401
2022-05-03,600519,4100,43.48421921966528,178285.29880062764,0.1916143356466052
2022-05-03,600036,3600,52.09811027644508,187553.19699520228,0.20157512415435366
2022-05-03,002594,1500,121.79641788577558,182694.62682866337,0.19635331562097116
2022-05-03,600900,2100,85.10766844772081,178726.1037402137,0.19208809622146328
2022-05-03,601888,2800,64.33394664864795,180135.05061621426,0.1936023793475673
2022-05-04,600519,4100,43.326113788878125,177637.0665344003,0.19038165731694878
2022-05-04,600036,3600,52.193522675371554,187896.6816313376,0.20137734962202664
2022-05-04,002594,1500,123.4947970179815,185242.19552697224,0.19853241712154526
2022-05-04,600900,2100,86.31452146075786,181260.49506759152,0.19426504912687192
2022-05-04,601888,2800,63.56332381697881,177977.30668754067,0.19074630803711867
2022-05-05,600519,4100,43.04275646645416,176475.30151246206,0.1862361806113066
2022-05-05,600036,3600,53.51090695319371,192639.26503149737,0.20329417571615163
2022-05-05,002594,1500,126.80771111147064,190211.56666720595,0.2007322009402648
2022-05-05,600900,2100,87.92450436612201,184641.4591688562,0.1948540098438535
2022-05-05,601888,2800,64.49185168466963,180577.18471707497,0.19056493967727045
2022-05-06,600519,4100,43.78548152720176,179520.4742615272,0.18908200926713215
2022-05-06,600036,3600,53.66932649582619,193209.57538497428,0.2035002128515967
2022-05-06,002594,1500,125.72350641115614,188585.2596167342,0.1986295989534253
2022-05-06,600900,2100,88.80929389961979,186499.51718920155,0.19643276669440926
2022-05-06,601888,2800,63.77609065402655,178573.05383127433,0.18808412777584346
2022-05-09,600519,4300,44.1195173774502,189713.92472303586,0.2004191885284992
2022-05-09,600036,3500,52.95839948114578,185354.39818401024,0.19581366063909655
2022-05-09,002594,1500,126.83762467773454,190256.43701660182,0.2009923139530138
2022-05-09,600900,2100,87.41957330268895,183581.1039356468,0.1939403021347163
2022-05-09,601888,2900,63.59816728068631,184434.6851139903,0.1948420495808068
2022-05-10,600519,4300,45.03415882337379,193646.8829405073,0.2068272287600341
2022-05-10,600036,3500,51.88843770266979,181609.53195934425,0.1939705697359345
2022-05-10,002594,1500,121.61625109280445,182424.37663920666,0.1948408758541981
2022-05-10,600900,2100,86.98392262703298,182666.23751676927,0.19509919870604134
2022-05-10,601888,2900,62.99363051288998,182681.52848738094,0.19511553043846397
2022-05-11,600519,4300,44.14894782507832,189840.47564783675,0.20387474871168393
2022-05-11,600036,3500,50.2905332165751,176016.86625801286,0.18902920599471942
2022-05-11,002594,1500,124.72237414635045,187083.56121952567,0.20091402479665227
2022-05-11,600900,2100,88.29948355441682,185428.91546427534,0.19913705660055325
2022-05-11,601888,2900,61.9128879304537,179547.37499831573,0.19282071346854646
2022-05-12,600519,4300,43.27161080960515,186067.92648130216,0.20094201951011534
2022-05-12,600036,3500,49.750274507868056,174125.9607775382,0.1880454244288776
2022-05-12,002594,1500,121.04037335347462,181560.56003021193,0.1960743384729688
2022-05-12,600900,2100,90.24113995599237,189506.39390758396,0.20465535475129806
2022-05-12,601888,2900,62.57664075299862,181472.258183696,0.19597897786084756
2022-05-13,600519,4300,42.62522149752074,183288.4524393392,0.2002757813979886
2022-05-13,600036,3500,48.70255970206486,170458.958957227,0.18625723959748539
2022-05-13,002594,1500,124.67720863649392,187015.81295474086,0.20434859684183734
2022-05-13,600900,2100,87.20080416952604,183121.68875600467,0.20009356191528724
2022-05-13,601888,2900,61.39666038340424,178050.3151118723,0.1945521690679887
2022-05-16,600519,4200,41.47337655721896,174188.18154031964,0.1920331657176914
2022-05-16,600036,3700,48.51613080407893,179509.68397509202,0.19789983789881868
2022-05-16,002594,1400,122.55345647082694,171574.83905915773,0.18915209522643145
2022-05-16,600900,2100,88.70179016039965,186273.75933683928,0.20535686967550498
2022-05-16,601888,2900,60.465847165524906,175350.9567800222,0.1933150633086973
2022-05-17,600519,4200,42.3287133539423,177780.59608655766,0.19494548636312428
2022-05-17,600036,3700,48.82081754145703,180637.02490339102,0.19807770617348033
2022-05-17,002594,1400,123.4516864862684,172832.36108077577,0.18951949443219654
2022-05-17,600900,2100,87.01694894784157,182735.5927904673,0.20037889284074142
2022-05-17,601888,2900,61.30645742540526,177788.72653367528,0.19495440181285606
2022-05-18,600519,4200,42.13639197008893,176972.8462743735,0.19370341042068298
2022-05-18,600036,3700,49.8963576411004,184616.52327207147,0.2020697012600852
2022-05-18,002594,1400,121.77451009130073,170484.314127821,0.18660146889761528
2022-05-18,600900,2100,87.74546995191464,184265.48689902076,0.20168547879843018
2022-05-18,601888,2900,61.07336414870627,177112.75603124817,0.19385654689121098
2022-05-19,600519,4200,42.28786404455656,177609.02898713754,0.19372501907931514
2022-05-19,600036,3700,49.91890100807772,184699.93372988756,0.20145934240968105
2022-05-19,002594,1400,121.5520439003968,170172.86146055552,0.18561410431231637
2022-05-19,600900,2100,89.05542143782753,187016.38501943782,0.20398598518692931
2022-05-19,601888,2900,61.08129508630829,177135.75575029405,0.1932088017036553
2022-05-20,600519,4200,42.55121895645407,178715.1196171071,0.19274559890574874
2022-05-20,600036,3700,50.74338995092854,187750.54281843558,0.2024903706969557
2022-05-20,002594,1400,120.62386082943082,168873.40516120315,0.18213123594011532
2022-05-20,600900,2100,90.57494612548138,190207.38686351088,0.20514009545387957
2022-05-20,601888,2900,62.58096733495367,181484.80527136565,0.19573272568805164
2022-05-23,000001,20600,9.109989896065064,187665.79185894033,0.20121550421330928
2022-05-23,600036,3600,50.76036282866475,182737.3061831931,0.19593117551157682
2022-05-23,002594,1500,122.74257798185788,184113.8669727868,0.19740712576662683
2022-05-23,600900,2000,91.25634395685547,182512.68791371095,0.19569033951316883
2022-05-23,601888,2900,62.1420101924232,180211.82955802727,0.19322335621495382
2022-05-24,000001,20600,8.97598188047407,184905.22673776583,0.199473098985499
2022-05-24,600036,3600,50.43491297787197,181565.6867203391,0.19587045124960273
2022-05-24,002594,1500,120.40763668763223,180611.45503144836,0.1948410398289989
2022-05-24,600900,2000,91.45586991266237,182911.73982532474,0.19732255397805254
2022-05-24,601888,2900,62.6051434840214,181554.91610366205,0.19585883206325275
2022-05-25,000001,20600,8.883503188763902,183000.16568853636,0.19543189873456646
2022-05-25,600036,3600,51.83262636255735,186597.45490520645,0.19927356226129656
2022-05-25,002594,1500,121.78282608997264,182674.23913495897,0.19508383104307567
2022-05-25,600900,2000,90.78170422093508,181563.40844187015,0.1938975383929779
2022-05-25,601888,2900,64.52894274988466,187133.93397466553,0.19984648591292967
2022-05-26,000001,20600,8.758951307779203,180434.39694025158,0.19356449410605642
2022-05-26,600036,3600,50.822921522067865,182962.5174794443,0.19627658438100554
2022-05-26,002594,1500,124.59826992323114,186897.4048848467,0.20049781105899434
2022-05-26,600900,2000,90.07660922800612,180153.21845601223,0.19326285444101338
2022-05-26,601888,2900,64.24140004813373,186300.06013958782,0.1998569979136979
2022-05-27,000001,20600,8.386921329552628,172770.57938878413,0.18687867309964473
2022-05-27,600036,3600,50.034024627125625,180122.48865765225,0.19483092430917123
2022-05-27,002594,1500,127.16214357588665,190743.21536382998,0.20631891793184762
2022-05-27,600900,2000,91.17949279489088,182358.98558978175,0.19725004902673826
2022-05-27,601888,2900,63.135236970890105,183092.1872155813,0.19804312240432756
2022-05-30,000858,5800,30.80365560893808,178661.20253184086,0.19370747908835467
2022-05-30,600036,3600,51.18698684418372,184273.1526390614,0.19979204973175205
2022-05-30,002594,1400,129.96246778995044,181947.45490593062,0.19727048915440187
2022-05-30,600900,2000,89.79007088956597,179580.14177913193,0.1947038084676802
2022-05-30,601888,2900,61.93733987690339,179618.28564301983,0.19474516468610764
2022-05-31,000858,5800,30.85181683841302,178940.5376627955,0.19197091059744348
2022-05-31,600036,3600,52.01212824429283,187243.6616794542,0.20087866453124023
2022-05-31,002594,1400,135.29342219493293,189410.7910729061,0.2032036033543672
2022-05-31,600900,2000,88.77612911870425,177552.2582374085,0.19048153726183037
2022-05-31,601888,2900,62.321181972348704,180731.42771981124,0.1938922124975925
2022-06-01,000858,5800,30.72025236416277,178177.46371214406,0.18911834515296053
2022-06-01,600036,3600,53.82088328051711,193755.17980986158,0.2056526016648977
2022-06-01,002594,1400,134.3213453008796,188049.88342123147,0.19959697493665987
2022-06-01,600900,2000,91.8477831717754,183695.5663435508,0.19497528360238078
2022-06-01,601888,2900,62.146674461545565,180225.35593848213,0.19129198698637648
2022-06-02,000858,5800,30.981068801186623,179690.19904688242,0.19028639169619685
2022-06-02,600036,3600,55.20580458184793,198740.89649465255,0.21046049410055956
2022-06-02,002594,1400,132.52777258784238,185538.88162297933,0.19647996657944092
2022-06-02,600900,2000,92.55443857686195,185108.8771537239,0.19602460507780162
2022-06-02,601888,2900,61.03142507597669,176991.13272033242,0.18742816350705724
2022-06-03,000858,5800,30.63500373441452,177683.02165960422,0.18636656287405004
2022-06-03,600036,3600,56.16822017697862,202205.59263712305,0.21208757562601935
2022-06-03,002594,1400,133.72871119993627,187220.19567991077,0.19636982781796397
2022-06-03,600900,2000,97.44444103853228,194888.88207706454,0.20441329034042427
2022-06-03,601888,2900,59.71169452831452,173163.9141321121,0.18162660218849613
2022-06-06,000858,6100,29.65396005916008,180889.15636087648,0.19196241289622007
2022-06-06,600036,3400,55.60315828690888,189050.7381754902,0.20062361166403087
2022-06-06,000333,2600,71.64129906013622,186267.37755635416,0.19766986567306757
2022-06-06,600900,1900,97.0010190358847,184301.93616818092,0.19558410841226678
2022-06-06,601888,3100,58.710042630986784,182001.13215605903,0.19314245906935598
2022-06-07,000858,6100,30.13400689381568,183817.44205227564,0.19431841523258775
2022-06-07,600036,3400,55.15681802769139,187533.18129415074,0.1982464242008192
2022-06-07,000333,2600,73.48918531404918,191071.88181652786,0.20198728072571578
2022-06-07,600900,1900,96.01207503567434,182422.94256778125,0.19284425191683152
2022-06-07,601888,3100,58.48689209547168,181309.3654959622,0.1916670593206377
2022-06-08,000858,6100,30.76523377509948,187667.92602810683,0.19720039209171836
2022-06-08,600036,3400,53.95776200336697,183456.3908114477,0.19277493477671145
2022-06-08,000333,2600,73.43299422079953,190925.78497407876,0.20062373179138
2022-06-08,600900,1900,96.43087481889692,183218.66215590417,0.19252513085402304
2022-06-08,601888,3100,60.18938675922018,186587.09895358255,0.1960646651329859
2022-06-09,000858,6100,30.723171947817235,187411.34888168515,0.19732409185681252
2022-06-09,600036,3400,54.17560801286244,184197.0672437323,0.19393979731453545
2022-06-09,000333,2600,71.04252810108962,184710.573062833,0.19448046398185237
2022-06-09,600900,1900,98.28901112060817,186749.1211291555,0.19662683691120736
2022-06-09,601888,3100,60.28738272689319,186890.8864533689,0.196776100624553
2022-06-10,000858,6100,30.45037916492758,185747.31290605824,0.19696139425118867
2022-06-10,600036,3400,53.05216319255691,180377.3548546935,0.19126723691281514
2022-06-10,000333,2600,72.42029597661866,188292.76953920853,0.19966052717336868
2022-06-10,600900,1900,97.6983309499425,185626.82880489074,0.19683363619009062
2022-06-10,601888,3100,59.101661220343146,183215.14978306377,0.19427635740530616
2022-06-13,000858,6100,30.676003670300307,187123.62238883186,0.20020640492583427
2022-06-13,600036,3500,53.208690318761874,186230.41611566657,0.1992507499715066
2022-06-13,000333,2600,69.84249845313953,181590.49597816277,0.19428642896268
2022-06-13,002594,1400,130.690771910743,182967.0806750402,0.19575925783227652
2022-06-13,600900,1900,94.43509063011284,179426.6721972144,0.19197132104340023
2022-06-14,000858,6100,30.90825321104729,188540.34458738845,0.20294386665454903
2022-06-14,600036,3500,50.35413103836227,176239.45863426794,0.1897032556645451
2022-06-14,000333,2600,70.54537231869173,183417.9680285985,0.19743016661556548
2022-06-14,002594,1400,132.14552268537136,185003.7317595199,0.19913707461903826
2022-06-14,600900,1900,93.95280095954004,178510.32182312608,0.19214760123524466
2022-06-15,000858,6100,31.00212269144749,189112.9484178297,0.20543197461551105
2022-06-15,600036,3500,48.80955649339469,170833.4477268814,0.18557509039185485
2022-06-15,000333,2600,70.78927199271274,184052.1071810531,0.19993442081401472
2022-06-15,002594,1400,132.5507482069072,185571.04748967008,0.201584434255891
2022-06-15,600900,1900,91.4092603256864,173677.59461880417,0.18866466578577948
2022-06-16,000858,6100,30.676144468682345,187124.4812589623,0.20405222439098802
2022-06-16,600036,3500,47.57484934385115,166511.97270347903,0.18157505735903834
2022-06-16,000333,2600,71.87255434542729,186868.64129811095,0.20377324051486134
2022-06-16,002594,1400,132.7629662012607,185868.15268176497,0.20268224522514972
2022-06-16,600900,1900,91.23874595140202,173353.61730766384,0.1890356140461375
2022-06-17,000858,6100,29.333103274056292,178931.92997174338,0.19646302463800097
2022-06-17,600036,3500,47.18468646113574,165146.40261397508,0.18132684183728584
2022-06-17,000333,2600,71.53690404862913,185995.9505264357,0.20421915203515714
2022-06-17,002594,1400,135.65888285669595,189922.43599937434,0.20853034016313696
2022-06-17,600900,1900,91.29183365781806,173454.4839498543,0.19044891853116105
2022-06-20,600519,3700,47.75689412008704,176700.50824432206,0.19417869399727947
2022-06-20,000858,6200,29.457246891470344,182634.93072711612,0.20070011500951399
2022-06-20,002594,1300,136.86206661795816,177920.68660334562,0.19551956529727219
2022-06-20,600900,1900,91.79664169055572,174413.61921205587,0.19166559921326137
2022-06-20,601888,3100,57.64601971178943,178702.66110654722,0.196378888166683
2022-06-21,600519,3700,46.63470722417641,172548.41672945273,0.1906835955400584
2022-06-21,000858,6200,29.036271288071525,180024.88198604345,0.19894585203640383
2022-06-21,002594,1300,137.68691517018837,178992.98972124487,0.19780550586000117
2022-06-21,600900,1900,89.0957806753144,169281.98328309736,0.18707385349809025
2022-06-21,601888,3100,59.4931729020139,184428.8359962431,0.20381267029631656
2022-06-22,600519,3700,45.80617378976664,169482.84302213657,0.18997561113515848
2022-06-22,000858,6200,27.752104427524667,172063.04745065293,0.19286779717842076
2022-06-22,002594,1300,136.44261021806528,177375.39328348488,0.19882247747618842
2022-06-22,600900,1900,91.361220501057,173586.3189520083,0.19457525280776114
2022-06-22,601888,3100,58.0661658459582,180005.11412247043,0.20177016713369486
2022-06-23,600519,3700,47.13809075147957,174410.9357804744,0.1923884993475024
2022-06-23,000858,6200,28.07737680358019,174079.73618219717,0.19202316105370842
2022-06-23,002594,1300,137.95879747002957,179346.43671103843,0.19783273146121896
2022-06-23,600900,1900,92.49228211794076,175735.33602408745,0.19384941333356626
2022-06-23,601888,3100,59.15055718282948,183366.7272667714,0.2022674170702219
2022-06-24,600519,3700,46.59769475766048,172411.47060334377,0.19054055513977966
2022-06-24,000858,6200,27.86673148457512,172773.73520436574,0.19094091190226575
2022-06-24,002594,1300,136.30550127877996,177197.15166241393,0.19582945107301505
2022-06-24,600900,1900,92.8648009489898,176443.1218030806,0.19499613489349077
2022-06-24,601888,3100,60.13297277459804,186412.2156012539,0.20601347996860225
2022-06-27,600519,3800,47.187590026779134,179312.8421017607,0.1985916500094681
2022-06-27,002594,1300,139.63141903608852,181520.84474691507,0.20103704590742408
2022-06-27,600900,1900,92.3383275925896,175442.82242592023,0.19430554543387885
2022-06-27,601888,3000,59.1218654344911,177365.59630347328,0.19643504621286748
2022-06-27,300750,6000,29.35969280673174,176158.15684039044,0.195097788978809
2022-06-28,600519,3800,46.68124342376234,177388.72501029688,0.19976137856845055
2022-06-28,002594,1300,140.15710060436317,182204.23078567212,0.20518422645315942
2022-06-28,600900,1900,91.643530397404,174122.70775506762,0.19608344408137945
2022-06-28,601888,3000,56.43964870604593,169318.9461181378,0.19067382153151538
2022-06-28,300750,6000,28.641066107001453,171846.3966420087,0.1935200396374446
2022-06-29,600519,3800,46.67772638371866,177375.3602581309,0.2019017676980033
2022-06-29,002594,1300,137.2801578470957,178464.2052012244,0.2031411716289646
2022-06-29,600900,1900,91.3791238873189,173620.3353859059,0.19762752037104153
2022-06-29,601888,3000,57.006668516471336,171020.005549414,0.19466763242594287
2022-06-29,300750,6000,27.486843222415445,164921.05933449266,0.18772536028568815
2022-06-30,600519,3800,45.2579595120696,171980.24614586448,0.1946352665094116
2022-06-30,002594,1300,140.1124610516692,182146.19936716993,0.2061403844452983
2022-06-30,600900,1900,93.76674760806786,178156.82045532894,0.2016254831987061
2022-06-30,601888,3000,57.806410135828855,173419.23040748655,0.19626380869108817
2022-06-30,300750,6000,27.46301626936992,164778.09761621951,0.18648437633497325
2022-07-01,600519,3800,44.17188324939185,167853.15634768902,0.19144435092802994
2022-07-01,002594,1300,146.16525360964266,190014.82969253545,0.21672077266057582
2022-07-01,600900,1900,91.72943732326164,174285.93091419712,0.19878123024771654
2022-07-01,601888,3000,55.42873937063973,166286.2181119192,0.18965718481201194
2022-07-01,300750,6000,27.53505622741952,165210.33736451712,0.1884300926569159
2022-07-04,600519,3900,43.15103757727697,168289.0465513802,0.1928229078261877
2022-07-04,601318,3400,49.13588150209269,167061.99710711514,0.1914169741261744
2022-07-04,000333,2300,76.56731671163956,176104.828436771,0.2017781061647568
2022-07-04,002594,1200,146.68496127002314,176021.95352402778,0.20168314941036036
2022-07-04,600900,1900,91.99566850640086,174791.77016216164,0.2002736249174992
2022-07-05,600519,3900,44.13517126366139,172127.16792827944,0.1990821234766684
2022-07-05,601318,3400,49.79488471758084,169302.60803977487,0.19581524011793672
2022-07-05,000333,2300,74.50565151039748,171362.99847391422,0.19819828579141455
2022-07-05,002594,1200,143.8842340356223,172661.08084274677,0.19969964666050458
2022-07-05,600900,1900,88.76567270054035,168654.77813102666,0.19506596064371085
2022-07-06,600519,3900,43.95243584474069,171414.49979448869,0.19684470275636962
2022-07-06,601318,3400,49.2995576509799,167618.49601333166,0.19248554272696858
2022-07-06,000333,2300,76.40619208946752,175734.2418057753,0.2018053002158341
2022-07-06,002594,1200,147.67048731894778,177204.58478273734,0.2034937759667012
2022-07-06,600900,1900,88.60200402696046,168343.80765122487,0.19331845799340167
2022-07-07,600519,3900,44.10460585764296,172007.96284480754,0.19907920468098983
2022-07-07,601318,3400,48.91108653424212,166297.69421642323,0.19247023310634698
2022-07-07,000333,2300,74.20594744939898,170673.67913361764,0.19753492652287835
2022-07-07,002594,1200,147.93537586121056,177522.45103345267,0.20546158317476154
2022-07-07,600900,1900,87.90565282226454,167020.74036230263,0.19330707489720755
2022-07-08,600519,3900,43.17817676059792,168394.8893663319,0.1961918778584905
2022-07-08,601318,3400,49.75094623844056,169153.2172106979,0.19707538307874034
2022-07-08,000333,2300,73.77004330205347,169671.09959472297,0.19767875244353547
2022-07-08,002594,1200,147.00143343211067,176401.7201185328,0.20552039826003352
2022-07-08,600900,1900,86.42168562926304,164201.2026955998,0.19130593823064837
2022-07-11,600519,3900,43.953407498627975,171418.2892446491,0.1985778206459193
2022-07-11,601318,3400,49.30485568663386,167636.50933455513,0.1941968551374071
2022-07-11,000333,2300,72.94638875706018,167776.6941412384,0.19435925083929806
2022-07-11,002594,1100,149.22638095335813,164149.01904869394,0.19015680653149822
2022-07-11,600900,1900,87.93160490877013,167070.04932666323,0.19354064514752847
2022-07-12,600519,3900,43.5147937478491,169707.69561661148,0.19763333031338853
2022-07-12,601318,3400,49.50807070771213,168327.44040622123,0.19602595220999314
2022-07-12,000333,2300,72.5284376015315,166815.40648352244,0.19426511102595595
2022-07-12,002594,1100,148.12920746460026,162942.12821106028,0.18975447948720411
2022-07-12,600900,1900,87.22519892208305,165727.8779519578,0.19299862817894645
2022-07-13,600519,3900,42.078500915005215,164106.15356852033,0.1911474754709877
2022-07-13,601318,3400,49.78447064201006,169267.2001828342,0.19715895651336235
2022-07-13,000333,2300,72.47091961097138,166683.11510523417,0.1941490673151535
2022-07-13,002594,1100,152.43579285509873,167679.3721406086,0.19530948703794299
2022-07-13,600900,1900,87.16661335487203,165616.56537425684,0.1929067721049653
2022-07-14,600519,3900,42.1165073913227,164254.37882615853,0.18942411418077104
2022-07-14,601318,3400,50.01835875410369,170062.41976395252,0.19612215789582887
2022-07-14,000333,2300,74.2109845446681,170685.26445273662,0.19684044500810122
2022-07-14,002594,1100,153.6517662483969,169016.9428732366,0.19491647598137637
2022-07-14,600900,1900,88.38249391175694,167926.73843233817,0.19365921263187572
2022-07-15,600519,3900,42.1424608881523,164355.59746379397,0.19112810795043905
2022-07-15,601318,3400,48.50585515694461,164919.9075336117,0.19178434064105615
2022-07-15,000333,2300,73.34766867884102,168699.63796133435,0.19617976578240234
2022-07-15,002594,1100,153.36981066747657,168706.7917342242,0.19618808486065856
2022-07-15,600900,1900,88.45399083594239,168062.58258829053,0.1954389380285052
2022-07-18,000858,5500,30.558022751609347,168069.1251338514,0.19644104876085855
2022-07-18,600036,3400,49.55523347223637,168487.79380560364,0.19693039332605947
2022-07-18,000333,2300,74.27411501504552,170830.46453460472,0.19966853273470955
2022-07-18,002594,1100,149.42531455189237,164367.84600708162,0.1921149528593045
2022-07-18,600900,1900,87.79816668192291,166816.51669565352,0.19497698619082776
2022-07-19,000858,5500,30.23367990486858,166285.2394767772,0.19426014780524067
2022-07-19,600036,3400,49.37724853716517,167882.6450263616,0.19612629202311344
2022-07-19,000333,2300,75.19459371325422,172947.5655404847,0.202043306731041
2022-07-19,002594,1100,153.65579690472228,169021.3765951945,0.1974565974883972
2022-07-19,600900,1900,85.71430533653182,162857.18013941046,0.1902553707386929
2022-07-20,000858,5500,30.1819692310697,166000.83077088336,0.19414358653375435
2022-07-20,600036,3400,50.22916305747882,170779.154395428,0.1997319976385666
2022-07-20,000333,2300,72.27774121519697,166238.80479495303,0.1944219052043309
2022-07-20,002594,1100,156.15257003614556,171767.82703976013,0.20088828373778123
2022-07-20,600900,1900,85.92440869155912,163256.37651396234,0.19093385444963076
2022-07-21,000858,5500,31.261361535829163,171937.4884470604,0.19894805232257695
2022-07-21,600036,3400,50.01320563635622,170044.89916361115,0.19675814623990934
2022-07-21,000333,2300,72.10201084750821,165834.62494926888,0.19188645791729395
2022-07-21,002594,1100,162.60183943330298,178862.0233766333,0.2069603988440998
2022-07-21,600900,1900,84.50289578842577,160555.501998009,0.18577800979111378
2022-07-22,000858,5500,31.79605993491434,174878.32964202887,0.2015114626886986
2022-07-22,600036,3400,50.12039604189483,170409.34654244242,0.19636187484112397
2022-07-22,000333,2300,69.95656483371071,160900.09911753464,0.18540441452237344
2022-07-22,002594,1100,166.73715546611083,183410.8710127219,0.21134346929340347
2022-07-22,600900,1900,84.86103708567354,161235.97046277975,0.18579143746680632
2022-07-25,000858,5400,32.21740961371505,173974.01191406127,0.19960368401211012
2022-07-25,600036,3400,48.6190102254042,165304.63476637428,0.189657143159655
2022-07-25,000333,2400,72.65751515626005,174378.03637502412,0.20006722894018264
2022-07-25,002594,1000,161.2775990916421,161277.5990916421,0.1850368487404989
2022-07-25,600900,2000,87.67527734188373,175350.55468376746,0.2011830176436718
2022-07-26,000858,5400,31.566816407106195,170460.80859837346,0.20050814142313136
2022-07-26,600036,3400,47.3659487126749,161044.22562309465,0.18943168598181961
2022-07-26,000333,2400,72.00031691109544,172800.76058662904,0.20326055957744116
2022-07-26,002594,1000,158.05654941506543,158056.54941506544,0.1859173684763953
2022-07-26,600900,2000,83.2346847006577,166469.3694013154,0.1958131264130173
2022-07-27,000858,5400,31.330522219199764,169184.81998367872,0.19893931829115014
2022-07-27,600036,3400,48.9821372405188,166539.26661776393,0.19582849201744118
2022-07-27,000333,2400,72.05053638276264,172921.28731863035,0.20333291734160946
2022-07-27,002594,1000,158.9995812377247,158999.5812377247,0.18696280377319174
2022-07-27,600900,2000,80.73849151575011,161476.98303150022,0.1898759056935326
2022-07-28,000858,5400,31.675119455677965,171045.64506066102,0.1999812141214983
2022-07-28,600036,3400,50.41234664503047,171401.9785931036,0.20039782813365156
2022-07-28,000333,2400,70.58811114501304,169411.46674803132,0.198070583991542
2022-07-28,002594,1000,159.2282641841769,159228.26418417692,0.18616470230924292
2022-07-28,600900,2000,81.45442353335181,162908.84706670363,0.19046792460561565
2022-07-29,000858,5400,31.622751664190915,170762.85898663095,0.1995989944594831
2022-07-29,600036,3400,52.54666989122,178658.67763014798,0.20882815278485306
2022-07-29,000333,2400,70.93227735210982,170237.46564506358,0.1989848797550627
2022-07-29,002594,1000,155.33975306021838,155339.75306021838,0.18157144179011103
2022-07-29,600900,2000,79.60926900324785,159218.53800649568,0.1861052237822604
2022-08-01,600519,3700,45.94265889282868,169987.83790346613,0.19852200861227426
2022-08-01,000858,5400,32.51341096138421,175572.41919147474,0.20504401811735182
2022-08-01,600036,3200,52.04395336187384,166540.65075799628,0.19449617638438443
2022-08-01,002594,1100,156.45474152634398,172100.2156789784,0.20098897027326537
2022-08-01,600900,2100,78.10503320277934,164020.5697258366,0.1915530743687323
2022-08-02,600519,3700,45.95812504315206,170045.06265966262,0.19737534457403863
2022-08-02,000858,5400,32.67360894636655,176437.48831037935,0.20479518491365137
2022-08-02,600036,3200,53.20089085074633,170242.85072238828,0.19760492187797507
2022-08-02,002594,1100,158.27090999456013,174098.00099401615,0.202079686398308
2022-08-02,600900,2100,77.45845430851836,162662.75404788853,0.18880652356147506
2022-08-03,600519,3700,45.76921733287243,169346.104131628,0.19874376072028596
2022-08-03,000858,5400,32.20407271136246,173901.99264135727,0.20409052922428503
2022-08-03,600036,3200,53.166611949816,170133.1582394112,0.19966744357719773
2022-08-03,002594,1100,153.5145350961768,168865.98860579447,0.19818029948405827
2022-08-03,600900,2100,77.04290621645022,161790.10305454547,0.18987607475983023
2022-08-04,600519,3700,45.33211714992965,167728.8334547397,0.19742691076802768
2022-08-04,000858,5400,32.86206952806956,177455.17545157563,0.20887539946229147
2022-08-04,600036,3200,52.41668529401914,167733.39294086123,0.19743227755703538
2022-08-04,002594,1100,150.28224518132646,165310.4696994591,0.1945803513811632
2022-08-04,600900,2100,77.76246482684803,163301.17613638088,0.19221529217927194
2022-08-05,600519,3700,46.60222594759698,172428.2360061088,0.20042350548973858
2022-08-05,000858,5400,32.52214042969215,175619.55832033762,0.204132967583538
2022-08-05,600036,3200,52.772995469400094,168873.5855020803,0.19629172561823877
2022-08-05,002594,1100,157.16863206322788,172885.49526955065,0.20095500489273324
2022-08-05,600900,2100,77.3653726961925,162467.28266200423,0.1888453020963312
2022-08-08,600519,3600,47.01454470034496,169252.36092124187,0.1985161359953875
2022-08-08,000858,5200,31.507468836035475,163838.83794738448,0.19216661356011405
2022-08-08,600036,3200,50.79455900744313,162542.58882381802,0.19064624264240754
2022-08-08,000333,2400,71.27923610960883,171070.1666630612,0.2006482407996692
2022-08-08,002594,1000,160.4443815568679,160444.3815568679,0.1881852548199322
2022-08-09,600519,3600,47.027375281854994,169298.55101467797,0.19697526559183942
2022-08-09,000858,5200,32.376142443993295,168355.94070876515,0.19587855853649855
2022-08-09,600036,3200,50.43772254950209,161400.71215840668,0.18778629795453985
2022-08-09,000333,2400,72.58904465154123,174213.70716369894,0.20269394529746093
2022-08-09,002594,1000,160.78342277099935,160783.42277099934,0.18706809487304366
2022-08-10,600519,3600,46.82441352542653,168567.8886915355,0.1950937368415172
2022-08-10,000858,5200,31.811301806770608,165418.76939520717,0.1914490720358455
2022-08-10,600036,3200,51.78883859998519,165724.28351995262,0.1918026618726591
2022-08-10,000333,2400,73.08697251421471,175408.7340341153,0.20301105781764328
2022-08-10,002594,1000,163.4766046464406,163476.6046464406,0.18920128818246817
2022-08-11,600519,3600,46.71887170472599,168187.93813701358,0.19363810993638028
2022-08-11,000858,5200,32.597637909045595,169507.7171270371,0.19515759767130753
2022-08-11,600036,3200,51.87665510807929,166005.29634585374,0.19112519113976573
2022-08-11,000333,2400,71.83034478023814,172392.82747257152,0.19847928245117605
2022-08-11,002594,1000,167.0355064809917,167035.5064809917,0.1923112925071712
2022-08-12,600519,3600,45.29871956737301,163075.39044254285,0.19367568566319773
2022-08-12,000858,5200,30.882975693269103,160591.47360499934,0.19072567404381058
2022-08-12,600036,3200,49.02650517529749,156884.81656095196,0.18632348103003923
2022-08-12,000333,2400,72.06630883302682,172959.14119926438,0.20541407365379188
2022-08-12,002594,1000,163.05248173909234,163052.48173909236,0.19364847825418044
2022-08-15,600519,3700,46.1568908570203,170780.49617097512,0.20311977562375974
2022-08-15,000858,5400,30.424941911804904,164294.6863237465,0.19540580201175808
2022-08-15,000333,2300,70.10646991851544,161244.88081258553,0.19177848024485716
2022-08-15,002594,1000,164.09287786731662,164092.87786731662,0.19516577876959598
2022-08-15,300750,5700,29.526554257464536,168301.35926754784,0.2001711852234801
2022-08-16,600519,3700,45.35941429605318,167829.83289539677,0.19900582124345093
2022-08-16,000858,5400,31.214306583577635,168557.25555131922,0.19986836957908063
2022-08-16,000333,2300,70.35790602481578,161823.18385707628,0.19188337999346655
2022-08-16,002594,1000,163.2788674378925,163278.8674378925,0.19360947065013484
2022-08-16,300750,5700,29.785849239180536,169779.34066332906,0.20131746862869057
2022-08-17,600519,3700,44.757271022479785,165601.9027831752,0.1957027364510866
2022-08-17,000858,5400,30.80992008761157,166373.56847310247,0.19661466490484303
2022-08-17,000333,2300,71.37415484479497,164160.55614302843,0.1939994016650085
2022-08-17,002594,1000,168.82847445885034,168828.47445885034,0.19951578989837673
2022-08-17,300750,5700,29.67608727592433,169153.6974727687,0.19990012747367636
2022-08-18,600519,3700,45.78286931750642,169396.61647477373,0.19855951476198486
2022-08-18,000858,5400,30.79288059953775,166281.55523750384,0.194908172364492
2022-08-18,000333,2300,69.98840867011546,160973.33994126556,0.1886861079844152
2022-08-18,002594,1000,169.4547913720539,169454.7913720539,0.19862770490424192
2022-08-18,300750,5700,30.692723546207667,174948.5242133837,0.20506722506649303
2022-08-19,600519,3700,45.77985067801711,169385.44750866332,0.19751880290569102
2022-08-19,000858,5400,30.973903451510647,167259.0786381575,0.19503926384247391
2022-08-19,000333,2300,68.6277768004504,157843.88664103593,0.18406029557955053
2022-08-19,002594,1000,174.54897355006003,174548.97355006004,0.20353994284108526
2022-08-19,300750,5700,30.957186086963866,176455.96069569403,0.20576366290501166
2022-08-22,600519,3700,46.05044215511256,170386.63597391648,0.19858086295543984
2022-08-22,601318,3500,48.93390095980447,171268.65335931565,0.19960882957109086
2022-08-22,000333,2400,69.71493004948164,167315.83211875593,0.19500192687257697
2022-08-22,002594,900,172.2652937257607,155038.76435318464,0.1806933474613209
2022-08-22,300750,5500,30.73734113822836,169055.376260256,0.19702931695979625
2022-08-23,600519,3700,46.65581930165659,172626.53141612938,0.20190500026452673
2022-08-23,601318,3500,47.81253242261387,167343.86347914854,0.19572636096462437
2022-08-23,000333,2400,68.43238748622105,164237.72996693052,0.19209340905125796
2022-08-23,002594,900,175.93742980484546,158343.68682436092,0.18519970173699252
2022-08-23,300750,5500,30.45107406030063,167480.90733165346,0.19588664825562924
2022-08-24,600519,3700,45.25251566518403,167434.3079611809,0.1940637841839202
2022-08-24,601318,3500,48.6754940041914,170364.2290146699,0.19745969254896115
2022-08-24,000333,2400,69.42715489343928,166625.17174425427,0.19312595944483837
2022-08-24,002594,900,178.60812567711915,160747.31310940723,0.1863132607604026
2022-08-24,300750,5500,31.39137907421348,172652.58490817412,0.20011199845723393
2022-08-25,600519,3700,44.994710796139536,166480.42994571629,0.19616720939765814
2022-08-25,601318,3500,48.15616131906346,168546.5646167221,0.19860177706896412
2022-08-25,000333,2400,67.76117554860205,162626.82131664493,0.19162642552821382
2022-08-25,002594,900,176.20598010293784,158585.38209264405,0.18686431712435522
2022-08-25,300750,5500,30.449196044647145,167470.5782455593,0.19733392087800075
2022-08-26,600519,3700,44.98427569638988,166441.82007664256,0.19273736413184628
2022-08-26,601318,3500,47.411446474346185,165940.06266021164,0.19215633586724323
2022-08-26,000333,2400,69.35660857391964,166455.86057740715,0.1927536228407886
2022-08-26,002594,900,184.1373799501172,165723.6419551055,0.1919057236339325
2022-08-26,300750,5500,31.645535815912705,174050.44698751988,0.20154805062151487
2022-08-29,600519,3800,44.32370770978248,168430.08929717343,0.19752265564165677
2022-08-29,601318,3600,46.89209241099437,168811.53267957974,0.19796998491746626
2022-08-29,000333,2400,68.79319204462412,165103.6609070979,0.1936216604444729
2022-08-29,002594,900,184.42911967482232,165986.20770734007,0.1946566476515646
2022-08-29,600900,2300,71.15629343000926,163659.47488902128,0.19192802328782604
2022-08-30,600519,3800,45.4779170709809,172816.08486972743,0.20007684482479637
2022-08-30,601318,3600,48.73220749067033,175435.9469664132,0.20310997534951633
2022-08-30,000333,2400,68.51962611623928,164447.10267897428,0.19038770302770594
2022-08-30,002594,900,190.63417575721616,171570.75818149454,0.19863507489495696
2022-08-30,600900,2300,69.02472254860422,158756.8618617897,0.18379985890513031
2022-08-31,600519,3800,47.46192420624445,180355.3119837289,0.20652177315301898
2022-08-31,601318,3600,48.15407779131012,173354.68004871643,0.19850546964352844
2022-08-31,000333,2400,69.40624849209131,166574.99638101913,0.19074217020383283
2022-08-31,002594,900,193.489790422879,174140.8113805911,0.19940565514294167
2022-08-31,600900,2300,68.76159346649527,158151.66497293912,0.18109675793890803
2022-09-01,600519,3800,48.69147405737332,185027.6014180186,0.2091793351825688
2022-09-01,601318,3600,47.88692406467055,172392.926632814,0.19489545076985276
2022-09-01,000333,2400,71.68198238180393,172036.75771632945,0.19449279096887198
2022-09-01,002594,900,197.40454628447708,177664.09165602937,0.20085466326973672
2022-09-01,600900,2300,68.12928806976056,156697.36256044928,0.1771511378521535
2022-09-02,600519,3800,48.11964703862871,182854.65874678912,0.20709245182413444
2022-09-02,601318,3600,47.93198451316426,172555.14424739135,0.19542771369333217
2022-09-02,000333,2400,72.60267983671652,174246.43160811963,0.19734318496802036
2022-09-02,002594,900,196.85506497537656,177169.5584778389,0.20065377882760285
2022-09-02,600900,2300,67.571258664191,155413.8949276393,0.17601435352364733
2022-09-05,600519,3600,49.044899209363656,176561.63715370916,0.19925038199111636
2022-09-05,601318,3600,49.35832005147133,177689.9521852968,0.20052368917536295
2022-09-05,002594,800,194.7258110600202,155780.64884801616,0.1757989690748578
2022-09-05,600900,2600,67.04955371796311,174328.83966670407,0.19673066276237322
2022-09-05,300750,5200,33.32200321659027,173274.41672626938,0.195540743043409
2022-09-06,600519,3600,47.86739658135825,172322.6276928897,0.1964923999472336
2022-09-06,601318,3600,49.401781579699886,177846.41368691958,0.20279094576964407
2022-09-06,002594,800,195.86220044358672,156689.76035486936,0.17866688473527467
2022-09-06,600900,2600,64.39337340245139,167422.7708463736,0.1909052948522156
2022-09-06,300750,5200,33.503519252278096,174218.3001118461,0.19865395718496534
2022-09-07,600519,3600,47.541188515622586,171148.2786562413,0.19499055216677247
2022-09-07,601318,3600,50.468120988472485,181685.23555850095,0.2069953883279112
2022-09-07,002594,800,194.88380591061647,155907.04472849317,0.17762609695513848
2022-09-07,600900,2600,63.03782287883544,163898.33948497215,0.18673064062526815
2022-09-07,300750,5200,33.96021611414705,176593.12379356468,0.2011939061714114
2022-09-08,600519,3600,47.13156193608586,169673.6229699091,0.19385743734453842
2022-09-08,601318,3600,50.249113842709136,180896.8098337529,0.20668028043694703
2022-09-08,002594,800,199.33944989866816,159471.55991893454,0.18220126024363406
2022-09-08,600900,2600,62.03615381057558,161293.9999074965,0.18428345510523308
2022-09-08,300750,5200,33.7345215536802,175419.51207913706,0.20042229591526844
2022-09-09,600519,3600,46.333947732900725,166802.2118384426,0.19077822937157887
2022-09-09,601318,3600,50.22930024083932,180825.48086702157,0.20681719195958587
2022-09-09,002594,800,202.7450017524912,162196.00140199295,0.18550992590309798
2022-09-09,600900,2600,62.41806211818325,162286.96150727646,0.18561396054171683
2022-09-09,300750,5200,33.407798296644,173720.55114254882,0.19869100527593891
2022-09-12,600519,3700,46.121325369092,170648.9038656404,0.19658748560009412
2022-09-12,000858,5500,31.07949146243793,170937.2030434086,0.1969196061656188
2022-09-12,601318,3400,50.37703648929944,171281.9240636181,0.19731672467655773
2022-09-12,002594,800,201.6519062683213,161321.52501465706,0.1858423479870332
2022-09-12,300750,5200,32.84505167068556,170794.2686875649,0.19675494583095116
2022-09-13,600519,3700,47.30708040790376,175036.1975092439,0.20180478022363094
2022-09-13,000858,5500,30.962405175197787,170293.22846358782,0.19633646087319737
2022-09-13,601318,3400,48.3092243843557,164251.36290680937,0.18937060256402102
2022-09-13,002594,800,202.21672648291784,161773.38118633427,0.1865136588939996
2022-09-13,300750,5200,33.25537329909165,172927.94115527658,0.19937410464782623
2022-09-14,600519,3700,46.20811061604319,170970.0092793598,0.19437290431093984
2022-09-14,000858,5500,31.726111389828844,174493.61264405865,0.1983788292244562
2022-09-14,601318,3400,50.98491488004618,173348.71059215703,0.19707720949642513
2022-09-14,002594,800,204.1421257034375,163313.70056275,0.1856685767635454
2022-09-14,300750,5200,33.53845455403203,174399.96368096655,0.19827236130637724
2022-09-15,600519,3700,45.99909335282482,170196.64540545185,0.1942379710200923
2022-09-15,000858,5500,32.380848193836634,178094.6650661015,0.2032516346578613
2022-09-15,601318,3400,51.02095396322949,173471.24347498026,0.19797512625847125
2022-09-15,002594,800,205.10491181730228,164083.92945384182,0.1872617962486426
2022-09-15,300750,5200,32.17481249313193,167309.02496428604,0.19094245638622853
2022-09-16,600519,3700,45.607465563771015,168747.62258595275,0.19286419329141838
2022-09-16,000858,5500,32.76866342007512,180227.64881041317,0.2059848877510818
2022-09-16,601318,3400,50.981030645233496,173335.5041937939,0.1981077521140745
2022-09-16,002594,800,204.35858768948123,163486.87015158497,0.18685160029122125
2022-09-16,300750,5200,31.93963105837045,166086.08150352634,0.18982227799858112
2022-09-19,600519,3800,45.36399545443719,172383.18272686133,0.19530930302294397
2022-09-19,000858,5300,33.27599035007317,176362.74885538782,0.1998181319852666
2022-09-19,601318,3400,50.40863284038426,171389.35165730648,0.1941832972812768
2022-09-19,002594,800,211.01308410459157,168810.46728367326,0.19126143389748526
2022-09-19,300750,5400,32.41276283768433,175028.9193234954,0.19830690964846762
2022-09-20,600519,3800,47.5063383685253,180524.08580039613,0.19992017085733715
2022-09-20,000858,5300,34.33972086310433,182000.52057445297,0.20155523850485052
2022-09-20,601318,3400,51.91925383641515,176525.46304381153,0.19549192328501971
2022-09-20,002594,800,215.05235123048723,172041.88098438978,0.19052661083156913
2022-09-20,300750,5400,32.08281975816556,173247.22669409405,0.19186146273876936
2022-09-21,600519,3800,45.83390268558512,174168.83020522346,0.19077373772766262
2022-09-21,000858,5300,35.13011976004086,186189.63472821657,0.2039405816838564
2022-09-21,601318,3400,53.33261929510108,181330.90560334368,0.1986186310531605
2022-09-21,002594,800,217.0015023186534,173601.20185492272,0.19015199282704254
2022-09-21,300750,5400,33.15332539834812,179027.95715107987,0.19609612410679803
2022-09-22,600519,3800,43.74172396396832,166218.55106307962,0.18364640390779527
2022-09-22,000858,5300,35.173146496764424,186417.67643285144,0.2059633878576407
2022-09-22,601318,3400,54.03141934870785,183706.8257856067,0.2029683071659032
2022-09-22,002594,800,211.8084869817878,169446.78958543023,0.18721312008835758
2022-09-22,300750,5400,33.45731920645491,180669.52371485654,0.199612546937532
2022-09-23,600519,3800,42.366494147204335,160992.67775937647,0.18101632581754276
2022-09-23,000858,5300,33.48371685202132,177463.699315713,0.19953594948046388
2022-09-23,601318,3400,53.3058097173195,181239.7530388863,0.20378165419555722
2022-09-23,002594,800,206.467273156832,165173.81852546558,0.18571750073889298
2022-09-23,300750,5400,34.420456703350936,185870.46619809506,0.20898831758957667
2022-09-26,600519,4100,42.09612578300883,172594.1157103362,0.1939129385935838
2022-09-26,601318,3300,54.129399534242886,178627.01846300153,0.20069102541423778
2022-09-26,002594,800,204.4960544340591,163596.84354724726,0.1838043234922502
2022-09-26,601888,3800,46.68536950968269,177404.4041367942,0.19931739378267413
2022-09-26,300750,5100,34.69892028936038,176964.49347573795,0.19882314536259918
2022-09-27,600519,4100,41.60103557251817,170564.2458473245,0.1921461829623147
2022-09-27,601318,3300,53.07922470526728,175161.44152738203,0.19732507375426056
2022-09-27,002594,800,206.4610758908576,165168.86071268606,0.18606810573058136
2022-09-27,601888,3800,47.05318581384761,178802.10609262093,0.20142640106457496
2022-09-27,300750,5100,34.72744970458619,177109.99349338957,0.19952018106243113
2022-09-28,600519,4100,42.27698196564005,173335.6260591242,0.1943691161424846
2022-09-28,601318,3300,53.244908062860254,175708.19660743885,0.19702958733900777
2022-09-28,002594,800,202.03272154803264,161626.1772384261,0.18123877894903065
2022-09-28,601888,3800,47.453103820858274,180321.79451926143,0.20220302437988413
2022-09-28,300750,5100,35.27864729627731,179921.1012110143,0.20175370876059165
2022-09-29,600519,4100,41.99952135755388,172198.0375659709,0.1931219777151977
2022-09-29,601318,3300,53.02871076845887,174994.7455359143,0.19625851621402005
2022-09-29,002594,800,202.583539599053,162066.8316792424,0.1817597197874017
2022-09-29,601888,3800,46.9445470107072,178389.27864068735,0.20006552212349407
2022-09-29,300750,5100,35.908321015490976,183132.437179004,0.20538502616944176
2022-09-30,600519,4100,42.42084489524086,173925.46407048753,0.19320382317941895
2022-09-30,601318,3300,52.89661609987502,174558.83312958755,0.19390739654261596
2022-09-30,002594,800,209.8091852010378,167847.34816083024,0.186451992803405
2022-09-30,601888,3800,47.99484867050444,182380.42494791688,0.2025959543149135
2022-09-30,300750,5100,35.41813522092036,180632.48962669386,0.20065427321298027
2022-10-03,601318,3300,51.73004424448234,170709.14600679174,0.19111695400863757
2022-10-03,002594,800,209.66926912664243,167735.41530131394,0.18778772199168248
2022-10-03,600900,2700,64.92082531950837,175286.22836267258,0.19624121394763241
2022-10-03,601888,3700,48.57837171550405,179739.975347365,0.20122739411167415
2022-10-03,300750,5000,34.71146255561072,173557.3127780536,0.19430561126904308
2022-10-04,601318,3300,52.35292974366226,172764.66815408546,0.1925955002417877
2022-10-04,002594,800,213.80683702735,171045.46962188,0.19067896311146576
2022-10-04,600900,2700,66.44271854297389,179395.34006602952,0.19998727535104252
2022-10-04,601888,3700,47.93894691561471,177374.1035877744,0.19773403077970866
2022-10-04,300750,5000,34.0528092189148,170264.046094574,0.1898078437052225
2022-10-05,601318,3300,51.77558939414424,170859.445000676,0.1908324292612749
2022-10-05,002594,800,211.90904286895187,169527.2342951615,0.18934448690479466
2022-10-05,600900,2700,66.4419636419079,179393.30183315134,0.20036386974033504
2022-10-05,601888,3700,48.274318998607264,178614.98029484687,0.19949456462290108
2022-10-05,300750,5000,34.15049429538011,170752.47147690057,0.19071295083613646
2022-10-06,601318,3300,51.37781524834589,169546.79031954144,0.19121836781786222
2022-10-06,002594,800,208.47984057984883,166783.87246387906,0.18810229206214388
2022-10-06,600900,2700,65.11617407896283,175813.67001319965,0.19828628402007245
2022-10-06,601888,3700,47.2607214295084,174864.6692891811,0.19721598142594612
2022-10-06,300750,5000,34.693333974404986,173466.66987202494,0.1956392888430013
2022-10-07,601318,3300,52.20976559252396,172292.22645532907,0.19513898305725097
2022-10-07,002594,800,209.77335331579883,167818.68265263905,0.19007222638297155
2022-10-07,600900,2700,62.800916002765646,169562.47320746724,0.19204725173689974
2022-10-07,601888,3700,46.67764935304904,172707.30260628145,0.19560910025089676
2022-10-07,300750,5000,34.86995242708294,174349.76213541473,0.1974693576102783
2022-10-10,601318,3300,52.01492448340396,171649.25079523306,0.19363022701737054
2022-10-10,002594,800,214.2353502137114,171388.2801709691,0.19333583714391064
2022-10-10,600900,2800,62.21419343715887,174199.74162404484,0.196507327359496
2022-10-10,601888,3700,47.02969139120282,174009.85814745043,0.19629312787706607
2022-10-10,300750,5000,35.067154406258275,175335.7720312914,0.19778883499576408
2022-10-11,601318,3300,52.15867151612078,172123.61600319858,0.19230339305510694
2022-10-11,002594,800,221.2707185832517,177016.57486660135,0.19777000253822358
2022-10-11,600900,2800,63.056136823735926,176557.18310646058,0.19725675167661616
2022-10-11,601888,3700,46.33523735539899,171440.37821497626,0.19154005245147834
2022-10-11,300750,5000,35.60566803171455,178028.34015857274,0.1989003872183704
2022-10-12,601318,3300,51.2246160532461,169041.23297571213,0.18995249123992694
2022-10-12,002594,800,219.2515487861146,175401.23902889166,0.19709926231368055
2022-10-12,600900,2800,64.63544690172544,180979.25132483125,0.203367303034449
2022-10-12,601888,3700,46.53068733584114,172163.5431426122,0.19346104701762667
2022-10-12,300750,5000,34.48624634846628,172431.2317423314,0.19376185005543045
2022-10-13,601318,3300,51.86214515655045,171145.07901661648,0.18978592376549824
2022-10-13,002594,800,221.74074736213765,177392.59788971013,0.1967139122731745
2022-10-13,600900,2800,65.88252759583541,184471.07726833917,0.2045633681584805
2022-10-13,601888,3700,46.50021279904821,172050.78735647837,0.19079028039047674
2022-10-13,300750,5000,35.36467234042782,176823.3617021391,0.19608267580222447
2022-10-14,601318,3300,51.25999844928776,169157.9948826496,0.18980170938807486
2022-10-14,002594,800,221.8977854872794,177518.22838982352,0.19918220962187036
2022-10-14,600900,2800,65.59248522732902,183658.95863652125,0.20607234271030547
2022-10-14,601888,3700,45.42552682935023,168074.44926859587,0.18858592996310578
2022-10-14,300750,5000,34.585801658216106,172929.00829108054,0.1940329299788727
2022-10-17,601318,3400,51.72665168826429,175870.61574009858,0.19360619709967578
2022-10-17,002594,700,229.6354889962908,160744.84229740355,0.17695507285070455
2022-10-17,600900,2700,65.71132425688766,177420.5754935967,0.19531246174354205
2022-10-17,601888,3900,47.34894515437605,184660.88610206658,0.20328291773374466
2022-10-17,300750,5100,35.02214751955038,178612.95234970693,0.19662508322752162
2022-10-18,601318,3400,52.04407054195825,176949.83984265805,0.19408188967316603
2022-10-18,002594,700,233.03346581358213,163123.4260695075,0.1789168207763405
2022-10-18,600900,2700,65.05472313127285,175647.7524544367,0.19265373590342932
2022-10-18,601888,3900,47.241378374094566,184241.3756589688,0.2020793823587062
2022-10-18,300750,5100,35.42778020643531,180681.67905282008,0.1981750406277455
2022-10-19,601318,3400,55.37271207205156,188267.2210449753,0.20323992869786714
2022-10-19,002594,700,230.5984126192458,161418.88883347207,0.17425637492767035
2022-10-19,600900,2700,65.50004565601782,176850.1232712481,0.1909148403230057
2022-10-19,601888,3900,48.8408710681239,190479.39716568321,0.20562803701828683
2022-10-19,300750,5100,34.94717812624228,178230.6084438356,0.19240511412897068
2022-10-20,601318,3400,57.3727222215167,195067.25555315678,0.21053808578687327
2022-10-20,002594,700,226.4300789991098,158501.05529937687,0.1710718115313645
2022-10-20,600900,2700,65.1816922890481,175990.56918042988,0.18994842290018768
2022-10-20,601888,3900,48.042550472439046,187365.9468425123,0.2022259844585649
2022-10-20,300750,5100,35.001801029992706,178509.1852529628,0.19266679100989142
2022-10-21,601318,3400,57.02485729511528,193884.51480339197,0.20990633531790232
2022-10-21,002594,700,234.11267360695416,163878.87152486792,0.17742114883543322
2022-10-21,600900,2700,64.49700226903836,174141.90612640357,0.18853227849235146
2022-10-21,601888,3900,45.59522104237263,177821.36206525326,0.1925157895678534
2022-10-21,300750,5100,35.85515008293896,182861.2654229887,0.1979721698530526
2022-10-24,000001,27200,6.672893415264891,181502.70089520502,0.19529941479425586
2022-10-24,600519,4000,46.22413298684387,184896.53194737548,0.198951223914067
2022-10-24,002594,700,233.0318313753472,163122.28196274303,0.17552182997883387
2022-10-24,600900,2800,65.66804656570413,183870.53038397158,0.1978472320510122
2022-10-24,300750,5100,36.61902175701756,186757.01096078957,0.20095312504702345
2022-10-25,000001,27200,6.8284246250196,185733.1498005331,0.19818138324238474
2022-10-25,600519,4000,46.08555597678805,184342.2239071522,0.19669723451700147
2022-10-25,002594,700,233.2056537562353,163243.9576293647,0.1741849172519438
2022-10-25,600900,2800,65.77347854791273,184165.73993415566,0.19650892221019933
2022-10-25,300750,5100,37.35207215221509,190495.56797629694,0.20326298888287034
2022-10-26,000001,27200,6.706572727586369,182418.77819034926,0.19634691051371436
2022-10-26,600519,4000,46.443254167003055,185773.01666801222,0.19995725353184446
2022-10-26,002594,700,231.82176576629985,162275.2360364099,0.1746653582746039
2022-10-26,600900,2800,63.49701595334964,177791.644669379,0.19136648371560844
2022-10-26,300750,5100,37.56822410114974,191597.94291586368,0.2062269275428306
2022-10-27,000001,27200,6.687962105194805,181912.5692612987,0.1955830191667216
2022-10-27,600519,4000,46.902556899624855,187610.22759849942,0.20170884776831477
2022-10-27,002594,700,226.5659001220745,158596.13008545217,0.17051438543378317
2022-10-27,600900,2800,64.46130252553087,180491.64707148643,0.19405531685888774
2022-10-27,300750,5100,37.70323461448631,192286.49653388018,0.2067365311248375
2022-10-28,000001,27200,6.722387978337154,182848.95301077058,0.1970827000635529
2022-10-28,600519,4000,46.34986207165733,185399.4482866293,0.19983173683510044
2022-10-28,002594,700,222.57312697962465,155801.18888573724,0.16792942192512314
2022-10-28,600900,2800,62.84053053400671,175953.48549521877,0.1896504597701922
2022-10-28,300750,5100,38.93484001690491,198567.684086215,0.21402504461030558
2022-10-31,600519,3900,47.05628995176867,183519.5308118978,0.1972763482084027
2022-10-31,601318,3200,57.67323226622862,184554.34325193157,0.19838873127927995
2022-10-31,000333,2800,65.6761762179777,183893.29341033756,0.1976781284450395
2022-10-31,002594,800,227.9425534148177,182354.04273185416,0.19602349391385301
2022-10-31,300750,4700,38.55736662547727,181219.62313974317,0.19480403703382695
2022-11-01,600519,3900,48.5482728298407,189338.26403637874,0.20420605980719705
2022-11-01,601318,3200,55.8199670848768,178623.89467160575,0.19265034410210932
2022-11-01,000333,2800,65.73072679837279,184046.0350354438,0.19849825828393677
2022-11-01,002594,800,223.0415951889316,178433.27615114528,0.19244475725368426
2022-11-01,300750,4700,38.72878589134165,182025.29368930575,0.1963188381319433
2022-11-02,600519,3900,50.17046334527945,195664.80704658985,0.21073282442451213
2022-11-02,601318,3200,55.62974592519454,178015.18696062252,0.1917240187691861
2022-11-02,000333,2800,66.05058654832882,184941.6423353207,0.19918387589113107
2022-11-02,002594,800,215.8202143337044,172656.1714669635,0.18595230903681415
2022-11-02,300750,4700,38.8284724412724,182493.8204739803,0.19654754888723863
2022-11-03,600519,3900,51.5595510164632,201082.2489642065,0.21620945600785163
2022-11-03,601318,3200,56.01366262100657,179243.72038722102,0.192728037792351
2022-11-03,000333,2800,67.07512551566573,187810.35144386406,0.20193912753357654
2022-11-03,002594,800,214.5765218278673,171661.21746229386,0.18457511111174546
2022-11-03,300750,4700,37.34287533438333,175511.51407160165,0.1887150615034655
2022-11-04,600519,3900,51.71522882314167,201689.39241025253,0.21727383646149664
2022-11-04,601318,3200,55.486893798638064,177558.0601556418,0.1912778875658729
2022-11-04,000333,2800,65.98968590302796,184771.1205284783,0.19904829770547383
2022-11-04,002594,800,217.2826661171236,173826.13289369887,0.18725759604777334
2022-11-04,300750,4700,37.38354592882804,175702.66586549178,0.1892791278356157
2022-11-07,600519,3500,51.92061058366152,181722.13704281533,0.1971298211249543
2022-11-07,601318,3300,55.02075805349743,181568.50157654152,0.1969631593605823
2022-11-07,000333,2800,64.23678294304342,179862.9922405216,0.1951130449176879
2022-11-07,600900,3000,60.78521875624028,182355.65626872086,0.19781705457770946
2022-11-07,300750,4900,37.07827170151519,181683.53133742444,0.19708794215565562
2022-11-08,600519,3500,50.197128503015634,175689.9497605547,0.19193126982571343
2022-11-08,601318,3300,54.161507756387486,178732.9755960787,0.19525560234171999
2022-11-08,000333,2800,64.32669668477021,180114.7507173566,0.1967651130109523
2022-11-08,600900,3000,60.83229313825313,182496.87941475937,0.1993674530218858
2022-11-08,300750,4900,37.4893572050732,183697.85030485867,0.20067944535994856
2022-11-09,600519,3500,50.45001759888336,176575.06159609178,0.18996567518602636
2022-11-09,601318,3300,56.2246483569544,185541.33957794952,0.1996119130824367
2022-11-09,000333,2800,62.9797266162773,176343.23452557644,0.18971626745212122
2022-11-09,600900,3000,62.259286890041714,186777.86067012514,0.20094220605831695
2022-11-09,300750,4900,38.69913501927269,189625.76159443616,0.2040060782555538
2022-11-10,600519,3500,51.64702822593373,180764.59879076807,0.19673506489413178
2022-11-10,601318,3300,56.68663672332669,187065.9011869781,0.20359308435219417
2022-11-10,000333,2800,59.425401260495256,166391.1235293867,0.18109169994757413
2022-11-10,600900,3000,60.56888083258389,181706.6424977517,0.1977603377134024
2022-11-10,300750,4900,38.4177781066326,188247.11272249976,0.20487865536360406
2022-11-11,600519,3500,50.5943986390203,177080.39523657106,0.19369659777983567
2022-11-11,601318,3300,55.21397773852175,182206.12653712177,0.19930329813039624
2022-11-11,000333,2800,59.302629996354646,166047.363989793,0.18162829054094276
2022-11-11,600900,3000,61.75697233436316,185270.91700308947,0.20265567084999034
2022-11-11,300750,4900,38.56396194617628,188963.41353626375,0.20669464995230252
2022-11-14,000001,28400,6.479448192571016,184016.32866901683,0.20086570199527518
2022-11-14,600519,3600,50.65878453588842,182371.62432919833,0.199070401033769
2022-11-14,000858,4700,39.27535054230559,184594.14754883628,0.20149642860394376
2022-11-14,600900,2900,61.27050093899968,177684.45272309906,0.19395405064333776
2022-11-14,300750,4700,38.45474370161365,180737.29539758415,0.1972864255001068
2022-11-15,000001,28400,6.470893083286663,183773.36356534122,0.20122263151322428
2022-11-15,600519,3600,51.52479340596183,185489.25626146258,0.20310144810018355
2022-11-15,000858,4700,38.96795155013356,183149.37228562776,0.2005393923053801
2022-11-15,600900,2900,60.59133792476906,175714.87998183028,0.19239899548011852
2022-11-15,300750,4700,37.966919507453255,178444.5216850303,0.1953878164710934
2022-11-16,000001,28400,6.440121116305994,182899.43970309023,0.2004582905895451
2022-11-16,600519,3600,51.77921496717418,186405.17388182704,0.2043005849228232
2022-11-16,000858,4700,39.12887088395215,183905.69315457513,0.20156114714893064
2022-11-16,600900,2900,60.0032909643648,174009.54379665793,0.19071494014617957
2022-11-16,300750,4700,37.97324149892834,178474.2350449632,0.19560825407375773
2022-11-17,000001,28400,6.107157751665136,173443.28014728986,0.19440404700117997
2022-11-17,600519,3600,50.45932496578735,181653.56987683446,0.20360655717695766
2022-11-17,000858,4700,38.63451117748365,181582.20253417318,0.20352656503067623
2022-11-17,600900,2900,60.37567331594171,175089.45261623096,0.19624916080295027
2022-11-17,300750,4700,36.95712515003633,173698.48820517075,0.19469009716834254
2022-11-18,000001,28400,6.141042322555432,174405.60196057428,0.19522743905447973
2022-11-18,600519,3600,50.78896528965644,182840.27504276318,0.20466910610293693
2022-11-18,000858,4700,37.10782893451577,174406.79599222413,0.19522877563850302
2022-11-18,600900,2900,63.077988317958855,182926.16612208067,0.20476525149771943
2022-11-18,300750,4700,36.60734665783932,172054.5292918448,0.19259567785537104
2022-11-21,600519,3500,49.84106678339237,174443.7337418733,0.19601910952802087
2022-11-21,000858,4800,36.464950000264174,175031.76000126803,0.19667986346439448
2022-11-21,000333,2900,59.94565705019171,173842.40544555595,0.19534340834546912
2022-11-21,601888,3800,47.55343676909534,180703.0597225623,0.20305259521800154
2022-11-21,300750,4800,36.605104951061925,175704.50376509724,0.19743581285104003
2022-11-22,600519,3500,50.8165847424517,177858.04659858096,0.197951541290545
2022-11-22,000858,4800,37.206714806484726,178592.23107112668,0.19876867017906824
2022-11-22,000333,2900,60.19774512324496,174573.46085741036,0.19429587980994237
2022-11-22,601888,3800,47.68510744105734,181203.4082760179,0.20167484486262108
2022-11-22,300750,4800,36.67893605123661,176058.89304593572,0.19594912854861105
2022-11-23,600519,3500,50.09354524146115,175327.40834511403,0.19650445325832513
2022-11-23,000858,4800,36.861905179068735,176937.14485952992,0.19830862293516546
2022-11-23,000333,2900,61.36334950463135,177953.7135634309,0.199447978608332
2022-11-23,601888,3800,46.591531532724765,177047.8198243541,0.19843266585382513
2022-11-23,300750,4800,36.40798209478441,174758.31405496516,0.19586662051218648
2022-11-24,600519,3500,49.698807503416624,173945.8262619582,0.19539285775169551
2022-11-24,000858,4800,36.00563171335569,172827.0322241073,0.19413611955343582
2022-11-24,000333,2900,59.50537895954712,172565.59898268664,0.19384245232812658
2022-11-24,601888,3800,46.82587885583379,177938.33965216842,0.19987763682164722
2022-11-24,300750,4800,38.07348773319623,182752.7411193419,0.20528564045847095
2022-11-25,600519,3500,50.45471402045223,176591.4990715828,0.19723470594329504
2022-11-25,000858,4800,36.51797704817327,175286.2898312317,0.19577692025107
2022-11-25,000333,2900,57.252619997401816,166032.59799246528,0.18544148961989831
2022-11-25,601888,3800,47.60339509479424,180892.9013602181,0.2020389338931291
2022-11-25,300750,4800,38.81806970667146,186326.73459202301,0.20810797178710785
2022-11-28,600519,3500,50.67387717988965,177358.57012961377,0.19874659052227556
2022-11-28,000858,4800,37.25830415117424,178839.85992563632,0.20040651198149667
2022-11-28,600900,2800,61.87129418618426,173239.62372131593,0.19413093222848735
2022-11-28,601888,3700,48.20019783904145,178340.73200445337,0.1998471932381335
2022-11-28,300750,4600,37.82348378246299,173988.02539932978,0.19496958514352664
2022-11-29,600519,3500,50.41877849748314,176465.724741191,0.19938233616960296
2022-11-29,000858,4800,36.74743893011871,176387.7068645698,0.1992941865500293
2022-11-29,600900,2800,59.55428819947346,166752.0069585257,0.18840715247746956
2022-11-29,601888,3700,47.95438332982755,177431.21832036195,0.20047321297105655
2022-11-29,300750,4600,38.56666503549816,177406.65916329154,0.20044546445435033
2022-11-30,600519,3500,49.159774500195525,172059.21075068435,0.19660843278824094
2022-11-30,000858,4800,36.2644673371616,174069.44321837567,0.19890548304953454
2022-11-30,600900,2800,57.25827571891588,160323.17201296447,0.18319790874074518
2022-11-30,601888,3700,48.582142128548384,179753.925875629,0.20540102154223372
2022-11-30,300750,4600,38.76349157552553,178312.06124741744,0.20375343322883477
2022-12-01,600519,3500,50.48855309251971,176709.935823819,0.20023641979049323
2022-12-01,000858,4800,35.615269748933585,170953.29479488122,0.193713361625825
2022-12-01,600900,2800,58.79471202430434,164625.19366805215,0.18654276135481498
2022-12-01,601888,3700,48.65327088483322,180017.10227388292,0.20398388971358952
2022-12-01,300750,4600,39.03962631993996,179582.28107172382,0.20349117808216127
2022-12-02,600519,3500,49.64239364983228,173748.37777441298,0.19810404172109886
2022-12-02,000858,4800,35.38922362008562,169868.273376411,0.1936800328561528
2022-12-02,600900,2800,60.010710123318106,168029.9883452907,0.19158406108844425
2022-12-02,601888,3700,47.22530914126133,174733.6438226669,0.19922742018845407
2022-12-02,300750,4600,39.142881270431324,180057.2538439841,0.2052972821076207
2022-12-05,600519,3500,49.18994797491961,172164.81791221866,0.19581805488399207
2022-12-05,000858,4900,35.820576753632544,175520.82609279946,0.19963513552837298
2022-12-05,600900,2900,60.49957731875493,175448.7742243893,0.19955318465772512
2022-12-05,601888,3700,46.492399426958016,172021.87787974466,0.19565547672508862
2022-12-05,300750,4400,39.81456469227478,175184.08464600903,0.19925213012744988
2022-12-06,600519,3500,49.770949885799695,174198.32460029892,0.19974181253011578
2022-12-06,000858,4900,36.28705496610353,177806.5693339073,0.2038791505027793
2022-12-06,600900,2900,58.69066141446414,170202.918101946,0.19516054151268922
2022-12-06,601888,3700,45.97531209494993,170108.65475131472,0.19505245590076695
2022-12-06,300750,4400,38.84847648815613,170933.29654788697,0.19599801865237995
2022-12-07,600519,3500,50.68208266437463,177387.28932531123,0.2032874059995606
2022-12-07,000858,4900,37.08377284450312,181710.4869380653,0.2082418287863508
2022-12-07,600900,2900,58.90541763219527,170825.71113336628,0.19576777922710592
2022-12-07,601888,3700,44.66444785210728,165258.45705279693,0.1893876567003792
2022-12-07,300750,4400,38.30544234613809,168543.9463230076,0.19315285652794775
2022-12-08,600519,3500,52.164481393877296,182575.68487857052,0.20723825536233614
2022-12-08,000858,4900,36.88382906131153,180730.7624004265,0.20514411826021536
2022-12-08,600900,2900,57.42271132566621,166525.862844432,0.1890204016572109
2022-12-08,601888,3700,45.70308858036039,169101.42774733342,0.19194387735116625
2022-12-08,300750,4400,39.36197174786293,173192.6756905969,0.1965877766008422
2022-12-09,600519,3500,51.5492600122961,180422.41004303636,0.2047721784951248
2022-12-09,000858,4900,36.99008934289722,181251.43778019637,0.20571309163186122
2022-12-09,600900,2900,57.61764548315874,167091.17190116036,0.18964175940972355
2022-12-09,601888,3700,44.810347088447976,165798.2842272575,0.18817438390203894
2022-12-09,300750,4400,40.37669995458206,177657.47980016106,0.20163409387977366
2022-12-12,600519,3400,50.67799536292759,172305.1842339538,0.19645980916016165
2022-12-12,000858,700,36.80808991920794,25765.662943445557,0.029377625793785493
2022-12-12,601318,2500,56.806771989277394,142016.92997319347,0.1619255919900966
2022-12-12,000333,2300,63.34854160694988,145701.6456959847,0.16612685007137473
2022-12-12,002594,700,206.02258653999704,144215.81057799794,0.1644327229618456
2022-12-12,600900,500,57.63788867627811,28818.944338139056,0.03285893184258837
2022-12-12,601888,600,45.2726749243674,27163.60495462044,0.030971538489758057
2022-12-12,300750,4300,40.80305119741095,175453.12014886708,0.20004903888555728
2022-12-13,600519,3400,50.61981757715713,172107.37976233423,0.19895007133429127
2022-12-13,000858,700,38.07851940893928,26654.963586257494,0.030812199420047353
2022-12-13,601318,2500,55.41280718706115,138532.01796765288,0.16013813524328366
2022-12-13,000333,2300,62.431943493980256,143593.47003615458,0.1659889956275046
2022-12-13,002594,700,202.07491291277665,141452.43903894364,0.1635140391775705
2022-12-13,600900,500,57.61751471337954,28808.75735668977,0.03330190918646511
2022-12-13,601888,600,45.64374324392895,27386.245946357372,0.03165753608084765
2022-12-13,300750,4300,39.75193660861551,170933.32741704668,0.1975929081599538
2022-12-14,600519,3400,51.02021227182912,173468.721724219,0.20022610892199866
2022-12-14,000858,700,37.67876397728274,26375.134784097918,0.03044347452164268
2022-12-14,601318,2500,54.60285087334783,136507.1271833696,0.1575632231815222
2022-12-14,000333,2300,61.197643488277095,140754.58002303733,0.1624658416274482
2022-12-14,002594,700,213.94177063909515,149759.23944736662,0.17285946130009225
2022-12-14,600900,500,56.87386746241248,28436.933731206238,0.03282330401744818
2022-12-14,601888,600,44.811954684288224,26887.172810572934,0.031034493932186234
2022-12-14,300750,4300,39.20129898436445,168565.58563276712,0.19456666869929848
2022-12-15,600519,3400,51.12254662141128,173816.65851279837,0.20106194188711332
2022-12-15,000858,700,39.38585797125801,27570.100579880607,0.03189163805151428
2022-12-15,601318,2500,55.33273869644341,138331.84674110851,0.16001498342317916
2022-12-15,000333,2300,61.801274498415474,142142.9313463556,0.16442344506306644
2022-12-15,002594,700,208.13496626125325,145694.47638287727,0.1685316850203431
2022-12-15,600900,500,57.23107676360232,28615.538381801158,0.03310094535482355
2022-12-15,601888,600,44.754763816115,26852.858289669002,0.03106197000411658
2022-12-15,300750,4300,38.571866341140144,165859.0252669026,0.19185697150662792
2022-12-16,600519,3400,51.06844708058605,173632.72007399256,0.1996265376229548
2022-12-16,000858,700,38.816792987774654,27171.755091442257,0.031239523217352228
2022-12-16,601318,2500,55.95717207987411,139892.93019968527,0.16083570701301123
2022-12-16,000333,2300,62.58018697510852,143934.4300427496,0.1654822426436852
2022-12-16,002594,700,208.55996022573527,145991.9721580147,0.16784781065591667
2022-12-16,600900,500,57.74980284201937,28874.901421009687,0.033197640355020194
2022-12-16,601888,600,44.60782449960408,26764.694699762447,0.03077152354217663
2022-12-16,300750,4300,39.04993296408716,167914.7117455748,0.19305251053742145
2022-12-19,600519,3400,51.12547390658703,173826.6112823959,0.19974201602430894
2022-12-19,000858,4400,38.57389045774374,169725.11801407245,0.1950290406744407
2022-12-19,601318,3100,55.832589440795104,173081.02726646484,0.19888527462344466
2022-12-19,000333,2700,61.76410140884656,166763.0738038857,0.19162539218971786
2022-12-19,300750,4400,40.134709851708045,176592.7233475154,0.2029205212966607
2022-12-20,600519,3400,50.34896145542404,171186.46894844173,0.19971176904952015
2022-12-20,000858,4400,38.000784006755545,167203.4496297244,0.19506504761653687
2022-12-20,601318,3100,54.11888644977172,167768.54799429234,0.19572430996810067
2022-12-20,000333,2700,59.6851518488994,161149.90999202838,0.18800278903101872
2022-12-20,300750,4400,40.81641288684728,179592.21670212803,0.2095181910429449
2022-12-21,600519,3400,49.79417479678276,169300.1943090614,0.1969259348654914
2022-12-21,000858,4400,38.018103139619285,167279.65381432485,0.1945756905111748
2022-12-21,601318,3100,53.597993172586726,166153.77883501886,0.193266099676112
2022-12-21,000333,2700,60.91581599278389,164472.70318051652,0.19131071270096087
2022-12-21,300750,4400,41.4185634852113,182241.67933492974,0.2119791605730444
2022-12-22,600519,3400,49.91475670253468,169710.17278861793,0.19930412490154797
2022-12-22,000858,4400,38.31734989213295,168596.339525385,0.1979960621014978
2022-12-22,601318,3100,51.74288243581512,160402.93555102687,0.18837389754741263
2022-12-22,000333,2700,59.88800918964554,161697.62481204295,0.1898943538992404
2022-12-22,300750,4400,41.099878204272834,180839.46409880047,0.21237413495989077
2022-12-23,600519,3400,49.64636705431291,168797.6479846639,0.1976047971957337
2022-12-23,000858,4400,38.63656276329072,170000.87615847916,0.19901336930622046
2022-12-23,601318,3100,51.46743877087093,159549.06018969987,0.1867778375941589
2022-12-23,000333,2700,58.97504970770921,159232.63421081487,0.1864074100903899
2022-12-23,300750,4400,42.35706587563036,186371.08985277358,0.21817733749969773
2022-12-26,600519,3400,49.850759662406446,169492.58285218192,0.19785135920607516
2022-12-26,000858,4400,38.61197826482308,169892.70436522155,0.1983184273448121
2022-12-26,000333,2900,58.64225191409666,170062.53055088033,0.19851666812382407
2022-12-26,002594,800,204.4006588096989,163520.52704775913,0.19088008448551666
2022-12-26,300750,4000,43.33301420654032,173332.05682616128,0.2023332375962975
2022-12-27,600519,3400,49.1865571781598,167234.29440574333,0.19458853260277567
2022-12-27,000858,4400,39.53268994031992,173943.83573740764,0.20239554256329603
2022-12-27,000333,2900,57.909173721622,167936.6037927038,0.19540571757986072
2022-12-27,002594,800,205.5181026076773,164414.48208614183,0.19130748822466967
2022-12-27,300750,4000,43.88254028658054,175530.16114632218,0.2042413406075791
2022-12-28,600519,3400,48.45576377204403,164749.5968249497,0.19228972606128514
2022-12-28,000858,4400,39.66950464435289,174545.8204351527,0.20372352129201046
2022-12-28,000333,2900,56.70828714400555,164454.0327176161,0.19194475440534164
2022-12-28,002594,800,205.7566273373796,164605.3018699037,0.1921213102477563
2022-12-28,300750,4000,44.51433568801213,178057.3427520485,0.20782204218302927
2022-12-29,600519,3400,47.63796800322237,161969.09121095604,0.19124779738125253
2022-12-29,000858,4400,39.26959015372206,172786.1966763771,0.204020281185635
2022-12-29,000333,2900,54.13020821519719,156977.60382407185,0.18535401257786324
2022-12-29,002594,800,211.51643519346564,169213.1481547725,0.19980134253144938
2022-12-29,300750,4000,43.89876748721127,175595.0699488451,0.20733690673725286
2022-12-30,600519,3400,47.93557189385464,162980.94443910578,0.19190089939425922
2022-12-30,000858,4400,40.15745395946849,176692.79742166135,0.208045835409754
2022-12-30,000333,2900,53.9632639687109,156493.46550926162,0.18426225767621746
2022-12-30,002594,800,211.670741924036,169336.5935392288,0.19938431889919173
2022-12-30,300750,4000,43.356948951251546,173427.79580500617,0.20420147956241175
2023-01-02,000001,26100,6.331590636228749,165254.51560557034,0.19514833586945282
2023-01-02,600519,3500,48.25175747840407,168881.15117441426,0.19943101397644067
2023-01-02,000858,4200,39.41352612244575,165536.80971427215,0.1954816957497383
2023-01-02,002594,800,212.80709527131705,170245.67621705364,0.2010423756408858
2023-01-02,300750,3900,44.32314284039574,172860.25707754339,0.20412992276207018
2023-01-03,000001,26100,6.264241721414572,163496.70892892033,0.1926981670673081
2023-01-03,600519,3500,49.72064602392568,174022.2610837399,0.20510364373342782
2023-01-03,000858,4200,39.80441588737632,167178.54672698057,0.1970376023976779
2023-01-03,002594,800,212.94178730731505,170353.42984585205,0.20077953801012774
2023-01-03,300750,3900,43.42889560064968,169372.69284253375,0.19962363570388206
2023-01-04,000001,26100,6.240060245180946,162865.5723992227,0.19094340382112543
2023-01-04,600519,3500,48.86626003160298,171031.91011061042,0.20051760846360783
2023-01-04,000858,4200,40.366564510297856,169539.570943251,0.19876799179463675
2023-01-04,002594,800,221.74739605646877,177397.91684517503,0.20798110720517352
2023-01-04,300750,3900,43.09759716330312,168080.62893688216,0.1970575299175813
2023-01-05,000001,26100,6.305571323036818,164575.41153126096,0.1926003915976421
2023-01-05,600519,3500,50.97615891028136,178416.55618598478,0.20879849710961312
2023-01-05,000858,4200,38.48120052850662,161621.0422197278,0.18914293291027762
2023-01-05,002594,800,222.05435121609648,177643.48097287718,0.20789377758077468
2023-01-05,300750,3900,43.12784784626364,168198.6066004282,0.19684056807761222
2023-01-06,000001,26100,6.415820753214174,167452.92165888994,0.19737591023557896
2023-01-06,600519,3500,50.102960616120725,175360.36215642255,0.20669637028114018
2023-01-06,000858,4200,37.649296070260895,158127.04349509577,0.18638354490035602
2023-01-06,002594,800,217.8884400571376,174310.75204571008,0.2054592001622673
2023-01-06,300750,3900,43.361125447874585,169108.38924671087,0.19932720149269573
2023-01-09,000001,26400,6.763805929106737,178564.47652841784,0.20590464783081752
2023-01-09,600519,3300,50.14134502673863,165466.43858823748,0.19080115724982105
2023-01-09,600036,5100,33.79065027151888,172332.3163847463,0.1987182759131997
2023-01-09,002594,700,217.93661696319785,152555.6318742385,0.17591356504032218
2023-01-09,300750,3900,45.06206792596787,175742.06491127468,0.20265009417401006
2023-01-10,000001,26400,6.481695879450757,171116.77121749998,0.19747027772112533
2023-01-10,600519,3300,50.62461577376425,167061.23205342202,0.19279014941259473
2023-01-10,600036,5100,33.63913421764869,171559.5845100083,0.19798128820378036
2023-01-10,002594,700,217.8118027414336,152468.26191900353,0.1759497319320842
2023-01-10,300750,3900,46.61032244897648,181780.25755100828,0.2097760359046806
2023-01-11,000001,26400,6.68313916839711,176434.8740456837,0.20487207387335793
2023-01-11,600519,3300,49.34307607983675,162832.15106346126,0.18907690819102735
2023-01-11,600036,5100,33.154785112130654,169089.40407186633,0.19634268491184914
2023-01-11,002594,700,213.71377379970716,149599.64165979502,0.17371162590915903
2023-01-11,300750,3900,46.328443652733824,180680.9302456619,0.20980249561779787
2023-01-12,000001,26400,6.618638389422863,174732.05348076357,0.20174406626847036
2023-01-12,600519,3300,51.27956108141012,169222.5515686534,0.19538284463385264
2023-01-12,600036,5100,33.32147615989907,169939.52841548526,0.19621065968906873
2023-01-12,002594,700,210.99944799576195,147699.61359703337,0.17053265293781833
2023-01-12,300750,3900,46.65524180797581,181955.44305110566,0.2100841272654786
2023-01-13,000001,26400,6.87286727775556,181443.6961327468,0.20522837372444966
2023-01-13,600519,3300,52.54170979546356,173387.64232502974,0.1961162863010055
2023-01-13,600036,5100,33.734607175894375,172046.4965970613,0.19459933551933115
2023-01-13,002594,700,211.4042885292301,147983.00197046107,0.16738146036796123
2023-01-13,300750,3900,47.86849242022538,186687.12043887898,0.2111591360823079
2023-01-16,600519,3300,52.092609549103486,171905.6115120415,0.1924206845030804
2023-01-16,600036,5200,34.1329864374742,177491.52947486585,0.1986732212791089
2023-01-16,002594,800,213.18389183594863,170547.1134687589,0.1909000644309065
2023-01-16,600900,3300,54.97744665590817,181425.57396449696,0.2030767513727578
2023-01-16,300750,3600,48.39409376114148,174218.73754010932,0.19500985707137392
2023-01-17,600519,3300,50.89330280565191,167947.8992586513,0.18910106039392485
2023-01-17,600036,5200,34.32782009326882,178504.66448499786,0.20098745794604553
2023-01-17,002594,800,209.88222482831824,167905.7798626546,0.18905363602909928
2023-01-17,600900,3300,55.73278227456462,183918.18150606324,0.2070828114078203
2023-01-17,300750,3600,47.79613986375732,172066.10350952635,0.19373795549173073
2023-01-18,600519,3300,49.18984796719823,162326.49829175416,0.18340132838186607
2023-01-18,600036,5200,34.65732191817498,180218.0739745099,0.203615765221158
2023-01-18,002594,800,205.3004294120259,164240.3435296207,0.18556364792079413
2023-01-18,600900,3300,57.07710628142804,188354.45072871252,0.2128084868078338
2023-01-18,300750,3600,47.820537685277145,172153.9356669977,0.19450466079016965
2023-01-19,600519,3300,49.427677889677256,163111.33703593494,0.18430095195298776
2023-01-19,600036,5200,34.868068717792525,181313.95733252112,0.2048682546902618
2023-01-19,002594,800,207.5344820571472,166027.58564571774,0.18759604722154127
2023-01-19,600900,3300,58.11439934295901,191777.51783176474,0.21669112485901912
2023-01-19,300750,3600,45.83361238814777,165001.00459733198,0.1864361041549676
2023-01-20,600519,3300,50.846435296595295,167793.23647876448,0.18908051144394702
2023-01-20,600036,5200,34.09946231287486,177317.2040269493,0.19981274769361398
2023-01-20,002594,800,206.2773773611381,165021.90188891048,0.18595758841898818
2023-01-20,600900,3300,58.878839977661045,194300.17192628144,0.21895027864318986
2023-01-20,300750,3600,45.885739591654776,165188.6625299572,0.18614550533363583
2023-01-23,000001,24500,7.566386210282274,185376.4621519157,0.20584694209098658
2023-01-23,600519,3400,51.84983139459088,176289.426741609,0.19575645686880533
2023-01-23,002594,800,200.60314477100275,160482.5158168022,0.17820404357962732
2023-01-23,600900,3000,58.22589386278035,174677.68158834105,0.19396673228684472
2023-01-23,300750,3800,47.85113522118539,181834.31384050447,0.20191364662362987
2023-01-24,000001,24500,7.455765303933096,182666.24994636085,0.2033601803462919
2023-01-24,600519,3400,52.82088983641758,179591.02544381976,0.19993656919959277
2023-01-24,002594,800,206.1617051298265,164929.36410386118,0.18361391465806817
2023-01-24,600900,3000,56.13209936641892,168396.29809925676,0.18747361136043858
2023-01-24,300750,3800,47.56911045276818,180762.61972051908,0.20124089128137973
2023-01-25,000001,24500,7.390428688796715,181065.5028755195,0.20124809964330193
2023-01-25,600519,3400,54.44333736480533,185107.34704033812,0.2057404708808166
2023-01-25,002594,800,204.83081287601277,163864.65030081023,0.18212994164009202
2023-01-25,600900,3000,55.79484244520072,167384.52733560218,0.18604216430526185
2023-01-25,300750,3800,47.472731584680886,180396.38002178736,0.200504392528457
2023-01-26,000001,24500,7.747004546616189,189801.61139209665,0.2102813193939439
2023-01-26,600519,3400,53.01625750309963,180255.27551053875,0.1997049281303061
2023-01-26,002594,800,203.90605314992837,163124.8425199427,0.18072611111905035
2023-01-26,600900,3000,53.986629451300665,161959.888353902,0.17943545769797664
2023-01-26,300750,3800,48.83473175802298,185571.98068048732,0.2055953089851651
2023-01-27,000001,24500,7.503354115930376,183832.17584029422,0.20600546724714722
2023-01-27,600519,3400,52.28427549854344,177766.5366950477,0.1992082087119784
2023-01-27,002594,800,205.1570599329212,164125.64794633695,0.18392199645071566
2023-01-27,600900,3000,53.25284461082784,159758.53383248352,0.17902813399473536
2023-01-27,300750,3800,48.681098700978296,184988.17506371753,0.2073008996657111
2023-01-30,000001,23700,7.444156155330852,176426.5008813412,0.20112535093541656
2023-01-30,600519,3400,51.26571840326719,174303.44257110846,0.19870507481154162
2023-01-30,600036,5000,34.13270595421233,170663.52977106164,0.19455559196385933
2023-01-30,002594,800,200.48417710980715,160387.3416878457,0.1828407876448346
2023-01-30,300750,3600,48.72481461009427,175409.33259633937,0.1999657840491529
2023-01-31,000001,23700,7.5933770976249475,179963.03721371124,0.20681591895652032
2023-01-31,600519,3400,51.55012912162039,175270.4390135093,0.20142312261292464
2023-01-31,600036,5000,34.1629023492107,170814.5117460535,0.19630231165701753
2023-01-31,002594,800,189.53313363396745,151626.50690717396,0.17425120096709035
2023-01-31,300750,3600,47.91094136217961,172479.3889038466,0.19821561065813298
2023-02-01,000001,23700,7.659048253195661,181519.44360073717,0.20774030955799028
2023-02-01,600519,3400,50.45024384173396,171530.82906189546,0.19630881861028449
2023-02-01,600036,5000,34.92377207749867,174618.86038749333,0.1998429225650956
2023-02-01,002594,800,190.28254545470372,152226.03636376298,0.17421540794578316
2023-02-01,300750,3600,48.29966735876792,173878.8024915645,0.1989959617473374
2023-02-02,000001,23700,7.704887981423968,182605.84515974805,0.20954012473188638
2023-02-02,600519,3400,50.16086133805066,170546.92854937224,0.19570252337548383
2023-02-02,600036,5000,34.57615431597577,172880.77157987884,0.19838060719744025
2023-02-02,002594,800,190.91945183292017,152735.56146633613,0.17526398770342042
2023-02-02,300750,3600,47.96787378848348,172684.34563854052,0.19815520851859397
2023-02-03,000001,23700,7.939411945707326,188164.0631132636,0.21198958849821625
2023-02-03,600519,3400,49.55850266340219,168498.90905556743,0.18983441259762113
2023-02-03,600036,5000,35.15111721806883,175755.58609034418,0.1980099374721068
2023-02-03,002594,800,198.57153109341584,158857.22487473267,0.17897188854224613
2023-02-03,300750,3600,48.979877087504846,176327.55751501746,0.1986543325013332
2023-02-06,000001,22300,7.98288880788714,178018.4204158832,0.20066101095348277
2023-02-06,600036,5000,35.07464241316147,175373.21206580734,0.19767935219890673
2023-02-06,600900,3300,55.2313364453408,182263.41026962464,0.2054459312642521
2023-02-06,601888,3500,48.35856499106428,169254.97746872497,0.19078292464588711
2023-02-06,300750,3600,49.158793209851815,176971.65555546654,0.19948110555587792
2023-02-07,000001,22300,7.859416702780157,175264.9924719975,0.19650242047162728
2023-02-07,600036,5000,35.09997363778122,175499.86818890608,0.19676575684149542
2023-02-07,600900,3300,55.013115990211325,181543.28276769738,0.20354147158005478
2023-02-07,601888,3500,49.39673451207223,172888.5707922528,0.19383804006373895
2023-02-07,300750,3600,50.4021636449983,181447.7891219939,0.2034344066593554
2023-02-08,000001,22300,7.906243312514855,176309.22586908127,0.19754085249212075
2023-02-08,600036,5000,35.003360650402804,175016.803252014,0.19609279290081413
2023-02-08,600900,3300,55.20565128448902,182178.64923881378,0.20411708745871907
2023-02-08,601888,3500,49.80199681160307,174306.98884061075,0.19529750074722083
2023-02-08,300750,3600,49.84176218316197,179430.34385938308,0.201037823824696
2023-02-09,000001,22300,7.929546741909556,176828.89234458312,0.19760081404480243
2023-02-09,600036,5000,34.74870716285044,173743.5358142522,0.1941530236191078
2023-02-09,600900,3300,55.99081184764714,184769.67909723555,0.20647439746024687
2023-02-09,601888,3500,49.734041206792526,174069.14422377385,0.19451688093862285
2023-02-09,300750,3600,50.052723998627926,180189.80639506053,0.20135653147029414
2023-02-10,000001,22300,7.932108618468371,176886.02219184468,0.19616948145156599
2023-02-10,600036,5000,35.21083504070547,176054.17520352735,0.1952469495843036
2023-02-10,600900,3300,55.73292615249983,183918.65630324945,0.20396878729709295
2023-02-10,601888,3500,51.98881238220375,181960.8433377131,0.20179754081040405
2023-02-10,300750,3600,49.33388692304941,177601.9929229779,0.1969635046610911
2023-02-13,000001,22700,8.026806662291724,182208.51123402215,0.20348370039190367
2023-02-13,000858,4500,39.53401514795219,177903.06816578485,0.1986755414238169
2023-02-13,600036,5000,34.3577096491757,171788.5482458785,0.19184707259436398
2023-02-13,601888,3400,52.76591421192444,179404.1083205431,0.20035184733871875
2023-02-13,300750,3600,47.667230371898256,171602.02933883373,0.19163877520396502
2023-02-14,000001,22700,8.008546690200378,181794.00986754856,0.20096750580540626
2023-02-14,000858,4500,39.75465764150933,178895.959386792,0.19776380301431792
2023-02-14,600036,5000,35.10382294358349,175519.11471791743,0.19403080845035817
2023-02-14,601888,3400,53.62621621341023,182329.1351255948,0.20155906978752744
2023-02-14,300750,3600,48.19912613796047,173516.85409665768,0.19181737290690914
2023-02-15,000001,22700,8.239410916438553,187034.62780315516,0.2065629565289176
2023-02-15,000858,4500,39.89109960753407,179509.94823390333,0.19825262342635838
2023-02-15,600036,5000,35.02414506029086,175120.7253014543,0.19340512071287477
2023-02-15,601888,3400,52.3678117413669,178050.55992064747,0.1966408600419484
2023-02-15,300750,3600,48.1127242593593,173205.80733369346,0.19129026571742802
2023-02-16,000001,22700,8.161482044181593,185265.64240292215,0.20555814263772093
2023-02-16,000858,4500,40.0184741238913,180083.13355751085,0.19980798368407404
2023-02-16,600036,5000,35.152930291550106,175764.65145775053,0.1950164899784555
2023-02-16,601888,3400,51.49396165805021,175079.46963737073,0.19425625888250253
2023-02-16,300750,3600,47.93030494961912,172549.09781862883,0.19144873059772644
2023-02-17,000001,22700,8.009869790438826,181824.04424296133,0.2016132657726581
2023-02-17,000858,4500,39.02014405175216,175590.64823288473,0.1947014443373891
2023-02-17,600036,5000,34.8914285358779,174457.1426793895,0.19344457120290834
2023-02-17,601888,3400,53.30157043337092,181225.33947346112,0.2009493996469475
2023-02-17,300750,3600,48.94707969906028,176209.48691661702,0.1953876356963658
2023-02-20,000001,22500,8.057951078458414,181303.8992653143,0.19932352425285166
2023-02-20,000858,4600,38.95865090758714,179209.79417490086,0.19702128801596724
2023-02-20,600036,5100,35.75812500589109,182366.43753004455,0.20049166720199815
2023-02-20,601888,3300,53.27301727427575,175800.95700511,0.19327364970791008
2023-02-20,300750,3600,49.6728565594571,178822.28361404556,0.1965952631428792
2023-02-21,000001,22500,8.160081135829039,183601.82555615337,0.20050399067436755
2023-02-21,000858,4600,38.91135432844737,178992.22991085792,0.19547004115084143
2023-02-21,600036,5100,35.258607577356806,179818.8986445197,0.19637281202233378
2023-02-21,601888,3300,53.03105882423313,175002.4941199693,0.19111301504074507
2023-02-21,300750,3600,51.72039749506262,186193.43098222543,0.20333417620551233
2023-02-22,000001,22500,8.027935374473012,180628.54592564277,0.20110331092201061
2023-02-22,000858,4600,37.92299819940655,174445.79171727013,0.1942197237484053
2023-02-22,600036,5100,34.23515582626442,174599.29471394853,0.19439062675108565
2023-02-22,601888,3300,52.231918304774766,172365.33040575671,0.1919034361658062
2023-02-22,300750,3600,51.12670595531355,184056.14143912875,0.20491943424145104
2023-02-23,000001,22500,8.2299470148969,185173.80783518025,0.20587079045961068
2023-02-23,000858,4600,38.77384071638642,178359.66729537753,0.1982950295265056
2023-02-23,600036,5100,34.041918163629866,173613.78263451232,0.19301869461723967
2023-02-23,601888,3300,51.1652304895218,168845.26061542192,0.18771719215924632
2023-02-23,300750,3600,50.38358639744303,181380.91103079493,0.20165395940569858
2023-02-24,000001,22500,8.250521875346555,185636.7421952975,0.20779508083708978
2023-02-24,000858,4600,38.19057805410696,175676.659048892,0.19664612261860248
2023-02-24,600036,5100,33.621366382599604,171468.96855125797,0.19193618547602176
2023-02-24,601888,3300,50.09366699774777,165309.10109256764,0.1850410517789559
2023-02-24,300750,3600,50.88340988088423,183180.2755711832,0.2050454006030204
2023-02-27,000001,21600,8.085962787619877,174656.79621258934,0.1995800015328002
2023-02-27,000858,4600,36.99177734087158,170162.17576800927,0.1944440069727787
2023-02-27,600036,5200,33.870620721904075,176127.22775390118,0.20126026096519978
2023-02-27,601888,3500,48.28571257570794,168999.9940149778,0.19311598400956637
2023-02-27,300750,3500,49.7223922403104,174028.37284108638,0.19886190329575737
2023-02-28,000001,21600,8.001420887207834,172830.69116368922,0.19733910641006444
2023-02-28,000858,4600,37.92317087993523,174446.58604770206,0.19918414475549162
2023-02-28,600036,5200,32.90637279376465,171113.1385275762,0.19537799464142735
2023-02-28,601888,3500,49.034656933589815,171621.29926756435,0.19595821558289753
2023-02-28,300750,3500,49.89905849268047,174646.70472438165,0.1994126414453215
2023-03-01,000001,21600,8.076004868164802,174441.7051523597,0.19874535268157803
2023-03-01,000858,4600,38.38636006299532,176577.25628977848,0.20117843405741723
2023-03-01,600036,5200,32.426681616972395,168618.74440825646,0.19211112272076106
2023-03-01,601888,3500,49.32751531090685,172646.30358817396,0.19669981135436218
2023-03-01,300750,3500,49.79527557291705,174283.46450520967,0.19856506555815806
2023-03-02,000001,21600,7.901851075707765,170679.9832352877,0.19270976702223086
2023-03-02,000858,4600,39.95508986428461,183793.4133757092,0.20751575668382616
2023-03-02,600036,5200,33.00969310234169,171650.4041321768,0.19380544081717846
2023-03-02,601888,3500,49.26812060119819,172438.42210419368,0.19469516881526105
2023-03-02,300750,3500,50.278499531605206,175974.74836061822,0.19868793115371713
2023-03-03,000001,21600,8.044337863258713,173757.6978463882,0.1943112892107585
2023-03-03,000858,4600,39.37098649898559,181106.5378953337,0.20252941480641787
2023-03-03,600036,5200,33.08171613569321,172024.92390560472,0.1923735475019445
2023-03-03,601888,3500,50.61429455415343,177150.030939537,0.19810489734974757
2023-03-03,300750,3500,51.15343605741105,179037.02620093868,0.2002151030357236
2023-03-06,000001,22100,8.386411299750794,185339.68972449255,0.20760711910919455
2023-03-06,600519,3200,46.59259178028368,149096.2936969078,0.16700930086958543
2023-03-06,000858,700,40.05158944414472,28036.112610901302,0.031404479951500655
2023-03-06,601318,2600,55.15248008085338,143396.44821021878,0.16062465383247176
2023-03-06,600036,900,33.06956881288883,29762.61193159995,0.033338407598876345
2023-03-06,600900,2600,54.80116223274277,142483.0218051312,0.1596014848352624
2023-03-06,601888,500,50.64848993428177,25324.244967140883,0.028366798007803413
2023-03-06,300750,3400,50.75600919742973,172570.43127126107,0.193303712404582
2023-03-07,000001,22100,8.541098997833512,188758.28785212061,0.20641700698829532
2023-03-07,600519,3200,48.491578645526666,155173.05166568534,0.1696898041116187
2023-03-07,000858,700,39.13309134048756,27393.16393834129,0.029955849761266994
2023-03-07,601318,2600,58.82315086240175,152940.19224224455,0.1672480561785513
2023-03-07,600036,900,32.21112883937495,28990.015955437455,0.03170209051033781
2023-03-07,600900,2600,54.108872418795066,140683.06828886716,0.1538442535189147
2023-03-07,601888,500,50.78750395157227,25393.751975786134,0.027769388770634562
2023-03-07,300750,3400,52.46650118101176,178386.10401543998,0.19507448440100997
2023-03-08,000001,22100,8.423614830922228,186161.88776338124,0.20340318855385892
2023-03-08,600519,3200,49.34080564491212,157890.5780637188,0.1725135440267576
2023-03-08,000858,700,39.90485708323083,27933.39995826158,0.03052043942464928
2023-03-08,601318,2600,58.15904211734342,151213.5095050929,0.16521808172061966
2023-03-08,600036,900,32.58487087755032,29326.38378979529,0.032042433836835624
2023-03-08,600900,2600,53.97580511694726,140337.09330406287,0.15333435104992368
2023-03-08,601888,500,52.73576985219142,26367.88492609571,0.028809934911092388
2023-03-08,300750,3400,52.72691103003312,179271.49750211262,0.1958746478500609
2023-03-09,000001,22100,8.79740601474963,194422.67292596682,0.21052478292798305
2023-03-09,600519,3200,48.8581584097662,156346.10691125185,0.16929471097056645
2023-03-09,000858,700,39.98335402453998,27988.347817177983,0.03030634627149663
2023-03-09,601318,2600,56.813078638111634,147714.00445909024,0.15994769671752496
2023-03-09,600036,900,32.557403585805694,29301.663227225126,0.03172843062747826
2023-03-09,600900,2600,54.84054240555704,142585.4102544483,0.154394351701694
2023-03-09,601888,500,52.27714274562358,26138.571372811788,0.028303371111476194
2023-03-09,300750,3400,53.61295301832277,182284.0402622974,0.19738082719430886
2023-03-10,000001,22100,8.77924006886454,194021.20552190635,0.21195932304823925
2023-03-10,600519,3200,46.74015777304849,149568.50487375516,0.16339677385830378
2023-03-10,000858,700,39.76831844506082,27837.822911542575,0.030411552611454742
2023-03-10,601318,2600,56.243887125614656,146234.1065265981,0.15975409565446808
2023-03-10,600036,900,32.256902199610806,29031.211979649725,0.03171527577062561
2023-03-10,600900,2600,55.48001693737135,144248.04403716553,0.15758441291458788
2023-03-10,601888,500,53.466580349558186,26733.290174779093,0.029204900943977225
2023-03-10,300750,3400,53.22417956880083,180962.21053392283,0.1976929662863707
2023-03-13,000001,20800,8.751988462378618,182041.36001747526,0.19808158520139657
2023-03-13,000858,4600,40.53363424514835,186454.7175276824,0.20288381724140328
2023-03-13,601318,3200,56.60862737710418,181147.60760673336,0.1971090815116838
2023-03-13,000333,3400,52.60898177236856,178870.5380260531,0.19463137231355582
2023-03-13,300750,3400,53.35924726172231,181421.44068985587,0.19740704287156535
2023-03-14,000001,20800,8.707485535167692,181115.69913148799,0.19604823249575376
2023-03-14,000858,4600,39.89131909838838,183500.06785258654,0.19862918641433244
2023-03-14,601318,3200,57.67729227981856,184567.33529541938,0.1997844473705665
2023-03-14,000333,3400,52.53823295920049,178629.99206128166,0.19335758513634205
2023-03-14,300750,3400,54.98023238832288,186932.7901202978,0.2023449279898048
2023-03-15,000001,20800,8.798401508698397,183006.75138092667,0.1972609408412835
2023-03-15,000858,4600,39.492804070892205,181666.89872610415,0.19581672857433363
2023-03-15,601318,3200,58.18500235901631,186192.00754885218,0.20069429301962818
2023-03-15,000333,3400,53.814306681373424,182968.64271666965,0.1972198639361485
2023-03-15,300750,3400,54.358428785207046,184818.65786970395,0.19921397468290758
2023-03-16,000001,20800,8.793454910997255,182903.86214874292,0.19862918388849257
2023-03-16,000858,4600,39.87249849329226,183413.4930691444,0.199182630779195
2023-03-16,601318,3200,56.81606361418014,181811.40356537644,0.1974428002096745
2023-03-16,000333,3400,52.93749167615681,179987.47169893316,0.19546205418362708
2023-03-16,300750,3400,54.00825411391719,183628.06398731846,0.1994156496223316
2023-03-17,000001,20800,9.206383777297743,191492.78256779307,0.20601981417122553
2023-03-17,000858,4600,40.37107512719941,185706.9455851173,0.1997950518380871
2023-03-17,601318,3200,57.63924389252809,184445.5804560899,0.19843799698724807
2023-03-17,000333,3400,52.182370924056144,177420.06114179088,0.19087950750174576
2023-03-17,300750,3400,53.333934463652746,181335.37717641934,0.19509184736677546
2023-03-20,000858,4600,40.7489269950546,187445.0641772512,0.20194753317564115
2023-03-20,601318,3200,56.98405030677822,182348.96098169032,0.19645714870662764
2023-03-20,000333,3500,50.97939183722376,178427.87143028315,0.19223268771191898
2023-03-20,601888,3300,55.53426006867048,183263.05822661257,0.19744196889650545
2023-03-20,300750,3400,53.65980869369674,182443.3495585689,0.19655884004933788
2023-03-21,000858,4600,40.7837822713264,187605.39844810145,0.20230005398673825
2023-03-21,601318,3200,56.93430581305032,182189.77860176103,0.19646024235898601
2023-03-21,000333,3500,51.30752524225127,179576.33834787944,0.19364209795149648
2023-03-21,601888,3300,55.292248533063706,182464.42015911022,0.19675639589368352
2023-03-21,300750,3400,53.313970678278416,181267.50030614663,0.19546572434118384
2023-03-22,000858,4600,40.36093709665113,185660.31064459519,0.20294406860830175
2023-03-22,601318,3200,56.18158693520183,179781.07819264586,0.196517518151987
2023-03-22,000333,3500,51.10925562049074,178882.3946717176,0.195535173085908
2023-03-22,601888,3300,53.95312635591547,178045.31697452106,0.19462016894193923
2023-03-22,300750,3400,52.41386102091744,178207.12747111928,0.19479704293514305
2023-03-23,000858,4600,41.71014821259044,191866.68177791603,0.20817853026412544
2023-03-23,601318,3200,56.98602588713343,182355.28283882697,0.19785850474668185
2023-03-23,000333,3500,49.87395721121451,174558.85023925078,0.18939924613625905
2023-03-23,601888,3300,54.08856418298689,178492.26180385676,0.19366706288722263
2023-03-23,300750,3400,52.97446656713959,180113.1863282746,0.19542579286595324
2023-03-24,000858,4600,41.208721921669664,189560.12083968046,0.20483780026943058
2023-03-24,601318,3200,56.45400398267335,180652.8127445547,0.19521260384918374
2023-03-24,000333,3500,51.8309363197911,181408.27711926884,0.19602895519994723
2023-03-24,601888,3300,54.282304294868005,179131.6041730644,0.1935687928189164
2023-03-24,300750,3400,53.06007794718273,180404.26502042127,0.1949440243143747
2023-03-27,000001,20400,9.245307255715115,188604.26801658835,0.20407784790410013
2023-03-27,000858,4400,40.68141393410306,178998.2213100535,0.19368369638594105
2023-03-27,600900,3400,54.15880927013122,184139.95151844615,0.1992472673828603
2023-03-27,601888,3400,53.46457182228764,181779.54419577797,0.1966932061643473
2023-03-27,300750,3400,53.43020055313036,181662.68188064324,0.19656675616390676
2023-03-28,000001,20400,9.13161638026557,186284.97415741763,0.2010648821281279
2023-03-28,000858,4400,40.562448825117656,178474.77483051768,0.19263501914984327
2023-03-28,600900,3400,54.05987325687132,183803.56907336248,0.19838660159050342
2023-03-28,601888,3400,54.50267916955082,185309.1091764728,0.20001159171512423
2023-03-28,300750,3400,54.00765735458064,183626.03500557417,0.19819498191438603
2023-03-29,000001,20400,9.284002430638065,189393.64958501654,0.20293929404030311
2023-03-29,000858,4400,40.35788468736603,177574.69262441053,0.19027503213324568
2023-03-29,600900,3400,53.83177095035175,183028.02123119595,0.19611838886698896
2023-03-29,601888,3400,55.544728558501774,188852.07709890604,0.2023589876876681
2023-03-29,300750,3400,54.53261794148467,185410.9010010479,0.19867169484813593
2023-03-30,000001,20400,9.128946115584109,186230.5007579158,0.2020815627749438
2023-03-30,000858,4400,40.98458962701994,180332.19435888776,0.1956812203498839
2023-03-30,600900,3400,53.33414648356005,181336.09804410418,0.19677057158267564
2023-03-30,601888,3400,52.36626287840807,178045.29378658746,0.19319966958521026
2023-03-30,300750,3400,54.88929273054131,186623.59528384043,0.20250811565319862
2023-03-31,000001,20400,9.220155993168932,188091.18226064622,0.20383363387548872
2023-03-31,000858,4400,42.11775429622692,185318.11890339846,0.20082847661994288
2023-03-31,600900,3400,53.5555182712757,182088.7621223374,0.19732883607405083
2023-03-31,601888,3400,51.30412029853354,174434.00901501405,0.1890334118891827
2023-03-31,300750,3400,54.07137576335585,183842.6775954099,0.19922954699568993
2023-04-03,000001,20100,9.248885475488512,185902.5980573191,0.20068864006037299
2023-04-03,600519,3800,46.54942428846672,176887.81229617354,0.19095684979092178
2023-04-03,000858,4300,42.789644464502935,183995.4711973626,0.19862982700478962
2023-04-03,601888,3500,52.34518769667817,183208.15693837358,0.19777989252518688
2023-04-03,300750,3400,54.3536747738745,184802.4942311733,0.199501037826184
2023-04-04,000001,20100,9.05678652909605,182041.4092348306,0.19883571558200325
2023-04-04,600519,3800,45.89368465693666,174396.0016963593,0.19048497777340404
2023-04-04,000858,4300,41.137834377301296,176892.68782239556,0.1932119967222284
2023-04-04,601888,3500,52.81671361621159,184858.49765674054,0.20191269567451434
2023-04-04,300750,3400,54.6533045438952,185821.2354492437,0.20296425124472675
2023-04-05,000001,20100,8.927253805237498,179437.80148527373,0.1975440448882913
2023-04-05,600519,3800,44.99400267106197,170977.21015003548,0.18822973418744962
2023-04-05,000858,4300,40.75625759641817,175251.90766459814,0.19293577177100715
2023-04-05,601888,3500,51.8712728362566,181549.4549268981,0.1998687755682701
2023-04-05,300750,3400,55.76468948328721,189599.94424317652,0.20873160274127317
2023-04-06,000001,20100,8.809136545188396,177063.64455828676,0.1964589457584517
2023-04-06,600519,3800,44.56543782961602,169348.6637525409,0.18789887686670026
2023-04-06,000858,4300,40.25050549936232,173077.17364725797,0.19203580246197652
2023-04-06,601888,3500,52.421279531788414,183474.47836125945,0.20357201322922808
2023-04-06,300750,3400,54.93666183193614,186784.65022858288,0.20724477664125404
2023-04-07,000001,20100,8.400205630613264,168844.13317532663,0.18859410494634787
2023-04-07,600519,3800,43.49515164681229,165281.57625788669,0.18461482997522802
2023-04-07,000858,4300,41.2322521720328,177298.68433974104,0.1980375986561361
2023-04-07,601888,3500,52.17971390321262,182628.99866124417,0.2039914084784929
2023-04-07,300750,3400,55.79340049291425,189697.56167590845,0.21188679275946876
2023-04-10,000001,3500,8.449951143157335,29574.829001050675,0.03267105105544319
2023-04-10,600519,600,42.896186291427206,25737.711774856325,0.02843222171856816
2023-04-10,000858,4300,41.1489113971586,176940.31900778197,0.19546439967122992
2023-04-10,600036,4300,34.37199985390543,147799.59937179333,0.16327290537769001
2023-04-10,000333,2700,55.25443359542355,149186.97070764357,0.16480552217641475
2023-04-10,600900,2700,55.50531167480933,149864.3415219852,0.16555380770185385
2023-04-10,601888,500,52.21983155873997,26109.915779369985,0.028843392178220663
2023-04-10,300750,3200,57.57619347026923,184243.81910486153,0.20353251139375733
2023-04-11,000001,3500,8.68896559542312,30411.37958398092,0.03350410174362982
2023-04-11,600519,600,41.85002434990312,25110.014609941874,0.027663608023842143
2023-04-11,000858,4300,40.45541430227104,173958.28149976546,0.19164918008472007
2023-04-11,600036,4300,34.55150080928779,148571.45347993748,0.16368060777528168
2023-04-11,000333,2700,54.14847298734537,146200.8770658325,0.16106895271537577
2023-04-11,600900,2700,54.98657983064638,148463.7655427452,0.1635619683826067
2023-04-11,601888,500,52.76366284845084,26381.83142422542,0.029064763792765572
2023-04-11,300750,3200,60.25647783897414,192820.72908471726,0.21242986717176682
2023-04-12,000001,3500,8.819350367287864,30867.726285507524,0.03345725803892988
2023-04-12,600519,600,42.64952252562395,25589.71351537437,0.02773646624656451
2023-04-12,000858,4300,40.53685720485863,174308.4859808921,0.18893144055692826
2023-04-12,600036,4300,35.35797995178514,152039.3137926761,0.164794079958253
2023-04-12,000333,2700,55.68589738499262,150351.92293948008,0.1629651317984264
2023-04-12,600900,2700,56.95455606018194,153777.30136249124,0.16667786945586358
2023-04-12,601888,500,51.977715550641285,25988.85777532064,0.028169095212373697
2023-04-12,300750,3200,60.59548959568201,193905.56670618244,0.21017254463344115
2023-04-13,000001,3500,8.84944336890378,30973.051791163227,0.03364444749671372
2023-04-13,600519,600,42.278333122013535,25366.999873208122,0.027554879032836876
2023-04-13,000858,4300,41.268360072049504,177453.94830981287,0.19275917940696496
2023-04-13,600036,4300,34.41170497396416,147970.3313880459,0.16073262909394023
2023-04-13,000333,2700,55.44502084015917,149701.55626842976,0.16261317044278134
2023-04-13,600900,2700,57.06533291778758,154076.39887802646,0.16736533898843806
2023-04-13,601888,500,53.68884047065685,26844.420235328424,0.029159725469638884
2023-04-13,300750,3200,60.13737433192223,192439.59786215113,0.20903732671279945
2023-04-14,000001,3500,8.839010637684362,30936.53723189527,0.03329877003673952
2023-04-14,600519,600,41.34194686217159,24805.168117302954,0.026699225665410126
2023-04-14,000858,4300,42.26870289027961,181755.42242820235,0.1956337895544226
2023-04-14,600036,4300,35.79240080433737,153907.32345865067,0.16565928282160639
2023-04-14,000333,2700,56.23854040283889,151844.05908766502,0.16343847299730532
2023-04-14,600900,2700,55.96450124012053,151104.15334832543,0.16264206999723937
2023-04-14,601888,500,53.27612413216416,26638.062066082082,0.028672074586562266
2023-04-14,300750,3200,60.092445753077065,192295.8264098466,0.2069790311258434
2023-04-17,000858,4400,42.36779150702009,186418.2826308884,0.1996402414001074
2023-04-17,600036,5100,35.47104099285943,180902.3090635831,0.19373304024476867
2023-04-17,000333,3300,55.59032288233506,183448.0655117057,0.1964593577747686
2023-04-17,600900,3300,57.16893056576724,188657.4708670319,0.20203824696959918
2023-04-17,300750,3000,61.58527417432672,184755.82252298016,0.19785986915025672
2023-04-18,000858,4400,41.510465633600816,182646.04878784358,0.19593192326492254
2023-04-18,600036,5100,35.15303897835902,179280.498789631,0.19232155945814777
2023-04-18,000333,3300,56.17044727683116,185362.47601354282,0.1988459463947559
2023-04-18,600900,3300,56.006472876508994,184821.36049247967,0.1982654695355299
2023-04-18,300750,3000,63.49728887849085,190491.86663547254,0.20434845453222533
2023-04-19,000858,4400,43.32346419810424,190623.24247165865,0.20242186155320194
2023-04-19,600036,5100,34.361493434597776,175243.61651644864,0.1860903141748259
2023-04-19,000333,3300,55.37193845190243,182727.396891278,0.19403730288032708
2023-04-19,600900,3300,57.06965141293976,188329.84966270122,0.19998651927467095
2023-04-19,300750,3000,65.06649806496937,195199.4941949081,0.20728136022054794
2023-04-20,000858,4400,44.16928392865015,194344.84928606066,0.20747310486462026
2023-04-20,600036,5100,32.78864431262814,167222.08599440352,0.1785181624861609
2023-04-20,000333,3300,54.614689524453205,180228.47543069557,0.19240315099673347
2023-04-20,600900,3300,58.115689676066,191781.7759310178,0.20473689246218194
2023-04-20,300750,3000,64.5189289007677,193556.78670230313,0.206631807594945
2023-04-21,000858,4400,43.793610081238114,192691.8843574477,0.2038392270508224
2023-04-21,600036,5100,33.31177196297028,169890.03701114844,0.17971827896886527
2023-04-21,000333,3300,55.05634384870254,181685.93470071838,0.19219657651331284
2023-04-21,600900,3300,58.10070148647474,191732.31490536666,0.20282414592238765
2023-04-21,300750,3000,66.57458998085691,199723.76994257074,0.21127791149340308
2023-04-24,000001,21200,9.032217317375313,191483.00712835664,0.2018545112941366
2023-04-24,000858,4300,42.66719319160355,183468.93072389526,0.19340635967819686
2023-04-24,000333,3400,54.42312950293245,185038.64030997033,0.19506109116650333
2023-04-24,600900,3200,58.578336392841386,187450.67645709243,0.19760377307338792
2023-04-24,300750,2800,69.06472960360169,193381.24289008474,0.2038555632817306
2023-04-25,000001,21200,9.139364496531906,193754.5273264764,0.2054935018319176
2023-04-25,000858,4300,42.76430265159798,183886.50140187133,0.19502760340158895
2023-04-25,000333,3400,54.95585236746301,186849.89804937423,0.19817054288700411
2023-04-25,600900,3200,58.486605139447576,187157.13644623224,0.19849639588738946
2023-04-25,300750,2800,65.51062541669698,183429.75116675155,0.19454318011315055
2023-04-26,000001,21200,8.89477952342701,188569.32589665262,0.20112562813571117
2023-04-26,000858,4300,44.16281411591514,189900.1006984351,0.20254501549705947
2023-04-26,000333,3400,53.72109401502762,182651.7196510939,0.19481398509653472
2023-04-26,600900,3200,59.191561799565775,189412.9977586105,0.20202547773940388
2023-04-26,300750,2800,64.01403383967642,179239.29475109396,0.19117433639855624
2023-04-27,000001,21200,8.720072075725778,184865.5280053865,0.19754640785999414
2023-04-27,000858,4300,45.34793670791466,194996.12784403304,0.20837191778163483
2023-04-27,000333,3400,54.535463682897806,185420.57652185255,0.1981395300164012
2023-04-27,600900,3200,57.86077932849753,185154.4938511921,0.1978551953632622
2023-04-27,300750,2800,63.41962681087573,177574.95507045204,0.18975573693244494
2023-04-28,000001,21200,8.608725775709773,182504.9864450472,0.19705426298536347
2023-04-28,000858,4300,44.48752594650973,191296.36156999183,0.20654648552469362
2023-04-28,000333,3400,53.079865709248445,180471.5434114447,0.19485871410686795
2023-04-28,600900,3200,58.06943797776986,185822.20152886354,0.20063592607434533
2023-04-28,300750,2800,63.66951178754747,178274.63300513293,0.19248666625550148
2023-05-01,000858,4100,45.86626368426884,188051.68110550224,0.20337135842621443
2023-05-01,000333,3400,51.55041584868977,175271.41388554522,0.18954994353487672
2023-05-01,002594,1100,163.7678198394109,180144.601823352,0.1948201269490946
2023-05-01,600900,3200,56.79908100547922,181757.0592175335,0.1965639435889209
2023-05-01,300750,2900,65.41952755966011,189716.62992301432,0.20517194271632552
2023-05-02,000858,4100,44.423682160682766,182137.09685879934,0.19807227437199412
2023-05-02,000333,3400,51.476228673855374,175019.17749110828,0.1903316081251393
2023-05-02,002594,1100,160.73885290769863,176812.7381984685,0.19228208748743247
2023-05-02,600900,3200,58.300843959099794,186562.70066911934,0.20288507433036293
2023-05-02,300750,2900,65.27135620255865,189286.9329874201,0.20584764977770215
2023-05-03,000858,4100,43.91052125058322,180033.1371273912,0.19825145948629305
2023-05-03,000333,3400,49.808311044367926,169348.25755085095,0.18648533129298445
2023-05-03,002594,1100,158.95845671828047,174854.30239010853,0.19254855633475765
2023-05-03,600900,3200,57.88884726567248,185244.31125015195,0.20398997458389692
2023-05-03,300750,2900,65.13618732459528,188894.9432413263,0.20801002962401738
2023-05-04,000858,4100,44.70974927663346,183309.97203419718,0.19806532517389677
2023-05-04,000333,3400,51.01618375063697,173455.0247521657,0.18741711375186326
2023-05-04,002594,1100,162.90475149352346,179195.22664287582,0.19361936746141717
2023-05-04,600900,3200,59.63041011226275,190817.3123592408,0.20617696136133493
2023-05-04,300750,2900,65.17070049252634,188995.0314283264,0.2042079977466745
2023-05-05,000858,4100,43.87358473088956,179881.6973966472,0.19510546905967696
2023-05-05,000333,3400,50.15513381127087,170527.45495832097,0.18495955713511228
2023-05-05,002594,1100,164.0593037636627,180465.23414002897,0.19573839176209068
2023-05-05,600900,3200,60.5666603784822,193813.31321114302,0.2102161472308575
2023-05-05,300750,2900,64.67374261432599,187553.85358154538,0.20342693618400018
2023-05-08,000858,4100,44.155530882992245,181037.6766202682,0.19586475008599843
2023-05-08,600036,4900,37.400333270197095,183261.63302396575,0.19827084959712976
2023-05-08,000333,3600,50.59554831077956,182143.9739188064,0.1970616536695188
2023-05-08,600900,3000,60.72456975492247,182173.7092647674,0.197093824354727
2023-05-08,300750,2800,64.45838464922203,180483.4770178217,0.1952651612674862
2023-05-09,000858,4100,44.37253655925987,181927.39989296548,0.19708699774591928
2023-05-09,600036,4900,38.41264703066352,188221.97045025125,0.20390608059965756
2023-05-09,000333,3600,49.91358513100062,179688.90647160224,0.19466197574181196
2023-05-09,600900,3000,58.81194308647298,176435.82925941894,0.19113782697938214
2023-05-09,300750,2800,64.86022491279567,181608.6297558279,0.19674166521581957
2023-05-10,000858,4100,45.34310813213198,185906.74334174112,0.20079882008516617
2023-05-10,600036,4900,37.441392171018784,183462.82163799205,0.19815912780896264
2023-05-10,000333,3600,50.594359639217146,182139.69470118172,0.1967300116674033
2023-05-10,600900,3000,59.08131680976592,177243.95042929778,0.19144209335114348
2023-05-10,300750,2800,64.95845227561492,181883.66637172177,0.19645347416510608
2023-05-11,000858,4100,45.76184664460482,187623.57124287979,0.20434675905037564
2023-05-11,600036,4900,36.22497784789232,177502.39145467235,0.19332346238362036
2023-05-11,000333,3600,51.36580433767416,184916.895615627,0.20139883311246798
2023-05-11,600900,3000,57.10885545798771,171326.5663739631,0.1865971761747768
2023-05-11,300750,2800,64.85511162803431,181594.31255849605,0.19778010293425663
2023-05-12,000858,4100,46.17690148900139,189325.2961049057,0.20521284689222566
2023-05-12,600036,4900,35.894924093738524,175885.12805931875,0.1906448245302453
2023-05-12,000333,3600,51.67308569564845,186023.10850433444,0.2016335506627881
2023-05-12,600900,3000,57.81465220058745,173443.95660176236,0.18799879806223646
2023-05-12,300750,2800,65.25131691764453,182703.68736940468,0.19803557471795868
2023-05-15,600519,4300,43.720003184021,187996.0136912903,0.20251087366680376
2023-05-15,000858,4000,47.25005198670862,189000.20794683447,0.20359260009295754
2023-05-15,002594,1100,158.35542348193985,174190.96583013385,0.18763996098901886
2023-05-15,600900,3100,56.23784524541393,174337.3202607832,0.18779761520217933
2023-05-15,300750,2800,66.39460683033776,185904.89912494575,0.20025830761791294
2023-05-16,600519,4300,43.05786353513111,185148.81320106378,0.19998100119516732
2023-05-16,000858,4000,46.91430462645176,187657.21850580705,0.20269035371854038
2023-05-16,002594,1100,157.16246577388972,172878.7123512787,0.1867279480954373
2023-05-16,600900,3100,57.05819728608808,176880.41158687306,0.19105022165355642
2023-05-16,300750,2800,66.56097781322909,186370.73787704145,0.201300813706316
2023-05-17,600519,4300,43.545598684167736,187246.07434192125,0.20349592553650367
2023-05-17,000858,4000,46.44004169975756,185760.16679903024,0.2018810658831572
2023-05-17,002594,1100,153.99348842892124,169392.83727181336,0.1840933238308462
2023-05-17,600900,3100,56.70466278985777,175784.4546485591,0.19103962750277786
2023-05-17,300750,2800,66.09532089436098,185066.89850421075,0.20112763340776235
2023-05-18,600519,4300,44.15250892808769,189855.78839077707,0.20605568551698092
2023-05-18,000858,4000,46.06348439109552,184253.9375643821,0.19997584343273103
2023-05-18,002594,1100,151.7964225281318,166976.064780945,0.1812236950213357
2023-05-18,600900,3100,56.576040178218754,175385.72455247815,0.19035092903340137
2023-05-18,300750,2800,67.14762091028908,188013.3385488094,0.2040560242560038
2023-05-19,600519,4300,44.84231283956701,192821.94521013813,0.20729829970779473
2023-05-19,000858,4000,46.953040535890175,187812.1621435607,0.20191240076110265
2023-05-19,002594,1100,149.69102479491812,164660.12727440993,0.1770221972216655
2023-05-19,600900,3100,59.10622215183527,183229.28867068933,0.19698546219263807
2023-05-19,300750,2800,65.9810393901099,184746.91029230773,0.1986170212012272
2023-05-22,600519,4100,44.68301246587707,183200.35111009597,0.19716367336427218
2023-05-22,000858,3900,46.108806431536365,179824.34508299181,0.19353035200014573
2023-05-22,600036,4700,39.02502712216136,183417.6274741584,0.19739751028551278
2023-05-22,600900,3100,59.85995992936752,185565.8757810393,0.1997094956333393
2023-05-22,300750,2800,66.36669007453538,185826.73220869908,0.19999023424102447
2023-05-23,600519,4100,44.33072393001145,181755.96811304695,0.19503530390984608
2023-05-23,000858,3900,46.52457695335721,181445.85011809313,0.19470252827655238
2023-05-23,600036,4700,39.46820515965162,185500.5642503626,0.199053485283713
2023-05-23,600900,3100,58.73106452609007,182066.30003087924,0.19536830909551184
2023-05-23,300750,2800,67.78585225138552,189800.38630387947,0.20366745812692838
2023-05-24,600519,4100,46.745376842169726,191656.04505289588,0.20463115607268292
2023-05-24,000858,3900,46.80315159374831,182532.2912156184,0.19488972425439938
2023-05-24,600036,4700,39.63196195411385,186270.2211843351,0.1988807120189967
2023-05-24,600900,3100,56.505858280768855,175168.16067038345,0.1870270421953718
2023-05-24,300750,2800,67.7220972957773,189621.87242817646,0.20245926999555525
2023-05-25,600519,4100,47.25290651897919,193736.91672781468,0.20746798559053056
2023-05-25,000858,3900,46.35365620279677,180779.2591909074,0.19359195642397292
2023-05-25,600036,4700,39.8153176776669,187131.99308503442,0.200394939181559
2023-05-25,600900,3100,55.95421083903578,173458.05360101094,0.18575186171469296
2023-05-25,300750,2800,66.91630006465928,187365.64018104598,0.20064514597315722
2023-05-26,600519,4100,49.30857720163716,202165.16652671236,0.211088538615254
2023-05-26,000858,3900,46.95871453448041,183138.98668447358,0.19122256186302988
2023-05-26,600036,4700,40.98972256425892,192651.69605201692,0.20115515288830443
2023-05-26,600900,3100,57.05625583288246,176874.39308193562,0.18468145524561722
2023-05-26,300750,2800,68.41161893010754,191552.5330043011,0.20000747386214757
2023-05-29,600519,3800,48.692525434769486,185031.59665212405,0.19388636550577087
2023-05-29,000858,4000,46.709295530642,186837.18212256802,0.19577835806708777
2023-05-29,600036,4600,41.25406223792554,189768.68629445747,0.1988501506670363
2023-05-29,000333,3500,52.56892997536993,183991.25491379478,0.19279623775365592
2023-05-29,300750,2800,68.99685344306265,193191.1896405754,0.20243643942374917
2023-05-30,600519,3800,50.50846301012296,191932.15943846724,0.2018188414427829
2023-05-30,000858,4000,45.74039320729102,182961.57282916407,0.19238616793018104
2023-05-30,600036,4600,41.42150994446393,190538.94574453408,0.2003538614497768
2023-05-30,000333,3500,51.8239137219589,181383.69802685615,0.19072701468835218
2023-05-30,300750,2800,67.38768536909792,188685.51903347418,0.19840496225216664
2023-05-31,600519,3800,51.30074240206084,194942.8211278312,0.2032672434895432
2023-05-31,000858,4000,44.51378887006989,178055.15548027956,0.1856584429946539
2023-05-31,600036,4600,41.92715510418101,192864.91347923267,0.20110060530552154
2023-05-31,000333,3500,53.45671439810539,187098.50039336886,0.19508795561673428
2023-05-31,300750,2800,68.06261260401547,190575.3152912433,0.1987132370009146
2023-06-01,600519,3800,50.78868597078997,192997.0066890019,0.201538896853187
2023-06-01,000858,4000,43.75933313778044,175037.33255112174,0.18278434218061787
2023-06-01,600036,4600,41.00497769761315,188622.8974090205,0.19697119306271688
2023-06-01,000333,3500,54.873681219160936,192057.8842670633,0.20055820963852677
2023-06-01,300750,2800,69.06833753447648,193391.34509653415,0.20195068835712965
2023-06-02,600519,3800,51.13745558579365,194322.33122601587,0.203816559352445
2023-06-02,000858,4000,41.9283622305536,167713.44892221442,0.1759076164885026
2023-06-02,600036,4600,40.16794510293336,184772.54747349344,0.19380019090565467
2023-06-02,000333,3500,55.25333489342045,193386.6721269716,0.20283518568792155
2023-06-02,300750,2800,70.61163486832208,197712.57763130183,0.2073724468992998
2023-06-05,600519,3700,50.7805581743452,187888.06524507725,0.19821744550315448
2023-06-05,600036,4700,39.30760989358606,184745.76649985448,0.19490239497307754
2023-06-05,000333,3400,56.319615560663145,191486.6929062547,0.20201391219935022
2023-06-05,601888,4000,46.21868285382442,184874.73141529766,0.1950384498952746
2023-06-05,300750,2700,70.58498545002277,190579.4607150615,0.20105680378918067
2023-06-06,600519,3700,50.196506079897006,185727.07249561892,0.19831822486118167
2023-06-06,600036,4700,38.28658189051709,179946.93488543032,0.192146229497754
2023-06-06,000333,3400,57.09642278976708,194127.8374852081,0.20728851001037868
2023-06-06,601888,4000,45.39516844524989,181580.67378099955,0.19389072583478423
2023-06-06,300750,2700,69.19033992515176,186813.91779790976,0.19947875158543787
2023-06-07,600519,3700,49.17779631075822,181957.84634980542,0.19438083736866044
2023-06-07,600036,4700,38.71896725878613,181979.1461162948,0.19440359135552618
2023-06-07,000333,3400,56.80480983371741,193136.3534346392,0.20632254590869348
2023-06-07,601888,4000,46.81413500777488,187256.54003109952,0.2000412940919716
2023-06-07,300750,2700,67.94282005884558,183445.61415888308,0.19597018104545189
2023-06-08,600519,3700,49.48771773716271,183104.55562750204,0.19131244520239915
2023-06-08,600036,4700,39.74655746738779,186808.8200967226,0.19518275793631407
2023-06-08,000333,3400,57.77795384274828,196445.04306534416,0.2052509365915349
2023-06-08,601888,4000,48.40073224913442,193602.9289965377,0.20228142122265658
2023-06-08,300750,2700,69.93395022449162,188821.66560612738,0.1972858317506122
2023-06-09,600519,3700,48.19307207726215,178314.36668586996,0.18800599781132868
2023-06-09,600036,4700,39.58685381679582,186058.21293894036,0.19617073276098534
2023-06-09,000333,3400,55.71160462653226,189419.45573020968,0.19971466372181465
2023-06-09,601888,4000,48.41571060492091,193662.84241968364,0.204188684315227
2023-06-09,300750,2700,71.3635600678825,192681.61218328276,0.2031541228656598
2023-06-12,600519,3900,48.68950699005202,189889.07726120285,0.20054407007753622
2023-06-12,600036,4800,40.01710621084092,192082.10981203642,0.2028601573422698
2023-06-12,000333,3300,54.78006999837324,180774.2309946317,0.19091777458548537
2023-06-12,601888,3900,49.32035259091274,192349.3751045597,0.20314241933609348
2023-06-12,300750,2600,69.04834253023331,179525.69057860662,0.18959917648443952
2023-06-13,600519,3900,48.31362342903682,188423.13137324358,0.1972641243875209
2023-06-13,600036,4800,40.16960724054551,192814.11475461844,0.2018611368966234
2023-06-13,000333,3300,55.44033172531623,182953.09469354353,0.19153742837029358
2023-06-13,601888,3900,50.76356660671355,197977.90976618286,0.20726722209459794
2023-06-13,300750,2600,69.52485221618419,180764.61576207887,0.18924626392031557
2023-06-14,600519,3900,46.330082188533865,180687.32053528208,0.18952179574096423
2023-06-14,600036,4800,40.51610008226833,194477.280394888,0.20398599803277914
2023-06-14,000333,3300,56.14894989485085,185291.5346530078,0.19435112701325397
2023-06-14,601888,3900,50.70050832854449,197731.9824813235,0.2073998346107734
2023-06-14,300750,2600,70.364706124013,182948.23592243379,0.19189325569134683
2023-06-15,600519,3900,46.96867612510985,183177.83688792842,0.1913897773658095
2023-06-15,600036,4800,40.28097028251096,193348.6573560526,0.20201656004920182
2023-06-15,000333,3300,56.059312017568246,184995.7296579752,0.1932891670433229
2023-06-15,601888,3900,50.21481749246343,195837.78822060738,0.2046172797110077
2023-06-15,300750,2600,72.10923479858445,187484.01047631958,0.19588899855098457
2023-06-16,600519,3900,47.9696410223394,187081.59998712366,0.19463352482669824
2023-06-16,600036,4800,40.17077007421381,192819.6963562263,0.2006032509899906
2023-06-16,000333,3300,56.54651739027967,186603.5073879229,0.19413613305870822
2023-06-16,601888,3900,49.922470482139175,194697.63488034278,0.20255699627751111
2023-06-16,300750,2600,72.2106675343668,187747.7355893537,0.19532655033152346
2023-06-19,000001,20000,9.695613763876793,193912.27527753587,0.20296892365092536
2023-06-19,600036,4700,40.73389153526141,191449.2902157286,0.2003909051822759
2023-06-19,000333,3300,55.64533928604238,183629.61964393986,0.1922060178821337
2023-06-19,601888,3800,47.6742000062089,181161.96002359383,0.18962310653027817
2023-06-19,300750,2600,72.73381935279015,189107.9303172544,0.19794019236488158
2023-06-20,000001,20000,9.348635997063695,186972.7199412739,0.19901832043907766
2023-06-20,600036,4700,40.07094852182571,188333.45805258086,0.20046672325182388
2023-06-20,000333,3300,54.67456159554138,180426.05326528655,0.19204988885858446
2023-06-20,601888,3800,48.16494139754735,183026.77731067993,0.19481816292339071
2023-06-20,300750,2600,70.99917132028651,184597.8454327449,0.19649044612623953
2023-06-21,000001,20000,9.23461611760717,184692.32235214338,0.19737787645170532
2023-06-21,600036,4700,40.05801901645032,188272.68937731648,0.20120416024816423
2023-06-21,000333,3300,54.429114399663526,179616.07751888962,0.1919529707881866
2023-06-21,601888,3800,48.24194312303804,183319.38386754456,0.1959106379702255
2023-06-21,300750,2600,70.6581036475923,183711.06948373996,0.19632922643225115
2023-06-22,000001,20000,9.307571155623828,186151.42311247656,0.19767605917362105
2023-06-22,600036,4700,40.57205514551036,190688.6591838987,0.20249419556571946
2023-06-22,000333,3300,53.95390462773547,178047.88527152705,0.18907083124154486
2023-06-22,601888,3800,49.76623681681808,189111.6999039087,0.20081960672436883
2023-06-22,300750,2600,69.8390976887492,181581.65399074793,0.19282337560981716
2023-06-23,000001,20000,9.26442693584924,185288.5387169848,0.1945922113613322
2023-06-23,600036,4700,43.05209736588389,202344.85761965427,0.21250495888439472
2023-06-23,000333,3300,53.75309626813908,177385.21768485897,0.18629205028612958
2023-06-23,601888,3800,50.169673844000805,190644.76060720306,0.20021737883999396
2023-06-23,300750,2600,69.38747596992471,180407.43752180424,0.1894660212471157
2023-06-26,000001,20400,9.042200049320323,184460.8810061346,0.19462340681654966
2023-06-26,600036,4400,44.09798861208322,194031.14989316618,0.20472093169437228
2023-06-26,000333,3500,53.9334290656709,188767.00172984815,0.19916676517438278
2023-06-26,601888,3800,49.17537466646337,186866.4237325608,0.19716147840173456
2023-06-26,300750,2700,68.92281775829882,186091.60794740682,0.19634397559604813
2023-06-27,000001,20400,9.045004141408388,184518.0844847311,0.1948141998437064
2023-06-27,600036,4400,43.11373942274231,189700.45346006617,0.20028574518325437
2023-06-27,000333,3500,55.30919530824459,193582.18357885606,0.20438407597404384
2023-06-27,601888,3800,49.2120294196362,187005.71179461756,0.1974406368416744
2023-06-27,300750,2700,68.4355709499878,184776.04156496708,0.1950865509377497
2023-06-28,000001,20400,9.017099736405896,183948.8346226803,0.19496992835466143
2023-06-28,600036,4400,42.66333758336299,187718.68536679714,0.1989656455930766
2023-06-28,000333,3500,54.89085977938716,192118.00922785507,0.20362855014345782
2023-06-28,601888,3800,48.832193494824736,185562.335280334,0.19668010014383433
2023-06-28,300750,2700,69.09570845674608,186558.41283321442,0.19773585659654108
2023-06-29,000001,20400,9.02445624874282,184098.90747435353,0.19590935137723295
2023-06-29,600036,4400,43.029503692907326,189329.81624879222,0.201475837127598
2023-06-29,000333,3500,54.01969147899256,189068.92017647397,0.2011982038650983
2023-06-29,601888,3800,49.06514266458022,186447.54212540484,0.1984086573069743
2023-06-29,300750,2700,67.85295911048105,183202.98959829885,0.19495595794110085
2023-06-30,000001,20400,9.029621871590646,184204.28618044915,0.19680107638542252
2023-06-30,600036,4400,42.298385559957566,186112.8964638133,0.19884020677676634
2023-06-30,000333,3500,54.823439857258776,191882.03950040572,0.2050038720364912
2023-06-30,601888,3800,48.8205471421247,185518.07914007388,0.19820471293462014
2023-06-30,300750,2700,66.9290342482448,180708.39247026097,0.19306611636163623
2023-07-03,600036,4400,41.02022955478554,180489.01004105638,0.19373633959577227
2023-07-03,000333,3400,56.515607266293394,192153.06470539753,0.2062564994381938
2023-07-03,002594,1100,154.39887070490468,169838.75777539515,0.18230439208134225
2023-07-03,601888,3800,49.31767453258372,187407.16322381815,0.20116226361234382
2023-07-03,300750,2700,65.49993144623002,176849.81490482105,0.18983003890406483
2023-07-04,600036,4400,41.51049823500177,182646.1922340078,0.19607830039264323
2023-07-04,000333,3400,54.29048838952188,184587.6605243744,0.19816254752632323
2023-07-04,002594,1100,158.61301881874468,174474.32070061914,0.18730545568290544
2023-07-04,601888,3800,50.04523003645945,190171.8741385459,0.204157433601437
2023-07-04,300750,2700,64.71559279113582,174732.10053606672,0.18758219308099636
2023-07-05,600036,4400,42.15237533949052,185470.45149375827,0.20040909055742973
2023-07-05,000333,3400,53.59136375175966,182210.63675598285,0.19688671542046476
2023-07-05,002594,1100,161.6190615570269,177780.9677127296,0.19210026055782234
2023-07-05,601888,3800,49.18206039422394,186891.82949805097,0.20194495285185143
2023-07-05,300750,2700,62.30419787387102,168221.33425945175,0.18177065047166654
2023-07-06,600036,4400,42.62125179523731,187533.50789904417,0.20123452559213886
2023-07-06,000333,3400,55.86794102154097,189950.9994732393,0.20382863677528826
2023-07-06,002594,1100,159.23215239430675,175155.36763373742,0.1879520503059468
2023-07-06,601888,3800,48.89758934378043,185810.83950636565,0.19938600070377674
2023-07-06,300750,2700,62.43718697290339,168580.40482683916,0.1808967270410271
2023-07-07,600036,4400,42.33751583903129,186285.06969173768,0.1993321973821409
2023-07-07,000333,3400,55.27285667614829,187927.7126989042,0.20108988864894362
2023-07-07,002594,1100,162.09451527169082,178303.9667988599,0.19079210997844892
2023-07-07,601888,3800,48.95792889842612,186040.12981401925,0.1990701022816966
2023-07-07,300750,2700,63.37217616573344,171104.8756474803,0.18308880524912488
2023-07-10,600519,3500,49.65501687801788,173792.55907306258,0.1908632939609942
2023-07-10,600036,4400,41.026057741665504,180514.65406332823,0.19824566521442297
2023-07-10,002594,1100,163.64394975440587,180008.34472984646,0.1976896237609399
2023-07-10,601888,3800,49.6143103192784,188534.37921325793,0.20705312605705845
2023-07-10,300750,2900,59.16109475755856,171567.17479691983,0.18841932181662266
2023-07-11,600519,3500,49.49949923873153,173248.24733556036,0.18862538801486403
2023-07-11,600036,4400,41.95640004936516,184608.1602172067,0.20099358225676778
2023-07-11,002594,1100,164.5345454981328,180988.00004794606,0.1970521044807754
2023-07-11,601888,3800,50.01358700780027,190051.63062964103,0.20692020335963018
2023-07-11,300750,2900,59.806396126621,173438.5487672009,0.18883258019103338
2023-07-12,600519,3500,51.70037146216397,180951.3001175739,0.19586098220806253
2023-07-12,600036,4400,41.79777562659301,183910.21275700923,0.19906369772019808
2023-07-12,002594,1100,162.95679179824927,179252.47097807418,0.1940221761666033
2023-07-12,601888,3800,49.79490390646001,189220.63484454804,0.20481167789679217
2023-07-12,300750,2900,60.13733952086677,174398.28461051363,0.18876802375568585
2023-07-13,600519,3500,51.0583348626907,178704.17201941746,0.1908862565466273
2023-07-13,600036,4400,42.63878739707677,187610.66454713777,0.20039989575473885
2023-07-13,002594,1100,168.5267741747477,185379.45159222247,0.19801658324608715
2023-07-13,601888,3800,50.4057452138538,191541.83181264444,0.20459904675771415
2023-07-13,300750,2900,60.96621737539547,176802.03038864688,0.18885444782489338
2023-07-14,600519,3500,50.81957052070855,177868.49682247994,0.1892429117939882
2023-07-14,600036,4400,43.63199993216818,191980.79970153997,0.20425767459157018
2023-07-14,002594,1100,167.18141861849264,183899.5604803419,0.1956596526346543
2023-07-14,601888,3800,51.434324114944175,195450.43163678786,0.20794918411691934
2023-07-14,300750,2900,60.19054266239328,174552.5737209405,0.18571494054427012
2023-07-17,600519,3700,50.00484833568251,185017.9388420253,0.2007300324008288
2023-07-17,000858,3800,49.96432557502658,189864.437185101,0.20598810508029364
2023-07-17,600036,4300,42.33439756223192,182037.90951759726,0.19749693302359161
2023-07-17,002594,1100,163.45648805603892,179802.13686164282,0.19507129408025753
2023-07-17,601888,3600,49.43335324666603,177960.0716879977,0.19307279704637836
2023-07-18,600519,3700,50.31388289912013,186161.36672674448,0.20209047842258626
2023-07-18,000858,3800,51.31738623663826,195006.0676992254,0.2116919864178356
2023-07-18,600036,4300,41.22214186110667,177255.2100027587,0.1924222561436925
2023-07-18,002594,1100,161.82580739423577,178008.38813365935,0.19323988082859592
2023-07-18,601888,3600,49.36236957261784,177704.5304614242,0.192910023224765
2023-07-19,600519,3700,49.9144340631927,184683.406033813,0.20166036925758687
2023-07-19,000858,3800,52.47269416752561,199396.2378365973,0.2177256734334858
2023-07-19,600036,4300,40.66852284138419,174874.64821795202,0.19094994450647193
2023-07-19,002594,1100,161.29453795006393,177423.99174507032,0.19373363562460622
2023-07-19,601888,3600,47.8869569324326,172393.04495675734,0.1882402206566111
2023-07-20,600519,3700,49.65015207180091,183705.56266566337,0.20116539615774146
2023-07-20,000858,3800,51.528140450648806,195806.93371246546,0.21441691160102846
2023-07-20,600036,4300,40.02440588396584,172104.9453010531,0.1884622272718143
2023-07-20,002594,1100,166.37074568293605,183007.82025122966,0.20040133856918022
2023-07-20,601888,3600,47.64960016230895,171538.56058431222,0.1878420119431787
2023-07-21,600519,3700,49.21471346346509,182094.43981482083,0.19856963662216276
2023-07-21,000858,3800,50.413279331171495,191570.46145845167,0.20890301185488844
2023-07-21,600036,4300,42.35124272310473,182110.34370935036,0.19858697943922418
2023-07-21,002594,1100,168.2484150843806,185073.25659281868,0.20181796515856706
2023-07-21,601888,3600,46.983160843994135,169139.3790383789,0.184442452324761
2023-07-24,600519,3700,48.01662967383119,177661.5297931754,0.19425227881926574
2023-07-24,000858,3600,50.29487166887431,181061.5380079475,0.19796979349164628
2023-07-24,000333,3100,59.08260545735021,183156.07691778566,0.20025992887878014
2023-07-24,002594,1000,168.15325612838055,168153.25612838054,0.18385608427352587
2023-07-24,600900,2800,64.53888398646902,180708.87516211325,0.19758419756923168
2023-07-25,600519,3700,48.76759929652344,180440.11739713672,0.19431594178724104
2023-07-25,000858,3600,51.45731454536665,185246.33236331993,0.19949175413461565
2023-07-25,000333,3100,61.074112594454704,189329.7490428096,0.2038891850897196
2023-07-25,002594,1000,168.4111894800297,168411.1894800297,0.18136199068911024
2023-07-25,600900,2800,64.75484740911327,181313.57274551716,0.19525656575201097
2023-07-26,600519,3700,46.888701159622336,173488.19429060264,0.18714437598545533
2023-07-26,000858,3600,50.90406135216136,183254.62086778088,0.19767957012282833
2023-07-26,000333,3100,62.3530825422873,193294.5558810906,0.2085098020050801
2023-07-26,002594,1000,171.70958414311303,171709.58414311302,0.18522576194065302
2023-07-26,600900,2800,64.79686044410013,181431.20924348038,0.19571262803786582
2023-07-27,600519,3700,47.393438563499565,175355.72268494838,0.1905222149665374
2023-07-27,000858,3600,50.41176519333102,181482.35469599167,0.19717873853563703
2023-07-27,000333,3100,61.74134146032404,191398.1585270045,0.2079521588730641
2023-07-27,002594,1000,168.59654954696526,168596.54954696525,0.183178441875627
2023-07-27,600900,2800,64.1828215435302,179711.90032188455,0.19525515780677705
2023-07-28,600519,3700,45.94622590664107,170001.03585457196,0.18224357878177322
2023-07-28,000858,3600,52.70847091315467,189750.4952873568,0.2034152860478108
2023-07-28,000333,3100,62.9317563700204,195088.44474706324,0.2091376453734641
2023-07-28,002594,1000,171.8503179378408,171850.3179378408,0.18422603602585866
2023-07-28,600900,2800,65.1008671397657,182282.42799134395,0.1954094094731952
2023-07-31,000858,3500,52.36889898913306,183291.1464619657,0.19486215893875283
2023-07-31,000333,2900,61.46222644539014,178240.4566916314,0.18949262346595552
2023-07-31,002594,1000,171.04750559736922,171047.50559736922,0.18184558755383282
2023-07-31,600900,2800,68.51169751561588,191832.75304372446,0.20394298979968237
2023-07-31,601888,3900,48.26486672788259,188232.9802387421,0.2001159664327167
2023-08-01,000858,3500,53.62657481407658,187693.01184926802,0.19762312411156183
2023-08-01,000333,2900,62.508969037036216,181276.01020740502,0.1908666236995358
2023-08-01,002594,1000,173.2747604488352,173274.7604488352,0.18244205872236288
2023-08-01,600900,2800,68.13858810109492,190788.0466830658,0.20088190528334263
2023-08-01,601888,3900,48.39635609160098,188745.7887572438,0.19873159937921733
2023-08-02,000858,3500,54.265759982617936,189930.15993916278,0.2006823759635947
2023-08-02,000333,2900,61.04417299035301,177028.10167202374,0.18704991385910552
2023-08-02,002594,1000,172.2478640133565,172247.86401335648,0.18199906015941256
2023-08-02,600900,2800,68.366449966931,191426.0599074068,0.20226296095297833
2023-08-02,601888,3900,48.15766135099358,187814.87926887497,0.19844734625120358
2023-08-03,000858,3500,54.48070254849699,190682.45891973947,0.2012759949324059
2023-08-03,000333,2900,59.94582308229445,173842.88693865392,0.18350088533957493
2023-08-03,002594,1000,173.61296581115838,173612.96581115838,0.1832581907364383
2023-08-03,600900,2800,69.14901435119211,193617.2401833379,0.2043738206164579
2023-08-03,601888,3900,48.11228217625075,187637.90048737792,0.19806229330995437
2023-08-04,000858,3500,54.4984989874248,190744.7464559868,0.20113730713449327
2023-08-04,000333,2900,62.28364940363426,180622.58327053935,0.1904636467410911
2023-08-04,002594,1000,172.73779613333946,172737.79613333946,0.18214926387303648
2023-08-04,600900,2800,69.1200946745429,193536.2650887201,0.2040809192183694
2023-08-04,601888,3900,46.849991146029694,182714.9654695158,0.19267003055410678
2023-08-07,000858,3400,55.71845396172116,189442.74346985194,0.20014365408632465
2023-08-07,000333,3000,61.64093461797688,184922.80385393064,0.1953684000205811
2023-08-07,002594,1000,171.95284281543775,171952.84281543776,0.18166581448969568
2023-08-07,600900,2700,67.52115294087012,182307.11294034933,0.19260495852994475
2023-08-07,601888,4000,47.117077690493645,188468.31076197457,0.1991141793265968
2023-08-08,000858,3400,56.28827920728088,191380.149304755,0.2018411741891043
2023-08-08,000333,3000,60.97373984271233,182921.21952813698,0.19291987109315495
2023-08-08,002594,1000,173.58078637799554,173580.78637799554,0.18306888079291622
2023-08-08,600900,2700,66.73576533149681,180186.5663950414,0.19003573916312405
2023-08-08,601888,4000,47.66580991105056,190663.23964420223,0.2010850775500372
2023-08-09,000858,3400,56.15735836515724,190935.01844153463,0.1992741273181353
2023-08-09,000333,3000,60.337442523246,181012.327569738,0.18891806178199388
2023-08-09,002594,1000,176.34189488449115,176341.89488449116,0.184043647412397
2023-08-09,600900,2700,67.72178755111919,182848.82638802181,0.19083476989725434
2023-08-09,601888,4000,49.3936181483712,197574.47259348482,0.20620356039331408
2023-08-10,000858,3400,56.22391489397639,191161.31063951974,0.19938017377635475
2023-08-10,000333,3000,61.21796563270604,183653.8968981181,0.1915499833923064
2023-08-10,002594,1000,172.53973833274213,172539.73833274213,0.17995797840589303
2023-08-10,600900,2700,66.93025254395228,180711.68186867115,0.18848126963482045
2023-08-10,601888,4000,50.31781693788384,201271.26775153537,0.20992480228471597
2023-08-11,000858,3400,56.41836074918312,191822.42654722263,0.20072024468826635
2023-08-11,000333,3000,61.88808592489639,185664.25777468915,0.19427642492691918
2023-08-11,002594,1000,170.22644224807573,170226.44224807573,0.17812251547154415
2023-08-11,600900,2700,69.03409842904496,186392.06575842138,0.19503799279575668
2023-08-11,601888,4000,48.03133024794831,192125.32099179324,0.2010371891046376
2023-08-14,000858,3300,54.915505918506646,181221.16953107194,0.19055739577666098
2023-08-14,000333,3000,62.41430796519166,187242.923895575,0.19688938134256195
2023-08-14,002594,1100,168.09512344067767,184904.63578474542,0.19443062834958552
2023-08-14,600900,2700,68.97868398598762,186242.44676216657,0.19583736121947298
2023-08-14,300750,3200,59.82486434694385,191439.56591022032,0.20130222767495812
2023-08-15,000858,3300,55.302025607418926,182496.68450448246,0.19069801481544077
2023-08-15,000333,3000,63.524745927627336,190574.237782882,0.19913857020930553
2023-08-15,002594,1100,170.25349111240394,187278.84022364434,0.1956950787602385
2023-08-15,600900,2700,67.86959429930629,183247.90460812696,0.19148299445955555
2023-08-15,300750,3200,60.45014864600423,193440.47566721353,0.20213361571391253
2023-08-16,000858,3300,53.1491291260046,175392.1261158152,0.18327226869423963
2023-08-16,000333,3000,62.33057296417544,186991.71889252632,0.1953930162511362
2023-08-16,002594,1100,171.5192539233707,188671.1793157078,0.19714793267044803
2023-08-16,600900,2700,69.59997461544059,187919.9314616896,0.1963629322168548
2023-08-16,300750,3200,61.89786530149373,198073.16896477994,0.20697234161847225
2023-08-17,000858,3300,54.10944940086637,178561.183022859,0.18683195223347482
2023-08-17,000333,3000,63.06246355399822,189187.39066199466,0.19795035481374795
2023-08-17,002594,1100,169.81127246818895,186792.39971500784,0.1954444303645928
2023-08-17,600900,2700,70.570091848288,190539.2479903776,0.19936482877458958
2023-08-17,300750,3200,59.59260198732899,190696.32635945277,0.19952918285116517
2023-08-18,000858,3300,53.077031238719,175154.2030877727,0.18342166283116534
2023-08-18,000333,3000,63.96981552908267,191909.446587248,0.20096777117248082
2023-08-18,002594,1100,166.63465977687213,183298.12575455933,0.19194998708018077
2023-08-18,600900,2700,70.21275949999651,189574.45064999058,0.19852256100929022
2023-08-18,300750,3200,60.94853040433743,195035.2972938798,0.20424116526902478
2023-08-21,000858,3600,52.0025648851093,187209.23358639347,0.19623747479840317
2023-08-21,000333,2900,63.67986500322109,184671.60850934117,0.19357747172288156
2023-08-21,002594,1100,172.58873629641752,189847.6099260593,0.19900308790703727
2023-08-21,600900,2700,69.9081855054003,188752.1008645808,0.1978547474767876
2023-08-21,601888,3700,50.9254161393102,188424.03971544775,0.19751086544569313
2023-08-22,000858,3600,51.69618196315348,186106.25506735253,0.19277226995618424
2023-08-22,000333,2900,63.573396931476985,184362.85110128325,0.19096642017500326
2023-08-22,002594,1100,181.1010184212413,199211.12026336542,0.20634652951232296
2023-08-22,600900,2700,69.83417183717577,188552.26396037458,0.19530589079805347
2023-08-22,601888,3700,51.91866913544549,192099.0758011483,0.19897974350873202
2023-08-23,000858,3600,52.79808201940159,190073.09526984574,0.19797280275698165
2023-08-23,000333,2900,64.43327852334552,186856.507717702,0.19462252926295
2023-08-23,002594,1100,175.3662943560501,192902.9237916551,0.20092024296670144
2023-08-23,600900,2700,67.32199602337164,181769.38926310343,0.18932398294852368
2023-08-23,601888,3700,52.27199894022621,193406.396078837,0.20144464027639095
2023-08-24,000858,3600,53.40030936499232,192241.11371397233,0.19732748657411814
2023-08-24,000333,2900,63.800948154126,185022.74964696539,0.18991813687258297
2023-08-24,002594,1100,182.23429873185228,200457.7286050375,0.20576149911845723
2023-08-24,600900,2700,67.68175643396556,182740.74237170702,0.1875757515665939
2023-08-24,601888,3700,53.69531609398938,198672.6695477607,0.20392921043497156
2023-08-25,000858,3600,53.572906208290206,192862.46234984475,0.2003817995376439
2023-08-25,000333,2900,63.4771878238919,184083.84468928652,0.19126092042595494
2023-08-25,002594,1100,177.86753257107478,195654.28582818224,0.20328247085421108
2023-08-25,600900,2700,66.73278377611216,180178.51619550283,0.18720333067087608
2023-08-25,601888,3700,52.59652594146481,194607.1459834198,0.20219450503699338
2023-08-28,600519,3400,54.785769677954406,186271.61690504497,0.19507029347475682
2023-08-28,000858,3500,52.73742007918116,184580.97027713407,0.19329978791224375
2023-08-28,000333,3000,62.97306599158644,188919.1979747593,0.19784293497993397
2023-08-28,600900,2800,67.48892525725114,188968.9907203032,0.19789507972236736
2023-08-28,601888,3600,51.52639384371225,185495.0178373641,0.19425701117999933
2023-08-29,600519,3400,54.173561983565136,184190.11074412146,0.19196795314778212
2023-08-29,000858,3500,54.52346162140931,190832.11567493257,0.19889043170113183
2023-08-29,000333,3000,62.859687784008656,188579.06335202596,0.1965422391677982
2023-08-29,600900,2800,67.58913127865642,189249.56758023798,0.1972410569476822
2023-08-29,601888,3600,51.65937131253506,185973.73672512622,0.19382689675431675
2023-08-30,600519,3400,53.894372809229495,183240.86755138027,0.18971868391169847
2023-08-30,000858,3500,54.57483568154417,191011.92488540462,0.19776445879649623
2023-08-30,000333,3000,64.06037834827333,192181.13504482,0.19897500214102756
2023-08-30,600900,2800,67.38886283084646,188688.8159263701,0.19535922474482964
2023-08-30,601888,3600,52.798301209484805,190073.8843541453,0.19679325724400168
2023-08-31,600519,3400,55.83960727307464,189854.6647284538,0.19257170296073373
2023-08-31,000858,3500,53.52431499570187,187335.10248495656,0.19001608288871813
2023-08-31,000333,3000,66.17312769058655,198519.38307175966,0.20136042337185484
2023-08-31,600900,2800,69.79845521321973,195435.67459701523,0.19823258348830322
2023-08-31,601888,3600,53.91302743974706,194086.89878308942,0.19686450514389467
2023-09-01,600519,3400,54.363689142316034,184836.5430838745,0.1899764085673199
2023-09-01,000858,3500,52.68192261674479,184386.72915860676,0.1895140863845946
2023-09-01,000333,3000,65.23796483679367,195713.89451038098,0.2011562333154738
2023-09-01,600900,2800,69.99196195480714,195977.49347346,0.2014271623399638
2023-09-01,601888,3600,53.15861371882072,191371.00938775457,0.19669258286707397
2023-09-04,600519,3500,54.22621966735448,189791.76883574066,0.19673792936253862
2023-09-04,600036,4600,41.41572373123988,190512.32916370346,0.1974848613700425
2023-09-04,000333,2900,64.66935050567044,187541.11646644428,0.19440490570420768
2023-09-04,600900,2700,69.72360962766142,188253.74599468583,0.19514361665383892
2023-09-04,601888,3600,52.4461485590746,188806.13481266858,0.19571622226745225
2023-09-05,600519,3500,56.956263274757134,199346.92146164997,0.20386424513641574
2023-09-05,600036,4600,41.095882011375146,189041.05725232567,0.1933248437144756
2023-09-05,000333,2900,67.57019980610671,195953.57943770947,0.20039400789809758
2023-09-05,600900,2700,69.81810709990161,188508.88916973435,0.192780616376287
2023-09-05,601888,3600,51.44522933018879,185202.82558867964,0.18939963536397486
2023-09-06,600519,3500,56.02244829739584,196078.56904088543,0.20355478791167164
2023-09-06,600036,4600,41.05291269918453,188843.39841624885,0.196043749713022
2023-09-06,000333,2900,65.06129882842976,188677.7666024463,0.19587180257522452
2023-09-06,600900,2700,68.36433055645307,184583.69250242328,0.19162162679517236
2023-09-06,601888,3600,51.472235435561366,185300.0475680209,0.19236529554061682
2023-09-07,600519,3500,57.90351790656412,202662.31267297443,0.20937723283027349
2023-09-07,600036,4600,40.302152594732185,185389.90193576805,0.19153252595426024
2023-09-07,000333,2900,64.941909502425,188331.5375570325,0.19457162838160288
2023-09-07,600900,2700,69.3232458762724,187172.76386593547,0.1933744604142664
2023-09-07,601888,3600,51.27342434486624,184584.32764151847,0.19070026013066158
2023-09-08,600519,3500,56.795921433680654,198785.7250178823,0.2078269195563901
2023-09-08,600036,4600,39.94791406826308,183760.40471401016,0.19211821595696957
2023-09-08,000333,2900,64.06882643852657,185799.59667172705,0.19425015467097098
2023-09-08,600900,2700,69.63016381495457,188001.44230037736,0.19655214488832654
2023-09-08,601888,3600,50.10030887920938,180361.11196515377,0.18856431619579886
2023-09-11,600519,3300,56.37333991957916,186032.02173461122,0.19560301297766847
2023-09-11,000333,2900,64.5101860430438,187079.53952482704,0.19670442355205991
2023-09-11,002594,1000,175.97431271379097,175974.31271379098,0.18502785408953015
2023-09-11,600900,2700,69.04220623310557,186413.95682938505,0.1960045979016137
2023-09-11,601888,3800,50.65191560008304,192477.27928031556,0.2023798666806042
2023-09-12,600519,3300,57.04223376262864,188239.37141667452,0.19697943198162007
2023-09-12,000333,2900,65.08072925855247,188734.11484980216,0.1974971466323899
2023-09-12,002594,1000,175.64725878682165,175647.25878682165,0.18380266043478688
2023-09-12,600900,2700,68.79715699818806,185752.32389510775,0.19437690943587105
2023-09-12,601888,3800,51.09587191418879,194164.31327391742,0.2031794722430191
2023-09-13,600519,3300,56.411136806168734,186156.7514603568,0.19630330299636423
2023-09-13,000333,2900,64.28477865600603,186425.85810241746,0.19658707740841405
2023-09-13,002594,1000,175.3447254762258,175344.72547622578,0.1849019630174625
2023-09-13,600900,2700,69.31848891555539,187159.92007199957,0.19736114973242358
2023-09-13,601888,3800,50.03484599662136,190132.41478716116,0.20049566151428458
2023-09-14,600519,3300,57.027113244153696,188189.4737057072,0.20139898279229054
2023-09-14,000333,2900,61.9096466455654,179537.97527213968,0.19214021316060337
2023-09-14,002594,1000,177.31757585752283,177317.57585752284,0.18976395813054922
2023-09-14,600900,2700,68.05282177731546,183742.61879875173,0.19663999156259895
2023-09-14,601888,3800,48.03457976016221,182531.40308861638,0.1953437574685243
2023-09-15,600519,3300,56.21822185008726,185520.13210528795,0.19806949101595897
2023-09-15,000333,2900,60.99917968211815,176897.62107814263,0.18886371722178708
2023-09-15,002594,1000,178.02223207398228,178022.23207398228,0.19006440161657012
2023-09-15,600900,2700,69.96613784269667,188908.572175281,0.2016871393670323
2023-09-15,601888,3800,48.473916578391176,184200.88299788648,0.19666100237237624
2023-09-18,600519,3300,55.64736830923246,183636.31542046712,0.19492242542289284
2023-09-18,000858,3300,56.21350153110919,185504.55505266032,0.19690548525255921
2023-09-18,600036,4500,41.39892507967614,186295.16285854264,0.19774468304809328
2023-09-18,002594,1000,186.33793050558,186337.93050558,0.1977900791532758
2023-09-18,600900,2600,68.98674529026226,179365.5377546819,0.19038916990014565
2023-09-19,600519,3300,56.29090580089762,185759.98914296215,0.19471337763350807
2023-09-19,000858,3300,56.75037304606353,187276.23105200965,0.19630270041922868
2023-09-19,600036,4500,42.46295506669235,191083.29780011557,0.20029326280470244
2023-09-19,002594,1000,186.43826995910416,186438.26995910416,0.19542435069775274
2023-09-19,600900,2600,70.19224397487422,182499.83433467295,0.19129608762795383
2023-09-20,600519,3300,56.02875492715512,184894.8912596119,0.19584459982278712
2023-09-20,000858,3300,55.69866870373968,183805.60672234095,0.19469080648192386
2023-09-20,600036,4500,40.6536703097128,182941.5163937076,0.19377554363464308
2023-09-20,002594,1000,188.9856551187182,188985.6551187182,0.20017762387498383
2023-09-20,600900,2600,70.1931401229057,182502.16431955484,0.1933101725767541
2023-09-21,600519,3300,57.50033675408446,189751.1112884787,0.1999895871053947
2023-09-21,000858,3300,55.10617128750253,181850.36524875835,0.19166253738442582
2023-09-21,600036,4500,39.16097902688692,176224.40562099114,0.18573301562621994
2023-09-21,002594,1000,196.5176675357092,196517.6675357092,0.2071212491063182
2023-09-21,600900,2600,70.57747248144155,183501.428451748,0.19340268765816424
2023-09-22,600519,3300,55.951404173829694,184639.633773638,0.1972751946317932
2023-09-22,000858,3300,54.02978397056941,178298.28710287905,0.1904998865728782
2023-09-22,600036,4500,39.49239428543783,177715.77428447024,0.18987751028627878
2023-09-22,002594,1000,197.2553685919958,197255.3685919958,0.2107542700114908
2023-09-22,600900,2600,68.10789610188095,177080.52986489047,0.18919879378348828
2023-09-25,600519,3300,55.66928621219665,183708.64450024895,0.19964844462841394
2023-09-25,000858,3400,51.90873046851876,176489.6835929638,0.1918031180195681
2023-09-25,601318,6100,29.43666495578602,179563.65623029473,0.19514380924040278
2023-09-25,002594,900,193.11724349572623,173805.51914615362,0.18888605737503314
2023-09-25,600900,2700,69.15138175685688,186708.73074351356,0.20290883857366493
2023-09-26,600519,3300,57.20111420503126,188763.67687660316,0.204614518010345
2023-09-26,000858,3400,50.3565451575749,171212.25353575466,0.1855892686260003
2023-09-26,601318,6100,29.80148232831733,181789.04220273573,0.19705421013911964
2023-09-26,002594,900,191.3196353167315,172187.67178505837,0.18664659458108987
2023-09-26,600900,2700,69.88743899455879,188696.08528530874,0.20454125062594616
2023-09-27,600519,3300,55.46562991046233,183036.5787045257,0.19649543789820323
2023-09-27,000858,3400,49.97177692597266,169904.04154830705,0.18239725240167873
2023-09-27,601318,6100,30.99529581223688,189071.30445464497,0.2029739029528821
2023-09-27,002594,900,194.55349634302868,175098.1467087258,0.18797328521003545
2023-09-27,600900,2700,72.04110772364717,194510.99085384735,0.20881357482942894
2023-09-28,600519,3300,55.57624405093302,183401.60536807898,0.1981550513176627
2023-09-28,000858,3400,49.901932581323976,169666.57077650152,0.183315124050496
2023-09-28,601318,6100,31.24402119348108,190588.52928023456,0.20592011571702373
2023-09-28,002594,900,192.6465476575352,173381.89289178167,0.1873293192530813
2023-09-28,600900,2700,69.86034334595959,188622.92703409088,0.2037963937726437
2023-09-29,600519,3300,56.97795540393848,188027.25283299698,0.2016774267587291
2023-09-29,000858,3400,49.87035948861516,169559.22226129155,0.18186867655425096
2023-09-29,601318,6100,31.961145136711732,194962.98533394156,0.20911667113635005
2023-09-29,002594,900,190.87601738008195,171788.41564207376,0.184259702206171
2023-09-29,600900,2700,69.66462850629509,188094.49696699672,0.20174955260062358
2023-10-02,600519,3200,57.42768610901071,183768.59554883427,0.19364403940201352
2023-10-02,000858,3700,51.60508330317639,190938.80822175267,0.20119956836064048
2023-10-02,601318,5800,31.990304982948278,185543.7689011,0.19551460786092195
2023-10-02,002594,900,199.9799857220448,179981.9871498403,0.18965394444686146
2023-10-02,600900,2600,69.87207280924778,181667.38930404425,0.191429917540535
2023-10-03,600519,3200,55.99166697654871,179173.33432495585,0.188662974036778
2023-10-03,000858,3700,53.07791376951597,196388.2809472091,0.20678968379453863
2023-10-03,601318,5800,31.81497363289969,184526.8470708182,0.19430002734040408
2023-10-03,002594,900,200.5592180664341,180503.2962597907,0.19006337535724782
2023-10-03,600900,2600,70.00280214099976,182007.28556659937,0.19164702114143256
2023-10-04,600519,3200,55.92273329582598,178952.74654664312,0.19009899207370148
2023-10-04,000858,3700,51.88244762244714,191965.0562030544,0.2039217860680364
2023-10-04,601318,5800,31.910144557054643,185078.83843091692,0.1966066535375494
2023-10-04,002594,900,196.17633204156544,176558.6988374089,0.18755582877900928
2023-10-04,600900,2600,69.88816580242559,181709.23108630654,0.19302716692862149
2023-10-05,600519,3200,55.51223039355402,177639.13725937286,0.18956130108801644
2023-10-05,000858,3700,51.1873868352123,189393.3312902855,0.20210437210331567
2023-10-05,601318,5800,31.369209453997364,181941.4148331847,0.19415232391730874
2023-10-05,002594,900,195.5895117066121,176030.56053595088,0.187844765524423
2023-10-05,600900,2600,71.1540694028234,185000.58044734082,0.19741680393567562
2023-10-06,600519,3200,54.79470323108182,175343.05033946183,0.18800371751369488
2023-10-06,000858,3700,50.75664826940559,187799.59859680067,0.20135969241680393
2023-10-06,601318,5800,31.68374274288072,183765.7079087082,0.19703453414028807
2023-10-06,002594,900,193.52091861491564,174168.82675342407,0.18674470896479617
2023-10-06,600900,2600,70.95332540340586,184478.6460488552,0.19779895006920825
2023-10-09,600519,3400,55.91168714333348,190099.73628733383,0.20105542557575592
2023-10-09,601318,5800,32.13897293672866,186406.04303302625,0.1971488600870557
2023-10-09,002594,900,193.93796469907588,174544.16822916828,0.18460337036995658
2023-10-09,600900,2600,72.07087697024834,187384.28012264566,0.19818347422281726
2023-10-09,300750,3700,51.27264759452835,189708.7960997549,0.20064195500855037
2023-10-10,600519,3400,57.43038854864382,195263.321065389,0.20326096056837284
2023-10-10,601318,5800,32.67207965671426,189498.0620089427,0.19725956672059353
2023-10-10,002594,900,196.70548440774328,177034.93596696894,0.1842859731283389
2023-10-10,600900,2600,72.3896788831326,188213.16509614477,0.19592204270788258
2023-10-10,300750,3700,52.23723585481485,193277.77266281494,0.20119408762285407
2023-10-11,600519,3400,57.73801057800824,196309.23596522803,0.20391405820271113
2023-10-11,601318,5800,32.94069985818481,191056.05917747188,0.19845737863294613
2023-10-11,002594,900,189.8573676555239,170871.6308899715,0.177491025907011
2023-10-11,600900,2600,72.00013142344,187200.341700944,0.19445229454173618
2023-10-11,300750,3700,54.02767439300549,199902.39525412032,0.20764641286633265
2023-10-12,600519,3400,56.14227568383367,190883.73732503445,0.19847123855848087
2023-10-12,601318,5800,33.57504844335056,194735.28097143324,0.20247587849572796
2023-10-12,002594,900,195.1418398217229,175627.6558395506,0.18260873801021663
2023-10-12,600900,2600,72.55303391758999,188637.88818573396,0.19613611841394246
2023-10-12,300750,3700,52.572871800897474,194519.62566332065,0.2022516510329665
2023-10-13,600519,3400,58.12174752200651,197613.94157482212,0.20426083784183127
2023-10-13,601318,5800,34.234535347085306,198560.30501309477,0.2052390329391203
2023-10-13,002594,900,191.86677180491768,172680.0946244259,0.17848832185373453
2023-10-13,600900,2600,71.66242407639913,186322.30259863776,0.19258939594100966
2023-10-13,300750,3700,52.68001457127527,194916.0539137185,0.20147220466307597
2023-10-16,600519,3300,57.15697716622513,188618.02464854292,0.1966417542505725
2023-10-16,601318,5600,34.382809441616445,192543.7328730521,0.200734460413633
2023-10-16,002594,1000,186.3139834167021,186313.98341670207,0.1942397000962092
2023-10-16,600900,2600,71.93568353411014,187032.77718868636,0.1949890710459408
2023-10-16,601888,3700,51.734905923011546,191419.15191514272,0.1995620402657063
2023-10-17,600519,3300,57.23560596143442,188877.4996727336,0.19607261156494316
2023-10-17,601318,5600,34.37995950839534,192527.7732470139,0.19986193890078652
2023-10-17,002594,1000,186.14447892550965,186144.47892550964,0.19323547894566415
2023-10-17,600900,2600,72.62177025820603,188816.60267133568,0.1960093947491697
2023-10-17,601888,3700,52.34295933573748,193668.9495422287,0.2010465872408295
2023-10-18,600519,3300,59.1200201203063,195096.06639701079,0.20006377294350428
2023-10-18,601318,5600,36.08747549000106,202089.86274400595,0.20723565144530368
2023-10-18,002594,1000,185.99812160973264,185998.12160973263,0.19073416833491827
2023-10-18,600900,2600,72.1443182568415,187575.2274677879,0.19235143184064046
2023-10-18,601888,3700,51.659883930965584,191141.57054457266,0.1960085842616461
2023-10-19,600519,3300,58.09647567502152,191718.36972757103,0.19934146376733564
2023-10-19,601318,5600,36.686359285131125,205443.6119967343,0.21361244827645776
2023-10-19,002594,1000,175.2437959782551,175243.7959782551,0.18221182902863967
2023-10-19,600900,2600,71.65590372816963,186305.34969324103,0.1937132115629248
2023-10-19,601888,3700,51.29160799988998,189778.94959959295,0.19732492853536832
2023-10-20,600519,3300,57.42111849630848,189489.69103781797,0.19458914620446938
2023-10-20,601318,5600,38.0353975909594,212998.22650937265,0.21873033204351502
2023-10-20,002594,1000,174.28197440867822,174281.97440867822,0.17897216684070436
2023-10-20,600900,2600,72.16933446681851,187640.26961372813,0.19268995404306535
2023-10-20,601888,3700,53.00406353593075,196115.03508294377,0.20139278831286564
2023-10-23,600519,3300,57.33926937621428,189219.58894150713,0.1953151914891742
2023-10-23,601318,5100,36.92974445521743,188341.6967216089,0.19440901846556993
2023-10-23,000333,3200,60.48583730033795,193554.67936108145,0.1997899344064299
2023-10-23,600900,2600,72.83062327556594,189359.62051647145,0.19545973410250342
2023-10-23,601888,3600,52.23322280944044,188039.6021139856,0.19409719205020853
2023-10-24,600519,3300,59.25096513476908,195528.18494473796,0.19863400125208147
2023-10-24,601318,5100,37.12600502700288,189342.6256377147,0.19235018904626908
2023-10-24,000333,3200,62.15786379187652,198905.16413400488,0.2020646211839275
2023-10-24,600900,2600,72.3566656987009,188127.33081662233,0.19111559019248883
2023-10-24,601888,3600,53.38473961950006,192185.0626302002,0.1952377759856349
2023-10-25,600519,3300,62.55044717685805,206416.47568363158,0.20971279604738483
2023-10-25,601318,5100,37.124476515273365,189334.83022789416,0.19235836918902108
2023-10-25,000333,3200,59.86614096040496,191571.65107329588,0.19463091042969818
2023-10-25,600900,2600,71.02370900973904,184661.6434253215,0.18761055500619728
2023-10-25,601888,3600,53.33927269146671,192021.38168928016,0.19508782291516627
2023-10-26,600519,3300,62.60851264432023,206608.09172625677,0.20990472341028885
2023-10-26,601318,5100,36.249269138823095,184871.2726079978,0.18782107234553344
2023-10-26,000333,3200,60.2465497045644,192788.9590546061,0.19586509312777226
2023-10-26,600900,2600,72.7263011001241,189088.38286032266,0.19210547066560393
2023-10-26,601888,3600,52.96171243462357,190662.16476464487,0.19370436378046102
2023-10-27,600519,3300,63.57621983694723,209801.52546192586,0.21392074416220191
2023-10-27,601318,5100,36.86477137532033,188010.3340141337,0.19170170700110806
2023-10-27,000333,3200,58.01923707558755,185661.55864188014,0.18930681604692615
2023-10-27,600900,2600,71.55061988486167,186031.61170064035,0.18968413468431541
2023-10-27,601888,3600,53.04538772627412,190963.39581458684,0.19471274887279622
2023-10-30,600519,3000,63.25747431705943,189772.4229511783,0.1927083896399328
2023-10-30,000858,3700,52.60435302445418,194636.10619048047,0.1976473188594105
2023-10-30,601318,5300,36.84594412559341,195283.5038656451,0.19830473241559252
2023-10-30,600900,2700,70.81230355744968,191193.21960511414,0.19415116742043373
2023-10-30,601888,3700,54.63935987534584,202165.6315387796,0.20529333339650196
2023-10-31,600519,3000,64.73492091653691,194204.76274961073,0.1957643879284263
2023-10-31,000858,3700,53.11753873649042,196534.89332501453,0.1981132313832872
2023-10-31,601318,5300,36.70937620265589,194559.6938740762,0.19612216944394617
2023-10-31,600900,2700,71.01942920198462,191752.4588453585,0.1932923899916435
2023-10-31,601888,3700,54.937164653710646,203267.5092187294,0.20489991576182429
2023-11-01,600519,3000,63.902275743307015,191706.82722992104,0.19273119644853678
2023-11-01,000858,3700,55.31329272094756,204659.18306750598,0.20575276210415636
2023-11-01,601318,5300,36.10141285836171,191337.48814931707,0.1923598838357907
2023-11-01,600900,2700,71.09614834969278,191959.6005441705,0.19298532043561387
2023-11-01,601888,3700,54.94812221993116,203308.05221374528,0.20439441159694402
2023-11-02,600519,3000,63.44139558654827,190324.1867596448,0.19012378328670934
2023-11-02,000858,3700,56.35768052449293,208523.41794062383,0.2083038514322617
2023-11-02,601318,5300,37.14951279456414,196892.41781118992,0.19668509826344452
2023-11-02,600900,2700,69.20874960802338,186863.62394166313,0.18666686429781132
2023-11-02,601888,3700,55.8747535817034,206736.58825230258,0.20651890320147448
2023-11-03,600519,3000,62.85979183364944,188579.3755009483,0.1854960980661228
2023-11-03,000858,3700,57.2879714492486,211965.49436221982,0.2084998533079287
2023-11-03,601318,5300,37.74037951326914,200024.01142032645,0.19675361390629675
2023-11-03,600900,2700,70.53467186243503,190443.61402857458,0.1873298562478995
2023-11-03,601888,3700,57.80958441081174,213895.46232000343,0.2103982662420605
2023-11-06,600519,3200,63.468197031952016,203098.23050224644,0.19715034505382048
2023-11-06,601318,5300,38.383191675849325,203430.91588200143,0.19747328749034915
2023-11-06,000333,3400,58.76939499678511,199815.9429890694,0.19396418181552705
2023-11-06,600900,2800,74.27268603518414,207963.5208985156,0.2018731517372637
2023-11-06,601888,3500,57.31942111046703,200617.9738866346,0.1947427246310296
2023-11-07,600519,3200,62.58831818477482,200282.6181912794,0.19551653296867352
2023-11-07,601318,5300,38.54068207430408,204265.6149938116,0.19940474719659357
2023-11-07,000333,3400,58.55908466375589,199100.88785677002,0.19436292403349112
2023-11-07,600900,2800,72.58216869817464,203230.072354889,0.19839384715777936
2023-11-07,601888,3500,57.78714122058831,202254.9942720591,0.19744197281216552
2023-11-08,600519,3200,62.73351832332933,200747.25863465384,0.1951852320619999
2023-11-08,601318,5300,38.41561354887967,203602.75180906226,0.19796160919257233
2023-11-08,000333,3400,59.36318845128161,201834.84073435748,0.19624268094554087
2023-11-08,600900,2800,72.61402041348157,203319.2571577484,0.19768596921780315
2023-11-08,601888,3500,58.21409507440444,203749.33276041553,0.19810412888225748
2023-11-09,600519,3200,60.72879573452183,194332.14635046985,0.19098073938753024
2023-11-09,601318,5300,38.49893028337453,204044.330501885,0.20052542947169158
2023-11-09,000333,3400,59.418389816112935,202022.525374784,0.1985384919252144
2023-11-09,600900,2800,72.2959764548644,202428.73407362032,0.19893769524338029
2023-11-09,601888,3500,56.99370377968475,199477.96322889664,0.1960378127058192
2023-11-10,600519,3200,62.04345884840156,198539.068314885,0.19701043579794722
2023-11-10,601318,5300,38.39275670375904,203481.6105299229,0.2019149233831817
2023-11-10,000333,3400,56.5479179756043,192262.92111705462,0.1907826111935949
2023-11-10,600900,2800,72.30946350801916,202466.49782245365,0.20090762643865603
2023-11-10,601888,3500,55.93324106527932,195766.3437284776,0.1942590595385934
2023-11-13,600519,3200,62.387186565327234,199638.99700904716,0.19653921245636502
2023-11-13,000858,3400,60.38622666367842,205313.17065650664,0.20212528349819564
2023-11-13,601318,5200,38.31090962502768,199216.73005014396,0.1961235020150557
2023-11-13,000333,3500,57.17441865681465,200110.46529885128,0.1970033602820128
2023-11-13,601888,3600,55.33927097301803,199221.37550286492,0.19612807533806853
2023-11-14,600519,3200,62.31379148596247,199404.1327550799,0.19733371982868622
2023-11-14,000858,3400,61.543210033261225,209246.91411308816,0.20707430359693682
2023-11-14,601318,5200,37.94004997568936,197288.25987358467,0.19523981605336713
2023-11-14,000333,3500,55.65976078339008,194809.16274186526,0.19278645938487873
2023-11-14,601888,3600,54.85343561712909,197472.3682216647,0.19542201280463894
2023-11-15,600519,3200,62.943113810336826,201417.96419307785,0.20007526073064294
2023-11-15,000858,3400,63.70277584125002,216589.43786025007,0.21514559748927395
2023-11-15,601318,5200,36.86397185409816,191692.65364131043,0.19041478157662808
2023-11-15,000333,3500,55.20978582912769,193234.25040194692,0.19194610166052187
2023-11-15,601888,3600,53.195996306177456,191505.58670223886,0.19022896167342943
2023-11-16,600519,3200,63.84157010548773,204293.02433756075,0.20221096321336546
2023-11-16,000858,3400,63.76848446113091,216812.8471678451,0.21460318973202205
2023-11-16,601318,5200,36.96822033902538,192234.74576293197,0.19027557710227702
2023-11-16,000333,3500,55.32303957028002,193630.63849598006,0.19165724353463545
2023-11-16,601888,3600,53.07059028398304,191054.12502233894,0.18910698870862475
2023-11-17,600519,3200,64.51815257051348,206458.08822564312,0.2071633005799415
2023-11-17,000858,3400,64.0638654568022,217817.1425531275,0.21856115476997295
2023-11-17,601318,5200,35.88906778697104,186623.1524922494,0.1872606133632026
2023-11-17,000333,3500,54.02872539245792,189100.53887360272,0.18974646191475963
2023-11-17,601888,3600,51.201622566930816,184325.84124095095,0.18495545503606414
2023-11-20,600519,3000,65.96490457248963,197894.7137174689,0.20097457426464269
2023-11-20,000858,3100,61.87500820656739,191812.5254403589,0.19479772811940035
2023-11-20,601318,5500,35.999677130149024,197998.22421581965,0.20107969571001724
2023-11-20,600900,2700,68.47732351854704,184888.773500077,0.18776622094888154
2023-11-20,601888,3800,50.99912723272705,193796.6834843628,0.19681276586688035
2023-11-21,600519,3000,66.0552828386493,198165.8485159479,0.2001145409760986
2023-11-21,000858,3100,61.84387796462104,191716.02169032523,0.19360128884788974
2023-11-21,601318,5500,36.00714243335324,198039.28338344282,0.19998673124710387
2023-11-21,600900,2700,70.03981398737643,189107.49776591637,0.1909671136271466
2023-11-21,601888,3800,51.302371429662266,194949.01143271662,0.1968660706613263
2023-11-22,600519,3000,65.71004576610233,197130.13729830697,0.19878169674370494
2023-11-22,000858,3100,61.37598838914823,190265.56400635952,0.19185961194684847
2023-11-22,601318,5500,36.174095522898405,198957.52537594122,0.20062439470790136
2023-11-22,600900,2700,70.25121290467199,189678.27484261437,0.19126740246508978
2023-11-22,601888,3800,51.940957526744505,197375.63860162912,0.1990292548608756
2023-11-23,600519,3000,64.71628623822663,194148.8587146799,0.19680674335237877
2023-11-23,000858,3100,61.341009471408896,190157.12936136758,0.192760367496397
2023-11-23,601318,5500,35.43363750282697,194885.00626554832,0.1975529687130241
2023-11-23,600900,2700,69.53019426604867,187731.5245183314,0.19030155628845033
2023-11-23,601888,3800,52.97052123020951,201287.98067479616,0.20404359940534558
2023-11-24,600519,3000,64.26617411924485,192798.52235773456,0.19407570090786744
2023-11-24,000858,3100,63.85912171304667,197963.27731044468,0.19927466937093868
2023-11-24,601318,5500,35.10391653091712,193071.54092004415,0.19435052806003192
2023-11-24,600900,2700,69.0970082515879,186561.9222792873,0.18779778696586696
2023-11-24,601888,3800,53.878804897072456,204739.45860887534,0.20609573894600308
2023-11-27,600519,3000,66.33608114591523,199008.2434377457,0.19871363249141857
2023-11-27,000858,3100,64.44549508887849,199781.03477552332,0.19948527979222866
2023-11-27,601318,5600,34.89236923285914,195397.26770401117,0.19510800243060544
2023-11-27,002594,1000,184.07697766453967,184076.97766453968,0.18380447089974453
2023-11-27,601888,3600,54.10239444200708,194768.61999122548,0.19448028536518575
2023-11-28,600519,3000,66.32071266679715,198962.13800039145,0.1954561358264506
2023-11-28,000858,3100,68.56439536810223,212549.6256411169,0.20880419217795917
2023-11-28,601318,5600,35.25262898125298,197414.7222950167,0.19393598783583585
2023-11-28,002594,1000,180.66251627841896,180662.51627841897,0.17747898004792012
2023-11-28,601888,3600,55.52724734230742,199898.0904323067,0.1963755954155869
2023-11-29,600519,3000,66.41935929309675,199258.07787929024,0.19563223246964637
2023-11-29,000858,3100,69.8499377559643,216534.80704348936,0.21259458166089593
2023-11-29,601318,5600,35.5295214088279,198965.3198894362,0.19534480171783933
2023-11-29,002594,1000,177.93051997414494,177930.51997414493,0.1746927663736378
2023-11-29,601888,3600,54.831893353478975,197394.81607252432,0.19380287593458098
2023-11-30,600519,3000,66.67929984911333,200037.89954734,0.1960536663220928
2023-11-30,000858,3100,70.02706248214935,217083.89369466298,0.21276014872492727
2023-11-30,601318,5600,35.79839454223422,200471.00943651164,0.1964781497918983
2023-11-30,002594,1000,178.9680214660744,178968.0214660744,0.17540344525828863
2023-11-30,601888,3600,54.25302363563802,195310.88508829687,0.19142080166219555
2023-12-01,600519,3000,68.0921719032248,204276.5157096744,0.19855079178580795
2023-12-01,000858,3100,70.7085760793217,219196.58584589727,0.21305266307901674
2023-12-01,601318,5600,35.9762729946809,201467.12877021302,0.1958201499431816
2023-12-01,002594,1000,180.51288385752204,180512.88385752204,0.17545323745578842
2023-12-01,601888,3600,54.14833799164276,194934.01676991396,0.18947015637696907
2023-12-04,600519,3000,66.73328435355393,200199.8530606618,0.19537785526343932
2023-12-04,000858,2900,72.28441584590341,209624.80595311988,0.20457579948735163
2023-12-04,601318,5700,36.33068566848843,207084.90831038405,0.2020970776179803
2023-12-04,002594,1100,178.93708364288807,196830.79200717687,0.19208994114752828
2023-12-04,600900,2900,67.53857361261777,195861.86347659153,0.19114435015275388
2023-12-05,600519,3000,68.2075827191431,204622.7481574293,0.19858834873232387
2023-12-05,000858,2900,73.60640202644947,213458.56587670348,0.20716359496653272
2023-12-05,601318,5700,36.71302980316187,209264.26987802263,0.2030929902856114
2023-12-05,002594,1100,178.6038758813797,196464.26346951767,0.19067046073150484
2023-12-05,600900,2900,66.03395788367075,191498.47786264517,0.18585111795213388
2023-12-06,600519,3000,69.52303451887919,208569.10355663756,0.20234241232661962
2023-12-06,000858,2900,72.64170399724944,210660.94159202336,0.20437179993513277
2023-12-06,601318,5700,37.20805207579421,212085.89683202698,0.20575421408853828
2023-12-06,002594,1100,176.58596655161443,194244.56320677587,0.1884455215578777
2023-12-06,600900,2900,65.56358200774555,190134.3878224621,0.1844580527134249
2023-12-07,600519,3000,70.66767268828654,212003.01806485964,0.20916391350857977
2023-12-07,000858,2900,70.14921556470914,203432.7251376565,0.2007083923328374
2023-12-07,601318,5700,36.33090643179721,207086.1666612441,0.20431290765447563
2023-12-07,002594,1100,175.7645361110217,193340.98972212386,0.19075180354050164
2023-12-07,600900,2900,62.97673790326056,182632.53991945562,0.1801867592841457
2023-12-08,600519,3000,72.31127999493175,216933.83998479525,0.21301928461124922
2023-12-08,000858,2900,71.09319989553593,206170.2796970542,0.20244995198649435
2023-12-08,601318,5700,35.83543938367503,204262.00448694767,0.20057611146384116
2023-12-08,002594,1100,170.7600401878739,187836.0442066613,0.18444655644280503
2023-12-08,600900,2900,64.86076368842294,188096.2146964265,0.18470203217499429
2023-12-11,600519,2800,73.62825078273166,206159.10219164862,0.20108945343352086
2023-12-11,000858,2800,72.27446333728584,202368.49734440036,0.19739206317128055
2023-12-11,601318,5600,36.314756109908615,203362.63421548824,0.19836175326946176
2023-12-11,000333,3700,53.44112434375755,197732.16007190294,0.19286973784996986
2023-12-11,601888,3600,55.48540725800922,199747.46612883318,0.1948354856107097
2023-12-12,600519,2800,77.7265693091862,217634.39406572137,0.20901667655679973
2023-12-12,000858,2800,72.23198631607744,202249.56168501682,0.1942410408058291
2023-12-12,601318,5600,36.1468639293711,202422.43800447817,0.19440707170321692
2023-12-12,000333,3700,53.4404093344432,197729.51453743986,0.18989997497052147
2023-12-12,601888,3600,57.0424574341784,205352.84676304224,0.19722144441437503
2023-12-13,600519,2800,79.00686785638901,221219.22999788923,0.21350864305231898
2023-12-13,000858,2800,70.63372866451272,197774.4402606356,0.190881020474048
2023-12-13,601318,5600,35.75399017731422,200222.34499295964,0.1932436035900133
2023-12-13,000333,3700,53.08653324206177,196420.17299562856,0.18957395613753175
2023-12-13,601888,3600,56.84346051459099,204636.45785252756,0.19750386273174855
2023-12-14,600519,2800,78.21711836121152,219007.93141139226,0.21116997991416908
2023-12-14,000858,2800,71.74899634671812,200897.1897708107,0.1937073934049694
2023-12-14,601318,5600,35.580638745067695,199251.5769723791,0.19212067451606055
2023-12-14,000333,3700,54.109279414520046,200204.33383372417,0.19303933369875198
2023-12-14,601888,3600,56.08741759030711,201914.7033251056,0.19468849173980196
2023-12-15,600519,2800,79.18629684937639,221721.63117825388,0.21316612021476566
2023-12-15,000858,2800,71.03671488843733,198902.80168762454,0.1912277945560971
2023-12-15,601318,5600,35.16958616577285,196949.68252832795,0.1893500398630078
2023-12-15,000333,3700,52.99943835092119,196097.9218984084,0.18853114588380165
2023-12-15,601888,3600,58.50620158075214,210622.32569070772,0.20249510054345302
2023-12-18,600519,2600,81.94535100557637,213057.91261449855,0.2006197610993291
2023-12-18,000858,2900,71.99914446184185,208797.51893934136,0.1966080858190703
2023-12-18,601318,5900,36.19554711592384,213553.72798395064,0.20108663116178407
2023-12-18,000333,3900,54.41854268280767,212232.3164629499,0.19984236259459534
2023-12-18,601888,3500,58.619660696977135,205168.81243941997,0.19319122031907351
2023-12-19,600519,2600,83.12034617690765,216112.90005995988,0.20012201040924715
2023-12-19,000858,2900,72.53626896069159,210355.1799860056,0.1947903225911959
2023-12-19,601318,5900,36.7141913468016,216613.72894612944,0.20058578135278393
2023-12-19,000333,3900,54.9071044928359,214137.70752206,0.19829296873001284
2023-12-19,601888,3500,60.99938219443979,213497.83768053926,0.19770044491931088
2023-12-20,600519,2600,84.44472888990632,219556.2951137564,0.20091127842357426
2023-12-20,000858,2900,71.96328851340377,208693.53668887092,0.19097100009441306
2023-12-20,601318,5900,37.41141786887333,220727.36542635266,0.20198289986583673
2023-12-20,000333,3900,54.5297376588263,212665.97686942256,0.19460609529731893
2023-12-20,601888,3500,63.42020529580141,221970.71853530494,0.203120665751903
2023-12-21,600519,2600,83.99935663007822,218398.32723820338,0.1997823822734667
2023-12-21,000858,2900,71.85019190795279,208365.5565330631,0.19060478985495774
2023-12-21,601318,5900,37.74630747215672,222703.21408572467,0.20372032704022072
2023-12-21,000333,3900,55.06382018854107,214748.89873531018,0.19644402556778787
2023-12-21,601888,3500,62.7933628915312,219776.7701203592,0.20104332875738656
2023-12-22,600519,2600,82.84675059249018,215401.55154047447,0.19679024636689185
2023-12-22,000858,2900,72.69446281735453,210813.94217032814,0.19259901946193372
2023-12-22,601318,5900,38.16784248482752,225190.27066048235,0.20573319238314045
2023-12-22,000333,3900,54.806898860853,213746.9055573267,0.1952785664911206
2023-12-22,601888,3500,62.92380284880115,220233.30997080402,0.20120452716055268
2023-12-25,600519,2600,85.00944039969968,221024.54503921917,0.19990208111922358
2023-12-25,000858,3000,73.82474643238503,221474.2392971551,0.20030879983009256
2023-12-25,601318,5700,37.9401208467924,216258.68882671665,0.19559167941689146
2023-12-25,000333,3900,55.79265391638491,217591.35027390113,0.1967969835457712
2023-12-25,601888,3400,62.79445315421163,213501.14072431956,0.1930976595587905
2023-12-26,600519,2600,83.60754218071699,217379.60966986418,0.1940299233275577
2023-12-26,000858,3000,74.41730842521493,223251.92527564478,0.19927146805420087
2023-12-26,601318,5700,38.73142032478116,220769.0958512526,0.19705533010279944
2023-12-26,000333,3900,57.436221894260186,224001.26538761472,0.19994031829591674
2023-12-26,601888,3400,64.44842999440938,219124.6619809919,0.19558753200412543
2023-12-27,600519,2600,81.91457013422686,212977.88234898984,0.19250917637324078
2023-12-27,000858,3000,73.60521029564693,220815.63088694078,0.19959366091698835
2023-12-27,601318,5700,38.25339733037966,218044.36478316408,0.19708873341341343
2023-12-27,000333,3900,55.72450019709367,217325.5507686653,0.196439002594558
2023-12-27,601888,3400,65.10245731783124,221348.3548806262,0.2000751863041673
2023-12-28,600519,2600,81.82561712529257,212746.60452576066,0.19388204341462617
2023-12-28,000858,3000,73.6450499784434,220935.14993533018,0.20134449819805164
2023-12-28,601318,5700,37.84002145244046,215688.12227891063,0.1965627323684753
2023-12-28,000333,3900,55.87526589927569,217913.53700717518,0.19859081622872177
2023-12-28,601888,3400,63.000489472258266,214201.6642056781,0.1952080807662515
2023-12-29,600519,2600,80.00528743972295,208013.74734327965,0.1905840501902666
2023-12-29,000858,3000,73.00131647079176,219003.94941237528,0.20065337132643699
2023-12-29,601318,5700,37.60555578664058,214351.6679838513,0.19639090959687716
2023-12-29,000333,3900,55.80200114120967,217627.80445071773,0.1993925350413774
2023-12-29,601888,3400,63.718489930641134,216642.86576417985,0.19849012543399847
2024-01-01,600519,2700,83.01544605770975,224141.70435581633,0.20380809474597736
2024-01-01,000858,2900,71.65130567027535,207788.7864437985,0.18893867518497084
2024-01-01,601318,5800,37.51768228373635,217602.55724567082,0.19786216372161627
2024-01-01,000333,3900,56.94007502720249,222066.2926060897,0.20192095948152106
2024-01-01,601888,3400,63.76324228103578,216795.02375552166,0.1971278877753176
2024-01-02,600519,2700,84.12432189673042,227135.66912117213,0.20475088357589355
2024-01-02,000858,2900,71.67574256559432,207859.6534402235,0.1873745672193838
2024-01-02,601318,5800,38.74913712562884,224744.9953286473,0.20259581663614284
2024-01-02,000333,3900,56.0224114380073,218487.40460822848,0.1969549270567147
2024-01-02,601888,3400,64.62504758713837,219725.16179627046,0.19807070019302825
2024-01-03,600519,2700,85.91141503332076,231960.82058996605,0.20641497266684095
2024-01-03,000858,2900,70.22948510585871,203665.50680699028,0.1812358221264273
2024-01-03,601318,5800,39.039659246130064,226430.0236275544,0.20149328243950676
2024-01-03,000333,3900,57.89114538692039,225775.46700898954,0.2009108121491089
2024-01-03,601888,3400,66.0452357013713,224553.80138466242,0.19982368857448052
2024-01-04,600519,2700,87.66016393552805,236682.44262592573,0.20954509775172217
2024-01-04,000858,2900,71.7045166821814,207943.09837832607,0.18410092608918074
2024-01-04,601318,5800,38.818743086151365,225148.70989967792,0.19933379046272473
2024-01-04,000333,3900,56.86797705688021,221785.1105218328,0.1963558519531828
2024-01-04,601888,3400,66.63899427420137,226572.58053228466,0.20059440408317375
2024-01-05,600519,2700,91.06865719233802,245885.37441931266,0.21590725467568586
2024-01-05,000858,2900,73.83063463097302,214108.84042982178,0.18800488661909792
2024-01-05,601318,5800,38.49621672637016,223278.05701294693,0.1960562007107336
2024-01-05,000333,3900,55.32730645037026,215776.495156444,0.1894692224081714
2024-01-05,601888,3400,67.18364596125821,228424.3962682779,0.20057510299547618
2024-01-08,600519,2500,90.65974515763048,226649.3628940762,0.2002572657794992
2024-01-08,000858,3000,75.47453152036204,226423.5945610861,0.20005778695243837
2024-01-08,601318,5900,37.77621280313781,222879.65553851306,0.19692652053418058
2024-01-08,600036,6600,33.324453214752324,219941.39121736534,0.1943304012617629
2024-01-08,601888,3300,67.17313964916288,221671.36084223748,0.19585892524495357
2024-01-09,600519,2500,89.65241703195721,224131.04257989302,0.19839400793435294
2024-01-09,000858,3000,75.1207374349666,225362.2123048998,0.1994838020716575
2024-01-09,601318,5900,37.85890142380867,223367.51840047113,0.19771815946478496
2024-01-09,600036,6600,33.58193738382023,221640.78673321352,0.19618970891125534
2024-01-09,601888,3300,66.96961238409713,220999.72086752055,0.19562225683062978
2024-01-10,600519,2500,88.83322038512105,222083.05096280263,0.19811294599996923
2024-01-10,000858,3000,73.337846320135,220013.538960405,0.19626680277652278
2024-01-10,601318,5900,37.68171267449218,222322.10477950386,0.19832619800490114
2024-01-10,600036,6600,33.7969512288885,223059.8781106641,0.1989843411972011
2024-01-10,601888,3300,66.45089433411023,219287.95130256377,0.1956195300204392
2024-01-11,600519,2500,86.86978551626382,217174.46379065953,0.1968763451105812
2024-01-11,000858,3000,71.76880311023471,215306.40933070413,0.19518288756440277
2024-01-11,601318,5900,39.016981541437744,230200.1910944827,0.20868462836461865
2024-01-11,600036,6600,32.59129689501485,215102.55950709802,0.19499809047766198
2024-01-11,601888,3300,63.96716153338434,211091.63306016833,0.19136204356129866
2024-01-12,600519,2500,87.99104208183441,219977.60520458603,0.19491305327513492
2024-01-12,000858,3000,73.51500177719733,220545.005331592,0.19541580304859743
2024-01-12,601318,5900,39.80484101672064,234848.56199865177,0.2080895927285862
2024-01-12,600036,6600,33.30354663007612,219803.4077585024,0.194758704126469
2024-01-12,601888,3300,66.42222024227453,219193.32679950597,0.1942181366339171
2024-01-15,600519,2500,90.87877864938196,227196.9466234549,0.19856293739831274
2024-01-15,000858,3000,75.33678680709109,226010.36042127328,0.19752589862960085
2024-01-15,601318,5600,40.2804912850743,225570.75119641607,0.19714169408683596
2024-01-15,002594,1200,183.20990467576817,219851.8856109218,0.19214358664693326
2024-01-15,601888,3300,65.96462907276569,217683.27594012677,0.1902482904613859
2024-01-16,600519,2500,89.79298117208278,224482.45293020693,0.19643712381846162
2024-01-16,000858,3000,76.14490835065753,228434.72505197258,0.19989562562122354
2024-01-16,601318,5600,39.556295899062576,221515.25703475042,0.19384062943816083
2024-01-16,002594,1200,185.40690247469308,222488.2829696317,0.19469209205162522
2024-01-16,601888,3300,66.04736172999795,217956.2937089932,0.19072629907353097
2024-01-17,600519,2500,91.09604894756916,227740.1223689229,0.2029932257233767
2024-01-17,000858,3000,72.0236224661847,216070.8673985541,0.1925919855572436
2024-01-17,601318,5600,39.001074385578846,218406.01655924154,0.1946733906945663
2024-01-17,002594,1200,177.9963895700058,213595.66748400696,0.19038574798374208
2024-01-17,601888,3300,66.12251397559487,218204.29611946308,0.1944935897778941
2024-01-18,600519,2500,87.97925290721372,219948.1322680343,0.19669517606345088
2024-01-18,000858,3000,72.04306969697006,216129.20909091018,0.19327999013324332
2024-01-18,601318,5600,40.40030262464698,226241.69469802312,0.20232338193848154
2024-01-18,002594,1200,172.79627576208784,207355.53091450542,0.1854338667957241
2024-01-18,601888,3300,66.8638403562099,220650.6731754927,0.1973234442194901
2024-01-19,600519,2500,88.4940550343683,221235.13758592075,0.19676045874828693
2024-01-19,000858,3000,72.16284579143384,216488.53737430152,0.1925389628081576
2024-01-19,601318,5600,40.153769616527406,224861.10985255346,0.1999852989539443
2024-01-19,002594,1200,170.84881835070172,205018.58202084206,0.18233789935234662
2024-01-19,601888,3300,69.36116294895568,228891.83773155374,0.20357011769121922
2024-01-22,600519,2500,89.99353016087491,224983.82540218727,0.19800788914298825
2024-01-22,000858,3100,73.31524415416041,227277.25687789728,0.20002633435605027
2024-01-22,601318,5600,39.87627814706009,223307.1576235365,0.19653225663006774
2024-01-22,002594,1300,171.36424918096887,222773.52393525952,0.19606260651187624
2024-01-22,601888,3200,71.02652557218052,227284.88183097765,0.20003304506452704
2024-01-23,600519,2500,88.59525240516521,221488.13101291304,0.1959601824524038
2024-01-23,000858,3100,72.6310470038077,225156.24571180384,0.19920552305988348
2024-01-23,601318,5600,39.55257588737228,221494.42496928477,0.19596575098934216
2024-01-23,002594,1300,168.5643812279207,219133.69559629692,0.19387711104039393
2024-01-23,601888,3200,72.62142952520038,232388.57448064123,0.20560427886957747
2024-01-24,600519,2500,91.03037265634924,227575.9316408731,0.20205253564042944
2024-01-24,000858,3100,70.04124653961091,217127.8642727938,0.1927762537021715
2024-01-24,601318,5600,38.795297558058046,217253.66632512506,0.19288794663682862
2024-01-24,002594,1300,165.79035277796368,215527.45861135278,0.19135533884700243
2024-01-24,601888,3200,74.44551348371256,238225.64314788018,0.2115078466582285
2024-01-25,600519,2500,88.19726445931848,220493.16114829617,0.19550891857054395
2024-01-25,000858,3100,72.37792266978988,224371.56027634864,0.19894785343528787
2024-01-25,601318,5600,39.09996577081901,218959.80831658645,0.19414931107816905
2024-01-25,002594,1300,167.04626716350762,217160.14731255992,0.19255357098873305
2024-01-25,601888,3200,73.81128188534913,236196.10203311723,0.20943254765173674
2024-01-26,600519,2500,87.79373991167722,219484.34977919306,0.19518493063661607
2024-01-26,000858,3100,71.70390439890407,222282.1036366026,0.19767294125398435
2024-01-26,601318,5600,40.24791848272783,225388.34350327586,0.2004352849633525
2024-01-26,002594,1300,163.16216628629817,212110.81617218762,0.1886277312414064
2024-01-26,601888,3200,73.3183433196848,234618.69862299136,0.2086437345662763
2024-01-29,000001,35700,6.231220369831685,222454.56720299114,0.19987721791028207
2024-01-29,600519,2500,88.00018313041247,220000.45782603117,0.19767218089583996
2024-01-29,601318,5500,39.311086743662045,216210.97709014124,0.19426730197454936
2024-01-29,000333,4000,53.45375070930249,213815.00283720996,0.19211449983664777
2024-01-29,601888,3000,74.91575402297772,224747.26206893317,0.20193722268826225
2024-01-30,000001,35700,6.103438380725272,217892.75019189224,0.19888842434839377
2024-01-30,600519,2500,86.76782982466554,216919.57456166385,0.19800012784683546
2024-01-30,601318,5500,38.29962802833089,210647.95415581993,0.19227551011847588
2024-01-30,000333,4000,53.17829977615101,212713.19910460402,0.19416062705511286
2024-01-30,601888,3000,73.88379903717386,221651.39711152157,0.20231924691072628
2024-01-31,000001,35700,6.16061483967766,219933.94977649246,0.19932163678776815
2024-01-31,600519,2500,86.27111257515024,215677.78143787562,0.19546435854327923
2024-01-31,601318,5500,38.73275824466927,213030.170345681,0.19306488280517703
2024-01-31,000333,4000,54.03993728177582,216159.74912710328,0.19590115599448357
2024-01-31,601888,3000,74.29428182104452,222882.84546313356,0.20199416058673156
2024-02-01,000001,35700,6.285144743045158,224379.66732671214,0.2044689365170029
2024-02-01,600519,2500,85.53929060437875,213848.22651094687,0.19487202192466663
2024-02-01,601318,5500,38.76020877955333,213181.14828754333,0.1942641380796729
2024-02-01,000333,4000,54.0034699282001,216013.87971280038,0.19684550201902326
2024-02-01,601888,3000,71.40901076540526,214227.03229621577,0.19521721370154738
2024-02-02,000001,35700,6.188246375180968,220920.39559396057,0.2013709838696175
2024-02-02,600519,2500,84.40128381991487,211003.20954978716,0.19233137706661468
2024-02-02,601318,5500,39.13369124138453,215235.30182761492,0.19618896832034174
2024-02-02,000333,4000,54.19264720838956,216770.58883355823,0.19758839662607983
2024-02-02,601888,3000,72.47475070189978,217424.25210569933,0.1981842167443473
2024-02-05,600519,2600,87.50220293081632,227505.72762012243,0.20608897374567176
2024-02-05,601318,5600,39.28292256018733,219984.36633704905,0.1992756524099239
2024-02-05,000333,4000,53.01494085942888,212059.76343771553,0.19209704949759365
2024-02-05,600900,3300,65.33855078565225,215617.21759265242,0.19531961485279387
2024-02-05,601888,3000,73.88969356247966,221669.08068743898,0.20080177245603634
2024-02-06,600519,2600,87.11394263575347,226496.25085295903,0.2050662783388656
2024-02-06,601318,5600,39.07067212416399,218795.76389531835,0.19809437396581925
2024-02-06,000333,4000,55.631332533631735,222525.33013452694,0.20147106680560184
2024-02-06,600900,3300,65.37055502817304,215722.83159297105,0.19531218755674382
2024-02-06,601888,3000,71.29290113697166,213878.70341091498,0.19364254180477258
2024-02-07,600519,2600,85.49900354130916,222297.40920740383,0.20375658837437488
2024-02-07,601318,5600,38.02523936689599,212941.34045461754,0.1951808669727584
2024-02-07,000333,4000,54.21911419184744,216876.45676738975,0.1987877730433493
2024-02-07,600900,3300,64.12727390574432,211620.00388895624,0.19396973710996154
2024-02-07,601888,3000,73.3919854044901,220175.9562134703,0.20181207617343777
2024-02-08,600519,2600,83.47189481847727,217026.9265280409,0.19922465475423667
2024-02-08,601318,5600,38.98369803626069,218308.70900305986,0.20040129525291087
2024-02-08,000333,4000,54.24411155744028,216976.44622976112,0.19917831525085075
2024-02-08,600900,3300,63.21414233813346,208606.66971584043,0.19149509426517955
2024-02-08,601888,3000,73.78507942258838,221355.23826776515,0.2031979239969537
2024-02-09,600519,2600,80.64412064079434,209674.71366606528,0.1923879389263572
2024-02-09,601318,5600,40.555740707673486,227112.14796297153,0.20838773206254077
2024-02-09,000333,4000,55.45331790880663,221813.27163522653,0.20352572520679696
2024-02-09,600900,3300,61.8499279767579,204104.76232330105,0.18727720602004616
2024-02-09,601888,3000,73.35501797426915,220065.05392280745,0.2019216404957406
2024-02-12,600519,2700,79.25659929721175,213992.81810247173,0.19414344621828838
2024-02-12,601318,5300,41.713812315186914,221083.20527049064,0.20057614901657553
2024-02-12,600036,6800,31.846198610297257,216554.15055002135,0.19646719667256715
2024-02-12,600900,3500,63.27479464458565,221461.78125604976,0.2009196093585798
2024-02-12,601888,2900,75.21519158774817,218124.05560446967,0.19789148175002313
2024-02-13,600519,2700,78.73953915150177,212596.7557090548,0.19281285570003456
2024-02-13,601318,5300,42.52876008046337,225402.42842645588,0.20442685384204368
2024-02-13,600036,6800,30.715951716324376,208868.47167100577,0.18943151956515547
2024-02-13,600900,3500,63.083573779480496,220792.50822818174,0.20024592513965592
2024-02-13,601888,2900,77.21442847277993,223921.8425710618,0.20308404884045514
2024-02-14,600519,2700,75.42473079559406,203646.77314810397,0.18802118762733416
2024-02-14,601318,5300,41.94596161788665,222313.59657479924,0.20525572690169078
2024-02-14,600036,6800,30.10070159321127,204684.77083383664,0.1889795409300106
2024-02-14,600900,3500,63.37380062601707,221808.30219105975,0.20478920318190158
2024-02-14,601888,2900,75.73354031462334,219627.26691240768,0.20277551626209442
2024-02-15,600519,2700,76.79544076800305,207347.69007360822,0.18996540127315903
2024-02-15,601318,5300,42.65604653389376,226077.04662963693,0.20712464588538984
2024-02-15,600036,6800,31.41581957557737,213627.5731139261,0.19571883166478285
2024-02-15,600900,3500,63.91490249919639,223702.15874718735,0.2049488486560687
2024-02-15,601888,2900,72.31833912940226,209723.18347526656,0.1921417532600443
2024-02-16,600519,2700,76.67272073987327,207016.34599765783,0.18976469270816262
2024-02-16,601318,5300,44.59429349730417,236349.75553571212,0.216653610200381
2024-02-16,600036,6800,31.65325600341875,215242.1408232475,0.19730499306384602
2024-02-16,600900,3500,63.39964875349992,221898.77063724972,0.20340689436559356
2024-02-16,601888,2900,68.7513829532371,199379.01056438757,0.18276381263456645
2024-02-19,600519,2800,74.64633481993864,209009.73749582822,0.19106033578378356
2024-02-19,000858,2900,73.03214629809067,211793.22426446294,0.19360478143036827
2024-02-19,601318,4800,44.944817821496585,215735.12554318362,0.19720815891393614
2024-02-19,600900,3400,65.58232057252704,222979.88994659192,0.20383075523970406
2024-02-19,601888,3100,69.74118150029803,216197.66265092388,0.1976309741194673
2024-02-20,600519,2800,74.29605389782256,208028.95091390316,0.19210947465680372
2024-02-20,000858,2900,73.15796923401308,212158.11077863793,0.19592264935630244
2024-02-20,601318,4800,44.02975081788132,211342.80392583035,0.19516973409864782
2024-02-20,600900,3400,64.94958541669676,220828.590416769,0.20392961800651327
2024-02-20,601888,3100,68.47665342280763,212277.62561070366,0.19603301828092073
2024-02-21,600519,2800,73.6697336559,206275.25423652,0.19058923171506867
2024-02-21,000858,2900,71.94678276545102,208645.67001980796,0.1927793912892467
2024-02-21,601318,4800,44.328680389987056,212777.66587193788,0.19659717310617908
2024-02-21,600900,3400,64.35889376747728,218820.23880942276,0.20218024383368866
2024-02-21,601888,3100,70.17849585096238,217553.33713798338,0.20100968259932311
2024-02-22,600519,2800,70.46465626945557,197301.0375544756,0.18020659673825226
2024-02-22,000858,2900,72.87472421325461,211336.70021843837,0.19302618974693336
2024-02-22,601318,4800,45.65159490704243,219127.65555380366,0.20014212569804699
2024-02-22,600900,3400,65.33710294786363,222146.15002273634,0.2028990935389759
2024-02-22,601888,3100,73.13486687702488,226718.0873187771,0.20707491172438564
2024-02-23,600519,2800,67.63380466301707,189374.6530564478,0.17511360861028782
2024-02-23,000858,2900,72.34889745184745,209811.8026103576,0.19401171852274018
2024-02-23,601318,4800,45.364324805696825,217748.75906734477,0.20135097466992616
2024-02-23,600900,3400,64.40238192734505,218968.09855297316,0.20247849059670517
2024-02-23,601888,3100,73.32415858367816,227304.8916094023,0.21018747325508313
2024-02-26,600519,3200,66.93818290944925,214202.1853102376,0.19836857611614578
2024-02-26,000858,2900,70.4231866101755,204227.24116950895,0.18913096977161395
2024-02-26,601318,4700,45.81053836292946,215309.53030576845,0.19939406728802458
2024-02-26,600900,3300,66.45505685721031,219301.68762879402,0.2030911283738079
2024-02-26,300750,5300,40.138770501090285,212735.48365577852,0.19701029156661679
2024-02-27,600519,3200,64.9372750879487,207799.28028143587,0.19308546988105477
2024-02-27,000858,2900,71.76850731301145,208128.67120773322,0.1933915373596935
2024-02-27,601318,4700,46.98719560451607,220839.81934122552,0.20520263702644395
2024-02-27,600900,3300,67.26043830853251,221959.44641815728,0.20624298577042482
2024-02-27,300750,5300,38.38365725971511,203433.38347649007,0.18902871263486298
2024-02-28,600519,3200,64.80673823144251,207381.56234061602,0.19107174479063196
2024-02-28,000858,2900,71.93168367883388,208601.88266861826,0.1921960912930076
2024-02-28,601318,4700,46.52458822849073,218665.56467390643,0.20146830073181118
2024-02-28,600900,3300,67.88522911260863,224021.25607160846,0.20640278617193117
2024-02-28,300750,5300,40.12195728351279,212646.3736026178,0.19592249749241653
2024-02-29,600519,3200,66.30517939114215,212176.57405165487,0.19198437219110065
2024-02-29,000858,2900,73.06497373169981,211888.42382192943,0.1917236443459188
2024-02-29,601318,4700,48.33140481719006,227157.60264079328,0.2055397016675888
2024-02-29,600900,3300,67.69506688926181,223393.72073456398,0.20213401700141564
2024-02-29,300750,5300,40.85225385316828,216516.94542179187,0.19591168356511274
2024-03-01,600519,3200,66.84861873847049,213915.57996310559,0.19385031213909232
2024-03-01,000858,2900,72.66770478130141,210736.34386577408,0.19096928818591474
2024-03-01,601318,4700,49.05655632016022,230565.81470475302,0.20893875591870947
2024-03-01,600900,3300,66.64116380829667,219915.840567379,0.1992877486795019
2024-03-01,300750,5300,40.44009256232658,214332.4905803309,0.19422811656688185
2024-03-04,000858,3000,73.62821727665583,220884.6518299675,0.1993080209439515
2024-03-04,601318,4400,48.57440980362328,213727.40313594244,0.1928499123302851
2024-03-04,600036,7300,30.190836058892657,220393.1032299164,0.1988644881866399
2024-03-04,600900,3300,67.2537930423242,221937.51703966988,0.20025803933376726
2024-03-04,300750,5400,40.99130328915168,221353.03776141908,0.1997306536269478
2024-03-05,000858,3000,72.85689904107019,218570.6971232106,0.19458822439070952
2024-03-05,601318,4400,50.61568982980345,222709.03525113518,0.19827248709765088
2024-03-05,600036,7300,30.376569646429164,221748.9584189329,0.1974177538304939
2024-03-05,600900,3300,67.53166321800217,222854.48861940714,0.19840198072619403
2024-03-05,300750,5400,42.111502971483695,227402.11604601194,0.202450623832432
2024-03-06,000858,3000,72.59188605727412,217775.65817182238,0.19326252813728115
2024-03-06,601318,4400,50.38526423757395,221695.16264532538,0.19674084775276784
2024-03-06,600036,7300,30.799500757097725,224836.3555268134,0.19952846360818283
2024-03-06,600900,3300,69.02865909295346,227794.57500674643,0.20215370180181846
2024-03-06,300750,5400,41.62495394564677,224774.75130649257,0.19947379364431692
2024-03-07,000858,3000,71.72707222359087,215181.2166707726,0.19139881031551326
2024-03-07,601318,4400,49.51963344819758,217886.38717206934,0.19380499810299565
2024-03-07,600036,7300,31.63049595644471,230902.6204820464,0.2053826423270751
2024-03-07,600900,3300,70.12829972070159,231423.38907831526,0.20584585417854467
2024-03-07,300750,5400,40.53706551387116,218900.1537749043,0.194706720496438
2024-03-08,000858,3000,71.07053518698541,213211.60556095623,0.19031972030412392
2024-03-08,601318,4400,49.765747646790125,218969.28964587656,0.1954592192622529
2024-03-08,600036,7300,31.351310325506205,228864.5653761953,0.20429206916445034
2024-03-08,600900,3300,68.98821429972998,227661.1071891089,0.20321782264320032
2024-03-08,300750,5400,41.03937689738787,221612.6352458945,0.1978187568396702
2024-03-11,000001,38300,5.941930782270283,227575.94896095185,0.2045539554756934
2024-03-11,000858,3100,69.31795719617195,214885.66730813304,0.19314744560487174
2024-03-11,601318,4400,48.793262207669606,214690.35371374627,0.19297189028598852
2024-03-11,600036,7100,31.41526333627592,223048.36968755902,0.20048439428818332
2024-03-11,600900,3200,68.79016966081358,220128.54291460343,0.197859942458195
2024-03-12,000001,38300,5.919678176946631,226723.67417705597,0.20052268240791038
2024-03-12,000858,3100,71.29665272877034,221019.62345918806,0.19547781201804357
2024-03-12,601318,4400,48.4398681998314,213135.42007925815,0.18850473513874763
2024-03-12,600036,7100,32.46659409412687,230512.81806830078,0.20387393939445955
2024-03-12,600900,3200,70.95423045580115,227053.5374585637,0.2008144255188841
2024-03-13,000001,38300,5.917956510783172,226657.7343629955,0.20011501015813862
2024-03-13,000858,3100,71.69514135399007,222254.93819736922,0.19622780285905972
2024-03-13,601318,4400,48.92016392818029,215248.72128399328,0.19004204805686556
2024-03-13,600036,7100,32.33296310801655,229564.0380669175,0.20268097154863568
2024-03-13,600900,3200,70.84172119160992,226693.50781315175,0.20014659436311413
2024-03-14,000001,38300,5.737271532017091,219737.49967625458,0.19564490632192655
2024-03-14,000858,3100,72.23455483450745,223927.1199869731,0.19937516571971992
2024-03-14,601318,4400,48.14216880645135,211825.54274838595,0.1886004370153376
2024-03-14,600036,7100,32.55181847727444,231117.91118864852,0.20577753979380858
2024-03-14,600900,3200,70.09937942501593,224318.01416005095,0.19972320123476073
2024-03-15,000001,38300,5.5702512461372455,213340.6227270565,0.19127213484763872
2024-03-15,000858,3100,71.75050499182767,222426.56547466578,0.19941820494073143
2024-03-15,601318,4400,48.5277269333303,213521.99850665333,0.1914347486627185
2024-03-15,600036,7100,32.25653678594736,229021.41118022628,0.20533086330353728
2024-03-15,600900,3200,70.26513337332345,224848.42679463504,0.20158954286528644
2024-03-18,000858,3100,73.73250098990113,228570.7530686935,0.2010849256565467
2024-03-18,601318,4500,48.54194264167304,218438.74188752868,0.19217129743525138
2024-03-18,002594,1700,132.7645809169621,225699.78755883558,0.19855919619045534
2024-03-18,600900,3100,71.5424371468653,221781.55515528243,0.1951121345651355
2024-03-18,601888,3000,74.72437520027724,224173.1256008317,0.19721611663103494
2024-03-19,000858,3100,75.5089250335542,234077.66760401803,0.20574021668895584
2024-03-19,601318,4500,48.02207155475208,216099.32199638436,0.1899383302514989
2024-03-19,002594,1700,131.97314974260908,224354.35456243544,0.19719400827622552
2024-03-19,600900,3100,73.3024835195266,227237.69891053246,0.19972829485314872
2024-03-19,601888,3000,72.64713284120178,217941.39852360534,0.19155740492764103
2024-03-20,000858,3100,78.11563797834073,242158.47773285626,0.21116888504897144
2024-03-20,601318,4500,47.18834218715318,212347.53984218932,0.1851729233317817
2024-03-20,002594,1700,134.42418832152,228521.120146584,0.19927673234191587
2024-03-20,600900,3100,73.96647268139841,229296.0653123351,0.19995250594339298
2024-03-20,601888,3000,72.13524971515623,216405.7491454687,0.18871179399983345
2024-03-21,000858,3100,79.15134825336996,245369.17958544687,0.21311848062271987
2024-03-21,601318,4500,45.79349230347234,206070.71536562554,0.17898530627912604
2024-03-21,002594,1700,134.62876314163364,228868.89734077718,0.1987869533796846
2024-03-21,600900,3100,75.74532907033628,234810.52011804248,0.20394762441776484
2024-03-21,601888,3000,72.72818341466778,218184.55024400336,0.18950692960670193
2024-03-22,000858,3100,77.69468994726957,240853.53883653565,0.2115827376536438
2024-03-22,601318,4500,45.50679151320411,204780.5618094185,0.17989369014542148
2024-03-22,002594,1700,132.3650277801016,225020.54722617273,0.19767392100785078
2024-03-22,600900,3100,75.85092315699382,235137.86178668082,0.20656168376506817
2024-03-22,601888,3000,71.50863356300799,214525.90068902398,0.18845468322640269
2024-03-25,000858,2900,76.3569438385216,221435.13713171263,0.19454884146517804
2024-03-25,601318,5000,45.50195619613556,227509.7809806778,0.19988591189780222
2024-03-25,600036,6700,34.11784256728925,228589.54520083798,0.20083457289536902
2024-03-25,600900,3000,75.218665580017,225655.99674005102,0.19825721113688446
2024-03-25,601888,3100,72.65066525189667,225217.06228087968,0.197871571388753
2024-03-26,000858,2900,72.55165020030084,210399.78558087244,0.18621491016692937
2024-03-26,601318,5000,46.696241129449646,233481.20564724822,0.20664318461749076
2024-03-26,600036,6700,34.37555171260978,230316.1964744855,0.203841984525217
2024-03-26,600900,3000,73.85637195634462,221569.11586903385,0.19610035672521628
2024-03-26,601888,3100,72.36102854249529,224319.18848173541,0.19853431607129135
2024-03-27,000858,2900,72.31524819802402,209714.21977426967,0.18446210958640832
2024-03-27,601318,5000,46.89445347560893,234472.26737804463,0.20623899097837475
2024-03-27,600036,6700,34.442077296295714,230761.9178851813,0.20297541211618256
2024-03-27,600900,3000,73.69614057539103,221088.42172617308,0.19446672104846507
2024-03-27,601888,3100,74.53820524733214,231068.43626672964,0.20324502200409708
2024-03-28,000858,2900,75.51320619451057,218988.29796408067,0.19421063324798954
2024-03-28,601318,5000,45.83007821816252,229150.3910908126,0.2032229255011188
2024-03-28,600036,6700,33.9069312534507,227176.4393981197,0.20147231867964513
2024-03-28,600900,3000,72.19641411679964,216589.24235039894,0.19208302134241323
2024-03-28,601888,3100,72.86657208645214,225886.37346800164,0.20032821863617625
2024-03-29,000858,2900,76.29498924178942,221255.46880118933,0.19618494204839323
2024-03-29,601318,5000,47.02959267095632,235147.9633547816,0.20850327367504842
2024-03-29,600036,6700,34.22602354070893,229314.35772274982,0.20333067573180075
2024-03-29,600900,3000,71.01846597551616,213055.3979265485,0.18891402378340938
2024-03-29,601888,3100,70.71820176475848,219226.42547075127,0.1943858102558437
2024-04-01,601318,4700,47.06691750599838,221214.5122781924,0.19559998784196936
2024-04-01,600036,6600,35.99638757021136,237576.15796339497,0.21006711146845003
2024-04-01,600900,3100,69.9965113519816,216989.18519114295,0.19186391321312282
2024-04-01,601888,3100,69.61485686828247,215806.05629167566,0.1908177793226832
2024-04-01,300750,5200,42.59548904467782,221496.54303232467,0.19584936213261245
2024-04-02,601318,4700,46.68588932454404,219423.679825357,0.19472760820930068
2024-04-02,600036,6600,35.438306179114015,233892.8207821525,0.2075682515418824
2024-04-02,600900,3100,68.61724955945236,212713.47363430233,0.18877263378167594
2024-04-02,601888,3100,69.5992285495007,215757.60850345215,0.19147415215292868
2024-04-02,300750,5200,43.685565606118814,227164.94115181782,0.20159759281545017
2024-04-03,601318,4700,46.04460374793474,216409.63761529326,0.19385301669569988
2024-04-03,600036,6600,34.62261807308452,228509.2792823578,0.20469149904770623
2024-04-03,600900,3100,68.93674118163104,213703.8976630562,0.19142929907427098
2024-04-03,601888,3100,67.24756534150225,208467.45255865698,0.18673865455660976
2024-04-03,300750,5200,44.49961137730091,231397.97916196473,0.207279106476659
2024-04-04,601318,4700,46.38327078721576,218001.37269991406,0.19371720877481693
2024-04-04,600036,6600,34.69095947097392,228960.33250842788,0.2034554002315423
2024-04-04,600900,3100,70.18503162466668,217573.5980364667,0.19333708587576676
2024-04-04,601888,3100,69.64932857755257,215912.91859041297,0.19186139706254965
2024-04-04,300750,5200,43.66143461319091,227039.45998859275,0.20174850243385306
2024-04-05,601318,4700,46.94394440347483,220636.5386963317,0.1985069874621699
2024-04-05,600036,6600,35.09449756743093,231623.68394504412,0.20839213666283338
2024-04-05,600900,3100,67.02799837658492,207786.79496741324,0.18694605593033872
2024-04-05,601888,3100,67.56402576503609,209448.4798716119,0.18844107604982052
2024-04-05,300750,5200,43.09871322945252,224113.30879315312,0.2016350421447557
2024-04-08,000858,2900,73.66880183317832,213639.52531621713,0.19301647524287963
2024-04-08,601318,4700,47.20739469436014,221874.75506349266,0.2004567418147216
2024-04-08,600036,6300,34.892466973049174,219822.5419302098,0.1986026329140062
2024-04-08,600900,3300,68.06711701412604,224621.48614661593,0.2029383254604435
2024-04-08,300750,5100,42.42842960675155,216384.9909944329,0.1954969156357571
2024-04-09,000858,2900,74.18520978008874,215137.10836225734,0.19472003651852213
2024-04-09,601318,4700,48.03942602702336,225785.3023270098,0.20435768914598793
2024-04-09,600036,6300,34.19016820691424,215398.0597035597,0.1949562228979653
2024-04-09,600900,3300,68.02606034331153,224485.99913292803,0.20318169320867052
2024-04-09,300750,5100,41.87141975038552,213544.24072696615,0.1932783361699667
2024-04-10,000858,2900,73.74907402561635,213872.31467428742,0.19691824607287578
2024-04-10,601318,4700,47.04369734591955,221105.37752582188,0.2035779301588136
2024-04-10,600036,6300,33.79221487609496,212890.95371939824,0.19601467948317722
2024-04-10,600900,3300,67.0788059809662,221360.05973718845,0.20381242322279267
2024-04-10,300750,5100,40.46382835058892,206365.5245880035,0.1900065336351088
2024-04-11,000858,2900,75.69656480406627,219520.03793179218,0.20099651993855536
2024-04-11,601318,4700,47.19833198622128,221832.16033524,0.20311354105946725
2024-04-11,600036,6300,33.58942783492941,211613.3953600553,0.19375705489340567
2024-04-11,600900,3300,65.72541978018698,216893.88527461703,0.1985919670335326
2024-04-11,300750,5100,41.52865905239052,211796.16116719166,0.19392439857439386
2024-04-12,000858,2900,76.69543626542648,222416.76516973678,0.2019941175941597
2024-04-12,601318,4700,47.31657655168079,222387.9097928997,0.20196791176215956
2024-04-12,600036,6300,33.956735876853145,213927.43602417482,0.19428429163560154
2024-04-12,600900,3300,66.63966964081965,219910.90981470485,0.1997183537106593
2024-04-12,300750,5100,41.56066229614794,211959.37771035449,0.19249694344640092
2024-04-15,000001,35900,6.187749333650077,222140.20107803776,0.20309371586273067
2024-04-15,000858,2800,73.23731038488692,205064.4690776834,0.18748207129682967
2024-04-15,601318,4600,47.88221442629935,220258.186360977,0.2013730666495703
2024-04-15,600036,6400,33.85975842585851,216702.45392549445,0.19812220566434008
2024-04-15,300750,5200,41.37412781865741,215145.46465701854,0.19669871394803393
2024-04-16,000001,35900,6.25518990233309,224561.31749375793,0.20271870612954948
2024-04-16,000858,2800,75.3604948221042,211009.38550189175,0.1904849423201475
2024-04-16,601318,4600,45.92860425898105,211271.57959131285,0.19072163333690617
2024-04-16,600036,6400,36.04526994175839,230689.7276272537,0.20825101858103845
2024-04-16,300750,5200,41.4894971735475,215745.385302447,0.19476028128998166
2024-04-17,000001,35900,6.119448329044302,219688.19501269044,0.19873009902588015
2024-04-17,000858,2800,75.45138052626746,211263.86547354888,0.1911094444729874
2024-04-17,601318,4600,46.74709300421228,215036.6278193765,0.1945222880012622
2024-04-17,600036,6400,36.48514131850976,233504.90443846246,0.21122870429794255
2024-04-17,300750,5200,40.67221656751063,211495.5261510553,0.19131900488827777
2024-04-18,000001,35900,6.078168594994162,218206.25256029042,0.1981426472116314
2024-04-18,000858,2800,75.00911835034579,210025.5313809682,0.19071412611495342
2024-04-18,601318,4600,47.091105923069314,216619.08724611884,0.1967014184052958
2024-04-18,600036,6400,36.57470005035268,234078.08032225716,0.21255509383927432
2024-04-18,300750,5200,39.97278029629378,207858.45754072763,0.18874631015014876
2024-04-19,000001,35900,6.030693932567165,216501.91217916124,0.19670442416502176
2024-04-19,000858,2800,75.30773179938843,210861.6490382876,0.19157992109667643
2024-04-19,601318,4600,47.38197295677939,217957.0756011852,0.19802652372577925
2024-04-19,600036,6400,36.91276159031735,236241.67417803104,0.21463913189143233
2024-04-19,300750,5200,39.3485729067835,204612.57911527422,0.1859022820938574
2024-04-22,000001,36400,6.088813803908688,221632.82246227624,0.20229944010044315
2024-04-22,000858,2900,71.60867853410079,207665.1677488923,0.18955020604457656
2024-04-22,601318,4600,47.0983898262351,216652.59320068147,0.1977536441303361
2024-04-22,600036,5900,37.08055365146565,218775.26654364733,0.19969115331344106
2024-04-22,300750,5500,40.06720524030606,220369.62882168332,0.2011464368431125
2024-04-23,000001,36400,5.886997017722923,214286.69144511438,0.19550103585827788
2024-04-23,000858,2900,71.40800897697059,207083.2260332147,0.18892906939457257
2024-04-23,601318,4600,47.17199582040048,216991.1807738422,0.19796843344451284
2024-04-23,600036,5900,38.1865548448324,225300.67358451115,0.20554946631681692
2024-04-23,300750,5500,40.35552037060624,221955.36203833434,0.20249742482914598
2024-04-24,000001,36400,5.99899891723076,218363.56058719967,0.19743131451240903
2024-04-24,000858,2900,71.6159053907978,207686.12563331364,0.18777741432458606
2024-04-24,601318,4600,48.185118561002646,221651.54538061217,0.20040411436104044
2024-04-24,600036,5900,38.01119275148523,224266.03723376288,0.20276798204098423
2024-04-24,300750,5500,40.651453168020616,223582.99242411338,0.20215041364139713
2024-04-25,000001,36400,5.90409418544218,214909.02835009532,0.19557286464070073
2024-04-25,000858,2900,71.86884395143896,208419.647459173,0.18966735745784374
2024-04-25,601318,4600,48.34986153777072,222409.3630737453,0.20239836638406522
2024-04-25,600036,5900,37.30520535279825,220100.71158150965,0.2002974328436742
2024-04-25,300750,5500,40.46508024592044,222557.94135256243,0.20253357652314002
2024-04-26,000001,36400,5.850570073733487,212960.75068389892,0.19393196850031236
2024-04-26,000858,2900,71.0303668048441,205988.0637340479,0.18758231532911285
2024-04-26,601318,4600,48.02039266603117,220893.80626374338,0.20115617803132216
2024-04-26,600036,5900,37.97531342685863,224054.34921846588,0.20403431550393517
2024-04-26,300750,5500,40.68205056930071,223751.27813115393,0.20375832487012502
2024-04-29,601318,4500,48.94931276128041,220271.90742576183,0.2010787798534569
2024-04-29,600036,5700,36.583401962369145,208525.39118550412,0.19035578216971508
2024-04-29,002594,1800,116.37309397702202,209471.56915863964,0.19121951606381787
2024-04-29,600900,3200,68.46512541070902,219088.40131426888,0.19999839712272524
2024-04-29,300750,5400,40.97699512076454,221275.77365212853,0.2019951754042692
2024-04-30,601318,4500,47.60534133687026,214224.03601591618,0.19614506684583613
2024-04-30,600036,5700,37.6927977711761,214848.94729570378,0.19671724010438474
2024-04-30,002594,1800,115.13759023449607,207247.66242209292,0.1897574490492957
2024-04-30,600900,3200,67.10088689098619,214722.8380511558,0.19660177357382275
2024-04-30,300750,5400,41.53892447450738,224310.19216233987,0.20538002389524412
2024-05-01,601318,4500,46.78046902076817,210512.11059345677,0.19115123809157
2024-05-01,600036,5700,37.94387795695741,216280.10435465723,0.19638874744744356
2024-05-01,002594,1800,118.22017465874649,212796.31438574367,0.1932253628614856
2024-05-01,600900,3200,69.24156254470115,221573.0001430437,0.20119485375737275
2024-05-01,300750,5400,41.353028093748975,223306.35170624446,0.2027687883705393
2024-05-02,601318,4500,46.548917283093566,209470.12777392103,0.19114889075655878
2024-05-02,600036,5700,37.83242108517665,215644.8001855069,0.19678349744154458
2024-05-02,002594,1800,118.63108466030228,213535.9523885441,0.19485909933548662
2024-05-02,600900,3200,68.95307830723361,220649.85058314755,0.2013507827239704
2024-05-02,300750,5400,40.6906511327952,219729.51611709408,0.20051094501450464
2024-05-03,601318,4500,47.59894298856975,214195.24344856388,0.19579813693163922
2024-05-03,600036,5700,37.15182000200616,211765.3740114351,0.19357696758577936
2024-05-03,002594,1800,119.2859461428046,214714.7030570483,0.19627298045250813
2024-05-03,600900,3200,65.62728327817776,210007.30649016882,0.19196989947482654
2024-05-03,300750,5400,41.9368867355745,226459.18837210228,0.20700873866490171
2024-05-06,000001,35200,6.286935466375004,221300.12841640014,0.20244220472194788
2024-05-06,601318,4500,46.73665256379074,210314.93653705833,0.19239310769131648
2024-05-06,600036,5800,37.42117962092304,217042.84180135364,0.19854769957795818
2024-05-06,002594,1800,119.98181746007398,215967.27142813316,0.19756378312365472
2024-05-06,600900,3300,65.09769739180965,214822.40139297183,0.19651647232588576
2024-05-07,000001,35200,6.034369254151377,212409.7977461285,0.19393486164258425
2024-05-07,601318,4500,47.20021497991579,212400.96740962105,0.1939267993492861
2024-05-07,600036,5800,37.420323898270986,217037.87860997173,0.19816040223216133
2024-05-07,002594,1800,123.73935615662276,222730.84108192098,0.20335820337433594
2024-05-07,600900,3300,65.75138628613068,216979.57474423124,0.19810716950817409
2024-05-08,000001,35200,6.257579075039713,220266.78344139789,0.19732453154425997
2024-05-08,601318,4500,48.271037805490806,217219.67012470862,0.19459479536532331
2024-05-08,600036,5800,37.83642817239625,219451.28339989827,0.19659397126118375
2024-05-08,002594,1800,127.41003510555537,229338.06318999967,0.20545097711600457
2024-05-08,600900,3300,65.54128528208648,216286.24143088536,0.19375858948415992
2024-05-09,000001,35200,6.311970833240169,222181.37333005396,0.2002850344257698
2024-05-09,601318,4500,48.79186950261484,219563.41276176675,0.19792507816712432
2024-05-09,600036,5800,37.730843000774605,218838.88940449271,0.19727195777553175
2024-05-09,002594,1800,123.729113792803,222712.40482704542,0.20076373189739857
2024-05-09,600900,3300,64.34098485515966,212325.25002202688,0.19140024824200466
2024-05-10,000001,35200,6.27218939940389,220781.06685901695,0.19760723095225
2024-05-10,601318,4500,48.96899409712359,220360.47343705615,0.1972307842638957
2024-05-10,600036,5800,38.48998118739576,223241.89088689542,0.19980975958809696
2024-05-10,002594,1800,126.93011447789436,228474.20606020986,0.20449287543483916
2024-05-10,600900,3300,63.85151904389197,210710.0128448435,0.18859326465149753
2024-05-13,601318,4500,50.15677244898962,225705.4760204533,0.20120837928899757
2024-05-13,600036,5800,37.940884888079054,220057.1323508585,0.1961730824257374
2024-05-13,600900,3500,64.22131421568946,224774.5997549131,0.20037853630950794
2024-05-13,601888,3200,69.2541900924777,221613.40829592865,0.19756044690689706
2024-05-13,300750,5100,43.672182166971794,222728.12905155614,0.19855418069020717
2024-05-14,601318,4500,51.04180645924744,229688.12906661347,0.2062229679492574
2024-05-14,600036,5800,37.455530207909554,217242.07520587542,0.19504841497236697
2024-05-14,600900,3500,63.20880826814804,221230.82893851813,0.1986296737710126
2024-05-14,601888,3200,68.83017125031569,220256.5480010102,0.1977549263151221
2024-05-14,300750,5100,42.842484737528096,218496.6721613933,0.19617484109111502
2024-05-15,601318,4500,51.60267919510406,232212.05637796826,0.2076109410905236
2024-05-15,600036,5800,36.94798506581187,214298.31338170884,0.19159502400199102
2024-05-15,600900,3500,65.19311821662524,228175.91375818834,0.20400239732781664
2024-05-15,601888,3200,67.90748563260726,217303.95402434323,0.19428223969669023
2024-05-15,300750,5100,43.06565911799528,219634.86150177594,0.19636620511404596
2024-05-16,601318,4500,51.886632048319775,233489.84421743898,0.20968434841682082
2024-05-16,600036,5800,36.03499596251452,209002.97658258423,0.18769404343378307
2024-05-16,600900,3500,64.08812598705775,224308.44095470212,0.20143903664683138
2024-05-16,601888,3200,67.81260639901473,217000.34047684714,0.19487603476553061
2024-05-16,300750,5100,43.69753158257457,222857.4110711303,0.20013594675574925
2024-05-17,601318,4500,53.65053400868288,241427.40303907296,0.21657815901497202
2024-05-17,600036,5800,36.323961374469135,210678.975971921,0.1889945556502283
2024-05-17,600900,3500,64.06719921164382,224235.1972407534,0.20115548439586933
2024-05-17,601888,3200,65.87652829789175,210804.89055325362,0.18910751030191605
2024-05-17,300750,5100,43.278055478391074,220718.0829397945,0.19800037387089042
2024-05-20,000858,2700,78.24856416825254,211271.12325428188,0.1879662809567438
2024-05-20,601318,4100,54.26311785380392,222478.78320059608,0.19793764914888903
2024-05-20,600036,6100,35.97351393236524,219438.434987428,0.19523267490707152
2024-05-20,002594,1800,127.50262118517227,229504.7181333101,0.2041885690058201
2024-05-20,300750,5100,44.63237972878818,227625.1366168197,0.20251631989781255
2024-05-21,000858,2700,78.50006805753176,211950.18375533575,0.19013983344374136
2024-05-21,601318,4100,52.79021461348484,216439.87991528786,0.1941675255407283
2024-05-21,600036,6100,36.795531524662245,224452.74230043968,0.2013558388147527
2024-05-21,002594,1800,123.2839544431814,221911.1179977265,0.1990757557639529
2024-05-21,300750,5100,44.37000094913382,226287.00484058246,0.20300134988577606
2024-05-22,000858,2700,81.4527638010634,219922.46226287118,0.19680726185189812
2024-05-22,601318,4100,54.65478832912847,224084.63214942673,0.20053196214084043
2024-05-22,600036,6100,35.37611825981405,215794.3213848657,0.19311301391387695
2024-05-22,002594,1800,122.83982468422204,221111.68443159966,0.19787148947263689
2024-05-22,300750,5100,43.70036945311795,222871.88421090154,0.19944668145308428
2024-05-23,000858,2700,82.92031786198842,223884.85822736874,0.1996210459978166
2024-05-23,601318,4100,55.06301948193031,225758.37987591428,0.20129152230489408
2024-05-23,600036,6100,35.05606951319294,213842.02403047692,0.19066661699784276
2024-05-23,002594,1800,124.21977197350829,223595.58955231492,0.19936312719104318
2024-05-23,300750,5100,43.29461750185015,220802.54925943576,0.1968727862667259
2024-05-24,000858,2700,81.5427750866703,220165.4927340098,0.19945059829416717
2024-05-24,601318,4100,52.9608166570442,217139.34829388122,0.19670917723125153
2024-05-24,600036,6100,34.59144446694119,211007.81124834126,0.1911545432283959
2024-05-24,002594,1800,125.19633361851578,225353.4005133284,0.20415038706501762
2024-05-24,300750,5100,42.456422509394535,216527.75479791214,0.19615512724290377
2024-05-27,000858,2600,81.84218062997914,212789.66963794577,0.19208695804754378
2024-05-27,601318,4100,53.73431400650042,220310.6874266517,0.1988762417139552
2024-05-27,600036,6400,33.85342009382157,216661.88860045804,0.1955824414639547
2024-05-27,601888,3300,65.92907249744059,217565.93924155395,0.19639853529907608
2024-05-27,300750,5100,43.52121063379105,221958.17423233436,0.2003634413955257
2024-05-28,000858,2600,80.18978685924742,208493.4458340433,0.18898995565957855
2024-05-28,601318,4100,51.58880469911374,211514.09926636633,0.19172804248985756
2024-05-28,600036,6400,33.66229625618829,215438.69603960507,0.19528551340789543
2024-05-28,601888,3300,67.4799162869256,222683.7237468545,0.20185280601351227
2024-05-28,300750,5100,44.42688996347556,226577.13881372535,0.20538201211353496
2024-05-29,000858,2600,78.05701766882675,202948.24593894955,0.1826257884979333
2024-05-29,601318,4100,51.228134093622,210035.34978385022,0.18900321699874953
2024-05-29,600036,6400,34.667568157574465,221872.43620847657,0.19965498307740717
2024-05-29,601888,3300,69.5530299253899,229524.99875378664,0.20654124741736807
2024-05-29,300750,5100,44.78563737318505,228406.75060324374,0.2055349763393185
2024-05-30,000858,2600,79.07812028330336,205603.11273658875,0.18559088071815827
2024-05-30,601318,4100,50.23180522415361,205950.4014190298,0.18590436630492688
2024-05-30,600036,6400,34.57152187878764,221257.74002424092,0.19972177604828936
2024-05-30,601888,3300,70.89537796378663,233954.74728049588,0.21118292917874903
2024-05-30,300750,5100,43.64164160015136,222572.37216077192,0.20090844940547617
2024-05-31,000858,2600,78.68877795555484,204590.8226844426,0.1841733497461141
2024-05-31,601318,4100,49.53597067292501,203097.47975899253,0.1828290373996898
2024-05-31,600036,6400,34.88594853611347,223270.0706311262,0.20098847185149357
2024-05-31,601888,3300,72.34504918310404,238738.66230424333,0.21491335033290487
2024-05-31,300750,5100,43.66109758857515,222671.5977017333,0.2004497244986435
2024-06-03,600519,3500,62.025286571890895,217088.50300161814,0.19723199325145155
2024-06-03,000858,2800,78.0825353480053,218631.0989744148,0.19863349206087527
2024-06-03,600036,6300,34.73132480152087,218807.3462495815,0.1987936184651096
2024-06-03,601888,3000,73.34991990357679,220049.75971073037,0.1999223916612793
2024-06-03,300750,5000,42.51051332758257,212552.56663791285,0.19311094695970635
2024-06-04,600519,3500,62.60535621977143,219118.7467692,0.19973358608952646
2024-06-04,000858,2800,76.8718338458256,215241.1347683117,0.19619902155855556
2024-06-04,600036,6300,35.05750333311502,220862.27099862465,0.2013228629173269
2024-06-04,601888,3000,71.23573378980582,213707.20136941745,0.19480079332340436
2024-06-04,300750,5000,42.91582029949431,214579.10149747154,0.19559555754077912
2024-06-05,600519,3500,64.00879523125892,224030.7833094062,0.201627442366463
2024-06-05,000858,2800,80.16095516557506,224450.67446361016,0.2020053439130443
2024-06-05,600036,6300,35.42597631184097,223183.6507645981,0.20086502406915627
2024-06-05,601888,3000,69.57325217742672,208719.75653228018,0.1878475362148483
2024-06-05,300750,5000,43.43621221968847,217181.06109844235,0.19546270040593525
2024-06-06,600519,3500,60.92289172352988,213230.12103235457,0.19625134746155456
2024-06-06,000858,2800,79.95406433901061,223871.38014922972,0.2060452800929459
2024-06-06,600036,6300,34.72479219840424,218766.1908499467,0.20134659927721546
2024-06-06,601888,3000,67.48136478733873,202444.0943620162,0.18632417461392026
2024-06-06,300750,5000,42.93140622758254,214657.0311379127,0.19756463767386845
2024-06-07,600519,3500,64.18617901560548,224651.62655461917,0.2044659547591921
2024-06-07,000858,2800,79.87997923306753,223663.94185258908,0.20356701670697847
2024-06-07,600036,6300,34.55424716405228,217691.75713352935,0.1981314520092801
2024-06-07,601888,3000,67.59650553191601,202789.51659574802,0.1845682257538593
2024-06-07,300750,5000,43.27608057473667,216380.40287368334,0.19693792715090674
2024-06-10,600519,3400,62.82670065543209,213610.78222846912,0.19761660193120528
2024-06-10,000858,2700,80.02213057552585,216059.7525539198,0.19988220476687255
2024-06-10,002594,1600,131.37915744297948,210206.65190876718,0.19446735703217682
2024-06-10,600900,3300,62.95698273155932,207758.04301414575,0.192202088565082
2024-06-10,300750,5000,44.14353476831975,220717.67384159876,0.20419136260680606
2024-06-11,600519,3400,62.033135771433535,210912.66162287403,0.1970259568394956
2024-06-11,000858,2700,79.21050583768147,213868.36576173996,0.1997870544028832
2024-06-11,002594,1600,130.14546725373728,208232.74760597965,0.19452249109512829
2024-06-11,600900,3300,63.92006915284022,210936.22820437272,0.19704797177322922
2024-06-11,300750,5000,42.7898185834572,213949.09291728598,0.1998624664001621
2024-06-12,600519,3400,63.89159091333444,217231.4091053371,0.2007881094709066
2024-06-12,000858,2700,78.06166163242231,210766.48640754024,0.1948125481480192
2024-06-12,002594,1600,135.88569783590643,217417.1165374503,0.2009597598061978
2024-06-12,600900,3300,63.80787100725222,210565.9743239323,0.19462721379715567
2024-06-12,300750,5000,42.6660602037303,213330.3010186515,0.1971822951883714
2024-06-13,600519,3400,62.73746056895597,213307.3659344503,0.19815119055888517
2024-06-13,000858,2700,77.69861177283063,209786.2517866427,0.1948802629121755
2024-06-13,002594,1600,134.0017090671787,214402.7345074859,0.19916872966681495
2024-06-13,600900,3300,64.84743466497741,213996.53439442546,0.19879139138008736
2024-06-13,300750,5000,42.48250878433207,212412.54392166034,0.19731994853217
2024-06-14,600519,3400,64.83977341201262,220455.2296008429,0.203498141398732
2024-06-14,000858,2700,77.26080649492344,208604.17753629328,0.19255865462347144
2024-06-14,002594,1600,136.73392957731315,218774.28732370105,0.20194649470014261
2024-06-14,600900,3300,63.934569424257134,210984.07910004855,0.19475549770046724
2024-06-14,300750,5000,42.38553956519388,211927.6978259694,0.19562653467818655
2024-06-17,000858,2800,79.24716500546083,221892.0620152903,0.20412185017802306
2024-06-17,002594,1500,136.83545308698132,205253.17963047198,0.18881549164299086
2024-06-17,600900,3400,62.5236154300012,212580.2924620041,0.1955558131040281
2024-06-17,601888,3100,70.96213012057055,219982.6033737687,0.20236531041176975
2024-06-17,300750,5000,42.33072244769013,211653.61223845065,0.19470334600792225
2024-06-18,000858,2800,80.28229472754265,224790.42523711943,0.20573078758071536
2024-06-18,002594,1500,135.81544789037724,203723.17183556585,0.1864497944961913
2024-06-18,600900,3400,63.74173521558647,216721.899732994,0.19834638006056488
2024-06-18,601888,3100,69.3400439542678,214954.13625823017,0.19672850255739294
2024-06-18,300750,5000,43.351763870218655,216758.81935109326,0.19838016932049768
2024-06-19,000858,2800,80.00980932391516,224027.46610696247,0.20300441171514969
2024-06-19,002594,1500,135.1356929368678,202703.5394053017,0.1836815524660039
2024-06-19,600900,3400,63.774396884381545,216832.94940689724,0.19648503864160774
2024-06-19,601888,3100,71.54047331212298,221775.46726758126,0.20096374363316769
2024-06-19,300750,5000,44.50500782956173,222525.03914780862,0.20164297462759906
2024-06-20,000858,2800,80.61613444143052,225725.17643600545,0.20663593304120084
2024-06-20,002594,1500,132.2468493019921,198370.27395298818,0.18159439409070696
2024-06-20,600900,3400,61.85057468312449,210291.95392262327,0.19250787526653204
2024-06-20,601888,3100,70.42034296621529,218303.0631952674,0.19984149690938474
2024-06-20,300750,5000,44.79908899718252,223995.44498591262,0.20505248241445176
2024-06-21,000858,2800,81.55283570429704,228347.93997203172,0.20903987800976473
2024-06-21,002594,1500,130.63349771423114,195950.2465713467,0.17938158603171384
2024-06-21,600900,3400,59.592691617393726,202615.15149913868,0.18548293694919074
2024-06-21,601888,3100,70.89394345544089,219771.22471186676,0.20118837073569446
2024-06-21,300750,5000,45.99715056157271,229985.75280786355,0.2105392048504056
2024-06-24,000858,2600,81.5502092466331,212030.54404124606,0.19518053533037724
2024-06-24,600036,6500,33.44383654611304,217384.93754973475,0.20010941666717663
2024-06-24,002594,1600,132.14577607312745,211433.24171700393,0.19463070045669517
2024-06-24,601888,3000,68.14259805117635,204427.79415352904,0.18818197387416125
2024-06-24,300750,4700,46.20096653432651,217144.5427113346,0.19988812594011765
2024-06-25,000858,2600,82.6301120176606,214838.29124591756,0.19733199319189507
2024-06-25,600036,6500,34.112172882582456,221729.12373678596,0.20366131978581237
2024-06-25,002594,1600,133.1056026959441,212968.96431351057,0.1956149901038519
2024-06-25,601888,3000,67.49161381504177,202474.84144512532,0.1859759906014368
2024-06-25,300750,4700,45.275407587400224,212794.41566078106,0.19545466471049522
2024-06-26,000858,2600,81.25231920276372,211256.02992718565,0.1924812279702979
2024-06-26,600036,6500,35.04708175646738,227806.03141703794,0.2075603933355422
2024-06-26,002594,1600,130.91402259415358,209462.43615064572,0.19084703493586816
2024-06-26,601888,3000,69.10633751558674,207319.01254676023,0.18889410224334996
2024-06-26,300750,4700,46.33789920623656,217788.12626931182,0.1984328021127548
2024-06-27,000858,2600,83.9665918471438,218313.1388025739,0.1990780633180341
2024-06-27,600036,6500,34.24118297083182,222567.68931040686,0.2029577550307445
2024-06-27,002594,1600,132.6316781939647,212210.6851103435,0.19351328297911072
2024-06-27,601888,3000,67.47061646858972,202411.84940576917,0.1845778004628598
2024-06-27,300750,4700,46.21448757806118,217208.09161688754,0.19807037933342322
2024-06-28,000858,2600,85.38922011900311,222011.9723094081,0.20489455025635256
2024-06-28,600036,6500,33.98890909953684,220927.90914698946,0.20389406982368613
2024-06-28,002594,1600,130.24308721398745,208388.93954237993,0.19232187166207523
2024-06-28,601888,3000,64.18496451660246,192554.8935498074,0.17770865193955906
2024-06-28,300750,4700,45.90416261322325,215749.56428214928,0.19911498232170657
2024-07-01,000858,2500,82.92304508461169,207307.61271152922,0.19408398279760877
2024-07-01,601318,4200,51.65869135124592,216966.50367523287,0.20312675746045733
2024-07-01,600036,6300,32.20129418090117,202868.15333967737,0.18992770534553013
2024-07-01,002594,1600,131.39834598301275,210237.3535728204,0.19682684287634367
2024-07-01,300750,4700,45.352888120287055,213158.57416534916,0.19956172617277768
2024-07-02,000858,2500,85.2714337950507,213178.58448762674,0.19702615186637804
2024-07-02,601318,4200,51.943746273965616,218163.73435065558,0.20163357946681218
2024-07-02,600036,6300,32.25131844891516,203183.3062281655,0.1877882107428426
2024-07-02,002594,1600,131.14701833614143,209835.22933782628,0.1939361210310994
2024-07-02,300750,4700,46.81382086456143,220024.9580634387,0.20335377920813938
2024-07-03,000858,2500,87.81113166200926,219527.82915502315,0.19945031537369312
2024-07-03,601318,4200,52.57441430220696,220812.54006926925,0.20061752956242118
2024-07-03,600036,6300,33.3901330158037,210357.8379995633,0.19111899066205987
2024-07-03,002594,1600,128.1063367775899,204970.13884414383,0.18622403816413233
2024-07-03,300750,4700,48.38309415068069,227400.54250819926,0.20660300834743373
2024-07-04,000858,2500,83.94796196842077,209869.90492105193,0.19382306829028817
2024-07-04,601318,4200,50.68335856578794,212870.10597630937,0.19659387134676504
2024-07-04,600036,6300,33.44021940593212,210673.38225737234,0.19456511104618457
2024-07-04,002594,1600,128.15214911677475,205043.4385868396,0.18936563779662727
2024-07-04,300750,4700,48.24233614208667,226738.97986780736,0.2094023190010031
2024-07-05,000858,2500,85.37905580435113,213447.6395108778,0.19864740138519202
2024-07-05,601318,4200,49.64362684573345,208503.23275208048,0.19404583466710978
2024-07-05,600036,6300,32.60684123816748,205423.09980045515,0.1911792749423765
2024-07-05,002594,1600,128.38157564576144,205410.5210332183,0.19116756837382434
2024-07-05,300750,4700,47.68621841328491,224125.22654243908,0.20858461559727878
2024-07-08,600519,3000,71.58015508392712,214740.46525178137,0.19681227340460528
2024-07-08,000858,2500,85.98357087514869,214958.9271878717,0.1970124964517329
2024-07-08,601318,4300,49.69534044120605,213689.963897186,0.19584947601301858
2024-07-08,002594,1600,131.34997380644754,210159.95809031607,0.1926141823427411
2024-07-08,300750,4500,48.65406154899145,218943.27697046153,0.2006642019550772
2024-07-09,600519,3000,72.53790323495959,217613.70970487877,0.19737364051022158
2024-07-09,000858,2500,85.32285733930028,213307.1433482507,0.19346762428973954
2024-07-09,601318,4300,50.38934338431718,216674.17655256388,0.1965214925508677
2024-07-09,002594,1600,132.9569723272574,212731.15572361185,0.19294520879248994
2024-07-09,300750,4500,49.69344962040017,223620.52329180078,0.2028217653876703
2024-07-10,600519,3000,72.28172061578847,216845.1618473654,0.19589913605285403
2024-07-10,000858,2500,88.18627525288858,220465.68813222143,0.19916993981539857
2024-07-10,601318,4300,49.71806211316358,213787.6670866034,0.19313697812866198
2024-07-10,002594,1600,131.03147932943685,209650.36692709895,0.1893993179478517
2024-07-10,300750,4500,50.57185660714817,227573.35473216677,0.20559104570689685
2024-07-11,600519,3000,72.11224964173299,216336.74892519898,0.19670053537846785
2024-07-11,000858,2500,84.28431316034748,210710.7829008687,0.19158522078441587
2024-07-11,601318,4300,50.99876462633313,219294.68789323245,0.19938999143029285
2024-07-11,002594,1600,131.21340279426988,209941.4444708318,0.1908857128098007
2024-07-11,300750,4500,49.98756317061665,224944.03426777493,0.20452656421291857
2024-07-12,600519,3000,69.96166053475481,209884.98160426444,0.19249250831379688
2024-07-12,000858,2500,82.96578835324515,207414.47088311287,0.19022672063382248
2024-07-12,601318,4300,47.79536268856938,205520.0595608483,0.18848929290357963
2024-07-12,002594,1600,136.49135206995155,218386.1633119225,0.20028922524909384
2024-07-12,300750,4500,51.23290849026544,230548.08820619446,0.21144333170744206
2024-07-15,600519,3100,69.31920915829014,214889.54839069943,0.19923340431001518
2024-07-15,000858,2600,81.3594638927201,211534.60612107225,0.19612289207409145
2024-07-15,600036,6500,32.87348288804929,213677.63877232038,0.1981097904311926
2024-07-15,002594,1500,136.8130705695043,205219.60585425646,0.19026798190838692
2024-07-15,300750,4200,50.76041736795781,213193.75294542278,0.1976611589304418
2024-07-16,600519,3100,67.01152205031832,207735.71835598678,0.19445240625955545
2024-07-16,000858,2600,80.40371242386215,209049.6523020416,0.19568232290315662
2024-07-16,600036,6500,33.498486629882905,217740.16309423887,0.20381713355845044
2024-07-16,002594,1500,136.0875603236187,204131.34048542805,0.1910785042866758
2024-07-16,300750,4200,49.901841430940806,209587.73400995138,0.19618599787872346
2024-07-17,600519,3100,68.46278432676705,212234.63141297785,0.19857130635352557
2024-07-17,000858,2600,79.60314822617651,206968.18538805895,0.19364390567416345
2024-07-17,600036,6500,32.99914739970124,214494.4580980581,0.2006856490223041
2024-07-17,002594,1500,134.317682282475,201476.5234237125,0.18850578809621588
2024-07-17,300750,4200,50.84942492855152,213567.5846999164,0.1998184462464518
2024-07-18,600519,3100,69.29652622939504,214819.23131112463,0.2031017993668798
2024-07-18,000858,2600,78.50005866471537,204100.15252825996,0.19296739857292997
2024-07-18,600036,6500,32.29924255189372,209945.0765873092,0.19849350806652719
2024-07-18,002594,1500,131.873470711575,197810.2060673625,0.18702054066671486
2024-07-18,300750,4200,50.22642159783268,210950.97071089727,0.1994445351474193
2024-07-19,600519,3100,70.17560926338741,217544.38871650098,0.20603389459454732
2024-07-19,000858,2600,77.44374025506204,201353.7246631613,0.19069989498801787
2024-07-19,600036,6500,32.37344610765515,210427.39969975848,0.19929347268085237
2024-07-19,002594,1500,126.81142855778188,190217.1428366728,0.18015256099462107
2024-07-19,300750,4200,51.48989662477611,216257.56582405965,0.20481515880573956
2024-07-22,600519,2900,70.70749086454592,205051.72350718317,0.19692014200324473
2024-07-22,600036,6500,31.94516490297848,207643.5718693601,0.19940920739026588
2024-07-22,002594,1600,123.33250350645676,197332.00561033082,0.18950655913511583
2024-07-22,600900,3300,62.29361791896648,205568.93913258938,0.19741684679879218
2024-07-22,300750,4100,49.800426589785936,204181.74901812233,0.19608466743617015
2024-07-23,600519,2900,71.04243513908318,206023.06190334124,0.1968831988270574
2024-07-23,600036,6500,32.18556437920137,209206.16846480887,0.19992509227451608
2024-07-23,002594,1600,124.2779496603946,198844.71945663134,0.19002331134588135
2024-07-23,600900,3300,61.34394584014945,202435.02127249318,0.19345433552216074
2024-07-23,300750,4100,50.82877642649699,208397.98334863764,0.19915276091779222
2024-07-24,600519,2900,72.49004636423658,210221.13445628606,0.19929234280949867
2024-07-24,600036,6500,32.19076885810157,209239.99757766022,0.1983622124129338
2024-07-24,002594,1600,123.33085361761644,197329.36578818632,0.18707078008475778
2024-07-24,600900,3300,61.93796926180464,204395.29856395532,0.19376937535520738
2024-07-24,300750,4100,51.74058066212509,212136.38071471287,0.2011080209280961
2024-07-25,600519,2900,72.94046656231127,211527.35303070268,0.20073818735943366
2024-07-25,600036,6500,31.79753783896835,206683.99595329427,0.19614187058752033
2024-07-25,002594,1600,121.89063357667304,195025.01372267687,0.18507756648737742
2024-07-25,600900,3300,61.986723733441366,204556.1883203565,0.1941225939258231
2024-07-25,300750,4100,52.30221591787338,214439.08526328087,0.20350140375707346
2024-07-26,600519,2900,73.9327215630867,214404.89253295143,0.20211315649111686
2024-07-26,600036,6500,31.762937679631825,206459.09491760685,0.19462288787875268
2024-07-26,002594,1600,120.88270919099024,193412.3347055844,0.18232409256078058
2024-07-26,600900,3300,62.15550438701322,205113.1644771436,0.19335411902499297
2024-07-26,300750,4100,53.636782965376185,219910.81015804235,0.20730342233552232
2024-07-29,600519,2800,75.80100092475114,212242.80258930317,0.20129862243140054
2024-07-29,600036,6600,31.57574689708913,208399.92952078825,0.19765390494070825
2024-07-29,002594,1700,120.7421843074221,205261.71332261755,0.19467750908710627
2024-07-29,600900,3400,61.762045588559296,209990.9550011016,0.19916289009136173
2024-07-29,300750,3900,51.36063269035376,200306.46749237966,0.18997777770744673
2024-07-30,600519,2800,74.05832900571461,207363.3212160009,0.1965154131054959
2024-07-30,600036,6600,30.78193990657911,203160.80338342214,0.19253274383153993
2024-07-30,002594,1700,120.91024215500072,205547.41166350123,0.19479450019872405
2024-07-30,600900,3400,63.722707243785095,216657.2046288693,0.20532310063443782
2024-07-30,300750,3900,52.38629547734966,204306.5523616637,0.19361855463189742
2024-07-31,600519,2800,73.60585993625763,206096.40782152137,0.19808483291411877
2024-07-31,600036,6600,29.60630802174153,195401.6329434941,0.18780579546188556
2024-07-31,002594,1700,119.7792159558414,203624.66712493036,0.19570917606465413
2024-07-31,600900,3400,63.5762687976286,216159.31391193724,0.2077565641811513
2024-07-31,300750,3900,51.53772639495924,200997.13294034105,0.193183781879321
2024-08-01,600519,2800,71.75365309299985,200910.2286603996,0.1950805944710179
2024-08-01,600036,6600,30.78861018087293,203204.82719376133,0.19730861267071426
2024-08-01,002594,1700,119.14287333757969,202542.88467388548,0.19666587715075576
2024-08-01,600900,3400,60.777500725343394,206643.50246616753,0.20064751094785316
2024-08-01,300750,3900,50.87583332758551,198415.7499775835,0.19265849586716038
2024-08-02,600519,2800,73.57340906525121,206005.5453827034,0.19848999618639238
2024-08-02,600036,6600,31.34516310723232,206878.07650773332,0.19933069539843526
2024-08-02,002594,1700,119.7653369868722,203601.07287768275,0.19617324428796554
2024-08-02,600900,3400,59.06551824746806,200822.76204139143,0.19349629252787773
2024-08-02,300750,3900,51.89490874559811,202390.14410783263,0.19500649294414604
2024-08-05,600519,2800,74.92736865035742,209796.6322210008,0.19891498409608696
2024-08-05,000858,2300,90.88613701805926,209038.11514153628,0.19819580947826299
2024-08-05,002594,1700,121.78067830343312,207027.1531158363,0.1962891512296283
2024-08-05,600900,3500,59.93341762643655,209766.96169252793,0.19888685250676247
2024-08-05,300750,4000,52.32006097448415,209280.2438979366,0.19842537959680445
2024-08-06,600519,2800,71.26354128978937,199537.91561141025,0.1910132746828629
2024-08-06,000858,2300,92.90289658156432,213676.66213759794,0.20454798694846316
2024-08-06,002594,1700,124.16950827822777,211088.16407298722,0.20207007446593306
2024-08-06,600900,3500,57.89447252365036,202630.65383277624,0.1939738852194109
2024-08-06,300750,4000,51.97480422008173,207899.21688032692,0.19901736518913066
2024-08-07,600519,2800,71.98064562415715,201545.80774764,0.19141477974194562
2024-08-07,000858,2300,96.36980621220316,221650.55428806727,0.21050892848068856
2024-08-07,002594,1700,124.10812403704163,210983.81086297077,0.20037836627204544
2024-08-07,600900,3500,57.38942384419458,200862.98345468103,0.19076627872324498
2024-08-07,300750,4000,52.02200595690415,208088.02382761662,0.19762814068439175
2024-08-08,600519,2800,73.07609184961258,204613.05717891522,0.1927381094740327
2024-08-08,000858,2300,96.73873416363482,222499.08857636008,0.20958610502752445
2024-08-08,002594,1700,124.39407827632884,211469.93306975902,0.1991970389007296
2024-08-08,600900,3500,58.16832332896639,203589.13165138237,0.19177360861011022
2024-08-08,300750,4000,52.411176561535626,209644.7062461425,0.19747774115797834
2024-08-09,600519,2800,71.64922636589071,200617.83382449398,0.18610993317885186
2024-08-09,000858,2300,101.46904922911996,233378.8132269759,0.2165017661043514
2024-08-09,002594,1700,127.23746991183437,216303.6988501184,0.20066145751803566
2024-08-09,600900,3500,58.46109485423106,204613.8319898087,0.1898169563150908
2024-08-09,300750,4000,53.31082521101241,213243.30084404963,0.19782237558024326
2024-08-12,600519,2900,73.43691232125506,212967.0457316397,0.19644427714067728
2024-08-12,000858,2100,97.62512431558004,205012.76106271808,0.1891071152028323
2024-08-12,002594,1600,129.99830020687008,207997.28033099213,0.19186008446272101
2024-08-12,600900,3600,58.80281537344766,211690.13534441157,0.19526643416910064
2024-08-12,300750,4000,54.207089561975664,216828.35824790265,0.2000060147957479
2024-08-13,600519,2900,72.71909742450565,210885.38253106637,0.19551640237887524
2024-08-13,000858,2100,94.36862162936858,198174.105421674,0.18373150225805615
2024-08-13,002594,1600,130.46445620146304,208743.12992234086,0.19353027362012606
2024-08-13,600900,3600,58.159886149541634,209375.5901383499,0.19411664117485042
2024-08-13,300750,4000,55.45382476286923,221815.29905147693,0.20564976454330738
2024-08-14,600519,2900,72.78475348307883,211075.7851009286,0.19736384673427868
2024-08-14,000858,2100,92.92382570315031,195140.03397661567,0.18246331638215602
2024-08-14,002594,1600,133.6129051631353,213780.6482610165,0.19989299614812317
2024-08-14,600900,3600,56.17658966382295,202235.72278976263,0.18909805394204446
2024-08-14,300750,4000,54.40740852118379,217629.63408473515,0.20349194354908434
2024-08-15,600519,2900,73.35035812480933,212716.03856194706,0.1950651960110495
2024-08-15,000858,2100,92.56203782149976,194380.2794251495,0.17825090934883708
2024-08-15,002594,1600,135.11504262843607,216184.06820549772,0.19824545400553228
2024-08-15,600900,3600,58.39926158261999,210237.34169743198,0.19279217751654704
2024-08-15,300750,4000,56.83888827484516,227355.55309938063,0.20848994664131035
2024-08-16,600519,2900,73.66570481737467,213630.54397038656,0.19549194866564487
2024-08-16,000858,2100,89.74409789908358,188462.60558807553,0.17246092872433494
2024-08-16,002594,1600,135.44172918890973,216706.76670225558,0.19830698047339043
2024-08-16,600900,3600,59.68042546330735,214849.53166790647,0.19660743653530385
2024-08-16,300750,4000,57.38032620877972,229521.30483511888,0.21003348261248025
2024-08-19,600519,2900,73.961440639887,214488.17785567231,0.19616143180637238
2024-08-19,000858,2400,91.10591290403072,218654.1909696737,0.1999714837427385
2024-08-19,002594,1600,135.59667307467888,216954.6769194862,0.1984171831151106
2024-08-19,600900,3600,59.09524936482681,212742.89771337653,0.19456527552848962
2024-08-19,300750,3800,56.95957514500522,216446.38555101983,0.19795232223741566
2024-08-20,600519,2900,73.85932518796957,214192.04304511176,0.19795207439410478
2024-08-20,000858,2400,89.76123131976871,215426.95516744492,0.19909335589473826
2024-08-20,002594,1600,131.52850187543226,210445.6030006916,0.19448968817357687
2024-08-20,600900,3600,58.906910173232845,212064.87662363824,0.19598618901514378
2024-08-20,300750,3800,56.7815514327426,215769.89544442188,0.19941029455527748
2024-08-21,600519,2900,74.88058898710023,217153.70806259065,0.20000820866567823
2024-08-21,000858,2400,88.01456210926149,211234.94906222756,0.19455676878123807
2024-08-21,002594,1600,133.0099319008379,212815.89104134063,0.19601288655176968
2024-08-21,600900,3600,58.85372329855826,211873.40387480974,0.19514481401665137
2024-08-21,300750,3800,57.501446973496606,218505.4984992871,0.20125326768929444
2024-08-22,600519,2900,75.46158358857382,218838.59240686407,0.20210886021980967
2024-08-22,000858,2400,86.92713145996703,208625.11550392088,0.19267618130777672
2024-08-22,002594,1600,129.34299058121343,206948.7849299415,0.19112800254308837
2024-08-22,600900,3600,59.5878232108063,214516.16355890268,0.19811687161197533
2024-08-22,300750,3800,57.81754290242824,219706.6630292273,0.2029105687399867
2024-08-23,600519,2900,76.77179951324248,222638.2185884032,0.20397910290016355
2024-08-23,000858,2400,86.57763264513396,207786.3183483215,0.19037192751696821
2024-08-23,002594,1600,129.63117728523574,207409.88365637718,0.19002704148953703
2024-08-23,600900,3600,59.03410683502982,212522.78460610734,0.19471143465238136
2024-08-23,300750,3800,59.731023840656455,226977.89059449453,0.20795507076541117
2024-08-26,600519,2800,80.56836217455428,225591.41408875198,0.20575567569562148
2024-08-26,000858,2500,84.07780552174998,210194.51380437496,0.1917125897278916
2024-08-26,000333,4600,47.54070871279914,218687.26007887605,0.19945858819720377
2024-08-26,002594,1600,130.33694567465898,208539.11307945437,0.19020274461220354
2024-08-26,300750,3600,59.41158736369854,213881.71450931474,0.19507558328655505
2024-08-27,600519,2800,79.01128157352697,221231.58840587552,0.20155952525862886
2024-08-27,000858,2500,85.37212870693578,213430.32176733945,0.19445195254982328
2024-08-27,000333,4600,46.49881941149577,213894.56929288054,0.19487491886998043
2024-08-27,002594,1600,130.35457969076143,208567.32750521827,0.1900213790414402
2024-08-27,300750,3600,61.37920834568767,220965.15004447562,0.2013167787773446
2024-08-28,600519,2800,82.54791508917147,231134.1622496801,0.21071227023259917
2024-08-28,000858,2500,82.76371081585526,206909.27703963817,0.18862777822566687
2024-08-28,000333,4600,47.68005359750754,219328.24654853466,0.1999494679045046
2024-08-28,002594,1600,128.11330215760364,204981.28345216584,0.18687013278781361
2024-08-28,300750,3600,59.73752647554716,215055.09531196978,0.19605387155760384
2024-08-29,600519,2800,83.65852811100436,234243.8787108122,0.21296112379955992
2024-08-29,000858,2500,81.22477272040415,203061.93180101036,0.18461228287053932
2024-08-29,000333,4600,48.28513949714468,222111.6416868655,0.2019311884815402
2024-08-29,002594,1600,129.51236071073376,207219.777137174,0.18839235780887878
2024-08-29,300750,3600,59.38603667583556,213789.732033008,0.19436538466289768
2024-08-30,600519,2800,83.19894384184877,232957.04275717656,0.21147554502977137
2024-08-30,000858,2500,85.54536311159231,213863.40777898076,0.1941425774756532
2024-08-30,000333,4600,47.27304178068992,217455.99219117363,0.197403881523996
2024-08-30,002594,1600,130.79782410333576,209276.5185653372,0.18997865572868308
2024-08-30,300750,3600,57.92106472407087,208515.83300665513,0.18928811471213075
2024-09-02,600519,2600,82.79942760311125,215278.51176808926,0.19616176352427914
2024-09-02,000333,4600,47.63884403233324,219138.6825487329,0.1996791508455538
2024-09-02,002594,1600,130.1508030359889,208241.28485758224,0.1897494428994847
2024-09-02,600900,3700,58.82786728047699,217663.10893776486,0.19833460828364127
2024-09-02,300750,3800,56.832468387301255,215963.37987174478,0.19678581528816033
2024-09-03,600519,2600,81.75963957068237,212575.06288377417,0.19395317578479412
2024-09-03,000333,4600,46.78483790055243,215210.2543425412,0.19635752060913636
2024-09-03,002594,1600,135.64302023210277,217028.83237136443,0.19801678853698154
2024-09-03,600900,3700,57.88200855187476,214163.43164193662,0.19540240111152682
2024-09-03,300750,3800,56.80675540285489,215865.67053084858,0.19695552137864566
2024-09-04,600519,2600,82.43257778487082,214324.70224066413,0.19739886668629905
2024-09-04,000333,4600,46.00695452291786,211631.99080542216,0.19491880638492912
2024-09-04,002594,1600,129.72850023357404,207565.60037371845,0.19117355045161644
2024-09-04,600900,3700,57.734280920635626,213616.83940635182,0.1967469058073067
2024-09-04,300750,3800,57.22004645931271,217436.1765453883,0.20026461895402603
2024-09-05,600519,2600,82.41937069711676,214290.36381250358,0.1996007929805594
2024-09-05,000333,4600,44.73958437355472,205802.0881183517,0.19169438725401566
2024-09-05,002594,1600,128.3561703331296,205369.87253300735,0.1912917999792618
2024-09-05,600900,3700,56.77258094018265,210058.5494786758,0.19565906885563522
2024-09-05,300750,3800,57.08022295461232,216904.8472275268,0.2020360539675152
2024-09-06,600519,2600,82.89041847356012,215515.0880312563,0.20139494235429825
2024-09-06,000333,4600,43.7812681205472,201393.83335451715,0.18819888588525052
2024-09-06,002594,1600,128.72586646012468,205961.38633619947,0.19246718133430374
2024-09-06,600900,3700,55.32922543743085,204718.13411849414,0.1913053846777267
2024-09-06,300750,3800,58.25111758228865,221354.24681269686,0.20685153036829038
2024-09-09,600519,2500,82.29406307330345,205735.1576832586,0.1932609510449384
2024-09-09,000333,4800,44.25882713480353,212442.37024705694,0.19956148953110162
2024-09-09,002594,1600,126.50395801266642,202406.33282026625,0.19013396066503266
2024-09-09,600900,3800,53.70530336000898,204080.15276803414,0.19170629297141287
2024-09-09,300750,3600,59.2214907224962,213197.3666009863,0.2002707086798311
2024-09-10,600519,2500,83.12235942203037,207805.89855507592,0.19360836503914633
2024-09-10,000333,4800,45.63651905010088,219055.29144048423,0.20408918670672602
2024-09-10,002594,1600,124.68119600817651,199489.91361308243,0.18586053757368676
2024-09-10,600900,3800,54.830134523888766,208354.51119077732,0.19411949584042054
2024-09-10,300750,3600,58.872511187438384,211941.04027477818,0.19746098920969907
2024-09-11,600519,2500,83.81894590607467,209547.36476518668,0.19418030126884664
2024-09-11,000333,4800,46.716372070996606,224238.5859407837,0.20779414822455233
2024-09-11,002594,1600,122.1308180114849,195409.30881837584,0.18107905341405311
2024-09-11,600900,3800,54.34428295293352,206508.27522114737,0.19136408201499996
2024-09-11,300750,3600,60.208344158061074,216750.03896901986,0.20085477053935707
2024-09-12,600519,2500,86.33322162768022,215833.05406920053,0.20031937302207012
2024-09-12,000333,4800,45.60478139522897,218902.95069709906,0.20316861115380702
2024-09-12,002594,1600,123.2869012673808,197259.04202780928,0.183080426639729
2024-09-12,600900,3800,52.68040193212231,200185.52734206477,0.18579656159801022
2024-09-12,300750,3600,60.71656070137195,218579.618524939,0.2028685195006342
2024-09-13,600519,2500,87.95020071165689,219875.5017791422,0.20333106792223815
2024-09-13,000333,4800,45.2762266833392,217325.88808002818,0.20097329876635123
2024-09-13,002594,1600,123.39961633253074,197439.3861320492,0.1825831477690753
2024-09-13,600900,3800,52.85598024541835,200852.72493258974,0.18573965141717821
2024-09-13,300750,3600,60.88581388533516,219188.9299872066,0.20269615691791998
2024-09-16,600519,2400,90.2468692243498,216592.4861384395,0.2021530760469922
2024-09-16,000333,4700,44.43117027709484,208826.50030234575,0.19490481940940838
2024-09-16,002594,1700,121.28843329854423,206190.3366075252,0.19244439887787268
2024-09-16,600900,4000,51.8706111940508,207482.44477620322,0.19365036703281943
2024-09-16,300750,3500,59.75079476112612,209127.78166394142,0.19518601547067554
2024-09-17,600519,2400,89.82284893507278,215574.8374441747,0.2025428021934554
2024-09-17,000333,4700,43.64829000187249,205146.9630088007,0.19274531871113995
2024-09-17,002594,1700,122.42136145149053,208116.3144675339,0.19553516548676278
2024-09-17,600900,4000,50.6395336403234,202558.1345612936,0.19031299138401392
2024-09-17,300750,3500,59.92495140401577,209737.3299140552,0.1970581865166282
2024-09-18,600519,2400,92.77291554639926,222654.99731135822,0.20921772388564827
2024-09-18,000333,4700,43.16351577518581,202868.5241433733,0.19062536831349206
2024-09-18,002594,1700,121.9014431327057,207232.4533255997,0.19472593350056855
2024-09-18,600900,4000,50.4878470033302,201951.3880133208,0.18976358153152034
2024-09-18,300750,3500,58.945815438921855,206310.3540362265,0.19385948308692946
2024-09-19,600519,2400,96.99400606619255,232785.61455886214,0.21587600048610445
2024-09-19,000333,4700,42.55203783823806,199994.57783971887,0.18546691411650107
2024-09-19,002594,1700,123.6224706053091,210158.20002902547,0.19489224786333592
2024-09-19,600900,4000,50.84460771939255,203378.4308775702,0.1886049630952939
2024-09-19,300750,3500,59.658526825009766,208804.84388753417,0.19363719990166484
2024-09-20,600519,2400,99.62148341917704,239091.5602060249,0.22168692386505598
2024-09-20,000333,4700,41.963860340004125,197230.14359801938,0.18287280316390853
2024-09-20,002594,1700,122.00829249708492,207414.09724504437,0.19231541734421617
2024-09-20,600900,4000,50.75899616406278,203035.98465625112,0.188256008842686
2024-09-20,300750,3500,59.579898772329365,208529.64570315278,0.19334975960994633
2024-09-23,600519,2100,98.399547874445,206639.05053633451,0.19082468705449745
2024-09-23,000333,5100,40.80581039357689,208109.63300724214,0.19218272387798468
2024-09-23,002594,1700,125.37703377424818,213140.9574162219,0.19682899428680267
2024-09-23,601888,3300,65.03353432072039,214610.6632583773,0.19818622157111093
2024-09-23,300750,3600,61.16510245654746,220194.36884357085,0.2033425986844081
2024-09-24,600519,2100,97.06335304183462,203833.0413878527,0.1886957375426514
2024-09-24,000333,5100,40.54173038328965,206762.8249547772,0.19140794586391774
2024-09-24,002594,1700,126.83530517501951,215620.01879753318,0.19960737571757378
2024-09-24,601888,3300,66.45761085466731,219310.1158204021,0.20302343414751825
2024-09-24,300750,3600,59.58766351287164,214515.5886463379,0.19858496413736493
2024-09-25,600519,2100,98.31463300952043,206460.7293199929,0.19066182292516617
2024-09-25,000333,5100,40.25404865220312,205295.6481262359,0.18958589674303375
2024-09-25,002594,1700,129.46416530960687,220089.08102633167,0.20324729808237432
2024-09-25,601888,3300,67.48328078025585,222694.8265748443,0.2056536452748641
2024-09-25,300750,3600,57.81780790246796,208144.10844888465,0.19221638555044507
2024-09-26,600519,2100,96.98543713632144,203669.41798627502,0.1890407831785504
2024-09-26,000333,5100,40.37164276267337,205895.37808963418,0.19110686283559336
2024-09-26,002594,1700,127.2021491552847,216243.653563984,0.20071186941714259
2024-09-26,601888,3300,67.61968059196491,223144.9459534842,0.20711747380858442
2024-09-26,300750,3600,57.8474949143664,208250.98169171903,0.19329327429686802
2024-09-27,600519,2100,100.14462318123591,210303.70868059542,0.1954641659610462
2024-09-27,000333,5100,39.5366422572222,201636.8755118332,0.1874088856833763
2024-09-27,002594,1700,125.60528539668904,213528.98517437137,0.19846185907737235
2024-09-27,601888,3300,67.3045211121231,222104.91967000623,0.20643265471403774
2024-09-27,300750,3600,57.82386310326219,208165.9071717439,0.19347721294181738
2024-09-30,600519,2100,100.82317687965396,211728.67144727331,0.19621432526477509
2024-09-30,000333,5400,40.62192196761551,219358.37862512376,0.20328496825155898
2024-09-30,002594,1700,126.0005926772699,214201.00755135884,0.1985055017841143
2024-09-30,601888,3100,66.44225722262016,205970.99739012247,0.19087854281029681
2024-09-30,300750,3700,57.24162460433261,211794.01103603066,0.19627487711745267
2024-10-01,600519,2100,100.71431379555614,211500.0589706679,0.19351077439554243
2024-10-01,000333,5400,40.63982917053404,219455.07752088382,0.20078917331171806
2024-10-01,002594,1700,129.76842785774645,220606.32735816896,0.20184250279361046
2024-10-01,601888,3100,67.85102401937162,210338.17446005202,0.19244771477985387
2024-10-01,300750,3700,58.121017261329776,215047.76386692017,0.19675672678506798
2024-10-02,600519,2100,102.48109069707182,215210.29046385083,0.1987957454570018
2024-10-02,000333,5400,39.45282135606856,213045.23532277023,0.1967958236605163
2024-10-02,002594,1700,128.82700261191857,219005.90444026157,0.202301859910364
2024-10-02,601888,3100,65.16144609119692,202000.48288271046,0.18659347789918046
2024-10-02,300750,3700,58.72775334230524,217292.6873665294,0.20071931353412809
2024-10-03,600519,2100,98.72292624906925,207318.14512304543,0.1928470380927909
2024-10-03,000333,5400,38.73019567283628,209143.05663331592,0.19454456813449678
2024-10-03,002594,1700,130.2117269650622,221359.93584060576,0.20590869146516302
2024-10-03,601888,3100,64.82307345930448,200951.5277238439,0.18692481981625106
2024-10-03,300750,3700,59.52738802860335,220251.33570583237,0.20487747322667535
2024-10-04,600519,2100,98.8793850725321,207646.7086523174,0.19233492394431007
2024-10-04,000333,5400,39.35471443169833,212515.457931171,0.19684465361125206
2024-10-04,002594,1700,128.27437522140184,218066.43787638313,0.20198630652984675
2024-10-04,601888,3100,65.1595060230022,201994.4686713068,0.18709947786419454
2024-10-04,300750,3700,60.3707118282971,223371.63376469925,0.20690029940896074
2024-10-07,600519,2100,99.7000748864402,209370.15726152444,0.19537673432270988
2024-10-07,601318,4600,45.60643664816087,209789.60858154003,0.1957681512762236
2024-10-07,002594,1600,128.08122348430487,204929.95757488778,0.19123329895511745
2024-10-07,601888,3300,64.33452264488263,212303.92472811267,0.198114421079893
2024-10-07,300750,3500,59.18082857631328,207132.9000170965,0.1932890059665136
2024-10-08,600519,2100,98.4276229878733,206698.00827453393,0.19471486386705178
2024-10-08,601318,4600,45.97774053963919,211497.60648234028,0.19923620937710768
2024-10-08,002594,1600,124.18217503932031,198691.4800629125,0.18717250744190936
2024-10-08,601888,3300,65.226648703016,215247.94071995278,0.20276912111935705
2024-10-08,300750,3500,57.51735829632495,201310.75403713732,0.18963993119494477
2024-10-09,600519,2100,99.1704760164952,208257.9996346399,0.19493288313845944
2024-10-09,601318,4600,46.30180424009343,212988.2995044298,0.19936052094034606
2024-10-09,002594,1600,127.68062831737156,204289.0053077945,0.19121783973724799
2024-10-09,601888,3300,65.79855578141878,217135.234078682,0.20324211931430397
2024-10-09,300750,3500,56.45448517303707,197590.69810562974,0.18494811498546995
2024-10-10,600519,2100,99.9974536880016,209994.65274480334,0.19529969218231558
2024-10-10,601318,4600,47.19873023693546,217114.1590899031,0.20192099124642918
2024-10-10,002594,1600,129.36132221353972,206978.11554166354,0.19249424556960754
2024-10-10,601888,3300,64.13262372218448,211637.65828320876,0.19682772383317082
2024-10-10,300750,3500,57.54923558854392,201422.32455990373,0.1873272365320699
2024-10-11,600519,2100,98.4552743637174,206756.07616380652,0.19452911442483736
2024-10-11,601318,4600,47.36866490739513,217895.8585740176,0.20501012203221178
2024-10-11,002594,1600,126.7642037585944,202822.72601375106,0.1908283713288672
2024-10-11,601888,3300,63.98730811018862,211158.11676362244,0.1986708309607322
2024-10-11,300750,3500,56.03575669439915,196125.148430397,0.18452686928716044
2024-10-14,600519,2100,98.229008454426,206280.91775429458,0.19402315547902016
2024-10-14,601318,4400,47.26513578617328,207966.59745916244,0.19560866760018966
2024-10-14,002594,1600,125.94719158979254,201515.50654366807,0.18954091771167533
2024-10-14,601888,3300,63.58914983910436,209844.1944690444,0.19737469278827416
2024-10-14,300750,3800,57.04290931528036,216763.05539806536,0.2038824165485889
2024-10-15,600519,2100,100.5508547260681,211156.794924743,0.19734555934539555
2024-10-15,601318,4400,46.81431749414975,205982.9969742589,0.19251016652347736
2024-10-15,002594,1600,125.92147162716611,201474.3546034658,0.1882964231254985
2024-10-15,601888,3300,63.69113922094804,210180.75942912852,0.1964333638799754
2024-10-15,300750,3800,57.99568374215015,220383.59822017056,0.20596886061284966
2024-10-16,600519,2100,100.19294740084564,210405.18954177585,0.19643653863560256
2024-10-16,601318,4400,46.6945024669428,205455.81085454833,0.19181574567971987
2024-10-16,002594,1600,128.96750024648065,206348.00039436904,0.1926487033904634
2024-10-16,601888,3300,61.80028667047184,203940.94601255708,0.19040145163730773
2024-10-16,300750,3800,58.98783460325373,224153.77149236418,0.2092723620076552
2024-10-17,600519,2100,96.71643877664413,203104.52143095265,0.1897784445137558
2024-10-17,601318,4400,45.72296409001784,201181.0419960785,0.18798116825110645
2024-10-17,002594,1600,128.41337629130246,205461.40206608392,0.19198068569326526
2024-10-17,601888,3300,62.8352421042584,207356.29894405272,0.19375125475534863
2024-10-17,300750,3800,61.13403536492548,232309.33438671683,0.21706707371812495
2024-10-18,600519,2100,94.68661500207809,198841.89150436397,0.18677360924262063
2024-10-18,601318,4400,46.160241665065314,203105.06332628737,0.19077803699161233
2024-10-18,002594,1600,126.62198520697922,202595.17633116676,0.19029909649439591
2024-10-18,601888,3300,62.91927809958269,207633.6177286229,0.1950317404943131
2024-10-18,300750,3800,60.95584626757619,231632.21581678954,0.21757379512766267
2024-10-21,600519,2200,93.3646887766184,205402.31530856047,0.19451170492341288
2024-10-21,601318,4500,45.77441552916101,205984.86988122456,0.19506337194318138
2024-10-21,002594,1600,130.06062688682766,208097.00301892427,0.1970635179348273
2024-10-21,601888,3300,62.27710483275418,205514.4459480888,0.19461789029837345
2024-10-21,300750,3400,58.81555822046009,199972.8979495643,0.18937016002089976
2024-10-22,600519,2200,94.96982761228634,208933.62074702996,0.19510696097564506
2024-10-22,601318,4500,46.35909356999061,208615.92106495774,0.19481028579598555
2024-10-22,002594,1600,131.3327759184315,210132.4414694904,0.19622644699746192
2024-10-22,601888,3300,64.20144123060105,211864.75606098346,0.19784412171248159
2024-10-22,300750,3400,58.91246541971739,200302.38242703915,0.187046914574071
2024-10-23,600519,2200,93.71966388419976,206183.26054523946,0.19362552963785706
2024-10-23,601318,4500,46.58079261109432,209613.56674992442,0.1968469107235268
2024-10-23,002594,1600,130.51054219124143,208816.86750598627,0.1960987349857794
2024-10-23,601888,3300,63.54176032851905,209687.80908411284,0.19691663127814785
2024-10-23,300750,3400,58.68714774526255,199536.30233389267,0.18738340891113428
2024-10-24,600519,2200,94.9797042898066,208955.34943757454,0.19562738950729058
2024-10-24,601318,4500,46.55751997731471,209508.83989791622,0.19614557625946166
2024-10-24,002594,1600,127.96296020072138,204740.73632115423,0.19168160030415363
2024-10-24,601888,3300,63.2157588571896,208612.00422872568,0.1953059441502431
2024-10-24,300750,3400,60.38071488816146,205294.43061974895,0.19219997789300552
2024-10-25,600519,2200,92.941251239193,204470.7527262246,0.1926709914825253
2024-10-25,601318,4500,45.54480967730047,204951.64354785212,0.19312413067315506
2024-10-25,002594,1600,127.08132293013674,203330.11668821878,0.19159618017854613
2024-10-25,601888,3300,63.45319708642914,209395.55038521616,0.1973115849911686
2024-10-25,300750,3400,61.19913044701937,208077.04351986587,0.19606916757138385
2024-10-28,600519,2200,91.59271479128353,201503.97254082377,0.18947325854097394
2024-10-28,000858,2300,89.0495188253515,204813.89329830845,0.1925855618049008
2024-10-28,601318,4600,45.38418896089745,208767.26922012825,0.1963029030002108
2024-10-28,002594,1600,127.04531999546244,203272.5119927399,0.19113620805302353
2024-10-28,601888,3300,65.97004837879189,217701.15965001323,0.20470339907904317
2024-10-29,600519,2200,90.313502787636,198689.70613279918,0.18848725764426708
2024-10-29,000858,2300,88.61143546582313,203806.3015713932,0.19334112280651744
2024-10-29,601318,4600,45.89672566384502,211124.93805368707,0.2002839571741965
2024-10-29,002594,1600,123.36427046906532,197382.83275050452,0.1872474904479113
2024-10-29,601888,3300,65.35984990814612,215687.50469688218,0.20461224217261642
2024-10-30,600519,2200,90.8413565550077,199850.98442101697,0.18782628881534466
2024-10-30,000858,2300,90.23089574797748,207531.0602203482,0.19504426744771425
2024-10-30,601318,4600,46.995178458836456,216177.8209106477,0.20317076717669214
2024-10-30,002594,1600,124.41691192588814,199067.05908142103,0.1870895309371126
2024-10-30,601888,3300,64.83533507282921,213956.60574033638,0.201083198765115
2024-10-31,600519,2200,89.34283116542815,196554.22856394193,0.18379473578684297
2024-10-31,000858,2300,91.5756291242152,210623.94698569496,0.19695110590828319
2024-10-31,601318,4600,46.77499711566591,215164.9867320632,0.2011973600157586
2024-10-31,002594,1600,124.77771484621786,199644.34375394857,0.186684253397569
2024-10-31,601888,3300,66.66613269173841,219998.23788273675,0.2057168563640171
2024-11-01,600519,2200,90.53293052723164,199172.4471599096,0.18506062128127715
2024-11-01,000858,2300,92.34671375203445,212397.44162967923,0.1973485944819682
2024-11-01,601318,4600,48.29877439755734,222174.36222876376,0.20643279777456341
2024-11-01,002594,1600,124.05057822927212,198480.9251668354,0.18441809521156816
2024-11-01,601888,3300,65.6343046263385,216593.20526691707,0.2012470786173427
2024-11-04,600519,2300,95.08656949908546,218699.10984789656,0.20073576265517634
2024-11-04,000858,2300,92.52890259268494,212816.47596317538,0.1953363122408973
2024-11-04,601318,4400,48.95367831523141,215396.1845870182,0.1977041306485505
2024-11-04,000333,5600,38.04267202172784,213038.9633216759,0.1955405250958138
2024-11-04,002594,1700,123.55757301612311,210047.8741274093,0.19279511579351555
2024-11-05,600519,2300,95.61545873058203,219915.55508033867,0.2041798473900366
2024-11-05,000858,2300,92.3767641979205,212466.55765521713,0.19726385112540462
2024-11-05,601318,4400,47.97231897268557,211078.2034798165,0.19597483842435642
2024-11-05,000333,5600,37.44077357071093,209668.33199598122,0.19466584805164774
2024-11-05,002594,1700,120.26488833762303,204450.31017395915,0.18982119347999118
2024-11-06,600519,2300,97.48545010851286,224216.53524957958,0.20734615907889073
2024-11-06,000858,2300,91.22638064080373,209820.67547384856,0.19403346459891604
2024-11-06,601318,4400,47.90575621905749,210785.32736385294,0.1949255346865122
2024-11-06,000333,5600,37.690033706348,211064.1887555488,0.19518341414406054
2024-11-06,002594,1700,121.16923151936705,205987.69358292397,0.19048888180524517
2024-11-07,600519,2300,99.54743335024186,228959.09670555627,0.21132202448335777
2024-11-07,000858,2300,90.98153450445996,209257.5293602579,0.19313809924601372
2024-11-07,601318,4400,47.23476428288184,207832.9628446801,0.19182326928548915
2024-11-07,000333,5600,36.94300147869704,206880.80828070344,0.19094446065558188
2024-11-07,002594,1700,124.1419567320662,211041.32644451255,0.19478448769065793
2024-11-08,600519,2300,98.09809366647374,225625.6154328896,0.20692407248490002
2024-11-08,000858,2300,89.37098337841992,205553.26177036582,0.18851546601423078
2024-11-08,601318,4400,48.04135332020827,211381.9546089164,0.19386103308161545
2024-11-08,000333,5600,37.70998507420767,211175.91641556297,0.19367207287878424
2024-11-08,002594,1700,127.73711797865532,217153.10056371405,0.19915382318251024
2024-11-11,000001,42100,4.225683112215021,177901.2590242524,0.16511699065302365
2024-11-11,600519,300,95.39157866069594,28617.473598208784,0.02656097627720793
2024-11-11,000858,2400,89.19218459676605,214061.24303223853,0.1986784605055006
2024-11-11,601318,4500,47.76133155502784,214925.99199762527,0.19948106723025405
2024-11-11,000333,900,36.640339559351176,32976.30560341606,0.030606575658625436
2024-11-11,002594,200,124.7139332616314,24942.78665232628,0.02315035819938222
2024-11-11,601888,2800,62.67462394638347,175488.9470498737,0.16287803126673084
2024-11-11,300750,3100,57.37578424784931,177864.93116833287,0.1650832733748031
2024-11-12,000001,42100,4.221787702266783,177737.26226543158,0.16513493195168025
2024-11-12,600519,300,94.79280203916774,28437.840611750322,0.026421476365833883
2024-11-12,000858,2400,89.63686929904696,215128.48631771273,0.19987495866730715
2024-11-12,601318,4500,47.16889236390308,212260.01563756386,0.19720987479837496
2024-11-12,000333,900,36.22908883417189,32606.1799507547,0.03029426265906507
2024-11-12,002594,200,124.38793560166022,24877.587120332042,0.02311366003884393
2024-11-12,601888,2800,63.765985105798485,178544.75829623576,0.16588517306825018
2024-11-12,300750,3100,56.79891677990621,176076.64201770924,0.16359205676552102
2024-11-13,000001,42100,4.315434005549084,181679.77163361642,0.16728176078815848
2024-11-13,600519,300,92.5625817374287,27768.77452122861,0.02556811611481003
2024-11-13,000858,2400,92.24044227135556,221377.06145125334,0.20383306465375303
2024-11-13,601318,4500,46.21375812458718,207961.9115606423,0.19148105719161213
2024-11-13,000333,900,36.132451904264194,32519.206713837775,0.02994207945998069
2024-11-13,002594,200,124.49555553271014,24899.11110654203,0.022925871771580644
2024-11-13,601888,2800,63.45968841686233,177687.1275672145,0.16360553132341096
2024-11-13,300750,3100,58.558346185166016,181530.87317401465,0.16714466244046208
2024-11-14,000001,42100,4.159784984601264,175126.9478517132,0.16090640240907683
2024-11-14,600519,300,95.88794135423647,28766.382406270943,0.026430513179708452
2024-11-14,000858,2400,92.13322822145572,221119.74773149373,0.20316452462361134
2024-11-14,601318,4500,47.29888307529541,212844.97383882932,0.1955616735824079
2024-11-14,000333,900,36.445897480311686,32801.30773228052,0.030137797102381583
2024-11-14,002594,200,131.21658549986398,26243.317099972795,0.02411232419474797
2024-11-14,601888,2800,64.57871644850673,180820.40605581884,0.1661375440930214
2024-11-14,300750,3100,58.067124557375,180008.0861278625,0.16539118564381616
2024-11-15,000001,42100,4.168096281022708,175476.853431056,0.16128992531223404
2024-11-15,600519,300,97.85510055411356,29356.530166234068,0.026983117518679253
2024-11-15,000858,2400,95.09691833213358,228232.6039971206,0.20978048633049703
2024-11-15,601318,4500,46.8149700455152,210667.3652048184,0.1936353595088841
2024-11-15,000333,900,36.8807434032165,33192.66906289485,0.03050911279402119
2024-11-15,002594,200,130.7830962466251,26156.61924932502,0.02404191255231119
2024-11-15,601888,2800,65.28853176865127,182807.88895222355,0.1680282622982857
2024-11-15,300750,3100,55.29743936178168,171422.0620215232,0.15756295511181848
2024-11-18,000001,52000,4.148612261990677,215727.83762351522,0.1967603331911966
2024-11-18,600519,2200,101.53424924938132,223375.3483486389,0.20373544949948041
2024-11-18,000858,2200,96.80659546591652,212974.51002501632,0.19424908725449647
2024-11-18,601318,4600,45.98783729916959,211544.05157618012,0.19294439943993463
2024-11-18,601888,3300,65.84541377818799,217289.86546802038,0.19818502238534286
2024-11-19,000001,52000,4.13047461653995,214784.6800600774,0.19438432979979822
2024-11-19,600519,2200,103.6373993228854,228002.27851034788,0.20634651451241376
2024-11-19,000858,2200,98.2105824060098,216063.28129322157,0.19554148888449835
2024-11-19,601318,4600,45.95071077270766,211373.26955445524,0.1912969366737062
2024-11-19,601888,3300,66.4356396636142,219237.61088992684,0.19841431915827124
2024-11-20,000001,52000,4.177859307189917,217248.68397387568,0.1954642564621282
2024-11-20,600519,2200,104.58019285345236,230076.4242775952,0.20700570598758225
2024-11-20,000858,2200,96.67260267590292,212679.72588698642,0.19135344677194002
2024-11-20,601318,4600,45.87606432765514,211029.89590721365,0.18986905209397736
2024-11-20,601888,3300,68.15985771138074,224927.53044755643,0.20237311311897835
2024-11-21,000001,52000,4.169924094448652,216836.05291132993,0.19431954021595912
2024-11-21,600519,2200,101.90629360111824,224193.8459224601,0.20091329128147814
2024-11-21,000858,2200,96.22993099267003,211705.84818387407,0.18972206202693942
2024-11-21,601318,4600,47.21564193054422,217191.95288050344,0.19463848311057524
2024-11-21,601888,3300,69.83591776779804,230458.5286337335,0.20652744191606529
2024-11-22,000001,52000,4.1453347167036805,215557.4052685914,0.19493941616124622
2024-11-22,600519,2200,104.5372774506946,229982.01039152814,0.2079843129372028
2024-11-22,000858,2200,96.90497964606932,213190.95522135252,0.19279931621891908
2024-11-22,601318,4600,46.30726924500205,213013.43852700942,0.19263877893322018
2024-11-22,601888,3300,66.2227016421887,218534.9154192227,0.19763212852552345
2024-11-25,000001,53400,4.195073294069276,224016.91390329934,0.20247168083780714
2024-11-25,600519,2100,104.67899826871944,219825.8963643108,0.1986837420132145
2024-11-25,000858,2200,96.27630771761936,211807.8769787626,0.19143687018690747
2024-11-25,601318,4700,47.079009611076266,221271.34517205844,0.19999017215980602
2024-11-25,601888,3300,64.8341584747779,213952.72296676706,0.19337543172122515
2024-11-26,000001,53400,4.163268767860067,222318.55220372757,0.2019826367278738
2024-11-26,600519,2100,103.80624342577283,217993.11119412296,0.1980528523195523
2024-11-26,000858,2200,96.08671756574508,211390.77864463915,0.19205444812125147
2024-11-26,601318,4700,46.861317166618285,220248.19068310593,0.20010165524985535
2024-11-26,601888,3300,64.60440357323232,213194.53179166664,0.19369320841827314
2024-11-27,000001,53400,4.080544144516081,217901.0573171587,0.19944998111369858
2024-11-27,600519,2100,101.38662484648896,212911.9121776268,0.19488329880336552
2024-11-27,000858,2200,95.82551758129372,210816.13867884618,0.19296498785115213
2024-11-27,601318,4700,47.97623176078511,225488.28927569,0.2063947536148789
2024-11-27,601888,3300,63.59274412083039,209856.0555987403,0.19208620114606523
2024-11-28,000001,53400,3.9687598676167912,211931.77693073664,0.192787185601505
2024-11-28,600519,2100,103.72715713420196,217827.0299818241,0.19814989836024
2024-11-28,000858,2200,95.83157287385409,210829.460322479,0.19178444538186706
2024-11-28,601318,4700,49.94590307497768,234745.7444523951,0.21354028197337238
2024-11-28,601888,3300,63.16179478205413,208433.92278077864,0.18960530572024806
2024-11-29,000001,53400,3.9241400844547183,209549.08050988195,0.18856016431837883
2024-11-29,600519,2100,104.83687089161474,220157.42887239094,0.19810595619450672
2024-11-29,000858,2200,98.99221899228525,217782.88178302755,0.1959692491840888
2024-11-29,601318,4700,50.896580659034,239213.9290974598,0.2152537136794304
2024-11-29,601888,3300,63.35510571306499,209071.84885311447,0.18813073327817073
2024-12-02,600519,2100,108.45487566924729,227755.2389054193,0.20001932827084012
2024-12-02,000858,2200,103.71208347178388,228166.58363792454,0.2003805796628119
2024-12-02,000333,5800,37.915623915959664,219910.61871256604,0.19313002171062538
2024-12-02,002594,1500,143.52982592252638,215294.73888378957,0.18907626124756005
2024-12-02,601888,3500,65.35895126443376,228756.32942551814,0.20089850652522762
2024-12-03,600519,2100,105.13506931034384,220783.64555172206,0.19777756801325472
2024-12-03,000858,2200,100.62712032327045,221379.664711195,0.19831148083798086
2024-12-03,000333,5800,38.11984685800439,221095.11177642544,0.1980565788624785
2024-12-03,002594,1500,144.3422377187176,216513.3565780764,0.19395225130643548
2024-12-03,601888,3500,62.21959028319296,217768.56599117536,0.19507666550138048
2024-12-04,600519,2100,102.73880576836002,215751.49211355604,0.19220505336091523
2024-12-04,000858,2200,102.29801644542216,225055.63617992876,0.20049377242948868
2024-12-04,000333,5800,38.22080292370433,221680.65695748513,0.1974871278163412
2024-12-04,002594,1500,149.9647412551336,224947.11188270038,0.20039709213247014
2024-12-04,601888,3500,61.79695038024527,216289.32633085846,0.19268419004462134
2024-12-05,600519,2100,104.14580947720572,218706.199902132,0.1949738969964928
2024-12-05,000858,2200,103.54058292078749,227789.28242573247,0.20307135375427837
2024-12-05,000333,5800,38.86678135234651,225427.33184360975,0.20096570375571557
2024-12-05,002594,1500,145.38441779427072,218076.62669140607,0.1944126401944691
2024-12-05,601888,3500,60.83952216076699,212938.32756268446,0.18983190949040654
2024-12-06,600519,2100,104.1354981501336,218684.54611528057,0.1955597337036188
2024-12-06,000858,2200,103.98311831310528,228762.8602888316,0.20457231584978505
2024-12-06,000333,5800,38.06386137079016,220770.3959505829,0.19742501520422576
2024-12-06,002594,1500,147.04001715724127,220560.0257358619,0.1972368906023697
2024-12-06,601888,3500,60.19682410769042,210688.88437691645,0.18840957376723982
2024-12-09,600519,2100,102.13038956214888,214473.81808051263,0.19292954449887334
2024-12-09,000858,2100,106.05296507207711,222711.22665136194,0.20033949083940278
2024-12-09,601318,4600,49.849987317790976,229309.9416618385,0.20627535328006305
2024-12-09,000333,5800,37.51093850701414,217563.44334068202,0.19570881144833813
2024-12-09,002594,1500,140.9727532848286,211459.1299272429,0.19021768709165293
2024-12-10,600519,2100,100.65525813710904,211376.042087929,0.18934109906487948
2024-12-10,000858,2100,105.98374628159334,222565.867191346,0.19936443833501025
2024-12-10,601318,4600,51.03987593367098,234783.4292948865,0.21030837793065982
2024-12-10,000333,5800,37.75074143290301,218954.30031083748,0.1961293600558108
2024-12-10,002594,1500,141.69717528168144,212545.76292252215,0.19038888208812682
2024-12-11,600519,2100,100.15662733506088,210328.91740362783,0.18664761815732492
2024-12-11,000858,2100,108.73171952466296,228336.61100179222,0.20262779416020069
2024-12-11,601318,4600,53.14499636330572,244466.98327120632,0.2169420197134064
2024-12-11,000333,5800,37.79523756940589,219212.37790255417,0.19453087436187896
2024-12-11,002594,1500,138.92039639806725,208380.5945971009,0.18491866040996016
2024-12-12,600519,2100,99.67223760869088,209311.69897825085,0.18567003502833834
2024-12-12,000858,2100,106.63571970346116,223935.01137726844,0.19864165075077367
2024-12-12,601318,4600,53.16147640529872,244542.7914643741,0.21692179117917265
2024-12-12,000333,5800,38.37981268201405,222602.91355568147,0.19746001278976832
2024-12-12,002594,1500,140.52508369971918,210787.62554957878,0.1869792563453283
2024-12-13,600519,2100,99.48487780983923,208918.24340066238,0.18460797713185423
2024-12-13,000858,2100,106.3026584335136,223235.58271037857,0.19725931386939405
2024-12-13,601318,4600,54.85695879443571,252342.01045440428,0.2229788425227832
2024-12-13,000333,5800,38.316417087498905,222235.21910749364,0.1963753551584702
2024-12-13,002594,1500,139.20218057252967,208803.2708587945,0.18450638309183912
2024-12-16,600519,2200,101.36261046727232,222997.7430279991,0.19536756686050438
2024-12-16,000858,2100,108.3459314360318,227526.4560156668,0.1993351569598316
2024-12-16,601318,4100,55.28419892957901,226665.21561127395,0.19858062716054542
2024-12-16,000333,5800,38.586035928288645,223799.00838407414,0.1960695527232328
2024-12-16,002594,1600,137.98016689112254,220768.26702579606,0.19341433049133805
2024-12-17,600519,2200,104.0989383889428,229017.66445567415,0.19982556930524573
2024-12-17,000858,2100,113.17668389839145,237671.03618662205,0.20737592546076952
2024-12-17,601318,4100,54.58406009342647,223794.64638304853,0.19526831140841652
2024-12-17,000333,5800,37.15542834148224,215501.48438059702,0.18803225028440113
2024-12-17,002594,1600,137.77069852735707,220433.11764377131,0.19233526519270847
2024-12-18,600519,2200,103.9388082301101,228665.37810624222,0.19797577685820053
2024-12-18,000858,2100,111.8129855486456,234807.26965215575,0.20329335383575284
2024-12-18,601318,4100,55.03981646369456,225663.24750114768,0.19537656772695539
2024-12-18,000333,5800,38.91874084948228,225728.69692699725,0.1954332330649038
2024-12-18,002594,1600,137.80151299283034,220482.42078852854,0.19089106930260738
2024-12-19,600519,2200,102.65241503239336,225835.3130712654,0.19631765601861464
2024-12-19,000858,2100,109.59019036413864,230139.39976469113,0.2000591798727145
2024-12-19,601318,4100,56.2095104023007,230458.99264943288,0.20033700057825193
2024-12-19,000333,5800,37.8511244762678,219536.52196235323,0.19084214428647772
2024-12-19,002594,1600,140.44777739176993,224716.44382683188,0.19534502784779711
2024-12-20,600519,2200,102.41247741853525,225307.45032077754,0.19301217621426608
2024-12-20,000858,2100,112.16278507000024,235541.8486470005,0.201779589321891
2024-12-20,601318,4100,58.54578431416926,240037.71568809397,0.20563102468426356
2024-12-20,000333,5800,37.59567235991123,218054.8996874851,0.1867991966663508
2024-12-20,002594,1600,142.94413632202094,228710.6181152335,0.19592753840533017
2024-12-23,000001,61700,3.795117661618522,234158.75972186282,0.20299175592513033
2024-12-23,600519,2200,99.5824227011639,219081.3299425606,0.1899211624979452
2024-12-23,000858,2000,112.18153568751256,224363.07137502512,0.19449989347940408
2024-12-23,000333,6200,37.35900392599032,231625.82434114,0.2007959593587813
2024-12-23,002594,1600,139.5832895973441,223333.26335575056,0.1936071549871665
2024-12-24,000001,61700,3.82139133791696,235779.84554947642,0.20314694287727697
2024-12-24,600519,2200,100.33173666014336,220729.8206523154,0.1901799034725302
2024-12-24,000858,2000,115.70959403391124,231419.18806782248,0.1993898183687403
2024-12-24,000333,6200,36.980600745280455,229279.72462073882,0.19754646548308613
2024-12-24,002594,1600,139.03270818796966,222452.33310075145,0.19166401309671097
2024-12-25,000001,61700,3.8919088821655214,240130.77802961267,0.2068838178536003
2024-12-25,600519,2200,100.10902849705732,220239.8626935261,0.18974687048226063
2024-12-25,000858,2000,116.44075001330674,232881.50002661347,0.20063822817014185
2024-12-25,000333,6200,36.1238967669203,223968.1599549059,0.19295897172915807
2024-12-25,002594,1600,139.06700370449735,222507.20592719576,0.19170029198205796
2024-12-26,000001,61700,4.037524949579512,249115.2893890559,0.21396306317499122
2024-12-26,600519,2200,98.164214220691,215961.2712855202,0.1854873510362916
2024-12-26,000858,2000,114.66011485502064,229320.22971004128,0.1969612500183565
2024-12-26,000333,6200,36.06499976551,223602.998546162,0.19205076742331723
2024-12-26,002594,1600,140.82205144441878,225315.28231107004,0.19352143379736042
2024-12-27,000001,61700,3.966647175830315,244742.13074873041,0.2098312025305734
2024-12-27,600519,2200,99.1448275540965,218118.62061901228,0.18700536895213205
2024-12-27,000858,2000,114.26142898137506,228522.85796275013,0.19592550716687762
2024-12-27,000333,6200,35.56863463277228,220525.53472318815,0.1890689518723344
2024-12-27,002594,1600,145.93192439565894,233491.0790330543,0.2001850426969084
2024-12-30,000001,58700,3.836267033270413,225188.87485297324,0.19451542223161036
2024-12-30,000858,2000,115.6777377671238,231355.4755342476,0.19984205719985637
2024-12-30,601318,3800,61.27050599649072,232827.92278666474,0.2011139392997367
2024-12-30,600036,9600,23.53519984771896,225937.918538102,0.19516243709314768
2024-12-30,002594,1500,147.77343447460652,221660.15171190977,0.19146735392818923
2024-12-31,000001,58700,3.871096602563999,227233.37057050673,0.19309111820231484
2024-12-31,000858,2000,117.0635209909962,234127.0419819924,0.19894900218309255
2024-12-31,601318,3800,61.446257958822855,233495.78024352685,0.19841258873883205
2024-12-31,600036,9600,24.05397859044503,230918.1944682723,0.19622229019968393
2024-12-31,002594,1500,153.5491440845913,230323.71612688692,0.19571713337611985
2025-01-01,000001,58700,3.768792715661861,221228.13240935124,0.19126395117224768
2025-01-01,000858,2000,113.50915135315812,227018.30270631623,0.19626987350634092
2025-01-01,601318,3800,61.45639186622937,233534.28909167158,0.20190330397594136
2025-01-01,600036,9600,23.874260182986827,229192.89775667354,0.1981499311509146
2025-01-01,002594,1500,149.97941849035595,224969.12773553393,0.19449824845446967
2025-01-02,000001,58700,3.890649748272938,228381.14022362148,0.1969313081068917
2025-01-02,000858,2000,114.66106005236414,229322.12010472827,0.19774270785166562
2025-01-02,601318,3800,62.3385111374652,236886.34232236774,0.20426527873765196
2025-01-02,600036,9600,23.115653224786485,221910.27095795024,0.19135152709769995
2025-01-02,002594,1500,148.31890020146588,222478.3503021988,0.19184137756548306
2025-01-03,000001,58700,3.901936631181726,229043.68025036732,0.1980430007084628
2025-01-03,000858,2000,116.6425140920604,233285.02818412078,0.2017102892838603
2025-01-03,601318,3800,61.96493119023072,235466.73852287675,0.20359670877245573
2025-01-03,600036,9600,22.89371763111945,219779.68925874672,0.19003287542357722
2025-01-03,002594,1500,145.4924515292087,218238.67729381303,0.18870043685408905
2025-01-06,600519,2200,104.18354483838652,229203.79864445035,0.19927621680254795
2025-01-06,000858,1900,116.93877480169208,222183.67212321496,0.1931727217344007
2025-01-06,601318,3700,62.6456197674441,231788.79313954318,0.2015236835831339
2025-01-06,600036,10000,22.7797220676052,227797.220676052,0.19805329843104644
2025-01-06,601888,3600,61.074430344971454,219867.94924189724,0.1911593672538847
2025-01-07,600519,2200,100.2124915449231,220467.4813988308,0.192930176292954
2025-01-07,000858,1900,114.58194715516112,217705.69959480612,0.19051335251943227
2025-01-07,601318,3700,62.17599444819741,230051.1794583304,0.20131683061687602
2025-01-07,600036,10000,23.34217934401714,233421.7934401714,0.2042664408977486
2025-01-07,601888,3600,61.5960699656916,221745.85187648976,0.19404887298263168
2025-01-08,600519,2200,101.18747690888108,222612.4491995384,0.1942585220399255
2025-01-08,000858,1900,113.88370660439811,216379.0425483564,0.18881905821979084
2025-01-08,601318,3700,63.25203505268602,234032.52969493828,0.20422403819407758
2025-01-08,600036,10000,23.25916282434825,232591.62824348253,0.20296666293329835
2025-01-08,601888,3600,61.39003904393603,221004.1405581697,0.19285506207719771
2025-01-09,600519,2200,100.22266618027588,220489.86559660695,0.19275360471637115
2025-01-09,000858,1900,113.4510080964896,215556.91538333026,0.188441189118844
2025-01-09,601318,3700,63.78963244231222,236021.6400365552,0.20633157802975186
2025-01-09,600036,10000,23.25867607535578,232586.76075355778,0.20332878530831835
2025-01-09,601888,3600,61.083263896709774,219899.7500281552,0.19223772203527584
2025-01-10,600519,2200,100.54697984285784,221203.35565428724,0.19250980782236696
2025-01-10,000858,1900,113.96779774826985,216538.81572171272,0.18845033194622748
2025-01-10,601318,3700,65.90117108574364,243834.33301725148,0.21220519214459002
2025-01-10,600036,10000,23.31614549609378,233161.45496093782,0.2029167539224157
2025-01-10,601888,3600,59.71440796362682,214971.86866905654,0.18708664252532145
2025-01-13,000858,2000,112.37967719654895,224759.35439309792,0.19684957452520244
2025-01-13,601318,3400,64.29080437107912,218588.734861669,0.19144519955447603
2025-01-13,600036,9900,23.785399208961763,235475.45216872144,0.206234987174202
2025-01-13,002594,1500,144.24088651962086,216361.32977943128,0.18949438534290416
2025-01-13,601888,3800,59.351637251719,225536.2215565322,0.19752997321649415
2025-01-14,000858,2000,111.11312335989366,222226.24671978733,0.1914851791641977
2025-01-14,601318,3400,65.3060999615634,222040.73986931558,0.19132533390278914
2025-01-14,600036,9900,23.99006079161128,237501.60183695168,0.20464745929348951
2025-01-14,002594,1500,146.00973530108095,219014.60295162143,0.1887178094613098
2025-01-14,601888,3800,62.81469007995459,238695.82230382744,0.20567648049794518
2025-01-15,000858,2000,109.82043390867427,219640.86781734854,0.19055943004623527
2025-01-15,601318,3400,64.27725843445826,218542.67867715808,0.1896066460824982
2025-01-15,600036,9900,24.246723761330298,240042.56523716994,0.20825985106046072
2025-01-15,002594,1500,144.18246549442955,216273.69824164434,0.18763808885144084
2025-01-15,601888,3800,62.38154400403965,237049.86721535065,0.20566339970327238
2025-01-16,000858,2000,109.70445003806188,219408.90007612377,0.19042573941885044
2025-01-16,601318,3400,62.92440653757002,213942.98222773807,0.18568185050859923
2025-01-16,600036,9900,23.683067102594517,234462.36431568573,0.2034906928352308
2025-01-16,002594,1500,145.73963978228377,218609.45967342565,0.1897319023422675
2025-01-16,601888,3800,64.39921620953919,244717.02159624893,0.21239074517796
2025-01-17,000858,2000,109.55960945052183,219119.21890104367,0.1898717093992103
2025-01-17,601318,3400,63.23116293698316,214985.95398574276,0.1862901428036193
2025-01-17,600036,9900,24.061789815214524,238211.71917062378,0.20641578837626798
2025-01-17,002594,1500,145.09330845518252,217639.9626827738,0.1885899007645731
2025-01-17,601888,3800,63.95269356837731,243020.2355598338,0.21058247549331974
2025-01-20,000858,2100,109.50730921821506,229965.3493582516,0.19597823191746708
2025-01-20,601318,3600,67.18588328644087,241869.17983118712,0.20612276741223362
2025-01-20,000333,5500,42.39707987050724,233183.93928778984,0.19872113890505683
2025-01-20,002594,1500,142.08718774041887,213130.7816106283,0.18163168435505864
2025-01-20,601888,3500,65.3411631663483,228694.07108221904,0.19489483883452127
2025-01-21,000858,2100,106.53750092758928,223728.75194793748,0.18974504808309725
2025-01-21,601318,3600,69.1845880128281,249064.51684618116,0.21123238883382014
2025-01-21,000333,5500,43.60037566077754,239802.06613427645,0.20337687567158408
2025-01-21,002594,1500,140.22919444429172,210343.79166643758,0.17839322177516456
2025-01-21,601888,3500,65.59520032321775,229583.20113126215,0.1947102245841868
2025-01-22,000858,2100,107.54515182079648,225844.8188236726,0.19110774859725868
2025-01-22,601318,3600,69.42340012087722,249924.240435158,0.21148352730966719
2025-01-22,000333,5500,42.81980910128706,235508.95005707885,0.1992854449986389
2025-01-22,002594,1500,144.12389722205089,216185.84583307634,0.1829344170521336
2025-01-22,601888,3500,65.06385218230906,227723.4826380817,0.19269745613986639
2025-01-23,000858,2100,103.4544299575111,217254.3029107733,0.18598051075948063
2025-01-23,601318,3600,69.7138279037875,250969.780453635,0.2148426398400563
2025-01-23,000333,5500,41.27537755962687,227014.57657794777,0.19433579144876087
2025-01-23,002594,1500,146.62577560968225,219938.66341452338,0.1882784571332059
2025-01-23,601888,3500,64.68553251628072,226399.3638069825,0.193809138655988
2025-01-24,000858,2100,103.39915436107164,217138.22415825044,0.18551888969258906
2025-01-24,601318,3600,67.96544228598636,244675.59222955088,0.20904630854962358
2025-01-24,000333,5500,41.814331892976,229978.825411368,0.196489662326925
2025-01-24,002594,1500,146.54739549638683,219821.09324458023,0.1878110835060732
2025-01-24,601888,3500,66.35541213719098,232243.94248016842,0.19842493652959753
2025-01-27,600519,2400,96.484157094059,231561.9770257416,0.19990047688420406
2025-01-27,000858,2200,101.56799157362654,223449.5814619784,0.1928972902527076
2025-01-27,601318,3400,67.22462177173419,228563.71402389626,0.19731216678428415
2025-01-27,000333,5600,40.1006374311529,224563.56961445624,0.19385896265585398
2025-01-27,002594,1600,147.8403385742037,236544.54171872593,0.20420177483919277
2025-01-28,600519,2400,97.49278491473186,233982.68379535645,0.20222568196903198
2025-01-28,000858,2200,101.23954574381516,222727.00063639335,0.19249766207487845
2025-01-28,601318,3400,66.17016358830192,224978.5562002265,0.1944436281267319
2025-01-28,000333,5600,39.96936928629095,223828.46800322933,0.19344963418585678
2025-01-28,002594,1600,148.63611951766066,237817.79122825706,0.20554027432887148
2025-01-29,600519,2400,100.29486247646652,240707.66994351964,0.20697173127437227
2025-01-29,000858,2200,100.34496491706692,220758.92281754722,0.1898188639378808
2025-01-29,601318,3400,66.5652535862515,226321.8621932551,0.1946021398253288
2025-01-29,000333,5600,39.29534464081735,220053.92998857715,0.18921267807607509
2025-01-29,002594,1600,150.90780714826406,241452.4914372225,0.20761216368800586
2025-01-30,600519,2400,99.64026328444814,239136.63188267555,0.20471101621556193
2025-01-30,000858,2200,100.58318041438346,221282.99691164363,0.18942755366409988
2025-01-30,601318,3400,66.02781604794463,224494.57456301173,0.1921767992292432
2025-01-30,000333,5600,40.13896573912232,224778.20813908498,0.19241960150145757
2025-01-30,002594,1600,152.9822185414127,244771.5496662603,0.20953474287210663
2025-01-31,600519,2400,98.77066873688412,237049.6049685219,0.20340939138905034
2025-01-31,000858,2200,103.35592626581185,227383.03778478605,0.19511462731245052
2025-01-31,601318,3400,67.21193880528563,228520.59193797113,0.1960907487364967
2025-01-31,000333,5600,39.16401872206454,219318.50484356142,0.18819454939192717
2025-01-31,002594,1600,149.62946211547074,239407.1393847532,0.20543236308245613
2025-02-03,000858,2200,100.30255495581396,220665.62090279072,0.18960240512535725
2025-02-03,601318,3400,67.62671357246444,229930.82614637908,0.19756334254269198
2025-02-03,000333,5900,38.74222926540495,228579.1526658892,0.1964019448505796
2025-02-03,002594,1500,153.47957681573044,230219.36522359567,0.1978112638219066
2025-02-03,601888,3400,67.49790915433142,229492.89112472686,0.19718705586489332
2025-02-04,000858,2200,102.62057895525372,225765.27370155818,0.1937208373901205
2025-02-04,601318,3400,69.66389231440863,236857.23386898934,0.20323843846624115
2025-02-04,000333,5900,38.63845708945567,227966.89682778844,0.19560996882578396
2025-02-04,002594,1500,151.46073500533285,227191.10250799928,0.19494428839226113
2025-02-04,601888,3400,65.49689352987293,222689.438001568,0.1910815764546048
2025-02-05,000858,2200,104.52307058299836,229950.7552825964,0.19791467724800038
2025-02-05,601318,3400,69.28316780382241,235562.7705329962,0.20274484267028284
2025-02-05,000333,5900,39.06778438399791,230499.92786558767,0.1983873406857986
2025-02-05,002594,1500,147.03032447305276,220545.48670957913,0.18981972364903582
2025-02-05,601888,3400,64.81282185278283,220363.59429946163,0.1896631719664896
2025-02-06,000858,2200,108.71601718488628,239175.23780674982,0.2030435212641098
2025-02-06,601318,3400,70.78337662487166,240663.48052456367,0.20430693818256498
2025-02-06,000333,5900,39.54045829917504,233288.70396513277,0.1980462541130346
2025-02-06,002594,1500,144.13519672544834,216202.7950881725,0.18354147872663454
2025-02-06,601888,3400,65.78670330183692,223674.79122624555,0.18988469561086738
2025-02-07,000858,2200,106.98009719237818,235356.213823232,0.2012495149517753
2025-02-07,601318,3400,70.92440700732723,241142.9838249126,0.20619769387196468
2025-02-07,000333,5900,38.41177363568072,226629.46445051624,0.1937874044349745
2025-02-07,002594,1500,145.38513244413235,218077.69866619853,0.18647491972034638
2025-02-07,601888,3400,65.6831576137865,223322.7358868741,0.1909598711878176
2025-02-10,000858,2100,107.89178433886836,226572.74711162355,0.19254447165861863
2025-02-10,601318,3200,70.5562977491359,225780.15279723486,0.19187091468652429
2025-02-10,002594,1600,146.32985845052625,234127.773520842,0.19896483150716301
2025-02-10,600900,6100,38.87355688279605,237128.69698505593,0.20151505535478384
2025-02-10,601888,3500,65.46223225641238,229117.81289744333,0.19470730171348694
2025-02-11,000858,2100,105.11547136102098,220742.48985814405,0.19072958438768808
2025-02-11,601318,3200,69.45310105954418,222249.92339054137,0.19203206209060325
2025-02-11,002594,1600,137.18965559616282,219503.44895386053,0.18965900773130803
2025-02-11,600900,6100,39.338516571711146,239964.95108743798,0.20733849390722714
2025-02-11,601888,3500,65.9701009215941,230895.35322557934,0.19950202965484232
2025-02-12,000858,2100,106.01413368431108,222629.68073705325,0.1914223530581742
2025-02-12,601318,3200,67.9746012093611,217518.72386995552,0.1870278294410191
2025-02-12,002594,1600,138.0502674926708,220880.42798827327,0.18991830348061392
2025-02-12,600900,6100,39.42191730538716,240473.69556286169,0.20676506609918832
2025-02-12,601888,3500,67.86396307161932,237523.87075066764,0.2042287357914317
2025-02-13,000858,2100,107.04418285455374,224792.78399456287,0.1912215764884914
2025-02-13,601318,3200,69.6525438630604,222888.14036179328,0.189601377869857
2025-02-13,002594,1600,139.75805670341498,223612.89072546398,0.19021789190842628
2025-02-13,600900,6100,39.77591568485997,242633.0856776458,0.20639755568252066
2025-02-13,601888,3500,67.89504749637086,237632.66623729802,0.20214391341031085
2025-02-14,000858,2100,105.00860234489024,220518.0649242695,0.1867741470073979
2025-02-14,601318,3200,71.0790008519565,227452.8027262608,0.19264772356962506
2025-02-14,002594,1600,138.83595347826838,222137.5255652294,0.18814579599194353
2025-02-14,600900,6100,39.86274392057172,243162.73791548747,0.20595370712030145
2025-02-14,601888,3500,69.54102327393726,243393.5814587804,0.20614922672957023
2025-02-17,000858,2200,107.27867853192764,236013.0927702408,0.19741839823036547
2025-02-17,601318,3300,69.35469150766174,228870.48197528374,0.19144380264428051
2025-02-17,600900,5900,40.61690226963292,239639.7233908342,0.20045197403621173
2025-02-17,601888,3300,71.90120760376202,237273.98509241466,0.19847309964401483
2025-02-17,300750,4500,52.67203562134529,237024.1602960538,0.19826412813926955
2025-02-18,000858,2200,107.84774753420596,237265.04457525312,0.198470895623436
2025-02-18,601318,3300,72.01098821442304,237636.26110759602,0.19878141619664652
2025-02-18,600900,5900,39.08890643271245,230624.54795300344,0.1929161569793106
2025-02-18,601888,3300,70.08636220797742,231284.99528632546,0.19346861751554842
2025-02-18,300750,4500,53.77307191342515,241978.82361041318,0.2024139456776654
2025-02-19,000858,2200,108.46657613107328,238626.46748836123,0.19777783079401232
2025-02-19,601318,3300,73.63705618825249,243002.28542123322,0.20140458598098743
2025-02-19,600900,5900,39.9435710011708,235667.06890690775,0.19532502898181062
2025-02-19,601888,3300,69.83317764875046,230449.48624087652,0.19100060431703017
2025-02-19,300750,4500,53.80381816827677,242117.18175724547,0.20067099643187397
2025-02-20,000858,2200,109.27967755592532,240415.2906230357,0.1979559692163952
2025-02-20,601318,3300,73.54832277088641,242709.46514392516,0.19984497361231907
2025-02-20,600900,5900,39.764238885536784,234609.00942466702,0.19317512512287946
2025-02-20,601888,3300,69.56566928139964,229566.7086286188,0.1890233361972433
2025-02-20,300750,4500,55.66949674851977,250512.73536833897,0.20627012201418726
2025-02-21,000858,2200,112.17264674998556,246779.82284996824,0.20026264925377965
2025-02-21,601318,3300,75.79738323979286,250131.36469131644,0.2029824366354301
2025-02-21,600900,5900,40.96509756262806,241694.07561950554,0.19613554841528552
2025-02-21,601888,3300,70.06436684920844,231212.41060238786,0.18762964229752804
2025-02-21,300750,4500,54.61947705932659,245787.64676696967,0.19945749505351776
2025-02-24,600519,2400,99.72108766878218,239330.61040507723,0.1911163022833457
2025-02-24,000858,2200,115.74700478180613,254643.4105199735,0.20334426481020212
2025-02-24,601318,3200,77.30138414810023,247364.42927392072,0.1975316695145946
2025-02-24,600900,6000,42.23522981529284,253411.37889175705,0.20236043190774838
2025-02-24,601888,3500,70.99499510151095,248482.48285528834,0.19842448579857924
2025-02-25,600519,2400,100.9572780121859,242297.46722924616,0.194124558845761
2025-02-25,000858,2200,119.88976998290696,263757.4939623953,0.21131796276380233
2025-02-25,601318,3200,76.88800918852826,246041.62940329043,0.19712431711230385
2025-02-25,600900,6000,40.92036319985999,245522.17919915996,0.19670814255269212
2025-02-25,601888,3500,68.99738742199577,241490.85597698519,0.19347831579875036
2025-02-26,600519,2400,102.4058024825423,245773.92595810152,0.19574625880472155
2025-02-26,000858,2200,122.66462723505332,269862.1799171173,0.2149313109831987
2025-02-26,601318,3200,76.41769148263413,244536.6127444292,0.19476080263152565
2025-02-26,600900,6000,41.271289306981615,247627.7358418897,0.19722272278629382
2025-02-26,601888,3500,68.20817289606705,238728.6051362347,0.1901350240588741
2025-02-27,600519,2400,104.1328751380332,249918.90033127967,0.1965052095169589
2025-02-27,000858,2200,125.36048054501222,275793.05719902687,0.21684943562243428
2025-02-27,601318,3200,77.63474033107092,248431.16905942693,0.195335442264891
2025-02-27,600900,6000,40.32058337328647,241923.5002397188,0.19021861907469356
2025-02-27,601888,3500,70.48758845057384,246706.55957700845,0.19397942338345242
2025-02-28,600519,2400,107.83754664011173,258810.11193626813,0.2022609312781117
2025-02-28,000858,2200,126.43025693952046,278146.565266945,0.2173724314780789
2025-02-28,601318,3200,74.90297083386305,239689.50666836178,0.18731811703042017
2025-02-28,600900,6000,40.94090034855488,245645.40209132925,0.19197266837631613
2025-02-28,601888,3500,70.92819882773009,248248.6958970553,0.19400715082214248
2025-03-03,600519,2300,107.47035756697382,247181.8224040398,0.1930326053650791
2025-03-03,000858,2000,131.17980148294475,262359.6029658895,0.20488544509665244
2025-03-03,601318,3400,74.97094019847391,254901.1966748113,0.199060924570686
2025-03-03,600900,6200,40.81715007224204,253066.33044790066,0.19762801577168052
2025-03-03,601888,3600,68.93867255106481,248179.22118383332,0.19381150764510513
2025-03-04,600519,2300,109.93033110370186,252839.76153851429,0.19931384285068773
2025-03-04,000858,2000,128.18927183355467,256378.54366710933,0.20210346842527985
2025-03-04,601318,3400,73.76967973669177,250816.911104752,0.19771922778297843
2025-03-04,600900,6200,39.2905301517064,243601.28694057968,0.19203114386778933
2025-03-04,601888,3600,69.46780663996707,250084.10390388145,0.19714155511636378
2025-03-05,600519,2300,113.30585692272064,260603.47092225746,0.20206009794967397
2025-03-05,000858,2000,132.00016994112292,264000.3398822458,0.20469387589725244
2025-03-05,601318,3400,74.70663123262302,254002.54619091828,0.19694204064578366
2025-03-05,600900,6200,38.24157966962079,237097.7939516489,0.1838348633653217
2025-03-05,601888,3600,71.999444580692,259198.0004904912,0.2009703599960579
2025-03-06,600519,2300,113.45312740653291,260942.1930350257,0.2054310589813184
2025-03-06,000858,2000,129.79521487758865,259590.4297551773,0.20436686097316398
2025-03-06,601318,3400,74.75580455251165,254169.7354785396,0.20009932971380118
2025-03-06,600900,6200,37.72089768220882,233869.5656296947,0.18411768511641302
2025-03-06,601888,3600,68.5598818409616,246815.57462746173,0.19430964490283198
2025-03-07,600519,2300,117.06415621610424,269247.55929703976,0.20837827617074595
2025-03-07,000858,2000,132.68947928156567,265378.95856313134,0.20538425700775187
2025-03-07,601318,3400,76.71906323847924,260844.8150108294,0.2018751554960942
2025-03-07,600900,6200,37.63553235946289,233340.30062866994,0.18058863646939827
2025-03-07,601888,3600,69.01877305357196,248467.58299285907,0.1922960667258794
2025-03-10,600519,2200,113.42580046151326,249536.7610153292,0.19679993054209194
2025-03-10,000858,1900,131.5250421407826,249897.58006748694,0.19708449448414994
2025-03-10,601318,3300,76.35458407061668,251970.12743303506,0.1987190319203396
2025-03-10,002594,1700,143.0588213264068,243199.99625489154,0.1918023708252729
2025-03-10,601888,3700,68.0643597762018,251838.13117194665,0.1986149316069897
2025-03-11,600519,2200,112.58153799697388,247679.38359334253,0.1960860932927291
2025-03-11,000858,1900,133.85141686583972,254317.69204509546,0.20134159720868494
2025-03-11,601318,3300,77.92247480918964,257144.1668703258,0.20357929821645085
2025-03-11,002594,1700,138.60022413982836,235620.3810377082,0.18653906250705926
2025-03-11,601888,3700,66.7093722557902,246824.67734642373,0.19540942813618797
2025-03-12,600519,2200,113.68568004236435,250108.49609320157,0.19641121904286868
2025-03-12,000858,1900,134.84741220835943,256210.0831958829,0.20120282020657845
2025-03-12,601318,3300,78.78159143032734,259979.2517200802,0.2041627635758742
2025-03-12,002594,1700,140.78064236550475,239327.09202135808,0.18794453858289975
2025-03-12,601888,3700,66.55080701845218,246237.98596827305,0.19337169170241525
2025-03-13,600519,2200,113.7683774163677,250290.43031600895,0.19722686348035037
2025-03-13,000858,1900,137.7711637838118,261765.21118924243,0.20626889931805617
2025-03-13,601318,3300,79.350389597562,261856.2856719546,0.20634066528428083
2025-03-13,002594,1700,138.3111621845205,235128.97571368483,0.18527975813860512
2025-03-13,601888,3700,64.4535871472585,238478.27244485647,0.18791897725824927
2025-03-14,600519,2200,115.24462694526235,253538.1792795772,0.19900949706392557
2025-03-14,000858,1900,136.65625248766938,259646.87972657182,0.20380439386063262
2025-03-14,601318,3300,79.16412918519758,261241.626311152,0.2050561568757474
2025-03-14,002594,1700,139.65420287464272,237412.14488689264,0.18635170326244493
2025-03-14,601888,3700,65.0357766741558,240632.37369437647,0.1888793545898667
2025-03-17,600519,2200,114.47612672749582,251847.47880049082,0.2003617367661207
2025-03-17,000858,1800,138.05981503531154,248507.66706356077,0.1977046901946389
2025-03-17,601318,3200,77.53226721489206,248103.2550876546,0.19738295306132508
2025-03-17,002594,1800,135.8612240309563,244550.20325572134,0.19455625954326075
2025-03-17,601888,3900,63.589986666981446,248000.94800122763,0.19730156084085254
2025-03-18,600519,2200,115.37374895630984,253822.24770388164,0.20518902078140516
2025-03-18,000858,1800,134.92281946055368,242861.07502899662,0.19632804697740888
2025-03-18,601318,3200,79.27169792506834,253669.43336021868,0.2050654861983605
2025-03-18,002594,1800,129.28830162029232,232718.94291652617,0.18812918271070642
2025-03-18,601888,3900,61.02323614469621,237990.62096431523,0.1923907888791405
2025-03-19,600519,2200,113.23190641644108,249110.19411617037,0.20136683898603713
2025-03-19,000858,1800,132.6879234269749,238838.2621685548,0.19306357996482484
2025-03-19,601318,3200,79.66588223941154,254930.82316611696,0.20607191208373402
2025-03-19,002594,1800,131.81860984040787,237273.49771273418,0.19179871132569012
2025-03-19,601888,3900,61.79211383415207,240989.24395319307,0.19480231411910504
2025-03-20,600519,2200,114.00074123905208,250801.63072591455,0.20041590705552317
2025-03-20,000858,1800,137.4873978378177,247477.31610807186,0.19775944295062675
2025-03-20,601318,3200,80.35532636725925,257137.0443752296,0.2054785442856894
2025-03-20,002594,1800,132.33133616161996,238196.4050909159,0.19034305496933157
2025-03-20,601888,3900,62.01000599111935,241839.02336536546,0.1932538759373525
2025-03-21,600519,2200,113.56034423283138,249832.75731222905,0.1994680800460344
2025-03-21,000858,1800,136.704121311335,246067.418360403,0.1964618092130041
2025-03-21,601318,3200,80.53917026446611,257725.34484629155,0.2057695726883591
2025-03-21,002594,1800,132.20438199640455,237967.8875935282,0.18999509176280518
2025-03-21,601888,3900,62.80695441565465,244947.12222105314,0.19556735757102095
2025-03-24,000001,66700,3.871126213804348,258204.11846075,0.2085195563763746
2025-03-24,600519,2100,111.93613389376904,235065.881176915,0.1898336616566512
2025-03-24,000858,1800,134.43723827379563,241987.02889283214,0.19542301731814032
2025-03-24,601318,3100,79.08742570928284,245171.0196987768,0.19799433319923443
2025-03-24,600036,11300,21.29554596772412,240639.66943528256,0.19433492159742677
2025-03-25,000001,66700,3.969417648499193,264760.1571548962,0.2111434721456353
2025-03-25,600519,2100,113.84469463402245,239073.85873144714,0.1906589162593695
2025-03-25,000858,1800,134.75935087943282,242566.83158297907,0.19344452578577348
2025-03-25,601318,3100,80.97431525134797,251020.37727917873,0.20018614057184245
2025-03-25,600036,11300,21.177736788847945,239308.42571398176,0.19084598098872796
2025-03-26,000001,66700,4.015442038413327,267829.9839621689,0.21257920768552732
2025-03-26,600519,2100,115.29782529125428,242125.433111634,0.19217726099948754
2025-03-26,000858,1800,136.6904611061303,246042.82999103455,0.1952865361915077
2025-03-26,601318,3100,78.80673154165113,244300.8677791185,0.19390392420255448
2025-03-26,600036,11300,21.451545562065,242402.46485133452,0.19239714372829209
2025-03-27,000001,66700,4.108969655116596,274068.27599627693,0.2159973327659816
2025-03-27,600519,2100,113.09891871179217,237507.72929476356,0.18718341571087424
2025-03-27,000858,1800,136.93616114347577,246485.09005825638,0.1942586088288795
2025-03-27,601318,3100,81.54873075004257,252801.06532513196,0.19923632398581204
2025-03-27,600036,11300,21.30822330824842,240782.92338320712,0.18976464546037042
2025-03-28,000001,66700,4.056165536437798,270546.2412804011,0.2147532384254079
2025-03-28,600519,2100,112.5111063594218,236273.3233547858,0.18754820286482962
2025-03-28,000858,1800,137.88838777323096,248199.09799181574,0.19701460207227373
2025-03-28,601318,3100,81.21207953531199,251757.44655946715,0.1998391354116874
2025-03-28,600036,11300,20.86895706929186,235819.214882998,0.1871877422483697
2025-03-31,000001,62400,4.035766374754311,251831.821784669,0.1988017606669739
2025-03-31,600519,2200,111.45192425071718,245194.2333515778,0.193561897580054
2025-03-31,000858,1800,139.75152525540688,251552.74545973237,0.19858145147663925
2025-03-31,601318,3000,80.48863892576661,241465.91677729983,0.19061867978479027
2025-03-31,600900,6400,40.413160333360295,258644.2261335059,0.20417962740885903
2025-04-01,000001,62400,4.168139960883044,260091.93355910198,0.19977778037789148
2025-04-01,600519,2200,115.23331447906904,253513.29185395187,0.19472469618657545
2025-04-01,000858,1800,144.9616185821468,260930.91344786424,0.20042220459230306
2025-04-01,601318,3000,82.5764380091807,247729.3140275421,0.1902819968836672
2025-04-01,600900,6400,40.87207124171922,261581.255947003,0.20092173558192458
2025-04-02,000001,62400,4.344848713589142,271118.5597279625,0.20444685608025012
2025-04-02,600519,2200,118.24785768836745,260145.28691440838,0.19617205877425575
2025-04-02,000858,1800,140.8645479325781,253556.18627864055,0.19120330668760113
2025-04-02,601318,3000,85.69916355786931,257097.49067360794,0.1938737566586423
2025-04-02,600900,6400,41.58292485297893,266130.71905906516,0.20068559257837673
2025-04-03,000001,62400,4.412182652508809,275320.19751654967,0.2055066091035899
2025-04-03,600519,2200,120.59672397506002,265312.79274513206,0.198036805438432
2025-04-03,000858,1800,138.58706362847917,249456.71453126252,0.1862013901771969
2025-04-03,601318,3000,86.43572693153757,259307.1807946127,0.19355405059997144
2025-04-03,600900,6400,42.5403399045702,272258.1753892493,0.20322103111091888
2025-04-04,000001,62400,4.407288139596678,275014.7799108327,0.2035991170769499
2025-04-04,600519,2200,117.69950528802892,258938.9116336636,0.19169782003197586
2025-04-04,000858,1800,143.13626825897404,257645.28286615328,0.1907401199586349
2025-04-04,601318,3000,85.62849108351662,256885.47325054987,0.1901776172199327
2025-04-04,600900,6400,44.40970643616487,284222.12119145517,0.21041550183986585
2025-04-07,600519,2300,118.35736975574191,272221.9504382064,0.2024299669292288
2025-04-07,000858,1800,143.07389374817828,257533.0087467209,0.19150696099217546
2025-04-07,601318,3100,86.83727991393125,269195.5677331869,0.2001794851076633
2025-04-07,000333,8200,32.220964361241016,264211.90776217636,0.19647353075132207
2025-04-07,600900,6000,43.53904459585287,261234.26757511724,0.1942592948911233
2025-04-08,600519,2300,120.92470788317578,278126.8281313043,0.20422295751437772
2025-04-08,000858,1800,142.61749650858022,256711.4937154444,0.18849810651761734
2025-04-08,601318,3100,87.13654976289975,270123.3042649892,0.19834613029315
2025-04-08,000333,8200,33.15461390382375,271867.8340113548,0.19962710353355378
2025-04-08,600900,6000,44.11243392067407,264674.60352404445,0.19434525850597675
2025-04-09,600519,2300,124.83948716982157,287130.8204905896,0.20980355697784106
2025-04-09,000858,1800,141.99405379318907,255589.29682774033,0.18675648789044783
2025-04-09,601318,3100,86.32365647764077,267603.3350806864,0.19553502289699737
2025-04-09,000333,8200,32.75261831638372,268571.4701943465,0.1962424293333179
2025-04-09,600900,6000,44.88343554178368,269300.6132507021,0.19677520671509713
2025-04-10,600519,2300,127.7148023312675,293744.04536191525,0.2136400174063962
2025-04-10,000858,1800,144.59530165286628,260271.5429751593,0.18929546947272996
2025-04-10,601318,3100,86.58969452585933,268428.0530301639,0.19522769849197585
2025-04-10,000333,8200,32.50395034855866,266532.39285818103,0.19384898502175024
2025-04-10,600900,6000,44.26637883796339,265598.27302778035,0.19316959975427841
2025-04-11,600519,2300,129.49981161525915,297849.56671509607,0.21894457882177512
2025-04-11,000858,1800,140.87227137514765,253570.08847526577,0.18639542382185872
2025-04-11,601318,3100,85.56704070544069,265257.82618686615,0.19498689782958648
2025-04-11,000333,8200,31.645003025638346,259489.02481023443,0.1907463417608202
2025-04-11,600900,6000,43.97452318352482,263847.13910114893,0.1939499237179971
2025-04-14,000001,61400,4.498649124780165,276217.05626150215,0.2040643940285128
2025-04-14,600519,2000,126.63003624837428,253260.07249674856,0.18710417062999207
2025-04-14,000858,1900,137.67213711317055,261577.06051502403,0.19324861783778868
2025-04-14,601318,3100,86.08191853889466,266853.9474705734,0.19714709084852736
2025-04-14,600900,6100,43.7711838443489,267004.22145052825,0.1972581106713898
2025-04-15,000001,61400,4.48350810780576,275287.3978192737,0.20335918056075802
2025-04-15,600519,2000,126.47134448465437,252942.68896930874,0.18685278863147425
2025-04-15,000858,1900,137.56652008138758,261376.3881546364,0.19308289639888507
2025-04-15,601318,3100,86.90997796279338,269420.93168465944,0.19902552869229947
2025-04-15,600900,6100,43.607772037524114,266007.4094288971,0.19650390549321112
2025-04-16,000001,61400,4.513637800144013,277137.36092884245,0.20604853719918023
2025-04-16,600519,2000,126.06444235200328,252128.88470400657,0.18745501402194617
2025-04-16,000858,1900,137.02103312484758,260339.9629372104,0.19355985911792759
2025-04-16,601318,3100,87.3414992231632,270758.6475918059,0.20130603496886293
2025-04-16,600900,6100,41.9638815656199,255979.6775502814,0.1903180355588934
2025-04-17,000001,61400,4.64348104089359,285109.73591086647,0.20901468425863315
2025-04-17,600519,2000,127.43908678905582,254878.17357811163,0.18685184777941383
2025-04-17,000858,1900,142.6880939909632,271107.3785828301,0.19874951991254064
2025-04-17,601318,3100,86.39691006454696,267830.42120009556,0.19634717398600454
2025-04-17,600900,6100,42.04496961332184,256474.31464126322,0.18802198291801592
2025-04-18,000001,61400,4.576650293079931,281006.32799510774,0.20907589740629326
2025-04-18,600519,2000,122.18477091906584,244369.54183813167,0.18181719117535888
2025-04-18,000858,1900,142.18738326981284,270156.0282126444,0.20100299676974487
2025-04-18,601318,3100,85.28606232457221,264386.79320617387,0.1967105383225222
2025-04-18,600900,6100,41.87796044170176,255455.55869438074,0.19006547134548346
2025-04-21,000001,58600,4.563118438720661,267398.74050903076,0.2002409520370855
2025-04-21,600519,2200,118.82796747790007,261421.52845138017,0.19576493008323087
2025-04-21,000858,1800,139.3416547821056,250814.97860779008,0.18782223882572455
2025-04-21,601318,3100,84.95157629237521,263349.88650636317,0.19720897672332766
2025-04-21,002594,1900,140.13358087149032,266253.8036558316,0.19938356862132778
2025-04-22,000001,58600,4.478117719726859,262417.69837599393,0.19774742948312313
2025-04-22,600519,2200,120.58133366616818,265278.93406557,0.199903541689962
2025-04-22,000858,1800,141.25673104193373,254262.11587548073,0.19160171032852832
2025-04-22,601318,3100,83.59660994804835,259149.4908389499,0.19528463965047307
2025-04-22,002594,1900,136.7265802707225,259780.50251437275,0.1957601446852361
2025-04-23,000001,58600,4.386560434614287,257052.4414683972,0.19199085076599093
2025-04-23,600519,2200,124.07354779502312,272961.80514905084,0.20387345437304427
2025-04-23,000858,1800,141.59274403110302,254866.93925598543,0.19035851291806008
2025-04-23,601318,3100,86.1573592843652,267087.8137815321,0.19948620718877405
2025-04-23,002594,1900,137.24402840899367,260763.65397708796,0.19476273203211195
2025-04-24,000001,58600,4.222483253943499,247437.51868108902,0.18478292145417008
2025-04-24,600519,2200,128.11027850562465,281842.61271237425,0.21047617048888972
2025-04-24,000858,1800,144.0380352368229,259268.46342628123,0.19361810758613707
2025-04-24,601318,3100,85.78242561322556,265925.51940099924,0.19858950504376258
2025-04-24,002594,1900,136.02700186052448,258451.30353499652,0.19300786386557434
2025-04-25,000001,58600,4.233980496238954,248111.25707960268,0.1832475760154546
2025-04-25,600519,2200,130.4010070568617,286882.2155250957,0.21188264980677834
2025-04-25,000858,1800,148.06459719145883,266516.2749446259,0.1968409733888135
2025-04-25,601318,3100,84.52514604899503,262027.9527518846,0.19352603245514866
2025-04-25,002594,1900,139.09674974041147,264283.82450678176,0.19519215206516705
2025-04-28,600519,2000,132.8944871867916,265788.9743735832,0.19843243077015135
2025-04-28,000858,1800,147.5542096356322,265597.57734413794,0.1982895377931777
2025-04-28,601318,3200,81.34316941939917,260298.14214207735,0.1943330914758232
2025-04-28,002594,1900,135.09301182763338,256676.7224725034,0.19162941608986703
2025-04-28,300750,4900,54.39939556954568,266557.03829077387,0.1990058510575586
2025-04-29,600519,2000,132.18769703394904,264375.39406789804,0.19636629170374498
2025-04-29,000858,1800,150.2373729529831,270427.2713153696,0.20086135712812803
2025-04-29,601318,3200,81.53926093192948,260925.63498217432,0.19380396399044464
2025-04-29,002594,1900,135.6440338251579,257723.6642678,0.19142568246563604
2025-04-29,300750,4900,54.76759913771888,268361.23577482253,0.19932679776016668
2025-04-30,600519,2000,129.68785427166105,259375.7085433221,0.19281616534552945
2025-04-30,000858,1800,149.052079701535,268293.743462763,0.19944570403764997
2025-04-30,601318,3200,78.76030589463728,252032.9788628393,0.18735768587530172
2025-04-30,002594,1900,140.89536664927917,267701.19663363043,0.19900521326068918
2025-04-30,300750,4900,55.76908341410286,273268.508729104,0.20314387287364868
2025-05-01,600519,2000,130.95824105511053,261916.48211022106,0.1915826969044858
2025-05-01,000858,1800,153.8637963545973,276954.83343827515,0.20258272210799064
2025-05-01,601318,3200,78.1454788496457,250065.53231886623,0.18291414384659938
2025-05-01,002594,1900,145.1989515328881,275878.0079124874,0.20179506210025125
2025-05-01,300750,4900,56.6898148366939,277780.0926998001,0.2031863702392366
2025-05-02,600519,2000,132.29288405417324,264585.7681083465,0.19400003546995429
2025-05-02,000858,1800,148.91844321438916,268053.1977859005,0.19654243026784676
2025-05-02,601318,3200,75.88959433902592,242846.70188488293,0.1780604796556422
2025-05-02,002594,1900,144.5097064194817,274568.4421970152,0.20131954906712432
2025-05-02,300750,4900,59.033681434685136,289265.03902995714,0.21209541326897674
2025-05-05,600519,2000,129.144236159745,258288.47231948999,0.18925875016696755
2025-05-05,000858,1800,148.31225494625346,266962.05890325626,0.19561424927835672
2025-05-05,600036,11300,24.769778457095708,279898.4965651815,0.20509331739751144
2025-05-05,002594,1800,144.81969630032654,260675.4533405878,0.19100779084489003
2025-05-05,300750,4600,59.13099240883712,272002.5650806508,0.19930763865332876
2025-05-06,600519,2000,130.16039105184583,260320.78210369166,0.18901221387703265
2025-05-06,000858,1800,148.5527669613181,267394.9805303726,0.1941486071193508
2025-05-06,600036,11300,25.794100237435966,291473.33268302644,0.21163127834561932
2025-05-06,002594,1800,145.36375712302666,261654.76282144798,0.18998078291210863
2025-05-06,300750,4600,58.59033416982751,269515.5371812065,0.19568828867679994
2025-05-07,600519,2000,134.40216225640663,268804.32451281324,0.195754649475927
2025-05-07,000858,1800,146.80139078378113,264242.503410806,0.1924325388945076
2025-05-07,600036,11300,25.347958958480124,286431.9362308254,0.20859182000587032
2025-05-07,002594,1800,147.97150170822397,266348.70307480317,0.19396636234656453
2025-05-07,300750,4600,56.61561952934112,260431.84983496915,0.18965746019603757
2025-05-08,600519,2000,131.01213112317294,262024.26224634587,0.1919831255931291
2025-05-08,000858,1800,147.17167454241738,264909.0141763513,0.19409676074788654
2025-05-08,600036,11300,25.365916864376256,286634.8605674517,0.2100151183097456
2025-05-08,002594,1800,149.75565006788597,269560.17012219474,0.1975046262960951
2025-05-08,300750,4600,55.38937123816636,254791.10769556527,0.1866834498812232
2025-05-09,600519,2000,134.01238680437183,268024.7736087437,0.19335361833058176
2025-05-09,000858,1800,149.6427872527427,269357.01705493685,0.1943147014698392
2025-05-09,600036,11300,26.396091634828768,298275.8354735651,0.21517679605833895
2025-05-09,002594,1800,146.90747693534982,264433.4584836297,0.19076283627466706
2025-05-09,300750,4600,56.34527674813878,259188.2730414384,0.18697894879886587
2025-05-12,600519,2000,131.7323203729216,263464.64074584324,0.18980383282141064
2025-05-12,000858,1800,147.17796377229703,264920.3347901347,0.19085253639028293
2025-05-12,600036,10500,26.17200809990973,274806.08504905214,0.19797437742422969
2025-05-12,002594,1800,150.30960273167298,270557.2849170114,0.19491347882443844
2025-05-12,300750,4800,57.85478336007301,277702.9601283504,0.20006132917494318
2025-05-13,600519,2000,138.0392452544609,276078.4905089218,0.19954916796906305
2025-05-13,000858,1800,140.76906811583743,253384.32260850738,0.18314585341192421
2025-05-13,600036,10500,26.34847933682089,276659.03303661937,0.1999687833406161
2025-05-13,002594,1800,149.95312133603707,269915.6184048667,0.19509465215945784
2025-05-13,300750,4800,56.42412508315289,270835.8003991339,0.19575975848845012
2025-05-14,600519,2000,137.81735445687693,275634.70891375386,0.19986922372164545
2025-05-14,000858,1800,137.97632605903823,248357.3869062688,0.1800897946492811
2025-05-14,600036,10500,25.8873190464249,271816.84998746146,0.19710080423309845
2025-05-14,002594,1800,152.70357826940395,274866.4408849271,0.19931213446704144
2025-05-14,300750,4800,56.61709715631065,271762.06635029113,0.19706107932661976
2025-05-15,600519,2000,136.35875036137486,272717.50072274974,0.1981804221699369
2025-05-15,000858,1800,132.9898056128104,239381.6501030587,0.17395567336688653
2025-05-15,600036,10500,26.820672552274477,281617.06179888203,0.2046476227218665
2025-05-15,002594,1800,152.26410034798894,274075.3806263801,0.19916717663873468
2025-05-15,300750,4800,56.59952868580251,271677.73769185203,0.1974248392833458
2025-05-16,600519,2000,132.2181887885598,264436.37757711957,0.19211027686253337
2025-05-16,000858,1800,133.76148335786746,240770.67004416144,0.17491738658033906
2025-05-16,600036,10500,27.672408508488697,290560.2893391313,0.21108902693964346
2025-05-16,002594,1800,153.95766719713873,277123.8009548497,0.20132755793445048
2025-05-16,300750,4800,55.61525506078375,266953.224291762,0.1939387398130573
2025-05-19,600519,2000,130.65554105712062,261311.08211424123,0.19199763462506725
2025-05-19,000858,2000,132.80568348198074,265611.36696396145,0.19515725767924502
2025-05-19,600036,9900,27.539024363696512,272636.3412005955,0.20031883913925408
2025-05-19,002594,1700,149.66039320693284,254422.66845178584,0.18693639069002346
2025-05-19,300750,4900,55.28489504921932,270895.98574117466,0.19904011751400918
2025-05-20,600519,2000,131.63574671751607,263271.49343503214,0.19512304978665287
2025-05-20,000858,2000,131.47502578605054,262950.0515721011,0.19488481390396817
2025-05-20,600036,9900,27.167072658659087,268954.01932072494,0.19933464051697095
2025-05-20,002594,1700,146.32814481407212,248757.8461839226,0.1843662941720804
2025-05-20,300750,4900,54.9369091274897,269190.8547246995,0.1995101705210668
2025-05-21,600519,2000,130.4516184146803,260903.2368293606,0.19359843534589521
2025-05-21,000858,2000,133.90013662874978,267800.27325749956,0.198716254033153
2025-05-21,600036,9900,25.89911737853574,256401.2620475038,0.19025782798384785
2025-05-21,002594,1700,148.87998376445523,253095.9723995739,0.18780519875632035
2025-05-21,300750,4900,55.77883491054124,273316.29106165207,0.20280931331904628
2025-05-22,600519,2000,128.4881409444425,256976.28188888502,0.18834114505551286
2025-05-22,000858,2000,135.29693350336578,270593.86700673157,0.1983216442484116
2025-05-22,600036,9900,26.69852671309142,264315.41445960506,0.1937200875085806
2025-05-22,002594,1700,152.63865103280824,259485.706755774,0.1901803340631
2025-05-22,300750,4900,56.51294433332693,276913.4272333019,0.20295332932288934
2025-05-23,600519,2000,121.63603530278026,243272.07060556053,0.18031343613168896
2025-05-23,000858,2000,136.46624699255725,272932.4939851145,0.20229776356958684
2025-05-23,600036,9900,27.00470227505388,267346.5525230334,0.19815745968451237
2025-05-23,002594,1700,148.82329648801138,252999.60402961934,0.18752349099911278
2025-05-23,300750,4900,56.42386286526945,276476.9280398203,0.20492490067560679
2025-05-26,000001,70100,3.754001373041732,263155.4962502254,0.19562847672618328
2025-05-26,600519,2200,120.11015202403316,264242.3344528729,0.1964364267977622
2025-05-26,600036,10000,27.39117733606758,273911.77336067584,0.20362463920937643
2025-05-26,002594,1800,150.267351495647,270481.2326921646,0.2010743924735456
2025-05-26,600900,5800,45.707506600900935,265103.5382852254,0.19707664140955836
2025-05-27,000001,70100,3.773708322700628,264536.953421314,0.19703694746921188
2025-05-27,600519,2200,121.49898446574277,267297.76582463406,0.19909330308021397
2025-05-27,600036,10000,26.299427432343197,262994.27432343195,0.19588790278399873
2025-05-27,002594,1800,153.1134282939457,275604.1709291023,0.20528022209118657
2025-05-27,600900,5800,45.49253048742739,263856.67682707886,0.19653025219723083
2025-05-28,000001,70100,3.6813924534765694,258065.6109887075,0.1923417207831067
2025-05-28,600519,2200,120.0354213353732,264077.92693782103,0.19682282615438693
2025-05-28,600036,10000,26.17827081277263,261782.7081277263,0.19511215136197266
2025-05-28,002594,1800,156.7286303786098,282111.53468149767,0.21026365281880485
2025-05-28,600900,5800,46.1000779194412,267380.45193275897,0.19928426740578783
2025-05-29,000001,70100,3.7793834211743342,264934.77782432083,0.19632261289377143
2025-05-29,600519,2200,119.05170403965292,261913.74888723643,0.19408396268926945
2025-05-29,600036,10000,26.445812495914502,264458.12495914503,0.19596940242928243
2025-05-29,002594,1800,158.76384637674622,285774.9234781432,0.2117656282707794
2025-05-29,600900,5800,45.53788077318291,264119.7084844609,0.1957186282308103
2025-05-30,000001,70100,3.783453273162283,265220.074448676,0.19705280159405608
2025-05-30,600519,2200,115.80715243798076,254775.73536355767,0.18929288265956706
2025-05-30,600036,10000,26.31511132590597,263151.1132590597,0.1955156080024671
2025-05-30,002594,1800,161.44341066559343,290598.1391980682,0.21590815697504862
2025-05-30,600900,5800,45.50059495941061,263903.45076458156,0.19607457856122112
2025-06-02,000001,70800,3.829691442193594,271142.15410730644,0.20076875602997313
2025-06-02,000858,1900,131.0838938659837,249059.39834536903,0.18441745344983912
2025-06-02,600036,10200,27.64348538502633,281963.5509272686,0.20878152108748863
2025-06-02,002594,1600,162.19937415532718,259518.99864852347,0.19216232421089374
2025-06-02,600900,5900,45.03223683177068,265690.19730744703,0.19673182349087506
2025-06-03,000001,70800,3.922843721338452,277737.3354707624,0.2032681538503137
2025-06-03,000858,1900,132.2153675996725,251209.19843937777,0.18385295556479062
2025-06-03,600036,10200,28.67552513475052,292490.35637445527,0.21406547541936297
2025-06-03,002594,1600,157.5735175123345,252117.6280197352,0.18451780965575854
2025-06-03,600900,5900,45.70498750262279,269659.42626547447,0.19735615902129228
2025-06-04,000001,70800,3.834604785709034,271490.0188281996,0.20012178739931044
2025-06-04,000858,1900,133.1139421062752,252916.49000192288,0.18643079498982806
2025-06-04,600036,10200,28.79841022769916,293743.7843225314,0.2165255702945813
2025-06-04,002594,1600,153.81160964595384,246098.57543352613,0.18140514706489727
2025-06-04,600900,5900,45.63216212064308,269229.75651179417,0.1984556939764189
2025-06-05,000001,70800,3.930235337692837,278260.66190865287,0.20305332199907222
2025-06-05,000858,1900,134.605173870173,255749.83035332867,0.1866266409981816
2025-06-05,600036,10200,29.48541293834068,300751.2119710749,0.21946520311958942
2025-06-05,002594,1600,154.27461493112898,246839.38388980637,0.18012447952662208
2025-06-05,600900,5900,45.02301017656823,265635.76004175254,0.1938406354252584
2025-06-06,000001,70800,3.717549607301164,263202.5121969224,0.1950673967962347
2025-06-06,000858,1900,135.84170792078478,258099.2450494911,0.19128521010927643
2025-06-06,600036,10200,29.30087314890862,298868.9061188679,0.2215008474399642
2025-06-06,002594,1600,151.93921914484054,243102.75063174486,0.1801708514250768
2025-06-06,600900,5900,44.55446448331982,262871.34045158693,0.19482195533096966
2025-06-09,000858,1900,130.18606125307574,247353.5163808439,0.18611498648737793
2025-06-09,002594,1700,148.26853087126818,252056.5024811559,0.1896536311256948
2025-06-09,600900,6000,45.16033232839031,270961.99397034186,0.20387859685300466
2025-06-09,601888,4600,58.35289127940058,268423.29988524265,0.20196841978232033
2025-06-09,300750,4700,55.633596299702965,261477.90260860394,0.1967425287612247
2025-06-10,000858,1900,127.08856737730444,241468.27801687844,0.18005587164695383
2025-06-10,002594,1700,152.1482359830325,258652.00117115525,0.19286927420274208
2025-06-10,600900,6000,45.36250747978261,272175.0448786956,0.20295301456846762
2025-06-10,601888,4600,59.24296520359107,272517.6399365189,0.20320847773847456
2025-06-10,300750,4700,56.91455792757408,267498.42225959816,0.19946579310417822
2025-06-11,000858,1900,129.74468608944804,246514.90356995128,0.18461415433596115
2025-06-11,002594,1700,151.69463702142627,257880.88293642466,0.19312609677252077
2025-06-11,600900,6000,44.932562716534726,269595.3762992084,0.2018990401293952
2025-06-11,601888,4600,58.041985614863854,266993.13382837374,0.199950229789034
2025-06-11,300750,4700,56.50018775326799,265550.88244035956,0.1988701327381774
2025-06-12,000858,1900,131.05976103232013,249013.54596140824,0.1844027169422149
2025-06-12,002594,1700,155.60834957041226,264534.19426970085,0.19589626724568837
2025-06-12,600900,6000,45.25340471402681,271520.42828416085,0.20106980320127932
2025-06-12,601888,4600,58.12724658192082,267385.3342768358,0.1980076301503386
2025-06-12,300750,4700,57.26865099478092,269162.6596754703,0.19932379803643988
2025-06-13,000858,1900,132.062147769753,250918.08076253074,0.18626645782715875
2025-06-13,002594,1700,154.3280490001566,262357.6833002662,0.19475852917243247
2025-06-13,600900,6000,44.91370961670024,269482.2577002014,0.20004738373791087
2025-06-13,601888,4600,57.81630613947675,265955.0082415931,0.19742896636228327
2025-06-13,300750,4700,57.3651759189979,269616.3268192901,0.20014690857024167
2025-06-16,000858,2000,127.2463024706252,254492.60494125038,0.18742070724629445
2025-06-16,002594,1700,163.25673813492335,277536.4548293697,0.2043913168430086
2025-06-16,600900,5900,45.12486968998009,266236.73117088253,0.19606965185690717
2025-06-16,601888,4600,58.55736441920888,269363.8763283609,0.19837263334122854
2025-06-16,300750,4600,57.497416576334174,264488.1162511372,0.19478188695294957
2025-06-17,000858,2000,128.63047864477107,257260.95728954216,0.18759410630444268
2025-06-17,002594,1700,164.02878668489592,278848.93736432306,0.2033360123896661
2025-06-17,600900,5900,45.62566385677397,269191.4167549664,0.19629377027521275
2025-06-17,601888,4600,58.45197723000851,268879.09525803913,0.19606602614834237
2025-06-17,300750,4600,59.00856443913229,271439.39642000856,0.1979329919460686
2025-06-18,000858,2000,125.56080110337967,251121.60220675936,0.18307835045256698
2025-06-18,002594,1700,168.06614431160594,285712.4453297301,0.2082965493015171
2025-06-18,600900,5900,44.76441668280784,264110.05842856626,0.1925474885877082
2025-06-18,601888,4600,58.670525224792144,269884.4160340439,0.19675724137697112
2025-06-18,300750,4600,59.800664368736406,275083.05609618744,0.2005472715408845
2025-06-19,000858,2000,126.45545693579928,252910.91387159855,0.18525126987909993
2025-06-19,002594,1700,169.30596445923618,287820.1395807015,0.2108214530479872
2025-06-19,600900,5900,45.34374989575976,267528.12438498257,0.19595803127678832
2025-06-19,601888,4600,58.655103891287816,269813.477899924,0.19763199873942025
2025-06-19,300750,4600,56.82798727749251,261408.74147646554,0.1914757278549013
2025-06-20,000858,2000,123.31625211205034,246632.50422410067,0.18150856681881478
2025-06-20,002594,1700,169.22612634702148,287684.4147899365,0.21172061642444373
2025-06-20,600900,5900,44.88357807282259,264813.11062965327,0.19488853805557582
2025-06-20,601888,4600,58.44708150661344,268856.57493042183,0.1978643153665367
2025-06-20,300750,4600,57.62080176996026,265055.68814181717,0.19506706236125831
2025-06-23,600519,2100,128.40071957682173,269641.51111132564,0.198742432962072
2025-06-23,600036,8600,31.710184941306384,272707.5904952349,0.201002322672308
2025-06-23,600900,6000,44.44077926248973,266644.67557493836,0.19653358024041928
2025-06-23,601888,4600,56.64651424506468,260573.96552729752,0.1920590923186493
2025-06-23,300750,4700,58.97049879955752,277161.34435792034,0.20428501410522648
2025-06-24,600519,2100,132.2466757013636,277718.0189728636,0.20535441932291168
2025-06-24,600036,8600,31.68279279249277,272472.0180154378,0.20147534268120165
2025-06-24,600900,6000,44.57537968174816,267452.278090489,0.19776357136275283
2025-06-24,601888,4600,57.03648303587838,262367.8219650406,0.19400394662152817
2025-06-24,300750,4700,55.82221014615238,262364.38768691616,0.19400140719613315
2025-06-25,600519,2100,133.3699123534726,280076.8159422925,0.2079793663293512
2025-06-25,600036,8600,31.04900696496441,267021.4598986939,0.19828472356494917
2025-06-25,600900,6000,44.63136920633072,267788.2152379843,0.19885410053768698
2025-06-25,601888,4600,56.83377323110881,261435.35686310052,0.194136596681671
2025-06-25,300750,4700,55.38839953968185,260325.4778365047,0.19331242301389695
2025-06-26,600519,2100,126.63755988272946,265938.8757537319,0.19894001061876693
2025-06-26,600036,8600,31.96629139289199,274910.1059788711,0.20565108898665974
2025-06-26,600900,6000,44.15998633633848,264959.9180180309,0.19820768496015945
2025-06-26,601888,4600,55.75419952705583,256469.3178244568,0.19185614990203012
2025-06-26,300750,4700,56.27480927288203,264491.60358254553,0.1978573545374098
2025-06-27,600519,2100,126.33397069131982,265301.33845177165,0.1972884242789742
2025-06-27,600036,8600,32.558649145864834,280004.38265443756,0.2082221814917196
2025-06-27,600900,6000,44.16232567183895,264973.9540310337,0.1970449684529395
2025-06-27,601888,4600,55.224685141786566,254033.55165221822,0.18890925847540838
2025-06-27,300750,4700,57.53528726035308,270415.8501236595,0.20109177466759878
2025-06-30,600519,2100,125.72555058112636,264023.6562203654,0.19638300977283174
2025-06-30,600036,8200,32.34016087692737,265189.31919080444,0.19725003966626103
2025-06-30,002594,1500,171.87677831467988,257815.16747201982,0.19176508377334012
2025-06-30,600900,6000,43.799805517971656,262798.8331078299,0.19547197606955521
2025-06-30,601888,4800,56.17217927880247,269626.46053825185,0.20055042261327966
2025-07-01,600519,2100,122.7246212741513,257721.70467571774,0.19306022818594387
2025-07-01,600036,8200,32.03270516299215,262668.18233653565,0.19676565186035183
2025-07-01,002594,1500,169.01833584401282,253527.50376601925,0.18991833765055827
2025-07-01,600900,6000,43.66975481872265,262018.5289123359,0.1962789942135867
2025-07-01,601888,4800,57.08630868910536,274014.2817077057,0.20526505448681936
2025-07-02,600519,2100,122.2400542189572,256704.1138598101,0.190341944937708
2025-07-02,600036,8200,32.49054188757114,266422.44347808335,0.19754792903073298
2025-07-02,002594,1500,172.9690886587407,259453.63298811106,0.19238066886252225
2025-07-02,600900,6000,43.612485300223206,261674.91180133924,0.19402771114478842
2025-07-02,601888,4800,58.21107726079619,279413.1708518217,0.20718034308633027
2025-07-03,600519,2100,120.39718361897582,252834.0855998492,0.18801163964988474
2025-07-03,600036,8200,32.961143872349915,270281.3797532693,0.20098573834965403
2025-07-03,002594,1500,174.15453587926297,261231.80381889446,0.19425632286945357
2025-07-03,600900,6000,43.58171262552682,261490.2757531609,0.1944485269073293
2025-07-03,601888,4800,57.07552430133825,273962.5166464236,0.203723093091265
2025-07-04,600519,2100,120.39379196309932,252826.96312250858,0.18718714995932959
2025-07-04,600036,8200,32.97182678415945,270368.97963010747,0.20017484729209326
2025-07-04,002594,1500,176.02495718845387,264037.4357826808,0.19548712082097303
2025-07-04,600900,6000,44.164821890253336,264988.93134152,0.1961915858023119
2025-07-04,601888,4800,56.97144832014664,273462.9519367039,0.20246555177618836
2025-07-07,000001,73800,3.6692231103326858,270788.6655425522,0.2003482310129137
2025-07-07,600519,2200,119.25559099127722,262362.30018080986,0.19411382164163862
2025-07-07,600036,8200,32.22714414401287,264262.5819809055,0.1955197818811944
2025-07-07,002594,1500,178.9180060363556,268377.0090545334,0.19856392032096765
2025-07-07,600900,6000,44.93030015377428,269581.8009226457,0.19945530888419064
2025-07-08,000001,73800,3.6422636481120136,268799.0572306666,0.19982397539747132
2025-07-08,600519,2200,114.70989672993952,252361.77280586693,0.18760457421228113
2025-07-08,600036,8200,32.55774718178152,266973.5268906085,0.1984668845894999
2025-07-08,002594,1500,180.6293389932941,270944.0084899412,0.2014185222388103
2025-07-08,600900,6000,44.98053360946869,269883.2016568121,0.20062992334747284
2025-07-09,000001,73800,3.748084490630944,276608.63540856366,0.20425255965285544
2025-07-09,600519,2200,115.64162532031092,254411.57570468402,0.1878618701337519
2025-07-09,600036,8200,32.58265290526734,267177.75382319215,0.19728863497006344
2025-07-09,002594,1500,179.52683644245715,269290.25466368574,0.19884854181571307
2025-07-09,600900,6000,45.09036859988134,270542.21159928804,0.1997730082854392
2025-07-10,000001,73800,3.7456225956843854,276426.94756150764,0.20685929095677807
2025-07-10,600519,2200,108.38327494033813,238443.20486874387,0.17843481877480497
2025-07-10,600036,8200,33.06157508790029,271104.91572078236,0.20287664113651457
2025-07-10,002594,1500,176.19169197087723,264287.53795631585,0.1977749752425689
2025-07-10,600900,6000,44.970665250392514,269823.9915023551,0.20191808381086065
2025-07-11,000001,73800,3.915787615089531,288985.1259936074,0.21746588391676933
2025-07-11,600519,2200,107.49342412305332,236485.5330707173,0.1779591088154812
2025-07-11,600036,8200,32.5354958885277,266791.06628592714,0.20076450250332245
2025-07-11,002594,1500,169.53898875637188,254308.4831345578,0.19137116099744456
2025-07-11,600900,6000,44.34797278978458,266087.83673870744,0.20023531113211704
2025-07-14,000001,67600,3.889799729000949,262950.46168046416,0.19699218715883765
2025-07-14,600036,8100,33.47088269106307,271114.1497976108,0.20310810255674858
2025-07-14,002594,1500,169.57034059694618,254355.51089541928,0.19055318666099466
2025-07-14,600900,5900,44.302473682786726,261384.59472844168,0.1958191009672131
2025-07-14,601888,4700,55.636355550596704,261490.87108780452,0.19589871905322206
2025-07-15,000001,67600,3.9418262140748914,266467.45207146264,0.19914762093271754
2025-07-15,600036,8100,33.93016344527553,274834.3239067318,0.20540070215404416
2025-07-15,002594,1500,171.69871609935495,257548.07414903244,0.1924816177130245
2025-07-15,600900,5900,42.41872654829707,250270.48663495274,0.18704262609025046
2025-07-15,601888,4700,56.46558348596403,265388.24238403095,0.19834106073157928
2025-07-16,000001,67600,4.119952404439294,278508.78254009626,0.20524574710115928
2025-07-16,600036,8100,33.61025218423259,272243.042692284,0.20062823937132462
2025-07-16,002594,1500,175.49828341499668,263247.42512249504,0.1939989609984538
2025-07-16,600900,5900,42.89443065684107,253077.1408753623,0.1865040175015341
2025-07-16,601888,4700,56.66917010696661,266345.09950274305,0.1962817776717793
2025-07-17,000001,67600,4.0895761803471,276455.349791464,0.20116444770111486
2025-07-17,600036,8100,34.04156225611569,275736.6542745371,0.20064148445646462
2025-07-17,002594,1500,177.76823503336692,266652.35255005036,0.19403123603647515
2025-07-17,600900,5900,43.61269561011722,257314.9040996916,0.1872367838333583
2025-07-17,601888,4700,58.42231109747889,274584.86215815076,0.19980337578852192
2025-07-18,000001,67600,4.020671275589514,271797.37822985114,0.1974023031053844
2025-07-18,600036,8100,34.66146528609426,280757.8688173635,0.20391017117404994
2025-07-18,002594,1500,173.86487372056993,260797.3105808549,0.18941312122891107
2025-07-18,600900,5900,44.48576509483777,262466.01405954285,0.1906250751926995
2025-07-18,601888,4700,59.046917369547096,277520.5116368713,0.20155892787815813
2025-07-21,000001,68400,3.923821707792241,268389.4048129893,0.19589687540699408
2025-07-21,600036,7900,34.29214295088175,270907.9293119658,0.19773514126674083
2025-07-21,002594,1500,174.4033665248772,261605.04978731583,0.19094498860614503
2025-07-21,600900,6200,44.40774750287385,275328.0345178179,0.20096136697933908
2025-07-21,601888,4600,59.57160259064042,274029.3719169459,0.2000134758139035
2025-07-22,000001,68400,4.0968256141759785,280222.87200963695,0.20282364858762192
2025-07-22,600036,7900,34.78306713407549,274786.2303591964,0.19888863968667872
2025-07-22,002594,1500,172.85696018341085,259285.44027511627,0.1876692599897358
2025-07-22,600900,6200,44.365895181826055,275068.55012732156,0.19909298105620687
2025-07-22,601888,4600,59.22839715893271,272450.62693109043,0.1971981438126449
2025-07-23,000001,68400,4.174621378433751,285544.1022848686,0.20475864571764738
2025-07-23,600036,7900,34.86509553697674,275434.25474211626,0.19750905213577513
2025-07-23,002594,1500,177.2105836789786,265815.8755184679,0.1906118818280228
2025-07-23,600900,6200,42.97437418302029,266441.1199347258,0.19106023358486549
2025-07-23,601888,4600,61.19778173459677,281509.7959791451,0.20186571573254125
2025-07-24,000001,68400,4.123395267490217,282040.23629633087,0.2012609957142322
2025-07-24,600036,7900,34.94099295367594,276033.8443340399,0.19697489652904168
2025-07-24,002594,1500,185.2924892929516,277938.73393942736,0.19833420605076243
2025-07-24,600900,6200,42.53488214716452,263716.26931242,0.18818520238401437
2025-07-24,601888,4600,61.26994810328785,281841.7612751241,0.20111936599176058
2025-07-25,000001,68400,4.11914602163759,281749.5878800112,0.20239330373672404
2025-07-25,600036,7900,35.65620061938029,281683.9848931043,0.2023461781833027
2025-07-25,002594,1500,182.3470159964469,273520.52399467037,0.19648199987663117
2025-07-25,600900,6200,40.96961259472019,254011.59808726519,0.18246786769470144
2025-07-25,601888,4600,61.15848339123376,281329.0235996753,0.20209119364395936
2025-07-28,000001,67400,3.986465869518628,268687.79960555554,0.19490927307809977
2025-07-28,600036,7800,34.045232466748246,265552.8132406363,0.1926351172943493
2025-07-28,000333,10800,26.063570216478197,281486.5583379645,0.20419364238886856
2025-07-28,002594,1500,180.3771115058305,270565.66725874576,0.19627150024195875
2025-07-28,601888,4500,62.19675257883793,279885.38660477067,0.2030321336823022
2025-07-29,000001,67400,3.9164480105491455,263968.5959110124,0.1921289569377348
2025-07-29,600036,7800,34.539922894299984,269411.3985755399,0.1960904887826294
2025-07-29,000333,10800,26.156353538581016,282488.61821667495,0.20560871408752115
2025-07-29,002594,1500,179.9200397595249,269880.05963928736,0.1964316026981858
2025-07-29,601888,4500,61.29237010513814,275815.6654731216,0.20075182023661056
2025-07-30,000001,67400,3.9476950013804486,266074.64309304225,0.1931809317312646
2025-07-30,600036,7800,33.47946657084258,261139.83925257216,0.1895980649359508
2025-07-30,000333,10800,26.91463584584279,290678.0671351021,0.211044010771692
2025-07-30,002594,1500,172.68077901196398,259021.16851794597,0.18805982445655373
2025-07-30,601888,4500,64.01574605888895,288070.8572650003,0.20915107115869364
2025-07-31,000001,67400,3.961025807346575,266973.1394151592,0.1955263209927524
2025-07-31,600036,7800,33.84533209410189,263993.59033399477,0.19334415288650159
2025-07-31,000333,10800,26.563401446531,286884.7356225348,0.21010921558675566
2025-07-31,002594,1500,167.1089479860462,250663.42197906927,0.1835813775662493
2025-07-31,601888,4500,63.23188419073782,284543.4788583202,0.20839452128226832
2025-08-01,000001,67400,3.847293149675696,259307.5582881419,0.19034173760704617
2025-08-01,600036,7800,34.69380413100643,270611.67222185014,0.1986393927253715
2025-08-01,000333,10800,26.750830951474608,288908.9742759258,0.21207031733661527
2025-08-01,002594,1500,167.07461750793098,250611.92626189647,0.18395880870056266
2025-08-01,601888,4500,62.34152809133308,280536.87641099887,0.20592487496869297
2025-08-04,000001,70500,3.786522885261002,266949.86341090064,0.1988378398892273
2025-08-04,000858,2200,122.65373412459192,269838.2150741022,0.2009892311587836
2025-08-04,600036,7800,34.59816538412628,269865.689996185,0.20100969587859377
2025-08-04,000333,10200,25.620933631246665,261333.52303871597,0.1946545038372102
2025-08-04,601888,4300,59.81198709419817,257191.54450505215,0.19156934749370022
2025-08-05,000001,70500,3.7749475801244863,266133.80439877626,0.19800106710411378
2025-08-05,000858,2200,122.70391542188877,269948.6139281553,0.20083924979692264
2025-08-05,600036,7800,34.436133572645694,268601.8418666364,0.19983726395025744
2025-08-05,000333,10200,25.70141242349749,262154.4067196744,0.19504043236372895
2025-08-05,601888,4300,60.44010174934383,259892.4375221785,0.1933575483878559
2025-08-06,000001,70500,3.820571300779331,269350.2767049428,0.19921256600644754
2025-08-06,000858,2200,120.97369747511394,266142.1344452507,0.1968398108732977
2025-08-06,600036,7800,34.48641314524504,268994.0225329113,0.19894907896411326
2025-08-06,000333,10200,26.254688909639405,267797.82687832194,0.19806436776681408
2025-08-06,601888,4300,61.02760375061389,262418.69612763973,0.19408594066869955
2025-08-07,000001,70500,3.8352618051620713,270385.95726392604,0.2033720655967751
2025-08-07,000858,2200,117.34438769396353,258157.65292671975,0.19417448915098293
2025-08-07,600036,7800,33.47879371434989,261134.59097192914,0.19641360706056024
2025-08-07,000333,10200,26.238955353913163,267637.34460991423,0.20130468370080562
2025-08-07,601888,4300,59.26195995956379,254826.4278261243,0.19166889257144376
2025-08-08,000001,70500,3.880747304800212,273592.6849884149,0.2053469267227126
2025-08-08,000858,2200,119.18464547136428,262206.2200370014,0.19680073483857047
2025-08-08,600036,7800,32.647266002306026,254648.674817987,0.1911283657678906
2025-08-08,000333,10200,27.26776908033614,278131.24461942865,0.20875337478624872
2025-08-08,601888,4300,57.30072205539504,246393.1048381987,0.18493208927107713
2025-08-11,000858,2200,120.2927528184289,264644.0562005436,0.19802300288253163
2025-08-11,601318,3700,73.33752458837233,271348.8409769776,0.20303993632200565
2025-08-11,600036,8100,32.28250562380202,261488.29555279633,0.19566166815687322
2025-08-11,002594,1500,165.6231153399795,248434.67300996926,0.18589414278132915
2025-08-11,601888,4600,57.5530839574439,264744.18620424194,0.19809792632610204
2025-08-12,000858,2200,121.61445412116008,267551.7990665522,0.19964493137590109
2025-08-12,601318,3700,74.03811829431235,273941.0376889557,0.20441252819552372
2025-08-12,600036,8100,31.916114253051703,258520.52544971879,0.1929058699763506
2025-08-12,002594,1500,166.675543902901,250013.31585435153,0.18655786079908832
2025-08-12,601888,4600,57.46536812011803,264340.69335254293,0.19724883094917708
2025-08-13,000858,2200,117.75072646791035,259051.5982294028,0.19481250333998912
2025-08-13,601318,3700,74.3816575797392,275212.133045035,0.20696558119885802
2025-08-13,600036,8100,31.613177826564076,256066.740395169,0.19256782455485333
2025-08-13,002594,1500,166.12809448808807,249192.1417321321,0.1873979750570788
2025-08-13,601888,4600,57.490189875310335,264454.87342642754,0.19887588520893676
2025-08-14,000858,2200,121.8515409685238,268073.39013075235,0.1987815536176413
2025-08-14,601318,3700,74.62010767923299,276094.39841316204,0.20472928489816747
2025-08-14,600036,8100,31.429407261110494,254578.198814995,0.18877461076216015
2025-08-14,002594,1500,169.17469488235827,253762.0423235374,0.18816941509060195
2025-08-14,601888,4600,58.761732884483735,270303.9712686252,0.2004355722572396
2025-08-15,000858,2200,127.25539273558998,279961.8640182979,0.20747365529034642
2025-08-15,601318,3700,74.98683545453437,277451.2911817772,0.2056131243030561
2025-08-15,600036,8100,30.492671987735985,246990.6431006615,0.18303939976359915
2025-08-15,002594,1500,166.69232795795534,250038.49193693302,0.18529809432205643
2025-08-15,601888,4600,58.51565314226508,269172.00445441937,0.19947752477579508
2025-08-18,000858,2100,126.41240373853752,265466.0478509288,0.19613466632114523
2025-08-18,601318,3500,75.10513194107236,262867.96179375326,0.19421511861994958
2025-08-18,600036,8800,30.797937153685616,271021.8469524334,0.20023946545362348
2025-08-18,002594,1600,170.61123045424094,272977.9687267855,0.20168470974984143
2025-08-18,300750,5500,47.89543583804735,263424.89710926043,0.1946265999493089
2025-08-19,000858,2100,127.99717862592462,268794.0751144417,0.19630467957220515
2025-08-19,601318,3500,75.05608947113762,262696.31314898166,0.19185138495167617
2025-08-19,600036,8800,31.116565657735624,273825.77778807346,0.1999794137739518
2025-08-19,002594,1600,176.83135238002285,282930.16380803654,0.2066284947836042
2025-08-19,300750,5500,47.8715556599486,263293.55612971727,0.19228756120262266
2025-08-20,000858,2100,129.10226092278475,271114.747937848,0.19772735149036183
2025-08-20,601318,3500,74.46757166469574,260636.50082643508,0.1900854357872878
2025-08-20,600036,8800,31.49709106710277,277174.4013905044,0.20214673198241037
2025-08-20,002594,1600,179.67738264908934,287483.81223854295,0.2096655133025471
2025-08-20,300750,5500,46.730017275979286,257015.09501788608,0.187444299572299
2025-08-21,000858,2100,132.23025228749674,277683.5298037432,0.20138973500369092
2025-08-21,601318,3500,72.90131179417472,255154.59127961152,0.185050642215235
2025-08-21,600036,8800,32.24659985790056,283770.07874952495,0.2058039992567574
2025-08-21,002594,1600,179.29077090406852,286865.23344650964,0.2080487574700433
2025-08-21,300750,5500,46.84239729549533,257633.18512522432,0.1868482402150247
2025-08-22,000858,2100,133.07120974457047,279449.540463598,0.203866948042162
2025-08-22,601318,3500,72.82500844291778,254887.52955021223,0.18594821325239227
2025-08-22,600036,8800,30.99005651365624,272712.4973201749,0.1989520699493245
2025-08-22,002594,1600,181.37599586844925,290201.5933895188,0.21171089801452134
2025-08-22,300750,5500,46.502473690794616,255763.6052993704,0.18658733718488588
2025-08-25,600519,2400,112.71215494888676,270509.17187732825,0.19944781266627679
2025-08-25,000858,2000,129.73881228996356,259477.62457992713,0.19131419574112132
2025-08-25,601318,3700,73.41972952797195,271652.99925349624,0.2002911625115381
2025-08-25,002594,1500,174.06404271299783,261096.06406949676,0.19250747955433622
2025-08-25,300750,5900,46.86270063084817,276489.9337220042,0.2038574593326733
2025-08-26,600519,2400,113.09100701880892,271418.41684514144,0.19690268743296885
2025-08-26,000858,2000,133.68522209915568,267370.44419831136,0.1939660529109616
2025-08-26,601318,3700,74.67291370206331,276289.78069763427,0.20043665776987094
2025-08-26,002594,1500,174.45131200380288,261676.96800570432,0.1898356745225283
2025-08-26,300750,5900,48.24051938895296,284619.06439482246,0.20647920404742773
2025-08-27,600519,2400,112.71730261045884,270521.5262651012,0.1965269848260497
2025-08-27,000858,2000,131.33083087341447,262661.66174682893,0.19081699384587322
2025-08-27,601318,3700,75.10372000982426,277883.7640363498,0.20187546267449288
2025-08-27,002594,1500,178.9380853252608,268407.1279878912,0.19499092843941573
2025-08-27,300750,5900,47.45289297297035,279972.0685405251,0.2033925626009588
2025-08-28,600519,2400,114.66097457917,275186.338990008,0.19976781865920848
2025-08-28,000858,2000,131.38828199051042,262776.5639810208,0.19075910953252853
2025-08-28,601318,3700,74.39678092952873,275268.0894392563,0.19982716429744285
2025-08-28,002594,1500,178.16730571434894,267250.9585715234,0.19400723605816148
2025-08-28,300750,5900,47.45495436706935,279984.23076570913,0.20325078361202023
2025-08-29,600519,2400,112.37276375265388,269694.6330063693,0.19479653039052183
2025-08-29,000858,2000,133.13426454523133,266268.52909046266,0.19232190511475586
2025-08-29,601318,3700,73.9901569568496,273763.58074034355,0.19773547245282028
2025-08-29,002594,1500,182.69958298823616,274049.37448235427,0.19794189713665777
2025-08-29,300750,5900,48.076815707338895,283653.2126732995,0.20487861047490183
2025-09-01,000001,70800,3.79431591614369,268637.56686297327,0.19770740743009532
2025-09-01,600519,2400,109.5074524158346,262817.88579800306,0.1934243353755745
2025-09-01,000858,2000,134.56553532260742,269131.0706452148,0.19807060813386618
2025-09-01,601318,3700,73.13741488260551,270608.43506564037,0.19915789422271313
2025-09-01,002594,1500,176.21078498773858,264316.1774816079,0.1945270231634321
2025-09-02,000001,70800,3.7673229827865247,266726.46718128596,0.1952220738999546
2025-09-02,600519,2400,111.78552890861316,268285.26938067155,0.19636299029036677
2025-09-02,000858,2000,137.85409688258258,275708.19376516517,0.20179596703263533
2025-09-02,601318,3700,73.6423940362031,272476.8579339515,0.19943089209611614
2025-09-02,002594,1500,173.21542068957132,259823.13103435698,0.19016939347542058
2025-09-03,000001,70800,3.67213741062826,259987.3286724808,0.18963786392874238
2025-09-03,600519,2400,113.92486354410458,273419.672505851,0.19943557601387896
2025-09-03,000858,2000,139.88317359099045,279766.3471819809,0.20406491635433882
2025-09-03,601318,3700,73.74752675649471,272865.8489990304,0.19903161053077925
2025-09-03,002594,1500,174.45069869256918,261676.04803885377,0.1908696360118253
2025-09-04,000001,70800,3.5405206849664395,250668.86449562391,0.1823340406111618
2025-09-04,600519,2400,114.61032704748308,275064.7849139594,0.2000793906499621
2025-09-04,000858,2000,142.47914746693394,284958.2949338679,0.20727583150585635
2025-09-04,601318,3700,74.22698380561692,274639.8400807826,0.19977029000187857
2025-09-04,002594,1500,177.4628439495785,266194.26592436776,0.19362706330190999
2025-09-05,000001,70800,3.474633276915988,246004.03600565193,0.18042454006160105
2025-09-05,600519,2400,116.5220995542942,279653.0389303061,0.20510342734649387
2025-09-05,000858,2000,138.4129112383659,276825.8224767318,0.20302988726734242
2025-09-05,601318,3700,72.78963040743454,269321.6325075078,0.19752615632976947
2025-09-05,002594,1500,178.94438636843964,268416.5795526595,0.19686237143517468
2025-09-08,600519,2300,117.8877054153525,271141.72245531075,0.19853647825013618
2025-09-08,000858,1900,137.07320942362077,260439.09790487945,0.19069975962551988
2025-09-08,601318,3700,72.73855114679137,269132.63924312807,0.1970653792918268
2025-09-08,600036,8200,33.06375876581153,271122.82187965454,0.1985226387949107
2025-09-08,002594,1500,178.27186302477392,267407.7945371609,0.1958024065912401
2025-09-09,600519,2300,119.12253465171968,273981.82969895523,0.20060159436731897
2025-09-09,000858,1900,138.84900818988228,263813.1155607763,0.19315635513001064
2025-09-09,601318,3700,71.90358816410136,266043.27620717505,0.19478921443989408
2025-09-09,600036,8200,32.99041037947883,270521.3651117264,0.1980679419925885
2025-09-09,002594,1500,176.65537342542464,264983.06013813696,0.19401295480962377
2025-09-10,600519,2300,115.42125238937194,265468.88049555547,0.19893562886341976
2025-09-10,000858,1900,138.8319458486619,263780.6971124576,0.19767054716221835
2025-09-10,601318,3700,67.80276074532385,250870.21475769824,0.18799575996539233
2025-09-10,600036,8200,32.28063612997184,264701.2162657691,0.1983603608093133
2025-09-10,002594,1500,175.44460821047835,263166.91231571755,0.1972105924424849
2025-09-11,600519,2300,113.90807834466194,261988.58019272247,0.1969449923294769
2025-09-11,000858,1900,140.2252623034896,266427.9983766302,0.20028224153146076
2025-09-11,601318,3700,68.00344491621529,251612.74618999657,0.1891451540824221
2025-09-11,600036,8200,32.22976039821175,264284.0352653364,0.19867055754814428
2025-09-11,002594,1500,172.99409577739348,259491.1436660902,0.19506759134803286
2025-09-12,600519,2300,110.16974893615324,253390.42255315246,0.1924198613095776
2025-09-12,000858,1900,139.93096261816626,265868.8289745159,0.20189572550669277
2025-09-12,601318,3700,68.6875821522554,254144.05396334498,0.19299215465029126
2025-09-12,600036,8200,32.4953401529397,266461.78925410553,0.202346008250654
2025-09-12,002594,1500,167.02586234025657,250538.79351038486,0.19025438852103682
2025-09-15,600519,2300,109.00713033048952,250716.39976012587,0.19085282542196388
2025-09-15,000858,1800,142.50553505340716,256509.96309613288,0.1952630591880675
2025-09-15,600036,8100,31.830571448489422,257827.6287327643,0.19626610569780178
2025-09-15,002594,1500,167.7420994332429,251613.14914986436,0.19153545788992674
2025-09-15,300750,6000,43.619306838183725,261715.84102910236,0.19922592924068339
2025-09-16,600519,2300,106.88064283202192,245825.47851365042,0.1864230517538406
2025-09-16,000858,1800,146.9757407442998,264556.33333973965,0.20062769457504356
2025-09-16,600036,8100,31.557687112700865,255617.265612877,0.19384870528739143
2025-09-16,002594,1500,171.71619325789092,257574.28988683637,0.1953328249958682
2025-09-16,300750,6000,43.29820125636909,259789.20753821454,0.19701251951105836
2025-09-17,600519,2300,107.00511228270436,246111.75825022004,0.18777625213759774
2025-09-17,000858,1800,148.47291551626034,267251.24792926863,0.20390507983870018
2025-09-17,600036,8100,30.08242758815213,243667.66346403223,0.18591147752429873
2025-09-17,002594,1500,177.29426499942156,265941.3974991323,0.20290570131903696
2025-09-17,300750,6000,42.06872490518761,252412.34943112565,0.19258342350808874
2025-09-18,600519,2300,106.4446902334612,244822.78753696076,0.1870476135948177
2025-09-18,000858,1800,148.63046904653208,267534.84428375773,0.20439990362083127
2025-09-18,600036,8100,30.55325043869646,247481.32855344133,0.18907877155106617
2025-09-18,002594,1500,173.1119993050011,259667.99895750164,0.19838953726727607
2025-09-18,300750,6000,42.348662947547794,254091.97768528675,0.1941293885988672
2025-09-19,600519,2300,104.97840712210638,241450.33638084467,0.18306292687435807
2025-09-19,000858,1800,152.17680263673526,273918.24474612344,0.2076794605430514
2025-09-19,600036,8100,31.07569601928324,251713.13775619422,0.19084398233223204
2025-09-19,002594,1500,175.7223724447054,263583.5586670581,0.1998439035075157
2025-09-19,300750,6000,42.16689414546772,253001.36487280633,0.19182069095886223
2025-09-22,600519,2500,104.65707577130388,261642.6894282597,0.2009230074870481
2025-09-22,000858,1700,150.1879557437258,255319.52476433388,0.1960672660027818
2025-09-22,601318,3500,73.8124744228192,258343.66047986716,0.19838958750292274
2025-09-22,600036,8400,29.940165939254967,251497.39388974174,0.19313214088229674
2025-09-22,002594,1500,175.41102468589494,263116.53702884243,0.20205481779343867
2025-09-23,600519,2500,106.922578239398,267306.445598495,0.20484099334391292
2025-09-23,000858,1700,148.14939077268636,251853.9643135668,0.1929995219983722
2025-09-23,601318,3500,75.88707462133397,265604.7611746689,0.20353696669781407
2025-09-23,600036,8400,29.53156997334581,248065.1877761048,0.19009612493380026
2025-09-23,002594,1500,173.22118051219155,259831.77076828733,0.1991130363778385
2025-09-24,600519,2500,104.65975031425155,261649.3757856289,0.20218022658878174
2025-09-24,000858,1700,144.97814091369364,246462.8395532792,0.19044537215874166
2025-09-24,601318,3500,74.77835357774495,261724.23752210732,0.20223807332661015
2025-09-24,600036,8400,30.61862983002707,257196.4905722274,0.19873941829823583
2025-09-24,002594,1500,169.88161893467174,254822.42840200762,0.19690494639831374
2025-09-25,600519,2500,106.17506122820512,265437.6530705128,0.20321504822857203
2025-09-25,000858,1700,142.84194990977872,242831.31484662383,0.18590797796443495
2025-09-25,601318,3500,79.3052317263954,277568.3110423839,0.2125020963028829
2025-09-25,600036,8400,29.88544668812983,251037.75218029055,0.19219070213432815
2025-09-25,002594,1500,171.354651612967,257031.97741945047,0.19677979021952613
2025-09-26,600519,2500,105.95113757849616,264877.8439462404,0.20000343742631627
2025-09-26,000858,1700,148.60616978520238,252630.48863484405,0.19075572865170892
2025-09-26,601318,3500,80.71043187320865,282486.51155623025,0.2132993552653719
2025-09-26,600036,8400,29.899916756137245,251159.30075155286,0.1896448670206474
2025-09-26,002594,1500,173.9522601236037,260928.39018540556,0.19702129170829397
2025-09-29,600519,2500,106.43816113198294,266095.40282995737,0.1999815275471644
2025-09-29,000858,1700,147.86671006059058,251373.407103004,0.1889173484493378
2025-09-29,601318,3200,79.4378978995677,254201.27327861666,0.19104260499824316
2025-09-29,002594,1500,177.11734807334628,265676.0221100194,0.1996663458638092
2025-09-29,601888,4900,54.54783214398228,267284.3775055132,0.20087509041711182
2025-09-30,600519,2500,109.09400133279736,272735.0033319934,0.20128343364498416
2025-09-30,000858,1700,151.12308072367122,256909.23723024107,0.1896037280622522
2025-09-30,601318,3200,80.32259695335219,257032.310250727,0.18969455820818074
2025-09-30,002594,1500,187.46314241830123,281194.71362745186,0.20752685497011172
2025-09-30,601888,4900,53.29371220958552,261139.18982696906,0.19272551064396398
2025-10-01,600519,2500,113.57290071591744,283932.2517897936,0.2054619307105415
2025-10-01,000858,1700,153.89823871101007,261627.0058087171,0.18932118278438334
2025-10-01,601318,3200,82.94516900528168,265424.54081690137,0.19206919351512647
2025-10-01,002594,1500,188.47777283039704,282716.65924559557,0.20458229132644937
2025-10-01,601888,4900,53.520729870396,262251.57636494044,0.1897731408537386
2025-10-02,600519,2500,112.88953830133038,282223.84575332596,0.20568847800364093
2025-10-02,000858,1700,150.33271847477465,255565.6214071169,0.1862596109020143
2025-10-02,601318,3200,84.03573426794983,268914.34965743945,0.19598834090979994
2025-10-02,002594,1500,182.2155077510673,273323.2616266009,0.19920161436714448
2025-10-02,601888,4900,54.30553066532929,266097.10026011354,0.19393509222294333
2025-10-03,600519,2500,110.98071833485174,277451.79583712935,0.20127144345835382
2025-10-03,000858,1700,147.79665238546474,251254.30905529007,0.1822670395991076
2025-10-03,601318,3200,87.12429335208701,278797.7387266784,0.20224782880621106
2025-10-03,002594,1500,185.79741222048256,278696.11833072384,0.20217411047356565
2025-10-03,601888,4900,54.35228423148967,266326.1927342994,0.19320061375226022
2025-10-06,600519,2400,110.35959909069626,264863.037817671,0.19261644360572858
2025-10-06,000858,1800,148.8731196877961,267971.615438033,0.19487709564249434
2025-10-06,601318,3100,87.37231375587449,270854.1726432109,0.19697337877028073
2025-10-06,002594,1400,184.74790514873305,258647.06720822628,0.18809600103203436
2025-10-06,600900,8800,30.842574220308112,271414.6531387114,0.19738097720546896
2025-10-07,600519,2400,107.15171893672353,257164.12544813647,0.18900935433897334
2025-10-07,000858,1800,149.11752524863948,268411.54544755106,0.1972759334676292
2025-10-07,601318,3100,87.69561940558329,271856.42015730817,0.19980783228335713
2025-10-07,002594,1400,185.4639534812863,259649.53487380082,0.1908360695932655
2025-10-07,600900,8800,29.79298086687488,262178.23162849894,0.19269459997767147
2025-10-08,600519,2400,113.08047195072965,271393.13268175116,0.19804846856209138
2025-10-08,000858,1800,144.90454585319378,260828.1825357488,0.19033872227568027
2025-10-08,601318,3100,87.69155823344249,271843.8305236717,0.19837736419955498
2025-10-08,002594,1400,185.3314786020939,259464.07004293147,0.18934326455175293
2025-10-08,600900,8800,30.167974511839606,265478.1757041885,0.19373204331049657
2025-10-09,600519,2400,113.24301105925348,271783.22654220834,0.20052107721046827
2025-10-09,000858,1800,143.15161967246135,257672.91541043043,0.19011052015028282
2025-10-09,601318,3100,84.43656922248145,261753.3645896925,0.19312106673675927
2025-10-09,002594,1400,185.564123094936,259789.77233291042,0.19167233261309205
2025-10-09,600900,8800,29.89272762148332,263056.00306905323,0.19408215059178757
2025-10-10,600519,2400,112.78111507903864,270674.67618969275,0.19926898875843516
2025-10-10,000858,1800,144.48973855585172,260081.5294005331,0.19147038093091098
2025-10-10,601318,3100,85.29358312727578,264410.1076945549,0.19465705295931657
2025-10-10,002594,1400,182.34508537674932,255283.11952744905,0.18793782185845512
2025-10-10,600900,8800,30.29081824041757,266559.2005156746,0.1962392015342812
2025-10-13,600519,2400,107.51457248856504,258034.9739725561,0.18884809891872262
2025-10-13,000858,1800,146.03706418962312,262866.7155413216,0.1923843064167999
2025-10-13,601318,3100,89.54133342272698,277578.13361045363,0.20315115438311324
2025-10-13,002594,1400,185.49781862169945,259696.94607037923,0.19006444671180606
2025-10-13,600900,8900,30.324377660019923,269886.9611741773,0.19752221474487122
2025-10-14,600519,2400,106.46788820254416,255522.931686106,0.18814377938168214
2025-10-14,000858,1800,145.1194633740361,261215.03407326495,0.1923349243747396
2025-10-14,601318,3100,89.48187373100849,277393.80856612633,0.2042474981651428
2025-10-14,002594,1400,187.88362420675747,263037.0738894605,0.19367650829811145
2025-10-14,600900,8900,29.51215376616006,262658.16851882456,0.1933975169450104
2025-10-15,600519,2400,108.55726199741154,260537.4287937877,0.19186955545132106
2025-10-15,000858,1800,144.64940586241443,260368.93055234596,0.1917454670129365
2025-10-15,601318,3100,89.00866470171113,275926.8605753045,0.20320291146177413
2025-10-15,002594,1400,188.3052794083374,263627.3911716724,0.1941451198896087
2025-10-15,600900,8900,29.11560345653333,259128.87076314664,0.1908322403737228
2025-10-16,600519,2400,108.5443948883256,260506.54773198144,0.1910794320412491
2025-10-16,000858,1800,144.85037179136702,260730.66922446064,0.1912438233314643
2025-10-16,601318,3100,88.70698272439773,274991.64644563297,0.20170413402806284
2025-10-16,002594,1400,190.9776028048126,267368.64392673766,0.1961127237374542
2025-10-16,600900,8900,29.375876378647945,261445.29976996672,0.19176799901896033
2025-10-17,600519,2400,107.36995333816016,257687.88801158438,0.1878166741383507
2025-10-17,000858,1800,151.82113349865415,273278.04029757745,0.19917960847826036
2025-10-17,601318,3100,89.57824974954403,277692.5742235865,0.20239715621110785
2025-10-17,002594,1400,192.49423434633343,269491.9280848668,0.19642008800101565
2025-10-17,600900,8900,28.715605679569485,255568.89054816842,0.18627223579024918
2025-10-20,000858,1800,153.21687421293876,275790.3735832898,0.2019681669753285
2025-10-20,601318,3000,89.9658621964359,269897.5865893077,0.19765273213223672
2025-10-20,000333,10000,27.058019227660196,270580.19227660197,0.1981526212967442
2025-10-20,002594,1400,190.5831934712283,266816.4708597196,0.19539635426067253
2025-10-20,601888,4700,57.43611455656185,269949.73841584066,0.1976909242151308
2025-10-21,000858,1800,156.7833657954584,282210.05843182513,0.2021409694504719
2025-10-21,601318,3000,90.10908038323107,270327.2411496932,0.19362956408611198
2025-10-21,000333,10000,27.93696446891658,279369.6446891658,0.2001064424361901
2025-10-21,002594,1400,200.61752684778028,280864.5375868924,0.20117720193090907
2025-10-21,601888,4700,57.62851269844643,270854.00968269823,0.19400687700872477
2025-10-22,000858,1800,154.5521432882486,278193.85791884747,0.1982636899994673
2025-10-22,601318,3000,92.78279226825116,278348.3768047535,0.19837381279198157
2025-10-22,000333,10000,28.871629228985327,288716.29228985327,0.20576283711141186
2025-10-22,002594,1400,197.9527107855876,277133.79509982263,0.1975082025573527
2025-10-22,601888,4700,57.080592280295846,268278.7837173905,0.19119739740585862
2025-10-23,000858,1800,157.90581351903873,284230.4643342697,0.20047938023794995
2025-10-23,601318,3000,93.1996628180668,279598.9884542004,0.19721261073033192
2025-10-23,000333,10000,29.512849175136743,295128.49175136746,0.20816620503877944
2025-10-23,002594,1400,203.33817752090445,284673.4485292662,0.20079183512232035
2025-10-23,601888,4700,55.66872433790781,261643.0043881667,0.18454752021812215
2025-10-24,000858,1800,155.39597946951403,279712.76304512523,0.1969288749213973
2025-10-24,601318,3000,94.94516874299548,284835.5062289864,0.20053548922360664
2025-10-24,000333,10000,29.226706261989403,292267.06261989404,0.20576759956081087
2025-10-24,002594,1400,204.7355738826853,286629.8034357594,0.2017987455954562
2025-10-24,601888,4700,56.26589612013239,264449.71176462225,0.18618308168760003
2025-10-27,000858,1800,155.26965455740276,279485.378203325,0.20007606795218186
2025-10-27,601318,2900,90.75008657542917,263175.2510687446,0.18840008645409784
2025-10-27,600036,8900,31.81370675475068,283141.99011728104,0.20269373810893399
2025-10-27,000333,9700,28.842966424430166,279776.7743169726,0.20028467059540403
2025-10-27,002594,1300,199.4676710941219,259307.97242235846,0.1856316056476298
2025-10-28,000858,1800,156.20963210251435,281177.3377845258,0.20304595582805043
2025-10-28,601318,2900,86.91444016020128,252051.8764645837,0.1820136522319033
2025-10-28,600036,8900,31.139425819974853,277140.8897977762,0.20013112476066242
2025-10-28,000333,9700,28.57391023546931,277166.9292840523,0.20014992859607056
2025-10-28,002594,1300,204.03944625417128,265251.2801304227,0.19154530778710444
2025-10-29,000858,1800,150.78288888823994,271409.1999988319,0.19855135188035838
2025-10-29,601318,2900,87.68383111849849,254283.1102436456,0.1860226377714364
2025-10-29,600036,8900,30.012596798758175,267112.11150894774,0.195407785896524
2025-10-29,000333,9700,28.95104384592851,280825.1253055065,0.20543963974551832
2025-10-29,002594,1300,201.00719223970728,261309.34991161947,0.19116273392410038
2025-10-30,000858,1800,152.71141318378858,274880.5437308194,0.20204724629437149
2025-10-30,601318,2900,86.33039840389293,250358.1553712895,0.18402239457748856
2025-10-30,600036,8900,29.67467041801947,264104.5667203733,0.19412650933881523
2025-10-30,000333,9700,28.473217148986503,276190.2063451691,0.20300989618298335
2025-10-30,002594,1300,202.25758730603343,262934.86349784344,0.19326673471858877
2025-10-31,000858,1800,159.8739295219491,287773.0731395084,0.20884343469206826
2025-10-31,601318,2900,85.82808684412007,248901.4518479482,0.1806334190223839
2025-10-31,600036,8900,30.250187536012422,269226.66907051054,0.19538388934718903
2025-10-31,000333,9700,28.24842797849593,274009.75139141054,0.19885508048197392
2025-10-31,002594,1300,204.62901212558972,266017.71576326666,0.19305507927771323
2025-11-03,000858,1700,157.82828992326478,268308.0928695501,0.1959098300713131
2025-11-03,000333,9700,28.332898714661415,274829.1175322157,0.20067126987691297
2025-11-03,002594,1300,203.86560509186555,265025.2866194252,0.19351283187516963
2025-11-03,601888,4800,55.60928317248789,266924.5592279419,0.19489961887072443
2025-11-03,300750,6100,45.01475142391671,274589.9836858919,0.20049666213140463
2025-11-04,000858,1700,147.40861887193685,250594.65208229265,0.18322025396773015
2025-11-04,000333,9700,28.519063573664774,276634.9166645483,0.2022593828976683
2025-11-04,002594,1300,207.7069138674844,270018.9880277297,0.1974222001605354
2025-11-04,601888,4800,56.08895280341186,269226.97345637693,0.19684312510963714
2025-11-04,300750,6100,46.1272351227455,281376.13424874755,0.20572588580455392
2025-11-05,000858,1700,153.30893305897192,260625.18620025227,0.18958742969897036
2025-11-05,000333,9700,28.84686603287124,279814.600518851,0.20354644797779636
2025-11-05,002594,1300,212.7163836662939,276531.29876618204,0.20115806506941405
2025-11-05,601888,4800,54.35229136425416,260890.99854841994,0.1897807904428266
2025-11-05,300750,6100,45.40370596566596,276962.6063905623,0.2014718125821084
2025-11-06,000858,1700,152.3597972098466,259011.6552567392,0.18872570114782897
2025-11-06,000333,9700,29.444590214481355,285612.52508046915,0.20810810231294
2025-11-06,002594,1300,207.48209764988627,269726.72694485215,0.19653310817429617
2025-11-06,601888,4800,53.69485581869374,257735.30792972996,0.1877957061483406
2025-11-06,300750,6100,45.977997002135,280465.7817130235,0.20435799018116618
2025-11-07,000858,1700,149.25888820373228,253740.1099463449,0.18342945915426498
2025-11-07,000333,9700,29.0938094243944,282209.9514166257,0.2040103898719412
2025-11-07,002594,1300,212.64062593274537,276432.81371256895,0.19983408032143726
2025-11-07,601888,4800,56.39297330424886,270686.2718603945,0.19567988860072508
2025-11-07,300750,6100,45.96240190983922,280370.6516500193,0.20268075475243832
2025-11-10,600519,2400,114.38210953305,274517.06287932,0.20080562619613465
2025-11-10,000858,1800,147.35371871138366,265236.6936804906,0.1940171580085616
2025-11-10,000333,9500,27.523338111273787,261471.712057101,0.19126312339748153
2025-11-10,002594,1300,216.0028197697023,280803.665700613,0.20540419359640982
2025-11-10,300750,5900,46.113786705652544,272071.34156335,0.199016613173762
2025-11-11,600519,2400,113.79921744585396,273118.1218700495,0.19811295234403103
2025-11-11,000858,1800,150.99126911173587,271784.2844011246,0.19714542050430367
2025-11-11,000333,9500,28.002289535921097,266021.7505912504,0.19296542476385384
2025-11-11,002594,1300,218.28167962129476,283766.18350768316,0.20583678594880564
2025-11-11,300750,5900,45.92027162939823,270929.60261344956,0.19652545603211263
2025-11-12,600519,2400,113.95131886856228,273483.16528454947,0.19659555080114674
2025-11-12,000858,1800,151.998309966649,273596.9579399682,0.19667735155749638
2025-11-12,000333,9500,28.769615769477326,273311.3498100346,0.19647203987931994
2025-11-12,002594,1300,222.41816587966773,289143.61564356805,0.2078531902281364
2025-11-12,300750,5900,45.5224133332676,268582.23866627883,0.1930724806810813
2025-11-13,600519,2400,115.08995202225404,276215.8848534097,0.20088082709619604
2025-11-13,000858,1800,152.15681642281433,273882.26956106577,0.19918368150915217
2025-11-13,000333,9500,28.22261798934661,268114.8708987928,0.19498928184931455
2025-11-13,002594,1300,213.93913855475995,278120.88012118795,0.20226625438691365
2025-11-13,300750,5900,45.035874809420086,265711.6613755785,0.19324152314613588
2025-11-14,600519,2400,115.17923079832585,276430.15391598205,0.1992599979302974
2025-11-14,000858,1800,155.33617317590625,279605.1117166313,0.20154861252542736
2025-11-14,000333,9500,28.88549375545423,274412.19067681517,0.19780538328293143
2025-11-14,002594,1300,213.06938828135972,276990.2047657676,0.19966370110662687
2025-11-14,300750,5900,45.23186535459684,266868.0055921214,0.19236728514831636
2025-11-17,600519,2400,117.32809671272742,281587.4321105458,0.20117247904298474
2025-11-17,000858,1700,157.07427676121264,267026.2704940615,0.19076965332673007
2025-11-17,600036,9000,30.413734604247693,273723.6114382292,0.19555438633358305
2025-11-17,002594,1300,215.3645539457011,279973.9201294114,0.20001974931077518
2025-11-17,300750,6100,46.07258938965688,281042.795276907,0.20078337807643937
2025-11-18,600519,2400,117.8559734934714,282854.33638433134,0.20209877183273578
2025-11-18,000858,1700,156.88253561392884,266700.31054367905,0.1905567575780413
2025-11-18,600036,9000,30.52775169312494,274749.76523812447,0.19630807441647313
2025-11-18,002594,1300,217.4230883139469,282650.014808131,0.2019527845371657
2025-11-18,300750,6100,45.28735382338105,276252.8583226244,0.1973820309631918
2025-11-19,600519,2400,120.20443467326994,288490.64321584784,0.20363836445643368
2025-11-19,000858,1700,159.66796325183924,271435.53752812673,0.19159958985645265
2025-11-19,600036,9000,30.358527930201443,273226.751371813,0.19286396312504106
2025-11-19,002594,1300,220.3406178083824,286442.80315089715,0.20219284512573255
2025-11-19,300750,6100,46.01772386595043,280708.1155822976,0.1981448719085752
2025-11-20,600519,2400,119.28779095231812,286290.6982855635,0.20307752848892033
2025-11-20,000858,1700,160.2932398591388,272498.5077605359,0.19329417198783996
2025-11-20,600036,9000,29.806114012703382,268255.02611433045,0.19028409946344402
2025-11-20,002594,1300,220.07494746979856,286097.4317107381,0.2029404367196449
2025-11-20,300750,6100,45.941243110351095,280241.5829731417,0.1987866472463667
2025-11-21,600519,2400,120.80318153286608,289927.6356788786,0.20272966020098362
2025-11-21,000858,1700,157.96292399864217,268536.97079769167,0.1877724029782219
2025-11-21,600036,9000,31.1281864145145,280153.6777306305,0.19589529558780236
2025-11-21,002594,1300,219.1310862160848,284870.41208091023,0.1991934356559317
2025-11-21,300750,6100,47.58252925566918,290253.428459582,0.20295746828686437
2025-11-24,600519,2300,119.95082701991387,275886.9021458019,0.1936897071115059
2025-11-24,000333,9600,29.969055796469554,287702.9356461077,0.20198529508648144
2025-11-24,002594,1300,218.8995115268803,284569.3649849444,0.19978533423711436
2025-11-24,601888,4800,59.25193893784039,284409.3069016339,0.19967296354087577
2025-11-24,300750,5900,46.80864259720554,276170.9913235127,0.19388915532451048
2025-11-25,600519,2300,116.40083709907503,267721.92532787257,0.18705159735720275
2025-11-25,000333,9600,31.35599126834492,301017.51617611124,0.21031451631868728
2025-11-25,002594,1300,220.18067089021628,286234.87215728115,0.19998619833166137
2025-11-25,601888,4800,59.46599295808279,285436.7661987974,0.1994285787261253
2025-11-25,300750,5900,46.648458197106535,275225.90336292854,0.1922944667123054
2025-11-26,600519,2300,116.92088551640308,268918.0366877271,0.1848261336314024
2025-11-26,000333,9600,31.981220219219804,307019.7141045101,0.21101324182449266
2025-11-26,002594,1300,227.25274921123383,295428.57397460396,0.20304670435836475
2025-11-26,601888,4800,60.06367019896194,288305.6169550173,0.198151128657425
2025-11-26,300750,5900,47.401751740456106,279670.335268691,0.19221613914701488
2025-11-27,600519,2300,117.98971097668743,271376.3352463811,0.18551543285982824
2025-11-27,000333,9600,31.892594426986832,306168.9064990736,0.20929996407324303
2025-11-27,002594,1300,228.2662453876804,296746.11900398455,0.2028584573025419
2025-11-27,601888,4800,59.63100113808287,286228.8054627978,0.19566872216095568
2025-11-27,300750,5900,48.58765912628949,286667.188845108,0.19596840519283829
2025-11-28,600519,2300,120.01370727193644,276031.5267254538,0.18604093044892508
2025-11-28,000333,9600,32.61252948469415,313080.28305306385,0.21101121257912384
2025-11-28,002594,1300,231.78646117461437,301322.3995269987,0.20308658303680735
2025-11-28,601888,4800,60.56152262085446,290695.3085801014,0.19592409000139205
2025-11-28,300750,5900,48.63530518787929,286948.3006084878,0.1933986652511537
2025-12-01,600519,2400,121.37825026635522,291307.8006392525,0.19423426485428513
2025-12-01,000333,9000,32.93516127003753,296416.4514303378,0.1976405417498102
2025-12-01,002594,1200,231.03697869822784,277244.3744378734,0.18485724424734265
2025-12-01,601888,4900,61.24414611098075,300096.3159438057,0.20009415190706767
2025-12-01,300750,6000,49.89957385474016,299397.443128441,0.19962816696872712
2025-12-02,600519,2400,118.00055813557978,283201.33952539146,0.19082941066651787
2025-12-02,000333,9000,33.05077531872029,297456.97786848265,0.2004352800040222
2025-12-02,002594,1200,227.8529591127736,273423.5509353283,0.18424084848884406
2025-12-02,601888,4900,59.93864798298216,293699.3751166126,0.19790329650472113
2025-12-02,300750,6000,50.16009801366163,300960.58808196976,0.20279611584387172
2025-12-03,600519,2400,120.5671987957457,289361.27710978966,0.19385276554233558
2025-12-03,000333,9000,32.91296131961164,296216.65187650477,0.19844540962598967
2025-12-03,002594,1200,222.89535951015617,267474.4314121874,0.17919003800029218
2025-12-03,601888,4900,62.30338084722841,305286.5661514192,0.20452164754899607
2025-12-03,300750,6000,49.838957913568365,299033.7474814102,0.20033267588104176
2025-12-04,600519,2400,117.67568331494122,282421.63995585893,0.19054769211596995
2025-12-04,000333,9000,32.687187383640946,294184.6864527685,0.19848412844071223
2025-12-04,002594,1200,225.17396602693623,270208.7592323235,0.18230775612409264
2025-12-04,601888,4900,63.27130692639462,310029.4039393336,0.20917443655508483
2025-12-04,300750,6000,48.33326369285541,289999.58215713245,0.19566047100099648
2025-12-05,600519,2400,114.84561372738987,275629.4729457357,0.18883743844135484
2025-12-05,000333,9000,31.77867148981215,286008.04340830934,0.19594793587796738
2025-12-05,002594,1200,226.286911773487,271544.2941281844,0.18603862779445007
2025-12-05,601888,4900,62.17235338128262,304644.53156828484,0.20871604317818074
2025-12-05,300750,6000,47.74548839133434,286472.930348006,0.19626643613818606
2025-12-08,600519,2500,119.28672217540858,298216.80543852143,0.20445317143079625
2025-12-08,000333,9100,31.9403593430292,290657.2700215657,0.19927046219927827
2025-12-08,002594,1200,228.4941546069491,274192.98552833893,0.1879827845144838
2025-12-08,601888,4600,59.585735017858894,274094.3810821509,0.18791518271816426
2025-12-08,300750,6000,47.029803876023735,282178.8232561424,0.19345776050579394
2025-12-09,600519,2500,119.78981081624516,299474.5270406129,0.20315228998744403
2025-12-09,000333,9100,31.20912985181249,284003.0816514937,0.19265704155588373
2025-12-09,002594,1200,237.1974051015981,284636.8861219177,0.1930869907433599
2025-12-09,601888,4600,61.6121463827081,283415.87336045725,0.19225870146932444
2025-12-09,300750,6000,47.22351405731722,283341.0843439033,0.1922079674047982
2025-12-10,600519,2500,118.30210599971647,295755.26499929116,0.20077980886129562
2025-12-10,000333,9100,31.539874518683785,287012.85812002246,0.1948448383301321
2025-12-10,002594,1200,230.9238241903873,277108.58902846475,0.18812111270138104
2025-12-10,601888,4600,62.34495437844606,286786.79014085187,0.19469136723081748
2025-12-10,300750,6000,47.85046217299824,287102.77303798945,0.19490587900186196
2025-12-11,600519,2500,118.09956812095828,295248.9203023957,0.20028400700979535
2025-12-11,000333,9100,31.482486535135717,286490.62746973505,0.19434276264794015
2025-12-11,002594,1200,227.2747432241117,272729.691868934,0.18500794333849316
2025-12-11,601888,4600,62.33187179172737,286726.6102419459,0.19450284308161372
2025-12-11,300750,6000,48.94812934479181,293688.7760687508,0.19922567311882775
2025-12-12,600519,2500,123.87645415474464,309691.13538686157,0.20844725841129488
2025-12-12,000333,9100,31.949193997762286,290737.6653796368,0.19569003545929972
2025-12-12,002594,1200,226.1114118875097,271333.69426501164,0.18262958871424523
2025-12-12,601888,4600,61.30024418123248,281981.1232336694,0.18979617220354408
2025-12-12,300750,6000,48.78245983326009,292694.75899956055,0.19700731823853632
2025-12-15,600519,2400,125.42754290385048,301026.10296924115,0.20217846323666996
2025-12-15,000333,9300,31.727510996887645,295065.8522710551,0.1981753740866647
2025-12-15,002594,1300,223.7768282728095,290909.87675465236,0.1953840920853115
2025-12-15,601888,4800,61.82949859856939,296781.59327313304,0.19932771893546905
2025-12-15,300750,6000,49.13761318749452,294825.67912496714,0.19801406635584726
2025-12-16,600519,2400,123.92185262945443,297412.44631069066,0.1973867967413953
2025-12-16,000333,9300,32.1460462499075,298958.23012413975,0.19841270308518252
2025-12-16,002594,1300,226.8540838524804,294910.3090082245,0.19572617737839457
2025-12-16,601888,4800,63.08304426483199,302798.61247119354,0.20096148938901887
2025-12-16,300750,6000,50.39435750425052,302366.1450255031,0.20067446924289292
2025-12-17,600519,2400,126.45727503755576,303497.4600901338,0.20388056875917945
2025-12-17,000333,9300,30.89473851088995,287321.06815127656,0.19301374968271615
2025-12-17,002594,1300,225.44834693930477,293082.8510210962,0.19688434407983849
2025-12-17,601888,4800,63.23288759363348,303517.8604494407,0.20389427311392808
2025-12-17,300750,6000,48.48020093384002,290881.2056030401,0.1954053441570516
2025-12-18,600519,2400,126.70527509533429,304092.6602288023,0.2044123558323458
2025-12-18,000333,9300,30.038328761751565,279356.45748428954,0.18778457707060944
2025-12-18,002594,1300,231.81990985980465,301365.882817746,0.20257940467198218
2025-12-18,601888,4800,62.94344314356583,302128.527089116,0.20309205733533645
2025-12-18,300750,6000,48.399335898560494,290396.01539136295,0.19520541398733926
2025-12-19,600519,2400,129.06673472005053,309760.1633281213,0.205861225139506
2025-12-19,000333,9300,30.195504422209503,280818.1911265484,0.18662689303122218
2025-12-19,002594,1300,230.42062173611444,299546.8082569488,0.19907360672806682
2025-12-19,601888,4800,64.59368660988582,310049.69572745194,0.20605364334397552
2025-12-19,300750,6000,49.03753645437936,294225.2187262761,0.19553697074265317
2025-12-22,000001,113200,2.595180794270153,293774.4659113813,0.1952145826962794
2025-12-22,600519,2300,129.3321351052493,297463.9107420734,0.1976662369977181
2025-12-22,002594,1300,231.10587389542863,300437.63606405724,0.19964229215276197
2025-12-22,601888,4600,65.3272152168984,300505.18999773264,0.19968718207514177
2025-12-22,300750,6100,49.71535681827619,303263.67659148475,0.20152021003283718
2025-12-23,000001,113200,2.59082265828918,293281.1249183352,0.19434559025295728
2025-12-23,600519,2300,127.16350506601876,292476.06165184313,0.19381210724834544
2025-12-23,002594,1300,231.90626233158477,301478.1410310602,0.19977742271467513
2025-12-23,601888,4600,65.37765859164386,300737.22952156176,0.19928645049585683
2025-12-23,300750,6100,51.0922515185238,311662.7342629952,0.20652634248814447
2025-12-24,000001,113200,2.58226061034712,292311.901091294,0.192288019918878
2025-12-24,600519,2300,129.15854537760725,297064.6543684967,0.1954144664077975
2025-12-24,002594,1300,235.04360166859396,305556.68216917216,0.20100067485429507
2025-12-24,601888,4600,66.55635779531414,306159.24585844507,0.20139705207415076
2025-12-24,300750,6100,50.76230712502097,309650.0734626279,0.20369338118487293
2025-12-25,000001,113200,2.5879368905499223,292954.4560102512,0.1932067641732494
2025-12-25,600519,2300,127.71881063491855,293753.26446031267,0.19373358734546708
2025-12-25,002594,1300,231.9126923819809,301486.5000965752,0.19883374337046797
2025-12-25,601888,4600,67.07564671821586,308547.97490379296,0.20349086556063437
2025-12-25,300750,6100,50.83562172134573,310097.29250020895,0.20451265797013346
2025-12-26,000001,113200,2.542660866381832,287829.2100744234,0.18897541636106535
2025-12-26,600519,2300,129.98347561482018,298961.99391408643,0.19628469001266616
2025-12-26,002594,1300,237.78416265210524,309119.4114477368,0.20295358302417962
2025-12-26,601888,4600,66.19111473526331,304479.12778221123,0.19990698626807066
2025-12-26,300750,6100,51.357279703208015,313279.40618956886,0.20568484417100447
2025-12-29,000001,119800,2.5418613758635225,304514.99282845,0.19862935305228185
2025-12-29,600519,2300,129.58608681149838,298047.99966644624,0.19441105609412196
2025-12-29,000858,1800,170.76670664429466,307380.0719597304,0.20049818981793308
2025-12-29,002594,1200,235.85367576063217,283024.4109127586,0.1846114541535054
2025-12-29,300750,5900,52.58952797121052,310278.2150301421,0.20238859356384362
2025-12-30,000001,119800,2.5147605076823214,301268.3088203421,0.1978376723613938
2025-12-30,600519,2300,129.0799057239157,296883.7831650061,0.1949584304210217
2025-12-30,000858,1800,167.70149529991744,301862.69153985137,0.19822799318265769
2025-12-30,002594,1200,241.22111968582055,289465.34362298466,0.19008686985995898
2025-12-30,300750,5900,51.43891498750535,303489.59842628153,0.19929635471334894
2025-12-31,000001,119800,2.595151295621404,310899.1252154442,0.2030843781903861
2025-12-31,600519,2300,125.44649278405376,288526.93340332364,0.18847049769209884
2025-12-31,000858,1800,164.84774984821863,296725.9497267935,0.19382622884982031
2025-12-31,002594,1200,245.04634578413848,294055.6149409662,0.19208192262456444
2025-12-31,300750,5900,52.6852537896124,310842.9973587132,0.2030477145591344
