factor_id,name,category,data_dependency,effective_lag,economic_rationale,direction,owner,tests,status,pit_rule,coverage,missing_ratio,ic_mean,rank_ic_mean,ic_ir,observations,quantile_monotonicity,year_count,yearly_positive_ratio,max_abs_correlation,vif_proxy,half_life_days,rank_turnover,leakage_suspect,crowding_flag,trust_status,quarantine_reason
momentum_1,momentum_1,price_volume,daily_bar,"T+0 close-based, usable from next trade day","captures trend, reversal, and price-location effects that may proxy investor under/over-reaction",higher_is_better,aquant_factor_engine,"coverage,IC,RankIC,ICIR,monotonicity,yearly_stability,corr_vif,crowding,leakage_guard",candidate,computed only from current and historical rows; prediction must trade no earlier than next bar,0.9942473633748802,0.005752636625119822,-0.0006795829719680718,-0.003383887086876479,-0.0020671668927174655,1037,-0.09999999999999999,4,0.25,1.0,20.0,0.15694351350557276,0.33191162343900094,False,True,watchlist,near_duplicate_factor;crowding_or_cost_watch
momentum_2,momentum_2,price_volume,daily_bar,"T+0 close-based, usable from next trade day","captures trend, reversal, and price-location effects that may proxy investor under/over-reaction",higher_is_better,aquant_factor_engine,"coverage,IC,RankIC,ICIR,monotonicity,yearly_stability,corr_vif,crowding,leakage_guard",candidate,computed only from current and historical rows; prediction must trade no earlier than next bar,0.9932885906040269,0.006711409395973145,0.002360291584653673,-0.005007605007605007,0.007132922626237762,1036,-0.3,4,0.25,1.0,20.0,0.967911288092851,0.2354423076923077,False,True,watchlist,near_duplicate_factor;crowding_or_cost_watch
momentum_3,momentum_3,price_volume,daily_bar,"T+0 close-based, usable from next trade day","captures trend, reversal, and price-location effects that may proxy investor under/over-reaction",higher_is_better,aquant_factor_engine,"coverage,IC,RankIC,ICIR,monotonicity,yearly_stability,corr_vif,crowding,leakage_guard",candidate,computed only from current and historical rows; prediction must trade no earlier than next bar,0.9923298178331735,0.007670182166826467,0.008587624549718785,0.0063299663299663305,0.025381668343139433,1035,0.39999999999999997,4,0.5,1.0,20.0,1.6680891487767013,0.19416746871992302,False,True,watchlist,near_duplicate_factor;crowding_or_cost_watch
momentum_5,momentum_5,price_volume,daily_bar,"T+0 close-based, usable from next trade day","captures trend, reversal, and price-location effects that may proxy investor under/over-reaction",higher_is_better,aquant_factor_engine,"coverage,IC,RankIC,ICIR,monotonicity,yearly_stability,corr_vif,crowding,leakage_guard",candidate,computed only from current and historical rows; prediction must trade no earlier than next bar,0.9904122722914669,0.009587727708533111,0.024885416288008735,0.020563818240488134,0.07219229781595919,1033,0.8999999999999998,4,0.75,1.0,20.0,3.016371912652167,0.15205400192864033,False,True,watchlist,near_duplicate_factor;crowding_or_cost_watch
momentum_10,momentum_10,price_volume,daily_bar,"T+0 close-based, usable from next trade day","captures trend, reversal, and price-location effects that may proxy investor under/over-reaction",higher_is_better,aquant_factor_engine,"coverage,IC,RankIC,ICIR,monotonicity,yearly_stability,corr_vif,crowding,leakage_guard",candidate,computed only from current and historical rows; prediction must trade no earlier than next bar,0.9856184084372004,0.014381591562799612,0.048287351643355236,0.03501945525291829,0.1469511292798005,1028,0.8999999999999998,4,1.0,1.0,20.0,6.337798952043264,0.11174418604651164,False,True,watchlist,near_duplicate_factor;crowding_or_cost_watch
momentum_20,momentum_20,price_volume,daily_bar,"T+0 close-based, usable from next trade day","captures trend, reversal, and price-location effects that may proxy investor under/over-reaction",higher_is_better,aquant_factor_engine,"coverage,IC,RankIC,ICIR,monotonicity,yearly_stability,corr_vif,crowding,leakage_guard",candidate,computed only from current and historical rows; prediction must trade no earlier than next bar,0.9760306807286673,0.023969319271332723,0.07343278373624053,0.05659343930463773,0.22531947260882887,1018,0.9999999999999999,4,1.0,1.0,20.0,13.160857042814593,0.0765362035225049,False,True,watchlist,near_duplicate_factor;crowding_or_cost_watch
momentum_40,momentum_40,price_volume,daily_bar,"T+0 close-based, usable from next trade day","captures trend, reversal, and price-location effects that may proxy investor under/over-reaction",higher_is_better,aquant_factor_engine,"coverage,IC,RankIC,ICIR,monotonicity,yearly_stability,corr_vif,crowding,leakage_guard",candidate,computed only from current and historical rows; prediction must trade no earlier than next bar,0.9568552253116012,0.043144774688398835,0.10048521376733029,0.0836096435294832,0.30075313654378844,998,0.9999999999999999,4,1.0,0.9524471889271708,10.770714374934075,26.989760443479828,0.05305389221556887,False,True,watchlist,crowding_or_cost_watch
momentum_60,momentum_60,price_volume,daily_bar,"T+0 close-based, usable from next trade day","captures trend, reversal, and price-location effects that may proxy investor under/over-reaction",higher_is_better,aquant_factor_engine,"coverage,IC,RankIC,ICIR,monotonicity,yearly_stability,corr_vif,crowding,leakage_guard",candidate,computed only from current and historical rows; prediction must trade no earlier than next bar,0.9376797698945349,0.06232023010546506,0.08592179833724317,0.0777220053293673,0.25275771080755277,978,0.9999999999999999,4,1.0,0.9339309217959327,7.826377554544064,39.84735427583947,0.040488798370672104,False,False,approved,none
momentum_120,momentum_120,price_volume,daily_bar,"T+0 close-based, usable from next trade day","captures trend, reversal, and price-location effects that may proxy investor under/over-reaction",higher_is_better,aquant_factor_engine,"coverage,IC,RankIC,ICIR,monotonicity,yearly_stability,corr_vif,crowding,leakage_guard",candidate,computed only from current and historical rows; prediction must trade no earlier than next bar,0.8801534036433365,0.1198465963566635,0.0654916617873703,0.06469928038555489,0.20388716475695157,918,0.8999999999999998,4,1.0,0.9316091441611694,7.569770431263495,72.16509001418291,0.026182212581344906,False,False,approved,none
momentum_240,momentum_240,price_volume,daily_bar,"T+0 close-based, usable from next trade day","captures trend, reversal, and price-location effects that may proxy investor under/over-reaction",higher_is_better,aquant_factor_engine,"coverage,IC,RankIC,ICIR,monotonicity,yearly_stability,corr_vif,crowding,leakage_guard",candidate,computed only from current and historical rows; prediction must trade no earlier than next bar,0.7651006711409396,0.2348993288590604,0.02550123602498909,0.022601959444064706,0.07434166178498793,798,0.19999999999999998,4,0.75,0.8728821660186745,4.200326609687479,78.7177049489134,0.02022443890274314,False,False,approved,none
reversal_1,reversal_1,price_volume,daily_bar,"T+0 close-based, usable from next trade day","captures trend, reversal, and price-location effects that may proxy investor under/over-reaction",empirical,aquant_factor_engine,"coverage,IC,RankIC,ICIR,monotonicity,yearly_stability,corr_vif,crowding,leakage_guard",candidate,computed only from current and historical rows; prediction must trade no earlier than next bar,0.9942473633748802,0.005752636625119822,0.0006795829719680718,0.003383887086876479,0.0020671668927174655,1037,0.09999999999999999,4,0.75,1.0,20.0,0.15694351350557276,0.33191162343900094,False,True,watchlist,near_duplicate_factor;crowding_or_cost_watch
reversal_2,reversal_2,price_volume,daily_bar,"T+0 close-based, usable from next trade day","captures trend, reversal, and price-location effects that may proxy investor under/over-reaction",empirical,aquant_factor_engine,"coverage,IC,RankIC,ICIR,monotonicity,yearly_stability,corr_vif,crowding,leakage_guard",candidate,computed only from current and historical rows; prediction must trade no earlier than next bar,0.9932885906040269,0.006711409395973145,-0.002360291584653673,0.005007605007605007,-0.007132922626237762,1036,0.3,4,0.75,1.0,20.0,0.967911288092851,0.2354423076923077,False,True,watchlist,near_duplicate_factor;crowding_or_cost_watch
reversal_3,reversal_3,price_volume,daily_bar,"T+0 close-based, usable from next trade day","captures trend, reversal, and price-location effects that may proxy investor under/over-reaction",empirical,aquant_factor_engine,"coverage,IC,RankIC,ICIR,monotonicity,yearly_stability,corr_vif,crowding,leakage_guard",candidate,computed only from current and historical rows; prediction must trade no earlier than next bar,0.9923298178331735,0.007670182166826467,-0.008587624549718785,-0.0063299663299663305,-0.025381668343139433,1035,-0.39999999999999997,4,0.5,1.0,20.0,1.6680891487767013,0.19416746871992302,False,True,watchlist,near_duplicate_factor;crowding_or_cost_watch
reversal_5,reversal_5,price_volume,daily_bar,"T+0 close-based, usable from next trade day","captures trend, reversal, and price-location effects that may proxy investor under/over-reaction",empirical,aquant_factor_engine,"coverage,IC,RankIC,ICIR,monotonicity,yearly_stability,corr_vif,crowding,leakage_guard",candidate,computed only from current and historical rows; prediction must trade no earlier than next bar,0.9904122722914669,0.009587727708533111,-0.024885416288008735,-0.020563818240488134,-0.07219229781595919,1033,-0.8999999999999998,4,0.25,1.0,20.0,3.016371912652167,0.15205400192864033,False,True,watchlist,near_duplicate_factor;crowding_or_cost_watch
reversal_10,reversal_10,price_volume,daily_bar,"T+0 close-based, usable from next trade day","captures trend, reversal, and price-location effects that may proxy investor under/over-reaction",empirical,aquant_factor_engine,"coverage,IC,RankIC,ICIR,monotonicity,yearly_stability,corr_vif,crowding,leakage_guard",candidate,computed only from current and historical rows; prediction must trade no earlier than next bar,0.9856184084372004,0.014381591562799612,-0.048287351643355236,-0.03501945525291829,-0.1469511292798005,1028,-0.8999999999999998,4,0.0,1.0,20.0,6.337798952043264,0.11174418604651164,False,True,watchlist,near_duplicate_factor;crowding_or_cost_watch
reversal_20,reversal_20,price_volume,daily_bar,"T+0 close-based, usable from next trade day","captures trend, reversal, and price-location effects that may proxy investor under/over-reaction",empirical,aquant_factor_engine,"coverage,IC,RankIC,ICIR,monotonicity,yearly_stability,corr_vif,crowding,leakage_guard",candidate,computed only from current and historical rows; prediction must trade no earlier than next bar,0.9760306807286673,0.023969319271332723,-0.07343278373624053,-0.05659343930463773,-0.22531947260882887,1018,-0.9999999999999999,4,0.0,1.0,20.0,13.160857042814593,0.0765362035225049,False,True,watchlist,near_duplicate_factor;crowding_or_cost_watch
volatility_5,volatility_5,volatility_risk,daily_bar,"T+0 close-based, usable from next trade day","captures downside risk, instability, and volatility risk premium",lower_is_better,aquant_factor_engine,"coverage,IC,RankIC,ICIR,monotonicity,yearly_stability,corr_vif,crowding,leakage_guard",candidate,computed only from current and historical rows; prediction must trade no earlier than next bar,0.9913710450623202,0.00862895493767979,0.007390470546869908,0.007373541996365982,0.022112015018027283,1034,0.7,4,0.75,0.7214396643845588,2.0853978309044545,2.4527797694178135,0.1557996146435453,False,False,approved,none
volatility_10,volatility_10,volatility_risk,daily_bar,"T+0 close-based, usable from next trade day","captures downside risk, instability, and volatility risk premium",lower_is_better,aquant_factor_engine,"coverage,IC,RankIC,ICIR,monotonicity,yearly_stability,corr_vif,crowding,leakage_guard",candidate,computed only from current and historical rows; prediction must trade no earlier than next bar,0.987535953978907,0.012464046021092967,0.012745077167281038,0.009802883200941453,0.0376501066185516,1030,0.09999999999999999,4,0.75,0.7570946900710982,2.342975919564564,5.700379217747635,0.10477756286266925,False,False,approved,none
volatility_20,volatility_20,volatility_risk,daily_bar,"T+0 close-based, usable from next trade day","captures downside risk, instability, and volatility risk premium",lower_is_better,aquant_factor_engine,"coverage,IC,RankIC,ICIR,monotonicity,yearly_stability,corr_vif,crowding,leakage_guard",candidate,computed only from current and historical rows; prediction must trade no earlier than next bar,0.9827420901246404,0.01725790987535958,-0.0030608696039476717,-0.006805617147080561,-0.009046384720397269,1025,0.0,4,0.25,0.9164234736910215,6.243443725869599,11.597201308734002,0.07601554907677356,False,False,watchlist,none
volatility_40,volatility_40,volatility_risk,daily_bar,"T+0 close-based, usable from next trade day","captures downside risk, instability, and volatility risk premium",lower_is_better,aquant_factor_engine,"coverage,IC,RankIC,ICIR,monotonicity,yearly_stability,corr_vif,crowding,leakage_guard",candidate,computed only from current and historical rows; prediction must trade no earlier than next bar,0.9702780441035475,0.029721955896452545,-0.0021958804895134032,-0.007414061564259194,-0.006340681784729018,1012,-0.3,4,0.5,0.8111050704359944,2.9230487136118763,22.920492673694756,0.05379921259842519,False,False,approved,none
volatility_60,volatility_60,volatility_risk,daily_bar,"T+0 close-based, usable from next trade day","captures downside risk, instability, and volatility risk premium",lower_is_better,aquant_factor_engine,"coverage,IC,RankIC,ICIR,monotonicity,yearly_stability,corr_vif,crowding,leakage_guard",candidate,computed only from current and historical rows; prediction must trade no earlier than next bar,0.9568552253116012,0.043144774688398835,-0.0025778835513587976,0.006862209267018886,-0.0077167610302222465,998,-0.3,4,0.75,0.9209331785025993,6.584055177366755,33.127074412456444,0.04491017964071856,False,False,approved,none
volatility_120,volatility_120,volatility_risk,daily_bar,"T+0 close-based, usable from next trade day","captures downside risk, instability, and volatility risk premium",lower_is_better,aquant_factor_engine,"coverage,IC,RankIC,ICIR,monotonicity,yearly_stability,corr_vif,crowding,leakage_guard",candidate,computed only from current and historical rows; prediction must trade no earlier than next bar,0.9185043144774688,0.08149568552253117,-0.010847982650363444,0.00017713671158347565,-0.03130160282333033,958,-0.3,4,0.75,0.708896523546654,2.0101887667842435,55.02764155921903,0.03218295218295218,False,False,approved,none
volatility_240,volatility_240,volatility_risk,daily_bar,"T+0 close-based, usable from next trade day","captures downside risk, instability, and volatility risk premium",lower_is_better,aquant_factor_engine,"coverage,IC,RankIC,ICIR,monotonicity,yearly_stability,corr_vif,crowding,leakage_guard",candidate,computed only from current and historical rows; prediction must trade no earlier than next bar,0.8418024928092043,0.15819750719079573,0.027744376780516153,0.033906260785531855,0.08111425119047293,878,0.3,4,0.75,0.708896523546654,2.0101887667842435,78.43749871146373,0.023673469387755105,False,False,approved,none
downside_volatility_5,downside_volatility_5,volatility_risk,daily_bar,"T+0 close-based, usable from next trade day","captures downside risk, instability, and volatility risk premium",lower_is_better,aquant_factor_engine,"coverage,IC,RankIC,ICIR,monotonicity,yearly_stability,corr_vif,crowding,leakage_guard",candidate,computed only from current and historical rows; prediction must trade no earlier than next bar,0.9923298178331735,0.007670182166826467,-2.1790933696213857e-05,-0.004650458042623716,-6.34851826697984e-05,1035,-0.09999999999999999,4,0.75,0.6787644541022982,1.8543283559711061,2.5062094911818873,0.13208854667949954,False,False,approved,none
downside_volatility_10,downside_volatility_10,volatility_risk,daily_bar,"T+0 close-based, usable from next trade day","captures downside risk, instability, and volatility risk premium",lower_is_better,aquant_factor_engine,"coverage,IC,RankIC,ICIR,monotonicity,yearly_stability,corr_vif,crowding,leakage_guard",candidate,computed only from current and historical rows; prediction must trade no earlier than next bar,0.9884947267497604,0.011505273250239645,-0.015567394840557433,-0.013091144225964788,-0.046020002564082806,1031,-0.09999999999999999,4,0.5,0.6758968192789058,1.8410663068926099,5.73862954567013,0.08620289855072463,False,False,approved,none
downside_volatility_20,downside_volatility_20,volatility_risk,daily_bar,"T+0 close-based, usable from next trade day","captures downside risk, instability, and volatility risk premium",lower_is_better,aquant_factor_engine,"coverage,IC,RankIC,ICIR,monotonicity,yearly_stability,corr_vif,crowding,leakage_guard",candidate,computed only from current and historical rows; prediction must trade no earlier than next bar,0.9837008628954937,0.016299137104506256,-0.041520000542723784,-0.03962431330852384,-0.1196629553056966,1026,-0.8999999999999998,4,0.0,0.8213781492527656,3.0737270067848748,12.470241964301337,0.056815533980582526,False,False,watchlist,none
downside_volatility_60,downside_volatility_60,volatility_risk,daily_bar,"T+0 close-based, usable from next trade day","captures downside risk, instability, and volatility risk premium",lower_is_better,aquant_factor_engine,"coverage,IC,RankIC,ICIR,monotonicity,yearly_stability,corr_vif,crowding,leakage_guard",candidate,computed only from current and historical rows; prediction must trade no earlier than next bar,0.9578139980824545,0.04218600191754551,-0.06703233234503128,-0.05699639032972366,-0.18966263456452542,999,-0.8999999999999998,4,0.0,0.8184035336302454,3.028324010086936,38.95853210875171,0.03090727816550349,False,False,watchlist,none
downside_volatility_120,downside_volatility_120,volatility_risk,daily_bar,"T+0 close-based, usable from next trade day","captures downside risk, instability, and volatility risk premium",lower_is_better,aquant_factor_engine,"coverage,IC,RankIC,ICIR,monotonicity,yearly_stability,corr_vif,crowding,leakage_guard",candidate,computed only from current and historical rows; prediction must trade no earlier than next bar,0.9194630872483222,0.08053691275167785,-0.04742281810490598,-0.026814547982431193,-0.1380364874152825,959,-0.6,4,0.5,0.7281866302674883,2.1288180523419173,75.90841016812432,0.02240913811007269,False,False,approved,none
upside_volatility_5,upside_volatility_5,volatility_risk,daily_bar,"T+0 close-based, usable from next trade day","captures downside risk, instability, and volatility risk premium",lower_is_better,aquant_factor_engine,"coverage,IC,RankIC,ICIR,monotonicity,yearly_stability,corr_vif,crowding,leakage_guard",candidate,computed only from current and historical rows; prediction must trade no earlier than next bar,0.9923298178331735,0.007670182166826467,0.018022988295153794,0.015944056614022376,0.05361736987195419,1035,0.6,4,0.5,0.6745030259916371,1.8347086470777527,2.442111985277425,0.1325794032723773,False,False,approved,none
upside_volatility_10,upside_volatility_10,volatility_risk,daily_bar,"T+0 close-based, usable from next trade day","captures downside risk, instability, and volatility risk premium",lower_is_better,aquant_factor_engine,"coverage,IC,RankIC,ICIR,monotonicity,yearly_stability,corr_vif,crowding,leakage_guard",candidate,computed only from current and historical rows; prediction must trade no earlier than next bar,0.9884947267497604,0.011505273250239645,0.023013679990524984,0.026999382770478794,0.0700840004667815,1031,0.6,4,0.75,0.6767735832133875,1.8450949873645204,5.565029080917394,0.08635748792270531,False,False,approved,none
upside_volatility_20,upside_volatility_20,volatility_risk,daily_bar,"T+0 close-based, usable from next trade day","captures downside risk, instability, and volatility risk premium",lower_is_better,aquant_factor_engine,"coverage,IC,RankIC,ICIR,monotonicity,yearly_stability,corr_vif,crowding,leakage_guard",candidate,computed only from current and historical rows; prediction must trade no earlier than next bar,0.9837008628954937,0.016299137104506256,0.02907282004133113,0.03716699155295646,0.08806446916441142,1026,0.9999999999999999,4,1.0,0.8069660335690901,2.8669246347187887,11.53381273770604,0.05877669902912621,False,False,approved,none
upside_volatility_60,upside_volatility_60,volatility_risk,daily_bar,"T+0 close-based, usable from next trade day","captures downside risk, instability, and volatility risk premium",lower_is_better,aquant_factor_engine,"coverage,IC,RankIC,ICIR,monotonicity,yearly_stability,corr_vif,crowding,leakage_guard",candidate,computed only from current and historical rows; prediction must trade no earlier than next bar,0.9578139980824545,0.04218600191754551,0.044171493709754345,0.05601358934692268,0.1316110825068341,999,0.7999999999999999,4,1.0,0.7959718627621736,2.729043178968913,33.382970572270835,0.032422731804586234,False,False,approved,none
max_drawdown_20,max_drawdown_20,volatility_risk,daily_bar,"T+0 close-based, usable from next trade day","captures downside risk, instability, and volatility risk premium",lower_is_better,aquant_factor_engine,"coverage,IC,RankIC,ICIR,monotonicity,yearly_stability,corr_vif,crowding,leakage_guard",candidate,computed only from current and historical rows; prediction must trade no earlier than next bar,0.9837008628954937,0.016299137104506256,0.056374829127548876,0.04052218087305807,0.17279139665627746,1026,0.9999999999999999,4,1.0,0.8647292237488833,3.9644253151508595,22.80614325223778,0.046893203883495146,False,False,approved,none
max_drawdown_60,max_drawdown_60,volatility_risk,daily_bar,"T+0 close-based, usable from next trade day","captures downside risk, instability, and volatility risk premium",lower_is_better,aquant_factor_engine,"coverage,IC,RankIC,ICIR,monotonicity,yearly_stability,corr_vif,crowding,leakage_guard",candidate,computed only from current and historical rows; prediction must trade no earlier than next bar,0.9578139980824545,0.04218600191754551,0.08131766037726673,0.0642399975733309,0.23087091494001272,999,0.9999999999999999,4,1.0,0.8807013566636813,4.457020763064929,118.21794179499489,0.01694915254237288,False,False,approved,none
max_drawdown_120,max_drawdown_120,volatility_risk,daily_bar,"T+0 close-based, usable from next trade day","captures downside risk, instability, and volatility risk premium",lower_is_better,aquant_factor_engine,"coverage,IC,RankIC,ICIR,monotonicity,yearly_stability,corr_vif,crowding,leakage_guard",candidate,computed only from current and historical rows; prediction must trade no earlier than next bar,0.9194630872483222,0.08053691275167785,0.07092670561366077,0.08397004455398617,0.21451310526547016,959,0.7,4,1.0,0.8768129058709009,4.325275827057368,252.0,0.007850467289719627,False,False,approved,none
ma_bias_5,ma_bias_5,price_volume,daily_bar,"T+0 close-based, usable from next trade day","captures trend, reversal, and price-location effects that may proxy investor under/over-reaction",empirical,aquant_factor_engine,"coverage,IC,RankIC,ICIR,monotonicity,yearly_stability,corr_vif,crowding,leakage_guard",candidate,computed only from current and historical rows; prediction must trade no earlier than next bar,0.9923298178331735,0.007670182166826467,0.009020301903704649,0.01068657590396721,0.026660096943575,1035,0.6,4,0.75,0.9776901029070744,20.0,1.6488821401624545,0.1929355149181906,False,True,watchlist,crowding_or_cost_watch
ma_bias_10,ma_bias_10,price_volume,daily_bar,"T+0 close-based, usable from next trade day","captures trend, reversal, and price-location effects that may proxy investor under/over-reaction",empirical,aquant_factor_engine,"coverage,IC,RankIC,ICIR,monotonicity,yearly_stability,corr_vif,crowding,leakage_guard",candidate,computed only from current and historical rows; prediction must trade no earlier than next bar,0.9884947267497604,0.011505273250239645,0.028516687985578774,0.020815330805631485,0.08377845510710319,1031,0.7,4,0.75,0.9814604198012228,20.0,3.8943244606106795,0.1372946859903382,False,True,watchlist,near_duplicate_factor;crowding_or_cost_watch
ma_bias_20,ma_bias_20,price_volume,daily_bar,"T+0 close-based, usable from next trade day","captures trend, reversal, and price-location effects that may proxy investor under/over-reaction",empirical,aquant_factor_engine,"coverage,IC,RankIC,ICIR,monotonicity,yearly_stability,corr_vif,crowding,leakage_guard",candidate,computed only from current and historical rows; prediction must trade no earlier than next bar,0.9837008628954937,0.016299137104506256,0.0595574611864514,0.05211176088369071,0.18138722389823977,1026,0.7999999999999999,4,1.0,0.9954710973245942,20.0,8.47026221214715,0.09471844660194174,False,True,watchlist,near_duplicate_factor;crowding_or_cost_watch
ma_bias_40,ma_bias_40,price_volume,daily_bar,"T+0 close-based, usable from next trade day","captures trend, reversal, and price-location effects that may proxy investor under/over-reaction",empirical,aquant_factor_engine,"coverage,IC,RankIC,ICIR,monotonicity,yearly_stability,corr_vif,crowding,leakage_guard",candidate,computed only from current and historical rows; prediction must trade no earlier than next bar,0.9712368168744008,0.028763183125599223,0.08601893233627295,0.07290077477639176,0.2618387521205593,1013,0.8999999999999998,4,1.0,0.9692334332298621,16.505312952856002,17.870687917956378,0.06676499508357917,False,True,watchlist,crowding_or_cost_watch
ma_bias_60,ma_bias_60,price_volume,daily_bar,"T+0 close-based, usable from next trade day","captures trend, reversal, and price-location effects that may proxy investor under/over-reaction",empirical,aquant_factor_engine,"coverage,IC,RankIC,ICIR,monotonicity,yearly_stability,corr_vif,crowding,leakage_guard",candidate,computed only from current and historical rows; prediction must trade no earlier than next bar,0.9578139980824545,0.04218600191754551,0.0960838113036424,0.08212454879121546,0.29038613791565826,999,0.9999999999999999,4,1.0,0.9986391145564668,20.0,27.025694229645453,0.05361914257228316,False,True,watchlist,near_duplicate_factor;crowding_or_cost_watch
ma_bias_120,ma_bias_120,price_volume,daily_bar,"T+0 close-based, usable from next trade day","captures trend, reversal, and price-location effects that may proxy investor under/over-reaction",empirical,aquant_factor_engine,"coverage,IC,RankIC,ICIR,monotonicity,yearly_stability,corr_vif,crowding,leakage_guard",candidate,computed only from current and historical rows; prediction must trade no earlier than next bar,0.9194630872483222,0.08053691275167785,0.0928020463553949,0.08220052453629095,0.2760893148124497,959,0.8999999999999998,4,1.0,0.9843121003926548,20.0,49.86459486255806,0.03582554517133956,False,True,watchlist,near_duplicate_factor;crowding_or_cost_watch
ma_bias_240,ma_bias_240,price_volume,daily_bar,"T+0 close-based, usable from next trade day","captures trend, reversal, and price-location effects that may proxy investor under/over-reaction",empirical,aquant_factor_engine,"coverage,IC,RankIC,ICIR,monotonicity,yearly_stability,corr_vif,crowding,leakage_guard",candidate,computed only from current and historical rows; prediction must trade no earlier than next bar,0.8427612655800575,0.15723873441994252,0.05850189869606054,0.048381425173234044,0.17292664261252613,879,0.8999999999999998,4,1.0,0.9366442579292483,8.150123043886294,74.50826653956297,0.025730464326160815,False,False,approved,none
ma_slope_5,ma_slope_5,price_volume,daily_bar,"T+0 close-based, usable from next trade day","captures trend, reversal, and price-location effects that may proxy investor under/over-reaction",empirical,aquant_factor_engine,"coverage,IC,RankIC,ICIR,monotonicity,yearly_stability,corr_vif,crowding,leakage_guard",candidate,computed only from current and historical rows; prediction must trade no earlier than next bar,0.987535953978907,0.012464046021092967,0.04292848448185783,0.03569285083848191,0.12943537378695164,1030,0.8999999999999998,4,1.0,0.8561380127878813,3.744929790212576,11.41210973556326,0.0860541586073501,False,False,approved,none
ma_slope_10,ma_slope_10,price_volume,daily_bar,"T+0 close-based, usable from next trade day","captures trend, reversal, and price-location effects that may proxy investor under/over-reaction",empirical,aquant_factor_engine,"coverage,IC,RankIC,ICIR,monotonicity,yearly_stability,corr_vif,crowding,leakage_guard",candidate,computed only from current and historical rows; prediction must trade no earlier than next bar,0.9789069990412272,0.021093000958772756,0.0709836375375699,0.06116997595939809,0.22306257092370274,1021,0.9999999999999999,4,1.0,0.9763970024557941,20.0,48.00785300398349,0.042595121951219506,False,True,watchlist,crowding_or_cost_watch
ma_slope_20,ma_slope_20,price_volume,daily_bar,"T+0 close-based, usable from next trade day","captures trend, reversal, and price-location effects that may proxy investor under/over-reaction",empirical,aquant_factor_engine,"coverage,IC,RankIC,ICIR,monotonicity,yearly_stability,corr_vif,crowding,leakage_guard",candidate,computed only from current and historical rows; prediction must trade no earlier than next bar,0.9645254074784276,0.03547459252157237,0.0783425773187449,0.07618531236821495,0.2282850224240134,1006,0.9999999999999999,4,1.0,0.9603772958392118,12.874080609496525,197.91930237277387,0.02116831683168317,False,True,watchlist,crowding_or_cost_watch
ma_slope_60,ma_slope_60,price_volume,daily_bar,"T+0 close-based, usable from next trade day","captures trend, reversal, and price-location effects that may proxy investor under/over-reaction",empirical,aquant_factor_engine,"coverage,IC,RankIC,ICIR,monotonicity,yearly_stability,corr_vif,crowding,leakage_guard",candidate,computed only from current and historical rows; prediction must trade no earlier than next bar,0.900287631831256,0.09971236816874396,0.05247278490509621,0.04304385710136509,0.15703355914360975,939,0.7,4,0.75,0.977441783083335,20.0,252.0,0.00702014846235419,False,True,watchlist,crowding_or_cost_watch
ema_bias_5,ema_bias_5,price_volume,daily_bar,"T+0 close-based, usable from next trade day","captures trend, reversal, and price-location effects that may proxy investor under/over-reaction",empirical,aquant_factor_engine,"coverage,IC,RankIC,ICIR,monotonicity,yearly_stability,corr_vif,crowding,leakage_guard",candidate,computed only from current and historical rows; prediction must trade no earlier than next bar,0.9923298178331735,0.007670182166826467,0.017169689017912583,0.01773678817157078,0.05043464655648675,1035,0.6,4,0.75,0.9776901029070744,20.0,1.6501608938729182,0.19193455245428298,False,True,watchlist,crowding_or_cost_watch
ema_bias_10,ema_bias_10,price_volume,daily_bar,"T+0 close-based, usable from next trade day","captures trend, reversal, and price-location effects that may proxy investor under/over-reaction",empirical,aquant_factor_engine,"coverage,IC,RankIC,ICIR,monotonicity,yearly_stability,corr_vif,crowding,leakage_guard",candidate,computed only from current and historical rows; prediction must trade no earlier than next bar,0.9884947267497604,0.011505273250239645,0.038631058800411004,0.03578167710078476,0.11502957581171037,1031,0.7,4,1.0,0.9958580186212238,20.0,3.3629647347352316,0.14228019323671498,False,True,watchlist,near_duplicate_factor;crowding_or_cost_watch
ema_bias_12,ema_bias_12,price_volume,daily_bar,"T+0 close-based, usable from next trade day","captures trend, reversal, and price-location effects that may proxy investor under/over-reaction",empirical,aquant_factor_engine,"coverage,IC,RankIC,ICIR,monotonicity,yearly_stability,corr_vif,crowding,leakage_guard",candidate,computed only from current and historical rows; prediction must trade no earlier than next bar,0.9865771812080537,0.01342281879194629,0.04596982689457933,0.043142798244839055,0.1379549880201501,1029,0.8999999999999998,4,1.0,0.9958580186212238,20.0,4.053060831547788,0.13134559535333978,False,True,watchlist,near_duplicate_factor;crowding_or_cost_watch
ema_bias_20,ema_bias_20,price_volume,daily_bar,"T+0 close-based, usable from next trade day","captures trend, reversal, and price-location effects that may proxy investor under/over-reaction",empirical,aquant_factor_engine,"coverage,IC,RankIC,ICIR,monotonicity,yearly_stability,corr_vif,crowding,leakage_guard",candidate,computed only from current and historical rows; prediction must trade no earlier than next bar,0.9837008628954937,0.016299137104506256,0.06784561206158408,0.05964912280701755,0.20637219397012607,1026,0.9999999999999999,4,1.0,0.9915113810866182,20.0,6.8827118523917425,0.10256310679611652,False,True,watchlist,near_duplicate_factor;crowding_or_cost_watch
ema_bias_26,ema_bias_26,price_volume,daily_bar,"T+0 close-based, usable from next trade day","captures trend, reversal, and price-location effects that may proxy investor under/over-reaction",empirical,aquant_factor_engine,"coverage,IC,RankIC,ICIR,monotonicity,yearly_stability,corr_vif,crowding,leakage_guard",candidate,computed only from current and historical rows; prediction must trade no earlier than next bar,0.9798657718120806,0.020134228187919434,0.07817414598011872,0.06714107809998221,0.23787309595210576,1022,0.9999999999999999,4,1.0,0.9915113810866182,20.0,9.022349456969996,0.09037037037037036,False,True,watchlist,near_duplicate_factor;crowding_or_cost_watch
ema_bias_60,ema_bias_60,price_volume,daily_bar,"T+0 close-based, usable from next trade day","captures trend, reversal, and price-location effects that may proxy investor under/over-reaction",empirical,aquant_factor_engine,"coverage,IC,RankIC,ICIR,monotonicity,yearly_stability,corr_vif,crowding,leakage_guard",candidate,computed only from current and historical rows; prediction must trade no earlier than next bar,0.9578139980824545,0.04218600191754551,0.09270409096380977,0.07829041162374495,0.2788001218221177,999,0.8999999999999998,4,1.0,0.9842480480240813,20.0,20.397865779701647,0.05844466600199402,False,True,watchlist,near_duplicate_factor;crowding_or_cost_watch
ema_bias_120,ema_bias_120,price_volume,daily_bar,"T+0 close-based, usable from next trade day","captures trend, reversal, and price-location effects that may proxy investor under/over-reaction",empirical,aquant_factor_engine,"coverage,IC,RankIC,ICIR,monotonicity,yearly_stability,corr_vif,crowding,leakage_guard",candidate,computed only from current and historical rows; prediction must trade no earlier than next bar,0.9194630872483222,0.08053691275167785,0.08600666310330883,0.07905330679053307,0.25467733803084364,959,0.9999999999999999,4,1.0,0.9843121003926548,20.0,35.976080109945606,0.0402907580477674,False,True,watchlist,near_duplicate_factor;crowding_or_cost_watch
ema_slope_12,ema_slope_12,price_volume,daily_bar,"T+0 close-based, usable from next trade day","captures trend, reversal, and price-location effects that may proxy investor under/over-reaction",empirical,aquant_factor_engine,"coverage,IC,RankIC,ICIR,monotonicity,yearly_stability,corr_vif,crowding,leakage_guard",candidate,computed only from current and historical rows; prediction must trade no earlier than next bar,0.975071907957814,0.024928092042186045,0.07970057501890675,0.07237567414558566,0.24859723039004014,1017,0.9999999999999999,4,1.0,0.9763970024557941,20.0,68.54684271010821,0.0358667972575906,False,True,watchlist,crowding_or_cost_watch
ema_slope_26,ema_slope_26,price_volume,daily_bar,"T+0 close-based, usable from next trade day","captures trend, reversal, and price-location effects that may proxy investor under/over-reaction",empirical,aquant_factor_engine,"coverage,IC,RankIC,ICIR,monotonicity,yearly_stability,corr_vif,crowding,leakage_guard",candidate,computed only from current and historical rows; prediction must trade no earlier than next bar,0.9549376797698945,0.04506232023010548,0.09158962906174295,0.0786783497626871,0.26838817767993517,996,0.9999999999999999,4,1.0,0.9603772958392118,12.874080609496525,252.0,0.016120000000000002,False,True,watchlist,crowding_or_cost_watch
ema_slope_60,ema_slope_60,price_volume,daily_bar,"T+0 close-based, usable from next trade day","captures trend, reversal, and price-location effects that may proxy investor under/over-reaction",empirical,aquant_factor_engine,"coverage,IC,RankIC,ICIR,monotonicity,yearly_stability,corr_vif,crowding,leakage_guard",candidate,computed only from current and historical rows; prediction must trade no earlier than next bar,0.900287631831256,0.09971236816874396,0.06138142268371591,0.05205408719785717,0.18258563543325934,939,0.7,4,1.0,0.977441783083335,20.0,252.0,0.0072110286320254515,False,True,watchlist,crowding_or_cost_watch
macd_diff,macd_diff,price_volume,daily_bar,"T+0 close-based, usable from next trade day","captures trend, reversal, and price-location effects that may proxy investor under/over-reaction",empirical,aquant_factor_engine,"coverage,IC,RankIC,ICIR,monotonicity,yearly_stability,corr_vif,crowding,leakage_guard",candidate,computed only from current and historical rows; prediction must trade no earlier than next bar,0.9798657718120806,0.020134228187919434,0.0930018004796281,0.07698511534127972,0.2842323276730696,1022,0.8999999999999998,4,1.0,0.9636413230571467,14.006504523307699,109.73035151782612,0.028284600389863548,False,True,watchlist,crowding_or_cost_watch
macd_signal,macd_signal,price_volume,daily_bar,"T+0 close-based, usable from next trade day","captures trend, reversal, and price-location effects that may proxy investor under/over-reaction",empirical,aquant_factor_engine,"coverage,IC,RankIC,ICIR,monotonicity,yearly_stability,corr_vif,crowding,leakage_guard",candidate,computed only from current and historical rows; prediction must trade no earlier than next bar,0.975071907957814,0.024928092042186045,0.09258448693160047,0.07989630821489228,0.2762138899498884,1017,0.9999999999999999,4,1.0,0.9636413230571467,14.006504523307699,223.56451183300842,0.01904015670910872,False,True,watchlist,crowding_or_cost_watch
macd_hist,macd_hist,price_volume,daily_bar,"T+0 close-based, usable from next trade day","captures trend, reversal, and price-location effects that may proxy investor under/over-reaction",empirical,aquant_factor_engine,"coverage,IC,RankIC,ICIR,monotonicity,yearly_stability,corr_vif,crowding,leakage_guard",candidate,computed only from current and historical rows; prediction must trade no earlier than next bar,0.975071907957814,0.024928092042186045,-0.0006091392647412701,-0.0019367718482762723,-0.0018209631087497235,1017,0.09999999999999999,4,0.25,0.8191788204205434,3.0400120903402827,19.822209741943983,0.06828599412340843,False,False,quarantine,weak_empirical_signal
rsi_6,rsi_6,price_volume,daily_bar,"T+0 close-based, usable from next trade day","captures trend, reversal, and price-location effects that may proxy investor under/over-reaction",empirical,aquant_factor_engine,"coverage,IC,RankIC,ICIR,monotonicity,yearly_stability,corr_vif,crowding,leakage_guard",candidate,computed only from current and historical rows; prediction must trade no earlier than next bar,0.9764141898370087,0.023585810162991327,0.020291725445626997,0.019587315458943752,0.058812822961540785,1034,0.8999999999999998,4,0.75,0.8943797492152562,4.997879295018205,3.178635550456572,0.14792885772734843,False,False,approved,none
rsi_14,rsi_14,price_volume,daily_bar,"T+0 close-based, usable from next trade day","captures trend, reversal, and price-location effects that may proxy investor under/over-reaction",empirical,aquant_factor_engine,"coverage,IC,RankIC,ICIR,monotonicity,yearly_stability,corr_vif,crowding,leakage_guard",candidate,computed only from current and historical rows; prediction must trade no earlier than next bar,0.9856184084372004,0.014381591562799612,0.056263305992046604,0.05053649333804976,0.17268515751527488,1028,0.8999999999999998,4,1.0,0.9243718996101945,6.871124242218335,8.65960321458161,0.09439922480620155,False,False,approved,none
rsi_24,rsi_24,price_volume,daily_bar,"T+0 close-based, usable from next trade day","captures trend, reversal, and price-location effects that may proxy investor under/over-reaction",empirical,aquant_factor_engine,"coverage,IC,RankIC,ICIR,monotonicity,yearly_stability,corr_vif,crowding,leakage_guard",candidate,computed only from current and historical rows; prediction must trade no earlier than next bar,0.9798657718120806,0.020134228187919434,0.07255017144494753,0.061436280614362807,0.22365140832053376,1022,0.8999999999999998,4,1.0,0.9363904176037285,8.118663303835556,15.671745875638251,0.07099415204678362,False,False,approved,none
kdj_k_9,kdj_k_9,price_volume,daily_bar,"T+0 close-based, usable from next trade day","captures trend, reversal, and price-location effects that may proxy investor under/over-reaction",empirical,aquant_factor_engine,"coverage,IC,RankIC,ICIR,monotonicity,yearly_stability,corr_vif,crowding,leakage_guard",candidate,computed only from current and historical rows; prediction must trade no earlier than next bar,0.9789069990412272,0.021093000958772756,0.06833037561852788,0.05506781824117769,0.20975005416040085,1021,0.9999999999999999,4,1.0,0.9653850131639559,14.699013512912723,31.333800257598828,0.05324878048780489,False,True,watchlist,crowding_or_cost_watch
kdj_d_9,kdj_d_9,price_volume,daily_bar,"T+0 close-based, usable from next trade day","captures trend, reversal, and price-location effects that may proxy investor under/over-reaction",empirical,aquant_factor_engine,"coverage,IC,RankIC,ICIR,monotonicity,yearly_stability,corr_vif,crowding,leakage_guard",candidate,computed only from current and historical rows; prediction must trade no earlier than next bar,0.9741131351869607,0.025886864813039256,0.07559512467025763,0.05820806490097829,0.23525466245841317,1016,0.9999999999999999,4,1.0,0.9653850131639559,14.699013512912723,69.13540812557692,0.03588235294117647,False,True,watchlist,crowding_or_cost_watch
kdj_j_9,kdj_j_9,price_volume,daily_bar,"T+0 close-based, usable from next trade day","captures trend, reversal, and price-location effects that may proxy investor under/over-reaction",empirical,aquant_factor_engine,"coverage,IC,RankIC,ICIR,monotonicity,yearly_stability,corr_vif,crowding,leakage_guard",candidate,computed only from current and historical rows; prediction must trade no earlier than next bar,0.9741131351869607,0.025886864813039256,0.04561579220415534,0.03883321403006442,0.13508061075569813,1016,0.9999999999999999,4,1.0,0.9722943022813311,18.30034125656427,11.029027960528397,0.085921568627451,False,True,watchlist,crowding_or_cost_watch
cci_14,cci_14,price_volume,daily_bar,"T+0 close-based, usable from next trade day","captures trend, reversal, and price-location effects that may proxy investor under/over-reaction",empirical,aquant_factor_engine,"coverage,IC,RankIC,ICIR,monotonicity,yearly_stability,corr_vif,crowding,leakage_guard",candidate,computed only from current and historical rows; prediction must trade no earlier than next bar,0.9779482262703739,0.02205177372962608,0.04036209984080343,0.036981580510992276,0.11787301442821335,1020,0.8999999999999998,4,1.0,0.9453685762966797,9.409262510595795,6.252508715240002,0.10248046875000001,False,False,approved,none
cci_20,cci_20,price_volume,daily_bar,"T+0 close-based, usable from next trade day","captures trend, reversal, and price-location effects that may proxy investor under/over-reaction",empirical,aquant_factor_engine,"coverage,IC,RankIC,ICIR,monotonicity,yearly_stability,corr_vif,crowding,leakage_guard",candidate,computed only from current and historical rows; prediction must trade no earlier than next bar,0.9721955896452541,0.0278044103547459,0.04920378524764549,0.040081286235132386,0.14629773672156252,1014,0.8999999999999998,4,1.0,0.9385854891937525,8.399318415558277,9.213647595463486,0.08538310412573674,False,False,approved,none
williams_r_14,williams_r_14,price_volume,daily_bar,"T+0 close-based, usable from next trade day","captures trend, reversal, and price-location effects that may proxy investor under/over-reaction",empirical,aquant_factor_engine,"coverage,IC,RankIC,ICIR,monotonicity,yearly_stability,corr_vif,crowding,leakage_guard",candidate,computed only from current and historical rows; prediction must trade no earlier than next bar,0.9865771812080537,0.01342281879194629,0.040201696746093044,0.026627793974732753,0.11877105957789974,1029,0.7,4,1.0,0.9490347828043462,10.067149799149565,4.219691451384472,0.13285575992255566,False,False,approved,none
williams_r_20,williams_r_20,price_volume,daily_bar,"T+0 close-based, usable from next trade day","captures trend, reversal, and price-location effects that may proxy investor under/over-reaction",empirical,aquant_factor_engine,"coverage,IC,RankIC,ICIR,monotonicity,yearly_stability,corr_vif,crowding,leakage_guard",candidate,computed only from current and historical rows; prediction must trade no earlier than next bar,0.9837008628954937,0.016299137104506256,0.05088439639189595,0.040628507295173956,0.15233053232326052,1026,0.9999999999999999,4,1.0,1.0000000000000016,20.0,5.938095770608635,0.1152233009708738,False,True,watchlist,near_duplicate_factor;crowding_or_cost_watch
money_flow_index_14,money_flow_index_14,liquidity_flow,daily_bar,"T+0 close-based, usable from next trade day","captures attention, liquidity, and fund-flow pressure",higher_is_better,aquant_factor_engine,"coverage,IC,RankIC,ICIR,monotonicity,yearly_stability,corr_vif,crowding,leakage_guard",candidate,computed only from current and historical rows; prediction must trade no earlier than next bar,0.9863854266538831,0.013614573346116932,0.02901756921731563,0.024768089053803337,0.08719709549078479,1029,0.8999999999999998,4,1.0,0.8362823160221704,3.3263271137226926,11.241570256304254,0.08462562594863336,False,False,approved,none
money_flow_index_20,money_flow_index_20,liquidity_flow,daily_bar,"T+0 close-based, usable from next trade day","captures attention, liquidity, and fund-flow pressure",higher_is_better,aquant_factor_engine,"coverage,IC,RankIC,ICIR,monotonicity,yearly_stability,corr_vif,crowding,leakage_guard",candidate,computed only from current and historical rows; prediction must trade no earlier than next bar,0.9837008628954937,0.016299137104506256,0.046439365979352026,0.037119735365349404,0.14167148316520076,1026,0.8999999999999998,4,1.0,0.8362823160221704,3.3263271137226926,16.42475699290725,0.0721359223300971,False,False,approved,none
price_position_20,price_position_20,price_volume,daily_bar,"T+0 close-based, usable from next trade day","captures trend, reversal, and price-location effects that may proxy investor under/over-reaction",empirical,aquant_factor_engine,"coverage,IC,RankIC,ICIR,monotonicity,yearly_stability,corr_vif,crowding,leakage_guard",candidate,computed only from current and historical rows; prediction must trade no earlier than next bar,0.9837008628954937,0.016299137104506256,0.050884396391895945,0.040628507295173956,0.15233053232326052,1026,0.9999999999999999,4,1.0,1.0000000000000016,20.0,5.938095770608635,0.1152233009708738,False,True,watchlist,near_duplicate_factor;crowding_or_cost_watch
price_position_40,price_position_40,price_volume,daily_bar,"T+0 close-based, usable from next trade day","captures trend, reversal, and price-location effects that may proxy investor under/over-reaction",empirical,aquant_factor_engine,"coverage,IC,RankIC,ICIR,monotonicity,yearly_stability,corr_vif,crowding,leakage_guard",candidate,computed only from current and historical rows; prediction must trade no earlier than next bar,0.9712368168744008,0.028763183125599223,0.0815998592181985,0.06568548266475216,0.246553709968169,1013,0.9999999999999999,4,1.0,0.9466349293383847,9.626277993268213,11.728546004350752,0.0848180924287119,False,False,approved,none
price_position_60,price_position_60,price_volume,daily_bar,"T+0 close-based, usable from next trade day","captures trend, reversal, and price-location effects that may proxy investor under/over-reaction",empirical,aquant_factor_engine,"coverage,IC,RankIC,ICIR,monotonicity,yearly_stability,corr_vif,crowding,leakage_guard",candidate,computed only from current and historical rows; prediction must trade no earlier than next bar,0.9578139980824545,0.04218600191754551,0.0929466099843917,0.07512360845694178,0.2790290311125142,999,0.8999999999999998,4,1.0,0.9632225431032185,13.849968082193296,17.231908201940808,0.07292123629112664,False,True,watchlist,crowding_or_cost_watch
price_position_120,price_position_120,price_volume,daily_bar,"T+0 close-based, usable from next trade day","captures trend, reversal, and price-location effects that may proxy investor under/over-reaction",empirical,aquant_factor_engine,"coverage,IC,RankIC,ICIR,monotonicity,yearly_stability,corr_vif,crowding,leakage_guard",candidate,computed only from current and historical rows; prediction must trade no earlier than next bar,0.9194630872483222,0.08053691275167785,0.095780549906604,0.08372989540872752,0.28653247757319883,959,0.9999999999999999,4,1.0,0.9289715183238996,7.298635137392773,30.716010536230527,0.0508411214953271,False,False,approved,none
price_position_240,price_position_240,price_volume,daily_bar,"T+0 close-based, usable from next trade day","captures trend, reversal, and price-location effects that may proxy investor under/over-reaction",empirical,aquant_factor_engine,"coverage,IC,RankIC,ICIR,monotonicity,yearly_stability,corr_vif,crowding,leakage_guard",candidate,computed only from current and historical rows; prediction must trade no earlier than next bar,0.8427612655800575,0.15723873441994252,0.06648315428720371,0.06093012031578585,0.19744190207307527,879,0.8999999999999998,4,1.0,0.9394230311453274,8.511770649239214,42.91861132574121,0.03707814269535674,False,False,approved,none
breakout_high_20,breakout_high_20,price_volume,daily_bar,"T+0 close-based, usable from next trade day","captures trend, reversal, and price-location effects that may proxy investor under/over-reaction",higher_is_better,aquant_factor_engine,"coverage,IC,RankIC,ICIR,monotonicity,yearly_stability,corr_vif,crowding,leakage_guard",candidate,computed only from current and historical rows; prediction must trade no earlier than next bar,0.9837008628954937,0.016299137104506256,0.054941507840071534,0.04726800165396657,0.16407271360207468,1026,0.8999999999999998,4,1.0,1.0,20.0,9.32934564946237,0.10279611650485436,False,True,watchlist,near_duplicate_factor;crowding_or_cost_watch
breakout_high_40,breakout_high_40,price_volume,daily_bar,"T+0 close-based, usable from next trade day","captures trend, reversal, and price-location effects that may proxy investor under/over-reaction",higher_is_better,aquant_factor_engine,"coverage,IC,RankIC,ICIR,monotonicity,yearly_stability,corr_vif,crowding,leakage_guard",candidate,computed only from current and historical rows; prediction must trade no earlier than next bar,0.9712368168744008,0.028763183125599223,0.08271655054009756,0.06926321457417212,0.24395975048896013,1013,0.9999999999999999,4,1.0,0.9182067534985822,6.373634250236106,18.81805295902471,0.07502458210422813,False,False,approved,none
breakout_high_60,breakout_high_60,price_volume,daily_bar,"T+0 close-based, usable from next trade day","captures trend, reversal, and price-location effects that may proxy investor under/over-reaction",higher_is_better,aquant_factor_engine,"coverage,IC,RankIC,ICIR,monotonicity,yearly_stability,corr_vif,crowding,leakage_guard",candidate,computed only from current and historical rows; prediction must trade no earlier than next bar,0.9578139980824545,0.04218600191754551,0.09302327868379778,0.07583947583947584,0.26710137114599236,999,0.9999999999999999,4,1.0,1.0,20.0,27.745733105689,0.06307078763708873,False,True,watchlist,near_duplicate_factor;crowding_or_cost_watch
breakout_high_120,breakout_high_120,price_volume,daily_bar,"T+0 close-based, usable from next trade day","captures trend, reversal, and price-location effects that may proxy investor under/over-reaction",higher_is_better,aquant_factor_engine,"coverage,IC,RankIC,ICIR,monotonicity,yearly_stability,corr_vif,crowding,leakage_guard",candidate,computed only from current and historical rows; prediction must trade no earlier than next bar,0.9194630872483222,0.08053691275167785,0.08463482272268187,0.08619458400480298,0.2449884486964315,959,0.9999999999999999,4,1.0,1.0,20.0,45.07539638690038,0.042367601246105925,False,True,watchlist,near_duplicate_factor;crowding_or_cost_watch
breakout_high_240,breakout_high_240,price_volume,daily_bar,"T+0 close-based, usable from next trade day","captures trend, reversal, and price-location effects that may proxy investor under/over-reaction",higher_is_better,aquant_factor_engine,"coverage,IC,RankIC,ICIR,monotonicity,yearly_stability,corr_vif,crowding,leakage_guard",candidate,computed only from current and historical rows; prediction must trade no earlier than next bar,0.8427612655800575,0.15723873441994252,0.045688672185462444,0.042562140173061674,0.13818857011745672,879,0.39999999999999997,4,1.0,0.9394230311453274,8.511770649239214,56.995628871412265,0.029762174405436014,False,False,approved,none
breakdown_low_20,breakdown_low_20,price_volume,daily_bar,"T+0 close-based, usable from next trade day","captures trend, reversal, and price-location effects that may proxy investor under/over-reaction",empirical,aquant_factor_engine,"coverage,IC,RankIC,ICIR,monotonicity,yearly_stability,corr_vif,crowding,leakage_guard",candidate,computed only from current and historical rows; prediction must trade no earlier than next bar,0.9837008628954937,0.016299137104506256,0.056025370864748195,0.040392226357138634,0.16759294211202494,1026,0.7999999999999999,4,1.0,1.0,20.0,9.697246571649243,0.1036504854368932,False,True,watchlist,near_duplicate_factor;crowding_or_cost_watch
breakdown_low_40,breakdown_low_40,price_volume,daily_bar,"T+0 close-based, usable from next trade day","captures trend, reversal, and price-location effects that may proxy investor under/over-reaction",empirical,aquant_factor_engine,"coverage,IC,RankIC,ICIR,monotonicity,yearly_stability,corr_vif,crowding,leakage_guard",candidate,computed only from current and historical rows; prediction must trade no earlier than next bar,0.9712368168744008,0.028763183125599223,0.07953817986902112,0.06856920637769601,0.24606307863841545,1013,0.7999999999999999,4,1.0,0.8961643321117274,5.078991269458226,20.563292998214145,0.0742772861356932,False,False,approved,none
breakdown_low_60,breakdown_low_60,price_volume,daily_bar,"T+0 close-based, usable from next trade day","captures trend, reversal, and price-location effects that may proxy investor under/over-reaction",empirical,aquant_factor_engine,"coverage,IC,RankIC,ICIR,monotonicity,yearly_stability,corr_vif,crowding,leakage_guard",candidate,computed only from current and historical rows; prediction must trade no earlier than next bar,0.9578139980824545,0.04218600191754551,0.07659030159087281,0.06783146783146783,0.23475818771785725,999,0.7999999999999999,4,1.0,1.0,20.0,31.390905425525816,0.06197407776669991,False,True,watchlist,near_duplicate_factor;crowding_or_cost_watch
breakdown_low_120,breakdown_low_120,price_volume,daily_bar,"T+0 close-based, usable from next trade day","captures trend, reversal, and price-location effects that may proxy investor under/over-reaction",empirical,aquant_factor_engine,"coverage,IC,RankIC,ICIR,monotonicity,yearly_stability,corr_vif,crowding,leakage_guard",candidate,computed only from current and historical rows; prediction must trade no earlier than next bar,0.9194630872483222,0.08053691275167785,0.07742553082972109,0.07162132271621323,0.23734217786467068,959,0.8999999999999998,4,1.0,1.0,20.0,54.32945064269275,0.04207684319833853,False,True,watchlist,near_duplicate_factor;crowding_or_cost_watch
breakdown_low_240,breakdown_low_240,price_volume,daily_bar,"T+0 close-based, usable from next trade day","captures trend, reversal, and price-location effects that may proxy investor under/over-reaction",empirical,aquant_factor_engine,"coverage,IC,RankIC,ICIR,monotonicity,yearly_stability,corr_vif,crowding,leakage_guard",candidate,computed only from current and historical rows; prediction must trade no earlier than next bar,0.8427612655800575,0.15723873441994252,0.045713767779478484,0.0556210569862447,0.13226114964738753,879,0.8999999999999998,4,0.75,0.9059216703141569,5.577060475957884,73.52798362337185,0.02998867497168743,False,False,approved,none
amount_mean_5,amount_mean_5,liquidity_flow,daily_bar,"T+0 close-based, usable from next trade day","captures attention, liquidity, and fund-flow pressure",empirical,aquant_factor_engine,"coverage,IC,RankIC,ICIR,monotonicity,yearly_stability,corr_vif,crowding,leakage_guard",candidate,computed only from current and historical rows; prediction must trade no earlier than next bar,0.9923298178331735,0.007670182166826467,0.019614599646853855,0.02356902356902357,0.05688661030266474,1035,0.39999999999999997,4,0.5,0.9540943165944789,11.147770549346182,6.7270355200992356,0.062059672762271416,False,True,watchlist,crowding_or_cost_watch
amount_mean_10,amount_mean_10,liquidity_flow,daily_bar,"T+0 close-based, usable from next trade day","captures attention, liquidity, and fund-flow pressure",empirical,aquant_factor_engine,"coverage,IC,RankIC,ICIR,monotonicity,yearly_stability,corr_vif,crowding,leakage_guard",candidate,computed only from current and historical rows; prediction must trade no earlier than next bar,0.9884947267497604,0.011505273250239645,0.02366726465922305,0.02089762807512565,0.06952710297192452,1031,0.49999999999999994,4,0.5,0.9740399739660579,19.513668978441054,19.676197248008545,0.03246376811594203,False,True,watchlist,crowding_or_cost_watch
amount_mean_20,amount_mean_20,liquidity_flow,daily_bar,"T+0 close-based, usable from next trade day","captures attention, liquidity, and fund-flow pressure",empirical,aquant_factor_engine,"coverage,IC,RankIC,ICIR,monotonicity,yearly_stability,corr_vif,crowding,leakage_guard",candidate,computed only from current and historical rows; prediction must trade no earlier than next bar,0.9837008628954937,0.016299137104506256,0.03356398035221997,0.016634178037686808,0.09923425200349051,1026,0.7,4,0.5,0.9857413051693037,20.0,60.55416757941187,0.017825242718446602,False,True,watchlist,near_duplicate_factor;crowding_or_cost_watch
amount_mean_40,amount_mean_40,liquidity_flow,daily_bar,"T+0 close-based, usable from next trade day","captures attention, liquidity, and fund-flow pressure",empirical,aquant_factor_engine,"coverage,IC,RankIC,ICIR,monotonicity,yearly_stability,corr_vif,crowding,leakage_guard",candidate,computed only from current and historical rows; prediction must trade no earlier than next bar,0.9712368168744008,0.028763183125599223,0.02951123776405556,0.010787041191779593,0.0870944408233645,1013,0.19999999999999998,4,0.5,0.9943635384779281,20.0,191.3727391952737,0.009675516224188791,False,True,watchlist,near_duplicate_factor;crowding_or_cost_watch
amount_mean_60,amount_mean_60,liquidity_flow,daily_bar,"T+0 close-based, usable from next trade day","captures attention, liquidity, and fund-flow pressure",empirical,aquant_factor_engine,"coverage,IC,RankIC,ICIR,monotonicity,yearly_stability,corr_vif,crowding,leakage_guard",candidate,computed only from current and historical rows; prediction must trade no earlier than next bar,0.9578139980824545,0.04218600191754551,0.026051303942053766,0.007468074134740803,0.07717810717439455,999,0.09999999999999999,4,0.5,0.9943635384779281,20.0,252.0,0.005822532402791625,False,True,watchlist,near_duplicate_factor;crowding_or_cost_watch
amount_mean_120,amount_mean_120,liquidity_flow,daily_bar,"T+0 close-based, usable from next trade day","captures attention, liquidity, and fund-flow pressure",empirical,aquant_factor_engine,"coverage,IC,RankIC,ICIR,monotonicity,yearly_stability,corr_vif,crowding,leakage_guard",candidate,computed only from current and historical rows; prediction must trade no earlier than next bar,0.9194630872483222,0.08053691275167785,0.02643803219126387,0.0026858785982873568,0.0777946431571955,959,0.0,4,0.5,0.9900472593377316,20.0,252.0,0.0023883696780893043,False,True,watchlist,near_duplicate_factor;crowding_or_cost_watch
amount_zscore_20,amount_zscore_20,liquidity_flow,daily_bar,"T+0 close-based, usable from next trade day","captures attention, liquidity, and fund-flow pressure",empirical,aquant_factor_engine,"coverage,IC,RankIC,ICIR,monotonicity,yearly_stability,corr_vif,crowding,leakage_guard",candidate,computed only from current and historical rows; prediction must trade no earlier than next bar,0.9837008628954937,0.016299137104506256,0.003038022753911185,0.006226002717230787,0.009313584675531887,1026,0.19999999999999998,4,0.5,0.9806193225479122,20.0,0.1881345996222293,0.32545631067961167,False,True,watchlist,near_duplicate_factor;crowding_or_cost_watch
amount_zscore_60,amount_zscore_60,liquidity_flow,daily_bar,"T+0 close-based, usable from next trade day","captures attention, liquidity, and fund-flow pressure",empirical,aquant_factor_engine,"coverage,IC,RankIC,ICIR,monotonicity,yearly_stability,corr_vif,crowding,leakage_guard",candidate,computed only from current and historical rows; prediction must trade no earlier than next bar,0.9578139980824545,0.04218600191754551,0.015951232624516955,0.01859435192768526,0.04860282542881382,999,0.7,4,0.75,0.9918440753086036,20.0,0.21565744755455962,0.3216350947158524,False,True,watchlist,near_duplicate_factor;crowding_or_cost_watch
amount_percentile_20,amount_percentile_20,liquidity_flow,daily_bar,"T+0 close-based, usable from next trade day","captures attention, liquidity, and fund-flow pressure",empirical,aquant_factor_engine,"coverage,IC,RankIC,ICIR,monotonicity,yearly_stability,corr_vif,crowding,leakage_guard",candidate,computed only from current and historical rows; prediction must trade no earlier than next bar,0.9837008628954937,0.016299137104506256,0.004204675077560763,0.009492542997723112,0.01291581742508272,1026,0.3,4,0.75,0.9806193225479122,20.0,0.18278792896725168,0.32274757281553396,False,True,watchlist,near_duplicate_factor;crowding_or_cost_watch
amount_percentile_60,amount_percentile_60,liquidity_flow,daily_bar,"T+0 close-based, usable from next trade day","captures attention, liquidity, and fund-flow pressure",empirical,aquant_factor_engine,"coverage,IC,RankIC,ICIR,monotonicity,yearly_stability,corr_vif,crowding,leakage_guard",candidate,computed only from current and historical rows; prediction must trade no earlier than next bar,0.9578139980824545,0.04218600191754551,0.01484095368465814,0.016442621884733447,0.045260307946925565,999,0.6,4,0.75,0.9918440753086036,20.0,0.2029259849064083,0.3216251246261216,False,True,watchlist,near_duplicate_factor;crowding_or_cost_watch
turnover_mean_5,turnover_mean_5,liquidity_flow,daily_bar,"T+0 close-based, usable from next trade day","captures attention, liquidity, and fund-flow pressure",empirical,aquant_factor_engine,"coverage,IC,RankIC,ICIR,monotonicity,yearly_stability,corr_vif,crowding,leakage_guard",candidate,computed only from current and historical rows; prediction must trade no earlier than next bar,0.9923298178331735,0.007670182166826467,0.0064477722584392605,0.009316351925047577,0.01944444342955074,1035,0.09999999999999999,4,0.5,0.703967608098478,1.9824371659044207,3.030831412974531,0.1558036573628489,False,True,watchlist,crowding_or_cost_watch
turnover_mean_10,turnover_mean_10,liquidity_flow,daily_bar,"T+0 close-based, usable from next trade day","captures attention, liquidity, and fund-flow pressure",empirical,aquant_factor_engine,"coverage,IC,RankIC,ICIR,monotonicity,yearly_stability,corr_vif,crowding,leakage_guard",candidate,computed only from current and historical rows; prediction must trade no earlier than next bar,0.9884947267497604,0.011505273250239645,-0.007196401082089494,-0.01249154983393587,-0.021299420111759754,1031,-0.7,4,0.5,0.7151495878325261,2.0468270345270647,6.274089716405335,0.11445410628019324,False,True,watchlist,crowding_or_cost_watch
turnover_mean_20,turnover_mean_20,liquidity_flow,daily_bar,"T+0 close-based, usable from next trade day","captures attention, liquidity, and fund-flow pressure",empirical,aquant_factor_engine,"coverage,IC,RankIC,ICIR,monotonicity,yearly_stability,corr_vif,crowding,leakage_guard",candidate,computed only from current and historical rows; prediction must trade no earlier than next bar,0.9837008628954937,0.016299137104506256,0.00035952369292381944,-0.0042294287908322984,0.0010654299222791668,1026,-0.3,4,0.5,0.8887032635372139,4.757226609953906,12.89973106583745,0.08403883495145632,False,True,watchlist,crowding_or_cost_watch
turnover_mean_40,turnover_mean_40,liquidity_flow,daily_bar,"T+0 close-based, usable from next trade day","captures attention, liquidity, and fund-flow pressure",empirical,aquant_factor_engine,"coverage,IC,RankIC,ICIR,monotonicity,yearly_stability,corr_vif,crowding,leakage_guard",candidate,computed only from current and historical rows; prediction must trade no earlier than next bar,0.9712368168744008,0.028763183125599223,-0.011673859539046394,-0.010966526070178588,-0.03574564163048835,1013,0.09999999999999999,4,0.5,0.8067166236614809,2.8636204557277765,23.98980162851836,0.060924287118977384,False,True,watchlist,crowding_or_cost_watch
turnover_mean_60,turnover_mean_60,liquidity_flow,daily_bar,"T+0 close-based, usable from next trade day","captures attention, liquidity, and fund-flow pressure",empirical,aquant_factor_engine,"coverage,IC,RankIC,ICIR,monotonicity,yearly_stability,corr_vif,crowding,leakage_guard",candidate,computed only from current and historical rows; prediction must trade no earlier than next bar,0.9578139980824545,0.04218600191754551,-0.0029660441633710933,-0.018824885491552156,-0.009298552390715142,999,-0.19999999999999998,4,0.5,0.885103440942018,4.616977852772248,33.93316881619766,0.051126620139581254,False,True,watchlist,crowding_or_cost_watch
turnover_mean_120,turnover_mean_120,liquidity_flow,daily_bar,"T+0 close-based, usable from next trade day","captures attention, liquidity, and fund-flow pressure",empirical,aquant_factor_engine,"coverage,IC,RankIC,ICIR,monotonicity,yearly_stability,corr_vif,crowding,leakage_guard",candidate,computed only from current and historical rows; prediction must trade no earlier than next bar,0.9194630872483222,0.08053691275167785,-0.03347282665661456,-0.030277751445634656,-0.10155090344151359,959,-0.3,4,0.0,0.7225348338824017,2.0922978977652584,62.50492426031958,0.033914849428868125,False,True,watchlist,crowding_or_cost_watch
turnover_zscore_20,turnover_zscore_20,liquidity_flow,daily_bar,"T+0 close-based, usable from next trade day","captures attention, liquidity, and fund-flow pressure",empirical,aquant_factor_engine,"coverage,IC,RankIC,ICIR,monotonicity,yearly_stability,corr_vif,crowding,leakage_guard",candidate,computed only from current and historical rows; prediction must trade no earlier than next bar,0.9837008628954937,0.016299137104506256,-0.009199631118490132,-0.009817472975367713,-0.028035969521618843,1026,-0.6,4,0.25,0.980798581260277,20.0,0.1636005793280535,0.3293980582524272,False,True,watchlist,near_duplicate_factor;crowding_or_cost_watch
turnover_zscore_60,turnover_zscore_60,liquidity_flow,daily_bar,"T+0 close-based, usable from next trade day","captures attention, liquidity, and fund-flow pressure",empirical,aquant_factor_engine,"coverage,IC,RankIC,ICIR,monotonicity,yearly_stability,corr_vif,crowding,leakage_guard",candidate,computed only from current and historical rows; prediction must trade no earlier than next bar,0.9578139980824545,0.04218600191754551,-0.008151814446859399,-0.010064610064610065,-0.024980121382218713,999,-0.7999999999999999,4,0.25,0.9931753285040917,20.0,0.1651213011962129,0.32855433698903286,False,True,watchlist,near_duplicate_factor;crowding_or_cost_watch
turnover_percentile_20,turnover_percentile_20,liquidity_flow,daily_bar,"T+0 close-based, usable from next trade day","captures attention, liquidity, and fund-flow pressure",empirical,aquant_factor_engine,"coverage,IC,RankIC,ICIR,monotonicity,yearly_stability,corr_vif,crowding,leakage_guard",candidate,computed only from current and historical rows; prediction must trade no earlier than next bar,0.9837008628954937,0.016299137104506256,-0.013992909811668737,-0.009000961902023178,-0.0422436653768497,1026,-0.7999999999999999,4,0.25,0.980798581260277,20.0,0.17153023142896462,0.3272330097087378,False,True,watchlist,near_duplicate_factor;crowding_or_cost_watch
turnover_percentile_60,turnover_percentile_60,liquidity_flow,daily_bar,"T+0 close-based, usable from next trade day","captures attention, liquidity, and fund-flow pressure",empirical,aquant_factor_engine,"coverage,IC,RankIC,ICIR,monotonicity,yearly_stability,corr_vif,crowding,leakage_guard",candidate,computed only from current and historical rows; prediction must trade no earlier than next bar,0.9578139980824545,0.04218600191754551,-0.009053082857512102,-0.009208826389823255,-0.02766644350380052,999,0.09999999999999999,4,0.25,0.9931753285040917,20.0,0.1739584693635869,0.32922233300099696,False,True,watchlist,near_duplicate_factor;crowding_or_cost_watch
volume_ratio_5_20,volume_ratio_5_20,liquidity_flow,daily_bar,"T+0 close-based, usable from next trade day","captures attention, liquidity, and fund-flow pressure",empirical,aquant_factor_engine,"coverage,IC,RankIC,ICIR,monotonicity,yearly_stability,corr_vif,crowding,leakage_guard",candidate,computed only from current and historical rows; prediction must trade no earlier than next bar,0.9817833173537871,0.0182166826462129,-0.00043851313347326875,0.0028527462121212123,-0.0013344269314080341,1024,-0.19999999999999998,4,0.25,0.9856745972097476,20.0,2.892960585952996,0.15836575875486383,False,True,watchlist,near_duplicate_factor;crowding_or_cost_watch
volume_ratio_10_60,volume_ratio_10_60,liquidity_flow,daily_bar,"T+0 close-based, usable from next trade day","captures attention, liquidity, and fund-flow pressure",empirical,aquant_factor_engine,"coverage,IC,RankIC,ICIR,monotonicity,yearly_stability,corr_vif,crowding,leakage_guard",candidate,computed only from current and historical rows; prediction must trade no earlier than next bar,0.9578139980824545,0.04218600191754551,-0.002045338905191317,-0.0093002093002093,-0.005924738898886689,999,-0.3,4,0.5,0.8980591027379107,5.168229808386945,6.534277879803871,0.1122033898305085,False,True,watchlist,crowding_or_cost_watch
amount_ratio_5_20,amount_ratio_5_20,liquidity_flow,daily_bar,"T+0 close-based, usable from next trade day","captures attention, liquidity, and fund-flow pressure",empirical,aquant_factor_engine,"coverage,IC,RankIC,ICIR,monotonicity,yearly_stability,corr_vif,crowding,leakage_guard",candidate,computed only from current and historical rows; prediction must trade no earlier than next bar,0.9817833173537871,0.0182166826462129,0.011787536534567959,0.013316761363636364,0.0359010602439231,1024,0.49999999999999994,4,0.75,0.9856745972097476,20.0,2.98394082652253,0.15657587548638133,False,True,watchlist,near_duplicate_factor;crowding_or_cost_watch
amount_ratio_10_60,amount_ratio_10_60,liquidity_flow,daily_bar,"T+0 close-based, usable from next trade day","captures attention, liquidity, and fund-flow pressure",empirical,aquant_factor_engine,"coverage,IC,RankIC,ICIR,monotonicity,yearly_stability,corr_vif,crowding,leakage_guard",candidate,computed only from current and historical rows; prediction must trade no earlier than next bar,0.9578139980824545,0.04218600191754551,0.034128708594234246,0.02347195680529014,0.09703004153747735,999,0.49999999999999994,4,0.5,0.8980591027379107,5.168229808386945,7.751184758530125,0.10331006979062814,False,True,watchlist,crowding_or_cost_watch
vwap_bias_5,vwap_bias_5,technical_other,daily_bar,"T+0 close-based, usable from next trade day",technical descriptor; must earn inclusion through out-of-sample evidence,empirical,aquant_factor_engine,"coverage,IC,RankIC,ICIR,monotonicity,yearly_stability,corr_vif,crowding,leakage_guard",candidate,computed only from current and historical rows; prediction must trade no earlier than next bar,0.9923298178331735,0.007670182166826467,0.01166106748573181,0.013977455716586151,0.034204100312884504,1035,0.6,4,0.75,0.9760683942199042,20.0,1.6294771528636396,0.19310875842155922,False,True,watchlist,crowding_or_cost_watch
vwap_bias_20,vwap_bias_20,technical_other,daily_bar,"T+0 close-based, usable from next trade day",technical descriptor; must earn inclusion through out-of-sample evidence,empirical,aquant_factor_engine,"coverage,IC,RankIC,ICIR,monotonicity,yearly_stability,corr_vif,crowding,leakage_guard",candidate,computed only from current and historical rows; prediction must trade no earlier than next bar,0.9837008628954937,0.016299137104506256,0.059046584255636476,0.05174552542973595,0.17962399350547725,1026,0.8999999999999998,4,1.0,0.9954710973245942,20.0,8.335631851733147,0.09600000000000002,False,True,watchlist,near_duplicate_factor;crowding_or_cost_watch
vwap_bias_60,vwap_bias_60,technical_other,daily_bar,"T+0 close-based, usable from next trade day",technical descriptor; must earn inclusion through out-of-sample evidence,empirical,aquant_factor_engine,"coverage,IC,RankIC,ICIR,monotonicity,yearly_stability,corr_vif,crowding,leakage_guard",candidate,computed only from current and historical rows; prediction must trade no earlier than next bar,0.9578139980824545,0.04218600191754551,0.09707771725455741,0.08217308217308218,0.29324595615843896,999,0.9999999999999999,4,1.0,0.9986391145564668,20.0,26.748065794425415,0.05353938185443669,False,True,watchlist,near_duplicate_factor;crowding_or_cost_watch
obv_slope_20,obv_slope_20,liquidity_flow,daily_bar,"T+0 close-based, usable from next trade day","captures attention, liquidity, and fund-flow pressure",empirical,aquant_factor_engine,"coverage,IC,RankIC,ICIR,monotonicity,yearly_stability,corr_vif,crowding,leakage_guard",candidate,computed only from current and historical rows; prediction must trade no earlier than next bar,0.975071907957814,0.024928092042186045,0.034077871624020054,0.011400137063853878,0.10140614342831922,1017,0.09999999999999999,4,0.5,0.019588622624273244,1.000383861429373,0.31898901443247146,0.11034280117531832,False,False,approved,none
obv_slope_60,obv_slope_60,liquidity_flow,daily_bar,"T+0 close-based, usable from next trade day","captures attention, liquidity, and fund-flow pressure",empirical,aquant_factor_engine,"coverage,IC,RankIC,ICIR,monotonicity,yearly_stability,corr_vif,crowding,leakage_guard",candidate,computed only from current and historical rows; prediction must trade no earlier than next bar,0.9367209971236817,0.06327900287631827,-0.02173806298595619,-0.03148165379485748,-0.06262878687457837,977,-0.49999999999999994,4,0.25,0.04632560986587108,1.002150677617232,0.3303947800467588,0.08674821610601427,False,False,watchlist,none
volume_price_corr_20,volume_price_corr_20,liquidity_flow,daily_bar,"T+0 close-based, usable from next trade day","captures attention, liquidity, and fund-flow pressure",empirical,aquant_factor_engine,"coverage,IC,RankIC,ICIR,monotonicity,yearly_stability,corr_vif,crowding,leakage_guard",candidate,computed only from current and historical rows; prediction must trade no earlier than next bar,0.9837008628954937,0.016299137104506256,0.012702185441374319,0.010053753913403038,0.03667352181931345,1026,0.3,4,0.75,0.36741497898215325,1.156061033546557,6.562902402673263,0.10879611650485436,False,True,watchlist,crowding_or_cost_watch
volume_price_corr_60,volume_price_corr_60,liquidity_flow,daily_bar,"T+0 close-based, usable from next trade day","captures attention, liquidity, and fund-flow pressure",empirical,aquant_factor_engine,"coverage,IC,RankIC,ICIR,monotonicity,yearly_stability,corr_vif,crowding,leakage_guard",candidate,computed only from current and historical rows; prediction must trade no earlier than next bar,0.9578139980824545,0.04218600191754551,-0.022079237843950824,-0.023411290077956743,-0.06742079910696189,999,-0.49999999999999994,4,0.25,0.36741497898215325,1.156061033546557,21.600119814082728,0.06303090727816552,False,True,watchlist,crowding_or_cost_watch
return_amount_corr_20,return_amount_corr_20,liquidity_flow,daily_bar,"T+0 close-based, usable from next trade day","captures attention, liquidity, and fund-flow pressure",empirical,aquant_factor_engine,"coverage,IC,RankIC,ICIR,monotonicity,yearly_stability,corr_vif,crowding,leakage_guard",candidate,computed only from current and historical rows; prediction must trade no earlier than next bar,0.9827420901246404,0.01725790987535958,0.022011930464826697,0.016266075388026605,0.06691795788314073,1025,0.49999999999999994,4,0.75,0.5422795515141523,1.4165652528521762,11.786552425234113,0.07041788143828961,False,True,watchlist,crowding_or_cost_watch
return_amount_corr_60,return_amount_corr_60,liquidity_flow,daily_bar,"T+0 close-based, usable from next trade day","captures attention, liquidity, and fund-flow pressure",empirical,aquant_factor_engine,"coverage,IC,RankIC,ICIR,monotonicity,yearly_stability,corr_vif,crowding,leakage_guard",candidate,computed only from current and historical rows; prediction must trade no earlier than next bar,0.9568552253116012,0.043144774688398835,-0.006239706054427217,-0.008659743729884008,-0.01843367710390834,998,-0.3,4,0.25,0.5422795515141523,1.4165652528521762,40.41077428417929,0.03455089820359282,False,True,watchlist,crowding_or_cost_watch
amount_shock_count_20,amount_shock_count_20,liquidity_flow,daily_bar,"T+0 close-based, usable from next trade day","captures attention, liquidity, and fund-flow pressure",empirical,aquant_factor_engine,"coverage,IC,RankIC,ICIR,monotonicity,yearly_stability,corr_vif,crowding,leakage_guard",candidate,computed only from current and historical rows; prediction must trade no earlier than next bar,0.9837008628954937,0.016299137104506256,0.000152139678012678,-0.004810579813042066,0.0004336380986228626,1025,-0.19999999999999998,4,0.5,0.34832890848940196,1.138087617292392,15.377136756082292,0.03960194174757282,False,True,watchlist,crowding_or_cost_watch
amount_shock_count_60,amount_shock_count_60,liquidity_flow,daily_bar,"T+0 close-based, usable from next trade day","captures attention, liquidity, and fund-flow pressure",empirical,aquant_factor_engine,"coverage,IC,RankIC,ICIR,monotonicity,yearly_stability,corr_vif,crowding,leakage_guard",candidate,computed only from current and historical rows; prediction must trade no earlier than next bar,0.9578139980824545,0.04218600191754551,0.04600516476206449,0.039791211405125294,0.13238573241775595,995,0.39999999999999997,4,1.0,0.8331885979865397,3.270145829518564,111.40500469973084,0.01548354935194417,False,True,watchlist,crowding_or_cost_watch
signed_volume_flow_20,signed_volume_flow_20,liquidity_flow,daily_bar,"T+0 close-based, usable from next trade day","captures attention, liquidity, and fund-flow pressure",empirical,aquant_factor_engine,"coverage,IC,RankIC,ICIR,monotonicity,yearly_stability,corr_vif,crowding,leakage_guard",candidate,computed only from current and historical rows; prediction must trade no earlier than next bar,0.9837008628954937,0.016299137104506256,0.037297424064998135,0.0312835961958769,0.11574354887860393,1026,0.3,4,0.75,0.8623216904504378,3.9001361986182443,11.878357299765351,0.08256310679611653,False,True,watchlist,crowding_or_cost_watch
signed_volume_flow_60,signed_volume_flow_60,liquidity_flow,daily_bar,"T+0 close-based, usable from next trade day","captures attention, liquidity, and fund-flow pressure",empirical,aquant_factor_engine,"coverage,IC,RankIC,ICIR,monotonicity,yearly_stability,corr_vif,crowding,leakage_guard",candidate,computed only from current and historical rows; prediction must trade no earlier than next bar,0.9578139980824545,0.04218600191754551,0.07902407152890761,0.062262262262262266,0.23896377127635457,999,0.8999999999999998,4,1.0,0.8744593156079673,4.2495162022591,33.77562844921012,0.04955134596211366,False,True,watchlist,crowding_or_cost_watch
price_volume_trend_20,price_volume_trend_20,liquidity_flow,daily_bar,"T+0 close-based, usable from next trade day","captures attention, liquidity, and fund-flow pressure",empirical,aquant_factor_engine,"coverage,IC,RankIC,ICIR,monotonicity,yearly_stability,corr_vif,crowding,leakage_guard",candidate,computed only from current and historical rows; prediction must trade no earlier than next bar,0.975071907957814,0.024928092042186045,0.006537932300317917,0.00304520127528977,0.02063214225004011,1017,0.49999999999999994,4,0.75,0.04632560986587108,1.002150677617232,0.39811346829821087,0.08946131243878551,False,True,watchlist,crowding_or_cost_watch
price_volume_trend_60,price_volume_trend_60,liquidity_flow,daily_bar,"T+0 close-based, usable from next trade day","captures attention, liquidity, and fund-flow pressure",empirical,aquant_factor_engine,"coverage,IC,RankIC,ICIR,monotonicity,yearly_stability,corr_vif,crowding,leakage_guard",candidate,computed only from current and historical rows; prediction must trade no earlier than next bar,0.9367209971236817,0.06327900287631827,-0.007441751508404036,-0.002996184981855402,-0.022561771069964424,977,-0.3,4,0.5,0.020984953122880498,1.0004405622672075,0.39667074374726224,0.06269113149847094,False,True,watchlist,crowding_or_cost_watch
intraday_return,intraday_return,technical_other,daily_bar,"T+0 close-based, usable from next trade day",technical descriptor; must earn inclusion through out-of-sample evidence,empirical,aquant_factor_engine,"coverage,IC,RankIC,ICIR,monotonicity,yearly_stability,corr_vif,crowding,leakage_guard",candidate,computed only from current and historical rows; prediction must trade no earlier than next bar,0.9952061361457335,0.0047938638542665,-0.0006774758048293377,-0.0028376248029427223,-0.002077215826720724,1038,-0.19999999999999998,4,0.5,0.9890031504381996,20.0,0.16435954798977007,0.33051823416506715,False,True,watchlist,near_duplicate_factor;crowding_or_cost_watch
overnight_return,overnight_return,technical_other,daily_bar,"T+0 close-based, usable from next trade day",technical descriptor; must earn inclusion through out-of-sample evidence,empirical,aquant_factor_engine,"coverage,IC,RankIC,ICIR,monotonicity,yearly_stability,corr_vif,crowding,leakage_guard",candidate,computed only from current and historical rows; prediction must trade no earlier than next bar,0.9942473633748802,0.005752636625119822,0.007007719991890454,0.010268548552058677,0.020940901548955396,1037,0.6,4,0.75,1.0,20.0,0.15850444903184377,0.32835734870317007,False,True,watchlist,near_duplicate_factor;crowding_or_cost_watch
gap_return,gap_return,trend_shape,daily_bar,"T+0 close-based, usable from next trade day",captures candle shape and path behavior linked to supply-demand imbalance,empirical,aquant_factor_engine,"coverage,IC,RankIC,ICIR,monotonicity,yearly_stability,corr_vif,crowding,leakage_guard",candidate,computed only from current and historical rows; prediction must trade no earlier than next bar,0.9942473633748802,0.005752636625119822,0.007007719991890454,0.010268548552058677,0.020940901548955396,1037,0.6,4,0.75,1.0,20.0,0.15850444903184377,0.32835734870317007,False,True,watchlist,near_duplicate_factor;crowding_or_cost_watch
amplitude,amplitude,volatility_risk,daily_bar,"T+0 close-based, usable from next trade day","captures downside risk, instability, and volatility risk premium",empirical,aquant_factor_engine,"coverage,IC,RankIC,ICIR,monotonicity,yearly_stability,corr_vif,crowding,leakage_guard",candidate,computed only from current and historical rows; prediction must trade no earlier than next bar,0.9942473633748802,0.005752636625119822,-0.0021146889971453225,-0.008480172993191315,-0.006447630696169123,1037,-0.49999999999999994,4,0.0,0.9879565371092718,20.0,0.12585221836901703,0.3325456292026897,False,True,watchlist,near_duplicate_factor;crowding_or_cost_watch
atr_pct_5,atr_pct_5,volatility_risk,daily_bar,"T+0 close-based, usable from next trade day","captures downside risk, instability, and volatility risk premium",empirical,aquant_factor_engine,"coverage,IC,RankIC,ICIR,monotonicity,yearly_stability,corr_vif,crowding,leakage_guard",candidate,computed only from current and historical rows; prediction must trade no earlier than next bar,0.9923298178331735,0.007670182166826467,-0.02518770575282846,-0.030666081100863708,-0.07491744409859,1035,-0.7999999999999999,4,0.25,0.9822035722029792,20.0,3.0180478301087965,0.1500481231953802,False,True,watchlist,near_duplicate_factor;crowding_or_cost_watch
atr_pct_10,atr_pct_10,volatility_risk,daily_bar,"T+0 close-based, usable from next trade day","captures downside risk, instability, and volatility risk premium",empirical,aquant_factor_engine,"coverage,IC,RankIC,ICIR,monotonicity,yearly_stability,corr_vif,crowding,leakage_guard",candidate,computed only from current and historical rows; prediction must trade no earlier than next bar,0.9884947267497604,0.011505273250239645,-0.012648655398800706,-0.01339681979837169,-0.03712593031814377,1031,-0.6,4,0.25,0.948275391484025,9.923215950499669,6.165199305647052,0.10960386473429952,False,False,watchlist,none
atr_pct_20,atr_pct_20,volatility_risk,daily_bar,"T+0 close-based, usable from next trade day","captures downside risk, instability, and volatility risk premium",empirical,aquant_factor_engine,"coverage,IC,RankIC,ICIR,monotonicity,yearly_stability,corr_vif,crowding,leakage_guard",candidate,computed only from current and historical rows; prediction must trade no earlier than next bar,0.9837008628954937,0.016299137104506256,-0.015574305654112467,-0.011648650245141473,-0.0443193457647378,1026,-0.3,4,0.5,0.8399736352787848,3.3962281730219153,11.385372413447563,0.08211650485436894,False,False,approved,none
atr_pct_60,atr_pct_60,volatility_risk,daily_bar,"T+0 close-based, usable from next trade day","captures downside risk, instability, and volatility risk premium",empirical,aquant_factor_engine,"coverage,IC,RankIC,ICIR,monotonicity,yearly_stability,corr_vif,crowding,leakage_guard",candidate,computed only from current and historical rows; prediction must trade no earlier than next bar,0.9578139980824545,0.04218600191754551,-0.0804725966494547,-0.06609639942973276,-0.23075340076748438,999,-0.8999999999999998,4,0.0,0.8872444852975545,4.699309438580168,30.487553104450676,0.04909272183449652,False,False,watchlist,none
amplitude_mean_5,amplitude_mean_5,volatility_risk,daily_bar,"T+0 close-based, usable from next trade day","captures downside risk, instability, and volatility risk premium",empirical,aquant_factor_engine,"coverage,IC,RankIC,ICIR,monotonicity,yearly_stability,corr_vif,crowding,leakage_guard",candidate,computed only from current and historical rows; prediction must trade no earlier than next bar,0.9913710450623202,0.00862895493767979,-0.022321569122163033,-0.030549205790985287,-0.06695364867822129,1034,-0.7,4,0.25,0.9822035722029792,20.0,3.0276652779492417,0.15011560693641618,False,True,watchlist,near_duplicate_factor;crowding_or_cost_watch
amplitude_mean_10,amplitude_mean_10,volatility_risk,daily_bar,"T+0 close-based, usable from next trade day","captures downside risk, instability, and volatility risk premium",empirical,aquant_factor_engine,"coverage,IC,RankIC,ICIR,monotonicity,yearly_stability,corr_vif,crowding,leakage_guard",candidate,computed only from current and historical rows; prediction must trade no earlier than next bar,0.987535953978907,0.012464046021092967,-0.0009045914131970945,-0.006613709914680788,-0.002640121083020422,1030,-0.7999999999999999,4,0.25,0.948275391484025,9.923215950499669,6.282413398183878,0.10961315280464216,False,False,watchlist,none
amplitude_mean_20,amplitude_mean_20,volatility_risk,daily_bar,"T+0 close-based, usable from next trade day","captures downside risk, instability, and volatility risk premium",empirical,aquant_factor_engine,"coverage,IC,RankIC,ICIR,monotonicity,yearly_stability,corr_vif,crowding,leakage_guard",candidate,computed only from current and historical rows; prediction must trade no earlier than next bar,0.9827420901246404,0.01725790987535958,0.01529329902507809,0.0072195121951219516,0.044742089699388095,1025,0.3,4,0.75,0.8399736352787848,3.3962281730219153,12.02158811526633,0.07972789115646259,False,False,approved,none
amplitude_mean_60,amplitude_mean_60,volatility_risk,daily_bar,"T+0 close-based, usable from next trade day","captures downside risk, instability, and volatility risk premium",empirical,aquant_factor_engine,"coverage,IC,RankIC,ICIR,monotonicity,yearly_stability,corr_vif,crowding,leakage_guard",candidate,computed only from current and historical rows; prediction must trade no earlier than next bar,0.9568552253116012,0.043144774688398835,0.01585126063144817,0.015206169915588753,0.04696003260389931,998,0.3,4,0.75,0.8312919379225724,3.2367307944976944,30.653997495826776,0.048283433133732546,False,False,approved,none
amplitude_zscore_20,amplitude_zscore_20,volatility_risk,daily_bar,"T+0 close-based, usable from next trade day","captures downside risk, instability, and volatility risk premium",empirical,aquant_factor_engine,"coverage,IC,RankIC,ICIR,monotonicity,yearly_stability,corr_vif,crowding,leakage_guard",candidate,computed only from current and historical rows; prediction must trade no earlier than next bar,0.9827420901246404,0.01725790987535958,-0.004443458783427916,-0.009229859571322985,-0.013754039432229664,1025,-0.6,4,0.25,0.9734367563901355,19.07636756642914,0.14959630846574523,0.33241982507288625,False,True,watchlist,crowding_or_cost_watch
amplitude_zscore_60,amplitude_zscore_60,volatility_risk,daily_bar,"T+0 close-based, usable from next trade day","captures downside risk, instability, and volatility risk premium",empirical,aquant_factor_engine,"coverage,IC,RankIC,ICIR,monotonicity,yearly_stability,corr_vif,crowding,leakage_guard",candidate,computed only from current and historical rows; prediction must trade no earlier than next bar,0.9568552253116012,0.043144774688398835,-0.0052869086765280114,-0.011283172405416894,-0.016261089532926497,998,-0.7,4,0.0,0.9879565371092718,20.0,0.12399630331451085,0.33201596806387224,False,True,watchlist,near_duplicate_factor;crowding_or_cost_watch
bollinger_zscore_20,bollinger_zscore_20,price_volume,daily_bar,"T+0 close-based, usable from next trade day","captures trend, reversal, and price-location effects that may proxy investor under/over-reaction",empirical,aquant_factor_engine,"coverage,IC,RankIC,ICIR,monotonicity,yearly_stability,corr_vif,crowding,leakage_guard",candidate,computed only from current and historical rows; prediction must trade no earlier than next bar,0.9837008628954937,0.016299137104506256,0.048772384103751634,0.04329848189497312,0.1454031457435782,1026,0.8999999999999998,4,1.0,0.9594948755053724,12.599284903967687,5.006226964676174,0.11454368932038836,False,True,watchlist,crowding_or_cost_watch
bollinger_zscore_60,bollinger_zscore_60,price_volume,daily_bar,"T+0 close-based, usable from next trade day","captures trend, reversal, and price-location effects that may proxy investor under/over-reaction",empirical,aquant_factor_engine,"coverage,IC,RankIC,ICIR,monotonicity,yearly_stability,corr_vif,crowding,leakage_guard",candidate,computed only from current and historical rows; prediction must trade no earlier than next bar,0.9578139980824545,0.04218600191754551,0.0899101361565087,0.07406800740134074,0.27302917496738477,999,0.9999999999999999,4,1.0,0.9632225431032185,13.849968082193296,14.797471765528558,0.06833499501495514,False,True,watchlist,crowding_or_cost_watch
bollinger_width_20,bollinger_width_20,price_volume,daily_bar,"T+0 close-based, usable from next trade day","captures trend, reversal, and price-location effects that may proxy investor under/over-reaction",empirical,aquant_factor_engine,"coverage,IC,RankIC,ICIR,monotonicity,yearly_stability,corr_vif,crowding,leakage_guard",candidate,computed only from current and historical rows; prediction must trade no earlier than next bar,0.9837008628954937,0.016299137104506256,0.0006914295689829319,0.012050327839801523,0.0020139778062439346,1026,0.09999999999999999,4,0.5,0.695369322549445,1.9362527309797062,35.34371881141033,0.05238834951456311,False,False,approved,none
bollinger_width_60,bollinger_width_60,price_volume,daily_bar,"T+0 close-based, usable from next trade day","captures trend, reversal, and price-location effects that may proxy investor under/over-reaction",empirical,aquant_factor_engine,"coverage,IC,RankIC,ICIR,monotonicity,yearly_stability,corr_vif,crowding,leakage_guard",candidate,computed only from current and historical rows; prediction must trade no earlier than next bar,0.9578139980824545,0.04218600191754551,-0.011674931007257134,-0.005866472533139199,-0.032504573947578996,999,-0.19999999999999998,4,0.5,0.7499748346515858,2.2855170918777605,252.0,0.016669990029910268,False,False,approved,none
bollinger_breakout_count_20,bollinger_breakout_count_20,price_volume,daily_bar,"T+0 close-based, usable from next trade day","captures trend, reversal, and price-location effects that may proxy investor under/over-reaction",higher_is_better,aquant_factor_engine,"coverage,IC,RankIC,ICIR,monotonicity,yearly_stability,corr_vif,crowding,leakage_guard",candidate,computed only from current and historical rows; prediction must trade no earlier than next bar,0.9837008628954937,0.016299137104506256,0.06256572855701918,0.06439339857735239,0.18380708630292433,1026,0.7,4,1.0,0.6812737171028607,1.8661377501334455,32.35315436765117,0.02624271844660194,False,False,approved,none
bollinger_breakout_count_60,bollinger_breakout_count_60,price_volume,daily_bar,"T+0 close-based, usable from next trade day","captures trend, reversal, and price-location effects that may proxy investor under/over-reaction",higher_is_better,aquant_factor_engine,"coverage,IC,RankIC,ICIR,monotonicity,yearly_stability,corr_vif,crowding,leakage_guard",candidate,computed only from current and historical rows; prediction must trade no earlier than next bar,0.9578139980824545,0.04218600191754551,0.07520130878487012,0.06526238739759348,0.22983911341625013,997,0.9999999999999999,4,1.0,0.7540833493540052,2.3182583825027443,252.0,0.009820538384845463,False,False,approved,none
close_position,close_position,price_volume,daily_bar,"T+0 close-based, usable from next trade day","captures trend, reversal, and price-location effects that may proxy investor under/over-reaction",empirical,aquant_factor_engine,"coverage,IC,RankIC,ICIR,monotonicity,yearly_stability,corr_vif,crowding,leakage_guard",candidate,computed only from current and historical rows; prediction must trade no earlier than next bar,0.9952061361457335,0.0047938638542665,-0.0020657794116417053,-0.0007590354411163662,-0.006255761560120447,1038,-0.3,4,0.5,0.829601837614019,3.2075874477492405,0.16387184153946743,0.3291554702495202,False,False,approved,none
upper_shadow,upper_shadow,trend_shape,daily_bar,"T+0 close-based, usable from next trade day",captures candle shape and path behavior linked to supply-demand imbalance,lower_is_better,aquant_factor_engine,"coverage,IC,RankIC,ICIR,monotonicity,yearly_stability,corr_vif,crowding,leakage_guard",candidate,computed only from current and historical rows; prediction must trade no earlier than next bar,0.9952061361457335,0.0047938638542665,-0.0046290036479334894,-0.007018158463245167,-0.013805675026093115,1038,-0.09999999999999999,4,0.25,0.6495615951118163,1.7298950990063335,0.14955343310717847,0.3297120921305182,False,False,watchlist,none
lower_shadow,lower_shadow,trend_shape,daily_bar,"T+0 close-based, usable from next trade day",captures candle shape and path behavior linked to supply-demand imbalance,empirical,aquant_factor_engine,"coverage,IC,RankIC,ICIR,monotonicity,yearly_stability,corr_vif,crowding,leakage_guard",candidate,computed only from current and historical rows; prediction must trade no earlier than next bar,0.9952061361457335,0.0047938638542665,-0.0064891402597883644,-0.004811116949845273,-0.019318666748784446,1038,-0.3,4,0.25,0.6489502422652244,1.7275227346433364,0.17578114180062465,0.32570057581573897,False,False,watchlist,none
body_size,body_size,trend_shape,daily_bar,"T+0 close-based, usable from next trade day",captures candle shape and path behavior linked to supply-demand imbalance,empirical,aquant_factor_engine,"coverage,IC,RankIC,ICIR,monotonicity,yearly_stability,corr_vif,crowding,leakage_guard",candidate,computed only from current and historical rows; prediction must trade no earlier than next bar,0.9952061361457335,0.0047938638542665,0.009040381936231464,0.0031062065744146663,0.027276482401587702,1038,0.19999999999999998,4,0.75,0.6495615951118163,1.7298950990063335,0.1570322086972045,0.3283493282149712,False,False,approved,none
close_to_high_20,close_to_high_20,technical_other,daily_bar,"T+0 close-based, usable from next trade day",technical descriptor; must earn inclusion through out-of-sample evidence,empirical,aquant_factor_engine,"coverage,IC,RankIC,ICIR,monotonicity,yearly_stability,corr_vif,crowding,leakage_guard",candidate,computed only from current and historical rows; prediction must trade no earlier than next bar,0.9837008628954937,0.016299137104506256,0.054941507840071534,0.04726800165396657,0.16407271360207468,1026,0.8999999999999998,4,1.0,1.0,20.0,9.32934564946237,0.10279611650485436,False,True,watchlist,near_duplicate_factor;crowding_or_cost_watch
close_to_high_60,close_to_high_60,technical_other,daily_bar,"T+0 close-based, usable from next trade day",technical descriptor; must earn inclusion through out-of-sample evidence,empirical,aquant_factor_engine,"coverage,IC,RankIC,ICIR,monotonicity,yearly_stability,corr_vif,crowding,leakage_guard",candidate,computed only from current and historical rows; prediction must trade no earlier than next bar,0.9578139980824545,0.04218600191754551,0.09302327868379778,0.07583947583947584,0.26710137114599236,999,0.9999999999999999,4,1.0,1.0,20.0,27.745733105689,0.06307078763708873,False,True,watchlist,near_duplicate_factor;crowding_or_cost_watch
close_to_high_120,close_to_high_120,technical_other,daily_bar,"T+0 close-based, usable from next trade day",technical descriptor; must earn inclusion through out-of-sample evidence,empirical,aquant_factor_engine,"coverage,IC,RankIC,ICIR,monotonicity,yearly_stability,corr_vif,crowding,leakage_guard",candidate,computed only from current and historical rows; prediction must trade no earlier than next bar,0.9194630872483222,0.08053691275167785,0.08463482272268187,0.08619458400480298,0.2449884486964315,959,0.9999999999999999,4,1.0,1.0,20.0,45.07539638690038,0.042367601246105925,False,True,watchlist,near_duplicate_factor;crowding_or_cost_watch
close_to_low_20,close_to_low_20,technical_other,daily_bar,"T+0 close-based, usable from next trade day",technical descriptor; must earn inclusion through out-of-sample evidence,empirical,aquant_factor_engine,"coverage,IC,RankIC,ICIR,monotonicity,yearly_stability,corr_vif,crowding,leakage_guard",candidate,computed only from current and historical rows; prediction must trade no earlier than next bar,0.9837008628954937,0.016299137104506256,0.056025370864748195,0.040392226357138634,0.16759294211202494,1026,0.7999999999999999,4,1.0,1.0,20.0,9.697246571649243,0.1036504854368932,False,True,watchlist,near_duplicate_factor;crowding_or_cost_watch
close_to_low_60,close_to_low_60,technical_other,daily_bar,"T+0 close-based, usable from next trade day",technical descriptor; must earn inclusion through out-of-sample evidence,empirical,aquant_factor_engine,"coverage,IC,RankIC,ICIR,monotonicity,yearly_stability,corr_vif,crowding,leakage_guard",candidate,computed only from current and historical rows; prediction must trade no earlier than next bar,0.9578139980824545,0.04218600191754551,0.07659030159087281,0.06783146783146783,0.23475818771785725,999,0.7999999999999999,4,1.0,1.0,20.0,31.390905425525816,0.06197407776669991,False,True,watchlist,near_duplicate_factor;crowding_or_cost_watch
close_to_low_120,close_to_low_120,technical_other,daily_bar,"T+0 close-based, usable from next trade day",technical descriptor; must earn inclusion through out-of-sample evidence,empirical,aquant_factor_engine,"coverage,IC,RankIC,ICIR,monotonicity,yearly_stability,corr_vif,crowding,leakage_guard",candidate,computed only from current and historical rows; prediction must trade no earlier than next bar,0.9194630872483222,0.08053691275167785,0.07742553082972109,0.07162132271621323,0.23734217786467068,959,0.8999999999999998,4,1.0,1.0,20.0,54.32945064269275,0.04207684319833853,False,True,watchlist,near_duplicate_factor;crowding_or_cost_watch
return_skew_20,return_skew_20,volatility_risk,daily_bar,"T+0 close-based, usable from next trade day","captures downside risk, instability, and volatility risk premium",empirical,aquant_factor_engine,"coverage,IC,RankIC,ICIR,monotonicity,yearly_stability,corr_vif,crowding,leakage_guard",candidate,computed only from current and historical rows; prediction must trade no earlier than next bar,0.9808245445829339,0.019175455417066112,-0.008989022986350672,-0.0028259130898427094,-0.027043013919220926,1023,0.39999999999999997,4,0.5,0.48194477219238024,1.302542553264469,9.539142174420293,0.08097370983446933,False,False,approved,none
return_skew_60,return_skew_60,volatility_risk,daily_bar,"T+0 close-based, usable from next trade day","captures downside risk, instability, and volatility risk premium",empirical,aquant_factor_engine,"coverage,IC,RankIC,ICIR,monotonicity,yearly_stability,corr_vif,crowding,leakage_guard",candidate,computed only from current and historical rows; prediction must trade no earlier than next bar,0.9568552253116012,0.043144774688398835,0.014500986703377764,0.012594886743183337,0.044166588167534486,998,0.3,4,0.75,0.48194477219238024,1.302542553264469,28.23077203200518,0.0446307385229541,False,False,approved,none
return_kurt_20,return_kurt_20,volatility_risk,daily_bar,"T+0 close-based, usable from next trade day","captures downside risk, instability, and volatility risk premium",empirical,aquant_factor_engine,"coverage,IC,RankIC,ICIR,monotonicity,yearly_stability,corr_vif,crowding,leakage_guard",candidate,computed only from current and historical rows; prediction must trade no earlier than next bar,0.9808245445829339,0.019175455417066112,-0.027448692906397162,-0.025907165496608313,-0.08301175369409812,1023,-0.7999999999999999,4,0.0,0.48851914202652463,1.3134580029919884,7.072327096186713,0.09150925024342747,False,False,watchlist,none
return_kurt_60,return_kurt_60,volatility_risk,daily_bar,"T+0 close-based, usable from next trade day","captures downside risk, instability, and volatility risk premium",empirical,aquant_factor_engine,"coverage,IC,RankIC,ICIR,monotonicity,yearly_stability,corr_vif,crowding,leakage_guard",candidate,computed only from current and historical rows; prediction must trade no earlier than next bar,0.9568552253116012,0.043144774688398835,-0.045919987373629546,-0.0635209813566527,-0.14556818798789997,998,-0.8999999999999998,4,0.0,0.48851914202652463,1.3134580029919884,32.89285824080374,0.04598802395209581,False,False,watchlist,none
amihud_illiquidity_20,amihud_illiquidity_20,liquidity_flow,daily_bar,"T+0 close-based, usable from next trade day","captures attention, liquidity, and fund-flow pressure",lower_is_better,aquant_factor_engine,"coverage,IC,RankIC,ICIR,monotonicity,yearly_stability,corr_vif,crowding,leakage_guard",candidate,computed only from current and historical rows; prediction must trade no earlier than next bar,0.9808245445829339,0.019175455417066112,-0.03826144279778364,-0.0303148789952309,-0.11256500218354747,1023,-0.39999999999999997,4,0.25,0.9088766841435493,5.749004014568108,17.129589131082934,0.03322297955209348,False,False,watchlist,none
amihud_illiquidity_60,amihud_illiquidity_60,liquidity_flow,daily_bar,"T+0 close-based, usable from next trade day","captures attention, liquidity, and fund-flow pressure",lower_is_better,aquant_factor_engine,"coverage,IC,RankIC,ICIR,monotonicity,yearly_stability,corr_vif,crowding,leakage_guard",candidate,computed only from current and historical rows; prediction must trade no earlier than next bar,0.9568552253116012,0.043144774688398835,-0.0404886142332504,-0.024776826380032792,-0.11883542002935396,998,-0.3,4,0.25,0.9088766841435493,5.749004014568108,63.438563299624974,0.013652694610778445,False,False,watchlist,none
limit_up_count_20,limit_up_count_20,trend_shape,daily_bar,"T+0 close-based, usable from next trade day",captures candle shape and path behavior linked to supply-demand imbalance,empirical,aquant_factor_engine,"coverage,IC,RankIC,ICIR,monotonicity,yearly_stability,corr_vif,crowding,leakage_guard",candidate,computed only from current and historical rows; prediction must trade no earlier than next bar,0.9952061361457335,0.0047938638542665,0.0,0.0,0.0,0,0.0,0,0.0,0.0,1.0,0.0,0.0,False,False,quarantine,low_observations;weak_empirical_signal
limit_up_count_60,limit_up_count_60,trend_shape,daily_bar,"T+0 close-based, usable from next trade day",captures candle shape and path behavior linked to supply-demand imbalance,empirical,aquant_factor_engine,"coverage,IC,RankIC,ICIR,monotonicity,yearly_stability,corr_vif,crowding,leakage_guard",candidate,computed only from current and historical rows; prediction must trade no earlier than next bar,0.9952061361457335,0.0047938638542665,0.0,0.0,0.0,0,0.0,0,0.0,0.0,1.0,0.0,0.0,False,False,quarantine,low_observations;weak_empirical_signal
limit_down_count_20,limit_down_count_20,trend_shape,daily_bar,"T+0 close-based, usable from next trade day",captures candle shape and path behavior linked to supply-demand imbalance,lower_is_better,aquant_factor_engine,"coverage,IC,RankIC,ICIR,monotonicity,yearly_stability,corr_vif,crowding,leakage_guard",candidate,computed only from current and historical rows; prediction must trade no earlier than next bar,0.9952061361457335,0.0047938638542665,0.0,0.0,0.0,0,0.0,0,0.0,0.0,1.0,0.0,0.0,False,False,quarantine,low_observations;weak_empirical_signal
limit_down_count_60,limit_down_count_60,trend_shape,daily_bar,"T+0 close-based, usable from next trade day",captures candle shape and path behavior linked to supply-demand imbalance,lower_is_better,aquant_factor_engine,"coverage,IC,RankIC,ICIR,monotonicity,yearly_stability,corr_vif,crowding,leakage_guard",candidate,computed only from current and historical rows; prediction must trade no earlier than next bar,0.9952061361457335,0.0047938638542665,0.0,0.0,0.0,0,0.0,0,0.0,0.0,1.0,0.0,0.0,False,False,quarantine,low_observations;weak_empirical_signal
limit_up_near_5,limit_up_near_5,trend_shape,daily_bar,"T+0 close-based, usable from next trade day",captures candle shape and path behavior linked to supply-demand imbalance,empirical,aquant_factor_engine,"coverage,IC,RankIC,ICIR,monotonicity,yearly_stability,corr_vif,crowding,leakage_guard",candidate,computed only from current and historical rows; prediction must trade no earlier than next bar,0.9952061361457335,0.0047938638542665,0.0,0.0,0.0,0,0.0,0,0.0,0.0,1.0,0.0,0.0,False,False,quarantine,low_observations;weak_empirical_signal
limit_down_near_5,limit_down_near_5,trend_shape,daily_bar,"T+0 close-based, usable from next trade day",captures candle shape and path behavior linked to supply-demand imbalance,lower_is_better,aquant_factor_engine,"coverage,IC,RankIC,ICIR,monotonicity,yearly_stability,corr_vif,crowding,leakage_guard",candidate,computed only from current and historical rows; prediction must trade no earlier than next bar,0.9952061361457335,0.0047938638542665,0.0,0.0,0.0,0,0.0,0,0.0,0.0,1.0,0.0,0.0,False,False,quarantine,low_observations;weak_empirical_signal
gap_up_count_20,gap_up_count_20,trend_shape,daily_bar,"T+0 close-based, usable from next trade day",captures candle shape and path behavior linked to supply-demand imbalance,empirical,aquant_factor_engine,"coverage,IC,RankIC,ICIR,monotonicity,yearly_stability,corr_vif,crowding,leakage_guard",candidate,computed only from current and historical rows; prediction must trade no earlier than next bar,0.9837008628954937,0.016299137104506256,0.0,0.0,0.0,0,0.09999999999999999,0,0.0,0.0,1.0,0.0,0.0,False,False,quarantine,low_observations;weak_empirical_signal
gap_up_count_60,gap_up_count_60,trend_shape,daily_bar,"T+0 close-based, usable from next trade day",captures candle shape and path behavior linked to supply-demand imbalance,empirical,aquant_factor_engine,"coverage,IC,RankIC,ICIR,monotonicity,yearly_stability,corr_vif,crowding,leakage_guard",candidate,computed only from current and historical rows; prediction must trade no earlier than next bar,0.9578139980824545,0.04218600191754551,0.0,0.0,0.0,0,0.3,0,0.0,0.0,1.0,0.0,0.0,False,False,quarantine,low_observations
gap_down_count_20,gap_down_count_20,trend_shape,daily_bar,"T+0 close-based, usable from next trade day",captures candle shape and path behavior linked to supply-demand imbalance,empirical,aquant_factor_engine,"coverage,IC,RankIC,ICIR,monotonicity,yearly_stability,corr_vif,crowding,leakage_guard",candidate,computed only from current and historical rows; prediction must trade no earlier than next bar,0.9837008628954937,0.016299137104506256,0.0,0.0,0.0,0,0.09999999999999999,0,0.0,0.0,1.0,0.0,0.0,False,False,quarantine,low_observations;weak_empirical_signal
gap_down_count_60,gap_down_count_60,trend_shape,daily_bar,"T+0 close-based, usable from next trade day",captures candle shape and path behavior linked to supply-demand imbalance,empirical,aquant_factor_engine,"coverage,IC,RankIC,ICIR,monotonicity,yearly_stability,corr_vif,crowding,leakage_guard",candidate,computed only from current and historical rows; prediction must trade no earlier than next bar,0.9578139980824545,0.04218600191754551,0.0,0.0,0.0,0,0.3,0,0.0,0.0,1.0,0.0,0.0,False,False,quarantine,low_observations
long_upper_shadow_count_20,long_upper_shadow_count_20,trend_shape,daily_bar,"T+0 close-based, usable from next trade day",captures candle shape and path behavior linked to supply-demand imbalance,lower_is_better,aquant_factor_engine,"coverage,IC,RankIC,ICIR,monotonicity,yearly_stability,corr_vif,crowding,leakage_guard",candidate,computed only from current and historical rows; prediction must trade no earlier than next bar,0.9837008628954937,0.016299137104506256,0.0014450614515602082,-0.0017945319465405816,0.004405083119973,1026,-0.39999999999999997,4,0.5,0.6068528677818205,1.582955753478383,12.916929415903212,0.04747572815533981,False,False,approved,none
long_upper_shadow_count_60,long_upper_shadow_count_60,trend_shape,daily_bar,"T+0 close-based, usable from next trade day",captures candle shape and path behavior linked to supply-demand imbalance,lower_is_better,aquant_factor_engine,"coverage,IC,RankIC,ICIR,monotonicity,yearly_stability,corr_vif,crowding,leakage_guard",candidate,computed only from current and historical rows; prediction must trade no earlier than next bar,0.9578139980824545,0.04218600191754551,-0.014394147262734816,-0.018710872295786198,-0.043363852362194547,999,-0.19999999999999998,4,0.25,0.6068528677818205,1.582955753478383,41.163394400386714,0.027367896311066803,False,False,watchlist,none
long_lower_shadow_count_20,long_lower_shadow_count_20,trend_shape,daily_bar,"T+0 close-based, usable from next trade day",captures candle shape and path behavior linked to supply-demand imbalance,empirical,aquant_factor_engine,"coverage,IC,RankIC,ICIR,monotonicity,yearly_stability,corr_vif,crowding,leakage_guard",candidate,computed only from current and historical rows; prediction must trade no earlier than next bar,0.9837008628954937,0.016299137104506256,-0.010563495791974702,-0.0038115226661586156,-0.03275231980840557,1026,-0.49999999999999994,4,0.5,0.5723769021433335,1.4872438753139698,12.424591375450504,0.04863106796116505,False,False,approved,none
long_lower_shadow_count_60,long_lower_shadow_count_60,trend_shape,daily_bar,"T+0 close-based, usable from next trade day",captures candle shape and path behavior linked to supply-demand imbalance,empirical,aquant_factor_engine,"coverage,IC,RankIC,ICIR,monotonicity,yearly_stability,corr_vif,crowding,leakage_guard",candidate,computed only from current and historical rows; prediction must trade no earlier than next bar,0.9578139980824545,0.04218600191754551,-0.03986149515297987,-0.026372466095193562,-0.11917583799748135,999,-0.6,4,0.25,0.5723769021433335,1.4872438753139698,36.100258001020705,0.02880358923230309,False,False,watchlist,none
up_day_ratio_20,up_day_ratio_20,technical_other,daily_bar,"T+0 close-based, usable from next trade day",technical descriptor; must earn inclusion through out-of-sample evidence,empirical,aquant_factor_engine,"coverage,IC,RankIC,ICIR,monotonicity,yearly_stability,corr_vif,crowding,leakage_guard",candidate,computed only from current and historical rows; prediction must trade no earlier than next bar,0.9817833173537871,0.0182166826462129,0.058715707061155684,0.04852290305880777,0.1836570926982257,1024,0.39999999999999997,4,1.0,1.0000000000000007,20.0,12.739965157681183,0.07252918287937743,False,True,watchlist,near_duplicate_factor;crowding_or_cost_watch
up_day_ratio_60,up_day_ratio_60,technical_other,daily_bar,"T+0 close-based, usable from next trade day",technical descriptor; must earn inclusion through out-of-sample evidence,empirical,aquant_factor_engine,"coverage,IC,RankIC,ICIR,monotonicity,yearly_stability,corr_vif,crowding,leakage_guard",candidate,computed only from current and historical rows; prediction must trade no earlier than next bar,0.9578139980824545,0.04218600191754551,0.08576019799887552,0.07259880545558212,0.2594187947167207,999,0.7,4,1.0,0.9993193246522801,20.0,37.35823804398783,0.04099700897308076,False,True,watchlist,near_duplicate_factor;crowding_or_cost_watch
down_day_ratio_20,down_day_ratio_20,technical_other,daily_bar,"T+0 close-based, usable from next trade day",technical descriptor; must earn inclusion through out-of-sample evidence,empirical,aquant_factor_engine,"coverage,IC,RankIC,ICIR,monotonicity,yearly_stability,corr_vif,crowding,leakage_guard",candidate,computed only from current and historical rows; prediction must trade no earlier than next bar,0.9817833173537871,0.0182166826462129,-0.05871570706115571,-0.04852290305880777,-0.18365709269822578,1024,-0.8999999999999998,4,0.0,1.0000000000000007,20.0,12.72047593090618,0.07252918287937743,False,True,watchlist,near_duplicate_factor;crowding_or_cost_watch
down_day_ratio_60,down_day_ratio_60,technical_other,daily_bar,"T+0 close-based, usable from next trade day",technical descriptor; must earn inclusion through out-of-sample evidence,empirical,aquant_factor_engine,"coverage,IC,RankIC,ICIR,monotonicity,yearly_stability,corr_vif,crowding,leakage_guard",candidate,computed only from current and historical rows; prediction must trade no earlier than next bar,0.9578139980824545,0.04218600191754551,-0.08576019799887553,-0.07259880545558212,-0.25941879471672064,999,-0.7,4,0.0,0.9993193246522801,20.0,37.1902449399943,0.04099700897308076,False,True,watchlist,near_duplicate_factor;crowding_or_cost_watch
positive_body_ratio_20,positive_body_ratio_20,trend_shape,daily_bar,"T+0 close-based, usable from next trade day",captures candle shape and path behavior linked to supply-demand imbalance,empirical,aquant_factor_engine,"coverage,IC,RankIC,ICIR,monotonicity,yearly_stability,corr_vif,crowding,leakage_guard",candidate,computed only from current and historical rows; prediction must trade no earlier than next bar,0.9837008628954937,0.016299137104506256,0.06384092392517089,0.059435643812186495,0.18961367733105036,1026,0.8999999999999998,4,1.0,0.8963437285912054,5.087300099147074,12.669940414491117,0.07375728155339806,False,False,approved,none
positive_body_ratio_60,positive_body_ratio_60,trend_shape,daily_bar,"T+0 close-based, usable from next trade day",captures candle shape and path behavior linked to supply-demand imbalance,empirical,aquant_factor_engine,"coverage,IC,RankIC,ICIR,monotonicity,yearly_stability,corr_vif,crowding,leakage_guard",candidate,computed only from current and historical rows; prediction must trade no earlier than next bar,0.9578139980824545,0.04218600191754551,0.07827094325533847,0.06362255261545481,0.22830558012687585,999,0.8999999999999998,4,1.0,0.8952175713309184,5.0356143832195155,35.6683292824525,0.042482552342971096,False,False,approved,none
return_autocorr_20,return_autocorr_20,technical_other,daily_bar,"T+0 close-based, usable from next trade day",technical descriptor; must earn inclusion through out-of-sample evidence,empirical,aquant_factor_engine,"coverage,IC,RankIC,ICIR,monotonicity,yearly_stability,corr_vif,crowding,leakage_guard",candidate,computed only from current and historical rows; prediction must trade no earlier than next bar,0.9827420901246404,0.01725790987535958,0.001846060280969412,0.012541019955654103,0.0056077235662898225,1025,0.3,4,0.75,0.5162510987762331,1.3633547633067826,8.839128891348071,0.08938775510204083,False,False,approved,none
return_autocorr_60,return_autocorr_60,technical_other,daily_bar,"T+0 close-based, usable from next trade day",technical descriptor; must earn inclusion through out-of-sample evidence,empirical,aquant_factor_engine,"coverage,IC,RankIC,ICIR,monotonicity,yearly_stability,corr_vif,crowding,leakage_guard",candidate,computed only from current and historical rows; prediction must trade no earlier than next bar,0.9568552253116012,0.043144774688398835,-0.0074206297862439725,-0.004748891722839619,-0.021837341718348408,998,-0.3,4,0.5,0.5162510987762331,1.3633547633067826,30.036496429636887,0.048323353293413175,False,False,approved,none
downside_tail_return_20,downside_tail_return_20,volatility_risk,daily_bar,"T+0 close-based, usable from next trade day","captures downside risk, instability, and volatility risk premium",empirical,aquant_factor_engine,"coverage,IC,RankIC,ICIR,monotonicity,yearly_stability,corr_vif,crowding,leakage_guard",candidate,computed only from current and historical rows; prediction must trade no earlier than next bar,0.9827420901246404,0.01725790987535958,0.05221112386137563,0.03719733924611973,0.1557662999741087,1025,0.7,4,1.0,0.8213781492527656,3.0737270067848748,8.020188323955685,0.06503401360544218,False,False,approved,none
downside_tail_return_60,downside_tail_return_60,volatility_risk,daily_bar,"T+0 close-based, usable from next trade day","captures downside risk, instability, and volatility risk premium",empirical,aquant_factor_engine,"coverage,IC,RankIC,ICIR,monotonicity,yearly_stability,corr_vif,crowding,leakage_guard",candidate,computed only from current and historical rows; prediction must trade no earlier than next bar,0.9568552253116012,0.043144774688398835,0.06313962055621221,0.05620938847391753,0.17613896145104355,998,0.8999999999999998,4,1.0,0.8184035336302454,3.028324010086936,24.02413627208809,0.03333333333333333,False,False,approved,none
upside_tail_return_20,upside_tail_return_20,volatility_risk,daily_bar,"T+0 close-based, usable from next trade day","captures downside risk, instability, and volatility risk premium",empirical,aquant_factor_engine,"coverage,IC,RankIC,ICIR,monotonicity,yearly_stability,corr_vif,crowding,leakage_guard",candidate,computed only from current and historical rows; prediction must trade no earlier than next bar,0.9827420901246404,0.01725790987535958,0.05082928225179939,0.044186252771618625,0.15167405567554867,1025,0.8999999999999998,4,1.0,0.8069660335690901,2.8669246347187887,7.738158519358865,0.06526724975704568,False,False,approved,none
upside_tail_return_60,upside_tail_return_60,volatility_risk,daily_bar,"T+0 close-based, usable from next trade day","captures downside risk, instability, and volatility risk premium",empirical,aquant_factor_engine,"coverage,IC,RankIC,ICIR,monotonicity,yearly_stability,corr_vif,crowding,leakage_guard",candidate,computed only from current and historical rows; prediction must trade no earlier than next bar,0.9568552253116012,0.043144774688398835,0.07948107800677305,0.08200643711665756,0.22879567387735972,998,0.8999999999999998,4,1.0,0.7959718627621736,2.729043178968913,24.292827096749097,0.03399201596806387,False,False,approved,none
return_abs_mean_20,return_abs_mean_20,technical_other,daily_bar,"T+0 close-based, usable from next trade day",technical descriptor; must earn inclusion through out-of-sample evidence,empirical,aquant_factor_engine,"coverage,IC,RankIC,ICIR,monotonicity,yearly_stability,corr_vif,crowding,leakage_guard",candidate,computed only from current and historical rows; prediction must trade no earlier than next bar,0.9827420901246404,0.01725790987535958,0.016640205181477852,0.011866962305986696,0.05046478804340332,1025,0.3,4,0.5,0.910092765509582,5.823055120998165,12.516509924582094,0.08190476190476191,False,False,approved,none
return_abs_mean_60,return_abs_mean_60,technical_other,daily_bar,"T+0 close-based, usable from next trade day",technical descriptor; must earn inclusion through out-of-sample evidence,empirical,aquant_factor_engine,"coverage,IC,RankIC,ICIR,monotonicity,yearly_stability,corr_vif,crowding,leakage_guard",candidate,computed only from current and historical rows; prediction must trade no earlier than next bar,0.9568552253116012,0.043144774688398835,0.016965523466387435,0.022748527357745796,0.05081322333689508,998,0.09999999999999999,4,0.75,0.9209331785025993,6.584055177366755,34.62424329952554,0.05107784431137725,False,False,approved,none
price_efficiency_20,price_efficiency_20,trend_shape,daily_bar,"T+0 close-based, usable from next trade day",captures candle shape and path behavior linked to supply-demand imbalance,empirical,aquant_factor_engine,"coverage,IC,RankIC,ICIR,monotonicity,yearly_stability,corr_vif,crowding,leakage_guard",candidate,computed only from current and historical rows; prediction must trade no earlier than next bar,0.9760306807286673,0.023969319271332723,0.012368473349694863,0.01928915877835328,0.03516767441793975,1018,0.3,4,0.75,0.9908550085753277,20.0,4.892516177867864,0.13589041095890414,False,True,watchlist,near_duplicate_factor;crowding_or_cost_watch
price_efficiency_60,price_efficiency_60,trend_shape,daily_bar,"T+0 close-based, usable from next trade day",captures candle shape and path behavior linked to supply-demand imbalance,empirical,aquant_factor_engine,"coverage,IC,RankIC,ICIR,monotonicity,yearly_stability,corr_vif,crowding,leakage_guard",candidate,computed only from current and historical rows; prediction must trade no earlier than next bar,0.9376797698945349,0.06232023010546506,0.0005048724851147103,0.0014252959038235117,0.0014803804248356813,978,-0.19999999999999998,4,0.5,0.9982200363439109,20.0,16.76336967177094,0.07592668024439919,False,True,watchlist,near_duplicate_factor;crowding_or_cost_watch
price_efficiency_120,price_efficiency_120,trend_shape,daily_bar,"T+0 close-based, usable from next trade day",captures candle shape and path behavior linked to supply-demand imbalance,empirical,aquant_factor_engine,"coverage,IC,RankIC,ICIR,monotonicity,yearly_stability,corr_vif,crowding,leakage_guard",candidate,computed only from current and historical rows; prediction must trade no earlier than next bar,0.8801534036433365,0.1198465963566635,0.031196312591581624,0.028045157456922164,0.09503514493814662,918,0.49999999999999994,4,0.75,0.9991864954548461,20.0,32.00571391657982,0.05056399132321042,False,True,watchlist,near_duplicate_factor;crowding_or_cost_watch
trend_strength_20,trend_strength_20,trend_shape,daily_bar,"T+0 close-based, usable from next trade day",captures candle shape and path behavior linked to supply-demand imbalance,higher_is_better,aquant_factor_engine,"coverage,IC,RankIC,ICIR,monotonicity,yearly_stability,corr_vif,crowding,leakage_guard",candidate,computed only from current and historical rows; prediction must trade no earlier than next bar,0.9760306807286673,0.023969319271332723,0.01577783697508971,0.020837054235875452,0.045182746243008984,1018,0.09999999999999999,4,0.75,0.9908550085753277,20.0,5.2079217566792355,0.13592954990215267,False,True,watchlist,near_duplicate_factor;crowding_or_cost_watch
trend_strength_60,trend_strength_60,trend_shape,daily_bar,"T+0 close-based, usable from next trade day",captures candle shape and path behavior linked to supply-demand imbalance,higher_is_better,aquant_factor_engine,"coverage,IC,RankIC,ICIR,monotonicity,yearly_stability,corr_vif,crowding,leakage_guard",candidate,computed only from current and historical rows; prediction must trade no earlier than next bar,0.9376797698945349,0.06232023010546506,0.0024930190848576382,0.004660097911631654,0.007313786093876701,978,-0.19999999999999998,4,0.5,0.9982200363439109,20.0,17.17546086832467,0.07570264765784114,False,True,watchlist,near_duplicate_factor;crowding_or_cost_watch
trend_strength_120,trend_strength_120,trend_shape,daily_bar,"T+0 close-based, usable from next trade day",captures candle shape and path behavior linked to supply-demand imbalance,higher_is_better,aquant_factor_engine,"coverage,IC,RankIC,ICIR,monotonicity,yearly_stability,corr_vif,crowding,leakage_guard",candidate,computed only from current and historical rows; prediction must trade no earlier than next bar,0.8801534036433365,0.1198465963566635,0.03321685389466456,0.029920116194626,0.10146342170267492,918,0.49999999999999994,4,0.75,0.9991864954548461,20.0,32.248066955795075,0.050607375271149675,False,True,watchlist,near_duplicate_factor;crowding_or_cost_watch
close_above_ma_ratio_20,close_above_ma_ratio_20,price_volume,daily_bar,"T+0 close-based, usable from next trade day","captures trend, reversal, and price-location effects that may proxy investor under/over-reaction",empirical,aquant_factor_engine,"coverage,IC,RankIC,ICIR,monotonicity,yearly_stability,corr_vif,crowding,leakage_guard",candidate,computed only from current and historical rows; prediction must trade no earlier than next bar,0.9837008628954937,0.016299137104506256,0.08302078731200051,0.07104227643697476,0.25491979732394976,1026,0.8999999999999998,4,1.0,0.8873611616093845,4.703886380674875,122.07850746528504,0.025368932038834953,False,False,approved,none
close_above_ma_ratio_60,close_above_ma_ratio_60,price_volume,daily_bar,"T+0 close-based, usable from next trade day","captures trend, reversal, and price-location effects that may proxy investor under/over-reaction",empirical,aquant_factor_engine,"coverage,IC,RankIC,ICIR,monotonicity,yearly_stability,corr_vif,crowding,leakage_guard",candidate,computed only from current and historical rows; prediction must trade no earlier than next bar,0.9578139980824545,0.04218600191754551,0.0724883318597867,0.06932515013266376,0.21454806492972708,999,0.8999999999999998,4,1.0,0.9021390560011003,5.372152546674866,252.0,0.008873379860418742,False,False,approved,none
ma_alignment_score,ma_alignment_score,price_volume,daily_bar,"T+0 close-based, usable from next trade day","captures trend, reversal, and price-location effects that may proxy investor under/over-reaction",empirical,aquant_factor_engine,"coverage,IC,RankIC,ICIR,monotonicity,yearly_stability,corr_vif,crowding,leakage_guard",candidate,computed only from current and historical rows; prediction must trade no earlier than next bar,0.9952061361457335,0.0047938638542665,0.08258391748076797,0.07372358534159627,0.24951810735925145,1031,0.7999999999999999,4,1.0,0.8710778233509281,4.145534361922795,8.2951656269704,0.060998080614203455,False,False,approved,none
ema_alignment_score,ema_alignment_score,price_volume,daily_bar,"T+0 close-based, usable from next trade day","captures trend, reversal, and price-location effects that may proxy investor under/over-reaction",empirical,aquant_factor_engine,"coverage,IC,RankIC,ICIR,monotonicity,yearly_stability,corr_vif,crowding,leakage_guard",candidate,computed only from current and historical rows; prediction must trade no earlier than next bar,0.9952061361457335,0.0047938638542665,0.09102060590862078,0.08313280408077078,0.2731708668362414,1031,0.8999999999999998,4,1.0,0.8998333759329462,5.254863630231775,11.92218849940829,0.0465067178502879,False,False,approved,none
volume_cv_20,volume_cv_20,liquidity_flow,daily_bar,"T+0 close-based, usable from next trade day","captures attention, liquidity, and fund-flow pressure",empirical,aquant_factor_engine,"coverage,IC,RankIC,ICIR,monotonicity,yearly_stability,corr_vif,crowding,leakage_guard",candidate,computed only from current and historical rows; prediction must trade no earlier than next bar,0.9837008628954937,0.016299137104506256,-0.035642714190356,-0.023072833599149387,-0.11109394000527642,1026,-0.09999999999999999,4,0.25,0.996688552306598,20.0,12.471190792713104,0.07784466019417477,False,True,watchlist,near_duplicate_factor;crowding_or_cost_watch
volume_cv_60,volume_cv_60,liquidity_flow,daily_bar,"T+0 close-based, usable from next trade day","captures attention, liquidity, and fund-flow pressure",empirical,aquant_factor_engine,"coverage,IC,RankIC,ICIR,monotonicity,yearly_stability,corr_vif,crowding,leakage_guard",candidate,computed only from current and historical rows; prediction must trade no earlier than next bar,0.9578139980824545,0.04218600191754551,-0.02512244972021472,-0.019103952437285767,-0.08128775736767424,999,-0.49999999999999994,4,0.25,0.9876312498162408,20.0,36.31179809196094,0.045742771684945165,False,True,watchlist,near_duplicate_factor;crowding_or_cost_watch
amount_cv_20,amount_cv_20,liquidity_flow,daily_bar,"T+0 close-based, usable from next trade day","captures attention, liquidity, and fund-flow pressure",empirical,aquant_factor_engine,"coverage,IC,RankIC,ICIR,monotonicity,yearly_stability,corr_vif,crowding,leakage_guard",candidate,computed only from current and historical rows; prediction must trade no earlier than next bar,0.9837008628954937,0.016299137104506256,-0.03442366993882458,-0.02235217673814165,-0.10744715094806612,1026,-0.39999999999999997,4,0.25,0.996688552306598,20.0,12.36770559891211,0.07992233009708738,False,True,watchlist,near_duplicate_factor;crowding_or_cost_watch
amount_cv_60,amount_cv_60,liquidity_flow,daily_bar,"T+0 close-based, usable from next trade day","captures attention, liquidity, and fund-flow pressure",empirical,aquant_factor_engine,"coverage,IC,RankIC,ICIR,monotonicity,yearly_stability,corr_vif,crowding,leakage_guard",candidate,computed only from current and historical rows; prediction must trade no earlier than next bar,0.9578139980824545,0.04218600191754551,-0.027574822470290423,-0.01929808596475263,-0.08896367624416836,999,-0.6,4,0.25,0.9876312498162408,20.0,37.45017136837986,0.047098703888335,False,True,watchlist,near_duplicate_factor;crowding_or_cost_watch
turnover_cv_20,turnover_cv_20,liquidity_flow,daily_bar,"T+0 close-based, usable from next trade day","captures attention, liquidity, and fund-flow pressure",empirical,aquant_factor_engine,"coverage,IC,RankIC,ICIR,monotonicity,yearly_stability,corr_vif,crowding,leakage_guard",candidate,computed only from current and historical rows; prediction must trade no earlier than next bar,0.9837008628954937,0.016299137104506256,0.021473819927731244,0.01631519877133912,0.06577898475656864,1026,0.7,4,0.5,0.7450528471176121,2.2477150318912873,12.610171772999529,0.08031067961165049,False,True,watchlist,crowding_or_cost_watch
turnover_cv_60,turnover_cv_60,liquidity_flow,daily_bar,"T+0 close-based, usable from next trade day","captures attention, liquidity, and fund-flow pressure",empirical,aquant_factor_engine,"coverage,IC,RankIC,ICIR,monotonicity,yearly_stability,corr_vif,crowding,leakage_guard",candidate,computed only from current and historical rows; prediction must trade no earlier than next bar,0.9578139980824545,0.04218600191754551,0.019480574329464977,0.025740892407559075,0.0596668717840534,999,0.19999999999999998,4,0.75,0.7504330995260443,2.289114402114322,31.637150432826363,0.04853439680957129,False,True,watchlist,crowding_or_cost_watch
amount_crowding_20,amount_crowding_20,liquidity_flow,daily_bar,"T+0 close-based, usable from next trade day","captures attention, liquidity, and fund-flow pressure",lower_is_better,aquant_factor_engine,"coverage,IC,RankIC,ICIR,monotonicity,yearly_stability,corr_vif,crowding,leakage_guard",candidate,computed only from current and historical rows; prediction must trade no earlier than next bar,0.9827420901246404,0.01725790987535958,0.0016334255609878464,0.0052919438285291935,0.005021042216930857,1025,0.0,4,0.75,0.9478783280296671,9.849628164430856,0.2924900345033106,0.3133722060252673,False,True,watchlist,crowding_or_cost_watch
amount_crowding_60,amount_crowding_60,liquidity_flow,daily_bar,"T+0 close-based, usable from next trade day","captures attention, liquidity, and fund-flow pressure",lower_is_better,aquant_factor_engine,"coverage,IC,RankIC,ICIR,monotonicity,yearly_stability,corr_vif,crowding,leakage_guard",candidate,computed only from current and historical rows; prediction must trade no earlier than next bar,0.9568552253116012,0.043144774688398835,0.010973042030860447,0.013432926458978563,0.033814337772236774,998,0.3,4,0.75,0.9837497816607799,20.0,0.2278118176949886,0.3182634730538922,False,True,watchlist,near_duplicate_factor;crowding_or_cost_watch
turnover_crowding_20,turnover_crowding_20,liquidity_flow,daily_bar,"T+0 close-based, usable from next trade day","captures attention, liquidity, and fund-flow pressure",lower_is_better,aquant_factor_engine,"coverage,IC,RankIC,ICIR,monotonicity,yearly_stability,corr_vif,crowding,leakage_guard",candidate,computed only from current and historical rows; prediction must trade no earlier than next bar,0.9827420901246404,0.01725790987535958,-0.010582829094294342,-0.009939393939393939,-0.031637267356463016,1025,-0.39999999999999997,4,0.25,0.9470449416947266,9.698768056844603,0.2571698929062076,0.31865889212827986,False,True,watchlist,crowding_or_cost_watch
turnover_crowding_60,turnover_crowding_60,liquidity_flow,daily_bar,"T+0 close-based, usable from next trade day","captures attention, liquidity, and fund-flow pressure",lower_is_better,aquant_factor_engine,"coverage,IC,RankIC,ICIR,monotonicity,yearly_stability,corr_vif,crowding,leakage_guard",candidate,computed only from current and historical rows; prediction must trade no earlier than next bar,0.9568552253116012,0.043144774688398835,-0.0103546208357578,-0.00807675957976559,-0.03164652999304623,998,-0.39999999999999997,4,0.25,0.9829916110750545,20.0,0.1992444087554403,0.32477045908183627,False,True,watchlist,near_duplicate_factor;crowding_or_cost_watch
shrinkage_breakout_20,shrinkage_breakout_20,price_volume,daily_bar,"T+0 close-based, usable from next trade day","captures trend, reversal, and price-location effects that may proxy investor under/over-reaction",higher_is_better,aquant_factor_engine,"coverage,IC,RankIC,ICIR,monotonicity,yearly_stability,corr_vif,crowding,leakage_guard",candidate,computed only from current and historical rows; prediction must trade no earlier than next bar,0.9952061361457335,0.0047938638542665,0.0055992204581810714,-0.00370016068091781,0.01831987454454167,275,0.3,4,0.5,0.39910840272681597,1.1894672915796842,0.4585130507725381,0.0369865642994242,False,False,approved,none
shrinkage_breakout_60,shrinkage_breakout_60,price_volume,daily_bar,"T+0 close-based, usable from next trade day","captures trend, reversal, and price-location effects that may proxy investor under/over-reaction",higher_is_better,aquant_factor_engine,"coverage,IC,RankIC,ICIR,monotonicity,yearly_stability,corr_vif,crowding,leakage_guard",candidate,computed only from current and historical rows; prediction must trade no earlier than next bar,0.9952061361457335,0.0047938638542665,0.022413926290737903,0.008791800805843327,0.0666842045049726,165,0.3,4,0.5,0.39910840272681597,1.1894672915796842,0.4636379185377851,0.021314779270633404,False,False,approved,none
stalled_up_volume_20,stalled_up_volume_20,liquidity_flow,daily_bar,"T+0 close-based, usable from next trade day","captures attention, liquidity, and fund-flow pressure",empirical,aquant_factor_engine,"coverage,IC,RankIC,ICIR,monotonicity,yearly_stability,corr_vif,crowding,leakage_guard",candidate,computed only from current and historical rows; prediction must trade no earlier than next bar,0.9837008628954937,0.016299137104506256,0.00432247092354033,0.014973288887321473,0.012499124134308403,1026,-0.09999999999999999,4,0.75,0.4458718200030431,1.2481304252376244,13.36856975588568,0.03436893203883495,False,True,watchlist,crowding_or_cost_watch
stalled_up_volume_60,stalled_up_volume_60,liquidity_flow,daily_bar,"T+0 close-based, usable from next trade day","captures attention, liquidity, and fund-flow pressure",empirical,aquant_factor_engine,"coverage,IC,RankIC,ICIR,monotonicity,yearly_stability,corr_vif,crowding,leakage_guard",candidate,computed only from current and historical rows; prediction must trade no earlier than next bar,0.9578139980824545,0.04218600191754551,0.041267480442779,0.04495860028593054,0.1241485502076792,994,0.49999999999999994,4,0.75,0.5388588804522519,1.4091828700789242,50.70655176173179,0.018893320039880358,False,True,watchlist,crowding_or_cost_watch
low_volume_pullback_20,low_volume_pullback_20,liquidity_flow,daily_bar,"T+0 close-based, usable from next trade day","captures attention, liquidity, and fund-flow pressure",empirical,aquant_factor_engine,"coverage,IC,RankIC,ICIR,monotonicity,yearly_stability,corr_vif,crowding,leakage_guard",candidate,computed only from current and historical rows; prediction must trade no earlier than next bar,0.9837008628954937,0.016299137104506256,-0.04455358722586437,-0.036486058875099946,-0.1326595575828395,1026,-0.49999999999999994,4,0.0,0.5276119061896808,1.385760003612615,13.284189219299147,0.06404854368932039,False,True,watchlist,crowding_or_cost_watch
low_volume_pullback_60,low_volume_pullback_60,liquidity_flow,daily_bar,"T+0 close-based, usable from next trade day","captures attention, liquidity, and fund-flow pressure",empirical,aquant_factor_engine,"coverage,IC,RankIC,ICIR,monotonicity,yearly_stability,corr_vif,crowding,leakage_guard",candidate,computed only from current and historical rows; prediction must trade no earlier than next bar,0.9578139980824545,0.04218600191754551,-0.055844098959578925,-0.04505468773991741,-0.16645933398208812,999,-0.9999999999999999,4,0.25,0.576034050624816,1.4965920223345415,52.93618590574667,0.03457627118644069,False,True,watchlist,crowding_or_cost_watch
volatility_contraction_20,volatility_contraction_20,volatility_risk,daily_bar,"T+0 close-based, usable from next trade day","captures downside risk, instability, and volatility risk premium",lower_is_better,aquant_factor_engine,"coverage,IC,RankIC,ICIR,monotonicity,yearly_stability,corr_vif,crowding,leakage_guard",candidate,computed only from current and historical rows; prediction must trade no earlier than next bar,0.9185043144774688,0.08149568552253117,0.005484910690219915,-0.00213829316125767,0.01618526010767604,958,-0.09999999999999999,4,0.5,0.9164234736910215,6.243443725869599,11.600407719394271,0.07688149688149688,False,False,approved,none
volatility_contraction_60,volatility_contraction_60,volatility_risk,daily_bar,"T+0 close-based, usable from next trade day","captures downside risk, instability, and volatility risk premium",lower_is_better,aquant_factor_engine,"coverage,IC,RankIC,ICIR,monotonicity,yearly_stability,corr_vif,crowding,leakage_guard",candidate,computed only from current and historical rows; prediction must trade no earlier than next bar,0.9185043144774688,0.08149568552253117,0.005487066603794348,0.006073258682862024,0.017399651525023315,958,0.3,4,0.5,0.7092060286714881,2.011963906375946,25.407282345350243,0.054553014553014555,False,False,approved,none
atr_contraction_20_60,atr_contraction_20_60,volatility_risk,daily_bar,"T+0 close-based, usable from next trade day","captures downside risk, instability, and volatility risk premium",empirical,aquant_factor_engine,"coverage,IC,RankIC,ICIR,monotonicity,yearly_stability,corr_vif,crowding,leakage_guard",candidate,computed only from current and historical rows; prediction must trade no earlier than next bar,0.9578139980824545,0.04218600191754551,0.06784110725333774,0.0564018564018564,0.21388955293869916,999,0.7999999999999999,4,1.0,0.714783526436341,2.0446364153192653,16.90532044297662,0.06731804586241277,False,False,approved,none
range_compression_20,range_compression_20,volatility_risk,daily_bar,"T+0 close-based, usable from next trade day","captures downside risk, instability, and volatility risk premium",empirical,aquant_factor_engine,"coverage,IC,RankIC,ICIR,monotonicity,yearly_stability,corr_vif,crowding,leakage_guard",candidate,computed only from current and historical rows; prediction must trade no earlier than next bar,0.9568552253116012,0.043144774688398835,0.013139944563159804,0.011271026902289427,0.04100431265087639,998,0.8999999999999998,4,0.5,0.825780389799025,3.1437964858419307,10.859135284612194,0.08742514970059881,False,False,approved,none
range_compression_60,range_compression_60,volatility_risk,daily_bar,"T+0 close-based, usable from next trade day","captures downside risk, instability, and volatility risk premium",empirical,aquant_factor_engine,"coverage,IC,RankIC,ICIR,monotonicity,yearly_stability,corr_vif,crowding,leakage_guard",candidate,computed only from current and historical rows; prediction must trade no earlier than next bar,0.9568552253116012,0.043144774688398835,0.0,0.0,0.0,0,0.3,0,0.0,0.0,1.0,0.0,0.0,False,False,quarantine,low_observations
up_streak,up_streak,trend_shape,daily_bar,"T+0 close-based, usable from next trade day",captures candle shape and path behavior linked to supply-demand imbalance,empirical,aquant_factor_engine,"coverage,IC,RankIC,ICIR,monotonicity,yearly_stability,corr_vif,crowding,leakage_guard",candidate,computed only from current and historical rows; prediction must trade no earlier than next bar,0.9952061361457335,0.0047938638542665,0.008762273918826807,0.005949289074871776,0.02656839380212295,1037,0.0,4,0.75,0.6324758648097686,1.6667381129705705,0.928739763253047,0.2470345489443378,False,False,approved,none
down_streak,down_streak,trend_shape,daily_bar,"T+0 close-based, usable from next trade day",captures candle shape and path behavior linked to supply-demand imbalance,empirical,aquant_factor_engine,"coverage,IC,RankIC,ICIR,monotonicity,yearly_stability,corr_vif,crowding,leakage_guard",candidate,computed only from current and historical rows; prediction must trade no earlier than next bar,0.9952061361457335,0.0047938638542665,0.00578118974657879,0.0030632815736360047,0.017290771456239456,1035,0.0,4,0.75,0.632259921578142,1.6659797511007468,0.9196573888197725,0.24833013435700574,False,False,approved,none
new_high_distance_60,new_high_distance_60,technical_other,daily_bar,"T+0 close-based, usable from next trade day",technical descriptor; must earn inclusion through out-of-sample evidence,empirical,aquant_factor_engine,"coverage,IC,RankIC,ICIR,monotonicity,yearly_stability,corr_vif,crowding,leakage_guard",candidate,computed only from current and historical rows; prediction must trade no earlier than next bar,0.9578139980824545,0.04218600191754551,0.09302327868379778,0.07583947583947584,0.26710137114599236,999,0.9999999999999999,4,1.0,1.0,20.0,27.745733105689,0.06307078763708873,False,True,watchlist,near_duplicate_factor;crowding_or_cost_watch
new_low_distance_60,new_low_distance_60,technical_other,daily_bar,"T+0 close-based, usable from next trade day",technical descriptor; must earn inclusion through out-of-sample evidence,empirical,aquant_factor_engine,"coverage,IC,RankIC,ICIR,monotonicity,yearly_stability,corr_vif,crowding,leakage_guard",candidate,computed only from current and historical rows; prediction must trade no earlier than next bar,0.9578139980824545,0.04218600191754551,0.07659030159087281,0.06783146783146783,0.23475818771785725,999,0.7999999999999999,4,1.0,1.0,20.0,31.390905425525816,0.06197407776669991,False,True,watchlist,near_duplicate_factor;crowding_or_cost_watch
cs_momentum_rank_20,cs_momentum_rank_20,price_volume,daily_bar,"T+0 close-based, usable from next trade day","captures trend, reversal, and price-location effects that may proxy investor under/over-reaction",higher_is_better,aquant_factor_engine,"coverage,IC,RankIC,ICIR,monotonicity,yearly_stability,corr_vif,crowding,leakage_guard",candidate,computed only from current and historical rows; prediction must trade no earlier than next bar,0.9760306807286673,0.023969319271332723,0.06624161318121455,0.05659343930463773,0.20374142528783287,1018,0.9999999999999999,4,1.0,0.9011221402775094,5.319746323827253,7.230531225461681,0.0765362035225049,False,False,approved,none
cs_momentum_rank_60,cs_momentum_rank_60,price_volume,daily_bar,"T+0 close-based, usable from next trade day","captures trend, reversal, and price-location effects that may proxy investor under/over-reaction",higher_is_better,aquant_factor_engine,"coverage,IC,RankIC,ICIR,monotonicity,yearly_stability,corr_vif,crowding,leakage_guard",candidate,computed only from current and historical rows; prediction must trade no earlier than next bar,0.9376797698945349,0.06232023010546506,0.08422787714211176,0.0777220053293673,0.24783334017632072,978,0.9999999999999999,4,1.0,0.9114934143374676,5.910872706599284,14.970138565981111,0.040488798370672104,False,False,approved,none
cs_momentum_rank_120,cs_momentum_rank_120,price_volume,daily_bar,"T+0 close-based, usable from next trade day","captures trend, reversal, and price-location effects that may proxy investor under/over-reaction",higher_is_better,aquant_factor_engine,"coverage,IC,RankIC,ICIR,monotonicity,yearly_stability,corr_vif,crowding,leakage_guard",candidate,computed only from current and historical rows; prediction must trade no earlier than next bar,0.8801534036433365,0.1198465963566635,0.07327719461597851,0.06469928038555489,0.22513688989938357,918,0.8999999999999998,4,1.0,0.9143113071818196,6.096266130190216,18.67477995697129,0.026182212581344906,False,False,approved,none
cs_reversal_rank_5,cs_reversal_rank_5,price_volume,daily_bar,"T+0 close-based, usable from next trade day","captures trend, reversal, and price-location effects that may proxy investor under/over-reaction",empirical,aquant_factor_engine,"coverage,IC,RankIC,ICIR,monotonicity,yearly_stability,corr_vif,crowding,leakage_guard",candidate,computed only from current and historical rows; prediction must trade no earlier than next bar,0.9904122722914669,0.009587727708533111,-0.021525708694133915,-0.020563818240488134,-0.06319052432377478,1033,-0.8999999999999998,4,0.25,0.8893603254873618,4.783814370914229,2.1913023993872525,0.15205400192864033,False,False,watchlist,none
cs_volatility_rank_20,cs_volatility_rank_20,volatility_risk,daily_bar,"T+0 close-based, usable from next trade day","captures downside risk, instability, and volatility risk premium",lower_is_better,aquant_factor_engine,"coverage,IC,RankIC,ICIR,monotonicity,yearly_stability,corr_vif,crowding,leakage_guard",candidate,computed only from current and historical rows; prediction must trade no earlier than next bar,0.9827420901246404,0.01725790987535958,-0.007373488715157353,-0.006805617147080561,-0.021611676096471938,1025,0.0,4,0.25,0.8780378484513205,4.3658678138547025,6.552621268093947,0.07601554907677356,False,False,watchlist,none
cs_volatility_rank_60,cs_volatility_rank_60,volatility_risk,daily_bar,"T+0 close-based, usable from next trade day","captures downside risk, instability, and volatility risk premium",lower_is_better,aquant_factor_engine,"coverage,IC,RankIC,ICIR,monotonicity,yearly_stability,corr_vif,crowding,leakage_guard",candidate,computed only from current and historical rows; prediction must trade no earlier than next bar,0.9568552253116012,0.043144774688398835,0.0012475539973928749,0.006862209267018886,0.003754232875487524,998,-0.3,4,0.75,0.8853908961864884,4.627852171236168,13.271210681167434,0.04491017964071856,False,False,approved,none
cs_amount_rank_20,cs_amount_rank_20,liquidity_flow,daily_bar,"T+0 close-based, usable from next trade day","captures attention, liquidity, and fund-flow pressure",empirical,aquant_factor_engine,"coverage,IC,RankIC,ICIR,monotonicity,yearly_stability,corr_vif,crowding,leakage_guard",candidate,computed only from current and historical rows; prediction must trade no earlier than next bar,0.9837008628954937,0.016299137104506256,0.018807040184011893,0.016634178037686808,0.055161333700834835,1026,0.7,4,0.5,0.9508242424242445,10.4239134561736,14.348089025481913,0.017825242718446602,False,True,watchlist,crowding_or_cost_watch
cs_amount_rank_60,cs_amount_rank_60,liquidity_flow,daily_bar,"T+0 close-based, usable from next trade day","captures attention, liquidity, and fund-flow pressure",empirical,aquant_factor_engine,"coverage,IC,RankIC,ICIR,monotonicity,yearly_stability,corr_vif,crowding,leakage_guard",candidate,computed only from current and historical rows; prediction must trade no earlier than next bar,0.9578139980824545,0.04218600191754551,0.009598873328786778,0.007468074134740803,0.027859417674983154,999,0.09999999999999999,4,0.5,0.9508242424242445,10.4239134561736,28.89267058512502,0.005822532402791625,False,True,watchlist,crowding_or_cost_watch
cs_turnover_rank_20,cs_turnover_rank_20,liquidity_flow,daily_bar,"T+0 close-based, usable from next trade day","captures attention, liquidity, and fund-flow pressure",empirical,aquant_factor_engine,"coverage,IC,RankIC,ICIR,monotonicity,yearly_stability,corr_vif,crowding,leakage_guard",candidate,computed only from current and historical rows; prediction must trade no earlier than next bar,0.9837008628954937,0.016299137104506256,-0.008182300367848575,-0.0042294287908322984,-0.02422891346174432,1026,-0.3,4,0.5,0.8887032635372139,4.757226609953906,6.411085401469991,0.08403883495145632,False,True,watchlist,crowding_or_cost_watch
cs_turnover_rank_60,cs_turnover_rank_60,liquidity_flow,daily_bar,"T+0 close-based, usable from next trade day","captures attention, liquidity, and fund-flow pressure",empirical,aquant_factor_engine,"coverage,IC,RankIC,ICIR,monotonicity,yearly_stability,corr_vif,crowding,leakage_guard",candidate,computed only from current and historical rows; prediction must trade no earlier than next bar,0.9578139980824545,0.04218600191754551,-0.01551130924298656,-0.018824885491552156,-0.047848702681011705,999,-0.19999999999999998,4,0.5,0.885103440942018,4.616977852772248,12.004499096624873,0.051126620139581254,False,True,watchlist,crowding_or_cost_watch
cs_liquidity_risk_score,cs_liquidity_risk_score,market_environment,daily_bar,"T+0 close-based, usable from next trade day",captures cross-sectional and broad-market state that changes factor payoffs,control_or_regime_dependent,aquant_factor_engine,"coverage,IC,RankIC,ICIR,monotonicity,yearly_stability,corr_vif,crowding,leakage_guard",candidate,computed only from current and historical rows; prediction must trade no earlier than next bar,0.9837008628954937,0.016299137104506256,0.004686125376561865,-0.0009391488830663078,0.01425848019784218,1026,-0.09999999999999999,4,0.5,0.5998523723978028,1.5620676701219196,7.400689152770717,0.08958252427184465,False,False,quarantine,weak_empirical_signal
market_breadth,market_breadth,market_environment,daily_bar,"T+0 close-based, usable from next trade day",captures cross-sectional and broad-market state that changes factor payoffs,higher_is_better,aquant_factor_engine,"coverage,IC,RankIC,ICIR,monotonicity,yearly_stability,corr_vif,crowding,leakage_guard",candidate,computed only from current and historical rows; prediction must trade no earlier than next bar,0.9952061361457335,0.0047938638542665,0.0,0.0,0.0,0,0.0,0,0.0,0.7983045412061748,2.757024585455683,0.0,0.0,False,False,quarantine,low_observations;weak_empirical_signal
market_mean_return,market_mean_return,market_environment,daily_bar,"T+0 close-based, usable from next trade day",captures cross-sectional and broad-market state that changes factor payoffs,control_or_regime_dependent,aquant_factor_engine,"coverage,IC,RankIC,ICIR,monotonicity,yearly_stability,corr_vif,crowding,leakage_guard",candidate,computed only from current and historical rows; prediction must trade no earlier than next bar,0.9942473633748802,0.005752636625119822,0.0,0.0,0.0,0,0.0,0,0.0,0.7983045412061748,2.757024585455683,0.0,0.0,False,False,quarantine,low_observations;weak_empirical_signal
