event_id,source,source_url,published_at,fetched_at,related_symbols,symbol,title,summary,entity_link_method,entity_link_confidence,entity_link_keywords,event_type,sentiment,impact_score,confidence,source_category,source_reliability,weighted_impact_score,source_text_status,source_text_length,source_text_hash,effective_date,raw_hash,quality_flag
4243375d9f9e6589,cninfo_disclosure,http://www.cninfo.com.cn/new/disclosure/detail?stockCode=601899&announcementId=1225357786&orgId=9900004143&announcementTime=2026-06-09 00:00:00,2026-06-09,2026-06-13T18:13:18,601899,601899,紫金矿业集团股份有限公司第九届董事会临时会议决议公告,紫金矿业集团股份有限公司第九届董事会临时会议决议公告,explicit_symbol,1.0,601899,general_news,neutral,0.0,0.35,official_disclosure,0.95,0.0,not_available,0,,2026-06-09,4243375d9f9e658916455263e8bcc5a4f78540b5,ok
880cadd6867e3307,cninfo_disclosure,http://www.cninfo.com.cn/new/disclosure/detail?stockCode=601899&announcementId=1225355503&orgId=9900004143&announcementTime=2026-06-06 00:00:00,2026-06-06,2026-06-13T18:13:18,601899,601899,紫金矿业集团股份有限公司第九届董事会临时会议决议公告,紫金矿业集团股份有限公司第九届董事会临时会议决议公告,explicit_symbol,1.0,601899,general_news,neutral,0.0,0.35,official_disclosure,0.95,0.0,not_available,0,,2026-06-06,880cadd6867e33079b24cb9001c12a9d90c582ea,ok
72ceeab4653f5d0e,cninfo_disclosure,http://www.cninfo.com.cn/new/disclosure/detail?stockCode=601899&announcementId=1225355500&orgId=9900004143&announcementTime=2026-06-06 00:00:00,2026-06-06,2026-06-13T18:13:18,601899,601899,福建至理律师事务所关于紫金矿业集团股份有限公司2025年年度股东会的法律意见书,福建至理律师事务所关于紫金矿业集团股份有限公司2025年年度股东会的法律意见书,explicit_symbol,1.0,601899,shareholder_change,neutral,-0.15,0.63,official_disclosure,0.95,-0.089775,not_available,0,,2026-06-06,72ceeab4653f5d0e9f9b30fbf0d66372865dd7e7,ok
c2346af317d840b6,cninfo_disclosure,http://www.cninfo.com.cn/new/disclosure/detail?stockCode=601899&announcementId=1225355497&orgId=9900004143&announcementTime=2026-06-06 00:00:00,2026-06-06,2026-06-13T18:13:18,601899,601899,紫金矿业集团股份有限公司2025年年度股东会决议公告,紫金矿业集团股份有限公司2025年年度股东会决议公告,explicit_symbol,1.0,601899,shareholder_change,neutral,-0.15,0.63,official_disclosure,0.95,-0.089775,not_available,0,,2026-06-06,c2346af317d840b66d20de4cbc58d10e39898f9b,ok
a5112e4436ec5f8d,cninfo_disclosure,http://www.cninfo.com.cn/new/disclosure/detail?stockCode=601899&announcementId=1225355495&orgId=9900004143&announcementTime=2026-06-06 00:00:00,2026-06-06,2026-06-13T18:13:18,601899,601899,紫金矿业集团股份有限公司债务融资工具信息披露事务管理制度,紫金矿业集团股份有限公司债务融资工具信息披露事务管理制度,explicit_symbol,1.0,601899,fund_flow,neutral,0.15,0.63,official_disclosure,0.95,0.089775,not_available,0,,2026-06-06,a5112e4436ec5f8d2e314bdb05058f4d253ccc49,ok
d8f32a95c80e91ef,cninfo_disclosure,http://www.cninfo.com.cn/new/disclosure/detail?stockCode=601899&announcementId=1225355459&orgId=9900004143&announcementTime=2026-06-06 00:00:00,2026-06-06,2026-06-13T18:13:18,601899,601899,紫金矿业集团股份有限公司内幕信息及知情人管理制度,紫金矿业集团股份有限公司内幕信息及知情人管理制度,explicit_symbol,1.0,601899,general_news,neutral,0.0,0.35,official_disclosure,0.95,0.0,not_available,0,,2026-06-06,d8f32a95c80e91ef09563056f9a73de55bbad4d2,ok
3fea6fd6fe8481d5,cninfo_disclosure,http://www.cninfo.com.cn/new/disclosure/detail?stockCode=601899&announcementId=1225347320&orgId=9900004143&announcementTime=2026-06-03 00:00:00,2026-06-03,2026-06-13T18:13:18,601899,601899,紫金矿业集团股份有限公司关于调整2025年年度股东会现场会议召开地点的公告,紫金矿业集团股份有限公司关于调整2025年年度股东会现场会议召开地点的公告,explicit_symbol,1.0,601899,shareholder_change,neutral,-0.15,0.63,official_disclosure,0.95,-0.089775,not_available,0,,2026-06-03,3fea6fd6fe8481d5f7005145699874ba0b8006e1,ok
29c9761c18206b43,cninfo_disclosure,http://www.cninfo.com.cn/new/disclosure/detail?stockCode=601899&announcementId=1225339211&orgId=9900004143&announcementTime=2026-05-30 00:00:00,2026-05-30,2026-06-13T18:13:18,601899,601899,紫金矿业H股市场公告,紫金矿业H股市场公告,explicit_symbol,1.0,601899,general_news,neutral,0.0,0.35,official_disclosure,0.95,0.0,not_available,0,,2026-05-30,29c9761c18206b4337c7eb0b3742b4eb9352e5c9,ok
8759323cfe5cdbce,cninfo_disclosure,http://www.cninfo.com.cn/new/disclosure/detail?stockCode=601899&announcementId=1225331065&orgId=9900004143&announcementTime=2026-05-27 00:00:00,2026-05-27,2026-06-13T18:13:18,601899,601899,紫金矿业集团股份有限公司2025年年度股东会会议材料,紫金矿业集团股份有限公司2025年年度股东会会议材料,explicit_symbol,1.0,601899,shareholder_change,neutral,-0.15,0.63,official_disclosure,0.95,-0.089775,not_available,0,,2026-05-27,8759323cfe5cdbce40c25518fecfa3a2c5c64b2f,ok
8b22f1ed42c744c9,cninfo_disclosure,http://www.cninfo.com.cn/new/disclosure/detail?stockCode=601899&announcementId=1225309069&orgId=9900004143&announcementTime=2026-05-16 00:00:00,2026-05-16,2026-06-13T18:13:18,601899,601899,紫金矿业集团股份有限公司关于召开2025年年度股东会的通知,紫金矿业集团股份有限公司关于召开2025年年度股东会的通知,explicit_symbol,1.0,601899,shareholder_change,neutral,-0.15,0.63,official_disclosure,0.95,-0.089775,not_available,0,,2026-05-16,8b22f1ed42c744c9f4f1d1bcdb950d3c9b2ccfa6,ok
f405df524a89a11a,cninfo_disclosure,http://www.cninfo.com.cn/new/disclosure/detail?stockCode=601899&announcementId=1225286410&orgId=9900004143&announcementTime=2026-05-09 00:00:00,2026-05-09,2026-06-13T18:13:18,601899,601899,紫金矿业集团股份有限公司第九届董事会临时会议决议公告,紫金矿业集团股份有限公司第九届董事会临时会议决议公告,explicit_symbol,1.0,601899,general_news,neutral,0.0,0.35,official_disclosure,0.95,0.0,not_available,0,,2026-05-09,f405df524a89a11ace37c1529b7522033ee150be,ok
05c322cffa693ec6,cninfo_disclosure,http://www.cninfo.com.cn/new/disclosure/detail?stockCode=601899&announcementId=1225286409&orgId=9900004143&announcementTime=2026-05-09 00:00:00,2026-05-09,2026-06-13T18:13:18,601899,601899,紫金矿业集团股份有限公司九届二次职工（会员）代表大会决议公告,紫金矿业集团股份有限公司九届二次职工（会员）代表大会决议公告,explicit_symbol,1.0,601899,general_news,neutral,0.0,0.35,official_disclosure,0.95,0.0,not_available,0,,2026-05-09,05c322cffa693ec684a821951048f0b991914f2a,ok
a3606cc3dbe87941,cninfo_disclosure,http://www.cninfo.com.cn/new/disclosure/detail?stockCode=601899&announcementId=1225286404&orgId=9900004143&announcementTime=2026-05-09 00:00:00,2026-05-09,2026-06-13T18:13:18,601899,601899,紫金矿业集团股份有限公司2026年员工持股计划（草案）,紫金矿业集团股份有限公司2026年员工持股计划（草案）,explicit_symbol,1.0,601899,general_news,neutral,0.0,0.35,official_disclosure,0.95,0.0,not_available,0,,2026-05-09,a3606cc3dbe879416ef87e526890ef15ffda668b,ok
d8b21eb027ce99bd,cninfo_disclosure,http://www.cninfo.com.cn/new/disclosure/detail?stockCode=601899&announcementId=1225286353&orgId=9900004143&announcementTime=2026-05-09 00:00:00,2026-05-09,2026-06-13T18:13:18,601899,601899,紫金矿业集团股份有限公司董事会提名与薪酬委员会关于公司2026年员工持股计划相关事项的核查意见,紫金矿业集团股份有限公司董事会提名与薪酬委员会关于公司2026年员工持股计划相关事项的核查意见,explicit_symbol,1.0,601899,general_news,neutral,0.0,0.35,official_disclosure,0.95,0.0,not_available,0,,2026-05-09,d8b21eb027ce99bd7156585f951bff580d077728,ok
368951cc14588be6,cninfo_disclosure,http://www.cninfo.com.cn/new/disclosure/detail?stockCode=601899&announcementId=1225286352&orgId=9900004143&announcementTime=2026-05-09 00:00:00,2026-05-09,2026-06-13T18:13:18,601899,601899,紫金矿业集团股份有限公司董事会秘书管理制度,紫金矿业集团股份有限公司董事会秘书管理制度,explicit_symbol,1.0,601899,general_news,neutral,0.0,0.35,official_disclosure,0.95,0.0,not_available,0,,2026-05-09,368951cc14588be6929404a98b5c3d0398fcb74a,ok
321ecc3d577a734e,cninfo_disclosure,http://www.cninfo.com.cn/new/disclosure/detail?stockCode=601899&announcementId=1225286342&orgId=9900004143&announcementTime=2026-05-09 00:00:00,2026-05-09,2026-06-13T18:13:18,601899,601899,紫金矿业集团股份有限公司2026年员工持股计划管理办法,紫金矿业集团股份有限公司2026年员工持股计划管理办法,explicit_symbol,1.0,601899,general_news,neutral,0.0,0.35,official_disclosure,0.95,0.0,not_available,0,,2026-05-09,321ecc3d577a734e870d181b51da18a1b7ec4199,ok
ec145443e791b760,cninfo_disclosure,http://www.cninfo.com.cn/new/disclosure/detail?stockCode=601899&announcementId=1225286337&orgId=9900004143&announcementTime=2026-05-09 00:00:00,2026-05-09,2026-06-13T18:13:18,601899,601899,福建至理律师事务所关于紫金矿业集团股份有限公司2026年员工持股计划法律意见书,福建至理律师事务所关于紫金矿业集团股份有限公司2026年员工持股计划法律意见书,explicit_symbol,1.0,601899,general_news,neutral,0.0,0.35,official_disclosure,0.95,0.0,not_available,0,,2026-05-09,ec145443e791b760d13d45e9541855cf63393257,ok
397d3de0dea23ecf,cninfo_disclosure,http://www.cninfo.com.cn/new/disclosure/detail?stockCode=601899&announcementId=1225286335&orgId=9900004143&announcementTime=2026-05-09 00:00:00,2026-05-09,2026-06-13T18:13:18,601899,601899,紫金矿业集团股份有限公司2026年员工持股计划（草案）摘要,紫金矿业集团股份有限公司2026年员工持股计划（草案）摘要,explicit_symbol,1.0,601899,general_news,neutral,0.0,0.35,official_disclosure,0.95,0.0,not_available,0,,2026-05-09,397d3de0dea23ecf8bc539f3e20e8561b813e6de,ok
23ab12ba2e460532,cninfo_disclosure,http://www.cninfo.com.cn/new/disclosure/detail?stockCode=601899&announcementId=1225272773&orgId=9900004143&announcementTime=2026-05-01 00:00:00,2026-05-01,2026-06-13T18:13:18,601899,601899,紫金矿业H股市场公告,紫金矿业H股市场公告,explicit_symbol,1.0,601899,general_news,neutral,0.0,0.35,official_disclosure,0.95,0.0,not_available,0,,2026-05-01,23ab12ba2e4605327095763f444b237aad214d52,ok
f327479fc285fe32,cninfo_disclosure,http://www.cninfo.com.cn/new/disclosure/detail?stockCode=601899&announcementId=1225201092&orgId=9900004143&announcementTime=2026-04-28 00:00:00,2026-04-28,2026-06-13T18:13:18,601899,601899,紫金矿业H股市场公告,紫金矿业H股市场公告,explicit_symbol,1.0,601899,general_news,neutral,0.0,0.35,official_disclosure,0.95,0.0,not_available,0,,2026-04-28,f327479fc285fe321f7a4fd87c7b68663b9a641a,ok
b649cb70c9954428,cninfo_disclosure,http://www.cninfo.com.cn/new/disclosure/detail?stockCode=601899&announcementId=1225141516&orgId=9900004143&announcementTime=2026-04-22 00:00:00,2026-04-22,2026-06-13T18:13:18,601899,601899,紫金矿业集团股份有限公司证券违法违规行为内部问责制度,紫金矿业集团股份有限公司证券违法违规行为内部问责制度,explicit_symbol,1.0,601899,general_news,neutral,0.0,0.35,official_disclosure,0.95,0.0,not_available,0,,2026-04-22,b649cb70c9954428fbff350c99b490679ac554a7,ok
b2137d5e82bc9a9c,cninfo_disclosure,http://www.cninfo.com.cn/new/disclosure/detail?stockCode=601899&announcementId=1225141515&orgId=9900004143&announcementTime=2026-04-22 00:00:00,2026-04-22,2026-06-13T18:13:18,601899,601899,紫金矿业集团股份有限公司未来三年（2026-2028年度）股东分红回报规划,紫金矿业集团股份有限公司未来三年（2026-2028年度）股东分红回报规划,explicit_symbol,1.0,601899,shareholder_change,neutral,-0.15,0.63,official_disclosure,0.95,-0.089775,not_available,0,,2026-04-22,b2137d5e82bc9a9c2dc099f84bc7f1f4ffe7d97e,ok
39e39a23d9182bbc,cninfo_disclosure,http://www.cninfo.com.cn/new/disclosure/detail?stockCode=601899&announcementId=1225141513&orgId=9900004143&announcementTime=2026-04-22 00:00:00,2026-04-22,2026-06-13T18:13:18,601899,601899,紫金矿业集团股份有限公司投资者关系管理制度,紫金矿业集团股份有限公司投资者关系管理制度,explicit_symbol,1.0,601899,general_news,neutral,0.0,0.35,official_disclosure,0.95,0.0,not_available,0,,2026-04-22,39e39a23d9182bbcb216f0e54e5b80039cfac0c6,ok
a0cf3a637b83a949,cninfo_disclosure,http://www.cninfo.com.cn/new/disclosure/detail?stockCode=601899&announcementId=1225141512&orgId=9900004143&announcementTime=2026-04-22 00:00:00,2026-04-22,2026-06-13T18:13:18,601899,601899,紫金矿业集团股份有限公司信息披露管理办法,紫金矿业集团股份有限公司信息披露管理办法,explicit_symbol,1.0,601899,general_news,neutral,0.0,0.35,official_disclosure,0.95,0.0,not_available,0,,2026-04-22,a0cf3a637b83a9498b7486cb1d6215c4f01cbd01,ok
3adf8fb11c5d40cc,cninfo_disclosure,http://www.cninfo.com.cn/new/disclosure/detail?stockCode=601899&announcementId=1225141511&orgId=9900004143&announcementTime=2026-04-22 00:00:00,2026-04-22,2026-06-13T18:13:18,601899,601899,紫金矿业集团股份有限公司市值管理制度,紫金矿业集团股份有限公司市值管理制度,explicit_symbol,1.0,601899,general_news,neutral,0.0,0.35,official_disclosure,0.95,0.0,not_available,0,,2026-04-22,3adf8fb11c5d40ccf3acb1316f68990044d25168,ok
88a8d77d192821e4,cninfo_disclosure,http://www.cninfo.com.cn/new/disclosure/detail?stockCode=601899&announcementId=1225141510&orgId=9900004143&announcementTime=2026-04-22 00:00:00,2026-04-22,2026-06-13T18:13:18,601899,601899,紫金矿业集团股份有限公司总裁工作细则,紫金矿业集团股份有限公司总裁工作细则,explicit_symbol,1.0,601899,general_news,neutral,0.0,0.35,official_disclosure,0.95,0.0,not_available,0,,2026-04-22,88a8d77d192821e4c8b6910d76e6de6bbdff3e2f,ok
feece11a61403b9d,cninfo_disclosure,http://www.cninfo.com.cn/new/disclosure/detail?stockCode=601899&announcementId=1225141509&orgId=9900004143&announcementTime=2026-04-22 00:00:00,2026-04-22,2026-06-13T18:13:18,601899,601899,紫金矿业集团股份有限公司第九届董事会第三次会议决议公告,紫金矿业集团股份有限公司第九届董事会第三次会议决议公告,explicit_symbol,1.0,601899,general_news,neutral,0.0,0.35,official_disclosure,0.95,0.0,not_available,0,,2026-04-22,feece11a61403b9d327cde080e89a15275ab247f,ok
205dd3d5e88264c0,cninfo_disclosure,http://www.cninfo.com.cn/new/disclosure/detail?stockCode=601899&announcementId=1225141507&orgId=9900004143&announcementTime=2026-04-22 00:00:00,2026-04-22,2026-06-13T18:13:18,601899,601899,紫金矿业集团股份有限公司2026年第一季度报告,紫金矿业集团股份有限公司2026年第一季度报告,explicit_symbol,1.0,601899,general_news,neutral,0.0,0.35,official_disclosure,0.95,0.0,not_available,0,,2026-04-22,205dd3d5e88264c0ae46717bbdd8493a5e4b1d15,ok
279dd68a855682ae,cninfo_disclosure,http://www.cninfo.com.cn/new/disclosure/detail?stockCode=601899&announcementId=1225102175&orgId=9900004143&announcementTime=2026-04-15 00:00:00,2026-04-15,2026-06-13T18:13:18,601899,601899,紫金矿业集团股份有限公司关于回购股份实施结果暨股份变动的公告,紫金矿业集团股份有限公司关于回购股份实施结果暨股份变动的公告,explicit_symbol,1.0,601899,buyback_dividend,positive,0.45,0.63,official_disclosure,0.95,0.26932500000000004,not_available,0,,2026-04-15,279dd68a855682aeff69735144739991909e5ac6,ok
c38e176304eed874,cninfo_disclosure,http://www.cninfo.com.cn/new/disclosure/detail?stockCode=601899&announcementId=1225078771&orgId=9900004143&announcementTime=2026-04-04 00:00:00,2026-04-04,2026-06-13T18:13:18,601899,601899,中信证券股份有限公司关于紫金矿业集团股份有限公司分拆所属子公司紫金黄金国际有限公司境外上市之持续督导核查意见,中信证券股份有限公司关于紫金矿业集团股份有限公司分拆所属子公司紫金黄金国际有限公司境外上市之持续督导核查意见,explicit_symbol,1.0,601899,commodity_shock,positive,0.2,0.63,official_disclosure,0.95,0.1197,not_available,0,,2026-04-04,c38e176304eed874df504d2df7e9606d78951f53,ok
44338be65a4a63a7,cninfo_disclosure,http://www.cninfo.com.cn/new/disclosure/detail?stockCode=601899&announcementId=1225075988&orgId=9900004143&announcementTime=2026-04-03 00:00:00,2026-04-03,2026-06-13T18:13:18,601899,601899,紫金矿业集团股份有限公司关于以集中竞价交易方式回购公司A股股份的进展公告,紫金矿业集团股份有限公司关于以集中竞价交易方式回购公司A股股份的进展公告,explicit_symbol,1.0,601899,buyback_dividend,positive,0.45,0.63,official_disclosure,0.95,0.26932500000000004,not_available,0,,2026-04-03,44338be65a4a63a7bb605aacb7bfb8baf122377b,ok
fc91bdbb907ba9b4,cninfo_disclosure,http://www.cninfo.com.cn/new/disclosure/detail?stockCode=601899&announcementId=1225075985&orgId=9900004143&announcementTime=2026-04-03 00:00:00,2026-04-03,2026-06-13T18:13:18,601899,601899,紫金矿业集团股份有限公司关于2023年股票期权激励计划第一个行权期自主行权完毕暨股份变动公告,紫金矿业集团股份有限公司关于2023年股票期权激励计划第一个行权期自主行权完毕暨股份变动公告,explicit_symbol,1.0,601899,general_news,neutral,0.0,0.35,official_disclosure,0.95,0.0,not_available,0,,2026-04-03,fc91bdbb907ba9b4c214c58ddd1818dabeea1fca,ok
69503832d0c3fd3f,cninfo_disclosure,http://www.cninfo.com.cn/new/disclosure/detail?stockCode=601899&announcementId=1225071936&orgId=9900004143&announcementTime=2026-04-02 00:00:00,2026-04-02,2026-06-13T18:13:18,601899,601899,紫金矿业H股市场公告,紫金矿业H股市场公告,explicit_symbol,1.0,601899,general_news,neutral,0.0,0.35,official_disclosure,0.95,0.0,not_available,0,,2026-04-02,69503832d0c3fd3fb91383d1ef2d5379db313ae3,ok
aaf30dbc36887c10,cninfo_disclosure,http://www.cninfo.com.cn/new/disclosure/detail?stockCode=601899&announcementId=1225027508&orgId=9900004143&announcementTime=2026-03-25 00:00:00,2026-03-25,2026-06-13T18:13:18,601899,601899,紫金矿业集团股份有限公司关于回购A股股份事项前十名股东和前十名无限售条件股东持股情况的公告,紫金矿业集团股份有限公司关于回购A股股份事项前十名股东和前十名无限售条件股东持股情况的公告,explicit_symbol,1.0,601899,shareholder_change,neutral,-0.15,0.63,official_disclosure,0.95,-0.089775,not_available,0,,2026-03-25,aaf30dbc36887c10273e7f821c728b213f3f490f,ok
ffcca85bcb9aad08,cninfo_disclosure,http://www.cninfo.com.cn/new/disclosure/detail?stockCode=601899&announcementId=1225025170&orgId=9900004143&announcementTime=2026-03-24 00:00:00,2026-03-24,2026-06-13T18:13:18,601899,601899,紫金矿业集团股份有限公司关于以集中竞价交易方式首次回购公司A股股份的公告,紫金矿业集团股份有限公司关于以集中竞价交易方式首次回购公司A股股份的公告,explicit_symbol,1.0,601899,buyback_dividend,positive,0.45,0.63,official_disclosure,0.95,0.26932500000000004,not_available,0,,2026-03-24,ffcca85bcb9aad086ac676bcec161910ff1cfee0,ok
f5292ff78fc107af,cninfo_disclosure,http://www.cninfo.com.cn/new/disclosure/detail?stockCode=601899&announcementId=1225024230&orgId=9900004143&announcementTime=2026-03-23 00:00:00,2026-03-23,2026-06-13T18:13:18,601899,601899,紫金矿业集团股份有限公司关于拟通过协议收购A股和认购定向增发H股的方式获得赤峰吉隆黄金矿业股份有限公司控制权的公告,紫金矿业集团股份有限公司关于拟通过协议收购A股和认购定向增发H股的方式获得赤峰吉隆黄金矿业股份有限公司控制权的公告,explicit_symbol,1.0,601899,ma_restructuring,positive,0.45,0.63,official_disclosure,0.95,0.26932500000000004,not_available,0,,2026-03-23,f5292ff78fc107afd89ffcbc97e51db5df24c477,ok
e0bee987ece158a5,cninfo_disclosure,http://www.cninfo.com.cn/new/disclosure/detail?stockCode=601899&announcementId=1225023679&orgId=9900004143&announcementTime=2026-03-21 00:00:00,2026-03-21,2026-06-13T18:13:18,601899,601899,紫金矿业集团股份有限公司关于续聘会计师事务所的公告,紫金矿业集团股份有限公司关于续聘会计师事务所的公告,explicit_symbol,1.0,601899,general_news,neutral,0.0,0.35,official_disclosure,0.95,0.0,not_available,0,,2026-03-21,e0bee987ece158a5a01a3d8a042c50a7fed59113,ok
b972f53687502b22,cninfo_disclosure,http://www.cninfo.com.cn/new/disclosure/detail?stockCode=601899&announcementId=1225023678&orgId=9900004143&announcementTime=2026-03-21 00:00:00,2026-03-21,2026-06-13T18:13:18,601899,601899,紫金矿业集团股份有限公司涉及财务公司关联交易的存贷款等金融业务的专项说明,紫金矿业集团股份有限公司涉及财务公司关联交易的存贷款等金融业务的专项说明,explicit_symbol,1.0,601899,general_news,neutral,0.0,0.35,official_disclosure,0.95,0.0,not_available,0,,2026-03-21,b972f53687502b22bffc14e4853da38c88e83b95,ok
78fdd3ae798169b2,cninfo_disclosure,http://www.cninfo.com.cn/new/disclosure/detail?stockCode=601899&announcementId=1225023677&orgId=9900004143&announcementTime=2026-03-21 00:00:00,2026-03-21,2026-06-13T18:13:18,601899,601899,紫金矿业集团股份有限公司2025年年度报告摘要,紫金矿业集团股份有限公司2025年年度报告摘要,explicit_symbol,1.0,601899,general_news,neutral,0.0,0.35,official_disclosure,0.95,0.0,not_available,0,,2026-03-21,78fdd3ae798169b2a68a8a9df80b84bc50f99ddb,ok
88977a1f5cd8bc05,cninfo_disclosure,http://www.cninfo.com.cn/new/disclosure/detail?stockCode=601899&announcementId=1225023676&orgId=9900004143&announcementTime=2026-03-21 00:00:00,2026-03-21,2026-06-13T18:13:18,601899,601899,紫金矿业集团股份有限公司第九届董事会第二次会议决议公告,紫金矿业集团股份有限公司第九届董事会第二次会议决议公告,explicit_symbol,1.0,601899,general_news,neutral,0.0,0.35,official_disclosure,0.95,0.0,not_available,0,,2026-03-21,88977a1f5cd8bc0569a99c03e0a8ea3985242607,ok
c9856503faaeff72,cninfo_disclosure,http://www.cninfo.com.cn/new/disclosure/detail?stockCode=601899&announcementId=1225023675&orgId=9900004143&announcementTime=2026-03-21 00:00:00,2026-03-21,2026-06-13T18:13:18,601899,601899,紫金矿业集团股份有限公司第八届董事会审计与内控委员会2025年度对会计师事务所履行监督职责情况的报告,紫金矿业集团股份有限公司第八届董事会审计与内控委员会2025年度对会计师事务所履行监督职责情况的报告,explicit_symbol,1.0,601899,general_news,neutral,0.0,0.35,official_disclosure,0.95,0.0,not_available,0,,2026-03-21,c9856503faaeff7231b6d49e578f393ed6da9a3e,ok
8092a4329ca7445d,cninfo_disclosure,http://www.cninfo.com.cn/new/disclosure/detail?stockCode=601899&announcementId=1225023674&orgId=9900004143&announcementTime=2026-03-21 00:00:00,2026-03-21,2026-06-13T18:13:18,601899,601899,紫金矿业集团股份有限公司关于控股子公司紫金矿业集团财务有限公司的风险持续评估报告,紫金矿业集团股份有限公司关于控股子公司紫金矿业集团财务有限公司的风险持续评估报告,explicit_symbol,1.0,601899,general_news,neutral,-0.1,0.35,official_disclosure,0.95,-0.033249999999999995,not_available,0,,2026-03-21,8092a4329ca7445d621a33bde91238d565009b0c,ok
cc26951df2162902,cninfo_disclosure,http://www.cninfo.com.cn/new/disclosure/detail?stockCode=601899&announcementId=1225023673&orgId=9900004143&announcementTime=2026-03-21 00:00:00,2026-03-21,2026-06-13T18:13:18,601899,601899,紫金矿业集团股份有限公司2025年年度审计报告,紫金矿业集团股份有限公司2025年年度审计报告,explicit_symbol,1.0,601899,general_news,neutral,0.0,0.35,official_disclosure,0.95,0.0,not_available,0,,2026-03-21,cc26951df2162902a43d87cda70821a335a6fc64,ok
c3f1980f8239d8dd,cninfo_disclosure,http://www.cninfo.com.cn/new/disclosure/detail?stockCode=601899&announcementId=1225023672&orgId=9900004143&announcementTime=2026-03-21 00:00:00,2026-03-21,2026-06-13T18:13:18,601899,601899,紫金矿业集团股份有限公司2025年度募集资金存放、管理与实际使用情况的专项报告,紫金矿业集团股份有限公司2025年度募集资金存放、管理与实际使用情况的专项报告,explicit_symbol,1.0,601899,general_news,neutral,0.0,0.35,official_disclosure,0.95,0.0,not_available,0,,2026-03-21,c3f1980f8239d8ddee039ff74d11c2237d76a004,ok
0c723f9aa85110ce,cninfo_disclosure,http://www.cninfo.com.cn/new/disclosure/detail?stockCode=601899&announcementId=1225023671&orgId=9900004143&announcementTime=2026-03-21 00:00:00,2026-03-21,2026-06-13T18:13:18,601899,601899,紫金矿业集团股份有限公司2025年度内部控制审计报告,紫金矿业集团股份有限公司2025年度内部控制审计报告,explicit_symbol,1.0,601899,general_news,neutral,0.0,0.35,official_disclosure,0.95,0.0,not_available,0,,2026-03-21,0c723f9aa85110ce4cbb4dfcd90e16162a8b6a09,ok
6911bf6a2dab9522,cninfo_disclosure,http://www.cninfo.com.cn/new/disclosure/detail?stockCode=601899&announcementId=1225023670&orgId=9900004143&announcementTime=2026-03-21 00:00:00,2026-03-21,2026-06-13T18:13:18,601899,601899,紫金矿业集团股份有限公司2026年度担保计划的公告,紫金矿业集团股份有限公司2026年度担保计划的公告,explicit_symbol,1.0,601899,general_news,neutral,0.0,0.35,official_disclosure,0.95,0.0,not_available,0,,2026-03-21,6911bf6a2dab95229a266f2dbc70133a858b7287,ok
f1af60d651cb8d84,cninfo_disclosure,http://www.cninfo.com.cn/new/disclosure/detail?stockCode=601899&announcementId=1225023669&orgId=9900004143&announcementTime=2026-03-21 00:00:00,2026-03-21,2026-06-13T18:13:18,601899,601899,紫金矿业集团股份有限公司2025年度利润分配方案公告,紫金矿业集团股份有限公司2025年度利润分配方案公告,explicit_symbol,1.0,601899,general_news,neutral,0.0,0.35,official_disclosure,0.95,0.0,not_available,0,,2026-03-21,f1af60d651cb8d84fb4c36fa2f1d806422f66324,ok
cff547cc6bb7c7cb,cninfo_disclosure,http://www.cninfo.com.cn/new/disclosure/detail?stockCode=601899&announcementId=1225023668&orgId=9900004143&announcementTime=2026-03-21 00:00:00,2026-03-21,2026-06-13T18:13:18,601899,601899,紫金矿业集团股份有限公司信息披露暂缓与豁免事务管理制度,紫金矿业集团股份有限公司信息披露暂缓与豁免事务管理制度,explicit_symbol,1.0,601899,general_news,neutral,0.0,0.35,official_disclosure,0.95,0.0,not_available,0,,2026-03-21,cff547cc6bb7c7cb489319e1d4990418abbc3878,ok
6e6521430c5ae7e7,cninfo_disclosure,http://www.cninfo.com.cn/new/disclosure/detail?stockCode=601899&announcementId=1225023667&orgId=9900004143&announcementTime=2026-03-21 00:00:00,2026-03-21,2026-06-13T18:13:18,601899,601899,紫金矿业集团股份有限公司2025年度会计师事务所履职情况评估报告,紫金矿业集团股份有限公司2025年度会计师事务所履职情况评估报告,explicit_symbol,1.0,601899,general_news,neutral,0.0,0.35,official_disclosure,0.95,0.0,not_available,0,,2026-03-21,6e6521430c5ae7e788303cabaee69f0b6b4f6c80,ok
cd97e47abecd2319,cninfo_disclosure,http://www.cninfo.com.cn/new/disclosure/detail?stockCode=601899&announcementId=1225023666&orgId=9900004143&announcementTime=2026-03-21 00:00:00,2026-03-21,2026-06-13T18:13:18,601899,601899,紫金矿业集团股份有限公司第八届独立董事2025年度述职报告（孙文德）,紫金矿业集团股份有限公司第八届独立董事2025年度述职报告（孙文德）,explicit_symbol,1.0,601899,general_news,neutral,0.0,0.35,official_disclosure,0.95,0.0,not_available,0,,2026-03-21,cd97e47abecd2319832939b26b0a0d1c1c5d94ff,ok
32e1838ae2006212,cninfo_disclosure,http://www.cninfo.com.cn/new/disclosure/detail?stockCode=601899&announcementId=1225023665&orgId=9900004143&announcementTime=2026-03-21 00:00:00,2026-03-21,2026-06-13T18:13:18,601899,601899,紫金矿业集团股份有限公司董事会关于独立董事独立性情况评估的专项意见,紫金矿业集团股份有限公司董事会关于独立董事独立性情况评估的专项意见,explicit_symbol,1.0,601899,general_news,neutral,0.0,0.35,official_disclosure,0.95,0.0,not_available,0,,2026-03-21,32e1838ae20062127ba36b4f891a5e88fc81a2a4,ok
15b515bab6b1dee6,cninfo_disclosure,http://www.cninfo.com.cn/new/disclosure/detail?stockCode=601899&announcementId=1225023664&orgId=9900004143&announcementTime=2026-03-21 00:00:00,2026-03-21,2026-06-13T18:13:18,601899,601899,紫金矿业集团股份有限公司2025年度内部控制评价报告,紫金矿业集团股份有限公司2025年度内部控制评价报告,explicit_symbol,1.0,601899,general_news,neutral,0.0,0.35,official_disclosure,0.95,0.0,not_available,0,,2026-03-21,15b515bab6b1dee6bb8a331e3d32189da0a1edc8,ok
36dab58f04bc2c65,cninfo_disclosure,http://www.cninfo.com.cn/new/disclosure/detail?stockCode=601899&announcementId=1225023663&orgId=9900004143&announcementTime=2026-03-21 00:00:00,2026-03-21,2026-06-13T18:13:18,601899,601899,紫金矿业集团股份有限公司第八届独立董事2025年度述职报告（何福龙）,紫金矿业集团股份有限公司第八届独立董事2025年度述职报告（何福龙）,explicit_symbol,1.0,601899,general_news,neutral,0.0,0.35,official_disclosure,0.95,0.0,not_available,0,,2026-03-21,36dab58f04bc2c6546a317d22472986b1db2bdca,ok
2fff70c157debced,cninfo_disclosure,http://www.cninfo.com.cn/new/disclosure/detail?stockCode=601899&announcementId=1225023662&orgId=9900004143&announcementTime=2026-03-21 00:00:00,2026-03-21,2026-06-13T18:13:18,601899,601899,德勤华永会计师事务所（特殊普通合伙）关于紫金矿业集团股份有限公司非经营性资金占用及其他关联资金往来情况汇总表的专项审计报告,德勤华永会计师事务所（特殊普通合伙）关于紫金矿业集团股份有限公司非经营性资金占用及其他关联资金往来情况汇总表的专项审计报告,explicit_symbol,1.0,601899,general_news,neutral,0.0,0.35,official_disclosure,0.95,0.0,not_available,0,,2026-03-21,2fff70c157debced89ad87164d006ee1914f22e7,ok
503f9c14b103a8ac,cninfo_disclosure,http://www.cninfo.com.cn/new/disclosure/detail?stockCode=601899&announcementId=1225023661&orgId=9900004143&announcementTime=2026-03-21 00:00:00,2026-03-21,2026-06-13T18:13:18,601899,601899,紫金矿业集团股份有限公司关于子公司开展期货及衍生品交易的公告,紫金矿业集团股份有限公司关于子公司开展期货及衍生品交易的公告,explicit_symbol,1.0,601899,commodity_shock,positive,0.2,0.63,official_disclosure,0.95,0.1197,not_available,0,,2026-03-21,503f9c14b103a8ac81ed796e1f39b4e5507cc18a,ok
8238ec857b4ad99b,cninfo_disclosure,http://www.cninfo.com.cn/new/disclosure/detail?stockCode=601899&announcementId=1225023660&orgId=9900004143&announcementTime=2026-03-21 00:00:00,2026-03-21,2026-06-13T18:13:18,601899,601899,紫金矿业集团股份有限公司第八届独立董事2025年度述职报告（薄少川）,紫金矿业集团股份有限公司第八届独立董事2025年度述职报告（薄少川）,explicit_symbol,1.0,601899,general_news,neutral,0.0,0.35,official_disclosure,0.95,0.0,not_available,0,,2026-03-21,8238ec857b4ad99b357fbabaaacd15e712eecb10,ok
851653a9e519bf3c,cninfo_disclosure,http://www.cninfo.com.cn/new/disclosure/detail?stockCode=601899&announcementId=1225023659&orgId=9900004143&announcementTime=2026-03-21 00:00:00,2026-03-21,2026-06-13T18:13:18,601899,601899,紫金矿业集团股份有限公司第八届董事会审计与内控委员会2025年度履职情况报告,紫金矿业集团股份有限公司第八届董事会审计与内控委员会2025年度履职情况报告,explicit_symbol,1.0,601899,general_news,neutral,0.0,0.35,official_disclosure,0.95,0.0,not_available,0,,2026-03-21,851653a9e519bf3c7f0ab54f2f86dd90305209fd,ok
700b6a5e3874abd7,cninfo_disclosure,http://www.cninfo.com.cn/new/disclosure/detail?stockCode=601899&announcementId=1225023658&orgId=9900004143&announcementTime=2026-03-21 00:00:00,2026-03-21,2026-06-13T18:13:18,601899,601899,紫金矿业集团股份有限公司2025年年度报告,紫金矿业集团股份有限公司2025年年度报告,explicit_symbol,1.0,601899,general_news,neutral,0.0,0.35,official_disclosure,0.95,0.0,not_available,0,,2026-03-21,700b6a5e3874abd7a1538ce674037168f6e7a2a0,ok
eaf711ddca89140c,cninfo_disclosure,http://www.cninfo.com.cn/new/disclosure/detail?stockCode=601899&announcementId=1225023657&orgId=9900004143&announcementTime=2026-03-21 00:00:00,2026-03-21,2026-06-13T18:13:18,601899,601899,紫金矿业集团股份有限公司2025年度可持续发展报告摘要,紫金矿业集团股份有限公司2025年度可持续发展报告摘要,explicit_symbol,1.0,601899,general_news,neutral,0.0,0.35,official_disclosure,0.95,0.0,not_available,0,,2026-03-21,eaf711ddca89140c1839ed9d601ed0e9ed320d56,ok
7aa4a439b21218ff,cninfo_disclosure,http://www.cninfo.com.cn/new/disclosure/detail?stockCode=601899&announcementId=1225023656&orgId=9900004143&announcementTime=2026-03-21 00:00:00,2026-03-21,2026-06-13T18:13:18,601899,601899,紫金矿业集团股份有限公司第八届独立董事2025年度述职报告（吴小敏）,紫金矿业集团股份有限公司第八届独立董事2025年度述职报告（吴小敏）,explicit_symbol,1.0,601899,general_news,neutral,0.0,0.35,official_disclosure,0.95,0.0,not_available,0,,2026-03-21,7aa4a439b21218ffb85e930d82c1e1b082638b6c,ok
183c758aa946f8c8,cninfo_disclosure,http://www.cninfo.com.cn/new/disclosure/detail?stockCode=601899&announcementId=1225023655&orgId=9900004143&announcementTime=2026-03-21 00:00:00,2026-03-21,2026-06-13T18:13:18,601899,601899,紫金矿业集团股份有限公司2025年度募集资金存放、管理与实际使用情况审核报告,紫金矿业集团股份有限公司2025年度募集资金存放、管理与实际使用情况审核报告,explicit_symbol,1.0,601899,general_news,neutral,0.0,0.35,official_disclosure,0.95,0.0,not_available,0,,2026-03-21,183c758aa946f8c8bbe83287d4937d617126cfbc,ok
5148f933ac9ed721,cninfo_disclosure,http://www.cninfo.com.cn/new/disclosure/detail?stockCode=601899&announcementId=1225023654&orgId=9900004143&announcementTime=2026-03-21 00:00:00,2026-03-21,2026-06-13T18:13:18,601899,601899,紫金矿业集团股份有限公司关于以集中竞价方式回购A股股份方案的公告暨回购报告书,紫金矿业集团股份有限公司关于以集中竞价方式回购A股股份方案的公告暨回购报告书,explicit_symbol,1.0,601899,buyback_dividend,positive,0.45,0.63,official_disclosure,0.95,0.26932500000000004,not_available,0,,2026-03-21,5148f933ac9ed7217559a5ef366e98af4fa23a4d,ok
b6c1a567109b9c4a,cninfo_disclosure,http://www.cninfo.com.cn/new/disclosure/detail?stockCode=601899&announcementId=1225023653&orgId=9900004143&announcementTime=2026-03-21 00:00:00,2026-03-21,2026-06-13T18:13:18,601899,601899,紫金矿业集团股份有限公司2025年度可持续发展报告,紫金矿业集团股份有限公司2025年度可持续发展报告,explicit_symbol,1.0,601899,general_news,neutral,0.0,0.35,official_disclosure,0.95,0.0,not_available,0,,2026-03-21,b6c1a567109b9c4afc56e24391edb99c550b3cf4,ok
be141402dd439a0b,cninfo_disclosure,http://www.cninfo.com.cn/new/disclosure/detail?stockCode=601899&announcementId=1225023652&orgId=9900004143&announcementTime=2026-03-21 00:00:00,2026-03-21,2026-06-13T18:13:18,601899,601899,兴业证券股份有限公司关于紫金矿业集团股份有限公司2025年度募集资金存放、管理与使用情况的核查意见,兴业证券股份有限公司关于紫金矿业集团股份有限公司2025年度募集资金存放、管理与使用情况的核查意见,explicit_symbol,1.0,601899,general_news,neutral,0.0,0.35,official_disclosure,0.95,0.0,not_available,0,,2026-03-21,be141402dd439a0ba816da1d6215f477ce457142,ok
31f3a222a2d17e88,cninfo_disclosure,http://www.cninfo.com.cn/new/disclosure/detail?stockCode=601899&announcementId=1225023651&orgId=9900004143&announcementTime=2026-03-21 00:00:00,2026-03-21,2026-06-13T18:13:18,601899,601899,紫金矿业集团股份有限公司第八届独立董事2025年度述职报告（李常青）,紫金矿业集团股份有限公司第八届独立董事2025年度述职报告（李常青）,explicit_symbol,1.0,601899,general_news,neutral,0.0,0.35,official_disclosure,0.95,0.0,not_available,0,,2026-03-21,31f3a222a2d17e889844af650fd26399c7e87a06,ok
d3717fc5b6c5904d,cninfo_disclosure,http://www.cninfo.com.cn/new/disclosure/detail?stockCode=601899&announcementId=1225023650&orgId=9900004143&announcementTime=2026-03-21 00:00:00,2026-03-21,2026-06-13T18:13:18,601899,601899,紫金矿业集团股份有限公司关于开展期货和衍生品业务的可行性分析报告,紫金矿业集团股份有限公司关于开展期货和衍生品业务的可行性分析报告,explicit_symbol,1.0,601899,commodity_shock,positive,0.2,0.63,official_disclosure,0.95,0.1197,not_available,0,,2026-03-21,d3717fc5b6c5904d012afad327d58ae9400b356e,ok
d49a45e3beadf869,cninfo_disclosure,http://www.cninfo.com.cn/new/disclosure/detail?stockCode=601899&announcementId=1225023649&orgId=9900004143&announcementTime=2026-03-21 00:00:00,2026-03-21,2026-06-13T18:13:18,601899,601899,紫金矿业集团股份有限公司第八届独立董事2025年度述职报告（毛景文）,紫金矿业集团股份有限公司第八届独立董事2025年度述职报告（毛景文）,explicit_symbol,1.0,601899,general_news,neutral,0.0,0.35,official_disclosure,0.95,0.0,not_available,0,,2026-03-21,d49a45e3beadf8697219f4de7e0c7bef9b566a77,ok
d7836bdb30a46b73,cninfo_disclosure,http://www.cninfo.com.cn/new/disclosure/detail?stockCode=601899&announcementId=1225023648&orgId=9900004143&announcementTime=2026-03-21 00:00:00,2026-03-21,2026-06-13T18:13:18,601899,601899,紫金矿业集团股份有限公司内部审计管理制度,紫金矿业集团股份有限公司内部审计管理制度,explicit_symbol,1.0,601899,general_news,neutral,0.0,0.35,official_disclosure,0.95,0.0,not_available,0,,2026-03-21,d7836bdb30a46b738ad4329d28aa78f3d310c4d4,ok
0cfb0a962fba5564,cninfo_disclosure,http://www.cninfo.com.cn/new/disclosure/detail?stockCode=601899&announcementId=1225008174&orgId=9900004143&announcementTime=2026-03-14 00:00:00,2026-03-14,2026-06-13T18:13:18,601899,601899,紫金矿业集团股份有限公司关于召开2025年度业绩说明会的公告,紫金矿业集团股份有限公司关于召开2025年度业绩说明会的公告,explicit_symbol,1.0,601899,general_news,neutral,0.0,0.35,official_disclosure,0.95,0.0,not_available,0,,2026-03-14,0cfb0a962fba5564b6bee83335b9a03feb8d15d6,ok
624051f60e0f3863,cninfo_disclosure,http://www.cninfo.com.cn/new/disclosure/detail?stockCode=601899&announcementId=1225007115&orgId=9900004143&announcementTime=2026-03-13 00:00:00,2026-03-13,2026-06-13T18:13:18,601899,601899,紫金矿业集团股份有限公司关于全资子公司与专业投资机构共同投资的公告,紫金矿业集团股份有限公司关于全资子公司与专业投资机构共同投资的公告,explicit_symbol,1.0,601899,general_news,neutral,0.0,0.35,official_disclosure,0.95,0.0,not_available,0,,2026-03-13,624051f60e0f38631b6deabd07b4ead382aa221d,ok
5bd00e0a2ddf82e5,cninfo_disclosure,http://www.cninfo.com.cn/new/disclosure/detail?stockCode=601899&announcementId=1224992174&orgId=9900004143&announcementTime=2026-03-03 00:00:00,2026-03-03,2026-06-13T18:13:18,601899,601899,紫金矿业集团股份有限公司关于2023年股票期权激励计划第一个行权期自主行权结果暨股份变动月度公告,紫金矿业集团股份有限公司关于2023年股票期权激励计划第一个行权期自主行权结果暨股份变动月度公告,explicit_symbol,1.0,601899,general_news,neutral,0.0,0.35,official_disclosure,0.95,0.0,not_available,0,,2026-03-03,5bd00e0a2ddf82e5bee50fb2f70b8819ab56f46f,ok
450b6ab7324d4834,cninfo_disclosure,http://www.cninfo.com.cn/new/disclosure/detail?stockCode=601899&announcementId=1224991243&orgId=9900004143&announcementTime=2026-03-03 00:00:00,2026-03-03,2026-06-13T18:13:18,601899,601899,紫金矿业H股市场公告,紫金矿业H股市场公告,explicit_symbol,1.0,601899,general_news,neutral,0.0,0.35,official_disclosure,0.95,0.0,not_available,0,,2026-03-03,450b6ab7324d4834adf6360da689dfe1a48a36fa,ok
72965a27c614030e,cninfo_disclosure,http://www.cninfo.com.cn/new/disclosure/detail?stockCode=601899&announcementId=1224972233&orgId=9900004143&announcementTime=2026-02-09 00:00:00,2026-02-09,2026-06-13T18:13:18,601899,601899,紫金矿业集团股份有限公司关于三年（2026-2028年）主要矿产品产量规划和2035年远景目标纲要的公告,紫金矿业集团股份有限公司关于三年（2026-2028年）主要矿产品产量规划和2035年远景目标纲要的公告,explicit_symbol,1.0,601899,industry_policy,neutral,0.1,0.63,official_disclosure,0.95,0.05985,not_available,0,,2026-02-09,72965a27c614030eadbf5e125d0f51703df2c244,ok
f43140fa5641424d,cninfo_disclosure,http://www.cninfo.com.cn/new/disclosure/detail?stockCode=601899&announcementId=1224968955&orgId=9900004143&announcementTime=2026-02-06 00:00:00,2026-02-06,2026-06-13T18:13:18,601899,601899,紫金矿业集团股份有限公司关于为全资子公司提供担保的实施公告,紫金矿业集团股份有限公司关于为全资子公司提供担保的实施公告,explicit_symbol,1.0,601899,general_news,neutral,0.0,0.35,official_disclosure,0.95,0.0,not_available,0,,2026-02-06,f43140fa5641424da608b9f1182922aafe2b5eea,ok
c1569a7c721e4799,cninfo_disclosure,http://www.cninfo.com.cn/new/disclosure/detail?stockCode=601899&announcementId=1224968949&orgId=9900004143&announcementTime=2026-02-06 00:00:00,2026-02-06,2026-06-13T18:13:18,601899,601899,紫金矿业集团股份有限公司关于15亿美元零息可转换公司债券发行完成的公告,紫金矿业集团股份有限公司关于15亿美元零息可转换公司债券发行完成的公告,explicit_symbol,1.0,601899,general_news,neutral,0.0,0.35,official_disclosure,0.95,0.0,not_available,0,,2026-02-06,c1569a7c721e4799cce5ba039e2b6b22f71a2488,ok
8ba2d877ee1b71ca,cninfo_disclosure,http://www.cninfo.com.cn/new/disclosure/detail?stockCode=601899&announcementId=1224965300&orgId=9900004143&announcementTime=2026-02-04 00:00:00,2026-02-04,2026-06-13T18:13:18,601899,601899,紫金矿业集团股份有限公司关于2023年股票期权激励计划第一个行权期自主行权结果暨股份变动月度公告,紫金矿业集团股份有限公司关于2023年股票期权激励计划第一个行权期自主行权结果暨股份变动月度公告,explicit_symbol,1.0,601899,general_news,neutral,0.0,0.35,official_disclosure,0.95,0.0,not_available,0,,2026-02-04,8ba2d877ee1b71ca234e45e22226def356520bf9,ok
88066f7b049b6c5f,cninfo_disclosure,http://www.cninfo.com.cn/new/disclosure/detail?stockCode=601899&announcementId=1224965070&orgId=9900004143&announcementTime=2026-02-04 00:00:00,2026-02-04,2026-06-13T18:13:18,601899,601899,紫金矿业H股市场公告,紫金矿业H股市场公告,explicit_symbol,1.0,601899,general_news,neutral,0.0,0.35,official_disclosure,0.95,0.0,not_available,0,,2026-02-04,88066f7b049b6c5fff95c57e2164ffb58cd70bc5,ok
8d4de400b74ae318,cninfo_disclosure,http://www.cninfo.com.cn/new/disclosure/detail?stockCode=601899&announcementId=1224957529&orgId=9900004143&announcementTime=2026-01-30 00:00:00,2026-01-30,2026-06-13T18:13:18,601899,601899,紫金矿业集团股份有限公司关于根据一般性授权拟发行15亿美元零息可转换公司债券的公告,紫金矿业集团股份有限公司关于根据一般性授权拟发行15亿美元零息可转换公司债券的公告,explicit_symbol,1.0,601899,general_news,neutral,0.0,0.35,official_disclosure,0.95,0.0,not_available,0,,2026-01-30,8d4de400b74ae31807ea1ccb5f9c4b8f7a5b1b0b,ok
d7ab3bc7360da021,cninfo_disclosure,http://www.cninfo.com.cn/new/disclosure/detail?stockCode=601899&announcementId=1224951157&orgId=9900004143&announcementTime=2026-01-27 00:00:00,2026-01-27,2026-06-13T18:13:18,601899,601899,紫金矿业集团股份有限公司关于拟收购Allied Gold Corporation 100%股权的公告,紫金矿业集团股份有限公司关于拟收购Allied Gold Corporation 100%股权的公告,explicit_symbol,1.0,601899,ma_restructuring,positive,0.45,0.63,official_disclosure,0.95,0.26932500000000004,not_available,0,,2026-01-27,d7ab3bc7360da02121c39dbc7ad97b03641d9319,ok
8314975364e191fd,cninfo_disclosure,http://www.cninfo.com.cn/new/disclosure/detail?stockCode=601899&announcementId=1224948177&orgId=9900004143&announcementTime=2026-01-24 00:00:00,2026-01-24,2026-06-13T18:13:18,601899,601899,紫金矿业集团股份有限公司关于巨龙铜矿二期工程建成投产的公告,紫金矿业集团股份有限公司关于巨龙铜矿二期工程建成投产的公告,explicit_symbol,1.0,601899,capacity_operation,positive,0.25,0.63,official_disclosure,0.95,0.14962499999999998,not_available,0,,2026-01-24,8314975364e191fdeb5dd71acfca696fd76153ae,ok
0aa2376e1774dae9,akshare_futures_main_sina,https://vip.stock.finance.sina.com.cn/quotes_service/view/qihuohangqing.html,2024-05-20,2026-06-13T18:13:18,601899,601899,沪铜主连价格上涨触发商品冲击,"沪铜主连(CU0) 2024-05-20 收盘 8.767e+04; 1日涨跌 4.06%, 5日涨跌 8.03%. 该事件按产业链映射进入相关股票的事件因子。",explicit_symbol,1.0,601899,commodity_shock,positive,0.6427603203943306,0.7,market_data,0.75,0.33744916820702353,not_available,0,,2024-05-20,0aa2376e1774dae9dba815f7338801536ce4d9b1,commodity_shock:copper:CU0
1f7e13adb6d51faa,akshare_futures_main_sina,https://vip.stock.finance.sina.com.cn/quotes_service/view/qihuohangqing.html,2024-05-21,2026-06-13T18:13:18,601899,601899,沪铜主连价格上涨触发商品冲击,"沪铜主连(CU0) 2024-05-21 收盘 8.709e+04; 1日涨跌 -0.66%, 5日涨跌 5.85%. 该事件按产业链映射进入相关股票的事件因子。",explicit_symbol,1.0,601899,commodity_shock,positive,0.4676713660670888,0.7,market_data,0.75,0.24552746718522162,not_available,0,,2024-05-21,1f7e13adb6d51faab82b3dba58b17272cb9785ef,commodity_shock:copper:CU0
83696650a7691b98,akshare_futures_main_sina,https://vip.stock.finance.sina.com.cn/quotes_service/view/qihuohangqing.html,2024-05-22,2026-06-13T18:13:18,601899,601899,沪铜主连价格上涨触发商品冲击,"沪铜主连(CU0) 2024-05-22 收盘 8.622e+04; 1日涨跌 -1.00%, 5日涨跌 5.43%. 该事件按产业链映射进入相关股票的事件因子。",explicit_symbol,1.0,601899,commodity_shock,positive,0.43433602347762346,0.7,market_data,0.75,0.2280264123257523,not_available,0,,2024-05-22,83696650a7691b988f477d99f5a23020d252eede,commodity_shock:copper:CU0
225bf83ee5b317c6,akshare_futures_main_sina,https://vip.stock.finance.sina.com.cn/quotes_service/view/qihuohangqing.html,2024-05-23,2026-06-13T18:13:18,601899,601899,沪铜主连价格下跌触发商品冲击,"沪铜主连(CU0) 2024-05-23 收盘 8.308e+04; 1日涨跌 -3.64%, 5日涨跌 0.58%. 该事件按产业链映射进入相关股票的事件因子。",explicit_symbol,1.0,601899,commodity_shock,negative,-0.29134771514729785,0.7,market_data,0.75,-0.15295755045233136,not_available,0,,2024-05-23,225bf83ee5b317c62add3b63a45e6423502b4223,commodity_shock:copper:CU0
8637d32f0fdd7c64,akshare_futures_main_sina,https://vip.stock.finance.sina.com.cn/quotes_service/view/qihuohangqing.html,2024-05-30,2026-06-13T18:13:18,601899,601899,沪铜主连价格下跌触发商品冲击,"沪铜主连(CU0) 2024-05-30 收盘 8.286e+04; 1日涨跌 -3.05%, 5日涨跌 -0.26%. 该事件按产业链映射进入相关股票的事件因子。",explicit_symbol,1.0,601899,commodity_shock,negative,-0.24429624429624397,0.7,market_data,0.75,-0.12825552825552808,not_available,0,,2024-05-30,8637d32f0fdd7c64edf3095cd5b1048e8d3c8e35,commodity_shock:copper:CU0
a7a1a37410081a6b,akshare_futures_main_sina,https://vip.stock.finance.sina.com.cn/quotes_service/view/qihuohangqing.html,2024-06-05,2026-06-13T18:13:18,601899,601899,沪铜主连价格下跌触发商品冲击,"沪铜主连(CU0) 2024-06-05 收盘 8.006e+04; 1日涨跌 -2.33%, 5日涨跌 -6.33%. 该事件按产业链映射进入相关股票的事件因子。",explicit_symbol,1.0,601899,commodity_shock,negative,-0.5063765063765064,0.7,market_data,0.75,-0.26584766584766584,not_available,0,,2024-06-05,a7a1a37410081a6b48a9d87ef6e0132fe3ac03c8,commodity_shock:copper:CU0
4f777cb26ecdfe8b,akshare_futures_main_sina,https://vip.stock.finance.sina.com.cn/quotes_service/view/qihuohangqing.html,2024-07-23,2026-06-13T18:13:18,601899,601899,沪铜主连价格下跌触发商品冲击,"沪铜主连(CU0) 2024-07-23 收盘 7.471e+04; 1日涨跌 -1.39%, 5日涨跌 -5.76%. 该事件按产业链映射进入相关股票的事件因子。",explicit_symbol,1.0,601899,commodity_shock,negative,-0.4611503531786072,0.7,market_data,0.75,-0.24210393541876876,not_available,0,,2024-07-23,4f777cb26ecdfe8b18cd0672d097bbb19496b7ae,commodity_shock:copper:CU0
ba1317221028df13,akshare_futures_main_sina,https://vip.stock.finance.sina.com.cn/quotes_service/view/qihuohangqing.html,2024-07-25,2026-06-13T18:13:18,601899,601899,沪铜主连价格下跌触发商品冲击,"沪铜主连(CU0) 2024-07-25 收盘 7.303e+04; 1日涨跌 -2.63%, 5日涨跌 -6.83%. 该事件按产业链映射进入相关股票的事件因子。",explicit_symbol,1.0,601899,commodity_shock,negative,-0.5460576677723905,0.7,market_data,0.75,-0.286680275580505,not_available,0,,2024-07-25,ba1317221028df1375808776d977e1a548bef01d,commodity_shock:copper:CU0
e6ee509ff6d6526a,akshare_futures_main_sina,https://vip.stock.finance.sina.com.cn/quotes_service/view/qihuohangqing.html,2024-08-08,2026-06-13T18:13:18,601899,601899,沪铜主连价格下跌触发商品冲击,"沪铜主连(CU0) 2024-08-08 收盘 7.068e+04; 1日涨跌 -0.99%, 5日涨跌 -5.48%. 该事件按产业链映射进入相关股票的事件因子。",explicit_symbol,1.0,601899,commodity_shock,negative,-0.43861995185878566,0.7,market_data,0.75,-0.23027547472586246,not_available,0,,2024-08-08,e6ee509ff6d6526afd888f2acdd366f559272422,commodity_shock:copper:CU0
ca57b480ded33ba4,akshare_futures_main_sina,https://vip.stock.finance.sina.com.cn/quotes_service/view/qihuohangqing.html,2025-04-07,2026-06-13T18:13:18,601899,601899,沪铜主连价格下跌触发商品冲击,"沪铜主连(CU0) 2025-04-07 收盘 7.364e+04; 1日涨跌 -6.62%, 5日涨跌 -8.46%. 该事件按产业链映射进入相关股票的事件因子。",explicit_symbol,1.0,601899,commodity_shock,negative,-0.6771908017402115,0.7,market_data,0.75,-0.355525170913611,not_available,0,,2025-04-07,ca57b480ded33ba4a65c2fa641894cfb5f377791,commodity_shock:copper:CU0
ca28aebd09918baf,akshare_futures_main_sina,https://vip.stock.finance.sina.com.cn/quotes_service/view/qihuohangqing.html,2025-04-08,2026-06-13T18:13:18,601899,601899,沪铜主连价格下跌触发商品冲击,"沪铜主连(CU0) 2025-04-08 收盘 7.336e+04; 1日涨跌 -0.38%, 5日涨跌 -8.24%. 该事件按产业链映射进入相关股票的事件因子。",explicit_symbol,1.0,601899,commodity_shock,negative,-0.6594121325828644,0.7,market_data,0.75,-0.3461913696060038,not_available,0,,2025-04-08,ca28aebd09918baf6afbbf881ff6465c73e18b7a,commodity_shock:copper:CU0
94d3b1c9ad7259ba,akshare_futures_main_sina,https://vip.stock.finance.sina.com.cn/quotes_service/view/qihuohangqing.html,2025-04-09,2026-06-13T18:13:18,601899,601899,沪铜主连价格下跌触发商品冲击,"沪铜主连(CU0) 2025-04-09 收盘 7.213e+04; 1日涨跌 -1.68%, 5日涨跌 -10.32%. 该事件按产业链映射进入相关股票的事件因子。",explicit_symbol,1.0,601899,commodity_shock,negative,-0.8255626010195201,0.7,market_data,0.75,-0.433420365535248,not_available,0,,2025-04-09,94d3b1c9ad7259ba395d7228afd53fbad2aa172a,commodity_shock:copper:CU0
81cf00099eae8ff4,akshare_futures_main_sina,https://vip.stock.finance.sina.com.cn/quotes_service/view/qihuohangqing.html,2025-04-10,2026-06-13T18:13:18,601899,601899,沪铜主连价格下跌触发商品冲击,"沪铜主连(CU0) 2025-04-10 收盘 7.53e+04; 1日涨跌 4.39%, 5日涨跌 -5.75%. 该事件按产业链映射进入相关股票的事件因子。",explicit_symbol,1.0,601899,commodity_shock,negative,-0.4596319939917386,0.7,market_data,0.75,-0.24130679684566275,not_available,0,,2025-04-10,81cf00099eae8ff40c6a940ec7a85c1c316b06a8,commodity_shock:copper:CU0
c50e1a62ada2d8a7,akshare_futures_main_sina,https://vip.stock.finance.sina.com.cn/quotes_service/view/qihuohangqing.html,2025-09-25,2026-06-13T18:13:18,601899,601899,沪铜主连价格上涨触发商品冲击,"沪铜主连(CU0) 2025-09-25 收盘 8.271e+04; 1日涨跌 3.44%, 5日涨跌 3.93%. 该事件按产业链映射进入相关股票的事件因子。",explicit_symbol,1.0,601899,commodity_shock,positive,0.3146519225936171,0.7,market_data,0.75,0.16519225936164894,not_available,0,,2025-09-25,c50e1a62ada2d8a7c238a451f99ff21a5c0423ed,commodity_shock:copper:CU0
1be1537d4403678a,akshare_futures_main_sina,https://vip.stock.finance.sina.com.cn/quotes_service/view/qihuohangqing.html,2025-10-09,2026-06-13T18:13:18,601899,601899,沪铜主连价格上涨触发商品冲击,"沪铜主连(CU0) 2025-10-09 收盘 8.675e+04; 1日涨跌 4.38%, 5日涨跌 8.49%. 该事件按产业链映射进入相关股票的事件因子。",explicit_symbol,1.0,601899,commodity_shock,positive,0.679339669834917,0.7,market_data,0.75,0.3566533266633314,not_available,0,,2025-10-09,1be1537d4403678a5ddb3c10a29c20f00064db4f,commodity_shock:copper:CU0
829c38361ba1eb98,akshare_futures_main_sina,https://vip.stock.finance.sina.com.cn/quotes_service/view/qihuohangqing.html,2025-12-05,2026-06-13T18:13:18,601899,601899,沪铜主连价格上涨触发商品冲击,"沪铜主连(CU0) 2025-12-05 收盘 9.278e+04; 1日涨跌 1.98%, 5日涨跌 6.12%. 该事件按产业链映射进入相关股票的事件因子。",explicit_symbol,1.0,601899,commodity_shock,positive,0.4895344847306422,0.7,market_data,0.75,0.2570056044835871,not_available,0,,2025-12-05,829c38361ba1eb98244720ac2ec1687f691291e7,commodity_shock:copper:CU0
7c292952763149e6,akshare_futures_main_sina,https://vip.stock.finance.sina.com.cn/quotes_service/view/qihuohangqing.html,2025-12-26,2026-06-13T18:13:18,601899,601899,沪铜主连价格上涨触发商品冲击,"沪铜主连(CU0) 2025-12-26 收盘 9.872e+04; 1日涨跌 2.61%, 5日涨跌 5.95%. 该事件按产业链映射进入相关股票的事件因子。",explicit_symbol,1.0,601899,commodity_shock,positive,0.47563854904485936,0.7,market_data,0.75,0.24971023824855115,not_available,0,,2025-12-26,7c292952763149e66d578b735015ef9db2bb4a2a,commodity_shock:copper:CU0
a95f8eb3317605e0,akshare_futures_main_sina,https://vip.stock.finance.sina.com.cn/quotes_service/view/qihuohangqing.html,2026-01-05,2026-06-13T18:13:18,601899,601899,沪铜主连价格上涨触发商品冲击,"沪铜主连(CU0) 2026-01-05 收盘 1.014e+05; 1日涨跌 3.17%, 5日涨跌 5.34%. 该事件按产业链映射进入相关股票的事件因子。",explicit_symbol,1.0,601899,commodity_shock,positive,0.4273983993347876,0.7,market_data,0.75,0.22438415965076347,not_available,0,,2026-01-05,a95f8eb3317605e0ce1e6fa201d3db963ba29f69,commodity_shock:copper:CU0
2e7e877c143d6174,akshare_futures_main_sina,https://vip.stock.finance.sina.com.cn/quotes_service/view/qihuohangqing.html,2026-01-06,2026-06-13T18:13:18,601899,601899,沪铜主连价格上涨触发商品冲击,"沪铜主连(CU0) 2026-01-06 收盘 1.053e+05; 1日涨跌 3.92%, 5日涨跌 6.69%. 该事件按产业链映射进入相关股票的事件因子。",explicit_symbol,1.0,601899,commodity_shock,positive,0.5348460291734192,0.7,market_data,0.75,0.28079416531604506,not_available,0,,2026-01-06,2e7e877c143d61740b6ae8326a3182d1cc58ab1a,commodity_shock:copper:CU0
47cb49f855c2b3fb,akshare_futures_main_sina,https://vip.stock.finance.sina.com.cn/quotes_service/view/qihuohangqing.html,2026-01-29,2026-06-13T18:13:18,601899,601899,沪铜主连价格上涨触发商品冲击,"沪铜主连(CU0) 2026-01-29 收盘 1.091e+05; 1日涨跌 5.87%, 5日涨跌 8.35%. 该事件按产业链映射进入相关股票的事件因子。",explicit_symbol,1.0,601899,commodity_shock,positive,0.6681231380337636,0.7,market_data,0.75,0.35076464746772584,not_available,0,,2026-01-29,47cb49f855c2b3fb485a6811f1ac42e5f198796e,commodity_shock:copper:CU0
1d8c8dd90de5a7b7,akshare_futures_main_sina,https://vip.stock.finance.sina.com.cn/quotes_service/view/qihuohangqing.html,2026-01-30,2026-06-13T18:13:18,601899,601899,沪铜主连价格下跌触发商品冲击,"沪铜主连(CU0) 2026-01-30 收盘 1.037e+05; 1日涨跌 -4.98%, 5日涨跌 2.31%. 该事件按产业链映射进入相关股票的事件因子。",explicit_symbol,1.0,601899,commodity_shock,negative,-0.39813032719274144,0.7,market_data,0.75,-0.20901842177618923,not_available,0,,2026-01-30,1d8c8dd90de5a7b779137294e63238e416f2ab3f,commodity_shock:copper:CU0
35767b2938ce4ebd,akshare_futures_main_sina,https://vip.stock.finance.sina.com.cn/quotes_service/view/qihuohangqing.html,2026-02-02,2026-06-13T18:13:18,601899,601899,沪铜主连价格下跌触发商品冲击,"沪铜主连(CU0) 2026-02-02 收盘 9.858e+04; 1日涨跌 -4.92%, 5日涨跌 -3.24%. 该事件按产业链映射进入相关股票的事件因子。",explicit_symbol,1.0,601899,commodity_shock,negative,-0.39351851851851816,0.7,market_data,0.75,-0.20659722222222202,not_available,0,,2026-02-02,35767b2938ce4ebdd08248a679f2a3012d0f266b,commodity_shock:copper:CU0
b8c75942c8cb5bb3,akshare_futures_main_sina,https://vip.stock.finance.sina.com.cn/quotes_service/view/qihuohangqing.html,2026-02-03,2026-06-13T18:13:18,601899,601899,沪铜主连价格上涨触发商品冲击,"沪铜主连(CU0) 2026-02-03 收盘 1.045e+05; 1日涨跌 6.01%, 5日涨跌 1.85%. 该事件按产业链映射进入相关股票的事件因子。",explicit_symbol,1.0,601899,commodity_shock,positive,0.48042199229052507,0.7,market_data,0.75,0.25222154595252566,not_available,0,,2026-02-03,b8c75942c8cb5bb3738e339027fb20e1134ae011,commodity_shock:copper:CU0
feb493ff5e2e5187,akshare_futures_main_sina,https://vip.stock.finance.sina.com.cn/quotes_service/view/qihuohangqing.html,2026-02-05,2026-06-13T18:13:18,601899,601899,沪铜主连价格下跌触发商品冲击,"沪铜主连(CU0) 2026-02-05 收盘 1.01e+05; 1日涨跌 -3.97%, 5日涨跌 -7.45%. 该事件按产业链映射进入相关股票的事件因子。",explicit_symbol,1.0,601899,commodity_shock,negative,-0.59609568325543,0.7,market_data,0.75,-0.31295023370910074,not_available,0,,2026-02-05,feb493ff5e2e518742579b20ba3a145ad43eeaae,commodity_shock:copper:CU0
f19f894ae1bbf6fb,akshare_futures_main_sina,https://vip.stock.finance.sina.com.cn/quotes_service/view/qihuohangqing.html,2026-03-19,2026-06-13T18:13:18,601899,601899,沪铜主连价格下跌触发商品冲击,"沪铜主连(CU0) 2026-03-19 收盘 9.442e+04; 1日涨跌 -4.25%, 5日涨跌 -6.52%. 该事件按产业链映射进入相关股票的事件因子。",explicit_symbol,1.0,601899,commodity_shock,negative,-0.5219285219285217,0.7,market_data,0.75,-0.27401247401247386,not_available,0,,2026-03-19,f19f894ae1bbf6fb429cbb26e8cf20caf696315f,commodity_shock:copper:CU0
4b766bfd287a3ca0,akshare_futures_main_sina,https://vip.stock.finance.sina.com.cn/quotes_service/view/qihuohangqing.html,2026-03-20,2026-06-13T18:13:18,601899,601899,沪铜主连价格下跌触发商品冲击,"沪铜主连(CU0) 2026-03-20 收盘 9.474e+04; 1日涨跌 0.34%, 5日涨跌 -5.55%. 该事件按产业链映射进入相关股票的事件因子。",explicit_symbol,1.0,601899,commodity_shock,negative,-0.4442229089821552,0.7,market_data,0.75,-0.23321702721563148,not_available,0,,2026-03-20,4b766bfd287a3ca08d64833e29b3b4c5cdc9b1ed,commodity_shock:copper:CU0
bdefbf6e329ee0ec,akshare_futures_main_sina,https://vip.stock.finance.sina.com.cn/quotes_service/view/qihuohangqing.html,2026-03-23,2026-06-13T18:13:18,601899,601899,沪铜主连价格下跌触发商品冲击,"沪铜主连(CU0) 2026-03-23 收盘 9.21e+04; 1日涨跌 -2.79%, 5日涨跌 -7.64%. 该事件按产业链映射进入相关股票的事件因子。",explicit_symbol,1.0,601899,commodity_shock,negative,-0.6113116726835139,0.7,market_data,0.75,-0.3209386281588448,not_available,0,,2026-03-23,bdefbf6e329ee0eca31ca2d9c3fef2991a08d763,commodity_shock:copper:CU0
0fb5e044999bef3b,akshare_futures_main_sina,https://vip.stock.finance.sina.com.cn/quotes_service/view/qihuohangqing.html,2026-05-12,2026-06-13T18:13:18,601899,601899,沪铜主连价格上涨触发商品冲击,"沪铜主连(CU0) 2026-05-12 收盘 1.065e+05; 1日涨跌 1.81%, 5日涨跌 5.42%. 该事件按产业链映射进入相关股票的事件因子。",explicit_symbol,1.0,601899,commodity_shock,positive,0.43393051568840946,0.7,market_data,0.75,0.22781352073641495,not_available,0,,2026-05-12,0fb5e044999bef3b19050bdde6efe87b470509e8,commodity_shock:copper:CU0
db74295c39ccc93e,akshare_futures_main_sina,https://vip.stock.finance.sina.com.cn/quotes_service/view/qihuohangqing.html,2026-05-13,2026-06-13T18:13:18,601899,601899,沪铜主连价格上涨触发商品冲击,"沪铜主连(CU0) 2026-05-13 收盘 1.085e+05; 1日涨跌 1.88%, 5日涨跌 5.70%. 该事件按产业链映射进入相关股票的事件因子。",explicit_symbol,1.0,601899,commodity_shock,positive,0.45587375803623686,0.7,market_data,0.75,0.23933372296902433,not_available,0,,2026-05-13,db74295c39ccc93e064e90b08a75af67c638f21e,commodity_shock:copper:CU0
62a6baf4fb83c111,akshare_futures_main_sina,https://vip.stock.finance.sina.com.cn/quotes_service/view/qihuohangqing.html,2024-04-08,2026-06-13T18:13:18,601899,601899,沪金主连价格上涨触发商品冲击,"沪金主连(AU0) 2024-04-08 收盘 554.7; 1日涨跌 2.44%, 5日涨跌 6.68%. 该事件按产业链映射进入相关股票的事件因子。",explicit_symbol,1.0,601899,commodity_shock,positive,0.5344615384615388,0.7,market_data,0.75,0.2805923076923078,not_available,0,,2024-04-08,62a6baf4fb83c11123485ff129ce12492fdae40f,commodity_shock:gold:AU0
9f34386c47c3c250,akshare_futures_main_sina,https://vip.stock.finance.sina.com.cn/quotes_service/view/qihuohangqing.html,2024-06-11,2026-06-13T18:13:18,601899,601899,沪金主连价格下跌触发商品冲击,"沪金主连(AU0) 2024-06-11 收盘 544.8; 1日涨跌 -3.12%, 5日涨跌 -1.23%. 该事件按产业链映射进入相关股票的事件因子。",explicit_symbol,1.0,601899,commodity_shock,negative,-0.24926195980793153,0.7,market_data,0.75,-0.13086252889916405,not_available,0,,2024-06-11,9f34386c47c3c250a6f9247d2e1c7136b492300e,commodity_shock:gold:AU0
56d26240ece2781b,akshare_futures_main_sina,https://vip.stock.finance.sina.com.cn/quotes_service/view/qihuohangqing.html,2024-11-22,2026-06-13T18:13:18,601899,601899,沪金主连价格上涨触发商品冲击,"沪金主连(AU0) 2024-11-22 收盘 627.9; 1日涨跌 1.65%, 5日涨跌 5.83%. 该事件按产业链映射进入相关股票的事件因子。",explicit_symbol,1.0,601899,commodity_shock,positive,0.46627338614528924,0.7,market_data,0.75,0.24479352772627683,not_available,0,,2024-11-22,56d26240ece2781b6fee37674b7aa298481f7085,commodity_shock:gold:AU0
86f40cb8c4fcb012,akshare_futures_main_sina,https://vip.stock.finance.sina.com.cn/quotes_service/view/qihuohangqing.html,2025-02-05,2026-06-13T18:13:18,601899,601899,沪金主连价格上涨触发商品冲击,"沪金主连(AU0) 2025-02-05 收盘 670.6; 1日涨跌 3.57%, 5日涨跌 4.82%. 该事件按产业链映射进入相关股票的事件因子。",explicit_symbol,1.0,601899,commodity_shock,positive,0.3858826471599617,0.7,market_data,0.75,0.20258838975897986,not_available,0,,2025-02-05,86f40cb8c4fcb0127568dca1a34d2398623eca48,commodity_shock:gold:AU0
295cf6b4bc0910cf,akshare_futures_main_sina,https://vip.stock.finance.sina.com.cn/quotes_service/view/qihuohangqing.html,2025-02-11,2026-06-13T18:13:18,601899,601899,沪金主连价格上涨触发商品冲击,"沪金主连(AU0) 2025-02-11 收盘 685.7; 1日涨跌 0.98%, 5日涨跌 5.90%. 该事件按产业链映射进入相关股票的事件因子。",explicit_symbol,1.0,601899,commodity_shock,positive,0.4719399573771508,0.7,market_data,0.75,0.24776847762300414,not_available,0,,2025-02-11,295cf6b4bc0910cf7962b7bc5acb40cce94ca2ec,commodity_shock:gold:AU0
4c255721e24b38c8,akshare_futures_main_sina,https://vip.stock.finance.sina.com.cn/quotes_service/view/qihuohangqing.html,2025-04-14,2026-06-13T18:13:18,601899,601899,沪金主连价格上涨触发商品冲击,"沪金主连(AU0) 2025-04-14 收盘 763.6; 1日涨跌 0.84%, 5日涨跌 6.33%. 该事件按产业链映射进入相关股票的事件因子。",explicit_symbol,1.0,601899,commodity_shock,positive,0.5063911554206477,0.7,market_data,0.75,0.26585535659584003,not_available,0,,2025-04-14,4c255721e24b38c8ffa191f19b013d197fb7ee0d,commodity_shock:gold:AU0
e6fb6f6eec600ed8,akshare_futures_main_sina,https://vip.stock.finance.sina.com.cn/quotes_service/view/qihuohangqing.html,2025-04-15,2026-06-13T18:13:18,601899,601899,沪金主连价格上涨触发商品冲击,"沪金主连(AU0) 2025-04-15 收盘 764.4; 1日涨跌 0.10%, 5日涨跌 6.29%. 该事件按产业链映射进入相关股票的事件因子。",explicit_symbol,1.0,601899,commodity_shock,positive,0.5029893495731486,0.7,market_data,0.75,0.264069408525903,not_available,0,,2025-04-15,e6fb6f6eec600ed87ab5dd65e5a4abbd618cbb56,commodity_shock:gold:AU0
449be86ea883a37e,akshare_futures_main_sina,https://vip.stock.finance.sina.com.cn/quotes_service/view/qihuohangqing.html,2025-04-16,2026-06-13T18:13:18,601899,601899,沪金主连价格上涨触发商品冲击,"沪金主连(AU0) 2025-04-16 收盘 781.6; 1日涨跌 2.24%, 5日涨跌 7.34%. 该事件按产业链映射进入相关股票的事件因子。",explicit_symbol,1.0,601899,commodity_shock,positive,0.587359573708353,0.7,market_data,0.75,0.3083637761968853,not_available,0,,2025-04-16,449be86ea883a37eaf24eab9d56031f924de12d7,commodity_shock:gold:AU0
1c0c43a68b5fe3ff,akshare_futures_main_sina,https://vip.stock.finance.sina.com.cn/quotes_service/view/qihuohangqing.html,2025-04-17,2026-06-13T18:13:18,601899,601899,沪金主连价格上涨触发商品冲击,"沪金主连(AU0) 2025-04-17 收盘 789.2; 1日涨跌 0.97%, 5日涨跌 6.01%. 该事件按产业链映射进入相关股票的事件因子。",explicit_symbol,1.0,601899,commodity_shock,positive,0.48076509778637444,0.7,market_data,0.75,0.25240167633784655,not_available,0,,2025-04-17,1c0c43a68b5fe3ff4a58a660c8e8464a324592e5,commodity_shock:gold:AU0
599f012783091159,akshare_futures_main_sina,https://vip.stock.finance.sina.com.cn/quotes_service/view/qihuohangqing.html,2025-04-21,2026-06-13T18:13:18,601899,601899,沪金主连价格上涨触发商品冲击,"沪金主连(AU0) 2025-04-21 收盘 805.1; 1日涨跌 1.77%, 5日涨跌 5.42%. 该事件按产业链映射进入相关股票的事件因子。",explicit_symbol,1.0,601899,commodity_shock,positive,0.43392174322979393,0.7,market_data,0.75,0.22780891519564178,not_available,0,,2025-04-21,599f0127830911597d89b174135e92888a3c2c95,commodity_shock:gold:AU0
d06de43cb9b109fe,akshare_futures_main_sina,https://vip.stock.finance.sina.com.cn/quotes_service/view/qihuohangqing.html,2025-04-22,2026-06-13T18:13:18,601899,601899,沪金主连价格上涨触发商品冲击,"沪金主连(AU0) 2025-04-22 收盘 831.4; 1日涨跌 3.27%, 5日涨跌 8.76%. 该事件按产业链映射进入相关股票的事件因子。",explicit_symbol,1.0,601899,commodity_shock,positive,0.7009575637067655,0.7,market_data,0.75,0.36800272094605185,not_available,0,,2025-04-22,d06de43cb9b109fe4ad12a394e14760e6c07b34f,commodity_shock:gold:AU0
5a7e293b31ac76ce,akshare_futures_main_sina,https://vip.stock.finance.sina.com.cn/quotes_service/view/qihuohangqing.html,2025-04-23,2026-06-13T18:13:18,601899,601899,沪金主连价格下跌触发商品冲击,"沪金主连(AU0) 2025-04-23 收盘 784.3; 1日涨跌 -5.67%, 5日涨跌 0.34%. 该事件按产业链映射进入相关股票的事件因子。",explicit_symbol,1.0,601899,commodity_shock,negative,-0.453585432152221,0.7,market_data,0.75,-0.23813235187991602,not_available,0,,2025-04-23,5a7e293b31ac76cee4a232a8569b83e8982b7f85,commodity_shock:gold:AU0
2599c549383695ce,akshare_futures_main_sina,https://vip.stock.finance.sina.com.cn/quotes_service/view/qihuohangqing.html,2025-04-29,2026-06-13T18:13:18,601899,601899,沪金主连价格下跌触发商品冲击,"沪金主连(AU0) 2025-04-29 收盘 785.1; 1日涨跌 0.65%, 5日涨跌 -5.57%. 该事件按产业链映射进入相关股票的事件因子。",explicit_symbol,1.0,601899,commodity_shock,negative,-0.44531043275360194,0.7,market_data,0.75,-0.23378797719564098,not_available,0,,2025-04-29,2599c549383695ceb7180da4fd883c183403ba5e,commodity_shock:gold:AU0
6504365b03836cd2,akshare_futures_main_sina,https://vip.stock.finance.sina.com.cn/quotes_service/view/qihuohangqing.html,2025-05-15,2026-06-13T18:13:18,601899,601899,沪金主连价格下跌触发商品冲击,"沪金主连(AU0) 2025-05-15 收盘 739.8; 1日涨跌 -2.88%, 5日涨跌 -6.44%. 该事件按产业链映射进入相关股票的事件因子。",explicit_symbol,1.0,601899,commodity_shock,negative,-0.5155416171375089,0.7,market_data,0.75,-0.27065934899719213,not_available,0,,2025-05-15,6504365b03836cd2b83e4275bcca776052cef5bc,commodity_shock:gold:AU0
c7e20576a3bfa057,akshare_futures_main_sina,https://vip.stock.finance.sina.com.cn/quotes_service/view/qihuohangqing.html,2025-05-21,2026-06-13T18:13:18,601899,601899,沪金主连价格上涨触发商品冲击,"沪金主连(AU0) 2025-05-21 收盘 778.8; 1日涨跌 3.23%, 5日涨跌 2.24%. 该事件按产业链映射进入相关股票的事件因子。",explicit_symbol,1.0,601899,commodity_shock,positive,0.25875553434608456,0.7,market_data,0.75,0.1358466555316944,not_available,0,,2025-05-21,c7e20576a3bfa057c085973d88a2067dfb79f887,commodity_shock:gold:AU0
441aa80131061d1b,akshare_futures_main_sina,https://vip.stock.finance.sina.com.cn/quotes_service/view/qihuohangqing.html,2025-05-22,2026-06-13T18:13:18,601899,601899,沪金主连价格上涨触发商品冲击,"沪金主连(AU0) 2025-05-22 收盘 780.1; 1日涨跌 0.17%, 5日涨跌 5.44%. 该事件按产业链映射进入相关股票的事件因子。",explicit_symbol,1.0,601899,commodity_shock,positive,0.43556540780189756,0.7,market_data,0.75,0.2286718390959962,not_available,0,,2025-05-22,441aa80131061d1bedb68f4afd71f674d66ce7a4,commodity_shock:gold:AU0
e0ab9636f7acec45,akshare_futures_main_sina,https://vip.stock.finance.sina.com.cn/quotes_service/view/qihuohangqing.html,2025-10-09,2026-06-13T18:13:18,601899,601899,沪金主连价格上涨触发商品冲击,"沪金主连(AU0) 2025-10-09 收盘 914.3; 1日涨跌 4.57%, 5日涨跌 6.32%. 该事件按产业链映射进入相关股票的事件因子。",explicit_symbol,1.0,601899,commodity_shock,positive,0.5053023255813951,0.7,market_data,0.75,0.2652837209302324,not_available,0,,2025-10-09,e0ab9636f7acec453cf6bdc0b6e84bf5decfd387,commodity_shock:gold:AU0
122db5dec910a912,akshare_futures_main_sina,https://vip.stock.finance.sina.com.cn/quotes_service/view/qihuohangqing.html,2025-10-10,2026-06-13T18:13:18,601899,601899,沪金主连价格上涨触发商品冲击,"沪金主连(AU0) 2025-10-10 收盘 901.6; 1日涨跌 -1.40%, 5日涨跌 5.48%. 该事件按产业链映射进入相关股票的事件因子。",explicit_symbol,1.0,601899,commodity_shock,positive,0.4384125795582179,0.7,market_data,0.75,0.23016660426806437,not_available,0,,2025-10-10,122db5dec910a9123eac2f96d8636f64db4b4286,commodity_shock:gold:AU0
708ce031f667263b,akshare_futures_main_sina,https://vip.stock.finance.sina.com.cn/quotes_service/view/qihuohangqing.html,2025-10-13,2026-06-13T18:13:18,601899,601899,沪金主连价格上涨触发商品冲击,"沪金主连(AU0) 2025-10-13 收盘 927.6; 1日涨跌 2.88%, 5日涨跌 8.35%. 该事件按产业链映射进入相关股票的事件因子。",explicit_symbol,1.0,601899,commodity_shock,positive,0.6681774641964342,0.7,market_data,0.75,0.35079316870312793,not_available,0,,2025-10-13,708ce031f667263be33f42a43f5f218a233da147,commodity_shock:gold:AU0
c3f97d958def2818,akshare_futures_main_sina,https://vip.stock.finance.sina.com.cn/quotes_service/view/qihuohangqing.html,2025-10-14,2026-06-13T18:13:18,601899,601899,沪金主连价格上涨触发商品冲击,"沪金主连(AU0) 2025-10-14 收盘 939; 1日涨跌 1.23%, 5日涨跌 8.36%. 该事件按产业链映射进入相关股票的事件因子。",explicit_symbol,1.0,601899,commodity_shock,positive,0.668974749573005,0.7,market_data,0.75,0.35121174352582757,not_available,0,,2025-10-14,c3f97d958def2818f584caf56dea795391e25655,commodity_shock:gold:AU0
e12a335f718aa324,akshare_futures_main_sina,https://vip.stock.finance.sina.com.cn/quotes_service/view/qihuohangqing.html,2025-10-15,2026-06-13T18:13:18,601899,601899,沪金主连价格上涨触发商品冲击,"沪金主连(AU0) 2025-10-15 收盘 960.3; 1日涨跌 2.27%, 5日涨跌 9.83%. 该事件按产业链映射进入相关股票的事件因子。",explicit_symbol,1.0,601899,commodity_shock,positive,0.7862763037511442,0.7,market_data,0.75,0.4127950594693507,not_available,0,,2025-10-15,e12a335f718aa3249b5c6d25007d0a6c939b7f1d,commodity_shock:gold:AU0
202ac1ed1d2c3f41,akshare_futures_main_sina,https://vip.stock.finance.sina.com.cn/quotes_service/view/qihuohangqing.html,2025-10-16,2026-06-13T18:13:18,601899,601899,沪金主连价格上涨触发商品冲击,"沪金主连(AU0) 2025-10-16 收盘 966.4; 1日涨跌 0.63%, 5日涨跌 5.70%. 该事件按产业链映射进入相关股票的事件因子。",explicit_symbol,1.0,601899,commodity_shock,positive,0.45585790532854986,0.7,market_data,0.75,0.23932540029748867,not_available,0,,2025-10-16,202ac1ed1d2c3f41bd5f86f2c4031299d522fb5b,commodity_shock:gold:AU0
8b5cc9b4368a8f0f,akshare_futures_main_sina,https://vip.stock.finance.sina.com.cn/quotes_service/view/qihuohangqing.html,2025-10-17,2026-06-13T18:13:18,601899,601899,沪金主连价格上涨触发商品冲击,"沪金主连(AU0) 2025-10-17 收盘 999.8; 1日涨跌 3.45%, 5日涨跌 10.90%. 该事件按产业链映射进入相关股票的事件因子。",explicit_symbol,1.0,601899,commodity_shock,positive,0.85,0.7,market_data,0.75,0.44625,not_available,0,,2025-10-17,8b5cc9b4368a8f0f3f03438f1b0b5b396b3d1028,commodity_shock:gold:AU0
26b5e222e6affcdc,akshare_futures_main_sina,https://vip.stock.finance.sina.com.cn/quotes_service/view/qihuohangqing.html,2025-10-21,2026-06-13T18:13:18,601899,601899,沪金主连价格上涨触发商品冲击,"沪金主连(AU0) 2025-10-21 收盘 994.1; 1日涨跌 2.45%, 5日涨跌 5.87%. 该事件按产业链映射进入相关股票的事件因子。",explicit_symbol,1.0,601899,commodity_shock,positive,0.4692751709301568,0.7,market_data,0.75,0.24636946473833232,not_available,0,,2025-10-21,26b5e222e6affcdc4afc495e68c9c8236ee1b835,commodity_shock:gold:AU0
1287cd9f8b4adc92,akshare_futures_main_sina,https://vip.stock.finance.sina.com.cn/quotes_service/view/qihuohangqing.html,2025-10-22,2026-06-13T18:13:18,601899,601899,沪金主连价格下跌触发商品冲击,"沪金主连(AU0) 2025-10-22 收盘 952.6; 1日涨跌 -4.17%, 5日涨跌 -0.81%. 该事件按产业链映射进入相关股票的事件因子。",explicit_symbol,1.0,601899,commodity_shock,negative,-0.333983864153069,0.7,market_data,0.75,-0.1753415286803612,not_available,0,,2025-10-22,1287cd9f8b4adc92446f5da240afb4b7dbf6ebc2,commodity_shock:gold:AU0
508317a1f1797b87,akshare_futures_main_sina,https://vip.stock.finance.sina.com.cn/quotes_service/view/qihuohangqing.html,2025-10-24,2026-06-13T18:13:18,601899,601899,沪金主连价格下跌触发商品冲击,"沪金主连(AU0) 2025-10-24 收盘 938.1; 1日涨跌 -0.44%, 5日涨跌 -6.17%. 该事件按产业链映射进入相关股票的事件因子。",explicit_symbol,1.0,601899,commodity_shock,negative,-0.4936987397479493,0.7,market_data,0.75,-0.25919183836767334,not_available,0,,2025-10-24,508317a1f1797b8767329360a220296a97f87ad7,commodity_shock:gold:AU0
521a70eaea0a0519,akshare_futures_main_sina,https://vip.stock.finance.sina.com.cn/quotes_service/view/qihuohangqing.html,2025-10-28,2026-06-13T18:13:18,601899,601899,沪金主连价格下跌触发商品冲击,"沪金主连(AU0) 2025-10-28 收盘 901.4; 1日涨跌 -3.51%, 5日涨跌 -9.32%. 该事件按产业链映射进入相关股票的事件因子。",explicit_symbol,1.0,601899,commodity_shock,negative,-0.7458704705953361,0.7,market_data,0.75,-0.3915819970625515,not_available,0,,2025-10-28,521a70eaea0a0519a9524c3ff696ed9cd7c4ed3b,commodity_shock:gold:AU0
3a151a6a301d92b1,akshare_futures_main_sina,https://vip.stock.finance.sina.com.cn/quotes_service/view/qihuohangqing.html,2026-01-21,2026-06-13T18:13:18,601899,601899,沪金主连价格上涨触发商品冲击,"沪金主连(AU0) 2026-01-21 收盘 1092; 1日涨跌 3.03%, 5日涨跌 4.67%. 该事件按产业链映射进入相关股票的事件因子。",explicit_symbol,1.0,601899,commodity_shock,positive,0.3734835853504279,0.7,market_data,0.75,0.19607888230897463,not_available,0,,2026-01-21,3a151a6a301d92b17b53c119ae8ef3392a53db0f,commodity_shock:gold:AU0
7b808e9d279f6954,akshare_futures_main_sina,https://vip.stock.finance.sina.com.cn/quotes_service/view/qihuohangqing.html,2026-01-23,2026-06-13T18:13:18,601899,601899,沪金主连价格上涨触发商品冲击,"沪金主连(AU0) 2026-01-23 收盘 1116; 1日涨跌 2.58%, 5日涨跌 7.74%. 该事件按产业链映射进入相关股票的事件因子。",explicit_symbol,1.0,601899,commodity_shock,positive,0.6191405118300342,0.7,market_data,0.75,0.32504876871076793,not_available,0,,2026-01-23,7b808e9d279f69541b628ab08137188ee35e478e,commodity_shock:gold:AU0
855db0b299cb6a88,akshare_futures_main_sina,https://vip.stock.finance.sina.com.cn/quotes_service/view/qihuohangqing.html,2026-01-26,2026-06-13T18:13:18,601899,601899,沪金主连价格上涨触发商品冲击,"沪金主连(AU0) 2026-01-26 收盘 1143; 1日涨跌 2.48%, 5日涨跌 8.70%. 该事件按产业链映射进入相关股票的事件因子。",explicit_symbol,1.0,601899,commodity_shock,positive,0.6961019205172079,0.7,market_data,0.75,0.3654535082715341,not_available,0,,2026-01-26,855db0b299cb6a881490617109d821b5e0ed2235,commodity_shock:gold:AU0
fe24cf33b294cdca,akshare_futures_main_sina,https://vip.stock.finance.sina.com.cn/quotes_service/view/qihuohangqing.html,2026-01-27,2026-06-13T18:13:18,601899,601899,沪金主连价格上涨触发商品冲击,"沪金主连(AU0) 2026-01-27 收盘 1148; 1日涨跌 0.44%, 5日涨跌 8.32%. 该事件按产业链映射进入相关股票的事件因子。",explicit_symbol,1.0,601899,commodity_shock,positive,0.665710836100212,0.7,market_data,0.75,0.34949818895261126,not_available,0,,2026-01-27,fe24cf33b294cdcaad3432f6a13e7e9762f23f9f,commodity_shock:gold:AU0
f6e7a59caeb7d380,akshare_futures_main_sina,https://vip.stock.finance.sina.com.cn/quotes_service/view/qihuohangqing.html,2026-01-28,2026-06-13T18:13:18,601899,601899,沪金主连价格上涨触发商品冲击,"沪金主连(AU0) 2026-01-28 收盘 1186; 1日涨跌 3.29%, 5日涨跌 8.60%. 该事件按产业链映射进入相关股票的事件因子。",explicit_symbol,1.0,601899,commodity_shock,positive,0.6877231529799506,0.7,market_data,0.75,0.361054655314474,not_available,0,,2026-01-28,f6e7a59caeb7d3804afcc8785d2af323dbac0a2b,commodity_shock:gold:AU0
0854daebef6064b1,akshare_futures_main_sina,https://vip.stock.finance.sina.com.cn/quotes_service/view/qihuohangqing.html,2026-01-29,2026-06-13T18:13:18,601899,601899,沪金主连价格上涨触发商品冲击,"沪金主连(AU0) 2026-01-29 收盘 1249; 1日涨跌 5.30%, 5日涨跌 14.85%. 该事件按产业链映射进入相关股票的事件因子。",explicit_symbol,1.0,601899,commodity_shock,positive,0.85,0.7,market_data,0.75,0.44625,not_available,0,,2026-01-29,0854daebef6064b1efb04a876a2a26ba36046078,commodity_shock:gold:AU0
f8313b0dada88342,akshare_futures_main_sina,https://vip.stock.finance.sina.com.cn/quotes_service/view/qihuohangqing.html,2026-01-30,2026-06-13T18:13:18,601899,601899,沪金主连价格下跌触发商品冲击,"沪金主连(AU0) 2026-01-30 收盘 1161; 1日涨跌 -7.02%, 5日涨跌 4.10%. 该事件按产业链映射进入相关股票的事件因子。",explicit_symbol,1.0,601899,commodity_shock,negative,-0.561675419495324,0.7,market_data,0.75,-0.29487959523504503,not_available,0,,2026-01-30,f8313b0dada883429aa0fb980f0845b96ba3da16,commodity_shock:gold:AU0
05fa1ec70dfbe790,akshare_futures_main_sina,https://vip.stock.finance.sina.com.cn/quotes_service/view/qihuohangqing.html,2026-02-02,2026-06-13T18:13:18,601899,601899,沪金主连价格下跌触发商品冲击,"沪金主连(AU0) 2026-02-02 收盘 1009; 1日涨跌 -13.16%, 5日涨跌 -11.78%. 该事件按产业链映射进入相关股票的事件因子。",explicit_symbol,1.0,601899,commodity_shock,negative,-0.85,0.7,market_data,0.75,-0.44625,not_available,0,,2026-02-02,05fa1ec70dfbe7908dcc8740886fa0a031e58316,commodity_shock:gold:AU0
cfb537224d217d52,akshare_futures_main_sina,https://vip.stock.finance.sina.com.cn/quotes_service/view/qihuohangqing.html,2026-02-03,2026-06-13T18:13:18,601899,601899,沪金主连价格上涨触发商品冲击,"沪金主连(AU0) 2026-02-03 收盘 1094; 1日涨跌 8.45%, 5日涨跌 -4.75%. 该事件按产业链映射进入相关股票的事件因子。",explicit_symbol,1.0,601899,commodity_shock,positive,0.6756295855641472,0.7,market_data,0.75,0.35470553242117725,not_available,0,,2026-02-03,cfb537224d217d52bd21d05bcaeaa43bab8461d9,commodity_shock:gold:AU0
c9dcf39b39e6dee4,akshare_futures_main_sina,https://vip.stock.finance.sina.com.cn/quotes_service/view/qihuohangqing.html,2026-02-04,2026-06-13T18:13:18,601899,601899,沪金主连价格上涨触发商品冲击,"沪金主连(AU0) 2026-02-04 收盘 1142; 1日涨跌 4.38%, 5日涨跌 -3.75%. 该事件按产业链映射进入相关股票的事件因子。",explicit_symbol,1.0,601899,commodity_shock,positive,0.3504909579622968,0.7,market_data,0.75,0.1840077529302058,not_available,0,,2026-02-04,c9dcf39b39e6dee42f77b4548a650de7af56d2b9,commodity_shock:gold:AU0
893fc7beb94accb5,akshare_futures_main_sina,https://vip.stock.finance.sina.com.cn/quotes_service/view/qihuohangqing.html,2026-02-05,2026-06-13T18:13:18,601899,601899,沪金主连价格下跌触发商品冲击,"沪金主连(AU0) 2026-02-05 收盘 1106; 1日涨跌 -3.15%, 5日涨跌 -11.48%. 该事件按产业链映射进入相关股票的事件因子。",explicit_symbol,1.0,601899,commodity_shock,negative,-0.85,0.7,market_data,0.75,-0.44625,not_available,0,,2026-02-05,893fc7beb94accb52acf02462c533dc0f2ad08fa,commodity_shock:gold:AU0
653e5b6e058d17a2,akshare_futures_main_sina,https://vip.stock.finance.sina.com.cn/quotes_service/view/qihuohangqing.html,2026-02-06,2026-06-13T18:13:18,601899,601899,沪金主连价格下跌触发商品冲击,"沪金主连(AU0) 2026-02-06 收盘 1090; 1日涨跌 -1.41%, 5日涨跌 -6.14%. 该事件按产业链映射进入相关股票的事件因子。",explicit_symbol,1.0,601899,commodity_shock,negative,-0.491122935716624,0.7,market_data,0.75,-0.2578395412512276,not_available,0,,2026-02-06,653e5b6e058d17a226b1250f625b5317346aed43,commodity_shock:gold:AU0
cceedb5ccf2b45f6,akshare_futures_main_sina,https://vip.stock.finance.sina.com.cn/quotes_service/view/qihuohangqing.html,2026-02-09,2026-06-13T18:13:18,601899,601899,沪金主连价格上涨触发商品冲击,"沪金主连(AU0) 2026-02-09 收盘 1126; 1日涨跌 3.29%, 5日涨跌 11.63%. 该事件按产业链映射进入相关股票的事件因子。",explicit_symbol,1.0,601899,commodity_shock,positive,0.85,0.7,market_data,0.75,0.44625,not_available,0,,2026-02-09,cceedb5ccf2b45f65885cc43ac46b4f2cec60c2b,commodity_shock:gold:AU0
39a497eae9975952,akshare_futures_main_sina,https://vip.stock.finance.sina.com.cn/quotes_service/view/qihuohangqing.html,2026-02-24,2026-06-13T18:13:18,601899,601899,沪金主连价格上涨触发商品冲击,"沪金主连(AU0) 2026-02-24 收盘 1150; 1日涨跌 3.64%, 5日涨跌 2.18%. 该事件按产业链映射进入相关股票的事件因子。",explicit_symbol,1.0,601899,commodity_shock,positive,0.2911449418971266,0.7,market_data,0.75,0.15285109449599144,not_available,0,,2026-02-24,39a497eae9975952c3819ff097d66548e60636c1,commodity_shock:gold:AU0
a61872cc65b98f43,akshare_futures_main_sina,https://vip.stock.finance.sina.com.cn/quotes_service/view/qihuohangqing.html,2026-03-02,2026-06-13T18:13:18,601899,601899,沪金主连价格上涨触发商品冲击,"沪金主连(AU0) 2026-03-02 收盘 1197; 1日涨跌 4.30%, 5日涨跌 7.85%. 该事件按产业链映射进入相关股票的事件因子。",explicit_symbol,1.0,601899,commodity_shock,positive,0.6278353301504378,0.7,market_data,0.75,0.3296135483289798,not_available,0,,2026-03-02,a61872cc65b98f430d3b79c50691548ee98bfaae,commodity_shock:gold:AU0
edcb150d11ab5f92,akshare_futures_main_sina,https://vip.stock.finance.sina.com.cn/quotes_service/view/qihuohangqing.html,2026-03-19,2026-06-13T18:13:18,601899,601899,沪金主连价格下跌触发商品冲击,"沪金主连(AU0) 2026-03-19 收盘 1065; 1日涨跌 -4.61%, 5日涨跌 -7.49%. 该事件按产业链映射进入相关股票的事件因子。",explicit_symbol,1.0,601899,commodity_shock,negative,-0.5992774767264137,0.7,market_data,0.75,-0.31462067528136717,not_available,0,,2026-03-19,edcb150d11ab5f92484b2eed472eca44d8a88ad7,commodity_shock:gold:AU0
5e933a3512399e69,akshare_futures_main_sina,https://vip.stock.finance.sina.com.cn/quotes_service/view/qihuohangqing.html,2026-03-20,2026-06-13T18:13:18,601899,601899,沪金主连价格下跌触发商品冲击,"沪金主连(AU0) 2026-03-20 收盘 1042; 1日涨跌 -2.18%, 5日涨跌 -8.26%. 该事件按产业链映射进入相关股票的事件因子。",explicit_symbol,1.0,601899,commodity_shock,negative,-0.6611849634650948,0.7,market_data,0.75,-0.34712210581917474,not_available,0,,2026-03-20,5e933a3512399e69a1efebf3dcdf678b360e5844,commodity_shock:gold:AU0
38df91c979b670a2,akshare_futures_main_sina,https://vip.stock.finance.sina.com.cn/quotes_service/view/qihuohangqing.html,2026-03-23,2026-06-13T18:13:18,601899,601899,沪金主连价格下跌触发商品冲击,"沪金主连(AU0) 2026-03-23 收盘 942.8; 1日涨跌 -9.52%, 5日涨跌 -15.93%. 该事件按产业链映射进入相关股票的事件因子。",explicit_symbol,1.0,601899,commodity_shock,negative,-0.85,0.7,market_data,0.75,-0.44625,not_available,0,,2026-03-23,38df91c979b670a290d6c7be1afe83251a212816,commodity_shock:gold:AU0
802c069afdce6998,akshare_futures_main_sina,https://vip.stock.finance.sina.com.cn/quotes_service/view/qihuohangqing.html,2026-03-24,2026-06-13T18:13:18,601899,601899,沪金主连价格下跌触发商品冲击,"沪金主连(AU0) 2026-03-24 收盘 979.8; 1日涨跌 3.92%, 5日涨跌 -12.45%. 该事件按产业链映射进入相关股票的事件因子。",explicit_symbol,1.0,601899,commodity_shock,negative,-0.85,0.7,market_data,0.75,-0.44625,not_available,0,,2026-03-24,802c069afdce6998a61eb46216d0c11204a90647,commodity_shock:gold:AU0
66355d9ea6e9eacf,akshare_futures_main_sina,https://vip.stock.finance.sina.com.cn/quotes_service/view/qihuohangqing.html,2026-03-25,2026-06-13T18:13:18,601899,601899,沪金主连价格下跌触发商品冲击,"沪金主连(AU0) 2026-03-25 收盘 1014; 1日涨跌 3.49%, 5日涨跌 -9.21%. 该事件按产业链映射进入相关股票的事件因子。",explicit_symbol,1.0,601899,commodity_shock,negative,-0.7364160607471613,0.7,market_data,0.75,-0.38661843189225964,not_available,0,,2026-03-25,66355d9ea6e9eacfe740b798fa2563fb3712857d,commodity_shock:gold:AU0
75cc7229f16d8724,akshare_futures_main_sina,https://vip.stock.finance.sina.com.cn/quotes_service/view/qihuohangqing.html,2026-03-26,2026-06-13T18:13:18,601899,601899,沪金主连价格下跌触发商品冲击,"沪金主连(AU0) 2026-03-26 收盘 996; 1日涨跌 -1.77%, 5日涨跌 -6.50%. 该事件按产业链映射进入相关股票的事件因子。",explicit_symbol,1.0,601899,commodity_shock,negative,-0.5202861273304169,0.7,market_data,0.75,-0.27315021684846885,not_available,0,,2026-03-26,75cc7229f16d87244df41f399a509eeeb6529ee4,commodity_shock:gold:AU0
5101ae0f33e236c6,akshare_futures_main_sina,https://vip.stock.finance.sina.com.cn/quotes_service/view/qihuohangqing.html,2026-03-30,2026-06-13T18:13:18,601899,601899,沪金主连价格上涨触发商品冲击,"沪金主连(AU0) 2026-03-30 收盘 1015; 1日涨跌 1.62%, 5日涨跌 7.65%. 该事件按产业链映射进入相关股票的事件因子。",explicit_symbol,1.0,601899,commodity_shock,positive,0.611624946966483,0.7,market_data,0.75,0.32110309715740354,not_available,0,,2026-03-30,5101ae0f33e236c64f0db67fd3816a152aeecc48,commodity_shock:gold:AU0
c54173f0c85ab549,akshare_futures_main_sina,https://vip.stock.finance.sina.com.cn/quotes_service/view/qihuohangqing.html,2026-04-01,2026-06-13T18:13:18,601899,601899,沪金主连价格上涨触发商品冲击,"沪金主连(AU0) 2026-04-01 收盘 1053; 1日涨跌 3.24%, 5日涨跌 3.87%. 该事件按产业链映射进入相关股票的事件因子。",explicit_symbol,1.0,601899,commodity_shock,positive,0.30944021460412685,0.7,market_data,0.75,0.16245611266716659,not_available,0,,2026-04-01,c54173f0c85ab5499fc6f54e379315ee4f493d9a,commodity_shock:gold:AU0
3756961dfd7835e7,akshare_futures_main_sina,https://vip.stock.finance.sina.com.cn/quotes_service/view/qihuohangqing.html,2026-06-08,2026-06-13T18:13:18,601899,601899,沪金主连价格下跌触发商品冲击,"沪金主连(AU0) 2026-06-08 收盘 942.2; 1日涨跌 -3.27%, 5日涨跌 -4.21%. 该事件按产业链映射进入相关股票的事件因子。",explicit_symbol,1.0,601899,commodity_shock,negative,-0.3365664206266903,0.7,market_data,0.75,-0.17669737082901238,not_available,0,,2026-06-08,3756961dfd7835e79c16200470f78e91faa179d2,commodity_shock:gold:AU0
b836cf668a931246,akshare_futures_main_sina,https://vip.stock.finance.sina.com.cn/quotes_service/view/qihuohangqing.html,2026-06-10,2026-06-13T18:13:18,601899,601899,沪金主连价格下跌触发商品冲击,"沪金主连(AU0) 2026-06-10 收盘 919.3; 1日涨跌 -2.93%, 5日涨跌 -5.91%. 该事件按产业链映射进入相关股票的事件因子。",explicit_symbol,1.0,601899,commodity_shock,negative,-0.4729193105989271,0.7,market_data,0.75,-0.24828263806443673,not_available,0,,2026-06-10,b836cf668a931246389aa9d7819fe9e778ac9a85,commodity_shock:gold:AU0
d665fd51adc042c9,akshare_futures_main_sina,https://vip.stock.finance.sina.com.cn/quotes_service/view/qihuohangqing.html,2026-01-06,2026-06-13T18:13:18,601899,601899,碳酸锂主连价格上涨触发商品冲击,"碳酸锂主连(LC0) 2026-01-06 收盘 1.379e+05; 1日涨跌 6.12%, 5日涨跌 5.68%. 该事件按产业链映射进入相关股票的事件因子。",explicit_symbol,1.0,601899,commodity_shock,positive,0.4899215263886756,0.7,market_data,0.75,0.25720880135405466,not_available,0,,2026-01-06,d665fd51adc042c9a699cb02811ab6e400dea50d,commodity_shock:lithium:LC0
42c457602c1c44cb,akshare_futures_main_sina,https://vip.stock.finance.sina.com.cn/quotes_service/view/qihuohangqing.html,2026-01-07,2026-06-13T18:13:18,601899,601899,碳酸锂主连价格上涨触发商品冲击,"碳酸锂主连(LC0) 2026-01-07 收盘 1.423e+05; 1日涨跌 3.16%, 5日涨跌 19.76%. 该事件按产业链映射进入相关股票的事件因子。",explicit_symbol,1.0,601899,commodity_shock,positive,0.85,0.7,market_data,0.75,0.44625,not_available,0,,2026-01-07,42c457602c1c44cbb6636c6c93beac31dc70e7ea,commodity_shock:lithium:LC0
1560d5649d40ad83,akshare_futures_main_sina,https://vip.stock.finance.sina.com.cn/quotes_service/view/qihuohangqing.html,2026-01-08,2026-06-13T18:13:18,601899,601899,碳酸锂主连价格上涨触发商品冲击,"碳酸锂主连(LC0) 2026-01-08 收盘 1.45e+05; 1日涨跌 1.90%, 5日涨跌 19.26%. 该事件按产业链映射进入相关股票的事件因子。",explicit_symbol,1.0,601899,commodity_shock,positive,0.85,0.7,market_data,0.75,0.44625,not_available,0,,2026-01-08,1560d5649d40ad83322f4259c94704f493298935,commodity_shock:lithium:LC0
b70fc521ad34095a,akshare_futures_main_sina,https://vip.stock.finance.sina.com.cn/quotes_service/view/qihuohangqing.html,2026-01-09,2026-06-13T18:13:18,601899,601899,碳酸锂主连价格上涨触发商品冲击,"碳酸锂主连(LC0) 2026-01-09 收盘 1.434e+05; 1日涨跌 -1.09%, 5日涨跌 17.96%. 该事件按产业链映射进入相关股票的事件因子。",explicit_symbol,1.0,601899,commodity_shock,positive,0.85,0.7,market_data,0.75,0.44625,not_available,0,,2026-01-09,b70fc521ad34095ae12609be734207cd6142603e,commodity_shock:lithium:LC0
74ad989b1f88d1dd,akshare_futures_main_sina,https://vip.stock.finance.sina.com.cn/quotes_service/view/qihuohangqing.html,2026-01-12,2026-06-13T18:13:18,601899,601899,碳酸锂主连价格上涨触发商品冲击,"碳酸锂主连(LC0) 2026-01-12 收盘 1.561e+05; 1日涨跌 8.81%, 5日涨跌 20.06%. 该事件按产业链映射进入相关股票的事件因子。",explicit_symbol,1.0,601899,commodity_shock,positive,0.85,0.7,market_data,0.75,0.44625,not_available,0,,2026-01-12,74ad989b1f88d1dd3ead5467607ae8238114cf49,commodity_shock:lithium:LC0
c08fa44e153f82db,akshare_futures_main_sina,https://vip.stock.finance.sina.com.cn/quotes_service/view/qihuohangqing.html,2026-01-13,2026-06-13T18:13:18,601899,601899,碳酸锂主连价格上涨触发商品冲击,"碳酸锂主连(LC0) 2026-01-13 收盘 1.67e+05; 1日涨跌 7.00%, 5日涨跌 21.05%. 该事件按产业链映射进入相关股票的事件因子。",explicit_symbol,1.0,601899,commodity_shock,positive,0.85,0.7,market_data,0.75,0.44625,not_available,0,,2026-01-13,c08fa44e153f82db32c4a0dc0f2e21b0451cbbc7,commodity_shock:lithium:LC0
a796061aab8f1843,akshare_futures_main_sina,https://vip.stock.finance.sina.com.cn/quotes_service/view/qihuohangqing.html,2026-01-14,2026-06-13T18:13:18,601899,601899,碳酸锂主连价格上涨触发商品冲击,"碳酸锂主连(LC0) 2026-01-14 收盘 1.619e+05; 1日涨跌 -3.02%, 5日涨跌 13.80%. 该事件按产业链映射进入相关股票的事件因子。",explicit_symbol,1.0,601899,commodity_shock,positive,0.85,0.7,market_data,0.75,0.44625,not_available,0,,2026-01-14,a796061aab8f184308529fa648108e6b50d9f7fd,commodity_shock:lithium:LC0
7524b25a16d7c123,akshare_futures_main_sina,https://vip.stock.finance.sina.com.cn/quotes_service/view/qihuohangqing.html,2026-01-15,2026-06-13T18:13:18,601899,601899,碳酸锂主连价格上涨触发商品冲击,"碳酸锂主连(LC0) 2026-01-15 收盘 1.632e+05; 1日涨跌 0.79%, 5日涨跌 12.57%. 该事件按产业链映射进入相关股票的事件因子。",explicit_symbol,1.0,601899,commodity_shock,positive,0.85,0.7,market_data,0.75,0.44625,not_available,0,,2026-01-15,7524b25a16d7c1238eb7e9f008daddb8d410c872,commodity_shock:lithium:LC0
c6e7eeb2b21b8720,akshare_futures_main_sina,https://vip.stock.finance.sina.com.cn/quotes_service/view/qihuohangqing.html,2026-01-16,2026-06-13T18:13:18,601899,601899,碳酸锂主连价格下跌触发商品冲击,"碳酸锂主连(LC0) 2026-01-16 收盘 1.462e+05; 1日涨跌 -10.43%, 5日涨跌 1.94%. 该事件按产业链映射进入相关股票的事件因子。",explicit_symbol,1.0,601899,commodity_shock,negative,-0.8342114936894989,0.7,market_data,0.75,-0.43796103418698684,not_available,0,,2026-01-16,c6e7eeb2b21b87207596b51822edf002ecf13349,commodity_shock:lithium:LC0
d2edcf0e0a2f9c0b,akshare_futures_main_sina,https://vip.stock.finance.sina.com.cn/quotes_service/view/qihuohangqing.html,2026-01-19,2026-06-13T18:13:18,601899,601899,碳酸锂主连价格下跌触发商品冲击,"碳酸锂主连(LC0) 2026-01-19 收盘 1.473e+05; 1日涨跌 0.73%, 5日涨跌 -5.64%. 该事件按产业链映射进入相关股票的事件因子。",explicit_symbol,1.0,601899,commodity_shock,negative,-0.4511085479943615,0.7,market_data,0.75,-0.23683198769703978,not_available,0,,2026-01-19,d2edcf0e0a2f9c0b338b462a220b28abc2036c03,commodity_shock:lithium:LC0
199c88b5294a67ae,akshare_futures_main_sina,https://vip.stock.finance.sina.com.cn/quotes_service/view/qihuohangqing.html,2026-01-20,2026-06-13T18:13:18,601899,601899,碳酸锂主连价格上涨触发商品冲击,"碳酸锂主连(LC0) 2026-01-20 收盘 1.605e+05; 1日涨跌 8.99%, 5日涨跌 -3.88%. 该事件按产业链映射进入相关股票的事件因子。",explicit_symbol,1.0,601899,commodity_shock,positive,0.7192720358549511,0.7,market_data,0.75,0.3776178188238493,not_available,0,,2026-01-20,199c88b5294a67aeaa720c3989c46436dfe0e832,commodity_shock:lithium:LC0
a723dae2d3a283e5,akshare_futures_main_sina,https://vip.stock.finance.sina.com.cn/quotes_service/view/qihuohangqing.html,2026-01-21,2026-06-13T18:13:18,601899,601899,碳酸锂主连价格上涨触发商品冲击,"碳酸锂主连(LC0) 2026-01-21 收盘 1.667e+05; 1日涨跌 3.89%, 5日涨跌 2.96%. 该事件按产业链映射进入相关股票的事件因子。",explicit_symbol,1.0,601899,commodity_shock,positive,0.31102803738317775,0.7,market_data,0.75,0.1632897196261683,not_available,0,,2026-01-21,a723dae2d3a283e5b3d60a51f740fe1933f00cab,commodity_shock:lithium:LC0
2430d1c2810d0ec7,akshare_futures_main_sina,https://vip.stock.finance.sina.com.cn/quotes_service/view/qihuohangqing.html,2026-01-23,2026-06-13T18:13:18,601899,601899,碳酸锂主连价格上涨触发商品冲击,"碳酸锂主连(LC0) 2026-01-23 收盘 1.815e+05; 1日涨跌 7.55%, 5日涨跌 24.16%. 该事件按产业链映射进入相关股票的事件因子。",explicit_symbol,1.0,601899,commodity_shock,positive,0.85,0.7,market_data,0.75,0.44625,not_available,0,,2026-01-23,2430d1c2810d0ec74a1567e947420a1fcd41e5b0,commodity_shock:lithium:LC0
6783ef1307d0002f,akshare_futures_main_sina,https://vip.stock.finance.sina.com.cn/quotes_service/view/qihuohangqing.html,2026-01-26,2026-06-13T18:13:18,601899,601899,碳酸锂主连价格上涨触发商品冲击,"碳酸锂主连(LC0) 2026-01-26 收盘 1.657e+05; 1日涨跌 -8.73%, 5日涨跌 12.51%. 该事件按产业链映射进入相关股票的事件因子。",explicit_symbol,1.0,601899,commodity_shock,positive,0.85,0.7,market_data,0.75,0.44625,not_available,0,,2026-01-26,6783ef1307d0002f009a6dff3f8613bdd1c43850,commodity_shock:lithium:LC0
11a318f2bdfac406,akshare_futures_main_sina,https://vip.stock.finance.sina.com.cn/quotes_service/view/qihuohangqing.html,2026-01-27,2026-06-13T18:13:18,601899,601899,碳酸锂主连价格上涨触发商品冲击,"碳酸锂主连(LC0) 2026-01-27 收盘 1.796e+05; 1日涨跌 8.40%, 5日涨跌 11.90%. 该事件按产业链映射进入相关股票的事件因子。",explicit_symbol,1.0,601899,commodity_shock,positive,0.85,0.7,market_data,0.75,0.44625,not_available,0,,2026-01-27,11a318f2bdfac40668a374c03fe77ea265f87834,commodity_shock:lithium:LC0
5b4702c9a7a01f32,akshare_futures_main_sina,https://vip.stock.finance.sina.com.cn/quotes_service/view/qihuohangqing.html,2026-01-28,2026-06-13T18:13:18,601899,601899,碳酸锂主连价格下跌触发商品冲击,"碳酸锂主连(LC0) 2026-01-28 收盘 1.663e+05; 1日涨跌 -7.42%, 5日涨跌 -0.28%. 该事件按产业链映射进入相关股票的事件因子。",explicit_symbol,1.0,601899,commodity_shock,negative,-0.5933184855233851,0.7,market_data,0.75,-0.31149220489977714,not_available,0,,2026-01-28,5b4702c9a7a01f3281f6d29b7853cabbbeef56db,commodity_shock:lithium:LC0
08e1197c96e23fbd,akshare_futures_main_sina,https://vip.stock.finance.sina.com.cn/quotes_service/view/qihuohangqing.html,2026-01-30,2026-06-13T18:13:18,601899,601899,碳酸锂主连价格下跌触发商品冲击,"碳酸锂主连(LC0) 2026-01-30 收盘 1.482e+05; 1日涨跌 -10.08%, 5日涨跌 -18.36%. 该事件按产业链映射进入相关股票的事件因子。",explicit_symbol,1.0,601899,commodity_shock,negative,-0.85,0.7,market_data,0.75,-0.44625,not_available,0,,2026-01-30,08e1197c96e23fbd77e5847a4d635c0901e40039,commodity_shock:lithium:LC0
1dbc12400151328b,akshare_futures_main_sina,https://vip.stock.finance.sina.com.cn/quotes_service/view/qihuohangqing.html,2026-02-02,2026-06-13T18:13:18,601899,601899,碳酸锂主连价格下跌触发商品冲击,"碳酸锂主连(LC0) 2026-02-02 收盘 1.324e+05; 1日涨跌 -10.63%, 5日涨跌 -20.06%. 该事件按产业链映射进入相关股票的事件因子。",explicit_symbol,1.0,601899,commodity_shock,negative,-0.85,0.7,market_data,0.75,-0.44625,not_available,0,,2026-02-02,1dbc12400151328b8c0f103a8a53633c878140eb,commodity_shock:lithium:LC0
3820e5633f5696d7,akshare_futures_main_sina,https://vip.stock.finance.sina.com.cn/quotes_service/view/qihuohangqing.html,2026-02-03,2026-06-13T18:13:18,601899,601899,碳酸锂主连价格下跌触发商品冲击,"碳酸锂主连(LC0) 2026-02-03 收盘 1.481e+05; 1日涨跌 11.82%, 5日涨跌 -17.54%. 该事件按产业链映射进入相关股票的事件因子。",explicit_symbol,1.0,601899,commodity_shock,negative,-0.85,0.7,market_data,0.75,-0.44625,not_available,0,,2026-02-03,3820e5633f5696d7aca6739d39e92afbd463399b,commodity_shock:lithium:LC0
16ca51d852cc3f2a,akshare_futures_main_sina,https://vip.stock.finance.sina.com.cn/quotes_service/view/qihuohangqing.html,2026-02-04,2026-06-13T18:13:18,601899,601899,碳酸锂主连价格下跌触发商品冲击,"碳酸锂主连(LC0) 2026-02-04 收盘 1.472e+05; 1日涨跌 -0.59%, 5日涨跌 -11.46%. 该事件按产业链映射进入相关股票的事件因子。",explicit_symbol,1.0,601899,commodity_shock,negative,-0.85,0.7,market_data,0.75,-0.44625,not_available,0,,2026-02-04,16ca51d852cc3f2a0e266045f9b048792e99a181,commodity_shock:lithium:LC0
84f6122ffd85b1ff,akshare_futures_main_sina,https://vip.stock.finance.sina.com.cn/quotes_service/view/qihuohangqing.html,2026-02-05,2026-06-13T18:13:18,601899,601899,碳酸锂主连价格下跌触发商品冲击,"碳酸锂主连(LC0) 2026-02-05 收盘 1.328e+05; 1日涨跌 -9.81%, 5日涨跌 -19.44%. 该事件按产业链映射进入相关股票的事件因子。",explicit_symbol,1.0,601899,commodity_shock,negative,-0.85,0.7,market_data,0.75,-0.44625,not_available,0,,2026-02-05,84f6122ffd85b1ffb9070e8d98c69f1687e616ff,commodity_shock:lithium:LC0
31ec68431acbae4d,akshare_futures_main_sina,https://vip.stock.finance.sina.com.cn/quotes_service/view/qihuohangqing.html,2026-02-06,2026-06-13T18:13:18,601899,601899,碳酸锂主连价格下跌触发商品冲击,"碳酸锂主连(LC0) 2026-02-06 收盘 1.329e+05; 1日涨跌 0.11%, 5日涨跌 -10.31%. 该事件按产业链映射进入相关股票的事件因子。",explicit_symbol,1.0,601899,commodity_shock,negative,-0.8248313090418353,0.7,market_data,0.75,-0.4330364372469635,not_available,0,,2026-02-06,31ec68431acbae4df63c03c553226d14611a2182,commodity_shock:lithium:LC0
b25578210ca50ac8,akshare_futures_main_sina,https://vip.stock.finance.sina.com.cn/quotes_service/view/qihuohangqing.html,2026-02-09,2026-06-13T18:13:18,601899,601899,碳酸锂主连价格上涨触发商品冲击,"碳酸锂主连(LC0) 2026-02-09 收盘 1.37e+05; 1日涨跌 3.07%, 5日涨跌 3.44%. 该事件按产业链映射进入相关股票的事件因子。",explicit_symbol,1.0,601899,commodity_shock,positive,0.27544548474781116,0.7,market_data,0.75,0.14460887949260084,not_available,0,,2026-02-09,b25578210ca50ac816299f7ee3e5bbc865891651,commodity_shock:lithium:LC0
935c8a5d3f65317e,akshare_futures_main_sina,https://vip.stock.finance.sina.com.cn/quotes_service/view/qihuohangqing.html,2026-02-10,2026-06-13T18:13:18,601899,601899,碳酸锂主连价格下跌触发商品冲击,"碳酸锂主连(LC0) 2026-02-10 收盘 1.373e+05; 1日涨跌 0.25%, 5日涨跌 -7.27%. 该事件按产业链映射进入相关股票的事件因子。",explicit_symbol,1.0,601899,commodity_shock,negative,-0.5812288993923023,0.7,market_data,0.75,-0.30514517218095866,not_available,0,,2026-02-10,935c8a5d3f65317e3622db515286e57301ce5e91,commodity_shock:lithium:LC0
8e54713046f5665d,akshare_futures_main_sina,https://vip.stock.finance.sina.com.cn/quotes_service/view/qihuohangqing.html,2026-02-11,2026-06-13T18:13:18,601899,601899,碳酸锂主连价格上涨触发商品冲击,"碳酸锂主连(LC0) 2026-02-11 收盘 1.503e+05; 1日涨跌 9.41%, 5日涨跌 2.06%. 该事件按产业链映射进入相关股票的事件因子。",explicit_symbol,1.0,601899,commodity_shock,positive,0.7525848259793211,0.7,market_data,0.75,0.39510703363914357,not_available,0,,2026-02-11,8e54713046f5665d7c12a0ec37b66b1ca3c23d4a,commodity_shock:lithium:LC0
12c2193ea5c8cc42,akshare_futures_main_sina,https://vip.stock.finance.sina.com.cn/quotes_service/view/qihuohangqing.html,2026-02-12,2026-06-13T18:13:18,601899,601899,碳酸锂主连价格上涨触发商品冲击,"碳酸锂主连(LC0) 2026-02-12 收盘 1.494e+05; 1日涨跌 -0.56%, 5日涨跌 12.53%. 该事件按产业链映射进入相关股票的事件因子。",explicit_symbol,1.0,601899,commodity_shock,positive,0.85,0.7,market_data,0.75,0.44625,not_available,0,,2026-02-12,12c2193ea5c8cc421e3f2b3ea9030d1123bc4f23,commodity_shock:lithium:LC0
a00e1798ceef2536,akshare_futures_main_sina,https://vip.stock.finance.sina.com.cn/quotes_service/view/qihuohangqing.html,2026-02-13,2026-06-13T18:13:18,601899,601899,碳酸锂主连价格上涨触发商品冲击,"碳酸锂主连(LC0) 2026-02-13 收盘 1.526e+05; 1日涨跌 2.15%, 5日涨跌 14.84%. 该事件按产业链映射进入相关股票的事件因子。",explicit_symbol,1.0,601899,commodity_shock,positive,0.85,0.7,market_data,0.75,0.44625,not_available,0,,2026-02-13,a00e1798ceef2536545982c048966c8dcc6fc69d,commodity_shock:lithium:LC0
85be754cb42c6711,akshare_futures_main_sina,https://vip.stock.finance.sina.com.cn/quotes_service/view/qihuohangqing.html,2026-02-24,2026-06-13T18:13:18,601899,601899,碳酸锂主连价格上涨触发商品冲击,"碳酸锂主连(LC0) 2026-02-24 收盘 1.641e+05; 1日涨跌 7.52%, 5日涨跌 19.80%. 该事件按产业链映射进入相关股票的事件因子。",explicit_symbol,1.0,601899,commodity_shock,positive,0.85,0.7,market_data,0.75,0.44625,not_available,0,,2026-02-24,85be754cb42c671132a4ac0345f29df72015b636,commodity_shock:lithium:LC0
8fc748b49d963837,akshare_futures_main_sina,https://vip.stock.finance.sina.com.cn/quotes_service/view/qihuohangqing.html,2026-02-25,2026-06-13T18:13:18,601899,601899,碳酸锂主连价格上涨触发商品冲击,"碳酸锂主连(LC0) 2026-02-25 收盘 1.665e+05; 1日涨跌 1.44%, 5日涨跌 21.22%. 该事件按产业链映射进入相关股票的事件因子。",explicit_symbol,1.0,601899,commodity_shock,positive,0.85,0.7,market_data,0.75,0.44625,not_available,0,,2026-02-25,8fc748b49d963837be8f47e1ec565fadcf1c3127,commodity_shock:lithium:LC0
9455894c2ad248c9,akshare_futures_main_sina,https://vip.stock.finance.sina.com.cn/quotes_service/view/qihuohangqing.html,2026-02-26,2026-06-13T18:13:18,601899,601899,碳酸锂主连价格上涨触发商品冲击,"碳酸锂主连(LC0) 2026-02-26 收盘 1.737e+05; 1日涨跌 4.31%, 5日涨跌 15.57%. 该事件按产业链映射进入相关股票的事件因子。",explicit_symbol,1.0,601899,commodity_shock,positive,0.85,0.7,market_data,0.75,0.44625,not_available,0,,2026-02-26,9455894c2ad248c9c22b4134c00be68ba7126bc4,commodity_shock:lithium:LC0
dce5d24ce4fc155e,akshare_futures_main_sina,https://vip.stock.finance.sina.com.cn/quotes_service/view/qihuohangqing.html,2026-02-27,2026-06-13T18:13:18,601899,601899,碳酸锂主连价格上涨触发商品冲击,"碳酸锂主连(LC0) 2026-02-27 收盘 1.76e+05; 1日涨跌 1.37%, 5日涨跌 17.82%. 该事件按产业链映射进入相关股票的事件因子。",explicit_symbol,1.0,601899,commodity_shock,positive,0.85,0.7,market_data,0.75,0.44625,not_available,0,,2026-02-27,dce5d24ce4fc155eaa9700d37824e0bc6d3bb5fe,commodity_shock:lithium:LC0
a8fdc5705091499b,akshare_futures_main_sina,https://vip.stock.finance.sina.com.cn/quotes_service/view/qihuohangqing.html,2026-03-02,2026-06-13T18:13:18,601899,601899,碳酸锂主连价格上涨触发商品冲击,"碳酸锂主连(LC0) 2026-03-02 收盘 1.72e+05; 1日涨跌 -2.28%, 5日涨跌 12.70%. 该事件按产业链映射进入相关股票的事件因子。",explicit_symbol,1.0,601899,commodity_shock,positive,0.85,0.7,market_data,0.75,0.44625,not_available,0,,2026-03-02,a8fdc5705091499bb43469494c6ddbbe03c91771,commodity_shock:lithium:LC0
e3b71c60d132d14e,akshare_futures_main_sina,https://vip.stock.finance.sina.com.cn/quotes_service/view/qihuohangqing.html,2026-03-03,2026-06-13T18:13:18,601899,601899,碳酸锂主连价格下跌触发商品冲击,"碳酸锂主连(LC0) 2026-03-03 收盘 1.509e+05; 1日涨跌 -12.30%, 5日涨跌 -8.08%. 该事件按产业链映射进入相关股票的事件因子。",explicit_symbol,1.0,601899,commodity_shock,negative,-0.85,0.7,market_data,0.75,-0.44625,not_available,0,,2026-03-03,e3b71c60d132d14e161fe6b9d97a074b3570cf62,commodity_shock:lithium:LC0
f733e55541090a94,akshare_futures_main_sina,https://vip.stock.finance.sina.com.cn/quotes_service/view/qihuohangqing.html,2026-03-04,2026-06-13T18:13:18,601899,601899,碳酸锂主连价格下跌触发商品冲击,"碳酸锂主连(LC0) 2026-03-04 收盘 1.531e+05; 1日涨跌 1.46%, 5日涨跌 -8.06%. 该事件按产业链映射进入相关股票的事件因子。",explicit_symbol,1.0,601899,commodity_shock,negative,-0.644882268140317,0.7,market_data,0.75,-0.3385631907736664,not_available,0,,2026-03-04,f733e55541090a94a2b9084f99f2c302bb2f0685,commodity_shock:lithium:LC0
85ca544aa8786486,akshare_futures_main_sina,https://vip.stock.finance.sina.com.cn/quotes_service/view/qihuohangqing.html,2026-03-05,2026-06-13T18:13:18,601899,601899,碳酸锂主连价格下跌触发商品冲击,"碳酸锂主连(LC0) 2026-03-05 收盘 1.559e+05; 1日涨跌 1.83%, 5日涨跌 -10.25%. 该事件按产业链映射进入相关股票的事件因子。",explicit_symbol,1.0,601899,commodity_shock,negative,-0.8199930899458714,0.7,market_data,0.75,-0.43049637222158244,not_available,0,,2026-03-05,85ca544aa87864863654951a3323ce5e28728828,commodity_shock:lithium:LC0
9663826994ea656b,akshare_futures_main_sina,https://vip.stock.finance.sina.com.cn/quotes_service/view/qihuohangqing.html,2026-03-06,2026-06-13T18:13:18,601899,601899,碳酸锂主连价格下跌触发商品冲击,"碳酸锂主连(LC0) 2026-03-06 收盘 1.562e+05; 1日涨跌 0.19%, 5日涨跌 -11.29%. 该事件按产业链映射进入相关股票的事件因子。",explicit_symbol,1.0,601899,commodity_shock,negative,-0.85,0.7,market_data,0.75,-0.44625,not_available,0,,2026-03-06,9663826994ea656b019a8078211e27b65bfc7943,commodity_shock:lithium:LC0
70ce90206601f3d8,akshare_futures_main_sina,https://vip.stock.finance.sina.com.cn/quotes_service/view/qihuohangqing.html,2026-03-09,2026-06-13T18:13:18,601899,601899,碳酸锂主连价格下跌触发商品冲击,"碳酸锂主连(LC0) 2026-03-09 收盘 1.611e+05; 1日涨跌 3.14%, 5日涨跌 -6.37%. 该事件按产业链映射进入相关股票的事件因子。",explicit_symbol,1.0,601899,commodity_shock,negative,-0.5097081734682014,0.7,market_data,0.75,-0.2675967910708057,not_available,0,,2026-03-09,70ce90206601f3d8a1a6bf8fe371b59b012cfa23,commodity_shock:lithium:LC0
82c8744a647de770,akshare_futures_main_sina,https://vip.stock.finance.sina.com.cn/quotes_service/view/qihuohangqing.html,2026-03-10,2026-06-13T18:13:18,601899,601899,碳酸锂主连价格上涨触发商品冲击,"碳酸锂主连(LC0) 2026-03-10 收盘 1.63e+05; 1日涨跌 1.20%, 5日涨跌 8.05%. 该事件按产业链映射进入相关股票的事件因子。",explicit_symbol,1.0,601899,commodity_shock,positive,0.6437756860665509,0.7,market_data,0.75,0.3379822351849392,not_available,0,,2026-03-10,82c8744a647de770425867ccddd7d58eb9b927ad,commodity_shock:lithium:LC0
123f0405f813e2b2,akshare_futures_main_sina,https://vip.stock.finance.sina.com.cn/quotes_service/view/qihuohangqing.html,2026-03-11,2026-06-13T18:13:18,601899,601899,碳酸锂主连价格下跌触发商品冲击,"碳酸锂主连(LC0) 2026-03-11 收盘 1.55e+05; 1日涨跌 -4.88%, 5日涨跌 1.29%. 该事件按产业链映射进入相关股票的事件因子。",explicit_symbol,1.0,601899,commodity_shock,negative,-0.39067484662576657,0.7,market_data,0.75,-0.20510429447852743,not_available,0,,2026-03-11,123f0405f813e2b21210365f55f0b1217c17954c,commodity_shock:lithium:LC0
03fa1b46421d52c6,akshare_futures_main_sina,https://vip.stock.finance.sina.com.cn/quotes_service/view/qihuohangqing.html,2026-03-13,2026-06-13T18:13:18,601899,601899,碳酸锂主连价格下跌触发商品冲击,"碳酸锂主连(LC0) 2026-03-13 收盘 1.521e+05; 1日涨跌 -3.12%, 5日涨跌 -2.61%. 该事件按产业链映射进入相关股票的事件因子。",explicit_symbol,1.0,601899,commodity_shock,negative,-0.24971333927888928,0.7,market_data,0.75,-0.13109950312141685,not_available,0,,2026-03-13,03fa1b46421d52c622a7952335fdb786219d3d3b,commodity_shock:lithium:LC0
b935d6eef2539004,akshare_futures_main_sina,https://vip.stock.finance.sina.com.cn/quotes_service/view/qihuohangqing.html,2026-03-16,2026-06-13T18:13:18,601899,601899,碳酸锂主连价格上涨触发商品冲击,"碳酸锂主连(LC0) 2026-03-16 收盘 1.596e+05; 1日涨跌 4.96%, 5日涨跌 -0.89%. 该事件按产业链映射进入相关股票的事件因子。",explicit_symbol,1.0,601899,commodity_shock,positive,0.3966333508679636,0.7,market_data,0.75,0.20823250920568087,not_available,0,,2026-03-16,b935d6eef25390049aeabf7f3fb9bf6416bede07,commodity_shock:lithium:LC0
a1013e5066cd1b57,akshare_futures_main_sina,https://vip.stock.finance.sina.com.cn/quotes_service/view/qihuohangqing.html,2026-03-18,2026-06-13T18:13:18,601899,601899,碳酸锂主连价格下跌触发商品冲击,"碳酸锂主连(LC0) 2026-03-18 收盘 1.501e+05; 1日涨跌 -3.35%, 5日涨跌 -3.17%. 该事件按产业链映射进入相关股票的事件因子。",explicit_symbol,1.0,601899,commodity_shock,negative,-0.2678341488539786,0.7,market_data,0.75,-0.14061292814833876,not_available,0,,2026-03-18,a1013e5066cd1b5723e9bcec7761233effab7964,commodity_shock:lithium:LC0
cc4778e6cfb7cc7b,akshare_futures_main_sina,https://vip.stock.finance.sina.com.cn/quotes_service/view/qihuohangqing.html,2026-03-19,2026-06-13T18:13:18,601899,601899,碳酸锂主连价格下跌触发商品冲击,"碳酸锂主连(LC0) 2026-03-19 收盘 1.426e+05; 1日涨跌 -5.01%, 5日涨跌 -9.16%. 该事件按产业链映射进入相关股票的事件因子。",explicit_symbol,1.0,601899,commodity_shock,negative,-0.7328322079245764,0.7,market_data,0.75,-0.3847369091604026,not_available,0,,2026-03-19,cc4778e6cfb7cc7b4781d520f5ff91fe237b9553,commodity_shock:lithium:LC0
3a7a35c8a79e73e6,akshare_futures_main_sina,https://vip.stock.finance.sina.com.cn/quotes_service/view/qihuohangqing.html,2026-03-20,2026-06-13T18:13:18,601899,601899,碳酸锂主连价格下跌触发商品冲击,"碳酸锂主连(LC0) 2026-03-20 收盘 1.439e+05; 1日涨跌 0.88%, 5日涨跌 -5.41%. 该事件按产业链映射进入相关股票的事件因子。",explicit_symbol,1.0,601899,commodity_shock,negative,-0.43240399789584405,0.7,market_data,0.75,-0.2270120988953181,not_available,0,,2026-03-20,3a7a35c8a79e73e60d924fbb67848fc8892e214a,commodity_shock:lithium:LC0
1eb55bf5778b5478,akshare_futures_main_sina,https://vip.stock.finance.sina.com.cn/quotes_service/view/qihuohangqing.html,2026-03-23,2026-06-13T18:13:18,601899,601899,碳酸锂主连价格下跌触发商品冲击,"碳酸锂主连(LC0) 2026-03-23 收盘 1.49e+05; 1日涨跌 3.60%, 5日涨跌 -6.63%. 该事件按产业链映射进入相关股票的事件因子。",explicit_symbol,1.0,601899,commodity_shock,negative,-0.5302593659942367,0.7,market_data,0.75,-0.2783861671469743,not_available,0,,2026-03-23,1eb55bf5778b5478e5826a501028bc98810857bc,commodity_shock:lithium:LC0
a239df599b5b6c86,akshare_futures_main_sina,https://vip.stock.finance.sina.com.cn/quotes_service/view/qihuohangqing.html,2026-03-25,2026-06-13T18:13:18,601899,601899,碳酸锂主连价格上涨触发商品冲击,"碳酸锂主连(LC0) 2026-03-25 收盘 1.591e+05; 1日涨跌 4.04%, 5日涨跌 6.00%. 该事件按产业链映射进入相关股票的事件因子。",explicit_symbol,1.0,601899,commodity_shock,positive,0.479616306954437,0.7,market_data,0.75,0.2517985611510794,not_available,0,,2026-03-25,a239df599b5b6c866ac2e7e51dd64ded58585526,commodity_shock:lithium:LC0
9face869f480f74a,akshare_futures_main_sina,https://vip.stock.finance.sina.com.cn/quotes_service/view/qihuohangqing.html,2026-03-26,2026-06-13T18:13:18,601899,601899,碳酸锂主连价格上涨触发商品冲击,"碳酸锂主连(LC0) 2026-03-26 收盘 1.572e+05; 1日涨跌 -1.21%, 5日涨跌 10.24%. 该事件按产业链映射进入相关股票的事件因子。",explicit_symbol,1.0,601899,commodity_shock,positive,0.8190743338008417,0.7,market_data,0.75,0.43001402524544186,not_available,0,,2026-03-26,9face869f480f74af2c93e035729ce7c2ac57019,commodity_shock:lithium:LC0
28f186171db20aa1,akshare_futures_main_sina,https://vip.stock.finance.sina.com.cn/quotes_service/view/qihuohangqing.html,2026-03-27,2026-06-13T18:13:18,601899,601899,碳酸锂主连价格上涨触发商品冲击,"碳酸锂主连(LC0) 2026-03-27 收盘 1.684e+05; 1日涨跌 7.15%, 5日涨跌 17.09%. 该事件按产业链映射进入相关股票的事件因子。",explicit_symbol,1.0,601899,commodity_shock,positive,0.85,0.7,market_data,0.75,0.44625,not_available,0,,2026-03-27,28f186171db20aa1e13e561630ed754d1cdcb438,commodity_shock:lithium:LC0
636670452a30de97,akshare_futures_main_sina,https://vip.stock.finance.sina.com.cn/quotes_service/view/qihuohangqing.html,2026-03-30,2026-06-13T18:13:18,601899,601899,碳酸锂主连价格上涨触发商品冲击,"碳酸锂主连(LC0) 2026-03-30 收盘 1.716e+05; 1日涨跌 1.89%, 5日涨跌 15.15%. 该事件按产业链映射进入相关股票的事件因子。",explicit_symbol,1.0,601899,commodity_shock,positive,0.85,0.7,market_data,0.75,0.44625,not_available,0,,2026-03-30,636670452a30de97a014c07706ffe62c5e7fa833,commodity_shock:lithium:LC0
0c0138d5dcde4a90,akshare_futures_main_sina,https://vip.stock.finance.sina.com.cn/quotes_service/view/qihuohangqing.html,2026-03-31,2026-06-13T18:13:18,601899,601899,碳酸锂主连价格下跌触发商品冲击,"碳酸锂主连(LC0) 2026-03-31 收盘 1.572e+05; 1日涨跌 -8.40%, 5日涨跌 2.79%. 该事件按产业链映射进入相关股票的事件因子。",explicit_symbol,1.0,601899,commodity_shock,negative,-0.6721827292856313,0.7,market_data,0.75,-0.3528959328749564,not_available,0,,2026-03-31,0c0138d5dcde4a90d86ed6b561830d40a71dee3b,commodity_shock:lithium:LC0
b02ae9fb2870bd6e,akshare_futures_main_sina,https://vip.stock.finance.sina.com.cn/quotes_service/view/qihuohangqing.html,2026-04-03,2026-06-13T18:13:18,601899,601899,碳酸锂主连价格下跌触发商品冲击,"碳酸锂主连(LC0) 2026-04-03 收盘 1.579e+05; 1日涨跌 -0.80%, 5日涨跌 -6.28%. 该事件按产业链映射进入相关股票的事件因子。",explicit_symbol,1.0,601899,commodity_shock,negative,-0.5024934694846825,0.7,market_data,0.75,-0.2638090714794583,not_available,0,,2026-04-03,b02ae9fb2870bd6e2880ca365a1ac521bc8976fd,commodity_shock:lithium:LC0
fa453d37813bb1c5,akshare_futures_main_sina,https://vip.stock.finance.sina.com.cn/quotes_service/view/qihuohangqing.html,2026-04-07,2026-06-13T18:13:18,601899,601899,碳酸锂主连价格下跌触发商品冲击,"碳酸锂主连(LC0) 2026-04-07 收盘 1.609e+05; 1日涨跌 1.90%, 5日涨跌 -6.27%. 该事件按产业链映射进入相关股票的事件因子。",explicit_symbol,1.0,601899,commodity_shock,negative,-0.5015732432117472,0.7,market_data,0.75,-0.26332595268616726,not_available,0,,2026-04-07,fa453d37813bb1c5f7818d91a5249df21ececbb7,commodity_shock:lithium:LC0
b386c4c31ed8604f,akshare_futures_main_sina,https://vip.stock.finance.sina.com.cn/quotes_service/view/qihuohangqing.html,2026-04-09,2026-06-13T18:13:18,601899,601899,碳酸锂主连价格下跌触发商品冲击,"碳酸锂主连(LC0) 2026-04-09 收盘 1.536e+05; 1日涨跌 -3.80%, 5日涨跌 -3.19%. 该事件按产业链映射进入相关股票的事件因子。",explicit_symbol,1.0,601899,commodity_shock,negative,-0.30372133817817293,0.7,market_data,0.75,-0.15945370254354077,not_available,0,,2026-04-09,b386c4c31ed8604f96170b68e9b94b0128bd7f07,commodity_shock:lithium:LC0
4e77cf05ee2b7b7f,akshare_futures_main_sina,https://vip.stock.finance.sina.com.cn/quotes_service/view/qihuohangqing.html,2026-04-13,2026-06-13T18:13:18,601899,601899,碳酸锂主连价格上涨触发商品冲击,"碳酸锂主连(LC0) 2026-04-13 收盘 1.665e+05; 1日涨跌 5.65%, 5日涨跌 5.47%. 该事件按产业链映射进入相关股票的事件因子。",explicit_symbol,1.0,601899,commodity_shock,positive,0.45177664974619347,0.7,market_data,0.75,0.23718274111675156,not_available,0,,2026-04-13,4e77cf05ee2b7b7fd9f44fdbdca4471187d5baa4,commodity_shock:lithium:LC0
7d2984f379dc34ac,akshare_futures_main_sina,https://vip.stock.finance.sina.com.cn/quotes_service/view/qihuohangqing.html,2026-04-15,2026-06-13T18:13:18,601899,601899,碳酸锂主连价格上涨触发商品冲击,"碳酸锂主连(LC0) 2026-04-15 收盘 1.687e+05; 1日涨跌 1.09%, 5日涨跌 5.66%. 该事件按产业链映射进入相关股票的事件因子。",explicit_symbol,1.0,601899,commodity_shock,positive,0.45307605563212583,0.7,market_data,0.75,0.23786492920686603,not_available,0,,2026-04-15,7d2984f379dc34ac995f52758c3bd071b61ccbe7,commodity_shock:lithium:LC0
ee736c1da6987780,akshare_futures_main_sina,https://vip.stock.finance.sina.com.cn/quotes_service/view/qihuohangqing.html,2026-04-16,2026-06-13T18:13:18,601899,601899,碳酸锂主连价格上涨触发商品冲击,"碳酸锂主连(LC0) 2026-04-16 收盘 1.76e+05; 1日涨跌 4.35%, 5日涨跌 14.61%. 该事件按产业链映射进入相关股票的事件因子。",explicit_symbol,1.0,601899,commodity_shock,positive,0.85,0.7,market_data,0.75,0.44625,not_available,0,,2026-04-16,ee736c1da69877807cc3b12351eb22c3b9b74448,commodity_shock:lithium:LC0
06f1c8e5ae618396,akshare_futures_main_sina,https://vip.stock.finance.sina.com.cn/quotes_service/view/qihuohangqing.html,2026-04-17,2026-06-13T18:13:18,601899,601899,碳酸锂主连价格上涨触发商品冲击,"碳酸锂主连(LC0) 2026-04-17 收盘 1.776e+05; 1日涨跌 0.89%, 5日涨跌 12.66%. 该事件按产业链映射进入相关股票的事件因子。",explicit_symbol,1.0,601899,commodity_shock,positive,0.85,0.7,market_data,0.75,0.44625,not_available,0,,2026-04-17,06f1c8e5ae61839604619121d0a2bb882bad83fb,commodity_shock:lithium:LC0
d799b8e3aff5f206,akshare_futures_main_sina,https://vip.stock.finance.sina.com.cn/quotes_service/view/qihuohangqing.html,2026-04-20,2026-06-13T18:13:18,601899,601899,碳酸锂主连价格上涨触发商品冲击,"碳酸锂主连(LC0) 2026-04-20 收盘 1.802e+05; 1日涨跌 1.49%, 5日涨跌 8.23%. 该事件按产业链映射进入相关股票的事件因子。",explicit_symbol,1.0,601899,commodity_shock,positive,0.6582582582582575,0.7,market_data,0.75,0.3455855855855851,not_available,0,,2026-04-20,d799b8e3aff5f206fa9d84b86954920bb2fddad2,commodity_shock:lithium:LC0
f49cdead8844c2e8,akshare_futures_main_sina,https://vip.stock.finance.sina.com.cn/quotes_service/view/qihuohangqing.html,2026-04-21,2026-06-13T18:13:18,601899,601899,碳酸锂主连价格上涨触发商品冲击,"碳酸锂主连(LC0) 2026-04-21 收盘 1.743e+05; 1日涨跌 -3.30%, 5日涨跌 4.45%. 该事件按产业链映射进入相关股票的事件因子。",explicit_symbol,1.0,601899,commodity_shock,positive,0.3557899784224414,0.7,market_data,0.75,0.18678973867178172,not_available,0,,2026-04-21,f49cdead8844c2e8f8d9481ae9c7d179ed743389,commodity_shock:lithium:LC0
6909765e5ba8a4cc,akshare_futures_main_sina,https://vip.stock.finance.sina.com.cn/quotes_service/view/qihuohangqing.html,2026-04-30,2026-06-13T18:13:18,601899,601899,碳酸锂主连价格上涨触发商品冲击,"碳酸锂主连(LC0) 2026-04-30 收盘 1.891e+05; 1日涨跌 2.83%, 5日涨跌 6.25%. 该事件按产业链映射进入相关股票的事件因子。",explicit_symbol,1.0,601899,commodity_shock,positive,0.49988761519442626,0.7,market_data,0.75,0.26244099797707376,not_available,0,,2026-04-30,6909765e5ba8a4cc9d366a7e70afd8327213cb45,commodity_shock:lithium:LC0
2951af1bba0ce587,akshare_futures_main_sina,https://vip.stock.finance.sina.com.cn/quotes_service/view/qihuohangqing.html,2026-05-06,2026-06-13T18:13:18,601899,601899,碳酸锂主连价格上涨触发商品冲击,"碳酸锂主连(LC0) 2026-05-06 收盘 1.994e+05; 1日涨跌 5.46%, 5日涨跌 12.09%. 该事件按产业链映射进入相关股票的事件因子。",explicit_symbol,1.0,601899,commodity_shock,positive,0.85,0.7,market_data,0.75,0.44625,not_available,0,,2026-05-06,2951af1bba0ce587e783993dd8eedfa4fd54897a,commodity_shock:lithium:LC0
c8092fbae2937fa4,akshare_futures_main_sina,https://vip.stock.finance.sina.com.cn/quotes_service/view/qihuohangqing.html,2026-05-07,2026-06-13T18:13:18,601899,601899,碳酸锂主连价格上涨触发商品冲击,"碳酸锂主连(LC0) 2026-05-07 收盘 1.991e+05; 1日涨跌 -0.17%, 5日涨跌 10.25%. 该事件按产业链映射进入相关股票的事件因子。",explicit_symbol,1.0,601899,commodity_shock,positive,0.8196721311475414,0.7,market_data,0.75,0.4303278688524592,not_available,0,,2026-05-07,c8092fbae2937fa4cf7d1f15781051f39044ca18,commodity_shock:lithium:LC0
97f171331fc67d96,akshare_futures_main_sina,https://vip.stock.finance.sina.com.cn/quotes_service/view/qihuohangqing.html,2026-05-08,2026-06-13T18:13:18,601899,601899,碳酸锂主连价格上涨触发商品冲击,"碳酸锂主连(LC0) 2026-05-08 收盘 1.966e+05; 1日涨跌 -1.26%, 5日涨跌 10.04%. 该事件按产业链映射进入相关股票的事件因子。",explicit_symbol,1.0,601899,commodity_shock,positive,0.8034934497816586,0.7,market_data,0.75,0.4218340611353707,not_available,0,,2026-05-08,97f171331fc67d9609d7b8bb666523911166de2a,commodity_shock:lithium:LC0
e162acc49b63564d,akshare_futures_main_sina,https://vip.stock.finance.sina.com.cn/quotes_service/view/qihuohangqing.html,2026-05-11,2026-06-13T18:13:18,601899,601899,碳酸锂主连价格上涨触发商品冲击,"碳酸锂主连(LC0) 2026-05-11 收盘 2.05e+05; 1日涨跌 4.30%, 5日涨跌 11.50%. 该事件按产业链映射进入相关股票的事件因子。",explicit_symbol,1.0,601899,commodity_shock,positive,0.85,0.7,market_data,0.75,0.44625,not_available,0,,2026-05-11,e162acc49b63564d481a00e3c76e547decc68bb7,commodity_shock:lithium:LC0
7ed5b47c1f944703,akshare_futures_main_sina,https://vip.stock.finance.sina.com.cn/quotes_service/view/qihuohangqing.html,2026-05-12,2026-06-13T18:13:18,601899,601899,碳酸锂主连价格上涨触发商品冲击,"碳酸锂主连(LC0) 2026-05-12 收盘 2.053e+05; 1日涨跌 0.12%, 5日涨跌 8.56%. 该事件按产业链映射进入相关股票的事件因子。",explicit_symbol,1.0,601899,commodity_shock,positive,0.6845779564205632,0.7,market_data,0.75,0.35940342712079565,not_available,0,,2026-05-12,7ed5b47c1f944703b3f088862d623083ee85e3c4,commodity_shock:lithium:LC0
47e6e4fae5669d36,akshare_futures_main_sina,https://vip.stock.finance.sina.com.cn/quotes_service/view/qihuohangqing.html,2026-05-14,2026-06-13T18:13:18,601899,601899,碳酸锂主连价格下跌触发商品冲击,"碳酸锂主连(LC0) 2026-05-14 收盘 1.918e+05; 1日涨跌 -5.05%, 5日涨跌 -3.67%. 该事件按产业链映射进入相关股票的事件因子。",explicit_symbol,1.0,601899,commodity_shock,negative,-0.404040404040404,0.7,market_data,0.75,-0.21212121212121207,not_available,0,,2026-05-14,47e6e4fae5669d36ca50e7b3653928652e7a6c20,commodity_shock:lithium:LC0
811e59a7d7df4fa1,akshare_futures_main_sina,https://vip.stock.finance.sina.com.cn/quotes_service/view/qihuohangqing.html,2026-05-18,2026-06-13T18:13:18,601899,601899,碳酸锂主连价格下跌触发商品冲击,"碳酸锂主连(LC0) 2026-05-18 收盘 1.922e+05; 1日涨跌 1.79%, 5日涨跌 -6.26%. 该事件按产业链映射进入相关股票的事件因子。",explicit_symbol,1.0,601899,commodity_shock,negative,-0.5010242903131399,0.7,market_data,0.75,-0.2630377524143984,not_available,0,,2026-05-18,811e59a7d7df4fa17cc2d4ead531f56c9f843c20,commodity_shock:lithium:LC0
596bc8886bd9a8de,akshare_futures_main_sina,https://vip.stock.finance.sina.com.cn/quotes_service/view/qihuohangqing.html,2026-05-19,2026-06-13T18:13:18,601899,601899,碳酸锂主连价格下跌触发商品冲击,"碳酸锂主连(LC0) 2026-05-19 收盘 1.844e+05; 1日涨跌 -4.05%, 5日涨跌 -10.16%. 该事件按产业链映射进入相关股票的事件因子。",explicit_symbol,1.0,601899,commodity_shock,negative,-0.8130176361687615,0.7,market_data,0.75,-0.4268342589885998,not_available,0,,2026-05-19,596bc8886bd9a8dee12f1e3a473af770170fbd96,commodity_shock:lithium:LC0
c0daf5fbf0efbd53,akshare_futures_main_sina,https://vip.stock.finance.sina.com.cn/quotes_service/view/qihuohangqing.html,2026-05-20,2026-06-13T18:13:18,601899,601899,碳酸锂主连价格下跌触发商品冲击,"碳酸锂主连(LC0) 2026-05-20 收盘 1.831e+05; 1日涨跌 -0.70%, 5日涨跌 -9.34%. 该事件按产业链映射进入相关股票的事件因子。",explicit_symbol,1.0,601899,commodity_shock,negative,-0.747078629431571,0.7,market_data,0.75,-0.39221628045157475,not_available,0,,2026-05-20,c0daf5fbf0efbd53927e09520afe8f032e60d75f,commodity_shock:lithium:LC0
9095b3b9af46420d,akshare_futures_main_sina,https://vip.stock.finance.sina.com.cn/quotes_service/view/qihuohangqing.html,2026-05-21,2026-06-13T18:13:18,601899,601899,碳酸锂主连价格下跌触发商品冲击,"碳酸锂主连(LC0) 2026-05-21 收盘 1.776e+05; 1日涨跌 -3.00%, 5日涨跌 -7.38%. 该事件按产业链映射进入相关股票的事件因子。",explicit_symbol,1.0,601899,commodity_shock,negative,-0.5907384230287862,0.7,market_data,0.75,-0.3101376720901127,not_available,0,,2026-05-21,9095b3b9af46420db53b7ec54832ce2d0eb2fd10,commodity_shock:lithium:LC0
92ee5aced3ba0a45,akshare_futures_main_sina,https://vip.stock.finance.sina.com.cn/quotes_service/view/qihuohangqing.html,2026-05-22,2026-06-13T18:13:18,601899,601899,碳酸锂主连价格上涨触发商品冲击,"碳酸锂主连(LC0) 2026-05-22 收盘 1.845e+05; 1日涨跌 3.86%, 5日涨跌 -2.30%. 该事件按产业链映射进入相关股票的事件因子。",explicit_symbol,1.0,601899,commodity_shock,positive,0.3090090090090083,0.7,market_data,0.75,0.16222972972972935,not_available,0,,2026-05-22,92ee5aced3ba0a45dcc4901afd7c5bf9c47a27a5,commodity_shock:lithium:LC0
fae0ea41e516d85b,akshare_futures_main_sina,https://vip.stock.finance.sina.com.cn/quotes_service/view/qihuohangqing.html,2026-05-25,2026-06-13T18:13:18,601899,601899,碳酸锂主连价格下跌触发商品冲击,"碳酸锂主连(LC0) 2026-05-25 收盘 1.812e+05; 1日涨跌 -1.77%, 5日涨跌 -5.71%. 该事件按产业链映射进入相关股票的事件因子。",explicit_symbol,1.0,601899,commodity_shock,negative,-0.4570714954729942,0.7,market_data,0.75,-0.23996253512332194,not_available,0,,2026-05-25,fae0ea41e516d85b1e8e3d3e47a03eb4a7f4324a,commodity_shock:lithium:LC0
a97d6ac17be00a46,akshare_futures_main_sina,https://vip.stock.finance.sina.com.cn/quotes_service/view/qihuohangqing.html,2026-05-27,2026-06-13T18:13:18,601899,601899,碳酸锂主连价格下跌触发商品冲击,"碳酸锂主连(LC0) 2026-05-27 收盘 1.73e+05; 1日涨跌 -1.68%, 5日涨跌 -5.52%. 该事件按产业链映射进入相关股票的事件因子。",explicit_symbol,1.0,601899,commodity_shock,negative,-0.4412889131622064,0.7,market_data,0.75,-0.23167667941015835,not_available,0,,2026-05-27,a97d6ac17be00a468ca8ed8e3e4cb74c3a9aa03a,commodity_shock:lithium:LC0
979f21edb920b52c,akshare_futures_main_sina,https://vip.stock.finance.sina.com.cn/quotes_service/view/qihuohangqing.html,2026-05-28,2026-06-13T18:13:18,601899,601899,碳酸锂主连价格上涨触发商品冲击,"碳酸锂主连(LC0) 2026-05-28 收盘 1.789e+05; 1日涨跌 3.39%, 5日涨跌 0.71%. 该事件按产业链映射进入相关股票的事件因子。",explicit_symbol,1.0,601899,commodity_shock,positive,0.27098265895953766,0.7,market_data,0.75,0.14226589595375727,not_available,0,,2026-05-28,979f21edb920b52c394bb69f5c54493c589046fc,commodity_shock:lithium:LC0
ad4de200f2ae3c27,akshare_futures_main_sina,https://vip.stock.finance.sina.com.cn/quotes_service/view/qihuohangqing.html,2026-06-02,2026-06-13T18:13:18,601899,601899,碳酸锂主连价格下跌触发商品冲击,"碳酸锂主连(LC0) 2026-06-02 收盘 1.73e+05; 1日涨跌 -3.31%, 5日涨跌 -1.69%. 该事件按产业链映射进入相关股票的事件因子。",explicit_symbol,1.0,601899,commodity_shock,negative,-0.26472889882616,0.7,market_data,0.75,-0.138982671883734,not_available,0,,2026-06-02,ad4de200f2ae3c273701ae9cf2e9e4f9fdbe6ae8,commodity_shock:lithium:LC0
a49454f4a43d842b,akshare_futures_main_sina,https://vip.stock.finance.sina.com.cn/quotes_service/view/qihuohangqing.html,2026-06-03,2026-06-13T18:13:18,601899,601899,碳酸锂主连价格下跌触发商品冲击,"碳酸锂主连(LC0) 2026-06-03 收盘 1.668e+05; 1日涨跌 -3.60%, 5日涨跌 -3.61%. 该事件按产业链映射进入相关股票的事件因子。",explicit_symbol,1.0,601899,commodity_shock,negative,-0.28855491329479754,0.7,market_data,0.75,-0.1514913294797687,not_available,0,,2026-06-03,a49454f4a43d842bf4dfa5ac2d1872e9b65d1073,commodity_shock:lithium:LC0
eae6cc356aeab4b0,akshare_futures_main_sina,https://vip.stock.finance.sina.com.cn/quotes_service/view/qihuohangqing.html,2026-06-04,2026-06-13T18:13:18,601899,601899,碳酸锂主连价格下跌触发商品冲击,"碳酸锂主连(LC0) 2026-06-04 收盘 1.607e+05; 1日涨跌 -3.61%, 5日涨跌 -10.13%. 该事件按产业链映射进入相关股票的事件因子。",explicit_symbol,1.0,601899,commodity_shock,negative,-0.8104662864810468,0.7,market_data,0.75,-0.4254948004025495,not_available,0,,2026-06-04,eae6cc356aeab4b0a5cf60cbfdf70b6105179e91,commodity_shock:lithium:LC0
77c54edf86a1465a,akshare_futures_main_sina,https://vip.stock.finance.sina.com.cn/quotes_service/view/qihuohangqing.html,2026-06-05,2026-06-13T18:13:18,601899,601899,碳酸锂主连价格下跌触发商品冲击,"碳酸锂主连(LC0) 2026-06-05 收盘 1.644e+05; 1日涨跌 2.25%, 5日涨跌 -8.56%. 该事件按产业链映射进入相关股票的事件因子。",explicit_symbol,1.0,601899,commodity_shock,negative,-0.6845443418270838,0.7,market_data,0.75,-0.35938577945921896,not_available,0,,2026-06-05,77c54edf86a1465a70bd76fe7af95539b094e01a,commodity_shock:lithium:LC0
bd52ca08c4f4f871,akshare_futures_main_sina,https://vip.stock.finance.sina.com.cn/quotes_service/view/qihuohangqing.html,2026-06-08,2026-06-13T18:13:18,601899,601899,碳酸锂主连价格下跌触发商品冲击,"碳酸锂主连(LC0) 2026-06-08 收盘 1.633e+05; 1日涨跌 -0.62%, 5日涨跌 -8.70%. 该事件按产业链映射进入相关股票的事件因子。",explicit_symbol,1.0,601899,commodity_shock,negative,-0.6958077138065955,0.7,market_data,0.75,-0.36529904974846256,not_available,0,,2026-06-08,bd52ca08c4f4f8712b947145657bcd04f1310fd4,commodity_shock:lithium:LC0
1cd6491e9cb993e3,akshare_futures_main_sina,https://vip.stock.finance.sina.com.cn/quotes_service/view/qihuohangqing.html,2026-06-09,2026-06-13T18:13:18,601899,601899,碳酸锂主连价格上涨触发商品冲击,"碳酸锂主连(LC0) 2026-06-09 收盘 1.685e+05; 1日涨跌 3.13%, 5日涨跌 -2.61%. 该事件按产业链映射进入相关股票的事件因子。",explicit_symbol,1.0,601899,commodity_shock,positive,0.2507652748867386,0.7,market_data,0.75,0.13165176931553776,not_available,0,,2026-06-09,1cd6491e9cb993e38787eca5c7ce9976cbe5201b,commodity_shock:lithium:LC0
