event_id,symbol,published_at,horizon_days,cohort_key,prior_sample_count,prior_mean_return,prior_positive_rate,prior_mean_excess_return_proxy,prior_outcome_cutoff,pit_ready,no_future_leakage,reason
62a6baf4fb83c111,601899,2024-04-08T00:00:00,1,commodity_shock|positive,0,0.0,0.0,0.0,,False,True,"prior_rows=0, minimum=20"
62a6baf4fb83c111,601899,2024-04-08T00:00:00,5,commodity_shock|positive,0,0.0,0.0,0.0,,False,True,"prior_rows=0, minimum=20"
62a6baf4fb83c111,601899,2024-04-08T00:00:00,20,commodity_shock|positive,0,0.0,0.0,0.0,,False,True,"prior_rows=0, minimum=20"
62a6baf4fb83c111,601899,2024-04-08T00:00:00,60,commodity_shock|positive,0,0.0,0.0,0.0,,False,True,"prior_rows=0, minimum=20"
0aa2376e1774dae9,601899,2024-05-20T00:00:00,1,commodity_shock|positive,1,-0.01676300578034673,0.0,-0.03423048414848254,2024-04-09,False,True,"prior_rows=1, minimum=20"
0aa2376e1774dae9,601899,2024-05-20T00:00:00,5,commodity_shock|positive,1,0.06705202312138736,1.0,0.07847473897072162,2024-04-15,False,True,"prior_rows=1, minimum=20"
0aa2376e1774dae9,601899,2024-05-20T00:00:00,20,commodity_shock|positive,1,0.023699421965317935,1.0,0.011908079215779915,2024-05-09,False,True,"prior_rows=1, minimum=20"
0aa2376e1774dae9,601899,2024-05-20T00:00:00,60,commodity_shock|positive,0,0.0,0.0,0.0,,False,True,"prior_rows=0, minimum=20"
1f7e13adb6d51faa,601899,2024-05-21T00:00:00,1,commodity_shock|positive,1,-0.01676300578034673,0.0,-0.03423048414848254,2024-04-09,False,True,"prior_rows=1, minimum=20"
1f7e13adb6d51faa,601899,2024-05-21T00:00:00,5,commodity_shock|positive,1,0.06705202312138736,1.0,0.07847473897072162,2024-04-15,False,True,"prior_rows=1, minimum=20"
1f7e13adb6d51faa,601899,2024-05-21T00:00:00,20,commodity_shock|positive,1,0.023699421965317935,1.0,0.011908079215779915,2024-05-09,False,True,"prior_rows=1, minimum=20"
1f7e13adb6d51faa,601899,2024-05-21T00:00:00,60,commodity_shock|positive,0,0.0,0.0,0.0,,False,True,"prior_rows=0, minimum=20"
83696650a7691b98,601899,2024-05-22T00:00:00,1,commodity_shock|positive,2,-0.02943954089736389,0.0,-0.03297383837824553,2024-05-21,False,True,"prior_rows=2, minimum=20"
83696650a7691b98,601899,2024-05-22T00:00:00,5,commodity_shock|positive,1,0.06705202312138736,1.0,0.07847473897072162,2024-04-15,False,True,"prior_rows=1, minimum=20"
83696650a7691b98,601899,2024-05-22T00:00:00,20,commodity_shock|positive,1,0.023699421965317935,1.0,0.011908079215779915,2024-05-09,False,True,"prior_rows=1, minimum=20"
83696650a7691b98,601899,2024-05-22T00:00:00,60,commodity_shock|positive,0,0.0,0.0,0.0,,False,True,"prior_rows=0, minimum=20"
225bf83ee5b317c6,601899,2024-05-23T00:00:00,1,commodity_shock|negative,0,0.0,0.0,0.0,,False,True,"prior_rows=0, minimum=20"
225bf83ee5b317c6,601899,2024-05-23T00:00:00,5,commodity_shock|negative,0,0.0,0.0,0.0,,False,True,"prior_rows=0, minimum=20"
225bf83ee5b317c6,601899,2024-05-23T00:00:00,20,commodity_shock|negative,0,0.0,0.0,0.0,,False,True,"prior_rows=0, minimum=20"
225bf83ee5b317c6,601899,2024-05-23T00:00:00,60,commodity_shock|negative,0,0.0,0.0,0.0,,False,True,"prior_rows=0, minimum=20"
8637d32f0fdd7c64,601899,2024-05-30T00:00:00,1,commodity_shock|negative,1,-0.0011210762331839152,0.0,0.007000244578768255,2024-05-24,False,True,"prior_rows=1, minimum=20"
8637d32f0fdd7c64,601899,2024-05-30T00:00:00,5,commodity_shock|negative,0,0.0,0.0,0.0,,False,True,"prior_rows=0, minimum=20"
8637d32f0fdd7c64,601899,2024-05-30T00:00:00,20,commodity_shock|negative,0,0.0,0.0,0.0,,False,True,"prior_rows=0, minimum=20"
8637d32f0fdd7c64,601899,2024-05-30T00:00:00,60,commodity_shock|negative,0,0.0,0.0,0.0,,False,True,"prior_rows=0, minimum=20"
a7a1a37410081a6b,601899,2024-06-05T00:00:00,1,commodity_shock|negative,2,-0.007079812493009152,0.0,-0.002267772458099427,2024-05-31,False,True,"prior_rows=2, minimum=20"
a7a1a37410081a6b,601899,2024-06-05T00:00:00,5,commodity_shock|negative,1,-0.011210762331838708,0.0,-0.011461701826704732,2024-05-30,False,True,"prior_rows=1, minimum=20"
a7a1a37410081a6b,601899,2024-06-05T00:00:00,20,commodity_shock|negative,0,0.0,0.0,0.0,,False,True,"prior_rows=0, minimum=20"
a7a1a37410081a6b,601899,2024-06-05T00:00:00,60,commodity_shock|negative,0,0.0,0.0,0.0,,False,True,"prior_rows=0, minimum=20"
9f34386c47c3c250,601899,2024-06-11T00:00:00,1,commodity_shock|negative,3,0.005837309755393649,0.3333333333333333,0.01279036601918658,2024-06-06,False,True,"prior_rows=3, minimum=20"
9f34386c47c3c250,601899,2024-06-11T00:00:00,5,commodity_shock|negative,2,-0.007022614726010068,0.0,0.007427805129713393,2024-06-06,False,True,"prior_rows=2, minimum=20"
9f34386c47c3c250,601899,2024-06-11T00:00:00,20,commodity_shock|negative,0,0.0,0.0,0.0,,False,True,"prior_rows=0, minimum=20"
9f34386c47c3c250,601899,2024-06-11T00:00:00,60,commodity_shock|negative,0,0.0,0.0,0.0,,False,True,"prior_rows=0, minimum=20"
4f777cb26ecdfe8b,601899,2024-07-23T00:00:00,1,commodity_shock|negative,4,0.007466217610662851,0.5,0.009804739182662262,2024-06-12,False,True,"prior_rows=4, minimum=20"
4f777cb26ecdfe8b,601899,2024-07-23T00:00:00,5,commodity_shock|negative,4,-0.005399523188903799,0.0,0.0018148802365364047,2024-06-18,False,True,"prior_rows=4, minimum=20"
4f777cb26ecdfe8b,601899,2024-07-23T00:00:00,20,commodity_shock|negative,4,0.04354287330394996,0.75,0.09745581621156017,2024-07-09,False,True,"prior_rows=4, minimum=20"
4f777cb26ecdfe8b,601899,2024-07-23T00:00:00,60,commodity_shock|negative,0,0.0,0.0,0.0,,False,True,"prior_rows=0, minimum=20"
ba1317221028df13,601899,2024-07-25T00:00:00,1,commodity_shock|negative,5,0.006094039463832912,0.6,0.009554881345308805,2024-07-24,False,True,"prior_rows=5, minimum=20"
ba1317221028df13,601899,2024-07-25T00:00:00,5,commodity_shock|negative,4,-0.005399523188903799,0.0,0.0018148802365364047,2024-06-18,False,True,"prior_rows=4, minimum=20"
ba1317221028df13,601899,2024-07-25T00:00:00,20,commodity_shock|negative,4,0.04354287330394996,0.75,0.09745581621156017,2024-07-09,False,True,"prior_rows=4, minimum=20"
ba1317221028df13,601899,2024-07-25T00:00:00,60,commodity_shock|negative,0,0.0,0.0,0.0,,False,True,"prior_rows=0, minimum=20"
e6ee509ff6d6526a,601899,2024-08-08T00:00:00,1,commodity_shock|negative,6,0.009614983199770019,0.6666666666666666,0.009141465883731352,2024-07-26,False,True,"prior_rows=6, minimum=20"
e6ee509ff6d6526a,601899,2024-08-08T00:00:00,5,commodity_shock|negative,6,0.0032079240959195046,0.16666666666666666,0.0031993005775265947,2024-08-01,False,True,"prior_rows=6, minimum=20"
e6ee509ff6d6526a,601899,2024-08-08T00:00:00,20,commodity_shock|negative,4,0.04354287330394996,0.75,0.09745581621156017,2024-07-09,False,True,"prior_rows=4, minimum=20"
e6ee509ff6d6526a,601899,2024-08-08T00:00:00,60,commodity_shock|negative,0,0.0,0.0,0.0,,False,True,"prior_rows=0, minimum=20"
56d26240ece2781b,601899,2024-11-22T00:00:00,1,commodity_shock|positive,4,-0.025672087672464705,0.0,-0.02266571975141149,2024-05-23,False,True,"prior_rows=4, minimum=20"
56d26240ece2781b,601899,2024-11-22T00:00:00,5,commodity_shock|positive,4,-0.007315732051809687,0.5,0.011769548352363535,2024-05-29,False,True,"prior_rows=4, minimum=20"
56d26240ece2781b,601899,2024-11-22T00:00:00,20,commodity_shock|positive,4,-0.048615860701108154,0.25,-0.00894894340111883,2024-06-20,False,True,"prior_rows=4, minimum=20"
56d26240ece2781b,601899,2024-11-22T00:00:00,60,commodity_shock|positive,4,-0.09909235848672135,0.25,0.019915798639858234,2024-08-15,False,True,"prior_rows=4, minimum=20"
86f40cb8c4fcb012,601899,2025-02-05T00:00:00,1,commodity_shock|positive,5,-0.023202644757261127,0.0,-0.02214945939141837,2024-11-25,False,True,"prior_rows=5, minimum=20"
86f40cb8c4fcb012,601899,2025-02-05T00:00:00,5,commodity_shock|positive,5,-0.0066140069612447006,0.4,0.007636640636490957,2024-11-29,False,True,"prior_rows=5, minimum=20"
86f40cb8c4fcb012,601899,2025-02-05T00:00:00,20,commodity_shock|positive,5,-0.04828355150504897,0.2,-0.0159553817049013,2024-12-20,False,True,"prior_rows=5, minimum=20"
86f40cb8c4fcb012,601899,2025-02-05T00:00:00,60,commodity_shock|positive,4,-0.09909235848672135,0.25,0.019915798639858234,2024-08-15,False,True,"prior_rows=4, minimum=20"
295cf6b4bc0910cf,601899,2025-02-11T00:00:00,1,commodity_shock|positive,6,-0.020954642741959666,0.0,-0.02369894019781743,2025-02-06,False,True,"prior_rows=6, minimum=20"
295cf6b4bc0910cf,601899,2025-02-11T00:00:00,5,commodity_shock|positive,5,-0.0066140069612447006,0.4,0.007636640636490957,2024-11-29,False,True,"prior_rows=5, minimum=20"
295cf6b4bc0910cf,601899,2025-02-11T00:00:00,20,commodity_shock|positive,5,-0.04828355150504897,0.2,-0.0159553817049013,2024-12-20,False,True,"prior_rows=5, minimum=20"
295cf6b4bc0910cf,601899,2025-02-11T00:00:00,60,commodity_shock|positive,4,-0.09909235848672135,0.25,0.019915798639858234,2024-08-15,False,True,"prior_rows=4, minimum=20"
ca57b480ded33ba4,601899,2025-04-07T00:00:00,1,commodity_shock|negative,7,0.010416022417610828,0.7142857142857143,0.010690076011927242,2024-08-09,False,True,"prior_rows=7, minimum=20"
ca57b480ded33ba4,601899,2025-04-07T00:00:00,5,commodity_shock|negative,7,0.007193333108014209,0.2857142857142857,0.007881929552447351,2024-08-15,False,True,"prior_rows=7, minimum=20"
ca57b480ded33ba4,601899,2025-04-07T00:00:00,20,commodity_shock|negative,7,0.02551266869813294,0.5714285714285714,0.06942227849736406,2024-09-05,False,True,"prior_rows=7, minimum=20"
ca57b480ded33ba4,601899,2025-04-07T00:00:00,60,commodity_shock|negative,7,-0.0026518080319712445,0.42857142857142855,-0.04576762492531829,2024-11-11,False,True,"prior_rows=7, minimum=20"
ca28aebd09918baf,601899,2025-04-08T00:00:00,1,commodity_shock|negative,7,0.010416022417610828,0.7142857142857143,0.010690076011927242,2024-08-09,False,True,"prior_rows=7, minimum=20"
ca28aebd09918baf,601899,2025-04-08T00:00:00,5,commodity_shock|negative,7,0.007193333108014209,0.2857142857142857,0.007881929552447351,2024-08-15,False,True,"prior_rows=7, minimum=20"
ca28aebd09918baf,601899,2025-04-08T00:00:00,20,commodity_shock|negative,7,0.02551266869813294,0.5714285714285714,0.06942227849736406,2024-09-05,False,True,"prior_rows=7, minimum=20"
ca28aebd09918baf,601899,2025-04-08T00:00:00,60,commodity_shock|negative,7,-0.0026518080319712445,0.42857142857142855,-0.04576762492531829,2024-11-11,False,True,"prior_rows=7, minimum=20"
94d3b1c9ad7259ba,601899,2025-04-09T00:00:00,1,commodity_shock|negative,8,0.0134942921657015,0.75,0.014253021354458219,2025-04-08,False,True,"prior_rows=8, minimum=20"
94d3b1c9ad7259ba,601899,2025-04-09T00:00:00,5,commodity_shock|negative,7,0.007193333108014209,0.2857142857142857,0.007881929552447351,2024-08-15,False,True,"prior_rows=7, minimum=20"
94d3b1c9ad7259ba,601899,2025-04-09T00:00:00,20,commodity_shock|negative,7,0.02551266869813294,0.5714285714285714,0.06942227849736406,2024-09-05,False,True,"prior_rows=7, minimum=20"
94d3b1c9ad7259ba,601899,2025-04-09T00:00:00,60,commodity_shock|negative,7,-0.0026518080319712445,0.42857142857142855,-0.04576762492531829,2024-11-11,False,True,"prior_rows=7, minimum=20"
81cf00099eae8ff4,601899,2025-04-10T00:00:00,1,commodity_shock|negative,9,0.011785939953629483,0.6666666666666666,0.011147093944709953,2025-04-09,False,True,"prior_rows=9, minimum=20"
81cf00099eae8ff4,601899,2025-04-10T00:00:00,5,commodity_shock|negative,7,0.007193333108014209,0.2857142857142857,0.007881929552447351,2024-08-15,False,True,"prior_rows=7, minimum=20"
81cf00099eae8ff4,601899,2025-04-10T00:00:00,20,commodity_shock|negative,7,0.02551266869813294,0.5714285714285714,0.06942227849736406,2024-09-05,False,True,"prior_rows=7, minimum=20"
81cf00099eae8ff4,601899,2025-04-10T00:00:00,60,commodity_shock|negative,7,-0.0026518080319712445,0.42857142857142855,-0.04576762492531829,2024-11-11,False,True,"prior_rows=7, minimum=20"
4c255721e24b38c8,601899,2025-04-14T00:00:00,1,commodity_shock|positive,7,-0.020441281080409896,0.0,-0.024050640400132852,2025-02-12,False,True,"prior_rows=7, minimum=20"
4c255721e24b38c8,601899,2025-04-14T00:00:00,5,commodity_shock|positive,7,-0.007493123629616643,0.42857142857142855,-0.002734558073774406,2025-02-18,False,True,"prior_rows=7, minimum=20"
4c255721e24b38c8,601899,2025-04-14T00:00:00,20,commodity_shock|positive,7,-0.045091946104959514,0.14285714285714285,-0.03478022359504097,2025-03-11,False,True,"prior_rows=7, minimum=20"
4c255721e24b38c8,601899,2025-04-14T00:00:00,60,commodity_shock|positive,5,-0.07902007968277809,0.4,0.015317336399273471,2025-02-25,False,True,"prior_rows=5, minimum=20"
e6fb6f6eec600ed8,601899,2025-04-15T00:00:00,1,commodity_shock|positive,7,-0.020441281080409896,0.0,-0.024050640400132852,2025-02-12,False,True,"prior_rows=7, minimum=20"
e6fb6f6eec600ed8,601899,2025-04-15T00:00:00,5,commodity_shock|positive,7,-0.007493123629616643,0.42857142857142855,-0.002734558073774406,2025-02-18,False,True,"prior_rows=7, minimum=20"
e6fb6f6eec600ed8,601899,2025-04-15T00:00:00,20,commodity_shock|positive,7,-0.045091946104959514,0.14285714285714285,-0.03478022359504097,2025-03-11,False,True,"prior_rows=7, minimum=20"
e6fb6f6eec600ed8,601899,2025-04-15T00:00:00,60,commodity_shock|positive,5,-0.07902007968277809,0.4,0.015317336399273471,2025-02-25,False,True,"prior_rows=5, minimum=20"
449be86ea883a37e,601899,2025-04-16T00:00:00,1,commodity_shock|positive,8,-0.01774431720173983,0.125,-0.020546135435422733,2025-04-15,False,True,"prior_rows=8, minimum=20"
449be86ea883a37e,601899,2025-04-16T00:00:00,5,commodity_shock|positive,7,-0.007493123629616643,0.42857142857142855,-0.002734558073774406,2025-02-18,False,True,"prior_rows=7, minimum=20"
449be86ea883a37e,601899,2025-04-16T00:00:00,20,commodity_shock|positive,7,-0.045091946104959514,0.14285714285714285,-0.03478022359504097,2025-03-11,False,True,"prior_rows=7, minimum=20"
449be86ea883a37e,601899,2025-04-16T00:00:00,60,commodity_shock|positive,5,-0.07902007968277809,0.4,0.015317336399273471,2025-02-25,False,True,"prior_rows=5, minimum=20"
1c0c43a68b5fe3ff,601899,2025-04-17T00:00:00,1,commodity_shock|positive,9,-0.015206154163586172,0.2222222222222222,-0.01651805649713112,2025-04-16,False,True,"prior_rows=9, minimum=20"
1c0c43a68b5fe3ff,601899,2025-04-17T00:00:00,5,commodity_shock|positive,7,-0.007493123629616643,0.42857142857142855,-0.002734558073774406,2025-02-18,False,True,"prior_rows=7, minimum=20"
1c0c43a68b5fe3ff,601899,2025-04-17T00:00:00,20,commodity_shock|positive,7,-0.045091946104959514,0.14285714285714285,-0.03478022359504097,2025-03-11,False,True,"prior_rows=7, minimum=20"
1c0c43a68b5fe3ff,601899,2025-04-17T00:00:00,60,commodity_shock|positive,5,-0.07902007968277809,0.4,0.015317336399273471,2025-02-25,False,True,"prior_rows=5, minimum=20"
599f012783091159,601899,2025-04-21T00:00:00,1,commodity_shock|positive,11,-0.013051740833215314,0.2727272727272727,-0.013832520534713899,2025-04-18,False,True,"prior_rows=11, minimum=20"
599f012783091159,601899,2025-04-21T00:00:00,5,commodity_shock|positive,7,-0.007493123629616643,0.42857142857142855,-0.002734558073774406,2025-02-18,False,True,"prior_rows=7, minimum=20"
599f012783091159,601899,2025-04-21T00:00:00,20,commodity_shock|positive,7,-0.045091946104959514,0.14285714285714285,-0.03478022359504097,2025-03-11,False,True,"prior_rows=7, minimum=20"
599f012783091159,601899,2025-04-21T00:00:00,60,commodity_shock|positive,5,-0.07902007968277809,0.4,0.015317336399273471,2025-02-25,False,True,"prior_rows=5, minimum=20"
d06de43cb9b109fe,601899,2025-04-22T00:00:00,1,commodity_shock|positive,11,-0.013051740833215314,0.2727272727272727,-0.013832520534713899,2025-04-18,False,True,"prior_rows=11, minimum=20"
d06de43cb9b109fe,601899,2025-04-22T00:00:00,5,commodity_shock|positive,8,0.0003209983895987867,0.5,0.0043861521646498995,2025-04-21,False,True,"prior_rows=8, minimum=20"
d06de43cb9b109fe,601899,2025-04-22T00:00:00,20,commodity_shock|positive,7,-0.045091946104959514,0.14285714285714285,-0.03478022359504097,2025-03-11,False,True,"prior_rows=7, minimum=20"
d06de43cb9b109fe,601899,2025-04-22T00:00:00,60,commodity_shock|positive,5,-0.07902007968277809,0.4,0.015317336399273471,2025-02-25,False,True,"prior_rows=5, minimum=20"
5a7e293b31ac76ce,601899,2025-04-23T00:00:00,1,commodity_shock|negative,11,0.016553612271777318,0.7272727272727273,0.013011472490248033,2025-04-11,False,True,"prior_rows=11, minimum=20"
5a7e293b31ac76ce,601899,2025-04-23T00:00:00,5,commodity_shock|negative,11,0.04356371873828577,0.5454545454545454,0.030505225888691378,2025-04-17,False,True,"prior_rows=11, minimum=20"
5a7e293b31ac76ce,601899,2025-04-23T00:00:00,20,commodity_shock|negative,7,0.02551266869813294,0.5714285714285714,0.06942227849736406,2024-09-05,False,True,"prior_rows=7, minimum=20"
5a7e293b31ac76ce,601899,2025-04-23T00:00:00,60,commodity_shock|negative,7,-0.0026518080319712445,0.42857142857142855,-0.04576762492531829,2024-11-11,False,True,"prior_rows=7, minimum=20"
2599c549383695ce,601899,2025-04-29T00:00:00,1,commodity_shock|negative,12,0.01461203103552606,0.6666666666666666,0.011662878161800179,2025-04-24,False,True,"prior_rows=12, minimum=20"
2599c549383695ce,601899,2025-04-29T00:00:00,5,commodity_shock|negative,11,0.04356371873828577,0.5454545454545454,0.030505225888691378,2025-04-17,False,True,"prior_rows=11, minimum=20"
2599c549383695ce,601899,2025-04-29T00:00:00,20,commodity_shock|negative,7,0.02551266869813294,0.5714285714285714,0.06942227849736406,2024-09-05,False,True,"prior_rows=7, minimum=20"
2599c549383695ce,601899,2025-04-29T00:00:00,60,commodity_shock|negative,7,-0.0026518080319712445,0.42857142857142855,-0.04576762492531829,2024-11-11,False,True,"prior_rows=7, minimum=20"
6504365b03836cd2,601899,2025-05-15T00:00:00,1,commodity_shock|negative,13,0.012746285989248625,0.6153846153846154,0.009589201555309516,2025-04-30,False,True,"prior_rows=13, minimum=20"
6504365b03836cd2,601899,2025-05-15T00:00:00,5,commodity_shock|negative,13,0.0355219683862454,0.5384615384615384,0.022507217693083052,2025-05-09,False,True,"prior_rows=13, minimum=20"
6504365b03836cd2,601899,2025-05-15T00:00:00,20,commodity_shock|negative,11,0.05549143855058294,0.7272727272727273,0.055668643615624645,2025-05-13,False,True,"prior_rows=11, minimum=20"
6504365b03836cd2,601899,2025-05-15T00:00:00,60,commodity_shock|negative,7,-0.0026518080319712445,0.42857142857142855,-0.04576762492531829,2024-11-11,False,True,"prior_rows=7, minimum=20"
c7e20576a3bfa057,601899,2025-05-21T00:00:00,1,commodity_shock|positive,13,-0.01440952858690526,0.23076923076923078,-0.015033820626919714,2025-04-23,False,True,"prior_rows=13, minimum=20"
c7e20576a3bfa057,601899,2025-05-21T00:00:00,5,commodity_shock|positive,13,-0.004033619478459816,0.46153846153846156,-0.0022657052829001055,2025-04-29,False,True,"prior_rows=13, minimum=20"
c7e20576a3bfa057,601899,2025-05-21T00:00:00,20,commodity_shock|positive,11,-0.034077831409710886,0.09090909090909091,-0.04029184494018577,2025-05-20,False,True,"prior_rows=11, minimum=20"
c7e20576a3bfa057,601899,2025-05-21T00:00:00,60,commodity_shock|positive,7,-0.04169884475563167,0.5714285714285714,0.028161854644950437,2025-05-12,False,True,"prior_rows=7, minimum=20"
441aa80131061d1b,601899,2025-05-22T00:00:00,1,commodity_shock|positive,13,-0.01440952858690526,0.23076923076923078,-0.015033820626919714,2025-04-23,False,True,"prior_rows=13, minimum=20"
441aa80131061d1b,601899,2025-05-22T00:00:00,5,commodity_shock|positive,13,-0.004033619478459816,0.46153846153846156,-0.0022657052829001055,2025-04-29,False,True,"prior_rows=13, minimum=20"
441aa80131061d1b,601899,2025-05-22T00:00:00,20,commodity_shock|positive,11,-0.034077831409710886,0.09090909090909091,-0.04029184494018577,2025-05-20,False,True,"prior_rows=11, minimum=20"
441aa80131061d1b,601899,2025-05-22T00:00:00,60,commodity_shock|positive,7,-0.04169884475563167,0.5714285714285714,0.028161854644950437,2025-05-12,False,True,"prior_rows=7, minimum=20"
c50e1a62ada2d8a7,601899,2025-09-25T00:00:00,1,commodity_shock|positive,27,-0.008505912496652944,0.3333333333333333,-0.012972909535872839,2025-09-24,True,True,prior_ready
c50e1a62ada2d8a7,601899,2025-09-25T00:00:00,5,commodity_shock|positive,26,-0.02557590187449702,0.23076923076923078,-0.024014558897740044,2025-09-05,True,True,prior_ready
c50e1a62ada2d8a7,601899,2025-09-25T00:00:00,20,commodity_shock|positive,20,-0.03301778566468522,0.2,-0.06365319932858225,2025-09-24,True,True,prior_ready
c50e1a62ada2d8a7,601899,2025-09-25T00:00:00,60,commodity_shock|positive,15,0.03646250522803781,0.8,-0.007591249522527545,2025-08-15,False,True,"prior_rows=15, minimum=20"
1be1537d4403678a,601899,2025-10-09T00:00:00,1,commodity_shock|positive,28,-0.008031874786736596,0.35714285714285715,-0.011943633313016783,2025-09-26,True,True,prior_ready
1be1537d4403678a,601899,2025-10-09T00:00:00,5,commodity_shock|positive,27,-0.026161213299324082,0.2222222222222222,-0.026728943494590512,2025-09-30,True,True,prior_ready
1be1537d4403678a,601899,2025-10-09T00:00:00,20,commodity_shock|positive,26,-0.020655443433526648,0.38461538461538464,-0.0633613548420643,2025-09-26,True,True,prior_ready
1be1537d4403678a,601899,2025-10-09T00:00:00,60,commodity_shock|positive,15,0.03646250522803781,0.8,-0.007591249522527545,2025-08-15,False,True,"prior_rows=15, minimum=20"
e0ab9636f7acec45,601899,2025-10-09T00:00:00,1,commodity_shock|positive,28,-0.008031874786736596,0.35714285714285715,-0.011943633313016783,2025-09-26,True,True,prior_ready
e0ab9636f7acec45,601899,2025-10-09T00:00:00,5,commodity_shock|positive,27,-0.026161213299324082,0.2222222222222222,-0.026728943494590512,2025-09-30,True,True,prior_ready
e0ab9636f7acec45,601899,2025-10-09T00:00:00,20,commodity_shock|positive,26,-0.020655443433526648,0.38461538461538464,-0.0633613548420643,2025-09-26,True,True,prior_ready
e0ab9636f7acec45,601899,2025-10-09T00:00:00,60,commodity_shock|positive,15,0.03646250522803781,0.8,-0.007591249522527545,2025-08-15,False,True,"prior_rows=15, minimum=20"
122db5dec910a912,601899,2025-10-10T00:00:00,1,commodity_shock|positive,28,-0.008031874786736596,0.35714285714285715,-0.011943633313016783,2025-09-26,True,True,prior_ready
122db5dec910a912,601899,2025-10-10T00:00:00,5,commodity_shock|positive,27,-0.026161213299324082,0.2222222222222222,-0.026728943494590512,2025-09-30,True,True,prior_ready
122db5dec910a912,601899,2025-10-10T00:00:00,20,commodity_shock|positive,26,-0.020655443433526648,0.38461538461538464,-0.0633613548420643,2025-09-26,True,True,prior_ready
122db5dec910a912,601899,2025-10-10T00:00:00,60,commodity_shock|positive,15,0.03646250522803781,0.8,-0.007591249522527545,2025-08-15,False,True,"prior_rows=15, minimum=20"
708ce031f667263b,601899,2025-10-13T00:00:00,1,commodity_shock|positive,30,-0.010605331435708125,0.3333333333333333,-0.012955872871872737,2025-10-10,True,True,prior_ready
708ce031f667263b,601899,2025-10-13T00:00:00,5,commodity_shock|positive,28,-0.020200583800498124,0.25,-0.022192710648126425,2025-10-10,True,True,prior_ready
708ce031f667263b,601899,2025-10-13T00:00:00,20,commodity_shock|positive,26,-0.020655443433526648,0.38461538461538464,-0.0633613548420643,2025-09-26,True,True,prior_ready
708ce031f667263b,601899,2025-10-13T00:00:00,60,commodity_shock|positive,15,0.03646250522803781,0.8,-0.007591249522527545,2025-08-15,False,True,"prior_rows=15, minimum=20"
c3f97d958def2818,601899,2025-10-14T00:00:00,1,commodity_shock|positive,31,-0.009813889090158826,0.3548387096774194,-0.012121003411722607,2025-10-13,True,True,prior_ready
c3f97d958def2818,601899,2025-10-14T00:00:00,5,commodity_shock|positive,28,-0.020200583800498124,0.25,-0.022192710648126425,2025-10-10,True,True,prior_ready
c3f97d958def2818,601899,2025-10-14T00:00:00,20,commodity_shock|positive,26,-0.020655443433526648,0.38461538461538464,-0.0633613548420643,2025-09-26,True,True,prior_ready
c3f97d958def2818,601899,2025-10-14T00:00:00,60,commodity_shock|positive,15,0.03646250522803781,0.8,-0.007591249522527545,2025-08-15,False,True,"prior_rows=15, minimum=20"
e12a335f718aa324,601899,2025-10-15T00:00:00,1,commodity_shock|positive,32,-0.011304329656730339,0.34375,-0.01290435591240342,2025-10-14,True,True,prior_ready
e12a335f718aa324,601899,2025-10-15T00:00:00,5,commodity_shock|positive,28,-0.020200583800498124,0.25,-0.022192710648126425,2025-10-10,True,True,prior_ready
e12a335f718aa324,601899,2025-10-15T00:00:00,20,commodity_shock|positive,26,-0.020655443433526648,0.38461538461538464,-0.0633613548420643,2025-09-26,True,True,prior_ready
e12a335f718aa324,601899,2025-10-15T00:00:00,60,commodity_shock|positive,15,0.03646250522803781,0.8,-0.007591249522527545,2025-08-15,False,True,"prior_rows=15, minimum=20"
202ac1ed1d2c3f41,601899,2025-10-16T00:00:00,1,commodity_shock|positive,33,-0.009441486590604455,0.36363636363636365,-0.011404338445838944,2025-10-15,True,True,prior_ready
202ac1ed1d2c3f41,601899,2025-10-16T00:00:00,5,commodity_shock|positive,28,-0.020200583800498124,0.25,-0.022192710648126425,2025-10-10,True,True,prior_ready
202ac1ed1d2c3f41,601899,2025-10-16T00:00:00,20,commodity_shock|positive,26,-0.020655443433526648,0.38461538461538464,-0.0633613548420643,2025-09-26,True,True,prior_ready
202ac1ed1d2c3f41,601899,2025-10-16T00:00:00,60,commodity_shock|positive,15,0.03646250522803781,0.8,-0.007591249522527545,2025-08-15,False,True,"prior_rows=15, minimum=20"
8b5cc9b4368a8f0f,601899,2025-10-17T00:00:00,1,commodity_shock|positive,34,-0.009647979152620818,0.35294117647058826,-0.011330554864931938,2025-10-16,True,True,prior_ready
8b5cc9b4368a8f0f,601899,2025-10-17T00:00:00,5,commodity_shock|positive,30,-0.022786346815815966,0.23333333333333334,-0.022412809983781482,2025-10-16,True,True,prior_ready
8b5cc9b4368a8f0f,601899,2025-10-17T00:00:00,20,commodity_shock|positive,26,-0.020655443433526648,0.38461538461538464,-0.0633613548420643,2025-09-26,True,True,prior_ready
8b5cc9b4368a8f0f,601899,2025-10-17T00:00:00,60,commodity_shock|positive,15,0.03646250522803781,0.8,-0.007591249522527545,2025-08-15,False,True,"prior_rows=15, minimum=20"
26b5e222e6affcdc,601899,2025-10-21T00:00:00,1,commodity_shock|positive,36,-0.00977217096655986,0.3333333333333333,-0.010869879125172469,2025-10-20,True,True,prior_ready
26b5e222e6affcdc,601899,2025-10-21T00:00:00,5,commodity_shock|positive,32,-0.02361834088153416,0.21875,-0.021061152039983492,2025-10-20,True,True,prior_ready
26b5e222e6affcdc,601899,2025-10-21T00:00:00,20,commodity_shock|positive,26,-0.020655443433526648,0.38461538461538464,-0.0633613548420643,2025-09-26,True,True,prior_ready
26b5e222e6affcdc,601899,2025-10-21T00:00:00,60,commodity_shock|positive,15,0.03646250522803781,0.8,-0.007591249522527545,2025-08-15,False,True,"prior_rows=15, minimum=20"
1287cd9f8b4adc92,601899,2025-10-22T00:00:00,1,commodity_shock|negative,14,0.011549959345648373,0.5714285714285714,0.008483855086570517,2025-05-16,False,True,"prior_rows=14, minimum=20"
1287cd9f8b4adc92,601899,2025-10-22T00:00:00,5,commodity_shock|negative,14,0.037436208249532865,0.5714285714285714,0.02491038552484669,2025-05-22,False,True,"prior_rows=14, minimum=20"
1287cd9f8b4adc92,601899,2025-10-22T00:00:00,20,commodity_shock|negative,14,0.05501826282823189,0.7857142857142857,0.05072094752568195,2025-06-13,False,True,"prior_rows=14, minimum=20"
1287cd9f8b4adc92,601899,2025-10-22T00:00:00,60,commodity_shock|negative,14,0.1039228966040732,0.7142857142857143,0.002017158947191814,2025-08-08,False,True,"prior_rows=14, minimum=20"
508317a1f1797b87,601899,2025-10-24T00:00:00,1,commodity_shock|negative,15,0.011345893012361797,0.6,0.007910230485326183,2025-10-23,False,True,"prior_rows=15, minimum=20"
508317a1f1797b87,601899,2025-10-24T00:00:00,5,commodity_shock|negative,14,0.037436208249532865,0.5714285714285714,0.02491038552484669,2025-05-22,False,True,"prior_rows=14, minimum=20"
508317a1f1797b87,601899,2025-10-24T00:00:00,20,commodity_shock|negative,14,0.05501826282823189,0.7857142857142857,0.05072094752568195,2025-06-13,False,True,"prior_rows=14, minimum=20"
508317a1f1797b87,601899,2025-10-24T00:00:00,60,commodity_shock|negative,14,0.1039228966040732,0.7142857142857143,0.002017158947191814,2025-08-08,False,True,"prior_rows=14, minimum=20"
521a70eaea0a0519,601899,2025-10-28T00:00:00,1,commodity_shock|negative,16,0.012655589217903697,0.625,0.00871203308070207,2025-10-27,False,True,"prior_rows=16, minimum=20"
521a70eaea0a0519,601899,2025-10-28T00:00:00,5,commodity_shock|negative,14,0.037436208249532865,0.5714285714285714,0.02491038552484669,2025-05-22,False,True,"prior_rows=14, minimum=20"
521a70eaea0a0519,601899,2025-10-28T00:00:00,20,commodity_shock|negative,14,0.05501826282823189,0.7857142857142857,0.05072094752568195,2025-06-13,False,True,"prior_rows=14, minimum=20"
521a70eaea0a0519,601899,2025-10-28T00:00:00,60,commodity_shock|negative,14,0.1039228966040732,0.7142857142857143,0.002017158947191814,2025-08-08,False,True,"prior_rows=14, minimum=20"
829c38361ba1eb98,601899,2025-12-05T00:00:00,1,commodity_shock|positive,47,-0.003733257081622643,0.40425531914893614,-0.0034261931170536564,2025-12-03,True,True,prior_ready
829c38361ba1eb98,601899,2025-12-05T00:00:00,5,commodity_shock|positive,41,-0.01696599240270759,0.2926829268292683,-0.016643268970976257,2025-12-02,True,True,prior_ready
829c38361ba1eb98,601899,2025-12-05T00:00:00,20,commodity_shock|positive,40,-0.016719275387641393,0.375,-0.057445128592415816,2025-11-27,True,True,prior_ready
829c38361ba1eb98,601899,2025-12-05T00:00:00,60,commodity_shock|positive,26,0.13513297297739643,0.6923076923076923,0.04207131984184344,2025-12-01,True,True,prior_ready
7c292952763149e6,601899,2025-12-26T00:00:00,1,commodity_shock|positive,55,-0.0037961754900650425,0.41818181818181815,-0.003796689032833983,2025-12-25,True,True,prior_ready
7c292952763149e6,601899,2025-12-26T00:00:00,5,commodity_shock|positive,51,-0.0064737196601299864,0.4117647058823529,-0.007246271170921248,2025-12-24,True,True,prior_ready
7c292952763149e6,601899,2025-12-26T00:00:00,20,commodity_shock|positive,41,-0.013843368067885838,0.3902439024390244,-0.05451425509210528,2025-12-23,True,True,prior_ready
7c292952763149e6,601899,2025-12-26T00:00:00,60,commodity_shock|positive,27,0.12663268927930643,0.6666666666666666,0.03250438744320334,2025-12-24,True,True,prior_ready
a95f8eb3317605e0,601899,2026-01-05T00:00:00,1,commodity_shock|positive,74,0.0006636654911597505,0.5135135135135135,0.00038030713729708687,2025-12-31,True,True,prior_ready
a95f8eb3317605e0,601899,2026-01-05T00:00:00,5,commodity_shock|positive,55,-0.004402893672751033,0.45454545454545453,-0.006466534146402358,2025-12-31,True,True,prior_ready
a95f8eb3317605e0,601899,2026-01-05T00:00:00,20,commodity_shock|positive,47,-0.00049865614418933,0.46808510638297873,-0.041043759674832175,2025-12-30,True,True,prior_ready
a95f8eb3317605e0,601899,2026-01-05T00:00:00,60,commodity_shock|positive,28,0.1306469203852105,0.6785714285714286,0.03585317560413527,2025-12-26,True,True,prior_ready
2e7e877c143d6174,601899,2026-01-06T00:00:00,1,commodity_shock|positive,74,0.0006636654911597505,0.5135135135135135,0.00038030713729708687,2025-12-31,True,True,prior_ready
2e7e877c143d6174,601899,2026-01-06T00:00:00,5,commodity_shock|positive,55,-0.004402893672751033,0.45454545454545453,-0.006466534146402358,2025-12-31,True,True,prior_ready
2e7e877c143d6174,601899,2026-01-06T00:00:00,20,commodity_shock|positive,47,-0.00049865614418933,0.46808510638297873,-0.041043759674832175,2025-12-30,True,True,prior_ready
2e7e877c143d6174,601899,2026-01-06T00:00:00,60,commodity_shock|positive,30,0.12815495562903773,0.7,0.03544717202859566,2026-01-05,True,True,prior_ready
d665fd51adc042c9,601899,2026-01-06T00:00:00,1,commodity_shock|positive,74,0.0006636654911597505,0.5135135135135135,0.00038030713729708687,2025-12-31,True,True,prior_ready
d665fd51adc042c9,601899,2026-01-06T00:00:00,5,commodity_shock|positive,55,-0.004402893672751033,0.45454545454545453,-0.006466534146402358,2025-12-31,True,True,prior_ready
d665fd51adc042c9,601899,2026-01-06T00:00:00,20,commodity_shock|positive,47,-0.00049865614418933,0.46808510638297873,-0.041043759674832175,2025-12-30,True,True,prior_ready
d665fd51adc042c9,601899,2026-01-06T00:00:00,60,commodity_shock|positive,30,0.12815495562903773,0.7,0.03544717202859566,2026-01-05,True,True,prior_ready
42c457602c1c44cb,601899,2026-01-07T00:00:00,1,commodity_shock|positive,76,0.0020066293446498857,0.5263157894736842,0.0012466580796343368,2026-01-06,True,True,prior_ready
42c457602c1c44cb,601899,2026-01-07T00:00:00,5,commodity_shock|positive,56,-0.002156702082678527,0.4642857142857143,-0.004778379131956607,2026-01-06,True,True,prior_ready
42c457602c1c44cb,601899,2026-01-07T00:00:00,20,commodity_shock|positive,48,0.00368904201888273,0.4791666666666667,-0.03762611686358346,2026-01-06,True,True,prior_ready
42c457602c1c44cb,601899,2026-01-07T00:00:00,60,commodity_shock|positive,31,0.13105353815485526,0.7096774193548387,0.03796983404324831,2026-01-06,True,True,prior_ready
1560d5649d40ad83,601899,2026-01-08T00:00:00,1,commodity_shock|positive,78,0.0013550681994242725,0.5128205128205128,0.0005911709971080911,2026-01-07,True,True,prior_ready
1560d5649d40ad83,601899,2026-01-08T00:00:00,5,commodity_shock|positive,56,-0.002156702082678527,0.4642857142857143,-0.004778379131956607,2026-01-06,True,True,prior_ready
1560d5649d40ad83,601899,2026-01-08T00:00:00,20,commodity_shock|positive,48,0.00368904201888273,0.4791666666666667,-0.03762611686358346,2026-01-06,True,True,prior_ready
1560d5649d40ad83,601899,2026-01-08T00:00:00,60,commodity_shock|positive,32,0.1323694569405512,0.71875,0.03892648946720667,2026-01-07,True,True,prior_ready
b70fc521ad34095a,601899,2026-01-09T00:00:00,1,commodity_shock|positive,79,0.0011931317855488756,0.5063291139240507,0.00047571670879287606,2026-01-08,True,True,prior_ready
b70fc521ad34095a,601899,2026-01-09T00:00:00,5,commodity_shock|positive,74,0.007396218827669566,0.5945945945945946,-0.00404079506668427,2026-01-08,True,True,prior_ready
b70fc521ad34095a,601899,2026-01-09T00:00:00,20,commodity_shock|positive,48,0.00368904201888273,0.4791666666666667,-0.03762611686358346,2026-01-06,True,True,prior_ready
b70fc521ad34095a,601899,2026-01-09T00:00:00,60,commodity_shock|positive,33,0.13534336656587603,0.7272727272727273,0.040910914826715425,2026-01-08,True,True,prior_ready
74ad989b1f88d1dd,601899,2026-01-12T00:00:00,1,commodity_shock|positive,80,0.0014950220459430147,0.5125,0.00057473564543393,2026-01-09,True,True,prior_ready
74ad989b1f88d1dd,601899,2026-01-12T00:00:00,5,commodity_shock|positive,74,0.007396218827669566,0.5945945945945946,-0.00404079506668427,2026-01-08,True,True,prior_ready
74ad989b1f88d1dd,601899,2026-01-12T00:00:00,20,commodity_shock|positive,48,0.00368904201888273,0.4791666666666667,-0.03762611686358346,2026-01-06,True,True,prior_ready
74ad989b1f88d1dd,601899,2026-01-12T00:00:00,60,commodity_shock|positive,34,0.13728680493578183,0.7352941176470589,0.04172298571660784,2026-01-09,True,True,prior_ready
c08fa44e153f82db,601899,2026-01-13T00:00:00,1,commodity_shock|positive,81,0.0014898327740959399,0.5185185185185185,0.00034841177268035375,2026-01-12,True,True,prior_ready
c08fa44e153f82db,601899,2026-01-13T00:00:00,5,commodity_shock|positive,76,0.008028996116352619,0.6052631578947368,-0.0045533493123467396,2026-01-12,True,True,prior_ready
c08fa44e153f82db,601899,2026-01-13T00:00:00,20,commodity_shock|positive,48,0.00368904201888273,0.4791666666666667,-0.03762611686358346,2026-01-06,True,True,prior_ready
c08fa44e153f82db,601899,2026-01-13T00:00:00,60,commodity_shock|positive,35,0.13973124307503515,0.7428571428571429,0.042104869808049915,2026-01-12,True,True,prior_ready
a796061aab8f1843,601899,2026-01-14T00:00:00,1,commodity_shock|positive,82,0.001792416081519447,0.524390243902439,0.0007324591669651237,2026-01-13,True,True,prior_ready
a796061aab8f1843,601899,2026-01-14T00:00:00,5,commodity_shock|positive,78,0.008259567410696004,0.6153846153846154,-0.004787698334055812,2026-01-13,True,True,prior_ready
a796061aab8f1843,601899,2026-01-14T00:00:00,20,commodity_shock|positive,49,0.006060794045116713,0.4897959183673469,-0.03695832807445759,2026-01-13,True,True,prior_ready
a796061aab8f1843,601899,2026-01-14T00:00:00,60,commodity_shock|positive,36,0.1432799378752655,0.75,0.042977795799513885,2026-01-13,True,True,prior_ready
7524b25a16d7c123,601899,2026-01-15T00:00:00,1,commodity_shock|positive,83,0.0018527383357169987,0.5301204819277109,0.000811877469915476,2026-01-14,True,True,prior_ready
7524b25a16d7c123,601899,2026-01-15T00:00:00,5,commodity_shock|positive,79,0.008768622829975412,0.620253164556962,-0.004502950278455047,2026-01-14,True,True,prior_ready
7524b25a16d7c123,601899,2026-01-15T00:00:00,20,commodity_shock|positive,50,0.0049634203811660706,0.48,-0.039882054533794266,2026-01-14,True,True,prior_ready
7524b25a16d7c123,601899,2026-01-15T00:00:00,60,commodity_shock|positive,36,0.1432799378752655,0.75,0.042977795799513885,2026-01-13,True,True,prior_ready
c6e7eeb2b21b8720,601899,2026-01-16T00:00:00,1,commodity_shock|negative,17,0.014118996444164844,0.6470588235294118,0.009085054147100292,2025-10-29,False,True,"prior_rows=17, minimum=20"
c6e7eeb2b21b8720,601899,2026-01-16T00:00:00,5,commodity_shock|negative,17,0.03267696985839264,0.5882352941176471,0.017606928430344036,2025-11-04,False,True,"prior_rows=17, minimum=20"
c6e7eeb2b21b8720,601899,2026-01-16T00:00:00,20,commodity_shock|negative,17,0.03876543686878719,0.6470588235294118,0.031262145638726875,2025-11-25,False,True,"prior_rows=17, minimum=20"
c6e7eeb2b21b8720,601899,2026-01-16T00:00:00,60,commodity_shock|negative,14,0.1039228966040732,0.7142857142857143,0.002017158947191814,2025-08-08,False,True,"prior_rows=14, minimum=20"
d2edcf0e0a2f9c0b,601899,2026-01-19T00:00:00,1,commodity_shock|negative,17,0.014118996444164844,0.6470588235294118,0.009085054147100292,2025-10-29,False,True,"prior_rows=17, minimum=20"
d2edcf0e0a2f9c0b,601899,2026-01-19T00:00:00,5,commodity_shock|negative,17,0.03267696985839264,0.5882352941176471,0.017606928430344036,2025-11-04,False,True,"prior_rows=17, minimum=20"
d2edcf0e0a2f9c0b,601899,2026-01-19T00:00:00,20,commodity_shock|negative,17,0.03876543686878719,0.6470588235294118,0.031262145638726875,2025-11-25,False,True,"prior_rows=17, minimum=20"
d2edcf0e0a2f9c0b,601899,2026-01-19T00:00:00,60,commodity_shock|negative,15,0.11514976857919497,0.7333333333333333,0.008760849757290792,2026-01-16,False,True,"prior_rows=15, minimum=20"
199c88b5294a67ae,601899,2026-01-20T00:00:00,1,commodity_shock|positive,89,0.0028021904202591773,0.5393258426966292,0.0014164738296491785,2026-01-19,True,True,prior_ready
199c88b5294a67ae,601899,2026-01-20T00:00:00,5,commodity_shock|positive,82,0.009184841838379056,0.6219512195121951,-0.004158997232289233,2026-01-19,True,True,prior_ready
199c88b5294a67ae,601899,2026-01-20T00:00:00,20,commodity_shock|positive,51,0.007357702789465165,0.49019607843137253,-0.039014056149715176,2026-01-16,True,True,prior_ready
199c88b5294a67ae,601899,2026-01-20T00:00:00,60,commodity_shock|positive,37,0.14678260268333157,0.7567567567567568,0.04463132257951361,2026-01-15,True,True,prior_ready
3a151a6a301d92b1,601899,2026-01-21T00:00:00,1,commodity_shock|positive,91,0.003259259203528144,0.5494505494505495,0.00203398892755798,2026-01-20,True,True,prior_ready
3a151a6a301d92b1,601899,2026-01-21T00:00:00,5,commodity_shock|positive,83,0.008781168036928607,0.6144578313253012,-0.004383032348291028,2026-01-20,True,True,prior_ready
3a151a6a301d92b1,601899,2026-01-21T00:00:00,20,commodity_shock|positive,51,0.007357702789465165,0.49019607843137253,-0.039014056149715176,2026-01-16,True,True,prior_ready
3a151a6a301d92b1,601899,2026-01-21T00:00:00,60,commodity_shock|positive,37,0.14678260268333157,0.7567567567567568,0.04463132257951361,2026-01-15,True,True,prior_ready
a723dae2d3a283e5,601899,2026-01-21T00:00:00,1,commodity_shock|positive,91,0.003259259203528144,0.5494505494505495,0.00203398892755798,2026-01-20,True,True,prior_ready
a723dae2d3a283e5,601899,2026-01-21T00:00:00,5,commodity_shock|positive,83,0.008781168036928607,0.6144578313253012,-0.004383032348291028,2026-01-20,True,True,prior_ready
a723dae2d3a283e5,601899,2026-01-21T00:00:00,20,commodity_shock|positive,51,0.007357702789465165,0.49019607843137253,-0.039014056149715176,2026-01-16,True,True,prior_ready
a723dae2d3a283e5,601899,2026-01-21T00:00:00,60,commodity_shock|positive,37,0.14678260268333157,0.7567567567567568,0.04463132257951361,2026-01-15,True,True,prior_ready
2430d1c2810d0ec7,601899,2026-01-23T00:00:00,1,commodity_shock|positive,101,0.005191630927240475,0.5643564356435643,0.003308784264787193,2026-01-22,True,True,prior_ready
2430d1c2810d0ec7,601899,2026-01-23T00:00:00,5,commodity_shock|positive,85,0.008280020245333853,0.6,-0.004803092105687154,2026-01-22,True,True,prior_ready
2430d1c2810d0ec7,601899,2026-01-23T00:00:00,20,commodity_shock|positive,54,0.01661980027903894,0.5185185185185185,-0.03328040154678766,2026-01-22,True,True,prior_ready
2430d1c2810d0ec7,601899,2026-01-23T00:00:00,60,commodity_shock|positive,38,0.15106526602123888,0.7631578947368421,0.04751495671695242,2026-01-21,True,True,prior_ready
7b808e9d279f6954,601899,2026-01-23T00:00:00,1,commodity_shock|positive,101,0.005191630927240475,0.5643564356435643,0.003308784264787193,2026-01-22,True,True,prior_ready
7b808e9d279f6954,601899,2026-01-23T00:00:00,5,commodity_shock|positive,85,0.008280020245333853,0.6,-0.004803092105687154,2026-01-22,True,True,prior_ready
7b808e9d279f6954,601899,2026-01-23T00:00:00,20,commodity_shock|positive,54,0.01661980027903894,0.5185185185185185,-0.03328040154678766,2026-01-22,True,True,prior_ready
7b808e9d279f6954,601899,2026-01-23T00:00:00,60,commodity_shock|positive,38,0.15106526602123888,0.7631578947368421,0.04751495671695242,2026-01-21,True,True,prior_ready
8314975364e191fd,601899,2026-01-24T00:00:00,1,capacity_operation|positive,9,0.002303222595060032,0.4444444444444444,-0.0030198714764472436,2026-01-12,False,True,"prior_rows=9, minimum=20"
8314975364e191fd,601899,2026-01-24T00:00:00,5,capacity_operation|positive,9,0.012714668559156879,0.7777777777777778,-0.004454740396880646,2026-01-16,False,True,"prior_rows=9, minimum=20"
8314975364e191fd,601899,2026-01-24T00:00:00,20,capacity_operation|positive,7,0.03924916834045896,0.5714285714285714,-0.03955444166563109,2026-01-09,False,True,"prior_rows=7, minimum=20"
8314975364e191fd,601899,2026-01-24T00:00:00,60,capacity_operation|positive,4,-0.05722377355785341,0.25,-0.16692369608595076,2025-12-26,False,True,"prior_rows=4, minimum=20"
6783ef1307d0002f,601899,2026-01-26T00:00:00,1,commodity_shock|positive,101,0.005191630927240475,0.5643564356435643,0.003308784264787193,2026-01-22,True,True,prior_ready
6783ef1307d0002f,601899,2026-01-26T00:00:00,5,commodity_shock|positive,89,0.014431022193044282,0.6179775280898876,0.0001291062894701123,2026-01-23,True,True,prior_ready
6783ef1307d0002f,601899,2026-01-26T00:00:00,20,commodity_shock|positive,55,0.021411811532317127,0.5272727272727272,-0.0298698406361157,2026-01-23,True,True,prior_ready
6783ef1307d0002f,601899,2026-01-26T00:00:00,60,commodity_shock|positive,38,0.15106526602123888,0.7631578947368421,0.04751495671695242,2026-01-21,True,True,prior_ready
855db0b299cb6a88,601899,2026-01-26T00:00:00,1,commodity_shock|positive,101,0.005191630927240475,0.5643564356435643,0.003308784264787193,2026-01-22,True,True,prior_ready
855db0b299cb6a88,601899,2026-01-26T00:00:00,5,commodity_shock|positive,89,0.014431022193044282,0.6179775280898876,0.0001291062894701123,2026-01-23,True,True,prior_ready
855db0b299cb6a88,601899,2026-01-26T00:00:00,20,commodity_shock|positive,55,0.021411811532317127,0.5272727272727272,-0.0298698406361157,2026-01-23,True,True,prior_ready
855db0b299cb6a88,601899,2026-01-26T00:00:00,60,commodity_shock|positive,38,0.15106526602123888,0.7631578947368421,0.04751495671695242,2026-01-21,True,True,prior_ready
11a318f2bdfac406,601899,2026-01-27T00:00:00,1,commodity_shock|positive,103,0.006093748622357592,0.5728155339805825,0.0042493680703974196,2026-01-26,True,True,prior_ready
11a318f2bdfac406,601899,2026-01-27T00:00:00,5,commodity_shock|positive,91,0.014762176102510259,0.6263736263736264,0.00012069408779270482,2026-01-26,True,True,prior_ready
11a318f2bdfac406,601899,2026-01-27T00:00:00,20,commodity_shock|positive,55,0.021411811532317127,0.5272727272727272,-0.0298698406361157,2026-01-23,True,True,prior_ready
11a318f2bdfac406,601899,2026-01-27T00:00:00,60,commodity_shock|positive,40,0.14112455387979495,0.725,0.0342229520102163,2026-01-26,True,True,prior_ready
d7ab3bc7360da021,601899,2026-01-27T00:00:00,1,ma_restructuring|positive,9,-0.0010818716135617566,0.3333333333333333,0.005345567833353524,2026-01-20,False,True,"prior_rows=9, minimum=20"
d7ab3bc7360da021,601899,2026-01-27T00:00:00,5,ma_restructuring|positive,9,0.045738960835333575,0.8888888888888888,0.04335591899854449,2026-01-26,False,True,"prior_rows=9, minimum=20"
d7ab3bc7360da021,601899,2026-01-27T00:00:00,20,ma_restructuring|positive,6,0.3053432062242593,0.8333333333333334,0.24608801679345402,2026-01-21,False,True,"prior_rows=6, minimum=20"
d7ab3bc7360da021,601899,2026-01-27T00:00:00,60,ma_restructuring|positive,2,0.46174863387978116,1.0,0.2939954229872129,2026-01-12,False,True,"prior_rows=2, minimum=20"
fe24cf33b294cdca,601899,2026-01-27T00:00:00,1,commodity_shock|positive,103,0.006093748622357592,0.5728155339805825,0.0042493680703974196,2026-01-26,True,True,prior_ready
fe24cf33b294cdca,601899,2026-01-27T00:00:00,5,commodity_shock|positive,91,0.014762176102510259,0.6263736263736264,0.00012069408779270482,2026-01-26,True,True,prior_ready
fe24cf33b294cdca,601899,2026-01-27T00:00:00,20,commodity_shock|positive,55,0.021411811532317127,0.5272727272727272,-0.0298698406361157,2026-01-23,True,True,prior_ready
fe24cf33b294cdca,601899,2026-01-27T00:00:00,60,commodity_shock|positive,40,0.14112455387979495,0.725,0.0342229520102163,2026-01-26,True,True,prior_ready
5b4702c9a7a01f32,601899,2026-01-28T00:00:00,1,commodity_shock|negative,19,0.012408440926089977,0.631578947368421,0.007654651249641015,2026-01-20,False,True,"prior_rows=19, minimum=20"
5b4702c9a7a01f32,601899,2026-01-28T00:00:00,5,commodity_shock|negative,19,0.03252781569650007,0.631578947368421,0.015362322557934101,2026-01-26,False,True,"prior_rows=19, minimum=20"
5b4702c9a7a01f32,601899,2026-01-28T00:00:00,20,commodity_shock|negative,17,0.03876543686878719,0.6470588235294118,0.031262145638726875,2025-11-25,False,True,"prior_rows=17, minimum=20"
5b4702c9a7a01f32,601899,2026-01-28T00:00:00,60,commodity_shock|negative,17,0.13127853613386506,0.7647058823529411,0.0188863644785703,2026-01-22,False,True,"prior_rows=17, minimum=20"
f6e7a59caeb7d380,601899,2026-01-28T00:00:00,1,commodity_shock|positive,107,0.00826258014432618,0.5887850467289719,0.006800939686184684,2026-01-27,True,True,prior_ready
f6e7a59caeb7d380,601899,2026-01-28T00:00:00,5,commodity_shock|positive,98,0.021235602888024684,0.6530612244897959,0.00583219228826998,2026-01-27,True,True,prior_ready
f6e7a59caeb7d380,601899,2026-01-28T00:00:00,20,commodity_shock|positive,56,0.02480006829562153,0.5357142857142857,-0.02735199085250473,2026-01-27,True,True,prior_ready
f6e7a59caeb7d380,601899,2026-01-28T00:00:00,60,commodity_shock|positive,40,0.14112455387979495,0.725,0.0342229520102163,2026-01-26,True,True,prior_ready
0854daebef6064b1,601899,2026-01-29T00:00:00,1,commodity_shock|positive,109,0.008874557860457433,0.5963302752293578,0.007242484198243835,2026-01-28,True,True,prior_ready
0854daebef6064b1,601899,2026-01-29T00:00:00,5,commodity_shock|positive,101,0.022869855480074478,0.6633663366336634,0.007214805909591291,2026-01-28,True,True,prior_ready
0854daebef6064b1,601899,2026-01-29T00:00:00,20,commodity_shock|positive,56,0.02480006829562153,0.5357142857142857,-0.02735199085250473,2026-01-27,True,True,prior_ready
0854daebef6064b1,601899,2026-01-29T00:00:00,60,commodity_shock|positive,40,0.14112455387979495,0.725,0.0342229520102163,2026-01-26,True,True,prior_ready
47cb49f855c2b3fb,601899,2026-01-29T00:00:00,1,commodity_shock|positive,109,0.008874557860457433,0.5963302752293578,0.007242484198243835,2026-01-28,True,True,prior_ready
47cb49f855c2b3fb,601899,2026-01-29T00:00:00,5,commodity_shock|positive,101,0.022869855480074478,0.6633663366336634,0.007214805909591291,2026-01-28,True,True,prior_ready
47cb49f855c2b3fb,601899,2026-01-29T00:00:00,20,commodity_shock|positive,56,0.02480006829562153,0.5357142857142857,-0.02735199085250473,2026-01-27,True,True,prior_ready
47cb49f855c2b3fb,601899,2026-01-29T00:00:00,60,commodity_shock|positive,40,0.14112455387979495,0.725,0.0342229520102163,2026-01-26,True,True,prior_ready
08e1197c96e23fbd,601899,2026-01-30T00:00:00,1,commodity_shock|negative,20,0.01314735694125121,0.65,0.008489918139641256,2026-01-29,True,True,prior_ready
08e1197c96e23fbd,601899,2026-01-30T00:00:00,5,commodity_shock|negative,19,0.03252781569650007,0.631578947368421,0.015362322557934101,2026-01-26,False,True,"prior_rows=19, minimum=20"
08e1197c96e23fbd,601899,2026-01-30T00:00:00,20,commodity_shock|negative,17,0.03876543686878719,0.6470588235294118,0.031262145638726875,2025-11-25,False,True,"prior_rows=17, minimum=20"
08e1197c96e23fbd,601899,2026-01-30T00:00:00,60,commodity_shock|negative,17,0.13127853613386506,0.7647058823529411,0.0188863644785703,2026-01-22,False,True,"prior_rows=17, minimum=20"
1d8c8dd90de5a7b7,601899,2026-01-30T00:00:00,1,commodity_shock|negative,20,0.01314735694125121,0.65,0.008489918139641256,2026-01-29,True,True,prior_ready
1d8c8dd90de5a7b7,601899,2026-01-30T00:00:00,5,commodity_shock|negative,19,0.03252781569650007,0.631578947368421,0.015362322557934101,2026-01-26,False,True,"prior_rows=19, minimum=20"
1d8c8dd90de5a7b7,601899,2026-01-30T00:00:00,20,commodity_shock|negative,17,0.03876543686878719,0.6470588235294118,0.031262145638726875,2025-11-25,False,True,"prior_rows=17, minimum=20"
1d8c8dd90de5a7b7,601899,2026-01-30T00:00:00,60,commodity_shock|negative,17,0.13127853613386506,0.7647058823529411,0.0188863644785703,2026-01-22,False,True,"prior_rows=17, minimum=20"
8d4de400b74ae318,601899,2026-01-30T00:00:00,1,general_news|neutral,0,0.0,0.0,0.0,,False,True,"prior_rows=0, minimum=20"
8d4de400b74ae318,601899,2026-01-30T00:00:00,5,general_news|neutral,0,0.0,0.0,0.0,,False,True,"prior_rows=0, minimum=20"
8d4de400b74ae318,601899,2026-01-30T00:00:00,20,general_news|neutral,0,0.0,0.0,0.0,,False,True,"prior_rows=0, minimum=20"
8d4de400b74ae318,601899,2026-01-30T00:00:00,60,general_news|neutral,0,0.0,0.0,0.0,,False,True,"prior_rows=0, minimum=20"
f8313b0dada88342,601899,2026-01-30T00:00:00,1,commodity_shock|negative,20,0.01314735694125121,0.65,0.008489918139641256,2026-01-29,True,True,prior_ready
f8313b0dada88342,601899,2026-01-30T00:00:00,5,commodity_shock|negative,19,0.03252781569650007,0.631578947368421,0.015362322557934101,2026-01-26,False,True,"prior_rows=19, minimum=20"
f8313b0dada88342,601899,2026-01-30T00:00:00,20,commodity_shock|negative,17,0.03876543686878719,0.6470588235294118,0.031262145638726875,2025-11-25,False,True,"prior_rows=17, minimum=20"
f8313b0dada88342,601899,2026-01-30T00:00:00,60,commodity_shock|negative,17,0.13127853613386506,0.7647058823529411,0.0188863644785703,2026-01-22,False,True,"prior_rows=17, minimum=20"
05fa1ec70dfbe790,601899,2026-02-02T00:00:00,1,commodity_shock|negative,20,0.01314735694125121,0.65,0.008489918139641256,2026-01-29,True,True,prior_ready
05fa1ec70dfbe790,601899,2026-02-02T00:00:00,5,commodity_shock|negative,19,0.03252781569650007,0.631578947368421,0.015362322557934101,2026-01-26,False,True,"prior_rows=19, minimum=20"
05fa1ec70dfbe790,601899,2026-02-02T00:00:00,20,commodity_shock|negative,17,0.03876543686878719,0.6470588235294118,0.031262145638726875,2025-11-25,False,True,"prior_rows=17, minimum=20"
05fa1ec70dfbe790,601899,2026-02-02T00:00:00,60,commodity_shock|negative,17,0.13127853613386506,0.7647058823529411,0.0188863644785703,2026-01-22,False,True,"prior_rows=17, minimum=20"
1dbc12400151328b,601899,2026-02-02T00:00:00,1,commodity_shock|negative,20,0.01314735694125121,0.65,0.008489918139641256,2026-01-29,True,True,prior_ready
1dbc12400151328b,601899,2026-02-02T00:00:00,5,commodity_shock|negative,19,0.03252781569650007,0.631578947368421,0.015362322557934101,2026-01-26,False,True,"prior_rows=19, minimum=20"
1dbc12400151328b,601899,2026-02-02T00:00:00,20,commodity_shock|negative,17,0.03876543686878719,0.6470588235294118,0.031262145638726875,2025-11-25,False,True,"prior_rows=17, minimum=20"
1dbc12400151328b,601899,2026-02-02T00:00:00,60,commodity_shock|negative,17,0.13127853613386506,0.7647058823529411,0.0188863644785703,2026-01-22,False,True,"prior_rows=17, minimum=20"
35767b2938ce4ebd,601899,2026-02-02T00:00:00,1,commodity_shock|negative,20,0.01314735694125121,0.65,0.008489918139641256,2026-01-29,True,True,prior_ready
35767b2938ce4ebd,601899,2026-02-02T00:00:00,5,commodity_shock|negative,19,0.03252781569650007,0.631578947368421,0.015362322557934101,2026-01-26,False,True,"prior_rows=19, minimum=20"
35767b2938ce4ebd,601899,2026-02-02T00:00:00,20,commodity_shock|negative,17,0.03876543686878719,0.6470588235294118,0.031262145638726875,2025-11-25,False,True,"prior_rows=17, minimum=20"
35767b2938ce4ebd,601899,2026-02-02T00:00:00,60,commodity_shock|negative,17,0.13127853613386506,0.7647058823529411,0.0188863644785703,2026-01-22,False,True,"prior_rows=17, minimum=20"
3820e5633f5696d7,601899,2026-02-03T00:00:00,1,commodity_shock|negative,23,-3.823774134392239e-05,0.5652173913043478,0.0005331945132815246,2026-02-02,True,True,prior_ready
3820e5633f5696d7,601899,2026-02-03T00:00:00,5,commodity_shock|negative,19,0.03252781569650007,0.631578947368421,0.015362322557934101,2026-01-26,False,True,"prior_rows=19, minimum=20"
3820e5633f5696d7,601899,2026-02-03T00:00:00,20,commodity_shock|negative,17,0.03876543686878719,0.6470588235294118,0.031262145638726875,2025-11-25,False,True,"prior_rows=17, minimum=20"
3820e5633f5696d7,601899,2026-02-03T00:00:00,60,commodity_shock|negative,17,0.13127853613386506,0.7647058823529411,0.0188863644785703,2026-01-22,False,True,"prior_rows=17, minimum=20"
b8c75942c8cb5bb3,601899,2026-02-03T00:00:00,1,commodity_shock|positive,112,0.007519236916495384,0.5892857142857143,0.0063251295425015355,2026-01-30,True,True,prior_ready
b8c75942c8cb5bb3,601899,2026-02-03T00:00:00,5,commodity_shock|positive,107,0.02744338962803901,0.6635514018691588,0.01514347192628313,2026-02-02,True,True,prior_ready
b8c75942c8cb5bb3,601899,2026-02-03T00:00:00,20,commodity_shock|positive,76,0.0949043751842199,0.6447368421052632,0.02721978615393485,2026-02-02,True,True,prior_ready
b8c75942c8cb5bb3,601899,2026-02-03T00:00:00,60,commodity_shock|positive,40,0.14112455387979495,0.725,0.0342229520102163,2026-01-26,True,True,prior_ready
cfb537224d217d52,601899,2026-02-03T00:00:00,1,commodity_shock|positive,112,0.007519236916495384,0.5892857142857143,0.0063251295425015355,2026-01-30,True,True,prior_ready
cfb537224d217d52,601899,2026-02-03T00:00:00,5,commodity_shock|positive,107,0.02744338962803901,0.6635514018691588,0.01514347192628313,2026-02-02,True,True,prior_ready
cfb537224d217d52,601899,2026-02-03T00:00:00,20,commodity_shock|positive,76,0.0949043751842199,0.6447368421052632,0.02721978615393485,2026-02-02,True,True,prior_ready
cfb537224d217d52,601899,2026-02-03T00:00:00,60,commodity_shock|positive,40,0.14112455387979495,0.725,0.0342229520102163,2026-01-26,True,True,prior_ready
16ca51d852cc3f2a,601899,2026-02-04T00:00:00,1,commodity_shock|negative,26,0.00689996709038744,0.6153846153846154,0.00485666624005875,2026-02-03,True,True,prior_ready
16ca51d852cc3f2a,601899,2026-02-04T00:00:00,5,commodity_shock|negative,19,0.03252781569650007,0.631578947368421,0.015362322557934101,2026-01-26,False,True,"prior_rows=19, minimum=20"
16ca51d852cc3f2a,601899,2026-02-04T00:00:00,20,commodity_shock|negative,17,0.03876543686878719,0.6470588235294118,0.031262145638726875,2025-11-25,False,True,"prior_rows=17, minimum=20"
16ca51d852cc3f2a,601899,2026-02-04T00:00:00,60,commodity_shock|negative,17,0.13127853613386506,0.7647058823529411,0.0188863644785703,2026-01-22,False,True,"prior_rows=17, minimum=20"
88066f7b049b6c5f,601899,2026-02-04T00:00:00,1,general_news|neutral,1,-0.08794220229197813,0.0,-0.05251162966245002,2026-02-02,False,True,"prior_rows=1, minimum=20"
88066f7b049b6c5f,601899,2026-02-04T00:00:00,5,general_news|neutral,0,0.0,0.0,0.0,,False,True,"prior_rows=0, minimum=20"
88066f7b049b6c5f,601899,2026-02-04T00:00:00,20,general_news|neutral,0,0.0,0.0,0.0,,False,True,"prior_rows=0, minimum=20"
88066f7b049b6c5f,601899,2026-02-04T00:00:00,60,general_news|neutral,0,0.0,0.0,0.0,,False,True,"prior_rows=0, minimum=20"
8ba2d877ee1b71ca,601899,2026-02-04T00:00:00,1,general_news|neutral,1,-0.08794220229197813,0.0,-0.05251162966245002,2026-02-02,False,True,"prior_rows=1, minimum=20"
8ba2d877ee1b71ca,601899,2026-02-04T00:00:00,5,general_news|neutral,0,0.0,0.0,0.0,,False,True,"prior_rows=0, minimum=20"
8ba2d877ee1b71ca,601899,2026-02-04T00:00:00,20,general_news|neutral,0,0.0,0.0,0.0,,False,True,"prior_rows=0, minimum=20"
8ba2d877ee1b71ca,601899,2026-02-04T00:00:00,60,general_news|neutral,0,0.0,0.0,0.0,,False,True,"prior_rows=0, minimum=20"
c9dcf39b39e6dee4,601899,2026-02-04T00:00:00,1,commodity_shock|positive,113,0.007465942837482364,0.5929203539823009,0.006086919705839697,2026-02-03,True,True,prior_ready
c9dcf39b39e6dee4,601899,2026-02-04T00:00:00,5,commodity_shock|positive,109,0.02612655572451967,0.6513761467889908,0.014516829258104174,2026-02-03,True,True,prior_ready
c9dcf39b39e6dee4,601899,2026-02-04T00:00:00,20,commodity_shock|positive,78,0.09329607969395348,0.6538461538461539,0.026699217150336255,2026-02-03,True,True,prior_ready
c9dcf39b39e6dee4,601899,2026-02-04T00:00:00,60,commodity_shock|positive,40,0.14112455387979495,0.725,0.0342229520102163,2026-01-26,True,True,prior_ready
84f6122ffd85b1ff,601899,2026-02-05T00:00:00,1,commodity_shock|negative,27,0.006978423652004867,0.6296296296296297,0.0046981618706960476,2026-02-04,True,True,prior_ready
84f6122ffd85b1ff,601899,2026-02-05T00:00:00,5,commodity_shock|negative,20,0.02718984098732518,0.6,0.01220186169371701,2026-02-04,True,True,prior_ready
84f6122ffd85b1ff,601899,2026-02-05T00:00:00,20,commodity_shock|negative,17,0.03876543686878719,0.6470588235294118,0.031262145638726875,2025-11-25,False,True,"prior_rows=17, minimum=20"
84f6122ffd85b1ff,601899,2026-02-05T00:00:00,60,commodity_shock|negative,17,0.13127853613386506,0.7647058823529411,0.0188863644785703,2026-01-22,False,True,"prior_rows=17, minimum=20"
893fc7beb94accb5,601899,2026-02-05T00:00:00,1,commodity_shock|negative,27,0.006978423652004867,0.6296296296296297,0.0046981618706960476,2026-02-04,True,True,prior_ready
893fc7beb94accb5,601899,2026-02-05T00:00:00,5,commodity_shock|negative,20,0.02718984098732518,0.6,0.01220186169371701,2026-02-04,True,True,prior_ready
893fc7beb94accb5,601899,2026-02-05T00:00:00,20,commodity_shock|negative,17,0.03876543686878719,0.6470588235294118,0.031262145638726875,2025-11-25,False,True,"prior_rows=17, minimum=20"
893fc7beb94accb5,601899,2026-02-05T00:00:00,60,commodity_shock|negative,17,0.13127853613386506,0.7647058823529411,0.0188863644785703,2026-01-22,False,True,"prior_rows=17, minimum=20"
feb493ff5e2e5187,601899,2026-02-05T00:00:00,1,commodity_shock|negative,27,0.006978423652004867,0.6296296296296297,0.0046981618706960476,2026-02-04,True,True,prior_ready
feb493ff5e2e5187,601899,2026-02-05T00:00:00,5,commodity_shock|negative,20,0.02718984098732518,0.6,0.01220186169371701,2026-02-04,True,True,prior_ready
feb493ff5e2e5187,601899,2026-02-05T00:00:00,20,commodity_shock|negative,17,0.03876543686878719,0.6470588235294118,0.031262145638726875,2025-11-25,False,True,"prior_rows=17, minimum=20"
feb493ff5e2e5187,601899,2026-02-05T00:00:00,60,commodity_shock|negative,17,0.13127853613386506,0.7647058823529411,0.0188863644785703,2026-01-22,False,True,"prior_rows=17, minimum=20"
31ec68431acbae4d,601899,2026-02-06T00:00:00,1,commodity_shock|negative,28,0.005169658266213513,0.6071428571428571,0.003824117040228276,2026-02-05,True,True,prior_ready
31ec68431acbae4d,601899,2026-02-06T00:00:00,5,commodity_shock|negative,20,0.02718984098732518,0.6,0.01220186169371701,2026-02-04,True,True,prior_ready
31ec68431acbae4d,601899,2026-02-06T00:00:00,20,commodity_shock|negative,17,0.03876543686878719,0.6470588235294118,0.031262145638726875,2025-11-25,False,True,"prior_rows=17, minimum=20"
31ec68431acbae4d,601899,2026-02-06T00:00:00,60,commodity_shock|negative,17,0.13127853613386506,0.7647058823529411,0.0188863644785703,2026-01-22,False,True,"prior_rows=17, minimum=20"
653e5b6e058d17a2,601899,2026-02-06T00:00:00,1,commodity_shock|negative,28,0.005169658266213513,0.6071428571428571,0.003824117040228276,2026-02-05,True,True,prior_ready
653e5b6e058d17a2,601899,2026-02-06T00:00:00,5,commodity_shock|negative,20,0.02718984098732518,0.6,0.01220186169371701,2026-02-04,True,True,prior_ready
653e5b6e058d17a2,601899,2026-02-06T00:00:00,20,commodity_shock|negative,17,0.03876543686878719,0.6470588235294118,0.031262145638726875,2025-11-25,False,True,"prior_rows=17, minimum=20"
653e5b6e058d17a2,601899,2026-02-06T00:00:00,60,commodity_shock|negative,17,0.13127853613386506,0.7647058823529411,0.0188863644785703,2026-01-22,False,True,"prior_rows=17, minimum=20"
c1569a7c721e4799,601899,2026-02-06T00:00:00,1,general_news|neutral,3,-0.0584254055307614,0.0,-0.030687272142417704,2026-02-05,False,True,"prior_rows=3, minimum=20"
c1569a7c721e4799,601899,2026-02-06T00:00:00,5,general_news|neutral,0,0.0,0.0,0.0,,False,True,"prior_rows=0, minimum=20"
c1569a7c721e4799,601899,2026-02-06T00:00:00,20,general_news|neutral,0,0.0,0.0,0.0,,False,True,"prior_rows=0, minimum=20"
c1569a7c721e4799,601899,2026-02-06T00:00:00,60,general_news|neutral,0,0.0,0.0,0.0,,False,True,"prior_rows=0, minimum=20"
f43140fa5641424d,601899,2026-02-06T00:00:00,1,general_news|neutral,3,-0.0584254055307614,0.0,-0.030687272142417704,2026-02-05,False,True,"prior_rows=3, minimum=20"
f43140fa5641424d,601899,2026-02-06T00:00:00,5,general_news|neutral,0,0.0,0.0,0.0,,False,True,"prior_rows=0, minimum=20"
f43140fa5641424d,601899,2026-02-06T00:00:00,20,general_news|neutral,0,0.0,0.0,0.0,,False,True,"prior_rows=0, minimum=20"
f43140fa5641424d,601899,2026-02-06T00:00:00,60,general_news|neutral,0,0.0,0.0,0.0,,False,True,"prior_rows=0, minimum=20"
72965a27c614030e,601899,2026-02-09T00:00:00,1,industry_policy|neutral,0,0.0,0.0,0.0,,False,True,"prior_rows=0, minimum=20"
72965a27c614030e,601899,2026-02-09T00:00:00,5,industry_policy|neutral,0,0.0,0.0,0.0,,False,True,"prior_rows=0, minimum=20"
72965a27c614030e,601899,2026-02-09T00:00:00,20,industry_policy|neutral,0,0.0,0.0,0.0,,False,True,"prior_rows=0, minimum=20"
72965a27c614030e,601899,2026-02-09T00:00:00,60,industry_policy|neutral,0,0.0,0.0,0.0,,False,True,"prior_rows=0, minimum=20"
b25578210ca50ac8,601899,2026-02-09T00:00:00,1,commodity_shock|positive,116,0.007051906224081639,0.5948275862068966,0.005768973533724273,2026-02-05,True,True,prior_ready
b25578210ca50ac8,601899,2026-02-09T00:00:00,5,commodity_shock|positive,112,0.022298065882141078,0.6339285714285714,0.012146259746599072,2026-02-05,True,True,prior_ready
b25578210ca50ac8,601899,2026-02-09T00:00:00,20,commodity_shock|positive,81,0.09104219062188756,0.654320987654321,0.026357582846623488,2026-02-06,True,True,prior_ready
b25578210ca50ac8,601899,2026-02-09T00:00:00,60,commodity_shock|positive,40,0.14112455387979495,0.725,0.0342229520102163,2026-01-26,True,True,prior_ready
cceedb5ccf2b45f6,601899,2026-02-09T00:00:00,1,commodity_shock|positive,116,0.007051906224081639,0.5948275862068966,0.005768973533724273,2026-02-05,True,True,prior_ready
cceedb5ccf2b45f6,601899,2026-02-09T00:00:00,5,commodity_shock|positive,112,0.022298065882141078,0.6339285714285714,0.012146259746599072,2026-02-05,True,True,prior_ready
cceedb5ccf2b45f6,601899,2026-02-09T00:00:00,20,commodity_shock|positive,81,0.09104219062188756,0.654320987654321,0.026357582846623488,2026-02-06,True,True,prior_ready
cceedb5ccf2b45f6,601899,2026-02-09T00:00:00,60,commodity_shock|positive,40,0.14112455387979495,0.725,0.0342229520102163,2026-01-26,True,True,prior_ready
935c8a5d3f65317e,601899,2026-02-10T00:00:00,1,commodity_shock|negative,33,0.006101904035841483,0.5757575757575758,0.003733644647483216,2026-02-09,True,True,prior_ready
935c8a5d3f65317e,601899,2026-02-10T00:00:00,5,commodity_shock|negative,26,0.01880180915387085,0.5769230769230769,0.007397582634229801,2026-02-09,True,True,prior_ready
935c8a5d3f65317e,601899,2026-02-10T00:00:00,20,commodity_shock|negative,17,0.03876543686878719,0.6470588235294118,0.031262145638726875,2025-11-25,False,True,"prior_rows=17, minimum=20"
935c8a5d3f65317e,601899,2026-02-10T00:00:00,60,commodity_shock|negative,17,0.13127853613386506,0.7647058823529411,0.0188863644785703,2026-01-22,False,True,"prior_rows=17, minimum=20"
8e54713046f5665d,601899,2026-02-11T00:00:00,1,commodity_shock|positive,118,0.00701135850827445,0.6016949152542372,0.0058182432241291335,2026-02-10,True,True,prior_ready
8e54713046f5665d,601899,2026-02-11T00:00:00,5,commodity_shock|positive,115,0.022002760961185457,0.6260869565217392,0.011943671379131854,2026-02-10,True,True,prior_ready
8e54713046f5665d,601899,2026-02-11T00:00:00,20,commodity_shock|positive,83,0.08947098735932724,0.6626506024096386,0.02660535769966413,2026-02-10,True,True,prior_ready
8e54713046f5665d,601899,2026-02-11T00:00:00,60,commodity_shock|positive,40,0.14112455387979495,0.725,0.0342229520102163,2026-01-26,True,True,prior_ready
12c2193ea5c8cc42,601899,2026-02-12T00:00:00,1,commodity_shock|positive,118,0.00701135850827445,0.6016949152542372,0.0058182432241291335,2026-02-10,True,True,prior_ready
12c2193ea5c8cc42,601899,2026-02-12T00:00:00,5,commodity_shock|positive,116,0.021883526846668527,0.6293103448275862,0.011941368362805226,2026-02-11,True,True,prior_ready
12c2193ea5c8cc42,601899,2026-02-12T00:00:00,20,commodity_shock|positive,84,0.08870888686046079,0.6666666666666666,0.02662505746850985,2026-02-11,True,True,prior_ready
12c2193ea5c8cc42,601899,2026-02-12T00:00:00,60,commodity_shock|positive,40,0.14112455387979495,0.725,0.0342229520102163,2026-01-26,True,True,prior_ready
a00e1798ceef2536,601899,2026-02-13T00:00:00,1,commodity_shock|positive,119,0.007009909325642532,0.6050420168067226,0.005776683623968929,2026-02-12,True,True,prior_ready
a00e1798ceef2536,601899,2026-02-13T00:00:00,5,commodity_shock|positive,116,0.021883526846668527,0.6293103448275862,0.011941368362805226,2026-02-11,True,True,prior_ready
a00e1798ceef2536,601899,2026-02-13T00:00:00,20,commodity_shock|positive,85,0.08812661391239078,0.6705882352941176,0.02673806737949415,2026-02-12,True,True,prior_ready
a00e1798ceef2536,601899,2026-02-13T00:00:00,60,commodity_shock|positive,40,0.14112455387979495,0.725,0.0342229520102163,2026-01-26,True,True,prior_ready
39a497eae9975952,601899,2026-02-24T00:00:00,1,commodity_shock|positive,120,0.0065384955110315696,0.6,0.00541153905843455,2026-02-13,True,True,prior_ready
39a497eae9975952,601899,2026-02-24T00:00:00,5,commodity_shock|positive,116,0.021883526846668527,0.6293103448275862,0.011941368362805226,2026-02-11,True,True,prior_ready
39a497eae9975952,601899,2026-02-24T00:00:00,20,commodity_shock|positive,89,0.0897913254102764,0.6853932584269663,0.03129693175502177,2026-02-13,True,True,prior_ready
39a497eae9975952,601899,2026-02-24T00:00:00,60,commodity_shock|positive,40,0.14112455387979495,0.725,0.0342229520102163,2026-01-26,True,True,prior_ready
85be754cb42c6711,601899,2026-02-24T00:00:00,1,commodity_shock|positive,120,0.0065384955110315696,0.6,0.00541153905843455,2026-02-13,True,True,prior_ready
85be754cb42c6711,601899,2026-02-24T00:00:00,5,commodity_shock|positive,116,0.021883526846668527,0.6293103448275862,0.011941368362805226,2026-02-11,True,True,prior_ready
85be754cb42c6711,601899,2026-02-24T00:00:00,20,commodity_shock|positive,89,0.0897913254102764,0.6853932584269663,0.03129693175502177,2026-02-13,True,True,prior_ready
85be754cb42c6711,601899,2026-02-24T00:00:00,60,commodity_shock|positive,40,0.14112455387979495,0.725,0.0342229520102163,2026-01-26,True,True,prior_ready
8fc748b49d963837,601899,2026-02-25T00:00:00,1,commodity_shock|positive,123,0.007261632652024684,0.6097560975609756,0.005718012014518188,2026-02-24,True,True,prior_ready
8fc748b49d963837,601899,2026-02-25T00:00:00,5,commodity_shock|positive,118,0.02181536139955979,0.635593220338983,0.011773902478832452,2026-02-24,True,True,prior_ready
8fc748b49d963837,601899,2026-02-25T00:00:00,20,commodity_shock|positive,91,0.08908211219013419,0.6923076923076923,0.031765718838440364,2026-02-24,True,True,prior_ready
8fc748b49d963837,601899,2026-02-25T00:00:00,60,commodity_shock|positive,40,0.14112455387979495,0.725,0.0342229520102163,2026-01-26,True,True,prior_ready
9455894c2ad248c9,601899,2026-02-26T00:00:00,1,commodity_shock|positive,125,0.007271590985340002,0.616,0.005479338729111706,2026-02-25,True,True,prior_ready
9455894c2ad248c9,601899,2026-02-26T00:00:00,5,commodity_shock|positive,118,0.02181536139955979,0.635593220338983,0.011773902478832452,2026-02-24,True,True,prior_ready
9455894c2ad248c9,601899,2026-02-26T00:00:00,20,commodity_shock|positive,98,0.09225391219867671,0.7142857142857143,0.03697025720137562,2026-02-25,True,True,prior_ready
9455894c2ad248c9,601899,2026-02-26T00:00:00,60,commodity_shock|positive,40,0.14112455387979495,0.725,0.0342229520102163,2026-01-26,True,True,prior_ready
dce5d24ce4fc155e,601899,2026-02-27T00:00:00,1,commodity_shock|positive,128,0.007059740937967237,0.6171875,0.00535839963034331,2026-02-26,True,True,prior_ready
dce5d24ce4fc155e,601899,2026-02-27T00:00:00,5,commodity_shock|positive,119,0.02160862541409015,0.6302521008403361,0.011418312048322582,2026-02-26,True,True,prior_ready
dce5d24ce4fc155e,601899,2026-02-27T00:00:00,20,commodity_shock|positive,101,0.09111867475988636,0.7227722772277227,0.03703630397026434,2026-02-26,True,True,prior_ready
dce5d24ce4fc155e,601899,2026-02-27T00:00:00,60,commodity_shock|positive,40,0.14112455387979495,0.725,0.0342229520102163,2026-01-26,True,True,prior_ready
a61872cc65b98f43,601899,2026-03-02T00:00:00,1,commodity_shock|positive,129,0.007040456195378485,0.6201550387596899,0.005226048411132721,2026-02-27,True,True,prior_ready
a61872cc65b98f43,601899,2026-03-02T00:00:00,5,commodity_shock|positive,120,0.021386624814465394,0.625,0.010961919134512893,2026-02-27,True,True,prior_ready
a61872cc65b98f43,601899,2026-03-02T00:00:00,20,commodity_shock|positive,101,0.09111867475988636,0.7227722772277227,0.03703630397026434,2026-02-26,True,True,prior_ready
a61872cc65b98f43,601899,2026-03-02T00:00:00,60,commodity_shock|positive,41,0.1458493605890506,0.7317073170731707,0.03681602204773825,2026-02-27,True,True,prior_ready
a8fdc5705091499b,601899,2026-03-02T00:00:00,1,commodity_shock|positive,129,0.007040456195378485,0.6201550387596899,0.005226048411132721,2026-02-27,True,True,prior_ready
a8fdc5705091499b,601899,2026-03-02T00:00:00,5,commodity_shock|positive,120,0.021386624814465394,0.625,0.010961919134512893,2026-02-27,True,True,prior_ready
a8fdc5705091499b,601899,2026-03-02T00:00:00,20,commodity_shock|positive,101,0.09111867475988636,0.7227722772277227,0.03703630397026434,2026-02-26,True,True,prior_ready
a8fdc5705091499b,601899,2026-03-02T00:00:00,60,commodity_shock|positive,41,0.1458493605890506,0.7317073170731707,0.03681602204773825,2026-02-27,True,True,prior_ready
450b6ab7324d4834,601899,2026-03-03T00:00:00,1,general_news|neutral,5,-0.01956720890060255,0.4,-0.008480563535015511,2026-02-09,False,True,"prior_rows=5, minimum=20"
450b6ab7324d4834,601899,2026-03-03T00:00:00,5,general_news|neutral,5,-0.005084121706873246,0.8,-0.0031761770444430786,2026-02-13,False,True,"prior_rows=5, minimum=20"
450b6ab7324d4834,601899,2026-03-03T00:00:00,20,general_news|neutral,0,0.0,0.0,0.0,,False,True,"prior_rows=0, minimum=20"
450b6ab7324d4834,601899,2026-03-03T00:00:00,60,general_news|neutral,0,0.0,0.0,0.0,,False,True,"prior_rows=0, minimum=20"
5bd00e0a2ddf82e5,601899,2026-03-03T00:00:00,1,general_news|neutral,5,-0.01956720890060255,0.4,-0.008480563535015511,2026-02-09,False,True,"prior_rows=5, minimum=20"
5bd00e0a2ddf82e5,601899,2026-03-03T00:00:00,5,general_news|neutral,5,-0.005084121706873246,0.8,-0.0031761770444430786,2026-02-13,False,True,"prior_rows=5, minimum=20"
5bd00e0a2ddf82e5,601899,2026-03-03T00:00:00,20,general_news|neutral,0,0.0,0.0,0.0,,False,True,"prior_rows=0, minimum=20"
5bd00e0a2ddf82e5,601899,2026-03-03T00:00:00,60,general_news|neutral,0,0.0,0.0,0.0,,False,True,"prior_rows=0, minimum=20"
e3b71c60d132d14e,601899,2026-03-03T00:00:00,1,commodity_shock|negative,34,0.006430188971780509,0.5882352941176471,0.003923518405060155,2026-02-11,True,True,prior_ready
e3b71c60d132d14e,601899,2026-03-03T00:00:00,5,commodity_shock|negative,34,0.02159181873724217,0.6470588235294118,0.008812090944404457,2026-02-25,True,True,prior_ready
e3b71c60d132d14e,601899,2026-03-03T00:00:00,20,commodity_shock|negative,19,0.03803015175228869,0.6842105263157895,0.03121725829125579,2026-02-24,False,True,"prior_rows=19, minimum=20"
e3b71c60d132d14e,601899,2026-03-03T00:00:00,60,commodity_shock|negative,17,0.13127853613386506,0.7647058823529411,0.0188863644785703,2026-01-22,False,True,"prior_rows=17, minimum=20"
f733e55541090a94,601899,2026-03-04T00:00:00,1,commodity_shock|negative,34,0.006430188971780509,0.5882352941176471,0.003923518405060155,2026-02-11,True,True,prior_ready
f733e55541090a94,601899,2026-03-04T00:00:00,5,commodity_shock|negative,34,0.02159181873724217,0.6470588235294118,0.008812090944404457,2026-02-25,True,True,prior_ready
f733e55541090a94,601899,2026-03-04T00:00:00,20,commodity_shock|negative,19,0.03803015175228869,0.6842105263157895,0.03121725829125579,2026-02-24,False,True,"prior_rows=19, minimum=20"
f733e55541090a94,601899,2026-03-04T00:00:00,60,commodity_shock|negative,17,0.13127853613386506,0.7647058823529411,0.0188863644785703,2026-01-22,False,True,"prior_rows=17, minimum=20"
85ca544aa8786486,601899,2026-03-05T00:00:00,1,commodity_shock|negative,35,0.005584753236582077,0.5714285714285714,0.0033451699399221347,2026-03-04,True,True,prior_ready
85ca544aa8786486,601899,2026-03-05T00:00:00,5,commodity_shock|negative,34,0.02159181873724217,0.6470588235294118,0.008812090944404457,2026-02-25,True,True,prior_ready
85ca544aa8786486,601899,2026-03-05T00:00:00,20,commodity_shock|negative,19,0.03803015175228869,0.6842105263157895,0.03121725829125579,2026-02-24,False,True,"prior_rows=19, minimum=20"
85ca544aa8786486,601899,2026-03-05T00:00:00,60,commodity_shock|negative,17,0.13127853613386506,0.7647058823529411,0.0188863644785703,2026-01-22,False,True,"prior_rows=17, minimum=20"
9663826994ea656b,601899,2026-03-06T00:00:00,1,commodity_shock|negative,36,0.005217409517418152,0.5555555555555556,0.002777324954005707,2026-03-05,True,True,prior_ready
9663826994ea656b,601899,2026-03-06T00:00:00,5,commodity_shock|negative,34,0.02159181873724217,0.6470588235294118,0.008812090944404457,2026-02-25,True,True,prior_ready
9663826994ea656b,601899,2026-03-06T00:00:00,20,commodity_shock|negative,20,0.03065583092590357,0.65,0.025012525690261612,2026-03-05,True,True,prior_ready
9663826994ea656b,601899,2026-03-06T00:00:00,60,commodity_shock|negative,17,0.13127853613386506,0.7647058823529411,0.0188863644785703,2026-01-22,False,True,"prior_rows=17, minimum=20"
70ce90206601f3d8,601899,2026-03-09T00:00:00,1,commodity_shock|negative,37,0.0046674415763932175,0.5405405405405406,0.0023145099196656086,2026-03-06,True,True,prior_ready
70ce90206601f3d8,601899,2026-03-09T00:00:00,5,commodity_shock|negative,34,0.02159181873724217,0.6470588235294118,0.008812090944404457,2026-02-25,True,True,prior_ready
70ce90206601f3d8,601899,2026-03-09T00:00:00,20,commodity_shock|negative,20,0.03065583092590357,0.65,0.025012525690261612,2026-03-05,True,True,prior_ready
70ce90206601f3d8,601899,2026-03-09T00:00:00,60,commodity_shock|negative,17,0.13127853613386506,0.7647058823529411,0.0188863644785703,2026-01-22,False,True,"prior_rows=17, minimum=20"
82c8744a647de770,601899,2026-03-10T00:00:00,1,commodity_shock|positive,132,0.00640431464340127,0.6136363636363636,0.005107865225944642,2026-03-03,True,True,prior_ready
82c8744a647de770,601899,2026-03-10T00:00:00,5,commodity_shock|positive,132,0.02026994079734727,0.6060606060606061,0.010859702251902496,2026-03-09,True,True,prior_ready
82c8744a647de770,601899,2026-03-10T00:00:00,20,commodity_shock|positive,112,0.08954356823665156,0.6875,0.04192074044324118,2026-03-06,True,True,prior_ready
82c8744a647de770,601899,2026-03-10T00:00:00,60,commodity_shock|positive,47,0.17948260706690755,0.7659574468085106,0.06726127224228647,2026-03-06,True,True,prior_ready
123f0405f813e2b2,601899,2026-03-11T00:00:00,1,commodity_shock|negative,39,0.004458522021876725,0.5384615384615384,0.0018884190866686567,2026-03-10,True,True,prior_ready
123f0405f813e2b2,601899,2026-03-11T00:00:00,5,commodity_shock|negative,35,0.019702944333794464,0.6285714285714286,0.006871051815262165,2026-03-10,True,True,prior_ready
123f0405f813e2b2,601899,2026-03-11T00:00:00,20,commodity_shock|negative,26,0.014469471260125015,0.6153846153846154,0.0033970696264471597,2026-03-10,True,True,prior_ready
123f0405f813e2b2,601899,2026-03-11T00:00:00,60,commodity_shock|negative,17,0.13127853613386506,0.7647058823529411,0.0188863644785703,2026-01-22,False,True,"prior_rows=17, minimum=20"
03fa1b46421d52c6,601899,2026-03-13T00:00:00,1,commodity_shock|negative,40,0.004018111602908753,0.525,0.0015275770053341977,2026-03-12,True,True,prior_ready
03fa1b46421d52c6,601899,2026-03-13T00:00:00,5,commodity_shock|negative,37,0.017465218923770225,0.5945945945945946,0.003975323540710975,2026-03-12,True,True,prior_ready
03fa1b46421d52c6,601899,2026-03-13T00:00:00,20,commodity_shock|negative,28,0.009793227542891815,0.5714285714285714,-0.0031524256365375895,2026-03-12,True,True,prior_ready
03fa1b46421d52c6,601899,2026-03-13T00:00:00,60,commodity_shock|negative,17,0.13127853613386506,0.7647058823529411,0.0188863644785703,2026-01-22,False,True,"prior_rows=17, minimum=20"
624051f60e0f3863,601899,2026-03-13T00:00:00,1,general_news|neutral,7,-0.02059373828904885,0.2857142857142857,-0.010720024774945517,2026-03-04,False,True,"prior_rows=7, minimum=20"
624051f60e0f3863,601899,2026-03-13T00:00:00,5,general_news|neutral,7,-0.016351168471603054,0.5714285714285714,-0.019161348910481,2026-03-10,False,True,"prior_rows=7, minimum=20"
624051f60e0f3863,601899,2026-03-13T00:00:00,20,general_news|neutral,3,-0.07208622392277346,0.0,-0.09517401823127943,2026-03-12,False,True,"prior_rows=3, minimum=20"
624051f60e0f3863,601899,2026-03-13T00:00:00,60,general_news|neutral,0,0.0,0.0,0.0,,False,True,"prior_rows=0, minimum=20"
0cfb0a962fba5564,601899,2026-03-14T00:00:00,1,general_news|neutral,7,-0.02059373828904885,0.2857142857142857,-0.010720024774945517,2026-03-04,False,True,"prior_rows=7, minimum=20"
0cfb0a962fba5564,601899,2026-03-14T00:00:00,5,general_news|neutral,7,-0.016351168471603054,0.5714285714285714,-0.019161348910481,2026-03-10,False,True,"prior_rows=7, minimum=20"
0cfb0a962fba5564,601899,2026-03-14T00:00:00,20,general_news|neutral,3,-0.07208622392277346,0.0,-0.09517401823127943,2026-03-12,False,True,"prior_rows=3, minimum=20"
0cfb0a962fba5564,601899,2026-03-14T00:00:00,60,general_news|neutral,0,0.0,0.0,0.0,,False,True,"prior_rows=0, minimum=20"
b935d6eef2539004,601899,2026-03-16T00:00:00,1,commodity_shock|positive,138,0.009068354145559525,0.6304347826086957,0.007494985799256141,2026-03-11,True,True,prior_ready
b935d6eef2539004,601899,2026-03-16T00:00:00,5,commodity_shock|positive,132,0.02026994079734727,0.6060606060606061,0.010859702251902496,2026-03-09,True,True,prior_ready
b935d6eef2539004,601899,2026-03-16T00:00:00,20,commodity_shock|positive,116,0.08570534044078774,0.6724137931034483,0.038246369396353966,2026-03-12,True,True,prior_ready
b935d6eef2539004,601899,2026-03-16T00:00:00,60,commodity_shock|positive,48,0.17968123197821587,0.7708333333333334,0.06681637262217396,2026-03-11,True,True,prior_ready
a1013e5066cd1b57,601899,2026-03-18T00:00:00,1,commodity_shock|negative,41,0.0032246084956339227,0.5121951219512195,0.0011084348643980151,2026-03-16,True,True,prior_ready
a1013e5066cd1b57,601899,2026-03-18T00:00:00,5,commodity_shock|negative,39,0.014488060852462934,0.5641025641025641,0.0012234291718879156,2026-03-16,True,True,prior_ready
a1013e5066cd1b57,601899,2026-03-18T00:00:00,20,commodity_shock|negative,33,0.0002549352295499076,0.48484848484848486,-0.017596886195681744,2026-03-16,True,True,prior_ready
a1013e5066cd1b57,601899,2026-03-18T00:00:00,60,commodity_shock|negative,17,0.13127853613386506,0.7647058823529411,0.0188863644785703,2026-01-22,False,True,"prior_rows=17, minimum=20"
cc4778e6cfb7cc7b,601899,2026-03-19T00:00:00,1,commodity_shock|negative,41,0.0032246084956339227,0.5121951219512195,0.0011084348643980151,2026-03-16,True,True,prior_ready
cc4778e6cfb7cc7b,601899,2026-03-19T00:00:00,5,commodity_shock|negative,40,0.012568394239851682,0.55,0.0006510646883346979,2026-03-18,True,True,prior_ready
cc4778e6cfb7cc7b,601899,2026-03-19T00:00:00,20,commodity_shock|negative,34,-0.0027005598947046285,0.47058823529411764,-0.020050639814412796,2026-03-18,True,True,prior_ready
cc4778e6cfb7cc7b,601899,2026-03-19T00:00:00,60,commodity_shock|negative,17,0.13127853613386506,0.7647058823529411,0.0188863644785703,2026-01-22,False,True,"prior_rows=17, minimum=20"
edcb150d11ab5f92,601899,2026-03-19T00:00:00,1,commodity_shock|negative,41,0.0032246084956339227,0.5121951219512195,0.0011084348643980151,2026-03-16,True,True,prior_ready
edcb150d11ab5f92,601899,2026-03-19T00:00:00,5,commodity_shock|negative,40,0.012568394239851682,0.55,0.0006510646883346979,2026-03-18,True,True,prior_ready
edcb150d11ab5f92,601899,2026-03-19T00:00:00,20,commodity_shock|negative,34,-0.0027005598947046285,0.47058823529411764,-0.020050639814412796,2026-03-18,True,True,prior_ready
edcb150d11ab5f92,601899,2026-03-19T00:00:00,60,commodity_shock|negative,17,0.13127853613386506,0.7647058823529411,0.0188863644785703,2026-01-22,False,True,"prior_rows=17, minimum=20"
f19f894ae1bbf6fb,601899,2026-03-19T00:00:00,1,commodity_shock|negative,41,0.0032246084956339227,0.5121951219512195,0.0011084348643980151,2026-03-16,True,True,prior_ready
f19f894ae1bbf6fb,601899,2026-03-19T00:00:00,5,commodity_shock|negative,40,0.012568394239851682,0.55,0.0006510646883346979,2026-03-18,True,True,prior_ready
f19f894ae1bbf6fb,601899,2026-03-19T00:00:00,20,commodity_shock|negative,34,-0.0027005598947046285,0.47058823529411764,-0.020050639814412796,2026-03-18,True,True,prior_ready
f19f894ae1bbf6fb,601899,2026-03-19T00:00:00,60,commodity_shock|negative,17,0.13127853613386506,0.7647058823529411,0.0188863644785703,2026-01-22,False,True,"prior_rows=17, minimum=20"
3a7a35c8a79e73e6,601899,2026-03-20T00:00:00,1,commodity_shock|negative,42,0.001375072598162465,0.5,4.725584704983257e-05,2026-03-19,True,True,prior_ready
3a7a35c8a79e73e6,601899,2026-03-20T00:00:00,5,commodity_shock|negative,40,0.012568394239851682,0.55,0.0006510646883346979,2026-03-18,True,True,prior_ready
3a7a35c8a79e73e6,601899,2026-03-20T00:00:00,20,commodity_shock|negative,34,-0.0027005598947046285,0.47058823529411764,-0.020050639814412796,2026-03-18,True,True,prior_ready
3a7a35c8a79e73e6,601899,2026-03-20T00:00:00,60,commodity_shock|negative,17,0.13127853613386506,0.7647058823529411,0.0188863644785703,2026-01-22,False,True,"prior_rows=17, minimum=20"
4b766bfd287a3ca0,601899,2026-03-20T00:00:00,1,commodity_shock|negative,42,0.001375072598162465,0.5,4.725584704983257e-05,2026-03-19,True,True,prior_ready
4b766bfd287a3ca0,601899,2026-03-20T00:00:00,5,commodity_shock|negative,40,0.012568394239851682,0.55,0.0006510646883346979,2026-03-18,True,True,prior_ready
4b766bfd287a3ca0,601899,2026-03-20T00:00:00,20,commodity_shock|negative,34,-0.0027005598947046285,0.47058823529411764,-0.020050639814412796,2026-03-18,True,True,prior_ready
4b766bfd287a3ca0,601899,2026-03-20T00:00:00,60,commodity_shock|negative,17,0.13127853613386506,0.7647058823529411,0.0188863644785703,2026-01-22,False,True,"prior_rows=17, minimum=20"
5e933a3512399e69,601899,2026-03-20T00:00:00,1,commodity_shock|negative,42,0.001375072598162465,0.5,4.725584704983257e-05,2026-03-19,True,True,prior_ready
5e933a3512399e69,601899,2026-03-20T00:00:00,5,commodity_shock|negative,40,0.012568394239851682,0.55,0.0006510646883346979,2026-03-18,True,True,prior_ready
5e933a3512399e69,601899,2026-03-20T00:00:00,20,commodity_shock|negative,34,-0.0027005598947046285,0.47058823529411764,-0.020050639814412796,2026-03-18,True,True,prior_ready
5e933a3512399e69,601899,2026-03-20T00:00:00,60,commodity_shock|negative,17,0.13127853613386506,0.7647058823529411,0.0188863644785703,2026-01-22,False,True,"prior_rows=17, minimum=20"
0c723f9aa85110ce,601899,2026-03-21T00:00:00,1,general_news|neutral,9,-0.018706126339567933,0.3333333333333333,-0.007223145975766585,2026-03-17,False,True,"prior_rows=9, minimum=20"
0c723f9aa85110ce,601899,2026-03-21T00:00:00,5,general_news|neutral,8,-0.02870481225050564,0.5,-0.022569511002977702,2026-03-20,False,True,"prior_rows=8, minimum=20"
0c723f9aa85110ce,601899,2026-03-21T00:00:00,20,general_news|neutral,5,-0.06949534822836156,0.0,-0.09679056485223188,2026-03-16,False,True,"prior_rows=5, minimum=20"
0c723f9aa85110ce,601899,2026-03-21T00:00:00,60,general_news|neutral,0,0.0,0.0,0.0,,False,True,"prior_rows=0, minimum=20"
15b515bab6b1dee6,601899,2026-03-21T00:00:00,1,general_news|neutral,9,-0.018706126339567933,0.3333333333333333,-0.007223145975766585,2026-03-17,False,True,"prior_rows=9, minimum=20"
15b515bab6b1dee6,601899,2026-03-21T00:00:00,5,general_news|neutral,8,-0.02870481225050564,0.5,-0.022569511002977702,2026-03-20,False,True,"prior_rows=8, minimum=20"
15b515bab6b1dee6,601899,2026-03-21T00:00:00,20,general_news|neutral,5,-0.06949534822836156,0.0,-0.09679056485223188,2026-03-16,False,True,"prior_rows=5, minimum=20"
15b515bab6b1dee6,601899,2026-03-21T00:00:00,60,general_news|neutral,0,0.0,0.0,0.0,,False,True,"prior_rows=0, minimum=20"
183c758aa946f8c8,601899,2026-03-21T00:00:00,1,general_news|neutral,9,-0.018706126339567933,0.3333333333333333,-0.007223145975766585,2026-03-17,False,True,"prior_rows=9, minimum=20"
183c758aa946f8c8,601899,2026-03-21T00:00:00,5,general_news|neutral,8,-0.02870481225050564,0.5,-0.022569511002977702,2026-03-20,False,True,"prior_rows=8, minimum=20"
183c758aa946f8c8,601899,2026-03-21T00:00:00,20,general_news|neutral,5,-0.06949534822836156,0.0,-0.09679056485223188,2026-03-16,False,True,"prior_rows=5, minimum=20"
183c758aa946f8c8,601899,2026-03-21T00:00:00,60,general_news|neutral,0,0.0,0.0,0.0,,False,True,"prior_rows=0, minimum=20"
2fff70c157debced,601899,2026-03-21T00:00:00,1,general_news|neutral,9,-0.018706126339567933,0.3333333333333333,-0.007223145975766585,2026-03-17,False,True,"prior_rows=9, minimum=20"
2fff70c157debced,601899,2026-03-21T00:00:00,5,general_news|neutral,8,-0.02870481225050564,0.5,-0.022569511002977702,2026-03-20,False,True,"prior_rows=8, minimum=20"
2fff70c157debced,601899,2026-03-21T00:00:00,20,general_news|neutral,5,-0.06949534822836156,0.0,-0.09679056485223188,2026-03-16,False,True,"prior_rows=5, minimum=20"
2fff70c157debced,601899,2026-03-21T00:00:00,60,general_news|neutral,0,0.0,0.0,0.0,,False,True,"prior_rows=0, minimum=20"
31f3a222a2d17e88,601899,2026-03-21T00:00:00,1,general_news|neutral,9,-0.018706126339567933,0.3333333333333333,-0.007223145975766585,2026-03-17,False,True,"prior_rows=9, minimum=20"
31f3a222a2d17e88,601899,2026-03-21T00:00:00,5,general_news|neutral,8,-0.02870481225050564,0.5,-0.022569511002977702,2026-03-20,False,True,"prior_rows=8, minimum=20"
31f3a222a2d17e88,601899,2026-03-21T00:00:00,20,general_news|neutral,5,-0.06949534822836156,0.0,-0.09679056485223188,2026-03-16,False,True,"prior_rows=5, minimum=20"
31f3a222a2d17e88,601899,2026-03-21T00:00:00,60,general_news|neutral,0,0.0,0.0,0.0,,False,True,"prior_rows=0, minimum=20"
32e1838ae2006212,601899,2026-03-21T00:00:00,1,general_news|neutral,9,-0.018706126339567933,0.3333333333333333,-0.007223145975766585,2026-03-17,False,True,"prior_rows=9, minimum=20"
32e1838ae2006212,601899,2026-03-21T00:00:00,5,general_news|neutral,8,-0.02870481225050564,0.5,-0.022569511002977702,2026-03-20,False,True,"prior_rows=8, minimum=20"
32e1838ae2006212,601899,2026-03-21T00:00:00,20,general_news|neutral,5,-0.06949534822836156,0.0,-0.09679056485223188,2026-03-16,False,True,"prior_rows=5, minimum=20"
32e1838ae2006212,601899,2026-03-21T00:00:00,60,general_news|neutral,0,0.0,0.0,0.0,,False,True,"prior_rows=0, minimum=20"
36dab58f04bc2c65,601899,2026-03-21T00:00:00,1,general_news|neutral,9,-0.018706126339567933,0.3333333333333333,-0.007223145975766585,2026-03-17,False,True,"prior_rows=9, minimum=20"
36dab58f04bc2c65,601899,2026-03-21T00:00:00,5,general_news|neutral,8,-0.02870481225050564,0.5,-0.022569511002977702,2026-03-20,False,True,"prior_rows=8, minimum=20"
36dab58f04bc2c65,601899,2026-03-21T00:00:00,20,general_news|neutral,5,-0.06949534822836156,0.0,-0.09679056485223188,2026-03-16,False,True,"prior_rows=5, minimum=20"
36dab58f04bc2c65,601899,2026-03-21T00:00:00,60,general_news|neutral,0,0.0,0.0,0.0,,False,True,"prior_rows=0, minimum=20"
503f9c14b103a8ac,601899,2026-03-21T00:00:00,1,commodity_shock|positive,142,0.007187598560908742,0.6197183098591549,0.006396119167840952,2026-03-19,True,True,prior_ready
503f9c14b103a8ac,601899,2026-03-21T00:00:00,5,commodity_shock|positive,138,0.019298492620214477,0.6159420289855072,0.011743682649096508,2026-03-17,True,True,prior_ready
503f9c14b103a8ac,601899,2026-03-21T00:00:00,20,commodity_shock|positive,120,0.07802978414003059,0.65,0.03288745925917257,2026-03-20,True,True,prior_ready
503f9c14b103a8ac,601899,2026-03-21T00:00:00,60,commodity_shock|positive,50,0.17892503385564915,0.76,0.06692018796123887,2026-03-19,True,True,prior_ready
5148f933ac9ed721,601899,2026-03-21T00:00:00,1,buyback_dividend|positive,69,-0.008264544045486951,0.30434782608695654,-0.008724519279342865,2026-03-19,True,True,prior_ready
5148f933ac9ed721,601899,2026-03-21T00:00:00,5,buyback_dividend|positive,67,0.0006111746223096735,0.5223880597014925,-0.009561704962979558,2026-03-18,True,True,prior_ready
5148f933ac9ed721,601899,2026-03-21T00:00:00,20,buyback_dividend|positive,49,0.022332287203333204,0.40816326530612246,-0.015913151063224752,2026-03-13,True,True,prior_ready
5148f933ac9ed721,601899,2026-03-21T00:00:00,60,buyback_dividend|positive,24,0.1425404398009726,0.5,0.00017675272834289749,2026-03-17,True,True,prior_ready
6911bf6a2dab9522,601899,2026-03-21T00:00:00,1,general_news|neutral,9,-0.018706126339567933,0.3333333333333333,-0.007223145975766585,2026-03-17,False,True,"prior_rows=9, minimum=20"
6911bf6a2dab9522,601899,2026-03-21T00:00:00,5,general_news|neutral,8,-0.02870481225050564,0.5,-0.022569511002977702,2026-03-20,False,True,"prior_rows=8, minimum=20"
6911bf6a2dab9522,601899,2026-03-21T00:00:00,20,general_news|neutral,5,-0.06949534822836156,0.0,-0.09679056485223188,2026-03-16,False,True,"prior_rows=5, minimum=20"
6911bf6a2dab9522,601899,2026-03-21T00:00:00,60,general_news|neutral,0,0.0,0.0,0.0,,False,True,"prior_rows=0, minimum=20"
6e6521430c5ae7e7,601899,2026-03-21T00:00:00,1,general_news|neutral,9,-0.018706126339567933,0.3333333333333333,-0.007223145975766585,2026-03-17,False,True,"prior_rows=9, minimum=20"
6e6521430c5ae7e7,601899,2026-03-21T00:00:00,5,general_news|neutral,8,-0.02870481225050564,0.5,-0.022569511002977702,2026-03-20,False,True,"prior_rows=8, minimum=20"
6e6521430c5ae7e7,601899,2026-03-21T00:00:00,20,general_news|neutral,5,-0.06949534822836156,0.0,-0.09679056485223188,2026-03-16,False,True,"prior_rows=5, minimum=20"
6e6521430c5ae7e7,601899,2026-03-21T00:00:00,60,general_news|neutral,0,0.0,0.0,0.0,,False,True,"prior_rows=0, minimum=20"
700b6a5e3874abd7,601899,2026-03-21T00:00:00,1,general_news|neutral,9,-0.018706126339567933,0.3333333333333333,-0.007223145975766585,2026-03-17,False,True,"prior_rows=9, minimum=20"
700b6a5e3874abd7,601899,2026-03-21T00:00:00,5,general_news|neutral,8,-0.02870481225050564,0.5,-0.022569511002977702,2026-03-20,False,True,"prior_rows=8, minimum=20"
700b6a5e3874abd7,601899,2026-03-21T00:00:00,20,general_news|neutral,5,-0.06949534822836156,0.0,-0.09679056485223188,2026-03-16,False,True,"prior_rows=5, minimum=20"
700b6a5e3874abd7,601899,2026-03-21T00:00:00,60,general_news|neutral,0,0.0,0.0,0.0,,False,True,"prior_rows=0, minimum=20"
78fdd3ae798169b2,601899,2026-03-21T00:00:00,1,general_news|neutral,9,-0.018706126339567933,0.3333333333333333,-0.007223145975766585,2026-03-17,False,True,"prior_rows=9, minimum=20"
78fdd3ae798169b2,601899,2026-03-21T00:00:00,5,general_news|neutral,8,-0.02870481225050564,0.5,-0.022569511002977702,2026-03-20,False,True,"prior_rows=8, minimum=20"
78fdd3ae798169b2,601899,2026-03-21T00:00:00,20,general_news|neutral,5,-0.06949534822836156,0.0,-0.09679056485223188,2026-03-16,False,True,"prior_rows=5, minimum=20"
78fdd3ae798169b2,601899,2026-03-21T00:00:00,60,general_news|neutral,0,0.0,0.0,0.0,,False,True,"prior_rows=0, minimum=20"
7aa4a439b21218ff,601899,2026-03-21T00:00:00,1,general_news|neutral,9,-0.018706126339567933,0.3333333333333333,-0.007223145975766585,2026-03-17,False,True,"prior_rows=9, minimum=20"
7aa4a439b21218ff,601899,2026-03-21T00:00:00,5,general_news|neutral,8,-0.02870481225050564,0.5,-0.022569511002977702,2026-03-20,False,True,"prior_rows=8, minimum=20"
7aa4a439b21218ff,601899,2026-03-21T00:00:00,20,general_news|neutral,5,-0.06949534822836156,0.0,-0.09679056485223188,2026-03-16,False,True,"prior_rows=5, minimum=20"
7aa4a439b21218ff,601899,2026-03-21T00:00:00,60,general_news|neutral,0,0.0,0.0,0.0,,False,True,"prior_rows=0, minimum=20"
8092a4329ca7445d,601899,2026-03-21T00:00:00,1,general_news|neutral,9,-0.018706126339567933,0.3333333333333333,-0.007223145975766585,2026-03-17,False,True,"prior_rows=9, minimum=20"
8092a4329ca7445d,601899,2026-03-21T00:00:00,5,general_news|neutral,8,-0.02870481225050564,0.5,-0.022569511002977702,2026-03-20,False,True,"prior_rows=8, minimum=20"
8092a4329ca7445d,601899,2026-03-21T00:00:00,20,general_news|neutral,5,-0.06949534822836156,0.0,-0.09679056485223188,2026-03-16,False,True,"prior_rows=5, minimum=20"
8092a4329ca7445d,601899,2026-03-21T00:00:00,60,general_news|neutral,0,0.0,0.0,0.0,,False,True,"prior_rows=0, minimum=20"
8238ec857b4ad99b,601899,2026-03-21T00:00:00,1,general_news|neutral,9,-0.018706126339567933,0.3333333333333333,-0.007223145975766585,2026-03-17,False,True,"prior_rows=9, minimum=20"
8238ec857b4ad99b,601899,2026-03-21T00:00:00,5,general_news|neutral,8,-0.02870481225050564,0.5,-0.022569511002977702,2026-03-20,False,True,"prior_rows=8, minimum=20"
8238ec857b4ad99b,601899,2026-03-21T00:00:00,20,general_news|neutral,5,-0.06949534822836156,0.0,-0.09679056485223188,2026-03-16,False,True,"prior_rows=5, minimum=20"
8238ec857b4ad99b,601899,2026-03-21T00:00:00,60,general_news|neutral,0,0.0,0.0,0.0,,False,True,"prior_rows=0, minimum=20"
851653a9e519bf3c,601899,2026-03-21T00:00:00,1,general_news|neutral,9,-0.018706126339567933,0.3333333333333333,-0.007223145975766585,2026-03-17,False,True,"prior_rows=9, minimum=20"
851653a9e519bf3c,601899,2026-03-21T00:00:00,5,general_news|neutral,8,-0.02870481225050564,0.5,-0.022569511002977702,2026-03-20,False,True,"prior_rows=8, minimum=20"
851653a9e519bf3c,601899,2026-03-21T00:00:00,20,general_news|neutral,5,-0.06949534822836156,0.0,-0.09679056485223188,2026-03-16,False,True,"prior_rows=5, minimum=20"
851653a9e519bf3c,601899,2026-03-21T00:00:00,60,general_news|neutral,0,0.0,0.0,0.0,,False,True,"prior_rows=0, minimum=20"
88977a1f5cd8bc05,601899,2026-03-21T00:00:00,1,general_news|neutral,9,-0.018706126339567933,0.3333333333333333,-0.007223145975766585,2026-03-17,False,True,"prior_rows=9, minimum=20"
88977a1f5cd8bc05,601899,2026-03-21T00:00:00,5,general_news|neutral,8,-0.02870481225050564,0.5,-0.022569511002977702,2026-03-20,False,True,"prior_rows=8, minimum=20"
88977a1f5cd8bc05,601899,2026-03-21T00:00:00,20,general_news|neutral,5,-0.06949534822836156,0.0,-0.09679056485223188,2026-03-16,False,True,"prior_rows=5, minimum=20"
88977a1f5cd8bc05,601899,2026-03-21T00:00:00,60,general_news|neutral,0,0.0,0.0,0.0,,False,True,"prior_rows=0, minimum=20"
b6c1a567109b9c4a,601899,2026-03-21T00:00:00,1,general_news|neutral,9,-0.018706126339567933,0.3333333333333333,-0.007223145975766585,2026-03-17,False,True,"prior_rows=9, minimum=20"
b6c1a567109b9c4a,601899,2026-03-21T00:00:00,5,general_news|neutral,8,-0.02870481225050564,0.5,-0.022569511002977702,2026-03-20,False,True,"prior_rows=8, minimum=20"
b6c1a567109b9c4a,601899,2026-03-21T00:00:00,20,general_news|neutral,5,-0.06949534822836156,0.0,-0.09679056485223188,2026-03-16,False,True,"prior_rows=5, minimum=20"
b6c1a567109b9c4a,601899,2026-03-21T00:00:00,60,general_news|neutral,0,0.0,0.0,0.0,,False,True,"prior_rows=0, minimum=20"
b972f53687502b22,601899,2026-03-21T00:00:00,1,general_news|neutral,9,-0.018706126339567933,0.3333333333333333,-0.007223145975766585,2026-03-17,False,True,"prior_rows=9, minimum=20"
b972f53687502b22,601899,2026-03-21T00:00:00,5,general_news|neutral,8,-0.02870481225050564,0.5,-0.022569511002977702,2026-03-20,False,True,"prior_rows=8, minimum=20"
b972f53687502b22,601899,2026-03-21T00:00:00,20,general_news|neutral,5,-0.06949534822836156,0.0,-0.09679056485223188,2026-03-16,False,True,"prior_rows=5, minimum=20"
b972f53687502b22,601899,2026-03-21T00:00:00,60,general_news|neutral,0,0.0,0.0,0.0,,False,True,"prior_rows=0, minimum=20"
be141402dd439a0b,601899,2026-03-21T00:00:00,1,general_news|neutral,9,-0.018706126339567933,0.3333333333333333,-0.007223145975766585,2026-03-17,False,True,"prior_rows=9, minimum=20"
be141402dd439a0b,601899,2026-03-21T00:00:00,5,general_news|neutral,8,-0.02870481225050564,0.5,-0.022569511002977702,2026-03-20,False,True,"prior_rows=8, minimum=20"
be141402dd439a0b,601899,2026-03-21T00:00:00,20,general_news|neutral,5,-0.06949534822836156,0.0,-0.09679056485223188,2026-03-16,False,True,"prior_rows=5, minimum=20"
be141402dd439a0b,601899,2026-03-21T00:00:00,60,general_news|neutral,0,0.0,0.0,0.0,,False,True,"prior_rows=0, minimum=20"
c3f1980f8239d8dd,601899,2026-03-21T00:00:00,1,general_news|neutral,9,-0.018706126339567933,0.3333333333333333,-0.007223145975766585,2026-03-17,False,True,"prior_rows=9, minimum=20"
c3f1980f8239d8dd,601899,2026-03-21T00:00:00,5,general_news|neutral,8,-0.02870481225050564,0.5,-0.022569511002977702,2026-03-20,False,True,"prior_rows=8, minimum=20"
c3f1980f8239d8dd,601899,2026-03-21T00:00:00,20,general_news|neutral,5,-0.06949534822836156,0.0,-0.09679056485223188,2026-03-16,False,True,"prior_rows=5, minimum=20"
c3f1980f8239d8dd,601899,2026-03-21T00:00:00,60,general_news|neutral,0,0.0,0.0,0.0,,False,True,"prior_rows=0, minimum=20"
c9856503faaeff72,601899,2026-03-21T00:00:00,1,general_news|neutral,9,-0.018706126339567933,0.3333333333333333,-0.007223145975766585,2026-03-17,False,True,"prior_rows=9, minimum=20"
c9856503faaeff72,601899,2026-03-21T00:00:00,5,general_news|neutral,8,-0.02870481225050564,0.5,-0.022569511002977702,2026-03-20,False,True,"prior_rows=8, minimum=20"
c9856503faaeff72,601899,2026-03-21T00:00:00,20,general_news|neutral,5,-0.06949534822836156,0.0,-0.09679056485223188,2026-03-16,False,True,"prior_rows=5, minimum=20"
c9856503faaeff72,601899,2026-03-21T00:00:00,60,general_news|neutral,0,0.0,0.0,0.0,,False,True,"prior_rows=0, minimum=20"
cc26951df2162902,601899,2026-03-21T00:00:00,1,general_news|neutral,9,-0.018706126339567933,0.3333333333333333,-0.007223145975766585,2026-03-17,False,True,"prior_rows=9, minimum=20"
cc26951df2162902,601899,2026-03-21T00:00:00,5,general_news|neutral,8,-0.02870481225050564,0.5,-0.022569511002977702,2026-03-20,False,True,"prior_rows=8, minimum=20"
cc26951df2162902,601899,2026-03-21T00:00:00,20,general_news|neutral,5,-0.06949534822836156,0.0,-0.09679056485223188,2026-03-16,False,True,"prior_rows=5, minimum=20"
cc26951df2162902,601899,2026-03-21T00:00:00,60,general_news|neutral,0,0.0,0.0,0.0,,False,True,"prior_rows=0, minimum=20"
cd97e47abecd2319,601899,2026-03-21T00:00:00,1,general_news|neutral,9,-0.018706126339567933,0.3333333333333333,-0.007223145975766585,2026-03-17,False,True,"prior_rows=9, minimum=20"
cd97e47abecd2319,601899,2026-03-21T00:00:00,5,general_news|neutral,8,-0.02870481225050564,0.5,-0.022569511002977702,2026-03-20,False,True,"prior_rows=8, minimum=20"
cd97e47abecd2319,601899,2026-03-21T00:00:00,20,general_news|neutral,5,-0.06949534822836156,0.0,-0.09679056485223188,2026-03-16,False,True,"prior_rows=5, minimum=20"
cd97e47abecd2319,601899,2026-03-21T00:00:00,60,general_news|neutral,0,0.0,0.0,0.0,,False,True,"prior_rows=0, minimum=20"
cff547cc6bb7c7cb,601899,2026-03-21T00:00:00,1,general_news|neutral,9,-0.018706126339567933,0.3333333333333333,-0.007223145975766585,2026-03-17,False,True,"prior_rows=9, minimum=20"
cff547cc6bb7c7cb,601899,2026-03-21T00:00:00,5,general_news|neutral,8,-0.02870481225050564,0.5,-0.022569511002977702,2026-03-20,False,True,"prior_rows=8, minimum=20"
cff547cc6bb7c7cb,601899,2026-03-21T00:00:00,20,general_news|neutral,5,-0.06949534822836156,0.0,-0.09679056485223188,2026-03-16,False,True,"prior_rows=5, minimum=20"
cff547cc6bb7c7cb,601899,2026-03-21T00:00:00,60,general_news|neutral,0,0.0,0.0,0.0,,False,True,"prior_rows=0, minimum=20"
d3717fc5b6c5904d,601899,2026-03-21T00:00:00,1,commodity_shock|positive,142,0.007187598560908742,0.6197183098591549,0.006396119167840952,2026-03-19,True,True,prior_ready
d3717fc5b6c5904d,601899,2026-03-21T00:00:00,5,commodity_shock|positive,138,0.019298492620214477,0.6159420289855072,0.011743682649096508,2026-03-17,True,True,prior_ready
d3717fc5b6c5904d,601899,2026-03-21T00:00:00,20,commodity_shock|positive,120,0.07802978414003059,0.65,0.03288745925917257,2026-03-20,True,True,prior_ready
d3717fc5b6c5904d,601899,2026-03-21T00:00:00,60,commodity_shock|positive,50,0.17892503385564915,0.76,0.06692018796123887,2026-03-19,True,True,prior_ready
d49a45e3beadf869,601899,2026-03-21T00:00:00,1,general_news|neutral,9,-0.018706126339567933,0.3333333333333333,-0.007223145975766585,2026-03-17,False,True,"prior_rows=9, minimum=20"
d49a45e3beadf869,601899,2026-03-21T00:00:00,5,general_news|neutral,8,-0.02870481225050564,0.5,-0.022569511002977702,2026-03-20,False,True,"prior_rows=8, minimum=20"
d49a45e3beadf869,601899,2026-03-21T00:00:00,20,general_news|neutral,5,-0.06949534822836156,0.0,-0.09679056485223188,2026-03-16,False,True,"prior_rows=5, minimum=20"
d49a45e3beadf869,601899,2026-03-21T00:00:00,60,general_news|neutral,0,0.0,0.0,0.0,,False,True,"prior_rows=0, minimum=20"
d7836bdb30a46b73,601899,2026-03-21T00:00:00,1,general_news|neutral,9,-0.018706126339567933,0.3333333333333333,-0.007223145975766585,2026-03-17,False,True,"prior_rows=9, minimum=20"
d7836bdb30a46b73,601899,2026-03-21T00:00:00,5,general_news|neutral,8,-0.02870481225050564,0.5,-0.022569511002977702,2026-03-20,False,True,"prior_rows=8, minimum=20"
d7836bdb30a46b73,601899,2026-03-21T00:00:00,20,general_news|neutral,5,-0.06949534822836156,0.0,-0.09679056485223188,2026-03-16,False,True,"prior_rows=5, minimum=20"
d7836bdb30a46b73,601899,2026-03-21T00:00:00,60,general_news|neutral,0,0.0,0.0,0.0,,False,True,"prior_rows=0, minimum=20"
e0bee987ece158a5,601899,2026-03-21T00:00:00,1,general_news|neutral,9,-0.018706126339567933,0.3333333333333333,-0.007223145975766585,2026-03-17,False,True,"prior_rows=9, minimum=20"
e0bee987ece158a5,601899,2026-03-21T00:00:00,5,general_news|neutral,8,-0.02870481225050564,0.5,-0.022569511002977702,2026-03-20,False,True,"prior_rows=8, minimum=20"
e0bee987ece158a5,601899,2026-03-21T00:00:00,20,general_news|neutral,5,-0.06949534822836156,0.0,-0.09679056485223188,2026-03-16,False,True,"prior_rows=5, minimum=20"
e0bee987ece158a5,601899,2026-03-21T00:00:00,60,general_news|neutral,0,0.0,0.0,0.0,,False,True,"prior_rows=0, minimum=20"
eaf711ddca89140c,601899,2026-03-21T00:00:00,1,general_news|neutral,9,-0.018706126339567933,0.3333333333333333,-0.007223145975766585,2026-03-17,False,True,"prior_rows=9, minimum=20"
eaf711ddca89140c,601899,2026-03-21T00:00:00,5,general_news|neutral,8,-0.02870481225050564,0.5,-0.022569511002977702,2026-03-20,False,True,"prior_rows=8, minimum=20"
eaf711ddca89140c,601899,2026-03-21T00:00:00,20,general_news|neutral,5,-0.06949534822836156,0.0,-0.09679056485223188,2026-03-16,False,True,"prior_rows=5, minimum=20"
eaf711ddca89140c,601899,2026-03-21T00:00:00,60,general_news|neutral,0,0.0,0.0,0.0,,False,True,"prior_rows=0, minimum=20"
f1af60d651cb8d84,601899,2026-03-21T00:00:00,1,general_news|neutral,9,-0.018706126339567933,0.3333333333333333,-0.007223145975766585,2026-03-17,False,True,"prior_rows=9, minimum=20"
f1af60d651cb8d84,601899,2026-03-21T00:00:00,5,general_news|neutral,8,-0.02870481225050564,0.5,-0.022569511002977702,2026-03-20,False,True,"prior_rows=8, minimum=20"
f1af60d651cb8d84,601899,2026-03-21T00:00:00,20,general_news|neutral,5,-0.06949534822836156,0.0,-0.09679056485223188,2026-03-16,False,True,"prior_rows=5, minimum=20"
f1af60d651cb8d84,601899,2026-03-21T00:00:00,60,general_news|neutral,0,0.0,0.0,0.0,,False,True,"prior_rows=0, minimum=20"
1eb55bf5778b5478,601899,2026-03-23T00:00:00,1,commodity_shock|negative,45,-9.861210970183443e-05,0.4666666666666667,-0.0009459105484578293,2026-03-20,True,True,prior_ready
1eb55bf5778b5478,601899,2026-03-23T00:00:00,5,commodity_shock|negative,41,0.00945257197295716,0.5365853658536586,-0.000497172149196748,2026-03-20,True,True,prior_ready
1eb55bf5778b5478,601899,2026-03-23T00:00:00,20,commodity_shock|negative,34,-0.0027005598947046285,0.47058823529411764,-0.020050639814412796,2026-03-18,True,True,prior_ready
1eb55bf5778b5478,601899,2026-03-23T00:00:00,60,commodity_shock|negative,17,0.13127853613386506,0.7647058823529411,0.0188863644785703,2026-01-22,False,True,"prior_rows=17, minimum=20"
38df91c979b670a2,601899,2026-03-23T00:00:00,1,commodity_shock|negative,45,-9.861210970183443e-05,0.4666666666666667,-0.0009459105484578293,2026-03-20,True,True,prior_ready
38df91c979b670a2,601899,2026-03-23T00:00:00,5,commodity_shock|negative,41,0.00945257197295716,0.5365853658536586,-0.000497172149196748,2026-03-20,True,True,prior_ready
38df91c979b670a2,601899,2026-03-23T00:00:00,20,commodity_shock|negative,34,-0.0027005598947046285,0.47058823529411764,-0.020050639814412796,2026-03-18,True,True,prior_ready
38df91c979b670a2,601899,2026-03-23T00:00:00,60,commodity_shock|negative,17,0.13127853613386506,0.7647058823529411,0.0188863644785703,2026-01-22,False,True,"prior_rows=17, minimum=20"
bdefbf6e329ee0ec,601899,2026-03-23T00:00:00,1,commodity_shock|negative,45,-9.861210970183443e-05,0.4666666666666667,-0.0009459105484578293,2026-03-20,True,True,prior_ready
bdefbf6e329ee0ec,601899,2026-03-23T00:00:00,5,commodity_shock|negative,41,0.00945257197295716,0.5365853658536586,-0.000497172149196748,2026-03-20,True,True,prior_ready
bdefbf6e329ee0ec,601899,2026-03-23T00:00:00,20,commodity_shock|negative,34,-0.0027005598947046285,0.47058823529411764,-0.020050639814412796,2026-03-18,True,True,prior_ready
bdefbf6e329ee0ec,601899,2026-03-23T00:00:00,60,commodity_shock|negative,17,0.13127853613386506,0.7647058823529411,0.0188863644785703,2026-01-22,False,True,"prior_rows=17, minimum=20"
f5292ff78fc107af,601899,2026-03-23T00:00:00,1,ma_restructuring|positive,31,0.02184085690883919,0.4838709677419355,0.025882834780532656,2026-03-13,True,True,prior_ready
f5292ff78fc107af,601899,2026-03-23T00:00:00,5,ma_restructuring|positive,31,0.08365074189131727,0.6451612903225806,0.11036284539416516,2026-03-19,True,True,prior_ready
f5292ff78fc107af,601899,2026-03-23T00:00:00,20,ma_restructuring|positive,22,0.2992648547064005,0.7727272727272727,0.2882157057355531,2026-03-17,True,True,prior_ready
f5292ff78fc107af,601899,2026-03-23T00:00:00,60,ma_restructuring|positive,5,0.29553055962302194,0.8,0.12923776840366258,2026-03-02,False,True,"prior_rows=5, minimum=20"
802c069afdce6998,601899,2026-03-24T00:00:00,1,commodity_shock|negative,48,-0.002205403039259375,0.4375,-0.0005791286808616685,2026-03-23,True,True,prior_ready
802c069afdce6998,601899,2026-03-24T00:00:00,5,commodity_shock|negative,41,0.00945257197295716,0.5365853658536586,-0.000497172149196748,2026-03-20,True,True,prior_ready
802c069afdce6998,601899,2026-03-24T00:00:00,20,commodity_shock|negative,34,-0.0027005598947046285,0.47058823529411764,-0.020050639814412796,2026-03-18,True,True,prior_ready
802c069afdce6998,601899,2026-03-24T00:00:00,60,commodity_shock|negative,17,0.13127853613386506,0.7647058823529411,0.0188863644785703,2026-01-22,False,True,"prior_rows=17, minimum=20"
ffcca85bcb9aad08,601899,2026-03-24T00:00:00,1,buyback_dividend|positive,69,-0.008264544045486951,0.30434782608695654,-0.008724519279342865,2026-03-19,True,True,prior_ready
ffcca85bcb9aad08,601899,2026-03-24T00:00:00,5,buyback_dividend|positive,68,-0.0010528025705625577,0.5147058823529411,-0.009703929239570737,2026-03-23,True,True,prior_ready
ffcca85bcb9aad08,601899,2026-03-24T00:00:00,20,buyback_dividend|positive,50,0.019150947581715518,0.4,-0.016890806169367424,2026-03-23,True,True,prior_ready
ffcca85bcb9aad08,601899,2026-03-24T00:00:00,60,buyback_dividend|positive,24,0.1425404398009726,0.5,0.00017675272834289749,2026-03-17,True,True,prior_ready
66355d9ea6e9eacf,601899,2026-03-25T00:00:00,1,commodity_shock|negative,51,0.0010405501499464764,0.47058823529411764,0.0011127302571978346,2026-03-24,True,True,prior_ready
66355d9ea6e9eacf,601899,2026-03-25T00:00:00,5,commodity_shock|negative,41,0.00945257197295716,0.5365853658536586,-0.000497172149196748,2026-03-20,True,True,prior_ready
66355d9ea6e9eacf,601899,2026-03-25T00:00:00,20,commodity_shock|negative,34,-0.0027005598947046285,0.47058823529411764,-0.020050639814412796,2026-03-18,True,True,prior_ready
66355d9ea6e9eacf,601899,2026-03-25T00:00:00,60,commodity_shock|negative,17,0.13127853613386506,0.7647058823529411,0.0188863644785703,2026-01-22,False,True,"prior_rows=17, minimum=20"
a239df599b5b6c86,601899,2026-03-25T00:00:00,1,commodity_shock|positive,144,0.0078235458194689,0.625,0.006698707419206353,2026-03-24,True,True,prior_ready
a239df599b5b6c86,601899,2026-03-25T00:00:00,5,commodity_shock|positive,140,0.016989443979471133,0.6071428571428571,0.010875507275395168,2026-03-23,True,True,prior_ready
a239df599b5b6c86,601899,2026-03-25T00:00:00,20,commodity_shock|positive,125,0.06785784925212313,0.624,0.02729281139711932,2026-03-24,True,True,prior_ready
a239df599b5b6c86,601899,2026-03-25T00:00:00,60,commodity_shock|positive,51,0.175994463192174,0.7647058823529411,0.06558672191628052,2026-03-23,True,True,prior_ready
aaf30dbc36887c10,601899,2026-03-25T00:00:00,1,shareholder_change|neutral,251,0.0010076634130498656,0.5378486055776892,-0.0013131185190920604,2026-03-24,True,True,prior_ready
aaf30dbc36887c10,601899,2026-03-25T00:00:00,5,shareholder_change|neutral,242,0.011180947132986127,0.512396694214876,0.001942619929097004,2026-03-24,True,True,prior_ready
aaf30dbc36887c10,601899,2026-03-25T00:00:00,20,shareholder_change|neutral,194,0.05012471998951989,0.5824742268041238,0.011236976115437385,2026-03-24,True,True,prior_ready
aaf30dbc36887c10,601899,2026-03-25T00:00:00,60,shareholder_change|neutral,26,0.06017048867048768,0.7307692307692307,-0.051959615317531224,2026-03-24,True,True,prior_ready
75cc7229f16d8724,601899,2026-03-26T00:00:00,1,commodity_shock|negative,52,0.0016416575825621731,0.4807692307692308,0.001263542751741821,2026-03-25,True,True,prior_ready
75cc7229f16d8724,601899,2026-03-26T00:00:00,5,commodity_shock|negative,42,0.008082035363226305,0.5238095238095238,-0.0009517906747407513,2026-03-25,True,True,prior_ready
75cc7229f16d8724,601899,2026-03-26T00:00:00,20,commodity_shock|negative,34,-0.0027005598947046285,0.47058823529411764,-0.020050639814412796,2026-03-18,True,True,prior_ready
75cc7229f16d8724,601899,2026-03-26T00:00:00,60,commodity_shock|negative,17,0.13127853613386506,0.7647058823529411,0.0188863644785703,2026-01-22,False,True,"prior_rows=17, minimum=20"
9face869f480f74a,601899,2026-03-26T00:00:00,1,commodity_shock|positive,171,0.008892559120791434,0.6842105263157895,0.004259565203863359,2026-03-25,True,True,prior_ready
9face869f480f74a,601899,2026-03-26T00:00:00,5,commodity_shock|positive,142,0.01872895274135742,0.6126760563380281,0.013102801278376805,2026-03-25,True,True,prior_ready
9face869f480f74a,601899,2026-03-26T00:00:00,20,commodity_shock|positive,128,0.0638916603901078,0.609375,0.0256484641830084,2026-03-25,True,True,prior_ready
9face869f480f74a,601899,2026-03-26T00:00:00,60,commodity_shock|positive,51,0.175994463192174,0.7647058823529411,0.06558672191628052,2026-03-23,True,True,prior_ready
28f186171db20aa1,601899,2026-03-27T00:00:00,1,commodity_shock|positive,177,0.007377507230837099,0.6610169491525424,0.003121363431487142,2026-03-26,True,True,prior_ready
28f186171db20aa1,601899,2026-03-27T00:00:00,5,commodity_shock|positive,142,0.01872895274135742,0.6126760563380281,0.013102801278376805,2026-03-25,True,True,prior_ready
28f186171db20aa1,601899,2026-03-27T00:00:00,20,commodity_shock|positive,129,0.0619629469775896,0.6046511627906976,0.024505428203386227,2026-03-26,True,True,prior_ready
28f186171db20aa1,601899,2026-03-27T00:00:00,60,commodity_shock|positive,51,0.175994463192174,0.7647058823529411,0.06558672191628052,2026-03-23,True,True,prior_ready
5101ae0f33e236c6,601899,2026-03-30T00:00:00,1,commodity_shock|positive,179,0.007639955392293171,0.664804469273743,0.003242334754051749,2026-03-27,True,True,prior_ready
5101ae0f33e236c6,601899,2026-03-30T00:00:00,5,commodity_shock|positive,142,0.01872895274135742,0.6126760563380281,0.013102801278376805,2026-03-25,True,True,prior_ready
5101ae0f33e236c6,601899,2026-03-30T00:00:00,20,commodity_shock|positive,130,0.06010927887431941,0.6,0.023420159213852616,2026-03-27,True,True,prior_ready
5101ae0f33e236c6,601899,2026-03-30T00:00:00,60,commodity_shock|positive,54,0.1739993364340814,0.7777777777777778,0.06625220917169375,2026-03-27,True,True,prior_ready
636670452a30de97,601899,2026-03-30T00:00:00,1,commodity_shock|positive,179,0.007639955392293171,0.664804469273743,0.003242334754051749,2026-03-27,True,True,prior_ready
636670452a30de97,601899,2026-03-30T00:00:00,5,commodity_shock|positive,142,0.01872895274135742,0.6126760563380281,0.013102801278376805,2026-03-25,True,True,prior_ready
636670452a30de97,601899,2026-03-30T00:00:00,20,commodity_shock|positive,130,0.06010927887431941,0.6,0.023420159213852616,2026-03-27,True,True,prior_ready
636670452a30de97,601899,2026-03-30T00:00:00,60,commodity_shock|positive,54,0.1739993364340814,0.7777777777777778,0.06625220917169375,2026-03-27,True,True,prior_ready
0c0138d5dcde4a90,601899,2026-03-31T00:00:00,1,commodity_shock|negative,54,0.0011594633015911456,0.48148148148148145,0.0006021261250880347,2026-03-27,True,True,prior_ready
0c0138d5dcde4a90,601899,2026-03-31T00:00:00,5,commodity_shock|negative,51,0.011993116313086744,0.5490196078431373,2.535223476357881e-05,2026-03-30,True,True,prior_ready
0c0138d5dcde4a90,601899,2026-03-31T00:00:00,20,commodity_shock|negative,34,-0.0027005598947046285,0.47058823529411764,-0.020050639814412796,2026-03-18,True,True,prior_ready
0c0138d5dcde4a90,601899,2026-03-31T00:00:00,60,commodity_shock|negative,17,0.13127853613386506,0.7647058823529411,0.0188863644785703,2026-01-22,False,True,"prior_rows=17, minimum=20"
c54173f0c85ab549,601899,2026-04-01T00:00:00,1,commodity_shock|positive,187,0.005142532932643519,0.6417112299465241,0.0015964584693404693,2026-03-31,True,True,prior_ready
c54173f0c85ab549,601899,2026-04-01T00:00:00,5,commodity_shock|positive,171,0.026599749045829908,0.6783625730994152,0.018514425826679465,2026-03-31,True,True,prior_ready
c54173f0c85ab549,601899,2026-04-01T00:00:00,20,commodity_shock|positive,132,0.0562291771582232,0.5909090909090909,0.021051798160817616,2026-03-30,True,True,prior_ready
c54173f0c85ab549,601899,2026-04-01T00:00:00,60,commodity_shock|positive,55,0.1703750160258706,0.7636363636363637,0.06368759125400296,2026-03-30,True,True,prior_ready
69503832d0c3fd3f,601899,2026-04-02T00:00:00,1,general_news|neutral,38,0.0359985025548382,0.8421052631578947,0.019796931866748607,2026-03-24,True,True,prior_ready
69503832d0c3fd3f,601899,2026-04-02T00:00:00,5,general_news|neutral,38,0.0457024325591514,0.868421052631579,0.002675098878567956,2026-03-30,True,True,prior_ready
69503832d0c3fd3f,601899,2026-04-02T00:00:00,20,general_news|neutral,7,-0.0947832738797539,0.0,-0.09936418129179762,2026-03-31,False,True,"prior_rows=7, minimum=20"
69503832d0c3fd3f,601899,2026-04-02T00:00:00,60,general_news|neutral,0,0.0,0.0,0.0,,False,True,"prior_rows=0, minimum=20"
44338be65a4a63a7,601899,2026-04-03T00:00:00,1,buyback_dividend|positive,87,-0.0069591134982493405,0.3218390804597701,-0.006225370005262973,2026-04-02,True,True,prior_ready
44338be65a4a63a7,601899,2026-04-03T00:00:00,5,buyback_dividend|positive,74,-0.0015589854452428224,0.527027027027027,-0.010504866583884527,2026-04-02,True,True,prior_ready
44338be65a4a63a7,601899,2026-04-03T00:00:00,20,buyback_dividend|positive,60,0.005104177072237736,0.36666666666666664,-0.016154368311878164,2026-04-02,True,True,prior_ready
44338be65a4a63a7,601899,2026-04-03T00:00:00,60,buyback_dividend|positive,26,0.12917263341021498,0.46153846153846156,-0.0043839021699891585,2026-03-31,True,True,prior_ready
b02ae9fb2870bd6e,601899,2026-04-03T00:00:00,1,commodity_shock|negative,55,0.0019330031775479893,0.4909090909090909,0.0011319749551288514,2026-04-01,True,True,prior_ready
b02ae9fb2870bd6e,601899,2026-04-03T00:00:00,5,commodity_shock|negative,54,0.012727257064327858,0.5740740740740741,0.0009823466853063059,2026-04-02,True,True,prior_ready
b02ae9fb2870bd6e,601899,2026-04-03T00:00:00,20,commodity_shock|negative,37,-0.012729100131670378,0.43243243243243246,-0.024827767784032208,2026-04-02,True,True,prior_ready
b02ae9fb2870bd6e,601899,2026-04-03T00:00:00,60,commodity_shock|negative,17,0.13127853613386506,0.7647058823529411,0.0188863644785703,2026-01-22,False,True,"prior_rows=17, minimum=20"
fc91bdbb907ba9b4,601899,2026-04-03T00:00:00,1,general_news|neutral,38,0.0359985025548382,0.8421052631578947,0.019796931866748607,2026-03-24,True,True,prior_ready
fc91bdbb907ba9b4,601899,2026-04-03T00:00:00,5,general_news|neutral,38,0.0457024325591514,0.868421052631579,0.002675098878567956,2026-03-30,True,True,prior_ready
fc91bdbb907ba9b4,601899,2026-04-03T00:00:00,20,general_news|neutral,7,-0.0947832738797539,0.0,-0.09936418129179762,2026-03-31,False,True,"prior_rows=7, minimum=20"
fc91bdbb907ba9b4,601899,2026-04-03T00:00:00,60,general_news|neutral,0,0.0,0.0,0.0,,False,True,"prior_rows=0, minimum=20"
c38e176304eed874,601899,2026-04-04T00:00:00,1,commodity_shock|positive,196,0.004542116478185736,0.6275510204081632,0.0008077162980200134,2026-04-02,True,True,prior_ready
c38e176304eed874,601899,2026-04-04T00:00:00,5,commodity_shock|positive,180,0.025584220500193298,0.6777777777777778,0.017871116190422583,2026-04-03,True,True,prior_ready
c38e176304eed874,601899,2026-04-04T00:00:00,20,commodity_shock|positive,132,0.0562291771582232,0.5909090909090909,0.021051798160817616,2026-03-30,True,True,prior_ready
c38e176304eed874,601899,2026-04-04T00:00:00,60,commodity_shock|positive,74,0.10689550444749939,0.6081081081081081,0.02756956009329389,2026-04-03,True,True,prior_ready
fa453d37813bb1c5,601899,2026-04-07T00:00:00,1,commodity_shock|negative,55,0.0019330031775479893,0.4909090909090909,0.0011319749551288514,2026-04-01,True,True,prior_ready
fa453d37813bb1c5,601899,2026-04-07T00:00:00,5,commodity_shock|negative,54,0.012727257064327858,0.5740740740740741,0.0009823466853063059,2026-04-02,True,True,prior_ready
fa453d37813bb1c5,601899,2026-04-07T00:00:00,20,commodity_shock|negative,38,-0.01536617658585894,0.42105263157894735,-0.025176403218887932,2026-04-03,True,True,prior_ready
fa453d37813bb1c5,601899,2026-04-07T00:00:00,60,commodity_shock|negative,17,0.13127853613386506,0.7647058823529411,0.0188863644785703,2026-01-22,False,True,"prior_rows=17, minimum=20"
b386c4c31ed8604f,601899,2026-04-09T00:00:00,1,commodity_shock|negative,57,0.002794930787754299,0.49122807017543857,0.0010931741378810104,2026-04-08,True,True,prior_ready
b386c4c31ed8604f,601899,2026-04-09T00:00:00,5,commodity_shock|negative,55,0.013551642566025564,0.5818181818181818,0.0014528288191607839,2026-04-08,True,True,prior_ready
b386c4c31ed8604f,601899,2026-04-09T00:00:00,20,commodity_shock|negative,39,-0.01778282294559037,0.41025641025641024,-0.025638138647188502,2026-04-07,True,True,prior_ready
b386c4c31ed8604f,601899,2026-04-09T00:00:00,60,commodity_shock|negative,17,0.13127853613386506,0.7647058823529411,0.0188863644785703,2026-01-22,False,True,"prior_rows=17, minimum=20"
4e77cf05ee2b7b7f,601899,2026-04-13T00:00:00,1,commodity_shock|positive,198,0.00477749323400122,0.6262626262626263,0.0008731261968165828,2026-04-09,True,True,prior_ready
4e77cf05ee2b7b7f,601899,2026-04-13T00:00:00,5,commodity_shock|positive,196,0.02321594849591124,0.6683673469387755,0.01599502805043641,2026-04-09,True,True,prior_ready
4e77cf05ee2b7b7f,601899,2026-04-13T00:00:00,20,commodity_shock|positive,138,0.05315815164196712,0.5652173913043478,0.021266613498390607,2026-04-08,True,True,prior_ready
4e77cf05ee2b7b7f,601899,2026-04-13T00:00:00,60,commodity_shock|positive,79,0.09537754953998154,0.569620253164557,0.019924252802556223,2026-04-10,True,True,prior_ready
279dd68a855682ae,601899,2026-04-15T00:00:00,1,buyback_dividend|positive,97,-0.005886447872608285,0.3402061855670103,-0.005367743648113131,2026-04-13,True,True,prior_ready
279dd68a855682ae,601899,2026-04-15T00:00:00,5,buyback_dividend|positive,96,0.002750311837683155,0.5416666666666666,-0.0074488989677342085,2026-04-14,True,True,prior_ready
279dd68a855682ae,601899,2026-04-15T00:00:00,20,buyback_dividend|positive,68,-0.005702216185256679,0.3382352941176471,-0.018601380556986145,2026-04-14,True,True,prior_ready
279dd68a855682ae,601899,2026-04-15T00:00:00,60,buyback_dividend|positive,32,0.14050535708101383,0.53125,0.03037936982782357,2026-04-10,True,True,prior_ready
7d2984f379dc34ac,601899,2026-04-15T00:00:00,1,commodity_shock|positive,203,0.005388093564576085,0.6305418719211823,0.0013448885488815275,2026-04-14,True,True,prior_ready
7d2984f379dc34ac,601899,2026-04-15T00:00:00,5,commodity_shock|positive,197,0.023472429325956414,0.6700507614213198,0.01588560701273509,2026-04-14,True,True,prior_ready
7d2984f379dc34ac,601899,2026-04-15T00:00:00,20,commodity_shock|positive,140,0.05219408448496146,0.5642857142857143,0.020714871396674342,2026-04-14,True,True,prior_ready
7d2984f379dc34ac,601899,2026-04-15T00:00:00,60,commodity_shock|positive,81,0.09132197943010256,0.5555555555555556,0.016958749758976824,2026-04-14,True,True,prior_ready
ee736c1da6987780,601899,2026-04-16T00:00:00,1,commodity_shock|positive,204,0.005213819840975293,0.6274509803921569,0.0012512084976930285,2026-04-15,True,True,prior_ready
ee736c1da6987780,601899,2026-04-16T00:00:00,5,commodity_shock|positive,198,0.023417013016229362,0.6717171717171717,0.01577316571228611,2026-04-15,True,True,prior_ready
ee736c1da6987780,601899,2026-04-16T00:00:00,20,commodity_shock|positive,140,0.05219408448496146,0.5642857142857143,0.020714871396674342,2026-04-14,True,True,prior_ready
ee736c1da6987780,601899,2026-04-16T00:00:00,60,commodity_shock|positive,82,0.08943914655054638,0.5487804878048781,0.01599115768566201,2026-04-15,True,True,prior_ready
06f1c8e5ae618396,601899,2026-04-17T00:00:00,1,commodity_shock|positive,207,0.00570349356530347,0.6328502415458938,0.0015316799947631052,2026-04-16,True,True,prior_ready
06f1c8e5ae618396,601899,2026-04-17T00:00:00,5,commodity_shock|positive,198,0.023417013016229362,0.6717171717171717,0.01577316571228611,2026-04-15,True,True,prior_ready
06f1c8e5ae618396,601899,2026-04-17T00:00:00,20,commodity_shock|positive,142,0.05487748312954114,0.5704225352112676,0.023385573294582577,2026-04-16,True,True,prior_ready
06f1c8e5ae618396,601899,2026-04-17T00:00:00,60,commodity_shock|positive,83,0.08743526713200625,0.5421686746987951,0.014584295455528591,2026-04-16,True,True,prior_ready
d799b8e3aff5f206,601899,2026-04-20T00:00:00,1,commodity_shock|positive,209,0.005654976589746683,0.631578947368421,0.001528741272987348,2026-04-17,True,True,prior_ready
d799b8e3aff5f206,601899,2026-04-20T00:00:00,5,commodity_shock|positive,202,0.023824583755953213,0.6732673267326733,0.015783541075961006,2026-04-17,True,True,prior_ready
d799b8e3aff5f206,601899,2026-04-20T00:00:00,20,commodity_shock|positive,142,0.05487748312954114,0.5704225352112676,0.023385573294582577,2026-04-16,True,True,prior_ready
d799b8e3aff5f206,601899,2026-04-20T00:00:00,60,commodity_shock|positive,84,0.08522863207183858,0.5357142857142857,0.012949777674191407,2026-04-17,True,True,prior_ready
f49cdead8844c2e8,601899,2026-04-21T00:00:00,1,commodity_shock|positive,217,0.004740155744855966,0.6129032258064516,0.00042175521195525863,2026-04-20,True,True,prior_ready
f49cdead8844c2e8,601899,2026-04-21T00:00:00,5,commodity_shock|positive,203,0.02387698615004402,0.6748768472906403,0.015734517128874314,2026-04-20,True,True,prior_ready
f49cdead8844c2e8,601899,2026-04-21T00:00:00,20,commodity_shock|positive,142,0.05487748312954114,0.5704225352112676,0.023385573294582577,2026-04-16,True,True,prior_ready
f49cdead8844c2e8,601899,2026-04-21T00:00:00,60,commodity_shock|positive,85,0.08317096342847131,0.5294117647058824,0.01138341125666672,2026-04-20,True,True,prior_ready
205dd3d5e88264c0,601899,2026-04-22T00:00:00,1,general_news|neutral,40,0.03366023917256813,0.8,0.018583942467000632,2026-04-07,True,True,prior_ready
205dd3d5e88264c0,601899,2026-04-22T00:00:00,5,general_news|neutral,40,0.04446259005211651,0.875,0.00073191981656931,2026-04-13,True,True,prior_ready
205dd3d5e88264c0,601899,2026-04-22T00:00:00,20,general_news|neutral,38,0.10780251970932904,0.7894736842105263,0.006179875330392087,2026-04-21,True,True,prior_ready
205dd3d5e88264c0,601899,2026-04-22T00:00:00,60,general_news|neutral,0,0.0,0.0,0.0,,False,True,"prior_rows=0, minimum=20"
39e39a23d9182bbc,601899,2026-04-22T00:00:00,1,general_news|neutral,40,0.03366023917256813,0.8,0.018583942467000632,2026-04-07,True,True,prior_ready
39e39a23d9182bbc,601899,2026-04-22T00:00:00,5,general_news|neutral,40,0.04446259005211651,0.875,0.00073191981656931,2026-04-13,True,True,prior_ready
39e39a23d9182bbc,601899,2026-04-22T00:00:00,20,general_news|neutral,38,0.10780251970932904,0.7894736842105263,0.006179875330392087,2026-04-21,True,True,prior_ready
39e39a23d9182bbc,601899,2026-04-22T00:00:00,60,general_news|neutral,0,0.0,0.0,0.0,,False,True,"prior_rows=0, minimum=20"
3adf8fb11c5d40cc,601899,2026-04-22T00:00:00,1,general_news|neutral,40,0.03366023917256813,0.8,0.018583942467000632,2026-04-07,True,True,prior_ready
3adf8fb11c5d40cc,601899,2026-04-22T00:00:00,5,general_news|neutral,40,0.04446259005211651,0.875,0.00073191981656931,2026-04-13,True,True,prior_ready
3adf8fb11c5d40cc,601899,2026-04-22T00:00:00,20,general_news|neutral,38,0.10780251970932904,0.7894736842105263,0.006179875330392087,2026-04-21,True,True,prior_ready
3adf8fb11c5d40cc,601899,2026-04-22T00:00:00,60,general_news|neutral,0,0.0,0.0,0.0,,False,True,"prior_rows=0, minimum=20"
88a8d77d192821e4,601899,2026-04-22T00:00:00,1,general_news|neutral,40,0.03366023917256813,0.8,0.018583942467000632,2026-04-07,True,True,prior_ready
88a8d77d192821e4,601899,2026-04-22T00:00:00,5,general_news|neutral,40,0.04446259005211651,0.875,0.00073191981656931,2026-04-13,True,True,prior_ready
88a8d77d192821e4,601899,2026-04-22T00:00:00,20,general_news|neutral,38,0.10780251970932904,0.7894736842105263,0.006179875330392087,2026-04-21,True,True,prior_ready
88a8d77d192821e4,601899,2026-04-22T00:00:00,60,general_news|neutral,0,0.0,0.0,0.0,,False,True,"prior_rows=0, minimum=20"
a0cf3a637b83a949,601899,2026-04-22T00:00:00,1,general_news|neutral,40,0.03366023917256813,0.8,0.018583942467000632,2026-04-07,True,True,prior_ready
a0cf3a637b83a949,601899,2026-04-22T00:00:00,5,general_news|neutral,40,0.04446259005211651,0.875,0.00073191981656931,2026-04-13,True,True,prior_ready
a0cf3a637b83a949,601899,2026-04-22T00:00:00,20,general_news|neutral,38,0.10780251970932904,0.7894736842105263,0.006179875330392087,2026-04-21,True,True,prior_ready
a0cf3a637b83a949,601899,2026-04-22T00:00:00,60,general_news|neutral,0,0.0,0.0,0.0,,False,True,"prior_rows=0, minimum=20"
b2137d5e82bc9a9c,601899,2026-04-22T00:00:00,1,shareholder_change|neutral,376,0.002395977733877207,0.5186170212765957,-0.00018965178288332896,2026-04-21,True,True,prior_ready
b2137d5e82bc9a9c,601899,2026-04-22T00:00:00,5,shareholder_change|neutral,342,0.013181210127173609,0.5409356725146199,0.0016458671868986882,2026-04-21,True,True,prior_ready
b2137d5e82bc9a9c,601899,2026-04-22T00:00:00,20,shareholder_change|neutral,251,0.03554863228951636,0.5219123505976095,0.010045919216298436,2026-04-21,True,True,prior_ready
b2137d5e82bc9a9c,601899,2026-04-22T00:00:00,60,shareholder_change|neutral,108,0.04031245747744425,0.49074074074074076,-0.006289600138442721,2026-04-21,True,True,prior_ready
b649cb70c9954428,601899,2026-04-22T00:00:00,1,general_news|neutral,40,0.03366023917256813,0.8,0.018583942467000632,2026-04-07,True,True,prior_ready
b649cb70c9954428,601899,2026-04-22T00:00:00,5,general_news|neutral,40,0.04446259005211651,0.875,0.00073191981656931,2026-04-13,True,True,prior_ready
b649cb70c9954428,601899,2026-04-22T00:00:00,20,general_news|neutral,38,0.10780251970932904,0.7894736842105263,0.006179875330392087,2026-04-21,True,True,prior_ready
b649cb70c9954428,601899,2026-04-22T00:00:00,60,general_news|neutral,0,0.0,0.0,0.0,,False,True,"prior_rows=0, minimum=20"
feece11a61403b9d,601899,2026-04-22T00:00:00,1,general_news|neutral,40,0.03366023917256813,0.8,0.018583942467000632,2026-04-07,True,True,prior_ready
feece11a61403b9d,601899,2026-04-22T00:00:00,5,general_news|neutral,40,0.04446259005211651,0.875,0.00073191981656931,2026-04-13,True,True,prior_ready
feece11a61403b9d,601899,2026-04-22T00:00:00,20,general_news|neutral,38,0.10780251970932904,0.7894736842105263,0.006179875330392087,2026-04-21,True,True,prior_ready
feece11a61403b9d,601899,2026-04-22T00:00:00,60,general_news|neutral,0,0.0,0.0,0.0,,False,True,"prior_rows=0, minimum=20"
f327479fc285fe32,601899,2026-04-28T00:00:00,1,general_news|neutral,47,0.023910229839963732,0.6808510638297872,0.013137433390026411,2026-04-23,True,True,prior_ready
f327479fc285fe32,601899,2026-04-28T00:00:00,5,general_news|neutral,40,0.04446259005211651,0.875,0.00073191981656931,2026-04-13,True,True,prior_ready
f327479fc285fe32,601899,2026-04-28T00:00:00,20,general_news|neutral,38,0.10780251970932904,0.7894736842105263,0.006179875330392087,2026-04-21,True,True,prior_ready
f327479fc285fe32,601899,2026-04-28T00:00:00,60,general_news|neutral,0,0.0,0.0,0.0,,False,True,"prior_rows=0, minimum=20"
6909765e5ba8a4cc,601899,2026-04-30T00:00:00,1,commodity_shock|positive,256,0.005433853601514393,0.56640625,0.0009159353265037463,2026-04-29,True,True,prior_ready
6909765e5ba8a4cc,601899,2026-04-30T00:00:00,5,commodity_shock|positive,232,0.021387381157091778,0.6379310344827587,0.012977521561210665,2026-04-28,True,True,prior_ready
6909765e5ba8a4cc,601899,2026-04-30T00:00:00,20,commodity_shock|positive,194,0.07151228874055243,0.6752577319587629,0.022355789684971178,2026-04-29,True,True,prior_ready
6909765e5ba8a4cc,601899,2026-04-30T00:00:00,60,commodity_shock|positive,107,0.06468234059567084,0.48598130841121495,0.000660013390002653,2026-04-29,True,True,prior_ready
23ab12ba2e460532,601899,2026-05-01T00:00:00,1,general_news|neutral,48,0.024164502681879002,0.6875,0.013051843799284266,2026-04-29,True,True,prior_ready
23ab12ba2e460532,601899,2026-05-01T00:00:00,5,general_news|neutral,47,0.032013840854937074,0.7446808510638298,-0.006270394643588362,2026-04-29,True,True,prior_ready
23ab12ba2e460532,601899,2026-05-01T00:00:00,20,general_news|neutral,38,0.10780251970932904,0.7894736842105263,0.006179875330392087,2026-04-21,True,True,prior_ready
23ab12ba2e460532,601899,2026-05-01T00:00:00,60,general_news|neutral,0,0.0,0.0,0.0,,False,True,"prior_rows=0, minimum=20"
2951af1bba0ce587,601899,2026-05-06T00:00:00,1,commodity_shock|positive,277,0.005070941919910358,0.5848375451263538,0.0010782096171258226,2026-04-30,True,True,prior_ready
2951af1bba0ce587,601899,2026-05-06T00:00:00,5,commodity_shock|positive,233,0.020974123568626317,0.6351931330472103,0.012514713743315746,2026-04-30,True,True,prior_ready
2951af1bba0ce587,601899,2026-05-06T00:00:00,20,commodity_shock|positive,196,0.0708296445736448,0.673469387755102,0.02130571009161406,2026-04-30,True,True,prior_ready
2951af1bba0ce587,601899,2026-05-06T00:00:00,60,commodity_shock|positive,109,0.06019266599950539,0.47706422018348627,-0.0033741487708224124,2026-04-30,True,True,prior_ready
c8092fbae2937fa4,601899,2026-05-07T00:00:00,1,commodity_shock|positive,292,0.005834247858528925,0.6061643835616438,0.0008537529934003901,2026-05-06,True,True,prior_ready
c8092fbae2937fa4,601899,2026-05-07T00:00:00,5,commodity_shock|positive,236,0.020773197743470015,0.6398305084745762,0.011935255319045773,2026-05-06,True,True,prior_ready
c8092fbae2937fa4,601899,2026-05-07T00:00:00,20,commodity_shock|positive,196,0.0708296445736448,0.673469387755102,0.02130571009161406,2026-04-30,True,True,prior_ready
c8092fbae2937fa4,601899,2026-05-07T00:00:00,60,commodity_shock|positive,110,0.0579067967169395,0.4727272727272727,-0.005587908974081796,2026-05-06,True,True,prior_ready
97f171331fc67d96,601899,2026-05-08T00:00:00,1,commodity_shock|positive,293,0.005839277062887043,0.6075085324232082,0.000858246868499192,2026-05-07,True,True,prior_ready
97f171331fc67d96,601899,2026-05-08T00:00:00,5,commodity_shock|positive,246,0.022696269822963185,0.6544715447154471,0.012725845066302253,2026-05-07,True,True,prior_ready
97f171331fc67d96,601899,2026-05-08T00:00:00,20,commodity_shock|positive,196,0.0708296445736448,0.673469387755102,0.02130571009161406,2026-04-30,True,True,prior_ready
97f171331fc67d96,601899,2026-05-08T00:00:00,60,commodity_shock|positive,112,0.05317802377704511,0.4642857142857143,-0.010303502825274865,2026-05-07,True,True,prior_ready
05c322cffa693ec6,601899,2026-05-09T00:00:00,1,general_news|neutral,49,0.023820488438074484,0.6938775510204082,0.01282977470944886,2026-05-07,True,True,prior_ready
05c322cffa693ec6,601899,2026-05-09T00:00:00,5,general_news|neutral,48,0.032516587405158254,0.75,-0.006044891852460391,2026-05-08,True,True,prior_ready
05c322cffa693ec6,601899,2026-05-09T00:00:00,20,general_news|neutral,40,0.10441261308584675,0.8,0.0007501804586636546,2026-05-07,True,True,prior_ready
05c322cffa693ec6,601899,2026-05-09T00:00:00,60,general_news|neutral,1,-0.13303437967115106,0.0,-0.21499076669672695,2026-05-08,False,True,"prior_rows=1, minimum=20"
321ecc3d577a734e,601899,2026-05-09T00:00:00,1,general_news|neutral,49,0.023820488438074484,0.6938775510204082,0.01282977470944886,2026-05-07,True,True,prior_ready
321ecc3d577a734e,601899,2026-05-09T00:00:00,5,general_news|neutral,48,0.032516587405158254,0.75,-0.006044891852460391,2026-05-08,True,True,prior_ready
321ecc3d577a734e,601899,2026-05-09T00:00:00,20,general_news|neutral,40,0.10441261308584675,0.8,0.0007501804586636546,2026-05-07,True,True,prior_ready
321ecc3d577a734e,601899,2026-05-09T00:00:00,60,general_news|neutral,1,-0.13303437967115106,0.0,-0.21499076669672695,2026-05-08,False,True,"prior_rows=1, minimum=20"
368951cc14588be6,601899,2026-05-09T00:00:00,1,general_news|neutral,49,0.023820488438074484,0.6938775510204082,0.01282977470944886,2026-05-07,True,True,prior_ready
368951cc14588be6,601899,2026-05-09T00:00:00,5,general_news|neutral,48,0.032516587405158254,0.75,-0.006044891852460391,2026-05-08,True,True,prior_ready
368951cc14588be6,601899,2026-05-09T00:00:00,20,general_news|neutral,40,0.10441261308584675,0.8,0.0007501804586636546,2026-05-07,True,True,prior_ready
368951cc14588be6,601899,2026-05-09T00:00:00,60,general_news|neutral,1,-0.13303437967115106,0.0,-0.21499076669672695,2026-05-08,False,True,"prior_rows=1, minimum=20"
397d3de0dea23ecf,601899,2026-05-09T00:00:00,1,general_news|neutral,49,0.023820488438074484,0.6938775510204082,0.01282977470944886,2026-05-07,True,True,prior_ready
397d3de0dea23ecf,601899,2026-05-09T00:00:00,5,general_news|neutral,48,0.032516587405158254,0.75,-0.006044891852460391,2026-05-08,True,True,prior_ready
397d3de0dea23ecf,601899,2026-05-09T00:00:00,20,general_news|neutral,40,0.10441261308584675,0.8,0.0007501804586636546,2026-05-07,True,True,prior_ready
397d3de0dea23ecf,601899,2026-05-09T00:00:00,60,general_news|neutral,1,-0.13303437967115106,0.0,-0.21499076669672695,2026-05-08,False,True,"prior_rows=1, minimum=20"
a3606cc3dbe87941,601899,2026-05-09T00:00:00,1,general_news|neutral,49,0.023820488438074484,0.6938775510204082,0.01282977470944886,2026-05-07,True,True,prior_ready
a3606cc3dbe87941,601899,2026-05-09T00:00:00,5,general_news|neutral,48,0.032516587405158254,0.75,-0.006044891852460391,2026-05-08,True,True,prior_ready
a3606cc3dbe87941,601899,2026-05-09T00:00:00,20,general_news|neutral,40,0.10441261308584675,0.8,0.0007501804586636546,2026-05-07,True,True,prior_ready
a3606cc3dbe87941,601899,2026-05-09T00:00:00,60,general_news|neutral,1,-0.13303437967115106,0.0,-0.21499076669672695,2026-05-08,False,True,"prior_rows=1, minimum=20"
d8b21eb027ce99bd,601899,2026-05-09T00:00:00,1,general_news|neutral,49,0.023820488438074484,0.6938775510204082,0.01282977470944886,2026-05-07,True,True,prior_ready
d8b21eb027ce99bd,601899,2026-05-09T00:00:00,5,general_news|neutral,48,0.032516587405158254,0.75,-0.006044891852460391,2026-05-08,True,True,prior_ready
d8b21eb027ce99bd,601899,2026-05-09T00:00:00,20,general_news|neutral,40,0.10441261308584675,0.8,0.0007501804586636546,2026-05-07,True,True,prior_ready
d8b21eb027ce99bd,601899,2026-05-09T00:00:00,60,general_news|neutral,1,-0.13303437967115106,0.0,-0.21499076669672695,2026-05-08,False,True,"prior_rows=1, minimum=20"
ec145443e791b760,601899,2026-05-09T00:00:00,1,general_news|neutral,49,0.023820488438074484,0.6938775510204082,0.01282977470944886,2026-05-07,True,True,prior_ready
ec145443e791b760,601899,2026-05-09T00:00:00,5,general_news|neutral,48,0.032516587405158254,0.75,-0.006044891852460391,2026-05-08,True,True,prior_ready
ec145443e791b760,601899,2026-05-09T00:00:00,20,general_news|neutral,40,0.10441261308584675,0.8,0.0007501804586636546,2026-05-07,True,True,prior_ready
ec145443e791b760,601899,2026-05-09T00:00:00,60,general_news|neutral,1,-0.13303437967115106,0.0,-0.21499076669672695,2026-05-08,False,True,"prior_rows=1, minimum=20"
f405df524a89a11a,601899,2026-05-09T00:00:00,1,general_news|neutral,49,0.023820488438074484,0.6938775510204082,0.01282977470944886,2026-05-07,True,True,prior_ready
f405df524a89a11a,601899,2026-05-09T00:00:00,5,general_news|neutral,48,0.032516587405158254,0.75,-0.006044891852460391,2026-05-08,True,True,prior_ready
f405df524a89a11a,601899,2026-05-09T00:00:00,20,general_news|neutral,40,0.10441261308584675,0.8,0.0007501804586636546,2026-05-07,True,True,prior_ready
f405df524a89a11a,601899,2026-05-09T00:00:00,60,general_news|neutral,1,-0.13303437967115106,0.0,-0.21499076669672695,2026-05-08,False,True,"prior_rows=1, minimum=20"
e162acc49b63564d,601899,2026-05-11T00:00:00,1,commodity_shock|positive,294,0.005852975140556993,0.608843537414966,0.0008954577076635645,2026-05-08,True,True,prior_ready
e162acc49b63564d,601899,2026-05-11T00:00:00,5,commodity_shock|positive,256,0.02372492146110605,0.6484375,0.012128656424041278,2026-05-08,True,True,prior_ready
e162acc49b63564d,601899,2026-05-11T00:00:00,20,commodity_shock|positive,197,0.07084443151497051,0.6751269035532995,0.020831339554514668,2026-05-08,True,True,prior_ready
e162acc49b63564d,601899,2026-05-11T00:00:00,60,commodity_shock|positive,112,0.05317802377704511,0.4642857142857143,-0.010303502825274865,2026-05-07,True,True,prior_ready
0fb5e044999bef3b,601899,2026-05-12T00:00:00,1,commodity_shock|positive,295,0.005781507817851814,0.6067796610169491,0.0008181277689492661,2026-05-11,True,True,prior_ready
0fb5e044999bef3b,601899,2026-05-12T00:00:00,5,commodity_shock|positive,277,0.023140388783603354,0.6209386281588448,0.010067024136986678,2026-05-11,True,True,prior_ready
0fb5e044999bef3b,601899,2026-05-12T00:00:00,20,commodity_shock|positive,198,0.0702846111537838,0.6717171717171717,0.020004013470858804,2026-05-11,True,True,prior_ready
0fb5e044999bef3b,601899,2026-05-12T00:00:00,60,commodity_shock|positive,113,0.053065113492970786,0.4690265486725664,-0.010991992689472319,2026-05-11,True,True,prior_ready
7ed5b47c1f944703,601899,2026-05-12T00:00:00,1,commodity_shock|positive,295,0.005781507817851814,0.6067796610169491,0.0008181277689492661,2026-05-11,True,True,prior_ready
7ed5b47c1f944703,601899,2026-05-12T00:00:00,5,commodity_shock|positive,277,0.023140388783603354,0.6209386281588448,0.010067024136986678,2026-05-11,True,True,prior_ready
7ed5b47c1f944703,601899,2026-05-12T00:00:00,20,commodity_shock|positive,198,0.0702846111537838,0.6717171717171717,0.020004013470858804,2026-05-11,True,True,prior_ready
7ed5b47c1f944703,601899,2026-05-12T00:00:00,60,commodity_shock|positive,113,0.053065113492970786,0.4690265486725664,-0.010991992689472319,2026-05-11,True,True,prior_ready
db74295c39ccc93e,601899,2026-05-13T00:00:00,1,commodity_shock|positive,296,0.005792535874764941,0.6081081081081081,0.0008768859900162946,2026-05-12,True,True,prior_ready
db74295c39ccc93e,601899,2026-05-13T00:00:00,5,commodity_shock|positive,292,0.02090179881295403,0.5924657534246576,0.0072272442204451065,2026-05-12,True,True,prior_ready
db74295c39ccc93e,601899,2026-05-13T00:00:00,20,commodity_shock|positive,198,0.0702846111537838,0.6717171717171717,0.020004013470858804,2026-05-11,True,True,prior_ready
db74295c39ccc93e,601899,2026-05-13T00:00:00,60,commodity_shock|positive,115,0.05024671973310961,0.4608695652173913,-0.014365268744175298,2026-05-12,True,True,prior_ready
47e6e4fae5669d36,601899,2026-05-14T00:00:00,1,commodity_shock|negative,58,0.0026704530369126393,0.4827586206896552,0.0007663067387713981,2026-04-10,True,True,prior_ready
47e6e4fae5669d36,601899,2026-05-14T00:00:00,5,commodity_shock|negative,58,0.015227075413033331,0.603448275862069,0.00041443118684067015,2026-04-16,True,True,prior_ready
47e6e4fae5669d36,601899,2026-05-14T00:00:00,20,commodity_shock|negative,58,0.010051852582239527,0.5689655172413793,-0.022303470551902023,2026-05-12,True,True,prior_ready
47e6e4fae5669d36,601899,2026-05-14T00:00:00,60,commodity_shock|negative,28,0.04039237959496679,0.4642857142857143,-0.06252855030761371,2026-05-13,True,True,prior_ready
8b22f1ed42c744c9,601899,2026-05-16T00:00:00,1,shareholder_change|neutral,539,0.0016305767187789122,0.48794063079777367,-0.00038287221047255115,2026-05-15,True,True,prior_ready
8b22f1ed42c744c9,601899,2026-05-16T00:00:00,5,shareholder_change|neutral,512,0.012091094856422182,0.5234375,-0.001038670175636173,2026-05-15,True,True,prior_ready
8b22f1ed42c744c9,601899,2026-05-16T00:00:00,20,shareholder_change|neutral,342,0.0474514554013903,0.5701754385964912,0.0059134633689107785,2026-05-15,True,True,prior_ready
8b22f1ed42c744c9,601899,2026-05-16T00:00:00,60,shareholder_change|neutral,160,0.039626764362380516,0.45625,-0.01032972860799762,2026-05-15,True,True,prior_ready
811e59a7d7df4fa1,601899,2026-05-18T00:00:00,1,commodity_shock|negative,59,0.0017757109220116884,0.4745762711864407,0.00020816689546298563,2026-05-15,True,True,prior_ready
811e59a7d7df4fa1,601899,2026-05-18T00:00:00,5,commodity_shock|negative,58,0.015227075413033331,0.603448275862069,0.00041443118684067015,2026-04-16,True,True,prior_ready
811e59a7d7df4fa1,601899,2026-05-18T00:00:00,20,commodity_shock|negative,58,0.010051852582239527,0.5689655172413793,-0.022303470551902023,2026-05-12,True,True,prior_ready
811e59a7d7df4fa1,601899,2026-05-18T00:00:00,60,commodity_shock|negative,33,0.016013791469967908,0.3939393939393939,-0.08414114249487398,2026-05-15,True,True,prior_ready
596bc8886bd9a8de,601899,2026-05-19T00:00:00,1,commodity_shock|negative,59,0.0017757109220116884,0.4745762711864407,0.00020816689546298563,2026-05-15,True,True,prior_ready
596bc8886bd9a8de,601899,2026-05-19T00:00:00,5,commodity_shock|negative,58,0.015227075413033331,0.603448275862069,0.00041443118684067015,2026-04-16,True,True,prior_ready
596bc8886bd9a8de,601899,2026-05-19T00:00:00,20,commodity_shock|negative,58,0.010051852582239527,0.5689655172413793,-0.022303470551902023,2026-05-12,True,True,prior_ready
596bc8886bd9a8de,601899,2026-05-19T00:00:00,60,commodity_shock|negative,33,0.016013791469967908,0.3939393939393939,-0.08414114249487398,2026-05-15,True,True,prior_ready
c0daf5fbf0efbd53,601899,2026-05-20T00:00:00,1,commodity_shock|negative,60,0.001671568349136839,0.4666666666666667,7.665188032084215e-05,2026-05-19,True,True,prior_ready
c0daf5fbf0efbd53,601899,2026-05-20T00:00:00,5,commodity_shock|negative,58,0.015227075413033331,0.603448275862069,0.00041443118684067015,2026-04-16,True,True,prior_ready
c0daf5fbf0efbd53,601899,2026-05-20T00:00:00,20,commodity_shock|negative,58,0.010051852582239527,0.5689655172413793,-0.022303470551902023,2026-05-12,True,True,prior_ready
c0daf5fbf0efbd53,601899,2026-05-20T00:00:00,60,commodity_shock|negative,34,0.00974532272559528,0.38235294117647056,-0.08932040548437951,2026-05-19,True,True,prior_ready
9095b3b9af46420d,601899,2026-05-21T00:00:00,1,commodity_shock|negative,61,0.0012390644718671667,0.45901639344262296,-0.00022467600432276403,2026-05-20,True,True,prior_ready
9095b3b9af46420d,601899,2026-05-21T00:00:00,5,commodity_shock|negative,58,0.015227075413033331,0.603448275862069,0.00041443118684067015,2026-04-16,True,True,prior_ready
9095b3b9af46420d,601899,2026-05-21T00:00:00,20,commodity_shock|negative,58,0.010051852582239527,0.5689655172413793,-0.022303470551902023,2026-05-12,True,True,prior_ready
9095b3b9af46420d,601899,2026-05-21T00:00:00,60,commodity_shock|negative,34,0.00974532272559528,0.38235294117647056,-0.08932040548437951,2026-05-19,True,True,prior_ready
92ee5aced3ba0a45,601899,2026-05-22T00:00:00,1,commodity_shock|positive,303,0.005513313639091043,0.6105610561056105,0.0009457106563030329,2026-05-21,True,True,prior_ready
92ee5aced3ba0a45,601899,2026-05-22T00:00:00,5,commodity_shock|positive,301,0.018816692225465323,0.584717607973422,0.0064973014102056,2026-05-21,True,True,prior_ready
92ee5aced3ba0a45,601899,2026-05-22T00:00:00,20,commodity_shock|positive,230,0.054218797423918504,0.6173913043478261,0.00921756811443666,2026-05-21,True,True,prior_ready
92ee5aced3ba0a45,601899,2026-05-22T00:00:00,60,commodity_shock|positive,120,0.04006820033891579,0.44166666666666665,-0.024213804657467548,2026-05-21,True,True,prior_ready
fae0ea41e516d85b,601899,2026-05-25T00:00:00,1,commodity_shock|negative,63,0.0015042035408392457,0.4603174603174603,0.00010999268967300607,2026-05-22,True,True,prior_ready
fae0ea41e516d85b,601899,2026-05-25T00:00:00,5,commodity_shock|negative,59,0.013184069685188137,0.5932203389830508,-0.0006775611787450472,2026-05-21,True,True,prior_ready
fae0ea41e516d85b,601899,2026-05-25T00:00:00,20,commodity_shock|negative,58,0.010051852582239527,0.5689655172413793,-0.022303470551902023,2026-05-12,True,True,prior_ready
fae0ea41e516d85b,601899,2026-05-25T00:00:00,60,commodity_shock|negative,34,0.00974532272559528,0.38235294117647056,-0.08932040548437951,2026-05-19,True,True,prior_ready
8759323cfe5cdbce,601899,2026-05-27T00:00:00,1,shareholder_change|neutral,627,0.0011946782339929095,0.48484848484848486,-0.0007491115513661882,2026-05-26,True,True,prior_ready
8759323cfe5cdbce,601899,2026-05-27T00:00:00,5,shareholder_change|neutral,574,0.007215113892008528,0.4912891986062718,-0.0022699606300245747,2026-05-26,True,True,prior_ready
8759323cfe5cdbce,601899,2026-05-27T00:00:00,20,shareholder_change|neutral,419,0.04102234074060923,0.5632458233890215,0.007317421537460034,2026-05-26,True,True,prior_ready
8759323cfe5cdbce,601899,2026-05-27T00:00:00,60,shareholder_change|neutral,197,0.05650531342600239,0.467005076142132,0.008813470906560653,2026-05-26,True,True,prior_ready
a97d6ac17be00a46,601899,2026-05-27T00:00:00,1,commodity_shock|negative,64,0.0022532282711994357,0.46875,0.0008577436798326248,2026-05-26,True,True,prior_ready
a97d6ac17be00a46,601899,2026-05-27T00:00:00,5,commodity_shock|negative,61,0.013693416017732251,0.6065573770491803,0.00039884573126137377,2026-05-26,True,True,prior_ready
a97d6ac17be00a46,601899,2026-05-27T00:00:00,20,commodity_shock|negative,58,0.010051852582239527,0.5689655172413793,-0.022303470551902023,2026-05-12,True,True,prior_ready
a97d6ac17be00a46,601899,2026-05-27T00:00:00,60,commodity_shock|negative,34,0.00974532272559528,0.38235294117647056,-0.08932040548437951,2026-05-19,True,True,prior_ready
979f21edb920b52c,601899,2026-05-28T00:00:00,1,commodity_shock|positive,307,0.00533927538374799,0.6091205211726385,0.0008025353394690203,2026-05-26,True,True,prior_ready
979f21edb920b52c,601899,2026-05-28T00:00:00,5,commodity_shock|positive,303,0.018782569147199096,0.5841584158415841,0.006591221748104149,2026-05-27,True,True,prior_ready
979f21edb920b52c,601899,2026-05-28T00:00:00,20,commodity_shock|positive,236,0.050994754089139886,0.6059322033898306,0.0073081851097442285,2026-05-27,True,True,prior_ready
979f21edb920b52c,601899,2026-05-28T00:00:00,60,commodity_shock|positive,129,0.03316938163066902,0.43410852713178294,-0.028759263705653307,2026-05-27,True,True,prior_ready
29c9761c18206b43,601899,2026-05-30T00:00:00,1,general_news|neutral,57,0.02174684973296052,0.7368421052631579,0.0135849728140581,2026-05-12,True,True,prior_ready
29c9761c18206b43,601899,2026-05-30T00:00:00,5,general_news|neutral,57,0.015449692514500723,0.6491228070175439,-0.011115163115083686,2026-05-18,True,True,prior_ready
29c9761c18206b43,601899,2026-05-30T00:00:00,20,general_news|neutral,48,0.06826664765395736,0.6666666666666666,-0.016269373244955403,2026-05-29,True,True,prior_ready
29c9761c18206b43,601899,2026-05-30T00:00:00,60,general_news|neutral,5,-0.1301144967127133,0.0,-0.21453540029189577,2026-05-15,False,True,"prior_rows=5, minimum=20"
ad4de200f2ae3c27,601899,2026-06-02T00:00:00,1,commodity_shock|negative,65,0.0017758054726126956,0.46153846153846156,0.0003340991924530679,2026-05-28,True,True,prior_ready
ad4de200f2ae3c27,601899,2026-06-02T00:00:00,5,commodity_shock|negative,64,0.013480916014560388,0.609375,0.0010605650525063025,2026-06-01,True,True,prior_ready
ad4de200f2ae3c27,601899,2026-06-02T00:00:00,20,commodity_shock|negative,58,0.010051852582239527,0.5689655172413793,-0.022303470551902023,2026-05-12,True,True,prior_ready
ad4de200f2ae3c27,601899,2026-06-02T00:00:00,60,commodity_shock|negative,35,0.0030923536489710405,0.37142857142857144,-0.09334695929742638,2026-06-01,True,True,prior_ready
3fea6fd6fe8481d5,601899,2026-06-03T00:00:00,1,shareholder_change|neutral,662,0.0008032346528369977,0.47583081570996977,-0.0009143295739449313,2026-06-02,True,True,prior_ready
3fea6fd6fe8481d5,601899,2026-06-03T00:00:00,5,shareholder_change|neutral,632,0.0037372168997265006,0.46360759493670883,-0.004100516453676908,2026-06-02,True,True,prior_ready
3fea6fd6fe8481d5,601899,2026-06-03T00:00:00,20,shareholder_change|neutral,489,0.03368771302291458,0.5419222903885481,0.007738579853953601,2026-06-02,True,True,prior_ready
3fea6fd6fe8481d5,601899,2026-06-03T00:00:00,60,shareholder_change|neutral,217,0.05614263034990466,0.4792626728110599,0.013513670331257137,2026-06-02,True,True,prior_ready
a49454f4a43d842b,601899,2026-06-03T00:00:00,1,commodity_shock|negative,65,0.0017758054726126956,0.46153846153846156,0.0003340991924530679,2026-05-28,True,True,prior_ready
a49454f4a43d842b,601899,2026-06-03T00:00:00,5,commodity_shock|negative,64,0.013480916014560388,0.609375,0.0010605650525063025,2026-06-01,True,True,prior_ready
a49454f4a43d842b,601899,2026-06-03T00:00:00,20,commodity_shock|negative,58,0.010051852582239527,0.5689655172413793,-0.022303470551902023,2026-05-12,True,True,prior_ready
a49454f4a43d842b,601899,2026-06-03T00:00:00,60,commodity_shock|negative,36,-0.0016622021294177187,0.3611111111111111,-0.09592002021809348,2026-06-02,True,True,prior_ready
eae6cc356aeab4b0,601899,2026-06-04T00:00:00,1,commodity_shock|negative,66,0.0016001669130980875,0.45454545454545453,0.00017573604594866004,2026-06-03,True,True,prior_ready
eae6cc356aeab4b0,601899,2026-06-04T00:00:00,5,commodity_shock|negative,65,0.013103225865005385,0.6,0.0009935395786992557,2026-06-03,True,True,prior_ready
eae6cc356aeab4b0,601899,2026-06-04T00:00:00,20,commodity_shock|negative,58,0.010051852582239527,0.5689655172413793,-0.022303470551902023,2026-05-12,True,True,prior_ready
eae6cc356aeab4b0,601899,2026-06-04T00:00:00,60,commodity_shock|negative,37,-0.006209074216163094,0.35135135135135137,-0.09819412855351949,2026-06-03,True,True,prior_ready
77c54edf86a1465a,601899,2026-06-05T00:00:00,1,commodity_shock|negative,67,0.0011323888131727496,0.44776119402985076,-0.00012182403814053937,2026-06-04,True,True,prior_ready
77c54edf86a1465a,601899,2026-06-05T00:00:00,5,commodity_shock|negative,65,0.013103225865005385,0.6,0.0009935395786992557,2026-06-03,True,True,prior_ready
77c54edf86a1465a,601899,2026-06-05T00:00:00,20,commodity_shock|negative,58,0.010051852582239527,0.5689655172413793,-0.022303470551902023,2026-05-12,True,True,prior_ready
77c54edf86a1465a,601899,2026-06-05T00:00:00,60,commodity_shock|negative,38,-0.010840683910148304,0.34210526315789475,-0.10049168511469626,2026-06-04,True,True,prior_ready
72ceeab4653f5d0e,601899,2026-06-06T00:00:00,1,shareholder_change|neutral,677,0.0006733298909319742,0.4756277695716396,-0.0008535161420568111,2026-06-05,True,True,prior_ready
72ceeab4653f5d0e,601899,2026-06-06T00:00:00,5,shareholder_change|neutral,648,0.004028222034758153,0.4675925925925926,-0.003255202508368067,2026-06-05,True,True,prior_ready
72ceeab4653f5d0e,601899,2026-06-06T00:00:00,20,shareholder_change|neutral,512,0.025883410825174032,0.521484375,0.004110865123045862,2026-06-05,True,True,prior_ready
72ceeab4653f5d0e,601899,2026-06-06T00:00:00,60,shareholder_change|neutral,226,0.04792554302208236,0.4646017699115044,0.006988432149565273,2026-06-05,True,True,prior_ready
880cadd6867e3307,601899,2026-06-06T00:00:00,1,general_news|neutral,58,0.022165727076772654,0.7413793103448276,0.014082383865301987,2026-06-02,True,True,prior_ready
880cadd6867e3307,601899,2026-06-06T00:00:00,5,general_news|neutral,57,0.015449692514500723,0.6491228070175439,-0.011115163115083686,2026-05-18,True,True,prior_ready
880cadd6867e3307,601899,2026-06-06T00:00:00,20,general_news|neutral,49,0.06511957762655048,0.6530612244897959,-0.016640732202316027,2026-06-03,True,True,prior_ready
880cadd6867e3307,601899,2026-06-06T00:00:00,60,general_news|neutral,7,-0.15668423906801038,0.0,-0.21902522562021692,2026-06-01,False,True,"prior_rows=7, minimum=20"
a5112e4436ec5f8d,601899,2026-06-06T00:00:00,1,fund_flow|neutral,34,0.0038204498756741444,0.4411764705882353,0.001384989708172392,2026-06-05,True,True,prior_ready
a5112e4436ec5f8d,601899,2026-06-06T00:00:00,5,fund_flow|neutral,33,0.028061527216106337,0.696969696969697,0.016145515098941632,2026-05-29,True,True,prior_ready
a5112e4436ec5f8d,601899,2026-06-06T00:00:00,20,fund_flow|neutral,31,0.0352813207979538,0.6129032258064516,0.011604429900778715,2026-06-01,True,True,prior_ready
a5112e4436ec5f8d,601899,2026-06-06T00:00:00,60,fund_flow|neutral,9,0.05983408616736766,0.3333333333333333,0.003809548728683329,2026-05-21,False,True,"prior_rows=9, minimum=20"
c2346af317d840b6,601899,2026-06-06T00:00:00,1,shareholder_change|neutral,677,0.0006733298909319742,0.4756277695716396,-0.0008535161420568111,2026-06-05,True,True,prior_ready
c2346af317d840b6,601899,2026-06-06T00:00:00,5,shareholder_change|neutral,648,0.004028222034758153,0.4675925925925926,-0.003255202508368067,2026-06-05,True,True,prior_ready
c2346af317d840b6,601899,2026-06-06T00:00:00,20,shareholder_change|neutral,512,0.025883410825174032,0.521484375,0.004110865123045862,2026-06-05,True,True,prior_ready
c2346af317d840b6,601899,2026-06-06T00:00:00,60,shareholder_change|neutral,226,0.04792554302208236,0.4646017699115044,0.006988432149565273,2026-06-05,True,True,prior_ready
d8f32a95c80e91ef,601899,2026-06-06T00:00:00,1,general_news|neutral,58,0.022165727076772654,0.7413793103448276,0.014082383865301987,2026-06-02,True,True,prior_ready
d8f32a95c80e91ef,601899,2026-06-06T00:00:00,5,general_news|neutral,57,0.015449692514500723,0.6491228070175439,-0.011115163115083686,2026-05-18,True,True,prior_ready
d8f32a95c80e91ef,601899,2026-06-06T00:00:00,20,general_news|neutral,49,0.06511957762655048,0.6530612244897959,-0.016640732202316027,2026-06-03,True,True,prior_ready
d8f32a95c80e91ef,601899,2026-06-06T00:00:00,60,general_news|neutral,7,-0.15668423906801038,0.0,-0.21902522562021692,2026-06-01,False,True,"prior_rows=7, minimum=20"
3756961dfd7835e7,601899,2026-06-08T00:00:00,1,commodity_shock|negative,68,0.0007715970625272886,0.4411764705882353,-0.0002988062551621645,2026-06-05,True,True,prior_ready
3756961dfd7835e7,601899,2026-06-08T00:00:00,5,commodity_shock|negative,65,0.013103225865005385,0.6,0.0009935395786992557,2026-06-03,True,True,prior_ready
3756961dfd7835e7,601899,2026-06-08T00:00:00,20,commodity_shock|negative,58,0.010051852582239527,0.5689655172413793,-0.022303470551902023,2026-05-12,True,True,prior_ready
3756961dfd7835e7,601899,2026-06-08T00:00:00,60,commodity_shock|negative,39,-0.015331666655760169,0.3333333333333333,-0.10246753105505743,2026-06-05,True,True,prior_ready
bd52ca08c4f4f871,601899,2026-06-08T00:00:00,1,commodity_shock|negative,68,0.0007715970625272886,0.4411764705882353,-0.0002988062551621645,2026-06-05,True,True,prior_ready
bd52ca08c4f4f871,601899,2026-06-08T00:00:00,5,commodity_shock|negative,65,0.013103225865005385,0.6,0.0009935395786992557,2026-06-03,True,True,prior_ready
bd52ca08c4f4f871,601899,2026-06-08T00:00:00,20,commodity_shock|negative,58,0.010051852582239527,0.5689655172413793,-0.022303470551902023,2026-05-12,True,True,prior_ready
bd52ca08c4f4f871,601899,2026-06-08T00:00:00,60,commodity_shock|negative,39,-0.015331666655760169,0.3333333333333333,-0.10246753105505743,2026-06-05,True,True,prior_ready
1cd6491e9cb993e3,601899,2026-06-09T00:00:00,1,commodity_shock|positive,315,0.004853760174061166,0.6031746031746031,0.0006111366040168048,2026-06-04,True,True,prior_ready
1cd6491e9cb993e3,601899,2026-06-09T00:00:00,5,commodity_shock|positive,312,0.017116663433822028,0.5673076923076923,0.005821207812617032,2026-06-05,True,True,prior_ready
1cd6491e9cb993e3,601899,2026-06-09T00:00:00,20,commodity_shock|positive,296,0.03880754774285824,0.5844594594594594,0.010131355413432576,2026-06-08,True,True,prior_ready
1cd6491e9cb993e3,601899,2026-06-09T00:00:00,60,commodity_shock|positive,138,0.025564118114287025,0.4420289855072464,-0.029306370440806497,2026-06-08,True,True,prior_ready
4243375d9f9e6589,601899,2026-06-09T00:00:00,1,general_news|neutral,58,0.022165727076772654,0.7413793103448276,0.014082383865301987,2026-06-02,True,True,prior_ready
4243375d9f9e6589,601899,2026-06-09T00:00:00,5,general_news|neutral,58,0.013961173698603259,0.6379310344827587,-0.011244473562655654,2026-06-08,True,True,prior_ready
4243375d9f9e6589,601899,2026-06-09T00:00:00,20,general_news|neutral,57,0.03050632405092292,0.5614035087719298,-0.02383210535776284,2026-06-08,True,True,prior_ready
4243375d9f9e6589,601899,2026-06-09T00:00:00,60,general_news|neutral,7,-0.15668423906801038,0.0,-0.21902522562021692,2026-06-01,False,True,"prior_rows=7, minimum=20"
b836cf668a931246,601899,2026-06-10T00:00:00,1,commodity_shock|negative,71,0.00040972944887598207,0.4507042253521127,-0.0007520009812980574,2026-06-09,True,True,prior_ready
b836cf668a931246,601899,2026-06-10T00:00:00,5,commodity_shock|negative,66,0.01141257016000564,0.5909090909090909,-1.5752165199766934e-06,2026-06-09,True,True,prior_ready
b836cf668a931246,601899,2026-06-10T00:00:00,20,commodity_shock|negative,58,0.010051852582239527,0.5689655172413793,-0.022303470551902023,2026-05-12,True,True,prior_ready
b836cf668a931246,601899,2026-06-10T00:00:00,60,commodity_shock|negative,40,-0.020835861562942964,0.325,-0.10471682802638564,2026-06-09,True,True,prior_ready
