date,symbol,score,close,amount
2022-01-03,000630,0.0,37.2713199053168,6530132785.407001
2022-01-03,600362,0.0,9.741352724986466,2045714270.4406052
2022-01-03,601899,0.0,69.76591722748329,9977935435.058104
2022-01-04,000630,0.0,35.779371360450085,982039983.6674097
2022-01-04,600362,0.0,9.672925042902826,1272354312.415839
2022-01-04,601899,0.0,73.19116723426795,14556061723.399675
2022-01-05,000630,0.0,35.980486823651056,5836351591.08025
2022-01-05,600362,0.0,9.714285716251474,1978755314.6861303
2022-01-05,601899,0.0,70.80736340791057,6735061873.369979
2022-01-06,000630,0.0,35.14429944045811,6613359379.096918
2022-01-06,600362,0.0,9.763378033992822,1794793973.2864733
2022-01-06,601899,0.0,71.2818481124871,13655627591.159813
2022-01-07,000630,0.0,35.037719332745006,1152586800.0822463
2022-01-07,600362,0.0,9.569081140677811,1458156679.2868805
2022-01-07,601899,0.0,72.86107546539483,4817887612.396407
2022-01-10,000630,0.15,35.37912527745955,273919339.5482028
2022-01-10,600362,0.09999999999999999,9.571426616864567,1197318469.7834394
2022-01-10,601899,0.049999999999999996,71.33088090570565,15062428538.515345
2022-01-11,000630,0.09999999999999999,36.12065998862328,8804873216.674778
2022-01-11,600362,0.049999999999999996,10.003831764021836,179271666.3608005
2022-01-11,601899,0.15,70.75152571990779,12929940377.449156
2022-01-12,000630,0.09999999999999999,36.45161709906939,2212656899.8540306
2022-01-12,600362,0.049999999999999996,9.844247317989067,1897669648.9403615
2022-01-12,601899,0.15,70.45368829653648,3763051263.1881175
2022-01-13,000630,0.049999999999999996,36.97439365097935,3674970026.076235
2022-01-13,600362,0.09999999999999999,10.10657466315201,584919019.2873889
2022-01-13,601899,0.15,70.395386128049,14824895223.02064
2022-01-14,000630,0.09999999999999999,36.88313062179283,7079473494.19103
2022-01-14,600362,0.049999999999999996,10.444650272820526,1143385265.5509086
2022-01-14,601899,0.15,70.36411305514385,15493080014.579014
2022-01-17,000630,0.2,35.9352777727257,7548542887.772097
2022-01-17,600362,0.08333333333333333,10.155982221063844,960512174.5393342
2022-01-17,601899,0.21666666666666667,70.2842912865776,7621431751.100872
2022-01-18,000630,0.11666666666666667,36.60571176778885,7117647541.269456
2022-01-18,600362,0.13333333333333333,9.99570026187152,1287024375.1780007
2022-01-18,601899,0.25,69.14267875269265,10598957282.946884
2022-01-19,000630,0.24666666666666665,36.39189197419096,7979318986.963887
2022-01-19,600362,0.22999999999999998,10.053694579790289,1476503682.638245
2022-01-19,601899,0.3433333333333333,68.62157414259494,11989664366.5554
2022-01-20,000630,0.19666666666666666,36.30437522414358,8322291541.506911
2022-01-20,600362,0.07999999999999999,10.449491969105004,1873733933.252913
2022-01-20,601899,0.24333333333333335,68.95468559010118,14312269018.424196
2022-01-21,000630,0.3,36.16077275723861,572001951.7058274
2022-01-21,600362,0.13333333333333333,10.578298031609442,2510010094.301863
2022-01-21,601899,0.2466666666666667,70.31427756289654,15130493440.238815
2022-01-24,000630,0.22666666666666668,36.31306777088392,1137267181.6756508
2022-01-24,600362,0.16,10.492521741110313,2413252719.898845
2022-01-24,601899,0.29333333333333333,72.41300372889182,10434373496.215786
2022-01-25,000630,0.26,35.53139317878533,1312256072.2968533
2022-01-25,600362,0.2733333333333333,10.60499269401625,1359773223.726033
2022-01-25,601899,0.14666666666666667,75.70898875951832,5502756430.00807
2022-01-26,000630,0.26,36.10392525057982,8777788488.902369
2022-01-26,600362,0.23333333333333334,10.790337520557902,2532121028.4642324
2022-01-26,601899,0.18666666666666665,75.1344014676511,17681701775.308643
2022-01-27,000630,0.26,36.35991707002278,330038967.2445968
2022-01-27,600362,0.26666666666666666,10.825004897533756,1802092690.316932
2022-01-27,601899,0.15333333333333332,75.78712866692977,7366471012.86124
2022-01-28,000630,0.26,36.53486111606382,3851629277.3832426
2022-01-28,600362,0.29333333333333333,11.087159121631863,1756038588.7637506
2022-01-28,601899,0.12666666666666665,75.22386748977647,4419454871.73161
2022-01-31,000630,0.38666666666666666,36.24520436422506,5862049261.959648
2022-01-31,600362,0.5333333333333334,10.994602241744396,178463284.12777084
2022-01-31,601899,0.36,75.9976135584394,10521694802.65475
2022-02-01,000630,0.4166666666666667,36.15451316004816,6844193959.249756
2022-02-01,600362,0.38,11.132939923176352,810420135.1196378
2022-02-01,601899,0.48333333333333334,76.15577071825474,8507734310.212757
2022-02-02,000630,0.44,35.82284043067285,4411718925.830997
2022-02-02,600362,0.3866666666666666,11.014592182056592,1179618764.3295329
2022-02-02,601899,0.45333333333333337,75.28950229107843,12185989922.27273
2022-02-03,000630,0.44,35.449272041748046,6829766644.306508
2022-02-03,600362,0.35999999999999993,11.406153973778157,1708904206.8133645
2022-02-03,601899,0.48000000000000004,76.67983533145956,6679741483.377638
2022-02-04,000630,0.41333333333333333,33.79222592546252,7923712649.348005
2022-02-04,600362,0.43666666666666665,11.546969660855884,563818898.6911693
2022-02-04,601899,0.43,78.64712432637114,19340963732.040653
2022-02-07,000630,0.36333333333333334,33.00259403294262,1568692500.6114416
2022-02-07,600362,0.35333333333333333,11.699579773358655,1023198448.6588548
2022-02-07,601899,0.5633333333333334,78.55016729644767,6391705663.079244
2022-02-08,000630,0.36333333333333334,32.39816443190213,7496620987.347164
2022-02-08,600362,0.35333333333333333,11.76479343303397,2063891829.560433
2022-02-08,601899,0.5633333333333334,77.50150506241538,15222062859.158497
2022-02-09,000630,0.36333333333333334,31.16004053181817,7653875031.875082
2022-02-09,600362,0.35333333333333333,12.250315059728887,1067769311.4251252
2022-02-09,601899,0.5633333333333334,77.5291630907605,9689447497.673376
2022-02-10,000630,0.36333333333333334,30.79512574642432,4626028392.064988
2022-02-10,600362,0.35333333333333333,12.413799482976904,1856551988.5763524
2022-02-10,601899,0.5633333333333334,78.42387766423083,12061349270.737942
2022-02-11,000630,0.2866666666666667,31.551145936236143,1129079843.1303658
2022-02-11,600362,0.45666666666666667,12.456709088336302,2326236858.3977246
2022-02-11,601899,0.5366666666666667,77.5392407057818,8867139441.542948
2022-02-14,000630,0.2866666666666667,31.677942528084653,2933295115.450066
2022-02-14,600362,0.5333333333333334,12.471424779639458,2313060188.169995
2022-02-14,601899,0.4600000000000001,76.13898096317497,13993065566.15138
2022-02-15,000630,0.29000000000000004,32.26516501984059,7675292305.700212
2022-02-15,600362,0.4799999999999999,12.544816298341985,372963660.9578564
2022-02-15,601899,0.51,75.3409347641682,1802855830.25221
2022-02-16,000630,0.21333333333333337,32.64142898188647,7920031460.44958
2022-02-16,600362,0.5566666666666666,12.484452562582486,1626908938.8024242
2022-02-16,601899,0.51,75.76775096693173,7658748226.464296
2022-02-17,000630,0.1866666666666667,32.61616254713901,1160476540.194697
2022-02-17,600362,0.5833333333333333,12.509864534252271,2885723009.3302703
2022-02-17,601899,0.51,75.38980459973688,14265296521.264511
2022-02-18,000630,0.29000000000000004,31.82984311410296,5014123355.921525
2022-02-18,600362,0.4533333333333333,12.68685247249498,1067829536.275452
2022-02-18,601899,0.5366666666666666,76.13334292535511,15115186531.025423
2022-02-21,000630,0.2866666666666667,30.89137739680683,2202904280.956911
2022-02-21,600362,0.5333333333333334,12.856025546185323,2906130286.766285
2022-02-21,601899,0.4600000000000001,76.58850785680234,16605621578.331242
2022-02-22,000630,0.26,31.228708723354792,5670565141.662465
2022-02-22,600362,0.45666666666666667,12.783248667867104,550446687.6383575
2022-02-22,601899,0.5633333333333334,76.54222396337279,15919986545.25232
2022-02-23,000630,0.22666666666666668,31.491045954065928,6248658030.004463
2022-02-23,600362,0.48333333333333334,12.772667199122772,2772980535.1309915
2022-02-23,601899,0.5700000000000001,75.82937289365118,17955098818.940117
2022-02-24,000630,0.25333333333333335,31.316229329387216,5388931190.853214
2022-02-24,600362,0.48333333333333334,12.722083327932731,1131264188.2281048
2022-02-24,601899,0.5433333333333334,76.49254324899856,16914643103.564552
2022-02-25,000630,0.28,30.535726231137293,5537904344.971844
2022-02-25,600362,0.46333333333333343,12.982251005018382,1477981242.5926242
2022-02-25,601899,0.4966666666666667,76.94320688342233,6004209288.903044
2022-02-28,000630,0.20666666666666667,30.78909860420967,7276470803.699102
2022-02-28,600362,0.37000000000000005,13.253851018319988,381264254.5482983
2022-02-28,601899,0.4633333333333334,78.62211392145286,19350451091.7138
2022-03-01,000630,0.21666666666666667,30.95086696347182,7054875618.833143
2022-03-01,600362,0.4533333333333334,13.136407579587466,2218483080.244521
2022-03-01,601899,0.37,75.6906608469237,12932203549.661997
2022-03-02,000630,0.23333333333333334,29.984038445789466,1730930565.013913
2022-03-02,600362,0.4533333333333334,12.692498877203487,1019243198.8362964
2022-03-02,601899,0.3533333333333334,77.18458467445922,11332371935.69805
2022-03-03,000630,0.26666666666666666,29.154257870039373,2141832131.5513773
2022-03-03,600362,0.4533333333333334,13.01701894680168,917349677.9398494
2022-03-03,601899,0.32,74.89437237888578,3659915721.0996766
2022-03-04,000630,0.24,28.66180574647444,3341321659.409624
2022-03-04,600362,0.4033333333333334,13.319765970151993,1184729248.1683629
2022-03-04,601899,0.3966666666666667,74.08499794230175,13593500664.442823
2022-03-07,000630,0.2466666666666667,28.757042755101,6686196485.634615
2022-03-07,600362,0.38999999999999996,13.067299451117565,3264540698.8353357
2022-03-07,601899,0.4033333333333333,73.94714849568375,12180411616.482336
2022-03-08,000630,0.20666666666666667,27.6957707531892,3513266681.160632
2022-03-08,600362,0.43,13.262198631806749,2810777115.8264904
2022-03-08,601899,0.4033333333333333,76.02884644339936,17954888744.342106
2022-03-09,000630,0.20666666666666667,27.128961168651987,5429337988.95514
2022-03-09,600362,0.4533333333333334,13.446870404750458,151080967.7455333
2022-03-09,601899,0.3800000000000001,76.60556648518357,16628456234.116207
2022-03-10,000630,0.20666666666666667,27.354582517129646,5195669223.222067
2022-03-10,600362,0.4533333333333334,13.59047339128634,701855535.4408787
2022-03-10,601899,0.3800000000000001,78.00030544422373,13427916382.864548
2022-03-11,000630,0.3433333333333334,27.8785905341574,2484291868.9483533
2022-03-11,600362,0.4533333333333334,13.581965201495615,723109260.1137072
2022-03-11,601899,0.2433333333333333,73.69457417466658,519067733.1992641
2022-03-14,000630,0.3433333333333334,27.964334168377253,5320645226.279965
2022-03-14,600362,0.5299999999999999,13.216511653759396,3164513970.934196
2022-03-14,601899,0.16666666666666663,76.46805813659408,7169224556.567309
2022-03-15,000630,0.2433333333333334,28.47444197121795,3764941971.4299855
2022-03-15,600362,0.5299999999999999,13.412212524776136,2359589089.943826
2022-03-15,601899,0.2666666666666666,73.96269432276922,11359286745.593515
2022-03-16,000630,0.21666666666666673,28.002451494147547,901463319.235046
2022-03-16,600362,0.5566666666666668,13.242788434408377,3194985596.098764
2022-03-16,601899,0.2666666666666666,72.91545766688412,7674621706.632921
2022-03-17,000630,0.21666666666666673,27.684796299786584,6704003542.535931
2022-03-17,600362,0.5566666666666668,13.544785937246806,303109283.1394902
2022-03-17,601899,0.2666666666666666,76.945950783914,18235251595.188053
2022-03-18,000630,0.3166666666666667,27.62304663926606,5597393293.443014
2022-03-18,600362,0.59,13.503671728946804,854608223.0770292
2022-03-18,601899,0.1333333333333333,77.18546150323932,4724105297.121161
2022-03-21,000630,0.39333333333333337,27.40766417148824,6155377665.617858
2022-03-21,600362,0.46333333333333343,13.448612024293451,261946685.56437817
2022-03-21,601899,0.1833333333333333,76.30816582031177,7495216971.368484
2022-03-22,000630,0.39333333333333337,26.932283123251167,5287865615.820948
2022-03-22,600362,0.4533333333333334,13.67880916255028,1049528519.0913304
2022-03-22,601899,0.1933333333333333,75.79957379765116,13307881033.060083
2022-03-23,000630,0.42666666666666664,26.803847764790422,5060175121.815066
2022-03-23,600362,0.42,13.453632557237045,555908133.3548019
2022-03-23,601899,0.1933333333333333,76.63107536186679,3339413675.904359
2022-03-24,000630,0.4,26.21377477273241,4402409491.14709
2022-03-24,600362,0.4000000000000001,13.336653935159138,1378288503.9175627
2022-03-24,601899,0.24,76.23549517795473,7380099087.494192
2022-03-25,000630,0.3666666666666667,26.853470420062735,978881501.1814208
2022-03-25,600362,0.46666666666666673,13.387448599751288,926505155.2429874
2022-03-25,601899,0.20666666666666667,77.79315757023468,9819542445.407717
2022-03-28,000630,0.38333333333333336,27.06233849384597,759177075.5340116
2022-03-28,600362,0.7166666666666666,13.359397348724444,1622418651.6184914
2022-03-28,601899,0.33999999999999997,78.44405916208585,5457423795.559559
2022-03-29,000630,0.3933333333333334,27.300437148417146,5403125067.5732565
2022-03-29,600362,0.66,13.44205353415219,2275848543.9655924
2022-03-29,601899,0.38666666666666677,77.718671223782,1767120515.0836208
2022-03-30,000630,0.38333333333333336,26.23736048590966,3916566244.117873
2022-03-30,600362,0.7433333333333333,13.361831238117968,289864885.9641121
2022-03-30,601899,0.3133333333333333,77.49977083052424,18172169514.27257
2022-03-31,000630,0.2833333333333334,26.718639486126847,4631750967.11065
2022-03-31,600362,0.6933333333333334,13.129984406644772,1525662172.1020217
2022-03-31,601899,0.4633333333333332,77.19394627837967,9897668842.71054
2022-04-01,000630,0.2833333333333333,27.42012385279519,2137269779.7432768
2022-04-01,600362,0.6566666666666666,13.22931199717525,822896279.5042934
2022-04-01,601899,0.49999999999999994,76.2974394397631,899577329.9705828
2022-04-04,000630,0.2966666666666667,27.3258421932549,3012130317.546707
2022-04-04,600362,0.68,13.244139997344856,3273030939.613833
2022-04-04,601899,0.4633333333333332,78.56052953721021,14079256725.222944
2022-04-05,000630,0.30000000000000004,27.09449873803599,3497523173.547988
2022-04-05,600362,0.7466666666666667,13.418870816419156,2005686415.640212
2022-04-05,601899,0.39333333333333326,76.61913817350668,7924579546.837084
2022-04-06,000630,0.30000000000000004,26.32991895947325,3850550540.438872
2022-04-06,600362,0.68,13.412726463562043,1968349799.0712423
2022-04-06,601899,0.4599999999999999,74.90344173729247,5895627428.109769
2022-04-07,000630,0.45999999999999996,27.1279303475108,3820884892.8628182
2022-04-07,600362,0.64,13.43409755977338,1882379033.0266664
2022-04-07,601899,0.33999999999999997,73.75752832101931,10200526027.49316
2022-04-08,000630,0.25333333333333335,26.726202033580478,6049649550.614159
2022-04-08,600362,0.5933333333333334,13.078148010851546,2106329899.81332
2022-04-08,601899,0.5933333333333334,70.96785619051957,7525481147.942028
2022-04-11,000630,0.45666666666666667,27.034453400852133,4260524421.606033
2022-04-11,600362,0.6699999999999999,12.712111624401064,2701030070.4067025
2022-04-11,601899,0.3133333333333333,70.638588916984,2502089458.0284905
2022-04-12,000630,0.22999999999999998,26.55008453011305,203548878.05856472
2022-04-12,600362,0.6699999999999999,12.779971358395684,2904901547.731833
2022-04-12,601899,0.5399999999999999,70.88291494381615,6233216714.831371
2022-04-13,000630,0.22999999999999998,27.08866628035871,6554793567.522939
2022-04-13,600362,0.6699999999999999,12.954404134715933,2386943528.971594
2022-04-13,601899,0.5399999999999999,71.99862672627529,2453972393.8876767
2022-04-14,000630,0.4066666666666666,27.15309315421098,5634025166.969706
2022-04-14,600362,0.6666666666666666,12.425620218894968,2483441614.8013554
2022-04-14,601899,0.36666666666666675,70.45934491921702,7808184823.061267
2022-04-15,000630,0.4066666666666666,27.35376368272672,1087344930.9048064
2022-04-15,600362,0.6666666666666666,12.688173168699148,1681312364.218958
2022-04-15,601899,0.36666666666666675,71.79006062854606,2427925492.445302
2022-04-18,000630,0.45666666666666667,27.85911722467595,4508059270.563331
2022-04-18,600362,0.5466666666666666,12.627196633298052,2149819371.1285567
2022-04-18,601899,0.4366666666666667,74.53686982398277,14879385370.177649
2022-04-19,000630,0.45666666666666667,27.97083048802314,4505169362.965277
2022-04-19,600362,0.58,12.580049317892142,2594192354.0792646
2022-04-19,601899,0.4033333333333333,73.60613901019751,14918440730.289524
2022-04-20,000630,0.42999999999999994,27.457031820147893,3495458621.411658
2022-04-20,600362,0.5866666666666667,12.082269562669714,894537408.0652901
2022-04-20,601899,0.4233333333333334,71.311282292029,13067714037.603794
2022-04-21,000630,0.48333333333333334,26.984105753531285,6441656519.12529
2022-04-21,600362,0.6233333333333333,12.254715558770632,3013236029.5096464
2022-04-21,601899,0.3333333333333333,69.31747446661478,9433234874.727991
2022-04-22,000630,0.5366666666666667,26.796899037931563,3385809630.9618835
2022-04-22,600362,0.57,12.415058563171485,1305258423.5448904
2022-04-22,601899,0.3333333333333333,68.90712825283981,8310323700.123337
2022-04-25,000630,0.6,26.122937763730413,3129475698.219376
2022-04-25,600362,0.5133333333333334,12.408092883524088,1626547116.6782522
2022-04-25,601899,0.32666666666666666,68.97827705668192,16692887902.098845
2022-04-26,000630,0.6599999999999999,26.0644264389942,3682668875.991929
2022-04-26,600362,0.48333333333333334,12.780481195457511,2896687116.6136084
2022-04-26,601899,0.29666666666666663,71.41895872054387,10640767794.940807
2022-04-27,000630,0.5566666666666665,26.912362423977623,4095870483.1561847
2022-04-27,600362,0.5033333333333334,12.153361596544132,2812302457.474228
2022-04-27,601899,0.37999999999999995,69.43184142438727,1854302302.552826
2022-04-28,000630,0.7266666666666665,25.976142885286063,4396934949.135179
2022-04-28,600362,0.4033333333333334,12.239301660447865,1043901053.9910928
2022-04-28,601899,0.31,68.14664487324022,11412600392.895388
2022-04-29,000630,0.61,26.459648957086888,1907738043.841069
2022-04-29,600362,0.55,12.138535560632066,115068461.70056774
2022-04-29,601899,0.27999999999999997,68.87771219077118,4909355365.194283
2022-05-02,000630,0.62,26.343888718091,6220661474.668982
2022-05-02,600362,0.4799999999999999,12.131321019445489,253380836.4726482
2022-05-02,601899,0.33999999999999997,67.3113748097653,10141273082.72634
2022-05-03,000630,0.6866666666666666,26.845462780475632,6466910911.039897
2022-05-03,600362,0.4799999999999999,12.149038468280784,1697390760.5573814
2022-05-03,601899,0.2733333333333333,64.03501367908356,3574063060.487106
2022-05-04,000630,0.7133333333333333,27.40480950759244,2105703348.1348803
2022-05-04,600362,0.4533333333333333,12.249932966494727,1914790696.972681
2022-05-04,601899,0.2733333333333333,65.85815530363422,719651820.4494022
2022-05-05,000630,0.68,28.312540865822715,4897087124.619286
2022-05-05,600362,0.48666666666666664,12.479096557734993,98456328.11156178
2022-05-05,601899,0.2733333333333333,65.50868744112725,15914451246.54141
2022-05-06,000630,0.68,28.18779948820421,6803849832.924932
2022-05-06,600362,0.48666666666666664,12.291402164765724,960451394.2950102
2022-05-06,601899,0.2733333333333333,66.11634998610768,11845458156.59104
2022-05-09,000630,0.68,28.772296853587225,653401598.1668537
2022-05-09,600362,0.4599999999999999,12.015262448696438,620287923.9139537
2022-05-09,601899,0.3,65.95640187080849,6792249625.417542
2022-05-10,000630,0.6133333333333334,28.217706793384597,4312215843.311637
2022-05-10,600362,0.48333333333333334,12.07814876817961,91061994.82281336
2022-05-10,601899,0.3433333333333334,66.46671120304953,8940031876.983854
2022-05-11,000630,0.68,27.920878510965025,3155648402.275629
2022-05-11,600362,0.48333333333333334,11.84804766512049,2908388837.3525534
2022-05-11,601899,0.2766666666666667,64.41045340860329,11316768519.84876
2022-05-12,000630,0.6733333333333333,28.40002135454404,6618400616.507787
2022-05-12,600362,0.51,11.706780828236631,610379845.6034297
2022-05-12,601899,0.2566666666666667,63.23597571860877,1551861432.915234
2022-05-13,000630,0.5433333333333334,28.60179638170853,3131702211.5816884
2022-05-13,600362,0.6399999999999999,11.657589906938584,2786971858.738872
2022-05-13,601899,0.2566666666666667,63.8282216456649,10016454314.877396
2022-05-16,000630,0.6100000000000001,28.469165789608905,1678163375.0503392
2022-05-16,600362,0.5866666666666664,11.428169814398824,2364650614.6104813
2022-05-16,601899,0.2433333333333333,65.23612445836245,7295120948.130623
2022-05-17,000630,0.5933333333333333,28.067608933557157,2538771363.2581115
2022-05-17,600362,0.6,11.704940030061216,1788599112.16157
2022-05-17,601899,0.24666666666666665,63.49257826071205,8025753958.014003
2022-05-18,000630,0.5433333333333334,28.128313758456567,6023169268.894445
2022-05-18,600362,0.6166666666666666,11.84099270669062,1771440927.303413
2022-05-18,601899,0.27999999999999997,63.54927594817176,536120756.68156135
2022-05-19,000630,0.6866666666666666,28.096733356914537,2690411131.611358
2022-05-19,600362,0.5833333333333334,11.608090028656068,1623071007.2227602
2022-05-19,601899,0.16999999999999998,62.6710092747209,1823431816.150787
2022-05-20,000630,0.6533333333333334,28.73778409953588,1684508321.6704447
2022-05-20,600362,0.5199999999999999,11.357784763591637,177945821.2266192
2022-05-20,601899,0.2666666666666666,64.14041881394749,592772922.5947399
2022-05-23,000630,0.6533333333333334,29.021083256869865,3434677126.642131
2022-05-23,600362,0.42000000000000004,11.427334621537865,2574056261.040276
2022-05-23,601899,0.3666666666666666,64.5648661617751,9322353156.446686
2022-05-24,000630,0.6033333333333334,29.012720189570203,1501704199.5561917
2022-05-24,600362,0.45333333333333325,11.1772196443426,2290454850.792081
2022-05-24,601899,0.3833333333333333,64.56006823717433,4666814916.619679
2022-05-25,000630,0.5766666666666668,29.633913781284,2201734599.3390822
2022-05-25,600362,0.6666666666666665,11.299762422008175,975072319.0624764
2022-05-25,601899,0.19666666666666666,61.99645259135193,14615279320.405151
2022-05-26,000630,0.5766666666666668,28.997688104987287,227817436.8280221
2022-05-26,600362,0.4933333333333333,11.050800407410469,1609997741.8358755
2022-05-26,601899,0.37,62.57328962110178,14946036952.382696
2022-05-27,000630,0.5766666666666668,28.34877719938653,6904625339.804864
2022-05-27,600362,0.53,11.163470281961898,2726898653.080776
2022-05-27,601899,0.33333333333333326,62.175956322003245,442966383.2204799
2022-05-30,000630,0.6266666666666666,28.69171762183458,4772023689.8941
2022-05-30,600362,0.3866666666666667,11.308906148267576,121995955.96505132
2022-05-30,601899,0.4266666666666666,63.08707276387227,4897020466.5646105
2022-05-31,000630,0.7366666666666667,29.068134765712813,6436606497.00089
2022-05-31,600362,0.24666666666666665,11.784754806193227,1693696711.4177265
2022-05-31,601899,0.4566666666666666,63.82144483145509,11157220310.423595
2022-06-01,000630,0.7933333333333333,28.76348959151839,5752194557.2358265
2022-06-01,600362,0.36666666666666664,11.77743499043469,1095763129.5620513
2022-06-01,601899,0.2800000000000001,62.58679105915832,13429904918.869722
2022-06-02,000630,0.7766666666666666,29.05854657438693,6247064459.654852
2022-06-02,600362,0.3333333333333333,12.161086721348097,99955620.0887764
2022-06-02,601899,0.33,62.69125796599468,8287589960.204802
2022-06-03,000630,0.7766666666666666,29.52557030664135,6467605701.240094
2022-06-03,600362,0.3333333333333333,12.225765950113283,2496984324.7681623
2022-06-03,601899,0.33,62.44696617789513,11789219116.702612
2022-06-06,000630,0.6766666666666666,28.970363907985814,6224285582.667143
2022-06-06,600362,0.43333333333333346,12.477273701636935,2976429934.7054577
2022-06-06,601899,0.33,61.04428226930436,2536054184.737115
2022-06-07,000630,0.7499999999999999,28.862213685853146,5841732253.566256
2022-06-07,600362,0.3333333333333333,12.14708195535474,431480142.2607423
2022-06-07,601899,0.3566666666666667,61.78423487234344,13505181120.653038
2022-06-08,000630,0.7833333333333332,29.15289147723029,4100980973.439202
2022-06-08,600362,0.3333333333333333,12.148806816497498,1094269757.336926
2022-06-08,601899,0.32333333333333336,62.03656818707283,3814256358.4139857
2022-06-09,000630,0.7,28.771963735764285,4326866012.010165
2022-06-09,600362,0.3833333333333334,11.717868704290348,1976432993.975856
2022-06-09,601899,0.3566666666666667,59.62850647700881,7975646660.9362
2022-06-10,000630,0.6499999999999999,28.33271193392206,2530893158.548616
2022-06-10,600362,0.5599999999999999,11.692525395041894,1236702041.498028
2022-06-10,601899,0.23000000000000004,59.96728497535744,1094930662.9080565
2022-06-13,000630,0.6933333333333332,29.367649491013697,4818505900.53292
2022-06-13,600362,0.41333333333333333,11.73205040094128,2234644702.0436893
2022-06-13,601899,0.3333333333333334,58.09484078244809,11023484419.501368
2022-06-14,000630,0.6333333333333332,29.274694999221417,2814881950.424636
2022-06-14,600362,0.45000000000000007,11.770731854225907,1838088059.526282
2022-06-14,601899,0.3566666666666667,58.38296137953633,8560658597.304584
2022-06-15,000630,0.66,30.27077263679446,7412852103.006885
2022-06-15,600362,0.45000000000000007,11.501412845152146,1426075130.5071132
2022-06-15,601899,0.33,58.007509376317,6479206767.297104
2022-06-16,000630,0.5833333333333334,30.82729937341032,470612634.9644193
2022-06-16,600362,0.5333333333333333,11.219136229475495,2072012906.02242
2022-06-16,601899,0.32333333333333336,58.20243412260046,9338132396.2285
2022-06-17,000630,0.5833333333333334,29.846318902040466,6513950146.47466
2022-06-17,600362,0.45000000000000007,11.641118765219424,1618244724.783794
2022-06-17,601899,0.40666666666666657,57.86848871684347,7927190155.912135
2022-06-20,000630,0.5833333333333334,30.424673587804136,4935277576.698472
2022-06-20,600362,0.45000000000000007,11.626896971144149,2711322612.2889886
2022-06-20,601899,0.40666666666666657,56.25085223913255,7519298922.5547
2022-06-21,000630,0.48333333333333345,30.476517420110746,3271888814.233023
2022-06-21,600362,0.55,11.746286803182276,362888609.8688329
2022-06-21,601899,0.40666666666666657,57.47068919269553,8832273674.269947
2022-06-22,000630,0.5333333333333333,30.414503208237427,6131296199.152432
2022-06-22,600362,0.5000000000000001,11.638931531686744,1618602930.2486122
2022-06-22,601899,0.40666666666666657,56.68550829424591,1162154953.9469707
2022-06-23,000630,0.6333333333333332,30.588523029934137,2681949698.775474
2022-06-23,600362,0.4,11.593088064808605,2707678170.4902782
2022-06-23,601899,0.40666666666666657,54.709560575532166,9488634702.758284
2022-06-24,000630,0.5833333333333334,31.388331715723687,1049779615.3992072
2022-06-24,600362,0.42333333333333334,12.117441456543943,84736056.36146614
2022-06-24,601899,0.4333333333333333,55.05546132039284,13137009353.050348
2022-06-27,000630,0.5833333333333334,32.052125389734655,743660592.4424676
2022-06-27,600362,0.39,12.118626649432878,1290308958.9703968
2022-06-27,601899,0.4666666666666666,55.802356326103606,11941363859.412582
2022-06-28,000630,0.6333333333333332,32.20235939602178,7210678250.530585
2022-06-28,600362,0.3399999999999999,12.505753461995424,1793181230.285331
2022-06-28,601899,0.4666666666666666,56.04493643284982,6329883255.535357
2022-06-29,000630,0.7166666666666665,32.737347373940906,4572310727.002518
2022-06-29,600362,0.2799999999999999,12.932796386606984,841268058.711675
2022-06-29,601899,0.4433333333333333,54.10996983064963,7822499775.516576
2022-06-30,000630,0.7233333333333333,32.650893882894195,7725080684.3854
2022-06-30,600362,0.27333333333333326,13.056419849319749,2045592383.9784276
2022-06-30,601899,0.4433333333333333,55.20539300452297,1505274409.9757268
2022-07-01,000630,0.7233333333333333,32.38250334514321,3261766508.4435644
2022-07-01,600362,0.3533333333333333,13.056926197249863,2456613659.078252
2022-07-01,601899,0.36333333333333334,54.07257349199903,5281506172.28691
2022-07-04,000630,0.7233333333333333,32.43806767581317,5206222279.185289
2022-07-04,600362,0.3533333333333333,13.72657927860802,2570161958.81071
2022-07-04,601899,0.36333333333333334,53.40051249611554,7064097475.651143
2022-07-05,000630,0.6233333333333333,32.30164885262343,2361693063.716053
2022-07-05,600362,0.4533333333333335,14.062110931543488,1737542550.9233766
2022-07-05,601899,0.36333333333333334,54.53473425280616,9235020967.8387
2022-07-06,000630,0.6466666666666667,32.45680276941344,645435979.8725556
2022-07-06,600362,0.4800000000000001,14.36175970296686,1505517418.4945505
2022-07-06,601899,0.3133333333333334,54.5732485637225,3428318761.3973293
2022-07-07,000630,0.62,31.84295145085559,2097870958.8949776
2022-07-07,600362,0.4800000000000001,14.0415272270085,1621772524.123196
2022-07-07,601899,0.3400000000000001,54.05369466470906,3698024061.4219394
2022-07-08,000630,0.5933333333333333,30.996156092677392,1646664593.192268
2022-07-08,600362,0.5066666666666668,14.122203923375046,3484148243.192336
2022-07-08,601899,0.3400000000000001,52.35901101080999,4212900272.149591
2022-07-11,000630,0.5266666666666666,30.692966600072857,5054134077.617497
2022-07-11,600362,0.5733333333333335,14.642813828884876,2693938031.233987
2022-07-11,601899,0.3400000000000001,53.02835538561641,3893384275.096265
2022-07-12,000630,0.5266666666666666,30.875933469295514,241959252.6321343
2022-07-12,600362,0.5733333333333335,14.461418682923613,3606543328.327397
2022-07-12,601899,0.3400000000000001,52.56687950613991,7450025227.943828
2022-07-13,000630,0.5599999999999998,31.125254826738527,2302823766.0346284
2022-07-13,600362,0.5733333333333335,14.335125307717073,3268043024.464145
2022-07-13,601899,0.30666666666666675,53.25427411507231,10733910188.924328
2022-07-14,000630,0.5599999999999998,30.723674579782045,1908081520.307532
2022-07-14,600362,0.5466666666666666,14.197069488050143,3077440544.9397287
2022-07-14,601899,0.3333333333333334,52.9119025013832,2269820084.6945863
2022-07-15,000630,0.5433333333333332,31.527527142261825,6627029455.75458
2022-07-15,600362,0.48000000000000015,14.436415992013012,3602344868.035793
2022-07-15,601899,0.4166666666666667,51.39257233083586,12821891756.762377
2022-07-18,000630,0.5266666666666666,30.58880308721453,4591504757.483558
2022-07-18,600362,0.5800000000000001,14.231462998548588,1387170584.5408278
2022-07-18,601899,0.3333333333333334,51.87201290050603,9919324223.723776
2022-07-19,000630,0.5566666666666665,30.06389122764629,1027821306.9016488
2022-07-19,600362,0.5533333333333335,14.005003309858166,3164113984.7876496
2022-07-19,601899,0.33,52.12838193728344,7335088879.159027
2022-07-20,000630,0.5833333333333333,30.688122628873774,3291043371.71663
2022-07-20,600362,0.56,13.69898168047898,784389992.042546
2022-07-20,601899,0.29666666666666663,53.466632266270274,7102389803.660357
2022-07-21,000630,0.5766666666666665,30.37727788082896,6277528266.3568535
2022-07-21,600362,0.5733333333333334,13.31561241151788,2105210306.3121476
2022-07-21,601899,0.29,52.41804146000341,8311540940.805937
2022-07-22,000630,0.5833333333333333,30.283584099521686,2714075374.1673326
2022-07-22,600362,0.5466666666666667,13.177489495804384,1911365860.8895352
2022-07-22,601899,0.31000000000000005,50.8988406720396,2558806877.801044
2022-07-25,000630,0.5333333333333333,30.31839905384214,2107234848.6387167
2022-07-25,600362,0.5466666666666667,12.766644914237204,2523101397.684001
2022-07-25,601899,0.3600000000000001,49.1373449577487,6719802178.369403
2022-07-26,000630,0.5866666666666668,31.386422231180497,4551354503.670154
2022-07-26,600362,0.5266666666666666,12.255420623457471,2579709666.3029304
2022-07-26,601899,0.3266666666666667,49.10472248080972,12124609073.320915
2022-07-27,000630,0.5866666666666668,31.013667751866095,3374953845.2596965
2022-07-27,600362,0.49999999999999994,12.448193083280774,1094562148.8970284
2022-07-27,601899,0.3533333333333334,48.78996700061744,2125076286.692093
2022-07-28,000630,0.5333333333333333,30.745175314262237,761029175.5188702
2022-07-28,600362,0.4766666666666666,12.853673101403754,1877798244.8533149
2022-07-28,601899,0.43000000000000005,49.38286780921222,6422775293.560389
2022-07-29,000630,0.5599999999999999,30.39706990134321,5897603025.774729
2022-07-29,600362,0.49999999999999994,12.450173882018069,1223248259.169098
2022-07-29,601899,0.38000000000000006,49.32376088242634,11347508279.004503
2022-08-01,000630,0.6866666666666666,31.00859292207841,497694118.1179429
2022-08-01,600362,0.24666666666666665,12.009307298070262,1593530597.4804306
2022-08-01,601899,0.5066666666666667,49.83521239128928,10290348418.646343
2022-08-02,000630,0.5900000000000001,30.193841947838337,133882514.58090997
2022-08-02,600362,0.22333333333333333,12.03025286251134,1894261961.2758832
2022-08-02,601899,0.6266666666666665,50.98424595053828,6663120906.426658
2022-08-03,000630,0.6466666666666666,30.00360049498389,1112452496.632666
2022-08-03,600362,0.25,12.096687366601495,1238761269.7768264
2022-08-03,601899,0.5433333333333332,52.28139877326836,6428850165.973349
2022-08-04,000630,0.6233333333333333,30.28308956935645,3551797584.776325
2022-08-04,600362,0.2733333333333333,12.129374725111916,1917519507.980745
2022-08-04,601899,0.5433333333333332,52.99429830367675,2462904714.2335467
2022-08-05,000630,0.4766666666666665,29.14872792792199,7287161577.870948
2022-08-05,600362,0.3433333333333334,12.225757335060353,1931029029.2551785
2022-08-05,601899,0.6199999999999999,53.85265182910586,11472095787.524849
2022-08-08,000630,0.5566666666666666,29.623138763716906,6366545736.820509
2022-08-08,600362,0.3166666666666667,12.312061177919787,1476227216.087643
2022-08-08,601899,0.5666666666666667,52.48973601185104,9370493917.703651
2022-08-09,000630,0.6833333333333333,29.523900356715995,6384912500.894293
2022-08-09,600362,0.24333333333333335,11.901156331106424,1952623909.360264
2022-08-09,601899,0.5133333333333332,52.29215502477327,824113904.7594217
2022-08-10,000630,0.6833333333333333,29.514914661468087,744714423.7552304
2022-08-10,600362,0.21666666666666667,12.210293432919974,1524466124.3641484
2022-08-10,601899,0.5399999999999998,52.87984011296872,12939638707.81932
2022-08-11,000630,0.57,29.24769876676204,2105784590.1189632
2022-08-11,600362,0.2799999999999999,12.323058859745633,2890281032.61189
2022-08-11,601899,0.5899999999999999,52.50103348323157,8735069449.906586
2022-08-12,000630,0.5700000000000001,29.402873013086207,2510867161.8144007
2022-08-12,600362,0.2799999999999999,12.447890388343197,2075292368.9199564
2022-08-12,601899,0.5899999999999999,51.13705267549281,6695384534.212809
2022-08-15,000630,0.7033333333333333,30.44862930720033,6834925615.104487
2022-08-15,600362,0.21666666666666667,11.900421587702205,191004146.56693792
2022-08-15,601899,0.52,50.67470802700741,9764428410.191216
2022-08-16,000630,0.6633333333333332,30.248093564578834,2037487384.035179
2022-08-16,600362,0.22666666666666668,12.39761666102014,532446641.5491625
2022-08-16,601899,0.5499999999999998,51.62739925426156,1687023362.691579
2022-08-17,000630,0.6566666666666666,30.509592550202026,4353975137.49125
2022-08-17,600362,0.26666666666666666,12.86956362563797,395073725.04892206
2022-08-17,601899,0.5166666666666666,50.71761111407579,9010176341.337795
2022-08-18,000630,0.6566666666666666,30.30845722208069,6320780260.133372
2022-08-18,600362,0.26666666666666666,12.907533860744469,927612828.436262
2022-08-18,601899,0.5166666666666666,51.0926105381435,8293991200.183179
2022-08-19,000630,0.41000000000000003,29.3223513562424,192756341.11053064
2022-08-19,600362,0.36666666666666675,13.111222088705446,2951476382.243945
2022-08-19,601899,0.6633333333333333,51.58632711029691,1196885327.082265
2022-08-22,000630,0.3833333333333333,28.13874099025428,4707588856.676749
2022-08-22,600362,0.36666666666666675,13.198720321337897,2538014927.390867
2022-08-22,601899,0.6900000000000002,51.8375402242192,12692955650.56438
2022-08-23,000630,0.32999999999999996,28.890607161791685,1537228760.228909
2022-08-23,600362,0.5200000000000001,13.342983523181074,2254211671.146894
2022-08-23,601899,0.5900000000000001,52.28453526598173,6628863432.976335
2022-08-24,000630,0.35,28.7973983181152,4944812784.162889
2022-08-24,600362,0.5200000000000001,13.056206398303104,315474503.96091825
2022-08-24,601899,0.5700000000000001,50.56882603048256,2858675963.033591
2022-08-25,000630,0.35,29.271813522338174,5429028618.081301
2022-08-25,600362,0.42,13.247609737431532,2554087491.6988235
2022-08-25,601899,0.6699999999999999,51.16732409276096,8975587789.985394
2022-08-26,000630,0.3866666666666667,29.358419518315525,1035221909.8450828
2022-08-26,600362,0.4666666666666666,13.027512081560673,52460488.40123668
2022-08-26,601899,0.5866666666666667,52.2674740525624,1556640365.7282238
2022-08-29,000630,0.36666666666666664,28.93689394534956,6352328238.011944
2022-08-29,600362,0.5933333333333332,13.201481139429722,676875582.0176383
2022-08-29,601899,0.48000000000000004,53.34329164127194,12850927054.969658
2022-08-30,000630,0.3166666666666667,28.803101189531255,4926179994.894937
2022-08-30,600362,0.5433333333333333,13.220197054894596,2003929367.7582724
2022-08-30,601899,0.5800000000000001,51.52971820716554,9425048261.653437
2022-08-31,000630,0.4166666666666666,28.771970452016507,5372886393.800698
2022-08-31,600362,0.5266666666666666,13.426596722642484,2792691838.5194683
2022-08-31,601899,0.49666666666666665,51.15943350734403,4983583664.3642025
2022-09-01,000630,0.43000000000000005,29.331149105084005,2812490559.8137426
2022-09-01,600362,0.5999999999999999,13.13335293176328,120791386.9193064
2022-09-01,601899,0.41,50.912647814588986,9317803696.11091
2022-09-02,000630,0.5366666666666665,28.49276178934608,1606239556.00788
2022-09-02,600362,0.5566666666666666,12.74530847438453,791303947.4097905
2022-09-02,601899,0.3466666666666667,51.26536480741754,1009399653.4486092
2022-09-05,000630,0.27,27.92292197590824,3803685562.187999
2022-09-05,600362,0.6466666666666667,12.405250213699446,1351409350.405097
2022-09-05,601899,0.5233333333333334,50.79783145073512,5738168758.723345
2022-09-06,000630,0.3733333333333334,28.119851856100016,3173741455.7683573
2022-09-06,600362,0.6266666666666667,12.204212904353946,545278130.4600822
2022-09-06,601899,0.4400000000000001,51.06069262077988,1316554004.6034503
2022-09-07,000630,0.36,27.82435246533972,3360185665.994779
2022-09-07,600362,0.62,12.347353482001314,333050104.4114142
2022-09-07,601899,0.46000000000000013,51.08478815720071,11866475224.078522
2022-09-08,000630,0.3866666666666667,27.90232858824066,2686478049.9686933
2022-09-08,600362,0.6466666666666667,12.46308366427099,1755491388.4559896
2022-09-08,601899,0.4066666666666667,51.78304389647562,1263154146.375509
2022-09-09,000630,0.3533333333333334,28.06427997918636,5355585128.412075
2022-09-09,600362,0.5266666666666667,12.31911284785772,2208335256.308538
2022-09-09,601899,0.56,51.37123681607752,12705771292.688812
2022-09-12,000630,0.3433333333333333,27.129452049182447,4630916076.439296
2022-09-12,600362,0.6033333333333333,12.053829952083133,2912916492.390457
2022-09-12,601899,0.49333333333333346,50.64753681386711,8966472780.655546
2022-09-13,000630,0.2766666666666666,27.5432329288121,5190368003.330238
2022-09-13,600362,0.5766666666666668,11.946762992173364,402024105.4785235
2022-09-13,601899,0.5866666666666668,50.45970820203235,8888628978.912605
2022-09-14,000630,0.4733333333333334,27.26437297896068,2945825527.945871
2022-09-14,600362,0.39999999999999997,11.36096978840148,2585645386.3362503
2022-09-14,601899,0.5666666666666668,52.05270209651734,3442666816.5296736
2022-09-15,000630,0.3866666666666667,27.15774797391872,2872561907.9948997
2022-09-15,600362,0.4266666666666666,11.23171998311874,1875207534.1895657
2022-09-15,601899,0.6266666666666668,51.1944147301252,5034689119.426798
2022-09-16,000630,0.42000000000000004,27.4277768392265,607752907.5366325
2022-09-16,600362,0.4266666666666666,11.510337313472707,709359067.9546959
2022-09-16,601899,0.5933333333333334,50.7805210933717,11673837511.165144
2022-09-19,000630,0.5566666666666665,26.940979362647557,2309919570.553401
2022-09-19,600362,0.3666666666666666,11.980708971463145,1362740949.6754868
2022-09-19,601899,0.5166666666666666,49.62482675250168,5722566296.687535
2022-09-20,000630,0.47000000000000003,26.8802550920059,6051059920.195105
2022-09-20,600362,0.38666666666666666,11.52606002312866,2382044720.739908
2022-09-20,601899,0.5833333333333333,51.86295638463895,5801825950.019343
2022-09-21,000630,0.5066666666666665,26.754863270945407,1257623049.996097
2022-09-21,600362,0.2733333333333333,11.921763347731728,1125964053.3162055
2022-09-21,601899,0.66,52.78778233864194,4819118061.594002
2022-09-22,000630,0.4066666666666666,26.126686722682575,4396781728.500083
2022-09-22,600362,0.34666666666666657,12.097026789277956,1214686653.964978
2022-09-22,601899,0.6866666666666666,54.06116521559622,7887178013.498109
2022-09-23,000630,0.43333333333333324,25.931886385259897,2304841621.053731
2022-09-23,600362,0.37333333333333324,12.44778167483491,2269444701.1672115
2022-09-23,601899,0.6333333333333332,53.07949316920157,655048717.2517997
2022-09-26,000630,0.43333333333333324,25.7009429627254,2264774804.158251
2022-09-26,600362,0.4233333333333334,12.474030444261857,2109608028.733565
2022-09-26,601899,0.5833333333333334,52.85178816825346,7440458882.790272
2022-09-27,000630,0.4066666666666666,25.483392542219818,2828144355.996301
2022-09-27,600362,0.35999999999999993,12.904005160144632,1455607913.2787628
2022-09-27,601899,0.6733333333333333,54.074699042783664,4623051505.023938
2022-09-28,000630,0.4066666666666666,25.59258015985589,4577778083.54763
2022-09-28,600362,0.33333333333333326,13.068732996161302,1617502707.3285885
2022-09-28,601899,0.7,53.06463158401717,10358576924.69492
2022-09-29,000630,0.3833333333333334,25.77133573154953,6282136768.933306
2022-09-29,600362,0.3066666666666666,12.731201968536382,990114488.9344524
2022-09-29,601899,0.75,53.13492747271833,493905091.3371587
2022-09-30,000630,0.35666666666666674,25.97110181766936,175201052.86199751
2022-09-30,600362,0.47333333333333333,12.171010822923629,2317596578.294624
2022-09-30,601899,0.61,54.18131079186619,2200384303.2238736
2022-10-03,000630,0.3833333333333334,25.598922115913908,3615005544.335226
2022-10-03,600362,0.4466666666666666,12.220370985372778,605575596.0317539
2022-10-03,601899,0.61,52.687092586002464,1867836462.8126664
2022-10-04,000630,0.41000000000000003,25.0479395751486,1976825972.768005
2022-10-04,600362,0.4466666666666666,11.82751807132068,212638668.14162457
2022-10-04,601899,0.5833333333333334,53.67238013043105,455125681.7920162
2022-10-05,000630,0.5533333333333335,25.76704664946025,5675779513.207229
2022-10-05,600362,0.2666666666666666,11.372660711436794,1565963065.7255738
2022-10-05,601899,0.6199999999999999,50.56679096430786,1482228946.7830813
2022-10-06,000630,0.6533333333333335,26.410518552634063,1072203667.9924169
2022-10-06,600362,0.30666666666666664,11.444326213740212,2680288665.6408706
2022-10-06,601899,0.47999999999999987,48.82630178902047,4689453798.503966
2022-10-07,000630,0.6800000000000002,27.72689053631532,2721696529.2461944
2022-10-07,600362,0.2666666666666666,11.307725032152472,1051081311.0511528
2022-10-07,601899,0.4933333333333333,50.37179823204211,11172998788.9282
2022-10-10,000630,0.66,27.8694350748275,4650798373.360571
2022-10-10,600362,0.17999999999999994,11.480464859419136,119379613.84066989
2022-10-10,601899,0.6,50.05422376597733,8541452960.321436
2022-10-11,000630,0.66,27.96182100791533,5925249680.682297
2022-10-11,600362,0.15000000000000002,11.742840461523386,2381398725.667004
2022-10-11,601899,0.63,50.472582038247616,5524481514.254597
2022-10-12,000630,0.6866666666666669,28.978970790787283,6395177802.611627
2022-10-12,600362,0.22333333333333327,12.009457466663244,338173111.8580236
2022-10-12,601899,0.5299999999999999,51.36540049929565,6342455830.53163
2022-10-13,000630,0.5433333333333333,28.17722198682621,6983034127.4962
2022-10-13,600362,0.36000000000000004,12.5965574094028,2957975256.761344
2022-10-13,601899,0.5366666666666666,51.58802954628606,9657531912.409529
2022-10-14,000630,0.4266666666666667,27.45201093924846,6356279790.8899975
2022-10-14,600362,0.4066666666666668,12.690672090543655,2886036502.798896
2022-10-14,601899,0.6066666666666667,54.12619599925076,4452117776.200772
2022-10-17,000630,0.48666666666666664,26.211498825256896,311127869.9059168
2022-10-17,600362,0.27333333333333326,12.632441294606032,2804097525.567339
2022-10-17,601899,0.6799999999999999,53.67856891372861,1388455231.3793955
2022-10-18,000630,0.46,26.18152016163305,1018890511.2181764
2022-10-18,600362,0.42666666666666675,13.127373018800428,112399193.26157305
2022-10-18,601899,0.5533333333333333,53.08181547732388,6671964859.157341
2022-10-19,000630,0.4666666666666666,25.782484864586383,1515228900.7462823
2022-10-19,600362,0.42666666666666675,13.189042029515576,2647151523.276824
2022-10-19,601899,0.5466666666666667,52.59052636332181,9437575058.950914
2022-10-20,000630,0.5666666666666665,25.395099961808384,3249069405.193734
2022-10-20,600362,0.42666666666666675,12.990078122386716,176471510.30043578
2022-10-20,601899,0.4466666666666667,52.51214003413874,3902518454.847072
2022-10-21,000630,0.4666666666666666,25.53797752993593,2586113509.759974
2022-10-21,600362,0.4,13.059960495362272,950544410.7300018
2022-10-21,601899,0.5733333333333334,53.22275493357139,8751955143.551971
2022-10-24,000630,0.4666666666666666,25.57821221732438,3000188728.567398
2022-10-24,600362,0.42333333333333345,13.08588118363933,2864679976.258984
2022-10-24,601899,0.5499999999999999,55.08672010158835,6634914493.963799
2022-10-25,000630,0.4666666666666666,25.260016434443187,831516798.9939312
2022-10-25,600362,0.62,13.277203971524528,2723133291.033326
2022-10-25,601899,0.35333333333333333,54.41494102765019,5866382286.79122
2022-10-26,000630,0.4666666666666666,25.293191965936547,1882873267.009052
2022-10-26,600362,0.62,13.61125760623382,1607916916.78505
2022-10-26,601899,0.35333333333333333,54.32700035476713,1798375827.3437853
2022-10-27,000630,0.49333333333333323,25.76736753298212,5239150003.64359
2022-10-27,600362,0.5933333333333334,13.818861011416914,2125403008.4304729
2022-10-27,601899,0.35333333333333333,56.11208425430407,6226488651.695703
2022-10-28,000630,0.41666666666666663,26.46411734338941,2014922319.8792489
2022-10-28,600362,0.6433333333333333,13.734107274942556,596339058.1101882
2022-10-28,601899,0.37999999999999995,56.69477695280246,8422734809.483801
2022-10-31,000630,0.36666666666666664,25.68950840175057,2372546841.5911536
2022-10-31,600362,0.6200000000000001,14.039466207681295,3198903606.9931498
2022-10-31,601899,0.4533333333333334,57.90162026145509,12895675159.770494
2022-11-01,000630,0.44333333333333336,25.443656486861837,3820316678.5549793
2022-11-01,600362,0.6033333333333333,13.739363465027632,975655556.5695028
2022-11-01,601899,0.39333333333333326,57.93194240912812,11982376480.96898
2022-11-02,000630,0.2900000000000001,25.993028451868685,1695221127.4825077
2022-11-02,600362,0.6533333333333333,13.856022052075422,554346187.8506126
2022-11-02,601899,0.4966666666666666,58.52950404328333,12892914268.356878
2022-11-03,000630,0.2633333333333334,26.27181175801909,301237847.97979856
2022-11-03,600362,0.6033333333333334,13.838277369181,3363589818.1180844
2022-11-03,601899,0.5733333333333334,58.11457730708297,9113394349.768944
2022-11-04,000630,0.23666666666666675,26.80706831752896,4767095597.492511
2022-11-04,600362,0.5633333333333335,13.7225261426818,250106761.47651848
2022-11-04,601899,0.64,58.3377697029535,14217597028.515291
2022-11-07,000630,0.2900000000000001,25.846372939330468,6041646536.588964
2022-11-07,600362,0.5633333333333334,13.546336087190223,1707152621.983191
2022-11-07,601899,0.5866666666666668,59.05040363997856,366998258.62246674
2022-11-08,000630,0.18000000000000005,26.177369869451574,928825437.7078809
2022-11-08,600362,0.4966666666666667,13.655358916268543,249523007.9410835
2022-11-08,601899,0.7633333333333333,58.73771382291306,12340840664.365091
2022-11-09,000630,0.21333333333333332,26.69367163117774,4239950728.982868
2022-11-09,600362,0.6299999999999999,13.590710963922511,3341549463.7707243
2022-11-09,601899,0.5966666666666667,56.5481488891308,8201053627.463084
2022-11-10,000630,0.3266666666666667,25.60055775311465,2856755999.4469624
2022-11-10,600362,0.5266666666666667,13.665299960740729,2903939102.0372243
2022-11-10,601899,0.5866666666666667,56.69442665550728,4578409449.54948
2022-11-11,000630,0.3100000000000001,25.74174946439406,122003021.58649564
2022-11-11,600362,0.5866666666666668,14.03982309962478,1034934327.9303608
2022-11-11,601899,0.5433333333333333,55.88564811056465,3020278377.922545
2022-11-14,000630,0.22333333333333338,24.65775360436548,3691857500.6600175
2022-11-14,600362,0.7066666666666667,14.097205684277371,187862182.38981712
2022-11-14,601899,0.5099999999999999,54.9535152350002,6994192165.48008
2022-11-15,000630,0.2566666666666667,24.42774412302755,1215138589.2047071
2022-11-15,600362,0.6733333333333333,14.133458750073991,2495178754.9189377
2022-11-15,601899,0.5099999999999999,54.089077361764495,8952791631.472841
2022-11-16,000630,0.32666666666666666,24.69094867041823,3596379881.3487034
2022-11-16,600362,0.6733333333333333,14.489049969931036,1130408149.4590766
2022-11-16,601899,0.44000000000000006,53.91578676061809,9455599717.874271
2022-11-17,000630,0.30333333333333334,25.367762697626954,4335000569.89922
2022-11-17,600362,0.5933333333333333,14.767946591765464,2298737216.223755
2022-11-17,601899,0.5433333333333332,55.03815004141537,13181636934.918982
2022-11-18,000630,0.33,25.504812439725036,2441598649.1860733
2022-11-18,600362,0.5933333333333333,14.830342301678542,3619066228.2893767
2022-11-18,601899,0.5166666666666666,54.80192508984186,1046009824.3823204
2022-11-21,000630,0.35333333333333333,26.295889361850573,1850970281.769598
2022-11-21,600362,0.6966666666666665,14.705289537622148,1297015360.391996
2022-11-21,601899,0.39,56.4874267047781,5099396797.031173
2022-11-22,000630,0.3466666666666666,26.072240005071045,4559588941.582839
2022-11-22,600362,0.6933333333333334,14.32354612688165,1530690053.9130456
2022-11-22,601899,0.4,55.00530123801272,3912351060.0958834
2022-11-23,000630,0.3533333333333333,26.469068273094354,3506008082.435604
2022-11-23,600362,0.72,14.807947167633692,3416548802.305116
2022-11-23,601899,0.3666666666666667,56.22392481623091,5680623600.555262
2022-11-24,000630,0.2833333333333334,26.556612092674563,1024689533.2570572
2022-11-24,600362,0.6799999999999999,15.010683375176985,3562075693.774611
2022-11-24,601899,0.4766666666666667,58.60297493209136,6734718342.468364
2022-11-25,000630,0.3133333333333333,26.148697020667843,3986112603.57001
2022-11-25,600362,0.7233333333333332,15.241007290979296,3594609858.7862163
2022-11-25,601899,0.4033333333333333,57.67229955547536,12589736113.901249
2022-11-28,000630,0.28333333333333327,27.736722535803604,2972674916.7579904
2022-11-28,600362,0.7066666666666666,15.738084104503754,2384846967.6498194
2022-11-28,601899,0.44999999999999996,57.41071313653179,1651838261.5782337
2022-11-29,000630,0.2566666666666666,27.16566414084429,1078042215.7652647
2022-11-29,600362,0.6799999999999999,15.194893493737334,284992383.3898387
2022-11-29,601899,0.5033333333333333,55.8776938156558,9758240173.88272
2022-11-30,000630,0.30999999999999994,26.71939404552844,4063506821.959201
2022-11-30,600362,0.6799999999999999,15.193307491868412,2393356149.2715554
2022-11-30,601899,0.44999999999999996,56.43875159002373,8094287724.536751
2022-12-01,000630,0.32333333333333336,26.55292578647081,1660309309.4541829
2022-12-01,600362,0.7133333333333334,15.25581984087302,1694845305.2217882
2022-12-01,601899,0.4033333333333333,57.75941320066107,958269096.5882076
2022-12-02,000630,0.3466666666666667,26.71696873869264,3477964228.162404
2022-12-02,600362,0.7033333333333334,15.522336568147557,2530581694.966587
2022-12-02,601899,0.39,56.4840303880572,3733385417.738145
2022-12-05,000630,0.4666666666666665,26.790583418495967,5172109663.024576
2022-12-05,600362,0.5666666666666667,16.230262800434463,884753823.9349637
2022-12-05,601899,0.40666666666666673,58.89558052425238,6888268080.049143
2022-12-06,000630,0.49333333333333323,26.987818733419516,5268216529.05837
2022-12-06,600362,0.5933333333333333,16.274013446838072,1879204272.5426984
2022-12-06,601899,0.3533333333333334,59.14031493074138,4361592312.110683
2022-12-07,000630,0.39333333333333326,27.028366549217377,976167297.6381544
2022-12-07,600362,0.6266666666666667,16.717024215605633,2707663099.0113306
2022-12-07,601899,0.41999999999999993,60.76146320090185,6148027131.056852
2022-12-08,000630,0.4166666666666667,26.91526890751281,1923889963.8745625
2022-12-08,600362,0.5999999999999999,16.766430535100955,2102010749.4717135
2022-12-08,601899,0.42333333333333334,61.58893728649391,14365231611.7698
2022-12-09,000630,0.4166666666666667,27.023635034473543,6082036585.944739
2022-12-09,600362,0.6233333333333333,17.065424404847775,3524771257.529522
2022-12-09,601899,0.4,63.57365828234976,3230527232.4467444
2022-12-12,000630,0.4366666666666667,27.873805945004012,1156222194.8823335
2022-12-12,600362,0.6699999999999999,17.174502403903094,2125542179.2606528
2022-12-12,601899,0.3333333333333333,64.66705421841364,1537801949.430142
2022-12-13,000630,0.43333333333333335,27.924353405182863,366322837.7105509
2022-12-13,600362,0.61,17.55151797125506,816652824.5327295
2022-12-13,601899,0.39666666666666667,62.200320100898125,5335375517.390769
2022-12-14,000630,0.3633333333333334,28.984846227699315,7021248571.413163
2022-12-14,600362,0.7333333333333333,17.342552694323903,3698904617.153604
2022-12-14,601899,0.3433333333333333,63.610697759932506,6260106876.508686
2022-12-15,000630,0.49666666666666665,29.71446500176921,5034441576.194252
2022-12-15,600362,0.43999999999999995,17.229712579583925,654393098.6288873
2022-12-15,601899,0.5033333333333333,64.52487192425443,7041437960.914075
2022-12-16,000630,0.4066666666666667,29.613012873972597,3089783266.3535643
2022-12-16,600362,0.6066666666666666,18.1167802117866,3111183795.701986
2022-12-16,601899,0.4266666666666666,63.67121333186679,12613706692.4148
2022-12-19,000630,0.4,29.916505905540557,4757167203.26835
2022-12-19,600362,0.6066666666666666,18.37548202877089,2109597214.3130412
2022-12-19,601899,0.4333333333333332,65.12046923568734,5739275339.24268
2022-12-20,000630,0.36666666666666664,30.449021918895856,7545027084.229234
2022-12-20,600362,0.6966666666666667,18.168569143055432,1844798356.790648
2022-12-20,601899,0.37666666666666665,66.11211977763809,4535628588.556839
2022-12-21,000630,0.4533333333333333,30.1219409533144,5997835699.712533
2022-12-21,600362,0.6266666666666666,18.06212765984256,4120487896.061159
2022-12-21,601899,0.36000000000000004,68.00152832426497,5829737022.475074
2022-12-22,000630,0.42000000000000004,29.70710758576645,4250989062.068146
2022-12-22,600362,0.5433333333333333,17.938301831931508,1689260646.4940891
2022-12-22,601899,0.4766666666666666,67.07315672142157,15102976723.32892
2022-12-23,000630,0.5533333333333333,29.45540255732841,7272132406.849092
2022-12-23,600362,0.5233333333333332,18.717748070021567,173309501.1551367
2022-12-23,601899,0.36333333333333334,64.85958222875472,13105267746.813265
2022-12-26,000630,0.47666666666666674,30.347728106724624,455847154.3454892
2022-12-26,600362,0.5233333333333332,18.912452951401622,219501711.44455752
2022-12-26,601899,0.4399999999999999,64.89093804404305,5584987831.918067
2022-12-27,000630,0.39666666666666667,29.81234449096501,1598347112.600802
2022-12-27,600362,0.5499999999999999,19.36967436539009,3320337957.91055
2022-12-27,601899,0.4933333333333331,64.48691765500729,2151302919.0463395
2022-12-28,000630,0.37000000000000005,29.414791701900327,3819425399.595822
2022-12-28,600362,0.5499999999999999,19.180545220471075,1546853430.395331
2022-12-28,601899,0.5199999999999999,64.8193714008822,2882945254.0484776
2022-12-29,000630,0.4633333333333334,29.78642572923694,3846079884.367959
2022-12-29,600362,0.5499999999999999,19.154338218895155,1378976355.9590971
2022-12-29,601899,0.4266666666666666,64.09986146384733,15389620359.104471
2022-12-30,000630,0.37000000000000005,29.850172906763408,4944015483.149538
2022-12-30,600362,0.5766666666666668,19.29815888778251,1640052103.262308
2022-12-30,601899,0.4933333333333331,64.4905918324212,463345555.1383966
2023-01-02,000630,0.48666666666666664,30.59589969347308,3109051300.791776
2023-01-02,600362,0.5800000000000001,18.828937953949197,131977674.80061609
2023-01-02,601899,0.37333333333333324,64.05204737082818,1956943772.092491
2023-01-03,000630,0.4633333333333334,29.854212584189188,7064172446.359789
2023-01-03,600362,0.6033333333333334,19.45862012184772,4239430107.32684
2023-01-03,601899,0.37333333333333324,63.31057664135555,6418635184.803542
2023-01-04,000630,0.38666666666666666,30.05274983464024,2627596065.742133
2023-01-04,600362,0.6266666666666666,19.46108024551391,449406941.6775545
2023-01-04,601899,0.4266666666666666,65.0779791797587,13863164928.991
2023-01-05,000630,0.5399999999999999,29.844936207848104,4744798694.715245
2023-01-05,600362,0.6033333333333334,19.498106906343228,936499924.1437372
2023-01-05,601899,0.2966666666666667,64.39158563808584,6610028075.4578085
2023-01-06,000630,0.49666666666666665,29.695471505545925,3559711981.7086616
2023-01-06,600362,0.6733333333333333,18.83357719898328,4481462878.002111
2023-01-06,601899,0.27,66.17007293003574,5361178712.879012
2023-01-09,000630,0.5599999999999999,29.213798921576394,1002982751.4750216
2023-01-09,600362,0.59,18.972923664151597,3200855546.14619
2023-01-09,601899,0.29000000000000004,66.78475900407038,14665565761.119331
2023-01-10,000630,0.27,28.085043986017705,3471005309.6923404
2023-01-10,600362,0.6099999999999999,19.03187185284283,2675017135.527582
2023-01-10,601899,0.5600000000000002,65.5712268996165,8200003222.808852
2023-01-11,000630,0.27,28.27875641622815,3765760393.2965126
2023-01-11,600362,0.6299999999999999,19.341767388566456,3732090726.4608407
2023-01-11,601899,0.5400000000000001,65.06529344312662,1799810121.1063914
2023-01-12,000630,0.27,28.66538809344116,5310372072.78473
2023-01-12,600362,0.6366666666666665,19.54540905119889,910991970.4673291
2023-01-12,601899,0.5333333333333334,65.48990154566188,2909526404.959275
2023-01-13,000630,0.27,28.593687975096955,6105258490.96036
2023-01-13,600362,0.6133333333333333,19.6065696654392,2310457775.9450207
2023-01-13,601899,0.5566666666666668,66.39947272231937,15519289801.44409
2023-01-16,000630,0.2733333333333333,27.500222783585745,5960824539.56752
2023-01-16,600362,0.64,19.76987353015112,830581811.6854739
2023-01-16,601899,0.5266666666666668,69.15367440357728,11718200773.565216
2023-01-17,000630,0.2733333333333333,27.865032465901475,559398886.2627119
2023-01-17,600362,0.69,19.90157574433532,2540127669.340367
2023-01-17,601899,0.47666666666666674,69.49900132217769,1799607140.236469
2023-01-18,000630,0.2733333333333333,26.94036212230621,3952560616.846581
2023-01-18,600362,0.6366666666666666,19.65578551539168,2300090537.332861
2023-01-18,601899,0.53,71.134131404956,12407350354.502094
2023-01-19,000630,0.2733333333333333,26.970696941885517,5836323964.739316
2023-01-19,600362,0.6366666666666665,19.9427247626921,4330219667.352672
2023-01-19,601899,0.53,72.61979019734352,5839698642.78232
2023-01-20,000630,0.3,27.49382051095481,5554507823.276922
2023-01-20,600362,0.4866666666666667,20.54362523297589,2168412513.1409783
2023-01-20,601899,0.6533333333333335,73.24372611212898,12645844261.281351
2023-01-23,000630,0.24666666666666665,27.545154821832654,4734320730.487005
2023-01-23,600362,0.4866666666666667,20.343229017560382,1715524159.8218496
2023-01-23,601899,0.7066666666666668,73.2764187795043,16247279902.662493
2023-01-24,000630,0.24666666666666665,28.27899173088475,2266725205.382452
2023-01-24,600362,0.5633333333333332,20.40055053601921,2893946617.002702
2023-01-24,601899,0.6300000000000001,72.75600018229635,10359668661.15703
2023-01-25,000630,0.1966666666666667,27.523358172142053,2439703496.4084783
2023-01-25,600362,0.5133333333333334,20.47954962028315,1816777710.0046349
2023-01-25,601899,0.73,72.38695351530677,16341702213.457376
2023-01-26,000630,0.17333333333333334,27.357019845244466,2330213500.676248
2023-01-26,600362,0.4866666666666667,20.111912251682966,1183318547.5785952
2023-01-26,601899,0.78,72.25263444292464,12228895659.470438
2023-01-27,000630,0.24666666666666665,26.82200409569908,1833342988.3500428
2023-01-27,600362,0.5366666666666666,20.11305240627682,3147757063.350023
2023-01-27,601899,0.6566666666666667,74.07088008640216,1031748102.8995128
2023-01-30,000630,0.24666666666666665,26.28795379562968,2378476225.930223
2023-01-30,600362,0.5366666666666666,20.36127022522987,927814217.1151848
2023-01-30,601899,0.6566666666666667,74.43876989972699,7560262006.710922
2023-01-31,000630,0.2733333333333333,25.883504265585884,2962600014.734695
2023-01-31,600362,0.5366666666666666,19.91119594835216,3617225154.425646
2023-01-31,601899,0.6300000000000001,73.52720883265789,6584464489.05688
2023-02-01,000630,0.2733333333333333,25.423122815306204,6123848096.694794
2023-02-01,600362,0.5633333333333332,19.549307430798983,4469937414.46773
2023-02-01,601899,0.6033333333333333,73.1174772677513,1014168656.6946176
2023-02-02,000630,0.19,26.635266416231705,1710170550.786989
2023-02-02,600362,0.5966666666666667,19.36751658272126,4110813497.232336
2023-02-02,601899,0.6533333333333333,74.16698175876031,8287433375.12023
2023-02-03,000630,0.15999999999999998,27.57724173607897,3268959354.08385
2023-02-03,600362,0.6266666666666666,19.17891069224325,497251617.5177906
2023-02-03,601899,0.6533333333333333,73.56879532927704,6308862615.94402
2023-02-06,000630,0.15999999999999998,26.718528060752654,631561878.8888469
2023-02-06,600362,0.6266666666666666,19.29936305035694,3298346062.5034227
2023-02-06,601899,0.6533333333333333,73.42342109515447,13155927826.066572
2023-02-07,000630,0.15999999999999998,27.55993412631615,6197038595.854245
2023-02-07,600362,0.5766666666666667,19.747261130148075,1394733255.8134544
2023-02-07,601899,0.7033333333333331,73.73483057887839,4271753674.7567406
2023-02-08,000630,0.18,28.16747124553002,6245080468.524574
2023-02-08,600362,0.5266666666666666,19.96825090808406,1836204474.1539595
2023-02-08,601899,0.7333333333333333,74.17495020097451,9838876929.448105
2023-02-09,000630,0.19999999999999996,28.509127207498214,6792932459.810456
2023-02-09,600362,0.5466666666666666,20.384911850162997,4012276582.837812
2023-02-09,601899,0.6933333333333334,73.89810870964462,6699284773.74893
2023-02-10,000630,0.25,29.295976553849307,976534504.8600804
2023-02-10,600362,0.41666666666666674,20.576531340658587,335448902.1810866
2023-02-10,601899,0.7733333333333333,75.22932151219655,2531910521.882336
2023-02-13,000630,0.3,29.66362785782671,2424547723.871109
2023-02-13,600362,0.42666666666666675,20.6434684800108,3869828729.956521
2023-02-13,601899,0.7133333333333333,75.61629281267128,6548159231.957457
2023-02-14,000630,0.3,29.518266861262592,5756994815.179022
2023-02-14,600362,0.44000000000000006,21.013199821971966,342355456.7794961
2023-02-14,601899,0.7,74.68093697357436,7664967583.407173
2023-02-15,000630,0.4266666666666667,30.071724664485437,3248690515.9188914
2023-02-15,600362,0.5666666666666668,21.20389060407413,1335995655.6799593
2023-02-15,601899,0.44666666666666666,71.62330312674625,752245228.0795906
2023-02-16,000630,0.36333333333333334,28.978021279199925,3745076003.09188
2023-02-16,600362,0.6533333333333334,21.54847660361362,4345442088.560458
2023-02-16,601899,0.42333333333333334,69.29506932439938,2120401403.2988915
2023-02-17,000630,0.51,29.39299060067236,6596680637.705137
2023-02-17,600362,0.5333333333333334,21.07747990334135,1253410281.9160192
2023-02-17,601899,0.3966666666666666,69.84216546819692,3568089565.2226977
2023-02-20,000630,0.36333333333333334,28.32765601342475,2685674247.492767
2023-02-20,600362,0.6533333333333334,21.203193146515453,3208331486.4945807
2023-02-20,601899,0.42333333333333334,67.21272030796831,584011326.7559366
2023-02-21,000630,0.33666666666666667,27.572842447944403,1983121547.383505
2023-02-21,600362,0.68,21.181974650346163,2362533660.8238244
2023-02-21,601899,0.42333333333333334,68.01352041086838,10776007763.081656
2023-02-22,000630,0.3866666666666666,27.326969389711344,1688006028.0810423
2023-02-22,600362,0.68,20.726494436256665,1519880054.959032
2023-02-22,601899,0.3733333333333334,67.34213936483249,6974140510.612274
2023-02-23,000630,0.3866666666666666,27.526361311143518,6597410926.245764
2023-02-23,600362,0.7033333333333333,21.034201006074326,3360760499.946532
2023-02-23,601899,0.35000000000000003,68.52672137218738,5573113785.0687065
2023-02-24,000630,0.33333333333333326,27.56601570030012,3981729032.2047305
2023-02-24,600362,0.7066666666666667,21.39656809776431,2884850064.514937
2023-02-24,601899,0.4,69.09584651109827,3232006587.6491795
2023-02-27,000630,0.4599999999999999,27.663859296293406,6267869760.409438
2023-02-27,600362,0.6033333333333334,21.217847027092187,3242443485.569741
2023-02-27,601899,0.3766666666666667,68.09656613188902,7098842300.581195
2023-02-28,000630,0.4699999999999999,27.5188171151947,5613659819.18847
2023-02-28,600362,0.68,21.055226333917684,4055670329.5750246
2023-02-28,601899,0.29000000000000004,69.84784717091341,2948480187.8410506
2023-03-01,000630,0.5266666666666665,27.30975412385697,5067917499.3461485
2023-03-01,600362,0.6633333333333332,20.755580356576797,1069887900.640464
2023-03-01,601899,0.25,70.48677027940728,5958570930.861583
2023-03-02,000630,0.42666666666666664,26.723976959480755,3094230327.4580874
2023-03-02,600362,0.7633333333333333,21.074369633412008,2596807008.0356245
2023-03-02,601899,0.25,70.92539091251393,1077484353.664729
2023-03-03,000630,0.42666666666666664,26.78618074998683,3479120408.0939646
2023-03-03,600362,0.7633333333333333,21.23821287394801,3088392953.848324
2023-03-03,601899,0.25,71.06129483656771,4357038019.350346
2023-03-06,000630,0.39999999999999997,27.549717094594342,5507147122.633768
2023-03-06,600362,0.7399999999999999,22.11975465120294,2495139292.3122034
2023-03-06,601899,0.30000000000000004,70.70088097908732,2250847387.02642
2023-03-07,000630,0.42666666666666664,27.258072737732768,6143716095.008505
2023-03-07,600362,0.6533333333333332,22.09747998373404,806390078.5584161
2023-03-07,601899,0.36000000000000004,70.99364804681946,9842672955.047924
2023-03-08,000630,0.3733333333333334,27.006294395590896,4365535081.493994
2023-03-08,600362,0.6533333333333332,21.737116339717424,4765071526.448279
2023-03-08,601899,0.4133333333333333,68.75619361642775,16764884570.067833
2023-03-09,000630,0.36,27.464160509715047,2979284667.9333787
2023-03-09,600362,0.6533333333333332,21.99115927522764,2153468878.2151737
2023-03-09,601899,0.4266666666666666,68.2411096295057,6685970484.727562
2023-03-10,000630,0.30333333333333334,27.73275977735702,4092581599.140108
2023-03-10,600362,0.7099999999999999,21.32306468783449,257258510.84578556
2023-03-10,601899,0.4266666666666666,68.5017050118454,10221344909.932487
2023-03-13,000630,0.27333333333333343,27.4609734918258,5158082526.084814
2023-03-13,600362,0.74,21.38065003123588,5203090226.41641
2023-03-13,601899,0.4266666666666666,72.35484221254734,7119673060.809331
2023-03-14,000630,0.24666666666666676,26.62238783069532,428308962.1365755
2023-03-14,600362,0.7400000000000001,21.43002217247952,746793412.6665663
2023-03-14,601899,0.4533333333333332,74.00877443307151,13857173497.647566
2023-03-15,000630,0.24666666666666676,26.83293006335129,6266565170.288067
2023-03-15,600362,0.64,21.133349826524576,2888935261.2908573
2023-03-15,601899,0.5533333333333333,73.78615928532005,9795385653.915592
2023-03-16,000630,0.2833333333333333,27.15613401018752,979912802.0772108
2023-03-16,600362,0.5766666666666668,20.338345822424863,2720221212.396009
2023-03-16,601899,0.5800000000000001,75.84780109785682,5506353155.421551
2023-03-17,000630,0.25666666666666665,26.69041669263797,6168406187.585546
2023-03-17,600362,0.5366666666666666,20.2010863108392,4784837384.0198965
2023-03-17,601899,0.6466666666666667,75.71564696198159,3958065731.196373
2023-03-20,000630,0.31,26.33658659693159,1637382459.9524727
2023-03-20,600362,0.5366666666666666,20.504153788888644,1372281500.6289504
2023-03-20,601899,0.5933333333333334,73.43506606737182,1973023981.0717192
2023-03-21,000630,0.34,26.075525262793143,6162984294.044001
2023-03-21,600362,0.5066666666666667,21.035744379308863,3215538610.8422184
2023-03-21,601899,0.5933333333333334,73.13731610213712,16223429163.75021
2023-03-22,000630,0.3733333333333333,25.939190762597505,3195913221.559037
2023-03-22,600362,0.5166666666666668,21.18366694224904,3588028074.0440097
2023-03-22,601899,0.5499999999999999,71.53971878192115,9913888381.136095
2023-03-23,000630,0.29000000000000004,26.31091904720645,3548969364.41768
2023-03-23,600362,0.4566666666666667,20.75137460657465,4421217319.003134
2023-03-23,601899,0.6933333333333332,71.60257478478096,13036380060.250973
2023-03-24,000630,0.3233333333333334,26.049492922918613,5150393727.8999
2023-03-24,600362,0.39666666666666667,20.64146394483484,5073826648.619989
2023-03-24,601899,0.7199999999999999,71.54161518337587,16632388176.71473
2023-03-27,000630,0.3733333333333333,25.53212230904053,719957338.0825558
2023-03-27,600362,0.39666666666666667,20.57199974466308,2556391891.4704046
2023-03-27,601899,0.6699999999999998,72.56444192451255,10336688649.039734
2023-03-28,000630,0.3733333333333333,25.33372154534394,1811832297.7128356
2023-03-28,600362,0.3133333333333333,21.213757588315115,1423629815.2427213
2023-03-28,601899,0.7533333333333333,72.89004412378729,4684584823.80051
2023-03-29,000630,0.3733333333333333,25.33902556975329,5937795217.862567
2023-03-29,600362,0.4599999999999999,21.55133114983356,3107169633.926598
2023-03-29,601899,0.6066666666666667,72.31534115971752,11474810315.33696
2023-03-30,000630,0.3733333333333333,25.33770722347972,1330635032.5482612
2023-03-30,600362,0.3133333333333333,21.280541130699664,2285510964.950126
2023-03-30,601899,0.7533333333333333,73.30795742007528,5637066701.386883
2023-03-31,000630,0.3466666666666666,24.32503736158926,3271627522.4955177
2023-03-31,600362,0.4066666666666668,21.28023172722853,3812108791.268128
2023-03-31,601899,0.6866666666666668,73.13829974105093,6256198963.039678
2023-04-03,000630,0.39999999999999997,24.49371047313205,2098212068.3730528
2023-04-03,600362,0.4500000000000001,21.240566817170546,923149018.7811394
2023-04-03,601899,0.5900000000000001,72.35013327238599,12820320620.640234
2023-04-04,000630,0.3733333333333333,24.530075961534784,4929259892.288107
2023-04-04,600362,0.4766666666666668,21.43581239712209,1742527907.6682534
2023-04-04,601899,0.5900000000000001,72.74106454618062,8722264664.029245
2023-04-05,000630,0.39999999999999997,23.89543413772073,4943229343.722978
2023-04-05,600362,0.4933333333333332,21.46819503227736,2664447740.928988
2023-04-05,601899,0.5466666666666667,72.93677690718036,9987539196.363216
2023-04-06,000630,0.4266666666666666,23.619044083948516,4878695422.179011
2023-04-06,600362,0.42000000000000004,21.527002225424837,2938862038.414553
2023-04-06,601899,0.5933333333333333,75.07288342458381,1977457285.84525
2023-04-07,000630,0.39999999999999997,23.44611028284729,5056329528.323138
2023-04-07,600362,0.44666666666666666,21.64949580448758,4462346446.33021
2023-04-07,601899,0.5933333333333333,77.59302954173825,13838833208.31333
2023-04-10,000630,0.39999999999999997,23.416997855044556,5476402153.171281
2023-04-10,600362,0.42333333333333334,21.026640036612815,3997671012.984979
2023-04-10,601899,0.6166666666666667,78.91357184857672,10296264069.657415
2023-04-11,000630,0.42666666666666664,23.623116276363376,1123177599.5410905
2023-04-11,600362,0.4466666666666667,21.0189230994326,3419833437.477742
2023-04-11,601899,0.5666666666666667,76.98958416694698,17913974938.75731
2023-04-12,000630,0.37666666666666676,23.073058591986523,1307864024.0047274
2023-04-12,600362,0.4466666666666666,20.351295779108334,1398882947.7094138
2023-04-12,601899,0.6166666666666667,76.16440145936843,7265352720.969739
2023-04-13,000630,0.29666666666666675,22.920803791596462,2657907868.075422
2023-04-13,600362,0.6233333333333334,20.4704656995526,890039472.2439874
2023-04-13,601899,0.52,74.86410795008082,16031430022.073486
2023-04-14,000630,0.21333333333333337,22.929423687474323,4521893301.867861
2023-04-14,600362,0.63,20.037300601788083,459030512.02624285
2023-04-14,601899,0.5966666666666667,73.65121108944057,13546497857.895298
2023-04-17,000630,0.2466666666666667,22.802604769186814,4429946398.147569
2023-04-17,600362,0.3966666666666667,20.153637995830906,3279494696.7801847
2023-04-17,601899,0.7966666666666666,74.85381632564713,15686582825.269957
2023-04-18,000630,0.3466666666666666,22.332179215993065,858904545.5187796
2023-04-18,600362,0.44666666666666666,20.282479706349488,3538091985.9593697
2023-04-18,601899,0.6466666666666667,75.11619285386665,16466693867.511087
2023-04-19,000630,0.26333333333333336,22.541355396623235,4149626844.286673
2023-04-19,600362,0.47999999999999987,19.766922123632863,4613330793.515029
2023-04-19,601899,0.6966666666666668,76.60621542984113,5848562801.963565
2023-04-20,000630,0.25666666666666665,22.61368328256047,1445638499.4142127
2023-04-20,600362,0.5366666666666666,19.704504340135088,1938785295.538912
2023-04-20,601899,0.6466666666666667,76.52704713764051,17238107655.693928
2023-04-21,000630,0.2866666666666667,22.24298610330844,5412599341.184633
2023-04-21,600362,0.4833333333333334,20.010618755673057,2119808889.3872209
2023-04-21,601899,0.6700000000000002,76.61783199659135,2788536642.648741
2023-04-24,000630,0.3466666666666666,21.36721295041033,1380651011.6759436
2023-04-24,600362,0.45000000000000007,19.89148475081807,2859949937.90922
2023-04-24,601899,0.6433333333333333,76.10485442490679,5588463175.760773
2023-04-25,000630,0.3466666666666666,21.666700052111665,1467914595.1905549
2023-04-25,600362,0.4666666666666668,20.57954247469507,264963667.3159465
2023-04-25,601899,0.6266666666666667,75.81306294793974,17802309721.84079
2023-04-26,000630,0.2733333333333333,22.189548319324008,2674894576.0237107
2023-04-26,600362,0.43000000000000005,21.027635496759316,1505433610.8830392
2023-04-26,601899,0.7366666666666666,77.04154874509597,17839548423.54256
2023-04-27,000630,0.32333333333333336,22.38399123122491,688307730.3601661
2023-04-27,600362,0.41333333333333344,20.428408363523964,1859005589.489044
2023-04-27,601899,0.7033333333333331,77.54527763074317,2185722213.4111795
2023-04-28,000630,0.33000000000000007,22.424073204136302,2012033604.350936
2023-04-28,600362,0.4400000000000001,20.71667185508149,5148217256.018881
2023-04-28,601899,0.6700000000000002,76.61798223384862,1397588613.9276328
2023-05-01,000630,0.36,22.74120806786012,4972758566.937189
2023-05-01,600362,0.4166666666666667,20.890627748576097,2115550001.7800293
2023-05-01,601899,0.6633333333333333,74.96134873452668,17672385336.61549
2023-05-02,000630,0.35333333333333333,22.83739858321916,2871702387.286043
2023-05-02,600362,0.4166666666666667,20.85661663874234,2756329114.1712966
2023-05-02,601899,0.67,74.81023966995008,11163924584.922684
2023-05-03,000630,0.37333333333333335,23.17087226700408,5251050268.678039
2023-05-03,600362,0.4233333333333334,20.83945608139845,3359412013.9281874
2023-05-03,601899,0.6433333333333333,74.71134862137005,4653642896.332484
2023-05-04,000630,0.43000000000000005,22.96308472956997,4467688579.751243
2023-05-04,600362,0.49333333333333335,21.32661223467141,2988709305.905628
2023-05-04,601899,0.5166666666666666,73.93290871289582,16063728380.849213
2023-05-05,000630,0.48,23.186353798035334,4991674177.410038
2023-05-05,600362,0.49333333333333335,21.581792892063557,3628805820.4573503
2023-05-05,601899,0.4666666666666666,74.6676543670026,9716785599.864643
2023-05-08,000630,0.39666666666666667,23.221120236502667,2410749361.705021
2023-05-08,600362,0.5833333333333334,21.290774203576078,607557790.8280876
2023-05-08,601899,0.4599999999999999,76.3422380763134,1552808756.696022
2023-05-09,000630,0.3766666666666667,22.71855517247979,2780428549.628077
2023-05-09,600362,0.4666666666666667,21.351071942813427,2392910712.4548435
2023-05-09,601899,0.5966666666666666,76.45714887352047,6442539318.389005
2023-05-10,000630,0.37333333333333335,22.847691846450736,2162415225.2689605
2023-05-10,600362,0.39999999999999997,20.34880019375116,3049133406.952332
2023-05-10,601899,0.6666666666666666,77.91582012102819,14252728020.893044
2023-05-11,000630,0.44666666666666666,23.1055919826992,3114160134.6322074
2023-05-11,600362,0.32666666666666666,20.12326421000673,3474130641.376087
2023-05-11,601899,0.6666666666666666,78.09782641756877,5522109871.202886
2023-05-12,000630,0.5333333333333333,22.634505458005343,5355744993.165583
2023-05-12,600362,0.2733333333333333,19.367987679734824,2375561160.870195
2023-05-12,601899,0.6333333333333332,80.77537748371071,9017536971.22451
2023-05-15,000630,0.48,22.609891929415568,797254182.2907012
2023-05-15,600362,0.3,19.24369738442751,3759691191.608802
2023-05-15,601899,0.66,78.82549193424514,17011841780.027016
2023-05-16,000630,0.48,22.267506887247027,3973500772.23722
2023-05-16,600362,0.2733333333333333,19.390654729797248,1210420901.1326606
2023-05-16,601899,0.6866666666666666,77.62469837433922,17295287358.342213
2023-05-17,000630,0.6033333333333333,22.73365932503822,2140767317.758672
2023-05-17,600362,0.24666666666666665,19.501251559899494,816919128.5951257
2023-05-17,601899,0.5900000000000001,76.8684554397949,2997039582.8332515
2023-05-18,000630,0.5766666666666665,22.567307820081027,1542272383.7321577
2023-05-18,600362,0.39333333333333337,19.784677128321405,2156343831.022027
2023-05-18,601899,0.47,72.99272955578955,15343356424.272232
2023-05-19,000630,0.65,22.40231469020341,1692893636.046353
2023-05-19,600362,0.3533333333333333,19.76194869244763,3944332792.007615
2023-05-19,601899,0.43666666666666665,72.91219294769094,4774086240.07455
2023-05-22,000630,0.65,22.59826918420167,5582739694.418896
2023-05-22,600362,0.3333333333333333,19.805956588956985,4577202121.4081135
2023-05-22,601899,0.45666666666666667,75.20891179878603,16981390111.48318
2023-05-23,000630,0.6566666666666667,21.9569379563244,1854458827.159407
2023-05-23,600362,0.2833333333333334,19.346048551823007,307809174.6934903
2023-05-23,601899,0.5,73.96512839183669,3447780908.8057184
2023-05-24,000630,0.62,21.086008873416898,3423950338.0672107
2023-05-24,600362,0.29333333333333333,19.067425006796004,1375876787.3528895
2023-05-24,601899,0.5266666666666666,75.75351258265633,15731928917.172956
2023-05-25,000630,0.5466666666666666,20.94676978781252,3184652618.0749707
2023-05-25,600362,0.42,19.4662152709,2367878212.0383844
2023-05-25,601899,0.4733333333333334,75.91257181480515,7747515619.30411
2023-05-26,000630,0.4433333333333333,19.841396079499894,2615683308.60204
2023-05-26,600362,0.37666666666666665,18.837871452944583,3427119323.6069946
2023-05-26,601899,0.62,75.62614596369306,18236919906.716934
2023-05-29,000630,0.4433333333333333,20.157166991854865,4762535860.882248
2023-05-29,600362,0.44333333333333336,18.932331019230958,2357400847.9877844
2023-05-29,601899,0.5533333333333333,77.81483989688093,10117952372.43184
2023-05-30,000630,0.4166666666666667,19.800856573930744,2254036448.3503785
2023-05-30,600362,0.47,18.852922916226603,2658682551.368983
2023-05-30,601899,0.5533333333333333,77.36653375713523,19077782612.55847
2023-05-31,000630,0.36666666666666664,20.516420945937536,1209541493.5835583
2023-05-31,600362,0.47,18.821523458763934,1973303101.8348415
2023-05-31,601899,0.6033333333333334,77.73020032715225,13951576012.15964
2023-06-01,000630,0.4633333333333333,21.0568122733428,2962139692.696543
2023-06-01,600362,0.37333333333333335,18.69261799866725,578691675.7881403
2023-06-01,601899,0.6033333333333334,78.90973578934639,10671657976.468258
2023-06-02,000630,0.37999999999999995,21.06700683367269,3201702604.261757
2023-06-02,600362,0.4066666666666666,18.694046607373014,1916792199.482332
2023-06-02,601899,0.6533333333333332,78.2061689612254,14569887483.645254
2023-06-05,000630,0.3333333333333334,20.686272519433736,4886674716.09354
2023-06-05,600362,0.28666666666666657,19.7840132466427,2905725507.1662054
2023-06-05,601899,0.82,78.80762866945142,14728042491.519098
2023-06-06,000630,0.4166666666666667,20.425492820912968,3862417798.8997183
2023-06-06,600362,0.2599999999999999,20.21402343280673,584262090.4971591
2023-06-06,601899,0.7633333333333333,81.37986586190904,18472521545.820354
2023-06-07,000630,0.36666666666666664,20.84125675324153,462154868.50313103
2023-06-07,600362,0.3866666666666666,20.557000295391777,2276798790.5162344
2023-06-07,601899,0.6866666666666665,83.35802462195629,16970451778.463434
2023-06-08,000630,0.3333333333333333,21.27902112055156,4990458172.49313
2023-06-08,600362,0.4066666666666666,21.00782203554593,1154728550.6990392
2023-06-08,601899,0.7,82.8036210690986,18356453222.496838
2023-06-09,000630,0.29333333333333333,21.72334563127413,3295249056.160983
2023-06-09,600362,0.5066666666666668,20.54015358499985,3072800814.269902
2023-06-09,601899,0.64,81.16041627132103,4408617579.774904
2023-06-12,000630,0.24666666666666665,21.96494561041385,2846015574.69781
2023-06-12,600362,0.5233333333333334,20.657903523598392,1242829054.948136
2023-06-12,601899,0.67,79.63263316795913,7367372322.800075
2023-06-13,000630,0.19333333333333336,21.745000507289884,3443618736.836303
2023-06-13,600362,0.5833333333333333,20.677341650155817,454669930.0769463
2023-06-13,601899,0.6633333333333334,79.66354903639579,5006806258.808054
2023-06-14,000630,0.24666666666666665,22.26276561609825,5302184857.6393
2023-06-14,600362,0.5266666666666668,21.707273440834427,2320333872.637674
2023-06-14,601899,0.6666666666666666,78.43826504521164,18010343382.08162
2023-06-15,000630,0.26999999999999996,22.1177600197888,853798619.3878951
2023-06-15,600362,0.4766666666666667,21.866675998606272,4952594380.262334
2023-06-15,601899,0.6933333333333334,77.37264396667892,15109322176.548664
2023-06-16,000630,0.29666666666666663,22.332829565415132,3349372813.9220047
2023-06-16,600362,0.4766666666666667,22.14204736418809,877429553.5148908
2023-06-16,601899,0.6666666666666666,78.7574154835411,2069445600.7286224
2023-06-19,000630,0.29666666666666663,22.213763708996066,806879424.7073475
2023-06-19,600362,0.5433333333333333,22.48460486153,921900277.769536
2023-06-19,601899,0.5999999999999999,76.3404238733199,5941620994.314813
2023-06-20,000630,0.29666666666666663,21.572115587099837,3640602986.5759926
2023-06-20,600362,0.5966666666666667,22.401972703128592,4800272308.853692
2023-06-20,601899,0.5466666666666664,75.36702901604124,7392269527.1977825
2023-06-21,000630,0.31999999999999995,21.36094454257657,3316068758.6006784
2023-06-21,600362,0.5033333333333334,22.50853596959933,5201524587.457872
2023-06-21,601899,0.6166666666666666,77.13053039637701,8677030408.531622
2023-06-22,000630,0.31999999999999995,21.10180949816867,4421000014.523272
2023-06-22,600362,0.5033333333333334,22.130738878343696,2803798635.3445587
2023-06-22,601899,0.6166666666666666,78.0460329718967,6473083342.466031
2023-06-23,000630,0.5599999999999999,21.06599400957925,3994637007.467064
2023-06-23,600362,0.5033333333333334,21.91955419859344,4418456057.135671
2023-06-23,601899,0.37666666666666665,78.51599923787953,7419070987.186322
2023-06-26,000630,0.5433333333333332,20.789289671819677,2825634515.756452
2023-06-26,600362,0.5033333333333334,21.962950739650864,1114850361.0200477
2023-06-26,601899,0.39333333333333337,78.52753487327172,3006410967.1162333
2023-06-27,000630,0.5299999999999999,20.794448191048712,2327813708.298757
2023-06-27,600362,0.5533333333333335,21.47787745623154,1903032297.495176
2023-06-27,601899,0.35666666666666663,75.82539291263771,3974971825.0413327
2023-06-28,000630,0.44333333333333336,19.99128378769931,178828030.86610663
2023-06-28,600362,0.5866666666666667,20.860737925566227,2633630613.7744703
2023-06-28,601899,0.4100000000000001,75.7488527139409,14093005873.461264
2023-06-29,000630,0.4433333333333334,19.753374372333223,4849285504.725641
2023-06-29,600362,0.5133333333333334,19.947555750272457,4372679758.950325
2023-06-29,601899,0.4833333333333334,75.930033816557,12875326753.216082
2023-06-30,000630,0.3833333333333334,19.67478833211777,1061171513.5657712
2023-06-30,600362,0.48666666666666675,19.825417221191955,2166031906.126493
2023-06-30,601899,0.5700000000000001,77.05502944272074,8200496747.909167
2023-07-03,000630,0.3833333333333334,19.73577231273027,4364753536.79727
2023-07-03,600362,0.46,20.00586047221021,501372871.0522017
2023-07-03,601899,0.5966666666666667,79.2234402720436,11556766883.748524
2023-07-04,000630,0.35000000000000003,19.78163109492012,1524384361.1532016
2023-07-04,600362,0.49333333333333335,20.216562779980944,3902874159.332495
2023-07-04,601899,0.5966666666666667,79.17318243471618,2890525800.1908097
2023-07-05,000630,0.46,19.40872000059993,1444327071.0526447
2023-07-05,600362,0.4633333333333333,21.007156269592112,2523558171.931696
2023-07-05,601899,0.5166666666666668,79.13216075416915,12352554033.374031
2023-07-06,000630,0.43333333333333335,19.119739018303783,431643404.12942255
2023-07-06,600362,0.41,20.498893796253004,3773299027.425818
2023-07-06,601899,0.5966666666666667,78.69946346288854,8427437605.567265
2023-07-07,000630,0.2666666666666667,19.995103959264565,619968193.3609571
2023-07-07,600362,0.4533333333333334,20.767269786329265,915516781.622411
2023-07-07,601899,0.72,78.26506541501418,11028463418.240852
2023-07-10,000630,0.21000000000000002,20.51931806529897,4912131863.24276
2023-07-10,600362,0.38333333333333336,20.42779587778357,4509936421.019729
2023-07-10,601899,0.8466666666666666,79.02499385705052,3542579839.620175
2023-07-11,000630,0.26,20.06890873571037,2488793537.6964083
2023-07-11,600362,0.40666666666666657,20.23812833094424,2564059549.8248158
2023-07-11,601899,0.7733333333333333,82.74921981355375,10667938394.221554
2023-07-12,000630,0.29000000000000004,19.93362917579329,3430573594.4281898
2023-07-12,600362,0.4266666666666666,20.774471531163925,1850172357.1183064
2023-07-12,601899,0.7233333333333333,82.8738006608835,16011251437.202955
2023-07-13,000630,0.26333333333333336,20.451512232481893,1784065172.937102
2023-07-13,600362,0.37999999999999995,20.26188717252824,3925505601.786145
2023-07-13,601899,0.7966666666666665,82.37510396739094,2859058633.479411
2023-07-14,000630,0.30333333333333334,20.88298615646887,533781655.95103824
2023-07-14,600362,0.3333333333333333,20.662801366736968,5007956383.490298
2023-07-14,601899,0.8033333333333331,81.68389186246215,12225750620.892504
2023-07-17,000630,0.33666666666666667,20.651395078745328,4224790125.326944
2023-07-17,600362,0.29000000000000004,20.97174602659587,4167239029.2305937
2023-07-17,601899,0.8133333333333334,82.17737154539537,15281350649.88408
2023-07-18,000630,0.27666666666666667,20.856744260093567,273936650.46092093
2023-07-18,600362,0.2833333333333334,20.680275629376048,3979335861.100672
2023-07-18,601899,0.88,82.5556863878778,5823577184.624565
2023-07-19,000630,0.30333333333333334,20.5343293955111,3089418605.615799
2023-07-19,600362,0.2833333333333334,20.81994572631806,104645211.20961984
2023-07-19,601899,0.8533333333333334,81.28112392740098,1245974604.907915
2023-07-20,000630,0.35333333333333333,20.69639180168085,2030154603.8888383
2023-07-20,600362,0.27999999999999997,21.53215375773968,1699207760.576651
2023-07-20,601899,0.8066666666666666,80.98548937983915,18370197709.59493
2023-07-21,000630,0.4033333333333334,20.390175025425343,2348000019.790317
2023-07-21,600362,0.2866666666666666,21.320838910455837,786890333.7520845
2023-07-21,601899,0.75,80.71541915068701,7281103886.867938
2023-07-24,000630,0.4033333333333334,20.08477710463373,3846421603.964432
2023-07-24,600362,0.27999999999999997,21.391995386852383,3522602766.756673
2023-07-24,601899,0.7566666666666667,80.33171303543864,924465386.7831314
2023-07-25,000630,0.4033333333333334,19.77349535138638,4929870517.871133
2023-07-25,600362,0.2533333333333333,21.87674552418079,2263295898.671515
2023-07-25,601899,0.7833333333333333,82.8703731381761,18278900517.90841
2023-07-26,000630,0.3433333333333334,19.931304262057424,2511583512.67038
2023-07-26,600362,0.27999999999999997,21.724902505057138,5358147399.217773
2023-07-26,601899,0.8166666666666665,81.59649895563045,19610690408.098934
2023-07-27,000630,0.35333333333333333,19.632837426580437,2230227506.579772
2023-07-27,600362,0.37999999999999995,21.94338757077625,4801055208.095334
2023-07-27,601899,0.7066666666666667,84.61134597649635,20857872880.915424
2023-07-28,000630,0.35333333333333333,19.321794271079245,2030424954.438081
2023-07-28,600362,0.43,22.161753170436267,2520914936.3643446
2023-07-28,601899,0.6566666666666666,83.82016377704791,7031078416.093732
2023-07-31,000630,0.35000000000000003,19.1324790922042,4579689862.60737
2023-07-31,600362,0.4333333333333334,22.96088477026917,5339223116.585404
2023-07-31,601899,0.6566666666666666,82.47961595016665,13207691845.024843
2023-08-01,000630,0.25000000000000006,19.9537784880412,2659202146.922124
2023-08-01,600362,0.48333333333333345,22.945658992184505,1312005246.3823197
2023-08-01,601899,0.7066666666666667,82.34223377279368,8428172274.707806
2023-08-02,000630,0.3,19.35860532580172,3243046485.4838686
2023-08-02,600362,0.5233333333333333,22.674562438972732,4233676390.8803062
2023-08-02,601899,0.6166666666666666,83.67363410462117,17502415679.10731
2023-08-03,000630,0.2933333333333333,18.81455726211102,3993058642.675251
2023-08-03,600362,0.6333333333333334,22.769142462687416,5548298112.566311
2023-08-03,601899,0.5133333333333334,85.34382132325374,1538228501.148193
2023-08-04,000630,0.2933333333333333,18.35572633719765,4266252599.872548
2023-08-04,600362,0.5333333333333333,22.357438650266488,4713283429.055929
2023-08-04,601899,0.6133333333333333,84.31227285872005,11449657241.577898
2023-08-07,000630,0.2933333333333333,18.786923891261644,4432894928.456089
2023-08-07,600362,0.7099999999999999,22.778186490923144,2614931253.5206785
2023-08-07,601899,0.4366666666666667,84.3309723038393,14181475791.988983
2023-08-08,000630,0.2666666666666666,18.38023574036451,3962082214.688028
2023-08-08,600362,0.66,22.724805266081404,2683222291.8704557
2023-08-08,601899,0.5133333333333334,85.14330402146764,1032839363.7628154
2023-08-09,000630,0.2666666666666666,18.22404993496175,1711821458.490827
2023-08-09,600362,0.7233333333333333,23.005410896959265,526264878.0555711
2023-08-09,601899,0.45,88.51197202591224,10160767233.503408
2023-08-10,000630,0.2666666666666666,18.01098064694692,2773779273.434996
2023-08-10,600362,0.6299999999999999,22.568247474610587,2502107745.138864
2023-08-10,601899,0.5433333333333333,89.25122903268654,14876359154.67658
2023-08-11,000630,0.35000000000000003,18.563960333729653,865108397.4923024
2023-08-11,600362,0.5000000000000001,24.194620749370287,3114963062.460502
2023-08-11,601899,0.59,89.17984862995422,4511653132.113699
2023-08-14,000630,0.2966666666666667,18.949348171760864,611099424.1259333
2023-08-14,600362,0.61,23.99038535640092,3828390493.25153
2023-08-14,601899,0.5333333333333334,89.7538138793788,19742455334.680084
2023-08-15,000630,0.11333333333333333,19.838070652035,2882525228.531446
2023-08-15,600362,0.7466666666666666,23.632017831627596,5816860491.533877
2023-08-15,601899,0.58,87.99117666843482,12977343494.473442
2023-08-16,000630,0.14666666666666667,19.791124976213336,1903197700.4375744
2023-08-16,600362,0.7133333333333333,23.659101122470403,3158031013.288023
2023-08-16,601899,0.5800000000000001,87.77778278495362,13061527189.523226
2023-08-17,000630,0.11999999999999998,20.20501198595983,4438337998.898263
2023-08-17,600362,0.6066666666666666,22.95114584430675,4419082474.300355
2023-08-17,601899,0.7133333333333334,86.51119523147084,6057929143.844699
2023-08-18,000630,0.11999999999999998,20.15036149091319,1543668817.9151323
2023-08-18,600362,0.7433333333333333,23.670683357117426,5740649633.793154
2023-08-18,601899,0.5766666666666668,87.40320336712735,2901524142.1785264
2023-08-21,000630,0.17333333333333334,20.160329203743565,4970176359.42191
2023-08-21,600362,0.72,23.97128285752024,5667194808.043505
2023-08-21,601899,0.5466666666666665,83.63875321070184,10650366464.718388
2023-08-22,000630,0.25333333333333335,20.0088714477825,2013456717.821747
2023-08-22,600362,0.74,24.317923831302565,1058063138.730442
2023-08-22,601899,0.4466666666666665,88.54398803631798,19018248083.13629
2023-08-23,000630,0.17333333333333334,20.467413958649505,473372396.7770416
2023-08-23,600362,0.7699999999999999,24.28452862286816,2344462391.5917645
2023-08-23,601899,0.49666666666666653,87.65810315953357,9434168289.303535
2023-08-24,000630,0.3466666666666666,20.94630200750913,660945897.4355453
2023-08-24,600362,0.6166666666666668,24.662515331744835,5669083614.252991
2023-08-24,601899,0.47666666666666674,89.84058409091735,19844518273.44796
2023-08-25,000630,0.2733333333333333,21.14327592928524,1625459109.8743696
2023-08-25,600362,0.6666666666666667,24.797998136013668,4162021613.154126
2023-08-25,601899,0.49999999999999994,89.29298531588495,21688900031.98866
2023-08-28,000630,0.42333333333333334,21.57211949230188,2005717425.6716
2023-08-28,600362,0.5533333333333333,24.4889574346596,1672747624.3233454
2023-08-28,601899,0.4633333333333333,92.20557011816068,8056609217.986477
2023-08-29,000630,0.3466666666666667,22.082962833831413,5242747122.527884
2023-08-29,600362,0.53,24.73737969174778,2670946833.8153605
2023-08-29,601899,0.5633333333333332,93.12173363356231,14115150267.667929
2023-08-30,000630,0.4733333333333334,21.97726422551401,4228761889.131545
2023-08-30,600362,0.53,24.754142135334583,3954709370.469986
2023-08-30,601899,0.4366666666666667,91.95765033697948,20606872625.89904
2023-08-31,000630,0.5599999999999999,21.49584282735031,875542875.0322399
2023-08-31,600362,0.53,24.6130460527037,5222120445.346881
2023-08-31,601899,0.35000000000000003,90.91335929373484,20352464639.66682
2023-09-01,000630,0.63,21.889455477729733,5058092790.843111
2023-09-01,600362,0.42333333333333334,23.90354353340072,625648958.0888772
2023-09-01,601899,0.38666666666666666,94.3167812549217,1849108791.5371163
2023-09-04,000630,0.6633333333333334,22.08219651243351,828225903.4935874
2023-09-04,600362,0.3566666666666667,23.9818956173005,4613864906.8646345
2023-09-04,601899,0.4200000000000001,94.60438372559882,20054284564.3443
2023-09-05,000630,0.5533333333333333,22.591808290752372,760530634.299888
2023-09-05,600362,0.3833333333333333,23.46556979610968,3125876711.223525
2023-09-05,601899,0.5033333333333333,94.2855095505775,2708398404.595114
2023-09-06,000630,0.58,22.54267807739613,2889139504.701128
2023-09-06,600362,0.36,23.96104706340893,2647868220.045544
2023-09-06,601899,0.49999999999999994,93.92535023175031,7712266862.739158
2023-09-07,000630,0.6066666666666666,22.399027992046083,3543423192.812927
2023-09-07,600362,0.30666666666666664,23.361696049565765,2841125656.5591254
2023-09-07,601899,0.5266666666666666,93.08878119267604,11264226585.976002
2023-09-08,000630,0.5866666666666666,22.256319593271417,2582371829.191811
2023-09-08,600362,0.35666666666666663,22.49333243715656,4853973415.94188
2023-09-08,601899,0.4966666666666667,89.54061601315391,15095437556.179186
2023-09-11,000630,0.6733333333333335,22.428451000246508,5307760214.5613365
2023-09-11,600362,0.26333333333333336,22.1175711731362,3809835681.343168
2023-09-11,601899,0.5033333333333333,87.93646248404146,5092699526.423286
2023-09-12,000630,0.68,22.384919746692685,5120335496.826384
2023-09-12,600362,0.21333333333333343,22.750201064218125,5075801909.477919
2023-09-12,601899,0.5466666666666666,88.11560125062189,16155969054.62115
2023-09-13,000630,0.7066666666666667,22.329136423643455,3502597463.512845
2023-09-13,600362,0.21333333333333343,22.994448244644097,4812468982.559547
2023-09-13,601899,0.52,89.33330227316677,18423930527.543594
2023-09-14,000630,0.6899999999999998,22.20719261510102,4791708130.69967
2023-09-14,600362,0.2833333333333334,23.530907022498468,939210269.8053015
2023-09-14,601899,0.4666666666666666,92.14723796339216,11317717275.86355
2023-09-15,000630,0.6999999999999998,21.634754596757723,3634630118.353459
2023-09-15,600362,0.2433333333333334,23.73495534034239,2793127170.9559584
2023-09-15,601899,0.49666666666666653,91.18825787151783,5018080711.84384
2023-09-18,000630,0.5266666666666666,21.90212939739896,3099928835.3255606
2023-09-18,600362,0.21000000000000002,24.122824497786574,541617717.0365531
2023-09-18,601899,0.7033333333333331,92.86352393745958,14788590477.859589
2023-09-19,000630,0.6266666666666665,21.3850070675058,4007665803.488752
2023-09-19,600362,0.2566666666666667,23.87622771575198,5720507786.039788
2023-09-19,601899,0.5566666666666666,90.13308539071528,11719635547.704603
2023-09-20,000630,0.6599999999999998,21.47858019068656,4204900305.3750505
2023-09-20,600362,0.2833333333333334,24.39013088094676,1928615453.2276316
2023-09-20,601899,0.4966666666666667,91.4087340228609,19081829171.72748
2023-09-21,000630,0.6933333333333331,21.47296560841552,3442696157.1004357
2023-09-21,600362,0.31666666666666665,24.105715118624104,2516841556.962865
2023-09-21,601899,0.43000000000000005,91.16622104518234,17013850419.446632
2023-09-22,000630,0.5566666666666665,21.261057802665714,618137616.2373621
2023-09-22,600362,0.35000000000000003,24.45245920168017,5854314862.7213
2023-09-22,601899,0.5333333333333332,89.32167510950586,981600548.6159148
2023-09-25,000630,0.5033333333333334,21.292188247587976,1443244137.5486062
2023-09-25,600362,0.6033333333333334,24.926975213330067,2467718199.471729
2023-09-25,601899,0.33333333333333326,87.03114264402227,13549051802.392708
2023-09-26,000630,0.5033333333333334,21.237978457982145,2370988800.8685145
2023-09-26,600362,0.5000000000000001,25.68799467265005,6386775289.867374
2023-09-26,601899,0.43666666666666665,86.53574985956098,15388981233.375196
2023-09-27,000630,0.5033333333333334,21.38624202653024,1528662916.5659494
2023-09-27,600362,0.5599999999999999,25.78889801366692,3470368164.572534
2023-09-27,601899,0.3766666666666667,88.18538892664729,11086076253.752289
2023-09-28,000630,0.4566666666666667,21.254850262489292,3329653062.0499454
2023-09-28,600362,0.5599999999999999,26.166607865198,4362768996.007608
2023-09-28,601899,0.42333333333333334,89.54075851204918,5250329824.264218
2023-09-29,000630,0.4066666666666667,20.85657971972004,107759690.43787754
2023-09-29,600362,0.5866666666666666,26.739551890119397,4313632532.779628
2023-09-29,601899,0.4466666666666666,91.63887968468978,15876600855.355938
2023-10-02,000630,0.4066666666666667,20.56309468311781,2875979098.094477
2023-10-02,600362,0.5866666666666666,27.02043912832778,3912040793.350599
2023-10-02,601899,0.4466666666666666,92.70546828137532,19833658188.881798
2023-10-03,000630,0.4066666666666667,19.960398140191504,1670437815.3970904
2023-10-03,600362,0.6266666666666666,26.948280830042343,1588681999.773486
2023-10-03,601899,0.4066666666666667,94.1981606257142,12847442212.523537
2023-10-04,000630,0.4066666666666667,20.23684941739572,2368860834.8822074
2023-10-04,600362,0.66,27.072132106239213,3868894642.5819097
2023-10-04,601899,0.37333333333333335,96.20506756187336,4267454766.402822
2023-10-05,000630,0.35333333333333333,19.418292227552715,1889091082.894461
2023-10-05,600362,0.6600000000000001,27.48958360801476,1593153320.0857737
2023-10-05,601899,0.42666666666666664,99.6767533813915,11109024002.732777
2023-10-06,000630,0.3566666666666667,19.1117478090146,2452440501.775344
2023-10-06,600362,0.71,27.31952627801249,3348486037.080296
2023-10-06,601899,0.37333333333333335,95.2780592172682,13922211041.139742
2023-10-09,000630,0.30333333333333334,18.390290722975774,423521039.2338429
2023-10-09,600362,0.7966666666666666,27.9541489426562,6843606155.055954
2023-10-09,601899,0.33999999999999997,98.56393860042664,13684380681.830597
2023-10-10,000630,0.27,18.864024865833493,1642177502.2553494
2023-10-10,600362,0.8299999999999998,27.765464039553517,2911603174.136548
2023-10-10,601899,0.33999999999999997,98.28049680374424,14866222444.124126
2023-10-11,000630,0.27,18.70921216468751,3505178382.739071
2023-10-11,600362,0.7566666666666667,27.59685626802181,1768439665.8823593
2023-10-11,601899,0.41333333333333333,100.6227214365417,19330268773.37685
2023-10-12,000630,0.27,18.40481872254725,212143143.0054409
2023-10-12,600362,0.7333333333333334,27.804344913825357,3463092328.575758
2023-10-12,601899,0.43666666666666676,100.0869974676905,10853213814.001928
2023-10-13,000630,0.27,18.0983928719778,612719280.8415213
2023-10-13,600362,0.7566666666666667,26.9623004386145,2170473273.9985986
2023-10-13,601899,0.41333333333333333,100.64542837483953,21338883982.204823
2023-10-16,000630,0.2800000000000001,18.18564269463973,4039951435.999833
2023-10-16,600362,0.68,26.54041247466832,4697968838.924741
2023-10-16,601899,0.48,100.45737147751494,8115498983.496783
2023-10-17,000630,0.3333333333333334,18.01389657052352,1927991322.1499915
2023-10-17,600362,0.7466666666666667,26.10515475814385,5428334596.078667
2023-10-17,601899,0.36000000000000004,96.82300556112652,14132498902.314262
2023-10-18,000630,0.23000000000000004,17.941385292396408,2101768698.0171864
2023-10-18,600362,0.7766666666666666,26.163886802777863,5261840206.016098
2023-10-18,601899,0.4333333333333333,95.33572433404268,20200000211.92509
2023-10-19,000630,0.32333333333333336,17.045631581008358,3818383407.645892
2023-10-19,600362,0.7000000000000001,26.107140529158688,2296047298.831972
2023-10-19,601899,0.41666666666666674,93.22404132298097,3622089611.946573
2023-10-20,000630,0.22333333333333338,17.451643723548376,1241551818.438168
2023-10-20,600362,0.7066666666666668,25.4228744026456,3510591338.225085
2023-10-20,601899,0.51,94.98710672560712,10971808718.504118
2023-10-23,000630,0.19000000000000006,17.485138857264477,2178490935.3654385
2023-10-23,600362,0.6233333333333335,24.923663476599508,809004669.8859864
2023-10-23,601899,0.6266666666666665,93.94145604459555,3325283296.1929665
2023-10-24,000630,0.29000000000000004,16.97946134933544,1464218755.621537
2023-10-24,600362,0.5966666666666668,24.962861518189705,645884086.3493367
2023-10-24,601899,0.5533333333333332,94.17206113396075,19063853036.538937
2023-10-25,000630,0.32333333333333336,16.553356071315598,1032669531.1597736
2023-10-25,600362,0.5633333333333334,25.10009994334121,2938960662.3258443
2023-10-25,601899,0.5533333333333332,96.85719686500045,13722650166.075771
2023-10-26,000630,0.24000000000000005,16.977533163988547,1403130299.1309466
2023-10-26,600362,0.6466666666666666,25.06759574853584,4757300746.801808
2023-10-26,601899,0.5533333333333332,94.44895773163243,6384447305.993612
2023-10-27,000630,0.29000000000000004,17.080833329781726,2906556587.3956413
2023-10-27,600362,0.5966666666666668,24.982505369957728,1804718700.1719875
2023-10-27,601899,0.5533333333333332,96.75015519220037,12338169966.05606
2023-10-30,000630,0.2966666666666667,16.864184690896167,2999355958.3407707
2023-10-30,600362,0.48000000000000004,25.244609200432063,4441152824.664171
2023-10-30,601899,0.6633333333333331,95.12380198463948,16681299923.614515
2023-10-31,000630,0.2966666666666667,17.082777194613627,637443831.0170075
2023-10-31,600362,0.5633333333333334,25.33891699841085,1444718623.7979932
2023-10-31,601899,0.5799999999999998,96.7139573728629,17233169922.39832
2023-11-01,000630,0.35000000000000003,16.833554380386026,2922055903.8301845
2023-11-01,600362,0.5133333333333334,25.94387275797741,4587948185.55531
2023-11-01,601899,0.5766666666666664,99.97043364141524,11518583367.1205
2023-11-02,000630,0.35000000000000003,17.10313429936418,4193917712.203708
2023-11-02,600362,0.6033333333333333,26.23434169250555,176853567.65168765
2023-11-02,601899,0.4866666666666666,100.6202663056316,16493100517.301188
2023-11-03,000630,0.3,17.192378066262165,2451205022.035135
2023-11-03,600362,0.5366666666666666,26.03281319156647,846207005.9171447
2023-11-03,601899,0.6033333333333333,102.2392526038372,7405904740.864156
2023-11-06,000630,0.3,16.897685237010233,2899384252.0868297
2023-11-06,600362,0.5366666666666666,26.096509753648288,4883348532.416066
2023-11-06,601899,0.6033333333333333,103.31745669726207,2402254849.1593804
2023-11-07,000630,0.4133333333333334,17.285720575495795,3252095711.9164557
2023-11-07,600362,0.5,25.11698547434168,3747414045.5950193
2023-11-07,601899,0.5266666666666667,102.1680195370624,17567055349.65721
2023-11-08,000630,0.2766666666666667,17.10582298869768,2006665278.398837
2023-11-08,600362,0.5866666666666667,25.986011827532664,6475324357.243727
2023-11-08,601899,0.5766666666666668,101.82354460230788,3440821219.201188
2023-11-09,000630,0.3733333333333334,17.433809250670183,2543561388.8161287
2023-11-09,600362,0.5133333333333333,25.986198753944688,2461641424.5226755
2023-11-09,601899,0.5533333333333333,105.92611521557788,19109960964.25806
2023-11-10,000630,0.2966666666666667,17.43707317275335,1188270275.8450844
2023-11-10,600362,0.5666666666666667,27.08987707277524,5679254569.9342575
2023-11-10,601899,0.5766666666666665,105.6313139488296,9174502141.711643
2023-11-13,000630,0.33,17.253842550974003,373112619.7805577
2023-11-13,600362,0.5533333333333333,27.895454679616726,575109430.9477862
2023-11-13,601899,0.5566666666666666,105.88948809858664,24851849887.73469
2023-11-14,000630,0.27999999999999997,17.30602642399458,585452490.3078823
2023-11-14,600362,0.6466666666666666,28.138189778723067,3979114272.6354985
2023-11-14,601899,0.5133333333333334,103.73745635408233,6787023081.965836
2023-11-15,000630,0.2466666666666667,17.106841880124,486701626.278844
2023-11-15,600362,0.62,27.9621709186487,4271129332.659557
2023-11-15,601899,0.5733333333333334,101.09015740022627,11261918658.12499
2023-11-16,000630,0.38,16.686251860984065,859402041.3473788
2023-11-16,600362,0.48666666666666664,28.571300418817827,4133670030.424186
2023-11-16,601899,0.5733333333333335,102.20213195276833,10757510243.378923
2023-11-17,000630,0.38,16.406379904294113,1755732026.7340152
2023-11-17,600362,0.5599999999999999,29.903709067108544,5173897877.598426
2023-11-17,601899,0.49999999999999994,104.14246834929588,4393000085.391007
2023-11-20,000630,0.35333333333333333,16.487753401451332,1312110254.6655583
2023-11-20,600362,0.6399999999999999,29.67764537976683,5897072783.070264
2023-11-20,601899,0.44666666666666666,105.23398636057208,12369392177.997091
2023-11-21,000630,0.43333333333333335,16.210352611039593,3746708525.201148
2023-11-21,600362,0.56,29.41640851151784,1491270712.773099
2023-11-21,601899,0.4466666666666666,107.59685834755966,22501225280.99092
2023-11-22,000630,0.43333333333333335,16.006313077471425,962736514.564597
2023-11-22,600362,0.4433333333333333,28.546701775859407,173532545.42527175
2023-11-22,601899,0.5633333333333335,108.15887274235676,7668431629.771271
2023-11-23,000630,0.45999999999999996,15.890701064705873,1720832621.5589154
2023-11-23,600362,0.5033333333333333,29.877998177316663,319682629.2980174
2023-11-23,601899,0.47666666666666674,108.91813721533494,23113790193.809265
2023-11-24,000630,0.45999999999999996,15.97678194895269,2739081864.823178
2023-11-24,600362,0.5033333333333333,30.04207167259224,1353665707.4953337
2023-11-24,601899,0.47666666666666674,111.137856419894,27503218645.51732
2023-11-27,000630,0.43333333333333335,15.909550590925749,401154545.2850154
2023-11-27,600362,0.5833333333333331,30.021783320444232,1219541879.8647535
2023-11-27,601899,0.4233333333333334,110.6489421649122,7207981909.660441
2023-11-28,000630,0.4066666666666667,15.702333183085706,3171263622.689127
2023-11-28,600362,0.5966666666666666,30.246144985813498,5555648206.368206
2023-11-28,601899,0.4366666666666666,114.91281349187672,4151030035.61111
2023-11-29,000630,0.43333333333333335,15.533957215615594,1297863678.7604043
2023-11-29,600362,0.4033333333333334,29.99567499272402,1517286225.994455
2023-11-29,601899,0.6033333333333334,119.18709363383664,6090484322.10778
2023-11-30,000630,0.45999999999999996,15.662388022599233,3493694560.7686453
2023-11-30,600362,0.43,30.268973878336357,6454870787.144779
2023-11-30,601899,0.5499999999999999,121.04566395352651,12204235395.051989
2023-12-01,000630,0.45999999999999996,15.664079187110588,1503994395.1900165
2023-12-01,600362,0.43,29.875785338601247,346382842.7942767
2023-12-01,601899,0.5499999999999999,121.3114015432987,13177814926.845451
2023-12-04,000630,0.45999999999999996,15.632798703343262,557468728.3209614
2023-12-04,600362,0.6233333333333333,30.60538721428388,1152712122.422624
2023-12-04,601899,0.35666666666666663,120.10152235851083,4027364349.247944
2023-12-05,000630,0.45999999999999996,15.70498824272234,3780374418.385707
2023-12-05,600362,0.6199999999999999,31.289480705193604,968187272.5127352
2023-12-05,601899,0.35999999999999993,117.12253970644996,19770905451.9092
2023-12-06,000630,0.4100000000000001,15.786734090403362,2418655535.195927
2023-12-06,600362,0.5866666666666667,32.62805098871995,6065864645.287432
2023-12-06,601899,0.4433333333333333,116.99333947745754,28011738669.755554
2023-12-07,000630,0.4100000000000001,16.06005319190697,2600355482.5410213
2023-12-07,600362,0.5866666666666667,32.37415330707769,5532655389.965649
2023-12-07,601899,0.4433333333333333,116.23481597234994,2019765903.225136
2023-12-08,000630,0.4100000000000001,16.069334206562722,3306945245.837218
2023-12-08,600362,0.6133333333333333,33.32379700047162,3720391995.1815534
2023-12-08,601899,0.4166666666666667,116.65169940976496,17933670646.989094
2023-12-11,000630,0.42333333333333334,16.760997542660935,3980869328.262559
2023-12-11,600362,0.5333333333333334,33.55118954244298,2877477509.680171
2023-12-11,601899,0.48333333333333334,115.89313429319904,17890620159.169437
2023-12-12,000630,0.37,17.047892498771514,1448058217.5811515
2023-12-12,600362,0.6133333333333333,34.42633962213845,992463174.4307804
2023-12-12,601899,0.4566666666666666,115.060222419069,2726605102.709162
2023-12-13,000630,0.29333333333333333,17.00863515788364,366661951.5525608
2023-12-13,600362,0.6099999999999998,35.130723729693685,376197355.0594248
2023-12-13,601899,0.5366666666666667,116.4628703146678,25600786628.561054
2023-12-14,000630,0.31666666666666665,16.690543546999656,489046278.3619275
2023-12-14,600362,0.5599999999999999,35.21257529616144,6379983412.519951
2023-12-14,601899,0.5633333333333334,118.22932073089449,11481757722.256306
2023-12-15,000630,0.32333333333333336,16.120621684173873,3496167888.066051
2023-12-15,600362,0.5000000000000001,34.083172776406265,5618638298.728794
2023-12-15,601899,0.6166666666666667,118.25606309759485,26168836900.441525
2023-12-18,000630,0.2966666666666667,15.900248491031425,881519316.4918767
2023-12-18,600362,0.5766666666666665,34.02062327950773,5014775953.892557
2023-12-18,601899,0.5666666666666668,118.22751300179212,5346082619.422837
2023-12-19,000630,0.37333333333333335,15.914025701609896,2391319480.649841
2023-12-19,600362,0.5100000000000001,32.972911407443696,2912919317.885517
2023-12-19,601899,0.5566666666666668,116.06466297980718,22315265279.54301
2023-12-20,000630,0.4066666666666667,15.898428703049316,737140185.8741033
2023-12-20,600362,0.5100000000000001,34.0226792612153,669855520.6344374
2023-12-20,601899,0.5233333333333334,119.7154115973586,29191669337.805435
2023-12-21,000630,0.38,15.71848232359005,524085637.6331395
2023-12-21,600362,0.4833333333333332,34.92683995005645,8571353879.935412
2023-12-21,601899,0.5766666666666668,120.99593609212056,19078215717.229248
2023-12-22,000630,0.30333333333333334,15.153596400347071,1049818428.2214448
2023-12-22,600362,0.5166666666666667,34.59206489148495,1516699462.7866251
2023-12-22,601899,0.62,122.04425411217215,1312878859.1862807
2023-12-25,000630,0.35333333333333333,15.09639904221146,2462799366.2281013
2023-12-25,600362,0.5266666666666667,35.50288644054044,7779019696.543594
2023-12-25,601899,0.56,119.2911521239562,27432527357.650917
2023-12-26,000630,0.3566666666666667,14.96020701208511,1359474403.7471066
2023-12-26,600362,0.44,34.213047204093705,7280799885.494612
2023-12-26,601899,0.6433333333333334,119.85083532060388,6371342316.144494
2023-12-27,000630,0.33,15.121976864648886,3148968706.1430683
2023-12-27,600362,0.5833333333333334,34.40725853823627,1351231535.136053
2023-12-27,601899,0.5266666666666667,121.28507628750982,28524030425.92625
2023-12-28,000630,0.3566666666666667,14.94854531649154,2331209198.7070074
2023-12-28,600362,0.5599999999999999,34.84063244943626,4769957823.324174
2023-12-28,601899,0.5233333333333333,118.08832992731844,10538214371.54689
2023-12-29,000630,0.2800000000000001,15.1774619299192,134296254.14069706
2023-12-29,600362,0.4666666666666666,34.75887182343015,5668337781.477695
2023-12-29,601899,0.6933333333333334,121.52974563430374,25652595932.28534
2024-01-01,000630,0.23000000000000004,15.300155619693385,1424323616.9640586
2024-01-01,600362,0.6266666666666666,34.60425801253108,3171660188.9901385
2024-01-01,601899,0.5833333333333334,118.89158922850844,14881160879.057644
2024-01-02,000630,0.2566666666666667,15.60685315190684,744737182.8145818
2024-01-02,600362,0.5233333333333333,34.53995223085664,188104579.84924528
2024-01-02,601899,0.66,116.89217944091124,25415667859.13228
2024-01-03,000630,0.2566666666666667,15.3454241558727,587608516.319093
2024-01-03,600362,0.5033333333333333,34.80477325349871,7212234672.158027
2024-01-03,601899,0.68,120.27473053710573,28597205498.46632
2024-01-04,000630,0.2566666666666667,15.285519434955544,2014666618.2218409
2024-01-04,600362,0.5499999999999999,35.39350814195459,8435324177.419595
2024-01-04,601899,0.6333333333333334,118.92332802682348,2272303705.6069245
2024-01-05,000630,0.2733333333333334,15.18961044756148,331763876.59041405
2024-01-05,600362,0.46666666666666673,36.033292589691,5388238407.399444
2024-01-05,601899,0.7,119.44965436844817,22648502560.803787
2024-01-08,000630,0.4066666666666667,15.225125836012587,931515828.9995908
2024-01-08,600362,0.47333333333333344,36.35577418169352,4274144778.20629
2024-01-08,601899,0.56,121.24917652623525,27997416978.23758
2024-01-09,000630,0.39666666666666667,15.682464938870126,3708940595.958638
2024-01-09,600362,0.5766666666666668,35.913788190775705,1896276747.5035095
2024-01-09,601899,0.4666666666666665,115.99822187759057,9359420930.593084
2024-01-10,000630,0.32,14.724313238252286,2589698960.461898
2024-01-10,600362,0.5933333333333334,36.65036192644542,7412238831.691982
2024-01-10,601899,0.5266666666666665,112.58538031709634,18380148780.743626
2024-01-11,000630,0.32,15.01410663553714,1240346878.785658
2024-01-11,600362,0.5666666666666665,36.41063848643568,230384673.95907316
2024-01-11,601899,0.5533333333333332,109.62515255836982,12149415820.071196
2024-01-12,000630,0.31999999999999995,15.625847865589202,2455187907.108905
2024-01-12,600362,0.6166666666666666,35.82505905284245,6368574175.247033
2024-01-12,601899,0.5033333333333333,110.08986963671852,12172791011.54946
2024-01-15,000630,0.2933333333333333,15.554424135712123,2123945727.6345956
2024-01-15,600362,0.6433333333333332,35.92417122880327,1720731877.6884477
2024-01-15,601899,0.5033333333333333,110.12243917862284,23305024595.22535
2024-01-16,000630,0.36333333333333334,15.546542027195867,2925004149.7067666
2024-01-16,600362,0.5733333333333334,35.72020904775184,2770945208.586682
2024-01-16,601899,0.5033333333333333,110.78582320115788,25652147161.92314
2024-01-17,000630,0.2933333333333333,15.613717218376648,196522051.7690977
2024-01-17,600362,0.6433333333333332,36.62570325496221,3851742082.8081007
2024-01-17,601899,0.5033333333333333,109.91031173626196,8073890598.802895
2024-01-18,000630,0.30666666666666664,15.710246584605793,3749273912.7860494
2024-01-18,600362,0.6799999999999999,36.22470842630391,7750167693.682442
2024-01-18,601899,0.45333333333333337,109.404089368173,12938368297.67675
2024-01-19,000630,0.35666666666666663,15.76865660072172,3343079771.7401505
2024-01-19,600362,0.58,36.4120727233224,3359854827.6064
2024-01-19,601899,0.5033333333333333,108.16386575498548,15544218331.262386
2024-01-22,000630,0.30999999999999994,15.638967046341447,3885915795.290261
2024-01-22,600362,0.6266666666666666,37.12238222877148,3572509576.168052
2024-01-22,601899,0.5033333333333333,109.38484507894896,19719484208.42162
2024-01-23,000630,0.3433333333333333,15.417128154269976,2552228480.298623
2024-01-23,600362,0.62,36.63019468030495,6625336279.001969
2024-01-23,601899,0.4766666666666667,109.25625998255248,24156701115.28033
2024-01-24,000630,0.35999999999999993,15.241671843721548,1913506546.6169157
2024-01-24,600362,0.7366666666666667,36.40910374875212,4358704932.550735
2024-01-24,601899,0.3433333333333334,112.3728580665499,5627441698.114105
2024-01-25,000630,0.4333333333333333,15.22387461792898,2486864068.075091
2024-01-25,600362,0.6266666666666666,37.38295296934825,5806667916.661785
2024-01-25,601899,0.3800000000000001,112.87125147914068,5635605150.727754
2024-01-26,000630,0.4399999999999999,16.097152404617283,2857141530.044178
2024-01-26,600362,0.6566666666666666,37.386150591548976,3062680933.6898103
2024-01-26,601899,0.3433333333333334,115.05481019198476,25894661284.6058
2024-01-29,000630,0.3566666666666667,16.28505519290513,3528802095.728536
2024-01-29,600362,0.6733333333333333,37.691424644685526,5379440737.848381
2024-01-29,601899,0.41000000000000003,115.25513336966522,7932803370.593991
2024-01-30,000630,0.3,16.35334131406728,221471666.08228177
2024-01-30,600362,0.7066666666666667,36.795633497394846,5247719658.131458
2024-01-30,601899,0.43333333333333335,112.64912761101968,19590719663.530342
2024-01-31,000630,0.3733333333333333,16.394500847595996,1355354697.9218628
2024-01-31,600362,0.6166666666666666,37.01711327120744,8702889907.07059
2024-01-31,601899,0.44999999999999996,111.30193382579432,3490907243.092361
2024-02-01,000630,0.3466666666666666,16.62741330600292,468487346.344616
2024-02-01,600362,0.5833333333333333,37.23474012119332,8682884476.555447
2024-02-01,601899,0.5099999999999999,112.18518398527245,27794249543.4584
2024-02-02,000630,0.3466666666666666,16.4740772434094,3761997215.59683
2024-02-02,600362,0.6166666666666666,37.59842037653026,4538369969.337612
2024-02-02,601899,0.47666666666666657,112.00913900071892,21678472780.477142
2024-02-05,000630,0.35666666666666663,16.193317722600945,1546534712.4381418
2024-02-05,600362,0.6733333333333333,36.26872174898153,2875300842.1992326
2024-02-05,601899,0.41000000000000003,116.20696996635586,16799518716.671215
2024-02-06,000630,0.40666666666666657,15.964065493429656,2782293961.709289
2024-02-06,600362,0.6499999999999999,36.092740515065984,4760051380.814911
2024-02-06,601899,0.3833333333333334,113.57425007102732,13286245138.63398
2024-02-07,000630,0.42333333333333334,16.290694447881044,2381815192.2107887
2024-02-07,600362,0.49333333333333323,36.514207158660106,4412782100.751948
2024-02-07,601899,0.5233333333333333,114.2145756083688,15486696950.46555
2024-02-08,000630,0.5266666666666667,16.434736427095036,2555994304.6138854
2024-02-08,600362,0.36666666666666675,36.91632585880502,5832609670.592242
2024-02-08,601899,0.5466666666666666,113.92511970312272,10678725525.324327
2024-02-09,000630,0.39333333333333326,16.848017101908255,4126692656.079841
2024-02-09,600362,0.5433333333333334,37.17269270378205,8630179615.22721
2024-02-09,601899,0.5033333333333333,114.02393686977786,23904650866.60776
2024-02-12,000630,0.47000000000000003,16.79808948273172,2058538673.750841
2024-02-12,600362,0.49000000000000005,38.14290501117348,4813157826.097454
2024-02-12,601899,0.47999999999999987,116.0423265051284,23496087811.50129
2024-02-13,000630,0.3666666666666666,17.402291049261436,3410929096.194068
2024-02-13,600362,0.4533333333333333,37.77462756936008,7850421315.496092
2024-02-13,601899,0.6199999999999999,117.96198117050888,28449752121.354176
2024-02-14,000630,0.4333333333333334,17.459290475776523,664441233.9204369
2024-02-14,600362,0.6766666666666665,38.28548317981646,7106987842.345781
2024-02-14,601899,0.33,113.50243112620004,9755522605.053782
2024-02-15,000630,0.5100000000000001,17.760914736379277,707385264.3034611
2024-02-15,600362,0.6233333333333333,38.258675233732674,1983413893.202216
2024-02-15,601899,0.30666666666666664,110.09673230771487,14203810638.15614
2024-02-16,000630,0.5700000000000002,17.994822995131926,3573554109.4749594
2024-02-16,600362,0.4966666666666667,38.28299512601307,7564413572.939175
2024-02-16,601899,0.37333333333333324,113.95173950819152,25355777598.708076
2024-02-19,000630,0.5100000000000001,18.487479694074747,1178501031.8305194
2024-02-19,600362,0.57,38.93845298583342,5044024898.260084
2024-02-19,601899,0.35999999999999993,113.951405064968,13605581257.087557
2024-02-20,000630,0.5100000000000001,18.207968873726028,3984630087.529317
2024-02-20,600362,0.5966666666666666,39.35969575013423,1174394921.94463
2024-02-20,601899,0.3333333333333333,115.78607111951668,16833511635.282484
2024-02-21,000630,0.5633333333333336,18.721115378965884,1785131363.734375
2024-02-21,600362,0.5433333333333332,40.41921495766249,6525310398.136998
2024-02-21,601899,0.3333333333333333,112.34729103185845,19553169695.22491
2024-02-22,000630,0.5633333333333336,19.516213535601207,3912708070.685008
2024-02-22,600362,0.5433333333333332,40.00105188847031,4901388889.472099
2024-02-22,601899,0.3333333333333333,111.68146647492928,18033574940.5462
2024-02-23,000630,0.5900000000000002,19.125176075338853,3130718647.863884
2024-02-23,600362,0.5433333333333332,39.53759133140645,4694132160.894297
2024-02-23,601899,0.30666666666666664,113.44703140091016,7951264192.123851
2024-02-26,000630,0.6133333333333334,18.903459214789024,4636264297.365077
2024-02-26,600362,0.52,40.375073028096864,10090683601.44487
2024-02-26,601899,0.30666666666666664,114.84949357330215,28470098386.63266
2024-02-27,000630,0.6133333333333334,18.885170913392376,3648683007.082695
2024-02-27,600362,0.5466666666666667,40.96450366372624,718992582.5042573
2024-02-27,601899,0.27999999999999997,115.253945775697,4659359740.479525
2024-02-28,000630,0.64,19.221894909320188,3897523676.909326
2024-02-28,600362,0.5333333333333333,39.983865276572914,2855115872.644659
2024-02-28,601899,0.2666666666666666,120.28814058439154,8625225034.161621
2024-02-29,000630,0.6900000000000001,19.33752119972134,3905169863.737085
2024-02-29,600362,0.6033333333333333,40.360071319011965,9733505211.770763
2024-02-29,601899,0.14666666666666672,117.31593865057523,16082830298.013496
2024-03-01,000630,0.64,19.52698077704278,2246477598.098731
2024-03-01,600362,0.5200000000000001,40.55221502526788,4930687051.821286
2024-03-01,601899,0.27999999999999997,115.0783850627114,17685211692.921967
2024-03-04,000630,0.6266666666666667,19.287250608281827,2699673113.417363
2024-03-04,600362,0.64,40.876090472493225,9408878943.003729
2024-03-04,601899,0.17333333333333334,118.8670996095414,11133544244.408163
2024-03-05,000630,0.62,19.18164396080683,3874964459.427223
2024-03-05,600362,0.6866666666666665,40.44307545468922,9758012226.63387
2024-03-05,601899,0.1333333333333333,120.3812623896662,8688926909.266283
2024-03-06,000630,0.6333333333333334,19.40653207995608,2128983898.5655413
2024-03-06,600362,0.6266666666666665,41.89741282442868,1716097080.5821865
2024-03-06,601899,0.18,120.06201003393542,2357213461.599264
2024-03-07,000630,0.7066666666666668,19.698991067842968,1892109760.956492
2024-03-07,600362,0.51,44.10408021566543,5351950746.826612
2024-03-07,601899,0.22333333333333333,120.33693739387292,17250961828.56735
2024-03-08,000630,0.6333333333333333,19.61892667960692,2002411637.2320845
2024-03-08,600362,0.6099999999999999,45.90386772082841,2367055890.9583774
2024-03-08,601899,0.19666666666666666,120.48419953544052,11335575186.99262
2024-03-11,000630,0.6766666666666666,20.3049790222804,4988155665.07774
2024-03-11,600362,0.42999999999999994,44.54820032338775,4974448060.190899
2024-03-11,601899,0.3333333333333333,123.14835158191974,22666722536.673622
2024-03-12,000630,0.69,20.69291401681686,1700636792.0150852
2024-03-12,600362,0.44333333333333347,43.69453222106471,5855368809.894997
2024-03-12,601899,0.30666666666666664,120.52922571665287,1564457296.879583
2024-03-13,000630,0.6466666666666666,20.91431180366086,3384772222.3044734
2024-03-13,600362,0.3833333333333333,42.88407620367916,3516610035.707441
2024-03-13,601899,0.41,121.58502247863616,7480968372.581261
2024-03-14,000630,0.6466666666666666,20.96394848928567,2558264176.465113
2024-03-14,600362,0.4866666666666666,43.07847280495946,10541173059.955166
2024-03-14,601899,0.30666666666666675,120.33615789866134,513787259.76412445
2024-03-15,000630,0.6466666666666666,21.15445162435822,2770118323.190324
2024-03-15,600362,0.5133333333333333,43.138064530044105,7591328750.835836
2024-03-15,601899,0.2800000000000001,115.07062807048877,9444456320.073786
2024-03-18,000630,0.6466666666666666,21.13757054483602,2532141443.3057594
2024-03-18,600362,0.5399999999999999,41.48828714138631,1640608677.890266
2024-03-18,601899,0.2533333333333334,115.67441169504414,16310751393.147886
2024-03-19,000630,0.5933333333333334,21.31739438137345,2472468142.9714656
2024-03-19,600362,0.5199999999999998,40.99529538225509,817917635.8190625
2024-03-19,601899,0.3266666666666667,118.68085152121962,14198751582.380823
2024-03-20,000630,0.6466666666666666,20.38251321354646,2080139424.2598052
2024-03-20,600362,0.3766666666666667,41.88710845109959,3139648213.95217
2024-03-20,601899,0.4166666666666667,120.95391756582517,15323264763.878178
2024-03-21,000630,0.4266666666666667,20.12144975176482,1584171799.6813202
2024-03-21,600362,0.5166666666666665,42.52039169620808,9664689438.746294
2024-03-21,601899,0.49666666666666665,119.8838774561434,3767039150.977921
2024-03-22,000630,0.47333333333333333,20.179369365656,3338497065.160431
2024-03-22,600362,0.4233333333333333,41.93995241394936,4253910657.4135046
2024-03-22,601899,0.5433333333333332,120.38314774921076,12132647009.497358
2024-03-25,000630,0.6266666666666666,19.56070724422506,2009520356.967351
2024-03-25,600362,0.5433333333333333,41.622968615508,4213909342.63403
2024-03-25,601899,0.27,116.67297977172356,10123551112.620771
2024-03-26,000630,0.6666666666666665,19.77419543598892,3018807772.0398126
2024-03-26,600362,0.4799999999999999,42.73439670306361,7010287185.240005
2024-03-26,601899,0.29333333333333333,117.56223835886772,10995972352.867647
2024-03-27,000630,0.5666666666666665,19.96928795471908,1267286958.3247912
2024-03-27,600362,0.5533333333333335,43.00255994581028,3754777122.180414
2024-03-27,601899,0.32,119.35961308465502,25547039298.88367
2024-03-28,000630,0.59,19.828038955403123,2330655114.150532
2024-03-28,600362,0.5266666666666668,42.26270569918098,3678165539.70542
2024-03-28,601899,0.32333333333333336,116.32222394913532,6470702880.508131
2024-03-29,000630,0.5199999999999999,19.53930075608994,4478165445.966438
2024-03-29,600362,0.5133333333333333,41.78253697332422,5374287174.701222
2024-03-29,601899,0.4066666666666667,117.82727153650312,24892271863.891724
2024-04-01,000630,0.75,19.63160612207922,2716187796.6780243
2024-04-01,600362,0.39999999999999997,40.441886304554025,4074782917.4447975
2024-04-01,601899,0.29,119.4896611838134,7902209763.069132
2024-04-02,000630,0.69,19.396402001188005,1146162488.853201
2024-04-02,600362,0.5266666666666665,39.64163078296531,8393437446.406515
2024-04-02,601899,0.22333333333333333,116.86630657552884,19083870518.341503
2024-04-03,000630,0.7566666666666666,19.08523163685217,593325498.1727877
2024-04-03,600362,0.3933333333333333,39.69533512225784,2796147345.0788665
2024-04-03,601899,0.29,117.66937897365077,17718290310.777515
2024-04-04,000630,0.6766666666666665,18.551633552395987,2491063264.0051417
2024-04-04,600362,0.55,39.02494478419486,3091638078.1879635
2024-04-04,601899,0.21333333333333332,112.72614894876344,15942678883.985294
2024-04-05,000630,0.61,18.65196995151684,4043340472.543908
2024-04-05,600362,0.5033333333333333,39.59985853154324,5455153751.743949
2024-04-05,601899,0.3266666666666666,111.41830061165784,6591595798.826167
2024-04-08,000630,0.69,18.992062989112213,4381852571.260568
2024-04-08,600362,0.5100000000000001,39.90155483884343,1399702652.036305
2024-04-08,601899,0.23999999999999994,108.80395905067893,24699858753.992245
2024-04-09,000630,0.69,19.40664410356031,3867396790.910116
2024-04-09,600362,0.4433333333333334,40.71434326547959,1832686947.7120123
2024-04-09,601899,0.3066666666666666,112.69623515662909,18467813795.704697
2024-04-10,000630,0.4966666666666666,19.5997067010703,3141578187.994456
2024-04-10,600362,0.6433333333333334,41.32696845963047,356440970.26746684
2024-04-10,601899,0.2999999999999999,115.68015553712289,763859203.0427297
2024-04-11,000630,0.5866666666666666,19.34827611242593,3259946541.147587
2024-04-11,600362,0.4633333333333333,41.3858845501133,7339323103.055633
2024-04-11,601899,0.39000000000000007,118.17947179841865,9694616610.039677
2024-04-12,000630,0.5599999999999999,19.5203687160429,623785094.5423805
2024-04-12,600362,0.5133333333333333,41.78706515460458,1162177677.3733473
2024-04-12,601899,0.36666666666666664,119.85515229767236,25394322378.58456
2024-04-15,000630,0.5099999999999999,19.64575609392628,4015973673.266753
2024-04-15,600362,0.5166666666666666,40.298712643198655,5156840882.871973
2024-04-15,601899,0.4133333333333333,115.62518749166628,12443108614.58441
2024-04-16,000630,0.5466666666666666,19.2618038866758,1360488175.0413527
2024-04-16,600362,0.6133333333333333,40.49640741212849,9685136995.247614
2024-04-16,601899,0.27999999999999997,115.78534682872554,8174746528.009778
2024-04-17,000630,0.6133333333333333,18.608948400703525,4233991680.395869
2024-04-17,600362,0.48,39.52823182857107,3219210822.704291
2024-04-17,601899,0.3466666666666666,116.88990493218878,27497333193.1245
2024-04-18,000630,0.54,18.77096458932906,903363933.4402146
2024-04-18,600362,0.47666666666666657,38.890146335199496,3298020524.7370906
2024-04-18,601899,0.4233333333333333,113.48027912518016,22104857614.877583
2024-04-19,000630,0.5233333333333335,19.24881977257366,2556984345.3590264
2024-04-19,600362,0.5266666666666666,39.20292293238936,1480235724.9580371
2024-04-19,601899,0.39000000000000007,116.60557690414146,22039013741.651875
2024-04-22,000630,0.7,19.12193414968669,816365085.878914
2024-04-22,600362,0.4000000000000001,39.84563799084432,4380880468.232767
2024-04-22,601899,0.34,116.40279143801666,11672697321.217154
2024-04-23,000630,0.6466666666666667,19.64600246093593,4567222103.508296
2024-04-23,600362,0.39666666666666667,40.819317146003456,2715133617.3518515
2024-04-23,601899,0.39666666666666667,117.33395886462078,6798317843.220242
2024-04-24,000630,0.7133333333333334,19.84870808067981,4836117875.149554
2024-04-24,600362,0.3733333333333334,40.40661488006242,6197336272.599157
2024-04-24,601899,0.35333333333333333,116.93329983440616,18501771366.29892
2024-04-25,000630,0.7133333333333334,19.759768329897167,4320431849.818522
2024-04-25,600362,0.41333333333333333,40.661637051927215,449099648.9111257
2024-04-25,601899,0.3133333333333333,114.453942271205,2957638658.412889
2024-04-26,000630,0.6866666666666665,19.811225078694108,982494123.0826612
2024-04-26,600362,0.54,40.31540985693584,571063749.0825106
2024-04-26,601899,0.21333333333333332,109.63318385181697,15977962141.200577
2024-04-29,000630,0.6633333333333333,20.022684335224035,3503567302.7090683
2024-04-29,600362,0.5633333333333332,39.536062174044346,1300653419.7954936
2024-04-29,601899,0.21333333333333332,108.50431728098718,23940056201.49344
2024-04-30,000630,0.63,19.88101523420961,3635905673.3825264
2024-04-30,600362,0.5299999999999999,39.74867734754476,4450389111.598624
2024-04-30,601899,0.27999999999999997,104.21575059949704,4541816205.3016205
2024-05-01,000630,0.63,19.84766786156519,1081300945.0980716
2024-05-01,600362,0.5299999999999999,39.33765169286188,5385521205.011256
2024-05-01,601899,0.27999999999999997,104.50911026817812,5616361389.455999
2024-05-02,000630,0.6266666666666666,20.42937063519252,4780703580.523227
2024-05-02,600362,0.48,40.688781404322384,2174115519.020877
2024-05-02,601899,0.3333333333333333,103.67155492507268,14633364383.53992
2024-05-03,000630,0.6266666666666666,21.052295241126007,4778449973.830781
2024-05-03,600362,0.5066666666666667,39.27275186739888,8384748232.790408
2024-05-03,601899,0.30666666666666664,104.38431683360854,21556373954.01345
2024-05-06,000630,0.6266666666666666,21.197376299720027,3806900401.7956185
2024-05-06,600362,0.5333333333333333,39.41103203418683,6125045838.077129
2024-05-06,601899,0.27999999999999997,106.03879726213388,23425879013.55609
2024-05-07,000630,0.6,20.66027421060893,1625624751.877869
2024-05-07,600362,0.5833333333333333,38.93086548340478,8584800871.207521
2024-05-07,601899,0.2566666666666667,104.59361489869896,9208296343.343578
2024-05-08,000630,0.6533333333333332,20.77307582674557,1618237148.0565586
2024-05-08,600362,0.5566666666666666,38.80362349769278,4535239462.45279
2024-05-08,601899,0.23000000000000004,103.51716124883262,25608075349.736214
2024-05-09,000630,0.6766666666666666,21.16065652193747,4720371132.318157
2024-05-09,600362,0.5699999999999998,38.35645080689514,6713126841.997384
2024-05-09,601899,0.1933333333333333,107.79513698716096,15783072910.790243
2024-05-10,000630,0.7033333333333333,21.04453435223858,409412998.0090606
2024-05-10,600362,0.5766666666666665,39.11727588957447,4991043641.847407
2024-05-10,601899,0.15999999999999998,110.68788690139075,20393601171.83722
2024-05-13,000630,0.6533333333333332,21.179028783482856,1041614286.2119836
2024-05-13,600362,0.45999999999999996,38.77370255398668,2405795799.737467
2024-05-13,601899,0.3266666666666666,114.73810389557345,19530892152.26036
2024-05-14,000630,0.6266666666666666,21.64169291757959,2305452755.631794
2024-05-14,600362,0.5533333333333332,39.05282355165219,5467219559.525324
2024-05-14,601899,0.25999999999999995,112.54144955160837,4499170816.029244
2024-05-15,000630,0.6766666666666666,21.47617051736352,5330087003.639435
2024-05-15,600362,0.6233333333333332,39.91010035041158,7206698523.604976
2024-05-15,601899,0.14,108.98463936299554,20521088293.432262
2024-05-16,000630,0.7599999999999999,21.59321667438848,126071995.55341712
2024-05-16,600362,0.5033333333333333,39.79465045401511,9412449595.96115
2024-05-16,601899,0.17666666666666664,110.51652190962284,25459923237.015827
2024-05-17,000630,0.7099999999999999,21.5237412267032,3845885758.502677
2024-05-17,600362,0.5233333333333333,40.0861963897053,1412076354.023759
2024-05-17,601899,0.20666666666666667,110.37251650884546,6996602119.508921
2024-05-20,000630,0.7099999999999999,21.768441244561267,1338961583.0440924
2024-05-20,600362,0.5033333333333333,40.32786593763878,2970534473.820097
2024-05-20,601899,0.22666666666666663,111.729747670737,8685434837.907179
2024-05-21,000630,0.7533333333333333,21.220455487685808,2222955180.749173
2024-05-21,600362,0.51,41.357804283611216,9089568596.086931
2024-05-21,601899,0.17666666666666664,113.1845680113723,23622909648.04873
2024-05-22,000630,0.65,20.559854009360773,3792499454.362301
2024-05-22,600362,0.6166666666666666,40.76239480386441,8089753787.648696
2024-05-22,601899,0.17333333333333334,117.31403480155168,19263949952.30712
2024-05-23,000630,0.7033333333333334,20.218624950329136,4649246523.115749
2024-05-23,600362,0.49000000000000005,40.2819603562115,2611173346.9944844
2024-05-23,601899,0.24666666666666665,116.33823200555123,5982274763.250252
2024-05-24,000630,0.6799999999999999,20.41215045418848,2705479492.7893224
2024-05-24,600362,0.38,41.31722963180231,3595123706.7831244
2024-05-24,601899,0.37999999999999995,116.40116661153684,9709777914.651264
2024-05-27,000630,0.6066666666666666,20.67012521378745,2148314324.8821354
2024-05-27,600362,0.45,42.201633492703095,6777063258.836157
2024-05-27,601899,0.38333333333333336,116.16427094420972,25831588326.989048
2024-05-28,000630,0.5533333333333333,20.71126354992069,325235184.9034696
2024-05-28,600362,0.42666666666666664,42.053444547481774,1781951632.532719
2024-05-28,601899,0.4599999999999999,117.981610222604,17104749685.013706
2024-05-29,000630,0.5266666666666666,20.46864541165425,3812352754.4504633
2024-05-29,600362,0.45666666666666667,43.55063706758721,10685305586.825966
2024-05-29,601899,0.4566666666666667,120.57077838943728,13681648506.963003
2024-05-30,000630,0.4733333333333332,19.664238448302587,1726594859.867071
2024-05-30,600362,0.39666666666666667,42.30489677407249,6101808711.801249
2024-05-30,601899,0.5700000000000001,119.65705576774523,6236238569.681039
2024-05-31,000630,0.35666666666666663,19.614467180404336,302659074.38051105
2024-05-31,600362,0.49000000000000005,42.3029138863804,5145210349.589898
2024-05-31,601899,0.5933333333333333,122.82382645083642,11721421664.91738
2024-06-03,000630,0.4666666666666666,19.776236426431822,616247303.284042
2024-06-03,600362,0.3533333333333334,40.79267697097552,8615605101.851793
2024-06-03,601899,0.62,121.03032977960385,27498248265.354706
2024-06-04,000630,0.4666666666666666,19.86092666213024,552753422.1190791
2024-06-04,600362,0.3533333333333334,40.3914682202266,674008391.0440992
2024-06-04,601899,0.62,121.2192366231676,20284208838.41409
2024-06-05,000630,0.39000000000000007,20.03651616044875,1930207766.05875
2024-06-05,600362,0.4033333333333333,41.03917113044295,7466088143.159851
2024-06-05,601899,0.6466666666666666,121.38129846827582,26572320473.61092
2024-06-06,000630,0.30333333333333334,21.045108560732093,3887907027.683344
2024-06-06,600362,0.33999999999999997,40.12653174953459,2874106975.74534
2024-06-06,601899,0.7966666666666665,121.74428510295978,4778122306.292883
2024-06-07,000630,0.22666666666666663,21.54802448834041,3397630012.0504994
2024-06-07,600362,0.39,40.61653755918875,4567163120.726782
2024-06-07,601899,0.8233333333333331,124.56108580799614,11516756064.395773
2024-06-10,000630,0.37333333333333335,21.99665053926117,2246746684.740352
2024-06-10,600362,0.29666666666666663,40.25064076275215,8771777865.721737
2024-06-10,601899,0.7699999999999999,124.80782270773364,4068036096.4649534
2024-06-11,000630,0.2,22.15564280204288,870379996.349694
2024-06-11,600362,0.4833333333333333,40.77497065394276,9821932016.080648
2024-06-11,601899,0.7566666666666666,123.37277588265222,5679305353.149247
2024-06-12,000630,0.3,22.064114051111765,1469364088.0565982
2024-06-12,600362,0.4,41.21798991236663,6851794238.901433
2024-06-12,601899,0.74,121.2173478507566,14160331776.02533
2024-06-13,000630,0.3,22.00566953052261,4693514434.888763
2024-06-13,600362,0.42000000000000004,41.65012741922204,10110572596.028893
2024-06-13,601899,0.72,118.94613922348464,6339258279.143458
2024-06-14,000630,0.26666666666666666,22.6204288432651,493247499.0989328
2024-06-14,600362,0.4866666666666666,42.18741256130889,247104331.59535456
2024-06-14,601899,0.6866666666666665,118.35369184835726,11590341536.602072
2024-06-17,000630,0.3233333333333334,22.32925082503093,262502672.6990636
2024-06-17,600362,0.43000000000000005,42.11159589505976,7415300375.213798
2024-06-17,601899,0.6866666666666665,117.52948739221814,24458838315.168472
2024-06-18,000630,0.48999999999999994,22.80241828606919,550961151.5953182
2024-06-18,600362,0.43666666666666665,43.0239148495734,570587461.1265274
2024-06-18,601899,0.5133333333333333,117.67971269744798,16396337906.077969
2024-06-19,000630,0.5000000000000001,23.48297339673841,343457272.3060166
2024-06-19,600362,0.4266666666666667,42.55843876533866,912218855.7156514
2024-06-19,601899,0.5133333333333333,113.80205916251022,23377890425.31191
2024-06-20,000630,0.5000000000000001,22.93034278516758,1408090438.511621
2024-06-20,600362,0.36000000000000004,41.56743936293836,4125763723.736638
2024-06-20,601899,0.5799999999999998,115.2872502030195,21644570203.190838
2024-06-21,000630,0.5266666666666667,22.93522399805003,2682808837.2911057
2024-06-21,600362,0.39999999999999997,42.722432096589394,293353579.9912311
2024-06-21,601899,0.5133333333333333,117.81682050283136,10672448466.931028
2024-06-24,000630,0.5566666666666665,22.433891862996383,4844984810.754112
2024-06-24,600362,0.37000000000000005,43.21916646995071,3065807758.462364
2024-06-24,601899,0.5133333333333333,116.56675154924427,11931959195.383123
2024-06-25,000630,0.5266666666666667,23.27337675587377,2232752345.1138306
2024-06-25,600362,0.3233333333333333,42.075481261063885,7960790450.844565
2024-06-25,601899,0.5900000000000001,118.0659433248279,15442482283.548197
2024-06-26,000630,0.6266666666666666,23.53160566171192,5453896712.60931
2024-06-26,600362,0.37666666666666665,43.20589297426846,2129774005.9164
2024-06-26,601899,0.43666666666666676,114.358785888622,16779658807.622908
2024-06-27,000630,0.6533333333333333,23.17925678786345,4999584890.939202
2024-06-27,600362,0.37666666666666665,43.375485324339365,4763981603.754581
2024-06-27,601899,0.4100000000000001,117.11581917311288,19960716621.842915
2024-06-28,000630,0.6366666666666665,22.97794868798445,1020050884.9262187
2024-06-28,600362,0.44666666666666666,43.18186853035958,6643120245.644783
2024-06-28,601899,0.3566666666666667,111.88274120953488,1747351087.3881528
2024-07-01,000630,0.5533333333333335,22.479859641895573,4254794506.225074
2024-07-01,600362,0.5133333333333333,41.66033355487927,7049907455.324113
2024-07-01,601899,0.3733333333333334,113.95155277570588,1143583598.1911514
2024-07-02,000630,0.5866666666666667,22.733702418533472,430105736.1669603
2024-07-02,600362,0.5033333333333333,40.474913613298455,5555177845.933851
2024-07-02,601899,0.35000000000000003,111.31798104764462,9197681579.455952
2024-07-03,000630,0.6433333333333333,22.327061476466504,4518706991.037626
2024-07-03,600362,0.6066666666666667,40.538566491019296,6561466971.963507
2024-07-03,601899,0.19,109.34645952245376,18860361639.227585
2024-07-04,000630,0.6100000000000001,22.08898841666566,1221929705.7273192
2024-07-04,600362,0.5799999999999998,39.45093044291966,3580306070.858465
2024-07-04,601899,0.25,109.68277367124556,23902212626.04361
2024-07-05,000630,0.6599999999999999,22.27592382044396,1744955533.7735107
2024-07-05,600362,0.4733333333333334,40.18954973820701,8008812713.63094
2024-07-05,601899,0.30666666666666664,104.03882262291216,4494549964.4856415
2024-07-08,000630,0.55,23.005681489292005,2623556414.198116
2024-07-08,600362,0.5566666666666666,40.38744583584014,7925495053.509427
2024-07-08,601899,0.3333333333333333,102.81263248408172,13217592032.153543
2024-07-09,000630,0.5999999999999999,23.392252094590173,1682618728.515128
2024-07-09,600362,0.5333333333333333,39.43168098250744,5566026247.103016
2024-07-09,601899,0.30666666666666664,102.06364055517734,11194411540.64024
2024-07-10,000630,0.6599999999999999,23.59443605783101,139801752.52986032
2024-07-10,600362,0.5,39.89765292980696,8351253028.54311
2024-07-10,601899,0.27999999999999997,100.8010909226454,20602069686.479404
2024-07-11,000630,0.6033333333333335,23.039338893124857,4347834280.207718
2024-07-11,600362,0.5833333333333333,40.007122270330335,1039160996.6984682
2024-07-11,601899,0.2533333333333333,102.26926695323723,6591172439.722578
2024-07-12,000630,0.6033333333333335,22.73505599493788,4218444169.748734
2024-07-12,600362,0.5833333333333333,40.1635943751593,1317618926.1497886
2024-07-12,601899,0.2533333333333333,102.97466682134876,15651315262.043758
2024-07-15,000630,0.7000000000000001,22.255650011015653,4398406367.327035
2024-07-15,600362,0.45999999999999996,42.37985643252368,4540310825.085062
2024-07-15,601899,0.2800000000000001,100.7685393216245,16979861642.435286
2024-07-16,000630,0.6033333333333333,23.75410025132399,5744853132.661902
2024-07-16,600362,0.43000000000000005,41.72419384297957,4721609913.336792
2024-07-16,601899,0.40666666666666657,102.67601750009756,21218348114.854664
2024-07-17,000630,0.6033333333333333,23.47953341280561,2335567887.405306
2024-07-17,600362,0.43000000000000005,41.20600479150256,5067844117.297317
2024-07-17,601899,0.40666666666666657,100.1854102352038,19212035156.671806
2024-07-18,000630,0.6033333333333333,23.51828597467308,4314027399.363609
2024-07-18,600362,0.43000000000000005,41.19993038456581,2508976880.587135
2024-07-18,601899,0.40666666666666657,100.07660973973104,11416119164.12813
2024-07-19,000630,0.5466666666666666,24.092177866552984,4681611276.770869
2024-07-19,600362,0.48,41.24446871190516,357387445.8355294
2024-07-19,601899,0.4133333333333334,101.14628889466508,3802402553.0460334
2024-07-22,000630,0.5466666666666666,24.240416914171483,4817605906.6481085
2024-07-22,600362,0.6133333333333332,40.691183162942544,8122660047.673735
2024-07-22,601899,0.2800000000000001,103.69822611035885,11451384739.544315
2024-07-23,000630,0.5800000000000001,24.587513030696908,1271127707.4122715
2024-07-23,600362,0.4966666666666666,41.9669935492812,2474013023.521096
2024-07-23,601899,0.36333333333333334,102.55701988588604,11489473193.517803
2024-07-24,000630,0.5800000000000001,24.6108473194919,3650184892.122492
2024-07-24,600362,0.5466666666666666,42.15250484422854,401624850.9053251
2024-07-24,601899,0.3133333333333334,104.40240854358954,17174519852.886965
2024-07-25,000630,0.5733333333333335,25.358337976316257,173288738.39495477
2024-07-25,600362,0.5033333333333333,40.87629896804291,1236405853.035878
2024-07-25,601899,0.36333333333333345,103.3327154583764,6518930353.579501
2024-07-26,000630,0.5700000000000001,25.697012425348543,1674204044.4325807
2024-07-26,600362,0.43000000000000005,41.91767046490621,6649148559.825282
2024-07-26,601899,0.44,101.00498199551664,12931940558.33738
2024-07-29,000630,0.5700000000000001,25.0511636058582,162945293.67430463
2024-07-29,600362,0.4633333333333334,42.35127246835019,4299806110.148684
2024-07-29,601899,0.4066666666666667,104.1095765274296,12101249504.369349
2024-07-30,000630,0.5266666666666668,25.29195106234905,4644307860.481925
2024-07-30,600362,0.5833333333333333,41.99380554886186,7549898324.40768
2024-07-30,601899,0.33,100.75783587865328,2900435215.170089
2024-07-31,000630,0.5266666666666668,25.960719815676423,2349774844.460376
2024-07-31,600362,0.5833333333333333,42.43919096853257,561415325.5654268
2024-07-31,601899,0.33,98.86125686627204,13339774492.37061
2024-08-01,000630,0.5433333333333334,25.73324839508339,1643042176.7776794
2024-08-01,600362,0.5333333333333333,42.0986771026093,5770322534.952508
2024-08-01,601899,0.36333333333333334,97.21499988659951,7107116439.709609
2024-08-02,000630,0.49333333333333335,26.524944712743014,3857684511.7369647
2024-08-02,600362,0.5333333333333333,42.76253327581927,1616607636.7190542
2024-08-02,601899,0.4133333333333334,98.58101704766142,23981666003.760727
2024-08-05,000630,0.5199999999999999,25.93600145093493,4867033320.27592
2024-08-05,600362,0.5066666666666667,42.98151122633176,4774644156.088289
2024-08-05,601899,0.4133333333333334,95.59607999918988,21354567817.28303
2024-08-06,000630,0.4933333333333333,26.090359180888505,2415526333.0801187
2024-08-06,600362,0.5566666666666666,42.86468735014384,3580457329.07637
2024-08-06,601899,0.38999999999999996,93.74835169123614,5330803147.383592
2024-08-07,000630,0.5166666666666667,26.478513932212003,2071999320.074847
2024-08-07,600362,0.56,43.31106585369529,3324176277.550138
2024-08-07,601899,0.36333333333333334,92.67979567576324,3879020168.213394
2024-08-08,000630,0.4666666666666667,27.3509461469062,1909432457.69166
2024-08-08,600362,0.5833333333333334,42.74167522165087,8828844384.642347
2024-08-08,601899,0.38999999999999996,94.0368262905786,20057772937.30154
2024-08-09,000630,0.44000000000000006,26.789331074787007,6189795496.819375
2024-08-09,600362,0.5833333333333334,42.31659904362747,1535948668.8469288
2024-08-09,601899,0.4166666666666667,95.84688547910623,20398690079.59917
2024-08-12,000630,0.45999999999999996,26.23322443906159,723808765.4654801
2024-08-12,600362,0.59,42.4020082115357,3495473149.930263
2024-08-12,601899,0.38999999999999996,94.05962828306689,2860146364.905841
2024-08-13,000630,0.4833333333333334,26.259679663657767,1474974695.0920603
2024-08-13,600362,0.6433333333333333,42.91707962733511,4403009117.0390415
2024-08-13,601899,0.3133333333333333,91.27891232099836,8328470517.992532
2024-08-14,000630,0.5700000000000001,26.475879684741987,778528537.305775
2024-08-14,600362,0.6566666666666665,43.850492018380216,5010879038.875142
2024-08-14,601899,0.21333333333333337,94.1889248529156,6695080643.040035
2024-08-15,000630,0.5466666666666667,26.775148097395142,2365702145.056489
2024-08-15,600362,0.6066666666666667,44.13214230824898,5054948538.557608
2024-08-15,601899,0.2866666666666666,90.16170339352384,6188879644.338264
2024-08-16,000630,0.5666666666666667,27.172165902833235,2402315642.418799
2024-08-16,600362,0.56,44.21116023255333,3172362960.254818
2024-08-16,601899,0.3133333333333333,92.48115459774289,7838499205.164571
2024-08-19,000630,0.5800000000000001,26.904670740308188,4937179270.73929
2024-08-19,600362,0.6066666666666667,45.158582198660014,7134943090.932786
2024-08-19,601899,0.2533333333333333,89.99622985437288,14360167420.10614
2024-08-20,000630,0.5800000000000001,26.59825832445829,2287966222.1149077
2024-08-20,600362,0.6066666666666667,45.06925342250344,4628697958.072606
2024-08-20,601899,0.2533333333333333,86.3671985425178,5384554356.413418
2024-08-21,000630,0.6100000000000001,26.39224832619096,3324127429.7072444
2024-08-21,600362,0.5766666666666665,43.69935087093059,7925690088.369461
2024-08-21,601899,0.2533333333333333,86.06622185748984,17103819777.028357
2024-08-22,000630,0.5833333333333334,25.682810914309652,3851224818.1578417
2024-08-22,600362,0.6533333333333335,43.54547158456965,3988843578.995432
2024-08-22,601899,0.20333333333333337,86.9429082381233,9389468929.502716
2024-08-23,000630,0.5333333333333333,26.084742947978945,2929833110.968405
2024-08-23,600362,0.6533333333333335,43.90715862070227,4693982606.663418
2024-08-23,601899,0.2533333333333333,88.10481786319151,3270671101.126327
2024-08-26,000630,0.6066666666666667,26.405097704992613,3014923493.9169745
2024-08-26,600362,0.6799999999999999,43.62431255583921,6662126153.846285
2024-08-26,601899,0.15333333333333332,90.3555917509994,11146184478.37071
2024-08-27,000630,0.5933333333333333,26.259177081782376,1726131249.9647155
2024-08-27,600362,0.6933333333333334,42.50910721758554,1093045175.7072206
2024-08-27,601899,0.15333333333333332,87.4596422370458,11768088431.38458
2024-08-28,000630,0.6199999999999999,26.227929946833704,771746347.513603
2024-08-28,600362,0.64,42.24863427255429,7511236817.097472
2024-08-28,601899,0.18,87.3352533768669,11248553563.281675
2024-08-29,000630,0.5166666666666666,26.240973424471463,987928039.776529
2024-08-29,600362,0.6933333333333334,42.77883777244679,5744688844.670112
2024-08-29,601899,0.23000000000000004,87.24697642734469,9926411321.951786
2024-08-30,000630,0.4566666666666668,26.01117733675436,3744699145.2858415
2024-08-30,600362,0.7033333333333334,43.6042079801189,8933865593.689854
2024-08-30,601899,0.27999999999999997,84.67282640210853,12806256956.360502
2024-09-02,000630,0.55,26.357550677323697,4135649939.310949
2024-09-02,600362,0.5566666666666665,43.35738880184252,2043676535.6081283
2024-09-02,601899,0.3333333333333333,84.01725698752621,6417229686.981553
2024-09-03,000630,0.6733333333333332,26.62372947084943,6314349918.601359
2024-09-03,600362,0.52,43.24896266639286,3060214425.244893
2024-09-03,601899,0.24666666666666665,82.91970773197897,1461816403.519377
2024-09-04,000630,0.6033333333333334,26.96966379892256,3858913890.173136
2024-09-04,600362,0.5566666666666668,44.43365111358443,5796516418.815764
2024-09-04,601899,0.27999999999999997,82.90094623320287,3965392671.07817
2024-09-05,000630,0.6033333333333334,26.63151119386437,583142211.1586899
2024-09-05,600362,0.5566666666666668,44.50886072180646,8165644547.769406
2024-09-05,601899,0.27999999999999997,85.31291711955024,7213096235.665717
2024-09-06,000630,0.5233333333333333,28.116372657236912,6746399907.064305
2024-09-06,600362,0.6099999999999999,44.5863944325626,716864508.3261847
2024-09-06,601899,0.30666666666666664,82.29125389876816,17400353970.88829
2024-09-09,000630,0.6233333333333334,27.63721893887558,198435231.98112667
2024-09-09,600362,0.5099999999999999,44.2525925150325,5370676063.253655
2024-09-09,601899,0.30666666666666664,84.63607557264932,16652511804.043716
2024-09-10,000630,0.5966666666666668,28.36032782774815,3510974552.6818275
2024-09-10,600362,0.5099999999999999,44.77291922998073,3082270737.5061026
2024-09-10,601899,0.3333333333333333,82.29998151841649,5112779361.85565
2024-09-11,000630,0.5700000000000002,27.607929790109267,5235200619.930113
2024-09-11,600362,0.5099999999999999,43.87145401027334,4429819164.343127
2024-09-11,601899,0.36,81.25446998811857,1825625431.693048
2024-09-12,000630,0.5966666666666668,28.59109546555927,3116660993.619232
2024-09-12,600362,0.5099999999999999,43.20536015495611,5421689427.0849
2024-09-12,601899,0.3333333333333333,82.69396921176332,14220336105.15014
2024-09-13,000630,0.57,28.852872822088987,3242638767.972317
2024-09-13,600362,0.6133333333333333,43.44111724032018,8691642263.99085
2024-09-13,601899,0.2566666666666667,81.21196271085412,6217506653.180281
2024-09-16,000630,0.4933333333333334,27.94539345263576,2788519907.513878
2024-09-16,600362,0.59,42.8504983994113,9099757550.398024
2024-09-16,601899,0.3566666666666667,79.99039443469667,16422795885.2298
2024-09-17,000630,0.4666666666666668,28.584628157386422,1432024126.040298
2024-09-17,600362,0.59,43.63938542406583,9824779221.078314
2024-09-17,601899,0.38333333333333336,78.86013457579926,18959490466.606
2024-09-18,000630,0.4666666666666668,28.61805949011379,703821107.8760625
2024-09-18,600362,0.6733333333333332,42.86281222090484,5328991996.14477
2024-09-18,601899,0.30000000000000004,80.11567182302326,2044600014.3266475
2024-09-19,000630,0.4666666666666668,28.30618750491991,1384789643.878191
2024-09-19,600362,0.59,41.77567706010851,9495034891.419231
2024-09-19,601899,0.38333333333333336,78.61037806275417,5155480841.376187
2024-09-20,000630,0.5333333333333332,27.23814365954276,5449159515.582218
2024-09-20,600362,0.54,42.64116468120355,6021081697.0623255
2024-09-20,601899,0.36666666666666675,77.09514832156994,11090376081.017632
2024-09-23,000630,0.5166666666666666,27.7824212165544,4290656011.357985
2024-09-23,600362,0.54,43.77507200004472,4588345456.785488
2024-09-23,601899,0.38333333333333336,79.22770124393006,3991293519.416086
2024-09-24,000630,0.5800000000000001,27.432691003446,1403333024.6267817
2024-09-24,600362,0.5266666666666666,43.69072673122634,590663672.8247951
2024-09-24,601899,0.3333333333333334,78.89761697370673,17244352330.99858
2024-09-25,000630,0.5133333333333334,26.69044430191021,4258292238.570672
2024-09-25,600362,0.5666666666666668,43.721449808285286,4401110441.326517
2024-09-25,601899,0.3600000000000001,78.72856483059901,6043763609.207077
2024-09-26,000630,0.62,26.64772921148122,4817965401.667149
2024-09-26,600362,0.44,42.73909547207761,10372714362.430029
2024-09-26,601899,0.38000000000000006,78.73400471876535,9156977330.60515
2024-09-27,000630,0.5333333333333333,27.796772408904552,4607134347.755272
2024-09-27,600362,0.49999999999999994,42.00020440818126,4836264737.315901
2024-09-27,601899,0.40666666666666673,78.46514615786879,17241170104.812355
2024-09-30,000630,0.4666666666666666,27.756989046975317,4196745715.9464793
2024-09-30,600362,0.5533333333333333,41.83121460626636,6251963658.287291
2024-09-30,601899,0.42000000000000004,76.80424593959073,18712340707.13488
2024-10-01,000630,0.5599999999999999,27.235686525047274,2801677877.8899107
2024-10-01,600362,0.5533333333333333,42.363683809812926,8739886388.435646
2024-10-01,601899,0.3266666666666667,76.57849574874943,14242045665.803696
2024-10-02,000630,0.4066666666666667,27.839942459958475,951182258.0811872
2024-10-02,600362,0.64,41.42559423771754,10101974987.299597
2024-10-02,601899,0.3933333333333334,75.40283525816729,4157448426.211941
2024-10-03,000630,0.4400000000000001,27.4528824287862,409451505.5606176
2024-10-03,600362,0.53,42.41679428835461,3771994024.0010815
2024-10-03,601899,0.47,75.30539800279192,14505973389.720604
2024-10-04,000630,0.4366666666666667,27.342752430001205,516879189.11101377
2024-10-04,600362,0.45666666666666667,42.72475389380256,787917093.8833386
2024-10-04,601899,0.5466666666666667,75.33244732451936,9503060164.827663
2024-10-07,000630,0.4699999999999999,27.20005777140684,1577921591.4175222
2024-10-07,600362,0.42333333333333334,43.17121977991067,1915299799.779693
2024-10-07,601899,0.5466666666666667,74.9275241995907,15387491007.248943
2024-10-08,000630,0.43,27.0728709441258,114085078.15854612
2024-10-08,600362,0.5233333333333333,43.27201521583423,483460917.2004295
2024-10-08,601899,0.48666666666666664,74.281694128306,12462180398.550594
2024-10-09,000630,0.4466666666666667,27.15516613101136,566847799.8851835
2024-10-09,600362,0.5566666666666668,43.6590478036961,2559005232.537161
2024-10-09,601899,0.43666666666666676,74.03422085452331,10752226804.209154
2024-10-10,000630,0.4333333333333334,26.162348933765223,2875011919.150181
2024-10-10,600362,0.49,44.619417600666665,3217171557.552068
2024-10-10,601899,0.5166666666666668,73.77925366427385,14906227607.673294
2024-10-11,000630,0.3,24.85459698296611,4213510349.973106
2024-10-11,600362,0.5566666666666666,42.85804040152483,7680953713.700678
2024-10-11,601899,0.5833333333333334,72.86427442276462,9436338864.112228
2024-10-14,000630,0.2733333333333333,24.242343735894877,5874787763.113073
2024-10-14,600362,0.5566666666666666,43.96686863207747,7345883287.24965
2024-10-14,601899,0.6100000000000001,73.32193610751386,16115127717.132433
2024-10-15,000630,0.32666666666666666,24.84256994219397,834387396.6484689
2024-10-15,600362,0.5566666666666666,44.745476632804646,6606307186.47288
2024-10-15,601899,0.5566666666666666,74.2527422707279,10606172602.660048
2024-10-16,000630,0.3,24.09265795753508,273102324.27763885
2024-10-16,600362,0.5566666666666666,44.94880229143328,3027409711.4535303
2024-10-16,601899,0.5833333333333334,74.0358571009757,13187355709.854313
2024-10-17,000630,0.32666666666666666,23.71771518166433,1196663088.8617651
2024-10-17,600362,0.6099999999999999,43.669587551996834,6191744874.564934
2024-10-17,601899,0.5033333333333334,71.33399648224456,4171604980.882013
2024-10-18,000630,0.3,24.571879669290297,4545156412.759336
2024-10-18,600362,0.6099999999999999,44.27971151775083,8902728246.739822
2024-10-18,601899,0.53,72.53113306475154,13639791456.698706
2024-10-21,000630,0.22666666666666668,24.666026424454262,5636571828.000021
2024-10-21,600362,0.6599999999999999,44.34596967894551,4810823740.053757
2024-10-21,601899,0.5533333333333333,73.21734828567435,13177109214.343529
2024-10-22,000630,0.30333333333333334,24.344812031054506,2188924822.073016
2024-10-22,600362,0.5833333333333333,45.25400980145727,2719965106.7107086
2024-10-22,601899,0.5533333333333333,72.42605383741817,4714066992.169873
2024-10-23,000630,0.32666666666666666,24.744456117656966,815505514.7152324
2024-10-23,600362,0.6333333333333333,44.64347497079195,4064716966.530654
2024-10-23,601899,0.48000000000000004,72.36699623700751,2337743446.4402905
2024-10-24,000630,0.25333333333333335,24.537971578011128,404734210.8020312
2024-10-24,600362,0.7166666666666666,44.26684561922178,2388829337.0493703
2024-10-24,601899,0.47000000000000003,73.30071333204938,5574211385.906361
2024-10-25,000630,0.27666666666666667,24.555804078744742,2860569462.2235804
2024-10-25,600362,0.6966666666666667,43.41696873134921,9641701763.501928
2024-10-25,601899,0.46666666666666673,75.24786720058589,7484732280.347717
2024-10-28,000630,0.3,23.992356295584592,4244874029.188229
2024-10-28,600362,0.6466666666666666,43.536764636640434,1856986683.0760157
2024-10-28,601899,0.49333333333333346,75.25630551507716,17291468228.696594
2024-10-29,000630,0.27,24.53994254227057,3826900971.7084174
2024-10-29,600362,0.73,43.50331507075188,4667418469.962885
2024-10-29,601899,0.44,74.78567819493398,11144786121.643646
2024-10-30,000630,0.21000000000000002,25.270356115048607,1379804403.4870496
2024-10-30,600362,0.7766666666666666,44.395735375635816,8400521091.615971
2024-10-30,601899,0.4533333333333334,74.11030694328922,1968844058.3781984
2024-10-31,000630,0.22666666666666668,26.270665019283925,4465834412.756136
2024-10-31,600362,0.6466666666666666,45.67641343115178,8040263756.479981
2024-10-31,601899,0.5666666666666667,74.15551722941811,14270027971.422398
2024-11-01,000630,0.3266666666666666,26.849282073566133,957018495.1583986
2024-11-01,600362,0.6199999999999999,44.77507348046128,3671493340.294952
2024-11-01,601899,0.49333333333333335,72.82959848573027,17391263857.841625
2024-11-04,000630,0.2,26.45492369272384,3056252678.464568
2024-11-04,600362,0.6733333333333332,46.44800528773093,8169210142.798713
2024-11-04,601899,0.5666666666666667,75.20047226415006,3287561606.113528
2024-11-05,000630,0.2,27.09114830744149,2390173450.835471
2024-11-05,600362,0.7066666666666666,46.90939317638279,7640700470.2949
2024-11-05,601899,0.5333333333333333,76.18645686992144,3157189628.626605
2024-11-06,000630,0.25,26.5330675778839,5756410037.077342
2024-11-06,600362,0.6366666666666666,46.76840781176406,4970943913.700684
2024-11-06,601899,0.5533333333333333,77.4813127990769,10687958242.655386
2024-11-07,000630,0.22333333333333333,26.4286559074392,1140896004.0026522
2024-11-07,600362,0.5766666666666667,45.19371204896076,5075439157.317694
2024-11-07,601899,0.64,77.76928252372802,16223294488.709856
2024-11-08,000630,0.3066666666666666,25.75731911763515,5704864976.233244
2024-11-08,600362,0.5266666666666666,44.92490265360481,9013085549.821056
2024-11-08,601899,0.6066666666666666,77.87988337967477,1315484686.1427624
2024-11-11,000630,0.3866666666666666,25.85572345304584,2143871264.839166
2024-11-11,600362,0.4200000000000001,46.33867594658351,5323855113.370574
2024-11-11,601899,0.6333333333333334,80.54424795032614,12069998548.720098
2024-11-12,000630,0.35333333333333333,25.625118936759943,2108916538.3526192
2024-11-12,600362,0.4266666666666667,48.04795493339892,1129098112.1619146
2024-11-12,601899,0.66,81.5586389775643,18627095997.446934
2024-11-13,000630,0.23333333333333328,24.6486238397708,5643625325.087826
2024-11-13,600362,0.4866666666666667,47.527277877466,4135505288.135312
2024-11-13,601899,0.7200000000000001,80.67501925142619,6750958218.47667
2024-11-14,000630,0.32666666666666666,24.80311162988435,4509322268.937635
2024-11-14,600362,0.43666666666666676,48.89912615389712,9505657610.259754
2024-11-14,601899,0.6766666666666666,81.80342474764299,12187524137.739964
2024-11-15,000630,0.3,25.220112580578057,4612501345.839405
2024-11-15,600362,0.43666666666666676,48.75890438228866,8593912925.8724
2024-11-15,601899,0.7033333333333333,81.74755173128418,15498224041.547934
2024-11-18,000630,0.37666666666666665,24.891106106529055,2611744112.218553
2024-11-18,600362,0.3866666666666667,47.94642658284581,1037752456.9591148
2024-11-18,601899,0.6766666666666666,81.82083181244593,5851392240.817527
2024-11-19,000630,0.37666666666666665,24.643621378234133,1443431120.0902052
2024-11-19,600362,0.43333333333333335,49.098868749844094,10976994807.307644
2024-11-19,601899,0.63,81.63820650123382,13247578717.726915
2024-11-20,000630,0.27333333333333343,24.675792807243884,2856415488.622376
2024-11-20,600362,0.45999999999999996,47.66738355635026,7566977869.606244
2024-11-20,601899,0.7066666666666668,80.1209458432652,9952559795.893728
2024-11-21,000630,0.3566666666666667,24.20006231525694,351968126.3193284
2024-11-21,600362,0.5266666666666666,49.81655216314237,5905871818.665719
2024-11-21,601899,0.5566666666666668,79.92969478550046,11621330015.520967
2024-11-22,000630,0.29,24.4337526106089,5361544759.475871
2024-11-22,600362,0.5533333333333332,48.9799342844118,5354701927.682749
2024-11-22,601899,0.5966666666666667,81.2410806653472,3506949977.2971754
2024-11-25,000630,0.3433333333333333,24.545478848961725,5613781740.258727
2024-11-25,600362,0.4633333333333333,47.345130094477724,10569520957.324594
2024-11-25,601899,0.6333333333333333,82.67648058327352,2543773419.290043
2024-11-26,000630,0.32000000000000006,24.05478373236945,4810535787.758575
2024-11-26,600362,0.48666666666666675,45.239361021503896,4490287065.422595
2024-11-26,601899,0.6333333333333333,85.4527051290197,4914239802.371204
2024-11-27,000630,0.37,23.658507721306048,3173850322.933282
2024-11-27,600362,0.37000000000000005,45.81652633933067,9763854550.16418
2024-11-27,601899,0.7,86.37094529891742,4764705019.981958
2024-11-28,000630,0.2866666666666667,23.36276159292159,496491391.7158139
2024-11-28,600362,0.5200000000000001,45.20761975114242,6659376238.87166
2024-11-28,601899,0.6333333333333333,85.9332020069863,10898461157.895638
2024-11-29,000630,0.31333333333333335,23.269359502163223,2694333540.460028
2024-11-29,600362,0.4266666666666666,43.412488658526215,10814328764.766294
2024-11-29,601899,0.7,86.83559116340652,13950267973.788002
2024-12-02,000630,0.4,22.728168903655355,1973118709.5681555
2024-12-02,600362,0.43,45.31184366611407,9634127170.154942
2024-12-02,601899,0.6100000000000001,83.11611686592109,10534253014.150452
2024-12-03,000630,0.3666666666666667,23.0260561640011,5586415958.905566
2024-12-03,600362,0.4133333333333334,45.48047756118257,6404879213.508657
2024-12-03,601899,0.6599999999999999,82.56751834750501,17065979448.267828
2024-12-04,000630,0.4,22.61723334717225,3768644002.662605
2024-12-04,600362,0.28666666666666657,45.15032964329546,11226182477.541948
2024-12-04,601899,0.7533333333333334,84.83097480762112,5043218418.508037
2024-12-05,000630,0.3666666666666667,22.35639738732722,2323545093.2596927
2024-12-05,600362,0.4466666666666667,45.95503567018636,7293900542.5077715
2024-12-05,601899,0.6266666666666666,85.71808112555132,8724540589.504639
2024-12-06,000630,0.42000000000000004,22.653949174487348,3072240236.642194
2024-12-06,600362,0.3266666666666666,44.71341972129118,685805489.0012199
2024-12-06,601899,0.6933333333333332,86.55167224289502,8052135758.27158
2024-12-09,000630,0.45333333333333337,22.148203580207777,4873273663.393833
2024-12-09,600362,0.37000000000000005,46.23773252441016,9390638415.725325
2024-12-09,601899,0.6166666666666666,88.90557547660343,4461477369.682009
2024-12-10,000630,0.45333333333333337,21.857207284872736,2699011012.923768
2024-12-10,600362,0.37000000000000005,45.79209017642312,1609605707.3283255
2024-12-10,601899,0.6166666666666666,89.49734688879978,10902002964.70819
2024-12-11,000630,0.48000000000000004,21.875673908103348,5374909955.973154
2024-12-11,600362,0.3433333333333333,45.58862456928545,4468273301.046918
2024-12-11,601899,0.6166666666666667,89.64709930208521,1471135793.6770089
2024-12-12,000630,0.48000000000000004,21.9545649491154,2901155248.8099256
2024-12-12,600362,0.2833333333333333,46.61380250959306,3356021309.6214147
2024-12-12,601899,0.6766666666666667,88.26134631087236,13054391513.590515
2024-12-13,000630,0.4300000000000001,22.538299650318603,2919703743.7308383
2024-12-13,600362,0.25999999999999995,46.61004657662821,10809429121.679
2024-12-13,601899,0.75,85.63609026302055,11113072505.913414
2024-12-16,000630,0.37666666666666676,22.480699004208265,4039296027.957735
2024-12-16,600362,0.31999999999999995,46.94215034677798,3643508883.4658666
2024-12-16,601899,0.7433333333333332,86.1590540550404,17509665144.43018
2024-12-17,000630,0.32,23.136894562598016,3536511352.924407
2024-12-17,600362,0.4233333333333334,48.38921269522001,2157345947.4335327
2024-12-17,601899,0.6966666666666667,83.08224642727569,8522718078.328867
2024-12-18,000630,0.33666666666666667,23.42811135334663,2048279947.833795
2024-12-18,600362,0.4000000000000001,50.57406388773978,3323297599.1592126
2024-12-18,601899,0.7033333333333334,85.98759900313306,16920330176.480112
2024-12-19,000630,0.3166666666666667,23.21977632164904,1481377611.7461977
2024-12-19,600362,0.37333333333333335,50.2515743131095,6568669712.440127
2024-12-19,601899,0.75,87.87690294386701,2205780565.413417
2024-12-20,000630,0.4,22.89630283432045,2734805389.0700216
2024-12-20,600362,0.37333333333333335,51.497654036386976,9307346106.01994
2024-12-20,601899,0.6666666666666666,90.67664954365516,14489149289.26102
2024-12-23,000630,0.4266666666666667,21.842553494318828,2152007003.4528704
2024-12-23,600362,0.34666666666666673,51.13085506688592,358120508.8884689
2024-12-23,601899,0.6666666666666666,90.79816010306104,16123900951.83754
2024-12-24,000630,0.4,21.04803917505049,2851312618.122648
2024-12-24,600362,0.55,51.57356708716492,3317119002.6256905
2024-12-24,601899,0.49000000000000005,89.48927854261898,10459873782.10333
2024-12-25,000630,0.4,21.40502847908258,4750604194.110565
2024-12-25,600362,0.55,52.41298348809424,4547575823.256055
2024-12-25,601899,0.49000000000000005,89.99991630687002,19146204195.47504
2024-12-26,000630,0.4,21.520072421770895,3064273240.237349
2024-12-26,600362,0.5999999999999999,52.815928630625216,1147304572.8644824
2024-12-26,601899,0.44,93.10499547095075,3323922822.3093185
2024-12-27,000630,0.32333333333333336,21.58013286736152,5076076695.04749
2024-12-27,600362,0.5566666666666666,52.15356157020685,1641262151.9020956
2024-12-27,601899,0.5599999999999999,94.0843858050996,23413567406.738247
2024-12-30,000630,0.32333333333333336,22.16256551585437,3249736874.2076554
2024-12-30,600362,0.5999999999999999,54.62503196475733,11164520770.607338
2024-12-30,601899,0.5166666666666667,92.8689258358487,21284694120.56625
2024-12-31,000630,0.2933333333333334,22.69303068300605,4838467305.440315
2024-12-31,600362,0.5999999999999999,56.024393251634834,2234549732.159431
2024-12-31,601899,0.5466666666666665,89.4778136071682,10381788592.71074
2025-01-01,000630,0.1933333333333333,23.472084059797595,2086508662.7443995
2025-01-01,600362,0.6499999999999999,56.6761036812248,3498054786.8155627
2025-01-01,601899,0.5966666666666666,90.53327873766364,19586657575.02456
2025-01-02,000630,0.2666666666666667,23.215540915999245,2378439131.506397
2025-01-02,600362,0.6266666666666667,57.60024888711183,13378786768.90991
2025-01-02,601899,0.5466666666666665,89.64874040796298,16084866652.737123
2025-01-03,000630,0.31,24.02424213762278,1264686557.0329523
2025-01-03,600362,0.7033333333333331,56.55216466900593,12462315699.861834
2025-01-03,601899,0.4266666666666666,84.56864921329291,2560053692.1198816
2025-01-06,000630,0.27666666666666667,24.29088996887653,652030643.0785652
2025-01-06,600362,0.7366666666666666,56.53047677978449,4325531185.663414
2025-01-06,601899,0.4266666666666666,84.75048861878756,9167341703.210184
2025-01-07,000630,0.27666666666666667,23.628990094847115,3332587867.8960567
2025-01-07,600362,0.7366666666666666,55.69454026995329,11266493106.841068
2025-01-07,601899,0.4266666666666666,85.70780082214799,4653299346.916552
2025-01-08,000630,0.33,23.4085362994108,4378040022.738053
2025-01-08,600362,0.7366666666666666,56.40947427006661,7446304446.283008
2025-01-08,601899,0.37333333333333324,85.96032830110707,4287202605.755074
2025-01-09,000630,0.41333333333333333,23.40677138885755,1087684578.3145435
2025-01-09,600362,0.6533333333333333,58.11148867285702,11153651823.02028
2025-01-09,601899,0.37333333333333324,84.89117429539307,16277483682.622433
2025-01-10,000630,0.4966666666666666,23.34918581438751,2069032062.895995
2025-01-10,600362,0.6533333333333333,59.65130612268203,2083459064.338752
2025-01-10,601899,0.29,86.84931148419928,9562925577.938292
2025-01-13,000630,0.4633333333333334,23.669430864407616,4486292091.324388
2025-01-13,600362,0.6533333333333333,60.08198865027849,6210302658.449656
2025-01-13,601899,0.3233333333333333,86.3799505110145,6693815590.964893
2025-01-14,000630,0.33,23.71124446888936,2630743604.827699
2025-01-14,600362,0.6866666666666665,57.96927239887235,14041862071.61541
2025-01-14,601899,0.4233333333333333,86.5764664076275,5395471359.463268
2025-01-15,000630,0.31999999999999995,23.55354234905312,1658411982.859535
2025-01-15,600362,0.6533333333333333,60.02514743506633,14014965546.36172
2025-01-15,601899,0.46666666666666673,86.64425325804463,20156494521.11054
2025-01-16,000630,0.3133333333333333,22.753979975626343,4398185051.428742
2025-01-16,600362,0.6533333333333333,61.15072244626779,7994851567.697296
2025-01-16,601899,0.47333333333333333,87.096565645027,15789483805.746574
2025-01-17,000630,0.44666666666666666,22.85160260090388,2361121272.296053
2025-01-17,600362,0.6533333333333333,60.41158084153567,1890302529.163988
2025-01-17,601899,0.34,88.01036118350994,7273801121.769665
2025-01-20,000630,0.44999999999999996,22.386292112957538,3377070664.924941
2025-01-20,600362,0.5533333333333335,62.52466728996244,10875765717.21831
2025-01-20,601899,0.4366666666666667,87.29721164451726,12657144148.848078
2025-01-21,000630,0.5733333333333333,22.80946820502105,4258805989.389532
2025-01-21,600362,0.49999999999999994,62.38243389956101,4462452550.084417
2025-01-21,601899,0.36666666666666675,86.78467542617136,1757875671.5623567
2025-01-22,000630,0.58,22.40569033636225,4652324263.149359
2025-01-22,600362,0.5000000000000001,60.18860839104316,9809948678.109274
2025-01-22,601899,0.36000000000000004,85.56086358429685,5371904595.794644
2025-01-23,000630,0.48333333333333334,22.446903821163342,4088223167.28313
2025-01-23,600362,0.6333333333333332,57.654400581532606,10280880822.73837
2025-01-23,601899,0.3233333333333333,84.9058351865731,17103728610.40644
2025-01-24,000630,0.55,22.751266107311388,4155596108.8051896
2025-01-24,600362,0.6,56.63541422364558,5235111504.386947
2025-01-24,601899,0.29,88.19325125944324,13053932904.491615
2025-01-27,000630,0.5866666666666666,23.34297111285101,2725821762.869617
2025-01-27,600362,0.5,55.41750503379082,4331277024.426995
2025-01-27,601899,0.35333333333333344,85.03805812226896,8424898998.095243
2025-01-28,000630,0.6333333333333333,22.99333363189631,702614193.7899451
2025-01-28,600362,0.4666666666666667,56.67509603337916,8747234321.791739
2025-01-28,601899,0.34,87.12985324282303,14650841257.85407
2025-01-29,000630,0.47333333333333333,23.208096044296685,5488744885.001023
2025-01-29,600362,0.5999999999999999,56.921661389036,6564399525.032354
2025-01-29,601899,0.36666666666666675,88.04808265303019,15277548599.033085
2025-01-30,000630,0.44,22.693552524439628,3730105188.113355
2025-01-30,600362,0.5899999999999997,57.96282128780128,5379262814.742913
2025-01-30,601899,0.41,84.04079575143648,16951070523.462612
2025-01-31,000630,0.38666666666666666,22.962707183986712,5377923429.257648
2025-01-31,600362,0.57,56.20695492706568,1455692684.2650886
2025-01-31,601899,0.48333333333333317,82.48002517211562,9663937109.34127
2025-02-03,000630,0.4366666666666667,23.536921490871464,1430141008.8597355
2025-02-03,600362,0.49333333333333335,57.19913464217845,9891000200.421713
2025-02-03,601899,0.5099999999999999,83.11440473336812,2057330860.365061
2025-02-04,000630,0.38666666666666666,23.44908513441577,707754356.9780176
2025-02-04,600362,0.47333333333333333,55.288802505066144,10384436877.465782
2025-02-04,601899,0.58,85.63147791206926,14732793016.998022
2025-02-05,000630,0.5333333333333333,23.622004526644908,3416474136.69318
2025-02-05,600362,0.4766666666666666,55.86454056484206,12304276788.487593
2025-02-05,601899,0.42999999999999994,84.56298055191746,8689598862.236431
2025-02-06,000630,0.5866666666666666,24.040311011075183,5852024728.026482
2025-02-06,600362,0.39999999999999997,55.74562278325973,2914592992.475395
2025-02-06,601899,0.45333333333333325,86.71569418219501,5395068942.961772
2025-02-07,000630,0.6133333333333334,24.41358562398219,5473884776.605479
2025-02-07,600362,0.36666666666666664,56.95583142995332,10435777778.41834
2025-02-07,601899,0.45999999999999996,86.66796701700925,9727430615.258385
2025-02-10,000630,0.6633333333333332,24.248581794342005,4025897465.845605
2025-02-10,600362,0.39999999999999997,54.83714442981963,12466544805.528564
2025-02-10,601899,0.3766666666666667,85.91109704975914,14653795686.00948
2025-02-11,000630,0.64,24.84174054896407,5406906681.61828
2025-02-11,600362,0.37333333333333324,54.08316707623735,1423220174.8780162
2025-02-11,601899,0.42666666666666664,87.32940408798942,15955230586.862616
2025-02-12,000630,0.5433333333333333,23.77339365781438,4730417983.335076
2025-02-12,600362,0.3466666666666666,55.352063260121405,2056246122.01862
2025-02-12,601899,0.5500000000000002,88.28409229664142,10848225663.682083
2025-02-13,000630,0.5466666666666666,23.119339125752088,3055088885.2351217
2025-02-13,600362,0.23000000000000004,55.46541804532839,9015576457.301662
2025-02-13,601899,0.6633333333333333,89.21120843869376,21446526167.716324
2025-02-14,000630,0.6866666666666666,22.913770490639223,850217745.4322175
2025-02-14,600362,0.25999999999999995,57.23830166781934,7576485172.18491
2025-02-14,601899,0.4933333333333334,86.60855735102942,14284600528.7216
2025-02-17,000630,0.6266666666666666,22.916649107820067,5248311395.385271
2025-02-17,600362,0.30666666666666664,59.96072610910872,10879921721.078665
2025-02-17,601899,0.5066666666666666,85.41945168749699,10390114593.241058
2025-02-18,000630,0.62,22.61548566168649,2990757762.7469363
2025-02-18,600362,0.38000000000000006,60.45444700717926,2497046751.8527365
2025-02-18,601899,0.44000000000000006,83.65317198170662,16378613483.325104
2025-02-19,000630,0.52,22.312301209833244,3368180203.891829
2025-02-19,600362,0.5333333333333334,61.42812485836808,7747892531.511051
2025-02-19,601899,0.3866666666666667,84.04822336773691,14739444478.954315
2025-02-20,000630,0.37000000000000005,22.95042876578481,3517421728.3730817
2025-02-20,600362,0.6100000000000001,61.417586350103406,6676644394.533391
2025-02-20,601899,0.4599999999999999,86.89404164645254,3409113935.915272
2025-02-21,000630,0.4466666666666666,22.28460384810029,5282019369.397894
2025-02-21,600362,0.6100000000000001,61.44831661265801,5017623741.323202
2025-02-21,601899,0.38333333333333336,88.55922048872303,4612562719.544894
2025-02-24,000630,0.41999999999999993,22.348223466261217,3906974531.752798
2025-02-24,600362,0.61,60.89661822104173,6745518400.344792
2025-02-24,601899,0.41,90.73881677156083,18180120816.372906
2025-02-25,000630,0.39333333333333326,22.059542534274428,1818458535.2246315
2025-02-25,600362,0.61,61.78926201478557,3612966444.2333474
2025-02-25,601899,0.43666666666666665,89.56947593732248,9418490146.289677
2025-02-26,000630,0.39333333333333326,22.099014758642188,3854227286.81346
2025-02-26,600362,0.6366666666666666,61.77821601662032,14683044824.42621
2025-02-26,601899,0.41000000000000003,89.52799834960467,22126047992.919483
2025-02-27,000630,0.3566666666666667,21.48541832682766,1270682016.5179107
2025-02-27,600362,0.5533333333333333,63.9358011766086,11370099925.203602
2025-02-27,601899,0.53,89.39792484824179,3967533543.5198793
2025-02-28,000630,0.4066666666666667,21.32845221794054,546870046.2488827
2025-02-28,600362,0.5800000000000001,64.42322914905142,6342183447.515857
2025-02-28,601899,0.45333333333333337,85.56220986905308,902253503.0691648
2025-03-03,000630,0.35666666666666674,20.973167524864877,5112444483.662091
2025-03-03,600362,0.5800000000000001,63.06367272859403,3146511499.855016
2025-03-03,601899,0.5033333333333333,84.22354201882088,13185086012.441784
2025-03-04,000630,0.4066666666666667,20.61892407416873,4074509710.0812974
2025-03-04,600362,0.6633333333333333,61.97040822410618,772894931.3710523
2025-03-04,601899,0.37,86.83753694703277,13522775441.07668
2025-03-05,000630,0.4066666666666667,19.66423797371229,97874811.66655818
2025-03-05,600362,0.6133333333333333,60.31492601958375,13160680668.517565
2025-03-05,601899,0.42000000000000004,86.54543102581543,18858933129.430286
2025-03-06,000630,0.4066666666666667,19.534623012180965,3294525891.778127
2025-03-06,600362,0.7,59.928182469821074,687382245.7470948
2025-03-06,601899,0.33333333333333326,90.8310482941168,8151369019.11546
2025-03-07,000630,0.4066666666666667,19.175110395514317,1558123450.4745438
2025-03-07,600362,0.6666666666666666,60.5510033837274,8268651258.870986
2025-03-07,601899,0.3666666666666667,90.13751509231405,10001658674.643167
2025-03-10,000630,0.4066666666666667,19.163860609666155,2118994060.87625
2025-03-10,600362,0.6666666666666666,60.01040227806649,891952612.1795857
2025-03-10,601899,0.3666666666666667,89.45228647407642,12936455491.45122
2025-03-11,000630,0.38,19.466226692586662,3013284293.992299
2025-03-11,600362,0.6933333333333334,58.76965097036235,12786083943.169653
2025-03-11,601899,0.3666666666666667,90.02516969248099,17114198874.32122
2025-03-12,000630,0.3833333333333334,19.403520088171447,2405466027.442667
2025-03-12,600362,0.7166666666666668,59.08068908221527,8635363493.772566
2025-03-12,601899,0.33999999999999997,90.61731948743844,2708923210.4894333
2025-03-13,000630,0.28,19.857730462519264,1825830942.0146112
2025-03-13,600362,0.72,59.795985040809214,11875028179.6184
2025-03-13,601899,0.43999999999999995,88.62045986034167,19295040277.874653
2025-03-14,000630,0.2466666666666667,20.089221906471487,2127715786.5466864
2025-03-14,600362,0.7100000000000001,59.98569055290584,14453582131.567938
2025-03-14,601899,0.4833333333333334,91.96630837558676,17414914889.98702
2025-03-17,000630,0.22333333333333338,20.044155126363773,4283902979.318383
2025-03-17,600362,0.76,59.01675299978312,9667593325.647472
2025-03-17,601899,0.45666666666666655,93.18908051689893,800084169.6858873
2025-03-18,000630,0.22333333333333338,19.96685192325068,1513387541.5227852
2025-03-18,600362,0.76,58.8465813126835,13136287038.48155
2025-03-18,601899,0.45666666666666655,91.9987618594984,5303811420.085755
2025-03-19,000630,0.1966666666666667,20.321029348408864,2746204227.173322
2025-03-19,600362,0.6766666666666666,60.93971957880064,2273575621.8776417
2025-03-19,601899,0.5666666666666667,92.2679688345658,18083156325.636147
2025-03-20,000630,0.34,20.31662634437269,2819165546.484671
2025-03-20,600362,0.5933333333333334,62.10385165682783,9922506269.99602
2025-03-20,601899,0.5066666666666666,93.43212165346732,10071861252.485628
2025-03-21,000630,0.4333333333333333,19.8245278957907,4370551104.05623
2025-03-21,600362,0.5166666666666668,62.614475765955845,14314645945.919456
2025-03-21,601899,0.49,95.74312418453476,20178303840.261948
2025-03-24,000630,0.35000000000000003,20.000994735114645,966064046.5018256
2025-03-24,600362,0.6366666666666667,62.95134256485807,10519666658.194046
2025-03-24,601899,0.4533333333333333,92.37763462540386,22909145310.10972
2025-03-25,000630,0.4333333333333333,20.04994552213105,538158582.7649674
2025-03-25,600362,0.46333333333333343,61.92457154932266,4186627395.5923815
2025-03-25,601899,0.5433333333333332,94.66423151914988,2953325228.5112863
2025-03-26,000630,0.43333333333333335,19.65929576829883,2517734554.172802
2025-03-26,600362,0.5666666666666668,60.73000552666184,13445416741.58414
2025-03-26,601899,0.4400000000000001,92.8050467820001,15566431789.86651
2025-03-27,000630,0.44333333333333336,19.75205771512966,2822434733.4995656
2025-03-27,600362,0.5233333333333334,58.53743343340672,11214449299.845133
2025-03-27,601899,0.47333333333333333,94.1811724037846,1681642505.7385356
2025-03-28,000630,0.3766666666666667,19.589581691582453,692744418.4012611
2025-03-28,600362,0.5033333333333333,59.38360216181856,5485821537.547502
2025-03-28,601899,0.5599999999999999,95.23776282151933,1143776960.1576004
2025-03-31,000630,0.3833333333333334,19.78315332599838,2564175613.5112867
2025-03-31,600362,0.49,60.73831253108998,8093653467.1741295
2025-03-31,601899,0.5666666666666665,94.72451748531856,13177904368.426046
2025-04-01,000630,0.4599999999999999,19.34865396251073,4727038691.734657
2025-04-01,600362,0.41333333333333333,61.20329318182713,10938699341.496372
2025-04-01,601899,0.5666666666666665,95.04700965864052,18537997277.92415
2025-04-02,000630,0.48333333333333345,19.57129517092096,3800391281.750257
2025-04-02,600362,0.4766666666666667,60.62254660799631,13908121638.881084
2025-04-02,601899,0.4799999999999999,90.70278690694444,22327506868.35773
2025-04-03,000630,0.5833333333333334,19.99263220465387,2495564320.840156
2025-04-03,600362,0.4833333333333335,62.64473126257544,6925988959.444087
2025-04-03,601899,0.37333333333333324,92.10212987842348,1238027619.6127803
2025-04-04,000630,0.6166666666666666,20.164811464431867,4858199136.1436615
2025-04-04,600362,0.4833333333333335,63.37435936631064,11470942830.944387
2025-04-04,601899,0.3399999999999999,91.63970514220328,22412900016.77105
2025-04-07,000630,0.55,20.026054090449847,3740097903.618958
2025-04-07,600362,0.5499999999999999,64.86888308335568,4269079577.710413
2025-04-07,601899,0.3399999999999999,91.1198836848023,18849532962.433365
2025-04-08,000630,0.5000000000000001,20.79802916221191,2179267410.8865533
2025-04-08,600362,0.6,64.2772835576419,9592221152.145658
2025-04-08,601899,0.3399999999999999,90.4121126581507,1052478362.2422664
2025-04-09,000630,0.55,20.68552306551021,4010873277.147073
2025-04-09,600362,0.5833333333333334,64.98224805859127,10897990871.611778
2025-04-09,601899,0.3066666666666666,89.3538779568215,8913076132.356333
2025-04-10,000630,0.55,20.370290872202897,3483103814.06345
2025-04-10,600362,0.5566666666666665,63.87952957874768,13783017803.182156
2025-04-10,601899,0.3333333333333333,85.66824158137399,17690243448.653145
2025-04-11,000630,0.48666666666666664,20.891487522454103,1496946112.041413
2025-04-11,600362,0.6199999999999999,62.90000252525833,2042142931.9862995
2025-04-11,601899,0.3333333333333333,86.78395019987025,7564991652.502769
2025-04-14,000630,0.46,20.882904299757467,1811610742.61783
2025-04-14,600362,0.6733333333333332,61.48875266945598,15069528228.974398
2025-04-14,601899,0.3066666666666666,84.56685601115649,20503741641.04096
2025-04-15,000630,0.5333333333333333,21.51000272020235,1359184806.8855062
2025-04-15,600362,0.54,61.75896006209035,9845384904.946217
2025-04-15,601899,0.36666666666666664,83.8239505221138,5706097489.52154
2025-04-16,000630,0.6,21.817657373460865,561992309.220029
2025-04-16,600362,0.5133333333333333,61.44655814351453,2417227716.840275
2025-04-16,601899,0.32666666666666666,80.16807862199398,4854754370.727814
2025-04-17,000630,0.6266666666666668,22.401308214085144,5519200715.8239765
2025-04-17,600362,0.4866666666666667,62.78326150227795,1715521228.918994
2025-04-17,601899,0.32666666666666666,78.09503147109567,16743192081.748705
2025-04-18,000630,0.5733333333333334,22.36358019032436,1867464054.7189784
2025-04-18,600362,0.5666666666666667,62.65356592418459,5137918204.325942
2025-04-18,601899,0.3,78.81784757729064,9756538198.417742
2025-04-21,000630,0.5599999999999999,21.818185361849704,3469584563.5232806
2025-04-21,600362,0.5399999999999999,63.31344754275676,6957578063.9210825
2025-04-21,601899,0.33999999999999997,79.76051644826133,5603048663.6640415
2025-04-22,000630,0.5766666666666668,22.09122736679493,1000862937.9572744
2025-04-22,600362,0.5899999999999999,63.177551997853726,8946592091.681665
2025-04-22,601899,0.2733333333333333,80.89535611697019,11128846946.832094
2025-04-23,000630,0.6766666666666666,22.43542857028482,2328211920.90988
2025-04-23,600362,0.4900000000000001,65.26099128118803,11574806883.415815
2025-04-23,601899,0.2733333333333333,79.68780967066532,15775158178.024248
2025-04-24,000630,0.7000000000000001,22.275680653996275,3571892027.4599104
2025-04-24,600362,0.5433333333333334,63.6135222158503,8298644788.498757
2025-04-24,601899,0.1966666666666667,78.9116934826975,7172678379.109789
2025-04-25,000630,0.46666666666666673,23.31690311159636,1558891196.261064
2025-04-25,600362,0.6499999999999999,64.5914805244804,507527558.2211048
2025-04-25,601899,0.32333333333333336,78.78966486934398,14336457114.095013
2025-04-28,000630,0.5233333333333335,23.34492029487992,3402484781.1062765
2025-04-28,600362,0.6166666666666666,65.33464858291394,1600195813.4873033
2025-04-28,601899,0.3,80.22768126233846,18142792136.65086
2025-04-29,000630,0.5166666666666667,24.186912824923432,1760301747.176385
2025-04-29,600362,0.6233333333333332,65.49465066009417,11531826526.744629
2025-04-29,601899,0.3,79.77303979877559,6240780517.625872
2025-04-30,000630,0.49333333333333346,23.57978849156503,3124649734.192399
2025-04-30,600362,0.6733333333333332,65.8493159217864,6109394172.317867
2025-04-30,601899,0.27333333333333343,81.012327555211,1761710277.4811294
2025-05-01,000630,0.5600000000000002,23.569371568123763,5237321772.906899
2025-05-01,600362,0.59,67.12891354002454,9216893809.524326
2025-05-01,601899,0.29000000000000004,83.12623713042835,3214682780.1790643
2025-05-02,000630,0.6266666666666668,24.270612829716715,5303990510.048557
2025-05-02,600362,0.5666666666666667,68.66871196455172,13635594202.89941
2025-05-02,601899,0.24666666666666676,82.46400121967673,13875541280.425003
2025-05-05,000630,0.5433333333333333,24.772798007166024,5024820211.1411295
2025-05-05,600362,0.6000000000000001,70.25466707313178,8863778427.815575
2025-05-05,601899,0.2966666666666667,81.95081912368362,1718525067.1874702
2025-05-06,000630,0.6966666666666667,24.91752149074644,2544288251.3857336
2025-05-06,600362,0.5733333333333335,69.39129112828759,1022813752.9727334
2025-05-06,601899,0.17000000000000004,84.27646679617173,6249319131.749804
2025-05-07,000630,0.6366666666666666,24.572692806595512,4413926462.578174
2025-05-07,600362,0.6333333333333334,69.00249619716183,5873430374.055838
2025-05-07,601899,0.16999999999999998,84.65042650579434,6765719198.646215
2025-05-08,000630,0.44000000000000006,24.694021759219616,5207391348.910252
2025-05-08,600362,0.6966666666666667,70.14582917521417,1420382894.968912
2025-05-08,601899,0.30333333333333334,84.47073494907703,9699208540.278357
2025-05-09,000630,0.6066666666666667,24.398251694847648,1457422245.5162158
2025-05-09,600362,0.5866666666666666,71.33787704813871,5251730431.166761
2025-05-09,601899,0.2466666666666667,85.33185064713541,18748158507.461346
2025-05-12,000630,0.4866666666666666,24.422255049482786,1840793283.197696
2025-05-12,600362,0.7099999999999999,73.77610116203725,17568723493.492554
2025-05-12,601899,0.24333333333333335,86.16584088883427,13550982982.975676
2025-05-13,000630,0.4866666666666666,24.90116759555907,5702549157.906474
2025-05-13,600362,0.66,76.28228972819701,8804120468.979858
2025-05-13,601899,0.29333333333333333,87.20189954300221,21142074383.631023
2025-05-14,000630,0.4700000000000001,25.69394325668486,4201180690.3799834
2025-05-14,600362,0.5100000000000001,73.15133456389903,1642313297.1606407
2025-05-14,601899,0.4599999999999999,85.90762031705434,15118358063.114458
2025-05-15,000630,0.42333333333333334,25.299272480884124,3509494839.130261
2025-05-15,600362,0.5566666666666669,72.64887858614313,3085078218.4877195
2025-05-15,601899,0.4599999999999999,85.65111749029604,524544573.734071
2025-05-16,000630,0.3733333333333333,25.421638999221845,2558611700.354681
2025-05-16,600362,0.6066666666666667,73.27837782613248,13445790924.614788
2025-05-16,601899,0.4599999999999999,85.62296360351799,10883757523.34854
2025-05-19,000630,0.47,25.15238909487607,2296805501.6320653
2025-05-19,600362,0.5233333333333332,74.94147045968731,7233290775.592651
2025-05-19,601899,0.4466666666666667,87.02074714577473,19495388514.188637
2025-05-20,000630,0.52,25.27226516709953,6002633041.318246
2025-05-20,600362,0.6266666666666667,77.09326801441176,16763537954.066963
2025-05-20,601899,0.29333333333333333,88.83631611117778,2585811954.8377185
2025-05-21,000630,0.4966666666666666,25.521980685398816,2082830978.3489172
2025-05-21,600362,0.5033333333333333,76.44974605123775,8687947910.602392
2025-05-21,601899,0.44,93.07667407060272,9620814569.303408
2025-05-22,000630,0.4866666666666666,25.839079536721652,5747497569.395006
2025-05-22,600362,0.52,76.4665994699144,15838664388.082417
2025-05-22,601899,0.43333333333333335,92.91247361729611,10556780291.128716
2025-05-23,000630,0.5099999999999999,25.335157307411635,4167922197.8625183
2025-05-23,600362,0.39666666666666667,76.00581169858678,5643971159.883128
2025-05-23,601899,0.5333333333333333,92.82651513916726,17311848028.606247
2025-05-26,000630,0.43666666666666665,24.96960368473228,2268161392.949657
2025-05-26,600362,0.5966666666666666,75.81285683906968,16506869782.712952
2025-05-26,601899,0.4066666666666667,90.5321233296452,5720607181.439952
2025-05-27,000630,0.41000000000000003,25.5456266162832,2454875962.8835983
2025-05-27,600362,0.5733333333333333,76.63862705759266,17308450727.822014
2025-05-27,601899,0.4566666666666666,93.81932776502832,21292080651.81932
2025-05-28,000630,0.5266666666666666,25.48133205377873,5960407180.295927
2025-05-28,600362,0.43,76.41682974867216,11236712730.393496
2025-05-28,601899,0.48333333333333334,94.14031835076288,19538192333.567883
2025-05-29,000630,0.5533333333333333,25.008695798566396,5778389209.476917
2025-05-29,600362,0.5300000000000001,75.54611444202237,13543476784.313452
2025-05-29,601899,0.35666666666666663,90.95460185845224,12459816335.82826
2025-05-30,000630,0.5033333333333334,25.16898355697983,1121796698.5247252
2025-05-30,600362,0.43,76.01180196231928,13169728796.189476
2025-05-30,601899,0.5066666666666666,92.13188803182211,1101197178.511551
2025-06-02,000630,0.48666666666666664,24.772678594588463,2799213590.474118
2025-06-02,600362,0.5166666666666667,77.79892805474276,7904028775.078423
2025-06-02,601899,0.43666666666666665,91.59753764948242,13824175174.672834
2025-06-03,000630,0.5133333333333334,24.69880463039724,6154487655.889793
2025-06-03,600362,0.59,77.17168155681856,10301331367.125326
2025-06-03,601899,0.3366666666666666,91.0640849112465,15626669822.037828
2025-06-04,000630,0.4033333333333334,24.933321293315217,733565739.1027564
2025-06-04,600362,0.48000000000000004,79.32880602005332,753734717.5189346
2025-06-04,601899,0.5566666666666666,90.6505757806429,21999399007.46165
2025-06-05,000630,0.48666666666666664,24.318953923509635,2201422234.1224704
2025-06-05,600362,0.48000000000000004,79.24438036069903,2228328202.4287486
2025-06-05,601899,0.4733333333333334,91.17723980022252,22251714196.0045
2025-06-06,000630,0.4066666666666667,23.24478155746819,945251366.5125996
2025-06-06,600362,0.61,78.05055021901369,14637256765.652864
2025-06-06,601899,0.42333333333333334,88.01264635821765,4178866852.8820815
2025-06-09,000630,0.35666666666666663,23.35984434799329,5685106342.831039
2025-06-09,600362,0.66,77.83693819130248,4399172505.308395
2025-06-09,601899,0.42333333333333334,87.19498903580273,21310359405.862247
2025-06-10,000630,0.35666666666666663,23.308255659985523,2161878005.6727133
2025-06-10,600362,0.66,76.82638109106497,6114465700.913788
2025-06-10,601899,0.42333333333333334,87.71543688090584,16099501802.169971
2025-06-11,000630,0.35666666666666663,23.132649162908542,2353080832.0300527
2025-06-11,600362,0.7099999999999999,76.40680335238714,7586209925.128798
2025-06-11,601899,0.3733333333333333,88.02592966527398,13419773042.29518
2025-06-12,000630,0.3833333333333333,22.70962693354251,5314579565.793805
2025-06-12,600362,0.66,77.81597548773067,16998930971.68496
2025-06-12,601899,0.39666666666666667,85.82649935159377,12921299634.481531
2025-06-13,000630,0.3466666666666667,22.539350055938584,4994891271.456415
2025-06-13,600362,0.6866666666666666,78.12195171864593,16656889118.61867
2025-06-13,601899,0.40666666666666657,82.38385196796672,2127216964.894475
2025-06-16,000630,0.3466666666666667,22.92707913420775,4851372237.506273
2025-06-16,600362,0.6866666666666666,80.1023101972931,8414411256.522811
2025-06-16,601899,0.40666666666666657,82.41373120867546,12595035058.055122
2025-06-17,000630,0.44666666666666666,22.93182748517404,3479143484.202653
2025-06-17,600362,0.6866666666666666,79.13084005028195,3111931068.153408
2025-06-17,601899,0.30666666666666664,79.44048368813333,963350913.5408864
2025-06-18,000630,0.44666666666666666,22.81052205460757,5238555004.555313
2025-06-18,600362,0.7133333333333333,79.01073384047388,12241907299.096254
2025-06-18,601899,0.27999999999999997,81.43413814866558,2157206606.385781
2025-06-19,000630,0.47333333333333333,22.853814955198768,2461582123.442964
2025-06-19,600362,0.6866666666666665,74.24778071851911,9817234610.832464
2025-06-19,601899,0.27999999999999997,80.27887972489802,12497486852.16525
2025-06-20,000630,0.47333333333333333,22.88357690751368,2949516859.836325
2025-06-20,600362,0.7366666666666666,74.74909877524075,10417908969.773222
2025-06-20,601899,0.23000000000000004,81.12711057118763,9940310153.22225
2025-06-23,000630,0.49333333333333335,22.80932607838345,2680597619.3837795
2025-06-23,600362,0.7166666666666667,73.9080967580511,2723801607.1115394
2025-06-23,601899,0.23000000000000004,80.74699955375593,6796305383.740574
2025-06-24,000630,0.49666666666666665,22.192043858442453,2894672501.5812016
2025-06-24,600362,0.6866666666666665,72.63250668934076,14158733903.497343
2025-06-24,601899,0.2566666666666667,81.14482129303097,2234906897.0169177
2025-06-25,000630,0.43,21.65691122083031,1949834522.253893
2025-06-25,600362,0.6466666666666666,70.89584310462506,7758082483.848947
2025-06-25,601899,0.36333333333333334,80.78760114124213,1687426782.5573528
2025-06-26,000630,0.4266666666666667,21.1714010824083,1709709197.2505317
2025-06-26,600362,0.6566666666666666,70.226191858807,7283102176.723387
2025-06-26,601899,0.3566666666666667,79.63057913046795,17365940216.525322
2025-06-27,000630,0.48666666666666664,20.77018615297677,4247762695.610661
2025-06-27,600362,0.6033333333333333,68.32957715706345,10686930357.22305
2025-06-27,601899,0.35000000000000003,79.18998473223313,19165670970.873688
2025-06-30,000630,0.5733333333333333,21.500894052226887,1663565024.519493
2025-06-30,600362,0.5966666666666666,66.79830900324839,2038196763.123417
2025-06-30,601899,0.26999999999999996,74.48154219436076,13499556078.101303
2025-07-01,000630,0.49999999999999994,21.362799931685306,5063889366.526521
2025-07-01,600362,0.5966666666666666,68.65168833883104,3942179034.311861
2025-07-01,601899,0.3433333333333334,74.72477531120887,2009558437.489278
2025-07-02,000630,0.6599999999999999,22.11328972869877,3337116552.9579315
2025-07-02,600362,0.3233333333333333,64.43987160331444,3991160775.597204
2025-07-02,601899,0.45666666666666667,72.12950042904713,8489433024.947602
2025-07-03,000630,0.6266666666666666,22.13845811290837,1679241897.0887034
2025-07-03,600362,0.35666666666666663,63.0564205190599,3397158349.8223
2025-07-03,601899,0.45666666666666667,70.95154182330184,5275424513.41705
2025-07-04,000630,0.6533333333333332,22.343702370594848,3218786841.7329154
2025-07-04,600362,0.3433333333333333,64.4939111445636,4343639118.0219
2025-07-04,601899,0.44333333333333336,68.42420202818529,8455219699.1440735
2025-07-07,000630,0.5866666666666668,22.1079223444514,2248979248.7107105
2025-07-07,600362,0.41,66.25250015803806,671667846.6021899
2025-07-07,601899,0.44333333333333336,69.84804651732699,2213819864.757376
2025-07-08,000630,0.6133333333333334,22.14075288365958,3663659162.6378994
2025-07-08,600362,0.38333333333333336,65.31834025996103,8410023709.167127
2025-07-08,601899,0.44333333333333336,69.72892524667914,5859865474.095372
2025-07-09,000630,0.5833333333333331,22.56715904751106,120212999.53018664
2025-07-09,600362,0.4466666666666667,66.39916687676279,7769990668.418655
2025-07-09,601899,0.41000000000000003,69.06159270772838,810686412.1589403
2025-07-10,000630,0.6,22.863362771118396,4300116120.292899
2025-07-10,600362,0.41,64.03017374019637,15189641204.743948
2025-07-10,601899,0.43000000000000005,69.54871165066763,13648990300.412842
2025-07-11,000630,0.5333333333333333,22.89133697527335,4451355533.730057
2025-07-11,600362,0.36333333333333334,65.75681393923381,5225851820.104365
2025-07-11,601899,0.5433333333333332,69.66410778119881,16160512529.223824
2025-07-14,000630,0.6,23.310775615980056,5426384915.300548
2025-07-14,600362,0.3466666666666666,64.67369748912837,5012392641.760418
2025-07-14,601899,0.4933333333333333,70.219327259146,4407021154.2458105
2025-07-15,000630,0.6266666666666666,23.92048698189872,4627001990.174822
2025-07-15,600362,0.3266666666666666,63.447305557731326,6442274443.337588
2025-07-15,601899,0.4866666666666667,69.13586397105168,11567660660.73563
2025-07-16,000630,0.6,23.72310495106225,411019399.4506192
2025-07-16,600362,0.3466666666666666,61.73081294197702,13756186952.209572
2025-07-16,601899,0.4933333333333333,66.43500540114216,6810577935.197549
2025-07-17,000630,0.6,23.875442748427037,1781041177.7929611
2025-07-17,600362,0.3966666666666667,61.97006691209454,6682480195.398803
2025-07-17,601899,0.4433333333333333,66.12021510815522,13270499084.766035
2025-07-18,000630,0.6,23.70948601387021,125973241.08889525
2025-07-18,600362,0.5066666666666666,63.13615473829539,7845828931.480387
2025-07-18,601899,0.3333333333333334,67.69313832502992,1512785947.346271
2025-07-21,000630,0.6,24.127033961360933,2498931002.810601
2025-07-21,600362,0.3966666666666667,63.66706200315369,505873007.852258
2025-07-21,601899,0.4433333333333333,65.39937484979579,11350918236.992592
2025-07-22,000630,0.6499999999999998,24.21179030702544,5266059549.419971
2025-07-22,600362,0.3466666666666666,65.52644913488092,381658802.9861139
2025-07-22,601899,0.4433333333333333,65.58072646943661,9979110917.439762
2025-07-23,000630,0.6766666666666666,24.368444754376075,4396537744.673203
2025-07-23,600362,0.31999999999999995,63.59502515291045,3459257752.69508
2025-07-23,601899,0.4433333333333333,65.35052807195261,3488385048.2696013
2025-07-24,000630,0.6266666666666666,24.63648967327399,530076248.1611958
2025-07-24,600362,0.37,62.129889745586325,1396238799.263587
2025-07-24,601899,0.4433333333333333,64.7458760951123,9505335594.935827
2025-07-25,000630,0.6266666666666666,25.05641761953044,5255378133.072029
2025-07-25,600362,0.37,61.84168753607978,907965840.5734768
2025-07-25,601899,0.4433333333333333,62.22838340633429,13722621777.27986
2025-07-28,000630,0.6266666666666666,25.297770852116777,4050770140.816006
2025-07-28,600362,0.3433333333333333,62.00832832244656,8627987622.773188
2025-07-28,601899,0.47,63.29610120446111,10199805921.322042
2025-07-29,000630,0.6,25.452135029228764,1102777380.4789093
2025-07-29,600362,0.39333333333333326,60.09892752604812,15003577059.02286
2025-07-29,601899,0.44666666666666677,63.57396689588462,3181463812.354202
2025-07-30,000630,0.6,25.70332929802075,5670735338.385513
2025-07-30,600362,0.3999999999999999,60.12539573067035,6588270299.886068
2025-07-30,601899,0.4400000000000001,63.77682359678833,15893669144.178988
2025-07-31,000630,0.6,26.679862843591994,3744286635.291397
2025-07-31,600362,0.45999999999999985,60.05290542298535,9295541188.099564
2025-07-31,601899,0.38000000000000006,64.11328385928675,11441874622.693436
2025-08-01,000630,0.6,26.96813871573673,850300020.079436
2025-08-01,600362,0.36,59.245165824048165,3387970354.747689
2025-08-01,601899,0.48000000000000004,63.87449096319988,839674895.8549366
2025-08-04,000630,0.6266666666666666,27.114033184455938,6736077545.58363
2025-08-04,600362,0.36,57.90371615248405,5283169803.982336
2025-08-04,601899,0.4533333333333334,63.682230569875344,6999294857.265828
2025-08-05,000630,0.6533333333333332,27.34191621662781,2788156361.69954
2025-08-05,600362,0.3333333333333333,58.30787289938456,5486158607.166644
2025-08-05,601899,0.4533333333333334,63.554587646113696,13282654599.687178
2025-08-06,000630,0.6266666666666666,27.519839531082823,2771429471.7209454
2025-08-06,600362,0.36,58.38035438423244,8686447957.042576
2025-08-06,601899,0.4533333333333334,63.5795977628003,2725314026.263329
2025-08-07,000630,0.6266666666666666,27.35571653570881,1809969100.011945
2025-08-07,600362,0.3866666666666666,57.88793967420767,4270468564.087876
2025-08-07,601899,0.4266666666666667,63.90446793862132,8350019789.178809
2025-08-08,000630,0.6,27.604979019728876,2417216185.373049
2025-08-08,600362,0.43666666666666665,56.38542257794757,7856073795.482537
2025-08-08,601899,0.4033333333333334,64.62752622054242,15739620394.845297
2025-08-11,000630,0.6,27.29549017668779,5265824128.494467
2025-08-11,600362,0.5466666666666666,56.90079113461417,6710185116.764552
2025-08-11,601899,0.2933333333333333,61.288809545840905,5934466721.823729
2025-08-12,000630,0.6,28.135744355878597,2472785859.226151
2025-08-12,600362,0.54,57.64768065386814,2170919417.135628
2025-08-12,601899,0.3,61.23644753393208,12006146500.042543
2025-08-13,000630,0.6533333333333334,28.1891457819506,4669069696.789292
2025-08-13,600362,0.3933333333333333,57.26201723188888,892062061.648704
2025-08-13,601899,0.39333333333333326,59.37318369841021,10876419151.43415
2025-08-14,000630,0.6266666666666666,28.503627706278195,4250643386.777525
2025-08-14,600362,0.30666666666666675,56.07006277046254,12340297511.969069
2025-08-14,601899,0.5066666666666667,60.67693090389156,3793855443.231272
2025-08-15,000630,0.6533333333333334,27.39829825232724,2921749045.968526
2025-08-15,600362,0.42666666666666664,55.86718601660452,7047438807.406399
2025-08-15,601899,0.35999999999999993,59.35629055258022,10670242927.475136
2025-08-18,000630,0.6266666666666666,27.32543305214544,6549398049.544492
2025-08-18,600362,0.32,56.035060420905225,6695612559.175839
2025-08-18,601899,0.49333333333333323,57.70701860871549,8640010240.1341
2025-08-19,000630,0.6033333333333334,27.30113428232126,6821174749.870826
2025-08-19,600362,0.37,54.92646294946167,12130234710.073862
2025-08-19,601899,0.4666666666666666,57.52474007633601,9669701717.767809
2025-08-20,000630,0.6266666666666665,26.01880242949361,5805968270.009595
2025-08-20,600362,0.49999999999999994,55.04877937023596,669084883.9775959
2025-08-20,601899,0.3133333333333334,56.305220019295184,8776289013.885538
2025-08-21,000630,0.6766666666666665,26.86459446969065,1070605132.346665
2025-08-21,600362,0.42,55.74707509921255,547441852.1817771
2025-08-21,601899,0.3433333333333334,57.982589826950495,3269325134.356673
2025-08-22,000630,0.6099999999999999,27.481481075627038,3454905845.273249
2025-08-22,600362,0.2866666666666667,56.34592928535579,5184918605.280869
2025-08-22,601899,0.5433333333333333,58.79280228958331,1791222669.5160477
2025-08-25,000630,0.5266666666666666,27.61035449769227,6778253676.04906
2025-08-25,600362,0.45,56.55307426316232,6902212228.90014
2025-08-25,601899,0.4633333333333332,57.78362942903026,684423977.1350919
2025-08-26,000630,0.6099999999999999,28.26390753593217,1211311938.048952
2025-08-26,600362,0.44,58.67424516373827,10909666183.613873
2025-08-26,601899,0.38999999999999996,57.57947260562883,8914350305.752766
2025-08-27,000630,0.5633333333333332,27.843477996027197,4645678734.941538
2025-08-27,600362,0.4866666666666665,59.1088297707381,10605223485.10415
2025-08-27,601899,0.38999999999999996,58.12303667359661,2212813753.807832
2025-08-28,000630,0.5633333333333332,28.129481036693875,1411827092.0759766
2025-08-28,600362,0.4866666666666665,60.35825873241564,532890994.6967512
2025-08-28,601899,0.38999999999999996,57.91682539849671,12691893117.826569
2025-08-29,000630,0.5833333333333333,28.165921843627395,4269046808.810548
2025-08-29,600362,0.49333333333333335,58.26132633026671,11677131200.1311
2025-08-29,601899,0.36333333333333334,57.93593203628076,1056276325.6990637
2025-09-01,000630,0.5566666666666664,28.341846288889208,3430295847.6984987
2025-09-01,600362,0.4666666666666666,58.300448352142986,5319624409.891287
2025-09-01,601899,0.4166666666666667,57.36631437917538,6693644977.548131
2025-09-02,000630,0.5066666666666666,27.95621283501604,1592777270.0622036
2025-09-02,600362,0.5666666666666667,57.46170877896505,10550354725.266802
2025-09-02,601899,0.36666666666666675,56.79261232501681,5135347025.74253
2025-09-03,000630,0.4733333333333334,28.729330569595625,1555483526.2304451
2025-09-03,600362,0.55,58.31805555171929,361099568.17069066
2025-09-03,601899,0.4166666666666667,56.22858284947896,4538675619.019097
2025-09-04,000630,0.5266666666666667,28.69104215462571,3866106453.918953
2025-09-04,600362,0.5233333333333333,55.71230658405212,6430386851.929854
2025-09-04,601899,0.39000000000000007,55.40270334549557,4379351008.107373
2025-09-05,000630,0.4733333333333334,28.571814911572623,1931766120.8048456
2025-09-05,600362,0.49999999999999994,56.2475475393505,1149334262.6453185
2025-09-05,601899,0.4666666666666666,55.13906623033044,232394622.44097373
2025-09-08,000630,0.5366666666666666,28.16688135114033,5194263040.0281925
2025-09-08,600362,0.44333333333333325,57.99095299083777,14289115794.324903
2025-09-08,601899,0.46,55.82153763420446,6905124205.351091
2025-09-09,000630,0.48000000000000004,27.77508248507371,3990646081.224433
2025-09-09,600362,0.5000000000000001,57.35420831524377,3244080201.568481
2025-09-09,601899,0.46,55.7253072774632,5105552652.761179
2025-09-10,000630,0.53,27.640212164817385,5489561729.587618
2025-09-10,600362,0.5766666666666665,58.08999073621386,1293065766.7908998
2025-09-10,601899,0.33333333333333337,56.5625356610469,1779089715.414739
2025-09-11,000630,0.49333333333333335,27.218713695512957,4833444740.621799
2025-09-11,600362,0.61,57.90018842865059,11846766483.76438
2025-09-11,601899,0.33666666666666667,57.25528645189959,3323669378.532771
2025-09-12,000630,0.5366666666666666,27.65664783276444,905498009.6981908
2025-09-12,600362,0.5433333333333333,57.35352117129351,7487140861.728989
2025-09-12,601899,0.36000000000000004,56.28357951398862,12336420693.68842
2025-09-15,000630,0.5766666666666667,27.650668675234407,3022701972.9049373
2025-09-15,600362,0.49666666666666665,57.75840697114569,270424861.4389041
2025-09-15,601899,0.36666666666666664,57.3058219754006,6071064738.806902
2025-09-16,000630,0.54,26.9497056883831,696795420.4554205
2025-09-16,600362,0.4900000000000001,58.36508427226108,556721192.8393896
2025-09-16,601899,0.4100000000000001,54.09404140770985,8523787433.757769
2025-09-17,000630,0.5633333333333332,27.86596709934619,896437015.1991272
2025-09-17,600362,0.4666666666666667,59.49450991546247,11914120678.72887
2025-09-17,601899,0.41,53.35004148762632,10561590343.21411
2025-09-18,000630,0.5633333333333332,28.180178936223783,3236352649.93062
2025-09-18,600362,0.4666666666666667,60.2781772177318,10770715678.88458
2025-09-18,601899,0.41,51.60698744391728,1292925338.528693
2025-09-19,000630,0.5633333333333332,28.03598358955505,5182886124.27489
2025-09-19,600362,0.4666666666666667,59.911880986017465,4186174930.6312094
2025-09-19,601899,0.41,50.53015763365333,2178567322.2488565
2025-09-22,000630,0.5633333333333332,28.162221223222183,4351547569.192866
2025-09-22,600362,0.4666666666666667,62.65734046297253,13221193830.67686
2025-09-22,601899,0.41,51.61250623897911,9955975034.739712
2025-09-23,000630,0.5633333333333332,28.88523258943025,2550089431.3089657
2025-09-23,600362,0.5200000000000001,62.74811163118499,12613537552.744524
2025-09-23,601899,0.3566666666666667,51.97842604351195,6499444766.591987
2025-09-24,000630,0.59,28.213153750974183,3257397628.680101
2025-09-24,600362,0.4933333333333333,62.82853312442282,2613308855.33718
2025-09-24,601899,0.3566666666666667,50.53528869103371,1721525037.4910164
2025-09-25,000630,0.59,27.983795043349726,1479486453.664874
2025-09-25,600362,0.5200000000000001,62.83182033623794,9819419713.967602
2025-09-25,601899,0.33,50.33507834770456,4565935224.982959
2025-09-26,000630,0.5633333333333332,27.69756952614482,3462417771.324312
2025-09-26,600362,0.5700000000000002,63.723547691327965,15076583553.062971
2025-09-26,601899,0.30666666666666664,49.79010480829473,5543904114.931981
2025-09-29,000630,0.46333333333333343,28.867593157147653,1464123910.300109
2025-09-29,600362,0.6433333333333332,63.91250431339473,12587746679.53517
2025-09-29,601899,0.3333333333333333,48.09712749285305,2523536036.7312675
2025-09-30,000630,0.54,28.99105078312696,4148088830.836137
2025-09-30,600362,0.6266666666666668,64.07530415718605,14430488954.665691
2025-09-30,601899,0.2733333333333333,50.31727476331574,3464817349.837064
2025-10-01,000630,0.46333333333333343,29.566595260330445,5828051947.994822
2025-10-01,600362,0.7033333333333333,64.80522667956026,2477406608.1195693
2025-10-01,601899,0.2733333333333333,50.84285535056139,10978457081.56244
2025-10-02,000630,0.5133333333333334,29.3584191098932,3873015494.131509
2025-10-02,600362,0.7066666666666668,66.91031345717015,6498557138.026119
2025-10-02,601899,0.21999999999999997,50.37480166986079,2746484561.84248
2025-10-03,000630,0.5166666666666668,29.030811444862863,7240383079.107711
2025-10-03,600362,0.7033333333333334,65.83649597452931,7079530085.133086
2025-10-03,601899,0.21999999999999997,51.11180947701959,4084958037.02236
2025-10-06,000630,0.6433333333333333,29.9449297121468,3075565873.917346
2025-10-06,600362,0.6499999999999999,67.52626151957068,10156314374.355637
2025-10-06,601899,0.14666666666666667,51.22627379173034,10221931435.888693
2025-10-07,000630,0.6233333333333334,29.006662490272745,3498481960.2868
2025-10-07,600362,0.6266666666666667,68.65410669925318,7283411198.563721
2025-10-07,601899,0.19,52.75919527861104,11926479888.70642
2025-10-08,000630,0.5700000000000001,29.123558005902243,5556040953.864399
2025-10-08,600362,0.6866666666666668,69.23366147825018,4678125429.451512
2025-10-08,601899,0.1833333333333333,53.93492063681828,11843499107.2421
2025-10-09,000630,0.5700000000000001,28.114723163562417,5652976779.995801
2025-10-09,600362,0.71,67.68660834338232,6902998445.917343
2025-10-09,601899,0.15999999999999998,53.35648019122719,12770494702.760868
2025-10-10,000630,0.5700000000000001,27.924653650825316,3907937994.887669
2025-10-10,600362,0.7433333333333332,68.38918336904604,9872491538.197063
2025-10-10,601899,0.1266666666666666,54.424991961104176,1335235540.2777493
2025-10-13,000630,0.5700000000000001,28.001386798723573,4304079164.138401
2025-10-13,600362,0.7433333333333332,69.6396999992808,13892444644.766523
2025-10-13,601899,0.1266666666666666,53.47386012858841,3188261267.6748013
2025-10-14,000630,0.5966666666666667,27.736130748709467,3727073079.1016574
2025-10-14,600362,0.6600000000000001,70.43715221575512,2070373302.5081332
2025-10-14,601899,0.1833333333333333,54.06514754663351,883727275.7382528
2025-10-15,000630,0.5966666666666667,28.008914418405787,6267115039.450295
2025-10-15,600362,0.6333333333333333,69.84132072159062,1940017286.3439837
2025-10-15,601899,0.20999999999999996,53.00517683360645,12792348884.78783
2025-10-16,000630,0.37666666666666665,27.05208380362189,4009438034.285648
2025-10-16,600362,0.7899999999999999,68.97986896553634,14604093651.999216
2025-10-16,601899,0.2733333333333333,54.46379710185175,1437517460.706275
2025-10-17,000630,0.35000000000000003,26.59725078728688,6231081567.0919485
2025-10-17,600362,0.7633333333333332,66.47685869690073,5780761155.423791
2025-10-17,601899,0.32666666666666666,55.84207231465998,12860702880.220535
2025-10-20,000630,0.31000000000000005,26.712683927144063,3994390367.920135
2025-10-20,600362,0.6799999999999999,65.90854859939479,4563494723.312375
2025-10-20,601899,0.44999999999999996,56.22155447584822,12235058372.453938
2025-10-21,000630,0.3333333333333334,27.357563563009023,3397295072.330736
2025-10-21,600362,0.6799999999999999,66.08622424607384,12383243307.85174
2025-10-21,601899,0.42666666666666664,55.73459199166547,12688782445.027325
2025-10-22,000630,0.2566666666666667,27.670856001862123,3655735140.686015
2025-10-22,600362,0.6799999999999999,67.6342127190598,7949576567.730308
2025-10-22,601899,0.5033333333333333,56.70178173132523,13950736271.830065
2025-10-23,000630,0.31000000000000005,28.30084297354294,5344752869.6841545
2025-10-23,600362,0.6533333333333332,68.14063810302815,13143674939.94834
2025-10-23,601899,0.4766666666666666,57.5972350106301,11343504728.339048
2025-10-24,000630,0.2566666666666667,28.066135940788893,801683913.626288
2025-10-24,600362,0.5800000000000001,71.53037994957211,13852094127.488472
2025-10-24,601899,0.6033333333333334,57.00846234434126,12009853044.311453
2025-10-27,000630,0.35666666666666663,27.15003582076862,196338199.04147035
2025-10-27,600362,0.4733333333333334,69.06558965875986,6158164236.333664
2025-10-27,601899,0.61,57.69455554274344,6349989711.056538
2025-10-28,000630,0.32333333333333336,27.28559023770517,805609780.3272688
2025-10-28,600362,0.5566666666666665,67.11773816165021,13000175651.780169
2025-10-28,601899,0.5599999999999999,59.00813371566471,1594865937.2536142
2025-10-29,000630,0.32333333333333336,27.75671316697288,2105338366.7009428
2025-10-29,600362,0.5566666666666665,68.03709983822974,710763170.8800346
2025-10-29,601899,0.5599999999999999,57.96034451051307,8267527297.358545
2025-10-30,000630,0.3166666666666667,27.78746901730555,6094080945.172887
2025-10-30,600362,0.5333333333333334,67.97228510921222,14573400669.213827
2025-10-30,601899,0.5899999999999999,54.92166660529605,9407548749.321142
2025-10-31,000630,0.2733333333333334,27.53680925226813,3791433118.7077904
2025-10-31,600362,0.5366666666666667,69.42236861140623,1463062534.011664
2025-10-31,601899,0.6299999999999999,54.61151459139747,7932147737.55379
2025-11-03,000630,0.30000000000000004,27.513975925054798,3956625296.7217646
2025-11-03,600362,0.4833333333333332,68.76164283299053,2587280582.548368
2025-11-03,601899,0.6566666666666666,54.97631090285185,11549577328.141644
2025-11-04,000630,0.4633333333333333,27.19437936917923,6317912431.44107
2025-11-04,600362,0.3533333333333334,67.96437182543761,12111346209.413538
2025-11-04,601899,0.6233333333333333,55.32390757822087,373342325.5101079
2025-11-05,000630,0.4799999999999999,26.88600999389667,3772152908.360693
2025-11-05,600362,0.41333333333333344,69.25051993075141,14524957227.927448
2025-11-05,601899,0.5466666666666666,56.63922816766989,8682459506.657604
2025-11-06,000630,0.5133333333333333,26.91674176070517,3475818080.391732
2025-11-06,600362,0.47,69.52710227828662,5099590465.385033
2025-11-06,601899,0.4566666666666667,56.69815484911744,3831939125.6621175
2025-11-07,000630,0.42000000000000004,25.93043253478791,3718862249.798424
2025-11-07,600362,0.49666666666666665,69.29629786025244,3745257010.453064
2025-11-07,601899,0.5233333333333334,57.770646874610165,14214329013.945332
2025-11-10,000630,0.3933333333333333,25.92935916133494,171805340.86708918
2025-11-10,600362,0.5166666666666667,69.36420093860171,5663760417.139176
2025-11-10,601899,0.53,56.87348840574565,10625446344.891836
2025-11-11,000630,0.3666666666666667,26.27247905995805,3374823415.903193
2025-11-11,600362,0.46,70.84037148704597,8406074329.470146
2025-11-11,601899,0.6133333333333334,57.41557300174213,6683247337.647686
2025-11-12,000630,0.39999999999999997,25.82767506581693,972091703.0571913
2025-11-12,600362,0.4033333333333334,69.9587368772322,5992847293.619591
2025-11-12,601899,0.6366666666666667,59.24036181498391,9600824781.762457
2025-11-13,000630,0.4266666666666667,26.42768904383858,6004008891.420225
2025-11-13,600362,0.4633333333333334,70.60094533074594,17261218063.819542
2025-11-13,601899,0.55,58.51197911706415,2305699644.295383
2025-11-14,000630,0.41666666666666674,27.375116394899155,138753514.95918587
2025-11-14,600362,0.5533333333333333,74.50050015717778,17670602281.13064
2025-11-14,601899,0.47000000000000003,58.455283356622544,2599418767.9439697
2025-11-17,000630,0.37666666666666676,26.81906973723076,3738414725.044571
2025-11-17,600362,0.5533333333333333,76.17552480346977,8943273226.264164
2025-11-17,601899,0.51,57.74646007102823,3794779750.337585
2025-11-18,000630,0.42666666666666664,27.38511141763472,6202708566.516273
2025-11-18,600362,0.5866666666666668,75.32064151012568,367685243.5958296
2025-11-18,601899,0.4266666666666666,59.91600236946125,5728365272.136134
2025-11-19,000630,0.40333333333333343,27.148872803133923,3854863019.542425
2025-11-19,600362,0.5599999999999999,74.4039100712274,9282847591.825537
2025-11-19,601899,0.4766666666666666,59.24322676245667,794131757.4600267
2025-11-20,000630,0.40333333333333343,27.30811150064692,2147310539.1969187
2025-11-20,600362,0.5266666666666667,77.4308726908695,7077452771.999891
2025-11-20,601899,0.51,59.62229118376073,2865000147.1076627
2025-11-21,000630,0.42000000000000004,27.144303991782145,5615201016.399215
2025-11-21,600362,0.5866666666666668,78.26815780685537,12662950463.860666
2025-11-21,601899,0.4333333333333334,59.43102618832946,2586788902.7706094
2025-11-24,000630,0.42000000000000004,27.48376309857886,1197734150.707137
2025-11-24,600362,0.5599999999999999,81.38958948936946,11245054269.4966
2025-11-24,601899,0.46,59.97280352752277,10822368271.43771
2025-11-25,000630,0.4533333333333333,27.26546559642054,1182031550.3619409
2025-11-25,600362,0.5,77.26698784233574,15852033412.143326
2025-11-25,601899,0.48666666666666664,59.82518598662996,3553340851.7502813
2025-11-26,000630,0.3433333333333334,27.20455059987646,710814100.3488721
2025-11-26,600362,0.5,77.09275299330075,10079314676.777222
2025-11-26,601899,0.5966666666666667,59.09064608192993,8176739060.362352
2025-11-27,000630,0.2366666666666667,28.09642549113778,2914962000.067308
2025-11-27,600362,0.5833333333333333,78.36945514320819,9678345580.147696
2025-11-27,601899,0.62,57.65053336508239,5558987270.048088
2025-11-28,000630,0.22333333333333333,28.78980454233078,2897420324.042441
2025-11-28,600362,0.5366666666666666,77.13827286127768,1549021371.1546032
2025-11-28,601899,0.6799999999999999,57.60264944344927,2172443601.905079
2025-12-01,000630,0.4700000000000001,29.742743000859267,6920571184.182935
2025-12-01,600362,0.57,78.29174354234362,13288802115.11357
2025-12-01,601899,0.39999999999999997,55.65774773120887,677121027.3483407
2025-12-02,000630,0.5466666666666666,30.922662897809087,2852157996.9120007
2025-12-02,600362,0.57,78.46269467772554,8455728448.681787
2025-12-02,601899,0.32333333333333336,52.82781619331565,12223236717.429943
2025-12-03,000630,0.6233333333333335,30.67475853596712,6660410320.914541
2025-12-03,600362,0.47,77.78613934098989,8054420248.360337
2025-12-03,601899,0.3466666666666666,52.24616249006249,7594141681.034302
2025-12-04,000630,0.6233333333333335,30.56811940002248,5134835753.627716
2025-12-04,600362,0.4966666666666667,76.43894219875929,17358955085.88678
2025-12-04,601899,0.31999999999999995,51.38711966135669,1702486106.652544
2025-12-05,000630,0.6733333333333333,30.5228689506067,1035753878.1092026
2025-12-05,600362,0.47,75.90871982716548,3614591057.2420354
2025-12-05,601899,0.2966666666666667,51.58433628699847,4622802514.43017
2025-12-08,000630,0.6466666666666667,30.024771476021485,2110011832.8174431
2025-12-08,600362,0.47,75.32809900526887,2415636544.520763
2025-12-08,601899,0.32333333333333336,52.69881167600873,11832585392.881096
2025-12-09,000630,0.6966666666666665,30.45945754626051,6250018737.157759
2025-12-09,600362,0.52,75.04789003113508,3707163138.234989
2025-12-09,601899,0.22333333333333338,52.90789139979102,3412500796.605981
2025-12-10,000630,0.6966666666666665,31.210208302986675,3567108337.573256
2025-12-10,600362,0.52,74.22071149124089,835754899.6759689
2025-12-10,601899,0.22333333333333338,53.26353360176114,4749424069.615278
2025-12-11,000630,0.6966666666666665,31.311752402426063,4923297126.644981
2025-12-11,600362,0.4866666666666667,74.02080165483076,1609301052.9380066
2025-12-11,601899,0.2566666666666667,53.45444999042613,3774899803.8739033
2025-12-12,000630,0.6966666666666665,32.01887514635568,7259754829.883749
2025-12-12,600362,0.4666666666666667,74.16227247532821,10433222654.101648
2025-12-12,601899,0.27666666666666667,55.03500154544194,10813821950.163733
2025-12-15,000630,0.7233333333333332,31.53457360510635,6612245076.495352
2025-12-15,600362,0.45666666666666655,73.6143188182229,9238891468.962246
2025-12-15,601899,0.25999999999999995,55.89567140436932,3470344244.3788137
2025-12-16,000630,0.7566666666666666,31.924490620279283,7723913419.040355
2025-12-16,600362,0.5066666666666666,74.40503884061954,6742934323.419494
2025-12-16,601899,0.17666666666666658,56.8559232219076,8048814456.501671
2025-12-17,000630,0.7566666666666666,31.622746715997724,7215545530.120153
2025-12-17,600362,0.5066666666666666,73.9811464408948,15245627762.234177
2025-12-17,601899,0.17666666666666658,56.07219404019799,9814052583.543863
2025-12-18,000630,0.6733333333333333,32.07578989906647,2806051044.371144
2025-12-18,600362,0.5833333333333334,72.88846492280872,15316257221.93158
2025-12-18,601899,0.1833333333333333,53.65275326304591,13086995671.748137
2025-12-19,000630,0.6866666666666665,33.05249761364238,485627126.438202
2025-12-19,600362,0.5133333333333334,73.95356583790965,1669841935.1936648
2025-12-19,601899,0.24,53.158085938234095,7274014268.764514
2025-12-22,000630,0.5700000000000001,33.185210483137965,4457610035.189604
2025-12-22,600362,0.5966666666666667,75.78863915921484,13429451283.320148
2025-12-22,601899,0.2733333333333333,52.76418063212715,11485115881.178358
2025-12-23,000630,0.6199999999999999,33.1857642530325,3504194360.499737
2025-12-23,600362,0.5133333333333334,77.96669313682459,6823325319.893027
2025-12-23,601899,0.30666666666666664,51.88468874049831,2594644326.0659657
2025-12-24,000630,0.6333333333333333,32.89610061984987,5284791460.679502
2025-12-24,600362,0.5,80.74272799996777,2465350011.114216
2025-12-24,601899,0.30666666666666664,51.78596915588648,8026095036.997306
2025-12-25,000630,0.6533333333333333,33.58907475269923,3133282942.341092
2025-12-25,600362,0.4800000000000001,79.84747007765864,16672974181.156923
2025-12-25,601899,0.30666666666666664,51.65916650985597,9160539190.109976
2025-12-26,000630,0.6333333333333333,33.88442615361089,5178685609.875736
2025-12-26,600362,0.5,82.38260488573731,3222247301.4168205
2025-12-26,601899,0.30666666666666664,50.88996598091813,5340800149.765395
2025-12-29,000630,0.6333333333333333,32.943241317754634,1001813851.4453136
2025-12-29,600362,0.5000000000000001,81.10630610285433,661348930.5932845
2025-12-29,601899,0.30666666666666664,51.12482177975618,1709072117.2041814
2025-12-30,000630,0.6566666666666665,33.72398692800703,991053548.6507282
2025-12-30,600362,0.4000000000000001,84.30271679432936,7997469961.682528
2025-12-30,601899,0.38333333333333336,50.60694502283728,6491985424.892123
2025-12-31,000630,0.5966666666666666,33.63435124611308,201799380.60642925
2025-12-31,600362,0.48666666666666675,84.95228237935595,3004864170.496675
2025-12-31,601899,0.3566666666666667,50.595982408088005,2922079891.210788
