source,source_url,published_at,symbol,related_symbols,title,summary,quality_flag,fetched_at,effective_date,announce_date,raw_hash
akshare,http://www.cninfo.com.cn/new/disclosure/detail?stockCode=601899&announcementId=1225357786&orgId=9900004143&announcementTime=2026-06-09 00:00:00,2026-06-09 00:00:00,601899,601899,紫金矿业集团股份有限公司第九届董事会临时会议决议公告,紫金矿业集团股份有限公司第九届董事会临时会议决议公告,raw_event,2026-06-12T19:28:41,2026-06-12 19:28:41,,7280747894922512012
akshare,http://www.cninfo.com.cn/new/disclosure/detail?stockCode=601899&announcementId=1225355503&orgId=9900004143&announcementTime=2026-06-06 00:00:00,2026-06-06 00:00:00,601899,601899,紫金矿业集团股份有限公司第九届董事会临时会议决议公告,紫金矿业集团股份有限公司第九届董事会临时会议决议公告,raw_event,2026-06-12T19:28:41,2026-06-12 19:28:41,,4901495038547188788
akshare,http://www.cninfo.com.cn/new/disclosure/detail?stockCode=601899&announcementId=1225355500&orgId=9900004143&announcementTime=2026-06-06 00:00:00,2026-06-06 00:00:00,601899,601899,福建至理律师事务所关于紫金矿业集团股份有限公司2025年年度股东会的法律意见书,福建至理律师事务所关于紫金矿业集团股份有限公司2025年年度股东会的法律意见书,raw_event,2026-06-12T19:28:41,2026-06-12 19:28:41,,17576488269451095360
akshare,http://www.cninfo.com.cn/new/disclosure/detail?stockCode=601899&announcementId=1225355497&orgId=9900004143&announcementTime=2026-06-06 00:00:00,2026-06-06 00:00:00,601899,601899,紫金矿业集团股份有限公司2025年年度股东会决议公告,紫金矿业集团股份有限公司2025年年度股东会决议公告,raw_event,2026-06-12T19:28:41,2026-06-12 19:28:41,,5125038217522349139
akshare,http://www.cninfo.com.cn/new/disclosure/detail?stockCode=601899&announcementId=1225355495&orgId=9900004143&announcementTime=2026-06-06 00:00:00,2026-06-06 00:00:00,601899,601899,紫金矿业集团股份有限公司债务融资工具信息披露事务管理制度,紫金矿业集团股份有限公司债务融资工具信息披露事务管理制度,raw_event,2026-06-12T19:28:41,2026-06-12 19:28:41,,9896543877729713595
akshare,http://www.cninfo.com.cn/new/disclosure/detail?stockCode=601899&announcementId=1225355459&orgId=9900004143&announcementTime=2026-06-06 00:00:00,2026-06-06 00:00:00,601899,601899,紫金矿业集团股份有限公司内幕信息及知情人管理制度,紫金矿业集团股份有限公司内幕信息及知情人管理制度,raw_event,2026-06-12T19:28:41,2026-06-12 19:28:41,,28212120610769946
akshare,http://www.cninfo.com.cn/new/disclosure/detail?stockCode=601899&announcementId=1225347320&orgId=9900004143&announcementTime=2026-06-03 00:00:00,2026-06-03 00:00:00,601899,601899,紫金矿业集团股份有限公司关于调整2025年年度股东会现场会议召开地点的公告,紫金矿业集团股份有限公司关于调整2025年年度股东会现场会议召开地点的公告,raw_event,2026-06-12T19:28:41,2026-06-12 19:28:41,,1998851141258935334
akshare,http://www.cninfo.com.cn/new/disclosure/detail?stockCode=601899&announcementId=1225339211&orgId=9900004143&announcementTime=2026-05-30 00:00:00,2026-05-30 00:00:00,601899,601899,紫金矿业H股市场公告,紫金矿业H股市场公告,raw_event,2026-06-12T19:28:41,2026-06-12 19:28:41,,2419755752003889245
akshare,http://www.cninfo.com.cn/new/disclosure/detail?stockCode=601899&announcementId=1225331065&orgId=9900004143&announcementTime=2026-05-27 00:00:00,2026-05-27 00:00:00,601899,601899,紫金矿业集团股份有限公司2025年年度股东会会议材料,紫金矿业集团股份有限公司2025年年度股东会会议材料,raw_event,2026-06-12T19:28:41,2026-06-12 19:28:41,,1025912253280994591
akshare,http://www.cninfo.com.cn/new/disclosure/detail?stockCode=601899&announcementId=1225309069&orgId=9900004143&announcementTime=2026-05-16 00:00:00,2026-05-16 00:00:00,601899,601899,紫金矿业集团股份有限公司关于召开2025年年度股东会的通知,紫金矿业集团股份有限公司关于召开2025年年度股东会的通知,raw_event,2026-06-12T19:28:41,2026-06-12 19:28:41,,3178065842672961336
akshare,http://www.cninfo.com.cn/new/disclosure/detail?stockCode=601899&announcementId=1225286410&orgId=9900004143&announcementTime=2026-05-09 00:00:00,2026-05-09 00:00:00,601899,601899,紫金矿业集团股份有限公司第九届董事会临时会议决议公告,紫金矿业集团股份有限公司第九届董事会临时会议决议公告,raw_event,2026-06-12T19:28:41,2026-06-12 19:28:41,,675467370759806370
akshare,http://www.cninfo.com.cn/new/disclosure/detail?stockCode=601899&announcementId=1225286409&orgId=9900004143&announcementTime=2026-05-09 00:00:00,2026-05-09 00:00:00,601899,601899,紫金矿业集团股份有限公司九届二次职工（会员）代表大会决议公告,紫金矿业集团股份有限公司九届二次职工（会员）代表大会决议公告,raw_event,2026-06-12T19:28:41,2026-06-12 19:28:41,,10102408042715843869
akshare,http://www.cninfo.com.cn/new/disclosure/detail?stockCode=601899&announcementId=1225286404&orgId=9900004143&announcementTime=2026-05-09 00:00:00,2026-05-09 00:00:00,601899,601899,紫金矿业集团股份有限公司2026年员工持股计划（草案）,紫金矿业集团股份有限公司2026年员工持股计划（草案）,raw_event,2026-06-12T19:28:41,2026-06-12 19:28:41,,8812223437616994825
akshare,http://www.cninfo.com.cn/new/disclosure/detail?stockCode=601899&announcementId=1225286353&orgId=9900004143&announcementTime=2026-05-09 00:00:00,2026-05-09 00:00:00,601899,601899,紫金矿业集团股份有限公司董事会提名与薪酬委员会关于公司2026年员工持股计划相关事项的核查意见,紫金矿业集团股份有限公司董事会提名与薪酬委员会关于公司2026年员工持股计划相关事项的核查意见,raw_event,2026-06-12T19:28:41,2026-06-12 19:28:41,,12895142996733176162
akshare,http://www.cninfo.com.cn/new/disclosure/detail?stockCode=601899&announcementId=1225286352&orgId=9900004143&announcementTime=2026-05-09 00:00:00,2026-05-09 00:00:00,601899,601899,紫金矿业集团股份有限公司董事会秘书管理制度,紫金矿业集团股份有限公司董事会秘书管理制度,raw_event,2026-06-12T19:28:41,2026-06-12 19:28:41,,7091201996055191610
akshare,http://www.cninfo.com.cn/new/disclosure/detail?stockCode=601899&announcementId=1225286342&orgId=9900004143&announcementTime=2026-05-09 00:00:00,2026-05-09 00:00:00,601899,601899,紫金矿业集团股份有限公司2026年员工持股计划管理办法,紫金矿业集团股份有限公司2026年员工持股计划管理办法,raw_event,2026-06-12T19:28:41,2026-06-12 19:28:41,,11273531086271117199
akshare,http://www.cninfo.com.cn/new/disclosure/detail?stockCode=601899&announcementId=1225286337&orgId=9900004143&announcementTime=2026-05-09 00:00:00,2026-05-09 00:00:00,601899,601899,福建至理律师事务所关于紫金矿业集团股份有限公司2026年员工持股计划法律意见书,福建至理律师事务所关于紫金矿业集团股份有限公司2026年员工持股计划法律意见书,raw_event,2026-06-12T19:28:41,2026-06-12 19:28:41,,15173582144271222803
akshare,http://www.cninfo.com.cn/new/disclosure/detail?stockCode=601899&announcementId=1225286335&orgId=9900004143&announcementTime=2026-05-09 00:00:00,2026-05-09 00:00:00,601899,601899,紫金矿业集团股份有限公司2026年员工持股计划（草案）摘要,紫金矿业集团股份有限公司2026年员工持股计划（草案）摘要,raw_event,2026-06-12T19:28:41,2026-06-12 19:28:41,,1335536074072208297
akshare,http://www.cninfo.com.cn/new/disclosure/detail?stockCode=601899&announcementId=1225272773&orgId=9900004143&announcementTime=2026-05-01 00:00:00,2026-05-01 00:00:00,601899,601899,紫金矿业H股市场公告,紫金矿业H股市场公告,raw_event,2026-06-12T19:28:41,2026-06-12 19:28:41,,12758943185761070685
akshare,http://www.cninfo.com.cn/new/disclosure/detail?stockCode=601899&announcementId=1225201092&orgId=9900004143&announcementTime=2026-04-28 00:00:00,2026-04-28 00:00:00,601899,601899,紫金矿业H股市场公告,紫金矿业H股市场公告,raw_event,2026-06-12T19:28:41,2026-06-12 19:28:41,,4181603514778585985
akshare,http://www.cninfo.com.cn/new/disclosure/detail?stockCode=601899&announcementId=1225141516&orgId=9900004143&announcementTime=2026-04-22 00:00:00,2026-04-22 00:00:00,601899,601899,紫金矿业集团股份有限公司证券违法违规行为内部问责制度,紫金矿业集团股份有限公司证券违法违规行为内部问责制度,raw_event,2026-06-12T19:28:41,2026-06-12 19:28:41,,16676307274665254982
akshare,http://www.cninfo.com.cn/new/disclosure/detail?stockCode=601899&announcementId=1225141515&orgId=9900004143&announcementTime=2026-04-22 00:00:00,2026-04-22 00:00:00,601899,601899,紫金矿业集团股份有限公司未来三年（2026-2028年度）股东分红回报规划,紫金矿业集团股份有限公司未来三年（2026-2028年度）股东分红回报规划,raw_event,2026-06-12T19:28:41,2026-06-12 19:28:41,,11156947815469818630
akshare,http://www.cninfo.com.cn/new/disclosure/detail?stockCode=601899&announcementId=1225141513&orgId=9900004143&announcementTime=2026-04-22 00:00:00,2026-04-22 00:00:00,601899,601899,紫金矿业集团股份有限公司投资者关系管理制度,紫金矿业集团股份有限公司投资者关系管理制度,raw_event,2026-06-12T19:28:41,2026-06-12 19:28:41,,12845286133830889687
akshare,http://www.cninfo.com.cn/new/disclosure/detail?stockCode=601899&announcementId=1225141512&orgId=9900004143&announcementTime=2026-04-22 00:00:00,2026-04-22 00:00:00,601899,601899,紫金矿业集团股份有限公司信息披露管理办法,紫金矿业集团股份有限公司信息披露管理办法,raw_event,2026-06-12T19:28:41,2026-06-12 19:28:41,,11089869714345413149
akshare,http://www.cninfo.com.cn/new/disclosure/detail?stockCode=601899&announcementId=1225141511&orgId=9900004143&announcementTime=2026-04-22 00:00:00,2026-04-22 00:00:00,601899,601899,紫金矿业集团股份有限公司市值管理制度,紫金矿业集团股份有限公司市值管理制度,raw_event,2026-06-12T19:28:41,2026-06-12 19:28:41,,16365914355284074847
akshare,http://www.cninfo.com.cn/new/disclosure/detail?stockCode=601899&announcementId=1225141510&orgId=9900004143&announcementTime=2026-04-22 00:00:00,2026-04-22 00:00:00,601899,601899,紫金矿业集团股份有限公司总裁工作细则,紫金矿业集团股份有限公司总裁工作细则,raw_event,2026-06-12T19:28:41,2026-06-12 19:28:41,,18132837029849936428
akshare,http://www.cninfo.com.cn/new/disclosure/detail?stockCode=601899&announcementId=1225141509&orgId=9900004143&announcementTime=2026-04-22 00:00:00,2026-04-22 00:00:00,601899,601899,紫金矿业集团股份有限公司第九届董事会第三次会议决议公告,紫金矿业集团股份有限公司第九届董事会第三次会议决议公告,raw_event,2026-06-12T19:28:41,2026-06-12 19:28:41,,11875930926248495577
akshare,http://www.cninfo.com.cn/new/disclosure/detail?stockCode=601899&announcementId=1225141507&orgId=9900004143&announcementTime=2026-04-22 00:00:00,2026-04-22 00:00:00,601899,601899,紫金矿业集团股份有限公司2026年第一季度报告,紫金矿业集团股份有限公司2026年第一季度报告,raw_event,2026-06-12T19:28:41,2026-06-12 19:28:41,,15201809515574001746
akshare,http://www.cninfo.com.cn/new/disclosure/detail?stockCode=601899&announcementId=1225102175&orgId=9900004143&announcementTime=2026-04-15 00:00:00,2026-04-15 00:00:00,601899,601899,紫金矿业集团股份有限公司关于回购股份实施结果暨股份变动的公告,紫金矿业集团股份有限公司关于回购股份实施结果暨股份变动的公告,raw_event,2026-06-12T19:28:41,2026-06-12 19:28:41,,17277339378389739002
akshare,http://www.cninfo.com.cn/new/disclosure/detail?stockCode=601899&announcementId=1225078771&orgId=9900004143&announcementTime=2026-04-04 00:00:00,2026-04-04 00:00:00,601899,601899,中信证券股份有限公司关于紫金矿业集团股份有限公司分拆所属子公司紫金黄金国际有限公司境外上市之持续督导核查意见,中信证券股份有限公司关于紫金矿业集团股份有限公司分拆所属子公司紫金黄金国际有限公司境外上市之持续督导核查意见,raw_event,2026-06-12T19:28:41,2026-06-12 19:28:41,,6653378103692141225
akshare,http://www.cninfo.com.cn/new/disclosure/detail?stockCode=601899&announcementId=1225075988&orgId=9900004143&announcementTime=2026-04-03 00:00:00,2026-04-03 00:00:00,601899,601899,紫金矿业集团股份有限公司关于以集中竞价交易方式回购公司A股股份的进展公告,紫金矿业集团股份有限公司关于以集中竞价交易方式回购公司A股股份的进展公告,raw_event,2026-06-12T19:28:41,2026-06-12 19:28:41,,2626275365931967719
akshare,http://www.cninfo.com.cn/new/disclosure/detail?stockCode=601899&announcementId=1225075985&orgId=9900004143&announcementTime=2026-04-03 00:00:00,2026-04-03 00:00:00,601899,601899,紫金矿业集团股份有限公司关于2023年股票期权激励计划第一个行权期自主行权完毕暨股份变动公告,紫金矿业集团股份有限公司关于2023年股票期权激励计划第一个行权期自主行权完毕暨股份变动公告,raw_event,2026-06-12T19:28:41,2026-06-12 19:28:41,,11618458119263565669
akshare,http://www.cninfo.com.cn/new/disclosure/detail?stockCode=601899&announcementId=1225071936&orgId=9900004143&announcementTime=2026-04-02 00:00:00,2026-04-02 00:00:00,601899,601899,紫金矿业H股市场公告,紫金矿业H股市场公告,raw_event,2026-06-12T19:28:41,2026-06-12 19:28:41,,13458228233579934427
akshare,http://www.cninfo.com.cn/new/disclosure/detail?stockCode=601899&announcementId=1225027508&orgId=9900004143&announcementTime=2026-03-25 00:00:00,2026-03-25 00:00:00,601899,601899,紫金矿业集团股份有限公司关于回购A股股份事项前十名股东和前十名无限售条件股东持股情况的公告,紫金矿业集团股份有限公司关于回购A股股份事项前十名股东和前十名无限售条件股东持股情况的公告,raw_event,2026-06-12T19:28:41,2026-06-12 19:28:41,,15587157428454314411
akshare,http://www.cninfo.com.cn/new/disclosure/detail?stockCode=601899&announcementId=1225025170&orgId=9900004143&announcementTime=2026-03-24 00:00:00,2026-03-24 00:00:00,601899,601899,紫金矿业集团股份有限公司关于以集中竞价交易方式首次回购公司A股股份的公告,紫金矿业集团股份有限公司关于以集中竞价交易方式首次回购公司A股股份的公告,raw_event,2026-06-12T19:28:41,2026-06-12 19:28:41,,1661599715964215800
akshare,http://www.cninfo.com.cn/new/disclosure/detail?stockCode=601899&announcementId=1225024230&orgId=9900004143&announcementTime=2026-03-23 00:00:00,2026-03-23 00:00:00,601899,601899,紫金矿业集团股份有限公司关于拟通过协议收购A股和认购定向增发H股的方式获得赤峰吉隆黄金矿业股份有限公司控制权的公告,紫金矿业集团股份有限公司关于拟通过协议收购A股和认购定向增发H股的方式获得赤峰吉隆黄金矿业股份有限公司控制权的公告,raw_event,2026-06-12T19:28:41,2026-06-12 19:28:41,,16100145896034079592
akshare,http://www.cninfo.com.cn/new/disclosure/detail?stockCode=601899&announcementId=1225023679&orgId=9900004143&announcementTime=2026-03-21 00:00:00,2026-03-21 00:00:00,601899,601899,紫金矿业集团股份有限公司关于续聘会计师事务所的公告,紫金矿业集团股份有限公司关于续聘会计师事务所的公告,raw_event,2026-06-12T19:28:41,2026-06-12 19:28:41,,2073748974515204201
akshare,http://www.cninfo.com.cn/new/disclosure/detail?stockCode=601899&announcementId=1225023678&orgId=9900004143&announcementTime=2026-03-21 00:00:00,2026-03-21 00:00:00,601899,601899,紫金矿业集团股份有限公司涉及财务公司关联交易的存贷款等金融业务的专项说明,紫金矿业集团股份有限公司涉及财务公司关联交易的存贷款等金融业务的专项说明,raw_event,2026-06-12T19:28:41,2026-06-12 19:28:41,,13452987338405149434
akshare,http://www.cninfo.com.cn/new/disclosure/detail?stockCode=601899&announcementId=1225023677&orgId=9900004143&announcementTime=2026-03-21 00:00:00,2026-03-21 00:00:00,601899,601899,紫金矿业集团股份有限公司2025年年度报告摘要,紫金矿业集团股份有限公司2025年年度报告摘要,raw_event,2026-06-12T19:28:41,2026-06-12 19:28:41,,12857254583381447846
akshare,http://www.cninfo.com.cn/new/disclosure/detail?stockCode=601899&announcementId=1225023676&orgId=9900004143&announcementTime=2026-03-21 00:00:00,2026-03-21 00:00:00,601899,601899,紫金矿业集团股份有限公司第九届董事会第二次会议决议公告,紫金矿业集团股份有限公司第九届董事会第二次会议决议公告,raw_event,2026-06-12T19:28:41,2026-06-12 19:28:41,,8141692377190677088
akshare,http://www.cninfo.com.cn/new/disclosure/detail?stockCode=601899&announcementId=1225023675&orgId=9900004143&announcementTime=2026-03-21 00:00:00,2026-03-21 00:00:00,601899,601899,紫金矿业集团股份有限公司第八届董事会审计与内控委员会2025年度对会计师事务所履行监督职责情况的报告,紫金矿业集团股份有限公司第八届董事会审计与内控委员会2025年度对会计师事务所履行监督职责情况的报告,raw_event,2026-06-12T19:28:41,2026-06-12 19:28:41,,1179486358640864315
akshare,http://www.cninfo.com.cn/new/disclosure/detail?stockCode=601899&announcementId=1225023674&orgId=9900004143&announcementTime=2026-03-21 00:00:00,2026-03-21 00:00:00,601899,601899,紫金矿业集团股份有限公司关于控股子公司紫金矿业集团财务有限公司的风险持续评估报告,紫金矿业集团股份有限公司关于控股子公司紫金矿业集团财务有限公司的风险持续评估报告,raw_event,2026-06-12T19:28:41,2026-06-12 19:28:41,,11390252037788279785
akshare,http://www.cninfo.com.cn/new/disclosure/detail?stockCode=601899&announcementId=1225023673&orgId=9900004143&announcementTime=2026-03-21 00:00:00,2026-03-21 00:00:00,601899,601899,紫金矿业集团股份有限公司2025年年度审计报告,紫金矿业集团股份有限公司2025年年度审计报告,raw_event,2026-06-12T19:28:41,2026-06-12 19:28:41,,12890111467228003588
akshare,http://www.cninfo.com.cn/new/disclosure/detail?stockCode=601899&announcementId=1225023672&orgId=9900004143&announcementTime=2026-03-21 00:00:00,2026-03-21 00:00:00,601899,601899,紫金矿业集团股份有限公司2025年度募集资金存放、管理与实际使用情况的专项报告,紫金矿业集团股份有限公司2025年度募集资金存放、管理与实际使用情况的专项报告,raw_event,2026-06-12T19:28:41,2026-06-12 19:28:41,,9836840350328878777
akshare,http://www.cninfo.com.cn/new/disclosure/detail?stockCode=601899&announcementId=1225023671&orgId=9900004143&announcementTime=2026-03-21 00:00:00,2026-03-21 00:00:00,601899,601899,紫金矿业集团股份有限公司2025年度内部控制审计报告,紫金矿业集团股份有限公司2025年度内部控制审计报告,raw_event,2026-06-12T19:28:41,2026-06-12 19:28:41,,13792772872072156775
akshare,http://www.cninfo.com.cn/new/disclosure/detail?stockCode=601899&announcementId=1225023670&orgId=9900004143&announcementTime=2026-03-21 00:00:00,2026-03-21 00:00:00,601899,601899,紫金矿业集团股份有限公司2026年度担保计划的公告,紫金矿业集团股份有限公司2026年度担保计划的公告,raw_event,2026-06-12T19:28:41,2026-06-12 19:28:41,,16111251192311751290
akshare,http://www.cninfo.com.cn/new/disclosure/detail?stockCode=601899&announcementId=1225023669&orgId=9900004143&announcementTime=2026-03-21 00:00:00,2026-03-21 00:00:00,601899,601899,紫金矿业集团股份有限公司2025年度利润分配方案公告,紫金矿业集团股份有限公司2025年度利润分配方案公告,raw_event,2026-06-12T19:28:41,2026-06-12 19:28:41,,744800922057632348
akshare,http://www.cninfo.com.cn/new/disclosure/detail?stockCode=601899&announcementId=1225023668&orgId=9900004143&announcementTime=2026-03-21 00:00:00,2026-03-21 00:00:00,601899,601899,紫金矿业集团股份有限公司信息披露暂缓与豁免事务管理制度,紫金矿业集团股份有限公司信息披露暂缓与豁免事务管理制度,raw_event,2026-06-12T19:28:41,2026-06-12 19:28:41,,6151224187845802147
akshare,http://www.cninfo.com.cn/new/disclosure/detail?stockCode=601899&announcementId=1225023667&orgId=9900004143&announcementTime=2026-03-21 00:00:00,2026-03-21 00:00:00,601899,601899,紫金矿业集团股份有限公司2025年度会计师事务所履职情况评估报告,紫金矿业集团股份有限公司2025年度会计师事务所履职情况评估报告,raw_event,2026-06-12T19:28:41,2026-06-12 19:28:41,,11222099046892773806
akshare,http://www.cninfo.com.cn/new/disclosure/detail?stockCode=601899&announcementId=1225023666&orgId=9900004143&announcementTime=2026-03-21 00:00:00,2026-03-21 00:00:00,601899,601899,紫金矿业集团股份有限公司第八届独立董事2025年度述职报告（孙文德）,紫金矿业集团股份有限公司第八届独立董事2025年度述职报告（孙文德）,raw_event,2026-06-12T19:28:41,2026-06-12 19:28:41,,3399245804048671773
akshare,http://www.cninfo.com.cn/new/disclosure/detail?stockCode=601899&announcementId=1225023665&orgId=9900004143&announcementTime=2026-03-21 00:00:00,2026-03-21 00:00:00,601899,601899,紫金矿业集团股份有限公司董事会关于独立董事独立性情况评估的专项意见,紫金矿业集团股份有限公司董事会关于独立董事独立性情况评估的专项意见,raw_event,2026-06-12T19:28:41,2026-06-12 19:28:41,,18437822838351805895
akshare,http://www.cninfo.com.cn/new/disclosure/detail?stockCode=601899&announcementId=1225023664&orgId=9900004143&announcementTime=2026-03-21 00:00:00,2026-03-21 00:00:00,601899,601899,紫金矿业集团股份有限公司2025年度内部控制评价报告,紫金矿业集团股份有限公司2025年度内部控制评价报告,raw_event,2026-06-12T19:28:41,2026-06-12 19:28:41,,5321726118224890622
akshare,http://www.cninfo.com.cn/new/disclosure/detail?stockCode=601899&announcementId=1225023663&orgId=9900004143&announcementTime=2026-03-21 00:00:00,2026-03-21 00:00:00,601899,601899,紫金矿业集团股份有限公司第八届独立董事2025年度述职报告（何福龙）,紫金矿业集团股份有限公司第八届独立董事2025年度述职报告（何福龙）,raw_event,2026-06-12T19:28:41,2026-06-12 19:28:41,,8849740151788917268
akshare,http://www.cninfo.com.cn/new/disclosure/detail?stockCode=601899&announcementId=1225023662&orgId=9900004143&announcementTime=2026-03-21 00:00:00,2026-03-21 00:00:00,601899,601899,德勤华永会计师事务所（特殊普通合伙）关于紫金矿业集团股份有限公司非经营性资金占用及其他关联资金往来情况汇总表的专项审计报告,德勤华永会计师事务所（特殊普通合伙）关于紫金矿业集团股份有限公司非经营性资金占用及其他关联资金往来情况汇总表的专项审计报告,raw_event,2026-06-12T19:28:41,2026-06-12 19:28:41,,10916094523272953467
akshare,http://www.cninfo.com.cn/new/disclosure/detail?stockCode=601899&announcementId=1225023661&orgId=9900004143&announcementTime=2026-03-21 00:00:00,2026-03-21 00:00:00,601899,601899,紫金矿业集团股份有限公司关于子公司开展期货及衍生品交易的公告,紫金矿业集团股份有限公司关于子公司开展期货及衍生品交易的公告,raw_event,2026-06-12T19:28:41,2026-06-12 19:28:41,,5056446188746844880
akshare,http://www.cninfo.com.cn/new/disclosure/detail?stockCode=601899&announcementId=1225023660&orgId=9900004143&announcementTime=2026-03-21 00:00:00,2026-03-21 00:00:00,601899,601899,紫金矿业集团股份有限公司第八届独立董事2025年度述职报告（薄少川）,紫金矿业集团股份有限公司第八届独立董事2025年度述职报告（薄少川）,raw_event,2026-06-12T19:28:41,2026-06-12 19:28:41,,1306275880696961642
akshare,http://www.cninfo.com.cn/new/disclosure/detail?stockCode=601899&announcementId=1225023659&orgId=9900004143&announcementTime=2026-03-21 00:00:00,2026-03-21 00:00:00,601899,601899,紫金矿业集团股份有限公司第八届董事会审计与内控委员会2025年度履职情况报告,紫金矿业集团股份有限公司第八届董事会审计与内控委员会2025年度履职情况报告,raw_event,2026-06-12T19:28:41,2026-06-12 19:28:41,,9563056159243139719
akshare,http://www.cninfo.com.cn/new/disclosure/detail?stockCode=601899&announcementId=1225023658&orgId=9900004143&announcementTime=2026-03-21 00:00:00,2026-03-21 00:00:00,601899,601899,紫金矿业集团股份有限公司2025年年度报告,紫金矿业集团股份有限公司2025年年度报告,raw_event,2026-06-12T19:28:41,2026-06-12 19:28:41,,3265899139404222772
akshare,http://www.cninfo.com.cn/new/disclosure/detail?stockCode=601899&announcementId=1225023657&orgId=9900004143&announcementTime=2026-03-21 00:00:00,2026-03-21 00:00:00,601899,601899,紫金矿业集团股份有限公司2025年度可持续发展报告摘要,紫金矿业集团股份有限公司2025年度可持续发展报告摘要,raw_event,2026-06-12T19:28:41,2026-06-12 19:28:41,,15897039591500433820
akshare,http://www.cninfo.com.cn/new/disclosure/detail?stockCode=601899&announcementId=1225023656&orgId=9900004143&announcementTime=2026-03-21 00:00:00,2026-03-21 00:00:00,601899,601899,紫金矿业集团股份有限公司第八届独立董事2025年度述职报告（吴小敏）,紫金矿业集团股份有限公司第八届独立董事2025年度述职报告（吴小敏）,raw_event,2026-06-12T19:28:41,2026-06-12 19:28:41,,17608455126658820625
akshare,http://www.cninfo.com.cn/new/disclosure/detail?stockCode=601899&announcementId=1225023655&orgId=9900004143&announcementTime=2026-03-21 00:00:00,2026-03-21 00:00:00,601899,601899,紫金矿业集团股份有限公司2025年度募集资金存放、管理与实际使用情况审核报告,紫金矿业集团股份有限公司2025年度募集资金存放、管理与实际使用情况审核报告,raw_event,2026-06-12T19:28:41,2026-06-12 19:28:41,,714969092793239763
akshare,http://www.cninfo.com.cn/new/disclosure/detail?stockCode=601899&announcementId=1225023654&orgId=9900004143&announcementTime=2026-03-21 00:00:00,2026-03-21 00:00:00,601899,601899,紫金矿业集团股份有限公司关于以集中竞价方式回购A股股份方案的公告暨回购报告书,紫金矿业集团股份有限公司关于以集中竞价方式回购A股股份方案的公告暨回购报告书,raw_event,2026-06-12T19:28:41,2026-06-12 19:28:41,,12578595761587742629
akshare,http://www.cninfo.com.cn/new/disclosure/detail?stockCode=601899&announcementId=1225023653&orgId=9900004143&announcementTime=2026-03-21 00:00:00,2026-03-21 00:00:00,601899,601899,紫金矿业集团股份有限公司2025年度可持续发展报告,紫金矿业集团股份有限公司2025年度可持续发展报告,raw_event,2026-06-12T19:28:41,2026-06-12 19:28:41,,11605441587645164786
akshare,http://www.cninfo.com.cn/new/disclosure/detail?stockCode=601899&announcementId=1225023652&orgId=9900004143&announcementTime=2026-03-21 00:00:00,2026-03-21 00:00:00,601899,601899,兴业证券股份有限公司关于紫金矿业集团股份有限公司2025年度募集资金存放、管理与使用情况的核查意见,兴业证券股份有限公司关于紫金矿业集团股份有限公司2025年度募集资金存放、管理与使用情况的核查意见,raw_event,2026-06-12T19:28:41,2026-06-12 19:28:41,,8043742625808251407
akshare,http://www.cninfo.com.cn/new/disclosure/detail?stockCode=601899&announcementId=1225023651&orgId=9900004143&announcementTime=2026-03-21 00:00:00,2026-03-21 00:00:00,601899,601899,紫金矿业集团股份有限公司第八届独立董事2025年度述职报告（李常青）,紫金矿业集团股份有限公司第八届独立董事2025年度述职报告（李常青）,raw_event,2026-06-12T19:28:41,2026-06-12 19:28:41,,8499529261598160401
akshare,http://www.cninfo.com.cn/new/disclosure/detail?stockCode=601899&announcementId=1225023650&orgId=9900004143&announcementTime=2026-03-21 00:00:00,2026-03-21 00:00:00,601899,601899,紫金矿业集团股份有限公司关于开展期货和衍生品业务的可行性分析报告,紫金矿业集团股份有限公司关于开展期货和衍生品业务的可行性分析报告,raw_event,2026-06-12T19:28:41,2026-06-12 19:28:41,,11706116773943641088
akshare,http://www.cninfo.com.cn/new/disclosure/detail?stockCode=601899&announcementId=1225023649&orgId=9900004143&announcementTime=2026-03-21 00:00:00,2026-03-21 00:00:00,601899,601899,紫金矿业集团股份有限公司第八届独立董事2025年度述职报告（毛景文）,紫金矿业集团股份有限公司第八届独立董事2025年度述职报告（毛景文）,raw_event,2026-06-12T19:28:41,2026-06-12 19:28:41,,15916051654350099811
akshare,http://www.cninfo.com.cn/new/disclosure/detail?stockCode=601899&announcementId=1225023648&orgId=9900004143&announcementTime=2026-03-21 00:00:00,2026-03-21 00:00:00,601899,601899,紫金矿业集团股份有限公司内部审计管理制度,紫金矿业集团股份有限公司内部审计管理制度,raw_event,2026-06-12T19:28:41,2026-06-12 19:28:41,,10004595928765983736
akshare,http://www.cninfo.com.cn/new/disclosure/detail?stockCode=601899&announcementId=1225008174&orgId=9900004143&announcementTime=2026-03-14 00:00:00,2026-03-14 00:00:00,601899,601899,紫金矿业集团股份有限公司关于召开2025年度业绩说明会的公告,紫金矿业集团股份有限公司关于召开2025年度业绩说明会的公告,raw_event,2026-06-12T19:28:41,2026-06-12 19:28:41,,5506107236469549714
akshare,http://www.cninfo.com.cn/new/disclosure/detail?stockCode=601899&announcementId=1225007115&orgId=9900004143&announcementTime=2026-03-13 00:00:00,2026-03-13 00:00:00,601899,601899,紫金矿业集团股份有限公司关于全资子公司与专业投资机构共同投资的公告,紫金矿业集团股份有限公司关于全资子公司与专业投资机构共同投资的公告,raw_event,2026-06-12T19:28:41,2026-06-12 19:28:41,,7730869768031152873
akshare,http://www.cninfo.com.cn/new/disclosure/detail?stockCode=601899&announcementId=1224992174&orgId=9900004143&announcementTime=2026-03-03 00:00:00,2026-03-03 00:00:00,601899,601899,紫金矿业集团股份有限公司关于2023年股票期权激励计划第一个行权期自主行权结果暨股份变动月度公告,紫金矿业集团股份有限公司关于2023年股票期权激励计划第一个行权期自主行权结果暨股份变动月度公告,raw_event,2026-06-12T19:28:41,2026-06-12 19:28:41,,8610803186736859914
akshare,http://www.cninfo.com.cn/new/disclosure/detail?stockCode=601899&announcementId=1224991243&orgId=9900004143&announcementTime=2026-03-03 00:00:00,2026-03-03 00:00:00,601899,601899,紫金矿业H股市场公告,紫金矿业H股市场公告,raw_event,2026-06-12T19:28:41,2026-06-12 19:28:41,,17622129930218897688
akshare,http://www.cninfo.com.cn/new/disclosure/detail?stockCode=601899&announcementId=1224972233&orgId=9900004143&announcementTime=2026-02-09 00:00:00,2026-02-09 00:00:00,601899,601899,紫金矿业集团股份有限公司关于三年（2026-2028年）主要矿产品产量规划和2035年远景目标纲要的公告,紫金矿业集团股份有限公司关于三年（2026-2028年）主要矿产品产量规划和2035年远景目标纲要的公告,raw_event,2026-06-12T19:28:41,2026-06-12 19:28:41,,5751852375061388572
akshare,http://www.cninfo.com.cn/new/disclosure/detail?stockCode=601899&announcementId=1224968955&orgId=9900004143&announcementTime=2026-02-06 00:00:00,2026-02-06 00:00:00,601899,601899,紫金矿业集团股份有限公司关于为全资子公司提供担保的实施公告,紫金矿业集团股份有限公司关于为全资子公司提供担保的实施公告,raw_event,2026-06-12T19:28:41,2026-06-12 19:28:41,,13351421980701118983
akshare,http://www.cninfo.com.cn/new/disclosure/detail?stockCode=601899&announcementId=1224968949&orgId=9900004143&announcementTime=2026-02-06 00:00:00,2026-02-06 00:00:00,601899,601899,紫金矿业集团股份有限公司关于15亿美元零息可转换公司债券发行完成的公告,紫金矿业集团股份有限公司关于15亿美元零息可转换公司债券发行完成的公告,raw_event,2026-06-12T19:28:41,2026-06-12 19:28:41,,13576924442467977143
akshare,http://www.cninfo.com.cn/new/disclosure/detail?stockCode=601899&announcementId=1224965300&orgId=9900004143&announcementTime=2026-02-04 00:00:00,2026-02-04 00:00:00,601899,601899,紫金矿业集团股份有限公司关于2023年股票期权激励计划第一个行权期自主行权结果暨股份变动月度公告,紫金矿业集团股份有限公司关于2023年股票期权激励计划第一个行权期自主行权结果暨股份变动月度公告,raw_event,2026-06-12T19:28:41,2026-06-12 19:28:41,,15481550655511193279
akshare,http://www.cninfo.com.cn/new/disclosure/detail?stockCode=601899&announcementId=1224965070&orgId=9900004143&announcementTime=2026-02-04 00:00:00,2026-02-04 00:00:00,601899,601899,紫金矿业H股市场公告,紫金矿业H股市场公告,raw_event,2026-06-12T19:28:41,2026-06-12 19:28:41,,15748734377129234796
akshare,http://www.cninfo.com.cn/new/disclosure/detail?stockCode=601899&announcementId=1224957529&orgId=9900004143&announcementTime=2026-01-30 00:00:00,2026-01-30 00:00:00,601899,601899,紫金矿业集团股份有限公司关于根据一般性授权拟发行15亿美元零息可转换公司债券的公告,紫金矿业集团股份有限公司关于根据一般性授权拟发行15亿美元零息可转换公司债券的公告,raw_event,2026-06-12T19:28:41,2026-06-12 19:28:41,,8303907367601698521
akshare,http://www.cninfo.com.cn/new/disclosure/detail?stockCode=601899&announcementId=1224951157&orgId=9900004143&announcementTime=2026-01-27 00:00:00,2026-01-27 00:00:00,601899,601899,紫金矿业集团股份有限公司关于拟收购Allied Gold Corporation 100%股权的公告,紫金矿业集团股份有限公司关于拟收购Allied Gold Corporation 100%股权的公告,raw_event,2026-06-12T19:28:41,2026-06-12 19:28:41,,5433778588633184988
akshare,http://www.cninfo.com.cn/new/disclosure/detail?stockCode=601899&announcementId=1224948177&orgId=9900004143&announcementTime=2026-01-24 00:00:00,2026-01-24 00:00:00,601899,601899,紫金矿业集团股份有限公司关于巨龙铜矿二期工程建成投产的公告,紫金矿业集团股份有限公司关于巨龙铜矿二期工程建成投产的公告,raw_event,2026-06-12T19:28:41,2026-06-12 19:28:41,,3010143638961842258
akshare,http://finance.eastmoney.com/a/202604303726683750.html,2026-04-30 20:27:00,600362,600362,600362，又拟分拆上市！,【导读】江西铜业重启分拆上市计划，控股子公司江铜铜箔拟港股IPO 4月30日晚间，江西铜业发布公告称，公司拟分拆控股子公司江西省江铜铜箔科技股份有限公司（以下简称江铜铜箔）至香港联交所上市。 此前，江西铜业拟分拆江铜铜箔至深交所上市，并在2023年6月过会，但2024年6月终止分拆上市计划,raw_event,2026-06-12T19:28:41,2026-06-12 19:28:41,,8961395928207042443
akshare,http://finance.eastmoney.com/a/202606103766792144.html,2026-06-10 17:37:00,600362,600362,解密主力资金出逃股 连续5日净流出684股,7.06 5.65 -5.87 300573 兴齐眼药 23 7.03 10.02 -24.81 688167 炬光科技 5 7.00 7.26 -14.43 000983 山西焦煤 7 6.90 8.84 -1.78 300409 道氏技术 13 6.41 9.50 -19.51 600362,raw_event,2026-06-12T19:28:41,2026-06-12 19:28:41,,9429616005453928276
akshare,http://finance.eastmoney.com/a/202606083763665446.html,2026-06-08 17:12:00,600362,600362,有色金属行业资金流出榜：紫金矿业、北方稀土等净流出资金居前,20048.98 600489 中金黄金 -6.44 1.78 -18835.52 002149 西部材料 -2.49 11.55 -18159.62 000831 中国稀土 -4.77 4.55 -17118.36 000060 中金岭南 -6.71 5.65 -15203.88 600362,raw_event,2026-06-12T19:28:41,2026-06-12 19:28:41,,11772784664170302230
akshare,http://finance.eastmoney.com/a/202606093765150767.html,2026-06-09 16:35:00,600362,600362,解密主力资金出逃股 连续5日净流出652股,江苏国信 7 6.25 5.41 1.74 300602 飞荣达 5 6.08 8.69 -6.16 002432 九安医疗 7 6.05 4.95 -9.53 688516 奥特维 12 6.03 7.06 -28.66 000983 山西焦煤 6 5.88 8.22 2.19 600362,raw_event,2026-06-12T19:28:41,2026-06-12 19:28:41,,2663399581313909740
akshare,http://www.cninfo.com.cn/new/disclosure/detail?stockCode=600362&announcementId=1225354387&orgId=gssh0600362&announcementTime=2026-06-06 00:00:00,2026-06-06 00:00:00,600362,600362,江西铜业股份有限公司2025年年度股东会决议公告,江西铜业股份有限公司2025年年度股东会决议公告,raw_event,2026-06-12T19:28:41,2026-06-12 19:28:41,,7098768782566040844
akshare,http://www.cninfo.com.cn/new/disclosure/detail?stockCode=600362&announcementId=1225354379&orgId=gssh0600362&announcementTime=2026-06-06 00:00:00,2026-06-06 00:00:00,600362,600362,北京德恒律师事务所关于江西铜业股份有限公司2025年年度股东会的法律意见,北京德恒律师事务所关于江西铜业股份有限公司2025年年度股东会的法律意见,raw_event,2026-06-12T19:28:41,2026-06-12 19:28:41,,10674011801507423102
akshare,http://www.cninfo.com.cn/new/disclosure/detail?stockCode=600362&announcementId=1225284285&orgId=gssh0600362&announcementTime=2026-05-09 00:00:00,2026-05-09 00:00:00,600362,600362,江西铜业股份有限公司2025年年度股东会会议资料,江西铜业股份有限公司2025年年度股东会会议资料,raw_event,2026-06-12T19:28:41,2026-06-12 19:28:41,,4433798311537136425
akshare,http://www.cninfo.com.cn/new/disclosure/detail?stockCode=600362&announcementId=1225278636&orgId=gssh0600362&announcementTime=2026-05-07 00:00:00,2026-05-07 00:00:00,600362,600362,江西铜业股份有限公司关于召开2025年年度股东会的通知,江西铜业股份有限公司关于召开2025年年度股东会的通知,raw_event,2026-06-12T19:28:41,2026-06-12 19:28:41,,13030042157462884689
akshare,http://www.cninfo.com.cn/new/disclosure/detail?stockCode=600362&announcementId=1225278618&orgId=gssh0600362&announcementTime=2026-05-07 00:00:00,2026-05-07 00:00:00,600362,600362,江西铜业股份有限公司关于参加江西辖区上市公司2026年投资者网上集体接待日活动的公告,江西铜业股份有限公司关于参加江西辖区上市公司2026年投资者网上集体接待日活动的公告,raw_event,2026-06-12T19:28:41,2026-06-12 19:28:41,,4929675322561772150
akshare,http://www.cninfo.com.cn/new/disclosure/detail?stockCode=600362&announcementId=1225272496&orgId=gssh0600362&announcementTime=2026-05-01 00:00:00,2026-05-01 00:00:00,600362,600362,江西铜业股份有限公司关于拟筹划控股子公司分拆上市的提示性公告,江西铜业股份有限公司关于拟筹划控股子公司分拆上市的提示性公告,raw_event,2026-06-12T19:28:41,2026-06-12 19:28:41,,12804389871691234204
akshare,http://www.cninfo.com.cn/new/disclosure/detail?stockCode=600362&announcementId=1225226781&orgId=gssh0600362&announcementTime=2026-04-29 00:00:00,2026-04-29 00:00:00,600362,600362,江西铜业股份有限公司2026年第一季度报告,江西铜业股份有限公司2026年第一季度报告,raw_event,2026-06-12T19:28:41,2026-06-12 19:28:41,,5468909352337037438
akshare,http://www.cninfo.com.cn/new/disclosure/detail?stockCode=600362&announcementId=1225226659&orgId=gssh0600362&announcementTime=2026-04-29 00:00:00,2026-04-29 00:00:00,600362,600362,江西铜业股份有限公司第十届董事会第十七次会议决议公告,江西铜业股份有限公司第十届董事会第十七次会议决议公告,raw_event,2026-06-12T19:28:41,2026-06-12 19:28:41,,6436084050420789855
akshare,http://www.cninfo.com.cn/new/disclosure/detail?stockCode=600362&announcementId=1225092285&orgId=gssh0600362&announcementTime=2026-04-11 00:00:00,2026-04-11 00:00:00,600362,600362,江西铜业股份有限公司关于控股股东公开发行可交换公司债券发行完成的公告,江西铜业股份有限公司关于控股股东公开发行可交换公司债券发行完成的公告,raw_event,2026-06-12T19:28:41,2026-06-12 19:28:41,,1253505760983768098
akshare,http://www.cninfo.com.cn/new/disclosure/detail?stockCode=600362&announcementId=1225078769&orgId=gssh0600362&announcementTime=2026-04-04 00:00:00,2026-04-04 00:00:00,600362,600362,江西铜业股份有限公司关于召开2025年度业绩说明会的公告,江西铜业股份有限公司关于召开2025年度业绩说明会的公告,raw_event,2026-06-12T19:28:41,2026-06-12 19:28:41,,11715691585090267983
akshare,http://www.cninfo.com.cn/new/disclosure/detail?stockCode=600362&announcementId=1225034790&orgId=gssh0600362&announcementTime=2026-03-27 00:00:00,2026-03-27 00:00:00,600362,600362,江西铜业股份有限公司2025年度内部控制审计报告,江西铜业股份有限公司2025年度内部控制审计报告,raw_event,2026-06-12T19:28:41,2026-06-12 19:28:41,,10843268520611103735
akshare,http://www.cninfo.com.cn/new/disclosure/detail?stockCode=600362&announcementId=1225034786&orgId=gssh0600362&announcementTime=2026-03-27 00:00:00,2026-03-27 00:00:00,600362,600362,江西铜业股份有限公司独立董事2025年度述职报告（刘志宏）,江西铜业股份有限公司独立董事2025年度述职报告（刘志宏）,raw_event,2026-06-12T19:28:41,2026-06-12 19:28:41,,2878221039983609766
akshare,http://www.cninfo.com.cn/new/disclosure/detail?stockCode=600362&announcementId=1225034784&orgId=gssh0600362&announcementTime=2026-03-27 00:00:00,2026-03-27 00:00:00,600362,600362,江西铜业股份有限公司2025年度内部控制评价报告,江西铜业股份有限公司2025年度内部控制评价报告,raw_event,2026-06-12T19:28:41,2026-06-12 19:28:41,,9988980734198458170
akshare,http://www.cninfo.com.cn/new/disclosure/detail?stockCode=600362&announcementId=1225034783&orgId=gssh0600362&announcementTime=2026-03-27 00:00:00,2026-03-27 00:00:00,600362,600362,江西铜业股份有限公司2025年度可持续发展报告,江西铜业股份有限公司2025年度可持续发展报告,raw_event,2026-06-12T19:28:41,2026-06-12 19:28:41,,8139987710376319283
akshare,http://www.cninfo.com.cn/new/disclosure/detail?stockCode=600362&announcementId=1225034776&orgId=gssh0600362&announcementTime=2026-03-27 00:00:00,2026-03-27 00:00:00,600362,600362,江西铜业股份有限公司关于2025年度计提资产减值准备的公告,江西铜业股份有限公司关于2025年度计提资产减值准备的公告,raw_event,2026-06-12T19:28:41,2026-06-12 19:28:41,,17264996150230649798
akshare,http://www.cninfo.com.cn/new/disclosure/detail?stockCode=600362&announcementId=1225034774&orgId=gssh0600362&announcementTime=2026-03-27 00:00:00,2026-03-27 00:00:00,600362,600362,江西铜业股份有限公司2025年度可持续发展报告摘要,江西铜业股份有限公司2025年度可持续发展报告摘要,raw_event,2026-06-12T19:28:41,2026-06-12 19:28:41,,10324651080208695258
akshare,http://www.cninfo.com.cn/new/disclosure/detail?stockCode=600362&announcementId=1225034773&orgId=gssh0600362&announcementTime=2026-03-27 00:00:00,2026-03-27 00:00:00,600362,600362,江西铜业股份有限公司2025年非经营性资金占用及其他关联资金往来情况的专项说明,江西铜业股份有限公司2025年非经营性资金占用及其他关联资金往来情况的专项说明,raw_event,2026-06-12T19:28:41,2026-06-12 19:28:41,,7196782338761227163
akshare,http://www.cninfo.com.cn/new/disclosure/detail?stockCode=600362&announcementId=1225034769&orgId=gssh0600362&announcementTime=2026-03-27 00:00:00,2026-03-27 00:00:00,600362,600362,江西铜业股份有限公司独立董事2025年度述职报告（王丰）,江西铜业股份有限公司独立董事2025年度述职报告（王丰）,raw_event,2026-06-12T19:28:41,2026-06-12 19:28:41,,13885704260625806999
akshare,http://www.cninfo.com.cn/new/disclosure/detail?stockCode=600362&announcementId=1225034762&orgId=gssh0600362&announcementTime=2026-03-27 00:00:00,2026-03-27 00:00:00,600362,600362,江西铜业股份有限公司关于控股股东拟公开发行可交换公司债券办理持有股份担保及信托登记的公告,江西铜业股份有限公司关于控股股东拟公开发行可交换公司债券办理持有股份担保及信托登记的公告,raw_event,2026-06-12T19:28:41,2026-06-12 19:28:41,,8095022926597320499
akshare,http://www.cninfo.com.cn/new/disclosure/detail?stockCode=600362&announcementId=1225034758&orgId=gssh0600362&announcementTime=2026-03-27 00:00:00,2026-03-27 00:00:00,600362,600362,江西铜业股份有限公司2025年年度报告,江西铜业股份有限公司2025年年度报告,raw_event,2026-06-12T19:28:41,2026-06-12 19:28:41,,7556645964020796678
akshare,http://www.cninfo.com.cn/new/disclosure/detail?stockCode=600362&announcementId=1225034748&orgId=gssh0600362&announcementTime=2026-03-27 00:00:00,2026-03-27 00:00:00,600362,600362,江西铜业股份有限公司关于2025年度末期利润分配方案公告,江西铜业股份有限公司关于2025年度末期利润分配方案公告,raw_event,2026-06-12T19:28:41,2026-06-12 19:28:41,,897973552404133207
akshare,http://www.cninfo.com.cn/new/disclosure/detail?stockCode=600362&announcementId=1225034747&orgId=gssh0600362&announcementTime=2026-03-27 00:00:00,2026-03-27 00:00:00,600362,600362,江西铜业股份有限公司董事会关于独立董事独立性自查情况的专项意见,江西铜业股份有限公司董事会关于独立董事独立性自查情况的专项意见,raw_event,2026-06-12T19:28:41,2026-06-12 19:28:41,,9173096993144926090
akshare,http://www.cninfo.com.cn/new/disclosure/detail?stockCode=600362&announcementId=1225034742&orgId=gssh0600362&announcementTime=2026-03-27 00:00:00,2026-03-27 00:00:00,600362,600362,江西铜业股份有限公司董事会独立审核委员会（审计委员会）2025年度对会计师事务所履行监督职责情况报告,江西铜业股份有限公司董事会独立审核委员会（审计委员会）2025年度对会计师事务所履行监督职责情况报告,raw_event,2026-06-12T19:28:41,2026-06-12 19:28:41,,9249668620850693901
akshare,http://www.cninfo.com.cn/new/disclosure/detail?stockCode=600362&announcementId=1225034739&orgId=gssh0600362&announcementTime=2026-03-27 00:00:00,2026-03-27 00:00:00,600362,600362,江西铜业股份有限公司2025年度审计报告,江西铜业股份有限公司2025年度审计报告,raw_event,2026-06-12T19:28:41,2026-06-12 19:28:41,,4837464046293213367
akshare,http://www.cninfo.com.cn/new/disclosure/detail?stockCode=600362&announcementId=1225034737&orgId=gssh0600362&announcementTime=2026-03-27 00:00:00,2026-03-27 00:00:00,600362,600362,江西铜业股份有限公司关于控股子公司江西铜业集团财务有限公司的风险持续评估报告,江西铜业股份有限公司关于控股子公司江西铜业集团财务有限公司的风险持续评估报告,raw_event,2026-06-12T19:28:41,2026-06-12 19:28:41,,12024364833961237518
akshare,http://www.cninfo.com.cn/new/disclosure/detail?stockCode=600362&announcementId=1225034736&orgId=gssh0600362&announcementTime=2026-03-27 00:00:00,2026-03-27 00:00:00,600362,600362,江西铜业股份有限公司2025年度对会计师事务所履职情况评估报告,江西铜业股份有限公司2025年度对会计师事务所履职情况评估报告,raw_event,2026-06-12T19:28:41,2026-06-12 19:28:41,,8701162309029857151
akshare,http://www.cninfo.com.cn/new/disclosure/detail?stockCode=600362&announcementId=1225034734&orgId=gssh0600362&announcementTime=2026-03-27 00:00:00,2026-03-27 00:00:00,600362,600362,江西铜业股份有限公司关于开展期货及衍生品套期保值业务的可行性分析报告,江西铜业股份有限公司关于开展期货及衍生品套期保值业务的可行性分析报告,raw_event,2026-06-12T19:28:41,2026-06-12 19:28:41,,11896204535798848927
akshare,http://www.cninfo.com.cn/new/disclosure/detail?stockCode=600362&announcementId=1225034731&orgId=gssh0600362&announcementTime=2026-03-27 00:00:00,2026-03-27 00:00:00,600362,600362,江西铜业股份有限公司2025年年度报告摘要,江西铜业股份有限公司2025年年度报告摘要,raw_event,2026-06-12T19:28:41,2026-06-12 19:28:41,,11819314256487390956
akshare,http://www.cninfo.com.cn/new/disclosure/detail?stockCode=600362&announcementId=1225034729&orgId=gssh0600362&announcementTime=2026-03-27 00:00:00,2026-03-27 00:00:00,600362,600362,江西铜业股份有限公司独立董事2025年度述职报告（刘淑英）,江西铜业股份有限公司独立董事2025年度述职报告（刘淑英）,raw_event,2026-06-12T19:28:41,2026-06-12 19:28:41,,2471842986107957309
akshare,http://www.cninfo.com.cn/new/disclosure/detail?stockCode=600362&announcementId=1225034723&orgId=gssh0600362&announcementTime=2026-03-27 00:00:00,2026-03-27 00:00:00,600362,600362,江西铜业股份有限公司独立审核委员会（审计委员会）2025年履职情况报告,江西铜业股份有限公司独立审核委员会（审计委员会）2025年履职情况报告,raw_event,2026-06-12T19:28:41,2026-06-12 19:28:41,,14192819945475312640
akshare,http://www.cninfo.com.cn/new/disclosure/detail?stockCode=600362&announcementId=1225034721&orgId=gssh0600362&announcementTime=2026-03-27 00:00:00,2026-03-27 00:00:00,600362,600362,江西铜业股份有限公司第十届董事会第十六次会议决议公告,江西铜业股份有限公司第十届董事会第十六次会议决议公告,raw_event,2026-06-12T19:28:41,2026-06-12 19:28:41,,4800731925326692890
akshare,http://www.cninfo.com.cn/new/disclosure/detail?stockCode=600362&announcementId=1225034706&orgId=gssh0600362&announcementTime=2026-03-27 00:00:00,2026-03-27 00:00:00,600362,600362,江西铜业股份有限公司独立董事2025年度述职报告（赖丹）,江西铜业股份有限公司独立董事2025年度述职报告（赖丹）,raw_event,2026-06-12T19:28:41,2026-06-12 19:28:41,,15535531030995574376
akshare,http://www.cninfo.com.cn/new/disclosure/detail?stockCode=600362&announcementId=1225034700&orgId=gssh0600362&announcementTime=2026-03-27 00:00:00,2026-03-27 00:00:00,600362,600362,江西铜业股份有限公司涉及财务公司关联交易的专项说明,江西铜业股份有限公司涉及财务公司关联交易的专项说明,raw_event,2026-06-12T19:28:41,2026-06-12 19:28:41,,13302570875826269529
akshare,http://www.cninfo.com.cn/new/disclosure/detail?stockCode=600362&announcementId=1225027145&orgId=gssh0600362&announcementTime=2026-03-25 00:00:00,2026-03-25 00:00:00,600362,600362,江西铜业股份有限公司关于选举职工董事的公告,江西铜业股份有限公司关于选举职工董事的公告,raw_event,2026-06-12T19:28:41,2026-06-12 19:28:41,,10384689926028681871
akshare,http://www.cninfo.com.cn/new/disclosure/detail?stockCode=600362&announcementId=1225011379&orgId=gssh0600362&announcementTime=2026-03-17 00:00:00,2026-03-17 00:00:00,600362,600362,江西铜业股份有限公司2026年第一次临时股东会决议公告,江西铜业股份有限公司2026年第一次临时股东会决议公告,raw_event,2026-06-12T19:28:41,2026-06-12 19:28:41,,478945636087203074
akshare,http://www.cninfo.com.cn/new/disclosure/detail?stockCode=600362&announcementId=1225011360&orgId=gssh0600362&announcementTime=2026-03-17 00:00:00,2026-03-17 00:00:00,600362,600362,北京德恒律师事务所关于江西铜业股份有限公司2026年第一次临时股东会的法律意见,北京德恒律师事务所关于江西铜业股份有限公司2026年第一次临时股东会的法律意见,raw_event,2026-06-12T19:28:41,2026-06-12 19:28:41,,10062395749667248241
akshare,http://www.cninfo.com.cn/new/disclosure/detail?stockCode=600362&announcementId=1224996778&orgId=gssh0600362&announcementTime=2026-03-05 00:00:00,2026-03-05 00:00:00,600362,600362,江西铜业股份有限公司关于全资子公司正式要约收购SolGold plc全部股份生效的公告,江西铜业股份有限公司关于全资子公司正式要约收购SolGold plc全部股份生效的公告,raw_event,2026-06-12T19:28:41,2026-06-12 19:28:41,,14814594870222445555
akshare,http://www.cninfo.com.cn/new/disclosure/detail?stockCode=600362&announcementId=1224992936&orgId=gssh0600362&announcementTime=2026-03-03 00:00:00,2026-03-03 00:00:00,600362,600362,江西铜业股份有限公司关于全资子公司正式要约收购SolGold plc全部股份的进展公告,江西铜业股份有限公司关于全资子公司正式要约收购SolGold plc全部股份的进展公告,raw_event,2026-06-12T19:28:41,2026-06-12 19:28:41,,9079100452418464818
akshare,http://www.cninfo.com.cn/new/disclosure/detail?stockCode=600362&announcementId=1224986921&orgId=gssh0600362&announcementTime=2026-02-28 00:00:00,2026-02-28 00:00:00,600362,600362,江西铜业股份有限公司2026年第一次临时股东会会议资料,江西铜业股份有限公司2026年第一次临时股东会会议资料,raw_event,2026-06-12T19:28:41,2026-06-12 19:28:41,,9008564938915397157
akshare,http://www.cninfo.com.cn/new/disclosure/detail?stockCode=600362&announcementId=1224983081&orgId=gssh0600362&announcementTime=2026-02-25 00:00:00,2026-02-25 00:00:00,600362,600362,江西铜业股份有限公司关于召开2026年第一临时股东会的通知,江西铜业股份有限公司关于召开2026年第一临时股东会的通知,raw_event,2026-06-12T19:28:41,2026-06-12 19:28:41,,5070537242458764254
akshare,http://www.cninfo.com.cn/new/disclosure/detail?stockCode=600362&announcementId=1224982767&orgId=gssh0600362&announcementTime=2026-02-24 00:00:00,2026-02-24 00:00:00,600362,600362,江西铜业股份有限公司关于全资子公司正式要约收购SolGold plc全部股份的进展公告,江西铜业股份有限公司关于全资子公司正式要约收购SolGold plc全部股份的进展公告,raw_event,2026-06-12T19:28:41,2026-06-12 19:28:41,,7485253450320477491
akshare,http://www.cninfo.com.cn/new/disclosure/detail?stockCode=600362&announcementId=1224939581&orgId=gssh0600362&announcementTime=2026-01-20 00:00:00,2026-01-20 00:00:00,600362,600362,江西铜业股份有限公司关于与中国兵工物资集团有限公司签订《合作框架协议》的公告,江西铜业股份有限公司关于与中国兵工物资集团有限公司签订《合作框架协议》的公告,raw_event,2026-06-12T19:28:41,2026-06-12 19:28:41,,10093234460596961811
akshare,http://www.cninfo.com.cn/new/disclosure/detail?stockCode=600362&announcementId=1224939579&orgId=gssh0600362&announcementTime=2026-01-20 00:00:00,2026-01-20 00:00:00,600362,600362,江西铜业股份有限公司第十届董事会第十五次会议决议公告,江西铜业股份有限公司第十届董事会第十五次会议决议公告,raw_event,2026-06-12T19:28:41,2026-06-12 19:28:41,,11361963620473563232
akshare,http://www.cninfo.com.cn/new/disclosure/detail?stockCode=600362&announcementId=1224939576&orgId=gssh0600362&announcementTime=2026-01-20 00:00:00,2026-01-20 00:00:00,600362,600362,江西铜业第十届董事会独立董事专门会议2026年第一次会议的审核意见,江西铜业第十届董事会独立董事专门会议2026年第一次会议的审核意见,raw_event,2026-06-12T19:28:41,2026-06-12 19:28:41,,15455442567495011618
akshare,http://www.cninfo.com.cn/new/disclosure/detail?stockCode=600362&announcementId=1224939572&orgId=gssh0600362&announcementTime=2026-01-20 00:00:00,2026-01-20 00:00:00,600362,600362,江西铜业股份有限公司关于子公司浙江江铜富冶和鼎铜业有限公司对外担保的公告,江西铜业股份有限公司关于子公司浙江江铜富冶和鼎铜业有限公司对外担保的公告,raw_event,2026-06-12T19:28:41,2026-06-12 19:28:41,,18193074800997774351
akshare,http://www.cninfo.com.cn/new/disclosure/detail?stockCode=600362&announcementId=1224935218&orgId=gssh0600362&announcementTime=2026-01-16 00:00:00,2026-01-16 00:00:00,600362,600362,江西铜业股份有限公司关于全资子公司与第一量子全资子公司签署合作协议的公告,江西铜业股份有限公司关于全资子公司与第一量子全资子公司签署合作协议的公告,raw_event,2026-06-12T19:28:41,2026-06-12 19:28:41,,16669061865873571927
akshare,http://www.cninfo.com.cn/new/disclosure/detail?stockCode=600362&announcementId=1224908511&orgId=gssh0600362&announcementTime=2025-12-31 00:00:00,2025-12-31 00:00:00,600362,600362,江西铜业股份有限公司总经理工作细则,江西铜业股份有限公司总经理工作细则,raw_event,2026-06-12T19:28:41,2026-06-12 19:28:41,,3615776255165138322
akshare,http://www.cninfo.com.cn/new/disclosure/detail?stockCode=600362&announcementId=1224908509&orgId=gssh0600362&announcementTime=2025-12-31 00:00:00,2025-12-31 00:00:00,600362,600362,江西铜业股份有限公司第十届董事会第十四次会议决议公告,江西铜业股份有限公司第十届董事会第十四次会议决议公告,raw_event,2026-06-12T19:28:41,2026-06-12 19:28:41,,11500435606938779044
akshare,http://www.cninfo.com.cn/new/disclosure/detail?stockCode=600362&announcementId=1224908507&orgId=gssh0600362&announcementTime=2025-12-31 00:00:00,2025-12-31 00:00:00,600362,600362,江西铜业股份有限公司关于聘任公司副总经理的公告,江西铜业股份有限公司关于聘任公司副总经理的公告,raw_event,2026-06-12T19:28:41,2026-06-12 19:28:41,,4945078882257597367
akshare,http://www.cninfo.com.cn/new/disclosure/detail?stockCode=600362&announcementId=1224908485&orgId=gssh0600362&announcementTime=2025-12-31 00:00:00,2025-12-31 00:00:00,600362,600362,江西铜业第十届董事会独立董事专门会议2025年第一次会议的审核意见,江西铜业第十届董事会独立董事专门会议2025年第一次会议的审核意见,raw_event,2026-06-12T19:28:41,2026-06-12 19:28:41,,15174840788706343703
akshare,http://www.cninfo.com.cn/new/disclosure/detail?stockCode=600362&announcementId=1224908477&orgId=gssh0600362&announcementTime=2025-12-31 00:00:00,2025-12-31 00:00:00,600362,600362,江西铜业股份有限公司关于与深圳江铜融资租赁有限公司签署《融资租赁合作框架协议》的关联交易公告,江西铜业股份有限公司关于与深圳江铜融资租赁有限公司签署《融资租赁合作框架协议》的关联交易公告,raw_event,2026-06-12T19:28:41,2026-06-12 19:28:41,,5315493151941552202
akshare,http://www.cninfo.com.cn/new/disclosure/detail?stockCode=600362&announcementId=1224908473&orgId=gssh0600362&announcementTime=2025-12-31 00:00:00,2025-12-31 00:00:00,600362,600362,江西铜业股份有限公司关于全资子公司江西铜业集团财务有限公司与公司控股股东江西铜业集团有限公司签署《金融服务协议》的关联交易公告,江西铜业股份有限公司关于全资子公司江西铜业集团财务有限公司与公司控股股东江西铜业集团有限公司签署《金融服务协议》的关联交易公告,raw_event,2026-06-12T19:28:41,2026-06-12 19:28:41,,10100316277895783835
akshare,http://www.cninfo.com.cn/new/disclosure/detail?stockCode=600362&announcementId=1224897504&orgId=gssh0600362&announcementTime=2025-12-25 00:00:00,2025-12-25 00:00:00,600362,600362,江西铜业股份有限公司关于全资子公司正式要约收购SolGold plc全部股份的公告,江西铜业股份有限公司关于全资子公司正式要约收购SolGold plc全部股份的公告,raw_event,2026-06-12T19:28:41,2026-06-12 19:28:41,,6950523507988803512
akshare,http://www.cninfo.com.cn/new/disclosure/detail?stockCode=600362&announcementId=1224872383&orgId=gssh0600362&announcementTime=2025-12-13 00:00:00,2025-12-13 00:00:00,600362,600362,江西铜业股份有限公司关于筹划收购境外上市公司股份的进展公告,江西铜业股份有限公司关于筹划收购境外上市公司股份的进展公告,raw_event,2026-06-12T19:28:41,2026-06-12 19:28:41,,14458708107777721351
akshare,http://www.cninfo.com.cn/new/disclosure/detail?stockCode=600362&announcementId=1224837704&orgId=gssh0600362&announcementTime=2025-12-01 00:00:00,2025-12-01 00:00:00,600362,600362,江西铜业股份有限公司关于筹划收购境外上市公司股份的提示性公告,江西铜业股份有限公司关于筹划收购境外上市公司股份的提示性公告,raw_event,2026-06-12T19:28:41,2026-06-12 19:28:41,,17524463124557000988
akshare,http://www.cninfo.com.cn/new/disclosure/detail?stockCode=600362&announcementId=1224816881&orgId=gssh0600362&announcementTime=2025-11-21 00:00:00,2025-11-21 00:00:00,600362,600362,江西铜业股份有限公司关于召开2025年第三季度业绩说明会的公告,江西铜业股份有限公司关于召开2025年第三季度业绩说明会的公告,raw_event,2026-06-12T19:28:41,2026-06-12 19:28:41,,7041767341219005885
akshare,http://www.cninfo.com.cn/new/disclosure/detail?stockCode=600362&announcementId=1224816864&orgId=gssh0600362&announcementTime=2025-11-21 00:00:00,2025-11-21 00:00:00,600362,600362,北京德恒律师事务所关于江西铜业股份有限公司差异化分红事项的法律意见,北京德恒律师事务所关于江西铜业股份有限公司差异化分红事项的法律意见,raw_event,2026-06-12T19:28:41,2026-06-12 19:28:41,,16497624596212569157
akshare,http://www.cninfo.com.cn/new/disclosure/detail?stockCode=600362&announcementId=1224816852&orgId=gssh0600362&announcementTime=2025-11-21 00:00:00,2025-11-21 00:00:00,600362,600362,江西铜业股份有限公司2025年半年度权益分派实施公告,江西铜业股份有限公司2025年半年度权益分派实施公告,raw_event,2026-06-12T19:28:41,2026-06-12 19:28:41,,11024535412464079509
akshare,http://www.cninfo.com.cn/new/disclosure/detail?stockCode=600362&announcementId=1224753941&orgId=gssh0600362&announcementTime=2025-10-29 00:00:00,2025-10-29 00:00:00,600362,600362,江西铜业股份有限公司2025年第三季度报告,江西铜业股份有限公司2025年第三季度报告,raw_event,2026-06-12T19:28:41,2026-06-12 19:28:41,,3304348059117562101
akshare,http://www.cninfo.com.cn/new/disclosure/detail?stockCode=600362&announcementId=1224753940&orgId=gssh0600362&announcementTime=2025-10-29 00:00:00,2025-10-29 00:00:00,600362,600362,江西铜业股份有限公司募集资金使用管理办法,江西铜业股份有限公司募集资金使用管理办法,raw_event,2026-06-12T19:28:41,2026-06-12 19:28:41,,11873999016984691309
akshare,http://www.cninfo.com.cn/new/disclosure/detail?stockCode=600362&announcementId=1224753939&orgId=gssh0600362&announcementTime=2025-10-29 00:00:00,2025-10-29 00:00:00,600362,600362,江西铜业股份有限公司关联交易管理办法,江西铜业股份有限公司关联交易管理办法,raw_event,2026-06-12T19:28:41,2026-06-12 19:28:41,,5928672590068278260
akshare,http://www.cninfo.com.cn/new/disclosure/detail?stockCode=600362&announcementId=1224753938&orgId=gssh0600362&announcementTime=2025-10-29 00:00:00,2025-10-29 00:00:00,600362,600362,江西铜业股份有限公司独立董事工作制度,江西铜业股份有限公司独立董事工作制度,raw_event,2026-06-12T19:28:41,2026-06-12 19:28:41,,18212486497630780266
akshare,http://www.cninfo.com.cn/new/disclosure/detail?stockCode=600362&announcementId=1224753937&orgId=gssh0600362&announcementTime=2025-10-29 00:00:00,2025-10-29 00:00:00,600362,600362,江西铜业股份有限公司董事会议事规则,江西铜业股份有限公司董事会议事规则,raw_event,2026-06-12T19:28:41,2026-06-12 19:28:41,,2320787758207787729
akshare,http://www.cninfo.com.cn/new/disclosure/detail?stockCode=600362&announcementId=1224753936&orgId=gssh0600362&announcementTime=2025-10-29 00:00:00,2025-10-29 00:00:00,600362,600362,江西铜业股份有限公司股东会议事规则,江西铜业股份有限公司股东会议事规则,raw_event,2026-06-12T19:28:41,2026-06-12 19:28:41,,5139013948098351759
akshare,http://www.cninfo.com.cn/new/disclosure/detail?stockCode=600362&announcementId=1224753935&orgId=gssh0600362&announcementTime=2025-10-29 00:00:00,2025-10-29 00:00:00,600362,600362,江西铜业股份有限公司章程,江西铜业股份有限公司章程,raw_event,2026-06-12T19:28:41,2026-06-12 19:28:41,,10285301528911777189
akshare,http://www.cninfo.com.cn/new/disclosure/detail?stockCode=600362&announcementId=1224753934&orgId=gssh0600362&announcementTime=2025-10-29 00:00:00,2025-10-29 00:00:00,600362,600362,北京德恒律师事务所关于江西铜业股份有限公司2025年第一次临时股东大会、2025年第一次A股类别股东大会、2025年第一次H股类别股东大会的法律意见,北京德恒律师事务所关于江西铜业股份有限公司2025年第一次临时股东大会、2025年第一次A股类别股东大会、2025年第一次H股类别股东大会的法律意见,raw_event,2026-06-12T19:28:41,2026-06-12 19:28:41,,13737854568047129330
akshare,http://www.cninfo.com.cn/new/disclosure/detail?stockCode=600362&announcementId=1224753933&orgId=gssh0600362&announcementTime=2025-10-29 00:00:00,2025-10-29 00:00:00,600362,600362,江西铜业股份有限公司2025年第一次临时股东大会、2025年第一次A股类别股东大会、2025年第一次H股类别股东大会决议公告,江西铜业股份有限公司2025年第一次临时股东大会、2025年第一次A股类别股东大会、2025年第一次H股类别股东大会决议公告,raw_event,2026-06-12T19:28:41,2026-06-12 19:28:41,,17869254644567084001
akshare,http://www.cninfo.com.cn/new/disclosure/detail?stockCode=600362&announcementId=1224713514&orgId=gssh0600362&announcementTime=2025-10-16 00:00:00,2025-10-16 00:00:00,600362,600362,江西铜业股份有限公司2025年第一次临时股东大会、2025年第一次A股类别股东大会、2025年第一次H股类别股东大会会议资料,江西铜业股份有限公司2025年第一次临时股东大会、2025年第一次A股类别股东大会、2025年第一次H股类别股东大会会议资料,raw_event,2026-06-12T19:28:41,2026-06-12 19:28:41,,6024111436308103341
akshare,http://www.cninfo.com.cn/new/disclosure/detail?stockCode=600362&announcementId=1224702754&orgId=gssh0600362&announcementTime=2025-10-10 00:00:00,2025-10-10 00:00:00,600362,600362,江西铜业集团有限公司关于《股票交易异常波动问询函》的回复,江西铜业集团有限公司关于《股票交易异常波动问询函》的回复,raw_event,2026-06-12T19:28:41,2026-06-12 19:28:41,,12536292475142743840
akshare,http://www.cninfo.com.cn/new/disclosure/detail?stockCode=600362&announcementId=1224702753&orgId=gssh0600362&announcementTime=2025-10-10 00:00:00,2025-10-10 00:00:00,600362,600362,江西铜业股份有限公司股票交易异常波动公告,江西铜业股份有限公司股票交易异常波动公告,raw_event,2026-06-12T19:28:41,2026-06-12 19:28:41,,17210238621140811721
akshare,http://www.cninfo.com.cn/new/disclosure/detail?stockCode=600362&announcementId=1224702752&orgId=gssh0600362&announcementTime=2025-10-10 00:00:00,2025-10-10 00:00:00,600362,600362,江西铜业股份有限公司关于召开2025年第一次临时股东大会、2025年第一次A股类别股东大会、2025年第一次H股类别股东大会的通知,江西铜业股份有限公司关于召开2025年第一次临时股东大会、2025年第一次A股类别股东大会、2025年第一次H股类别股东大会的通知,raw_event,2026-06-12T19:28:41,2026-06-12 19:28:41,,696886290168432553
akshare,http://www.cninfo.com.cn/new/disclosure/detail?stockCode=600362&announcementId=1224643841&orgId=gssh0600362&announcementTime=2025-09-09 00:00:00,2025-09-09 00:00:00,600362,600362,江西铜业股份有限公司关于召开2025年半年度业绩说明会的公告,江西铜业股份有限公司关于召开2025年半年度业绩说明会的公告,raw_event,2026-06-12T19:28:41,2026-06-12 19:28:41,,5298054220455757851
akshare,http://www.cninfo.com.cn/new/disclosure/detail?stockCode=600362&announcementId=1224607200&orgId=gssh0600362&announcementTime=2025-08-29 00:00:00,2025-08-29 00:00:00,600362,600362,江西铜业股份有限公司关于控股子公司江西铜业集团财务有限公司的风险持续评估报告,江西铜业股份有限公司关于控股子公司江西铜业集团财务有限公司的风险持续评估报告,raw_event,2026-06-12T19:28:41,2026-06-12 19:28:41,,17901355484107098346
akshare,http://www.cninfo.com.cn/new/disclosure/detail?stockCode=600362&announcementId=1224607199&orgId=gssh0600362&announcementTime=2025-08-29 00:00:00,2025-08-29 00:00:00,600362,600362,江西铜业股份有限公司董事会秘书工作制度（修订）,江西铜业股份有限公司董事会秘书工作制度（修订）,raw_event,2026-06-12T19:28:41,2026-06-12 19:28:41,,11768129777515661775
akshare,http://www.cninfo.com.cn/new/disclosure/detail?stockCode=600362&announcementId=1224607198&orgId=gssh0600362&announcementTime=2025-08-29 00:00:00,2025-08-29 00:00:00,600362,600362,江西铜业股份有限公司募集资金使用管理办法（修订）,江西铜业股份有限公司募集资金使用管理办法（修订）,raw_event,2026-06-12T19:28:41,2026-06-12 19:28:41,,7603630868910710256
akshare,http://www.cninfo.com.cn/new/disclosure/detail?stockCode=600362&announcementId=1224607197&orgId=gssh0600362&announcementTime=2025-08-29 00:00:00,2025-08-29 00:00:00,600362,600362,江西铜业股份有限公司关联交易管理办法（修订）,江西铜业股份有限公司关联交易管理办法（修订）,raw_event,2026-06-12T19:28:41,2026-06-12 19:28:41,,11753763477689855686
akshare,http://www.cninfo.com.cn/new/disclosure/detail?stockCode=600362&announcementId=1224607196&orgId=gssh0600362&announcementTime=2025-08-29 00:00:00,2025-08-29 00:00:00,600362,600362,江西铜业股份有限公司董事会环境、社会及管治发展委员会工作细则（修订）,江西铜业股份有限公司董事会环境、社会及管治发展委员会工作细则（修订）,raw_event,2026-06-12T19:28:41,2026-06-12 19:28:41,,16214574076323412617
akshare,http://www.cninfo.com.cn/new/disclosure/detail?stockCode=600362&announcementId=1224607195&orgId=gssh0600362&announcementTime=2025-08-29 00:00:00,2025-08-29 00:00:00,600362,600362,江西铜业股份有限公司董事会提名委员会议事规则（修订）,江西铜业股份有限公司董事会提名委员会议事规则（修订）,raw_event,2026-06-12T19:28:41,2026-06-12 19:28:41,,25813094532063912
akshare,http://www.cninfo.com.cn/new/disclosure/detail?stockCode=600362&announcementId=1224607194&orgId=gssh0600362&announcementTime=2025-08-29 00:00:00,2025-08-29 00:00:00,600362,600362,江西铜业股份有限公司董事会薪酬委员会议事规则（修订）,江西铜业股份有限公司董事会薪酬委员会议事规则（修订）,raw_event,2026-06-12T19:28:41,2026-06-12 19:28:41,,16546628823515558098
akshare,http://www.cninfo.com.cn/new/disclosure/detail?stockCode=600362&announcementId=1224607193&orgId=gssh0600362&announcementTime=2025-08-29 00:00:00,2025-08-29 00:00:00,600362,600362,江西铜业股份有限公司董事会独立审核委员会（审计委员会）议事规则（修订）,江西铜业股份有限公司董事会独立审核委员会（审计委员会）议事规则（修订）,raw_event,2026-06-12T19:28:41,2026-06-12 19:28:41,,1351054752360659545
akshare,http://www.cninfo.com.cn/new/disclosure/detail?stockCode=000630&announcementId=1225335106&orgId=gssz0000630&announcementTime=2026-05-29 00:00:00,2026-05-29 00:00:00,000630,000630,2025年年度权益分派实施公告,2025年年度权益分派实施公告,raw_event,2026-06-12T19:28:41,2026-06-12 19:28:41,,12988093615434065104
akshare,http://www.cninfo.com.cn/new/disclosure/detail?stockCode=000630&announcementId=1225321199&orgId=gssz0000630&announcementTime=2026-05-21 00:00:00,2026-05-21 00:00:00,000630,000630,十一届一次董事会会议决议公告,十一届一次董事会会议决议公告,raw_event,2026-06-12T19:28:41,2026-06-12 19:28:41,,718756352648866370
akshare,http://www.cninfo.com.cn/new/disclosure/detail?stockCode=000630&announcementId=1225304286&orgId=gssz0000630&announcementTime=2026-05-14 00:00:00,2026-05-14 00:00:00,000630,000630,关于独立董事辞职的公告,关于独立董事辞职的公告,raw_event,2026-06-12T19:28:41,2026-06-12 19:28:41,,13958337277851228032
akshare,http://www.cninfo.com.cn/new/disclosure/detail?stockCode=000630&announcementId=1225304285&orgId=gssz0000630&announcementTime=2026-05-14 00:00:00,2026-05-14 00:00:00,000630,000630,关于选举第十一届董事会职工董事的公告,关于选举第十一届董事会职工董事的公告,raw_event,2026-06-12T19:28:41,2026-06-12 19:28:41,,2568746696596593234
akshare,http://www.cninfo.com.cn/new/disclosure/detail?stockCode=000630&announcementId=1225304284&orgId=gssz0000630&announcementTime=2026-05-14 00:00:00,2026-05-14 00:00:00,000630,000630,安徽承义律师事务所关于铜陵有色金属集团股份有限公司召开2025年年度股东会的法律意见书,安徽承义律师事务所关于铜陵有色金属集团股份有限公司召开2025年年度股东会的法律意见书,raw_event,2026-06-12T19:28:41,2026-06-12 19:28:41,,13230019044510589820
akshare,http://www.cninfo.com.cn/new/disclosure/detail?stockCode=000630&announcementId=1225304283&orgId=gssz0000630&announcementTime=2026-05-14 00:00:00,2026-05-14 00:00:00,000630,000630,2025年度股东会决议的公告,2025年度股东会决议的公告,raw_event,2026-06-12T19:28:41,2026-06-12 19:28:41,,14529643295660109441
akshare,http://www.cninfo.com.cn/new/disclosure/detail?stockCode=000630&announcementId=1225226181&orgId=gssz0000630&announcementTime=2026-04-29 00:00:00,2026-04-29 00:00:00,000630,000630,董事会议事规则,董事会议事规则,raw_event,2026-06-12T19:28:41,2026-06-12 19:28:41,,14356565930380769348
akshare,http://www.cninfo.com.cn/new/disclosure/detail?stockCode=000630&announcementId=1225226180&orgId=gssz0000630&announcementTime=2026-04-29 00:00:00,2026-04-29 00:00:00,000630,000630,关于计提资产减值准备的公告,关于计提资产减值准备的公告,raw_event,2026-06-12T19:28:41,2026-06-12 19:28:41,,12484808031589131383
akshare,http://www.cninfo.com.cn/new/disclosure/detail?stockCode=000630&announcementId=1225226179&orgId=gssz0000630&announcementTime=2026-04-29 00:00:00,2026-04-29 00:00:00,000630,000630,关于2025年度股东会增加临时提案暨股东会补充通知,关于2025年度股东会增加临时提案暨股东会补充通知,raw_event,2026-06-12T19:28:41,2026-06-12 19:28:41,,3649405687904101492
akshare,http://www.cninfo.com.cn/new/disclosure/detail?stockCode=000630&announcementId=1225226178&orgId=gssz0000630&announcementTime=2026-04-29 00:00:00,2026-04-29 00:00:00,000630,000630,十届三十次董事会会议决议公告,十届三十次董事会会议决议公告,raw_event,2026-06-12T19:28:41,2026-06-12 19:28:41,,2947941224558983338
akshare,http://www.cninfo.com.cn/new/disclosure/detail?stockCode=000630&announcementId=1225226176&orgId=gssz0000630&announcementTime=2026-04-29 00:00:00,2026-04-29 00:00:00,000630,000630,2026年一季度报告,2026年一季度报告,raw_event,2026-06-12T19:28:41,2026-06-12 19:28:41,,12081240072938319196
akshare,http://www.cninfo.com.cn/new/disclosure/detail?stockCode=000630&announcementId=1225119744&orgId=gssz0000630&announcementTime=2026-04-20 00:00:00,2026-04-20 00:00:00,000630,000630,关于铜陵有色金属集团股份有限公司涉及财务公司关联交易的存款、贷款等金融业务的专项说明,关于铜陵有色金属集团股份有限公司涉及财务公司关联交易的存款、贷款等金融业务的专项说明,raw_event,2026-06-12T19:28:41,2026-06-12 19:28:41,,3536174613147664803
akshare,http://www.cninfo.com.cn/new/disclosure/detail?stockCode=000630&announcementId=1225119743&orgId=gssz0000630&announcementTime=2026-04-20 00:00:00,2026-04-20 00:00:00,000630,000630,关于续聘会计师事务所的公告,关于续聘会计师事务所的公告,raw_event,2026-06-12T19:28:41,2026-06-12 19:28:41,,11521393109017805190
akshare,http://www.cninfo.com.cn/new/disclosure/detail?stockCode=000630&announcementId=1225119742&orgId=gssz0000630&announcementTime=2026-04-20 00:00:00,2026-04-20 00:00:00,000630,000630,关于变更财务顾问主办人的公告,关于变更财务顾问主办人的公告,raw_event,2026-06-12T19:28:41,2026-06-12 19:28:41,,8151916091961565939
akshare,http://www.cninfo.com.cn/new/disclosure/detail?stockCode=000630&announcementId=1225119741&orgId=gssz0000630&announcementTime=2026-04-20 00:00:00,2026-04-20 00:00:00,000630,000630,2026年第一次独立董事专门会议决议,2026年第一次独立董事专门会议决议,raw_event,2026-06-12T19:28:41,2026-06-12 19:28:41,,3097081710649687483
akshare,http://www.cninfo.com.cn/new/disclosure/detail?stockCode=000630&announcementId=1225119740&orgId=gssz0000630&announcementTime=2026-04-20 00:00:00,2026-04-20 00:00:00,000630,000630,2025年度董事会工作报告,2025年度董事会工作报告,raw_event,2026-06-12T19:28:41,2026-06-12 19:28:41,,11087394849717430112
akshare,http://www.cninfo.com.cn/new/disclosure/detail?stockCode=000630&announcementId=1225119739&orgId=gssz0000630&announcementTime=2026-04-20 00:00:00,2026-04-20 00:00:00,000630,000630,关于确认董事及高级管理人员2025年度薪酬及2026年度薪酬方案的公告,关于确认董事及高级管理人员2025年度薪酬及2026年度薪酬方案的公告,raw_event,2026-06-12T19:28:41,2026-06-12 19:28:41,,314558258075193117
akshare,http://www.cninfo.com.cn/new/disclosure/detail?stockCode=000630&announcementId=1225119738&orgId=gssz0000630&announcementTime=2026-04-20 00:00:00,2026-04-20 00:00:00,000630,000630,2025年度独立董事述职报告（朱明）（已离任）,2025年度独立董事述职报告（朱明）（已离任）,raw_event,2026-06-12T19:28:41,2026-06-12 19:28:41,,15381858602681992309
akshare,http://www.cninfo.com.cn/new/disclosure/detail?stockCode=000630&announcementId=1225119737&orgId=gssz0000630&announcementTime=2026-04-20 00:00:00,2026-04-20 00:00:00,000630,000630,2025年度独立董事述职报告（姚禄仕）,2025年度独立董事述职报告（姚禄仕）,raw_event,2026-06-12T19:28:41,2026-06-12 19:28:41,,5218572471591161888
akshare,http://www.cninfo.com.cn/new/disclosure/detail?stockCode=000630&announcementId=1225119736&orgId=gssz0000630&announcementTime=2026-04-20 00:00:00,2026-04-20 00:00:00,000630,000630,2025年度独立董事述职报告（汤书昆）,2025年度独立董事述职报告（汤书昆）,raw_event,2026-06-12T19:28:41,2026-06-12 19:28:41,,8760140577253810876
akshare,http://www.cninfo.com.cn/new/disclosure/detail?stockCode=000630&announcementId=1225119735&orgId=gssz0000630&announcementTime=2026-04-20 00:00:00,2026-04-20 00:00:00,000630,000630,2025年度独立董事述职报告（尤佳）,2025年度独立董事述职报告（尤佳）,raw_event,2026-06-12T19:28:41,2026-06-12 19:28:41,,10304875358478764932
akshare,http://www.cninfo.com.cn/new/disclosure/detail?stockCode=000630&announcementId=1225119734&orgId=gssz0000630&announcementTime=2026-04-20 00:00:00,2026-04-20 00:00:00,000630,000630,关于召开2025年度网上业绩说明会的通知公告,关于召开2025年度网上业绩说明会的通知公告,raw_event,2026-06-12T19:28:41,2026-06-12 19:28:41,,15306479867536113773
akshare,http://www.cninfo.com.cn/new/disclosure/detail?stockCode=000630&announcementId=1225119733&orgId=gssz0000630&announcementTime=2026-04-20 00:00:00,2026-04-20 00:00:00,000630,000630,铜陵有色金属集团股份有限公司2025环境、社会和公司治理（ESG)报告,铜陵有色金属集团股份有限公司2025环境、社会和公司治理（ESG)报告,raw_event,2026-06-12T19:28:41,2026-06-12 19:28:41,,14249854515770035945
akshare,http://www.cninfo.com.cn/new/disclosure/detail?stockCode=000630&announcementId=1225119732&orgId=gssz0000630&announcementTime=2026-04-20 00:00:00,2026-04-20 00:00:00,000630,000630,内部控制审计报告,内部控制审计报告,raw_event,2026-06-12T19:28:41,2026-06-12 19:28:41,,17364927904668425615
akshare,http://www.cninfo.com.cn/new/disclosure/detail?stockCode=000630&announcementId=1225119731&orgId=gssz0000630&announcementTime=2026-04-20 00:00:00,2026-04-20 00:00:00,000630,000630,2025年度内部控制评价报告,2025年度内部控制评价报告,raw_event,2026-06-12T19:28:41,2026-06-12 19:28:41,,10143385612009256622
akshare,http://www.cninfo.com.cn/new/disclosure/detail?stockCode=000630&announcementId=1225119730&orgId=gssz0000630&announcementTime=2026-04-20 00:00:00,2026-04-20 00:00:00,000630,000630,套期保值管理制度,套期保值管理制度,raw_event,2026-06-12T19:28:41,2026-06-12 19:28:41,,16110675687488107743
akshare,http://www.cninfo.com.cn/new/disclosure/detail?stockCode=000630&announcementId=1225119729&orgId=gssz0000630&announcementTime=2026-04-20 00:00:00,2026-04-20 00:00:00,000630,000630,关于“质量回报双提升”行动方案的进展公告,关于“质量回报双提升”行动方案的进展公告,raw_event,2026-06-12T19:28:41,2026-06-12 19:28:41,,154475562212383010
akshare,http://www.cninfo.com.cn/new/disclosure/detail?stockCode=000630&announcementId=1225119728&orgId=gssz0000630&announcementTime=2026-04-20 00:00:00,2026-04-20 00:00:00,000630,000630,关于2026年向金融机构申请综合授信额度的公告,关于2026年向金融机构申请综合授信额度的公告,raw_event,2026-06-12T19:28:41,2026-06-12 19:28:41,,680981905110137673
akshare,http://www.cninfo.com.cn/new/disclosure/detail?stockCode=000630&announcementId=1225119727&orgId=gssz0000630&announcementTime=2026-04-20 00:00:00,2026-04-20 00:00:00,000630,000630,关于同一控制下企业合并追溯调整财务数据的公告,关于同一控制下企业合并追溯调整财务数据的公告,raw_event,2026-06-12T19:28:41,2026-06-12 19:28:41,,6024231731852376578
akshare,http://www.cninfo.com.cn/new/disclosure/detail?stockCode=000630&announcementId=1225119726&orgId=gssz0000630&announcementTime=2026-04-20 00:00:00,2026-04-20 00:00:00,000630,000630,关于铜陵有色金属集团股份有限公司同一控制下企业合并追溯调整财务报表的专项说明,关于铜陵有色金属集团股份有限公司同一控制下企业合并追溯调整财务报表的专项说明,raw_event,2026-06-12T19:28:41,2026-06-12 19:28:41,,10502183228717909032
akshare,http://www.cninfo.com.cn/new/disclosure/detail?stockCode=000630&announcementId=1225119725&orgId=gssz0000630&announcementTime=2026-04-20 00:00:00,2026-04-20 00:00:00,000630,000630,关于会计政策变更的公告,关于会计政策变更的公告,raw_event,2026-06-12T19:28:41,2026-06-12 19:28:41,,12769657435021826891
akshare,http://www.cninfo.com.cn/new/disclosure/detail?stockCode=000630&announcementId=1225119724&orgId=gssz0000630&announcementTime=2026-04-20 00:00:00,2026-04-20 00:00:00,000630,000630,关于计提资产减值准备的公告,关于计提资产减值准备的公告,raw_event,2026-06-12T19:28:41,2026-06-12 19:28:41,,14488319356644995027
akshare,http://www.cninfo.com.cn/new/disclosure/detail?stockCode=000630&announcementId=1225119723&orgId=gssz0000630&announcementTime=2026-04-20 00:00:00,2026-04-20 00:00:00,000630,000630,独立董事候选人声明与承诺（尤佳）,独立董事候选人声明与承诺（尤佳）,raw_event,2026-06-12T19:28:41,2026-06-12 19:28:41,,1471195296083656558
akshare,http://www.cninfo.com.cn/new/disclosure/detail?stockCode=000630&announcementId=1225119722&orgId=gssz0000630&announcementTime=2026-04-20 00:00:00,2026-04-20 00:00:00,000630,000630,独立董事提名人声明与承诺（一）,独立董事提名人声明与承诺（一）,raw_event,2026-06-12T19:28:41,2026-06-12 19:28:41,,6627442632390611066
akshare,http://www.cninfo.com.cn/new/disclosure/detail?stockCode=000630&announcementId=1225119721&orgId=gssz0000630&announcementTime=2026-04-20 00:00:00,2026-04-20 00:00:00,000630,000630,独立董事提名人声明与承诺（二）,独立董事提名人声明与承诺（二）,raw_event,2026-06-12T19:28:41,2026-06-12 19:28:41,,14839050267602517388
akshare,http://www.cninfo.com.cn/new/disclosure/detail?stockCode=000630&announcementId=1225119720&orgId=gssz0000630&announcementTime=2026-04-20 00:00:00,2026-04-20 00:00:00,000630,000630,独立董事提名人声明与承诺（三）,独立董事提名人声明与承诺（三）,raw_event,2026-06-12T19:28:41,2026-06-12 19:28:41,,13256721983167771340
akshare,http://www.cninfo.com.cn/new/disclosure/detail?stockCode=000630&announcementId=1225119719&orgId=gssz0000630&announcementTime=2026-04-20 00:00:00,2026-04-20 00:00:00,000630,000630,独立董事候选人声明与承诺（朱卫东）,独立董事候选人声明与承诺（朱卫东）,raw_event,2026-06-12T19:28:41,2026-06-12 19:28:41,,18307073983301406247
akshare,http://www.cninfo.com.cn/new/disclosure/detail?stockCode=000630&announcementId=1225119718&orgId=gssz0000630&announcementTime=2026-04-20 00:00:00,2026-04-20 00:00:00,000630,000630,独立董事候选人声明与承诺（汤书昆）,独立董事候选人声明与承诺（汤书昆）,raw_event,2026-06-12T19:28:41,2026-06-12 19:28:41,,1511248739301004471
akshare,http://www.cninfo.com.cn/new/disclosure/detail?stockCode=000630&announcementId=1225119717&orgId=gssz0000630&announcementTime=2026-04-20 00:00:00,2026-04-20 00:00:00,000630,000630,关于2026年度金融类日常关联交易预计的公告,关于2026年度金融类日常关联交易预计的公告,raw_event,2026-06-12T19:28:41,2026-06-12 19:28:41,,616361073181883986
akshare,http://www.cninfo.com.cn/new/disclosure/detail?stockCode=000630&announcementId=1225119716&orgId=gssz0000630&announcementTime=2026-04-20 00:00:00,2026-04-20 00:00:00,000630,000630,关于开展2026年度货币类期货和衍生品套期保值业务的可行性分析报告,关于开展2026年度货币类期货和衍生品套期保值业务的可行性分析报告,raw_event,2026-06-12T19:28:41,2026-06-12 19:28:41,,6788633915531257838
akshare,http://www.cninfo.com.cn/new/disclosure/detail?stockCode=000630&announcementId=1225119715&orgId=gssz0000630&announcementTime=2026-04-20 00:00:00,2026-04-20 00:00:00,000630,000630,关于开展2026年度商品类期货和衍生品套期保值业务的可行性分析报告,关于开展2026年度商品类期货和衍生品套期保值业务的可行性分析报告,raw_event,2026-06-12T19:28:41,2026-06-12 19:28:41,,259867966724021676
akshare,http://www.cninfo.com.cn/new/disclosure/detail?stockCode=000630&announcementId=1225119714&orgId=gssz0000630&announcementTime=2026-04-20 00:00:00,2026-04-20 00:00:00,000630,000630,关于开展2026年度货币类期货和衍生品套期保值业务的公告,关于开展2026年度货币类期货和衍生品套期保值业务的公告,raw_event,2026-06-12T19:28:41,2026-06-12 19:28:41,,15892137054801161659
akshare,http://www.cninfo.com.cn/new/disclosure/detail?stockCode=000630&announcementId=1225119713&orgId=gssz0000630&announcementTime=2026-04-20 00:00:00,2026-04-20 00:00:00,000630,000630,关于开展2026年度商品类期货和衍生品套期保值业务并追认套期保值业务的公告,关于开展2026年度商品类期货和衍生品套期保值业务并追认套期保值业务的公告,raw_event,2026-06-12T19:28:41,2026-06-12 19:28:41,,12983058716502674642
akshare,http://www.cninfo.com.cn/new/disclosure/detail?stockCode=000630&announcementId=1225119712&orgId=gssz0000630&announcementTime=2026-04-20 00:00:00,2026-04-20 00:00:00,000630,000630,关于召开2025年度股东会的通知,关于召开2025年度股东会的通知,raw_event,2026-06-12T19:28:41,2026-06-12 19:28:41,,4492475777561204643
akshare,http://www.cninfo.com.cn/new/disclosure/detail?stockCode=000630&announcementId=1225119711&orgId=gssz0000630&announcementTime=2026-04-20 00:00:00,2026-04-20 00:00:00,000630,000630,十届二十九次董事会会议决议公告,十届二十九次董事会会议决议公告,raw_event,2026-06-12T19:28:41,2026-06-12 19:28:41,,7524527829081683950
akshare,http://www.cninfo.com.cn/new/disclosure/detail?stockCode=000630&announcementId=1225119710&orgId=gssz0000630&announcementTime=2026-04-20 00:00:00,2026-04-20 00:00:00,000630,000630,关于2025年度利润分配预案的公告,关于2025年度利润分配预案的公告,raw_event,2026-06-12T19:28:41,2026-06-12 19:28:41,,2179728057183039686
akshare,http://www.cninfo.com.cn/new/disclosure/detail?stockCode=000630&announcementId=1225119709&orgId=gssz0000630&announcementTime=2026-04-20 00:00:00,2026-04-20 00:00:00,000630,000630,关于铜陵有色金属集团财务有限公司的风险评估报告,关于铜陵有色金属集团财务有限公司的风险评估报告,raw_event,2026-06-12T19:28:41,2026-06-12 19:28:41,,1636425195609097210
akshare,http://www.cninfo.com.cn/new/disclosure/detail?stockCode=000630&announcementId=1225119708&orgId=gssz0000630&announcementTime=2026-04-20 00:00:00,2026-04-20 00:00:00,000630,000630,独立财务顾问关于铜陵有色金属集团股份有限公司发行股份、可转换公司债券及支付现金购买资产并募集配套资金暨关联交易2025年度业绩承诺实现情况的核查意见,独立财务顾问关于铜陵有色金属集团股份有限公司发行股份、可转换公司债券及支付现金购买资产并募集配套资金暨关联交易2025年度业绩承诺实现情况的核查意见,raw_event,2026-06-12T19:28:41,2026-06-12 19:28:41,,3839971282745375855
akshare,http://www.cninfo.com.cn/new/disclosure/detail?stockCode=000630&announcementId=1225119707&orgId=gssz0000630&announcementTime=2026-04-20 00:00:00,2026-04-20 00:00:00,000630,000630,关于铜陵有色金属集团股份有限公司实际盈利数与盈利预测数差异的鉴证报告,关于铜陵有色金属集团股份有限公司实际盈利数与盈利预测数差异的鉴证报告,raw_event,2026-06-12T19:28:41,2026-06-12 19:28:41,,7394319568954423038
akshare,http://www.cninfo.com.cn/new/disclosure/detail?stockCode=000630&announcementId=1225119706&orgId=gssz0000630&announcementTime=2026-04-20 00:00:00,2026-04-20 00:00:00,000630,000630,关于中铁建铜冠投资有限公司2025年度业绩承诺完成情况鉴证报告,关于中铁建铜冠投资有限公司2025年度业绩承诺完成情况鉴证报告,raw_event,2026-06-12T19:28:41,2026-06-12 19:28:41,,10979586606909999695
akshare,http://www.cninfo.com.cn/new/disclosure/detail?stockCode=000630&announcementId=1225119705&orgId=gssz0000630&announcementTime=2026-04-20 00:00:00,2026-04-20 00:00:00,000630,000630,关于控股子公司中铁建铜冠2025年度业绩承诺实现情况的公告,关于控股子公司中铁建铜冠2025年度业绩承诺实现情况的公告,raw_event,2026-06-12T19:28:41,2026-06-12 19:28:41,,520882109280416387
akshare,http://www.cninfo.com.cn/new/disclosure/detail?stockCode=000630&announcementId=1225119704&orgId=gssz0000630&announcementTime=2026-04-20 00:00:00,2026-04-20 00:00:00,000630,000630,关于会计师事务所2025年度履职情况的评估报告,关于会计师事务所2025年度履职情况的评估报告,raw_event,2026-06-12T19:28:41,2026-06-12 19:28:41,,11713224710766730868
akshare,http://www.cninfo.com.cn/new/disclosure/detail?stockCode=000630&announcementId=1225119703&orgId=gssz0000630&announcementTime=2026-04-20 00:00:00,2026-04-20 00:00:00,000630,000630,2025年度审计委员会履职暨对会计师事务所履行监督职责的总结报告,2025年度审计委员会履职暨对会计师事务所履行监督职责的总结报告,raw_event,2026-06-12T19:28:41,2026-06-12 19:28:41,,17784186669493319395
akshare,http://www.cninfo.com.cn/new/disclosure/detail?stockCode=000630&announcementId=1225119702&orgId=gssz0000630&announcementTime=2026-04-20 00:00:00,2026-04-20 00:00:00,000630,000630,非经营性资金占用及其他关联资金往来情况的专项审计说明,非经营性资金占用及其他关联资金往来情况的专项审计说明,raw_event,2026-06-12T19:28:41,2026-06-12 19:28:41,,8658961590512056931
akshare,http://www.cninfo.com.cn/new/disclosure/detail?stockCode=000630&announcementId=1225119701&orgId=gssz0000630&announcementTime=2026-04-20 00:00:00,2026-04-20 00:00:00,000630,000630,2025年度非经营性资金占用及其他关联资金往来情况汇总表,2025年度非经营性资金占用及其他关联资金往来情况汇总表,raw_event,2026-06-12T19:28:41,2026-06-12 19:28:41,,17084548207460378095
akshare,http://www.cninfo.com.cn/new/disclosure/detail?stockCode=000630&announcementId=1225119700&orgId=gssz0000630&announcementTime=2026-04-20 00:00:00,2026-04-20 00:00:00,000630,000630,董事会关于独立董事独立性自查情况的专项报告,董事会关于独立董事独立性自查情况的专项报告,raw_event,2026-06-12T19:28:41,2026-06-12 19:28:41,,18366583943755436864
akshare,http://www.cninfo.com.cn/new/disclosure/detail?stockCode=000630&announcementId=1225119699&orgId=gssz0000630&announcementTime=2026-04-20 00:00:00,2026-04-20 00:00:00,000630,000630,2025年年度审计报告,2025年年度审计报告,raw_event,2026-06-12T19:28:41,2026-06-12 19:28:41,,16372254811970761399
akshare,http://www.cninfo.com.cn/new/disclosure/detail?stockCode=000630&announcementId=1225119697&orgId=gssz0000630&announcementTime=2026-04-20 00:00:00,2026-04-20 00:00:00,000630,000630,2025年年度报告,2025年年度报告,raw_event,2026-06-12T19:28:41,2026-06-12 19:28:41,,1639328610318086634
akshare,http://www.cninfo.com.cn/new/disclosure/detail?stockCode=000630&announcementId=1225119696&orgId=gssz0000630&announcementTime=2026-04-20 00:00:00,2026-04-20 00:00:00,000630,000630,2025年年度报告摘要,2025年年度报告摘要,raw_event,2026-06-12T19:28:41,2026-06-12 19:28:41,,1364476420456086593
akshare,http://www.cninfo.com.cn/new/disclosure/detail?stockCode=000630&announcementId=1224956479&orgId=gssz0000630&announcementTime=2026-01-30 00:00:00,2026-01-30 00:00:00,000630,000630,股票交易异常波动公告,股票交易异常波动公告,raw_event,2026-06-12T19:28:41,2026-06-12 19:28:41,,7515803453537410661
akshare,http://www.cninfo.com.cn/new/disclosure/detail?stockCode=000630&announcementId=1224950548&orgId=gssz0000630&announcementTime=2026-01-27 00:00:00,2026-01-27 00:00:00,000630,000630,股票交易异常波动公告,股票交易异常波动公告,raw_event,2026-06-12T19:28:41,2026-06-12 19:28:41,,12584077819314294101
akshare,http://www.cninfo.com.cn/new/disclosure/detail?stockCode=000630&announcementId=1224913878&orgId=gssz0000630&announcementTime=2026-01-05 00:00:00,2026-01-05 00:00:00,000630,000630,关于控股子公司项目延期的公告,关于控股子公司项目延期的公告,raw_event,2026-06-12T19:28:41,2026-06-12 19:28:41,,5186547055194540839
akshare,http://www.cninfo.com.cn/new/disclosure/detail?stockCode=000630&announcementId=1224907663&orgId=gssz0000630&announcementTime=2025-12-31 00:00:00,2025-12-31 00:00:00,000630,000630,关于选举第十届董事会职工董事的公告,关于选举第十届董事会职工董事的公告,raw_event,2026-06-12T19:28:41,2026-06-12 19:28:41,,9433171660814363410
akshare,http://www.cninfo.com.cn/new/disclosure/detail?stockCode=000630&announcementId=1224904793&orgId=gssz0000630&announcementTime=2025-12-30 00:00:00,2025-12-30 00:00:00,000630,000630,安徽承义律师事务所关于铜陵有色金属集团股份有限公司召开2025年第三次临时股东会的法律意见书,安徽承义律师事务所关于铜陵有色金属集团股份有限公司召开2025年第三次临时股东会的法律意见书,raw_event,2026-06-12T19:28:41,2026-06-12 19:28:41,,8320908809213437100
akshare,http://www.cninfo.com.cn/new/disclosure/detail?stockCode=000630&announcementId=1224904792&orgId=gssz0000630&announcementTime=2025-12-30 00:00:00,2025-12-30 00:00:00,000630,000630,2025年第三次临时股东会决议的公告,2025年第三次临时股东会决议的公告,raw_event,2026-06-12T19:28:41,2026-06-12 19:28:41,,15970521589063926227
akshare,http://www.cninfo.com.cn/new/disclosure/detail?stockCode=000630&announcementId=1224881678&orgId=gssz0000630&announcementTime=2025-12-17 00:00:00,2025-12-17 00:00:00,000630,000630,关于铜陵有色金属集团财务有限公司为关联方提供金融服务的风险处置预案,关于铜陵有色金属集团财务有限公司为关联方提供金融服务的风险处置预案,raw_event,2026-06-12T19:28:41,2026-06-12 19:28:41,,2277500707854528416
akshare,http://www.cninfo.com.cn/new/disclosure/detail?stockCode=000630&announcementId=1224881677&orgId=gssz0000630&announcementTime=2025-12-17 00:00:00,2025-12-17 00:00:00,000630,000630,董事会专门委员会工作细则,董事会专门委员会工作细则,raw_event,2026-06-12T19:28:41,2026-06-12 19:28:41,,8046484564334364806
akshare,http://www.cninfo.com.cn/new/disclosure/detail?stockCode=000630&announcementId=1224881676&orgId=gssz0000630&announcementTime=2025-12-17 00:00:00,2025-12-17 00:00:00,000630,000630,董事和高级管理人员所持本公司股份及其变动管理制度,董事和高级管理人员所持本公司股份及其变动管理制度,raw_event,2026-06-12T19:28:41,2026-06-12 19:28:41,,254619529221424968
akshare,http://www.cninfo.com.cn/new/disclosure/detail?stockCode=000630&announcementId=1224881675&orgId=gssz0000630&announcementTime=2025-12-17 00:00:00,2025-12-17 00:00:00,000630,000630,董事和高级管理人员离职管理制度,董事和高级管理人员离职管理制度,raw_event,2026-06-12T19:28:41,2026-06-12 19:28:41,,11828683666448940494
akshare,http://www.cninfo.com.cn/new/disclosure/detail?stockCode=000630&announcementId=1224881674&orgId=gssz0000630&announcementTime=2025-12-17 00:00:00,2025-12-17 00:00:00,000630,000630,独立董事工作制度,独立董事工作制度,raw_event,2026-06-12T19:28:41,2026-06-12 19:28:41,,17983362079692604154
akshare,http://www.cninfo.com.cn/new/disclosure/detail?stockCode=000630&announcementId=1224881673&orgId=gssz0000630&announcementTime=2025-12-17 00:00:00,2025-12-17 00:00:00,000630,000630,董事会秘书工作细则,董事会秘书工作细则,raw_event,2026-06-12T19:28:41,2026-06-12 19:28:41,,11773523000575862650
akshare,http://www.cninfo.com.cn/new/disclosure/detail?stockCode=000630&announcementId=1224881672&orgId=gssz0000630&announcementTime=2025-12-17 00:00:00,2025-12-17 00:00:00,000630,000630,信息披露事务管理制度,信息披露事务管理制度,raw_event,2026-06-12T19:28:41,2026-06-12 19:28:41,,14903472703215351841
akshare,http://www.cninfo.com.cn/new/disclosure/detail?stockCode=000630&announcementId=1224881671&orgId=gssz0000630&announcementTime=2025-12-17 00:00:00,2025-12-17 00:00:00,000630,000630,内幕信息知情人管理制度,内幕信息知情人管理制度,raw_event,2026-06-12T19:28:41,2026-06-12 19:28:41,,3511096899012464465
akshare,http://www.cninfo.com.cn/new/disclosure/detail?stockCode=000630&announcementId=1224881670&orgId=gssz0000630&announcementTime=2025-12-17 00:00:00,2025-12-17 00:00:00,000630,000630,经理工作细则,经理工作细则,raw_event,2026-06-12T19:28:41,2026-06-12 19:28:41,,6885288763579441041
akshare,http://www.cninfo.com.cn/new/disclosure/detail?stockCode=000630&announcementId=1224881669&orgId=gssz0000630&announcementTime=2025-12-17 00:00:00,2025-12-17 00:00:00,000630,000630,信息披露暂缓与豁免管理制度,信息披露暂缓与豁免管理制度,raw_event,2026-06-12T19:28:41,2026-06-12 19:28:41,,12580850902351227480
akshare,http://www.cninfo.com.cn/new/disclosure/detail?stockCode=000630&announcementId=1224881668&orgId=gssz0000630&announcementTime=2025-12-17 00:00:00,2025-12-17 00:00:00,000630,000630,投资者关系管理制度,投资者关系管理制度,raw_event,2026-06-12T19:28:41,2026-06-12 19:28:41,,9967528206361110905
akshare,http://www.cninfo.com.cn/new/disclosure/detail?stockCode=000630&announcementId=1224881667&orgId=gssz0000630&announcementTime=2025-12-17 00:00:00,2025-12-17 00:00:00,000630,000630,董事会决议跟踪落实及后评估制度,董事会决议跟踪落实及后评估制度,raw_event,2026-06-12T19:28:41,2026-06-12 19:28:41,,15429204261647427079
akshare,http://www.cninfo.com.cn/new/disclosure/detail?stockCode=000630&announcementId=1224881666&orgId=gssz0000630&announcementTime=2025-12-17 00:00:00,2025-12-17 00:00:00,000630,000630,董事会授权管理制度,董事会授权管理制度,raw_event,2026-06-12T19:28:41,2026-06-12 19:28:41,,15555210279796398998
akshare,http://www.cninfo.com.cn/new/disclosure/detail?stockCode=000630&announcementId=1224881665&orgId=gssz0000630&announcementTime=2025-12-17 00:00:00,2025-12-17 00:00:00,000630,000630,内部审计制度,内部审计制度,raw_event,2026-06-12T19:28:41,2026-06-12 19:28:41,,1629710915558341941
akshare,http://www.cninfo.com.cn/new/disclosure/detail?stockCode=000630&announcementId=1224881664&orgId=gssz0000630&announcementTime=2025-12-17 00:00:00,2025-12-17 00:00:00,000630,000630,子公司管理办法,子公司管理办法,raw_event,2026-06-12T19:28:41,2026-06-12 19:28:41,,3901848858611876622
eastmoney_stock_news,http://finance.eastmoney.com/a/202606053762026920.html,2026-06-05 17:04:00,300308,300308,突发跳水！300308，天量成交,值得注意的是，中际旭创（300308）全日成交583.2亿元，成交额创该股历史天量，且位列A股成交额首位。同时，纵观A股历史，这一成交额位列第四，超越了新易盛今年4月创下的纪录，仅次于东方财富、中国石油与中国平安。 港股方面，中芯国际、华虹半导体双双跌超7%。,ok,,,,
eastmoney_stock_news,http://finance.eastmoney.com/a/202606023757371842.html,2026-06-02 12:36:00,300308,300308,300308，成交额A股第一！,沪深北三市半日成交18201亿元，中际旭创（300308）成交额228.36亿元，位居A股第一。,ok,,,,
eastmoney_stock_news,http://finance.eastmoney.com/a/202605123734187455.html,2026-05-12 10:15:00,300308,300308,千元A股+1！300308，大涨超7%,5月12日，光模块龙头中际旭创（300308）盘中大涨超7%，股价突破1000元，成为A股市场又一只千元股，也是创业板第二只千元股（第一只为爱美客，后因实施高送转除权，股价回至千元下方）。,ok,,,,
eastmoney_stock_news,http://finance.eastmoney.com/a/202606103767085155.html,2026-06-10 23:28:26,300308,300308,中际旭创回应被美国国防部列入1260H清单：认定和依据均不符合客观事实 未对公司经营产生实质性影响,中际旭创300308.SZ)公告称，公司注意到美国国防部将公司列入“1260H清单”，公司确认该认定不符合客观事实，公司既非中国军工企业，也非军民融合企业。公司将采取合适措施维护利益。本次事件未对公司经营产生实质性影响，订单获取、生产运营及供应链一切正常。,ok,,,,
cninfo_disclosure,http://www.cninfo.com.cn/new/disclosure/detail?stockCode=300308&announcementId=1225364128&orgId=9900022016&announcementTime=2026-06-10 23:26:35,2026-06-10 23:26:35,300308,300308,中际旭创自愿性信息披露公告,中际旭创自愿性信息披露公告,ok,,,,
cninfo_disclosure,http://www.cninfo.com.cn/new/disclosure/detail?stockCode=300308&announcementId=1225358180&orgId=9900022016&announcementTime=2026-06-09 00:00:00,2026-06-09 00:00:00,300308,300308,关于使用部分自有资金进行现金管理的进展公告,关于使用部分自有资金进行现金管理的进展公告,ok,,,,
cninfo_disclosure,http://www.cninfo.com.cn/new/disclosure/detail?stockCode=300308&announcementId=1225351974&orgId=9900022016&announcementTime=2026-06-05 00:00:00,2026-06-05 00:00:00,300308,300308,关于公司第三期限制性股票激励计划预留部分第一个归属期归属结果暨股份上市公告,关于公司第三期限制性股票激励计划预留部分第一个归属期归属结果暨股份上市公告,ok,,,,
cninfo_disclosure,http://www.cninfo.com.cn/new/disclosure/detail?stockCode=300308&announcementId=1225340998&orgId=9900022016&announcementTime=2026-06-01 00:00:00,2026-06-01 00:00:00,300308,300308,中际旭创关于网络传闻的澄清公告,中际旭创关于网络传闻的澄清公告,ok,,,,
cninfo_disclosure,http://www.cninfo.com.cn/new/disclosure/detail?stockCode=300308&announcementId=1225336549&orgId=9900022016&announcementTime=2026-05-29 00:00:00,2026-05-29 00:00:00,300308,300308,关于公司第四期限制性股票激励计划首次授予部分第一个归属期归属结果暨股份上市公告,关于公司第四期限制性股票激励计划首次授予部分第一个归属期归属结果暨股份上市公告,ok,,,,
cninfo_disclosure,http://www.cninfo.com.cn/new/disclosure/detail?stockCode=300308&announcementId=1225334260&orgId=9900022016&announcementTime=2026-05-28 00:00:00,2026-05-28 00:00:00,300308,300308,独立董事提名人声明与承诺(一),独立董事提名人声明与承诺(一),ok,,,,
cninfo_disclosure,http://www.cninfo.com.cn/new/disclosure/detail?stockCode=300308&announcementId=1225334259&orgId=9900022016&announcementTime=2026-05-28 00:00:00,2026-05-28 00:00:00,300308,300308,独立董事候选人声明与承诺(成波）,独立董事候选人声明与承诺(成波）,ok,,,,
cninfo_disclosure,http://www.cninfo.com.cn/new/disclosure/detail?stockCode=300308&announcementId=1225334258&orgId=9900022016&announcementTime=2026-05-28 00:00:00,2026-05-28 00:00:00,300308,300308,独立董事提名人声明与承诺(三),独立董事提名人声明与承诺(三),ok,,,,
cninfo_disclosure,http://www.cninfo.com.cn/new/disclosure/detail?stockCode=300308&announcementId=1225334257&orgId=9900022016&announcementTime=2026-05-28 00:00:00,2026-05-28 00:00:00,300308,300308,独立董事候选人声明与承诺(黄国滨),独立董事候选人声明与承诺(黄国滨),ok,,,,
cninfo_disclosure,http://www.cninfo.com.cn/new/disclosure/detail?stockCode=300308&announcementId=1225334256&orgId=9900022016&announcementTime=2026-05-28 00:00:00,2026-05-28 00:00:00,300308,300308,独立董事候选人声明与承诺(屈文洲）,独立董事候选人声明与承诺(屈文洲）,ok,,,,
cninfo_disclosure,http://www.cninfo.com.cn/new/disclosure/detail?stockCode=300308&announcementId=1225334255&orgId=9900022016&announcementTime=2026-05-28 00:00:00,2026-05-28 00:00:00,300308,300308,独立董事提名人声明与承诺(二),独立董事提名人声明与承诺(二),ok,,,,
cninfo_disclosure,http://www.cninfo.com.cn/new/disclosure/detail?stockCode=300308&announcementId=1225334254&orgId=9900022016&announcementTime=2026-05-28 00:00:00,2026-05-28 00:00:00,300308,300308,独立董事候选人声明与承诺(战淑萍）,独立董事候选人声明与承诺(战淑萍）,ok,,,,
cninfo_disclosure,http://www.cninfo.com.cn/new/disclosure/detail?stockCode=300308&announcementId=1225334253&orgId=9900022016&announcementTime=2026-05-28 00:00:00,2026-05-28 00:00:00,300308,300308,独立董事提名人声明与承诺(四),独立董事提名人声明与承诺(四),ok,,,,
cninfo_disclosure,http://www.cninfo.com.cn/new/disclosure/detail?stockCode=300308&announcementId=1225334252&orgId=9900022016&announcementTime=2026-05-28 00:00:00,2026-05-28 00:00:00,300308,300308,关于召开2026年第二次临时股东会的通知,关于召开2026年第二次临时股东会的通知,ok,,,,
cninfo_disclosure,http://www.cninfo.com.cn/new/disclosure/detail?stockCode=300308&announcementId=1225334251&orgId=9900022016&announcementTime=2026-05-28 00:00:00,2026-05-28 00:00:00,300308,300308,第五届董事会第三十三次会议决议公告,第五届董事会第三十三次会议决议公告,ok,,,,
cninfo_disclosure,http://www.cninfo.com.cn/new/disclosure/detail?stockCode=300308&announcementId=1225325912&orgId=9900022016&announcementTime=2026-05-22 17:48:27,2026-05-22 17:48:27,300308,300308,关于特定股东部分股票进行质押交易及解除质押的公告,关于特定股东部分股票进行质押交易及解除质押的公告,ok,,,,
cninfo_disclosure,http://www.cninfo.com.cn/new/disclosure/detail?stockCode=300308&announcementId=1225303206&orgId=9900022016&announcementTime=2026-05-14 00:00:00,2026-05-14 00:00:00,300308,300308,关于参加2026年山东辖区上市公司投资者网上集体接待日活动的公告,关于参加2026年山东辖区上市公司投资者网上集体接待日活动的公告,ok,,,,
cninfo_disclosure,http://www.cninfo.com.cn/new/disclosure/detail?stockCode=300308&announcementId=1225286800&orgId=9900022016&announcementTime=2026-05-09 00:00:00,2026-05-09 00:00:00,300308,300308,关于作废第四期限制性股票激励计划部分激励对象已获授但尚未归属的限制性股票的公告,关于作废第四期限制性股票激励计划部分激励对象已获授但尚未归属的限制性股票的公告,ok,,,,
cninfo_disclosure,http://www.cninfo.com.cn/new/disclosure/detail?stockCode=300308&announcementId=1225286799&orgId=9900022016&announcementTime=2026-05-09 00:00:00,2026-05-09 00:00:00,300308,300308,关于作废第三期限制性股票激励计划部分激励对象已获授但尚未归属的限制性股票的公告,关于作废第三期限制性股票激励计划部分激励对象已获授但尚未归属的限制性股票的公告,ok,,,,
cninfo_disclosure,http://www.cninfo.com.cn/new/disclosure/detail?stockCode=300308&announcementId=1225286798&orgId=9900022016&announcementTime=2026-05-09 00:00:00,2026-05-09 00:00:00,300308,300308,上海泽昌律师事务所关于公司调整第三期限制性股票激励计划预留部分归属价格、预留部分第一个归属期归属条件成就暨作废部分激励对象已获授但尚未归属的限制性股票的法律意见书,上海泽昌律师事务所关于公司调整第三期限制性股票激励计划预留部分归属价格、预留部分第一个归属期归属条件成就暨作废部分激励对象已获授但尚未归属的限制性股票的法律意见书,ok,,,,
cninfo_disclosure,http://www.cninfo.com.cn/new/disclosure/detail?stockCode=300308&announcementId=1225286797&orgId=9900022016&announcementTime=2026-05-09 00:00:00,2026-05-09 00:00:00,300308,300308,上海泽昌律师事务所关于公司调整第四期限制性股票激励计划首次授予部分归属价格、首次授予部分第一个归属期归属条件成就暨作废部分激励对象已获授但尚未归属的限制性股票的法律意见书,上海泽昌律师事务所关于公司调整第四期限制性股票激励计划首次授予部分归属价格、首次授予部分第一个归属期归属条件成就暨作废部分激励对象已获授但尚未归属的限制性股票的法律意见书,ok,,,,
cninfo_disclosure,http://www.cninfo.com.cn/new/disclosure/detail?stockCode=300308&announcementId=1225286796&orgId=9900022016&announcementTime=2026-05-09 00:00:00,2026-05-09 00:00:00,300308,300308,薪酬与考核委员会关于公司第三期限制性股票激励计划股份归属及激励对象名单的核查意见,薪酬与考核委员会关于公司第三期限制性股票激励计划股份归属及激励对象名单的核查意见,ok,,,,
cninfo_disclosure,http://www.cninfo.com.cn/new/disclosure/detail?stockCode=300308&announcementId=1225286795&orgId=9900022016&announcementTime=2026-05-09 00:00:00,2026-05-09 00:00:00,300308,300308,薪酬与考核委员会关于公司第四期限制性股票激励计划股份归属及激励对象名单的核查意见,薪酬与考核委员会关于公司第四期限制性股票激励计划股份归属及激励对象名单的核查意见,ok,,,,
cninfo_disclosure,http://www.cninfo.com.cn/new/disclosure/detail?stockCode=300308&announcementId=1225286794&orgId=9900022016&announcementTime=2026-05-09 00:00:00,2026-05-09 00:00:00,300308,300308,关于公司第三期限制性股票激励计划预留部分第一个归属期归属条件成就的公告,关于公司第三期限制性股票激励计划预留部分第一个归属期归属条件成就的公告,ok,,,,
cninfo_disclosure,http://www.cninfo.com.cn/new/disclosure/detail?stockCode=300308&announcementId=1225286793&orgId=9900022016&announcementTime=2026-05-09 00:00:00,2026-05-09 00:00:00,300308,300308,关于公司第四期限制性股票激励计划首次授予部分第一个归属期归属条件成就的公告,关于公司第四期限制性股票激励计划首次授予部分第一个归属期归属条件成就的公告,ok,,,,
cninfo_disclosure,http://www.cninfo.com.cn/new/disclosure/detail?stockCode=300308&announcementId=1225286792&orgId=9900022016&announcementTime=2026-05-09 00:00:00,2026-05-09 00:00:00,300308,300308,第五届董事会第三十二次会议决议公告,第五届董事会第三十二次会议决议公告,ok,,,,
cninfo_disclosure,http://www.cninfo.com.cn/new/disclosure/detail?stockCode=300308&announcementId=1225286791&orgId=9900022016&announcementTime=2026-05-09 00:00:00,2026-05-09 00:00:00,300308,300308,关于调整公司第四期限制性股票激励计划首次授予部分归属价格的公告,关于调整公司第四期限制性股票激励计划首次授予部分归属价格的公告,ok,,,,
cninfo_disclosure,http://www.cninfo.com.cn/new/disclosure/detail?stockCode=300308&announcementId=1225286790&orgId=9900022016&announcementTime=2026-05-09 00:00:00,2026-05-09 00:00:00,300308,300308,关于调整公司第三期限制性股票激励计划预留部分归属价格的公告,关于调整公司第三期限制性股票激励计划预留部分归属价格的公告,ok,,,,
cninfo_disclosure,http://www.cninfo.com.cn/new/disclosure/detail?stockCode=300308&announcementId=1225145429&orgId=9900022016&announcementTime=2026-04-22 17:11:11,2026-04-22 17:11:11,300308,300308,2025年度权益分派实施公告,2025年度权益分派实施公告,ok,,,,
cninfo_disclosure,http://www.cninfo.com.cn/new/disclosure/detail?stockCode=300308&announcementId=1225129982&orgId=9900022016&announcementTime=2026-04-20 19:32:13,2026-04-20 19:32:13,300308,300308,关于举行2025年度业绩说明会的公告,关于举行2025年度业绩说明会的公告,ok,,,,
cninfo_disclosure,http://www.cninfo.com.cn/new/disclosure/detail?stockCode=300308&announcementId=1225129981&orgId=9900022016&announcementTime=2026-04-20 19:32:13,2026-04-20 19:32:13,300308,300308,北京中银（苏州）律师事务所关于公司2025年度股东会之法律意见书,北京中银（苏州）律师事务所关于公司2025年度股东会之法律意见书,ok,,,,
cninfo_disclosure,http://www.cninfo.com.cn/new/disclosure/detail?stockCode=300308&announcementId=1225129980&orgId=9900022016&announcementTime=2026-04-20 19:32:11,2026-04-20 19:32:11,300308,300308,2025年度股东会决议公告,2025年度股东会决议公告,ok,,,,
cninfo_disclosure,http://www.cninfo.com.cn/new/disclosure/detail?stockCode=300308&announcementId=1225129944&orgId=9900022016&announcementTime=2026-04-20 19:30:30,2026-04-20 19:30:30,300308,300308,关于公司第三期限制性股票激励计划首次授予部分第二个归属期归属结果暨股份上市公告,关于公司第三期限制性股票激励计划首次授予部分第二个归属期归属结果暨股份上市公告,ok,,,,
cninfo_disclosure,http://www.cninfo.com.cn/new/disclosure/detail?stockCode=300308&announcementId=1225111944&orgId=9900022016&announcementTime=2026-04-17 00:00:00,2026-04-17 00:00:00,300308,300308,2026年第一季度报告披露的提示性公告,2026年第一季度报告披露的提示性公告,ok,,,,
cninfo_disclosure,http://www.cninfo.com.cn/new/disclosure/detail?stockCode=300308&announcementId=1225111943&orgId=9900022016&announcementTime=2026-04-17 00:00:00,2026-04-17 00:00:00,300308,300308,第五届董事会第三十一次会议决议公告,第五届董事会第三十一次会议决议公告,ok,,,,
cninfo_disclosure,http://www.cninfo.com.cn/new/disclosure/detail?stockCode=300308&announcementId=1225111941&orgId=9900022016&announcementTime=2026-04-17 00:00:00,2026-04-17 00:00:00,300308,300308,2026年一季度报告,2026年一季度报告,ok,,,,
cninfo_disclosure,http://www.cninfo.com.cn/new/disclosure/detail?stockCode=300308&announcementId=1225100461&orgId=9900022016&announcementTime=2026-04-15 00:00:00,2026-04-15 00:00:00,300308,300308,关于变更2026年第一季度报告预约披露时间的公告,关于变更2026年第一季度报告预约披露时间的公告,ok,,,,
cninfo_disclosure,http://www.cninfo.com.cn/new/disclosure/detail?stockCode=300308&announcementId=1225056498&orgId=9900022016&announcementTime=2026-03-31 00:00:00,2026-03-31 00:00:00,300308,300308,2025年度报告披露的提示性公告,2025年度报告披露的提示性公告,ok,,,,
cninfo_disclosure,http://www.cninfo.com.cn/new/disclosure/detail?stockCode=300308&announcementId=1225056497&orgId=9900022016&announcementTime=2026-03-31 00:00:00,2026-03-31 00:00:00,300308,300308,国泰海通证券股份有限公司关于公司2025年度募集资金存放、管理与使用情况的核查意见,国泰海通证券股份有限公司关于公司2025年度募集资金存放、管理与使用情况的核查意见,ok,,,,
cninfo_disclosure,http://www.cninfo.com.cn/new/disclosure/detail?stockCode=300308&announcementId=1225056496&orgId=9900022016&announcementTime=2026-03-31 00:00:00,2026-03-31 00:00:00,300308,300308,关于续聘2026年度审计机构的公告,关于续聘2026年度审计机构的公告,ok,,,,
cninfo_disclosure,http://www.cninfo.com.cn/new/disclosure/detail?stockCode=300308&announcementId=1225056495&orgId=9900022016&announcementTime=2026-03-31 00:00:00,2026-03-31 00:00:00,300308,300308,2025年度财务决算报告,2025年度财务决算报告,ok,,,,
cninfo_disclosure,http://www.cninfo.com.cn/new/disclosure/detail?stockCode=300308&announcementId=1225056494&orgId=9900022016&announcementTime=2026-03-31 00:00:00,2026-03-31 00:00:00,300308,300308,关于提请股东会授权董事会制定2026年中期分红方案的公告,关于提请股东会授权董事会制定2026年中期分红方案的公告,ok,,,,
cninfo_disclosure,http://www.cninfo.com.cn/new/disclosure/detail?stockCode=300308&announcementId=1225056493&orgId=9900022016&announcementTime=2026-03-31 00:00:00,2026-03-31 00:00:00,300308,300308,2025年度董事会工作报告,2025年度董事会工作报告,ok,,,,
cninfo_disclosure,http://www.cninfo.com.cn/new/disclosure/detail?stockCode=300308&announcementId=1225056492&orgId=9900022016&announcementTime=2026-03-31 00:00:00,2026-03-31 00:00:00,300308,300308,未来三年（2026年-2028年）股东回报规划,未来三年（2026年-2028年）股东回报规划,ok,,,,
cninfo_disclosure,http://www.cninfo.com.cn/new/disclosure/detail?stockCode=300308&announcementId=1225056491&orgId=9900022016&announcementTime=2026-03-31 00:00:00,2026-03-31 00:00:00,300308,300308,关于确认董事、高级管理人员2025年度薪酬及2026年度薪酬方案的公告,关于确认董事、高级管理人员2025年度薪酬及2026年度薪酬方案的公告,ok,,,,
cninfo_disclosure,http://www.cninfo.com.cn/new/disclosure/detail?stockCode=300308&announcementId=1225056490&orgId=9900022016&announcementTime=2026-03-31 00:00:00,2026-03-31 00:00:00,300308,300308,2025年度独立董事述职报告（战淑萍）,2025年度独立董事述职报告（战淑萍）,ok,,,,
cninfo_disclosure,http://www.cninfo.com.cn/new/disclosure/detail?stockCode=300308&announcementId=1225056489&orgId=9900022016&announcementTime=2026-03-31 00:00:00,2026-03-31 00:00:00,300308,300308,2025年度独立董事述职报告（成波）,2025年度独立董事述职报告（成波）,ok,,,,
cninfo_disclosure,http://www.cninfo.com.cn/new/disclosure/detail?stockCode=300308&announcementId=1225056488&orgId=9900022016&announcementTime=2026-03-31 00:00:00,2026-03-31 00:00:00,300308,300308,2025年度独立董事述职报告（Yan Zhuang),2025年度独立董事述职报告（Yan Zhuang),ok,,,,
cninfo_disclosure,http://www.cninfo.com.cn/new/disclosure/detail?stockCode=300308&announcementId=1225056487&orgId=9900022016&announcementTime=2026-03-31 00:00:00,2026-03-31 00:00:00,300308,300308,2025年度独立董事述职报告（屈文洲）,2025年度独立董事述职报告（屈文洲）,ok,,,,
cninfo_disclosure,http://www.cninfo.com.cn/new/disclosure/detail?stockCode=300308&announcementId=1225056486&orgId=9900022016&announcementTime=2026-03-31 00:00:00,2026-03-31 00:00:00,300308,300308,2025年环境、社会及公司治理（ESG）报告,2025年环境、社会及公司治理（ESG）报告,ok,,,,
cninfo_disclosure,http://www.cninfo.com.cn/new/disclosure/detail?stockCode=300308&announcementId=1225056485&orgId=9900022016&announcementTime=2026-03-31 00:00:00,2026-03-31 00:00:00,300308,300308,Zhongji InnoLight ESG Report（2025）,Zhongji InnoLight ESG Report（2025）,ok,,,,
cninfo_disclosure,http://www.cninfo.com.cn/new/disclosure/detail?stockCode=300308&announcementId=1225056484&orgId=9900022016&announcementTime=2026-03-31 00:00:00,2026-03-31 00:00:00,300308,300308,2025年度内部控制审计报告,2025年度内部控制审计报告,ok,,,,
cninfo_disclosure,http://www.cninfo.com.cn/new/disclosure/detail?stockCode=300308&announcementId=1225056483&orgId=9900022016&announcementTime=2026-03-31 00:00:00,2026-03-31 00:00:00,300308,300308,2025年度内部控制自我评价报告,2025年度内部控制自我评价报告,ok,,,,
cninfo_disclosure,http://www.cninfo.com.cn/new/disclosure/detail?stockCode=300308&announcementId=1225056482&orgId=9900022016&announcementTime=2026-03-31 00:00:00,2026-03-31 00:00:00,300308,300308,董事及高级管理人员薪酬管理制度(2026年3月),董事及高级管理人员薪酬管理制度(2026年3月),ok,,,,
cninfo_disclosure,http://www.cninfo.com.cn/new/disclosure/detail?stockCode=300308&announcementId=1225056481&orgId=9900022016&announcementTime=2026-03-31 00:00:00,2026-03-31 00:00:00,300308,300308,会计师事务所选聘制度(2026年3月),会计师事务所选聘制度(2026年3月),ok,,,,
cninfo_disclosure,http://www.cninfo.com.cn/new/disclosure/detail?stockCode=300308&announcementId=1225056480&orgId=9900022016&announcementTime=2026-03-31 00:00:00,2026-03-31 00:00:00,300308,300308,关于第三期员工持股计划第三个锁定期解锁条件成就的公告,关于第三期员工持股计划第三个锁定期解锁条件成就的公告,ok,,,,
cninfo_disclosure,http://www.cninfo.com.cn/new/disclosure/detail?stockCode=300308&announcementId=1225056479&orgId=9900022016&announcementTime=2026-03-31 00:00:00,2026-03-31 00:00:00,300308,300308,关于作废部分激励对象已获授但尚未归属的限制性股票的公告,关于作废部分激励对象已获授但尚未归属的限制性股票的公告,ok,,,,
cninfo_disclosure,http://www.cninfo.com.cn/new/disclosure/detail?stockCode=300308&announcementId=1225056478&orgId=9900022016&announcementTime=2026-03-31 00:00:00,2026-03-31 00:00:00,300308,300308,上海泽昌律师事务所关于公司调整第三期限制性股票激励计划首次授予部分归属价格、首次授予部分第二个归属期归属条件成就暨作废部分激励对象已获授但尚未归属的限制性股票的法律意见书,上海泽昌律师事务所关于公司调整第三期限制性股票激励计划首次授予部分归属价格、首次授予部分第二个归属期归属条件成就暨作废部分激励对象已获授但尚未归属的限制性股票的法律意见书,ok,,,,
cninfo_disclosure,http://www.cninfo.com.cn/new/disclosure/detail?stockCode=300308&announcementId=1225056477&orgId=9900022016&announcementTime=2026-03-31 00:00:00,2026-03-31 00:00:00,300308,300308,薪酬与考核委员会关于公司第三期股权激励计划首次授予部分股份归属及激励对象名单的核查意见,薪酬与考核委员会关于公司第三期股权激励计划首次授予部分股份归属及激励对象名单的核查意见,ok,,,,
cninfo_disclosure,http://www.cninfo.com.cn/new/disclosure/detail?stockCode=300308&announcementId=1225056476&orgId=9900022016&announcementTime=2026-03-31 00:00:00,2026-03-31 00:00:00,300308,300308,关于公司第三期限制性股票激励计划首次授予部分第二个归属期归属条件成就的公告,关于公司第三期限制性股票激励计划首次授予部分第二个归属期归属条件成就的公告,ok,,,,
cninfo_disclosure,http://www.cninfo.com.cn/new/disclosure/detail?stockCode=300308&announcementId=1225056475&orgId=9900022016&announcementTime=2026-03-31 00:00:00,2026-03-31 00:00:00,300308,300308,关于公司及子公司向银行申请综合授信额度并提供担保的公告,关于公司及子公司向银行申请综合授信额度并提供担保的公告,ok,,,,
cninfo_disclosure,http://www.cninfo.com.cn/new/disclosure/detail?stockCode=300308&announcementId=1225056474&orgId=9900022016&announcementTime=2026-03-31 00:00:00,2026-03-31 00:00:00,300308,300308,关于开展外汇套期保值业务的可行性分析报告,关于开展外汇套期保值业务的可行性分析报告,ok,,,,
cninfo_disclosure,http://www.cninfo.com.cn/new/disclosure/detail?stockCode=300308&announcementId=1225056473&orgId=9900022016&announcementTime=2026-03-31 00:00:00,2026-03-31 00:00:00,300308,300308,关于继续开展外汇套期保值业务的公告,关于继续开展外汇套期保值业务的公告,ok,,,,
cninfo_disclosure,http://www.cninfo.com.cn/new/disclosure/detail?stockCode=300308&announcementId=1225056472&orgId=9900022016&announcementTime=2026-03-31 00:00:00,2026-03-31 00:00:00,300308,300308,关于继续使用自有资金进行现金管理的公告,关于继续使用自有资金进行现金管理的公告,ok,,,,
cninfo_disclosure,http://www.cninfo.com.cn/new/disclosure/detail?stockCode=300308&announcementId=1225056471&orgId=9900022016&announcementTime=2026-03-31 00:00:00,2026-03-31 00:00:00,300308,300308,关于召开2025年度股东会的通知,关于召开2025年度股东会的通知,ok,,,,
cninfo_disclosure,http://www.cninfo.com.cn/new/disclosure/detail?stockCode=300308&announcementId=1225056470&orgId=9900022016&announcementTime=2026-03-31 00:00:00,2026-03-31 00:00:00,300308,300308,第五届董事会独立董事专门会议第九次会议决议公告,第五届董事会独立董事专门会议第九次会议决议公告,ok,,,,
cninfo_disclosure,http://www.cninfo.com.cn/new/disclosure/detail?stockCode=300308&announcementId=1225056469&orgId=9900022016&announcementTime=2026-03-31 00:00:00,2026-03-31 00:00:00,300308,300308,第五届董事会第二十九次会议决议公告,第五届董事会第二十九次会议决议公告,ok,,,,
cninfo_disclosure,http://www.cninfo.com.cn/new/disclosure/detail?stockCode=300308&announcementId=1225056468&orgId=9900022016&announcementTime=2026-03-31 00:00:00,2026-03-31 00:00:00,300308,300308,关于2025年度利润分配预案的公告,关于2025年度利润分配预案的公告,ok,,,,
cninfo_disclosure,http://www.cninfo.com.cn/new/disclosure/detail?stockCode=300308&announcementId=1225056467&orgId=9900022016&announcementTime=2026-03-31 00:00:00,2026-03-31 00:00:00,300308,300308,2025年度募集资金存放、管理与使用情况的专项报告,2025年度募集资金存放、管理与使用情况的专项报告,ok,,,,
cninfo_disclosure,http://www.cninfo.com.cn/new/disclosure/detail?stockCode=300308&announcementId=1225056466&orgId=9900022016&announcementTime=2026-03-31 00:00:00,2026-03-31 00:00:00,300308,300308,2025年度募集资金存放、管理与使用情况专项报告及鉴证报告,2025年度募集资金存放、管理与使用情况专项报告及鉴证报告,ok,,,,
cninfo_disclosure,http://www.cninfo.com.cn/new/disclosure/detail?stockCode=300308&announcementId=1225056465&orgId=9900022016&announcementTime=2026-03-31 00:00:00,2026-03-31 00:00:00,300308,300308,关于会计师事务所2025年度履职情况的评估报告,关于会计师事务所2025年度履职情况的评估报告,ok,,,,
cninfo_disclosure,http://www.cninfo.com.cn/new/disclosure/detail?stockCode=300308&announcementId=1225056464&orgId=9900022016&announcementTime=2026-03-31 00:00:00,2026-03-31 00:00:00,300308,300308,董事会审计委员会对会计师事务所2025年度履职情况评估及履行监督职责情况的报告,董事会审计委员会对会计师事务所2025年度履职情况评估及履行监督职责情况的报告,ok,,,,
cninfo_disclosure,http://www.cninfo.com.cn/new/disclosure/detail?stockCode=300308&announcementId=1225056463&orgId=9900022016&announcementTime=2026-03-31 00:00:00,2026-03-31 00:00:00,300308,300308,关于公司控股股东及其他关联方占用资金情况专项报告,关于公司控股股东及其他关联方占用资金情况专项报告,ok,,,,
cninfo_disclosure,http://www.cninfo.com.cn/new/disclosure/detail?stockCode=300308&announcementId=1225056462&orgId=9900022016&announcementTime=2026-03-31 00:00:00,2026-03-31 00:00:00,300308,300308,董事会对独立董事独立性评估的专项意见,董事会对独立董事独立性评估的专项意见,ok,,,,
cninfo_disclosure,http://www.cninfo.com.cn/new/disclosure/detail?stockCode=300308&announcementId=1225056461&orgId=9900022016&announcementTime=2026-03-31 00:00:00,2026-03-31 00:00:00,300308,300308,2025年年度审计报告,2025年年度审计报告,ok,,,,
cninfo_disclosure,http://www.cninfo.com.cn/new/disclosure/detail?stockCode=300308&announcementId=1225056459&orgId=9900022016&announcementTime=2026-03-31 00:00:00,2026-03-31 00:00:00,300308,300308,2025年年度报告,2025年年度报告,ok,,,,
cninfo_disclosure,http://www.cninfo.com.cn/new/disclosure/detail?stockCode=300308&announcementId=1225056458&orgId=9900022016&announcementTime=2026-03-31 00:00:00,2026-03-31 00:00:00,300308,300308,2025年年度报告摘要,2025年年度报告摘要,ok,,,,
cninfo_disclosure,http://www.cninfo.com.cn/new/disclosure/detail?stockCode=300308&announcementId=1225056457&orgId=9900022016&announcementTime=2026-03-31 00:00:00,2026-03-31 00:00:00,300308,300308,关于调整公司第三期限制性股票激励计划首次授予部分归属价格的公告,关于调整公司第三期限制性股票激励计划首次授予部分归属价格的公告,ok,,,,
cninfo_disclosure,http://www.cninfo.com.cn/new/disclosure/detail?stockCode=300308&announcementId=1225056455&orgId=9900022016&announcementTime=2026-03-31 00:00:00,2026-03-31 00:00:00,300308,300308,关于控股孙公司2026年度增资的公告,关于控股孙公司2026年度增资的公告,ok,,,,
cninfo_disclosure,http://www.cninfo.com.cn/new/disclosure/detail?stockCode=300308&announcementId=1225056454&orgId=9900022016&announcementTime=2026-03-31 00:00:00,2026-03-31 00:00:00,300308,300308,关于调整控股孙公司2025年度增资方案的公告,关于调整控股孙公司2025年度增资方案的公告,ok,,,,
eastmoney_stock_news,http://finance.eastmoney.com/a/202606103766538490.html,2026-06-10 13:26:00,300750,300750,宁德时代在普洱成立新公司,股东信息显示，该公司由宁德时代（300750）旗下宁德时代新能源产业投资有限公司全资持股。,ok,,,,
eastmoney_stock_news,http://finance.eastmoney.com/a/202606053762024081.html,2026-06-05 17:00:13,300750,300750,花旗：升宁德时代目标价至888港元 料今年利润达千亿人民币,花旗发布研报称，将宁德时代300750.SZ)A股目标价由576元人民币上调至603元人民币。,ok,,,,
eastmoney_stock_news,http://finance.eastmoney.com/a/202606053761863791.html,2026-06-05 14:00:00,300750,300750,湖南裕能增资至8.4亿 增幅约11%,该公司成立于2016年6月，法定代表人为谭新乔，经营范围包括电子专用材料研发、电子专用材料制造、电子专用材料销售等，由湘潭电化集团有限公司、上海津晟新材料科技有限公司、宁德时代（300750）等共同持股。,ok,,,,
eastmoney_stock_news,http://finance.eastmoney.com/a/202606043760562285.html,2026-06-04 19:15:33,300750,300750,宁德时代：2026年A股员工持股计划完成非交易过户,宁德时代300750.SZ)公告称，公司2026年A股员工持股计划已完成非交易过户，过户股份数量为366.33万股，占公司总股本的0.08%，过户价格为176.68元/股。该持股计划实际募集资金总额为6.47亿元，参与员工4974人，股票来源为公司回购专用账户的A股股份。,ok,,,,
eastmoney_stock_news,http://finance.eastmoney.com/a/202606043760564236.html,2026-06-04 19:15:26,300750,300750,宁德时代：选举2026年A股员工持股计划管理委员会委员,宁德时代300750.SZ)公告称，公司于2026年6月4日召开2026年A股员工持股计划第一次持有人会议，选举王兵、陈津、吴婧为管理委员会委员，同日选举王兵为管理委员会主任。,ok,,,,
eastmoney_stock_news,http://finance.eastmoney.com/a/202606043760581591.html,2026-06-04 19:47:00,300750,300750,宁德时代2026年员工持股计划366.33万股完成过户 募资6.47亿元,6月4日，宁德时代（300750/03750）发布公告，2026年A股员工持股计划完成非交易过户，涉及股份数量为366.33万股，占公司总股本的0.08%，过户价格为176.68元/股。,ok,,,,
cninfo_disclosure,http://www.cninfo.com.cn/new/disclosure/detail?stockCode=300750&announcementId=1225352616&orgId=GD165627&announcementTime=2026-06-04 19:12:29,2026-06-04 19:12:29,300750,300750,关于2026年A股员工持股计划完成非交易过户的公告,关于2026年A股员工持股计划完成非交易过户的公告,ok,,,,
cninfo_disclosure,http://www.cninfo.com.cn/new/disclosure/detail?stockCode=300750&announcementId=1225352615&orgId=GD165627&announcementTime=2026-06-04 19:12:27,2026-06-04 19:12:27,300750,300750,关于选举2026年A股员工持股计划管理委员会委员的公告,关于选举2026年A股员工持股计划管理委员会委员的公告,ok,,,,
cninfo_disclosure,http://www.cninfo.com.cn/new/disclosure/detail?stockCode=300750&announcementId=1225349744&orgId=GD165627&announcementTime=2026-06-03 19:08:09,2026-06-03 19:08:09,300750,300750,H股公告（截至2026年5月31日止股份发行人的证券变动月报表）,H股公告（截至2026年5月31日止股份发行人的证券变动月报表）,ok,,,,
cninfo_disclosure,http://www.cninfo.com.cn/new/disclosure/detail?stockCode=300750&announcementId=1225342636&orgId=GD165627&announcementTime=2026-06-01 17:34:11,2026-06-01 17:34:11,300750,300750,关于2026年度第三期绿色科技创新债券发行完成的公告,关于2026年度第三期绿色科技创新债券发行完成的公告,ok,,,,
cninfo_disclosure,http://www.cninfo.com.cn/new/disclosure/detail?stockCode=300750&announcementId=1225292100&orgId=GD165627&announcementTime=2026-05-11 18:48:08,2026-05-11 18:48:08,300750,300750,关于控股股东无偿捐赠部分公司股份的进展公告,关于控股股东无偿捐赠部分公司股份的进展公告,ok,,,,
cninfo_disclosure,http://www.cninfo.com.cn/new/disclosure/detail?stockCode=300750&announcementId=1225282726&orgId=GD165627&announcementTime=2026-05-07 18:48:09,2026-05-07 18:48:09,300750,300750,H股公告（截至2026年4月30日止股份发行人的证券变动月报表）,H股公告（截至2026年4月30日止股份发行人的证券变动月报表）,ok,,,,
cninfo_disclosure,http://www.cninfo.com.cn/new/disclosure/detail?stockCode=300750&announcementId=1225274804&orgId=GD165627&announcementTime=2026-04-30 20:42:27,2026-04-30 20:42:27,300750,300750,关于完成配售H股的公告,关于完成配售H股的公告,ok,,,,
cninfo_disclosure,http://www.cninfo.com.cn/new/disclosure/detail?stockCode=300750&announcementId=1225274803&orgId=GD165627&announcementTime=2026-04-30 20:42:27,2026-04-30 20:42:27,300750,300750,H股公告（翌日披露报表）,H股公告（翌日披露报表）,ok,,,,
cninfo_disclosure,http://www.cninfo.com.cn/new/disclosure/detail?stockCode=300750&announcementId=1225274805&orgId=GD165627&announcementTime=2026-04-30 20:42:09,2026-04-30 20:42:09,300750,300750,关于2026年度第二期绿色科技创新债券发行完成的公告,关于2026年度第二期绿色科技创新债券发行完成的公告,ok,,,,
cninfo_disclosure,http://www.cninfo.com.cn/new/disclosure/detail?stockCode=300750&announcementId=1225223116&orgId=GD165627&announcementTime=2026-04-28 08:12:58,2026-04-28 08:12:58,300750,300750,关于根据一般性授权配售新H股的公告,关于根据一般性授权配售新H股的公告,ok,,,,
cninfo_disclosure,http://www.cninfo.com.cn/new/disclosure/detail?stockCode=300750&announcementId=1225223115&orgId=GD165627&announcementTime=2026-04-28 08:12:58,2026-04-28 08:12:58,300750,300750,第四届董事会第十六次会议决议公告,第四届董事会第十六次会议决议公告,ok,,,,
cninfo_disclosure,http://www.cninfo.com.cn/new/disclosure/detail?stockCode=300750&announcementId=1225173667&orgId=GD165627&announcementTime=2026-04-23 21:36:49,2026-04-23 21:36:49,300750,300750,中信建投证券股份有限公司关于宁德时代新能源科技股份有限公司股东向特定机构投资者询价转让股份的核查报告,中信建投证券股份有限公司关于宁德时代新能源科技股份有限公司股东向特定机构投资者询价转让股份的核查报告,ok,,,,
cninfo_disclosure,http://www.cninfo.com.cn/new/disclosure/detail?stockCode=300750&announcementId=1225173666&orgId=GD165627&announcementTime=2026-04-23 21:36:49,2026-04-23 21:36:49,300750,300750,中国国际金融股份有限公司关于宁德时代新能源科技股份有限公司股东向特定机构投资者询价转让股份的核查报告,中国国际金融股份有限公司关于宁德时代新能源科技股份有限公司股东向特定机构投资者询价转让股份的核查报告,ok,,,,
cninfo_disclosure,http://www.cninfo.com.cn/new/disclosure/detail?stockCode=300750&announcementId=1225173665&orgId=GD165627&announcementTime=2026-04-23 21:36:49,2026-04-23 21:36:49,300750,300750,股东询价转让结果报告书暨持股5%以上股东持有权益比例降至5%以下的权益变动提示性公告,股东询价转让结果报告书暨持股5%以上股东持有权益比例降至5%以下的权益变动提示性公告,ok,,,,
cninfo_disclosure,http://www.cninfo.com.cn/new/disclosure/detail?stockCode=300750&announcementId=1225173664&orgId=GD165627&announcementTime=2026-04-23 21:36:49,2026-04-23 21:36:49,300750,300750,简式权益变动报告书,简式权益变动报告书,ok,,,,
cninfo_disclosure,http://www.cninfo.com.cn/new/disclosure/detail?stockCode=300750&announcementId=1225150151&orgId=GD165627&announcementTime=2026-04-22 19:14:29,2026-04-22 19:14:29,300750,300750,关于授予2026年A股员工持股计划预留份额的公告,关于授予2026年A股员工持股计划预留份额的公告,ok,,,,
cninfo_disclosure,http://www.cninfo.com.cn/new/disclosure/detail?stockCode=300750&announcementId=1225128872&orgId=GD165627&announcementTime=2026-04-20 18:54:12,2026-04-20 18:54:12,300750,300750,股东询价转让定价情况提示性公告,股东询价转让定价情况提示性公告,ok,,,,
cninfo_disclosure,http://www.cninfo.com.cn/new/disclosure/detail?stockCode=300750&announcementId=1225123059&orgId=GD165627&announcementTime=2026-04-17 21:14:09,2026-04-17 21:14:09,300750,300750,中信建投证券股份有限公司关于宁德时代新能源科技股份有限公司股东向特定机构投资者询价转让股份相关资格的核查意见,中信建投证券股份有限公司关于宁德时代新能源科技股份有限公司股东向特定机构投资者询价转让股份相关资格的核查意见,ok,,,,
cninfo_disclosure,http://www.cninfo.com.cn/new/disclosure/detail?stockCode=300750&announcementId=1225123058&orgId=GD165627&announcementTime=2026-04-17 21:14:09,2026-04-17 21:14:09,300750,300750,股东询价转让计划书,股东询价转让计划书,ok,,,,
cninfo_disclosure,http://www.cninfo.com.cn/new/disclosure/detail?stockCode=300750&announcementId=1225123060&orgId=GD165627&announcementTime=2026-04-17 21:12:27,2026-04-17 21:12:27,300750,300750,中国国际金融股份有限公司关于宁德时代新能源科技股份有限公司股东向特定机构投资者询价转让股份相关资格的核查意见,中国国际金融股份有限公司关于宁德时代新能源科技股份有限公司股东向特定机构投资者询价转让股份相关资格的核查意见,ok,,,,
cninfo_disclosure,http://www.cninfo.com.cn/new/disclosure/detail?stockCode=300750&announcementId=1225107949&orgId=GD165627&announcementTime=2026-04-16 00:00:00,2026-04-16 00:00:00,300750,300750,上海市通力律师事务所关于宁德时代新能源科技股份有限公司调整股权激励计划及员工持股计划相关价格的法律意见书,上海市通力律师事务所关于宁德时代新能源科技股份有限公司调整股权激励计划及员工持股计划相关价格的法律意见书,ok,,,,
cninfo_disclosure,http://www.cninfo.com.cn/new/disclosure/detail?stockCode=300750&announcementId=1225107948&orgId=GD165627&announcementTime=2026-04-16 00:00:00,2026-04-16 00:00:00,300750,300750,第四届董事会第十五次会议决议公告,第四届董事会第十五次会议决议公告,ok,,,,
cninfo_disclosure,http://www.cninfo.com.cn/new/disclosure/detail?stockCode=300750&announcementId=1225107946&orgId=GD165627&announcementTime=2026-04-16 00:00:00,2026-04-16 00:00:00,300750,300750,2026年一季度报告,2026年一季度报告,ok,,,,
cninfo_disclosure,http://www.cninfo.com.cn/new/disclosure/detail?stockCode=300750&announcementId=1225107945&orgId=GD165627&announcementTime=2026-04-16 00:00:00,2026-04-16 00:00:00,300750,300750,关于调整股权激励计划及员工持股计划相关价格的公告,关于调整股权激励计划及员工持股计划相关价格的公告,ok,,,,
cninfo_disclosure,http://www.cninfo.com.cn/new/disclosure/detail?stockCode=300750&announcementId=1225107944&orgId=GD165627&announcementTime=2026-04-16 00:00:00,2026-04-16 00:00:00,300750,300750,关于投资设立全资子公司的公告,关于投资设立全资子公司的公告,ok,,,,
cninfo_disclosure,http://www.cninfo.com.cn/new/disclosure/detail?stockCode=300750&announcementId=1225107879&orgId=GD165627&announcementTime=2026-04-15 19:46:08,2026-04-15 19:46:08,300750,300750,2025年度A股权益分派实施公告,2025年度A股权益分派实施公告,ok,,,,
cninfo_disclosure,http://www.cninfo.com.cn/new/disclosure/detail?stockCode=300750&announcementId=1225088825&orgId=GD165627&announcementTime=2026-04-09 18:46:29,2026-04-09 18:46:29,300750,300750,H股公告（截至2026年3月31日止股份发行人的证券变动月报表）,H股公告（截至2026年3月31日止股份发行人的证券变动月报表）,ok,,,,
cninfo_disclosure,http://www.cninfo.com.cn/new/disclosure/detail?stockCode=300750&announcementId=1225082511&orgId=GD165627&announcementTime=2026-04-07 18:53:56,2026-04-07 18:53:56,300750,300750,关于A股股份回购结果暨股份变动的公告,关于A股股份回购结果暨股份变动的公告,ok,,,,
cninfo_disclosure,http://www.cninfo.com.cn/new/disclosure/detail?stockCode=300750&announcementId=1225080690&orgId=GD165627&announcementTime=2026-04-03 21:02:30,2026-04-03 21:02:30,300750,300750,上海市通力律师事务所关于宁德时代新能源科技股份有限公司2025年年度股东会的法律意见书,上海市通力律师事务所关于宁德时代新能源科技股份有限公司2025年年度股东会的法律意见书,ok,,,,
cninfo_disclosure,http://www.cninfo.com.cn/new/disclosure/detail?stockCode=300750&announcementId=1225080691&orgId=GD165627&announcementTime=2026-04-03 21:02:29,2026-04-03 21:02:29,300750,300750,关于变更部分A股募集资金用途后新签订募集资金三方监管协议的公告,关于变更部分A股募集资金用途后新签订募集资金三方监管协议的公告,ok,,,,
cninfo_disclosure,http://www.cninfo.com.cn/new/disclosure/detail?stockCode=300750&announcementId=1225080689&orgId=GD165627&announcementTime=2026-04-03 21:02:29,2026-04-03 21:02:29,300750,300750,2025年年度股东会决议公告,2025年年度股东会决议公告,ok,,,,
cninfo_disclosure,http://www.cninfo.com.cn/new/disclosure/detail?stockCode=300750&announcementId=1225076794&orgId=GD165627&announcementTime=2026-04-02 19:32:27,2026-04-02 19:32:27,300750,300750,关于回购公司A股股份的进展公告,关于回购公司A股股份的进展公告,ok,,,,
cninfo_disclosure,http://www.cninfo.com.cn/new/disclosure/detail?stockCode=300750&announcementId=1225068592&orgId=GD165627&announcementTime=2026-03-31 20:50:10,2026-03-31 20:50:10,300750,300750,H股公告（董事会会议召开日期）,H股公告（董事会会议召开日期）,ok,,,,
cninfo_disclosure,http://www.cninfo.com.cn/new/disclosure/detail?stockCode=300750&announcementId=1225068591&orgId=GD165627&announcementTime=2026-03-31 20:50:10,2026-03-31 20:50:10,300750,300750,关于控股股东无偿捐赠部分公司股份的公告,关于控股股东无偿捐赠部分公司股份的公告,ok,,,,
cninfo_disclosure,http://www.cninfo.com.cn/new/disclosure/detail?stockCode=300750&announcementId=1225002248&orgId=GD165627&announcementTime=2026-03-10 00:00:00,2026-03-10 00:00:00,300750,300750,关于向金融机构申请2026年度综合授信额度的公告,关于向金融机构申请2026年度综合授信额度的公告,ok,,,,
cninfo_disclosure,http://www.cninfo.com.cn/new/disclosure/detail?stockCode=300750&announcementId=1225002247&orgId=GD165627&announcementTime=2026-03-10 00:00:00,2026-03-10 00:00:00,300750,300750,《2025年度董事会工作报告》,《2025年度董事会工作报告》,ok,,,,
cninfo_disclosure,http://www.cninfo.com.cn/new/disclosure/detail?stockCode=300750&announcementId=1225002246&orgId=GD165627&announcementTime=2026-03-10 00:00:00,2026-03-10 00:00:00,300750,300750,中信建投证券股份有限公司关于宁德时代新能源科技股份有限公司2025年度募集资金存放与使用情况的专项核查报告,中信建投证券股份有限公司关于宁德时代新能源科技股份有限公司2025年度募集资金存放与使用情况的专项核查报告,ok,,,,
cninfo_disclosure,http://www.cninfo.com.cn/new/disclosure/detail?stockCode=300750&announcementId=1225002245&orgId=GD165627&announcementTime=2026-03-10 00:00:00,2026-03-10 00:00:00,300750,300750,关于宁德时代新能源科技股份有限公司2025年度募集资金存放与使用情况鉴证报告,关于宁德时代新能源科技股份有限公司2025年度募集资金存放与使用情况鉴证报告,ok,,,,
cninfo_disclosure,http://www.cninfo.com.cn/new/disclosure/detail?stockCode=300750&announcementId=1225002244&orgId=GD165627&announcementTime=2026-03-10 00:00:00,2026-03-10 00:00:00,300750,300750,中信建投证券股份有限公司关于宁德时代新能源科技股份有限公司使用部分闲置募集资金进行现金管理的核查意见,中信建投证券股份有限公司关于宁德时代新能源科技股份有限公司使用部分闲置募集资金进行现金管理的核查意见,ok,,,,
cninfo_disclosure,http://www.cninfo.com.cn/new/disclosure/detail?stockCode=300750&announcementId=1225002243&orgId=GD165627&announcementTime=2026-03-10 00:00:00,2026-03-10 00:00:00,300750,300750,关于续聘2026年度审计机构的公告,关于续聘2026年度审计机构的公告,ok,,,,
cninfo_disclosure,http://www.cninfo.com.cn/new/disclosure/detail?stockCode=300750&announcementId=1225002242&orgId=GD165627&announcementTime=2026-03-10 00:00:00,2026-03-10 00:00:00,300750,300750,《2025年度独立董事述职报告》（林小雄）,《2025年度独立董事述职报告》（林小雄）,ok,,,,
cninfo_disclosure,http://www.cninfo.com.cn/new/disclosure/detail?stockCode=300750&announcementId=1225002241&orgId=GD165627&announcementTime=2026-03-10 00:00:00,2026-03-10 00:00:00,300750,300750,《2025年度独立董事述职报告》（赵蓓）,《2025年度独立董事述职报告》（赵蓓）,ok,,,,
cninfo_disclosure,http://www.cninfo.com.cn/new/disclosure/detail?stockCode=300750&announcementId=1225002240&orgId=GD165627&announcementTime=2026-03-10 00:00:00,2026-03-10 00:00:00,300750,300750,《2025年度独立董事述职报告》（吴育辉）,《2025年度独立董事述职报告》（吴育辉）,ok,,,,
cninfo_disclosure,http://www.cninfo.com.cn/new/disclosure/detail?stockCode=300750&announcementId=1225002239&orgId=GD165627&announcementTime=2026-03-10 00:00:00,2026-03-10 00:00:00,300750,300750,2025年环境、社会与公司治理（ESG）报告,2025年环境、社会与公司治理（ESG）报告,ok,,,,
cninfo_disclosure,http://www.cninfo.com.cn/new/disclosure/detail?stockCode=300750&announcementId=1225002238&orgId=GD165627&announcementTime=2026-03-10 00:00:00,2026-03-10 00:00:00,300750,300750,2025年度内部控制审计报告,2025年度内部控制审计报告,ok,,,,
cninfo_disclosure,http://www.cninfo.com.cn/new/disclosure/detail?stockCode=300750&announcementId=1225002237&orgId=GD165627&announcementTime=2026-03-10 00:00:00,2026-03-10 00:00:00,300750,300750,2025年度内部控制评价报告,2025年度内部控制评价报告,ok,,,,
cninfo_disclosure,http://www.cninfo.com.cn/new/disclosure/detail?stockCode=300750&announcementId=1225002236&orgId=GD165627&announcementTime=2026-03-10 00:00:00,2026-03-10 00:00:00,300750,300750,《套期保值业务内部控制及风险管理制度》（2026年3月修订）,《套期保值业务内部控制及风险管理制度》（2026年3月修订）,ok,,,,
cninfo_disclosure,http://www.cninfo.com.cn/new/disclosure/detail?stockCode=300750&announcementId=1225002235&orgId=GD165627&announcementTime=2026-03-10 00:00:00,2026-03-10 00:00:00,300750,300750,关于“质量回报双提升”行动方案的进展公告,关于“质量回报双提升”行动方案的进展公告,ok,,,,
cninfo_disclosure,http://www.cninfo.com.cn/new/disclosure/detail?stockCode=300750&announcementId=1225002234&orgId=GD165627&announcementTime=2026-03-10 00:00:00,2026-03-10 00:00:00,300750,300750,关于授权董事会制定2026年中期分红方案的公告,关于授权董事会制定2026年中期分红方案的公告,ok,,,,
cninfo_disclosure,http://www.cninfo.com.cn/new/disclosure/detail?stockCode=300750&announcementId=1225002233&orgId=GD165627&announcementTime=2026-03-10 00:00:00,2026-03-10 00:00:00,300750,300750,关于2025年度计提减值准备的公告,关于2025年度计提减值准备的公告,ok,,,,
cninfo_disclosure,http://www.cninfo.com.cn/new/disclosure/detail?stockCode=300750&announcementId=1225002232&orgId=GD165627&announcementTime=2026-03-10 00:00:00,2026-03-10 00:00:00,300750,300750,关于拟注册发行债券的公告,关于拟注册发行债券的公告,ok,,,,
cninfo_disclosure,http://www.cninfo.com.cn/new/disclosure/detail?stockCode=300750&announcementId=1225002231&orgId=GD165627&announcementTime=2026-03-10 00:00:00,2026-03-10 00:00:00,300750,300750,关于使用部分闲置募集资金进行现金管理的公告,关于使用部分闲置募集资金进行现金管理的公告,ok,,,,
cninfo_disclosure,http://www.cninfo.com.cn/new/disclosure/detail?stockCode=300750&announcementId=1225002230&orgId=GD165627&announcementTime=2026-03-10 00:00:00,2026-03-10 00:00:00,300750,300750,中信建投证券股份有限公司关于宁德时代新能源科技股份有限公司变更部分A股募集资金用途的核查意见,中信建投证券股份有限公司关于宁德时代新能源科技股份有限公司变更部分A股募集资金用途的核查意见,ok,,,,
cninfo_disclosure,http://www.cninfo.com.cn/new/disclosure/detail?stockCode=300750&announcementId=1225002229&orgId=GD165627&announcementTime=2026-03-10 00:00:00,2026-03-10 00:00:00,300750,300750,关于变更部分A股募集资金用途的公告,关于变更部分A股募集资金用途的公告,ok,,,,
cninfo_disclosure,http://www.cninfo.com.cn/new/disclosure/detail?stockCode=300750&announcementId=1225002228&orgId=GD165627&announcementTime=2026-03-10 00:00:00,2026-03-10 00:00:00,300750,300750,关于2026年度日常关联交易（A股）预计的公告,关于2026年度日常关联交易（A股）预计的公告,ok,,,,
cninfo_disclosure,http://www.cninfo.com.cn/new/disclosure/detail?stockCode=300750&announcementId=1225002227&orgId=GD165627&announcementTime=2026-03-10 00:00:00,2026-03-10 00:00:00,300750,300750,关于开展2026年度套期保值业务及可行性分析的公告,关于开展2026年度套期保值业务及可行性分析的公告,ok,,,,
cninfo_disclosure,http://www.cninfo.com.cn/new/disclosure/detail?stockCode=300750&announcementId=1225002226&orgId=GD165627&announcementTime=2026-03-10 00:00:00,2026-03-10 00:00:00,300750,300750,关于2026年度担保额度预计的公告,关于2026年度担保额度预计的公告,ok,,,,
cninfo_disclosure,http://www.cninfo.com.cn/new/disclosure/detail?stockCode=300750&announcementId=1225002225&orgId=GD165627&announcementTime=2026-03-10 00:00:00,2026-03-10 00:00:00,300750,300750,关于召开2025年年度股东会的通知,关于召开2025年年度股东会的通知,ok,,,,
cninfo_disclosure,http://www.cninfo.com.cn/new/disclosure/detail?stockCode=300750&announcementId=1225002224&orgId=GD165627&announcementTime=2026-03-10 00:00:00,2026-03-10 00:00:00,300750,300750,第四届董事会第十四次会议决议公告,第四届董事会第十四次会议决议公告,ok,,,,
cninfo_disclosure,http://www.cninfo.com.cn/new/disclosure/detail?stockCode=300750&announcementId=1225002223&orgId=GD165627&announcementTime=2026-03-10 00:00:00,2026-03-10 00:00:00,300750,300750,关于2025年度利润分配预案的公告,关于2025年度利润分配预案的公告,ok,,,,
cninfo_disclosure,http://www.cninfo.com.cn/new/disclosure/detail?stockCode=300750&announcementId=1225002222&orgId=GD165627&announcementTime=2026-03-10 00:00:00,2026-03-10 00:00:00,300750,300750,关于2025年度募集资金存放与使用情况的专项报告,关于2025年度募集资金存放与使用情况的专项报告,ok,,,,
cninfo_disclosure,http://www.cninfo.com.cn/new/disclosure/detail?stockCode=300750&announcementId=1225002221&orgId=GD165627&announcementTime=2026-03-10 00:00:00,2026-03-10 00:00:00,300750,300750,关于2025年度证券投资及衍生品交易情况的专项说明,关于2025年度证券投资及衍生品交易情况的专项说明,ok,,,,
cninfo_disclosure,http://www.cninfo.com.cn/new/disclosure/detail?stockCode=300750&announcementId=1225002220&orgId=GD165627&announcementTime=2026-03-10 00:00:00,2026-03-10 00:00:00,300750,300750,关于对会计师事务所2025年度履职情况评估及董事会审计委员会履行监督职责情况的报告,关于对会计师事务所2025年度履职情况评估及董事会审计委员会履行监督职责情况的报告,ok,,,,
cninfo_disclosure,http://www.cninfo.com.cn/new/disclosure/detail?stockCode=300750&announcementId=1225002219&orgId=GD165627&announcementTime=2026-03-10 00:00:00,2026-03-10 00:00:00,300750,300750,关于宁德时代新能源科技股份有限公司非经营性资金占用及其他关联资金往来的专项说明,关于宁德时代新能源科技股份有限公司非经营性资金占用及其他关联资金往来的专项说明,ok,,,,
cninfo_disclosure,http://www.cninfo.com.cn/new/disclosure/detail?stockCode=300750&announcementId=1225002218&orgId=GD165627&announcementTime=2026-03-10 00:00:00,2026-03-10 00:00:00,300750,300750,2025年度非经营性资金占用及其他关联资金往来情况汇总表,2025年度非经营性资金占用及其他关联资金往来情况汇总表,ok,,,,
cninfo_disclosure,http://www.cninfo.com.cn/new/disclosure/detail?stockCode=300750&announcementId=1225002217&orgId=GD165627&announcementTime=2026-03-10 00:00:00,2026-03-10 00:00:00,300750,300750,关于独立董事2025年度保持独立性情况的专项意见,关于独立董事2025年度保持独立性情况的专项意见,ok,,,,
cninfo_disclosure,http://www.cninfo.com.cn/new/disclosure/detail?stockCode=300750&announcementId=1225002216&orgId=GD165627&announcementTime=2026-03-10 00:00:00,2026-03-10 00:00:00,300750,300750,2025年年度审计报告,2025年年度审计报告,ok,,,,
cninfo_disclosure,http://www.cninfo.com.cn/new/disclosure/detail?stockCode=300750&announcementId=1225002214&orgId=GD165627&announcementTime=2026-03-10 00:00:00,2026-03-10 00:00:00,300750,300750,2025年年度报告,2025年年度报告,ok,,,,
cninfo_disclosure,http://www.cninfo.com.cn/new/disclosure/detail?stockCode=300750&announcementId=1225002213&orgId=GD165627&announcementTime=2026-03-10 00:00:00,2026-03-10 00:00:00,300750,300750,2025年年度报告摘要,2025年年度报告摘要,ok,,,,
cninfo_disclosure,http://www.cninfo.com.cn/new/disclosure/detail?stockCode=300750&announcementId=1225002212&orgId=GD165627&announcementTime=2026-03-10 00:00:00,2026-03-10 00:00:00,300750,300750,关于2026年度委托理财计划的公告,关于2026年度委托理财计划的公告,ok,,,,
cninfo_disclosure,http://www.cninfo.com.cn/new/disclosure/detail?stockCode=300750&announcementId=1224998149&orgId=GD165627&announcementTime=2026-03-05 19:26:11,2026-03-05 19:26:11,300750,300750,H股公告(截至2026年1月31日止股份发行人的证券变动月报表）,H股公告(截至2026年1月31日止股份发行人的证券变动月报表）,ok,,,,
cninfo_disclosure,http://www.cninfo.com.cn/new/disclosure/detail?stockCode=300750&announcementId=1224998148&orgId=GD165627&announcementTime=2026-03-05 19:26:11,2026-03-05 19:26:11,300750,300750,H股公告(截至2026年2月28日止股份发行人的证券变动月报表）,H股公告(截至2026年2月28日止股份发行人的证券变动月报表）,ok,,,,
cninfo_disclosure,http://www.cninfo.com.cn/new/disclosure/detail?stockCode=300750&announcementId=1224993622&orgId=GD165627&announcementTime=2026-03-03 17:12:11,2026-03-03 17:12:11,300750,300750,关于回购公司A股股份的进展公告,关于回购公司A股股份的进展公告,ok,,,,
cninfo_disclosure,http://www.cninfo.com.cn/new/disclosure/detail?stockCode=300750&announcementId=1224984994&orgId=GD165627&announcementTime=2026-02-26 15:56:12,2026-02-26 15:56:12,300750,300750,宁德时代新能源科技股份有限公司2026年面向专业投资者公开发行科技创新公司债券（第一期）在深圳证券交易所上市的公告,宁德时代新能源科技股份有限公司2026年面向专业投资者公开发行科技创新公司债券（第一期）在深圳证券交易所上市的公告,ok,,,,
cninfo_disclosure,http://www.cninfo.com.cn/new/disclosure/detail?stockCode=300750&announcementId=1224984481&orgId=GD165627&announcementTime=2026-02-25 18:20:10,2026-02-25 18:20:10,300750,300750,H股公告（董事会会议召开日期）,H股公告（董事会会议召开日期）,ok,,,,
cninfo_disclosure,http://www.cninfo.com.cn/new/disclosure/detail?stockCode=300750&announcementId=1224979347&orgId=GD165627&announcementTime=2026-02-12 17:52:09,2026-02-12 17:52:09,300750,300750,宁德时代新能源科技股份有限公司2026年面向专业投资者公开发行科技创新公司债券（第一期）发行结果公告,宁德时代新能源科技股份有限公司2026年面向专业投资者公开发行科技创新公司债券（第一期）发行结果公告,ok,,,,
cninfo_disclosure,http://www.cninfo.com.cn/new/disclosure/detail?stockCode=300750&announcementId=1224977715&orgId=GD165627&announcementTime=2026-02-11 19:22:11,2026-02-11 19:22:11,300750,300750,宁德时代新能源科技股份有限公司2026年面向专业投资者公开发行科技创新公司债券（第一期）票面利率公告,宁德时代新能源科技股份有限公司2026年面向专业投资者公开发行科技创新公司债券（第一期）票面利率公告,ok,,,,
cninfo_disclosure,http://www.cninfo.com.cn/new/disclosure/detail?stockCode=300750&announcementId=1224975880&orgId=GD165627&announcementTime=2026-02-10 19:44:09,2026-02-10 19:44:09,300750,300750,关于2026年度第一期绿色科技创新债券发行完成的公告,关于2026年度第一期绿色科技创新债券发行完成的公告,ok,,,,
cninfo_disclosure,http://www.cninfo.com.cn/new/disclosure/detail?stockCode=300750&announcementId=1224974764&orgId=GD165627&announcementTime=2026-02-10 18:50:11,2026-02-10 18:50:11,300750,300750,宁德时代新能源科技股份有限公司主体长期信用评级报告,宁德时代新能源科技股份有限公司主体长期信用评级报告,ok,,,,
cninfo_disclosure,http://www.cninfo.com.cn/new/disclosure/detail?stockCode=300750&announcementId=1224974762&orgId=GD165627&announcementTime=2026-02-10 18:50:11,2026-02-10 18:50:11,300750,300750,宁德时代新能源科技股份有限公司2026年面向专业投资者公开发行科技创新公司债券（第一期）发行公告,宁德时代新能源科技股份有限公司2026年面向专业投资者公开发行科技创新公司债券（第一期）发行公告,ok,,,,
cctv_macro,,2026-06-10 00:00:00,,,【新思想引领新征程】提升农业综合生产能力 加快农业现代化步伐,【新思想引领新征程】提升农业综合生产能力 加快农业现代化步伐,ok,,,,
cctv_macro,,2026-06-10 00:00:00,,,李希在河南调研,李希在河南调研,ok,,,,
cctv_macro,,2026-06-10 00:00:00,,,【伟大征程】长征：气壮山河的英雄史诗,【伟大征程】长征：气壮山河的英雄史诗,ok,,,,
cctv_macro,,2026-06-10 00:00:00,,,树立和践行正确政绩观学习教育继续派出的4个中央指导组完成进驻,树立和践行正确政绩观学习教育继续派出的4个中央指导组完成进驻,ok,,,,
cctv_macro,,2026-06-10 00:00:00,,,5月居民消费价格指数总体平稳 工业生产者出厂价格指数继续上涨,5月居民消费价格指数总体平稳 工业生产者出厂价格指数继续上涨,ok,,,,
cctv_macro,,2026-06-10 00:00:00,,,5月汽车出口延续快速增长态势,5月汽车出口延续快速增长态势,ok,,,,
cctv_macro,,2026-06-10 00:00:00,,,【一线调研】新型电网筑牢能源大国绿色转型基石,【一线调研】新型电网筑牢能源大国绿色转型基石,ok,,,,
cctv_macro,,2026-06-10 00:00:00,,,第五届全球媒体创新论坛在重庆举行,第五届全球媒体创新论坛在重庆举行,ok,,,,
cctv_macro,,2026-06-10 00:00:00,,,“活力中国调研行”主题采访活动今天启动,“活力中国调研行”主题采访活动今天启动,ok,,,,
cctv_macro,,2026-06-10 00:00:00,,,国务院新闻办举行“新征程上的奋斗者”中外记者见面会,国务院新闻办举行“新征程上的奋斗者”中外记者见面会,ok,,,,
cctv_macro,,2026-06-10 00:00:00,,,国内联播快讯,国内联播快讯,ok,,,,
cctv_macro,,2026-06-10 00:00:00,,,联合国“文明对话国际日”主题活动在日内瓦举行,联合国“文明对话国际日”主题活动在日内瓦举行,ok,,,,
cctv_macro,,2026-06-10 00:00:00,,,美称打击伊朗防空系统等 伊朗称打击美军基地,美称打击伊朗防空系统等 伊朗称打击美军基地,ok,,,,
cctv_macro,,2026-06-10 00:00:00,,,国际联播快讯,国际联播快讯,ok,,,,
