date,symbol,future_return_1d,direction_up_1d,score,prob_up,predicted_return,prediction_method,horizon_days,model_type,trust_status,future_return_5d,direction_up_5d,future_return_20d,direction_up_20d,future_return_60d,direction_up_60d
2025-11-13,000001,0.005794364793997309,1.0,0.17700000000000005,0.4428473785028943,-0.003612835883710641,lightgbm_walk_forward,1,ensemble,data_insufficient,,,,,,
2025-11-13,000333,0.023487394626460212,1.0,0.363,0.5186614406043123,-0.00031759481534457195,lightgbm_walk_forward,1,ensemble,data_insufficient,,,,,,
2025-11-13,000858,0.02089526337260561,1.0,0.4170000000000001,0.5308755409691283,0.0003819312685483621,lightgbm_walk_forward,1,ensemble,data_insufficient,,,,,,
2025-11-13,002594,-0.004065409813630794,0.0,0.5070000000000001,0.5260160075407007,-0.001403552158958211,lightgbm_walk_forward,1,ensemble,data_insufficient,,,,,,
2025-11-13,300750,0.004351876054504045,1.0,0.652,0.48215986996754845,-0.0009359795243564091,lightgbm_walk_forward,1,ensemble,data_insufficient,,,,,,
2025-11-13,600036,-0.0057025838206915536,0.0,0.31000000000000005,0.4961465730428904,-0.0004149651066931322,lightgbm_walk_forward,1,ensemble,data_insufficient,,,,,,
2025-11-13,600519,0.0007757304134989873,1.0,0.633,0.4607596584001027,1.700090648546225e-05,lightgbm_walk_forward,1,ensemble,data_insufficient,,,,,,
2025-11-13,600900,-0.04784073667748656,0.0,0.16499999999999998,0.4436743987771583,0.0012295617795132312,lightgbm_walk_forward,1,ensemble,data_insufficient,,,,,,
2025-11-13,601318,0.010332521554367036,1.0,0.4260000000000001,0.5104590226824611,-0.0011537056235926117,lightgbm_walk_forward,1,ensemble,data_insufficient,,,,,,
2025-11-13,601888,-0.004090612225975732,0.0,0.30999999999999994,0.5353164052256228,0.002378240277675178,lightgbm_walk_forward,1,ensemble,data_insufficient,,,,,,
2025-11-14,000001,-0.029372841688165563,0.0,0.21900000000000008,0.4292664001104017,-0.0016072772421211194,lightgbm_walk_forward,1,ensemble,data_insufficient,,,,,,
2025-11-14,000333,0.01907860313777987,1.0,0.3320000000000001,0.4663606760429304,0.0012511265341564593,lightgbm_walk_forward,1,ensemble,data_insufficient,,,,,,
2025-11-14,000858,0.011189303494287373,1.0,0.38600000000000007,0.4650991250181573,-0.001415446024610257,lightgbm_walk_forward,1,ensemble,data_insufficient,,,,,,
2025-11-14,002594,0.010771916523787839,1.0,0.5430000000000001,0.5237606078567126,0.0011787538374419201,lightgbm_walk_forward,1,ensemble,data_insufficient,,,,,,
2025-11-14,300750,0.018586985711713577,1.0,0.647,0.44167347441845045,-0.0023119191426501443,lightgbm_walk_forward,1,ensemble,data_insufficient,,,,,,
2025-11-14,600036,-0.008169571451255075,0.0,0.44300000000000006,0.4961465730428904,0.0005803285248076253,lightgbm_walk_forward,1,ensemble,data_insufficient,,,,,,
2025-11-14,600519,0.018656713536871372,1.0,0.5670000000000002,0.46148632664274797,0.001291594507704286,lightgbm_walk_forward,1,ensemble,data_insufficient,,,,,,
2025-11-14,600900,-0.0031545552220134665,0.0,0.15099999999999997,0.5553154713373747,0.0023565252581088008,lightgbm_walk_forward,1,ensemble,data_insufficient,,,,,,
2025-11-14,601318,-0.00474502015992484,0.0,0.36899999999999994,0.5205122288240647,-1.54451568983068e-05,lightgbm_walk_forward,1,ensemble,data_insufficient,,,,,,
2025-11-14,601888,0.038189906165766896,1.0,0.303,0.5073061853762199,0.0007513694523618303,lightgbm_walk_forward,1,ensemble,data_insufficient,,,,,,
2025-11-17,000001,-0.029933910259123397,0.0,0.20400000000000007,0.5136310290322565,-0.0004693482866708409,lightgbm_walk_forward,1,ensemble,data_insufficient,,,,,,
2025-11-17,000333,0.0016337266400734407,1.0,0.38200000000000023,0.5189759552273312,0.0009076014411793757,lightgbm_walk_forward,1,ensemble,data_insufficient,,,,,,
2025-11-17,000858,-0.0012207036775047087,0.0,0.35300000000000004,0.48246416560243643,-0.0011043258818238524,lightgbm_walk_forward,1,ensemble,data_insufficient,,,,,,
2025-11-17,002594,0.00955837128502024,1.0,0.6160000000000001,0.5232121470954509,0.0003716118617029522,lightgbm_walk_forward,1,ensemble,data_insufficient,,,,,,
2025-11-17,300750,-0.01704344332884644,0.0,0.6759999999999999,0.44165946193078826,-0.001342022411173389,lightgbm_walk_forward,1,ensemble,data_insufficient,,,,,,
2025-11-17,600036,0.003748868409646944,1.0,0.40100000000000013,0.4969743130102975,-0.0007988399729310065,lightgbm_walk_forward,1,ensemble,data_insufficient,,,,,,
2025-11-17,600519,0.004499150634280413,1.0,0.508,0.5258385014612381,1.5930145686437623e-05,lightgbm_walk_forward,1,ensemble,data_insufficient,,,,,,
2025-11-17,600900,-0.00875311407582735,0.0,0.1840000000000001,0.5633321842427308,0.002872858550350906,lightgbm_walk_forward,1,ensemble,data_insufficient,,,,,,
2025-11-17,601318,0.0025859589995422816,1.0,0.34900000000000003,0.5296168900889164,-1.0828534758065204e-05,lightgbm_walk_forward,1,ensemble,data_insufficient,,,,,,
2025-11-17,601888,0.02015912943015974,1.0,0.28699999999999987,0.4237905235142704,-0.002528568508583334,lightgbm_walk_forward,1,ensemble,data_insufficient,,,,,,
2025-11-18,000001,-0.005483470976019755,0.0,0.16200000000000006,0.47257558013686074,0.0013390253621122625,lightgbm_walk_forward,1,ensemble,data_insufficient,,,,,,
2025-11-18,000333,0.012323951358902185,1.0,0.36499999999999994,0.5180022604409515,0.0018660055910702032,lightgbm_walk_forward,1,ensemble,data_insufficient,,,,,,
2025-11-18,000858,0.017754861157809554,1.0,0.293,0.4836517729797567,-0.001574170834980317,lightgbm_walk_forward,1,ensemble,data_insufficient,,,,,,
2025-11-18,002594,0.013418673780508428,1.0,0.6350000000000002,0.5079559927658098,-0.001682184421105951,lightgbm_walk_forward,1,ensemble,data_insufficient,,,,,,
2025-11-18,300750,0.016127461220582395,1.0,0.7419999999999999,0.5290883250676565,-0.000792519597064169,lightgbm_walk_forward,1,ensemble,data_insufficient,,,,,,
2025-11-18,600036,-0.005543276315419177,0.0,0.3880000000000002,0.47306277386690276,0.0008698419699492643,lightgbm_walk_forward,1,ensemble,data_insufficient,,,,,,
2025-11-18,600519,0.019926534991700162,1.0,0.536,0.4708278890051896,-0.00020124460004051128,lightgbm_walk_forward,1,ensemble,data_insufficient,,,,,,
2025-11-18,600900,-0.014276504922940303,0.0,0.20500000000000002,0.5282555314757947,-5.313829969264901e-05,lightgbm_walk_forward,1,ensemble,data_insufficient,,,,,,
2025-11-18,601318,0.01912682224361073,1.0,0.285,0.5209313169096805,0.0004517440196219554,lightgbm_walk_forward,1,ensemble,data_insufficient,,,,,,
2025-11-18,601888,0.03368397718861105,1.0,0.349,0.48236865173839605,-0.00295247670338339,lightgbm_walk_forward,1,ensemble,data_insufficient,,,,,,
2025-11-19,000001,-0.020004137057418436,0.0,0.14900000000000005,0.5656212679300312,-0.0006516346215167834,lightgbm_walk_forward,1,ensemble,data_insufficient,,,,,,
2025-11-19,000333,-0.016057891721660722,0.0,0.3519999999999999,0.5046509960300559,0.0012253955269205213,lightgbm_walk_forward,1,ensemble,data_insufficient,,,,,,
2025-11-19,000858,0.003916105614207188,1.0,0.306,0.4896128560281742,-0.0015802803773320398,lightgbm_walk_forward,1,ensemble,data_insufficient,,,,,,
2025-11-19,002594,-0.0012057256679514072,0.0,0.6620000000000001,0.4834699923847838,-0.00011861355110929086,lightgbm_walk_forward,1,ensemble,data_insufficient,,,,,,
2025-11-19,300750,-0.0016619847566151646,0.0,0.669,0.4831578569847736,-0.0011432067599182589,lightgbm_walk_forward,1,ensemble,data_insufficient,,,,,,
2025-11-19,600036,-0.01819633411633592,0.0,0.41100000000000014,0.4812120049159023,0.0013281462035679853,lightgbm_walk_forward,1,ensemble,data_insufficient,,,,,,
2025-11-19,600519,-0.007625706351378603,0.0,0.5980000000000001,0.4174267703490036,-0.0006031621036605883,lightgbm_walk_forward,1,ensemble,data_insufficient,,,,,,
2025-11-19,600900,0.014896367536968658,1.0,0.21000000000000002,0.564784841097337,0.000311334727904848,lightgbm_walk_forward,1,ensemble,data_insufficient,,,,,,
2025-11-19,601318,-0.024921757804458156,0.0,0.25100000000000006,0.5216198245431016,-0.0006272041704972796,lightgbm_walk_forward,1,ensemble,data_insufficient,,,,,,
2025-11-19,601888,-0.02024942862402379,0.0,0.35200000000000004,0.453576935700098,0.00040213270899818794,lightgbm_walk_forward,1,ensemble,data_insufficient,,,,,,
2025-11-20,000001,0.004229218020830983,1.0,0.20400000000000007,0.5438751772276982,-0.002459364718145337,lightgbm_walk_forward,1,ensemble,data_insufficient,,,,,,
2025-11-20,000333,0.00616918432497382,1.0,0.29700000000000004,0.47242691972427814,0.002657642574314425,lightgbm_walk_forward,1,ensemble,data_insufficient,,,,,,
2025-11-20,000858,-0.014537829933092938,0.0,0.35700000000000015,0.45915132566018857,-0.0023060909598824047,lightgbm_walk_forward,1,ensemble,data_insufficient,,,,,,
2025-11-20,002594,-0.004288817353203189,0.0,0.605,0.47878682554305124,-0.0007843182886272909,lightgbm_walk_forward,1,ensemble,data_insufficient,,,,,,
2025-11-20,300750,0.03572576696228502,1.0,0.7090000000000001,0.4740646385180035,-0.0004091476199740434,lightgbm_walk_forward,1,ensemble,data_insufficient,,,,,,
2025-11-20,600036,0.044355745309423655,1.0,0.41400000000000015,0.45361892361007294,0.002150384819356615,lightgbm_walk_forward,1,ensemble,data_insufficient,,,,,,
2025-11-20,600519,0.01270365197016421,1.0,0.5429999999999999,0.44519868479238484,-1.487275753420876e-05,lightgbm_walk_forward,1,ensemble,data_insufficient,,,,,,
2025-11-20,600900,-0.04032711455263349,0.0,0.24300000000000005,0.523947729412853,-0.0003530869350533561,lightgbm_walk_forward,1,ensemble,data_insufficient,,,,,,
2025-11-20,601318,0.013652181913285766,1.0,0.27599999999999997,0.5438250826337343,0.002059939077965448,lightgbm_walk_forward,1,ensemble,data_insufficient,,,,,,
2025-11-20,601888,0.005839644958844925,1.0,0.312,0.5145458333769719,-0.00019842230010931554,lightgbm_walk_forward,1,ensemble,data_insufficient,,,,,,
2025-11-21,000001,0.0004947561767432163,1.0,0.18900000000000006,0.5396709170297629,0.00213677354780297,lightgbm_walk_forward,1,ensemble,data_insufficient,,,,,,
2025-11-21,000333,0.014183570543497614,1.0,0.39500000000000013,0.4965302491370925,-0.0013620753629995173,lightgbm_walk_forward,1,ensemble,data_insufficient,,,,,,
2025-11-21,000858,0.017011640974427866,1.0,0.253,0.48252062462313544,0.00012488298150392977,lightgbm_walk_forward,1,ensemble,data_insufficient,,,,,,
2025-11-21,002594,-0.0010567861146645319,0.0,0.618,0.4555633037321139,-0.0033304178631064713,lightgbm_walk_forward,1,ensemble,data_insufficient,,,,,,
2025-11-21,300750,-0.01626409252659544,0.0,0.6350000000000001,0.5075296836504755,-0.002680021406314833,lightgbm_walk_forward,1,ensemble,data_insufficient,,,,,,
2025-11-21,600036,-0.005477777776322523,0.0,0.3400000000000001,0.4625933101493282,0.0017551345791824166,lightgbm_walk_forward,1,ensemble,data_insufficient,,,,,,
2025-11-21,600519,-0.007055729014225576,0.0,0.573,0.45216260548118475,-0.0006603188055126212,lightgbm_walk_forward,1,ensemble,data_insufficient,,,,,,
2025-11-21,600900,0.01471631920201788,1.0,0.25900000000000006,0.5335109878255145,-0.0002609195921018007,lightgbm_walk_forward,1,ensemble,data_insufficient,,,,,,
2025-11-21,601318,-0.016690145269785517,0.0,0.337,0.5292864026606879,0.0013569630501525892,lightgbm_walk_forward,1,ensemble,data_insufficient,,,,,,
2025-11-21,601888,-0.0016166219140261173,0.0,0.361,0.45045315230297395,0.00017388232476663244,lightgbm_walk_forward,1,ensemble,data_insufficient,,,,,,
2025-11-24,000001,-0.0002051049492957091,0.0,0.22100000000000003,0.5153215300170911,0.001926346460245794,lightgbm_walk_forward,1,ensemble,data_insufficient,,,,,,
2025-11-24,000333,0.04627891787097105,1.0,0.39,0.49761425513640145,-5.475190217565751e-05,lightgbm_walk_forward,1,ensemble,data_insufficient,,,,,,
2025-11-24,000858,-0.014028512225021106,0.0,0.2430000000000001,0.47936990440020205,-0.0008397155947680614,lightgbm_walk_forward,1,ensemble,data_insufficient,,,,,,
2025-11-24,002594,0.005852728287969011,1.0,0.67,0.4496197019818227,-0.0009916736636759896,lightgbm_walk_forward,1,ensemble,data_insufficient,,,,,,
2025-11-24,300750,-0.0034221116274918417,0.0,0.7100000000000001,0.493026366896241,-0.0005858228270379753,lightgbm_walk_forward,1,ensemble,data_insufficient,,,,,,
2025-11-24,600036,-0.006572543497617489,0.0,0.28200000000000003,0.500744640077242,0.0016073604483004622,lightgbm_walk_forward,1,ensemble,data_insufficient,,,,,,
2025-11-24,600519,-0.029595376780932714,0.0,0.54,0.4518309284514144,-0.0004759672402021459,lightgbm_walk_forward,1,ensemble,data_insufficient,,,,,,
2025-11-24,600900,-0.002319754283972575,0.0,0.18100000000000005,0.5165065234625265,0.0024522274152818015,lightgbm_walk_forward,1,ensemble,data_insufficient,,,,,,
2025-11-24,601318,-0.013615700939979214,0.0,0.39199999999999996,0.5420481777707857,0.000675588651670185,lightgbm_walk_forward,1,ensemble,data_insufficient,,,,,,
2025-11-24,601888,0.00361260785857076,1.0,0.3309999999999999,0.5136923535744994,-0.00016374136971616365,lightgbm_walk_forward,1,ensemble,data_insufficient,,,,,,
2025-11-25,000001,0.0021637051014684605,1.0,0.196,0.4971538068996384,-0.0008462496218190548,lightgbm_walk_forward,1,ensemble,data_insufficient,,,,,,
2025-11-25,000333,0.01993969654871286,1.0,0.447,0.47723010137543853,-0.0011974109052326218,lightgbm_walk_forward,1,ensemble,data_insufficient,,,,,,
2025-11-25,000858,-0.035273945033241216,0.0,0.248,0.47096947370684494,-0.0014904373686830585,lightgbm_walk_forward,1,ensemble,data_insufficient,,,,,,
2025-11-25,002594,0.032119433065692427,1.0,0.6090000000000001,0.4535565398718557,-5.266913865083584e-05,lightgbm_walk_forward,1,ensemble,data_insufficient,,,,,,
2025-11-25,300750,0.016148305270168528,1.0,0.5660000000000001,0.4776326237363711,-0.0018203088147317468,lightgbm_walk_forward,1,ensemble,data_insufficient,,,,,,
2025-11-25,600036,-0.04340987104517002,0.0,0.32000000000000006,0.5248984307557759,0.00018284596415662818,lightgbm_walk_forward,1,ensemble,data_insufficient,,,,,,
2025-11-25,600519,0.004467737778254932,1.0,0.384,0.4355040513031522,0.0012460117681800335,lightgbm_walk_forward,1,ensemble,data_insufficient,,,,,,
2025-11-25,600900,-0.037854174240745664,0.0,0.26,0.5146128414686659,0.0024522274152818015,lightgbm_walk_forward,1,ensemble,data_insufficient,,,,,,
2025-11-25,601318,0.05404132223917446,1.0,0.47999999999999987,0.527467283197552,0.0005060479782328383,lightgbm_walk_forward,1,ensemble,data_insufficient,,,,,,
2025-11-25,601888,0.01005074011461371,1.0,0.45,0.4910203568433989,-6.784288470273397e-05,lightgbm_walk_forward,1,ensemble,data_insufficient,,,,,,
2025-11-26,000001,0.015006067525691336,1.0,0.16600000000000004,0.5937693981252592,0.0010167144067672932,lightgbm_walk_forward,1,ensemble,data_insufficient,,,,,,
2025-11-26,000333,-0.002771182325923549,0.0,0.42700000000000016,0.5292143444843684,-0.002706739147658129,lightgbm_walk_forward,1,ensemble,data_insufficient,,,,,,
2025-11-26,000858,-0.03995332623610259,0.0,0.2790000000000001,0.5054891611241116,-0.003311663263343905,lightgbm_walk_forward,1,ensemble,data_insufficient,,,,,,
2025-11-26,002594,0.004459775206083538,1.0,0.68,0.40284266598246643,-0.0019048600436974126,lightgbm_walk_forward,1,ensemble,data_insufficient,,,,,,
2025-11-26,300750,0.025018218574003548,1.0,0.56,0.4825325969199751,-0.0022392841189368216,lightgbm_walk_forward,1,ensemble,data_insufficient,,,,,,
2025-11-26,600036,0.0023732824354532056,1.0,0.3190000000000001,0.5251587854897919,0.003336781754813375,lightgbm_walk_forward,1,ensemble,data_insufficient,,,,,,
2025-11-26,600519,0.009141441715598386,1.0,0.45600000000000007,0.44650051816699676,0.0007966572089547907,lightgbm_walk_forward,1,ensemble,data_insufficient,,,,,,
2025-11-26,600900,-0.011625039118520974,0.0,0.23500000000000004,0.5144746232314857,-0.0008323049640409568,lightgbm_walk_forward,1,ensemble,data_insufficient,,,,,,
2025-11-26,601318,-0.018175271302459994,0.0,0.372,0.5517410939913244,0.0027221920749415126,lightgbm_walk_forward,1,ensemble,data_insufficient,,,,,,
2025-11-26,601888,-0.007203506869391085,0.0,0.466,0.4594235345916002,0.00020240878686963464,lightgbm_walk_forward,1,ensemble,data_insufficient,,,,,,
2025-11-27,000001,0.021624608701413583,1.0,0.135,0.6219532687459169,0.0006769245043840825,lightgbm_walk_forward,1,ensemble,data_insufficient,,,,,,
2025-11-27,000333,0.022573737591512044,1.0,0.44200000000000006,0.49743467282399007,0.00010822013234662585,lightgbm_walk_forward,1,ensemble,data_insufficient,,,,,,
2025-11-27,000858,0.026739832140798114,1.0,0.19600000000000006,0.47790911207947134,0.00017082849640051763,lightgbm_walk_forward,1,ensemble,data_insufficient,,,,,,
2025-11-27,002594,0.015421534537247705,1.0,0.659,0.4284186738823602,-0.0007894987899417778,lightgbm_walk_forward,1,ensemble,data_insufficient,,,,,,
2025-11-27,300750,0.0009806206441425047,1.0,0.661,0.4709721417414223,-0.0006583447468317664,lightgbm_walk_forward,1,ensemble,data_insufficient,,,,,,
2025-11-27,600036,0.028590764972074245,1.0,0.35500000000000015,0.5676137384180893,0.003140156090761736,lightgbm_walk_forward,1,ensemble,data_insufficient,,,,,,
2025-11-27,600519,0.01715400672223799,1.0,0.4730000000000001,0.4755611842809793,0.0005065613304980723,lightgbm_walk_forward,1,ensemble,data_insufficient,,,,,,
2025-11-27,600900,-0.025710844629069585,0.0,0.183,0.5148536575451969,0.002766000088893095,lightgbm_walk_forward,1,ensemble,data_insufficient,,,,,,
2025-11-27,601318,-0.028813136006805684,0.0,0.4079999999999999,0.5491925000385275,0.0010499248345158165,lightgbm_walk_forward,1,ensemble,data_insufficient,,,,,,
2025-11-27,601888,0.015604659740943383,1.0,0.448,0.48139581149125726,-0.00021840183157085597,lightgbm_walk_forward,1,ensemble,data_insufficient,,,,,,
2025-11-28,000001,-0.0246233778898316,0.0,0.14300000000000002,0.49945803762992225,-0.0038312085876705646,lightgbm_walk_forward,1,ensemble,data_insufficient,,,,,,
2025-11-28,000333,0.009892878302947938,1.0,0.49500000000000005,0.45093504828924785,-0.002893814675860137,lightgbm_walk_forward,1,ensemble,data_insufficient,,,,,,
2025-11-28,000858,-0.005838744228454651,0.0,0.2830000000000001,0.5172128986177104,-0.001611442429386903,lightgbm_walk_forward,1,ensemble,data_insufficient,,,,,,
2025-11-28,002594,-0.0032335041166270395,0.0,0.588,0.48180761046015924,-0.001040527990065258,lightgbm_walk_forward,1,ensemble,data_insufficient,,,,,,
2025-11-28,300750,0.02599487475151996,1.0,0.667,0.4651998908384148,-0.0030580120501284736,lightgbm_walk_forward,1,ensemble,data_insufficient,,,,,,
2025-11-28,600036,-0.006616056045031571,0.0,0.356,0.49757243644445837,0.0028084949332656643,lightgbm_walk_forward,1,ensemble,data_insufficient,,,,,,
2025-11-28,600519,0.011369892868377862,1.0,0.443,0.4142730306565374,0.00047844463940627274,lightgbm_walk_forward,1,ensemble,data_insufficient,,,,,,
2025-11-28,600900,0.013228397332747832,1.0,0.181,0.6023515917367207,0.0006763086395400391,lightgbm_walk_forward,1,ensemble,data_insufficient,,,,,,
2025-11-28,601318,-0.012723341180037262,0.0,0.38399999999999995,0.5592429861070533,0.0002561031458201865,lightgbm_walk_forward,1,ensemble,data_insufficient,,,,,,
2025-11-28,601888,0.0112715708024691,1.0,0.42,0.4786657551950992,-1.3326198504429436e-05,lightgbm_walk_forward,1,ensemble,data_insufficient,,,,,,
2025-12-01,000001,0.02288696534999124,1.0,0.09800000000000003,0.5085136656839379,-0.0016673622066340904,lightgbm_walk_forward,1,ensemble,data_insufficient,,,,,,
2025-12-01,000333,0.0035103531977520586,1.0,0.4500000000000001,0.5197370260344342,-0.0004739402357539186,lightgbm_walk_forward,1,ensemble,data_insufficient,,,,,,
2025-12-01,000858,0.0173202786928357,1.0,0.306,0.4870235197257926,-0.003318786048569766,lightgbm_walk_forward,1,ensemble,data_insufficient,,,,,,
2025-12-01,002594,-0.01378142842498431,0.0,0.5619999999999999,0.4518185090052017,-0.0005872312631970925,lightgbm_walk_forward,1,ensemble,data_insufficient,,,,,,
2025-12-01,300750,0.005220969615489457,1.0,0.556,0.4680370395209976,-0.0007457471903010611,lightgbm_walk_forward,1,ensemble,data_insufficient,,,,,,
2025-12-01,600036,0.01632185198517533,1.0,0.332,0.5484674947472283,0.0032535600717888266,lightgbm_walk_forward,1,ensemble,data_insufficient,,,,,,
2025-12-01,600519,-0.027827820250855173,0.0,0.559,0.4142730306565374,-0.00010249966868161875,lightgbm_walk_forward,1,ensemble,data_insufficient,,,,,,
2025-12-01,600900,-0.00843469829155874,0.0,0.197,0.5699372679745316,0.0026730231269684337,lightgbm_walk_forward,1,ensemble,data_insufficient,,,,,,
2025-12-01,601318,-0.007762235508809501,0.0,0.3719999999999999,0.5492819406863728,0.0010220934784677751,lightgbm_walk_forward,1,ensemble,data_insufficient,,,,,,
2025-12-01,601888,-0.02131629242789823,0.0,0.528,0.46701692058324623,0.0009121426182855982,lightgbm_walk_forward,1,ensemble,data_insufficient,,,,,,
2025-12-02,000001,-0.02025827992076601,0.0,0.05199999999999998,0.5324716082496155,-0.0018509673841123925,lightgbm_walk_forward,1,ensemble,data_insufficient,,,,,,
2025-12-02,000333,-0.004169765997307562,0.0,0.41200000000000003,0.535925963396455,-0.000899758429615106,lightgbm_walk_forward,1,ensemble,data_insufficient,,,,,,
2025-12-02,000858,0.005557939119633204,1.0,0.36500000000000005,0.5052141007218465,-0.0013025284285873866,lightgbm_walk_forward,1,ensemble,data_insufficient,,,,,,
2025-12-02,002594,-0.02175788992129657,0.0,0.6150000000000001,0.466982380706824,-0.0007005680918361313,lightgbm_walk_forward,1,ensemble,data_insufficient,,,,,,
2025-12-02,300750,-0.006402302084932199,0.0,0.6140000000000001,0.5404568371909051,0.0005029376816240612,lightgbm_walk_forward,1,ensemble,data_insufficient,,,,,,
2025-12-02,600036,0.01610061490760284,1.0,0.25399999999999995,0.5959210059276805,0.0024092565947569297,lightgbm_walk_forward,1,ensemble,data_insufficient,,,,,,
2025-12-02,600519,0.021751089153467573,1.0,0.5589999999999999,0.4580989484611887,0.0010557701588622332,lightgbm_walk_forward,1,ensemble,data_insufficient,,,,,,
2025-12-02,600900,0.0038117897797924627,1.0,0.22000000000000003,0.5198598649724709,-0.00291107537089422,lightgbm_walk_forward,1,ensemble,data_insufficient,,,,,,
2025-12-02,601318,-0.028760040933771602,0.0,0.356,0.5521651525290577,-0.0016276649882691419,lightgbm_walk_forward,1,ensemble,data_insufficient,,,,,,
2025-12-02,601888,0.03945255596885744,1.0,0.5130000000000001,0.5089730836025168,0.0007266169922790271,lightgbm_walk_forward,1,ensemble,data_insufficient,,,,,,
2025-12-03,000001,-0.006304016122134604,0.0,0.060999999999999985,0.4837700920623935,0.00035341504773646294,lightgbm_walk_forward,1,ensemble,data_insufficient,,,,,,
2025-12-03,000333,-0.0068597271992102415,0.0,0.389,0.5025524527667549,0.0012650033375993395,lightgbm_walk_forward,1,ensemble,data_insufficient,,,,,,
2025-12-03,000858,-0.00047373860813615387,0.0,0.39100000000000007,0.5020008968372444,-0.0011517076879517813,lightgbm_walk_forward,1,ensemble,data_insufficient,,,,,,
2025-12-03,002594,0.01022276337106165,1.0,0.561,0.5863438347496819,0.0018948802160761215,lightgbm_walk_forward,1,ensemble,data_insufficient,,,,,,
2025-12-03,300750,-0.03021118987528104,0.0,0.5930000000000001,0.5026549400386856,0.0005136424899074814,lightgbm_walk_forward,1,ensemble,data_insufficient,,,,,,
2025-12-03,600036,0.01605284190994749,1.0,0.17400000000000004,0.46990993832349826,-4.1959031878318164e-05,lightgbm_walk_forward,1,ensemble,data_insufficient,,,,,,
2025-12-03,600519,-0.023982604802016083,0.0,0.5320000000000001,0.4700106426021298,-0.0004546085354778954,lightgbm_walk_forward,1,ensemble,data_insufficient,,,,,,
2025-12-03,600900,-0.03214824076793987,0.0,0.22599999999999998,0.5301038594683942,-0.0019975049374592285,lightgbm_walk_forward,1,ensemble,data_insufficient,,,,,,
2025-12-03,601318,-0.020394389493759713,0.0,0.406,0.5158781961411527,0.0015130769267211075,lightgbm_walk_forward,1,ensemble,data_insufficient,,,,,,
2025-12-03,601888,0.01553569109740005,1.0,0.627,0.5187175251675454,6.80803609063403e-05,lightgbm_walk_forward,1,ensemble,data_insufficient,,,,,,
2025-12-04,000001,0.009048137603221651,1.0,0.09199999999999996,0.4435131625198389,-0.0014288489570888278,lightgbm_walk_forward,1,ensemble,data_insufficient,,,,,,
2025-12-04,000333,-0.027794251098015366,0.0,0.398,0.5428169266134945,0.0011189724198368165,lightgbm_walk_forward,1,ensemble,data_insufficient,,,,,,
2025-12-04,000858,-0.009398507704574066,0.0,0.34400000000000003,0.4660018088295425,-0.0013113439952444038,lightgbm_walk_forward,1,ensemble,data_insufficient,,,,,,
2025-12-04,002594,0.0049426040060849274,1.0,0.7000000000000001,0.4526310115965857,0.000565905399951774,lightgbm_walk_forward,1,ensemble,data_insufficient,,,,,,
2025-12-04,300750,-0.012160885829192503,0.0,0.549,0.527188175888556,0.0006736078802620171,lightgbm_walk_forward,1,ensemble,data_insufficient,,,,,,
2025-12-04,600036,-0.04633331234133686,0.0,0.183,0.5412754303242884,-0.0004729768256034877,lightgbm_walk_forward,1,ensemble,data_insufficient,,,,,,
2025-12-04,600519,-0.024049739995790742,0.0,0.522,0.4919321318361755,0.00036295797764891523,lightgbm_walk_forward,1,ensemble,data_insufficient,,,,,,
2025-12-04,600900,-0.007376323002047269,0.0,0.203,0.6052488978044797,0.0016976948467498864,lightgbm_walk_forward,1,ensemble,data_insufficient,,,,,,
2025-12-04,601318,-0.010438145629636741,0.0,0.332,0.4882661534003078,0.0011414495567982062,lightgbm_walk_forward,1,ensemble,data_insufficient,,,,,,
2025-12-04,601888,-0.017368908570048136,0.0,0.637,0.5769642711504803,0.0018591854179405467,lightgbm_walk_forward,1,ensemble,data_insufficient,,,,,,
2025-12-05,000001,0.010138358650772616,1.0,0.06799999999999999,0.532030031873742,0.0010183816457173555,lightgbm_walk_forward,1,ensemble,data_insufficient,,,,,,
2025-12-05,000333,0.005087936204912991,1.0,0.47300000000000003,0.5523943102697946,0.0012349406126953308,lightgbm_walk_forward,1,ensemble,data_insufficient,,,,,,
2025-12-05,000858,0.016907629087724807,1.0,0.353,0.524807686255324,-0.0012565678140908385,lightgbm_walk_forward,1,ensemble,data_insufficient,,,,,,
2025-12-05,002594,0.009754178074919073,1.0,0.7090000000000001,0.44495517717339034,-7.812675229135267e-05,lightgbm_walk_forward,1,ensemble,data_insufficient,,,,,,
2025-12-05,300750,-0.01498957366284892,0.0,0.527,0.5389654460595249,0.0015548193421780743,lightgbm_walk_forward,1,ensemble,data_insufficient,,,,,,
2025-12-05,600036,-0.0068473095048289245,0.0,0.141,0.5438561145787412,0.0008959894104634743,lightgbm_walk_forward,1,ensemble,data_insufficient,,,,,,
2025-12-05,600519,0.03867024872678737,1.0,0.49100000000000016,0.47002315953815266,0.0011371419026125738,lightgbm_walk_forward,1,ensemble,data_insufficient,,,,,,
2025-12-05,600900,0.017930565691333777,1.0,0.17100000000000004,0.6167170858233477,0.0022038812726501334,lightgbm_walk_forward,1,ensemble,data_insufficient,,,,,,
2025-12-05,601318,0.017998673459813208,1.0,0.3739999999999999,0.5320125755660624,0.00196911146395341,lightgbm_walk_forward,1,ensemble,data_insufficient,,,,,,
2025-12-05,601888,-0.04160399635447032,0.0,0.653,0.4780336869476553,0.001959575691344232,lightgbm_walk_forward,1,ensemble,data_insufficient,,,,,,
2025-12-08,000001,0.015363143433249515,1.0,0.07699999999999999,0.5096111307030737,-0.0013787661757993697,lightgbm_walk_forward,1,ensemble,data_insufficient,,,,,,
2025-12-08,000333,-0.02289358999889568,0.0,0.6630000000000001,0.5518968181507101,0.0006459418109745239,lightgbm_walk_forward,1,ensemble,data_insufficient,,,,,,
2025-12-08,000858,0.014375482754711122,1.0,0.37799999999999995,0.5052061644783081,-0.003138492477622655,lightgbm_walk_forward,1,ensemble,data_insufficient,,,,,,
2025-12-08,002594,0.038089598001402436,1.0,0.721,0.44096114898929956,0.0004319542662119328,lightgbm_walk_forward,1,ensemble,data_insufficient,,,,,,
2025-12-08,300750,0.004118881333295077,1.0,0.5200000000000001,0.5049843515194443,0.0008496342184439834,lightgbm_walk_forward,1,ensemble,data_insufficient,,,,,,
2025-12-08,600036,0.022589702477533002,1.0,0.093,0.574064239931381,0.002124495148143287,lightgbm_walk_forward,1,ensemble,data_insufficient,,,,,,
2025-12-08,600519,0.004217473928882054,1.0,0.48299999999999993,0.4845982458249575,-0.0008296810025892031,lightgbm_walk_forward,1,ensemble,data_insufficient,,,,,,
2025-12-08,600900,0.00784113719679902,1.0,0.113,0.6031460695850046,0.0006265909879567061,lightgbm_walk_forward,1,ensemble,data_insufficient,,,,,,
2025-12-08,601318,0.00016933538285668348,1.0,0.369,0.4586732228377884,-0.0017692491405103988,lightgbm_walk_forward,1,ensemble,data_insufficient,,,,,,
2025-12-08,601888,0.034008330420726596,1.0,0.5429999999999999,0.5544919148420081,0.0012094677674061923,lightgbm_walk_forward,1,ensemble,data_insufficient,,,,,,
2025-12-09,000001,0.005409660787794257,1.0,0.13399999999999995,0.47900447896173476,0.003519908041308248,lightgbm_walk_forward,1,ensemble,data_insufficient,,,,,,
2025-12-09,000333,0.010597689472335192,1.0,0.664,0.5605213062618618,-0.0010284061597391533,lightgbm_walk_forward,1,ensemble,data_insufficient,,,,,,
2025-12-09,000858,0.01155777058908325,1.0,0.404,0.49346088014996725,-0.002258921827850005,lightgbm_walk_forward,1,ensemble,data_insufficient,,,,,,
2025-12-09,002594,-0.026448775476795916,0.0,0.634,0.5454451826231471,0.0010865702887266795,lightgbm_walk_forward,1,ensemble,data_insufficient,,,,,,
2025-12-09,300750,0.013276185142005126,1.0,0.5120000000000001,0.5112420649618397,0.0005186434767120364,lightgbm_walk_forward,1,ensemble,data_insufficient,,,,,,
2025-12-09,600036,-0.04082643887153581,0.0,0.171,0.4671555452271053,-2.064674029130982e-05,lightgbm_walk_forward,1,ensemble,data_insufficient,,,,,,
2025-12-09,600519,-0.012419293480735116,0.0,0.48200000000000004,0.49899212584821656,8.941190680262686e-05,lightgbm_walk_forward,1,ensemble,data_insufficient,,,,,,
2025-12-09,600900,-0.00963479258366029,0.0,0.125,0.5624616500353011,0.0012526688726505455,lightgbm_walk_forward,1,ensemble,data_insufficient,,,,,,
2025-12-09,601318,0.013989788065578601,1.0,0.356,0.49939672559002746,-0.0017961174540848167,lightgbm_walk_forward,1,ensemble,data_insufficient,,,,,,
2025-12-09,601888,0.011893888441835365,1.0,0.47800000000000004,0.5379472237056933,-0.00043020973762187897,lightgbm_walk_forward,1,ensemble,data_insufficient,,,,,,
2025-12-10,000001,-0.018780484261877284,0.0,0.28300000000000003,0.5126093881288701,0.0008995449956827146,lightgbm_walk_forward,1,ensemble,data_insufficient,,,,,,
2025-12-10,000333,-0.001819537471972943,0.0,0.7070000000000002,0.5114980601708045,0.0005410479744183735,lightgbm_walk_forward,1,ensemble,data_insufficient,,,,,,
2025-12-10,000858,-0.014191718800189879,0.0,0.398,0.4862531015150506,-0.0005288541466168128,lightgbm_walk_forward,1,ensemble,data_insufficient,,,,,,
2025-12-10,002594,-0.015802098285307764,0.0,0.506,0.5093757063651936,0.0004327629847257491,lightgbm_walk_forward,1,ensemble,data_insufficient,,,,,,
2025-12-10,300750,0.022939531238487687,1.0,0.5980000000000002,0.533118344252769,0.0009914594300238838,lightgbm_walk_forward,1,ensemble,data_insufficient,,,,,,
2025-12-10,600036,-0.0242837550071906,0.0,0.16000000000000006,0.548033685615117,-0.0006086289930254404,lightgbm_walk_forward,1,ensemble,data_insufficient,,,,,,
2025-12-10,600519,-0.0017120395029880386,0.0,0.3759999999999999,0.4981467152004703,-0.0004032962979883192,lightgbm_walk_forward,1,ensemble,data_insufficient,,,,,,
2025-12-10,600900,-0.02515992468313888,0.0,0.14600000000000002,0.554932516744186,0.001956162190014781,lightgbm_walk_forward,1,ensemble,data_insufficient,,,,,,
2025-12-10,601318,0.02129091420553819,1.0,0.23,0.527696480612443,-0.00045860183930629075,lightgbm_walk_forward,1,ensemble,data_insufficient,,,,,,
2025-12-10,601888,-0.00020984194870488082,0.0,0.556,0.5025893988535879,1.1719770158280763e-05,lightgbm_walk_forward,1,ensemble,data_insufficient,,,,,,
2025-12-11,000001,0.007385354900305341,1.0,0.21400000000000002,0.5096341135262338,0.0026912930534514147,lightgbm_walk_forward,1,ensemble,data_insufficient,,,,,,
2025-12-11,000333,0.014824352012529518,1.0,0.7040000000000001,0.5096630454801696,0.0006930207139008891,lightgbm_walk_forward,1,ensemble,data_insufficient,,,,,,
2025-12-11,000858,-0.006230171487172087,0.0,0.26,0.49519641745201404,-0.00031355697354252713,lightgbm_walk_forward,1,ensemble,data_insufficient,,,,,,
2025-12-11,002594,-0.0051186124780036035,0.0,0.7100000000000001,0.4806860192111635,0.0020620037491118006,lightgbm_walk_forward,1,ensemble,data_insufficient,,,,,,
2025-12-11,300750,-0.003384593318464524,0.0,0.5720000000000002,0.531571276727998,0.0006643129755938298,lightgbm_walk_forward,1,ensemble,data_insufficient,,,,,,
2025-12-11,600036,-0.02032877642157216,0.0,0.1320000000000001,0.5319012416660233,0.0024767186654986546,lightgbm_walk_forward,1,ensemble,data_insufficient,,,,,,
2025-12-11,600519,0.048915386615721035,1.0,0.374,0.48721884445212627,-0.0004925274451561978,lightgbm_walk_forward,1,ensemble,data_insufficient,,,,,,
2025-12-11,600900,-0.0020921460716736284,0.0,0.15500000000000003,0.5167414905312934,-4.5127727782247814e-05,lightgbm_walk_forward,1,ensemble,data_insufficient,,,,,,
2025-12-11,601318,-0.018791422168439098,0.0,0.28900000000000003,0.4686681463979912,-0.0012243517197492396,lightgbm_walk_forward,1,ensemble,data_insufficient,,,,,,
2025-12-11,601888,-0.016550563633672355,0.0,0.5499999999999998,0.523483005626461,0.0013932201942901915,lightgbm_walk_forward,1,ensemble,data_insufficient,,,,,,
2025-12-12,000001,0.016155242105887035,1.0,0.32500000000000007,0.5095717350105495,-0.0014456619080029144,lightgbm_walk_forward,1,ensemble,data_insufficient,,,,,,
2025-12-12,000333,-0.0069386101223763985,0.0,0.7010000000000002,0.49774339145442154,0.0009593859382542765,lightgbm_walk_forward,1,ensemble,data_insufficient,,,,,,
2025-12-12,000858,0.0069747926242722524,1.0,0.281,0.47054258652539405,-0.0005721869823187397,lightgbm_walk_forward,1,ensemble,data_insufficient,,,,,,
2025-12-12,002594,-0.010324926084941066,0.0,0.632,0.45779988638727387,0.002807277169232251,lightgbm_walk_forward,1,ensemble,data_insufficient,,,,,,
2025-12-12,300750,0.007280349442163381,1.0,0.5600000000000002,0.5174153856529362,0.0012315838045609457,lightgbm_walk_forward,1,ensemble,data_insufficient,,,,,,
2025-12-12,600036,-0.0009491525960281244,0.0,0.14600000000000002,0.5799898555721399,0.0020752388168131684,lightgbm_walk_forward,1,ensemble,data_insufficient,,,,,,
2025-12-12,600519,0.01252125563077744,1.0,0.3470000000000001,0.5117885607306647,0.0011401759748775984,lightgbm_walk_forward,1,ensemble,data_insufficient,,,,,,
2025-12-12,600900,-0.013819015497961717,0.0,0.187,0.5681874997337667,-9.928207757117586e-05,lightgbm_walk_forward,1,ensemble,data_insufficient,,,,,,
2025-12-12,601318,-0.012746123214373295,0.0,0.281,0.5313380385482208,0.0009443334457974493,lightgbm_walk_forward,1,ensemble,data_insufficient,,,,,,
2025-12-12,601888,0.008633806021590695,1.0,0.5,0.5002155439145857,0.0013387402666856574,lightgbm_walk_forward,1,ensemble,data_insufficient,,,,,,
2025-12-15,000001,0.02000652398647773,1.0,0.33699999999999997,0.4257068918502853,0.0019523976052527314,lightgbm_walk_forward,1,ensemble,data_insufficient,,,,,,
2025-12-15,000333,0.013191556471634724,1.0,0.7440000000000001,0.5186003774904407,0.0005308984972193165,lightgbm_walk_forward,1,ensemble,data_insufficient,,,,,,
2025-12-15,000858,0.029163417747493092,1.0,0.2849999999999999,0.5010222813213658,-0.00012214291065142896,lightgbm_walk_forward,1,ensemble,data_insufficient,,,,,,
2025-12-15,002594,0.013751448724259152,1.0,0.5920000000000001,0.46939920521405176,0.0016174194610289235,lightgbm_walk_forward,1,ensemble,data_insufficient,,,,,,
2025-12-15,300750,0.02557601469083637,1.0,0.5120000000000001,0.4988041766248775,0.0005828026467327428,lightgbm_walk_forward,1,ensemble,data_insufficient,,,,,,
2025-12-15,600036,0.02089207552580974,1.0,0.202,0.5722950365262969,0.005182925206695257,lightgbm_walk_forward,1,ensemble,data_insufficient,,,,,,
2025-12-15,600519,-0.012004462812049699,0.0,0.3890000000000001,0.4503695240485438,0.0011401759748775984,lightgbm_walk_forward,1,ensemble,data_insufficient,,,,,,
2025-12-15,600900,0.021299721271122563,1.0,0.198,0.5792620689968818,-0.0006894271275447707,lightgbm_walk_forward,1,ensemble,data_insufficient,,,,,,
2025-12-15,601318,-0.0008267891110631531,0.0,0.25300000000000006,0.5129684228174543,-0.0014806256041420794,lightgbm_walk_forward,1,ensemble,data_insufficient,,,,,,
2025-12-15,601888,0.020274233087369753,1.0,0.448,0.5205287937316727,0.0014499157080432046,lightgbm_walk_forward,1,ensemble,data_insufficient,,,,,,
2025-12-16,000001,0.023826397937242394,1.0,0.43199999999999994,0.4143331633677112,-9.757939768649456e-05,lightgbm_walk_forward,1,ensemble,data_insufficient,,,,,,
2025-12-16,000333,-0.038925712023485604,0.0,0.6410000000000001,0.5121908173139987,0.0007299178781732689,lightgbm_walk_forward,1,ensemble,data_insufficient,,,,,,
2025-12-16,000858,0.015280980477524464,1.0,0.305,0.5167621948779603,-0.001042822088150684,lightgbm_walk_forward,1,ensemble,data_insufficient,,,,,,
2025-12-16,002594,-0.0061966568522952015,0.0,0.573,0.5313578113947945,0.0016846686193781127,lightgbm_walk_forward,1,ensemble,data_insufficient,,,,,,
2025-12-16,300750,-0.0379835494529136,0.0,0.6210000000000001,0.5607735049048133,-0.0009586600754656864,lightgbm_walk_forward,1,ensemble,data_insufficient,,,,,,
2025-12-16,600036,-0.0015989730144692071,0.0,0.24800000000000005,0.5022466866611784,0.002661645528868389,lightgbm_walk_forward,1,ensemble,data_insufficient,,,,,,
2025-12-16,600519,0.02045984912509846,1.0,0.253,0.4599941782623499,0.0014511997056335507,lightgbm_walk_forward,1,ensemble,data_insufficient,,,,,,
2025-12-16,600900,0.020834677195369355,1.0,0.183,0.6360991095633803,0.0028565510544297365,lightgbm_walk_forward,1,ensemble,data_insufficient,,,,,,
2025-12-16,601318,-0.01766927868153012,0.0,0.25500000000000006,0.506363342903466,0.0009620220979912633,lightgbm_walk_forward,1,ensemble,data_insufficient,,,,,,
2025-12-16,601888,0.002375334458692535,1.0,0.4490000000000001,0.5101789708014061,0.00041671121731402485,lightgbm_walk_forward,1,ensemble,data_insufficient,,,,,,
2025-12-17,000001,-0.01657486584819634,0.0,0.449,0.4642074936281496,-3.4395941447900004e-05,lightgbm_walk_forward,1,ensemble,data_insufficient,,,,,,
2025-12-17,000333,-0.027720245919431008,0.0,0.557,0.5022486513471325,0.0010303591391729254,lightgbm_walk_forward,1,ensemble,data_insufficient,,,,,,
2025-12-17,000858,-0.0021636402045227543,0.0,0.3520000000000001,0.48666042597455567,-0.0013817671938071681,lightgbm_walk_forward,1,ensemble,data_insufficient,,,,,,
2025-12-17,002594,0.028261741578505584,1.0,0.596,0.5081120618283463,0.0012474799838974489,lightgbm_walk_forward,1,ensemble,data_insufficient,,,,,,
2025-12-17,300750,-0.001668001240132555,0.0,0.5390000000000003,0.5431911812404701,-0.0012801439532771992,lightgbm_walk_forward,1,ensemble,data_insufficient,,,,,,
2025-12-17,600036,0.0014816970962634457,1.0,0.22300000000000003,0.5271145796645204,0.0013311637727162668,lightgbm_walk_forward,1,ensemble,data_insufficient,,,,,,
2025-12-17,600519,0.0019611371327183935,1.0,0.3840000000000001,0.4900250762948419,0.001562700688602286,lightgbm_walk_forward,1,ensemble,data_insufficient,,,,,,
2025-12-17,600900,-0.009198397034600014,0.0,0.159,0.643270200754127,0.003720371489350841,lightgbm_walk_forward,1,ensemble,data_insufficient,,,,,,
2025-12-17,601318,0.017609288688838154,1.0,0.256,0.4756118816436408,0.0011915419589239448,lightgbm_walk_forward,1,ensemble,data_insufficient,,,,,,
2025-12-17,601888,-0.004577435272729691,0.0,0.4449999999999999,0.49969044161773735,2.3842747722361708e-05,lightgbm_walk_forward,1,ensemble,data_insufficient,,,,,,
2025-12-18,000001,0.023962643550486717,1.0,0.507,0.4750404723087931,0.000791477860701221,lightgbm_walk_forward,1,ensemble,data_insufficient,,,,,,
2025-12-18,000333,0.005232503502594188,1.0,0.49299999999999994,0.50594403012704,0.00039704042892991414,lightgbm_walk_forward,1,ensemble,data_insufficient,,,,,,
2025-12-18,000858,0.016428254665483477,1.0,0.35800000000000004,0.4756943029358378,4.8371853053800736e-05,lightgbm_walk_forward,1,ensemble,data_insufficient,,,,,,
2025-12-18,002594,-0.006036099852408938,0.0,0.5539999999999999,0.5074970578174389,0.0011734807364022777,lightgbm_walk_forward,1,ensemble,data_insufficient,,,,,,
2025-12-18,300750,0.013186142825522662,1.0,0.48200000000000015,0.5074897306627635,-0.0026699019714437767,lightgbm_walk_forward,1,ensemble,data_insufficient,,,,,,
2025-12-18,600036,0.004123604642256584,1.0,0.23500000000000004,0.4711880988088659,-0.0003390066874029311,lightgbm_walk_forward,1,ensemble,data_insufficient,,,,,,
2025-12-18,600519,0.018637421551229494,1.0,0.3660000000000001,0.44547904372873603,0.0013131521577039512,lightgbm_walk_forward,1,ensemble,data_insufficient,,,,,,
2025-12-18,600900,-0.0013341653696203881,0.0,0.142,0.6409879265001923,0.002975421008159717,lightgbm_walk_forward,1,ensemble,data_insufficient,,,,,,
2025-12-18,601318,-0.002129873497646817,0.0,0.263,0.49848902965378183,0.0005410771347870488,lightgbm_walk_forward,1,ensemble,data_insufficient,,,,,,
2025-12-18,601888,0.02621787725460134,1.0,0.5600000000000002,0.4956974409973288,0.0006504409147786932,lightgbm_walk_forward,1,ensemble,data_insufficient,,,,,,
2025-12-19,000001,-0.021280265789182184,0.0,0.494,0.4042754010423391,-0.003700776841803933,lightgbm_walk_forward,1,ensemble,data_insufficient,,,,,,
2025-12-19,000333,0.03274629816329089,1.0,0.42500000000000016,0.5017548466035044,0.00015773610206735482,lightgbm_walk_forward,1,ensemble,data_insufficient,,,,,,
2025-12-19,000858,-0.011886750024658665,0.0,0.37100000000000005,0.483038602596828,-0.0008514156553566261,lightgbm_walk_forward,1,ensemble,data_insufficient,,,,,,
2025-12-19,002594,0.0029739185414532354,1.0,0.618,0.5421517678231714,0.0007993793088278675,lightgbm_walk_forward,1,ensemble,data_insufficient,,,,,,
2025-12-19,300750,0.013822479938963239,1.0,0.43200000000000005,0.5155621072087825,7.941584317546159e-05,lightgbm_walk_forward,1,ensemble,data_insufficient,,,,,,
2025-12-19,600036,-0.01206394368596253,0.0,0.1770000000000001,0.47038668046543497,-0.0010406622080461523,lightgbm_walk_forward,1,ensemble,data_insufficient,,,,,,
2025-12-19,600519,0.00205630355315356,1.0,0.46499999999999997,0.48152427256899744,0.0018766745290743942,lightgbm_walk_forward,1,ensemble,data_insufficient,,,,,,
2025-12-19,600900,-0.0019648135113047305,0.0,0.21200000000000002,0.6672138656053607,0.0007060212466464521,lightgbm_walk_forward,1,ensemble,data_insufficient,,,,,,
2025-12-19,601318,-0.004652426155340894,0.0,0.269,0.48795427557567317,0.0005605525510337216,lightgbm_walk_forward,1,ensemble,data_insufficient,,,,,,
2025-12-19,601888,0.011356041828711971,1.0,0.49700000000000016,0.5300376438020459,0.002831498185424146,lightgbm_walk_forward,1,ensemble,data_insufficient,,,,,,
2025-12-22,000001,-0.0016793188322737906,0.0,0.5710000000000001,0.3981589810996936,-0.00042150166010013424,lightgbm_walk_forward,1,ensemble,data_insufficient,,,,,,
2025-12-22,000333,0.005248608296570367,1.0,0.524,0.49127029699665925,0.0009188680441083283,lightgbm_walk_forward,1,ensemble,data_insufficient,,,,,,
2025-12-22,000858,0.015183997085122858,1.0,0.281,0.4629488846920413,5.48193303620513e-05,lightgbm_walk_forward,1,ensemble,data_insufficient,,,,,,
2025-12-22,002594,0.0034632976767967616,1.0,0.5140000000000001,0.5188231471281606,0.0020778076237709265,lightgbm_walk_forward,1,ensemble,data_insufficient,,,,,,
2025-12-22,300750,0.027695561057331952,1.0,0.4960000000000001,0.49396866290532376,8.228471079306682e-05,lightgbm_walk_forward,1,ensemble,data_insufficient,,,,,,
2025-12-22,600036,0.0061088676826306365,1.0,0.187,0.47307586799609014,-0.0007083424234659658,lightgbm_walk_forward,1,ensemble,data_insufficient,,,,,,
2025-12-22,600519,-0.016767913384138744,0.0,0.42900000000000005,0.494749470527687,0.00040590264258316987,lightgbm_walk_forward,1,ensemble,data_insufficient,,,,,,
2025-12-22,600900,-0.016107641355236124,0.0,0.18100000000000005,0.5801178663337956,0.0022741418708604956,lightgbm_walk_forward,1,ensemble,data_insufficient,,,,,,
2025-12-22,601318,-0.011064911194734406,0.0,0.30800000000000005,0.4599399625574679,-0.0003992092744713453,lightgbm_walk_forward,1,ensemble,data_insufficient,,,,,,
2025-12-22,601888,0.0007721647796861131,1.0,0.46900000000000014,0.5331063224285499,0.0020809115407021553,lightgbm_walk_forward,1,ensemble,data_insufficient,,,,,,
2025-12-23,000001,-0.003304760329567835,0.0,0.505,0.40936657442839486,-0.0015150686546533236,lightgbm_walk_forward,1,ensemble,data_insufficient,,,,,,
2025-12-23,000333,-0.036872184957201015,0.0,0.47200000000000003,0.44637305732365096,0.0008398601234493149,lightgbm_walk_forward,1,ensemble,data_insufficient,,,,,,
2025-12-23,000858,-0.025777447376045592,0.0,0.27800000000000014,0.46131764134898895,0.0001789123448032851,lightgbm_walk_forward,1,ensemble,data_insufficient,,,,,,
2025-12-23,002594,0.01352848045355226,1.0,0.549,0.5252115227205442,6.644441606632322e-05,lightgbm_walk_forward,1,ensemble,data_insufficient,,,,,,
2025-12-23,300750,-0.006457816668799854,0.0,0.5660000000000002,0.5048564678878527,0.00023529364486556776,lightgbm_walk_forward,1,ensemble,data_insufficient,,,,,,
2025-12-23,600036,0.01908568835532254,1.0,0.22700000000000004,0.4732979209110178,-0.0006258874567247821,lightgbm_walk_forward,1,ensemble,data_insufficient,,,,,,
2025-12-23,600519,0.01568878044492994,1.0,0.37199999999999994,0.507624078115149,0.0012802228425010634,lightgbm_walk_forward,1,ensemble,data_insufficient,,,,,,
2025-12-23,600900,0.006035296651296207,1.0,0.20600000000000007,0.6083385932630447,0.0030933489717534335,lightgbm_walk_forward,1,ensemble,data_insufficient,,,,,,
2025-12-23,601318,-0.03187479415831984,0.0,0.263,0.5121470402608166,0.0008106631684237977,lightgbm_walk_forward,1,ensemble,data_insufficient,,,,,,
2025-12-23,601888,0.01802908254993585,1.0,0.522,0.554626779996477,0.0010409507666814559,lightgbm_walk_forward,1,ensemble,data_insufficient,,,,,,
2025-12-24,000001,0.002198182545966487,1.0,0.5130000000000001,0.4435170404463352,-0.00040310159951120484,lightgbm_walk_forward,1,ensemble,data_insufficient,,,,,,
2025-12-24,000333,0.04814930250114191,1.0,0.3620000000000001,0.5060534576665026,0.00019070561345229783,lightgbm_walk_forward,1,ensemble,data_insufficient,,,,,,
2025-12-24,000858,0.037178159553435064,1.0,0.42299999999999993,0.4446534927227746,0.001464465346678361,lightgbm_walk_forward,1,ensemble,data_insufficient,,,,,,
2025-12-24,002594,-0.013320546759777674,0.0,0.4920000000000001,0.49594144915721244,-0.00016825749228929876,lightgbm_walk_forward,1,ensemble,data_insufficient,,,,,,
2025-12-24,300750,0.00144427234452138,1.0,0.41200000000000003,0.5056376183140233,0.0007269295835636258,lightgbm_walk_forward,1,ensemble,data_insufficient,,,,,,
2025-12-24,600036,0.0011812812273337414,1.0,0.20600000000000002,0.48795297723542147,-0.00102121813844254,lightgbm_walk_forward,1,ensemble,data_insufficient,,,,,,
2025-12-24,600519,-0.01114703435594988,0.0,0.4380000000000001,0.49384521975781304,0.0007691527814003109,lightgbm_walk_forward,1,ensemble,data_insufficient,,,,,,
2025-12-24,600900,-0.028138271716609542,0.0,0.263,0.5826053568437997,0.0019090057887098469,lightgbm_walk_forward,1,ensemble,data_insufficient,,,,,,
2025-12-24,601318,-0.008916390603221247,0.0,0.38999999999999996,0.5194720755807537,0.0022356930721079676,lightgbm_walk_forward,1,ensemble,data_insufficient,,,,,,
2025-12-24,601888,0.007802243693964428,1.0,0.461,0.5256634665219542,0.0029938087479403058,lightgbm_walk_forward,1,ensemble,data_insufficient,,,,,,
2025-12-25,000001,-0.017495026379282796,0.0,0.4970000000000001,0.49798821530211235,-4.6984789832819214e-05,lightgbm_walk_forward,1,ensemble,data_insufficient,,,,,,
2025-12-25,000333,0.005314683233088813,1.0,0.2420000000000001,0.5466038730135053,0.0008261301781894027,lightgbm_walk_forward,1,ensemble,data_insufficient,,,,,,
2025-12-25,000858,-0.006256750030931402,0.0,0.6060000000000001,0.4704340984158237,0.00021694336838005656,lightgbm_walk_forward,1,ensemble,data_insufficient,,,,,,
2025-12-25,002594,0.02531758917469462,1.0,0.513,0.5200844626745801,-0.0004933488312478656,lightgbm_walk_forward,1,ensemble,data_insufficient,,,,,,
2025-12-25,300750,0.010261662279291928,1.0,0.43099999999999994,0.5060875078526288,0.0006279159097758161,lightgbm_walk_forward,1,ensemble,data_insufficient,,,,,,
2025-12-25,600036,0.001970449357351578,1.0,0.16100000000000003,0.48073254654512226,-0.0013636418334673362,lightgbm_walk_forward,1,ensemble,data_insufficient,,,,,,
2025-12-25,600519,0.017731647896214175,1.0,0.43100000000000005,0.4854664957934987,0.0007691527814003109,lightgbm_walk_forward,1,ensemble,data_insufficient,,,,,,
2025-12-25,600900,0.0037549740643680884,1.0,0.22000000000000014,0.6025803440807177,0.0037584626664277317,lightgbm_walk_forward,1,ensemble,data_insufficient,,,,,,
2025-12-25,601318,-0.028041941816922322,0.0,0.41500000000000004,0.484958821165829,0.0019322614399921395,lightgbm_walk_forward,1,ensemble,data_insufficient,,,,,,
2025-12-25,601888,-0.01318708094859622,0.0,0.4440000000000001,0.47019350055539233,0.000897306044839646,lightgbm_walk_forward,1,ensemble,data_insufficient,,,,,,
2025-12-26,000001,-0.0003144306536826402,0.0,0.481,0.5418422708420007,0.0037804982300606313,lightgbm_walk_forward,1,ensemble,data_insufficient,,,,,,
2025-12-26,000333,-0.003425464950120083,0.0,0.1830000000000001,0.5155176320001498,0.0013510717108250706,lightgbm_walk_forward,1,ensemble,data_insufficient,,,,,,
2025-12-26,000858,0.024647529984310745,1.0,0.5940000000000001,0.46425398933877365,-0.000468884682324671,lightgbm_walk_forward,1,ensemble,data_insufficient,,,,,,
2025-12-26,002594,-0.008118652100045476,0.0,0.526,0.5226648464348044,-2.818815664678305e-05,lightgbm_walk_forward,1,ensemble,data_insufficient,,,,,,
2025-12-26,300750,0.023993643649422802,1.0,0.456,0.5069785172415692,0.0005778806023799598,lightgbm_walk_forward,1,ensemble,data_insufficient,,,,,,
2025-12-26,600036,0.036034613640906876,1.0,0.184,0.48168180250816106,-0.0013496275163445463,lightgbm_walk_forward,1,ensemble,data_insufficient,,,,,,
2025-12-26,600519,-0.0030572255545726623,0.0,0.5060000000000001,0.49343992653910784,-0.0021990906385710514,lightgbm_walk_forward,1,ensemble,data_insufficient,,,,,,
2025-12-26,600900,-0.015537131804753912,0.0,0.23500000000000001,0.5435192569678261,0.003917880075083841,lightgbm_walk_forward,1,ensemble,data_insufficient,,,,,,
2025-12-26,601318,-0.01932649707938805,0.0,0.405,0.4945288783264978,0.0029614934896845945,lightgbm_walk_forward,1,ensemble,data_insufficient,,,,,,
2025-12-26,601888,0.0012860335808868584,1.0,0.39,0.49917036135715465,0.0012857490201933842,lightgbm_walk_forward,1,ensemble,data_insufficient,,,,,,
2025-12-29,000001,-0.010661819892516466,0.0,0.502,0.5649910311851751,0.004368413578041113,lightgbm_walk_forward,1,ensemble,data_insufficient,,,,,,
2025-12-29,000333,0.008585681908689136,1.0,0.19699999999999995,0.5112133454556423,0.001231921262738894,lightgbm_walk_forward,1,ensemble,data_insufficient,,,,,,
2025-12-29,000858,-0.01794970111335592,0.0,0.49099999999999994,0.4876019914638421,0.0014405748227022828,lightgbm_walk_forward,1,ensemble,data_insufficient,,,,,,
2025-12-29,002594,0.022757516531715094,1.0,0.483,0.5086111257416381,0.0005613967414713481,lightgbm_walk_forward,1,ensemble,data_insufficient,,,,,,
2025-12-29,300750,-0.021879127425046718,0.0,0.546,0.4349412125138926,0.002028698896574637,lightgbm_walk_forward,1,ensemble,data_insufficient,,,,,,
2025-12-29,600036,-0.034581056435473934,0.0,0.10600000000000002,0.38745964500231544,-0.00270635919575123,lightgbm_walk_forward,1,ensemble,data_insufficient,,,,,,
2025-12-29,600519,-0.003906137611200511,0.0,0.5469999999999999,0.4854664957934987,0.00021459935905731152,lightgbm_walk_forward,1,ensemble,data_insufficient,,,,,,
2025-12-29,600900,0.00526180934781606,1.0,0.224,0.552793090733906,0.004215411223816237,lightgbm_walk_forward,1,ensemble,data_insufficient,,,,,,
2025-12-29,601318,-0.0025572339756364526,0.0,0.37900000000000006,0.44004677137637893,0.004289467436243117,lightgbm_walk_forward,1,ensemble,data_insufficient,,,,,,
2025-12-29,601888,-0.04458183788339953,0.0,0.48500000000000015,0.47989134886496776,0.0019563054521292192,lightgbm_walk_forward,1,ensemble,data_insufficient,,,,,,
2025-12-30,000001,0.03196757213798174,1.0,0.469,0.46512684804415094,0.0005353030759222298,lightgbm_walk_forward,1,ensemble,data_insufficient,,,,,,
2025-12-30,000333,0.0013692106737717147,1.0,0.324,0.5054851152650952,0.0007111865066948615,lightgbm_walk_forward,1,ensemble,data_insufficient,,,,,,
2025-12-30,000858,-0.01701681578089198,0.0,0.5349999999999999,0.5003888430159112,0.001951808718386955,lightgbm_walk_forward,1,ensemble,data_insufficient,,,,,,
2025-12-30,002594,0.01585775782526877,1.0,0.582,0.47088551264744755,0.00037653526904277666,lightgbm_walk_forward,1,ensemble,data_insufficient,,,,,,
2025-12-30,300750,0.02422949244574446,1.0,0.518,0.5255108227472176,0.001291916165886443,lightgbm_walk_forward,1,ensemble,data_insufficient,,,,,,
2025-12-30,600036,-0.008594829168261708,0.0,0.10399999999999997,0.47423655220636707,-0.0010107107965615359,lightgbm_walk_forward,1,ensemble,data_insufficient,,,,,,
2025-12-30,600519,-0.028148555884703663,0.0,0.491,0.4812982181695719,0.0006063540896080788,lightgbm_walk_forward,1,ensemble,data_insufficient,,,,,,
2025-12-30,600900,-0.020876110478450283,0.0,0.20900000000000002,0.5612805365064701,0.0039698649784363224,lightgbm_walk_forward,1,ensemble,data_insufficient,,,,,,
2025-12-30,601318,0.011574534907839329,1.0,0.33500000000000013,0.5189148098580931,0.0015588277394269464,lightgbm_walk_forward,1,ensemble,data_insufficient,,,,,,
2025-12-30,601888,0.021966319146177637,1.0,0.393,0.5120506497675272,0.0010290261937965918,lightgbm_walk_forward,1,ensemble,data_insufficient,,,,,,
2025-11-13,000001,,,0.17700000000000005,0.6429611602341632,0.002085646082654412,lightgbm_walk_forward,5,ensemble,data_insufficient,-0.07700529818689672,0.0,,,,
2025-11-13,000333,,,0.363,0.6150024254775356,-0.0021765693510971715,lightgbm_walk_forward,5,ensemble,data_insufficient,0.040610443035098864,1.0,,,,
2025-11-13,000858,,,0.4170000000000001,0.4514447020289641,-0.0014491442202739873,lightgbm_walk_forward,5,ensemble,data_insufficient,0.053473933193468826,1.0,,,,
2025-11-13,002594,,,0.5070000000000001,0.586432633576722,0.0014919550112861399,lightgbm_walk_forward,5,ensemble,data_insufficient,0.028680160892898376,1.0,,,,
2025-11-13,300750,,,0.652,0.48081104838166555,-5.76775349807443e-05,lightgbm_walk_forward,5,ensemble,data_insufficient,0.020103268888686854,1.0,,,,
2025-11-13,600036,,,0.31000000000000005,0.4702117996953688,0.002854157318345587,lightgbm_walk_forward,5,ensemble,data_insufficient,-0.03352784684836696,0.0,,,,
2025-11-13,600519,,,0.633,0.4452290262618954,-0.0018221858522536078,lightgbm_walk_forward,5,ensemble,data_insufficient,0.036474417238894885,1.0,,,,
2025-11-13,600900,,,0.16499999999999998,0.5003283777452142,0.006498188499638148,lightgbm_walk_forward,5,ensemble,data_insufficient,-0.05876933511227855,0.0,,,,
2025-11-13,601318,,,0.4260000000000001,0.565885806945254,0.005550482879893645,lightgbm_walk_forward,5,ensemble,data_insufficient,0.0018161019519482569,1.0,,,,
2025-11-13,601888,,,0.30999999999999994,0.48102585436538403,-0.0032200812261779788,lightgbm_walk_forward,5,ensemble,data_insufficient,0.06823759598029033,1.0,,,,
2025-11-14,000001,,,0.21900000000000008,0.6631358789624429,0.0045200756701879435,lightgbm_walk_forward,5,ensemble,data_insufficient,-0.07844159792147332,0.0,,,,
2025-11-14,000333,,,0.3320000000000001,0.5864732766523851,-0.001900287543474081,lightgbm_walk_forward,5,ensemble,data_insufficient,0.023002497310489423,1.0,,,,
2025-11-14,000858,,,0.38600000000000007,0.45762947004996307,0.004845629634538279,lightgbm_walk_forward,5,ensemble,data_insufficient,0.016910103867187054,1.0,,,,
2025-11-14,002594,,,0.5430000000000001,0.5712378332354383,0.002651771837056782,lightgbm_walk_forward,5,ensemble,data_insufficient,0.028449407883597955,1.0,,,,
2025-11-14,300750,,,0.647,0.4621193028405794,-0.0004091168682744375,lightgbm_walk_forward,5,ensemble,data_insufficient,0.051969200974671725,1.0,,,,
2025-11-14,600036,,,0.44300000000000006,0.4838290077036271,0.004972134502544253,lightgbm_walk_forward,5,ensemble,data_insufficient,0.015129607501118025,1.0,,,,
2025-11-14,600519,,,0.5670000000000002,0.4175739821914743,-0.002953923605608941,lightgbm_walk_forward,5,ensemble,data_insufficient,0.04882781987307716,1.0,,,,
2025-11-14,600900,,,0.15099999999999997,0.5706682138778953,-0.0007057366030668587,lightgbm_walk_forward,5,ensemble,data_insufficient,-0.05134195208854686,0.0,,,,
2025-11-14,601318,,,0.36899999999999994,0.5755762655740149,0.006586800696651774,lightgbm_walk_forward,5,ensemble,data_insufficient,0.005107779820002767,1.0,,,,
2025-11-14,601888,,,0.303,0.4512127190229024,-0.0032200812261779788,lightgbm_walk_forward,5,ensemble,data_insufficient,0.07888904097398464,1.0,,,,
2025-11-17,000001,,,0.20400000000000007,0.670555155474915,0.008311621935963623,lightgbm_walk_forward,5,ensemble,data_insufficient,-0.05008391647128396,0.0,,,,
2025-11-17,000333,,,0.38200000000000023,0.5254288921262197,0.00370879320866748,lightgbm_walk_forward,5,ensemble,data_insufficient,0.018088616719779127,1.0,,,,
2025-11-17,000858,,,0.35300000000000004,0.37744772238029345,0.004167693900535099,lightgbm_walk_forward,5,ensemble,data_insufficient,0.02276538120370497,1.0,,,,
2025-11-17,002594,,,0.6160000000000001,0.5756201868515551,0.0063909652243696715,lightgbm_walk_forward,5,ensemble,data_insufficient,0.016413831879086516,1.0,,,,
2025-11-17,300750,,,0.6759999999999999,0.45395420072068104,0.0025886349064789633,lightgbm_walk_forward,5,ensemble,data_insufficient,0.015975946160167398,1.0,,,,
2025-11-17,600036,,,0.40100000000000013,0.4839839910090546,0.006018497036816552,lightgbm_walk_forward,5,ensemble,data_insufficient,0.01788463434648979,1.0,,,,
2025-11-17,600519,,,0.508,0.3985004217945339,-0.004597796162850182,lightgbm_walk_forward,5,ensemble,data_insufficient,0.022353812775196547,1.0,,,,
2025-11-17,600900,,,0.1840000000000001,0.556456576589999,0.006921292019858791,lightgbm_walk_forward,5,ensemble,data_insufficient,-0.03433495372748385,0.0,,,,
2025-11-17,601318,,,0.34900000000000003,0.5885001922343718,0.01037421419729538,lightgbm_walk_forward,5,ensemble,data_insufficient,-0.0069555993361340995,0.0,,,,
2025-11-17,601888,,,0.28699999999999987,0.434859495660885,-0.005345425414449017,lightgbm_walk_forward,5,ensemble,data_insufficient,0.03752201683952472,1.0,,,,
2025-11-18,000001,,,0.16200000000000006,0.6727098159425666,0.010558162368456449,lightgbm_walk_forward,5,ensemble,data_insufficient,-0.020972631573733636,0.0,,,,
2025-11-18,000333,,,0.36499999999999994,0.5273594329987625,0.00370879320866748,lightgbm_walk_forward,5,ensemble,data_insufficient,0.06346724143514626,1.0,,,,
2025-11-18,000858,,,0.293,0.4628787290954102,0.0017454458747790226,lightgbm_walk_forward,5,ensemble,data_insufficient,0.009649988003508803,1.0,,,,
2025-11-18,002594,,,0.6350000000000002,0.5822959837326653,0.0008171394806693929,lightgbm_walk_forward,5,ensemble,data_insufficient,0.01268302551331435,1.0,,,,
2025-11-18,300750,,,0.7419999999999999,0.5177276687129551,-0.0037627778971500527,lightgbm_walk_forward,5,ensemble,data_insufficient,0.030054844428176075,1.0,,,,
2025-11-18,600036,,,0.3880000000000002,0.4646920020312164,0.0060362253624167495,lightgbm_walk_forward,5,ensemble,data_insufficient,0.007417866297414699,1.0,,,,
2025-11-18,600519,,,0.536,0.3850823245437983,-0.005458946120806145,lightgbm_walk_forward,5,ensemble,data_insufficient,-0.012346734333979037,0.0,,,,
2025-11-18,600900,,,0.20500000000000002,0.5698062387636884,0.004283308486627064,lightgbm_walk_forward,5,ensemble,data_insufficient,-0.0280676243978214,0.0,,,,
2025-11-18,601318,,,0.285,0.5696804500697329,0.009132908808246784,lightgbm_walk_forward,5,ensemble,data_insufficient,-0.023003068922140213,0.0,,,,
2025-11-18,601888,,,0.349,0.459944062133317,-0.0040878907857233,lightgbm_walk_forward,5,ensemble,data_insufficient,0.020693877054878573,1.0,,,,
2025-11-19,000001,,,0.14900000000000005,0.53516327854225,-0.0020505315916919007,lightgbm_walk_forward,5,ensemble,data_insufficient,-0.01344455692385016,0.0,,,,
2025-11-19,000333,,,0.3519999999999999,0.5225388740311181,0.0025244219121488207,lightgbm_walk_forward,5,ensemble,data_insufficient,0.0714677392181029,1.0,,,,
2025-11-19,000858,,,0.306,0.4720089416960587,0.0021911047366218123,lightgbm_walk_forward,5,ensemble,data_insufficient,-0.0429565242107649,0.0,,,,
2025-11-19,002594,,,0.6620000000000001,0.5162945110915629,-0.004439677077948843,lightgbm_walk_forward,5,ensemble,data_insufficient,0.0313702097761317,1.0,,,,
2025-11-19,300750,,,0.669,0.45582739414554935,0.0012725170113309296,lightgbm_walk_forward,5,ensemble,data_insufficient,0.03007597417328478,1.0,,,,
2025-11-19,600036,,,0.41100000000000014,0.4646920020312164,0.006068781428029236,lightgbm_walk_forward,5,ensemble,data_insufficient,-0.030942258540651135,0.0,,,,
2025-11-19,600519,,,0.5980000000000001,0.37949145439861504,-0.007431078839440243,lightgbm_walk_forward,5,ensemble,data_insufficient,-0.027316372859220617,0.0,,,,
2025-11-19,600900,,,0.21000000000000002,0.6866452170578502,0.013699147313324389,lightgbm_walk_forward,5,ensemble,data_insufficient,-0.05131542184372251,0.0,,,,
2025-11-19,601318,,,0.25100000000000006,0.5649094335518102,0.006272547574756108,lightgbm_walk_forward,5,ensemble,data_insufficient,0.010468093450652027,1.0,,,,
2025-11-19,601888,,,0.35200000000000004,0.4674582653448325,-0.0009614171418557847,lightgbm_walk_forward,5,ensemble,data_insufficient,-0.002642365847930761,0.0,,,,
2025-11-20,000001,,,0.20400000000000007,0.616803462407176,0.01592177579074686,lightgbm_walk_forward,5,ensemble,data_insufficient,0.02179998767143676,1.0,,,,
2025-11-20,000333,,,0.29700000000000004,0.5532222428945712,0.0011006004386353,lightgbm_walk_forward,5,ensemble,data_insufficient,0.08593635516422671,1.0,,,,
2025-11-20,000858,,,0.35700000000000015,0.450401493374884,-0.00016278817991063812,lightgbm_walk_forward,5,ensemble,data_insufficient,-0.08477770160210929,0.0,,,,
2025-11-20,002594,,,0.605,0.472621083359085,-0.005400758614750165,lightgbm_walk_forward,5,ensemble,data_insufficient,0.037220492437041175,1.0,,,,
2025-11-20,300750,,,0.7090000000000001,0.4372244716875646,2.3319141725163928e-05,lightgbm_walk_forward,5,ensemble,data_insufficient,0.05760436237177324,1.0,,,,
2025-11-20,600036,,,0.41400000000000015,0.573873816143394,0.011577426046910986,lightgbm_walk_forward,5,ensemble,data_insufficient,-0.010639679877511798,0.0,,,,
2025-11-20,600519,,,0.5429999999999999,0.38272296863250377,-0.005569806331337825,lightgbm_walk_forward,5,ensemble,data_insufficient,-0.01088191813485384,0.0,,,,
2025-11-20,600900,,,0.24300000000000005,0.5888771504376278,0.006658599780215312,lightgbm_walk_forward,5,ensemble,data_insufficient,-0.07610657322613967,0.0,,,,
2025-11-20,601318,,,0.27599999999999997,0.6086494974881155,0.017242704847124965,lightgbm_walk_forward,5,ensemble,data_insufficient,0.01745943943516992,1.0,,,,
2025-11-20,601888,,,0.312,0.4500323042300601,1.0122294502666088e-05,lightgbm_walk_forward,5,ensemble,data_insufficient,0.010638003703943966,1.0,,,,
2025-11-21,000001,,,0.18900000000000006,0.68599746436738,0.023092336615103827,lightgbm_walk_forward,5,ensemble,data_insufficient,0.0394997415363858,1.0,,,,
2025-11-21,000333,,,0.39500000000000013,0.528809058440829,0.005458766294217973,lightgbm_walk_forward,5,ensemble,data_insufficient,0.10364143007597026,1.0,,,,
2025-11-21,000858,,,0.253,0.5310254784545965,0.00569103087348291,lightgbm_walk_forward,5,ensemble,data_insufficient,-0.046442149103738894,0.0,,,,
2025-11-21,002594,,,0.618,0.44573203724819466,-0.0007170633038649451,lightgbm_walk_forward,5,ensemble,data_insufficient,0.05775253149637627,1.0,,,,
2025-11-21,300750,,,0.6350000000000001,0.4357573002199591,-0.0033085438670249863,lightgbm_walk_forward,5,ensemble,data_insufficient,0.02212526212201471,1.0,,,,
2025-11-21,600036,,,0.3400000000000001,0.4930412408024383,-0.0005835968359370493,lightgbm_walk_forward,5,ensemble,data_insufficient,-0.02557448160895015,0.0,,,,
2025-11-21,600519,,,0.573,0.3760439828616888,-0.007963102391800463,lightgbm_walk_forward,5,ensemble,data_insufficient,-0.00653521083560904,0.0,,,,
2025-11-21,600900,,,0.25900000000000006,0.6574922458837064,0.011453421141226756,lightgbm_walk_forward,5,ensemble,data_insufficient,-0.06203524130553628,0.0,,,,
2025-11-21,601318,,,0.337,0.5681675751247984,0.012831145084133463,lightgbm_walk_forward,5,ensemble,data_insufficient,-0.02516537737808744,0.0,,,,
2025-11-21,601888,,,0.361,0.4752078814210316,1.0122294502666088e-05,lightgbm_walk_forward,5,ensemble,data_insufficient,0.020449602496039,1.0,,,,
2025-11-24,000001,,,0.22100000000000003,0.5745492979532913,0.02021350167179844,lightgbm_walk_forward,5,ensemble,data_insufficient,0.013402359507260764,1.0,,,,
2025-11-24,000333,,,0.39,0.5091455354098454,0.0030316125904240932,lightgbm_walk_forward,5,ensemble,data_insufficient,0.0989722697208697,1.0,,,,
2025-11-24,000858,,,0.2430000000000001,0.5395875545173233,0.0006295804182057594,lightgbm_walk_forward,5,ensemble,data_insufficient,-0.06786684409084398,0.0,,,,
2025-11-24,002594,,,0.67,0.48679016591860663,0.0016057946248766689,lightgbm_walk_forward,5,ensemble,data_insufficient,0.05544766677040802,1.0,,,,
2025-11-24,300750,,,0.7100000000000001,0.4121807690066955,-0.0031426910749693107,lightgbm_walk_forward,5,ensemble,data_insufficient,0.06603334525490268,1.0,,,,
2025-11-24,600036,,,0.28200000000000003,0.48832019503166885,-0.0003423513642608358,lightgbm_walk_forward,5,ensemble,data_insufficient,-0.026689758238546357,0.0,,,,
2025-11-24,600519,,,0.54,0.3865973909566168,-0.005176244924269851,lightgbm_walk_forward,5,ensemble,data_insufficient,0.011900070069582602,1.0,,,,
2025-11-24,600900,,,0.18100000000000005,0.6575749106526307,0.01264406118360779,lightgbm_walk_forward,5,ensemble,data_insufficient,-0.06341061908418821,0.0,,,,
2025-11-24,601318,,,0.39199999999999996,0.5828091336374388,0.010241126419230135,lightgbm_walk_forward,5,ensemble,data_insufficient,-0.02123276351355352,0.0,,,,
2025-11-24,601888,,,0.3309999999999999,0.4650385213970905,-0.0016789183941172455,lightgbm_walk_forward,5,ensemble,data_insufficient,0.03362264946688631,1.0,,,,
2025-11-25,000001,,,0.196,0.5453227434187751,0.020404450618604346,lightgbm_walk_forward,5,ensemble,data_insufficient,0.03680871879460046,1.0,,,,
2025-11-25,000333,,,0.447,0.46177714323695096,0.0009320754003075576,lightgbm_walk_forward,5,ensemble,data_insufficient,0.05404976790149574,1.0,,,,
2025-11-25,000858,,,0.248,0.4949591679186983,0.0015603821234351012,lightgbm_walk_forward,5,ensemble,data_insufficient,-0.03822983351344755,0.0,,,,
2025-11-25,002594,,,0.6090000000000001,0.5201964790588498,0.0016057946248766689,lightgbm_walk_forward,5,ensemble,data_insufficient,0.0348454212240219,1.0,,,,
2025-11-25,300750,,,0.5660000000000001,0.4253147114285198,0.0026818164446333224,lightgbm_walk_forward,5,ensemble,data_insufficient,0.07527879703370166,1.0,,,,
2025-11-25,600036,,,0.32000000000000006,0.49718408951967064,-0.003482842345562482,lightgbm_walk_forward,5,ensemble,data_insufficient,-0.004258981379616222,0.0,,,,
2025-11-25,600519,,,0.384,0.4800772707039974,-0.0014011736589502586,lightgbm_walk_forward,5,ensemble,data_insufficient,0.01374320903846371,1.0,,,,
2025-11-25,600900,,,0.26,0.6637947393028959,0.01689407233756019,lightgbm_walk_forward,5,ensemble,data_insufficient,-0.06915112727505612,0.0,,,,
2025-11-25,601318,,,0.47999999999999987,0.5673230555398344,0.012387144829781446,lightgbm_walk_forward,5,ensemble,data_insufficient,-0.015424499747195397,0.0,,,,
2025-11-25,601888,,,0.45,0.5138219393997918,-0.0021001048016978654,lightgbm_walk_forward,5,ensemble,data_insufficient,0.007948324771647863,1.0,,,,
2025-11-26,000001,,,0.16600000000000004,0.5469162481885269,0.01619802159976587,lightgbm_walk_forward,5,ensemble,data_insufficient,0.013611600953078895,1.0,,,,
2025-11-26,000333,,,0.42700000000000016,0.5051724581756778,0.00257967853206798,lightgbm_walk_forward,5,ensemble,data_insufficient,0.02913400720813919,1.0,,,,
2025-11-26,000858,,,0.2790000000000001,0.5336045042348886,-0.0034032581857708142,lightgbm_walk_forward,5,ensemble,data_insufficient,0.002476943107219798,1.0,,,,
2025-11-26,002594,,,0.68,0.531817775658439,-0.0007232061837811241,lightgbm_walk_forward,5,ensemble,data_insufficient,-0.01917420016348148,0.0,,,,
2025-11-26,300750,,,0.56,0.4026822726005786,-0.0013858266465494222,lightgbm_walk_forward,5,ensemble,data_insufficient,0.05141595159725232,1.0,,,,
2025-11-26,600036,,,0.3190000000000001,0.5084209610663109,0.0018677194567549066,lightgbm_walk_forward,5,ensemble,data_insufficient,0.05768712292103362,1.0,,,,
2025-11-26,600519,,,0.45600000000000007,0.464904727499551,-0.0014812212947367825,lightgbm_walk_forward,5,ensemble,data_insufficient,0.03118615859979168,1.0,,,,
2025-11-26,600900,,,0.23500000000000004,0.6773019259975979,0.012672213626580725,lightgbm_walk_forward,5,ensemble,data_insufficient,-0.02884048558110086,0.0,,,,
2025-11-26,601318,,,0.372,0.5909887761898978,0.004464391240319282,lightgbm_walk_forward,5,ensemble,data_insufficient,-0.09276889967492308,0.0,,,,
2025-11-26,601888,,,0.466,0.45330081260103294,0.00039465318106153953,lightgbm_walk_forward,5,ensemble,data_insufficient,0.03728894089967194,1.0,,,,
2025-11-27,000001,,,0.135,0.5057827069175547,-0.00017294355322680448,lightgbm_walk_forward,5,ensemble,data_insufficient,-0.007669205826108305,0.0,,,,
2025-11-27,000333,,,0.44200000000000006,0.5527152554323612,0.005930107573446353,lightgbm_walk_forward,5,ensemble,data_insufficient,0.024914654042123008,1.0,,,,
2025-11-27,000858,,,0.19600000000000006,0.49749888545633414,-0.0015642815068910518,lightgbm_walk_forward,5,ensemble,data_insufficient,0.04370137250423323,1.0,,,,
2025-11-27,002594,,,0.659,0.40399143591519737,-0.004274244501784198,lightgbm_walk_forward,5,ensemble,data_insufficient,-0.013546809584099262,0.0,,,,
2025-11-27,300750,,,0.661,0.3947372581719938,-0.0041644670596577065,lightgbm_walk_forward,5,ensemble,data_insufficient,-0.0052358034531535536,0.0,,,,
2025-11-27,600036,,,0.35500000000000015,0.5353121618417656,0.004310268826247735,lightgbm_walk_forward,5,ensemble,data_insufficient,0.0721215598288596,1.0,,,,
2025-11-27,600519,,,0.4730000000000001,0.4524322142392147,-0.0004087356089259732,lightgbm_walk_forward,5,ensemble,data_insufficient,-0.0026614834390793485,0.0,,,,
2025-11-27,600900,,,0.183,0.6746679665298627,0.019255014124750735,lightgbm_walk_forward,5,ensemble,data_insufficient,-0.04900621552876683,0.0,,,,
2025-11-27,601318,,,0.4079999999999999,0.524179775192943,-0.001129725338294649,lightgbm_walk_forward,5,ensemble,data_insufficient,-0.09481942150392098,0.0,,,,
2025-11-27,601888,,,0.448,0.42500183215663007,-0.001142993270401152,lightgbm_walk_forward,5,ensemble,data_insufficient,0.06104720227457161,1.0,,,,
2025-11-28,000001,,,0.14300000000000002,0.44244446127576703,0.0005802212565328953,lightgbm_walk_forward,5,ensemble,data_insufficient,-0.01988506226347142,0.0,,,,
2025-11-28,000333,,,0.49500000000000005,0.5505960312923985,0.011034362614328384,lightgbm_walk_forward,5,ensemble,data_insufficient,-0.0255686390493981,0.0,,,,
2025-11-28,000858,,,0.2830000000000001,0.5120173535626859,-0.0014136570745989184,lightgbm_walk_forward,5,ensemble,data_insufficient,0.0069660343826019044,1.0,,,,
2025-11-28,002594,,,0.588,0.3868814867095255,-0.005047733109731279,lightgbm_walk_forward,5,ensemble,data_insufficient,-0.023726793071767616,0.0,,,,
2025-11-28,300750,,,0.667,0.4022293846799893,-0.0043962854472252445,lightgbm_walk_forward,5,ensemble,data_insufficient,-0.018295696780508908,0.0,,,,
2025-11-28,600036,,,0.356,0.5515490035289653,-0.00395751135553796,lightgbm_walk_forward,5,ensemble,data_insufficient,-0.005973365163173705,0.0,,,,
2025-11-28,600519,,,0.443,0.464292965704249,-0.0012809355715397146,lightgbm_walk_forward,5,ensemble,data_insufficient,-0.04306252728978943,0.0,,,,
2025-11-28,600900,,,0.181,0.6634328395146364,0.014680794777636893,lightgbm_walk_forward,5,ensemble,data_insufficient,-0.031110074519259734,0.0,,,,
2025-11-28,601318,,,0.38399999999999995,0.5484839801227188,-0.0005421180757875444,lightgbm_walk_forward,5,ensemble,data_insufficient,-0.07769327921748426,0.0,,,,
2025-11-28,601888,,,0.42,0.4274547156917011,-0.0020091659946957726,lightgbm_walk_forward,5,ensemble,data_insufficient,0.026598253985666176,1.0,,,,
2025-12-01,000001,,,0.09800000000000003,0.4516901945133888,0.007144069746152096,lightgbm_walk_forward,5,ensemble,data_insufficient,0.015045544512194864,1.0,,,,
2025-12-01,000333,,,0.4500000000000001,0.5397203810315515,0.010153073734217756,lightgbm_walk_forward,5,ensemble,data_insufficient,-0.03020485975009768,0.0,,,,
2025-12-01,000858,,,0.306,0.512253297978175,-0.0047179497656521735,lightgbm_walk_forward,5,ensemble,data_insufficient,0.030005380566942463,1.0,,,,
2025-12-01,002594,,,0.5619999999999999,0.38017462558232334,-0.004427692283425732,lightgbm_walk_forward,5,ensemble,data_insufficient,-0.011006134626613484,0.0,,,,
2025-12-01,300750,,,0.556,0.43673075041674625,-0.0013342474267113266,lightgbm_walk_forward,5,ensemble,data_insufficient,-0.05751091155749055,0.0,,,,
2025-12-01,600036,,,0.332,0.5189088424279067,-0.000976520679675376,lightgbm_walk_forward,5,ensemble,data_insufficient,-0.00620476823731797,0.0,,,,
2025-12-01,600519,,,0.559,0.47087103494595794,-0.006686236464979542,lightgbm_walk_forward,5,ensemble,data_insufficient,-0.017231489878598016,0.0,,,,
2025-12-01,600900,,,0.197,0.6785833591036091,0.019022967245696968,lightgbm_walk_forward,5,ensemble,data_insufficient,-0.026613671178669196,0.0,,,,
2025-12-01,601318,,,0.3719999999999999,0.5693092874532317,-0.0001478152255670784,lightgbm_walk_forward,5,ensemble,data_insufficient,-0.04899299513279787,0.0,,,,
2025-12-01,601888,,,0.528,0.4221862637076141,-0.001287651444270482,lightgbm_walk_forward,5,ensemble,data_insufficient,-0.02707868748984832,0.0,,,,
2025-12-02,000001,,,0.05199999999999998,0.41979729375600827,-0.00014787905763604227,lightgbm_walk_forward,5,ensemble,data_insufficient,0.007579399988905555,1.0,,,,
2025-12-02,000333,,,0.41200000000000003,0.5309286351887612,0.007434999499350371,lightgbm_walk_forward,5,ensemble,data_insufficient,-0.055721702415394536,0.0,,,,
2025-12-02,000858,,,0.36500000000000005,0.4757893707269918,-0.0017331249543508865,lightgbm_walk_forward,5,ensemble,data_insufficient,0.027023865576562667,1.0,,,,
2025-12-02,002594,,,0.6150000000000001,0.5377647857143724,0.0004846153443069158,lightgbm_walk_forward,5,ensemble,data_insufficient,0.041010860799045146,1.0,,,,
2025-12-02,300750,,,0.6140000000000001,0.46572772318764794,0.0017981199527201488,lightgbm_walk_forward,5,ensemble,data_insufficient,-0.05854422285109184,0.0,,,,
2025-12-02,600036,,,0.25399999999999995,0.520334301419568,-0.0024496337247145953,lightgbm_walk_forward,5,ensemble,data_insufficient,-7.584370367808013e-05,0.0,,,,
2025-12-02,600519,,,0.5589999999999999,0.5068118152768497,-0.0018074804374626707,lightgbm_walk_forward,5,ensemble,data_insufficient,0.015163086589891961,1.0,,,,
2025-12-02,600900,,,0.22000000000000003,0.6179293197410382,0.01976982894680938,lightgbm_walk_forward,5,ensemble,data_insufficient,-0.010636230532837798,0.0,,,,
2025-12-02,601318,,,0.356,0.5652502305907366,-0.001262161732598052,lightgbm_walk_forward,5,ensemble,data_insufficient,-0.04139100723482336,0.0,,,,
2025-12-02,601888,,,0.5130000000000001,0.4701192469031098,0.002303110621491207,lightgbm_walk_forward,5,ensemble,data_insufficient,0.027920189327611755,1.0,,,,
2025-12-03,000001,,,0.060999999999999985,0.448921788294931,0.005390133469911069,lightgbm_walk_forward,5,ensemble,data_insufficient,0.033976651190977813,1.0,,,,
2025-12-03,000333,,,0.389,0.5415242956970615,0.006018511723923919,lightgbm_walk_forward,5,ensemble,data_insufficient,-0.041718725568145154,0.0,,,,
2025-12-03,000858,,,0.39100000000000007,0.46676024994736154,-0.0033146592155055047,lightgbm_walk_forward,5,ensemble,data_insufficient,0.033151777125804305,1.0,,,,
2025-12-03,002594,,,0.561,0.6466009759727667,-3.5556401945906304e-06,lightgbm_walk_forward,5,ensemble,data_insufficient,0.03601898531164949,1.0,,,,
2025-12-03,300750,,,0.5930000000000001,0.47142602808229733,0.0013229913927682094,lightgbm_walk_forward,5,ensemble,data_insufficient,-0.03989842131166965,0.0,,,,
2025-12-03,600036,,,0.17400000000000004,0.5011342221895408,-0.0027713905822130194,lightgbm_walk_forward,5,ensemble,data_insufficient,-0.05609661112120057,0.0,,,,
2025-12-03,600519,,,0.5320000000000001,0.4511676221113834,-0.003378692032795063,lightgbm_walk_forward,5,ensemble,data_insufficient,-0.01878697372629967,0.0,,,,
2025-12-03,600900,,,0.22599999999999998,0.6052075047862482,0.018865854294980056,lightgbm_walk_forward,5,ensemble,data_insufficient,-0.02388927413025832,0.0,,,,
2025-12-03,601318,,,0.406,0.5018482311834238,-0.003509355906874086,lightgbm_walk_forward,5,ensemble,data_insufficient,0.0008028606506682578,1.0,,,,
2025-12-03,601888,,,0.627,0.4405589740777726,-0.001974860279474533,lightgbm_walk_forward,5,ensemble,data_insufficient,0.000667275686364377,1.0,,,,
2025-12-04,000001,,,0.09199999999999996,0.48433958956266326,0.008559430197776248,lightgbm_walk_forward,5,ensemble,data_insufficient,0.02099443434083148,1.0,,,,
2025-12-04,000333,,,0.398,0.547156504785678,0.007760438433096344,lightgbm_walk_forward,5,ensemble,data_insufficient,-0.03685544535741092,0.0,,,,
2025-12-04,000858,,,0.34400000000000003,0.5161735528276382,-0.004119333699548525,lightgbm_walk_forward,5,ensemble,data_insufficient,0.018972304148014763,1.0,,,,
2025-12-04,002594,,,0.7000000000000001,0.628875320186631,-0.001649919349772072,lightgbm_walk_forward,5,ensemble,data_insufficient,0.009329574081064829,1.0,,,,
2025-12-04,300750,,,0.549,0.5401760778337531,0.0019518863369051818,lightgbm_walk_forward,5,ensemble,data_insufficient,0.01272137664536177,1.0,,,,
2025-12-04,600036,,,0.183,0.4859975366581912,-0.0006662821401513712,lightgbm_walk_forward,5,ensemble,data_insufficient,-0.09356892452406906,0.0,,,,
2025-12-04,600519,,,0.522,0.47549587339705707,-0.000875383239550749,lightgbm_walk_forward,5,ensemble,data_insufficient,0.0036021444199527686,1.0,,,,
2025-12-04,600900,,,0.203,0.6585028645156049,0.02179649810746014,lightgbm_walk_forward,5,ensemble,data_insufficient,-0.016841324667879243,0.0,,,,
2025-12-04,601318,,,0.332,0.5111831342620657,0.0005875083559487538,lightgbm_walk_forward,5,ensemble,data_insufficient,0.04339017409795409,1.0,,,,
2025-12-04,601888,,,0.637,0.44224977047221015,0.0002878755487226837,lightgbm_walk_forward,5,ensemble,data_insufficient,-0.014847727671567168,0.0,,,,
2025-12-05,000001,,,0.06799999999999999,0.4457107824277492,0.009962146351255417,lightgbm_walk_forward,5,ensemble,data_insufficient,0.01931196566373905,1.0,,,,
2025-12-05,000333,,,0.47300000000000003,0.6248683233924833,0.0043122010859423816,lightgbm_walk_forward,5,ensemble,data_insufficient,0.00536594199681395,1.0,,,,
2025-12-05,000858,,,0.353,0.49716003217473603,-0.003758134841562957,lightgbm_walk_forward,5,ensemble,data_insufficient,0.022231381467069378,1.0,,,,
2025-12-05,002594,,,0.7090000000000001,0.6059212478220948,-0.00025418436975403416,lightgbm_walk_forward,5,ensemble,data_insufficient,-0.0007755635737032307,0.0,,,,
2025-12-05,300750,,,0.527,0.5026928296866706,0.00243702298573009,lightgbm_walk_forward,5,ensemble,data_insufficient,0.021718731483621356,1.0,,,,
2025-12-05,600036,,,0.141,0.45950918990804396,0.001699007151946685,lightgbm_walk_forward,5,ensemble,data_insufficient,-0.06885240693355277,0.0,,,,
2025-12-05,600519,,,0.49100000000000016,0.5226546492440765,0.0020420750578351377,lightgbm_walk_forward,5,ensemble,data_insufficient,0.07863461332351229,1.0,,,,
2025-12-05,600900,,,0.17100000000000004,0.6509446728728525,0.0201382800947312,lightgbm_walk_forward,5,ensemble,data_insufficient,-0.011607534147388354,0.0,,,,
2025-12-05,601318,,,0.3739999999999999,0.5359439770584414,0.005069238879818944,lightgbm_walk_forward,5,ensemble,data_insufficient,0.03458251177384919,1.0,,,,
2025-12-05,601888,,,0.653,0.4247785126866513,-0.0013415040960480292,lightgbm_walk_forward,5,ensemble,data_insufficient,-0.014027283070688679,0.0,,,,
2025-12-08,000001,,,0.07699999999999999,0.4784579554307902,0.008362781020264878,lightgbm_walk_forward,5,ensemble,data_insufficient,0.025383491657459567,1.0,,,,
2025-12-08,000333,,,0.6630000000000001,0.5756035753273278,0.004935621476963994,lightgbm_walk_forward,5,ensemble,data_insufficient,-0.006663930854867162,0.0,,,,
2025-12-08,000858,,,0.37799999999999995,0.4507468426877308,-0.0034988752061111492,lightgbm_walk_forward,5,ensemble,data_insufficient,0.012246544251293567,1.0,,,,
2025-12-08,002594,,,0.721,0.6047501368091134,-0.0016100366149627652,lightgbm_walk_forward,5,ensemble,data_insufficient,-0.020645282336671844,0.0,,,,
2025-12-08,300750,,,0.5200000000000001,0.5229501416097141,0.003921661508578814,lightgbm_walk_forward,5,ensemble,data_insufficient,0.04481858604018907,1.0,,,,
2025-12-08,600036,,,0.093,0.44580724020259543,0.0005415124506319346,lightgbm_walk_forward,5,ensemble,data_insufficient,-0.06332248725280365,0.0,,,,
2025-12-08,600519,,,0.48299999999999993,0.4381590664031915,-0.002924298223397368,lightgbm_walk_forward,5,ensemble,data_insufficient,0.051479499280833174,1.0,,,,
2025-12-08,600900,,,0.113,0.6375038572765623,0.01551715048082123,lightgbm_walk_forward,5,ensemble,data_insufficient,-0.04243581251838202,0.0,,,,
2025-12-08,601318,,,0.369,0.5272134562663955,0.0037033058920376487,lightgbm_walk_forward,5,ensemble,data_insufficient,0.003336863035376725,1.0,,,,
2025-12-08,601888,,,0.5429999999999999,0.4371493763414495,-0.00048044910078765907,lightgbm_walk_forward,5,ensemble,data_insufficient,0.03765605274547679,1.0,,,,
2025-12-09,000001,,,0.13399999999999995,0.5397434972307829,0.009823385577621179,lightgbm_walk_forward,5,ensemble,data_insufficient,0.03007269649570521,1.0,,,,
2025-12-09,000333,,,0.664,0.58382347072597,0.003530946049709292,lightgbm_walk_forward,5,ensemble,data_insufficient,0.030020587005907595,1.0,,,,
2025-12-09,000858,,,0.404,0.4005470453202164,-0.006369544606587643,lightgbm_walk_forward,5,ensemble,data_insufficient,0.027003442803696487,1.0,,,,
2025-12-09,002594,,,0.634,0.5828329248545137,9.634947061793788e-05,lightgbm_walk_forward,5,ensemble,data_insufficient,-0.04360638449938936,0.0,,,,
2025-12-09,300750,,,0.5120000000000001,0.5233202863204828,0.006766494713232892,lightgbm_walk_forward,5,ensemble,data_insufficient,0.0671454361292283,1.0,,,,
2025-12-09,600036,,,0.171,0.47059528758047187,-0.002340093116738105,lightgbm_walk_forward,5,ensemble,data_insufficient,-0.06487748921190806,0.0,,,,
2025-12-09,600519,,,0.48200000000000004,0.45025114778235964,-0.0032571567076077794,lightgbm_walk_forward,5,ensemble,data_insufficient,0.03449410083423321,1.0,,,,
2025-12-09,600900,,,0.125,0.6389650788791761,0.012706182437409893,lightgbm_walk_forward,5,ensemble,data_insufficient,-0.029648620521409375,0.0,,,,
2025-12-09,601318,,,0.356,0.5084512341165457,0.003426582020462451,lightgbm_walk_forward,5,ensemble,data_insufficient,0.002337583823782463,1.0,,,,
2025-12-09,601888,,,0.47800000000000004,0.43247516932413177,-0.0034251009354522477,lightgbm_walk_forward,5,ensemble,data_insufficient,0.023873504957728775,1.0,,,,
2025-12-10,000001,,,0.28300000000000003,0.4700856548257104,0.007222125422873494,lightgbm_walk_forward,5,ensemble,data_insufficient,0.04894120237550781,1.0,,,,
2025-12-10,000333,,,0.7070000000000002,0.5211639566324603,-0.00012230975270372067,lightgbm_walk_forward,5,ensemble,data_insufficient,-0.020454615550599797,0.0,,,,
2025-12-10,000858,,,0.398,0.39500722622216566,-0.005351660312882044,lightgbm_walk_forward,5,ensemble,data_insufficient,0.030783503107600918,1.0,,,,
2025-12-10,002594,,,0.506,0.5268735704074528,-0.0023007691964287568,lightgbm_walk_forward,5,ensemble,data_insufficient,-0.023711183851555462,0.0,,,,
2025-12-10,300750,,,0.5980000000000002,0.5067034996422716,0.0067959901974639055,lightgbm_walk_forward,5,ensemble,data_insufficient,0.01316055754205725,1.0,,,,
2025-12-10,600036,,,0.16000000000000006,0.42727934868025136,-0.003949249028328552,lightgbm_walk_forward,5,ensemble,data_insufficient,-0.026633642789621992,0.0,,,,
2025-12-10,600519,,,0.3759999999999999,0.44663613590247164,-0.0029379639557633687,lightgbm_walk_forward,5,ensemble,data_insufficient,0.06893511293753996,1.0,,,,
2025-12-10,600900,,,0.14600000000000002,0.6461454948492599,0.014012250070563509,lightgbm_walk_forward,5,ensemble,data_insufficient,0.00020510597327882962,1.0,,,,
2025-12-10,601318,,,0.23,0.5233549836536264,-0.0009164874311495931,lightgbm_walk_forward,5,ensemble,data_insufficient,-0.02895767461264709,0.0,,,,
2025-12-10,601888,,,0.556,0.41977906697997247,-0.002896595821598634,lightgbm_walk_forward,5,ensemble,data_insufficient,0.014242262650438153,1.0,,,,
2025-12-11,000001,,,0.21400000000000002,0.48898002939884844,0.011539906630249105,lightgbm_walk_forward,5,ensemble,data_insufficient,0.05129904788685358,1.0,,,,
2025-12-11,000333,,,0.7040000000000001,0.47552612213867873,-4.313053244846893e-05,lightgbm_walk_forward,5,ensemble,data_insufficient,-0.04587178245188528,0.0,,,,
2025-12-11,000858,,,0.26,0.46807261950947593,-0.005420108420080249,lightgbm_walk_forward,5,ensemble,data_insufficient,0.043360334959130276,1.0,,,,
2025-12-11,002594,,,0.7100000000000001,0.5187302000936443,0.0020029988840027557,lightgbm_walk_forward,5,ensemble,data_insufficient,0.01999855580613752,1.0,,,,
2025-12-11,300750,,,0.5720000000000002,0.4836501323942383,0.004696257420320109,lightgbm_walk_forward,5,ensemble,data_insufficient,-0.01121173482168436,0.0,,,,
2025-12-11,600036,,,0.1320000000000001,0.4592365114757294,-5.379758200589946e-05,lightgbm_walk_forward,5,ensemble,data_insufficient,-0.0009302434821701899,0.0,,,,
2025-12-11,600519,,,0.374,0.47935551591778564,0.0001400870874436035,lightgbm_walk_forward,5,ensemble,data_insufficient,0.07286823407823118,1.0,,,,
2025-12-11,600900,,,0.15500000000000003,0.6616733670019236,0.015997602635458286,lightgbm_walk_forward,5,ensemble,data_insufficient,0.0165819475265081,1.0,,,,
2025-12-11,601318,,,0.28900000000000003,0.48472805566967536,0.00021224060899289326,lightgbm_walk_forward,5,ensemble,data_insufficient,-0.032458160275660064,0.0,,,,
2025-12-11,601888,,,0.5499999999999998,0.4321058104313936,-0.0035548725899684636,lightgbm_walk_forward,5,ensemble,data_insufficient,0.009811535162652207,1.0,,,,
2025-12-12,000001,,,0.32500000000000007,0.5406770757806953,0.00986092345944248,lightgbm_walk_forward,5,ensemble,data_insufficient,0.06859896959973755,1.0,,,,
2025-12-12,000333,,,0.7010000000000002,0.43486259599529503,-0.003253455558875397,lightgbm_walk_forward,5,ensemble,data_insufficient,-0.05488994732310337,0.0,,,,
2025-12-12,000858,,,0.281,0.47222462534353554,0.0014630447425806345,lightgbm_walk_forward,5,ensemble,data_insufficient,0.06714944831514758,1.0,,,,
2025-12-12,002594,,,0.632,0.5475110382656139,0.002382270813103531,lightgbm_walk_forward,5,ensemble,data_insufficient,0.019057905183258006,1.0,,,,
2025-12-12,300750,,,0.5600000000000002,0.5003895046907654,0.0036579687809679233,lightgbm_walk_forward,5,ensemble,data_insufficient,0.00522885934803452,1.0,,,,
2025-12-12,600036,,,0.14600000000000002,0.5081712758811803,-0.0012219428377207154,lightgbm_walk_forward,5,ensemble,data_insufficient,0.024006320752601118,1.0,,,,
2025-12-12,600519,,,0.3470000000000001,0.4870963925955235,0.0014121545370060957,lightgbm_walk_forward,5,ensemble,data_insufficient,0.04189884672370647,1.0,,,,
2025-12-12,600900,,,0.187,0.6221120248514455,0.01742186157290476,lightgbm_walk_forward,5,ensemble,data_insufficient,0.01735411250671892,1.0,,,,
2025-12-12,601318,,,0.281,0.5321406122651204,-0.002261712189220316,lightgbm_walk_forward,5,ensemble,data_insufficient,-0.016028681551349178,0.0,,,,
2025-12-12,601888,,,0.5,0.48384377416686297,-0.00011978288426961284,lightgbm_walk_forward,5,ensemble,data_insufficient,0.05372641614471174,1.0,,,,
2025-12-15,000001,,,0.33699999999999997,0.5250236111518863,0.009424129015200532,lightgbm_walk_forward,5,ensemble,data_insufficient,0.029231416783486397,1.0,,,,
2025-12-15,000333,,,0.7440000000000001,0.44476848382556944,0.001409021806709876,lightgbm_walk_forward,5,ensemble,data_insufficient,-0.017121279501905673,0.0,,,,
2025-12-15,000858,,,0.2849999999999999,0.520001601814529,-0.001857652888785846,lightgbm_walk_forward,5,ensemble,data_insufficient,0.04716078029722848,1.0,,,,
2025-12-15,002594,,,0.5920000000000001,0.5779353985996325,0.007142045940822373,lightgbm_walk_forward,5,ensemble,data_insufficient,0.03275158415278012,1.0,,,,
2025-12-15,300750,,,0.5120000000000001,0.4732908551883258,0.003249442476053536,lightgbm_walk_forward,5,ensemble,data_insufficient,0.011757665733115097,1.0,,,,
2025-12-15,600036,,,0.202,0.5046809080624173,2.4312377814829088e-05,lightgbm_walk_forward,5,ensemble,data_insufficient,0.012613891268643762,1.0,,,,
2025-12-15,600519,,,0.3890000000000001,0.45934315583139423,0.002855845268256268,lightgbm_walk_forward,5,ensemble,data_insufficient,0.031130261432227746,1.0,,,,
2025-12-15,600900,,,0.198,0.6195659726232031,0.019593695116489545,lightgbm_walk_forward,5,ensemble,data_insufficient,0.029583025182114087,1.0,,,,
2025-12-15,601318,,,0.25300000000000006,0.5000937433787408,-0.0015714654834769468,lightgbm_walk_forward,5,ensemble,data_insufficient,-0.007961895536560681,0.0,,,,
2025-12-15,601888,,,0.448,0.5086542601160564,0.0016559660015417282,lightgbm_walk_forward,5,ensemble,data_insufficient,0.056570353918573346,1.0,,,,
2025-12-16,000001,,,0.43199999999999994,0.5698825587829779,0.008089707477710524,lightgbm_walk_forward,5,ensemble,data_insufficient,0.007349448184643004,1.0,,,,
2025-12-16,000333,,,0.6410000000000001,0.3743653143337788,-0.002634617770672787,lightgbm_walk_forward,5,ensemble,data_insufficient,-0.024826589213010175,0.0,,,,
2025-12-16,000858,,,0.305,0.5359204295528464,0.006037376989421053,lightgbm_walk_forward,5,ensemble,data_insufficient,0.03293689631877328,1.0,,,,
2025-12-16,002594,,,0.573,0.586933391992307,0.008525583038955453,lightgbm_walk_forward,5,ensemble,data_insufficient,0.022270608460325247,1.0,,,,
2025-12-16,300750,,,0.6210000000000001,0.43660566528609573,0.0031828402210159834,lightgbm_walk_forward,5,ensemble,data_insufficient,0.013848653873886896,1.0,,,,
2025-12-16,600036,,,0.24800000000000005,0.46695084188703573,0.0009074164661953471,lightgbm_walk_forward,5,ensemble,data_insufficient,-0.0020494428666560927,0.0,,,,
2025-12-16,600519,,,0.253,0.46989152718311666,0.002588236727691636,lightgbm_walk_forward,5,ensemble,data_insufficient,0.026158844205286025,1.0,,,,
2025-12-16,600900,,,0.183,0.5426185757168547,0.014410141130817459,lightgbm_walk_forward,5,ensemble,data_insufficient,-0.008127731782546332,0.0,,,,
2025-12-16,601318,,,0.25500000000000006,0.4662265795405067,-0.003418017952503079,lightgbm_walk_forward,5,ensemble,data_insufficient,-0.018126907082571253,0.0,,,,
2025-12-16,601888,,,0.4490000000000001,0.4360850209362605,-0.0016916636590509626,lightgbm_walk_forward,5,ensemble,data_insufficient,0.03637450211151427,1.0,,,,
2025-12-17,000001,,,0.449,0.6143139476640406,0.010638547236777013,lightgbm_walk_forward,5,ensemble,data_insufficient,-0.019345074796739303,0.0,,,,
2025-12-17,000333,,,0.557,0.5522877585158761,0.0009028999281605415,lightgbm_walk_forward,5,ensemble,data_insufficient,-0.02274293655636861,0.0,,,,
2025-12-17,000858,,,0.3520000000000001,0.5359204295528464,0.004244831006179914,lightgbm_walk_forward,5,ensemble,data_insufficient,-0.008835544857902167,0.0,,,,
2025-12-17,002594,,,0.596,0.5251193096650566,0.010346225321440283,lightgbm_walk_forward,5,ensemble,data_insufficient,0.04256076773041251,1.0,,,,
2025-12-17,300750,,,0.5390000000000003,0.4908778055628416,0.0033999461361395636,lightgbm_walk_forward,5,ensemble,data_insufficient,0.047072952405772694,1.0,,,,
2025-12-17,600036,,,0.22300000000000003,0.4597306095451074,-0.0019906846042774375,lightgbm_walk_forward,5,ensemble,data_insufficient,0.018625885763987826,1.0,,,,
2025-12-17,600519,,,0.3840000000000001,0.5160438440595861,0.003865927033862236,lightgbm_walk_forward,5,ensemble,data_insufficient,0.0213611303837542,1.0,,,,
2025-12-17,600900,,,0.159,0.5767640249362689,0.010818657665503571,lightgbm_walk_forward,5,ensemble,data_insufficient,-0.022507234630933515,0.0,,,,
2025-12-17,601318,,,0.256,0.4825988865492583,-0.00472457965278574,lightgbm_walk_forward,5,ensemble,data_insufficient,-0.03232580478065106,0.0,,,,
2025-12-17,601888,,,0.4449999999999999,0.4163099557247618,-0.002129399404650952,lightgbm_walk_forward,5,ensemble,data_insufficient,0.05255920341704079,1.0,,,,
2025-12-18,000001,,,0.507,0.6156479162492785,0.012334321690756654,lightgbm_walk_forward,5,ensemble,data_insufficient,-0.0006249081775554499,0.0,,,,
2025-12-18,000333,,,0.49299999999999994,0.5492591969038494,0.0042245564516584025,lightgbm_walk_forward,5,ensemble,data_insufficient,0.053515004414949274,1.0,,,,
2025-12-18,000858,,,0.35800000000000004,0.5256198697182368,0.0038607296124871034,lightgbm_walk_forward,5,ensemble,data_insufficient,0.030243201009203968,1.0,,,,
2025-12-18,002594,,,0.5539999999999999,0.542400222485744,0.005280373589873111,lightgbm_walk_forward,5,ensemble,data_insufficient,0.00040023534748301337,1.0,,,,
2025-12-18,300750,,,0.48200000000000015,0.48424370538563816,0.002976882433864673,lightgbm_walk_forward,5,ensemble,data_insufficient,0.05033717462345799,1.0,,,,
2025-12-18,600036,,,0.23500000000000004,0.45551184861307265,-0.002878626425283327,lightgbm_walk_forward,5,ensemble,data_insufficient,0.018320327128744207,1.0,,,,
2025-12-18,600519,,,0.3660000000000001,0.5162324736435053,0.003865927033862236,lightgbm_walk_forward,5,ensemble,data_insufficient,0.007999158194650358,1.0,,,,
2025-12-18,600900,,,0.142,0.4907747332845562,0.005732764780204064,lightgbm_walk_forward,5,ensemble,data_insufficient,-0.04119270145219334,0.0,,,,
2025-12-18,601318,,,0.263,0.4498452138975134,-0.0042196554928185664,lightgbm_walk_forward,5,ensemble,data_insufficient,-0.05754984277529518,0.0,,,,
2025-12-18,601888,,,0.5600000000000002,0.43567606258914066,-0.0038910574237567865,lightgbm_walk_forward,5,ensemble,data_insufficient,0.06564946828893703,1.0,,,,
2025-12-19,000001,,,0.494,0.571166020480062,0.0072972674161922435,lightgbm_walk_forward,5,ensemble,data_insufficient,-0.041087090029373274,0.0,,,,
2025-12-19,000333,,,0.42500000000000016,0.5377507199661876,0.0016592685718759925,lightgbm_walk_forward,5,ensemble,data_insufficient,0.053601131334675145,1.0,,,,
2025-12-19,000858,,,0.37100000000000005,0.4542016541961124,-0.002938779234713795,lightgbm_walk_forward,5,ensemble,data_insufficient,0.007249869462123915,1.0,,,,
2025-12-19,002594,,,0.618,0.5587556501369745,-0.0003051750840180782,lightgbm_walk_forward,5,ensemble,data_insufficient,0.031956952726322374,1.0,,,,
2025-12-19,300750,,,0.43200000000000005,0.49960978552899976,0.0019441131301559578,lightgbm_walk_forward,5,ensemble,data_insufficient,0.047305460603363825,1.0,,,,
2025-12-19,600036,,,0.1770000000000001,0.44288028628914466,-0.006776128205753001,lightgbm_walk_forward,5,ensemble,data_insufficient,0.01613672962745394,1.0,,,,
2025-12-19,600519,,,0.46499999999999997,0.5306901303044241,0.004314731914388382,lightgbm_walk_forward,5,ensemble,data_insufficient,0.007102844096568139,1.0,,,,
2025-12-19,600900,,,0.21200000000000002,0.4907747332845562,-0.0010332704950129698,lightgbm_walk_forward,5,ensemble,data_insufficient,-0.03630667865714943,0.0,,,,
2025-12-19,601318,,,0.269,0.4555696880346078,-0.002045352884285575,lightgbm_walk_forward,5,ensemble,data_insufficient,-0.08202279993968709,0.0,,,,
2025-12-19,601888,,,0.49700000000000016,0.4090736132681217,-0.005888863738889363,lightgbm_walk_forward,5,ensemble,data_insufficient,0.024730406471845656,1.0,,,,
2025-12-22,000001,,,0.5710000000000001,0.652860139708383,0.013150809684268329,lightgbm_walk_forward,5,ensemble,data_insufficient,-0.020545550631521747,0.0,,,,
2025-12-22,000333,,,0.524,0.4684658214587835,0.0021232770930429833,lightgbm_walk_forward,5,ensemble,data_insufficient,0.01669893124309585,1.0,,,,
2025-12-22,000858,,,0.281,0.5140858899575782,-0.0022702392875199326,lightgbm_walk_forward,5,ensemble,data_insufficient,0.04449170259293722,1.0,,,,
2025-12-22,002594,,,0.5140000000000001,0.5292184817521067,0.005581543136557161,lightgbm_walk_forward,5,ensemble,data_insufficient,0.02054383899974699,1.0,,,,
2025-12-22,300750,,,0.4960000000000001,0.47309148007955804,-0.0004067177090028143,lightgbm_walk_forward,5,ensemble,data_insufficient,0.057812541976521414,1.0,,,,
2025-12-22,600036,,,0.187,0.426560587612435,-0.0060698510989895494,lightgbm_walk_forward,5,ensemble,data_insufficient,0.0656082621518097,1.0,,,,
2025-12-22,600519,,,0.42900000000000005,0.5340959971782755,0.005873774527984933,lightgbm_walk_forward,5,ensemble,data_insufficient,0.0019635623122002954,1.0,,,,
2025-12-22,600900,,,0.18100000000000005,0.5693993328100954,0.010396188788400557,lightgbm_walk_forward,5,ensemble,data_insufficient,-0.049411980626064,0.0,,,,
2025-12-22,601318,,,0.30800000000000005,0.4483264092473935,0.0006303721333551801,lightgbm_walk_forward,5,ensemble,data_insufficient,-0.09555622574421474,0.0,,,,
2025-12-22,601888,,,0.46900000000000014,0.41146221311924963,-0.003425088871639349,lightgbm_walk_forward,5,ensemble,data_insufficient,0.014527230519774337,1.0,,,,
2025-12-23,000001,,,0.505,0.6508111818121655,0.011661991181098457,lightgbm_walk_forward,5,ensemble,data_insufficient,-0.02935830067855172,0.0,,,,
2025-12-23,000333,,,0.47200000000000003,0.47823635791073604,0.0024290859389380303,lightgbm_walk_forward,5,ensemble,data_insufficient,0.02007401592057656,1.0,,,,
2025-12-23,000858,,,0.27800000000000014,0.39312842201279863,-0.0031859789491330173,lightgbm_walk_forward,5,ensemble,data_insufficient,0.010401455954004435,1.0,,,,
2025-12-23,002594,,,0.549,0.41916815528502777,-0.002771922654548301,lightgbm_walk_forward,5,ensemble,data_insufficient,0.0401664761468028,1.0,,,,
2025-12-23,300750,,,0.5660000000000002,0.47006182988038614,-0.0008148698688667295,lightgbm_walk_forward,5,ensemble,data_insufficient,0.006785049761525164,1.0,,,,
2025-12-23,600036,,,0.22700000000000004,0.42201578163332193,-0.00591031077274826,lightgbm_walk_forward,5,ensemble,data_insufficient,0.022512012114323854,1.0,,,,
2025-12-23,600519,,,0.37199999999999994,0.4957141371376228,0.0034136714708715914,lightgbm_walk_forward,5,ensemble,data_insufficient,0.015070366744782682,1.0,,,,
2025-12-23,600900,,,0.20600000000000007,0.6334491443661107,0.017478150067523193,lightgbm_walk_forward,5,ensemble,data_insufficient,-0.028765876770858068,0.0,,,,
2025-12-23,601318,,,0.263,0.4576032567221564,0.0016581749839753674,lightgbm_walk_forward,5,ensemble,data_insufficient,-0.08777541608208927,0.0,,,,
2025-12-23,601888,,,0.522,0.41393559254280604,-0.001081448379686527,lightgbm_walk_forward,5,ensemble,data_insufficient,-0.03145013809028907,0.0,,,,
2025-12-24,000001,,,0.5130000000000001,0.6578955651894417,0.01320395130555247,lightgbm_walk_forward,5,ensemble,data_insufficient,0.004992015609358136,1.0,,,,
2025-12-24,000333,,,0.3620000000000001,0.5362854189087342,0.004529423954362647,lightgbm_walk_forward,5,ensemble,data_insufficient,0.060576484447000034,1.0,,,,
2025-12-24,000858,,,0.42299999999999993,0.5372768448086863,-0.006173990310573741,lightgbm_walk_forward,5,ensemble,data_insufficient,0.01948742393429681,1.0,,,,
2025-12-24,002594,,,0.4920000000000001,0.5043690314526384,-0.0010230694163674992,lightgbm_walk_forward,5,ensemble,data_insufficient,0.04255697259799551,1.0,,,,
2025-12-24,300750,,,0.41200000000000003,0.45623731904774234,0.001037262756978912,lightgbm_walk_forward,5,ensemble,data_insufficient,0.03788138824847875,1.0,,,,
2025-12-24,600036,,,0.20600000000000002,0.4126567745745429,-0.00919610688521012,lightgbm_walk_forward,5,ensemble,data_insufficient,-0.005261571591953729,0.0,,,,
2025-12-24,600519,,,0.4380000000000001,0.49430346030220357,0.002189822011757195,lightgbm_walk_forward,5,ensemble,data_insufficient,-0.028740278722565016,0.0,,,,
2025-12-24,600900,,,0.263,0.6320656530086901,0.014796801112379559,lightgbm_walk_forward,5,ensemble,data_insufficient,-0.05474635379340653,0.0,,,,
2025-12-24,601318,,,0.38999999999999996,0.49725240031226,0.004880492708999402,lightgbm_walk_forward,5,ensemble,data_insufficient,-0.04683489941159247,0.0,,,,
2025-12-24,601888,,,0.461,0.41994656071347025,-0.001081448379686527,lightgbm_walk_forward,5,ensemble,data_insufficient,-0.027704262823107118,0.0,,,,
2025-11-13,000001,,,0.17700000000000005,0.6014799247187917,0.008131195069895875,lightgbm_walk_forward,20,ensemble,data_insufficient,,,-0.044468640889681166,0.0,,
2025-11-13,000333,,,0.363,0.6616993520291063,0.011345273213793323,lightgbm_walk_forward,20,ensemble,data_insufficient,,,0.11550553343490777,1.0,,
2025-11-13,000858,,,0.4170000000000001,0.5130534842176878,0.02473202900562302,lightgbm_walk_forward,20,ensemble,data_insufficient,,,0.025389866738495748,1.0,,
2025-11-13,002594,,,0.5070000000000001,0.4456688569132959,0.025121922501723046,lightgbm_walk_forward,20,ensemble,data_insufficient,,,0.062333637311241086,1.0,,
2025-11-13,300750,,,0.652,0.48218284318067567,0.001377216860377462,lightgbm_walk_forward,20,ensemble,data_insufficient,,,0.08686973555920363,1.0,,
2025-11-13,600036,,,0.31000000000000005,0.4432421156409368,0.0030080241740973426,lightgbm_walk_forward,20,ensemble,data_insufficient,,,-0.07077122638033051,0.0,,
2025-11-13,600519,,,0.633,0.504313036356063,-0.006087402278425886,lightgbm_walk_forward,20,ensemble,data_insufficient,,,0.026150120369520247,1.0,,
2025-11-13,600900,,,0.16499999999999998,0.4006696418455266,-0.024164616388185827,lightgbm_walk_forward,20,ensemble,data_insufficient,,,-0.18694628349222975,0.0,,
2025-11-13,601318,,,0.4260000000000001,0.5620285947751698,0.009101083550322615,lightgbm_walk_forward,20,ensemble,data_insufficient,,,-0.0373086209039184,0.0,,
2025-11-13,601888,,,0.30999999999999994,0.2963932199608508,-0.0324899179937933,lightgbm_walk_forward,20,ensemble,data_insufficient,,,0.12849997007577008,1.0,,
2025-11-14,000001,,,0.21900000000000008,0.6519732180478406,-0.019588527886898983,lightgbm_walk_forward,20,ensemble,data_insufficient,,,-0.042957158034114484,0.0,,
2025-11-14,000333,,,0.3320000000000001,0.5659311021431587,0.021836179562822255,lightgbm_walk_forward,20,ensemble,data_insufficient,,,0.10606362723952256,1.0,,
2025-11-14,000858,,,0.38600000000000007,0.5472761214842949,0.025233503352367882,lightgbm_walk_forward,20,ensemble,data_insufficient,,,-0.0018549908232928791,0.0,,
2025-11-14,002594,,,0.5430000000000001,0.430853747206767,0.030393844774845958,lightgbm_walk_forward,20,ensemble,data_insufficient,,,0.06121021753217715,1.0,,
2025-11-14,300750,,,0.647,0.4801849265462559,0.002005615606959946,lightgbm_walk_forward,20,ensemble,data_insufficient,,,0.07849763547950617,1.0,,
2025-11-14,600036,,,0.44300000000000006,0.5163903730430798,-0.006191069668188924,lightgbm_walk_forward,20,ensemble,data_insufficient,,,-0.08444025417029155,0.0,,
2025-11-14,600519,,,0.5670000000000002,0.38755199171649823,-0.013977746049425489,lightgbm_walk_forward,20,ensemble,data_insufficient,,,0.07551034414917446,1.0,,
2025-11-14,600900,,,0.15099999999999997,0.46285239484006474,-0.0003685830118271568,lightgbm_walk_forward,20,ensemble,data_insufficient,,,-0.14788132550688726,0.0,,
2025-11-14,601318,,,0.36899999999999994,0.5909375014214485,0.012874464785272604,lightgbm_walk_forward,20,ensemble,data_insufficient,,,-0.0650592564116127,0.0,,
2025-11-14,601888,,,0.303,0.31078766249145046,-0.03147416252268135,lightgbm_walk_forward,20,ensemble,data_insufficient,,,0.11438116071083448,1.0,,
2025-11-17,000001,,,0.20400000000000007,0.663900340114554,0.010446653633097705,lightgbm_walk_forward,20,ensemble,data_insufficient,,,0.0019337419684204438,1.0,,
2025-11-17,000333,,,0.38200000000000023,0.5790090231536799,0.021836179562822255,lightgbm_walk_forward,20,ensemble,data_insufficient,,,0.0778256746609991,1.0,,
2025-11-17,000858,,,0.35300000000000004,0.5002117985415474,0.02066793617312164,lightgbm_walk_forward,20,ensemble,data_insufficient,,,-0.0060151347018819745,0.0,,
2025-11-17,002594,,,0.6160000000000001,0.4092330680983278,0.029098908898809967,lightgbm_walk_forward,20,ensemble,data_insufficient,,,0.03906062614755701,1.0,,
2025-11-17,300750,,,0.6759999999999999,0.5687891053783262,0.010259776891518177,lightgbm_walk_forward,20,ensemble,data_insufficient,,,0.06652597213313394,1.0,,
2025-11-17,600036,,,0.40100000000000013,0.49044097868061515,0.009947779399893957,lightgbm_walk_forward,20,ensemble,data_insufficient,,,-0.07777507768286662,0.0,,
2025-11-17,600519,,,0.508,0.5909420149615329,0.0040613048073810465,lightgbm_walk_forward,20,ensemble,data_insufficient,,,0.06903245188536711,1.0,,
2025-11-17,600900,,,0.1840000000000001,0.37168491213076355,-0.01870589550994655,lightgbm_walk_forward,20,ensemble,data_insufficient,,,-0.15699746863833253,0.0,,
2025-11-17,601318,,,0.34900000000000003,0.6201563117489204,0.012334121002913456,lightgbm_walk_forward,20,ensemble,data_insufficient,,,-0.07257547827513489,0.0,,
2025-11-17,601888,,,0.28699999999999987,0.28017769329293557,-0.029209299701828766,lightgbm_walk_forward,20,ensemble,data_insufficient,,,0.08265598115635919,1.0,,
2025-11-18,000001,,,0.16200000000000006,0.4702645529881203,0.029192695141545207,lightgbm_walk_forward,20,ensemble,data_insufficient,,,0.05351476999156146,1.0,,
2025-11-18,000333,,,0.36499999999999994,0.6100034553362088,0.019881281669740066,lightgbm_walk_forward,20,ensemble,data_insufficient,,,0.09026268172705199,1.0,,
2025-11-18,000858,,,0.293,0.47395410660539183,0.016472466982307993,lightgbm_walk_forward,20,ensemble,data_insufficient,,,0.024223134105881172,1.0,,
2025-11-18,002594,,,0.6350000000000002,0.4798132122582338,0.03255191768650636,lightgbm_walk_forward,20,ensemble,data_insufficient,,,0.043376237600468937,1.0,,
2025-11-18,300750,,,0.7419999999999999,0.41143725677320936,0.0036550542365320626,lightgbm_walk_forward,20,ensemble,data_insufficient,,,0.11276886922531593,1.0,,
2025-11-18,600036,,,0.3880000000000002,0.4679721557541235,0.013270386908182493,lightgbm_walk_forward,20,ensemble,data_insufficient,,,-0.06202423267716384,0.0,,
2025-11-18,600519,,,0.536,0.5421879061724584,0.0040613048073810465,lightgbm_walk_forward,20,ensemble,data_insufficient,,,0.05146857606092459,1.0,,
2025-11-18,600900,,,0.20500000000000002,0.5120816916885242,-0.008015977073630642,lightgbm_walk_forward,20,ensemble,data_insufficient,,,-0.1314391373771414,0.0,,
2025-11-18,601318,,,0.285,0.5911186127629008,0.013469407198044842,lightgbm_walk_forward,20,ensemble,data_insufficient,,,-0.07573238093852763,0.0,,
2025-11-18,601888,,,0.349,0.24488973666891442,-0.031326115953795045,lightgbm_walk_forward,20,ensemble,data_insufficient,,,0.08277813627837549,1.0,,
2025-11-19,000001,,,0.14900000000000005,0.6140046918605664,0.02490692375372087,lightgbm_walk_forward,20,ensemble,data_insufficient,,,0.08456340408208018,1.0,,
2025-11-19,000333,,,0.3519999999999999,0.5774805318863849,0.014870741835915592,lightgbm_walk_forward,20,ensemble,data_insufficient,,,0.03506731134992558,1.0,,
2025-11-19,000858,,,0.306,0.5577229362014763,0.009505061848939317,lightgbm_walk_forward,20,ensemble,data_insufficient,,,0.02173353084239671,1.0,,
2025-11-19,002594,,,0.6620000000000001,0.42391625849644443,0.03277891637883385,lightgbm_walk_forward,20,ensemble,data_insufficient,,,0.023181060222696948,1.0,,
2025-11-19,300750,,,0.669,0.5657462365801024,0.01511625528085787,lightgbm_walk_forward,20,ensemble,data_insufficient,,,0.053511492116880444,1.0,,
2025-11-19,600036,,,0.41100000000000014,0.47223323723862415,0.0035797949156254165,lightgbm_walk_forward,20,ensemble,data_insufficient,,,-0.05830394920263027,0.0,,
2025-11-19,600519,,,0.5980000000000001,0.5735356487586561,0.0017869575256735566,lightgbm_walk_forward,20,ensemble,data_insufficient,,,0.05201838335899822,1.0,,
2025-11-19,600900,,,0.21000000000000002,0.589529432214762,0.003432459037468985,lightgbm_walk_forward,20,ensemble,data_insufficient,,,-0.10050125390303055,0.0,,
2025-11-19,601318,,,0.25100000000000006,0.6130084701223135,0.008956488171262331,lightgbm_walk_forward,20,ensemble,data_insufficient,,,-0.10910354127944932,0.0,,
2025-11-19,601888,,,0.35200000000000004,0.2867233905302397,-0.028243809971128225,lightgbm_walk_forward,20,ensemble,data_insufficient,,,0.04998250959495909,1.0,,
2025-11-20,000001,,,0.20400000000000007,0.5877893577003291,0.034179555265483476,lightgbm_walk_forward,20,ensemble,data_insufficient,,,0.0883585854668536,1.0,,
2025-11-20,000333,,,0.29700000000000004,0.5455895681572519,0.014028222304390018,lightgbm_walk_forward,20,ensemble,data_insufficient,,,0.022798986311353353,1.0,,
2025-11-20,000858,,,0.35700000000000015,0.5323820313888941,0.007153003934997233,lightgbm_walk_forward,20,ensemble,data_insufficient,,,0.015545882166121405,1.0,,
2025-11-20,002594,,,0.605,0.47171725683240623,0.030092296406839136,lightgbm_walk_forward,20,ensemble,data_insufficient,,,0.053368011784339364,1.0,,
2025-11-20,300750,,,0.7090000000000001,0.3267945590156903,0.0034125869194863785,lightgbm_walk_forward,20,ensemble,data_insufficient,,,0.05350514313043386,1.0,,
2025-11-20,600036,,,0.41400000000000015,0.46639097535363166,0.007588552677959676,lightgbm_walk_forward,20,ensemble,data_insufficient,,,-0.03942978431173638,0.0,,
2025-11-20,600519,,,0.5429999999999999,0.5952849838960855,0.000343631963610745,lightgbm_walk_forward,20,ensemble,data_insufficient,,,0.06218141927015064,1.0,,
2025-11-20,600900,,,0.24300000000000005,0.5457731497808217,-0.011150177597529896,lightgbm_walk_forward,20,ensemble,data_insufficient,,,-0.1218563510468168,0.0,,
2025-11-20,601318,,,0.27599999999999997,0.5787139549186312,0.02309852188233173,lightgbm_walk_forward,20,ensemble,data_insufficient,,,-0.07024434304604432,0.0,,
2025-11-20,601888,,,0.312,0.27344487493019476,-0.02647920323819399,lightgbm_walk_forward,20,ensemble,data_insufficient,,,0.0667779260918715,1.0,,
2025-11-21,000001,,,0.18900000000000006,0.5904142004076111,0.06161266288316034,lightgbm_walk_forward,20,ensemble,data_insufficient,,,0.10974517999175615,1.0,,
2025-11-21,000333,,,0.39500000000000013,0.6245152132363395,0.015968008822150125,lightgbm_walk_forward,20,ensemble,data_insufficient,,,0.021846824179425184,1.0,,
2025-11-21,000858,,,0.253,0.40671372245081666,0.018113408397566196,lightgbm_walk_forward,20,ensemble,data_insufficient,,,0.04745728440569885,1.0,,
2025-11-21,002594,,,0.618,0.4875792605821373,0.030016369638474944,lightgbm_walk_forward,20,ensemble,data_insufficient,,,0.051519552588248585,1.0,,
2025-11-21,300750,,,0.6350000000000001,0.4273536818899849,-0.0040752892511070615,lightgbm_walk_forward,20,ensemble,data_insufficient,,,0.030578601462990074,1.0,,
2025-11-21,600036,,,0.3400000000000001,0.4369809270751699,0.006388969591503767,lightgbm_walk_forward,20,ensemble,data_insufficient,,,-0.07643422098174424,0.0,,
2025-11-21,600519,,,0.573,0.5182510429319414,0.006228447313481014,lightgbm_walk_forward,20,ensemble,data_insufficient,,,0.06840509564672548,1.0,,
2025-11-21,600900,,,0.25900000000000006,0.6759682517726856,0.018382825260251714,lightgbm_walk_forward,20,ensemble,data_insufficient,,,-0.08617605706512843,0.0,,
2025-11-21,601318,,,0.337,0.5521118832431386,0.025268721989953776,lightgbm_walk_forward,20,ensemble,data_insufficient,,,-0.08472017169663615,0.0,,
2025-11-21,601888,,,0.361,0.37293515992604576,-0.029376244378246628,lightgbm_walk_forward,20,ensemble,data_insufficient,,,0.08839076318259376,1.0,,
2025-11-24,000001,,,0.22100000000000003,0.5788296015481686,0.03678167937862939,lightgbm_walk_forward,20,ensemble,data_insufficient,,,0.08559240405593527,1.0,,
2025-11-24,000333,,,0.39,0.633713455016239,0.014726889698013744,lightgbm_walk_forward,20,ensemble,data_insufficient,,,0.04054981328052887,1.0,,
2025-11-24,000858,,,0.2430000000000001,0.4426895384025369,0.006472661640604644,lightgbm_walk_forward,20,ensemble,data_insufficient,,,0.017693780292221017,1.0,,
2025-11-24,002594,,,0.67,0.5191987653128026,0.03569649136770885,lightgbm_walk_forward,20,ensemble,data_insufficient,,,0.055762401128288674,1.0,,
2025-11-24,300750,,,0.7100000000000001,0.4255200109609112,-0.003647228024986817,lightgbm_walk_forward,20,ensemble,data_insufficient,,,0.06209781057065267,1.0,,
2025-11-24,600036,,,0.28200000000000003,0.4369809270751699,0.010186990122315952,lightgbm_walk_forward,20,ensemble,data_insufficient,,,-0.0825504819492262,0.0,,
2025-11-24,600519,,,0.54,0.5966808326313671,0.012460487758115625,lightgbm_walk_forward,20,ensemble,data_insufficient,,,0.078209615710094,1.0,,
2025-11-24,600900,,,0.18100000000000005,0.6118645677726717,0.012899201791571727,lightgbm_walk_forward,20,ensemble,data_insufficient,,,-0.10119859901133077,0.0,,
2025-11-24,601318,,,0.39199999999999996,0.5177847840062769,0.0220783576431834,lightgbm_walk_forward,20,ensemble,data_insufficient,,,-0.07351527892430043,0.0,,
2025-11-24,601888,,,0.3309999999999999,0.2510975111066641,-0.02937568297811616,lightgbm_walk_forward,20,ensemble,data_insufficient,,,0.10253295314827438,1.0,,
2025-11-25,000001,,,0.196,0.5595131984743983,0.03854588651268085,lightgbm_walk_forward,20,ensemble,data_insufficient,,,0.08399168034626525,1.0,,
2025-11-25,000333,,,0.447,0.6090007287667136,0.021761042480373107,lightgbm_walk_forward,20,ensemble,data_insufficient,,,-0.00025582681911240357,0.0,,
2025-11-25,000858,,,0.248,0.4044332573400061,0.012175973913130949,lightgbm_walk_forward,20,ensemble,data_insufficient,,,0.047846162384680646,1.0,,
2025-11-25,002594,,,0.6090000000000001,0.3934246827069176,0.03367265532396941,lightgbm_walk_forward,20,ensemble,data_insufficient,,,0.05325440872698106,1.0,,
2025-11-25,300750,,,0.5660000000000001,0.511501699376662,-0.0033873903416107697,lightgbm_walk_forward,20,ensemble,data_insufficient,,,0.09526131180243169,1.0,,
2025-11-25,600036,,,0.32000000000000006,0.43783937924660155,0.013883729993955719,lightgbm_walk_forward,20,ensemble,data_insufficient,,,-0.0708389528392046,0.0,,
2025-11-25,600519,,,0.384,0.5228907016850989,0.0032304134987952036,lightgbm_walk_forward,20,ensemble,data_insufficient,,,0.09246211827311024,1.0,,
2025-11-25,600900,,,0.26,0.607896593828094,0.007266980012045934,lightgbm_walk_forward,20,ensemble,data_insufficient,,,-0.11361998579285537,0.0,,
2025-11-25,601318,,,0.47999999999999987,0.6552947596186113,0.0398966002313211,lightgbm_walk_forward,20,ensemble,data_insufficient,,,-0.07111938948455776,0.0,,
2025-11-25,601888,,,0.45,0.34881846670265754,-0.02396198015089931,lightgbm_walk_forward,20,ensemble,data_insufficient,,,0.09941254386735232,1.0,,
2025-11-26,000001,,,0.16600000000000004,0.5798217254057093,0.02456389012392693,lightgbm_walk_forward,20,ensemble,data_insufficient,,,0.07807670757152851,1.0,,
2025-11-26,000333,,,0.42700000000000016,0.59896349187755,0.022489225643431764,lightgbm_walk_forward,20,ensemble,data_insufficient,,,-0.05594279311248462,0.0,,
2025-11-26,000858,,,0.2790000000000001,0.39339093966623967,0.012570489571171597,lightgbm_walk_forward,20,ensemble,data_insufficient,,,0.05816087149298843,1.0,,
2025-11-26,002594,,,0.68,0.47258737969158676,0.03687485908066345,lightgbm_walk_forward,20,ensemble,data_insufficient,,,0.0342827643863548,1.0,,
2025-11-26,300750,,,0.56,0.4897065533865305,-0.003731012427945093,lightgbm_walk_forward,20,ensemble,data_insufficient,,,0.0708951728823286,1.0,,
2025-11-26,600036,,,0.3190000000000001,0.3775317718160379,0.0055762077967502705,lightgbm_walk_forward,20,ensemble,data_insufficient,,,-0.010135379116457788,0.0,,
2025-11-26,600519,,,0.45600000000000007,0.42183513724848476,0.01008277183993104,lightgbm_walk_forward,20,ensemble,data_insufficient,,,0.10466615786524591,1.0,,
2025-11-26,600900,,,0.23500000000000004,0.7787218491737559,0.021198280344741208,lightgbm_walk_forward,20,ensemble,data_insufficient,,,-0.07318666602853285,0.0,,
2025-11-26,601318,,,0.372,0.5651539710777039,0.014387803002319578,lightgbm_walk_forward,20,ensemble,data_insufficient,,,-0.14683351280078905,0.0,,
2025-11-26,601888,,,0.466,0.3575540743052998,-0.024273260583768632,lightgbm_walk_forward,20,ensemble,data_insufficient,,,0.1080967509119084,1.0,,
2025-11-27,000001,,,0.135,0.5441284889749982,0.01126967134008912,lightgbm_walk_forward,20,ensemble,data_insufficient,,,0.06447296379928047,1.0,,
2025-11-27,000333,,,0.44200000000000006,0.622502725637463,0.03598770679724708,lightgbm_walk_forward,20,ensemble,data_insufficient,,,-0.007737356378997751,0.0,,
2025-11-27,000858,,,0.19600000000000006,0.4938388459928398,0.014838061070741457,lightgbm_walk_forward,20,ensemble,data_insufficient,,,0.14317498846567878,1.0,,
2025-11-27,002594,,,0.659,0.48541002738039185,0.03956636796538137,lightgbm_walk_forward,20,ensemble,data_insufficient,,,0.015974534421887343,1.0,,
2025-11-27,300750,,,0.661,0.5940387627601036,0.004457903682798503,lightgbm_walk_forward,20,ensemble,data_insufficient,,,0.04626612262206997,1.0,,
2025-11-27,600036,,,0.35500000000000015,0.38445393066330535,0.007864555840794775,lightgbm_walk_forward,20,ensemble,data_insufficient,,,-0.011312505287559449,0.0,,
2025-11-27,600519,,,0.4730000000000001,0.5064542225912961,0.0052747427856786365,lightgbm_walk_forward,20,ensemble,data_insufficient,,,0.08245718696737381,1.0,,
2025-11-27,600900,,,0.183,0.7842288344024096,0.05131358849738992,lightgbm_walk_forward,20,ensemble,data_insufficient,,,-0.08867136036481116,0.0,,
2025-11-27,601318,,,0.4079999999999999,0.6014873782334846,0.014555831324848155,lightgbm_walk_forward,20,ensemble,data_insufficient,,,-0.13878791515929845,0.0,,
2025-11-27,601888,,,0.448,0.31335654589387296,-0.028199746132061294,lightgbm_walk_forward,20,ensemble,data_insufficient,,,0.12484522208329185,1.0,,
2025-11-28,000001,,,0.14300000000000002,0.5660671710249636,0.03571460689951661,lightgbm_walk_forward,20,ensemble,data_insufficient,,,0.02371259688718541,1.0,,
2025-11-28,000333,,,0.49500000000000005,0.6408807134016096,0.03615014322418983,lightgbm_walk_forward,20,ensemble,data_insufficient,,,-0.024484818468551883,0.0,,
2025-11-28,000858,,,0.2830000000000001,0.4173295994624393,0.013952431642779817,lightgbm_walk_forward,20,ensemble,data_insufficient,,,0.10643650198373922,1.0,,
2025-11-28,002594,,,0.588,0.4037338575861079,0.03559896086273418,lightgbm_walk_forward,20,ensemble,data_insufficient,,,0.025875978463524518,1.0,,
2025-11-28,300750,,,0.667,0.6079139682039886,0.006305254909255062,lightgbm_walk_forward,20,ensemble,data_insufficient,,,0.05596704913876205,1.0,,
2025-11-28,600036,,,0.356,0.4106458429945233,0.014909354546570767,lightgbm_walk_forward,20,ensemble,data_insufficient,,,-0.03690010926948828,0.0,,
2025-11-28,600519,,,0.443,0.46658509339550797,0.010381097615378235,lightgbm_walk_forward,20,ensemble,data_insufficient,,,0.08307191377976064,1.0,,
2025-11-28,600900,,,0.181,0.7381817535307087,0.046752560518773786,lightgbm_walk_forward,20,ensemble,data_insufficient,,,-0.061109681865573195,0.0,,
2025-11-28,601318,,,0.38399999999999995,0.6770829170015439,0.01224585042247723,lightgbm_walk_forward,20,ensemble,data_insufficient,,,-0.13810404907676543,0.0,,
2025-11-28,601888,,,0.42,0.33645364624503626,-0.02917493627070081,lightgbm_walk_forward,20,ensemble,data_insufficient,,,0.09295658151881225,1.0,,
2025-12-01,000001,,,0.09800000000000003,0.6203056349882102,0.033340392131260284,lightgbm_walk_forward,20,ensemble,data_insufficient,,,0.04922620356854468,1.0,,
2025-12-01,000333,,,0.4500000000000001,0.653411696217573,0.044142850113043364,lightgbm_walk_forward,20,ensemble,data_insufficient,,,-0.037349792878557886,0.0,,
2025-12-01,000858,,,0.306,0.3977195457017904,0.0202675153980035,lightgbm_walk_forward,20,ensemble,data_insufficient,,,0.14036573268214458,1.0,,
2025-12-01,002594,,,0.5619999999999999,0.49615623737679676,0.03452310417271091,lightgbm_walk_forward,20,ensemble,data_insufficient,,,0.020848165040695532,1.0,,
2025-12-01,300750,,,0.556,0.6097067133221451,0.003785184693402898,lightgbm_walk_forward,20,ensemble,data_insufficient,,,0.05390735648967526,1.0,,
2025-12-01,600036,,,0.332,0.369715309777934,0.01976430259823953,lightgbm_walk_forward,20,ensemble,data_insufficient,,,0.00445032282081792,1.0,,
2025-12-01,600519,,,0.559,0.5671908180293505,0.010176716481276138,lightgbm_walk_forward,20,ensemble,data_insufficient,,,0.06762197121091873,1.0,,
2025-12-01,600900,,,0.197,0.7308582168204604,0.04579425153574677,lightgbm_walk_forward,20,ensemble,data_insufficient,,,-0.08776475477342893,0.0,,
2025-12-01,601318,,,0.3719999999999999,0.6134253605866169,0.010970587185772412,lightgbm_walk_forward,20,ensemble,data_insufficient,,,-0.14386862710271386,0.0,,
2025-12-01,601888,,,0.528,0.2634103952565886,-0.032104184500671894,lightgbm_walk_forward,20,ensemble,data_insufficient,,,0.08216446697566449,1.0,,
2025-12-02,000001,,,0.05199999999999998,0.6416986338284881,0.009100282390529565,lightgbm_walk_forward,20,ensemble,data_insufficient,,,0.014813540423219917,1.0,,
2025-12-02,000333,,,0.41200000000000003,0.5715543330296029,0.053221580218265306,lightgbm_walk_forward,20,ensemble,data_insufficient,,,-0.03248111741424997,0.0,,
2025-12-02,000858,,,0.36500000000000005,0.40863815673845755,0.017377701041199213,lightgbm_walk_forward,20,ensemble,data_insufficient,,,0.10082982918570393,1.0,,
2025-12-02,002594,,,0.6150000000000001,0.4551263136778916,0.02961695582428645,lightgbm_walk_forward,20,ensemble,data_insufficient,,,0.058670120524660474,1.0,,
2025-12-02,300750,,,0.6140000000000001,0.5996438863131587,0.006645786683433042,lightgbm_walk_forward,20,ensemble,data_insufficient,,,0.025494706439676884,1.0,,
2025-12-02,600036,,,0.25399999999999995,0.29100156498049234,0.005301180474633204,lightgbm_walk_forward,20,ensemble,data_insufficient,,,-0.045857995056800216,0.0,,
2025-12-02,600519,,,0.5589999999999999,0.4914162670638133,-0.004966353488721218,lightgbm_walk_forward,20,ensemble,data_insufficient,,,0.0938923320651246,1.0,,
2025-12-02,600900,,,0.22000000000000003,0.729908120240775,0.05046288018988015,lightgbm_walk_forward,20,ensemble,data_insufficient,,,-0.07516403449446696,0.0,,
2025-12-02,601318,,,0.356,0.5968310627526272,0.009984044858036365,lightgbm_walk_forward,20,ensemble,data_insufficient,,,-0.1393776015965309,0.0,,
2025-12-02,601888,,,0.5130000000000001,0.3184243257390148,-0.0309692532217858,lightgbm_walk_forward,20,ensemble,data_insufficient,,,0.056438947686894725,1.0,,
2025-12-03,000001,,,0.060999999999999985,0.5997053879160509,0.0060080644181467815,lightgbm_walk_forward,20,ensemble,data_insufficient,,,0.06890892162743256,1.0,,
2025-12-03,000333,,,0.389,0.5796207029709727,0.051821109418336404,lightgbm_walk_forward,20,ensemble,data_insufficient,,,-0.02709961328183319,0.0,,
2025-12-03,000858,,,0.39100000000000007,0.38933037455586844,0.017377701041199213,lightgbm_walk_forward,20,ensemble,data_insufficient,,,0.07611622232699689,1.0,,
2025-12-03,002594,,,0.561,0.4788383099463544,0.03386154133617234,lightgbm_walk_forward,20,ensemble,data_insufficient,,,0.0993784093247263,1.0,,
2025-12-03,300750,,,0.5930000000000001,0.5695307054462057,0.0007789303867582052,lightgbm_walk_forward,20,ensemble,data_insufficient,,,0.05710985933895607,1.0,,
2025-12-03,600036,,,0.17400000000000004,0.3306288621274737,0.012270023914413642,lightgbm_walk_forward,20,ensemble,data_insufficient,,,-0.06904758886060935,0.0,,
2025-12-03,600519,,,0.5320000000000001,0.5491434446542013,0.005567293295343971,lightgbm_walk_forward,20,ensemble,data_insufficient,,,0.040469497815688094,1.0,,
2025-12-03,600900,,,0.22599999999999998,0.729908120240775,0.047469187271332355,lightgbm_walk_forward,20,ensemble,data_insufficient,,,-0.09790959128519261,0.0,,
2025-12-03,601318,,,0.406,0.5804136682328487,0.0110354181186926,lightgbm_walk_forward,20,ensemble,data_insufficient,,,-0.10363685691715463,0.0,,
2025-12-03,601888,,,0.627,0.2588764594064169,-0.03312970258100127,lightgbm_walk_forward,20,ensemble,data_insufficient,,,0.038666956534554764,1.0,,
2025-10-08,000001,,,0.20800000000000007,0.1617668104319092,-0.12095121497110409,lightgbm_walk_forward,60,ensemble,data_insufficient,,,,,-0.18774508539157886,0.0
2025-10-08,000333,,,0.21799999999999997,0.47114167033452975,-0.03375851460911104,lightgbm_walk_forward,60,ensemble,data_insufficient,,,,,0.20455170699556224,1.0
2025-10-08,000858,,,0.6160000000000002,0.63873071922329,0.06495021623336557,lightgbm_walk_forward,60,ensemble,data_insufficient,,,,,0.13762994030035314,1.0
2025-10-08,002594,,,0.5440000000000003,0.7048857248075703,0.07523262331506167,lightgbm_walk_forward,60,ensemble,data_insufficient,,,,,0.322205745254168,1.0
2025-10-08,300750,,,0.315,0.34469132824958376,0.03139027444085701,lightgbm_walk_forward,60,ensemble,data_insufficient,,,,,0.2353100949513054,1.0
2025-10-08,600036,,,0.28600000000000003,0.5581876757501973,0.02770834221607501,lightgbm_walk_forward,60,ensemble,data_insufficient,,,,,-0.0662920775720518,0.0
2025-10-08,600519,,,0.41400000000000003,0.7034037475218513,0.09158036336881356,lightgbm_walk_forward,60,ensemble,data_insufficient,,,,,0.10935593582163428,1.0
2025-10-08,600900,,,0.43000000000000005,0.2566288993680848,-0.09411494769121448,lightgbm_walk_forward,60,ensemble,data_insufficient,,,,,-0.24657586137203813,0.0
2025-10-08,601318,,,0.598,0.5019031353272426,0.02572046723917231,lightgbm_walk_forward,60,ensemble,data_insufficient,,,,,-0.23255897477849374,0.0
2025-10-08,601888,,,0.331,0.22034503214172707,-0.0872164543624842,lightgbm_walk_forward,60,ensemble,data_insufficient,,,,,0.10609476478558877,1.0
